elapsed_s,relative_heading_deg,centered_heading_deg,longitudinal_delta_v_m_s,lateral_delta_v_m_s
0.0,0.0,0.0,0.0,0.0
0.05,0.004435000000000001,-0.0004700000000000003,-0.091765727375,-0.055701772
0.1,0.0082625,-0.0015475000000000007,-0.1585735305,-0.09863038237499999
0.15,0.0123425,-0.002372500000000001,-0.20753323062499998,-0.14195125874999998
0.2,0.01667,-0.0029500000000000012,-0.25168767225,-0.19539750125
0.25,0.0215225,-0.0030025000000000013,-0.302755802125,-0.26183755499999994
0.3,0.027334999999999998,-0.002095000000000002,-0.37027458737499996,-0.3421785351249999
0.35,0.0329125,-0.0014225000000000023,-0.4642958442499999,-0.4378424058749999
0.4,0.037935,-0.0013050000000000028,-0.580234963875,-0.53833605175
0.45,0.042910000000000004,-0.0012350000000000032,-0.6909765589999999,-0.621766126625
0.5,0.047470000000000005,-0.0015800000000000037,-0.7747988998749998,-0.682959622625
0.55,0.051542500000000005,-0.002412500000000005,-0.8464855113749999,-0.745427983125
0.6,0.0546675,-0.004192500000000003,-0.9321956323749998,-0.8233173007499999
0.65,0.05757,-0.006195000000000004,-1.020283866,-0.897283958375
0.7,0.0613175,-0.007352500000000003,-1.1017526108749998,-0.9660530914999998
0.75,0.0651325,-0.008442500000000004,-1.1921699238749999,-1.044996624
0.8,0.06913,-0.009350000000000004,-1.280356224,-1.118154233
0.85,0.07368499999999999,-0.009700000000000004,-1.3514789531249998,-1.17949482875
0.9,0.07778249999999999,-0.010507500000000005,-1.4261320762499998,-1.2530937370000002
0.95,0.08067749999999999,-0.012517500000000003,-1.5254979573749996,-1.34856147475
1.0,0.08321999999999999,-0.014880000000000004,-1.6441093891249996,-1.456017842125
1.05,0.08630499999999999,-0.016700000000000007,-1.7667415473749997,-1.5654845727500002
1.1,0.08996749999999999,-0.017942500000000007,-1.8826806669999998,-1.6715680091250003
1.15,0.09426749999999998,-0.018547500000000005,-1.9859937247499995,-1.7716203557499999
1.2,0.09846249999999998,-0.019257500000000007,-2.0698896154999997,-1.862111218625
1.25,0.10186749999999999,-0.02075750000000001,-2.132039259875,-1.940025052875
1.3,0.10525249999999998,-0.02227750000000001,-2.17957699575,-2.004650876375
1.35,0.10998749999999999,-0.02244750000000001,-2.228487662625,-2.058587451375
1.4,0.11625999999999996,-0.021080000000000015,-2.2976245451249997,-2.110979479
1.45,0.12241749999999997,-0.019827500000000015,-2.39571556175,-2.1771743665
1.5,0.12774749999999999,-0.019402500000000013,-2.504986159375,-2.2596237763750002
1.55,0.1327325,-0.019322500000000013,-2.594667973625,-2.33971959025
1.6,0.13727250000000002,-0.019687500000000014,-2.675621869375,-2.411038452375
1.65,0.141105,-0.02076000000000001,-2.7653036836249996,-2.48319087975
1.7,0.144595,-0.022175000000000014,-2.8512834874999995,-2.556569138375
1.75,0.14880000000000002,-0.022875000000000013,-2.9354245444999996,-2.62950609775
1.8,0.1542475,-0.022332500000000012,-3.022973412375,-2.7028598397500003
1.85,0.15986250000000002,-0.021622500000000013,-3.10993388125,-2.7754780830000003
1.9,0.16493750000000001,-0.021452500000000013,-3.1962078846249997,-2.847655027
1.95,0.17031500000000002,-0.020980000000000013,-3.2820405887499997,-2.92056746975
2.0,0.17577750000000003,-0.020422500000000014,-3.3687558913749998,-2.99480381025
2.05,0.1802775,-0.020827500000000013,-3.4565499254999996,-3.0698246827499998
2.1,0.18378750000000002,-0.02222250000000002,-3.5442213765,-3.14415908975
2.15,0.187165,-0.023750000000000014,-3.6313289451249995,-3.217831547875
2.2,0.1907125,-0.025107500000000022,-3.720520426875,-3.2913569062500003
2.25,0.1947725,-0.02595250000000002,-3.8106925736249995,-3.3657403465
2.3,0.19940249999999998,-0.02622750000000002,-3.8986091908749994,-3.438775372375
2.35,0.2037875,-0.026747500000000025,-3.9854961098749997,-3.5108787665000003
2.4,0.2078225,-0.02761750000000002,-4.073265627374999,-3.584330575
2.45,0.2118875,-0.028457500000000024,-4.162506142374999,-3.6584443323750007
2.5,0.21628,-0.028970000000000024,-4.2531931382499994,-3.7340045706250002
2.55,0.22041499999999997,-0.02974000000000002,-4.3458169474999995,-3.8111583895
2.6,0.2238,-0.03126000000000003,-4.4389801225,-3.8897096560000004
2.65,0.22767749999999998,-0.032287500000000025,-4.531285215625,-3.968089306125
2.7,0.2327225,-0.03214750000000002,-4.6237374085,-4.0458315240000005
2.75,0.2377075,-0.03206750000000003,-4.715552169125,-4.1220291945000005
2.8,0.24171249999999997,-0.032967500000000025,-4.80648433125,-4.196878450625
2.85,0.245225,-0.03436000000000003,-4.89856877475,-4.272365139000001
2.9,0.24864499999999998,-0.03584500000000002,-4.9911435507499995,-4.349420891375
2.95,0.2523125,-0.03708250000000003,-5.082664111875,-4.42716310925
3.0,0.25619,-0.038110000000000026,-5.17295884175,-4.503483362875
3.05,0.26022999999999996,-0.038975000000000024,-5.263400671375,-4.578994567875
3.1,0.26422999999999996,-0.03988000000000003,-5.3553380151250005,-4.655535471125001
3.15,0.26753499999999997,-0.041480000000000024,-5.448844422875,-4.732958972875
3.2,0.271215,-0.04270500000000003,-5.5426450301250005,-4.8109953902500004
3.25,0.27590749999999997,-0.042917500000000025,-5.634974639875,-4.888688574875
3.3,0.28007999999999994,-0.04365000000000002,-5.724852587125,-4.9654010945
3.35,0.28236249999999996,-0.046272500000000036,-5.81352921975,-5.041917481125
3.4,0.28317,-0.05037000000000002,-5.901617453375,-5.118311284624999
3.45,0.28274,-0.055705000000000046,-5.99073538525,-5.194705088125
3.5,0.2804125,-0.06293750000000002,-6.080981081875,-5.273231837999999
3.55,0.278355,-0.06989999999999999,-6.179586947624999,-5.3581083937499985
3.6,0.2783025,-0.07485750000000002,-6.286430399375,-5.448133440749999
3.65,0.27934,-0.078725,-6.384227216499999,-5.532348047624998
3.7,0.28090499999999996,-0.08206500000000003,-6.4797439875,-5.610752214374998
3.75,0.2825425,-0.08533250000000002,-6.595168257999999,-5.699036580999998
3.8,0.28366749999999996,-0.08911250000000001,-6.729151613624999,-5.801099290874998
3.85,0.28301999999999994,-0.09466500000000004,-6.8681363607499994,-5.908335008624999
3.9,0.27897749999999993,-0.10361250000000001,-7.007145624499999,-6.017532056374998
3.95,0.2719374999999999,-0.11555750000000008,-7.1413986629999995,-6.126704587499999
4.0,0.26414999999999994,-0.12825000000000003,-7.260402360749999,-6.229159563374998
4.05,0.25728749999999995,-0.1400175,-7.357144962999999,-6.320018175624998
4.1,0.25180749999999996,-0.15040249999999994,-7.436014945624999,-6.398054592999998
4.15,0.2468374999999999,-0.16027750000000007,-7.50841253925,-6.466578559874999
4.2,0.24237999999999993,-0.16964000000000004,-7.58539474175,-6.533435396249999
4.25,0.23815499999999995,-0.17877,-7.673850724749999,-6.604165859374999
4.3,0.23421749999999997,-0.1876125,-7.7712062426249995,-6.677740250999999
4.35,0.22899499999999998,-0.19773999999999994,-7.865202982874999,-6.749892678374998
4.4,0.2219824999999999,-0.2096575000000001,-7.955326096375001,-6.826261965249999
4.45,0.21590749999999992,-0.22063750000000007,-8.048930570625,-6.908858474874998
4.5,0.20998999999999993,-0.23146000000000003,-8.145231873624999,-6.991749183999998
4.55,0.20322499999999996,-0.24312999999999999,-8.246313918499999,-7.078513519874997
4.6,0.195155,-0.2561049999999999,-8.351441206499999,-7.168563083499997
4.65,0.18601499999999987,-0.2701500000000001,-8.45602912875,-7.2554745191249985
4.7,0.1775874999999999,-0.2834825000000001,-8.557895705625,-7.337090363749998
4.75,0.16930249999999994,-0.29667250000000006,-8.656918354,-7.415420980624997
4.8,0.16022999999999998,-0.31065,-8.7556713195,-7.493702564249997
4.85,0.15292,-0.32286499999999996,-8.856630781249999,-7.574705493249996
4.9,0.1463599999999999,-0.3343300000000001,-8.9608264375,-7.660366580999997
4.95,0.13608749999999994,-0.3495075000000001,-9.06580662575,-7.747400599749997
5.0,0.12406999999999999,-0.36643000000000003,-9.167844818999999,-7.831566173374997
5.05,0.11383000000000003,-0.381575,-9.265617119499998,-7.913034918249997
5.1,0.10562500000000005,-0.39468499999999995,-9.365301716749999,-7.995876594124996
5.15,0.09835249999999995,-0.4068625000000001,-9.469693506,-8.081709298249997
5.2,0.08906249999999999,-0.4210575000000001,-9.574943377125,-8.168351050999997
5.25,0.07705000000000004,-0.437975,-9.677962235375,-8.254134721874996
5.3,0.06491000000000008,-0.4550199999999999,-9.77776941575,-8.338398361999996
5.35,0.05414750000000012,-0.47068749999999987,-9.879341793125,-8.422465869124995
5.4,0.043564999999999965,-0.4861750000000001,-9.983880682125003,-8.505969493874996
5.45,0.03153750000000001,-0.5031075,-10.086924057000003,-8.587045972749996
5.5,0.01998500000000005,-0.5195649999999999,-10.185578956000002,-8.666406287874995
5.55,0.012512500000000079,-0.5319424999999999,-10.280727977625002,-8.744442705249995
5.6,0.005652500000000104,-0.5437074999999998,-10.371733689625001,-8.818507429374995
5.65,-0.004467500000000041,-0.5587325,-10.458669641875003,-8.890292107374995
5.7,-0.0157625,-0.5749325,-10.545237844750003,-8.962616151124994
5.75,-0.02644499999999996,-0.5905199999999999,-10.632835745875003,-9.034866644999994
5.8,-0.037302499999999926,-0.6062824999999998,-10.719477498625002,-9.106577773124993
5.85,-0.04994499999999988,-0.6238299999999998,-10.803937271750002,-9.177725018874993
5.9,-0.06435250000000009,-0.6431425000000001,-10.884596968000002,-9.246959967874993
5.95,-0.07784500000000004,-0.66154,-10.959912040000003,-9.312615489624992
6.0,-0.0891725,-0.6777725,-11.033290298625003,-9.378074878374992
6.05,-0.09911249999999996,-0.6926175,-11.108507304125002,-9.444416865624992
6.1,-0.10712249999999994,-0.7055324999999999,-11.182424928500001,-9.507498141749993
6.15,-0.11618250000000006,-0.7194975000000001,-11.253572174250003,-9.568593571249995
6.2,-0.12664500000000004,-0.7348650000000001,-11.324155537625003,-9.632704545624994
6.25,-0.13381500000000002,-0.74694,-11.393145320375003,-9.694559990499995
6.3,-0.13974,-0.75777,-11.462061553250003,-9.746412652374994
6.35,-0.14670499999999997,-0.76964,-11.533772681375002,-9.796426567374994
6.4,-0.1544975000000001,-0.7823375000000001,-11.605655425875003,-9.853893536374994
6.45,-0.16480750000000005,-0.7975525000000001,-11.678273669125003,-9.915577364874993
6.5,-0.1755275,-0.8131775000000001,-11.755599104375003,-9.978290891624994
6.55,-0.18481999999999998,-0.8273750000000001,-11.831649675125004,-10.044240612874994
6.6,-0.19380499999999995,-0.841265,-11.905297616625003,-10.111048415999994
6.65,-0.20222750000000006,-0.8545925000000002,-11.980955921375005,-10.176630387874996
6.7,-0.20808250000000003,-0.8653525000000002,-12.058281356625004,-10.243413674374995
6.75,-0.21173000000000003,-0.8739050000000002,-12.138279104000004,-10.311569891874996
6.8,-0.21495750000000002,-0.8820375000000001,-12.220458831000004,-10.379848692499996
6.85,-0.21921500000000002,-0.8912000000000001,-12.301952092500004,-10.447465544249996
6.9,-0.22417750000000009,-0.9010675000000002,-12.381974356500006,-10.514543030249996
6.95,-0.22749750000000007,-0.9092925000000002,-12.461212088500005,-10.581228250249996
7.0,-0.22887000000000007,-0.9155700000000001,-12.540278204125006,-10.648085086624995
7.05,-0.22986250000000008,-0.9214675000000001,-12.620766284000005,-10.716167754249994
7.1,-0.23137750000000007,-0.9278875000000001,-12.703828609500006,-10.786187235249994
7.15,-0.2339975000000001,-0.9354125000000002,-12.789244531000007,-10.856549948999994
7.2,-0.2374075000000001,-0.9437275000000002,-12.873924953750006,-10.928040427499994
7.25,-0.2409525000000001,-0.9521775000000001,-12.956055647500005,-10.999138639999993
7.3,-0.24329250000000008,-0.9594225000000001,-13.040270254375004,-11.065603210374993
7.35,-0.2405625000000001,-0.9615975000000001,-13.130761117250003,-11.132018747499993
7.4,-0.23483,-0.9607700000000001,-13.226228855000004,-11.204906673624993
7.45,-0.23307750000000002,-0.9639225000000001,-13.322505641375004,-11.282109525749993
7.5,-0.23658500000000002,-0.9723350000000001,-13.416232698750004,-11.359042694999992
7.55,-0.2407775,-0.9814325,-13.508586825125004,-11.434946165999992
7.6,-0.2415875,-0.9871475000000001,-13.603122931125004,-11.513472915874992
7.65,-0.23804999999999996,-0.988515,-13.698345502625004,-11.594083578874994
7.7,-0.23273249999999998,-0.9881025,-13.799599163875005,-11.678175602624993
7.75,-0.22694,-0.987215,-13.915219567375004,-11.773054941374992
7.8,-0.21543250000000005,-0.9806125,-14.035669746000003,-11.870753691999992
7.85,-0.19492500000000013,-0.96501,-14.142758364000002,-11.957616094374991
7.9,-0.16634249999999973,-0.9413324999999997,-14.236509938000003,-12.038766123124992
7.95,-0.12898999999999985,-0.9088849999999998,-14.343157256750002,-12.13276286337499
8.0,-0.08526,-0.87006,-14.470717256625003,-12.23970438162499
8.05,-0.03695249999999931,-0.8266574999999994,-14.596757225750004,-12.345763301374992
8.1,0.019682499999999485,-0.7749275000000004,-14.709239501250002,-12.44637953037499
8.15,0.08468750000000042,-0.7148274999999996,-14.813140958000004,-12.540670470124992
8.2,0.15400249999999893,-0.650417500000001,-14.910815192000001,-12.62650317424999
8.25,0.22769499999999998,-0.58163,-15.006356479625003,-12.70875645112499
8.3,0.3067550000000011,-0.5074749999999989,-15.116338059375005,-12.799713129874991
8.35,0.3869849999999994,-0.4321500000000005,-15.242353511875002,-12.90072162487499
8.4,0.4644725000000005,-0.3595674999999995,-15.362386907875004,-13.001215270749992
8.45,0.5410099999999989,-0.28793500000000105,-15.472098804750003,-13.09697720799999
8.5,0.6180325,-0.21581750000000005,-15.581737151750005,-13.188399702624992
8.55,0.6940350000000011,-0.14471999999999904,-15.685957324625006,-13.271780744249993
8.6,0.7655899999999995,-0.07807000000000047,-15.775197839625005,-13.344889319999991
8.65,0.8310375000000005,-0.017527499999999613,-15.846271535500005,-13.405371833874993
8.7,0.8919224999999993,0.03845249999999919,-15.893098289250004,-13.445235866124992
8.75,0.9491300000000001,0.09075499999999992,-15.917737497375004,-13.462691703124992
8.8,1.000262500000001,0.13698250000000056,-15.928426745875004,-13.468232460374992
8.85,1.0443075,0.17612249999999974,-15.929480960750004,-13.469899590874991
8.9,1.0811125000000004,0.2080225000000002,-15.924798285375005,-13.468256976999992
8.95,1.1096524999999997,0.23165749999999968,-15.916438116250005,-13.464358833624992
9.0,1.1328875,0.24998749999999995,-15.908445696500005,-13.460730373124992
9.05,1.1512300000000004,0.26342500000000013,-15.904817236000005,-13.460117457499992
9.1,1.1652600000000002,0.27254999999999996,-15.905479184875006,-13.464309800374991
9.15,1.1771550000000004,0.27954000000000007,-15.911142525250005,-13.473797734249992
9.2,1.1892975000000001,0.2867774999999999,-15.940783124875004,-13.502138952749991
9.25,1.2023575000000004,0.29493250000000004,-16.011072288750004,-13.560292387249993
9.3,1.2115200000000006,0.2991900000000001,-16.102911566000007,-13.635950691999994
9.35,1.2158500000000005,0.29861500000000013,-16.199188352375003,-13.718007835874992
9.4,1.2192150000000006,0.2970750000000001,-16.305345338625006,-13.804110222874993
9.45,1.2226375000000005,0.29559250000000015,-16.419837977375003,-13.890555842624991
9.5,1.2264600000000005,0.2945100000000001,-16.520380656500006,-13.969916157749992
9.55,1.2318600000000006,0.29500500000000013,-16.602217150750008,-14.040107255124994
9.6,1.2379850000000006,0.2962250000000001,-16.691138949625007,-14.113019697874993
9.65,1.2429350000000006,0.29627000000000014,-16.780894313750007,-14.189021235374994
9.7,1.2466850000000005,0.2951150000000002,-16.855130654250004,-14.255681938749992
9.75,1.2503550000000005,0.29388000000000014,-16.935716800625006,-14.318370948874993
9.8,1.2547525000000006,0.29337250000000015,-17.04307510150001,-14.394127320124994
9.85,1.2603350000000004,0.29405000000000014,-17.165020794250005,-14.485794980999993
9.9,1.2658500000000006,0.29466000000000014,-17.280150865250008,-14.582733716249994
9.95,1.2704275000000005,0.29433250000000016,-17.378339948375004,-14.675749791499992
10.0,1.2741175000000005,0.29311750000000014,-17.459857726500005,-14.761656045499993
10.05,1.2764975000000005,0.2905925000000001,-17.527572644750006,-14.839153097124994
10.1,1.2792000000000006,0.28839000000000015,-17.582416334875003,-14.906279616374992
10.15,1.2838450000000006,0.28813000000000016,-17.629635354625,-14.962937536749992
10.2,1.2890725000000005,0.28845250000000017,-17.677982139125,-15.011357871124991
10.25,1.2931600000000005,0.28763500000000014,-17.73312002875,-15.055169079999992
10.3,1.2951725000000005,0.2847425000000001,-17.797941985250002,-15.099249971749993
10.35,1.2965400000000005,0.2812050000000002,-17.876910034375,-15.150514234624993
10.4,1.3003550000000006,0.28011500000000017,-17.976349465375,-15.216267822874993
10.45,1.3052600000000005,0.28011500000000017,-18.096480927875,-15.298202383624991
10.5,1.3095975000000006,0.27954750000000017,-18.229042319250002,-15.391708791374992
10.55,1.3141975000000008,0.27924250000000017,-18.365869603375003,-15.491515971749994
10.6,1.3186725000000008,0.2788125000000002,-18.500809107375,-15.594730962999991
10.65,1.322927500000001,0.2781625000000002,-18.627952324625003,-15.698264670374993
10.7,1.326945000000001,0.2772750000000002,-18.74222431375,-15.79736086862499
10.75,1.330617500000001,0.2760425000000002,-18.838378517000002,-15.887680115124992
10.8,1.334742500000001,0.2752625000000002,-18.916365901125005,-15.968879177124993
10.85,1.3394625000000009,0.2750775000000002,-18.986164732500004,-16.046400745374992
10.9,1.344522500000001,0.2752325000000002,-19.058832009000007,-16.125613960749995
10.95,1.349995000000001,0.2758000000000002,-19.135814211500005,-16.206469789999993
11.0,1.355642500000001,0.27654250000000025,-19.215297109750008,-16.287987568124993
11.05,1.360915000000001,0.27691000000000027,-19.30470924112501,-16.374972553624996
11.1,1.365497500000001,0.27658750000000026,-19.413342406500007,-16.472450654624993
11.15,1.369550000000001,0.27573500000000023,-19.53977464162501,-16.578068275124995
11.2,1.3737950000000008,0.27507500000000024,-19.675278028000005,-16.685328509499993
11.25,1.3791850000000008,0.27556000000000025,-19.812816294250005,-16.790308697749992
11.3,1.385017500000001,0.2764875000000003,-19.94981519475001,-16.892861740124992
11.35,1.3899925000000009,0.2765575000000003,-20.084141783125006,-16.99239923762499
11.4,1.394337500000001,0.2759975000000003,-20.212657931375006,-17.086199844874994
11.45,1.3983175000000008,0.27507250000000033,-20.334750723875004,-17.173699679499993
11.5,1.402202500000001,0.2740525000000003,-20.452626656875005,-17.257718153374995
11.55,1.406325000000001,0.2732700000000003,-20.569448375000007,-17.341834693749995
11.6,1.411135000000001,0.2731750000000003,-20.689947586875004,-17.430266160124994
11.65,1.416955000000001,0.2740900000000003,-20.817605653250006,-17.525831964374994
11.7,1.422660000000001,0.27489000000000025,-20.951123193000004,-17.62813984049999
11.75,1.427915000000001,0.27524000000000026,-21.082507786375007,-17.731845164249993
11.8,1.434015000000001,0.27643500000000026,-21.20178116700001,-17.830107797249994
11.85,1.4417975000000007,0.2793125000000002,-21.306344572625008,-17.92057414349999
11.9,1.4502750000000009,0.2828850000000002,-21.39891934862501,-18.003832601999992
11.95,1.4572750000000008,0.2849800000000002,-21.48095197587501,-18.080692221374992
12.0,1.4620550000000008,0.2848550000000002,-21.55271213725001,-18.151618817499994
12.05,1.4663075000000008,0.2842025000000002,-21.61598954637501,-18.217274339249993
12.1,1.4715350000000007,0.2845250000000002,-21.673358448875007,-18.278369768749993
12.15,1.4777500000000008,0.28583500000000023,-21.727147924125006,-18.336229003749995
12.2,1.4833875000000007,0.2865675000000002,-21.781918064375006,-18.394014688874993
12.25,1.487207500000001,0.2854825000000002,-21.840561831375005,-18.454178486624993
12.3,1.4909800000000009,0.28435000000000016,-21.901534677750007,-18.516548780624994
12.35,1.4950550000000007,0.28352000000000016,-21.963954005000005,-18.580169422499992
12.4,1.4978475000000007,0.28140750000000014,-22.027010764500005,-18.644084263874994
12.45,1.5005400000000007,0.2791950000000002,-22.086806812875004,-18.706111325124994
12.5,1.5050900000000007,0.2788400000000002,-22.140375638500004,-18.764068626624994
12.55,1.5110800000000009,0.2799250000000002,-22.193257998625004,-18.820775580249993
12.6,1.5163700000000007,0.28031000000000017,-22.255015377000003,-18.883342007249993
12.65,1.5201025000000008,0.27913750000000015,-22.332953727875005,-18.957578347749994
12.7,1.5243325000000008,0.27846250000000017,-22.429451163875,-19.044563333249993
12.75,1.5302250000000008,0.2794500000000002,-22.539530810125,-19.140938186124995
12.8,1.5368350000000008,0.2811550000000002,-22.657872559,-19.242976379374998
12.85,1.5433800000000006,0.2827950000000002,-22.782784763375,-19.348814649499996
12.9,1.5500500000000008,0.2845600000000002,-22.913262241625,-19.457325231749998
12.95,1.5566625000000007,0.2862675000000002,-23.049182410624997,-19.567674560874995
13.0,1.5618700000000008,0.28657000000000016,-23.18895168975,-19.678342606124996
13.05,1.5653400000000008,0.28513500000000014,-23.327151904875002,-19.7873680375
13.1,1.5684925000000007,0.28338250000000015,-23.456060319125,-19.892004992999997
13.15,1.5720650000000007,0.28205000000000013,-23.568150328625002,-19.988036613124997
13.2,1.5750850000000007,0.28016500000000016,-23.655723713125,-20.070142790249996
13.25,1.5774525000000008,0.27762750000000014,-23.71684365925,-20.135871861874996
13.3,1.580165000000001,0.2754350000000001,-23.7643568785,-20.188361955999998
13.35,1.583515000000001,0.2738800000000001,-23.8155475915,-20.233423512749997
13.4,1.587747500000001,0.2732075000000001,-23.877893368875,-20.277798603999997
13.45,1.592915000000001,0.2734700000000001,-23.949432880625,-20.325458922999996
13.5,1.5983600000000011,0.2740100000000001,-24.020800776,-20.373045692124997
13.55,1.603205000000001,0.2739500000000001,-24.083391719625002,-20.416538184874998
13.6,1.6071225000000011,0.2729625000000001,-24.136249563125002,-20.457064166
13.65,1.610367500000001,0.27130250000000006,-24.18079627075,-20.496658515375
13.7,1.613277500000001,0.2693075000000001,-24.219704154625,-20.53693933025
13.75,1.616297500000001,0.26742250000000006,-24.2564545755,-20.579181475125
13.8,1.619530000000001,0.26575000000000004,-24.293891461875003,-20.624954014
13.85,1.622917500000001,0.2642325000000001,-24.332578696125,-20.674943412375
13.9,1.626112500000001,0.26252250000000005,-24.370898181,-20.726820590875
13.95,1.6291250000000008,0.2606300000000001,-24.40875185,-20.77759452125
14.0,1.6325075000000009,0.25910750000000005,-24.447512634125,-20.8270690705
14.05,1.635545000000001,0.25724,-24.487719899125,-20.878039133875
14.1,1.6384150000000008,0.25520500000000007,-24.530182693625,-20.93283379075
14.15,1.642477500000001,0.25436250000000005,-24.581250823500003,-20.994664719
14.2,1.6479475000000008,0.25492750000000003,-24.651049654875003,-21.069244292249998
14.25,1.654777500000001,0.25685250000000004,-24.740535336125003,-21.15686671
14.3,1.661895000000001,0.25906500000000005,-24.837547621250003,-21.249564069125
14.35,1.6684150000000009,0.26068,-24.928896566000002,-21.339147816875
14.4,1.675010000000001,0.26237000000000005,-25.009335612625005,-21.422308208875
14.45,1.6819825000000008,0.2644375,-25.078742178000002,-21.498947178624995
14.5,1.688865000000001,0.266415,-25.14439769975,-21.573159002499995
14.55,1.695170000000001,0.267815,-25.220178587625004,-21.652838033749997
14.6,1.7000425000000008,0.26778250000000003,-25.314861793375,-21.743304379999994
14.65,1.7039550000000008,0.26679,-25.427147935875002,-21.844018675499996
14.7,1.7077025000000008,0.26563250000000005,-25.550809792375,-21.951254393249993
14.75,1.710380000000001,0.263405,-25.680698871625,-22.061677272249995
14.8,1.712290000000001,0.26041,-25.814118344875002,-22.173350499124997
14.85,1.7144225000000008,0.2576375,-25.947979117375,-22.284435326999994
14.9,1.7170275000000008,0.2553375,-26.07897144475,-22.393779474499993
14.95,1.7207425000000007,0.2541475,-26.206972743874996,-22.50189779074999
15.0,1.7256000000000007,0.25410000000000005,-26.334287577499996,-22.61013869012499
15.05,1.7310800000000008,0.25467500000000004,-26.46226436,-22.718918955249993
15.1,1.7366650000000008,0.255355,-26.587519797124997,-22.82563982387499
15.15,1.7411575000000008,0.2549425,-26.707357060125,-22.929050948124992
15.2,1.7442725000000008,0.25315250000000006,-26.820378701374995,-23.02937297762499
15.25,1.747747500000001,0.2517225,-26.920651697624997,-23.123590367499993
15.3,1.752315000000001,0.251385,-27.002782391375,-23.207927557499996
15.35,1.7570050000000008,0.25117,-27.067457248125,-23.281477432499994
15.4,1.761325000000001,0.250585,-27.120118958625,-23.346618105124996
15.45,1.765900000000001,0.250255,-27.166332796749998,-23.406781902874997
15.5,1.770542500000001,0.2499925,-27.208574941625,-23.463513373124997
15.55,1.774090000000001,0.248635,-27.248095741125,-23.516812515874996
15.6,1.776592500000001,0.24623250000000005,-27.286439742625,-23.567831612499994
15.65,1.779610000000001,0.24434500000000003,-27.325396659749998,-23.618997808874994
15.7,1.7843650000000009,0.24419500000000005,-27.366952339124996,-23.67239501812499
15.75,1.789687500000001,0.24461250000000007,-27.411499046749995,-23.729003905249993
15.8,1.794327500000001,0.24434750000000005,-27.458301283874995,-23.788996086624994
15.85,1.7984375000000008,0.24355250000000006,-27.505863536374996,-23.850802498249994
15.9,1.8028000000000008,0.24301000000000006,-27.555289052374995,-23.913687641374995
15.95,1.8072750000000009,0.24258000000000007,-27.613516036749996,-23.982162574999993
16.0,1.812030000000001,0.24243000000000006,-27.686967845249995,-24.060836424624995
16.05,1.817922500000001,0.24341750000000006,-27.778954222249997,-24.150714371874997
16.1,1.824817500000001,0.24540750000000008,-27.887121571749997,-24.249884119999997
16.15,1.8320900000000007,0.24777499999999994,-28.001221944499992,-24.35231457924999
16.2,1.8382300000000007,0.24900999999999995,-28.106913114874995,-24.449326864374992
16.25,1.8425675000000008,0.24844249999999996,-28.190784488999995,-24.533811154124994
16.3,1.846587500000001,0.24755749999999993,-28.251217969624996,-24.603217719499995
16.35,1.851022500000001,0.24708749999999993,-28.301231884624997,-24.659287240874995
16.4,1.8555350000000006,0.24669499999999994,-28.36222924762499,-24.710600536999994
16.45,1.8601275000000006,0.24638249999999995,-28.449165199874994,-24.770004319374994
16.5,1.8640350000000006,0.24538499999999994,-28.561279725999995,-24.845245841499995
16.55,1.8679275000000006,0.2443724999999999,-28.690261690125,-24.935981870624996
16.6,1.8724625000000006,0.2440024999999999,-28.827015424375002,-25.037235531874998
16.65,1.8770700000000002,0.24370499999999992,-28.965755005249996,-25.14420156674999
16.7,1.8816400000000002,0.24336999999999992,-29.10510750175,-25.253374097874993
16.75,1.8854575000000002,0.2422824999999999,-29.245563246375,-25.362350495999994
16.8,1.8876400000000002,0.23955999999999986,-29.387416438625003,-25.471302377499995
16.85,1.8891600000000002,0.2361749999999998,-29.528460582250005,-25.580720074874996
16.9,1.8914600000000001,0.23356999999999994,-29.666685314,-25.69013777224999
16.95,1.8953275000000003,0.23253249999999992,-29.80412551375,-25.80007031874999
17.0,1.9011525000000005,0.23345249999999992,-29.943478010250004,-25.910468681124993
17.05,1.9071500000000006,0.23454499999999995,-30.083982788125006,-26.018807646999996
17.1,1.9118875000000006,0.23437749999999993,-30.219878440500008,-26.118761927124996
17.15,1.9161675000000005,0.23375249999999997,-30.340524752125,-26.20160360299999
17.2,1.9204025000000005,0.23308249999999997,-30.43449697575,-26.262772582374993
17.25,1.9244875000000006,0.23226249999999996,-30.499367965500003,-26.307687039374994
17.3,1.9286125000000007,0.23148249999999995,-30.543792090000004,-26.347600104874996
17.35,1.932450000000001,0.23041499999999993,-30.579169579875003,-26.390504198624996
17.4,1.9358575000000007,0.22891750000000002,-30.617317448375,-26.441940077874992
17.45,1.9393925000000007,0.2275475,-30.672675987625002,-26.508772397624995
17.5,1.9436375000000008,0.2268875,-30.752894384625,-26.592300538999996
17.55,1.9479475000000008,0.22629249999999998,-30.850911851375002,-26.686150179499997
17.6,1.950977500000001,0.22441749999999996,-30.949223517625004,-26.780808868624998
17.65,1.953142500000001,0.2216775000000001,-31.03182002725,-26.867867403999995
17.7,1.9562525000000008,0.2198825000000001,-31.0954161525,-26.944874123124997
17.75,1.960700000000001,0.2194250000000001,-31.146459765750002,-27.013275506874997
17.8,1.966575000000001,0.22039500000000012,-31.190418074375003,-27.075204501625
17.85,1.9729825000000012,0.22189750000000014,-31.228271743375004,-27.131200473125
17.9,1.9785175000000008,0.2225275000000001,-31.263232450625,-27.182146019874995
17.95,1.982885000000001,0.2219900000000001,-31.298266707750003,-27.231424436124996
18.0,1.986855000000001,0.22105500000000008,-31.334036463625004,-27.282958381874998
18.05,1.990975000000001,0.22027000000000008,-31.375396010000006,-27.340351801
18.1,1.995427500000001,0.21981750000000008,-31.433573961125006,-27.409366100375003
18.15,2.000177500000001,0.2196625000000001,-31.518426000250003,-27.494340722624997
18.2,2.004517500000001,0.21909750000000008,-31.627426915000004,-27.592824005249998
18.25,2.008987500000001,0.21866250000000007,-31.752584285625005,-27.698760341875
18.3,2.014215000000001,0.21898500000000007,-31.888455421375006,-27.806437358875
18.35,2.019587500000001,0.21945250000000008,-32.02569948812501,-27.907494887125004
18.4,2.023720000000001,0.21868000000000012,-32.15075879225,-27.992714675625
18.45,2.026700000000001,0.2167550000000001,-32.2573080445,-28.061802524875
18.5,2.0296700000000008,0.21482000000000007,-32.348975705375004,-28.121353407
18.55,2.033652500000001,0.21389750000000005,-32.43017476737501,-28.175608698125
18.6,2.039317500000001,0.21465750000000006,-32.50659308750001,-28.227485876625
18.65,2.0454775000000005,0.21591249999999998,-32.586639868125005,-28.281643101249998
18.7,2.0506150000000005,0.21614499999999998,-32.67465455187501,-28.34018880175
18.75,2.055230000000001,0.21585499999999996,-32.76992615662501,-28.402338446125
18.8,2.0603575000000007,0.21607749999999998,-32.87208693300001,-28.469072699375
18.85,2.065117500000001,0.21593249999999997,-32.98341692712501,-28.543309039875002
18.9,2.0682800000000006,0.21419000000000007,-33.10585295237501,-28.626444915249998
18.95,2.0708600000000006,0.21186500000000005,-33.23716399587501,-28.716690611875
19.0,2.074890000000001,0.21099000000000004,-33.37352546412501,-28.812403515875
19.05,2.080097500000001,0.21129250000000005,-33.512044395375014,-28.914196542875004
19.1,2.0846975000000008,0.21098750000000005,-33.648798129625014,-29.020010296375006
19.15,2.0887525000000005,0.2101375000000001,-33.782904068375004,-29.12736859725
19.2,2.0925800000000003,0.20906000000000008,-33.917868089,-29.236099829125003
19.25,2.0959600000000003,0.20753500000000005,-34.055430871875004,-29.345493009875003
19.3,2.0996950000000005,0.20636500000000005,-34.191743306875004,-29.453537776250005
19.35,2.1041325000000004,0.20589750000000004,-34.32224530175001,-29.559155396750008
19.4,2.10813,0.2049900000000001,-34.44649555725,-29.662860720500003
19.45,2.1110825,0.20303750000000007,-34.562728876375004,-29.763256299875003
19.5,2.1138125000000003,0.20086250000000003,-34.66437480362501,-29.857007873875006
19.55,2.1168750000000003,0.19902,-34.74677518025001,-29.94134506387501
19.6,2.1194050000000004,0.19664499999999996,-34.80892482462501,-30.01369362425001
19.65,2.1213025000000005,0.19363750000000013,-34.858276790750004,-30.073391606125007
19.7,2.1239600000000007,0.1913900000000001,-34.91263014837501,-30.125244268000007
19.75,2.1281825000000008,0.19070750000000009,-34.98313996187501,-30.176680147250007
19.8,2.1330400000000007,0.19066000000000008,-35.067942967750014,-30.23255353562501
19.85,2.136745000000001,0.18946000000000007,-35.162086807750015,-30.29350186537501
19.9,2.1394125000000006,0.1872225000000002,-35.26608633100001,-30.360824517625005
19.95,2.1428500000000006,0.1857550000000002,-35.38396226400001,-30.438100919625008
20.0,2.1471475000000004,0.1851475000000002,-35.515126207750015,-30.527611117500008
20.05,2.1509675000000006,0.18406250000000018,-35.65273802387502,-30.62673183237501
20.1,2.154785000000001,0.18297500000000017,-35.78831496012502,-30.729677140750013
20.15,2.1589325000000006,0.1822175000000002,-35.91467364537501,-30.831568234250007
20.2,2.1639425000000005,0.1823225000000002,-36.024336509000015,-30.926839839000007
20.25,2.1697325000000007,0.18320750000000022,-36.111615694000015,-31.011471228500007
20.3,2.1747175000000007,0.18328750000000021,-36.18146355862502,-31.08722759975001
20.35,2.178452500000001,0.1821175000000002,-36.24819781187502,-31.161390390375008
20.4,2.181285000000001,0.18004500000000032,-36.32547421387502,-31.242197186375
20.45,2.184365000000001,0.1782200000000003,-36.42192261662502,-31.334428729625003
20.5,2.188737500000001,0.17768750000000028,-36.53918563400002,-31.437766304000004
20.55,2.1943150000000013,0.1783600000000003,-36.671820575250024,-31.547551750750007
20.6,2.1991475000000014,0.1782875000000003,-36.811785987375025,-31.658366895750007
20.65,2.2032100000000012,0.17744500000000035,-36.95305078062502,-31.767392327125002
20.7,2.2081075000000014,0.17743750000000036,-37.09090776300002,-31.874824177875002
20.75,2.2132725000000013,0.17769750000000037,-37.21753613112502,-31.978333368625005
20.8,2.2179075000000013,0.17742750000000038,-37.32004014025002,-32.070172645875004
20.85,2.2222825000000013,0.17689750000000037,-37.390500920500024,-32.144408986375005
20.9,2.227502500000001,0.17721250000000036,-37.438774155125024,-32.202513387625004
20.95,2.233227500000001,0.17803250000000037,-37.48253633075002,-32.250565972625004
21.0,2.238257500000001,0.17815750000000038,-37.53424189287502,-32.295995278750006
21.05,2.242070000000001,0.17706500000000036,-37.59994644787503,-32.34556789450001
21.1,2.244785000000001,0.17487500000000034,-37.68021387812503,-32.40185806550001
21.15,2.247565000000001,0.17275000000000046,-37.774725467500026,-32.464694175375
21.2,2.251692500000001,0.17197250000000044,-37.88303991675003,-32.535007855875
21.25,2.2574100000000015,0.17278500000000047,-38.00368622837503,-32.614784953625005
21.3,2.2640525000000014,0.1745225000000005,-38.13382047387503,-32.704295151500006
21.35,2.2701675000000012,0.1757325000000005,-38.26956902650004,-32.80054742125001
21.4,2.274835000000001,0.17549500000000054,-38.40865184012503,-32.900182985250005
21.45,2.278242500000001,0.17399750000000053,-38.55003921650003,-33.002343761625006
21.5,2.280530000000001,0.17138000000000048,-38.69284855712503,-33.107078783625006
21.55,2.282617500000001,0.16856250000000045,-38.83494691562503,-33.213186736625005
21.6,2.285622500000001,0.1666625000000004,-38.97182323300004,-33.318804357125
21.65,2.2895125000000007,0.16564750000000047,-39.09612252175003,-33.420156084874996
21.7,2.293682500000001,0.16491250000000046,-39.19776844900004,-33.511431479749994
21.75,2.297962500000001,0.16428750000000045,-39.27175962325004,-33.588879498124996
21.8,2.301852500000001,0.16327250000000043,-39.32380841812504,-33.653554354875
21.85,2.3056150000000013,0.1621300000000004,-39.36470214862504,-33.709354193375
21.9,2.309345000000001,0.1609550000000005,-39.40365906575004,-33.759515208124995
21.95,2.313035000000001,0.15974000000000046,-39.44827932325004,-33.80602324575
22.0,2.317705000000001,0.15950500000000045,-39.50121071662504,-33.8508886695
22.05,2.322640000000001,0.15953500000000045,-39.55906995162504,-33.895925709625004
22.1,2.3265550000000013,0.15854500000000044,-39.61835115087504,-33.94101178300001
22.15,2.329137500000001,0.15622250000000057,-39.67829429900004,-33.98590172337501
22.2,2.330972500000001,0.15315250000000052,-39.742454306625035,-34.032826543625006
22.25,2.333352500000001,0.1506275000000005,-39.816420964250035,-34.084556622375004
22.3,2.336887500000001,0.1492575000000005,-39.904729847500036,-34.142979739750004
22.35,2.341682500000001,0.1491475000000005,-40.01042101787504,-34.211601773125004
22.4,2.3474400000000006,0.15000000000000044,-40.129645365250035,-34.2900304565
22.45,2.3532600000000006,0.15091500000000044,-40.24958069475004,-34.368581723
22.5,2.3585150000000006,0.15126500000000045,-40.36051842287504,-34.439263152875
22.55,2.363705000000001,0.15155000000000046,-40.46449342950004,-34.504771574875
22.6,2.368977500000001,0.15191750000000045,-40.56964523412504,-34.572094227125
22.65,2.3738800000000007,0.15191500000000047,-40.68477530512504,-34.647115099625
22.7,2.378815000000001,0.15194500000000047,-40.812752087625036,-34.732531021125
22.75,2.384147500000001,0.15237250000000047,-40.94663737675004,-34.827459393125
22.8,2.389612500000001,0.15293250000000047,-41.07559482425004,-34.92662914125
22.85,2.395337500000001,0.15375250000000049,-41.19040617912504,-35.02224397875
22.9,2.4013200000000006,0.1548300000000004,-41.28724684787504,-35.110748994999994
22.95,2.4065525000000005,0.15515750000000042,-41.36717104537504,-35.19160482424999
23.0,2.4118100000000005,0.15551000000000043,-41.43209106837504,-35.26432113399999
23.05,2.4182850000000005,0.15708000000000044,-41.48254628262504,-35.32742692674999
23.1,2.4246625000000006,0.15855250000000046,-41.522974197250036,-35.381020269
23.15,2.4295525000000002,0.15853750000000047,-41.561171099000035,-35.428754137874996
23.2,2.4334325000000003,0.15751250000000044,-41.59900025137504,-35.47433054375
23.25,2.4371925000000005,0.15636750000000044,-41.63494162362504,-35.520397282125
23.3,2.4410400000000005,0.15531000000000042,-41.67061331300004,-35.569528598625006
23.35,2.4454425000000004,0.1548075000000004,-41.71214447575004,-35.62525488725001
23.4,2.4506875,0.15514750000000038,-41.764193270625036,-35.689341345
23.45,2.45685,0.1564050000000004,-41.82379318600004,-35.759042109875004
23.5,2.4635550000000004,0.15820500000000043,-41.883760850750036,-35.82903707425
23.55,2.4695725000000004,0.15931750000000044,-41.939364556250034,-35.89572229425001
23.6,2.4744050000000004,0.15924500000000044,-41.98815264000003,-35.95777387212501
23.65,2.479165,0.15910000000000046,-42.02870313775003,-36.013769843625006
23.7,2.4846600000000003,0.15969000000000047,-42.06422772737503,-36.06378375862501
23.75,2.4905300000000006,0.1606550000000005,-42.09999748325003,-36.109556297500006
23.8,2.4960000000000004,0.1612200000000005,-42.13858665100003,-36.15312234012501
23.85,2.5006550000000005,0.1609700000000005,-42.180902345750034,-36.19612450037501
23.9,2.5043825,0.15979250000000056,-42.22875879775003,-36.23981312612501
23.95,2.5078425,0.15834750000000053,-42.28544123475003,-36.28610051412501
24.0,2.511855,0.1574550000000005,-42.35607363137503,-36.33854157500001
24.05,2.5163275,0.1570225000000005,-42.44766774237503,-36.401892534000005
24.1,2.5214425,0.15723250000000052,-42.562258447625034,-36.479095386125
24.15,2.5277649999999996,0.15865000000000046,-42.69295657550003,-36.569708832124995
24.2,2.534775,0.16075500000000048,-42.82909739412503,-36.669785695375
24.25,2.5408774999999997,0.1619525000000005,-42.96293365000003,-36.77380973525
24.3,2.54486,0.16103000000000048,-43.09059171637504,-36.877343442625
24.35,2.5471874999999997,0.15845250000000044,-43.20981606375004,-36.977910638375
24.4,2.5493599999999996,0.1557200000000006,-43.32335255412503,-37.076614570625
24.45,2.5525024999999997,0.15395750000000058,-43.438580691625035,-37.17686305025
24.5,2.5576475,0.15419750000000057,-43.561703182375034,-37.281132256375
24.55,2.5635925,0.15523750000000058,-43.69549040500004,-37.389127989500004
24.6,2.5683925,0.1551325000000006,-43.83717198087504,-37.49763857175
24.65,2.5727424999999995,0.15457750000000062,-43.98113360287503,-37.60396717437499
24.7,2.5776574999999995,0.15458750000000063,-44.12411455987503,-37.70892284599999
24.75,2.5826749999999996,0.15470000000000061,-44.25978956262503,-37.812015254124994
24.8,2.5875449999999995,0.1546650000000006,-44.37646418100003,-37.90814494074999
24.85,2.592735,0.15495000000000062,-44.465729212625035,-37.99235954762499
24.9,2.5976999999999997,0.15501000000000062,-44.528908555250034,-38.06304097749999
24.95,2.6014375,0.1538425000000006,-44.57507336012503,-38.12148861149999
25.0,2.6051124999999997,0.1526125000000006,-44.617879387375034,-38.17179672599999
25.05,2.6096999999999997,0.1522950000000006,-44.670124315250035,-38.22006996062499
25.1,2.6148499999999997,0.1525400000000006,-44.73867279875004,-38.27238843837499
25.15,2.620457499999999,0.15324250000000056,-44.82693264875003,-38.33370451749999
25.2,2.6252774999999993,0.15315750000000056,-44.93742907762503,-38.40884797312499
25.25,2.628377499999999,0.15135250000000053,-45.065013594125034,-38.499044636499995
25.3,2.631077499999999,0.1491475000000005,-45.19588333837503,-38.598435034249995
25.35,2.635014999999999,0.14818000000000048,-45.318662596375034,-38.698683513875
25.4,2.640512499999999,0.14877250000000045,-45.42906095875003,-38.79464158412499
25.45,2.645909999999999,0.14926500000000045,-45.52482289600003,-38.88363693287499
25.5,2.649539999999999,0.14799000000000043,-45.606340674125036,-38.96530181074999
25.55,2.6527249999999993,0.1462700000000004,-45.677218237000034,-39.04113173187499
25.6,2.6567324999999995,0.14537250000000038,-45.73782333400003,-39.11051378062499
25.65,2.661234999999999,0.1449700000000004,-45.78739594975003,-39.17209954262499
25.7,2.6654049999999994,0.1442350000000004,-45.829147762125025,-39.22672258312499
25.75,2.6691974999999992,0.14312250000000037,-45.86800661275002,-39.27602551599999
25.8,2.673467499999999,0.14248750000000038,-45.90576221525002,-39.32123417249999
25.85,2.6777349999999993,0.14185000000000036,-45.94224295325002,-39.364187299499996
25.9,2.6817949999999993,0.1410050000000004,-45.97766947637502,-39.40672364387499
25.95,2.6866974999999993,0.14100250000000042,-46.01356181537502,-39.44957870437499
26.0,2.691532499999999,0.1409325000000004,-46.05242066600002,-39.492335698374994
26.05,2.695499999999999,0.1399950000000004,-46.09510411012502,-39.534308160375
26.1,2.6998374999999992,0.1394275000000004,-46.14332831150002,-39.576525788625
26.15,2.704312499999999,0.1389975000000004,-46.202511444250014,-39.622518977125
26.2,2.707882499999999,0.13766250000000038,-46.27694391775002,-39.675352304
26.25,2.710784999999999,0.13566000000000036,-46.36493408487502,-39.73453543675
26.3,2.7142749999999993,0.13424500000000034,-46.46420189950002,-39.800239991750004
26.35,2.7183574999999993,0.13342250000000033,-46.57545834375002,-39.87511376450001
26.4,2.722332499999999,0.13249250000000037,-46.69865438437501,-39.961927133625004
26.45,2.725917499999999,0.13117250000000036,-46.82040394412501,-40.05501675875001
26.5,2.7286799999999993,0.12903000000000034,-46.91668073050001,-40.13962363162501
26.55,2.7312499999999993,0.1266950000000003,-46.98088977137501,-40.207877915625005
26.6,2.7348349999999995,0.1253750000000003,-47.02796169137501,-40.26218224000001
26.65,2.7394124999999994,0.1250475000000003,-47.07226323275001,-40.308199945125004
26.7,2.7441874999999993,0.1249175000000003,-47.11840352100001,-40.350736289500006
26.75,2.7493324999999995,0.1251575000000003,-47.17015811637501,-40.39349328350001
26.8,2.7542874999999998,0.1252075000000003,-47.23292067637502,-40.440099387625004
26.85,2.758295,0.1243100000000003,-47.309289963250016,-40.49342304700001
26.9,2.7612824999999996,0.1223925000000004,-47.39956017650001,-40.554641059625006
26.95,2.7632,0.11940500000000036,-47.503878415875015,-40.62448892425001
27.0,2.7654199999999998,0.11672000000000032,-47.620773683875015,-40.70333439025001
27.05,2.769065,0.1154600000000003,-47.747009786000014,-40.79034389237501
27.1,2.7730924999999997,0.11458250000000028,-47.87984086025001,-40.885076131375016
27.15,2.7770299999999994,0.11361500000000034,-48.01154416975,-40.98530009437501
27.2,2.7808899999999994,0.11257000000000032,-48.132729847125006,-41.08584277350001
27.25,2.7841624999999994,0.1109375000000003,-48.240848163375006,-41.182585375750016
27.3,2.7882849999999997,0.1101550000000003,-48.33496748675001,-41.272659456000014
27.35,2.79431,0.1112750000000003,-48.41047869175001,-41.35182363812501
27.4,2.8006074999999995,0.11266750000000023,-48.467455328250004,-41.41620429537501
27.45,2.8064349999999996,0.11359000000000023,-48.520754471000004,-41.46898858900001
27.5,2.8123549999999997,0.11460500000000025,-48.586704192250004,-41.51946831987502
27.55,2.8182025,0.11554750000000026,-48.667363888500006,-41.574189426875016
27.6,2.8245075,0.11694750000000029,-48.75724183575001,-41.63400999187502
27.65,2.8307675,0.11830250000000021,-48.851949558125,-41.69669900200002
27.7,2.83526,0.1178900000000002,-48.948471510750004,-41.76007447762502
27.75,2.8381625,0.11588750000000017,-49.045998645000005,-41.82413641875002
27.8,2.8410475,0.11386750000000014,-49.14906653650001,-41.89217005312502
27.85,2.8440700000000003,0.11198500000000011,-49.26118106262501,-41.96645542687502
27.9,2.8467325000000003,0.10974250000000024,-49.37758599812501,-42.04382989537502
27.95,2.84988,0.10798500000000022,-49.49237283637501,-42.12010111575002
28.0,2.8542625000000004,0.10746250000000021,-49.60887583837501,-42.197843333625016
28.05,2.8589225000000003,0.1072175000000002,-49.73381255937502,-42.28259730625002
28.1,2.8627100000000003,0.10610000000000018,-49.86661911700002,-42.37527014875002
28.15,2.8662900000000002,0.10477500000000026,-50.003029618500015,-42.474464413500016
28.2,2.8700075000000003,0.10358750000000023,-50.13833687187502,-42.57836587025002
28.25,2.8738600000000005,0.10253500000000022,-50.26908403300002,-42.68381187437502
28.3,2.878780000000001,0.10255000000000022,-50.39367752125002,-42.787247515250016
28.35,2.884920000000001,0.10378500000000024,-50.50834177637502,-42.88577983112502
28.4,2.8912225000000005,0.10518250000000016,-50.60665344262501,-42.97612359425001
28.45,2.8967650000000007,0.10582000000000018,-50.68263046350001,-43.05467486075001
28.5,2.901415000000001,0.10556500000000017,-50.73767028662501,-43.11986456662501
28.55,2.904755000000001,0.10400000000000015,-50.78236409400001,-43.17331080912501
28.6,2.907265000000001,0.10160500000000011,-50.82865148200001,-43.21979433012501
28.65,2.910462500000001,0.09989750000000021,-50.885431985500006,-43.26576300200001
28.7,2.914920000000001,0.0994500000000002,-50.95790312900001,-43.31712533137501
28.75,2.919902500000001,0.0995275000000002,-51.04564812987501,-43.37623491425001
28.8,2.9244700000000012,0.0991900000000002,-51.14557789337501,-43.44245431837501
28.85,2.9289925000000014,0.09880750000000019,-51.25543689000001,-43.51458222912501
28.9,2.933730000000001,0.0986400000000002,-51.37368057237501,-43.59183411450001
28.95,2.938032500000001,0.0980375000000002,-51.49839664375001,-43.67440610750001
29.0,2.9420300000000013,0.09713000000000017,-51.62767280737501,-43.76190594212501
29.05,2.945680000000001,0.09587500000000015,-51.76050388162501,-43.85354908637501
29.1,2.948542500000001,0.09383250000000012,-51.896154367750015,-43.94921295712501
29.15,2.951822500000001,0.09220750000000022,-52.03403586675001,-44.04916723725001
29.2,2.955660000000001,0.09114000000000021,-52.17355997962501,-44.15221061212501
29.25,2.959222500000001,0.08979750000000018,-52.314162824000014,-44.25628368525001
29.3,2.962985000000001,0.08865500000000016,-52.45373597012502,-44.36101870725001
29.35,2.966200000000001,0.08696500000000014,-52.58889612375002,-44.46685697737501
29.4,2.969180000000001,0.08504000000000025,-52.71773098812501,-44.572670730875004
29.45,2.973775000000001,0.08473000000000025,-52.83805858362501,-44.67517474
29.5,2.9794100000000014,0.08546000000000026,-52.94323490487501,-44.770127628625005
29.55,2.9844700000000017,0.08561500000000026,-53.02534108200001,-44.852822204750005
29.6,2.988850000000002,0.08509000000000025,-53.085161647000014,-44.920806805875
29.65,2.9928350000000017,0.0841700000000003,-53.14356024775001,-44.979695739125
29.7,2.996900000000002,0.08333000000000029,-53.22902520250001,-45.04444414575
29.75,3.0010100000000017,0.08253500000000027,-53.34543013800001,-45.1257903075
29.8,3.0044825000000017,0.08110250000000026,-53.473161754250015,-45.220399963375
29.85,3.007915000000002,0.07963000000000024,-53.59101317062502,-45.317044499125004
29.9,3.0124075000000015,0.07921750000000026,-53.683661496500015,-45.403833351624996
29.95,3.0177900000000015,0.07969500000000027,-53.748532486250014,-45.475274796875
30.0,3.0236000000000014,0.08060000000000028,-53.795972155625016,-45.53369791425
30.05,3.0297050000000016,0.0818000000000003,-53.83730718537502,-45.584030545375
30.1,3.0351850000000016,0.08237500000000031,-53.87773510000002,-45.629925667375
30.15,3.0391825000000012,0.08146750000000036,-53.918506247375014,-45.67334461025
30.2,3.0422025000000015,0.07958250000000033,-53.96217035650002,-45.715586755124995
30.25,3.0451225000000015,0.0775975000000003,-54.01424366800002,-45.758736015124995
30.3,3.0485950000000015,0.07616500000000029,-54.08230181900002,-45.80806346462499
30.35,3.0528375000000016,0.07550250000000028,-54.17203266650002,-45.86977180974999
30.4,3.0575150000000013,0.07527500000000029,-54.28409815937502,-45.94682756212499
30.45,3.0620800000000012,0.07493500000000028,-54.41021167837502,-46.037612624499985
30.5,3.0656650000000014,0.07361500000000026,-54.53659488025002,-46.136243006874984
30.55,3.0682550000000015,0.07130000000000022,-54.650474603375024,-46.233279808624985
30.6,3.0703600000000018,0.06850000000000019,-54.74273066325002,-46.320240277499984
30.65,3.0715150000000015,0.0647500000000004,-54.812382394875016,-46.39481985074998
30.7,3.0720750000000017,0.06040500000000034,-54.865853154000014,-46.45956825737498
30.75,3.074672500000002,0.05809750000000031,-54.910301795125015,-46.51629972762498
30.8,3.080172500000002,0.058692500000000314,-54.95188199112501,-46.56606847637498
30.85,3.086072500000002,0.05968750000000033,-54.99711516425001,-46.61154681574998
30.9,3.090742500000002,0.059452500000000345,-55.05186078787501,-46.65619158987498
30.95,3.094432500000002,0.05823750000000033,-55.12249318450001,-46.70578872224998
31.0,3.0978175000000023,0.05671750000000031,-55.21364599625001,-46.76641833587498
31.05,3.101915000000002,0.0559100000000003,-55.32595665537501,-46.842321806874985
31.1,3.106657500000002,0.0557475000000003,-55.45209469100001,-46.93305783599999
31.15,3.1115100000000018,0.0556950000000003,-55.57705592862501,-47.03124691912498
31.2,3.1156425000000016,0.05492250000000029,-55.68588522700001,-47.126346907499986
31.25,3.118430000000002,0.05280500000000026,-55.76845722000001,-47.209115033499984
31.3,3.1212950000000017,0.050765000000000234,-55.82616935525001,-47.276143486249985
31.35,3.1255775000000017,0.05014250000000022,-55.87243222662501,-47.33034974412499
31.4,3.1309500000000012,0.050610000000000196,-55.919479630000005,-47.37685778174998
31.45,3.1364250000000014,0.051180000000000204,-55.972778772750004,-47.420644473999985
31.5,3.1415100000000016,0.051360000000000204,-56.040371107875,-47.46874609224999
31.55,3.146560000000002,0.0515050000000002,-56.132455551375,-47.53065057037499
31.6,3.151475000000002,0.051515000000000206,-56.2494734025,-47.61067283437499
31.65,3.1558100000000016,0.05094500000000024,-56.381814144249994,-47.704743124499984
31.7,3.1599725000000016,0.050202500000000226,-56.520847924624995,-47.80567806962499
31.75,3.1644875000000017,0.04981250000000022,-56.66189206825,-47.90940790999999
31.8,3.169165000000002,0.04958500000000021,-56.797101255125,-48.012745484374996
31.85,3.174272500000002,0.049787500000000214,-56.916595285375,-48.11078746775
31.9,3.1799925000000018,0.05060250000000017,-57.016721181875,-48.200787998124994
31.95,3.185470000000002,0.05117500000000018,-57.096400213125,-48.2807857455
32.0,3.1907850000000018,0.051585000000000186,-57.155607862500005,-48.349211645875
32.05,3.1963425000000014,0.05223750000000015,-57.20047328625,-48.40655603175
32.1,3.201705000000002,0.05269500000000019,-57.24068055125001,-48.455246049
32.15,3.2071050000000016,0.05319000000000017,-57.28525177550001,-48.499596623625
32.2,3.2122150000000023,0.053395000000000185,-57.34281681100001,-48.545785945125004
32.25,3.217175000000002,0.053450000000000185,-57.41979901350001,-48.600016719625
32.3,3.2235500000000017,0.0549200000000001,-57.51622289962501,-48.665378041875
32.35,3.2305925000000024,0.05705750000000028,-57.62980842325002,-48.74233572775001
32.4,3.237395000000002,0.058955000000000174,-57.75832457150001,-48.831306559875
32.45,3.2435100000000023,0.060165000000000274,-57.895298955375026,-48.93116277350001
32.5,3.247790000000002,0.05954000000000031,-58.03386691987502,-49.03719717662501
32.55,3.250607500000002,0.05745250000000043,-58.17116001987501,-49.144530960875
32.6,3.2534225000000023,0.055362500000000245,-58.30264267975002,-49.24980534862501
32.65,3.257840000000002,0.05487500000000027,-58.422210259875015,-49.34995576175
32.7,3.2638200000000026,0.05595000000000036,-58.52145355787503,-49.44017694175001
32.75,3.2693650000000023,0.05659000000000032,-58.59416986762502,-49.516374612250004
32.8,3.274087500000002,0.05640750000000033,-58.64688061137502,-49.57805844075
32.85,3.2794875000000023,0.056902500000000376,-58.696796459875024,-49.629028504125
32.9,3.285892500000002,0.05840250000000029,-58.75808802237502,-49.677179155625
32.95,3.2924725000000024,0.06007750000000043,-58.832397912750025,-49.7286395515
33.0,3.298177500000002,0.06087750000000038,-58.91786286750002,-49.785910387499996
33.05,3.3033875000000017,0.06118250000000036,-59.015218385375015,-49.850242011499994
33.1,3.308647500000002,0.06153750000000039,-59.120639872875024,-49.919305344125
33.15,3.3127475000000017,0.06073250000000044,-59.22493359562502,-49.986971229125
33.2,3.315037500000002,0.05811750000000022,-59.32260782962503,-50.0501015385
33.25,3.317235000000002,0.05541000000000037,-59.41380967462502,-50.1097259705
33.3,3.3206675000000017,0.05393750000000045,-59.500157227875015,-50.1668006735
33.35,3.324160000000002,0.05252500000000033,-59.58454345112502,-50.222625028625
33.4,3.3276875000000015,0.05114750000000041,-59.671651019750016,-50.280239097375
33.45,3.331755000000002,0.050310000000000334,-59.768614271625026,-50.343761672750006
33.5,3.335852500000002,0.04950250000000038,-59.87952748312502,-50.416355399375
33.55,3.3396475000000017,0.04839250000000044,-60.00340998925001,-50.499074492125
33.6,3.343312500000002,0.04715250000000033,-60.137761094250024,-50.591845401125006
33.65,3.3472375000000016,0.04617250000000039,-60.27478451137502,-50.691824197875
33.7,3.3509650000000017,0.044995000000000285,-60.39972123237503,-50.79079781300001
33.75,3.3544650000000016,0.043590000000000365,-60.496684484250025,-50.878567330500005
33.8,3.3586250000000013,0.042845000000000404,-60.561604507250024,-50.949984259125
33.85,3.363515000000002,0.0428300000000004,-60.60688671362503,-51.00693637900001
33.9,3.3688600000000015,0.04327000000000038,-60.64731462825003,-51.05474379775001
33.95,3.374360000000002,0.04386500000000043,-60.69021872200003,-51.09843242350001
34.0,3.3797275000000018,0.04432750000000041,-60.73836937350003,-51.141287484
34.05,3.3853175000000015,0.04501250000000037,-60.790001385750024,-51.1841425445
34.1,3.391955000000002,0.04674500000000052,-60.84114306550003,-51.22655630575
34.15,3.3996600000000017,0.04954500000000036,-60.894344141750025,-51.270416547875
34.2,3.4064450000000024,0.05142500000000052,-60.96406942325003,-51.32283309212501
34.25,3.410925000000002,0.051000000000000545,-61.06537211775002,-51.39250934037501
34.3,3.414350000000002,0.049520000000000626,-61.193250833750014,-51.480082724875004
34.35,3.4180725000000023,0.048337500000000526,-61.32765097200002,-51.577855025375015
34.4,3.422000000000002,0.04736000000000058,-61.451754127750014,-51.67574990900001
34.45,3.426227500000002,0.04668250000000052,-61.554772986000025,-51.765284623500015
34.5,3.430822500000002,0.04637250000000054,-61.63332425250002,-51.84319845775001
34.55,3.4354650000000015,0.04611000000000055,-61.69331643387501,-51.91140370850001
34.6,3.440110000000002,0.04585000000000053,-61.742055484375015,-51.97352883625002
34.65,3.444137500000002,0.04497250000000058,-61.78370923025001,-52.031535171000016
34.7,3.446935000000002,0.0428650000000004,-61.82072933400001,-52.08559432912502
34.75,3.449690000000002,0.04071500000000052,-61.85669522287501,-52.13551017762502
34.8,3.453530000000002,0.03965000000000058,-61.90072708137501,-52.18307243012502
34.85,3.4580700000000024,0.03928500000000055,-61.96223929350001,-52.23355216100003
34.9,3.462347500000002,0.03865750000000058,-62.04481128650001,-52.29197527837503
34.95,3.4654200000000026,0.03682500000000043,-62.14704561275001,-52.35929793062503
35.0,3.4675250000000024,0.03402500000000058,-62.26582866087501,-52.43564270087503
35.05,3.469457500000002,0.031052500000000753,-62.397433903875005,-52.522578653125024
35.1,3.471542500000002,0.028232500000000514,-62.53632058450002,-52.61983610450003
35.15,3.474287500000002,0.026072500000000637,-62.67459434950001,-52.722658829750024
35.2,3.4783575000000027,0.025237500000000565,-62.80264468187502,-52.823495708375034
35.25,3.4832200000000024,0.025195000000000568,-62.909904916250014,-52.91513885262503
35.3,3.487015000000002,0.02408500000000063,-62.98970653062501,-52.99351850275002
35.35,3.4893975000000026,0.021562500000000415,-63.04486893687501,-53.05897789150003
35.4,3.492187500000002,0.019447500000000534,-63.08490458550001,-53.11411578112502
35.45,3.4961775000000026,0.018532500000000455,-63.11932592700001,-53.162634182000026
35.5,3.5005950000000023,0.01804500000000048,-63.15254595387501,-53.209117703000025
35.55,3.505300000000002,0.017845000000000492,-63.18731052812501,-53.258273536125024
35.6,3.5103800000000023,0.018020000000000508,-63.23050882137501,-53.31512758950003
35.65,3.515480000000002,0.018215000000000498,-63.28839257300001,-53.382523791625026
35.7,3.5207100000000024,0.018540000000000525,-63.360520483750015,-53.45869694550003
35.75,3.525632500000002,0.018557500000000525,-63.44078791400001,-53.539307608500025
35.8,3.529447500000002,0.017467500000000587,-63.52073662812501,-53.61999182137502
35.85,3.5327150000000023,0.015830000000000448,-63.59485038550002,-53.69802823875003
35.9,3.536085000000002,0.014295000000000535,-63.661192372750016,-53.77182328000002
35.95,3.5393550000000022,0.012660000000000395,-63.71696769462502,-53.839170448875024
36.0,3.542172500000002,0.010572500000000512,-63.76117116950002,-53.89820648187502
36.05,3.544607500000002,0.008102500000000653,-63.79873063900001,-53.949421711500015
36.1,3.5478450000000024,0.00643500000000051,-63.83540751000002,-53.99543941662502
36.15,3.552700000000002,0.006385000000000512,-63.87340827875001,-54.03890739275002
36.2,3.5581225000000023,0.006902500000000556,-63.91273294525001,-54.08114953762502
36.25,3.563117500000002,0.00699250000000055,-63.95629898787501,-54.12402911475002
36.3,3.5675025000000016,0.006472500000000579,-64.013128524625,-54.17193460000002
36.35,3.571827500000002,0.005892500000000529,-64.09521018512501,-54.23200033125003
36.4,3.576360000000002,0.00552000000000055,-64.2065892125,-54.310134815125025
36.45,3.5814925000000026,0.005747500000000569,-64.32569097675001,-54.39949791325003
36.5,3.5868050000000022,0.0061550000000005455,-64.422360029125,-54.48400671962503
36.55,3.591522500000002,0.005967500000000556,-64.4874516685,-54.553535868125024
36.6,3.5954675000000025,0.005007500000000473,-64.534204872375,-54.60918860687503
36.65,3.5984475000000025,0.003082500000000582,-64.58380200475,-54.65915348862503
36.7,3.602427500000003,0.002157500000000503,-64.64933494337501,-54.711815199125034
36.75,3.6082750000000026,0.003100000000000449,-64.737888992875,-54.77416097650003
36.8,3.6138425000000023,0.003762500000000411,-64.851695166125,-54.85013799737502
36.85,3.6186175000000027,0.0036325000000003997,-64.983888808125,-54.93945206225003
36.9,3.6237675000000023,0.0038775000000003854,-65.12159869074999,-55.03788631162502
36.95,3.628807500000003,0.004012500000000397,-65.25418459875,-55.13940965575003
37.0,3.6331650000000026,0.0034650000000004274,-65.378581954,-55.24000136812502
37.05,3.6378500000000025,0.0032450000000004394,-65.49349137537499,-55.336768487000015
37.1,3.6435900000000028,0.00408000000000051,-65.59388695474999,-55.42622965162502
37.15,3.6493650000000026,0.00495000000000046,-65.67466923412499,-55.50612933250002
37.2,3.6547100000000032,0.005390000000000498,-65.735568530625,-55.57624688000002
37.25,3.660545000000003,0.006320000000000444,-65.78197850175,-55.63687649362502
37.3,3.666050000000003,0.006920000000000409,-65.826231009875,-55.68968530387502
37.35,3.6695725000000032,0.005537500000000291,-65.88504639325001,-55.741611515625024
37.4,3.6713075000000033,0.002367500000000471,-65.967152570375,-55.79996108312502
37.45,3.6730875000000034,-0.0007574999999997965,-66.07053917800002,-55.86774955125003
37.5,3.6763600000000034,-0.0023899999999997044,-66.19091580675001,-55.945785968625025
37.55,3.680342500000003,-0.0033124999999996525,-66.323624297875,-56.03375161912502
37.6,3.6841775000000037,-0.004382499999999744,-66.46233936212501,-56.13105810375003
37.65,3.6876400000000036,-0.005824999999999663,-66.60073571025,-56.234567294500025
37.7,3.6914825000000038,-0.006887499999999754,-66.73332161825002,-56.338787467375035
37.75,3.6963775000000036,-0.006897499999999754,-66.85480149512502,-56.43935466312503
37.8,3.7008625000000035,-0.0073174999999997305,-66.96255206200001,-56.534209485250024
37.85,3.7044375000000036,-0.008647499999999845,-67.05880433175003,-56.62335193375003
37.9,3.7075125000000035,-0.01047749999999974,-67.14811839662502,-56.70849817237502
37.95,3.7106275000000037,-0.012267499999999893,-67.23127878862503,-56.79031015000003
38.0,3.713382500000004,-0.01441749999999977,-67.30124923637503,-56.86564973862503
38.05,3.7158150000000036,-0.01688999999999963,-67.35239091612503,-56.93096202762503
38.1,3.719595000000004,-0.018014999999999726,-67.39051426800003,-56.986492183250036
38.15,3.7236125000000038,-0.018902499999999677,-67.42461689337503,-57.035157683875035
38.2,3.7272350000000043,-0.020184999999999786,-67.45835176937503,-57.08019472400004
38.25,3.732337500000004,-0.019987499999999797,-67.49424410837503,-57.12432464900004
38.3,3.7379900000000035,-0.01923999999999984,-67.54006568050002,-57.17073462012503
38.35,3.743447500000004,-0.018687499999999795,-67.60893288012502,-57.22550476037504
38.4,3.7493050000000037,-0.017734999999999848,-67.70979427537502,-57.295842957500035
38.45,3.754385000000004,-0.017559999999999833,-67.83188706787503,-57.38192082787504
38.5,3.758717500000004,-0.0181324999999998,-67.94510484212502,-57.471161342875035
38.55,3.7633225000000037,-0.018432499999999786,-68.02588712150002,-57.54856032800003
38.6,3.768182500000004,-0.01847749999999979,-68.07818108262502,-57.60968027412503
38.65,3.7724500000000036,-0.019114999999999754,-68.12473815350002,-57.66094453700003
38.7,3.775635000000004,-0.020834999999999902,-68.18455871850003,-57.71225783312503
38.75,3.7785275000000036,-0.022847499999999788,-68.26516938150003,-57.77041126762503
38.8,3.7817525000000036,-0.024527499999999692,-68.36791855687503,-57.83935201712502
38.85,3.784570000000004,-0.02661499999999987,-68.48966811662504,-57.91988913025003
38.9,3.7875000000000036,-0.02858999999999976,-68.62404373825004,-58.010845809000024
38.95,3.790732500000004,-0.030262499999999904,-68.76033165662506,-58.10898585887503
39.0,3.7933300000000036,-0.03256999999999977,-68.88208121637504,-58.205458778250026
39.05,3.7964100000000034,-0.03439499999999967,-68.97445985937503,-58.28989403475002
39.1,3.8009400000000038,-0.034769999999999704,-69.03589852162504,-58.35846703487503
39.15,3.8053075000000036,-0.03530749999999967,-69.08140137762504,-58.41441397312502
39.2,3.8087075000000037,-0.036812499999999804,-69.13259209062505,-58.46565371937503
39.25,3.8123825000000036,-0.038042499999999736,-69.20562711650005,-58.521845823875026
39.3,3.8167775000000033,-0.038552499999999705,-69.30487041450004,-58.589168476125025
39.35,3.8212075000000034,-0.03902749999999974,-69.42512446012505,-58.66860234112503
39.4,3.825160000000003,-0.03997999999999969,-69.55851941675004,-58.75784285612502
39.45,3.8293375000000034,-0.04070749999999975,-69.69850934550006,-58.85470804150003
39.5,3.833072500000003,-0.041877499999999686,-69.83724892637505,-58.956010736000025
39.55,3.8364150000000032,-0.0434399999999996,-69.96088626625004,-59.05397916950002
39.6,3.8404750000000036,-0.04428499999999967,-70.05211262787505,-59.13753182750003
39.65,3.8445850000000035,-0.04507999999999963,-70.11011896262504,-59.20215765100002
39.7,3.8485225000000036,-0.04604749999999971,-70.16290325625005,-59.256952307875025
39.75,3.852780000000003,-0.04669499999999967,-70.23946867612504,-59.315596074875025
39.8,3.857287500000003,-0.04709249999999964,-70.34523339637504,-59.38637557125002
39.85,3.8610450000000034,-0.04823999999999974,-70.47237661362504,-59.47081082775003
39.9,3.863982500000003,-0.05020749999999963,-70.61052779550003,-59.56637663200002
39.95,3.8675350000000037,-0.051559999999999745,-70.74661958087505,-59.66694382775003
40.0,3.8724250000000033,-0.051574999999999746,-70.86912915600004,-59.76427482900003
40.05,3.876975000000003,-0.051929999999999726,-70.97234414725004,-59.85346631075002
40.1,3.879985000000003,-0.05382499999999989,-71.05543098937505,-59.93348857475003
40.15,3.882092500000003,-0.05662249999999973,-71.11758063375005,-60.00304223987503
40.2,3.884522500000003,-0.05909749999999994,-71.16163700887506,-60.06099954137503
40.25,3.888192500000003,-0.06033249999999987,-71.20010359350006,-60.11091538987503
40.3,3.8926050000000028,-0.060824999999999844,-71.24501805050006,-60.15889442500003
40.35,3.897497500000003,-0.06083749999999984,-71.30248501950007,-60.209079956375035
40.4,3.9029275000000028,-0.06031249999999987,-71.37652522700006,-60.26465914525003
40.45,3.9082400000000033,-0.05990499999999984,-71.46723673950007,-60.326808789625034
40.5,3.912715000000003,-0.06033499999999982,-71.57035366425006,-60.39449919125003
40.55,3.916672500000003,-0.06128249999999977,-71.68031072737506,-60.465597403750024
40.6,3.920372500000003,-0.06248749999999987,-71.78916454237506,-60.53578850112503
40.65,3.924147500000003,-0.0636174999999998,-71.88767234162506,-60.60080659062503
40.7,3.927990000000003,-0.06467999999999989,-71.96926366962506,-60.65827355962503
40.75,3.9317025000000028,-0.06587249999999982,-72.03187912987507,-60.708385541125025
40.8,3.9364800000000026,-0.06599999999999981,-72.07961299875006,-60.753986463625026
40.85,3.941780000000003,-0.06560499999999977,-72.12004091337506,-60.79799380550003
40.9,3.946267500000003,-0.06602249999999975,-72.16198885875006,-60.84249147987502
40.95,3.9501725000000034,-0.06702249999999983,-72.21614608337507,-60.89066664800003
41.0,3.9540100000000034,-0.06808999999999978,-72.29038242387506,-60.946441969875025
41.05,3.9577200000000032,-0.06928499999999971,-72.38950313875006,-61.01472077050002
41.1,3.9615400000000034,-0.0703699999999998,-72.50799198737506,-61.09788116250003
41.15,3.966897500000003,-0.06991749999999981,-72.61699290212506,-61.184155165875026
41.2,3.9734175000000036,-0.06830249999999967,-72.69076342675007,-61.257288258250036
41.25,3.9793350000000034,-0.06728999999999973,-72.73837471250006,-61.31573589225003
41.3,3.983680000000003,-0.06784999999999969,-72.79233580412506,-61.37055506575003
41.35,3.9866525000000035,-0.06978249999999986,-72.87853625762507,-61.43532798900004
41.4,3.9902550000000034,-0.07108499999999979,-72.99633864075007,-61.51672318400003
41.45,3.995627500000004,-0.07061749999999975,-73.12362895775009,-61.60964119275004
41.5,4.001707500000004,-0.06944249999999981,-73.23878354537509,-61.70248565162503
41.55,4.006877500000003,-0.06917749999999982,-73.33025507325009,-61.78598927637503
41.6,4.011072500000004,-0.06988749999999988,-73.39385119850009,-61.855641008000035
41.65,4.015430000000003,-0.07043499999999984,-73.43979535375009,-61.912862810750035
41.7,4.020337500000004,-0.07043249999999984,-73.4911576831251,-61.96576968750004
41.75,4.025255000000003,-0.07041999999999984,-73.57091026425009,-62.02659543412504
41.8,4.029725000000003,-0.07085499999999982,-73.68469192087508,-62.103283437125036
41.85,4.034045000000003,-0.07143999999999986,-73.81941077525009,-62.19487754812504
41.9,4.038915000000003,-0.07147499999999986,-73.95859165537509,-62.295248610875035
41.95,4.044140000000003,-0.07115499999999983,-74.0889465505001,-62.39611000612504
42.0,4.048687500000003,-0.07151249999999981,-74.19880554712509,-62.488831881875036
42.05,4.052772500000003,-0.07233249999999977,-74.27855812825008,-62.56677023275003
42.1,4.057540000000004,-0.07246999999999978,-74.33016562387509,-62.62884632725004
42.15,4.062555000000003,-0.07235999999999979,-74.36860769187508,-62.67935057475003
42.2,4.066105000000004,-0.0737149999999999,-74.40991820500008,-62.72588312900004
42.25,4.067765000000004,-0.07695999999999972,-74.46311928125007,-62.775063478750035
42.3,4.068242500000004,-0.08138749999999947,-74.53228068037507,-62.82998071875003
42.35,4.069477500000004,-0.08505749999999979,-74.62105537950008,-62.893209094625036
42.4,4.072775000000004,-0.0866649999999997,-74.73343958850008,-62.96935773187503
42.45,4.077032500000004,-0.08731249999999975,-74.86421126625008,-63.06124604237504
42.5,4.081945000000004,-0.08730499999999976,-75.00020498512507,-63.16424038400003
42.55,4.087687500000003,-0.08646749999999981,-75.13389414125005,-63.27096125262503
42.6,4.093062500000004,-0.08599749999999977,-75.26515615150007,-63.37785373762504
42.65,4.0972000000000035,-0.08676499999999973,-75.39239743525006,-63.48276037600003
42.7,4.100222500000004,-0.08864749999999989,-75.50306548050007,-63.579380395125035
42.75,4.103122500000003,-0.09065249999999977,-75.58311226112507,-63.65994202487503
42.8,4.1058125000000025,-0.09286749999999964,-75.63915726587506,-63.722925234500025
42.85,4.109015000000003,-0.0945699999999998,-75.70214047550006,-63.77963218812503
42.9,4.114550000000003,-0.09393999999999983,-75.79699529762506,-63.84651354112503
42.95,4.120762500000003,-0.09263249999999972,-75.91712676012507,-63.931561713250034
43.0,4.125687500000003,-0.09261249999999972,-76.03090841675007,-64.02371970662503
43.05,4.130097500000003,-0.09310749999999969,-76.11259781125005,-64.10330067137502
43.1,4.135432500000004,-0.09267749999999965,-76.17222224325006,-64.16564644875002
43.15,4.1409775000000035,-0.09203749999999969,-76.24432563737506,-64.22433924900002
43.2,4.145025000000004,-0.09289499999999977,-76.34815354425007,-64.29558456125002
43.25,4.147737500000003,-0.09508749999999964,-76.47458577937506,-64.38325601225002
43.3,4.150705000000003,-0.09702499999999953,-76.60258707850005,-64.47960634850001
43.35,4.154945000000003,-0.09768999999999958,-76.70908729750006,-64.57039141087502
43.4,4.159875000000003,-0.09766499999999959,-76.78131327475006,-64.64426000200001
43.45,4.164945000000004,-0.09749999999999957,-76.82973360912507,-64.70123663850002
43.5,4.169850000000004,-0.09749999999999957,-76.87648681300007,-64.74975503937502
43.55,4.174307500000004,-0.09794749999999955,-76.93503251350006,-64.79788117425001
43.6,4.178952500000004,-0.09820749999999957,-77.00939143712507,-64.85002803562502
43.65,4.1847550000000036,-0.09730999999999962,-77.10034811587506,-64.90825502000001
43.7,4.191550000000004,-0.09541999999999946,-77.20697091800007,-64.97427829112502
43.75,4.197340000000003,-0.09453499999999951,-77.32604816562505,-65.04944626337502
43.8,4.200615000000003,-0.09616499999999942,-77.45328944937505,-65.13584284987502
43.85,4.203132500000003,-0.09855249999999963,-77.57795648750006,-65.23010927300002
43.9,4.2064575000000035,-0.10013249999999954,-77.67695461925005,-65.31768265750001
43.95,4.2095550000000035,-0.1019399999999997,-77.74172754250006,-65.38875635337502
44.0,4.212312500000003,-0.10408749999999957,-77.78909366200006,-65.44526717400001
44.05,4.215217500000003,-0.10608749999999946,-77.84182892237506,-65.495084956
44.1,4.218147500000003,-0.10806249999999963,-77.91785497650007,-65.55024736225
44.15,4.221625000000003,-0.10948999999999955,-78.02178094987507,-65.62026684325001
44.2,4.226335000000003,-0.10968499999999956,-78.14625185500007,-65.70720279550001
44.25,4.231170000000003,-0.10975499999999956,-78.27780806475006,-65.806029310875
44.3,4.234135000000003,-0.11169499999999945,-78.40360286762505,-65.90858235325
44.35,4.235932500000003,-0.11480249999999971,-78.51897810487506,-66.009345682
44.4,4.238235000000003,-0.11740499999999957,-78.62721900425005,-66.107877997875
44.45,4.2413925000000035,-0.11915249999999972,-78.73013979600006,-66.204277367375
44.5,4.245260000000004,-0.12018999999999966,-78.82273908862506,-66.29533211262499
44.55,4.249565000000003,-0.12078999999999962,-78.89699994575005,-66.37579567587498
44.6,4.2542250000000035,-0.12103499999999964,-78.95152491975006,-66.44228476287499
44.65,4.259072500000003,-0.12109249999999964,-79.00050913650006,-66.49693231999998
44.7,4.264072500000004,-0.12099749999999963,-79.06770920562506,-66.549716613625
44.75,4.269190000000004,-0.12078499999999964,-79.16567763912506,-66.61323918899998
44.8,4.273682500000003,-0.12119749999999962,-79.28767236512506,-66.69460986737498
44.85,4.277972500000003,-0.12181249999999967,-79.41280521912508,-66.78872919074999
44.9,4.283382500000003,-0.1213074999999997,-79.51565246100007,-66.87975941937499
44.95,4.289735000000003,-0.11985999999999956,-79.58493644325007,-66.955760956875
45.0,4.295925000000002,-0.11857499999999964,-79.63249869575007,-67.01604733775
45.05,4.301760000000002,-0.1176449999999997,-79.67986481525007,-67.06664965175
45.1,4.307705000000002,-0.11660499999999961,-79.74483387150008,-67.11695776625
45.15,4.313307500000001,-0.11590749999999965,-79.83846286237507,-67.178322878625
45.2,4.317862500000002,-0.11625749999999968,-79.95785882612508,-67.25787932675
45.25,4.321790000000002,-0.11723499999999963,-80.08595819175007,-67.352881248625
45.3,4.326497500000001,-0.11743249999999962,-80.19905338287506,-67.44947675112499
45.35,4.3321675000000015,-0.11666749999999955,-80.28008082850008,-67.531803577875
45.4,4.337405000000001,-0.11633499999999956,-80.33749876425007,-67.595301636625
45.45,4.341770000000001,-0.1168749999999996,-80.40043294062508,-67.6497040275
45.5,4.345850000000001,-0.11769999999999955,-80.49156123575007,-67.71141237262499
45.55,4.350082500000001,-0.11837249999999952,-80.60735325562506,-67.79011073887499
45.6,4.354440000000001,-0.11891999999999957,-80.71971294800007,-67.87829703899999
45.65,4.358827500000001,-0.11943749999999954,-80.80250559062506,-67.95883415212498
45.7,4.363187500000001,-0.11998249999999959,-80.86365005337507,-68.02331287587498
45.75,4.367552500000001,-0.12052249999999956,-80.93928384150006,-68.08328054062497
45.8,4.373067500000001,-0.11991249999999959,-81.04470532900005,-68.15651169949996
45.85,4.3796050000000015,-0.11827999999999946,-81.15039649937506,-68.23964757487497
45.9,4.3857750000000015,-0.11701499999999952,-81.22517220562506,-68.31442328112496
45.95,4.391530000000002,-0.11616499999999945,-81.28092301087506,-68.37453804562496
46.0,4.396687500000002,-0.11591249999999946,-81.35341867100006,-68.43166178187495
46.05,4.401122500000002,-0.11638249999999943,-81.45734464437506,-68.50209804549995
46.1,4.405062500000002,-0.11734749999999951,-81.57097920125007,-68.58695008462496
46.15,4.408402500000002,-0.11891249999999942,-81.66053843237506,-68.66861496249996
46.2,4.411327500000002,-0.1208924999999996,-81.72281065987507,-68.73444210062496
46.25,4.413937500000002,-0.12318749999999946,-81.79349208975006,-68.79492461449996
46.3,4.415920000000002,-0.1261099999999993,-81.89310313712505,-68.86818028999996
46.35,4.416692500000002,-0.13024249999999965,-81.99555811300006,-68.95129164874996
46.4,4.416722500000001,-0.13511749999999936,-82.09129553362506,-69.03398622487495
46.45,4.418157500000001,-0.13858749999999967,-82.20073774762507,-69.12241769124996
46.5,4.423752500000001,-0.1378974999999997,-82.31236194125006,-69.21619378187496
46.55,4.4320425000000006,-0.1345124999999999,-82.40601544875005,-69.30165873662496
46.6,4.440747500000001,-0.13071249999999957,-82.48924939062506,-69.37515957837496
46.65,4.450440000000001,-0.12592499999999984,-82.57591566000006,-69.44248223062496
46.7,4.4608475000000025,-0.12042249999999938,-82.67814998625008,-69.51541918999996
46.75,4.471770000000002,-0.11440499999999972,-82.79857564825006,-69.60409582262496
46.8,4.4840775000000015,-0.10700250000000014,-82.92388011862506,-69.70419720249996
46.85,4.496982500000002,-0.09900249999999945,-83.03839727400008,-69.80368566674997
46.9,4.5089000000000015,-0.09198999999999985,-83.14600074112506,-69.89851597224997
46.95,4.520830000000003,-0.08496499999999925,-83.25867914962507,-69.99386112687498
47.0,4.535560000000002,-0.0751399999999998,-83.37959514412506,-70.09342314099997
47.05,4.553902500000001,-0.06170250000000057,-83.50249698525006,-70.19497100174996
47.1,4.574450000000003,-0.04605999999999924,-83.61895095400007,-70.29166457074997
47.15,4.596212500000002,-0.029202500000000197,-83.73717011975006,-70.38546517799996
47.2,4.617790000000004,-0.012529999999998775,-83.86458301987507,-70.48274714599997
47.25,4.6402775000000025,0.005052500000000227,-83.99219205300007,-70.57899941574996
47.3,4.665292500000001,0.025162499999999085,-84.11298546437506,-70.67257937337496
47.35,4.692560000000004,0.04752500000000099,-84.23583827225006,-70.77375948474997
47.4,4.721802500000003,0.07186249999999961,-84.36646285025006,-70.88501592899996
47.45,4.753027500000005,0.09818250000000185,-84.49850939250007,-70.99887113549997
47.5,4.787277500000004,0.12752750000000018,-84.62545647675006,-71.10703848499996
47.55,4.823625000000002,0.1589699999999984,-84.74973124887505,-71.20995927674996
47.6,4.860027500000005,0.19046750000000107,-84.87797771425006,-71.31481688187496
47.65,4.895982500000002,0.2215174999999993,-85.00619966300006,-71.42055708549995
47.7,4.933830000000006,0.25446000000000213,-85.13079315125007,-71.52409079287496
47.75,4.974392500000003,0.2901175000000001,-85.25599955512507,-71.62661931862495
47.8,5.0163675,0.32718749999999797,-85.38078917637506,-71.72968721012494
47.85,5.059697500000004,0.36561250000000123,-85.50104322200006,-71.83140668724994
47.9,5.1047375000000015,0.40574749999999893,-85.62004691975005,-71.93111580112493
47.95,5.152852500000005,0.4489575000000026,-85.73738348700006,-72.02952553387495
48.0,5.207872500000002,0.49907249999999975,-85.84564890300005,-72.12229644287494
48.05,5.265667499999999,0.5519624999999967,-85.94616706550005,-72.20697686562494
48.1,5.320680000000004,0.602070000000001,-86.04136512037506,-72.28771011174994
48.15,5.37842,0.654904999999998,-86.13416054600006,-72.36540329637494
48.2,5.434972500000005,0.7065525000000024,-86.22825535275007,-72.44184613312494
48.25,5.490562500000002,0.7572374999999995,-86.31886879875006,-72.51919608499993
48.3,5.551344999999999,0.8131149999999963,-86.40742284825005,-72.59431502399993
48.35,5.609255000000004,0.8661200000000008,-86.49622206400005,-72.66894363049994
48.4,5.663880000000001,0.915839999999998,-86.58384448175005,-72.74462645187494
48.45,5.7201775000000055,0.9672325000000024,-86.67379597887506,-72.81783309412494
48.5,5.774210000000003,1.0163599999999995,-86.76333069337505,-72.89013262124993
48.55,5.8284325,1.0656774999999967,-86.84984986300005,-72.96456509474993
48.6,5.882605000000004,1.114945000000001,-86.94578341662505,-73.04358217712493
48.65,5.931492500000002,1.1589274999999986,-87.04723321087504,-73.12122632849993
48.7,5.981972500000006,1.2045025000000025,-87.14905075450004,-73.19337875587493
48.75,6.031267500000003,1.2488925,-87.25677680475003,-73.26942932662493
48.8,6.07608,1.2887999999999977,-87.35825111562502,-73.35119227099993
48.85,6.124987500000004,1.3328025000000014,-87.46092674112504,-73.43499009524994
48.9,6.168320000000001,1.3712299999999993,-87.57627746175002,-73.52501514224994
48.95,6.199175000000004,1.3971800000000014,-87.69498696000004,-73.61746733512494
49.0,6.220810000000003,1.4139100000000004,-87.82593025412503,-73.71389122124994
49.05,6.232082500000002,1.4202775,-87.97062737487502,-73.81938625862493
49.1,6.234142500000003,1.4174324999999999,-88.11829100725004,-73.93002978724994
49.15,6.230920000000003,1.4093050000000003,-88.27188766287503,-74.04579729049993
49.2,6.225270000000003,1.3987499999999993,-88.43484966925004,-74.16936108049994
49.25,6.2162875000000035,1.3848625,-88.61235003425003,-74.30849292737493
49.3,6.199715000000005,1.3633850000000014,-88.79928929987501,-74.45409716324993
49.35,6.175482500000003,1.334247499999999,-89.00696963025003,-74.61536752249994
49.4,6.149060000000004,1.3029200000000007,-89.22891863637501,-74.79299047062493
49.45,6.119432500000001,1.2683874999999978,-89.41931474612502,-74.94678325924994
49.5,6.091977500000003,1.2360274999999996,-89.58477744825001,-75.08115888087494
49.55,6.079670000000004,1.2188150000000006,-89.754751209375,-75.21739776599993
49.6,6.079420000000003,1.2136600000000002,-89.93073154362501,-75.35503409874994
49.65,6.083185000000003,1.2125200000000003,-90.121617985875,-75.50272224774993
49.7,6.092945000000004,1.2173750000000008,-90.32782731875002,-75.66254612612494
49.75,6.101520000000003,1.2210450000000006,-90.52087122400002,-75.82205128837492
49.8,6.103855000000003,1.2184750000000006,-90.68915333800001,-75.97547632762492
49.85,6.1113475000000035,1.2210625000000008,-90.85527798900003,-76.13034784774993
49.9,6.132290000000002,1.2370999999999999,-91.02892924387503,-76.28612648299992
49.95,6.161717500000004,1.2616225000000019,-91.20238436575004,-76.43548176249993
50.0,6.1941450000000025,1.2891450000000002,-91.37799695062502,-76.57976210062492
50.05,6.22886,1.3189549999999985,-91.55132948937501,-76.71676100112491
50.1,6.257570000000002,1.3427600000000006,-91.71630185900003,-76.84206547149992
50.15,6.271437500000001,1.3517225000000002,-91.86965334837502,-76.95368966512491
50.2,6.270465000000001,1.3458449999999997,-92.00449478587504,-77.04930450262492
50.25,6.252660000000001,1.323135000000001,-92.11727126087503,-77.12349180987492
50.3,6.222052500000003,1.287622500000003,-92.21200349987502,-77.18321430837491
50.35,6.1910525000000005,1.2517175,-92.29930720150003,-77.24202969174992
50.4,6.159607500000003,1.2153675000000022,-92.38241856025002,-77.30231607262492
50.45,6.122982499999999,1.1738374999999985,-92.46020981137502,-77.36287213637492
50.5,6.082107500000001,1.128057500000001,-92.53018025912502,-77.41558288012492
50.55,6.030992500000004,1.0720375000000042,-92.59269765287502,-77.45525077937491
50.6,5.961472499999998,0.9976124999999978,-92.65264080100002,-77.4889856553749
50.65,5.880037500000003,0.9112725000000027,-92.71172586725001,-77.5246083114999
50.7,5.791239999999996,0.8175699999999947,-92.76654504075002,-77.55804898799991
50.75,5.6949900000000016,0.7164150000000005,-92.81766220387502,-77.58778765412491
50.8,5.600447500000007,0.6169675000000061,-92.86551865587501,-77.6181147192499
50.85,5.507134999999999,0.5187499999999977,-92.90548075462502,-77.6447397739999
50.9,5.408512500000005,0.4152225000000036,-92.94576156950002,-77.6733506753749
50.95,5.307109999999996,0.30891499999999456,-92.99312768900002,-77.7080662163749
51.0,5.210935000000002,0.20783500000000027,-93.04755459650002,-77.7420952918749
51.05,5.1245925000000065,0.11658750000000545,-93.10406541712501,-77.77489853612491
51.1,5.036849999999999,0.023939999999997547,-93.15121088700002,-77.8031907213749
51.15,4.948740000000004,-0.06907499999999717,-93.18970198825002,-77.8293254436249
51.2,4.872894999999998,-0.14982500000000404,-93.21561606087502,-77.8570537464999
51.25,4.808810000000002,-0.2188150000000001,-93.23643067550002,-77.8842672002499
51.3,4.757135000000005,-0.2753949999999969,-93.26197699875001,-77.9143000658749
51.35,4.730737500000003,-0.30669749999999957,-93.26901327012501,-77.9438671156249
51.4,4.736832500000002,-0.30550749999999965,-93.25437684500001,-77.96539271237489
51.45,4.765000000000004,-0.2822449999999977,-93.24501149425001,-77.9784110402499
51.5,4.808460000000002,-0.24368999999999988,-93.252023249,-77.9883893066249
51.55,4.862364999999999,-0.19469000000000267,-93.26683129050001,-78.00224119974989
51.6,4.917820000000003,-0.14413999999999835,-93.278305071,-78.02102093449989
51.65,4.970485,-0.09638000000000106,-93.28600329125001,-78.04536594312489
51.7,5.019692500000004,-0.052077499999997286,-93.28727815575002,-78.07037290062489
51.75,5.064580000000001,-0.012094999999999557,-93.26903778675002,-78.08589192424989
51.8,5.110167499999998,0.02858749999999813,-93.23147831725002,-78.09069718274989
51.85,5.159640000000002,0.07315500000000194,-93.19431111375002,-78.0877797043749
51.9,5.207982499999999,0.11659249999999949,-93.17543331250002,-78.0812827987499
51.95,5.2495125000000025,0.15321750000000262,-93.17768884200002,-78.0776543382499
52.0,5.2852525,0.18405250000000087,-93.18960392175002,-78.0812337654999
52.05,5.320279999999999,0.21417499999999917,-93.19357561500001,-78.0901578169999
52.1,5.354517500000002,0.24350750000000168,-93.18151343550001,-78.0966547226249
52.15,5.3877875,0.2718725000000001,-93.15371158275,-78.09302626212491
52.2,5.420732500000002,0.29991250000000247,-93.11713277825,-78.0778749878749
52.25,5.450937500000001,0.325212500000001,-93.08526116575,-78.0569377901249
52.3,5.4763325,0.34570249999999986,-93.064716234,-78.03683415762491
52.35,5.498195000000002,0.3626600000000013,-93.050521108125,-78.02106996774991
52.4,5.516350000000001,0.3759100000000006,-93.032623971875,-78.00969425374991
52.45,5.529842500000002,0.3844975000000013,-93.0044053365,-77.99934823799991
52.5,5.540685000000001,0.390435000000001,-92.969469145875,-77.98998288724991
52.55,5.5538875,0.3987325000000005,-92.956034035375,-78.00167731737491
52.6,5.571550000000002,0.4114900000000016,-92.994917402625,-78.05568744224992
52.65,5.585207500000001,0.4202425000000011,-93.07099249000001,-78.13843105162492
52.7,5.589247500000002,0.419377500000001,-93.14530238037501,-78.21813459949993
52.75,5.589002500000002,0.4142275000000013,-93.20705975875,-78.28271138974993
52.8,5.590370000000002,0.4106900000000015,-93.27197978175,-78.33762862974993
52.85,5.593985000000002,0.4094000000000014,-93.35590018912501,-78.39529173174994
52.9,5.599117500000001,0.40962750000000137,-93.46056166125,-78.46962613874993
52.95,5.605820000000001,0.41142500000000154,-93.57713821312501,-78.56261769737493
53.0,5.610422500000001,0.41112250000000156,-93.68837014075001,-78.66141969612492
53.05,5.612477500000001,0.4082725000000017,-93.77770872225001,-78.74879694762492
53.1,5.616157500000001,0.4070475000000016,-93.84581590650002,-78.81994419337494
53.15,5.620872500000001,0.40685750000000165,-93.90995139750002,-78.88170157174993
53.2,5.624902500000001,0.4059825000000016,-93.99218015775003,-78.94537124687493
53.25,5.628990000000001,0.4051650000000016,-94.09598354800002,-79.02134826774993
53.3,5.6328775,0.40414750000000166,-94.20442058037501,-79.10933843487493
53.35,5.636405000000001,0.4027700000000015,-94.29768182187502,-79.19534275537494
53.4,5.640157500000001,0.40161750000000157,-94.36873100112501,-79.26754421599993
53.45,5.644425000000001,0.4009800000000015,-94.43063547925001,-79.32814931299994
53.5,5.648747500000001,0.4003975000000015,-94.505827968125,-79.38755309537494
53.55,5.6528225,0.3995675000000016,-94.604384800625,-79.45749902649993
53.6,5.6564250000000005,0.3982650000000015,-94.71581286125001,-79.54394464624994
53.65,5.6591075,0.39604250000000163,-94.8231466455,-79.63843171899994
53.7,5.661885000000001,0.39391500000000146,-94.91434849050002,-79.72575993724995
53.75,5.665985,0.3931100000000015,-94.98574090250001,-79.79828011399994
53.8,5.670904999999999,0.3931250000000015,-95.04668923225,-79.85780647949993
53.85,5.67585,0.3931650000000015,-95.11364413512501,-79.91255210312494
53.9,5.680604999999999,0.3930150000000015,-95.19555417925001,-79.96962680612494
53.95,5.68476,0.3922650000000014,-95.29246839787501,-80.03405649662494
54.0,5.688527499999999,0.39112750000000146,-95.40156737912501,-80.11184774774993
54.05,5.692079999999999,0.38977500000000154,-95.51628066750001,-80.20314765924992
54.1,5.695675,0.38846500000000145,-95.62849326012503,-80.30082189324993
54.15,5.6997075,0.3875925000000015,-95.73450314662502,-80.39709867962493
54.2,5.703755,0.38673500000000144,-95.83310901237502,-80.48709920999994
54.25,5.7078275,0.3859025000000015,-95.92036368075001,-80.56839633849994
54.3,5.71308,0.3862500000000015,-95.99231997512501,-80.63934745124993
54.35,5.7190525,0.3873175000000016,-96.05211602350002,-80.70063901374994
54.4,5.723435,0.3867950000000016,-96.11470696712502,-80.75700273462493
54.45,5.72702,0.3854750000000015,-96.19754864300002,-80.81800009762493
54.5,5.7317675,0.38531750000000153,-96.30179333250001,-80.89275128724992
54.55,5.7371324999999995,0.3857775000000015,-96.4149620735,-80.98177115262492
54.6,5.74241,0.38615000000000155,-96.52543398575001,-81.07616015887493
54.65,5.748122499999999,0.3869575000000015,-96.6222746545,-81.16353741037493
54.7,5.754427499999999,0.38835750000000163,-96.69741811012501,-81.23637630324994
54.75,5.760129999999999,0.3891550000000016,-96.75868515600001,-81.29649106774994
54.8,5.764449999999999,0.38857000000000164,-96.825443925875,-81.35121217474993
54.85,5.767174999999999,0.38639000000000145,-96.91009983200001,-81.40934109262494
54.9,5.768544999999999,0.38285500000000167,-97.012898040625,-81.48083157112494
54.95,5.770232499999999,0.3796375000000014,-97.12437513450001,-81.56887077149995
55.0,5.773357499999999,0.3778575000000015,-97.23112051975001,-81.66406882637494
55.05,5.778024999999999,0.3776200000000015,-97.322690114125,-81.75299062524994
55.1,5.783747499999999,0.3784375000000016,-97.394940608,-81.82813408087495
55.15,5.789419999999998,0.37920500000000157,-97.45657540325,-81.89052889149994
55.2,5.794422499999999,0.3793025000000016,-97.527918782,-81.94775069424995
55.25,5.7995899999999985,0.3795650000000016,-97.62113099025,-82.01056228749994
55.3,5.805259999999998,0.38033000000000156,-97.73064675412499,-82.08658834162493
55.35,5.810132499999998,0.38029750000000156,-97.84589940825,-82.17604950624994
55.4,5.813934999999998,0.3791950000000016,-97.95862685,-82.27188499337494
55.45,5.817047499999998,0.3774025000000015,-98.06029729387501,-82.36362620412494
55.5,5.8202349999999985,0.37568500000000155,-98.141937655125,-82.44318265224993
55.55,5.824019999999998,0.3745650000000016,-98.20315566775,-82.50874010749993
55.6,5.828177499999999,0.3738175000000015,-98.2582200075,-82.56532447799994
55.65,5.833082499999999,0.3738175000000015,-98.32416972875,-82.61999655174994
55.7,5.838229999999999,0.37406000000000156,-98.407354637375,-82.67785578674994
55.75,5.842412499999999,0.3733375000000016,-98.50593598649999,-82.74351130849995
55.8,5.846152499999999,0.3721725000000017,-98.61633434887499,-82.82220967474994
55.85,5.850529999999999,0.3716450000000016,-98.732739284375,-82.91431863487495
55.9,5.855057499999999,0.37126750000000164,-98.846349324625,-83.01118382024994
55.95,5.8592225,0.37052750000000156,-98.94672038737501,-83.10017916899994
56.0,5.863412499999999,0.3698125000000016,-99.025663919875,-83.17262579587494
56.05,5.867897499999999,0.3693925000000016,-99.09266785599999,-83.23212764474994
56.1,5.8727599999999995,0.3693500000000016,-99.17166042175,-83.29378695662494
56.15,5.877037499999999,0.3687225000000017,-99.273085699375,-83.37199499037494
56.2,5.879915,0.3666950000000015,-99.38385181112501,-83.46403040062495
56.25,5.882827499999999,0.3647025000000016,-99.48360995825,-83.55322188237494
56.3,5.887309999999999,0.3642800000000016,-99.56164637562499,-83.62998343524994
56.35,5.8925374999999995,0.3646025000000016,-99.620486275625,-83.69502604137494
56.4,5.897219999999999,0.3643800000000016,-99.67341766899999,-83.75163492849994
56.45,5.9014925,0.36374750000000156,-99.7382396255,-83.80552247024994
56.5,5.90558,0.3629300000000016,-99.826818191625,-83.86693661587493
56.55,5.909232499999999,0.36167750000000165,-99.93486295799998,-83.94416398462494
56.6,5.912462499999999,0.3600025000000015,-100.045555519875,-84.03286513387495
56.65,5.915702499999999,0.3583375000000016,-100.13945419362499,-84.11752103999994
56.7,5.91946,0.3571900000000015,-100.2081742935,-84.18778568724994
56.75,5.923845,0.35667000000000154,-100.2666219275,-84.24633138774993
56.8,5.9282675,0.35618750000000154,-100.33575880999999,-84.30105249474992
56.85,5.9330325,0.3560475000000015,-100.42127279799999,-84.35771041512493
56.9,5.93882,0.35693000000000147,-100.51894703199999,-84.42017877562492
56.95,5.94426,0.35746500000000153,-100.623216238125,-84.49022277324993
57.0,5.9486025,0.35690250000000157,-100.73032937274999,-84.56673915987493
57.05,5.952817499999999,0.3562125000000016,-100.84035998574998,-84.64923760299992
57.1,5.9575225,0.35601250000000156,-100.95441132524999,-84.73889490062493
57.15,5.962384999999999,0.35597000000000156,-101.07211564187499,-84.83652010137492
57.2,5.966755,0.3554350000000015,-101.1909967565,-84.93880346087492
57.25,5.9708749999999995,0.3546500000000015,-101.31007400412498,-85.04179780249991
57.3,5.974732499999999,0.3536025000000016,-101.43211776337498,-85.1462876582499
57.35,5.978809999999999,0.3527750000000015,-101.55847644862499,-85.25288594374992
57.4,5.983682499999999,0.3527425000000015,-101.68650226437498,-85.35982746199991
57.45,5.988209999999999,0.3523650000000015,-101.81104671937499,-85.46407215149992
57.5,5.992482499999999,0.3517325000000015,-101.92399481074997,-85.56098637012491
57.55,5.997264999999999,0.35161000000000153,-102.01806510087496,-85.6478732891249
57.6,6.001927499999999,0.3513675000000015,-102.09342920612497,-85.72556647374991
57.65,6.006422499999998,0.35095750000000153,-102.15432850262496,-85.79460528974991
57.7,6.0112299999999985,0.3508600000000015,-102.20645084737497,-85.85496522049992
57.75,6.015917499999999,0.3506425000000015,-102.26112292112497,-85.90914696174991
57.8,6.020307499999999,0.35012750000000153,-102.33025980362495,-85.96158802262491
57.85,6.025264999999999,0.35018000000000155,-102.41614154099996,-86.01633364624992
57.9,6.030359999999999,0.3503700000000015,-102.51369319187495,-86.07796844149992
57.95,6.03487,0.3499750000000015,-102.62141924212496,-86.15433772837493
58.0,6.039549999999999,0.3497500000000015,-102.73333763524995,-86.24433825874992
58.05,6.044762499999999,0.35005750000000146,-102.83162478487495,-86.33281875837491
58.1,6.0501625,0.3505525000000015,-102.90394882862495,-86.40764349787491
58.15,6.055829999999999,0.35131500000000143,-102.95916026812495,-86.46895957699991
58.2,6.06169,0.3522700000000015,-103.01701950312496,-86.52316583487492
58.25,6.067497499999999,0.3531725000000015,-103.08841191512495,-86.57580302874992
58.3,6.073139999999999,0.35391000000000145,-103.17505366787495,-86.63268159874991
58.35,6.078347499999999,0.3542125000000015,-103.27571893012495,-86.70123008224992
58.4,6.0835849999999985,0.35454500000000144,-103.38736764037495,-86.78568985537491
58.45,6.088737499999999,0.35479250000000145,-103.50146801312496,-86.88020144474991
58.5,6.093187499999998,0.35433750000000147,-103.60132422674995,-86.97030004162491
58.55,6.097332499999998,0.3535775000000015,-103.67573218362494,-87.0445118654999
58.6,6.101109999999998,0.3524500000000014,-103.73888700962495,-87.1043814637499
58.65,6.104322499999998,0.35075750000000144,-103.81474144737494,-87.1602058188749
58.7,6.107962499999998,0.3494925000000013,-103.90868915437495,-87.2220367471249
58.75,6.111872499999998,0.34849750000000135,-104.01440484137495,-87.2968860032499
58.8,6.114994999999998,0.34671500000000144,-104.12745099924994,-87.3851458532499
58.85,6.117942499999998,0.34475750000000127,-104.24527789899996,-87.48230523812491
58.9,6.121354999999998,0.3432650000000014,-104.36531129499996,-87.5836079326249
58.95,6.125199999999998,0.34220500000000126,-104.48495242499996,-87.68537644299991
59.0,6.129384999999997,0.3414850000000013,-104.60179865974996,-87.7857965389999
59.05,6.133719999999997,0.34091500000000136,-104.71280993774995,-87.8831275402499
59.1,6.138142499999997,0.3404325000000013,-104.81639267837497,-87.9764868482499
59.15,6.142937499999997,0.3403225000000013,-104.91455724487496,-88.0669286778749
59.2,6.148462499999997,0.34094250000000137,-105.01144694687497,-88.15641435912491
59.25,6.154697499999997,0.3422725000000013,-105.10917021412496,-88.24636585624991
59.3,6.161097499999996,0.3437675000000012,-105.20044560899996,-88.33303212562491
59.35,6.166419999999996,0.34418500000000124,-105.27325998524996,-88.40844526412492
59.4,6.170969999999996,0.34383000000000125,-105.33168310262496,-88.47044780874992
59.45,6.175919999999996,0.34387500000000126,-105.39542632762497,-88.52460503337493
59.5,6.180497499999996,0.3435475000000013,-105.47775315437497,-88.58045390512493
59.55,6.184102499999995,0.34224750000000137,-105.57905584887496,-88.64897787199992
59.6,6.1876199999999955,0.3408600000000013,-105.69305815512497,-88.73500670912493
59.65,6.1921699999999955,0.3405050000000013,-105.80985535662496,-88.83211706074992
59.7,6.197924999999996,0.34135500000000135,-105.91625750912497,-88.92731511562494
59.75,6.203382499999996,0.3419075000000013,-105.99657397262497,-89.00665091412493
59.8,6.208054999999995,0.34167500000000134,-106.05651712074997,-89.06826119274993
59.85,6.212527499999996,0.3412425000000013,-106.12298169112498,-89.12315391612493
59.9,6.2165474999999955,0.3403575000000013,-106.21195252324998,-89.18444547862494
59.95,6.219702499999996,0.33860750000000117,-106.32073278837498,-89.26289867862495
60.0,6.222287499999996,0.3362875000000013,-106.43544607674998,-89.35620895337495
60.05,6.225559999999995,0.33465500000000137,-106.54018109874998,-89.44929857849993
60.1,6.229947499999995,0.3341375000000013,-106.6221156595,-89.52883050999993
60.15,6.234314999999995,0.33360000000000134,-106.682058807625,-89.59276986799993
60.2,6.2380599999999955,0.33244000000000123,-106.7352844005,-89.64665740974993
60.25,6.241307499999995,0.3307825000000013,-106.793266218625,-89.69605840912493
60.3,6.244539999999995,0.3291100000000014,-106.857597842625,-89.74425809387493
60.35,6.2484049999999955,0.3280700000000013,-106.92803410625001,-89.79329134387494
60.4,6.252819999999995,0.3275800000000013,-107.00432984325,-89.84450657349994
60.45,6.2578374999999955,0.32769250000000133,-107.08682828637501,-89.89890896437494
60.5,6.263194999999995,0.3281450000000013,-107.179697261875,-89.96078892587494
60.55,6.268639999999995,0.3286850000000013,-107.28676136325,-90.03791822812494
60.6,6.274457499999996,0.3295975000000014,-107.402651449625,-90.13039493762494
60.65,6.279864999999996,0.33010000000000134,-107.51479049237498,-90.22686785699993
60.7,6.284354999999996,0.3296850000000013,-107.60805173387499,-90.31338702662494
60.75,6.2888049999999955,0.3292300000000013,-107.67618343474999,-90.38298972499993
60.8,6.294204999999995,0.32972500000000127,-107.73654336549998,-90.44089799324993
60.85,6.300337499999996,0.33095250000000137,-107.81551141462499,-90.50069404162494
60.9,6.306429999999995,0.3321400000000013,-107.91916770512499,-90.57539619799994
60.95,6.312334999999996,0.33314000000000143,-108.030252533,-90.66392573087495
61.0,6.317959999999995,0.3338600000000014,-108.125180905,-90.74919455262494
61.05,6.3237174999999946,0.33471250000000136,-108.193851971625,-90.81835595174994
61.1,6.329297499999995,0.3353875000000014,-108.25153959025,-90.87525903837494
61.15,6.333954999999994,0.3351400000000014,-108.32175520425,-90.93130404312492
61.2,6.338484999999995,0.33476500000000137,-108.411363468625,-90.99330658774993
61.25,6.343782499999994,0.33515750000000133,-108.51291132937499,-91.06210023749992
61.3,6.349529999999994,0.3360000000000013,-108.61995091412498,-91.13797919187492
61.35,6.354417499999995,0.3359825000000013,-108.73030024325,-91.22123765037493
61.4,6.358872499999995,0.33553250000000134,-108.84415544974999,-91.31128721399993
61.45,6.3639499999999956,0.33570500000000136,-108.961859766375,-91.40746593387495
61.5,6.369499999999995,0.3363500000000013,-109.0796621495,-91.50688084824993
61.55,6.374927499999995,0.3368725000000013,-109.18827079824999,-91.60141695424993
61.6,6.379702499999995,0.3367425000000013,-109.27885972762499,-91.68401346387493
61.65,6.385059999999995,0.33719500000000124,-109.34868307562499,-91.75351809574993
61.7,6.391687499999995,0.33891750000000137,-109.40284030024999,-91.81221089599993
61.75,6.398254999999995,0.34058000000000127,-109.45810077299998,-91.86587778812492
61.8,6.403717499999995,0.34113750000000126,-109.53353842812498,-91.92295249112492
61.85,6.408189999999995,0.3407050000000012,-109.63287979262499,-91.99186872399993
61.9,6.412414999999995,0.34002500000000124,-109.74671048249998,-92.07689237949992
61.95,6.4167849999999955,0.3394900000000012,-109.86488061499999,-92.17361046512494
62.0,6.420967499999995,0.3387675000000012,-109.97567124337499,-92.26937240237493
62.05,6.425049999999995,0.33794500000000127,-110.06263171224998,-92.35069404749993
62.1,6.429794999999996,0.3377850000000013,-110.12294260974998,-92.41487857174994
62.15,6.435129999999996,0.33821500000000126,-110.17504043787498,-92.47018807774994
62.2,6.439817499999996,0.3379975000000012,-110.23731266537499,-92.52456595199995
62.25,6.443524999999996,0.3368000000000013,-110.31726137949998,-92.58230260387494
62.3,6.447602499999996,0.33597250000000134,-110.41613692812497,-92.64960073949993
62.35,6.451417499999996,0.33488250000000125,-110.52999213462498,-92.73182949974994
62.4,6.453572499999996,0.3321325000000014,-110.64855453312497,-92.82499267474994
62.45,6.4554449999999965,0.3291000000000011,-110.75579025087498,-92.91580225374994
62.5,6.458239999999996,0.3269900000000012,-110.83767577837497,-92.99251477337494
62.55,6.461762499999996,0.3256075000000013,-110.89855055824997,-93.05498313387493
62.6,6.465712499999997,0.32465250000000123,-110.96432866312497,-93.11355335099994
62.65,6.469582499999997,0.3236175000000013,-111.05719763862497,-93.18330314912494
62.7,6.473662499999997,0.3227925000000012,-111.16747341787497,-93.26793453862494
62.75,6.4786249999999965,0.3228500000000012,-111.26696188212497,-93.35327691024993
62.8,6.4841849999999965,0.32350500000000115,-111.34046272387496,-93.42614031974993
62.85,6.489414999999997,0.3238300000000012,-111.39709612762496,-93.48699058299994
62.9,6.493919999999997,0.3234300000000012,-111.46022643699996,-93.54389366962494
62.95,6.498439999999997,0.3230450000000012,-111.54652495699997,-93.60606783062494
63.0,6.503514999999997,0.3232150000000012,-111.65552587174997,-93.68248615074994
63.05,6.508902499999996,0.3236975000000012,-111.77175919087496,-93.77192279874993
63.1,6.513642499999996,0.32353250000000117,-111.87333156824997,-93.85893230087494
63.15,6.5176924999999954,0.3226775000000012,-111.94727370924996,-93.93110924487493
63.2,6.521594999999996,0.32167500000000115,-112.00206836612496,-93.98992462824994
63.25,6.525449999999996,0.3206250000000012,-112.05828498724996,-94.04364055362494
63.3,6.529434999999996,0.3197050000000013,-112.13310972674996,-94.10064170674994
63.35,6.533887499999996,0.31925250000000127,-112.23022007837497,-94.16784177587495
63.4,6.539049999999996,0.31951000000000124,-112.34167265562496,-94.24989891974994
63.45,6.5440574999999965,0.31961250000000124,-112.45773435837498,-94.34421437612495
63.5,6.548057499999996,0.3187075000000013,-112.57144246512497,-94.44154537737495
63.55,6.551494999999996,0.3172400000000014,-112.67367679137497,-94.53223237324994
63.6,6.555292499999996,0.3161325000000013,-112.75249774074997,-94.60857714349994
63.65,6.559372499999996,0.31530750000000135,-112.81126409087497,-94.67006483899993
63.7,6.562862499999996,0.31389250000000124,-112.87150143849998,-94.72463884624995
63.75,6.566534999999996,0.3126600000000013,-112.95044497099997,-94.78240001474994
63.8,6.571554999999996,0.3127750000000013,-113.04870760399996,-94.85197819649993
63.85,6.577149999999996,0.3134650000000014,-113.16001308149997,-94.93773735074994
63.9,6.582182499999996,0.3135925000000014,-113.27857547999996,-95.03592643387493
63.95,6.586682499999996,0.31318750000000134,-113.39833919312497,-95.13813624349994
64.0,6.5907024999999955,0.31230250000000137,-113.51567576037496,-95.23831117324994
64.05,6.593919999999995,0.3106150000000015,-113.63041356537495,-95.33475957599994
64.1,6.597159999999995,0.30895000000000156,-113.74068934462494,-95.42762855149994
64.15,6.601639999999996,0.30852500000000144,-113.84336497012497,-95.51743294887495
64.2,6.6068674999999955,0.30884750000000144,-113.93682234462496,-95.60375598549994
64.25,6.611359999999995,0.30843500000000146,-114.01983563687496,-95.68488149762494
64.3,6.615069999999995,0.3072400000000015,-114.09208613074995,-95.76017205299993
64.35,6.618989999999995,0.30625500000000155,-114.15475062424994,-95.82960313499993
64.4,6.623439999999996,0.30580000000000146,-114.20854009949996,-95.89229214512494
64.45,6.628652499999996,0.3061075000000014,-114.25769593262496,-95.94860683274993
64.5,6.6344574999999955,0.3070075000000014,-114.31562871749995,-96.00256792437493
64.55,6.640007499999995,0.3076525000000013,-114.39386126787494,-96.06030457624992
64.6,6.644927499999994,0.3076675000000013,-114.49065290337494,-96.12652398037491
64.65,6.649614999999995,0.3074500000000013,-114.59832992037497,-96.20360424937493
64.7,6.6546549999999955,0.3075850000000013,-114.71228319337496,-96.29269766462492
64.75,6.6598874999999955,0.30791250000000125,-114.82775649712495,-96.39020028224992
64.8,6.664729999999995,0.30785000000000123,-114.93403606649994,-96.48530027062492
64.85,6.669647499999995,0.30786250000000126,-115.01673064262494,-96.56571480062492
64.9,6.674589999999996,0.3079000000000013,-115.07907641999995,-96.62928640924993
64.95,6.679177499999995,0.3075825000000013,-115.14880170149995,-96.68805275937493
65.0,6.684019999999995,0.3075200000000013,-115.24436750574995,-96.75846450637492
65.05,6.687884999999994,0.30648000000000136,-115.35608976587494,-96.84598885762492
65.1,6.690939999999994,0.30463000000000146,-115.45979508962493,-96.93655327037492
65.15,6.694592499999995,0.3033775000000012,-115.53719407474995,-97.01230964162494
65.2,6.698859999999995,0.30274000000000123,-115.59613204124994,-97.07200762349993
65.25,6.703579999999995,0.30255500000000124,-115.66492569099994,-97.12881264362493
65.3,6.707019999999995,0.3010900000000013,-115.75948631362493,-97.19726306062492
65.35,6.709059999999995,0.29822500000000146,-115.87150277324993,-97.28338996424992
65.4,6.711744999999995,0.29600500000000096,-115.98533346312496,-97.37910286824994
65.45,6.714887499999995,0.2942425000000011,-116.08935750299996,-97.46988793062494
65.5,6.717464999999995,0.2919150000000012,-116.17744573662496,-97.54900307949993
65.55,6.720267499999995,0.2898125000000013,-116.24950009749996,-97.61737994662492
65.6,6.723474999999995,0.2881150000000014,-116.30887936324996,-97.67724954487493
65.65,6.7262124999999955,0.2859475000000009,-116.36117332437497,-97.73106353674994
65.7,6.729469999999996,0.284300000000001,-116.41430085074997,-97.78156778424994
65.75,6.734214999999995,0.284140000000001,-116.47711244399996,-97.83273398062494
65.8,6.739544999999995,0.28456500000000096,-116.55742890749995,-97.89223582949994
65.85,6.744467499999995,0.28458250000000096,-116.65870708537494,-97.97007611387494
65.9,6.748854999999996,0.28406500000000084,-116.77506298762496,-98.06419543724996
65.95,6.753717499999996,0.28402250000000084,-116.89813644512496,-98.16277678637496
66.0,6.7593149999999955,0.28471500000000083,-117.01978793837496,-98.25765612512495
66.05,6.764732499999996,0.2852275000000008,-117.12741592212495,-98.34307204662495
66.1,6.770229999999995,0.28582000000000074,-117.21020856474995,-98.41505285762494
66.15,6.776289999999997,0.286975000000001,-117.27078914512497,-98.47484890599996
66.2,6.782074999999996,0.2878550000000009,-117.32813353099996,-98.52966807949996
66.25,6.787422499999996,0.2882975000000009,-117.40156082287496,-98.58789506387495
66.3,6.793709999999996,0.28968000000000077,-117.49720017699995,-98.65911585949995
66.35,6.801209999999996,0.2922750000000006,-117.60811338849994,-98.74840540774994
66.4,6.808077499999997,0.29423750000000104,-117.71853626749997,-98.84458412762497
66.45,6.812712499999996,0.29396750000000105,-117.81116007674997,-98.92926455037497
66.5,6.815637499999996,0.2919875000000012,-117.88154730712496,-98.99587622049997
66.55,6.818452499999996,0.2898975000000013,-117.94590344774996,-99.05199477512497
66.6,6.821919999999996,0.2884600000000014,-118.02425858124995,-99.10931464437496
66.65,6.826344999999997,0.2879800000000013,-118.12198184849997,-99.17717666237498
66.7,6.831332499999997,0.2880625000000013,-118.23262537712496,-99.26055770399996
66.75,6.836142499999997,0.28796750000000126,-118.34704446599996,-99.35629512462496
66.8,6.840912499999996,0.28783250000000127,-118.45653571324995,-99.45445969112495
66.85,6.845679999999996,0.28769500000000126,-118.55457769662495,-99.54607831874995
66.9,6.850192499999997,0.2873025000000012,-118.64009168462496,-99.62931226062497
66.95,6.854064999999997,0.28627000000000125,-118.71378865937496,-99.70494604874996
67.0,6.8577549999999965,0.28505500000000134,-118.77522732162495,-99.77153320224996
67.05,6.861982499999996,0.2843775000000014,-118.82862453087495,-99.82936792062495
67.1,6.867242499999996,0.2847325000000014,-118.88660634899995,-99.88251996362494
67.15,6.873347499999998,0.28593250000000164,-118.96481438274996,-99.93969273312496
67.2,6.878707499999997,0.2863875000000016,-119.06680354274995,-100.01238452624996
67.25,6.883149999999997,0.28592500000000165,-119.17413732699994,-100.09755528149995
67.3,6.887257499999997,0.2851275000000017,-119.25997003112494,-100.17542008249994
67.35,6.891332499999996,0.28429750000000176,-119.32464488787494,-100.23761876012493
67.4,6.895457499999997,0.2835175000000016,-119.39417403637495,-100.29359021499994
67.45,6.899762499999997,0.2829175000000016,-119.48125708837495,-100.35267528124993
67.5,6.904177499999997,0.2824275000000016,-119.58113781862494,-100.41953211762493
67.55,6.907734999999996,0.28108000000000166,-119.68817740337494,-100.49700465262492
67.6,6.910412499999996,0.2788525000000018,-119.79994869674994,-100.58440642074991
67.65,6.913527499999997,0.2770625000000014,-119.91446585212496,-100.67874639374993
67.7,6.917472499999997,0.2761025000000014,-120.02540358024996,-100.77453284762493
67.75,6.921282499999997,0.27500750000000146,-120.12229328224996,-100.86296431399992
67.8,6.925412499999997,0.2742325000000015,-120.19684833887496,-100.93729872099992
67.85,6.9306024999999964,0.27451750000000147,-120.25321205974996,-100.99832060062492
67.9,6.935489999999998,0.27450000000000147,-120.30651120249996,-101.05157071012493
67.95,6.938709999999998,0.2728150000000016,-120.37157832524996,-101.10391370449993
68.0,6.941244999999998,0.2704450000000017,-120.45814652812496,-101.16481300099993
68.05,6.944927499999998,0.2692225000000018,-120.56479384687495,-101.24260425212492
68.1,6.949409999999998,0.2688000000000018,-120.67445671049994,-101.33177121724991
68.15,6.9534224999999985,0.26790750000000163,-120.76536435599996,-101.41463740974993
68.2,6.957139999999998,0.2667200000000017,-120.83070116162496,-101.48178844562493
68.25,6.960864999999998,0.2655400000000017,-120.88684423287495,-101.53839733274992
68.3,6.9647774999999985,0.26454750000000177,-120.95556433274994,-101.59431975437492
68.35,6.968759999999998,0.26362500000000183,-121.04536873012493,-101.65727844737492
68.4,6.972374999999999,0.26233500000000154,-121.15302123049996,-101.73313288512495
68.45,6.975392499999998,0.26044750000000166,-121.27001456499995,-101.82411408049994
68.5,6.977747499999998,0.25789750000000183,-121.38889567962495,-101.92458320974994
68.55,6.979897499999998,0.255142500000002,-121.50512899874994,-102.02380199112494
68.6,6.982354999999998,0.2526950000000021,-121.61037886987494,-102.11468511999993
68.65,6.985577499999999,0.25101250000000175,-121.69493670949996,-102.19497706687496
68.7,6.988962499999999,0.24949250000000184,-121.75845928487496,-102.26384426649994
68.75,6.992292499999999,0.24791750000000193,-121.81048356312496,-102.32359128162494
68.8,6.996197499999998,0.24691750000000198,-121.87170157574995,-102.38174471612494
68.85,7.000819999999998,0.246635000000002,-121.96143242324995,-102.45107773162493
68.9,7.006029999999999,0.24694000000000205,-122.07229660149997,-102.53776851762495
68.95,7.010424999999999,0.24643000000000206,-122.17982651874996,-102.63058845987494
69.0,7.013464999999998,0.24456500000000217,-122.26901800049995,-102.71460693374993
69.05,7.017204999999998,0.24340000000000223,-122.33852263237495,-102.78455286487493
69.1,7.021949999999998,0.24324000000000223,-122.39449408724994,-102.84290243237493
69.15,7.026122499999999,0.24250750000000207,-122.44889647812495,-102.89453444462494
69.2,7.029662499999999,0.24114250000000215,-122.51764109462495,-102.94736777149994
69.25,7.033239999999998,0.23981500000000222,-122.60982360462495,-103.01321942624993
69.3,7.037462499999998,0.23913250000000225,-122.71921678537494,-103.09824308174993
69.35,7.0424799999999985,0.23924500000000223,-122.83101259537493,-103.19454438474992
69.4,7.04794,0.23980000000000237,-122.93243787299996,-103.28653076174994
69.45,7.052865,0.23982000000000236,-123.01704474587495,-103.36544977762495
69.5,7.057432499999999,0.23948250000000237,-123.08593646212495,-103.43196338124994
69.55,7.062029999999999,0.23917500000000239,-123.14413892987494,-103.48920970062494
69.6,7.066167499999999,0.23840750000000244,-123.19682515699994,-103.54037589699993
69.65,7.0701025,0.23743750000000222,-123.25350759399994,-103.58997302937495
69.7,7.0740875,0.23651750000000227,-123.32649358662493,-103.64530705199994
69.75,7.0784025,0.2359275000000023,-123.42105420924993,-103.71557169924994
69.8,7.08369,0.23631000000000227,-123.53204097062492,-103.80488576412493
69.85,7.0898699999999995,0.23758500000000218,-123.64869107237492,-103.90574715937493
69.9,7.0958975,0.23870750000000243,-123.76185981337494,-104.00486787424995
69.95,7.10173,0.23963500000000237,-123.86406962299993,-104.09327482399995
70.0,7.1072999999999995,0.24030000000000235,-123.95031910974993,-104.16885957887494
70.05,7.1120874999999995,0.24018250000000235,-124.02055924037492,-104.23319120287493
70.1,7.116874999999999,0.24006500000000236,-124.07839395874991,-104.28933427412493
70.15,7.121915,0.24020000000000238,-124.12943757199993,-104.34118693599994
70.2,7.1272325,0.24061250000000237,-124.17932890387493,-104.39174021674994
70.25,7.133022499999999,0.2414975000000023,-124.23154931512492,-104.44177864837494
70.3,7.138747499999999,0.24231750000000227,-124.28847691837493,-104.49117964774993
70.35,7.144482499999999,0.2431475000000022,-124.35457373937493,-104.54183099499993
70.4,7.15018,0.24394000000000238,-124.43503730262495,-104.59804761612494
70.45,7.155237499999999,0.24409250000000238,-124.53249088699994,-104.66505155224993
70.5,7.159649999999999,0.2436000000000024,-124.64185955112494,-104.74710869612493
70.55,7.163809999999999,0.24285500000000243,-124.75166951449994,-104.84032090437492
70.6,7.168069999999998,0.24221000000000248,-124.85184444424993,-104.93144919949991
70.65,7.1727075,0.24194250000000242,-124.93451450374995,-105.01014756574993
70.7,7.17808,0.2424100000000024,-124.99926291037495,-105.07467532274993
70.75,7.184174999999999,0.24360000000000234,-125.06462423262495,-105.13204422524993
70.8,7.189669999999999,0.24419000000000232,-125.15212406724994,-105.19465968549993
70.85,7.193642499999998,0.24325750000000237,-125.26132111499993,-105.27215673712493
70.9,7.197219999999999,0.24193000000000206,-125.37654925249996,-105.36377536474996
70.95,7.201407499999998,0.2412125000000021,-125.48128427449996,-105.45627659087495
71.0,7.205934999999998,0.24083500000000213,-125.56245881987495,-105.53534270649995
71.05,7.210877499999998,0.24087250000000213,-125.62120065337494,-105.59847301587494
71.1,7.216649999999998,0.24174000000000206,-125.67577466062494,-105.65285089012494
71.15,7.222204999999999,0.24239000000000221,-125.74645609049996,-105.70808684624996
71.2,7.226444999999998,0.24172500000000224,-125.84158059549996,-105.77374236799996
71.25,7.230094999999998,0.24047000000000232,-125.95477385312496,-105.85518659624995
71.3,7.234637499999997,0.24010750000000233,-126.07169363774996,-105.94766330574994
71.35,7.2405449999999965,0.24111000000000227,-126.17691899224995,-106.03756576962493
71.4,7.246689999999997,0.24235000000000254,-126.25642640712498,-106.11305245799996
71.45,7.252384999999997,0.2431400000000025,-126.31384434287497,-106.17490790287495
71.5,7.2576924999999965,0.24354250000000247,-126.37447395649997,-106.23286520437495
71.55,7.2625274999999965,0.24347250000000248,-126.45653110037496,-106.29452451624994
71.6,7.266907499999996,0.2429475000000025,-126.55861832687495,-106.36429883099993
71.65,7.271627499999997,0.24276250000000246,-126.67269418299998,-106.44476239424995
71.7,7.276734999999996,0.24296500000000246,-126.79120754824997,-106.53542487349995
71.75,7.281399999999996,0.24272500000000247,-126.90364079049996,-106.62920096412495
71.8,7.285422499999996,0.2418425000000025,-126.99650976599996,-106.71400396999994
71.85,7.2881724999999955,0.23968750000000263,-127.06446985049996,-106.78444023362493
71.9,7.289994999999996,0.23660500000000192,-127.12083357137497,-106.84465306462495
71.95,7.292129999999996,0.23383500000000207,-127.19180920074997,-106.90447362962495
72.0,7.294964999999996,0.2317650000000022,-127.29164089774997,-106.97552280887494
72.05,7.2986124999999955,0.23050750000000225,-127.40716323474996,-107.06088969712494
72.1,7.302682499999995,0.2296725000000023,-127.51562478374996,-107.15057151137493
72.15,7.306487499999996,0.22857250000000207,-127.60123683824997,-107.23037312574995
72.2,7.310549999999996,0.22773000000000213,-127.66385229849998,-107.29544024849994
72.25,7.315772499999995,0.2280475000000021,-127.72450642874998,-107.35276011774994
72.3,7.321519999999995,0.22889000000000204,-127.80570549074997,-107.41282584899993
72.35,7.3265349999999945,0.22900000000000204,-127.90938629787496,-107.48260016374992
72.4,7.3309424999999955,0.2285025000000019,-128.02471250187497,-107.56458375774994
72.45,7.335754999999995,0.22841000000000192,-128.14124002049996,-107.65669271787493
72.5,7.340569999999995,0.2283200000000019,-128.24916220374996,-107.74951266012492
72.55,7.3445524999999945,0.22739750000000197,-128.33788786962495,-107.83076075537491
72.6,7.348154999999994,0.22609500000000204,-128.40410727374996,-107.8966124101249
72.65,7.3516599999999945,0.22469500000000173,-128.46620788487496,-107.95476584462492
72.7,7.3551574999999945,0.2232875000000018,-128.54716178062495,-108.01559159124992
72.75,7.359499999999994,0.22272500000000184,-128.65025418874995,-108.08789111837491
72.8,7.364487499999994,0.22280750000000182,-128.76433004487495,-108.17624903487491
72.85,7.368972499999994,0.22238750000000185,-128.87394387524995,-108.2705890078749
72.9,7.373187499999995,0.22169750000000168,-128.96342955649996,-108.35345520037492
72.95,7.377874999999994,0.2214800000000017,-129.03018832637497,-108.41940492162492
73.0,7.382442499999994,0.2211425000000017,-129.09603998112496,-108.47831837149991
73.05,7.386214999999994,0.2200100000000018,-129.18469209712495,-108.54546940737491
73.1,7.389589999999994,0.21848000000000187,-129.29386462824993,-108.6286297993749
73.15,7.393084999999995,0.21707000000000154,-129.40308619262495,-108.71948841162492
73.2,7.396239999999994,0.21532000000000165,-129.49058602724995,-108.80039327412491
73.25,7.3986524999999945,0.21282750000000178,-129.55182855649994,-108.8652642638749
73.3,7.401147499999994,0.21041750000000192,-129.60525028237493,-108.9217750844999
73.35,7.404649999999994,0.209015000000002,-129.66950835649993,-108.97730524012489
73.4,7.409799999999995,0.20926000000000206,-129.75311004774994,-109.03734645474991
73.45,7.415734999999995,0.210290000000002,-129.85713408762493,-109.1091556493749
73.5,7.420644999999995,0.210295000000002,-129.97405387224993,-109.1965329008749
73.55,7.423987499999995,0.2087325000000021,-130.09261627074991,-109.2941090683749
73.6,7.426797499999995,0.20663750000000222,-130.2062998608749,-109.39237170137488
73.65,7.429962499999996,0.20489750000000181,-130.31358461187494,-109.4860742421249
73.7,7.433097499999995,0.2031275000000019,-130.41297500962494,-109.5750450742499
73.75,7.436514999999995,0.20164000000000198,-130.50037677774995,-109.6582054662499
73.8,7.440757499999995,0.20097750000000203,-130.57184273962494,-109.73217212387489
73.85,7.445234999999995,0.20055000000000206,-130.62970197462494,-109.79652826449988
73.9,7.449452499999996,0.1998625000000019,-130.68062300474995,-109.85419136649989
73.95,7.453444999999996,0.19895000000000196,-130.73235308349993,-109.90807890824989
74.0,7.457729999999995,0.198330000000002,-130.79673374074991,-109.96221161624989
74.05,7.462364999999995,0.198060000000002,-130.8836206597499,-110.02323349587489
74.1,7.466837499999994,0.19762750000000204,-130.9915673596249,-110.09916148349988
74.15,7.471177499999995,0.19706250000000192,-131.1073593794999,-110.1903633284999
74.2,7.475249999999995,0.19623000000000196,-131.2156247954999,-110.2846542682499
74.25,7.479199999999994,0.195275000000002,-131.3052575764999,-110.36842757587489
74.3,7.483484999999994,0.19465500000000205,-131.37262926199992,-110.43643669362488
74.35,7.488274999999994,0.19454000000000204,-131.42845361712492,-110.49221201549989
74.4,7.493537499999995,0.19489750000000214,-131.48969614637494,-110.5434762783749
74.45,7.498964999999995,0.19542000000000212,-131.56562413399993,-110.5973638201249
74.5,7.504537499999994,0.19608750000000208,-131.65685049562492,-110.65796891712489
74.55,7.509862499999994,0.19650750000000206,-131.7597222541249,-110.72816001449989
74.6,7.515129999999994,0.19687000000000204,-131.8703412661249,-110.8111733067499
74.65,7.520509999999995,0.19734500000000216,-131.98292160812494,-110.90490036412491
74.7,7.525647499999995,0.19757750000000215,-132.08454301874994,-110.9963228587499
74.75,7.530689999999995,0.19771500000000214,-132.15993164062493,-111.0693088513749
74.8,7.535384999999995,0.19750500000000215,-132.22122320312494,-111.1270209866249
74.85,7.539612499999995,0.19682750000000218,-132.29634214212493,-111.1850028047499
74.9,7.543357499999996,0.1956675000000019,-132.39230021237495,-111.25276675624991
74.95,7.546914999999996,0.194320000000002,-132.50191404274995,-111.33551036562491
75.0,7.5505599999999955,0.19306000000000206,-132.61196917237493,-111.4278890086249
75.05,7.553807499999995,0.19140250000000217,-132.7057207463749,-111.51340299662489
75.1,7.5566849999999945,0.1893750000000023,-132.7765002427499,-111.58170631387489
75.15,7.560012499999996,0.18779750000000192,-132.84100348312492,-111.6393694158749
75.2,7.564322499999995,0.18720250000000196,-132.92298707712493,-111.70095517787489
75.25,7.568997499999995,0.18697250000000198,-133.0273543497499,-111.77759414762488
75.3,7.5730149999999945,0.18608500000000203,-133.1425089373749,-111.87026699012488
75.35,7.576752499999994,0.1849175000000021,-133.2539860312499,-111.96727927524987
75.4,7.580832499999995,0.1840925000000019,-133.34923311937493,-112.05357779524988
75.45,7.584584999999995,0.18294000000000196,-133.42101779737493,-112.12273919437487
75.5,7.587972499999995,0.18142250000000204,-133.47892606562493,-112.17934808149987
75.55,7.592004999999995,0.1805500000000021,-133.54600355162492,-112.23379950562486
75.6,7.596727499999995,0.1803675000000021,-133.63517051674992,-112.29604721649986
75.65,7.6015874999999955,0.18032250000000208,-133.74255333424995,-112.37396105074987
75.7,7.606609999999995,0.18044000000000207,-133.85307427974993,-112.46459901337487
75.75,7.611314999999995,0.1802400000000021,-133.94751231924994,-112.55067688374986
75.8,7.615672499999994,0.17969250000000211,-134.01767889999994,-112.61981376624985
75.85,7.620547499999994,0.1796625000000021,-134.08012274387494,-112.67742783499985
75.9,7.625377499999995,0.1795875000000021,-134.16203278799995,-112.73987167887486
75.95,7.628819999999995,0.17812500000000217,-134.26894978962494,-112.82148752349985
76.0,7.631407499999995,0.1758075000000023,-134.37912750237493,-112.91443004887485
76.05,7.634732499999995,0.1742275000000024,-134.46839253399992,-112.99668332574984
76.1,7.638959999999995,0.17355000000000242,-134.53495517087492,-113.06121108274984
76.15,7.643384999999996,0.1730700000000023,-134.60070875912493,-113.11843288549984
76.2,7.647754999999996,0.17253500000000233,-134.68953249149993,-113.18514262212484
76.25,7.652092499999996,0.17196750000000235,-134.80037215312493,-113.27014176099983
76.3,7.656072499999995,0.1710425000000024,-134.91233957949993,-113.36433463424983
76.35,7.660202499999995,0.17026750000000246,-135.00444853962492,-113.44769115924983
76.4,7.664194999999996,0.16935500000000225,-135.07213894124993,-113.51216988299984
76.45,7.667429999999996,0.16768500000000236,-135.13298920449992,-113.56640065749984
76.5,7.670344999999996,0.16569500000000248,-135.20827975987493,-113.62266631187484
76.55,7.674044999999995,0.16449000000000255,-135.30656690949994,-113.69347032487484
76.6,7.679369999999995,0.16491000000000253,-135.41870595224992,-113.78222050737483
76.65,7.685592499999997,0.16622750000000283,-135.52545133749996,-113.87511399949985
76.7,7.691394999999996,0.16712500000000277,-135.60893044562496,-113.95356719949984
76.75,7.6962499999999965,0.16707500000000278,-135.67399756837497,-114.01542264437484
76.8,7.701154999999996,0.16707500000000278,-135.75080815449996,-114.07762132199983
76.85,7.706812499999996,0.16782750000000274,-135.85448896162495,-114.15720228674982
76.9,7.713404999999998,0.16951500000000314,-135.96689768724997,-114.25051256149985
76.95,7.7205999999999975,0.171805000000003,-136.06185057587496,-114.33661494849984
77.0,7.727199999999997,0.1735000000000029,-136.13211522312494,-114.40371695112484
77.05,7.732644999999997,0.17404000000000286,-136.19441196724995,-114.45924710674983
77.1,7.737294999999997,0.17378500000000288,-136.26994768887494,-114.51666504249982
77.15,7.741817499999998,0.1734025000000028,-136.36644512487496,-114.58636580737483
77.2,7.746694999999998,0.1733750000000028,-136.47735833637495,-114.67295852687482
77.25,7.751529999999998,0.17330500000000282,-136.58709474987495,-114.76791141549981
77.3,7.7557674999999975,0.17263750000000286,-136.67920370999994,-114.8533763702498
77.35,7.759557499999997,0.1715225000000029,-136.74625667937494,-114.9192035083748
77.4,7.763207499999998,0.17026750000000263,-136.80114940274996,-114.97220845162482
77.45,7.767032499999998,0.16918750000000268,-136.86523586049995,-115.02501726187482
77.5,7.772072499999998,0.16932250000000268,-136.94976918349994,-115.08628430774982
77.55,7.778224999999998,0.1705700000000026,-137.05474937174992,-115.16304586062482
77.6,7.783689999999998,0.17113000000000259,-137.1678935961249,-115.25429673887481
77.65,7.788407499999999,0.17094250000000255,-137.27147633674994,-115.34608698287484
77.7,7.793402499999999,0.17103250000000256,-137.35272443199995,-115.42311821862484
77.75,7.797939999999999,0.17066500000000256,-137.41632055724995,-115.48409106499983
77.8,7.801142499999998,0.16896250000000265,-137.48646262137495,-115.54182771687482
77.85,7.803734999999998,0.1666500000000028,-137.58148905987494,-115.61179816462482
77.9,7.806852499999999,0.16486250000000238,-137.69389778549996,-115.69937154912483
77.95,7.810787499999998,0.16389250000000244,-137.80360968237494,-115.79385862187483
78.0,7.815722499999998,0.16392250000000244,-137.89694447374993,-115.87939712649982
78.05,7.821127499999998,0.16442250000000241,-137.97029821574992,-115.94929402437482
78.1,7.825512499999998,0.16390250000000245,-138.02930973212491,-116.00658937699981
78.15,7.829259999999999,0.1627450000000022,-138.09143485987494,-116.05934915399982
78.2,7.833669999999999,0.16225000000000223,-138.17378620324993,-116.11723290562482
78.25,7.837837499999998,0.16151250000000228,-138.2776876599999,-116.18712980349981
78.3,7.840894999999998,0.1596650000000024,-138.3932590302499,-116.27109924412481
78.35,7.843939999999998,0.1578050000000025,-138.5075310193749,-116.3651695342498
78.4,7.847799999999999,0.15676000000000226,-138.60731368312494,-116.45673912862482
78.45,7.852097499999999,0.1561525000000023,-138.68400168612493,-116.53318196537481
78.5,7.856219999999999,0.15537000000000234,-138.75522248174994,-116.60016138487481
78.55,7.859692499999999,0.15393750000000242,-138.84235456699994,-116.6715292802498
78.6,7.862802499999998,0.1521425000000025,-138.93446352712493,-116.7459862703748
78.65,7.866294999999999,0.1507300000000022,-139.02240466099994,-116.81980582824981
78.7,7.869397499999999,0.1489275000000023,-139.11144904299994,-116.89595446549981
78.75,7.870157499999999,0.14478250000000253,-139.20220958874992,-116.9741870158748
78.8,7.870234999999998,0.1399550000000028,-139.29564244662492,-117.0537679806248
78.85,7.874917499999998,0.1397325000000028,-139.39461606174993,-117.1371980554998
78.9,7.8868675,0.14677750000000442,-139.51428170837497,-117.23541165524982
78.95,7.906327499999999,0.1613325000000036,-139.69161045699997,-117.37763259687482
79.0,7.923932499999998,0.17403250000000287,-139.92743587287495,-117.5734713973748
79.05,7.932589999999997,0.17778500000000266,-140.17961387762494,-117.78558923687478
79.1,7.9201824999999975,0.16047250000000365,-140.42943828637493,-117.99699609424977
79.15,7.880937499999988,0.11632249999999361,-140.67536455175,-118.21200689549981
79.2,7.830234999999991,0.06071499999999677,-140.91675524149997,-118.4213788729998
79.25,7.7780649999999945,0.0036400000000000043,-141.14939349612496,-118.62317521337478
79.3,7.725709999999998,-0.05361999999999674,-141.37391674787494,-118.82063211112477
79.35,7.671437500000001,-0.11279749999999339,-141.60660403574994,-119.02154585299975
79.4,7.62696749999999,-0.1621725000000046,-141.84620501187499,-119.2349140403748
79.45,7.598514999999992,-0.1955300000000027,-142.08788990112498,-119.4587508266248
79.5,7.5786024999999935,-0.22034750000000128,-142.33521361412497,-119.68376441087479
79.55,7.5616599999999945,-0.24219500000000005,-142.57856563387494,-119.90110429149978
79.6,7.557722499999994,-0.2510374999999995,-142.81260133612494,-120.11135886749976
79.65,7.5864175000000005,-0.2272474999999941,-143.052668128125,-120.3256586866248
79.7,7.646097499999997,-0.17247249999999723,-143.315731514375,-120.5520942351248
79.75,7.7282374999999925,-0.09523750000000161,-143.59759915199996,-120.78929258199979
79.8,7.8372099999999865,0.008829999999992469,-143.88525271312494,-121.03239943549977
79.85,7.975074999999979,0.14178999999998493,-144.17491663749993,-121.27543273912475
79.9,8.131160000000014,0.29297000000001927,-144.4746078615,-121.52211901987481
79.95,8.288032500000005,0.44493750000001064,-144.7866554645,-121.7724092444998
80.0,8.411227499999999,0.5632275000000039,-145.117458285625,-122.01865422599978
80.05,8.465017499999997,0.6121125000000011,-145.46983573674999,-122.25879456787477
80.1,8.426424999999998,0.5686150000000035,-145.83800189437497,-122.49459546712475
80.15,8.288512499999968,0.4257974999999711,-146.21143912637504,-122.73397579362481
80.2,8.07771499999998,0.21009499999998335,-146.5740154935,-122.98387375224979
80.25,7.839154999999994,-0.03337000000000276,-146.927765875625,-123.24767263724978
80.3,7.623780000000006,-0.2536499999999902,-147.27104765887498,-123.52708861237477
80.35,7.471507500000015,-0.4108274999999813,-147.59760910387496,-123.82096939624975
80.4,7.416992500000002,-0.4702474999999948,-147.90774441012502,-124.12568652837481
80.45,7.499342499999997,-0.3928024999999992,-148.198560615875,-124.4478349808748
80.5,7.764852499999982,-0.132197500000014,-148.48155601825,-124.78442372549978
80.55,8.228114999999956,0.3261599999999599,-148.77389225474997,-125.13128493599976
80.6,8.881374999999919,0.974514999999923,-149.06806723812494,-125.49915689412474
80.65,9.726510000000111,1.814745000000114,-149.3530239705,-125.87759551762483
80.7,10.728227500000054,2.8115575000000574,-149.637294237375,-126.2617465147498
80.75,11.822112499999992,3.9005374999999955,-149.92847819249997,-126.66193138462478
80.8,12.919669999999929,4.993189999999934,-150.22292285874994,-127.06873574324976
80.85,13.861682499999876,5.93029749999988,-150.52619350999993,-127.45205317512473
80.9,14.425432500000005,6.489142500000007,-150.820809792625,-127.78447409349981
80.95,14.599479999999994,6.658284999999998,-151.071369700125,-128.07205410474978
81.0,14.619684999999993,6.6735849999999965,-151.286797284,-128.32464889212477
81.05,14.65970749999999,6.708702499999995,-151.49097173699997,-128.56626023149977
81.1,14.773104999999985,6.817194999999988,-151.68619762187495,-128.81691820549975
81.15,14.962412500000028,7.00159750000003,-151.873038821,-129.0562494987498
81.2,15.173947500000015,7.208227500000018,-152.07341319712498,-129.2551773939998
81.25,15.314782500000007,7.34415750000001,-152.31678973349997,-129.39266662699978
81.3,15.283935000000008,7.308405000000012,-152.61074406724995,-129.4636177397498
81.35,15.019627500000023,7.039192500000027,-152.92889630987494,-129.4875459657498
81.4,14.548622499999917,6.563282499999919,-153.2423413605,-129.4805342109998
81.45,13.95421749999995,5.963972499999953,-153.540046737875,-129.4396159638748
81.5,13.27920749999999,5.284057499999991,-153.826204784875,-129.36243762837478
81.55,12.480145000000036,4.480090000000037,-154.13486909362499,-129.2450765444998
81.6,11.51319000000009,3.5082300000000926,-154.46427446712497,-129.1056995313748
81.65,10.426879999999844,2.4170149999998447,-154.78321124175005,-128.96301277387477
81.7,9.334242499999906,1.3194724999999072,-155.08657995950003,-128.82321897812477
81.75,8.303637499999965,0.28396249999996614,-155.37239477375002,-128.7003171369998
81.8,7.365532500000018,-0.6590474999999802,-155.6388904875,-128.5975434449998
81.85,6.490180000000068,-1.53930499999993,-155.913182488,-128.4998446943748
81.9,5.61886999999987,-2.415520000000129,-156.20350836125004,-128.40977061412477
81.95,4.753907499999919,-3.2853875000000796,-156.47512804962503,-128.33016513274978
82.0,3.933564999999965,-4.110635000000033,-156.733582310375,-128.2522758151248
82.05,3.198692500000007,-4.850412499999991,-156.986152581125,-128.1977508411248
82.1,2.547120000000044,-5.506889999999954,-157.217491454625,-128.1699244717498
82.15,1.9653599999999116,-6.093555000000087,-157.42294077212503,-128.1599952386248
82.2,1.4441174999999413,-6.6197025000000576,-157.60703610925003,-128.1788485232498
82.25,1.0185949999999655,-7.050130000000033,-157.766761921125,-128.2237874968748
82.3,0.7500849999999808,-7.323545000000017,-157.900230427625,-128.28436807724978
82.35,0.6031374999999891,-7.475397500000009,-158.01840056012497,-128.34075631474977
82.4,0.5074224999999674,-7.576017500000032,-158.124067213875,-128.39716906887477
82.45,0.45264999999997046,-7.6356950000000285,-158.20462884362502,-128.47981461174976
82.5,0.44725499999997076,-7.645995000000028,-158.23495590875,-128.54887794437477
82.55,0.47258499999996934,-7.625570000000029,-158.19180664875,-128.54233200549976
82.6,0.5092099999999673,-7.593850000000031,-158.0803540715,-128.48204562462476
82.65,0.5808799999999836,-7.527085000000016,-157.90797768112498,-128.40165561124974
82.7,0.7532124999999739,-7.359657500000025,-157.664576628125,-128.31395964362474
82.75,1.0821174999999552,-7.035657500000044,-157.38265995725,-128.27005036824974
82.8,1.575877499999927,-6.546802500000071,-157.12040561962502,-128.28547132537474
82.85,2.1710824999998932,-5.956502500000105,-156.89284230637503,-128.32859606874973
82.9,2.780827500000032,-5.351662499999968,-156.68195029812497,-128.38893148287474
82.95,3.4047124999999965,-4.732682500000003,-156.45541668312498,-128.46880664712472
83.0,4.097212499999957,-4.045087500000042,-156.1961043405,-128.5757481653747
83.05,4.90718499999991,-3.240020000000088,-155.927966012875,-128.7056862778747
83.1,5.888709999999855,-2.2634000000001433,-155.655635342375,-128.8585229181247
83.15,7.061640000000121,-1.0953749999998776,-155.37697938262494,-129.04548670037474
83.2,8.396580000000046,0.23466000000004694,-155.10705134137496,-129.25723679049972
83.25,9.835679999999964,1.6688549999999656,-154.85198037487498,-129.5018636747497
83.3,11.32745749999988,3.1557274999998812,-154.628731987625,-129.7669619408747
83.35,12.816539999999796,4.639904999999797,-154.4318880055,-130.01685989949968
83.4,14.29245750000013,6.110917500000132,-154.24889591649998,-130.28570920924975
83.45,15.783707500000046,7.597262500000047,-154.11608935887497,-130.59736454624974
83.5,17.27944999999996,9.088099999999962,-154.00912332399997,-130.9330952089997
83.55,18.824957499999876,10.628702499999875,-153.87163409099998,-131.2847371613747
83.6,20.475992499999784,12.274832499999782,-153.71732645325,-131.63760494499968
83.65,22.22228250000018,14.016217500000177,-153.55777225774995,-131.99726383374977
83.7,24.045252500000075,15.834282500000073,-153.37997769324997,-132.37283401212474
83.75,25.936579999999967,17.720704999999967,-153.197108187375,-132.73504262987473
83.8,27.85235999999986,19.631579999999857,-153.03625461075,-133.0658209343747
83.85,29.707282499999753,21.48159749999975,-152.882535372,-133.39596180662468
83.9,31.50240000000016,23.27181000000016,-152.71280677712497,-133.75314451624976
83.95,33.31947000000006,25.083975000000056,-152.54758924124997,-134.10596326662474
84.0,35.11603249999996,26.875632499999956,-152.42699196287498,-134.39574977412474
84.05,36.71710749999987,28.471802499999864,-152.34361092125,-134.63022677562472
84.1,38.069489999999796,29.819279999999786,-152.230172497375,-134.8738239616247
84.15,39.349255000000085,31.094140000000074,-152.05519734474996,-135.14581139937476
84.2,40.73417750000001,32.4741575,-151.83802908049998,-135.40894833549976
84.25,42.244274999999924,33.97934999999991,-151.589626636,-135.63648713212476
84.3,43.839312499999835,35.56948249999982,-151.33301112212501,-135.85676900774973
84.35,45.452434999999745,37.17769999999973,-151.10304517962504,-136.0930847561247
84.4,47.0273175000001,38.74767750000009,-150.90781929475,-136.33400962999977
84.45,48.59435000000001,40.309805,-150.76277894125002,-136.61675986612477
84.5,50.20020999999992,41.910759999999904,-150.67871143412503,-136.94846980237475
84.55,51.80558249999983,43.51122749999981,-150.60815258737503,-137.28096427062474
84.6,53.37808249999974,45.078822499999724,-150.52136373487502,-137.6132380892497
84.65,54.92888250000009,46.624717500000074,-150.4572527605,-137.92660958999977
84.7,56.40474250000001,48.09567249999999,-150.42160558775,-138.20102417362475
84.75,57.752104999999936,49.438129999999916,-150.389072026375,-138.46168493062473
84.8,58.99497499999987,50.67609499999985,-150.35683266450002,-138.72617028112472
84.85,60.2095649999998,51.88577999999978,-150.313413721625,-139.0107102308747
84.9,61.463335000000086,53.13464500000006,-150.262713341125,-139.33084832012477
84.95,62.78612750000001,54.45253249999999,-150.218779549125,-139.67356622099976
85.0,64.18048249999994,55.84198249999991,-150.195317139,-140.02160422949973
85.05,65.60059999999986,57.257194999999825,-150.216695636,-140.3837147807497
85.1,66.99680999999978,58.64849999999974,-150.27857559749998,-140.76409021762467
85.15,68.35309750000009,59.99988250000005,-150.34952671025,-141.14542180287475
85.2,69.66487500000001,61.306754999999974,-150.40603753087498,-141.51888355149973
85.25,71.00577499999993,62.6427499999999,-150.44867194174998,-141.93331258049972
85.3,72.48716249999984,64.11923249999981,-150.50873767299998,-142.38684562637468
85.35,74.08829499999975,65.71545999999972,-150.59287872999997,-142.82998362324966
85.4,75.75646000000013,67.3787200000001,-150.666232472,-143.28513476637477
85.45,77.47650000000003,69.093855,-150.730784745625,-143.73704971499973
85.5,79.17634249999993,70.78879249999991,-150.81293995599998,-144.1522142427497
85.55,80.77167249999984,72.37921749999983,-150.888426644375,-144.54587769037468
85.6,82.27883999999975,73.88147999999974,-150.9138503845,-144.94910262174966
85.65,83.84169250000011,75.4394275000001,-150.90414180099998,-145.38111007087477
85.7,85.6052875,77.1981175,-150.88867181062497,-145.83182370487475
85.75,87.5880224999999,79.17594749999988,-150.86614103224997,-146.26638088299973
85.8,89.69563999999977,81.27865999999976,-150.86871527787497,-146.65009058087472
85.85,91.72786749999966,83.30598249999964,-150.92257830299997,-146.9891800212497
85.9,93.52298500000006,85.09619500000005,-150.9893615895,-147.31181880624976
85.95,95.02679249999997,86.59509749999997,-151.062617265,-147.60780801987474
86.0,96.0672599999999,87.6306599999999,-151.13918268487498,-147.87565214799972
86.05,96.55148749999988,88.10998249999987,-151.13751555437497,-148.2107208618747
86.1,96.79056499999987,88.34415499999986,-151.01789894099997,-148.62463504174968
86.15,97.02768999999992,88.57637499999991,-150.7856529523749,-149.05409276187478
86.2,97.2477299999999,88.7915099999999,-150.47421826499993,-149.43079070499977
86.25,97.4919299999999,89.03080499999989,-150.16820175174996,-149.64222207899977
86.3,97.61600999999989,89.14997999999989,-149.90310348562497,-149.67853120062478
86.35,97.4616374999999,88.9907024999999,-149.68122802937498,-149.69581542124976
86.4,97.26664249999985,88.79080249999986,-149.52655264224995,-149.8412725573748
86.45,97.34993999999985,88.86919499999985,-149.45775899249995,-150.1119115807498
86.5,97.83990749999982,89.35425749999982,-149.42355830062496,-150.45144232037478
86.55,98.62092499999979,90.13036999999977,-149.38207617112496,-150.80315782262477
86.6,99.52535999999974,91.02989999999971,-149.30651593287496,-151.14705252149975
86.65,100.54319249999996,92.04282749999994,-149.15524835662492,-151.50636817749984
86.7,101.7791299999999,93.27385999999987,-148.93391226612493,-151.90145358937482
86.75,103.37166999999981,94.86149499999978,-148.65846798424994,-152.3256157184998
86.8,105.2868674999997,96.77178749999968,-148.33592726574994,-152.72839935062476
86.85,107.27085249999959,98.75086749999956,-147.96190163474998,-153.06577262724974
86.9,109.083585,100.55869499999997,-147.5556121252499,-153.3619579738748
86.95,110.6567099999999,102.12691499999988,-147.2034308071249,-153.57270288237478
87.0,111.90377249999983,103.36907249999982,-146.9344834308749,-153.63860357037478
87.05,112.70340249999978,104.16379749999977,-146.6929946746249,-153.61249336474978
87.1,113.10333499999976,104.55882499999976,-146.47119276824992,-153.5324220674998
87.15,113.22797999999979,104.67856499999978,-146.28785744649988,-153.40366075299977
87.2,113.17227999999979,104.61795999999978,-146.1401447808749,-153.24896084924978
87.25,113.0048124999998,104.44558749999979,-146.0350665261249,-153.08185553324978
87.3,112.70532749999981,104.1411974999998,-145.9720097666249,-152.8902090756248
87.35,112.26009499999984,103.69105999999984,-145.9197893553749,-152.6918205461248
87.4,111.73624249999972,103.16230249999971,-145.86783862699988,-152.48681252787475
87.45,111.08344499999976,102.50459999999975,-145.8688438086249,-152.19866863424977
87.5,110.08871999999981,101.50496999999982,-145.95376939762488,-151.8161357343748
87.55,108.67578999999989,100.08713499999989,-146.0399453344999,-151.4410068552498
87.6,107.01012499999999,98.41656499999999,-146.07103241499988,-151.11437186037483
87.65,105.3240324999996,96.72556749999961,-146.08870890162487,-150.80813469749975
87.7,103.7726674999997,95.1692974999997,-146.10314919374986,-150.51312614887476
87.75,102.34629999999979,93.73802499999978,-146.14703395249987,-150.1662404217498
87.8,100.72465749999988,92.11147749999988,-146.28972070999987,-149.71530613812482
87.85,98.5856725,89.9675875,-146.48698147474985,-149.21288694199984
87.9,95.90699999999939,87.28400999999938,-146.6899546131249,-148.68644145337473
87.95,92.72707749999957,84.09918249999957,-146.9083977418749,-148.12635915524976
88.0,89.18551499999977,80.55271499999978,-147.11262122812488,-147.6083473856248
88.05,85.59848499999997,76.96077999999999,-147.26261393987488,-147.24216707462483
88.1,82.41915000000014,73.77654000000017,-147.33358956924988,-147.06385766099984
88.15,80.10739249999962,71.45987749999964,-147.30309088774987,-147.04853477037483
88.2,78.7456274999997,70.0932074999997,-147.22022469524987,-147.11482772437483
88.25,78.02198749999974,69.36466249999975,-147.16256159324988,-147.17531023824984
88.3,77.58601249999977,68.92378249999977,-147.12657118774987,-147.21948919649984
88.35,77.32429499999978,68.65715999999979,-147.09124273112488,-147.28340403787485
88.4,77.25382749999976,68.58178749999978,-147.1184071516249,-147.38132343812487
88.45,77.26515999999975,68.58821499999978,-147.2131884238749,-147.50809890599987
88.5,77.31728749999975,68.63543749999978,-147.2723225233749,-147.68182371074985
88.55,77.55112999999973,68.86437499999977,-147.2808297922499,-147.90688632824984
88.6,78.0340974999997,69.34243749999975,-147.2919358233749,-148.15492102337484
88.65,78.70616749999985,70.0096024999999,-147.3198847758749,-148.4088151918749
88.7,79.50519249999981,70.80372249999985,-147.3607294731249,-148.6609196467499
88.75,80.38468499999976,71.6783099999998,-147.4044426154999,-148.91949649062488
88.8,81.3509149999997,72.63963499999974,-147.4252817467499,-149.22318392449986
88.85,82.50292749999964,73.78674249999968,-147.4197655061249,-149.59605727412483
88.9,83.90042749999996,75.17933749999999,-147.40983627299988,-149.9997235047499
88.95,85.47482249999987,76.7488274999999,-147.39328755112487,-150.39294565312488
89.0,87.18210749999977,78.45120749999981,-147.35361965187488,-150.77915604674985
89.05,89.05132499999966,80.31551999999971,-147.30654773187487,-151.18907401674983
89.1,91.04612999999955,82.3054199999996,-147.27465160274988,-151.6260583407498
89.15,93.08222500000001,84.33661000000006,-147.23907797987488,-152.0598800201249
89.2,95.16398499999988,86.41346499999995,-147.18786275024988,-152.49176488612486
89.25,97.33722749999976,88.58180249999982,-147.1272821698749,-152.94387596774982
89.3,99.64152249999962,90.8811924999997,-147.0533890621249,-153.4217785388748
89.35,102.12808499999949,93.36284999999955,-146.9776817241249,-153.91407236887477
89.4,104.7758600000001,96.00572000000015,-146.91982248912487,-154.39148460749988
89.45,107.49484499999994,98.71979999999999,-146.89528134749986,-154.82094232762486
89.5,110.13285249999979,101.35290249999984,-146.93117368649985,-155.19187886387485
89.55,112.44246249999965,103.65760749999971,-147.03245186437485,-155.52231393562482
89.6,114.05078249999956,105.26102249999963,-147.13586298862484,-155.8174941006248
89.65,114.80375999999973,106.0090949999998,-147.18504333837484,-156.01951109062483
89.7,114.88815999999973,106.0885899999998,-147.22382863912483,-156.06121386974982
89.75,114.51425999999975,105.70978499999983,-147.32947077624982,-155.93061380837483
89.8,113.7990949999998,104.98971499999986,-147.49726255774982,-155.68495722587485
89.85,112.72663499999986,103.91234999999992,-147.69023291312482,-155.40487930187487
89.9,111.29362749999953,102.4744374999996,-147.91941432362486,-155.1012163846248
89.95,109.55925249999963,100.7351574999997,-148.19409859012484,-154.75852300037482
90.0,107.54682999999974,98.71782999999982,-148.48643482662482,-154.39807957962483
90.05,105.33784499999987,96.50393999999994,-148.7763929504998,-154.01635572837486
90.1,102.95183000000002,94.11302000000008,-149.0745151104998,-153.5961162592499
90.15,100.29089249999942,91.44717749999947,-149.39671259624987,-153.1774213374998
90.2,97.43417499999958,88.58555499999963,-149.71003506374984,-152.8179830983748
90.25,94.61050499999975,85.75697999999979,-149.98565096199982,-152.51544794587483
90.3,92.0007399999999,83.14230999999994,-150.2464588187498,-152.26005826324985
90.35,89.77378750000003,80.91045250000006,-150.4773073597498,-152.08660314137487
90.4,88.04948999999964,79.18124999999966,-150.66213819562483,-152.01469588024986
90.45,86.82745749999971,77.95431249999973,-150.81656841649982,-152.01293068324986
90.5,85.99960499999976,77.12155499999977,-150.9604564886248,-152.02038373724986
90.55,85.3192324999998,76.43627749999982,-151.1335193444998,-151.99057152124985
90.6,84.57889999999985,75.69103999999986,-151.33038784324978,-151.94855002599985
90.65,83.80595999999967,74.91319499999969,-151.5043332976248,-151.95391916687484
90.7,83.15382999999972,74.25615999999972,-151.6618771298748,-152.00795380837485
90.75,82.66349749999975,73.76092249999975,-151.8484241294998,-152.06703887462484
90.8,82.23119249999978,73.32371249999977,-152.06497947812477,-152.11795990474985
90.85,81.8124949999998,72.9001099999998,-152.27447403874976,-152.19994349874986
90.9,81.47030249999972,72.55301249999972,-152.4586674423748,-152.3403011768749
90.95,81.26789999999973,72.34570499999974,-152.6160396582498,-152.5305256702499
91.0,81.23937999999973,72.31227999999975,-152.75857931599978,-152.76093291199987
91.05,81.36671999999972,72.43471499999974,-152.90106994049978,-153.01019343837487
91.1,81.6072424999997,72.67033249999973,-153.04968972124976,-153.26573022074984
91.15,81.93011499999977,72.9882999999998,-153.2109110472498,-153.5414441854999
91.2,82.30782499999975,73.36110499999978,-153.3727698054998,-153.80852829824988
91.25,82.70121749999973,73.74959249999976,-153.52050698774977,-154.06433476349986
91.3,83.1064574999997,74.14992749999975,-153.67258361262475,-154.32129351012483
91.35,83.51974999999969,74.55831499999972,-153.84390578812474,-154.5528775498748
91.4,83.89348999999977,74.92714999999981,-154.0305263376248,-154.77252199324985
91.45,84.20001249999976,75.22876749999979,-154.2239625088748,-154.97733387849985
91.5,84.41874999999975,75.44259999999977,-154.41529025037477,-155.14117848337483
91.55,84.50583749999974,75.52478249999977,-154.61990600262476,-155.23345905987483
91.6,84.36541749999975,75.37945749999979,-154.85707983287475,-155.22968349962483
91.65,83.93900999999966,74.94814499999968,-155.1147250449998,-155.1594188523748
91.7,83.2618999999997,74.26612999999972,-155.38345177162478,-155.03443309812482
91.75,82.29095249999975,73.29027749999977,-155.71373974362476,-154.83138640987482
91.8,80.97895999999982,71.97337999999985,-156.08389174787473,-154.59048605262484
91.85,79.4440174999999,70.43353249999994,-156.4344059354997,-154.33798933174987
91.9,77.80180999999953,68.78641999999957,-156.7936725582498,-154.0513654688748
91.95,76.05884249999963,67.03854749999967,-157.15855348812477,-153.76003441399982
92.0,74.20817999999973,65.18297999999977,-157.50850379337476,-153.48427141599984
92.05,72.35442999999984,63.32432499999988,-157.83440328949973,-153.21328915987485
92.1,70.55220249999994,61.517192499999986,-158.16258283174972,-152.92215423799988
92.15,68.75216249999953,59.71224749999958,-158.4953224662498,-152.6375652549998
92.2,67.02026749999963,57.975447499999675,-158.7854522064998,-152.3866130814998
92.25,65.45091249999972,56.401187499999764,-159.05709641149977,-152.11634180749982
92.3,64.0046824999998,54.95005249999985,-159.33087356287476,-151.81875901324983
92.35,62.47911749999989,53.41958249999993,-159.61788969174975,-151.47947343987485
92.4,60.72071999999949,51.65627999999953,-159.88539058712482,-151.08848230437476
92.45,58.736149999999604,49.66680499999965,-160.08132745412482,-150.6487521183748
92.5,56.59607249999973,47.52182249999977,-160.2310749996248,-150.16148419649983
92.55,54.38236249999986,45.3032074999999,-160.3428462929998,-149.68220869437485
92.6,52.14134749999998,43.05728750000003,-160.4196568791248,-149.22933759737487
92.65,49.962049999999486,40.873084999999534,-160.4782270962498,-148.79468235274976
92.7,47.949549999999604,38.85567999999965,-160.5387831599998,-148.3827785361248
92.75,46.1569924999997,37.058217499999756,-160.6076013263748,-148.00279536524982
92.8,44.60820499999979,35.504524999999845,-160.6856622603748,-147.65627738749984
92.85,43.27968999999987,34.17110499999992,-160.78740625412482,-147.33797804512486
92.9,42.158889999999616,33.04539999999966,-160.89807429937485,-147.0793031347498
92.95,41.23236749999967,32.11397249999971,-161.00837459524985,-146.89253548549982
93.0,40.40719249999972,31.28389249999976,-161.11641936162485,-146.71388283912484
93.05,39.52508499999977,30.396879999999808,-161.23196621524986,-146.47104566849984
93.1,38.41207749999983,29.278967499999872,-161.37151484474984,-146.15389860749985
93.15,36.9776824999995,27.839667499999546,-161.53084839062487,-145.80272247099978
93.2,35.2738549999996,26.130934999999642,-161.70491642812485,-145.4351201957498
93.25,33.37783999999971,24.23001499999975,-161.87295337587483,-145.0657282068748
93.3,31.39315249999982,22.240422499999863,-162.00477926849982,-144.73693574899983
93.35,29.435964999999932,20.278329999999976,-162.1397187724998,-144.44690407524985
93.4,27.502372499999492,18.339832499999535,-162.31949918362486,-144.17516180374977
93.45,25.551007499999603,16.383562499999645,-162.53230348862485,-143.9084699569998
93.5,23.544367499999716,14.372017499999759,-162.76484367674985,-143.63520765474982
93.55,21.445422499999836,12.268167499999878,-163.00684728212482,-143.35287420124985
93.6,19.25714249999996,10.074982500000003,-163.26186921537482,-143.06078313099985
93.65,16.996634999999447,7.809569999999487,-163.52966431024987,-142.76631394812478
93.7,14.672182499999579,5.48021249999962,-163.80079366612486,-142.4747867602498
93.75,12.287887499999714,3.091012499999756,-164.07214367162484,-142.18894742937482
93.8,9.86273249999985,0.6609524999998939,-164.34619050587483,-141.91065921899983
93.85,7.41019249999999,-1.796492499999966,-164.61854569299982,-141.63921114699983
93.9,4.922182499999424,-4.289407500000532,-164.8973242358749,-141.36911148937477
93.95,2.3850324999995687,-6.831462500000388,-165.19630447774986,-141.0984969826248
94.0,-0.1913350000002847,-9.412735000000241,-165.50590041824984,-140.82496499749982
94.05,-2.7949675000001366,-12.021272500000093,-165.82439589362482,-140.54062118074984
94.1,-5.4594199999999855,-14.690629999999942,-166.1580671598748,-140.25127597249985
94.15,-8.1598500000006,-17.395965000000558,-166.48543765349987,-139.9897816502498
94.2,-10.804342500000448,-20.045362500000408,-166.80675254074984,-139.7825916523748
94.25,-13.317897500000306,-22.563822500000263,-167.11835884449982,-139.6514522252498
94.3,-15.53539750000018,-24.786227500000138,-167.3892920673748,-139.5973930671248
94.35,-17.347622500000078,-26.603357500000033,-167.6526496531248,-139.5716996441248
94.4,-18.88662500000043,-28.147265000000385,-167.95025696399986,-139.5507134131248
94.45,-20.28408500000035,-29.549630000000306,-168.26892405574984,-139.5413235457498
94.5,-21.589730000000277,-30.86018000000023,-168.5896260273748,-139.5246277241248
94.55,-22.890220000000202,-32.16557500000015,-168.92981871587477,-139.4911380143748
94.6,-24.234107500000125,-33.51436750000008,-169.29428286312475,-139.48277784524979
94.65,-25.58526000000043,-34.87042500000039,-169.65237268787484,-139.5136687927498
94.7,-26.969400000000352,-36.259470000000306,-170.02306405787482,-139.5377931517498
94.75,-28.441937500000268,-37.73691250000022,-170.4490159006248,-139.5464475203748
94.8,-29.939632500000183,-39.23951250000014,-170.88085173337478,-139.5848895883748
94.85,-31.364827500000104,-40.669612500000056,-171.25097922099977,-139.6651570186248
94.9,-32.674515000000405,-41.98420500000036,-171.59636943399985,-139.78060580574981
94.95,-33.80539500000034,-43.11999000000029,-171.96750210324984,-139.93275598049982
95.0,-34.728375000000284,-44.04787500000024,-172.36050360199982,-140.1043723554998
95.05,-35.54327750000024,-44.86768250000019,-172.7665234286248,-140.27424805012478
95.1,-36.307115000000195,-45.63642500000015,-173.18784162924976,-140.44152498249977
95.15,-36.982262500000346,-46.3164775000003,-173.60933144624985,-140.62179572612482
95.2,-37.57982250000031,-46.91894250000027,-174.00162196287482,-140.8167274114998
95.25,-38.11384750000028,-47.45787250000024,-174.3526509996248,-141.0144049588748
95.3,-38.50630500000026,-47.85523500000022,-174.6757556004998,-141.21517160099978
95.35,-38.71495500000025,-48.068790000000206,-175.01428115849978,-141.40564126062478
95.4,-38.88061500000029,-48.239355000000245,-175.40358064687487,-141.5574482026248
95.45,-39.157005000000275,-48.52065000000023,-175.81519026399985,-141.7073918811248
95.5,-39.563772500000255,-48.932322500000204,-176.21451705199982,-141.90006803699978
95.55,-40.00699500000023,-49.38045000000018,-176.6020023101248,-142.11409817324977
95.6,-40.34899750000021,-49.72735750000016,-176.97563567512478,-142.33175676999977
95.65,-40.55951250000026,-49.94277750000021,-177.32629696249987,-142.54961149974983
95.7,-40.670865000000255,-50.05903500000021,-177.66271409074986,-142.7807052069998
95.75,-40.687765000000255,-50.08084000000021,-177.99459564337485,-143.04023819924979
95.8,-40.60364000000026,-50.001620000000216,-178.32358423424984,-143.31374566774977
95.85,-40.466812500000266,-49.86969750000022,-178.6637769227498,-143.58082978049976
95.9,-40.33924000000024,-49.747030000000194,-179.0088974528749,-143.8367097956248
95.95,-40.26345750000024,-49.6761525000002,-179.33023685674988,-144.0826115443748
96.0,-40.24444250000025,-49.6620425000002,-179.62634865349986,-144.3006378904998
96.05,-40.272197500000246,-49.6947025000002,-179.92537792862484,-144.48738102312478
96.1,-40.39594500000024,-49.82335500000019,-180.24860511262483,-144.6595612804998
96.15,-40.63574750000029,-50.068062500000245,-180.5950985737499,-144.82043937374982
96.2,-40.97126000000027,-50.408480000000225,-180.95463487937488,-144.9365010764998
96.25,-41.41207000000025,-50.854195000000196,-181.33537806562487,-144.9810232674998
96.3,-41.99692250000022,-51.443952500000165,-181.71442960474985,-144.9877408227498
96.35,-42.67900250000018,-52.13093750000013,-182.01198788237483,-144.9527065656248
96.4,-43.314580000000326,-52.771420000000276,-182.19198894312487,-144.85714076137478
96.45,-43.843760000000294,-53.305505000000245,-182.30380926974988,-144.7797172596248
96.5,-44.27964750000027,-53.74629750000022,-182.46059308662487,-144.8127166368748
96.55,-44.666697500000254,-54.13825250000019,-182.72453907137486,-144.94076696924978
96.6,-45.04869500000023,-54.52515500000017,-183.04970306874984,-145.08519440712476
96.65,-45.434935000000316,-54.916300000000255,-183.39129320487493,-145.19542115312478
96.7,-45.90982250000029,-55.39609250000023,-183.7642646209999,-145.25891921187477
96.75,-46.54370000000025,-56.03487500000019,-184.19239844337488,-145.27997899274976
96.8,-47.34624000000021,-56.84232000000014,-184.66042081462487,-145.25514365162476
96.85,-48.296962500000156,-57.79794750000009,-185.12111271499984,-145.18532030362476
96.9,-49.41223500000041,-58.918125000000344,-185.57216958174993,-145.06205071312473
96.95,-50.80053500000033,-60.31133000000027,-186.0305324027499,-144.91193541824975
97.0,-52.34582750000024,-61.86152750000018,-186.45704812787488,-144.77209258924975
97.05,-53.81286000000016,-63.333465000000096,-186.83825712999987,-144.62614512062476
97.1,-55.21401250000008,-64.73952250000002,-187.16207271299984,-144.47750082324976
97.15,-56.628875000000406,-66.15929000000034,-187.3969419804999,-144.36499403112472
97.2,-57.96926500000033,-67.50458500000026,-187.57439331224987,-144.27921036024972
97.25,-59.027740000000264,-68.5679650000002,-187.76542685424985,-144.17709861712473
97.3,-59.69833500000023,-69.24346500000016,-187.96727222787484,-144.05750652037474
97.35,-60.00866750000021,-69.55870250000014,-188.11172418237484,-143.98699670687475
97.4,-59.87750500000018,-69.43244500000011,-188.14746942162486,-144.01744635512475
97.45,-59.00732750000023,-68.56717250000017,-188.07225241612485,-144.08322445999974
97.5,-57.45428000000032,-67.01903000000026,-187.96317795149986,-144.04024681637475
97.55,-55.9066250000004,-65.47628000000034,-187.94228978699985,-143.86666911137476
97.6,-55.04937500000045,-64.62393500000039,-187.98208026937485,-143.60953874837477
97.65,-55.185112500000486,-64.76457750000041,-187.97080262187484,-143.28613994799971
97.7,-56.15720250000043,-65.74157250000036,-187.90453418449985,-142.99936898537473
97.75,-57.46189000000036,-67.05116500000028,-187.79036026187487,-142.79779329462474
97.8,-58.5315200000003,-68.12570000000022,-187.62970281824988,-142.61521798824975
97.85,-59.05820750000027,-68.6572925000002,-187.47274738499988,-142.43426077912477
97.9,-59.09511000000028,-68.6991000000002,-187.34788421387483,-142.30081678924975
97.95,-58.8888300000003,-68.49772500000022,-187.31579195174984,-142.22935082737476
98.0,-58.7468125000003,-68.36061250000023,-187.43202527087485,-142.20988462712475
98.05,-58.834362500000296,-68.45306750000023,-187.59464404449983,-142.20552066787477
98.1,-59.10309750000028,-68.72670750000022,-187.6973932198748,-142.17744913224976
98.15,-59.43838000000036,-69.0668950000003,-187.73581077124982,-142.12123251112476
98.2,-59.74464000000034,-69.37806000000029,-187.72117434612483,-142.06481975699975
98.25,-59.967940000000326,-69.60626500000028,-187.65811758662483,-142.01760073724975
98.3,-60.10800000000032,-69.75123000000026,-187.55215673337483,-141.95366137924975
98.35,-60.17174250000031,-69.81987750000026,-187.37132210737485,-141.83328475049976
98.4,-60.18107500000031,-69.83411500000027,-187.0963436413748,-141.64244734149972
98.45,-60.19479500000031,-69.85274000000027,-186.7748816543748,-141.41961573687473
98.5,-60.21474250000031,-69.87759250000026,-186.44974217362483,-141.22794476262473
98.55,-60.16679500000031,-69.83455000000026,-186.16206409587485,-141.10580293687474
98.6,-60.01384500000032,-69.68650500000027,-185.94254223562487,-141.03183627924975
98.65,-59.82059500000028,-69.49816000000023,-185.7257662373748,-140.93921246999972
98.7,-59.68637500000029,-69.36884500000023,-185.49700160949982,-140.8107453549997
98.75,-59.639250000000295,-69.32662500000023,-185.31925607824982,-140.70417158612472
98.8,-59.64492500000029,-69.33720500000024,-185.19544712199982,-140.65192665824972
98.85,-59.64982750000029,-69.34701250000023,-185.09100629949984,-140.6414580593747
98.9,-59.63789000000029,-69.33998000000022,-184.9826918502498,-140.6214034601247
98.95,-59.60562000000029,-69.31261500000022,-184.85775512924982,-140.5736941078747
99.0,-59.5450800000003,-69.25698000000023,-184.71514192162482,-140.5170607041247
99.05,-59.4841750000003,-69.20098000000023,-184.56973381874982,-140.4455211923747
99.1,-59.4407825000003,-69.16249250000023,-184.41238611949984,-140.35294641637472
99.15,-59.4273900000003,-69.15400500000023,-184.2467763176248,-140.2549779828747
99.2,-59.4536950000003,-69.18521500000023,-184.0906299329998,-140.1638251711247
99.25,-59.4766475000003,-69.21307250000022,-183.91460056549982,-140.0635276582497
99.3,-59.468025000000296,-69.20935500000023,-183.71123516112485,-139.94616657437473
99.35,-59.4336100000003,-69.17984500000023,-183.51174338349986,-139.83780309187475
99.4,-59.38052250000029,-69.13166250000022,-183.32522090049983,-139.74449281712472
99.45,-59.319835000000296,-69.07588000000023,-183.15286902674984,-139.65966529462472
99.5,-59.2518975000003,-69.01284750000023,-182.99812008974985,-139.5919503763747
99.55,-59.1782025000003,-68.94405750000024,-182.89061468912485,-139.56458982287472
99.6,-59.11074750000031,-68.88150750000024,-182.84508731649984,-139.58506120474973
99.65,-59.03957500000029,-68.81524000000023,-182.82655274799984,-139.62181162562473
99.7,-58.954930000000296,-68.73550000000023,-182.81885452774983,-139.67050164287474
99.75,-58.8468700000003,-68.63234500000023,-182.81537316699985,-139.75618724724973
99.8,-58.654667500000315,-68.44504750000024,-182.77013999387486,-139.8608977526247
99.85,-58.312432500000334,-68.10771750000026,-182.69433458937488,-139.9756845908747
99.9,-57.858342500000234,-67.65853250000016,-182.66270814312486,-140.1135906064997
99.95,-57.37907500000026,-67.1841700000002,-182.72848624799985,-140.2994756572497
100.0,-56.870822500000294,-66.68082250000022,-182.88443649962485,-140.54505868987468
100.05,-56.27944500000033,-66.09435000000025,-183.06600662437484,-140.82457273149967
100.1,-55.67155500000037,-65.49136500000029,-183.20361844049984,-141.09202459362464
100.15,-55.14098000000025,-64.96569500000017,-183.25118069299984,-141.29720422824968
100.2,-54.63758250000028,-64.4672025000002,-183.19187497712485,-141.41397691312469
100.25,-54.102055000000306,-63.93658000000023,-183.07949076812486,-141.4711251659997
100.3,-53.57641000000034,-63.41584000000026,-182.98458691274985,-141.52224232912468
100.35,-53.09506250000037,-62.93939750000028,-182.90076457187484,-141.58181772787466
100.4,-52.613577500000254,-62.46281750000018,-182.81240665537482,-141.66419358787468
100.45,-52.05870500000029,-61.91285000000021,-182.72458810462481,-141.78457021662467
100.5,-51.39251500000032,-61.25156500000025,-182.6520679278748,-141.93488164449965
100.55,-50.622340000000364,-60.48629500000029,-182.5899673167498,-142.10818966662464
100.6,-49.776782500000415,-59.645642500000335,-182.5346332941248,-142.29098562262462
100.65,-48.86543500000021,-58.73920000000013,-182.4856000441248,-142.47716487287465
100.7,-47.87949750000027,-57.75816750000019,-182.4315163693748,-142.67996639487464
100.75,-46.82879250000033,-56.71236750000025,-182.4014589871248,-142.91130526837463
100.8,-45.6983825000004,-55.586862500000315,-182.4307073207498,-143.21207522387462
100.85,-44.44797250000047,-54.341357500000385,-182.4772153583748,-143.5651391404996
100.9,-43.08273750000016,-52.981027500000074,-182.48488906199978,-143.9120739008747
100.95,-41.65029500000024,-51.55349000000015,-182.47662695937478,-144.2568266816247
101.0,-40.17181750000032,-50.079917500000235,-182.48746330762478,-144.59873553387467
101.05,-38.64424000000041,-48.55724500000032,-182.50332556399977,-144.93419651374967
101.1,-37.0707050000005,-46.98861500000041,-182.50567915999977,-145.29745934637464
101.15,-35.44408250000013,-45.366897500000036,-182.50097196799976,-145.6738630899997
101.2,-33.77521500000022,-43.70293500000013,-182.48748782424977,-146.0269270066247
101.25,-32.07693500000032,-42.00956000000023,-182.45014900437477,-146.38239355249968
101.3,-30.31357500000042,-40.25110500000033,-182.39662921199977,-146.76355352137466
101.35,-28.479005000000523,-38.42144000000043,-182.34379588512476,-147.14314442624965
101.4,-26.6083425000001,-36.5556825,-182.27541901799975,-147.50898150449973
101.45,-24.68350000000021,-34.635745000000114,-182.18696303499976,-147.8962706296247
101.5,-22.654477500000326,-32.61162750000023,-182.10321424399976,-148.31979532649967
101.55,-20.51166500000045,-30.473720000000352,-182.02799723849975,-148.76384043849964
101.6,-18.269360000000574,-28.23632000000048,-181.94267938349975,-149.21759413399963
101.65,-15.907095000000037,-25.878959999999942,-181.83453655062473,-149.68774945162474
101.7,-13.407760000000179,-23.384530000000083,-181.70815334874973,-150.1688882172497
101.75,-10.811745000000327,-20.793420000000232,-181.56485367562473,-150.64372621024967
101.8,-8.12471500000048,-18.111295000000386,-181.41368416587474,-151.11979003449963
101.85,-5.354167500000637,-15.345652500000543,-181.28754613024975,-151.5893324364996
101.9,-2.6042825000000116,-12.60067249999992,-181.21902216337475,-152.0179811079997
101.95,-0.052680000000156824,-10.053975000000065,-181.22718619949976,-152.40455925099968
102.0,2.0977099999997213,-7.908490000000187,-181.28796291287475,-152.78037459562466
102.05,3.7499174999996274,-6.261187500000281,-181.35016159049974,-153.16418235999964
102.1,4.990014999999557,-5.025995000000351,-181.41157573612475,-153.53430984762463
102.15,5.944369999999775,-4.076545000000134,-181.49194123287475,-153.8682017634997
102.2,6.698482499999732,-3.3273375000001773,-181.59258197849974,-154.1704181998747
102.25,7.361264999999694,-2.669460000000215,-181.70244097512474,-154.45942017537467
102.3,8.019564999999657,-2.016065000000252,-181.81627166499973,-154.75254094387466
102.35,8.690804999999619,-1.34973000000029,-181.9531234657497,-155.04571074562466
102.4,9.35333249999977,-0.6921075000001405,-182.12336690974976,-155.33596306899972
102.45,9.963302499999735,-0.087042500000175,-182.32803169524976,-155.6065040258747
102.5,10.465894999999707,0.4106449999997967,-182.56655393987475,-155.8385048482497
102.55,10.797919999999689,0.7377649999997782,-182.84778414524973,-156.02899902449968
102.6,10.905789999999682,0.8407299999997724,-183.1797882809997,-156.17183288174968
102.65,10.76424249999965,0.6942774999997391,-183.5483221879998,-156.2660502716247
102.7,10.370789999999673,0.2959199999997617,-183.94051463812477,-156.32047717912468
102.75,9.743972499999709,-0.3358025000002024,-184.35266362099975,-156.3523242749997
102.8,8.940867499999754,-1.1438125000001564,-184.76792621524973,-156.3791209461247
102.85,8.081532499999803,-2.0080525000001073,-185.16639492137472,-156.3999600773747
102.9,7.254969999999615,-2.839520000000296,-185.5521149824998,-156.4046917859997
102.95,6.426707499999662,-3.6726875000002486,-185.93499111512477,-156.39044762687467
103.0,5.527234999999713,-4.577065000000197,-186.31038967712476,-156.36936332937466
103.05,4.554462499999769,-5.554742500000142,-186.66421360912474,-156.35840439799966
103.1,3.528799999999827,-6.585310000000083,-187.02634867699973,-156.34712675049965
103.15,2.4215949999995754,-7.697420000000336,-187.42420446749983,-156.32013394637465
103.2,1.2177299999996438,-8.906190000000267,-187.82936621224982,-156.27492528987466
103.25,-0.0016050000002867382,-10.130430000000198,-188.2067751374998,-156.22228809599966
103.3,-1.1169950000002233,-11.250725000000134,-188.54865947312476,-156.17967820174965
103.35,-2.0854325000001683,-12.224067500000078,-188.86502200212473,-156.16494371012465
103.4,-2.9348675000003617,-13.078407500000273,-189.1596628013748,-156.19022035049966
103.45,-3.6592325000003205,-13.807677500000231,-189.45741721199977,-156.24842281824965
103.5,-4.133392500000293,-14.286742500000205,-189.73634285462475,-156.32131074437464
103.55,-4.237722500000287,-14.3959775000002,-189.91141607374973,-156.36740199937464
103.6,-4.036475000000299,-14.19963500000021,-189.95603633124972,-156.38125389249964
103.65,-3.6718350000002156,-13.839900000000128,-189.8527968233747,-156.35342752312462
103.7,-3.2814150000002376,-13.45438500000015,-189.6059389262497,-156.21233434624963
103.75,-3.009607500000253,-13.187482500000165,-189.33561861899972,-155.96417706799966
103.8,-2.9633325000002557,-13.146112500000168,-189.09484084487474,-155.67274794662467
103.85,-3.1801050000002435,-13.367790000000156,-188.84629130062476,-155.38781573087468
103.9,-3.60512250000034,-13.797712500000253,-188.5996540531247,-155.14664569074964
103.95,-4.1274250000003105,-14.324920000000223,-188.33597775124971,-154.94129443974964
104.0,-4.600885000000284,-14.803285000000196,-188.04768675787474,-154.75227126099966
104.05,-4.9090650000002665,-15.116370000000177,-187.77601803624975,-154.55138203574967
104.1,-5.031560000000259,-15.24377000000017,-187.53953067149976,-154.35409675437467
104.15,-5.000075000000252,-15.217190000000164,-187.34300540549972,-154.21280744449965
104.2,-4.834365000000261,-15.056385000000173,-187.15381061037473,-154.14933390237465
104.25,-4.50194500000028,-14.72887000000019,-186.95721179449976,-154.15820892062465
104.3,-4.026365000000307,-14.258195000000217,-186.76581050312475,-154.17100659887464
104.35,-3.502947500000336,-13.739682500000248,-186.57972931937476,-154.15811085412463
104.4,-2.976447500000216,-13.218087500000129,-186.39793854499973,-154.15509530924962
104.45,-2.4472625000002464,-12.693807500000158,-186.21499548924973,-154.17274727924962
104.5,-1.8963850000002775,-12.147835000000189,-186.04509527799974,-154.21592105587462
104.55,-1.3146075000003106,-11.570962500000222,-185.90321756912473,-154.28831864949962
104.6,-0.6916375000003461,-10.952897500000258,-185.78467968724974,-154.40352227037462
104.65,0.024269999999816716,-10.241895000000097,-185.6718296623747,-154.57013725387466
104.7,0.8781449999997682,-9.392925000000146,-185.55611119237471,-154.76580443799966
104.75,1.8674999999997122,-8.408475000000202,-185.49087245324972,-154.99385808374964
104.8,2.913847499999653,-7.367032500000261,-185.5182330067497,-155.24750708599962
104.85,3.9056049999995963,-6.380180000000317,-185.5701347018747,-155.4750213659996
104.9,4.812049999999802,-5.478640000000112,-185.6030850458747,-155.66480456012465
104.95,5.6490799999997545,-4.64651500000016,-185.6480485361247,-155.86324212287465
105.0,6.466032499999708,-3.8344675000002058,-185.7225300428747,-156.11233103287464
105.05,7.310329999999659,-2.9950750000002535,-185.78791588174968,-156.3856668849996
105.1,8.20478249999961,-2.1055275000003038,-185.80186584137468,-156.65758077287458
105.15,9.189467499999834,-1.125747500000081,-185.8018413247497,-156.95160865649964
105.2,10.248714999999773,-0.07140500000014094,-185.83650783249968,-157.26654922124962
105.25,11.35030749999971,1.0252824999997967,-185.87325825337467,-157.5980875411246
105.3,12.55434999999964,2.2244199999997285,-185.85617016574966,-157.9693673101246
105.35,13.934914999999561,3.6000799999996502,-185.80627883387467,-158.36955217999957
105.4,15.451592499999906,5.111852499999994,-185.77175942587468,-158.76517695762467
105.45,17.038269999999816,6.693624999999904,-185.75016027924968,-159.16519021112464
105.5,18.662722499999724,8.313172499999812,-185.7329005752497,-159.5687828918746
105.55,20.246472499999633,9.892017499999723,-185.7254475212497,-159.9566358993746
105.6,21.746582499999548,11.387222499999638,-185.72777660062468,-160.33411837449958
105.65,23.16704499999987,12.80277999999996,-185.7352541712497,-160.71032598512465
105.7,24.528139999999794,14.158969999999883,-185.7346412556247,-161.09244210237463
105.75,25.913922499999714,15.539847499999805,-185.7207893624997,-161.48414421999962
105.8,27.37595499999963,16.996974999999722,-185.69578240499968,-161.8842065067496
105.85,28.890564999999544,18.506679999999637,-185.6580022858747,-162.29552192437458
105.9,30.428377499999893,20.039587499999985,-185.60994970087467,-162.71924275424968
105.95,31.992322499999805,21.598627499999896,-185.55020268574967,-163.14745012649965
106.0,33.59903999999971,23.200439999999805,-185.47545149612466,-163.58107567287462
106.05,35.23661749999962,24.83311249999971,-185.40153387174968,-164.0144315363746
106.1,36.84942999999953,26.441019999999618,-185.3343092859997,-164.44261439199957
106.15,38.39046499999988,27.977149999999966,-185.25985229587468,-164.86471712462466
106.2,39.86397999999979,29.445759999999883,-185.17745191924968,-165.27179116612464
106.25,41.29575749999971,30.872632499999803,-185.10297041249967,-165.67133860374963
106.3,42.69085499999963,32.26282499999972,-185.05006353574967,-166.05904451149962
106.35,44.008177499999555,33.575242499999646,-185.0158628438747,-166.4340998407496
106.4,45.224269999999834,34.786429999999925,-184.98607514449967,-166.7985885046247
106.45,46.376769999999766,35.934024999999856,-184.95822425849965,-167.14074252312466
106.5,47.448254999999705,37.000604999999794,-184.94961892312466,-167.44783776787463
106.55,48.37071499999965,37.918159999999745,-184.97214970149966,-167.69533309724963
106.6,49.08168999999961,38.624229999999706,-185.02316879812466,-167.88391497674962
106.65,49.54291499999972,39.08054999999981,-185.09990583437468,-168.01270080787467
106.7,49.7986249999997,39.331354999999796,-185.1993452653747,-168.09620443262466
106.75,49.8665899999997,39.39441499999979,-185.32494393524968,-168.14533574912465
106.8,49.68420249999971,39.2071224999998,-185.48317423299966,-168.10696723099966
106.85,49.24212249999973,38.76013749999982,-185.67337420974965,-167.99173909349966
106.9,48.567492499999574,38.080602499999664,-185.8885321107497,-167.85113624912464
106.95,47.705949999999625,37.214154999999714,-186.1329873786247,-167.69145947049964
107.0,46.72723999999968,36.23053999999977,-186.3813162732497,-167.51417975512464
107.05,45.67919249999974,35.17758749999983,-186.61194416462467,-167.31495766037466
107.1,44.56317499999981,34.056664999999896,-186.84772054724965,-167.10830702824967
107.15,43.38426749999954,32.872852499999624,-187.09646622449972,-166.8991802169996
107.2,42.157314999999606,31.640994999999695,-187.35033587637471,-166.67090592162464
107.25,40.85159249999968,30.33036749999977,-187.6067552572497,-166.42765196837465
107.3,39.49770499999976,28.97157499999985,-187.87371678687467,-166.17868564149967
107.35,38.149307499999836,27.618272499999925,-188.15421149349964,-165.93396069074967
107.4,36.77573499999952,26.23979499999961,-188.43907015937472,-165.70017015474963
107.45,35.383802499999604,24.842957499999688,-188.7080420522497,-165.48104056049965
107.5,34.06401749999968,23.518267499999762,-188.9526689364997,-165.28556950937465
107.55,32.85663499999975,22.30597999999983,-189.19474609174966,-165.10713751262466
107.6,31.724017499999814,21.168457499999896,-189.44089300674966,-164.93292237537466
107.65,30.601457499999558,20.04099249999964,-189.6814991644997,-164.7412268844996
107.7,29.431672499999625,18.866302499999705,-189.9183542786247,-164.51155514149963
107.75,28.177707499999695,17.607432499999778,-190.12414682887467,-164.24488781137464
107.8,26.824384999999772,16.249204999999854,-190.26242059387465,-163.94835923199966
107.85,25.421357499999854,14.841272499999935,-190.35786381499963,-163.66131858649968
107.9,24.100909999999555,13.515919999999634,-190.42837362849966,-163.3957054712496
107.95,22.97769499999962,12.387799999999698,-190.47885335937465,-163.12651292874963
108.0,22.012759999999677,11.417959999999754,-190.55740462587465,-162.84337042662466
108.05,21.015922499999732,10.41621749999981,-190.69896361862465,-162.54392436887468
108.1,19.8167424999998,9.212132499999878,-190.88119569224963,-162.2315580497497
108.15,18.40639249999948,7.796877499999557,-191.07014532112467,-161.90575662012463
108.2,16.85529999999957,6.240879999999645,-191.27549657212467,-161.57397313399966
108.25,15.223582499999663,4.604257499999738,-191.50710512849966,-161.2436606453747
108.3,13.51940249999976,2.895172499999835,-191.78198552799964,-160.9215612261247
108.35,11.716392499999863,1.0872574999999376,-192.10724759187462,-160.63912970612472
108.4,9.868304999999442,-0.7657350000004839,-192.4418750064997,-160.39354667349966
108.45,8.033812499999545,-2.6051325000003795,-192.7689758172497,-160.13403819787467
108.5,6.158069999999652,-4.485780000000273,-193.1062755439997,-159.83868641649968
108.55,4.144944999999766,-6.503810000000158,-193.46554216674966,-159.52102450637472
108.6,2.003069999999888,-8.650590000000037,-193.83282572587464,-159.20740783937472
108.65,-0.20958750000061466,-10.86815250000054,-194.1900329521247,-158.90872179699966
108.7,-2.453102500000487,-13.116572500000412,-194.5481963267497,-158.61925400562467
108.75,-4.657592500000362,-15.325967500000287,-194.91572505212466,-158.3338804906247
108.8,-6.783490000000241,-17.456770000000166,-195.29475207462463,-158.05588647974972
108.85,-8.847865000000123,-19.526050000000048,-195.6892981207496,-157.79453925724974
108.9,-10.887475000000586,-21.570565000000514,-196.10473233137472,-157.5569731609997
108.95,-12.900635000000472,-23.5886300000004,-196.5127870378747,-157.3596633629997
109.0,-14.795747500000363,-25.48864750000029,-196.89718320124967,-157.2060667073747
109.05,-16.483170000000268,-27.180975000000196,-197.26610937424965,-157.0992232556247
109.1,-17.952507500000184,-28.655217500000113,-197.61792294299963,-157.0405549719997
109.15,-19.193235000000467,-29.900850000000396,-197.9689029464997,-156.9976263616247
109.2,-20.262632500000407,-30.975152500000334,-198.33417614237467,-156.9488137612497
109.25,-21.26796250000035,-31.985387500000275,-198.69410471399965,-156.91373047087473
109.3,-22.2064975000003,-32.928827500000224,-199.03304705462463,-156.91373047087473
109.35,-23.027817500000253,-33.755052500000176,-199.35676457112461,-156.95857137799973
109.4,-23.71915500000041,-34.451295000000336,-199.66263398462468,-157.04629186224975
109.45,-24.25680000000038,-34.993845000000306,-199.96534075349965,-157.18679664012473
109.5,-24.618087500000357,-35.36003750000029,-200.23995147012462,-157.37957086249972
109.55,-24.801022500000347,-35.547877500000276,-200.47425685524962,-157.59634686074972
109.6,-24.800795000000345,-35.552555000000275,-200.69522519637462,-157.8263128032497
109.65,-24.68893250000032,-35.445597500000254,-200.88795038549966,-158.05892654124975
109.7,-24.526037500000328,-35.28760750000026,-201.05696799824966,-158.30835868399973
109.75,-24.261412500000343,-35.027887500000276,-201.21132466924965,-158.6063092276247
109.8,-23.839940000000368,-34.6113200000003,-201.34655837274966,-158.9528272053747
109.85,-23.2770400000004,-34.05332500000033,-201.48056624499964,-159.30890666687466
109.9,-22.66555500000026,-33.44674500000019,-201.62984797462468,-159.63049123699975
109.95,-22.142552500000292,-32.928647500000224,-201.81200649837467,-159.89603080237472
110.0,-21.79484250000031,-32.58584250000025,-202.02485983662467,-160.1236676654997
110.05,-21.62217000000032,-32.41807500000026,-202.22035540437466,-160.3495148149997
110.1,-21.505262500000327,-32.30607250000026,-202.35478005924966,-160.6089987739997
110.15,-21.274035000000275,-32.07975000000021,-202.43514555599967,-160.90322279062477
110.2,-20.881505000000296,-31.69212500000023,-202.48692466799966,-161.19445577899975
110.25,-20.388760000000325,-31.204285000000258,-202.53546758549965,-161.48495326862474
110.3,-19.842040000000356,-30.66247000000029,-202.60276572112465,-161.7803540832497
110.35,-19.290692500000386,-30.11602750000032,-202.68511706449965,-162.0727883862497
110.4,-18.753095000000265,-29.5833350000002,-202.76962587087468,-162.39532910474978
110.45,-18.175407500000297,-29.010552500000234,-202.86305872874968,-162.75969518549977
110.5,-17.524675000000332,-28.36472500000027,-202.96198331062467,-163.14492491412474
110.55,-16.825282500000373,-27.670237500000308,-203.05477873624966,-163.52941914399972
110.6,-16.14012750000041,-26.989987500000346,-203.14169017187464,-163.8970214192497
110.65,-15.51698250000027,-26.371747500000204,-203.23897213987468,-164.23272756537477
110.7,-14.991152500000299,-25.850822500000234,-203.34961566849967,-164.52248955624975
110.75,-14.575235000000323,-25.439810000000257,-203.44067041374967,-164.79803190462474
110.8,-14.198282500000344,-25.067762500000278,-203.48347644099968,-165.08114989012472
110.85,-13.770842500000368,-24.645227500000303,-203.4503789972497,-165.3448752252497
110.9,-13.285687500000257,-24.164977500000195,-203.34145163237466,-165.54461216912475
110.95,-12.787367500000286,-23.671562500000224,-203.18312326812466,-165.67369219974975
111.0,-12.292367500000314,-23.181467500000252,-202.97826234962469,-165.76386434649976
111.05,-11.741947500000345,-22.635952500000283,-202.7186312908747,-165.83895876887476
111.1,-11.043967500000385,-21.94287750000032,-202.38831880224973,-165.90164777899975
111.15,-10.095197500000168,-20.999012500000106,-201.97955311362463,-165.94462542262477
111.2,-8.83176000000024,-19.740480000000176,-201.53663576637464,-165.99993492862475
111.25,-7.25176000000033,-18.165385000000263,-201.10597673162468,-166.07696616437474
111.3,-5.418245000000435,-16.33677500000037,-200.6837268992497,-166.13766932787473
111.35,-3.4705900000005454,-14.394025000000479,-200.27912903687474,-166.17199260287472
111.4,-1.5462950000001079,-12.474635000000042,-199.92380959074964,-166.19736730974972
111.45,0.29378249999978756,-10.639462500000146,-199.61034002349965,-166.2563297928747
111.5,2.0512824999996875,-8.886867500000246,-199.32808011987467,-166.3436825277497
111.55,3.637962499999597,-7.305092500000336,-199.09227922062468,-166.4278481013747
111.6,4.922864999999524,-6.025095000000409,-198.91406787349968,-166.5272630157497
111.65,5.900599999999746,-5.052265000000188,-198.76895397012464,-166.64445248324972
111.7,6.611322499999705,-4.346447500000227,-198.57497843312464,-166.7961858753747
111.75,7.082469999999678,-3.880205000000254,-198.32412432612466,-166.99785963262468
111.8,7.3676099999996625,-3.59997000000027,-198.11232520274967,-167.17479611524968
111.85,7.3717849999996625,-3.60070000000027,-197.97326690574968,-167.26016300349968
111.9,6.957144999999568,-4.020245000000365,-197.84757016937465,-167.3060581254997
111.95,6.198669999999611,-4.783625000000321,-197.69000182049965,-167.3780634531247
112.0,5.315662499999661,-5.67153750000027,-197.50438645262466,-167.4721092266247
112.05,4.576004999999703,-6.4161000000002275,-197.33764888599967,-167.5626491227497
112.1,4.149614999999727,-6.847395000000203,-197.2261717921247,-167.66306921874968
112.15,4.081722499999712,-6.92019250000022,-197.12028448874966,-167.80835473849973
112.2,4.372124999999695,-6.634695000000236,-196.97421443699966,-168.01417180537473
112.25,5.023394999999658,-5.988330000000273,-196.78869713562466,-168.28841477262472
112.3,6.0427899999995995,-4.97384000000033,-196.59597194649967,-168.6070328311247
112.35,7.344429999999526,-3.677105000000404,-196.4424243241247,-168.92800448562468
112.4,8.755719999999847,-2.2707200000000842,-196.31601660562467,-169.22215495237475
112.45,10.124607499999769,-0.9067375000001616,-196.20770215637467,-169.47362197499973
112.5,11.3327899999997,0.29653999999977,-196.13474068037468,-169.68728436187473
112.55,12.361344999999643,1.3201899999997118,-196.06883999237468,-169.90104481524972
112.6,13.334489999999587,2.2884299999996567,-195.9918087566247,-170.1501337252497
112.65,14.370427499999822,3.319462499999891,-195.90161209324967,-170.43702727099978
112.7,15.520232499999757,4.464362499999826,-195.77405209337468,-170.73505136449975
112.75,16.809822499999683,5.749047499999753,-195.5829940347497,-171.04298017449975
112.8,18.2919524999996,7.226272499999669,-195.3324341272497,-171.38192251512473
112.85,20.0119924999995,8.941407499999572,-195.05973570737473,-171.7374626108747
112.9,21.946954999999942,10.871465000000011,-194.78845925174966,-172.10038221074979
112.95,24.06195499999982,12.981559999999892,-194.50710646324967,-172.48325834337476
113.0,26.299297499999692,15.213997499999763,-194.22541044199968,-172.85147353424975
113.05,28.47679749999957,17.38659249999964,-193.9749240843747,-173.16724766424974
113.1,30.476289999999455,19.381179999999528,-193.7414522644997,-173.46990539987473
113.15,32.31785249999987,21.217837499999945,-193.55436589912466,-173.7712147211248
113.2,33.95183749999978,22.84691749999985,-193.47819274524966,-174.0167732371248
113.25,35.28175999999971,24.171934999999774,-193.44298687174967,-174.22133995612478
113.3,36.36773499999965,25.253004999999714,-193.37740489987468,-174.45174719787477
113.35,37.38853499999959,26.268899999999658,-193.33410854012467,-174.70326325374975
113.4,38.40691499999983,27.282374999999888,-193.31692238599967,-174.9584077701248
113.45,39.435039999999766,28.30559499999983,-193.28411914174967,-175.2318416887498
113.5,40.5240624999997,29.389712499999767,-193.24364219387468,-175.52937544974978
113.55,41.69326249999963,30.554007499999702,-193.20137553237467,-175.85213681787477
113.6,42.938634999999564,31.794474999999633,-193.14182465024967,-176.19333468799974
113.65,44.27963249999987,33.130567499999934,-193.05596742949965,-176.5564259042498
113.7,45.71978999999979,34.56581999999985,-192.94733426412466,-176.9287108548748
113.75,47.244124999999705,36.08524999999977,-192.81455222312468,-177.31379348374978
113.8,48.90668249999961,37.74290249999967,-192.68429539449969,-177.71802359674976
113.85,50.69425999999951,39.52557499999957,-192.58566501212468,-178.10984829749972
113.9,52.488047499999915,41.314457499999975,-192.49473284999965,-178.4909592331248
113.95,54.24136749999982,43.06287249999988,-192.39362628849966,-178.88675562712478
114.0,55.97628999999972,44.79288999999978,-192.29955599837467,-179.29051992424976
114.05,57.686249999999625,46.49794499999968,-192.22911973474967,-179.67297927424974
114.1,59.273182499999535,48.07997249999959,-192.20928578512468,-180.00505695987474
114.15,60.584294999999834,49.38617999999989,-192.24635492212468,-180.2730972209998
114.2,61.61550499999978,50.41248499999983,-192.2813156293747,-180.54567305774978
114.25,62.576677499999725,51.36875249999978,-192.27550518924969,-180.87968755674976
114.3,63.68155999999966,52.46872999999972,-192.2145323428747,-181.26798186349973
114.35,65.01452749999959,53.79679249999964,-192.0988874227497,-181.6950124377497
114.4,66.56280749999993,55.34016749999999,-191.97159710574968,-182.12120944674982
114.45,68.23128249999984,57.0037374999999,-191.8606838942497,-182.5362513913748
114.5,69.90565749999973,58.673207499999805,-191.7678149187497,-182.94403641499977
114.55,71.52094999999964,60.283594999999714,-191.69012173412472,-183.33500303387476
114.6,73.03090999999955,61.78864999999963,-191.6218674501247,-183.71309842462475
114.65,74.43852749999986,63.19136249999995,-191.5548635139997,-184.08339752862483
114.7,75.77299999999978,64.52092999999986,-191.50725222824968,-184.42454636549982
114.75,76.98446499999972,65.72748999999979,-191.5121065199997,-184.72448275574982
114.8,78.01817749999965,66.75629749999973,-191.5450568639997,-185.0020354673748
114.85,78.9238224999996,67.65703749999967,-191.55258346787468,-185.2860360513748
114.9,79.82214249999981,68.55045249999988,-191.53093528799968,-185.60578187462485
114.95,80.81421249999975,69.53761749999983,-191.50178502087468,-185.94987270649983
115.0,81.9037249999997,70.62222499999976,-191.4706243904997,-186.3109045262498
115.05,83.08169499999963,71.7952899999997,-191.4401011923747,-186.69233417799978
115.1,84.31638249999956,73.02507249999962,-191.4237486034997,-187.07552902674976
115.15,85.51122499999984,74.2150099999999,-191.4308584247497,-187.45257020262486
115.2,86.59997499999977,75.29885499999983,-191.44838781162468,-187.81727951612484
115.25,87.58294499999971,76.27691999999978,-191.4657455821247,-188.1549715088748
115.3,88.46327749999966,77.15234749999972,-191.49087512274969,-188.4710398383748
115.35,89.25719499999961,77.94135999999968,-191.5286797584997,-188.78546555399979
115.4,90.01011499999979,78.68937499999984,-191.5662392279997,-189.09256079874984
115.45,90.75028999999974,79.4246449999998,-191.59806180724968,-189.40325998737484
115.5,91.4961299999997,80.16557999999976,-191.64278013124968,-189.72163287962482
115.55,92.23248749999965,80.89703249999972,-191.70578785749967,-190.0137729831248
115.6,92.88566249999961,81.54530249999969,-191.78392234137468,-190.2748014894998
115.65,93.41814499999973,82.07287999999981,-191.8634297562497,-190.52119357074986
115.7,93.9241999999997,82.57402999999978,-191.9106978092497,-190.80874906537485
115.75,94.56718749999966,83.21211249999975,-191.92766331374972,-191.15999875174984
115.8,95.42066499999962,84.0606849999997,-191.94874761124973,-191.5388786744998
115.85,96.33814749999956,84.97326249999965,-191.93908806099972,-191.8778945649998
115.9,97.12410499999974,85.75431499999982,-191.8222908594997,-192.10629144349986
115.95,97.8105399999997,86.43584499999979,-191.5946785129997,-192.26344300974984
116.0,98.61320499999965,87.23360499999974,-191.31724838449972,-192.43817299612482
116.05,99.6767399999996,88.29223499999968,-190.97475113324975,-192.5970162094998
116.1,100.99080249999952,89.6013924999996,-190.52185551962478,-192.7108223827498
116.15,102.36078249999983,90.96646749999992,-190.07413291387468,-192.79925384912482
116.2,103.56291249999975,92.16369249999985,-189.6896386839997,-192.85630403549982
116.25,104.5303349999997,93.1262099999998,-189.29305775799972,-192.92320990512482
116.3,105.35252249999965,93.94349249999975,-188.89824202899973,-193.0419929532498
116.35,106.2610174999996,94.8470824999997,-188.54434454712475,-193.2300354669998
116.4,107.37298999999985,95.95414999999996,-188.23933321549967,-193.45392128649985
116.45,108.60750249999977,97.18375749999988,-187.97538723074967,-193.66280293149984
116.5,109.8540049999997,98.42535499999981,-187.71475099037468,-193.86849741524983
116.55,111.06361249999964,99.63005749999974,-187.4527173023747,-194.10098857012483
116.6,112.26966749999957,100.83120749999966,-187.20556520574974,-194.33232744362482
116.65,113.51548749999985,102.07212249999995,-186.9565498456247,-194.53809547724987
116.7,114.76652249999978,103.31825249999987,-186.68944121624972,-194.73633690699987
116.75,116.00826249999972,104.5550874999998,-186.42051835662474,-194.93747129849984
116.8,117.29959249999965,105.84151249999972,-186.16480995787475,-195.16042548624984
116.85,118.65219249999957,107.18920749999964,-185.91199452087477,-195.39178887637482
116.9,120.01664749999988,108.54875749999995,-185.66935348324972,-195.60903069049988
116.95,121.3759649999998,109.90316999999988,-185.45348460012474,-195.83021968124987
117.0,122.72522249999972,111.2475224999998,-185.26107812712476,-196.05908237562485
117.05,124.04666749999964,112.56406249999972,-185.09098178287476,-196.29993369962483
117.1,125.33598499999957,113.84847499999965,-184.93946904037477,-196.53284163712482
117.15,126.55326999999984,115.06085499999993,-184.79874361287474,-196.71563759312485
117.2,127.62363999999978,116.12631999999988,-184.67983798162476,-196.84748800237486
117.25,128.50267249999973,117.00044749999982,-184.62577882349976,-196.93631173474986
117.3,129.13107999999968,117.62394999999978,-184.70702691874976,-196.95185527499987
117.35,129.33103499999967,117.81899999999978,-184.91367755087475,-196.86114376249986
117.4,128.9917024999996,117.4747624999997,-185.1387401683748,-196.68930673787483
117.45,128.21055999999965,116.68871499999975,-185.3435520536248,-196.48147930774985
117.5,127.1126899999997,115.58593999999981,-185.58425627787477,-196.24663455687485
117.55,125.72313999999979,114.19148499999989,-185.89140055587475,-195.97320063824986
117.6,124.04122499999988,112.50466499999999,-186.21448064012475,-195.68209023299988
117.65,122.14915249999946,110.60768749999956,-186.51824162387481,-195.40495430399983
117.7,120.14305749999957,108.59668749999967,-186.8198206279998,-195.12955905537484
117.75,118.08868249999969,106.53740749999979,-187.1249300261248,-194.84607332049987
117.8,116.02918999999982,104.4730099999999,-187.42158118862477,-194.5665102456249
117.85,113.95621999999993,102.39513500000002,-187.69410799212474,-194.2914091964999
117.9,111.86074999999946,100.29475999999954,-187.9658012303748,-194.00767829537483
117.95,109.76199999999957,98.19110499999967,-188.25693615224978,-193.71745048862485
118.0,107.6526649999997,96.07686499999978,-188.54677169299976,-193.44139329112485
118.05,105.51489249999982,93.93418749999991,-188.83430267099973,-193.17823183837487
118.1,103.39684499999994,91.81123500000002,-189.11849938799972,-192.92389637062487
118.15,101.36688249999948,89.77636749999957,-189.3838183037498,-192.7117294978748
118.2,99.51418749999958,87.91876749999967,-189.62439994487477,-192.57904552337482
118.25,97.95680499999966,86.35647999999976,-189.82722598349974,-192.53687692837482
118.3,96.75498749999973,85.14975749999984,-189.98832472637474,-192.5654633131248
118.35,95.88037749999978,84.27024249999988,-190.13895487037473,-192.6428622982498
118.4,95.28334249999965,83.66830249999974,-190.26560775512476,-192.78140574612485
118.45,95.00016249999966,83.38021749999976,-190.31255709199976,-193.01769697787483
118.5,95.16904749999965,83.54419749999975,-190.25486947337475,-193.37875331424982
118.55,95.8837449999996,84.25398999999972,-190.13684644062477,-193.8050974229998
118.6,97.02081499999954,85.38615499999965,-190.03547019624978,-194.20408097824978
118.65,98.36354999999985,86.72398499999996,-189.93318683674974,-194.57558139687487
118.7,99.82739749999976,88.18292749999988,-189.78733743462476,-194.96429248624983
118.75,101.44721999999967,89.79784499999978,-189.61979081937477,-195.3874739503748
118.8,103.23315749999958,91.57887749999968,-189.4669051458748,-195.8154361563748
118.85,105.10104999999947,93.44186499999957,-189.3277978156248,-196.2228289139998
118.9,106.9666749999999,95.302585,-189.17579474062475,-196.6352230631249
118.95,108.82753249999979,97.1585374999999,-189.01881479074976,-197.06198395449988
119.0,110.68147749999969,99.00757749999978,-188.88147265749976,-197.49325590487484
119.05,112.48897749999958,100.81017249999968,-188.76913748174977,-197.90383582374983
119.1,114.22307749999948,102.53936749999959,-188.6567777893748,-198.2919830307498
119.15,115.91045999999986,104.22184499999997,-188.52576094537474,-198.67603596137488
119.2,117.60967999999976,105.91615999999988,-188.37559661724976,-199.06739484624987
119.25,119.36444749999966,107.66602249999978,-188.20890808387477,-199.48292712337485
119.3,121.18983999999955,109.48650999999968,-188.03927755549978,-199.89517417274982
119.35,123.03147999999945,111.32324499999957,-187.8732754876248,-200.2855523926248
119.4,124.79757249999984,113.08443249999998,-187.72002206474977,-200.67904422387488
119.45,126.44507249999975,114.72702749999988,-187.63215448074976,-201.04828911299987
119.5,127.85680999999967,116.1338599999998,-187.65007613362476,-201.31824167087484
119.55,128.8448274999996,117.11697249999975,-187.74399932399976,-201.47733005049983
119.6,129.34348749999958,117.61072749999973,-187.91333565287474,-201.54109779212482
119.65,129.31140999999957,117.57374499999972,-188.15389277737478,-201.52045479387482
119.7,128.8365124999996,117.09394249999974,-188.41783876212477,-201.44170739437482
119.75,128.10379749999964,116.35632249999978,-188.69320949412474,-201.32743540524982
119.8,127.1471674999997,115.39478749999984,-188.98250566912472,-201.17072513824982
119.85,125.94214749999976,114.18486249999991,-189.2937932567497,-200.95622918612483
119.9,124.49884499999943,112.73665499999957,-189.62493931062477,-200.71211715099977
119.95,122.90530999999953,111.13821499999966,-189.96768172812475,-200.46920643049978
120.0,121.27648249999963,109.50448249999975,-190.29154634437472,-200.23916693812478
120.05,119.65960749999972,107.88270249999985,-190.5947434457497,-200.0100835941248
120.1,118.03155999999981,106.24974999999995,-190.9197603433747,-199.77514077674982
120.15,116.37171499999944,104.58499999999957,-191.24717987024977,-199.55618279887477
120.2,114.71597249999954,102.92435249999966,-191.53527473062476,-199.3438933429998
120.25,113.12948749999963,101.33296249999975,-191.78299070962476,-199.10831309337482
120.3,111.61473999999971,99.81330999999984,-192.01322633499973,-198.83845860199983
120.35,110.0690949999998,98.26275999999993,-192.2209066653747,-198.52935299399985
120.4,108.41897749999943,96.60773749999956,-192.36523603674974,-198.16363849887477
120.45,106.66620249999953,94.85005749999966,-192.45722241374972,-197.7553876593748
120.5,104.86268499999963,93.04163499999977,-192.55511729737472,-197.34500387349982
120.55,103.09850499999973,91.27254999999987,-192.67784752212472,-196.95031072762484
120.6,101.39330999999983,89.56244999999997,-192.82136784487471,-196.56694426249987
120.65,99.70549749999944,87.86973249999959,-192.99094933999976,-196.19235474912477
120.7,97.98623999999954,86.14556999999968,-193.18159061599974,-195.8393153491248
120.75,96.20987249999965,84.36429749999978,-193.37676746762472,-195.5143965179998
120.8,94.41662999999976,82.56614999999988,-193.5728269177497,-195.20916453674982
120.85,92.65162999999986,80.79624499999998,-193.80237607762467,-194.92222195774985
120.9,90.89186499999946,79.03157499999958,-194.08973543924975,-194.6781099226248
120.95,89.11834999999955,77.25315499999968,-194.39707585024973,-194.4714592904998
121.0,87.30635749999965,75.43625749999978,-194.71503195987472,-194.2387720026248
121.05,85.40076999999975,73.5257649999999,-195.0518168374997,-193.97404148587484
121.1,83.40900999999987,71.5291,-195.38651780199967,-193.71681305637486
121.15,81.3582674999994,69.47345249999954,-195.71700190699974,-193.4550980844998
121.2,79.26779999999953,67.37807999999966,-196.04157750537473,-193.19019595137482
121.25,77.17990999999964,65.28528499999977,-196.3625246432497,-192.93765019724984
121.3,75.13268249999976,63.23315249999989,-196.69675979187468,-192.69741178887486
121.35,73.17518249999988,61.2707475,-197.03300530374966,-192.49630191399987
121.4,71.38326999999947,59.47392999999959,-197.34806845162473,-192.34704470099985
121.45,69.80229499999956,57.88804999999968,-197.6553353127497,-192.22188733037484
121.5,68.39352749999964,56.47437749999976,-197.9697119951247,-192.10170683462485
121.55,67.04173249999971,55.117677499999836,-198.28803585412467,-191.97743206249984
121.6,65.65458499999978,53.725624999999916,-198.62013805637466,-191.83906023099985
121.65,64.21798249999945,52.28411749999959,-198.96981867874973,-191.7017426143748
121.7,62.72608749999954,50.78731749999967,-199.3288646518747,-191.57734525912483
121.75,61.213489999999624,49.26981499999976,-199.69185780162468,-191.45763057924984
121.8,59.78135999999971,47.83277999999984,-200.03401182012465,-191.35848534774985
121.85,58.482532499999785,46.52904749999992,-200.34167094724964,-191.28133152887486
121.9,57.30495499999952,45.34656499999965,-200.6513894708747,-191.19567044112483
121.95,56.16862749999958,44.20533249999971,-200.99393575537468,-191.08738050849985
122.0,54.931909999999654,42.963709999999786,-201.35550694087465,-190.95457395087485
122.05,53.55534749999973,41.582242499999865,-201.70727147637461,-190.81370142362485
122.1,52.14972249999981,40.17171249999994,-202.0338819546246,-190.68033098362486
122.15,50.792494999999505,38.809579999999634,-202.3692693846247,-190.52857307487483
122.2,49.435969999999585,37.448149999999714,-202.73415031449966,-190.34487000374983
122.25,48.006514999999666,36.013789999999794,-203.10508685074964,-190.13380637912485
122.3,46.468154999999754,34.47052499999988,-203.4584694834996,-189.88194709049986
122.35,44.79518749999985,32.792652499999974,-203.78370703074958,-189.56980142099988
122.4,42.99427749999944,30.986837499999563,-204.05601318462465,-189.1814335643748
122.45,41.02047499999955,29.008129999999674,-204.28137000162462,-188.71978551562484
122.5,38.804379999999675,26.7871299999998,-204.4922374932496,-188.22884009999987
122.55,36.390669999999815,24.368514999999935,-204.6902092401246,-187.7321577941249
122.6,33.85756999999996,21.83051000000008,-204.8876416212496,-187.24175174424994
122.65,31.268024999999373,19.23605999999949,-205.05607083499964,-186.80996494474985
122.7,28.793024999999513,16.75615499999963,-205.16259557062463,-186.43787612712487
122.75,26.61591499999964,14.574139999999755,-205.25450839774962,-186.08209086512488
122.8,24.762019999999744,12.71533999999986,-205.35916986987462,-185.7374606674999
122.85,23.22929749999983,11.177712499999949,-205.43622562224962,-185.46358544962493
122.9,22.108712499999577,10.052222499999694,-205.4478219858746,-185.27716103312488
122.95,21.50753999999961,9.446144999999728,-205.3925615131246,-185.1343026592499
123.0,21.35201499999962,9.285714999999737,-205.31918325449962,-185.04535634374992
123.05,21.421239999999617,9.350034999999734,-205.2614956358746,-185.02843987249992
123.1,21.59543749999961,9.519327499999724,-205.19691884562462,-185.08173901524992
123.15,21.90043749999968,9.819422499999792,-205.1110861414996,-185.20118401224994
123.2,22.382357499999653,10.296437499999765,-205.01762876699962,-185.36488151737493
123.25,23.038509999999615,10.947684999999728,-204.91522282437464,-185.5608674176249
123.3,23.884894999999567,11.78916499999968,-204.80036243624966,-185.82167527437488
123.35,24.990947499999503,12.890312499999618,-204.69106732199967,-186.15774916987488
123.4,26.352117499999814,14.246577499999926,-204.55750074899964,-186.51623126062495
123.45,27.942819999999724,15.832374999999836,-204.34550549262465,-186.89645959774992
123.5,29.80902999999962,17.69367999999973,-204.09219972312468,-187.2961541351249
123.55,31.881019999999502,19.760764999999612,-203.88272967912468,-187.66625710612487
123.6,34.02746499999938,21.90230499999949,-203.7172669769997,-188.02677407674986
123.65,36.208169999999875,24.078104999999987,-203.54719514937466,-188.41045925799995
123.7,38.39258499999975,26.257614999999863,-203.39354946049966,-188.78286679174994
123.75,40.50164749999963,28.361772499999745,-203.28263624899967,-189.1262956747499
123.8,42.45340499999952,30.308624999999633,-203.19280733499966,-189.4752653149999
123.85,44.24914749999942,32.09946249999953,-203.13693394662465,-189.83239899137487
123.9,45.90557499999979,33.75098499999991,-203.13659071387465,-190.18659067274996
123.95,47.436414999999705,35.27691999999982,-203.16152412149964,-190.54980447212495
124.0,48.903407499999624,36.73900749999974,-203.17226240324965,-190.91748029724994
124.05,50.38250999999954,38.213204999999654,-203.15919504212465,-191.30378875737492
124.1,51.93014749999946,39.75593749999957,-203.13561004887464,-191.7112550648749
124.15,53.539269999999824,41.360154999999935,-203.10540556687462,-192.106977909
124.2,55.20778499999973,43.02376499999984,-203.06340858824962,-192.49796904449997
124.25,56.96075249999963,44.771827499999745,-203.03200279162462,-192.89533450249994
124.3,58.713407499999526,46.51957749999965,-203.0497528281246,-193.27627382174992
124.35,60.31590499999943,48.11716999999956,-203.11462381787462,-193.6268370426249
124.4,61.63277749999973,49.42913749999986,-203.18398134999964,-193.976444115125
124.45,62.693167499999674,50.4846224999998,-203.24282124999965,-194.34487995562498
124.5,63.64922249999962,51.43577249999975,-203.30808450574963,-194.71814557124995
124.55,64.52347999999957,52.3051249999997,-203.38168341399964,-195.05941699124992
124.6,65.33228749999952,53.109027499999655,-203.43603677162463,-195.3669290186249
124.65,66.14828249999971,53.92011749999984,-203.45824883387462,-195.68912650437497
124.7,67.03800999999966,54.80493999999979,-203.45839593362462,-196.03603674812496
124.75,68.0389874999996,55.80101249999973,-203.44606407124962,-196.39473948849994
124.8,69.14289499999954,56.90001499999967,-203.43356059249962,-196.7565803568749
124.85,70.30234999999948,58.054564999999606,-203.4208609807496,-197.12977242262488
124.9,71.48930249999975,59.23661249999987,-203.4150505406246,-197.52088614124997
124.95,72.68554999999968,60.427954999999805,-203.4246855742496,-197.90106544512494
125.0,73.81023499999962,61.54773499999974,-203.44589245487458,-198.25280546399992
125.05,74.83499999999957,62.567594999999685,-203.4710465121246,-198.5713990058749
125.1,75.75644499999952,63.48413499999963,-203.4859771367496,-198.87312510974988
125.15,76.62515499999971,64.34793999999982,-203.4816622107496,-199.19034572062495
125.2,77.56023249999966,65.27811249999976,-203.4874481342496,-199.51644134974993
125.25,78.5137674999996,66.22674249999972,-203.5184616648746,-199.8207662158749
125.3,79.36611249999956,67.07418249999967,-203.54128664274958,-200.1259246472499
125.35,80.14096749999952,67.84413249999962,-203.56477356949958,-200.43971293062486
125.4,80.8857924999997,68.58405249999979,-203.6287129274996,-200.74094870199994
125.45,81.57829249999966,69.27164749999974,-203.7138346494996,-201.02774418124991
125.5,82.21155499999962,69.90000499999971,-203.7702719202496,-201.2903907848749
125.55,82.81590249999958,70.49944749999968,-203.7954995273746,-201.56183885687489
125.6,83.43827749999954,71.11691749999964,-203.8371287566246,-201.86550177412488
125.65,84.1083749999997,71.78210999999979,-203.9084231021246,-202.17818680937495
125.7,84.80355999999966,72.47238999999975,-203.9869253353746,-202.48160456037493
125.75,85.44570999999962,73.10963499999971,-204.08580088399958,-202.75464621299992
125.8,85.9145249999996,73.57354499999968,-204.23282708412458,-202.9776249173749
125.85,86.16671249999959,73.82082749999967,-204.43597183887456,-203.15027099062488
125.9,86.24438499999961,73.89359499999968,-204.65733244599963,-203.2763354763749
125.95,86.16037249999961,73.80467749999968,-204.8803847002496,-203.35356284512488
126.0,85.92492249999962,73.5643224999997,-205.1155726838746,-203.4047045248749
126.05,85.58764249999965,73.22213749999972,-205.3369823242496,-203.4570475192499
126.1,85.22878499999966,72.85837499999974,-205.5258829198746,-203.4886494488749
126.15,84.87134249999959,72.49602749999966,-205.6677115954996,-203.47237040987488
126.2,84.49834249999961,72.11812249999967,-205.6961508804996,-203.3759465237499
126.25,84.15437249999962,71.7692474999997,-205.5818788913746,-203.1944499488749
126.3,83.85561749999964,71.46558749999971,-205.4295571002496,-203.00591710262492
126.35,83.58858999999966,71.19365499999972,-205.2748817131246,-202.83957180199994
126.4,83.3659599999996,70.96611999999968,-205.09439031987458,-202.6771981946249
126.45,83.21737999999961,70.81263499999969,-204.91487959162458,-202.53733084899991
126.5,83.1820399999996,70.77238999999969,-204.6852078486246,-202.3844942087499
126.55,83.2392174999996,70.82466249999969,-204.42785683599962,-202.21655532749992
126.6,83.3278174999996,70.90835749999968,-204.25454881387464,-202.11559586574992
126.65,83.43631499999962,71.0119499999997,-204.1107097749996,-202.0677394137499
126.7,83.59157999999961,71.16230999999969,-203.93441072462463,-202.0428550393749
126.75,83.7886574999996,71.35448249999968,-203.78098568537465,-202.0253992023749
126.8,83.95423249999959,71.51515249999967,-203.65597541449966,-201.9749439881249
126.85,84.02721999999959,71.58323499999968,-203.51836359837466,-201.9036251259999
126.9,84.03023499999959,71.58134499999967,-203.37503940862462,-201.82044021737488
126.95,84.01238249999959,71.55858749999967,-203.24605744449963,-201.74676775924988
127.0,84.0101624999996,71.55146249999967,-203.08726326437463,-201.69148276987488
127.05,84.06946749999959,71.60586249999967,-202.89772523649964,-201.65394781699987
127.1,84.25223499999957,71.78372499999966,-202.70210708562465,-201.64051270649986
127.15,84.53728749999964,72.06387249999973,-202.4884201821246,-201.62040907399987
127.2,84.86809749999962,72.38977749999971,-202.2652698613746,-201.60400745187488
127.25,85.2586749999996,72.7754499999997,-202.03518133574963,-201.61477025024988
127.3,85.72351999999957,73.23538999999967,-201.82463256024963,-201.63386870112487
127.35,86.24752999999954,73.75449499999964,-201.64696057887463,-201.63617326387487
127.4,86.77912749999966,74.28118749999976,-201.4930452071246,-201.62609693099986
127.45,87.23711999999963,74.73427499999974,-201.3793125837496,-201.63055895674987
127.5,87.59238749999962,75.08463749999972,-201.3271166891246,-201.66721131112487
127.55,87.8826349999996,75.3699799999997,-201.3351091088746,-201.73590689437486
127.6,88.12248749999958,75.60492749999969,-201.37168791337461,-201.82068538362486
127.65,88.32128499999962,75.79881999999974,-201.4059376384996,-201.9170847531249
127.7,88.54394499999961,76.01657499999972,-201.4043930911246,-202.03687298287488
127.75,88.86979999999959,76.3375249999997,-201.3621999794996,-202.18370304999988
127.8,89.32638749999956,76.78920749999968,-201.3105434506246,-202.33068021687487
127.85,89.87970749999953,77.33762249999964,-201.3004916343746,-202.48849373199985
127.9,90.52141499999968,77.97442499999978,-201.34035566662462,-202.7152234799999
127.95,91.24773249999964,78.69583749999974,-201.36482325837463,-202.96899506537488
128.0,92.0302324999996,79.4734324999997,-201.36506842462464,-203.19040470574987
128.05,92.85583749999978,80.29413249999989,-201.38875148437464,-203.40087993137493
128.1,93.67057249999951,81.10396249999961,-201.4373924683746,-203.61964177624986
128.15,94.45042499999968,81.87890999999979,-201.46009486312462,-203.85767368837492
128.2,95.29157749999939,82.7151574999995,-201.45651543587462,-204.13034759162483
128.25,96.2594099999996,83.67808499999973,-201.46786663324963,-204.4212373472499
128.3,97.30196999999984,84.71573999999997,-201.48603345237464,-204.68942470812496
128.35,98.37302499999947,85.7818899999996,-201.45779030037465,-204.98188352774986
128.4,99.57677499999974,86.98073499999988,-201.36818203599964,-205.36473514374995
128.45,101.03011499999924,88.42916999999939,-201.28085381774966,-205.7740647147498
128.5,102.6206999999996,90.01484999999975,-201.23405158062465,-206.1267118487499
128.55,104.18253499999996,91.5717800000001,-201.19438368137463,-206.44449634199995
128.6,105.67663499999945,93.0609749999996,-201.12191253787466,-206.77444108124985
128.65,107.13331249999978,94.51274749999993,-201.02156599174964,-207.12149842474992
128.7,108.61295999999928,95.98748999999943,-200.9027829436247,-207.4705416148748
128.75,110.15407249999963,97.52369749999977,-200.77446292837465,-207.8223551836249
128.8,111.7521975,99.11691750000013,-200.6553366474996,-208.18738321324997
128.85,113.42122249999943,100.78103749999956,-200.52297138912465,-208.56778316674985
128.9,115.18419249999982,102.53910249999996,-200.35044789899962,-208.97076293187493
128.95,117.05130249999918,104.40130749999932,-200.1572568939997,-209.3858293931248
129.0,119.01634249999962,106.36144249999977,-199.97272025762464,-209.7520342207499
129.05,120.99357000000008,108.33376500000021,-199.7852906594996,-210.10360262324997
129.1,122.9602099999994,110.29549999999955,-199.57721806312466,-210.52163559612484
129.15,124.97903749999986,112.30942250000001,-199.37934438274962,-210.92782703912494
129.2,127.07591249999915,114.4013924999993,-199.1760034949997,-211.3189407577498
129.25,129.21052249999963,116.53109749999979,-198.96221852499966,-211.7473197463749
129.3,131.2760700000001,118.59174000000026,-198.77785350499963,-212.158463547625
129.35,133.28317999999942,120.59394499999958,-198.5863541471247,-212.57095576324986
129.4,135.3100549999999,122.61591500000004,-198.36955363224965,-213.01804093674997
129.45,137.36864749999918,124.66960249999934,-198.14468714774972,-213.45262263149982
129.5,139.48114749999968,126.77719749999982,-197.90489003862467,-213.87658862762493
129.55,141.68275000000017,128.9738950000003,-197.6441557317496,-214.31033675712501
129.6,143.9878674999994,131.27410749999953,-197.3618222782497,-214.74494296849986
129.65,146.45204749999996,133.7333825000001,-197.0428609869996,-215.22161970837496
129.7,149.12923499999906,136.40566499999917,-196.70055986874974,-215.73862629637478
129.75,151.9410324999997,139.2125574999998,-196.36718280199966,-216.2390596458749
129.8,154.79033000000035,142.05695000000046,-196.03944455899958,-216.72632756775002
129.85,157.6034549999994,144.8651699999995,-195.7200174518747,-217.21305612387485
129.9,160.30806500000003,147.56487500000011,-195.41120604337462,-217.70819388237496
129.95,162.89380749999916,150.14571249999923,-195.12441056412473,-218.20002189649978
130.0,165.34435499999972,152.5913549999998,-194.8768171682497,-218.64843096774987
130.05,167.61263750000023,154.8547325000003,-194.66156120074965,-219.06815558774997
130.1,169.67955249999952,156.9167424999996,-194.4720967227497,-219.47711740937484
130.15,171.60634999999996,158.83863500000004,-194.28790331912467,-219.88343143549994
130.2,173.5307249999993,160.75810499999938,-194.08218431874974,-220.32468165224978
130.25,175.55943499999978,162.78190999999984,-193.87001744599968,-220.7966512001249
130.3,177.68865250000027,164.90622250000033,-193.67545350999964,-221.26317805725
130.35,179.84404249999955,167.0567074999996,-193.4990073598747,-221.72372285787483
130.4,181.90341750000002,169.11117750000005,-193.35793869962467,-222.14597269024992
130.45,183.77165999999937,170.97451499999943,-193.2575921534997,-222.5294372218748
130.5,185.46999999999977,172.66794999999982,-193.1835274293747,-222.93653577999987
130.55,187.04730500000014,174.24035000000018,-193.14452147899968,-223.34365885474998
130.6,188.52865249999962,175.71679249999968,-193.1428788651247,-223.71052563124985
130.65,189.87003749999994,177.0532725,-193.16589997599968,-224.06586959399993
130.7,191.03917749999954,178.21750749999958,-193.18776880549967,-224.42540589962482
130.75,192.1555849999998,179.32900999999984,-193.16437994524966,-224.80229997574992
130.8,193.38369250000008,180.5522125000001,-193.08737322612464,-225.220480048375
130.85,194.7853549999996,181.94896999999963,-192.98364338574967,-225.66580002487487
130.9,196.35381249999998,183.5125225,-192.85534788712465,-226.13068426812498
130.95,198.12267999999938,185.27648499999938,-192.7123178968747,-226.6048357956248
131.0,199.9998299999998,187.1487299999998,-192.5921374011247,-227.0533919666249
131.05,201.7651825000002,188.9091775000002,-192.47651699762466,-227.482383870875
131.1,203.41006499999963,190.54915499999964,-192.3399593963747,-227.93464205224984
131.15,205.06924500000002,192.20343000000003,-192.22007310012467,-228.39472103699995
131.2,206.74080749999945,193.87008749999947,-192.1366920584997,-228.8342305733748
131.25,208.2938924999998,195.4182674999998,-192.0685113243747,-229.25846625237492
131.3,209.6998500000001,196.81932000000015,-192.0064107132497,-229.68488391100001
131.35,211.05094499999964,198.1655099999997,-191.96860607749971,-230.11944108912488
131.4,212.35580999999993,199.46546999999998,-191.9462469154997,-230.53171265512498
131.45,213.5994824999995,200.70423749999955,-191.8827488567497,-230.94339582212484
131.5,214.9003799999998,202.00022999999985,-191.7751453896247,-231.39648756874993
131.55,216.38348500000015,203.47843000000017,-191.67823117099968,-231.88027412987503
131.6,217.94748999999962,205.03752999999963,-191.6154195777497,-232.35658312037486
131.65,219.42627999999996,206.51141499999997,-191.57060318724967,-232.82786620274996
131.7,220.81831249999948,207.8985424999995,-191.54515493049968,-233.3080243033748
131.75,222.13493499999979,209.2102599999998,-191.55356413287467,-233.7525842644999
131.8,223.29757250000006,210.36799250000007,-191.57136320262467,-234.162011902
131.85,224.32720249999971,211.39271749999972,-191.59205523412467,-234.56675686412484
131.9,225.32706499999995,212.38767499999994,-191.63613612587469,-234.96105774399993
131.95,226.30003249999962,213.3557374999996,-191.68632165724966,-235.3415067307498
132.0,227.21671249999983,214.2675124999998,-191.71495707524966,-235.7249712623749
132.05,228.08542500000001,215.13132000000002,-191.75992056549967,-236.111647471875
132.1,228.90700749999974,215.94799749999973,-191.86296394037464,-236.46941858049988
132.15,229.6036474999999,216.6397324999999,-191.98302185299966,-236.77200276624995
132.2,230.09625999999975,217.12743999999972,-192.08268193362463,-237.03320288899985
132.25,230.45589499999983,217.4821699999998,-192.20776575437466,-237.2840815126249
132.3,230.70493249999987,217.72630249999986,-192.4030897057497,-237.50759958274995
132.35,230.79194749999985,217.80841249999983,-192.62739230787463,-237.69431819874987
132.4,230.75918749999985,217.77074749999983,-192.85203814274968,-237.8671113717499
132.45,230.6494774999999,217.65613249999987,-193.11112983574958,-238.01958026262486
132.5,230.47020749999987,217.47195749999983,-193.37791974899963,-238.1372110293749
132.55,230.22763749999982,217.22448249999977,-193.6155839117497,-238.2285109408749
132.6,229.92221749999993,216.91415749999987,-193.8488105653746,-238.29583359312488
132.65,229.50969499999985,216.4967299999998,-194.11336946574966,-238.31140164999988
132.7,228.8518650000001,215.83399500000002,-194.40219982487457,-238.2369446598749
132.75,227.9917974999999,214.96902249999982,-194.61012532149962,-238.07604204999987
132.8,227.16940499999973,214.14172499999964,-194.67301046462464,-237.8529162458748
132.85,226.42439499999998,213.3918099999999,-194.65712369162463,-237.6126042876249
132.9,225.70774499999982,212.67025499999974,-194.61512671299963,-237.39938319999985
132.95,225.04448500000004,212.00208999999998,-194.58943328999965,-237.2181317913749
133.0,224.4823174999999,211.43501749999984,-194.58666291137465,-237.06372608712488
133.05,224.05619999999982,211.00399499999975,-194.56006237324965,-236.91395402499984
133.1,223.75785249999993,210.70074249999985,-194.53689416262466,-236.78803663899987
133.15,223.5390849999999,210.4770699999998,-194.54111102212465,-236.72061592024986
133.2,223.33974999999995,210.27282999999986,-194.53902710899965,-236.66692451149987
133.25,223.0985974999999,210.0267724999998,-194.55150607112466,-236.59104555712486
133.3,222.74801249999982,209.6712824999997,-194.6188287233747,-236.50053017762482
133.35,222.26194499999997,209.18030999999988,-194.71052090087466,-236.36581132324986
133.4,221.67022749999984,208.58368749999974,-194.78990573262467,-236.17894560749983
133.45,220.99943750000006,207.90799249999998,-194.86556403737464,-235.99511995324988
133.5,220.2706299999999,207.1742799999998,-194.94095265924966,-235.82850496974984
133.55,219.51729999999972,206.41604499999963,-195.01428188462467,-235.6525736687498
133.6,218.7534125,205.6472524999999,-195.09293121762465,-235.48544383612486
133.65,217.99109749999982,204.88003249999971,-195.15603701037466,-235.34064864887483
133.7,217.27843250000006,204.16246249999995,-195.17770970687465,-235.19717735937488
133.75,216.62807249999992,203.5071974999998,-195.18116655099965,-235.06307142062485
133.8,215.99555249999977,202.86977249999964,-195.19413584562466,-234.92722480149982
133.85,215.331675,202.20098999999988,-195.22051573412466,-234.75859945474988
133.9,214.58713499999982,201.4515449999997,-195.28143954724968,-234.56653621449985
133.95,213.7493725000001,200.60887749999998,-195.37955508049964,-234.3734923092499
134.0,212.8124974999999,199.66709749999976,-195.50888027737466,-234.16703781012487
134.05,211.78435249999967,198.63404749999953,-195.6598536541247,-233.9374886502498
134.1,210.67952750000003,197.5243174999999,-195.81418580849964,-233.70462974599988
134.15,209.49718249999975,196.33706749999965,-195.97322515487468,-233.47836581387483
134.2,208.24942750000017,195.08440750000008,-196.14332149912462,-233.2596039689999
134.25,206.95958249999987,193.78965749999978,-196.32464645762465,-233.03137870687485
134.3,205.62801999999957,192.45318999999947,-196.5205588079997,-232.7784406867498
134.35,204.20960250000005,191.02986749999997,-196.74797502149963,-232.51790251287488
134.4,202.6746999999997,189.49005999999963,-197.02045279174968,-232.28332744487483
134.45,201.05464250000023,187.8650975000002,-197.31560844012458,-232.0778781273749
134.5,199.41378499999985,186.2193349999998,-197.60613044637464,-231.87439013987486
134.55,197.78772999999947,184.58837499999942,-197.8983440997497,-231.6582270572498
134.6,196.16151750000003,182.95725749999997,-198.1973733748746,-231.44044587737488
134.65,194.53829499999966,181.3291299999996,-198.48836119699965,-231.23931148587485
134.7,192.98386250000019,179.76979250000014,-198.76248158112455,-231.0647776324999
134.75,191.53247749999986,178.3135024999998,-199.03706778112462,-230.90306597399987
134.8,190.13337749999954,176.90949749999947,-199.3220735467497,-230.73922136912483
134.85,188.72543000000002,175.49664499999994,-199.62017119012458,-230.5535079347499
134.9,187.24806749999968,174.0143774999996,-199.94638940237465,-230.32479234012484
134.95,185.62039000000024,172.38179500000015,-200.30001720137452,-230.06626452949993
135.0,183.83987999999982,170.59637999999975,-200.6612206374996,-229.80253919437487
135.05,181.9927699999994,168.74436499999933,-201.0085721804997,-229.5447713991248
135.1,180.14870750000003,166.89539749999997,-201.3439350938746,-229.2962708881249
135.15,178.3522224999996,165.09400749999958,-201.66441641587465,-229.07378251624985
135.2,176.65698750000018,163.39386750000017,-201.96964839712456,-228.87652175149992
135.25,175.06423249999983,161.7962074999998,-202.28605995937463,-228.6861501583749
135.3,173.51803999999947,160.24510999999944,-202.6075464629997,-228.50136835574983
135.35,171.998685,158.72084999999996,-202.9278806852496,-228.32188214412488
135.4,170.49116749999965,157.2084274999996,-203.27474189574966,-228.13746809087485
135.45,168.93699000000018,155.64934500000012,-203.64330031937453,-227.9647239511249
135.5,167.3593149999998,154.06676499999978,-204.00656315199961,-227.82610695337488
135.55,165.87034999999946,152.57289499999945,-204.36261809687468,-227.70300897924986
135.6,164.48782999999995,151.18546999999992,-204.72311055087457,-227.56789785887491
135.65,163.11753749999963,149.8102724999996,-205.10277500562466,-227.41854257937487
135.7,161.67578000000012,148.36361000000008,-205.48069877999953,-227.29000191449992
135.75,160.2458174999998,146.92874249999974,-205.82013145312462,-227.1974516551249
135.8,158.9519874999995,145.63000749999944,-206.1552982334997,-227.09646767674988
135.85,157.70958499999992,144.38269999999986,-206.51976238074957,-226.98317635262492
135.9,156.42202749999961,143.09023749999957,-206.89258669712464,-226.8871447324999
135.95,155.17888250000004,141.8421875,-207.24246345249952,-226.80138557824992
136.0,154.0739399999998,140.73233999999974,-207.5596595467496,-226.7214123474999
136.05,153.07419249999955,139.72768749999952,-207.85883592162466,-226.6497747692499
136.1,152.1114774999999,138.76006749999985,-208.15129474124956,-226.58921870549992
136.15,151.17878249999967,137.82246749999965,-208.43578565774962,-226.5406267547499
136.2,150.27477749999997,136.91355749999997,-208.70794471187452,-226.48534176537493
136.25,149.37864499999978,136.01251999999977,-208.96862998549958,-226.3963464166249
136.3,148.45614499999957,135.08511499999955,-209.21009422512464,-226.26930126587487
136.35,147.4884674999999,134.11253249999987,-209.42510502637455,-226.1329397976249
136.4,146.53071249999968,133.14987249999965,-209.6042725218746,-226.0109205549999
136.45,145.640965,132.25521999999995,-209.74507149924955,-225.87009706099994
136.5,144.79629499999982,131.40564499999977,-209.8590492888746,-225.6494229193749
136.55,143.90471249999962,130.50915749999956,-209.92298864687461,-225.32727446687483
136.6,142.85793499999997,129.45747499999993,-209.9570422389996,-224.93341488624995
136.65,141.59303249999968,128.18766749999963,-210.0102187986246,-224.53408809824987
136.7,140.16858000000016,126.75831000000012,-210.0592275319996,-224.16244057987498
136.75,138.76443999999984,125.3492649999998,-210.0748446221246,-223.8095973128749
136.8,137.54557249999957,124.12549249999952,-210.0728587754996,-223.49718196049983
136.85,136.5563149999999,123.13132999999986,-210.0806060289996,-223.23992901437492
136.9,135.72026999999972,122.29037999999967,-210.1199552121246,-222.99951898962487
136.95,134.8730525,121.43825749999996,-210.19514770099957,-222.73697045249997
137.0,133.85420499999978,120.41450499999974,-210.3088312911246,-222.4318610543749
137.05,132.5748699999995,119.13026499999944,-210.47544627462463,-222.08796635549982
137.1,131.05784,117.60832999999995,-210.67089280912455,-221.73752571774995
137.15,129.3898124999996,115.93539749999957,-210.8704581366246,-221.39032127449985
137.2,127.6395775000002,114.18025750000017,-211.06899376587452,-221.03252564924998
137.25,125.78332749999979,112.31910249999974,-211.30001392324957,-220.6431280943749
137.3,123.76363999999933,110.29450999999928,-211.57594853762464,-220.2303661958748
137.35,121.60254500000006,108.12851000000002,-211.86406791462454,-219.82942131062495
137.4,119.35719249999956,105.8782524999995,-212.1622881411246,-219.46956628887486
137.45,117.12231000000031,103.63846500000027,-212.4656078256245,-219.15317924324998
137.5,114.97684249999982,101.48809249999978,-212.77265403712457,-218.8368657474999
137.55,112.87578999999934,99.3821349999993,-213.09289019287465,-218.5014292842498
137.6,110.71922750000007,97.22066750000003,-213.41528381162453,-218.17116582887493
137.65,108.50988999999957,95.00642499999952,-213.7359367499996,-217.86041760699987
137.7,106.32852250000032,92.82015250000028,-214.0602426654995,-217.56702715562497
137.75,104.19856249999984,90.68528749999979,-214.38472019737455,-217.2914848072499
137.8,102.12942249999936,88.61124249999932,-214.6997833452496,-217.03528607599984
137.85,100.17243000000003,86.649345,-215.0119290147495,-216.80112779062492
137.9,98.32945999999961,84.80146999999958,-215.3438841172496,-216.58266014524986
137.95,96.50781750000023,82.9749225000002,-215.69854161449948,-216.35676396249994
138.0,94.6074274999998,81.06962749999977,-216.06381481037457,-216.1273128691249
138.05,92.61926499999934,79.07655999999932,-216.44561221149965,-215.91644537749985
138.1,90.58332750000004,77.03571750000002,-216.84895972599952,-215.73874887949992
138.15,88.59211499999958,75.03959999999957,-217.22808481499962,-215.6128069768749
138.2,86.79836500000019,73.24094500000018,-217.5601379839995,-215.53690350587493
138.25,85.31981249999986,71.75748749999984,-217.87005264062458,-215.51890830312493
138.3,84.25245999999962,70.68522999999959,-218.15074348024964,-215.58716258712494
138.35,83.61767999999984,70.0455449999998,-218.39892527512455,-215.7178607149999
138.4,83.31501749999977,69.73797749999973,-218.6057965568746,-215.88959967312493
138.45,83.2482074999998,69.66626249999976,-218.73973087924955,-216.09475479112487
138.5,83.34668499999981,69.75983499999978,-218.79165709099956,-216.2711764246249
138.55,83.54306999999986,69.95131499999982,-218.74865493074955,-216.41038182137495
138.6,83.89115249999973,70.2944924999997,-218.59444535949962,-216.5679501702499
138.65,84.51914249999987,70.91757749999985,-218.36075288999956,-216.76393607049994
138.7,85.45844999999956,71.85197999999953,-218.07895880224964,-216.98551732724985
138.75,86.64895749999982,73.0375824999998,-217.74165907549957,-217.2014352436249
138.8,88.03544250000014,74.41916250000011,-217.32990235862448,-217.45353969849995
138.85,89.73440749999956,76.11322249999954,-216.88058617224962,-217.75639356712486
138.9,91.73089000000002,78.10479999999998,-216.47726317437454,-218.0060708761249
138.95,93.72541999999933,80.0944249999993,-216.10019748187466,-218.22500433737483
139.0,95.63823249999976,82.00233249999974,-215.69081887762457,-218.5242297454999
139.05,97.67346750000023,84.0326625000002,-215.29031529162447,-218.88952745799998
139.1,99.92245249999947,86.27674249999943,-214.9409779019996,-219.24908828024985
139.15,102.21987499999999,88.56925999999996,-214.60799310124952,-219.61406727662492
139.2,104.49448499999922,90.83896499999918,-214.27282632087463,-220.05029158524977
139.25,106.87139999999975,93.21097499999972,-213.96112195062454,-220.5366033587499
139.3,109.36644000000032,95.70111000000028,-213.68580025187447,-221.00531219549998
139.35,111.85538499999947,98.18514999999944,-213.43781458999956,-221.43604478012483
139.4,114.23436750000002,100.55922749999998,-213.1938986878745,-221.84002972687492
139.45,116.52038249999924,102.8403374999992,-212.9426277982496,-222.26708481774978
139.5,118.81702249999977,105.13207249999971,-212.70030547674952,-222.72917416574987
139.55,121.1922550000003,107.50240000000025,-212.47117309949948,-223.19018478225
139.6,123.68225749999945,109.9874974999994,-212.24978797574957,-223.66112463187483
139.65,126.31101000000005,112.611345,-212.05478274049952,-224.16155798137495
139.7,128.99495499999915,115.29038499999909,-211.8914284681246,-224.67535289149978
139.75,131.63858749999974,117.92911249999969,-211.72064565837454,-225.2112863139999
139.8,134.25272750000033,120.53834750000028,-211.5466021374995,-225.751264979625
139.85,136.79128249999945,123.07199749999943,-211.41244716549954,-226.25532678962483
139.9,139.13866499999997,125.41447499999995,-211.32440796512452,-226.75129811337496
139.95,141.21721999999926,127.48812499999924,-211.26213573762453,-227.25070176462478
140.0,143.08251999999968,129.34851999999967,-211.17772499774952,-227.7447117583749
140.05,144.8937175000001,131.15481250000008,-211.0395002659995,-228.25316204425002
140.1,146.76246749999945,133.01865749999945,-210.86219603399957,-228.79269941062483
140.15,148.7710599999999,135.02234499999992,-210.6601054941245,-229.35785665012497
140.2,150.91051249999916,137.1568924999992,-210.45541619199957,-229.8962907683748
140.25,153.03824749999964,139.27972249999968,-210.26548589812452,-230.39363502312492
140.3,155.0753575000001,141.31192750000014,-210.0979147662495,-230.87425893962504
140.35,157.02090499999946,143.25256999999948,-209.95343829512453,-231.34872918324987
140.4,158.8793424999999,145.1061024999999,-209.8293106227495,-231.8177322195
140.45,160.6260424999993,146.8478974999993,-209.75752594474952,-232.25596689137484
140.5,162.15522249999964,148.37217249999966,-209.7457089314995,-232.65056197074992
140.55,163.3909649999999,149.60300999999995,-209.74195788787452,-233.026181182375
140.6,164.46114249999954,150.6682824999996,-209.69758279662454,-233.4186923486249
140.65,165.6013199999998,151.80355499999988,-209.61834506462452,-233.83429817562498
140.7,166.89682749999935,153.09415749999943,-209.52454445737456,-234.26333911312483
140.75,168.30518499999965,154.49760999999975,-209.42096171674953,-234.70765390799994
140.8,169.777805,155.9653250000001,-209.3076213593745,-235.15522941400005
140.85,171.2797424999995,157.46235749999957,-209.18731828049954,-235.5924343876249
140.9,172.76347249999984,158.9411824999999,-209.07633151912452,-236.018680429875
140.95,174.16888249999937,160.34168749999944,-208.98238381212457,-236.41786011812485
141.0,175.46653999999967,161.63443999999973,-208.87198544974953,-236.77354731362493
141.05,176.69056499999994,162.85356000000002,-208.7128480368745,-237.074366302375
141.1,177.85122999999953,164.00931999999963,-208.50931101612457,-237.32441136074993
141.15,178.92259749999977,165.0757824999999,-208.27451529849952,-237.51951466249997
141.2,179.91306749999944,166.06134749999956,-208.0094170323746,-237.6563909798749
141.25,180.84787249999965,166.99124749999976,-207.70791157812454,-237.77120233474994
141.3,181.79351749999987,167.93198749999996,-207.38863157074945,-237.88106133137498
141.35,182.79642999999953,168.92999499999962,-207.06689990087457,-237.99702496762495
141.4,183.84703749999977,169.97569749999985,-206.7408533049995,-238.144958282875
141.45,184.9404749999994,171.06422999999947,-206.4072310719996,-238.29938850374995
141.5,186.08664499999966,172.20549499999973,-206.0270272514995,-238.436559020625
141.55,187.33935999999994,173.453305,-205.5673160161244,-238.60805281250003
141.6,188.87037749999942,174.97941749999947,-205.06725041599958,-238.85981403462495
141.65,190.83404999999988,176.93818499999992,-204.59187305724947,-239.150483140625
141.7,193.0930349999991,179.19226499999914,-204.16224372074961,-239.4147723581249
141.75,195.35279999999963,181.44712499999966,-203.75068313687453,-239.66611679762497
141.8,197.52690000000013,183.61632000000014,-203.33998063487442,-239.99118272850004
141.85,199.73783749999936,185.8223524999994,-202.97191254374954,-240.3929856956249
141.9,202.00943999999987,188.0890499999999,-202.67795820999947,-240.78135355224998
141.95,204.23920499999912,190.31390999999914,-202.40685337074956,-241.17425698449983
142.0,206.46654749999962,192.53634749999964,-202.12422571774948,-241.62935909437493
142.05,208.82596250000014,194.89085750000018,-201.85245892962442,-242.11787736412504
142.1,211.35682249999928,197.4168124999993,-201.59763312937451,-242.60529238574986
142.15,213.99369749999988,200.0487824999999,-201.35707600487447,-243.08662728437497
142.2,216.58982999999898,202.64000999999902,-201.15209250324955,-243.55153604424981
142.25,219.05267999999955,205.0979549999996,-200.9583621324995,-243.99518889024992
142.3,221.4441250000001,207.48449500000012,-200.72837167337445,-244.44011660075003
142.35,223.85580499999926,209.8912699999993,-200.48269057424955,-244.90085753437486
142.4,226.35361749999984,212.38417749999988,-200.2614770668745,-245.36583984412496
142.45,228.91568749999897,214.941342499999,-200.07632751487458,-245.82645819462482
142.5,231.47451499999954,217.49526499999956,-199.90341175874954,-246.30703307787493
142.55,234.05623250000014,220.07207750000015,-199.7472653741245,-246.81268846850006
142.6,236.62544999999926,222.63638999999927,-199.66761085949955,-247.2733313356249
142.65,238.9784974999998,224.9845324999998,-199.67481874724956,-247.6658670185
142.7,240.94404499999914,226.94517499999913,-199.70845555674956,-248.07039133099985
142.75,242.5525999999995,228.54882499999948,-199.72556816099956,-248.50975376762494
142.8,243.97334249999983,229.9646624999998,-199.71880157249956,-248.96463522787505
142.85,245.40732749999935,231.39374249999932,-199.69450559712456,-249.4422681161249
142.9,246.9850624999997,232.96657249999967,-199.67369098249955,-249.9347335625
142.95,248.69482749999912,234.6714324999991,-199.69516754599954,-250.42665964312485
143.0,250.3665449999995,236.3382449999995,-199.78389321187456,-250.88374759962497
143.05,251.80933749999983,237.77613249999982,-199.91339002512458,-251.31006719175008
143.1,252.94576249999943,238.90765249999944,-200.06075945799952,-251.72984084499993
143.15,253.78639749999962,239.74338249999963,-200.23313584837456,-252.13380127512502
143.2,254.4123649999994,240.36444499999942,-200.42154611149948,-252.5126566812499
143.25,254.9212499999995,240.86842499999955,-200.58882304387453,-252.87231556999998
143.3,255.44419749999963,241.38646749999967,-200.70218791787454,-253.2695584448751
143.35,256.1198799999994,242.05724499999943,-200.8001073181245,-253.69948198087494
143.4,256.9696449999996,242.9021049999996,-200.92438209024954,-254.12246731200003
143.45,257.86765249999934,243.7952074999993,-201.0609396914995,-254.53606277574988
143.5,258.66919499999955,244.59184499999947,-201.20173866887453,-254.91364331737498
143.55,259.3278224999997,245.24556749999962,-201.34729387149957,-255.25317405700005
143.6,259.8903274999995,245.80316749999943,-201.50162602587451,-255.59358739512493
143.65,260.4326124999996,246.34054749999956,-201.67503211449954,-255.95947350662502
143.7,260.9622224999994,246.86525249999937,-201.84088708262448,-256.3209711422499
143.75,261.47054999999955,247.36867499999948,-201.9571449183745,-256.671338230125
143.8,262.0045199999997,247.8977399999996,-202.0471699653745,-257.01599294437506
143.85,262.6047624999995,248.4930774999994,-202.14251511999947,-257.3560875663749
143.9,263.27296499999966,249.15637499999954,-202.2520554004995,-257.711725728625
143.95,263.9468524999994,249.8253574999993,-202.39780673612444,-258.0620437832499
144.0,264.52426499999956,250.39786499999946,-202.53066232699948,-258.386325182125
144.05,265.0100274999997,250.87872249999955,-202.6060754654995,-258.7300727812501
144.1,265.5278699999995,251.39165999999938,-202.64319363574947,-259.1010093175
144.15,266.17812249999963,252.03700749999953,-202.63350956887447,-259.47049937287505
144.2,266.95554249999935,252.80952249999928,-202.60237345512448,-259.8455301854999
144.25,267.80805999999956,253.65713499999947,-202.59215002249948,-260.21244599525
144.3,268.63250249999976,254.47667249999967,-202.60279023774947,-260.5417287856251
144.35,269.31603749999954,255.15530249999944,-202.58869317837448,-260.829652029625
144.4,269.92544999999967,255.75980999999956,-202.49381383962447,-261.13559499300004
144.45,270.6782124999994,256.5076674999993,-202.31430311137453,-261.4755179986249
144.5,271.68741249999965,257.5119624999995,-202.05979602724946,-261.81269514225
144.55,272.94256999999993,258.7622149999998,-201.7602273863744,-262.1632093298751
144.6,274.4223549999994,260.2370949999993,-201.4922116418745,-262.518111993375
144.65,275.95747249999977,261.7673074999996,-201.26793355637443,-262.84016237937504
144.7,277.2863799999993,263.09130999999917,-201.02110017587452,-263.11803380712496
144.75,278.32280499999956,264.1228299999994,-200.75335411424948,-263.38058234425
144.8,279.18547999999976,264.9805999999996,-200.49840573087442,-263.66370032975004
144.85,280.05024499999945,265.84045999999927,-200.2421824829995,-263.96201862274995
144.9,281.0283299999997,266.8136399999995,-199.97840811462444,-264.260508532125
144.95,282.14678749999933,267.92719249999914,-199.71907125537453,-264.5588758583749
145.0,283.3540149999996,269.1295149999994,-199.47596440187448,-264.87805779925
145.05,284.58745249999987,270.35804749999966,-199.25546187662442,-265.2136658788751
145.1,285.78432749999945,271.5500174999992,-199.0586669277495,-265.519682392125
145.15,286.8168074999997,272.57759249999947,-198.89195387774947,-265.74347014512506
145.2,287.60009749999944,273.3559774999992,-198.76721328974952,-265.908099282
145.25,288.15077999999954,273.9017549999993,-198.70611786024952,-266.04500011600004
145.3,288.5386949999996,274.28476499999937,-198.6924130668745,-266.1508629027501
145.35,288.7875224999995,274.5286874999993,-198.6875587751245,-266.22666830725007
145.4,288.89777749999956,274.63403749999935,-198.7057010776245,-266.2754809076251
145.45,288.93072749999953,274.6620824999993,-198.7567937241245,-266.3125500446251
145.5,288.91124999999954,274.6376999999993,-198.8236995937495,-266.3076467196251
145.55,288.7911299999995,274.51267499999926,-198.91355302437452,-266.2659684571251
145.6,288.5527549999996,274.26939499999935,-199.0250546348745,-266.2617761142501
145.65,288.2496924999995,273.9614274999993,-199.14062600512452,-266.2727105290001
145.7,287.8943749999996,273.6012049999994,-199.27632552449947,-266.22281919712515
145.75,287.4213874999995,273.1233124999993,-199.4433572906245,-266.13679036000013
145.8,286.8394549999994,272.5364749999992,-199.62463321587455,-266.0514725050001
145.85,286.23230749999965,271.9244224999994,-199.82324239499948,-265.97885426175014
145.9,285.5761074999995,271.2633174999993,-200.06414275224952,-265.9220982748751
145.95,284.88680999999974,270.5691149999995,-200.30009075124946,-265.9093741465001
146.0,284.3249924999996,270.00239249999936,-200.47607108549948,-265.9768684151251
146.05,284.0155449999995,269.68803999999926,-200.62260695312452,-266.11249438462517
146.1,283.97084249999955,269.6384324999993,-200.73876672237446,-266.3231657432501
146.15,284.15410249999957,269.81678749999935,-200.82305487912447,-266.58152193750016
146.2,284.52192499999944,270.1797049999992,-200.90695076987444,-266.84208462800007
146.25,284.97784499999955,270.6307199999993,-200.99530868637447,-267.10117632100014
146.3,285.43614749999966,271.0841174999994,-201.07471803474948,-267.3795380812502
146.35,285.9445074999995,271.5875724999992,-201.13927030837445,-267.7042607793751
146.4,286.5504449999996,272.18860499999937,-201.21274663349948,-268.0351616670002
146.45,287.17392249999943,272.80717749999917,-201.29296503049946,-268.35669720387506
146.5,287.76291749999956,273.3912674999993,-201.36126834774947,-268.68585741112514
146.55,288.3506699999997,273.9741149999994,-201.4402854301245,-269.0007244260002
146.6,288.9143599999995,274.53289999999924,-201.54953151112446,-269.2799442681251
146.65,289.4282949999996,275.04192999999935,-201.67571857999948,-269.5470528975002
146.7,289.88734749999946,275.4960774999992,-201.81114841649944,-269.8058013577501
146.75,290.2651399999996,275.8689649999993,-201.93400122437447,-270.0639614190002
146.8,290.6086699999997,276.2075899999994,-202.04086919274948,-270.35551312350026
146.85,290.98797249999956,276.5819874999993,-202.15629346324945,-270.65169847012515
146.9,291.38970999999964,276.97881999999936,-202.27571394362448,-270.9187090330002
146.95,291.7590349999995,277.34323999999924,-202.40329846012443,-271.1762071453751
147.0,292.0747924999996,277.6540924999993,-202.56660369924947,-271.43885374900015
147.05,292.31833249999966,277.89272749999935,-202.76540901137452,-271.6773269603752
147.1,292.4668799999996,278.0363699999993,-202.97688941862444,-271.8739748095001
147.15,292.5163374999996,278.0809224999993,-203.1961661126245,-272.04897447875015
147.2,292.47726999999963,278.0369499999993,-203.40458194174943,-272.2197082552501
147.25,292.3836874999996,277.9384624999993,-203.60848671187446,-272.38659292162515
147.3,292.27833999999956,277.8282099999993,-203.8160934923745,-272.53055454362516
147.35,292.1606849999996,277.7056499999993,-203.98469432249945,-272.6187163271251
147.4,292.02100249999955,277.56106249999925,-204.10492385149948,-272.67613426287517
147.45,291.84873749999963,277.3838924999993,-204.19970512374945,-272.7038380491252
147.5,291.6113399999996,277.14158999999927,-204.25785855824947,-272.6525247530002
147.55,291.2969299999995,276.8222749999992,-204.26793489112447,-272.5275389987502
147.6,290.93700749999965,276.4574474999993,-204.2075014104995,-272.3661460563752
147.65,290.5591749999996,276.07470999999924,-204.06170104162447,-272.15682311212515
147.7,290.15846749999974,275.6690974999994,-203.88518134162453,-271.8984914345002
147.75,289.7063149999996,275.2120399999993,-203.7460004614995,-271.61270113687516
147.8,289.19376499999953,274.6945849999992,-203.64334935262448,-271.2942301781251
147.85,288.6285574999997,274.1244724999994,-203.53944789587453,-270.9619808761252
147.9,287.97829249999955,273.46930249999923,-203.4283385513745,-270.65010488950014
147.95,287.2131749999998,272.6992799999995,-203.30526509387454,-270.34877105162525
148.0,286.3393274999996,271.8205274999993,-203.1932241176245,-270.0137268543752
148.05,285.3557149999994,270.83200999999906,-203.11474640099948,-269.64404066600014
148.1,284.2822774999998,269.75366749999944,-203.0368080501245,-269.2855340586253
148.15,283.20936749999953,268.67585249999917,-202.96029166349948,-268.9559080355002
148.2,282.29770749999983,267.75928749999946,-202.9036827763745,-268.6664157275003
148.25,281.7019399999997,267.1586149999993,-202.8576895878745,-268.4610399598752
148.3,281.4382574999996,266.89002749999923,-202.80968603612448,-268.3365690547502
148.35,281.38451249999963,266.83137749999923,-202.76955232099948,-268.2511531332502
148.4,281.3575699999996,266.7995299999992,-202.76342316474947,-268.1804717033752
148.45,281.1938799999997,266.6309349999993,-202.81382934574944,-268.0882891933752
148.5,280.8104974999996,266.2426474999992,-202.92697357012446,-267.9511431931252
148.55,280.1832474999995,265.61049249999905,-203.0754462511245,-267.78317979525013
148.6,279.33287749999977,264.75521749999933,-203.23656951062446,-267.5955050308752
148.65,278.31022249999955,263.7276574999991,-203.4084555684995,-267.3975578006251
148.7,277.16049749999996,262.5730274999995,-203.59796907974945,-267.2112314506252
148.75,275.9432724999997,261.35089749999923,-203.8212665002495,-267.0353246662501
148.8,274.71561749999944,260.118337499999,-204.06518240237455,-266.8623108436251
148.85,273.48424999999986,258.8820649999994,-204.30524919437445,-266.6925577321252
148.9,272.2186449999996,257.6115549999991,-204.5364654847495,-266.51128180687516
148.95,270.92651750000005,256.31452249999955,-204.75620799462442,-266.31963534925023
149.0,269.6083349999997,254.99143499999926,-204.98789010087447,-266.1321567178752
149.05,268.2537074999994,253.63190249999894,-205.24627081174953,-265.96029517662515
149.1,266.88265249999984,252.2559424999994,-205.52036667924943,-265.8037320093752
149.15,265.5000349999995,250.8684199999991,-205.8021117337495,-265.64258423325015
149.2,264.0897425,249.45322249999958,-206.0989099959994,-265.4667019655002
149.25,262.6367924999997,247.99536749999925,-206.40370067799947,-265.29233972850017
149.3,261.1283749999993,246.4820449999989,-206.71145787162453,-265.12165498525013
149.35,259.57165749999984,244.92042249999943,-207.0406425954994,-264.9418500575002
149.4,257.9808374999995,243.32469749999908,-207.38247789787448,-264.76616392275014
149.45,256.34671750000007,241.68567249999964,-207.72750036149935,-264.5914829696252
149.5,254.6814049999997,240.01545499999926,-208.07247379187444,-264.42192599112514
149.55,253.02066249999933,238.3498074999989,-208.4043798611245,-264.2793618167501
149.6,251.42568249999988,236.74992249999943,-208.7416060379994,-264.14447134600016
149.65,249.89997999999954,235.21931499999909,-209.1136948556245,-263.9993574426251
149.7,248.41170000000005,233.72612999999959,-209.49036828212436,-263.85193897650015
149.75,246.96519749999973,232.27472249999926,-209.85267496637445,-263.68147488287514
149.8,245.4880099999994,230.79262999999892,-210.22309665349954,-263.4562651656251
149.85,243.85742249999996,229.1571374999995,-210.5824613427494,-263.1926133803752
149.9,242.08632749999956,227.38113749999908,-210.88156416774947,-262.9244260195001
149.95,240.28371000000018,225.5736149999997,-211.15033992762437,-262.6376060236252
150.0,238.45601499999978,223.7410149999993,-211.43537020987443,-262.34144519362513
150.05,236.62027249999937,221.90036749999888,-211.6931870383745,-262.0725223340001
150.1,234.88894499999998,220.16413499999948,-211.93180734949942,-261.81431323950017
150.15,233.31187499999962,218.5821599999991,-212.2072761479995,-261.5704708872501
150.2,231.82349500000012,217.0888749999996,-212.5031918117494,-261.3510470935002
150.25,230.3207999999998,215.58127499999927,-212.80344691812445,-261.09889360537517
150.3,228.5980074999994,213.85357749999886,-213.14876358124954,-260.7506349472501
150.35,226.45390500000013,211.7045699999996,-213.53078163199942,-260.32968449600025
150.4,223.93027249999955,209.17603249999902,-213.8849733133745,-259.88789491350013
150.45,221.25324250000045,206.49409749999995,-214.1872632996244,-259.4366419137503
150.5,218.62277499999985,203.85872499999937,-214.47893758724945,-258.9697227906252
150.55,216.06824499999928,201.2992899999988,-214.77563778299952,-258.4980474422501
150.6,213.51527750000014,198.74141749999967,-215.05995708312443,-258.0337270813752
150.65,210.91269999999955,196.13393499999907,-215.3374117282495,-257.5607768685001
150.7,208.23535500000045,193.451685,-215.6402901134994,-257.0626725983753
150.75,205.43851749999982,190.64994249999936,-215.97663369187447,-256.54799508975015
150.8,202.53605499999915,187.74257499999868,-216.30241060487455,-256.050479218625
150.85,199.63816250000013,184.83977749999968,-216.59749270337446,-255.58799760462517
150.9,196.8331224999995,182.02983249999903,-216.89441354874953,-255.15819665175007
150.95,194.12820000000042,179.32000499999995,-217.2370333831244,-254.7522013417502
151.0,191.51136249999982,176.69826249999934,-217.5948290083745,-254.41602937975014
151.05,189.07636249999928,174.2583574999988,-217.94093020349956,-254.1871912020001
151.1,186.972965,172.15005499999953,-218.30762536362442,-254.03070158462515
151.15,185.2230049999996,170.39518999999913,-218.66963784837452,-253.93861714112512
151.2,183.7550375000001,168.92231749999962,-219.0063001428744,-253.87955659150015
151.25,182.4542374999998,167.61661249999932,-219.34617411524948,-253.82238382200015
151.3,181.22556499999953,166.38303499999904,-219.68344932537457,-253.82400191925015
151.35,180.11866999999992,165.27123499999942,-220.01292824874946,-253.9008860552501
151.4,179.1684949999997,164.3161549999992,-220.36236370487455,-253.98605681050014
151.45,178.2865225,163.42927749999953,-220.73153504412443,-254.05355107912513
151.5,177.4371074999998,162.57495749999933,-221.09416044449952,-254.12281054475014
151.55,176.6054474999996,161.73839249999915,-221.4667641112496,-254.19106482875014
151.6,175.7270099999999,160.85504999999947,-221.87567689962447,-254.25956427900013
151.65,174.80624749999967,159.92938249999926,-222.29206725862457,-254.34600989875014
151.7,173.92446999999999,159.04269999999957,-222.68577973949942,-254.4534172328751
151.75,173.1280524999998,158.2413774999994,-223.05862857249952,-254.5697486185001
151.8,172.39321749999962,157.50163749999922,-223.4253972824996,-254.68679098625014
151.85,171.67193749999987,156.77545249999946,-223.80322299037448,-254.8053533847501
151.9,170.9761949999997,156.0748049999993,-224.19882325137456,-254.92945654050013
151.95,170.34268999999992,155.4363949999995,-224.60570115987443,-255.03862907162508
152.0,169.73679249999978,154.82559249999935,-225.00382663324953,-255.1067362558751
152.05,169.06738749999963,154.15128249999918,-225.41229812237464,-255.1250501747501
152.1,168.23573499999992,153.31472499999947,-225.8327827577495,-255.1205881490001
152.15,167.3376274999997,152.41171249999925,-226.19092161574957,-255.11114924837509
152.2,166.45686500000002,151.52604499999956,-226.53310015087445,-255.02695915812512
152.25,165.36438499999977,150.4286599999993,-226.92296352162452,-254.8909164060001
152.3,163.95930749999945,149.01867749999897,-227.3339111898746,-254.77838509725007
152.35,162.48969749999995,147.5441624999995,-227.75630812199947,-254.6570278035001
152.4,161.20121999999967,146.2507799999992,-228.15507102762456,-254.5218921665001
152.45,160.197665,145.24231999999955,-228.49595018162444,-254.42826317562512
152.5,159.50067249999984,144.54042249999938,-228.7991227663745,-254.40308460175012
152.55,158.99874999999972,144.03359499999925,-229.10599736149956,-254.41774554350013
152.6,158.5304499999999,143.56038999999942,-229.41784883149944,-254.42421793250014
152.65,157.98553749999977,143.01057249999928,-229.7414927981245,-254.38293193600012
152.7,157.26951250000002,142.28964249999953,-230.0973761266244,-254.29579985075014
152.75,156.36207999999982,141.37730499999932,-230.4631151383745,-254.1899860972501
152.8,155.30434499999959,140.31466499999908,-230.83902854949957,-254.04354829612507
152.85,154.06083,139.0662449999995,-231.25502664249944,-253.84876371050012
152.9,152.63973749999968,137.64024749999916,-231.70299441449956,-253.64380472550008
152.95,151.1653050000002,136.16090999999966,-232.1639805143744,-253.44522006300014
153.0,149.74450499999986,134.73520499999933,-232.61018308937452,-253.2518084083751
153.05,148.44321749999958,133.42901249999903,-233.0345413514996,-253.06229489712504
153.1,147.26399999999998,132.24488999999943,-233.42263952524948,-252.8862164963751
153.15,146.25044499999976,131.2264299999992,-233.76324899637456,-252.73281597375006
153.2,145.41073750000004,130.3818174999995,-234.08804524437446,-252.5951060911251
153.25,144.62188999999987,129.58806499999932,-234.39989671437453,-252.46918870512508
153.3,143.80573749999968,128.76700749999912,-234.7000292376246,-252.34763527837504
153.35,142.92882249999997,127.88518749999943,-235.0071735156245,-252.21122477687507
153.4,141.99051999999975,126.94197999999922,-235.31978500099956,-252.03683802325003
153.45,141.00073500000008,125.94728999999955,-235.64592966337446,-251.8181742448751
153.5,139.92714249999983,124.86879249999932,-236.00169040874954,-251.59502392412506
153.55,138.82241749999957,123.75916249999906,-236.33997080049963,-251.416444827625
153.6,137.8593224999999,122.79116249999939,-236.62831082712452,-251.29219457212506
153.65,137.11203749999973,122.03897249999922,-236.89703755374958,-251.20856836425003
153.7,136.49544499999993,121.41747499999943,-237.1472787451245,-251.12212274450005
153.75,135.8707374999998,120.78786249999928,-237.38518807412456,-250.96065625225
153.8,135.08329749999962,119.9955174999991,-237.6268729633746,-250.70291297362493
153.85,134.019705,118.92701999999946,-237.81812715499953,-250.35467883212505
153.9,132.7598224999997,117.66223249999918,-237.89868878474954,-249.93294384887494
153.95,131.44849500000015,116.34599999999962,-237.89547710687455,-249.4816418158751
154.0,130.09390499999984,114.98650499999931,-237.84999876749953,-249.02521580824998
154.05,128.71984249999952,113.607537499999,-237.7534522982495,-248.55761021962488
154.1,127.41281249999996,112.29560249999945,-237.63748866199953,-248.10245907650003
154.15,126.2477549999997,111.12563999999918,-237.5280709646245,-247.72544241724995
154.2,125.3705875,110.24356749999949,-237.36140694787457,-247.42680540812506
154.25,124.96554249999991,109.83361749999939,-237.13183327137452,-247.17386738800002
154.3,125.00107999999992,109.8642499999994,-236.92726655237448,-246.91597700962495
154.35,125.15841749999986,110.01668249999935,-236.79536710987452,-246.59453953925006
154.4,125.06669499999984,109.92005499999932,-236.7407440693745,-246.23517485
154.45,124.53961250000002,109.38806749999951,-236.77759255674948,-245.8788992555001
154.5,123.5923349999998,108.43588499999929,-236.8893148168745,-245.52387400887503
154.55,122.36789999999952,107.20654499999901,-237.02224395762454,-245.18721171437494
154.6,121.08717749999995,105.92091749999945,-237.1223453374995,-244.92240764775002
154.65,119.9888774999997,104.8177124999992,-237.17527673087451,-244.770232956375
154.7,119.21647499999996,104.04040499999947,-237.2050153969995,-244.72352878575
154.75,118.77881749999986,103.59784249999936,-237.2360534442495,-244.740665906625
154.8,118.57418499999982,103.3883049999993,-237.34640277337454,-244.8078169425
154.85,118.35853749999988,103.16775249999938,-237.58904381099944,-244.837334959
154.9,117.86125249999976,102.66556249999927,-237.9013365802495,-244.75505716549998
154.95,117.01000250000006,101.80940749999957,-238.2137028993744,-244.63343018887502
155.0,115.98416249999983,100.77866249999933,-238.50689721774947,-244.522345361
155.05,114.96980749999959,99.7594024999991,-238.77633492649954,-244.42082201687498
155.1,114.02795249999991,98.81264249999943,-239.01304294087447,-244.3412165355
155.15,113.19134249999972,97.97112749999924,-239.2138340996245,-244.28291600125
155.2,112.43558249999998,97.2104624999995,-239.39638488937445,-244.20017239187501
155.25,111.69367999999982,96.46365499999932,-239.56780513137448,-244.08212484249998
155.3,110.90262749999964,95.66769749999914,-239.7005626557495,-243.94512594199995
155.35,110.07444499999993,94.83460999999942,-239.7544992307495,-243.787508559875
155.4,109.29512749999975,94.05038749999923,-239.7438099822495,-243.63859457962496
155.45,108.64530249999997,93.39565749999946,-239.6972529113745,-243.543273941625
155.5,108.28640499999989,93.03185499999938,-239.52914241374947,-243.54675530237498
155.55,108.40510999999992,93.14565499999941,-239.2029732347494,-243.650999991875
155.6,109.0619499999997,93.79758999999919,-238.81063368487455,-243.84090576912496
155.65,110.24249499999996,94.97322999999946,-238.43177827874945,-244.09178439275001
155.7,111.77261249999944,96.49844249999894,-238.09847476187457,-244.3690919381249
155.75,113.45339499999982,98.17431999999933,-237.7983422386245,-244.69526111712497
155.8,115.19820000000021,99.91421999999972,-237.50924219662446,-245.07578365375005
155.85,116.94499749999962,101.65611249999913,-237.24080966949955,-245.44294462974992
155.9,118.6389425,103.34515249999951,-237.01864001374952,-245.761709788
155.95,120.16964499999948,104.870949999999,-236.89127614687456,-246.05662027012488
156.0,121.43435249999976,106.13075249999929,-236.86219942962455,-246.33370716587496
156.05,122.476385,107.16787999999953,-236.82679742312453,-246.63175577600003
156.1,123.53497999999963,108.22156999999916,-236.73157485162457,-246.9908017491249
156.15,124.79687499999991,109.47855999999945,-236.61448345062453,-247.39316859862498
156.2,126.25624999999941,110.93302999999895,-236.48150527662457,-247.80779376062483
156.25,127.82999999999977,112.5018749999993,-236.32060266674955,-248.22957777712492
156.3,129.48113250000014,114.14810249999968,-236.1549438316245,-248.637828616625
156.35,131.20339749999957,115.8654624999991,-236.01009961112456,-249.03889608499986
156.4,132.90519499999996,117.56235499999949,-235.88266219437452,-249.45737035712494
156.45,134.61460999999937,119.2668649999989,-235.74247613262457,-249.90734849237478
156.5,136.39210999999978,121.03945999999931,-235.60920375912454,-250.38228455187487
156.55,138.14711000000017,122.78955499999971,-235.51032821049952,-250.84393260062498
156.6,139.7988099999996,124.43634999999915,-235.47382295587454,-251.27939689387483
156.65,141.17300999999992,125.80564499999946,-235.54756896387457,-251.6303033474999
156.7,142.0634899999996,126.69121999999916,-235.71514009574952,-251.85406658387484
156.75,142.37669249999968,126.99951749999923,-235.96758778337457,-251.92918552287486
156.8,142.08600749999962,126.70392749999917,-236.29071690087466,-251.81810069499983
156.85,141.19308749999993,125.80610249999947,-236.63723487862453,-251.54961913462492
156.9,139.7418174999996,124.34992749999914,-236.9896858796246,-251.18172265987482
156.95,137.83353500000024,122.43673999999979,-237.3326979799995,-250.74768033087497
157.0,135.58141749999973,120.17971749999927,-237.62304836987457,-250.25342517087486
157.05,133.13508249999919,117.72847749999872,-237.86301709537463,-249.72276282274973
157.1,130.61399000000006,115.20247999999958,-238.11943647624955,-249.2187255293749
157.15,128.09055499999948,112.67413999999901,-238.36825570337461,-248.7993196254998
157.2,125.74026750000029,110.31894749999982,-238.54877161324956,-248.4844526106249
157.25,123.87042749999986,108.44420249999939,-238.67299735212458,-248.31666082912488
157.3,122.7063849999996,107.27525499999912,-238.8125704982496,-248.31423368324988
157.35,122.19457249999978,106.75853749999929,-239.02633095162454,-248.34335943374987
157.4,121.91442499999971,106.47348499999923,-239.3174658734996,-248.24213028912484
157.45,121.32347499999992,105.87762999999943,-239.67886544262447,-248.01495924187492
157.5,120.23773499999967,104.78698499999918,-240.05720599962456,-247.76094249024987
157.55,118.80472749999934,103.34907249999885,-240.41350611074964,-247.5115838973748
157.6,117.1856224999999,101.72506249999941,-240.75720467662453,-247.2947343492499
157.65,115.51108749999952,100.04562249999903,-241.0925430733746,-247.15807868149986
157.7,113.98071500000005,98.51034499999955,-241.4090772187495,-247.0855339881249
157.75,112.77192499999977,97.29664999999927,-241.67395483524956,-247.05356430912488
157.8,112.00133999999959,96.5211599999991,-241.8448847447496,-247.0989200653749
157.85,111.69269999999969,96.20761499999921,-241.90985380099957,-247.27166420512484
157.9,111.80506499999971,96.31507499999923,-241.90414142737458,-247.5609603801249
157.95,112.29280999999955,96.79791499999907,-241.8884017541246,-247.8935529148748
158.0,113.04923499999973,97.54943499999924,-241.8925205471246,-248.25291760412486
158.05,113.98561999999994,98.48091499999944,-241.9074266551246,-248.64511005424995
158.1,115.05889999999957,99.54928999999908,-241.9283393362496,-249.0516692466248
158.15,116.17577499999982,100.66125999999933,-241.9541553423746,-249.4682802552499
158.2,117.23881499999945,101.71939499999897,-241.9734744428746,-249.87121098712478
158.25,118.22075999999967,102.69643499999918,-241.9704098647496,-250.25040962599988
158.3,119.18513499999989,103.65590499999941,-241.92601025687458,-250.64399952374995
158.35,120.27665999999951,104.74252499999903,-241.8336070972496,-251.0716675302498
158.4,121.59331249999981,106.05427249999933,-241.70285993612455,-251.52206244812493
158.45,123.0870349999993,107.54308999999883,-241.5616441761246,-251.98368598024976
158.5,124.58726999999965,109.03841999999916,-241.41687350549955,-252.43614029462486
158.55,126.01092249999998,110.45716749999949,-241.2618303689995,-252.89344890074997
158.6,127.4087149999995,111.85005499999902,-241.13022512599954,-253.34997297487482
158.65,128.7083249999998,113.14475999999931,-241.0044793563745,-253.74513193662492
158.7,129.8755149999994,114.30704499999891,-240.81550521087456,-254.1228105447498
158.75,131.1698524999997,115.5964774999992,-240.5835289051245,-254.5846547264999
158.8,132.8206350000001,117.24235499999958,-240.41254996237447,-255.0606695175
158.85,134.59063499999948,119.00744999999897,-240.3228436314995,-255.49422151399986
158.9,136.0200274999998,120.4319374999993,-240.2861177272495,-255.89710321262496
158.95,136.8923024999995,121.299307499999,-240.34407502874947,-256.19922158249983
159.0,137.16585249999954,121.56795249999907,-240.5162552861245,-256.3499988262499
159.05,136.9608949999995,121.35808999999902,-240.75617497837456,-256.3977081784999
159.1,136.50893999999965,120.90122999999917,-241.01276597562446,-256.42050863974987
159.15,135.97553999999954,120.36292499999905,-241.26357104937452,-256.4570138943749
159.2,135.47378249999971,119.85626249999922,-241.49772933474944,-256.51455441324987
159.25,135.02976999999962,119.40734499999911,-241.7366193287495,-256.5478970232499
159.3,134.5872224999995,118.95989249999901,-241.99215611112456,-256.5467447418749
159.35,134.12308249999967,118.49084749999918,-242.24129405437446,-256.55596299287487
159.4,133.66128499999957,118.02414499999907,-242.46917608374952,-256.6045059103749
159.45,133.2652899999997,117.6232449999992,-242.67124210699944,-256.71625268712484
159.5,133.01563249999964,117.36868249999914,-242.8627904981245,-256.89007555837486
159.55,132.9249774999996,117.27312249999912,-243.04399287349955,-257.10464506037493
159.6,132.9799424999996,117.3231824999991,-243.1999431251245,-257.36591873299983
159.65,133.19167499999963,117.53000999999915,-243.33659879287453,-257.6680861361249
159.7,133.49315499999952,117.82658499999906,-243.4874986197495,-257.9664289457498
159.75,133.78097749999958,118.10950249999912,-243.67453595187453,-258.2514592279999
159.8,134.01497499999962,118.33859499999917,-243.8917042161246,-258.54786522424996
159.85,134.21730249999956,118.5360174999991,-244.1260096012495,-258.86290385549984
159.9,134.4035324999996,118.71734249999915,-244.34504112899955,-259.1805902822499
159.95,134.57352499999956,118.88242999999909,-244.5168046037495,-259.4857241969998
160.0,134.7515324999996,119.05553249999913,-244.63960837837453,-259.74393329149984
160.05,134.91612499999962,119.21521999999916,-244.68947519362453,-259.9012319574999
160.1,135.03622249999958,119.33041249999913,-244.61266460749957,-259.95727696224986
160.15,135.1334449999996,119.42272999999915,-244.43653717349952,-259.92383628574987
160.2,135.24672249999955,119.53110249999911,-244.17026210937462,-259.78781805024994
160.25,135.36015499999957,119.63962999999913,-243.80464568074953,-259.5525074834999
160.3,135.39211249999957,119.66668249999914,-243.44746297112445,-259.30954772974985
160.35,135.3092499999996,119.57891499999917,-243.16302108787454,-259.11787675549994
160.4,135.16581249999956,119.43057249999914,-242.8905433176245,-258.9035279031249
160.45,135.0107149999996,119.2705699999992,-242.6081117976246,-258.656743555875
160.5,134.85034249999958,119.10529249999915,-242.33654114249953,-258.43278418649993
160.55,134.70145999999954,118.95150499999912,-242.07850366437447,-258.2483210999999
160.6,134.60966999999957,118.85480999999915,-241.83144963424954,-258.1001916517499
160.65,134.59737999999956,118.83761499999915,-241.6036901879995,-257.97515686424987
160.7,134.61305999999956,118.84838999999914,-241.41241147974955,-257.8584577292499
160.75,134.59223249999957,118.82265749999914,-241.2345923986245,-257.74229795999986
160.8,134.56225749999956,118.78777749999914,-241.04061686162444,-257.63596935737485
160.85,134.57863499999957,118.79924999999913,-240.8513730332495,-257.5485921058749
160.9,134.62408999999957,118.83979999999914,-240.67794242799945,-257.4703595554999
160.95,134.65549249999955,118.86629749999913,-240.5058357204995,-257.3961967648749
161.0,134.68466749999956,118.89056749999914,-240.33164509987446,-257.32632438362486
161.05,134.77357999999958,118.97457499999915,-240.1482117116244,-257.27143166024985
161.1,134.93456249999952,119.1306524999991,-239.95860013387448,-257.2300966304999
161.15,135.14930999999956,119.34049499999915,-239.74832104124943,-257.2022212278749
161.2,135.44188999999946,119.62816999999906,-239.5176686332495,-257.2174705686249
161.25,135.83171499999955,120.01308999999915,-239.28059286949946,-257.2760653023749
161.3,136.34577749999966,120.52224749999927,-239.0274341997494,-257.3555972338749
161.35,136.98389249999943,121.15545749999905,-238.7636843479995,-257.4218411546249
161.4,137.6925549999996,121.85921499999921,-238.50255777512442,-257.46315166774986
161.45,138.43098249999935,122.59273749999896,-238.2557243946245,-257.50291763349986
161.5,139.1665574999995,123.32340749999912,-238.04966216149947,-257.5606297687499
161.55,139.88889749999967,124.04084249999929,-237.87976195024942,-257.6404313831249
161.6,140.60297499999942,124.75001499999904,-237.70743459312447,-257.73604622062487
161.65,141.3422324999996,125.48436749999921,-237.52775224849944,-257.8520834067499
161.7,142.13734999999932,126.27457999999893,-237.38258931187448,-258.0000167219998
161.75,142.9511824999995,127.08350749999911,-237.29697725737446,-258.16189999687487
161.8,143.74567999999968,127.8730999999993,-237.29263781474947,-258.3420481573749
161.85,144.5054449999994,128.62795999999904,-237.37565110699944,-258.57022438624983
161.9,145.20455499999957,129.3221649999992,-237.44422410712446,-258.8009503441249
161.95,145.87053999999935,129.98324499999896,-237.44461637312446,-259.00308991724984
162.0,146.5636049999995,130.6714049999991,-237.44214019399945,-259.2288390002499
162.05,147.3156149999997,131.4185099999993,-237.49926393024947,-259.5227688173749
162.1,148.1369424999994,132.23493249999902,-237.57514288462446,-259.85749429849983
162.15,149.06948249999962,133.16256749999923,-237.58791604624946,-260.2069297546249
162.2,150.15786249999925,134.24604249999885,-237.57661388212446,-260.5685744899998
162.25,151.33764749999952,135.4209224999991,-237.59681558112447,-260.92850306162484
162.3,152.5456149999998,136.62398499999938,-237.63211952112448,-261.2985815159999
162.35,153.76119999999938,137.83466499999898,-237.68740451049945,-261.6721658477498
162.4,154.91485249999963,138.98341249999925,-237.77865538874946,-262.02449426562487
162.45,155.94055749999927,140.00421249999889,-237.87951678399943,-262.35328672349976
162.5,156.86620249999947,140.9249524999991,-237.96199071049946,-262.68077980024987
162.55,157.76834999999969,141.8221949999993,-238.0368889998745,-263.02972492387494
162.6,158.69198249999937,142.740922499999,-238.12630113124945,-263.3891876796248
162.65,159.6321199999996,143.6761549999992,-238.22821674137447,-263.7439187267499
162.7,160.53376249999928,144.5728924999989,-238.33062268399942,-264.09443291437475
162.75,161.33959249999947,145.37381749999906,-238.45386775787446,-264.42197502437483
162.8,162.0018774999996,146.03119749999922,-238.6158490992495,-264.7119576648749
162.85,162.51459249999942,146.53900749999906,-238.78741644099944,-264.9789191944998
162.9,162.9414774999995,146.96098749999916,-238.93912531649949,-265.24639557324986
162.95,163.35515999999936,147.36976499999903,-239.08065979262443,-265.5273560957498
163.0,163.78957499999945,147.79927499999914,-239.22896085724946,-265.81356317599983
163.05,164.21590999999955,148.22070499999924,-239.3842736766245,-266.0962888954999
163.1,164.58630999999943,148.5861999999991,-239.55150157574946,-266.36116651199984
163.15,164.8678124999995,148.86279749999917,-239.7331452503745,-266.5976783933749
163.2,165.05434999999943,149.04442999999912,-239.93668227112443,-266.81229692862485
163.25,165.15787749999944,149.14305249999916,-240.16370621862447,-267.0136764863749
163.3,165.20649499999945,149.18676499999916,-240.3920295472495,-267.22054776812496
163.35,165.25723249999945,149.23259749999914,-240.59924406174943,-267.4339895053749
163.4,165.35697749999946,149.32743749999918,-240.78360908174946,-267.6438027821249
163.45,165.4824824999994,149.44803749999915,-240.9626294774994,-267.85569997199985
163.5,165.59473499999945,149.55538499999918,-241.13951692687445,-268.0853226817499
163.55,165.7336999999995,149.6894449999992,-241.27982557174948,-268.3459344055
163.6,165.95115999999942,149.90199999999913,-241.38213344787445,-268.6056390141249
163.65,166.2062424999995,150.1521774999992,-241.47804248487446,-268.811284464625
163.7,166.39423249999942,150.33526249999915,-241.55715763374943,-268.93828058212495
163.75,166.45883249999943,150.39495749999915,-241.58486141999944,-268.98442087037495
163.8,166.4183824999994,150.34960249999915,-241.54342832374942,-268.96181654212495
163.85,166.31043999999946,150.2367549999992,-241.41775610399947,-268.885569838375
163.9,166.20737249999942,150.12878249999918,-241.16815234487441,-268.78002576775
163.95,166.24187499999942,150.15837999999917,-240.80574759412454,-268.680218587375
164.0,166.48574999999948,150.39734999999922,-240.42775026987445,-268.588281243625
164.05,166.87314249999957,150.7798374999993,-240.10405726999937,-268.50345372112497
164.1,167.28734249999943,151.18913249999918,-239.82189543287447,-268.434684588
164.15,167.6396724999995,151.53655749999925,-239.5737381546244,-268.38415582387495
164.2,167.9137999999994,151.80577999999915,-239.3598796347495,-268.36777871837495
164.25,168.18436749999947,152.0714424999992,-239.14075004049943,-268.40384267375
164.3,168.58031499999956,152.46248499999928,-238.87704922199936,-268.4955838845
164.35,169.23919249999932,153.11645749999906,-238.55237555712446,-268.6435171997499
164.4,170.20487749999953,154.07723749999928,-238.17430468299938,-268.84472514112497
164.45,171.4653274999991,155.33278249999887,-237.75144193499952,-269.08893524274987
164.5,173.03864749999946,156.90119749999923,-237.32102806649942,-269.36423242487496
164.55,174.85516999999987,158.71281499999964,-236.91814636787433,-269.647595576625
164.6,176.7957149999992,160.648454999999,-236.52487518624946,-269.9465267852499
164.65,178.82872249999966,162.67655749999946,-236.14543138112438,-270.273750179125
164.7,180.90137999999894,164.74430999999876,-235.8136969282495,-270.6006548568749
164.75,182.9436849999994,166.78170999999924,-235.55455620199945,-270.949379330875
164.8,184.98930999999985,168.8224299999997,-235.39899821637442,-271.3580469530001
164.85,187.00430999999915,170.83252499999904,-235.32346249474944,-271.7829690975
164.9,188.8693099999996,172.69261999999947,-235.23792399012441,-272.2014924028751
164.95,190.641262499999,174.45966749999886,-235.11416406712445,-272.64149227174994
165.0,192.4618099999994,176.27530999999928,-234.9861872846244,-273.09088200800005
165.05,194.3369274999998,178.14552249999971,-234.8647809576244,-273.53411807137513
165.1,196.24282499999916,180.04651499999906,-234.74192814974944,-273.99380479012495
165.15,198.1838024999996,181.9825874999995,-234.6141475002494,-274.46094456287506
165.2,200.1712649999989,183.96514499999884,-234.46998974524945,-274.9275940031249
165.25,202.22497749999937,186.0139524999993,-234.31980090049942,-275.396106706875
165.3,204.31232249999985,188.09639249999978,-234.1771631762494,-275.8504978346251
165.35,206.41552499999912,190.19468999999907,-234.00969011087446,-276.32006475324994
165.4,208.56856999999962,192.34282999999957,-233.81051704937443,-276.79985510450007
165.45,210.79731999999888,194.5666749999988,-233.6008753889995,-277.2743008314999
165.5,213.0645074999994,196.82895749999932,-233.39160147799944,-277.7516885535
165.55,215.2777099999999,199.03725499999982,-233.1773506921244,-278.2300814571251
165.6,217.43919499999916,201.19383499999907,-232.96140825912448,-278.7161725809999
165.65,219.59360999999964,203.34334499999954,-232.79643588949943,-279.19311900375004
165.7,221.65431249999895,205.39914249999885,-232.72771578962445,-279.6446171697499
165.75,223.43720249999936,207.17712749999924,-232.73521787687446,-280.06676893562496
165.8,224.89876499999968,208.63378499999956,-232.76147518224946,-280.46898868537505
165.85,226.15848999999926,209.88860499999913,-232.78540340824944,-280.87750920774994
165.9,227.35651749999954,211.0817274999994,-232.81043488237444,-281.30757984350004
165.95,228.61161499999912,212.33191999999897,-232.85647710412442,-281.7518701217499
166.0,229.8948549999994,213.61025499999926,-232.94753184937446,-282.197729464
166.05,231.0969449999997,214.80743999999953,-233.0581998946245,-282.63508153737513
166.1,232.19614499999932,215.90173499999915,-233.15871805712445,-283.049902832375
166.15,233.19731749999954,216.89800249999936,-233.28220829724947,-283.4151269950001
166.2,234.01570749999925,217.7114874999991,-233.45093171049942,-283.721756423875
166.25,234.5618074999994,218.25268249999922,-233.67158133549947,-283.976484157625
166.3,234.78123999999943,218.46720999999928,-233.96401563849955,-284.1620995255
166.35,234.67333249999947,218.35439749999932,-234.24679039124945,-284.2787986605
166.4,234.3845774999994,218.06073749999925,-234.45407845562448,-284.359728039625
166.45,234.06432249999952,217.73557749999935,-234.63650666224942,-284.425408078
166.5,233.72549749999945,217.39184749999927,-234.82474530899947,-284.46046685174997
166.55,233.33561499999936,216.99705999999918,-235.00702641587452,-284.44889500474994
166.6,232.8693174999995,216.52585749999935,-235.19033722099945,-284.40819740724993
166.65,232.30086999999938,215.9525049999992,-235.3762713049995,-284.35690862774993
166.7,231.62636749999962,215.27309749999944,-235.54067979224945,-284.270463008
166.75,230.90021499999946,214.54203999999928,-235.6683868918745,-284.14035327912495
166.8,230.1993249999993,213.8362449999991,-235.7652520772495,-284.01129776512494
166.85,229.54629749999953,213.17831249999932,-235.83044178312448,-283.89834967375
166.9,228.9399799999994,212.56708999999918,-235.8544190423745,-283.78976554162494
166.95,228.39660999999958,212.01881499999936,-235.8676335032495,-283.7119742905
167.0,227.95977249999947,211.57707249999928,-235.9115918118745,-283.7049135025
167.05,227.71178499999942,211.32417999999922,-236.01848429687453,-283.79930250875003
167.1,227.63175999999945,211.23924999999926,-236.20356029899946,-283.960597384625
167.15,227.56538749999942,211.16797249999925,-236.43210427724952,-284.0961988375
167.2,227.38681499999947,210.98449499999933,-236.69320633349943,-284.20225775725
167.25,227.0703949999994,210.66316999999924,-237.00571975237452,-284.3168484625
167.3,226.6846574999993,210.27252749999914,-237.34142589849958,-284.44222648275
167.35,226.21909999999946,209.80206499999932,-237.71319599999944,-284.550369315625
167.4,225.59021249999932,209.16827249999918,-238.15358813487455,-284.634363272875
167.45,224.7822724999996,208.35542749999945,-238.6071947306244,-284.720171460375
167.5,223.8757699999994,207.44401999999926,-239.0537895716245,-284.787665729
167.55,222.96543999999918,206.52878499999906,-239.51391758962458,-284.82208707050006
167.6,222.0123749999995,205.57081499999939,-239.96953454862444,-284.84170037050006
167.65,220.97710249999926,204.53063749999916,-240.39271601274953,-284.83699317850005
167.7,219.89919249999963,203.44782249999952,-240.7436960162494,-284.7512340242501
167.75,218.81465999999938,202.35838499999926,-240.99030874712446,-284.54867766850003
167.8,217.76202249999915,201.30084249999902,-241.1223062561245,-284.25577754962495
167.85,216.7415349999995,200.27544999999938,-241.15300107062447,-283.91183381750005
167.9,215.67276499999923,199.20177499999915,-241.14875969449946,-283.558107952
167.95,214.5673724999996,198.0914774999995,-241.12728313099947,-283.2212004912501
168.0,213.51686499999937,197.03606499999927,-241.09879481274947,-282.892702232875
168.05,212.57244249999917,196.08673749999906,-241.06420185487445,-282.58545988837494
168.1,211.82459249999943,195.3339824999993,-240.98118856262448,-282.3547339305
168.15,211.38098999999931,194.88547499999922,-240.84769553949945,-282.197533331
168.2,211.28298499999934,194.78256499999927,-240.67134745587452,-282.09627966975
168.25,211.43454999999938,194.9292249999993,-240.45927864962448,-282.073356625375
168.3,211.72814249999945,195.21791249999936,-240.22936174037443,-282.10738570087506
168.35,212.1388049999993,195.6236699999992,-240.0257756863745,-282.14705360012505
168.4,212.55011249999941,196.0300724999993,-239.86514275937446,-282.14430773812506
168.45,212.82049999999933,196.2955549999992,-239.73890665724952,-282.0853942882501
168.5,212.91012499999934,196.38027499999924,-239.6417472723745,-282.0088043517501
168.55,212.81426499999932,196.27950999999922,-239.57896019574946,-281.93285184750005
168.6,212.5925224999994,196.0528624999993,-239.53399670549948,-281.8367957107501
168.65,212.30596499999933,195.7613999999992,-239.49501527174948,-281.73637561475005
168.7,211.95303499999946,195.40356499999933,-239.48177629424947,-281.6511558262501
168.75,211.54525249999938,194.99087749999924,-239.50997041299948,-281.5712071121251
168.8,211.09929749999927,194.54001749999915,-239.57998989399948,-281.49513202475003
168.85,210.58217999999945,194.01799499999933,-239.66954912512446,-281.42570094275004
168.9,209.98089249999933,193.4118024999992,-239.7819088174995,-281.364728096375
168.95,209.35695749999954,192.7829624999994,-239.91981483312446,-281.30694241125
169.0,208.7004524999994,192.12155249999924,-240.08044776012449,-281.23143120625
169.05,207.9186549999992,191.33484999999905,-240.24125230349952,-281.1285104145
169.1,206.9956674999995,190.40695749999938,-240.40186071387447,-281.012375161875
169.15,206.0042424999993,189.41062749999915,-240.58414182074952,-280.91303379737496
169.2,205.0508249999996,188.45230499999948,-240.75154133624946,-280.84593179475
169.25,204.15771999999941,187.55429499999929,-240.9142336597495,-280.79346621725
169.3,203.29697749999923,186.6886474999991,-241.08817911412453,-280.74864982675
169.35,202.4686774999995,185.85544249999938,-241.25898644049948,-280.721607989375
169.4,201.65810249999933,185.0399624999992,-241.43339771074952,-280.708957410875
169.45,200.8835999999996,184.26055499999947,-241.60194950762445,-280.69549778375
169.5,200.15799499999943,183.5300449999993,-241.7573113602495,-280.68010134325
169.55,199.46495999999928,182.83210499999913,-241.90387174449953,-280.65487373612496
169.6,198.78825249999952,182.15049249999936,-242.05543352024947,-280.626238318125
169.65,198.09255999999937,181.4498949999992,-242.22506404862452,-280.6269983335
169.7,197.42212999999958,180.77455999999944,-242.39033061774947,-280.65695764925
169.75,196.84240249999945,180.1899274999993,-242.5225242597495,-280.692016423
169.8,196.30781249999933,179.65043249999917,-242.64292540512454,-280.71314975375
169.85,195.8008499999995,179.13856499999935,-242.7702402387495,-280.73771541199994
169.9,195.3475874999994,178.68039749999923,-242.8931420798745,-280.78017820649995
169.95,194.92764999999955,178.25555499999936,-243.00785536824947,-280.81033365524996
170.0,194.54496499999945,177.8679649999993,-243.1079322314995,-280.828010141875
170.05,194.18659749999938,177.5046924999992,-243.2047238669995,-280.85103125275
170.1,193.8326049999995,177.14579499999934,-243.29276306737447,-280.88506032824995
170.15,193.5379899999994,176.84627499999928,-243.33299484899948,-280.94211051462497
170.2,193.32950249999948,176.63288249999934,-243.3327006494995,-281.00207817937496
170.25,193.18941499999946,176.4878899999993,-243.3417472841245,-281.05096432962495
170.3,193.09338999999943,176.38695999999928,-243.3905844011245,-281.118286981875
170.35,193.01186749999945,176.30053249999932,-243.4426331959995,-281.18992456012495
170.4,192.95465999999945,176.2384199999993,-243.45219467974948,-281.23187250549995
170.45,192.92002749999946,176.1988824999993,-243.43804858712448,-281.2523684039999
170.5,192.86508749999945,176.1390374999993,-243.44457000937447,-281.27462949949995
170.55,192.78161749999944,176.05066249999928,-243.4753874069995,-281.32167690287497
170.6,192.71511749999945,175.9792574999993,-243.4939955253745,-281.39245639924997
170.65,192.72057999999944,175.97981499999932,-243.4979181853745,-281.467256622125
170.7,192.8152999999994,176.06962999999928,-243.5067686869995,-281.54597950499993
170.75,192.94409999999945,176.1935249999993,-243.5172618024995,-281.63715683337495
170.8,193.08750749999948,176.33202749999936,-243.52309675924948,-281.74211250499997
170.85,193.27827249999942,176.5178874999993,-243.51892893299947,-281.85108890312495
170.9,193.46858999999947,176.70329999999933,-243.51618307099946,-281.944914027
170.95,193.63985249999942,176.86965749999928,-243.53246210999944,-282.03542940649993
171.0,193.83210499999947,177.05700499999932,-243.56551052049946,-282.15379567199994
171.05,194.04554249999953,177.26553749999937,-243.60865978049947,-282.29241266975
171.1,194.27780999999945,177.49289999999928,-243.64496890212445,-282.41781520662494
171.15,194.5328949999995,177.74307999999934,-243.66754871374945,-282.54748363625
171.2,194.81932749999942,178.02460749999923,-243.69213888862444,-282.6981382968749
171.25,195.1535574999995,178.3539324999993,-243.70809921149944,-282.84847424137496
171.3,195.52828999999957,178.72375999999937,-243.70312233662443,-283.009989766875
171.35,195.90966249999946,179.10022749999925,-243.69579186574944,-283.17545246899994
171.4,196.29386249999953,179.47952249999935,-243.69265373774945,-283.33382986649997
171.45,196.6966999999994,179.8774549999992,-243.68524971699946,-283.4896330183749
171.5,197.12241249999948,180.2982624999993,-243.67353077024947,-283.6392579807499
171.55,197.58544999999958,180.7563949999994,-243.65644268262446,-283.7921191376249
171.6,198.07542999999941,181.24146999999923,-243.63089635937447,-283.93760079037486
171.65,198.57323249999953,181.73436749999934,-243.57909273074947,-284.0533928102499
171.7,199.09391749999935,182.25014749999917,-243.4597212836245,-284.13299829162486
171.75,199.64335249999948,182.7946774999993,-243.30460459724947,-284.19683958312487
171.8,200.1897874999996,183.33620749999943,-243.17268063812443,-284.2674229464999
171.85,200.70024499999943,183.84175999999925,-243.05796734974948,-284.3344513992499
171.9,201.18603499999955,184.32264499999937,-242.94899095162444,-284.3972875091249
171.95,201.68403249999938,184.8157374999992,-242.85317998112447,-284.4715728828749
172.0,202.1989349999995,185.3257349999993,-242.77891912399946,-284.56934518337494
172.05,202.71186499999962,185.83375999999942,-242.72316831874946,-284.68945212924996
172.1,203.21820249999945,186.33519249999924,-242.67371828612448,-284.8223077201249
172.15,203.74617999999958,186.85826499999936,-242.63096129212448,-284.9797780024999
172.2,204.3184149999994,187.42559499999916,-242.5955838022495,-285.14367164062486
172.25,204.91741749999952,188.0196924999993,-242.5560875193745,-285.2940811349999
172.3,205.54457499999967,188.64194499999945,-242.51507120574948,-285.4628535814999
172.35,206.23796249999944,189.33042749999922,-242.4613797969995,-285.65663298549987
172.4,207.02241499999963,190.1099749999994,-242.37152636637447,-285.8558550802499
172.45,207.94298249999932,191.02563749999908,-242.2552685306245,-286.0733910938748
172.5,209.01993749999957,192.09768749999932,-242.13256282249947,-286.30902037674986
172.55,210.17202749999984,193.2448724999996,-242.01780050087444,-286.5377359713749
172.6,211.32602999999943,194.3939699999992,-241.92547089112446,-286.7552474683748
172.65,212.4719074999997,195.53494249999946,-241.85069518487444,-286.96047613624984
172.7,213.59463999999932,196.65276999999907,-241.77260973424947,-287.1469005527498
172.75,214.66680749999955,197.72003249999932,-241.70001600762444,-287.3288629434998
172.8,215.6964749999998,198.74479499999956,-241.64073480837442,-287.49937607037486
172.85,216.68153249999946,199.72494749999922,-241.58010519474945,-287.6546398564998
172.9,217.6328799999997,200.67138999999943,-241.53011579637445,-287.8269672136248
172.95,218.55795749999936,201.59156249999913,-241.48775106837445,-287.99598482637475
173.0,219.46264499999955,202.49134499999934,-241.42516012474942,-288.1592165156248
173.05,220.40424749999977,203.42804249999955,-241.35136508349942,-288.3498087583748
173.1,221.38707999999943,204.40596999999923,-241.27928620599945,-288.53802288849977
173.15,222.36688499999966,205.38086999999945,-241.20139688837443,-288.71647940187484
173.2,223.34643499999933,206.35551499999912,-241.13007802624946,-288.9026586521248
173.25,224.35123749999957,207.35541249999935,-241.06998777837444,-289.07790348762484
173.3,225.3708074999998,208.37007749999958,-241.0072007017494,-289.2460875351249
173.35,226.39180499999947,209.38616999999923,-240.93732832049943,-289.4043178328748
173.4,227.4081524999997,210.39761249999947,-240.85191239899942,-289.54894140374984
173.45,228.41555499999933,211.40010999999913,-240.75360073274945,-289.6860138541248
173.5,229.43553749999955,212.41518749999935,-240.64857151124943,-289.8155597006248
173.55,230.46243249999978,213.4371774999996,-240.5340298392494,-289.94459069799984
173.6,231.43202249999945,214.40186249999925,-240.43235939537445,-290.0583233213748
173.65,232.34917249999967,215.31410749999947,-240.35295004699944,-290.1607537806248
173.7,233.26460249999934,216.22463249999916,-240.27530589562446,-290.2623261579998
173.75,234.14805999999953,217.10318499999937,-240.19141000487443,-290.3468839976248
173.8,234.96260249999972,217.91282249999955,-240.1076857304994,-290.4245281489998
173.85,235.74428249999946,218.68959749999928,-240.02280917474945,-290.50935567149975
173.9,236.51194749999962,219.45235749999947,-239.93302929399943,-290.5824887638748
173.95,237.25934999999936,220.19485499999922,-239.84665722412444,-290.6510862806248
174.0,237.99613749999952,220.92673749999938,-239.76499234624941,-290.7196592807498
174.05,238.68299249999967,221.60868749999952,-239.6773699284994,-290.7646963208748
174.1,239.30921249999946,222.2300024999993,-239.59286112212442,-290.8007602762498
174.15,239.8999824999996,222.81586749999943,-239.5201448123744,-290.8353532341248
174.2,240.4251274999994,223.33610749999926,-239.45676933674943,-290.8493767436248
174.25,240.85892499999952,223.76499999999936,-239.40008689974943,-290.8441056692498
174.3,241.2110924999996,224.11226249999945,-239.3476948721244,-290.8378048966248
174.35,241.49297249999952,224.38923749999935,-239.30633532574942,-290.8292731111248
174.4,241.69250499999956,224.5838649999994,-239.2809115856244,-290.80821333024977
174.45,241.79162749999952,224.67808249999936,-239.2583808072494,-290.7764888174998
174.5,241.80407749999952,224.68562749999936,-239.2265582279994,-290.7483437319998
174.55,241.76130999999953,224.63795499999935,-239.1936814338744,-290.7401306626248
174.6,241.68807999999956,224.55981999999938,-239.1634034019994,-290.74057196187476
174.65,241.59689249999954,224.46372749999935,-239.1295949761244,-290.74221457574976
174.7,241.49494999999956,224.3568799999994,-239.09590913337442,-290.75032957862476
174.75,241.38891499999954,224.24593999999936,-239.0727164061244,-290.76660861762474
174.8,241.27856499999953,224.13068499999935,-239.0575651318744,-290.79497435274976
174.85,241.16858249999956,224.0157974999994,-239.03765763237442,-290.82841502924975
174.9,241.07263249999954,223.91494249999937,-239.0088751146244,-290.85643753162475
174.95,240.98540249999957,223.8228074999994,-238.98082809562442,-290.88448455062473
175.0,240.90251499999954,223.7350149999994,-238.9584444169994,-290.91689552887476
175.05,240.82367249999953,223.6512674999994,-238.9367962371244,-290.95063040487474
175.1,240.73729499999956,223.55998499999941,-238.90624852237443,-290.9793638893747
175.15,240.66204999999954,223.47983499999938,-238.85883336962442,-291.00476311287474
175.2,240.62510249999954,223.4379824999994,-238.80359741349943,-291.0321481829997
175.25,240.61955999999955,223.4275349999994,-238.75130345237443,-291.06375011262475
175.3,240.63935499999957,223.44242499999942,-238.70827677549943,-291.10378576124975
175.35,240.69203999999954,223.4902049999994,-238.67704259524945,-291.1520344792497
175.4,240.76866249999955,223.5619224999994,-238.65860609324943,-291.20327422549974
175.45,240.85248499999952,223.64083999999937,-238.65519828237444,-291.2576030664997
175.5,240.93510999999953,223.7185599999994,-238.66387716762443,-291.31732556499975
175.55,241.01574749999955,223.79429249999941,-238.68442209937444,-291.38317721974977
175.6,241.09225249999952,223.8658924999994,-238.71261621812442,-291.45577094637474
175.65,241.16589749999955,223.93463249999942,-238.74524784599944,-291.53400349674973
175.7,241.24419999999952,224.0080299999994,-238.77719300837444,-291.6120153974997
175.75,241.32338499999955,224.0823099999994,-238.80950592012445,-291.6856143057497
175.8,241.39550999999958,224.14952999999943,-238.84696732312446,-291.7624739251247
175.85,241.46358999999956,224.2127049999994,-238.88619392312444,-291.84497236824967
175.9,241.53215499999956,224.27636499999943,-238.92863220099946,-291.9268824123747
175.95,241.60071999999954,224.3400249999994,-238.97366924112444,-292.0100182877497
176.0,241.66829249999955,224.4026924999994,-239.02223667524945,-292.0964148742497
176.05,241.73243249999956,224.4619274999994,-239.06911246224945,-292.1819533788747
176.1,241.79074249999954,224.51533249999937,-239.11361013662443,-292.2616569267497
176.15,241.84346249999956,224.5631474999994,-239.15234640412444,-292.3356726176247
176.2,241.89277249999955,224.60755249999937,-239.18093278887443,-292.4061088812497
176.25,241.93875749999955,224.6486324999994,-239.20694492799944,-292.4726470014997
176.3,241.97921749999955,224.6841874999994,-239.22898537387445,-292.5360960269997
176.35,242.01294499999955,224.7130099999994,-239.24899093987443,-292.5962353081247
176.4,242.04381999999956,224.7389799999994,-239.26453448012444,-292.6543642259997
176.45,242.07301249999955,224.7632674999994,-239.28015157024944,-292.71440544062466
176.5,242.09741499999956,224.7827649999994,-239.30035326924946,-292.7780996323747
176.55,242.11732249999957,224.7977674999994,-239.32165821637446,-292.8435099878747
176.6,242.13353499999957,224.80907499999938,-239.34458126074946,-292.9087242103747
176.65,242.14609999999956,224.8167349999994,-239.36681783962447,-292.97428166562474
176.7,242.15544999999955,224.8211799999994,-239.39381064374948,-293.0449630954997
176.75,242.16287249999954,224.8236974999994,-239.4349005072495,-293.1276576716247
176.8,242.16998499999954,224.8259049999994,-239.4934216911245,-293.2226595934997
176.85,242.17665999999954,224.8276749999994,-239.56400505449946,-293.32658556687466
176.9,242.18172999999953,224.8278399999994,-239.63794719549946,-293.4333799853747
176.95,242.18457999999953,224.8257849999994,-239.70686342837445,-293.5360065776247
177.0,242.18811999999951,224.8244199999994,-239.77320541562446,-293.6359118244997
177.05,242.1939749999995,224.8253699999994,-239.84317586337448,-293.7363074038747
177.1,242.1993774999995,224.8258674999994,-239.91295017812445,-293.8366784666247
177.15,242.2041174999995,224.82570249999938,-239.97894893262446,-293.9365591968747
177.2,242.2099374999995,224.82661749999937,-240.04276570749943,-294.03683219312467
177.25,242.21571999999952,224.82749499999937,-240.10663151562443,-294.1375464886247
177.3,242.22055499999954,224.82742499999938,-240.17228703737445,-294.23826078412475
177.35,242.22561749999954,224.82758249999938,-240.2403697049994,-294.3393918622497
177.4,242.23095499999954,224.82801499999937,-240.30680975874944,-294.44030229074974
177.45,242.23572999999953,224.82788499999936,-240.37356852862442,-294.5413107857497
177.5,242.24008499999954,224.82733499999935,-240.44170022949945,-294.64329994574973
177.55,242.24484499999954,224.82718999999935,-240.51078807874947,-294.7459020213748
177.6,242.24945749999955,224.82689749999935,-240.57818428087444,-294.84803828112473
177.65,242.25376749999955,224.82630249999934,-240.64374173612444,-294.94931645899976
177.7,242.25857999999954,224.82620999999935,-240.70969145737442,-295.05030043737474
177.75,242.26300499999954,224.82572999999934,-240.77564117862443,-295.15091666637477
177.8,242.26602749999955,224.82384749999935,-240.84387094599944,-295.2513122457498
177.85,242.26881999999955,224.82173499999934,-240.9108503654994,-295.3523942906247
177.9,242.27346249999954,224.82147249999935,-240.97719235274943,-295.45396666799974
177.95,242.27947249999954,224.82257749999934,-241.0435343399994,-295.5549996796247
178.0,242.28425999999953,224.82245999999935,-241.11365188749943,-295.65637592399975
178.05,242.28815749999953,224.82145249999934,-241.18345071887444,-295.75865928349975
178.1,242.29218999999952,224.82057999999935,-241.2519256524994,-295.86072199337474
178.15,242.29622249999952,224.81970749999934,-241.32152835087442,-295.96288276974974
178.2,242.3010974999995,224.81967749999933,-241.3899542512494,-296.0655338786247
178.25,242.30604999999952,224.81972499999932,-241.45779175262442,-296.1678417547497
178.3,242.30984249999952,224.81861249999932,-241.52477117212445,-296.26936509887474
178.35,242.31300249999953,224.81686749999932,-241.5922409241244,-296.3701774608747
178.4,242.31585999999953,224.81481999999932,-241.65990680912444,-296.47074465662473
178.45,242.31927749999954,224.81333249999932,-241.7256849139994,-296.5707970032497
178.5,242.32378499999953,224.81293499999933,-241.79031073749942,-296.67109451612475
178.55,242.32793999999953,224.81218499999932,-241.85594174262445,-296.7721275277498
178.6,242.33237249999954,224.81171249999932,-241.92186694724944,-296.87340570562475
178.65,242.33753249999953,224.81196749999933,-241.98896894987445,-296.97443871724977
178.7,242.34172999999953,224.81125999999932,-242.05761549987443,-297.07613367774974
178.75,242.34527999999952,224.80990499999933,-242.12515880174945,-297.17878478662476
178.8,242.3493474999995,224.80906749999934,-242.19547248224947,-297.2815094453748
178.85,242.35414999999952,224.80896499999935,-242.26519776374946,-297.3835721552498
178.9,242.35929249999953,224.80920249999934,-242.33350108099947,-297.48467871674984
178.95,242.36429249999952,224.80929749999933,-242.40222118087445,-297.5858833447498
179.0,242.36877999999953,224.80887999999933,-242.47079418099946,-297.68779895487484
179.05,242.37369249999952,224.80888749999934,-242.5387297488745,-297.7904010304999
179.1,242.37947999999952,224.80976999999933,-242.60470398674946,-297.89315020587486
179.15,242.38462499999952,224.81000999999932,-242.67050660824947,-297.99558066512486
179.2,242.3884424999995,224.8089224999993,-242.73731441137446,-298.0981091908748
179.25,242.39120749999952,224.80678249999931,-242.80490674649948,-298.20085836624986
179.3,242.39345499999953,224.80412499999932,-242.8719106826245,-298.3029946259999
179.35,242.39598249999952,224.80174749999932,-242.94168499737447,-298.4054005686248
179.4,242.3996899999995,224.80054999999933,-243.00837021737448,-298.5067768129999
179.45,242.40383999999952,224.79979499999934,-243.07449155499944,-298.60724594224985
179.5,242.40839749999952,224.79944749999933,-243.14210840674946,-298.70898993599985
179.55,242.41354999999953,224.79969499999933,-243.20977429174948,-298.8117636279999
179.6,242.41845499999954,224.79969499999933,-243.27582207949945,-298.91468441974985
179.65,242.42280749999955,224.79914249999933,-243.34142856799946,-299.0173110119999
179.7,242.42626499999955,224.79769499999932,-243.40975640187443,-299.11993760424986
179.75,242.42926249999954,224.79578749999934,-243.47793713599944,-299.2220003141249
179.8,242.43190999999953,224.79352999999932,-243.54560302099947,-299.3234746249999
179.85,242.43401999999952,224.79073499999933,-243.61248437399945,-299.42561088474986
179.9,242.43535999999952,224.78716999999932,-243.67848312849947,-299.5270606789999
179.95,242.4371649999995,224.78406999999933,-243.74546254799944,-299.6242200638748
180.0,242.4412049999995,224.78320499999933,-243.81349618237445,-299.72017813412486
180.05,242.44587249999952,224.78296749999933,-243.88118658399947,-299.8200098311249
180.1,242.45119499999953,224.78338499999933,-243.94492980899943,-299.92011121099983
180.15,242.45751999999953,224.78480499999932,-243.99952833287443,-300.01447570062487
180.2,242.46115249999954,224.78353249999932,-244.0516997108744,-300.10739370937483
180.25,242.46192249999953,224.77939749999933,-244.11178995874943,-300.20629377462484
180.3,242.46425749999952,224.77682749999934,-244.17943132712443,-300.30992554849985
180.35,242.46572749999953,224.77339249999935,-244.2516082711244,-300.4162051178748
180.4,242.46476499999952,224.76752499999935,-244.32584461162443,-300.52439698399985
180.45,242.4668749999995,224.76472999999936,-244.4009635506244,-300.6330546659998
180.5,242.4713649999995,224.76431499999936,-244.4763276558744,-300.7416878313748
180.55,242.4761499999995,224.76419499999935,-244.5506620628744,-300.84983066424985
180.6,242.4825249999995,224.76566499999936,-244.62440807087438,-300.9573850981248
180.65,242.4908199999995,224.76905499999936,-244.6982766619994,-301.06432661637484
180.7,242.5000074999995,224.77333749999934,-244.77175298712436,-301.1711700681248
180.75,242.5085899999995,224.77701499999935,-244.84508221249936,-301.27862643549986
180.8,242.5179424999995,224.78146249999935,-244.91956371924937,-301.38632796912486
180.85,242.53133249999948,224.78994749999936,-244.99394715949936,-301.49383336974984
180.9,242.5483274999995,224.80203749999936,-245.06715380174938,-301.60043165524985
180.95,242.56486749999948,224.81367249999934,-245.13969849512435,-301.70641702512484
181.0,242.5785649999995,224.82246499999934,-245.21251287137437,-301.8130888604999
181.05,242.58906999999948,224.82806499999936,-245.28657759549938,-301.9206187777499
181.1,242.59828249999947,224.83237249999937,-245.36142685162434,-302.02915387662483
181.15,242.60436749999948,224.83355249999937,-245.43882583674937,-302.13889029012483
181.2,242.60608249999947,224.83036249999938,-245.52051523124933,-302.2527209799998
181.25,242.61670249999946,224.8360774999994,-245.61392357249935,-302.37567185437484
181.3,242.63807999999946,224.85254999999938,-245.71723663024937,-302.50565900012487
181.35,242.65888749999945,224.86845249999936,-245.82452138124933,-302.6402552713748
181.4,242.68088249999946,224.88554249999936,-245.94418702787436,-302.78061294949987
181.45,242.71330499999945,224.91305999999935,-246.09991662987431,-302.9470317999998
181.5,242.75888499999945,224.95373499999937,-246.29783934349936,-303.14816619149985
181.55,242.80395499999946,224.99389999999937,-246.5022834793744,-303.3511148132499
181.6,242.84038999999945,225.02542999999935,-246.67880317937434,-303.5324152551249
181.65,242.87705249999945,225.05718749999934,-246.81707694437438,-303.6875564581249
181.7,242.92212999999944,225.09735999999933,-246.93966006937433,-303.82541344049986
181.75,242.96977999999945,225.14010499999932,-247.05454497412435,-303.95449347112486
181.8,243.00758249999944,225.17300249999934,-247.1597458119994,-304.0799940744999
181.85,243.03864499999943,225.19915999999932,-247.26673636349935,-304.20988315374984
181.9,243.07075249999943,225.22636249999934,-247.36995135474936,-304.33815413574985
181.95,243.10124249999942,225.25194749999932,-247.46924368599932,-304.4657386522498
182.0,243.12991499999941,225.27571499999934,-247.57066896362434,-304.59660839649985
182.05,243.15798999999942,225.29888499999933,-247.67415363774936,-304.72718394124985
182.1,243.18461249999942,225.32060249999932,-247.7793299589993,-304.8580046522498
182.15,243.2125324999994,225.34361749999934,-247.88406498099934,-304.98926666249986
182.2,243.2386399999994,225.36481999999933,-247.9874025553743,-305.1191067084998
182.25,243.26108249999942,225.38235749999933,-248.08544453874933,-305.24298921462486
182.3,243.28393499999942,225.40030499999932,-248.18630593399936,-305.3690291837499
182.35,243.3039874999994,225.4154524999993,-248.3072709617493,-305.5051945189998
182.4,243.3137699999994,225.4203299999993,-248.43818973924934,-305.64052628899987
182.45,243.3099324999994,225.41158749999929,-248.5543004752493,-305.76928760349983
182.5,243.2940299999994,225.39077999999927,-248.65337215687433,-305.89498433987484
182.55,243.27414499999938,225.36598999999927,-248.75332643699934,-306.01997009412486
182.6,243.2530774999994,225.34001749999928,-248.8647054643743,-306.14723589449983
182.65,243.2286399999994,225.31067499999926,-248.97848712099935,-306.28060633449985
182.7,243.2022524999994,225.2793824999993,-249.0932494426243,-306.4165265034998
182.75,243.16813749999937,225.24036249999926,-249.22296690549933,-306.5514414908749
182.8,243.12269749999936,225.19001749999924,-249.36790919249935,-306.6919217521249
182.85,243.0713074999994,225.13372249999927,-249.5149353926243,-306.83902150212487
182.9,243.0175199999994,225.07502999999926,-249.65568533674931,-306.9846257379999
182.95,242.9626024999994,225.0152074999993,-249.78608926512428,-307.12780282799986
183.0,242.9074249999994,224.95512499999927,-249.8994051058743,-307.2685772887499
183.05,242.85265249999938,224.89544749999925,-249.99641739099934,-307.3984663679999
183.1,242.7972399999994,224.83512999999928,-250.09016896499932,-307.52416310437485
183.15,242.73611749999938,224.76910249999926,-250.18803933199933,-307.6523115032499
183.2,242.67311999999941,224.7011999999993,-250.2791921437493,-307.77352169724986
183.25,242.6138974999994,224.63707249999928,-250.3587240752493,-307.8902698654999
183.3,242.5381224999994,224.55639249999925,-250.44823427312434,-308.0124607244999
183.35,242.43729749999943,224.45066249999928,-250.5680225028743,-308.15649589637485
183.4,242.3536099999994,224.36206999999925,-250.70431042124932,-308.32235086449987
183.45,242.2988299999994,224.30238499999928,-250.82990909112428,-308.4705538626248
183.5,242.2473024999994,224.24595249999928,-250.9368751259993,-308.59036660899983
183.55,242.1967599999994,224.19050499999926,-251.03256351337433,-308.71062065462485
183.6,242.1351299999994,224.12396999999928,-251.1311203458743,-308.8359496416248
183.65,242.0582949999994,224.04222999999925,-251.23815993062433,-308.95828760037483
183.7,241.9787349999994,223.95776499999928,-251.3424046201243,-309.0766048326248
183.75,241.89914749999937,223.87327249999927,-251.45824567324934,-309.21125013712486
183.8,241.79786749999934,223.76708749999926,-251.60154534637437,-309.3521716976249
183.85,241.67595749999938,223.6402724999993,-251.7388874796243,-309.47257284299985
183.9,241.56199999999936,223.52140999999926,-251.85239945337435,-309.6021432061249
183.95,241.4488349999994,223.4033399999993,-251.9677992072493,-309.7423292678748
184.0,241.3363824999994,223.28598249999928,-252.08837196899933,-309.87219383049984
184.05,241.23140749999936,223.17610249999925,-252.20455625487435,-310.00097966162485
184.1,241.1175824999994,223.05737249999927,-252.3230451034993,-310.13094229074983
184.15,240.99648749999938,222.93137249999924,-252.44668244337433,-310.25850229062485
184.2,240.8777449999994,222.8077249999993,-252.5589931024993,-310.3778737377498
184.25,240.73999249999937,222.66506749999925,-252.65056269687432,-310.4790293324998
184.3,240.58006999999932,222.50023999999922,-252.73188434199935,-310.56863759687485
184.35,240.42625249999938,222.34151749999927,-252.80170768999932,-310.6536122191248
184.4,240.28774499999935,222.19810499999923,-252.85895400937434,-310.7254459303748
184.45,240.1567249999994,222.06217999999927,-252.91612677887431,-310.7868110427498
184.5,240.02852749999937,221.92907749999924,-252.96466969637433,-310.8471709734998
184.55,239.90148499999935,221.7971299999992,-252.99122120124935,-310.9012056149998
184.6,239.7773574999994,221.66809749999925,-252.99970395349933,-310.9463897548748
184.65,239.65804749999936,221.54388249999923,-252.99906652124935,-310.98355695837483
184.7,239.54586999999938,221.42679999999928,-252.99389351337436,-311.0169240849998
184.75,239.44121249999935,221.31723749999924,-252.97977193737435,-311.05095316049983
184.8,239.34234749999933,221.2134674999992,-252.97003883724935,-311.08432028712485
184.85,239.25049999999936,221.11671499999923,-252.97344664812434,-311.12396366974986
184.9,239.16091249999934,221.0222224999992,-252.97124015187433,-311.16973620862484
184.95,239.06493249999937,220.92133749999923,-252.95937410537434,-311.2128119187498
185.0,238.96672249999935,220.8182224999992,-252.96104123587435,-311.25228368499984
185.05,238.87505249999933,220.72164749999916,-252.98033581974934,-311.29325096537485
185.1,238.78712249999936,220.62881249999919,-252.99494772824934,-311.34157323324985
185.15,238.69830249999933,220.53508749999915,-252.99489869499934,-311.3958775576249
185.2,238.60867499999935,220.4405549999992,-252.99936072074934,-311.45101544724986
185.25,238.52070249999935,220.34767749999918,-253.03427239474934,-311.51012503012487
185.3,238.43378499999932,220.25585499999914,-253.09987888324935,-311.5805367771249
185.35,238.34211999999934,220.1592849999992,-253.17031514687432,-311.66440815124986
185.4,238.24370749999932,220.05596749999916,-253.22493818737433,-311.7565171113749
185.45,238.13911749999934,219.9464724999992,-253.26570933474932,-311.84985190274983
185.5,238.02600999999933,219.82845999999918,-253.30679919824934,-311.93941113387484
185.55,237.9086849999993,219.70622999999915,-253.35798991124935,-312.02345412437484
185.6,237.79155499999936,219.5841949999992,-253.42195378587434,-312.1051435188748
185.65,237.67221499999934,219.45994999999917,-253.49587141024935,-312.1867593634998
185.7,237.5495924999994,219.3324224999992,-253.57351556162433,-312.2679829421248
185.75,237.41999749999937,219.19792249999918,-253.64986033187435,-312.3482258557498
185.8,237.27766999999935,219.05068999999915,-253.71872753149935,-312.4267526056248
185.85,237.1206099999994,218.8887249999992,-253.77697903249933,-312.5059413043748
185.9,236.95015499999937,218.71336499999916,-253.82875814449935,-312.5899597782498
185.95,236.77126999999942,218.52957499999923,-253.88012047387434,-312.6805487076248
186.0,236.58765999999937,218.34105999999917,-253.94116687012436,-312.7789584403748
186.05,236.39657249999934,218.14506749999913,-254.02462146162438,-312.8859980251248
186.1,236.1987674999994,217.9423574999992,-254.13112168062435,-312.9971809194998
186.15,235.99818249999936,217.73686749999914,-254.24784533224937,-313.1050785861248
186.2,235.79175749999942,217.52553749999922,-254.35459071749932,-313.20454253374976
186.25,235.57972999999936,217.30860499999918,-254.43958985637434,-313.29670052712476
186.3,235.36485499999932,217.08882499999913,-254.51554236062435,-313.3923889144998
186.35,235.1500199999994,216.86908499999922,-254.60556740762433,-313.49957559899974
186.4,234.93666499999935,216.65082499999917,-254.70726236812436,-313.6103171941248
186.45,234.71866249999943,216.42791749999924,-254.80885926212432,-313.7180432443747
186.5,234.49207999999936,216.1964299999992,-254.91361880074933,-313.82513186237475
186.55,234.25892499999932,215.95836999999915,-255.01911383812435,-313.93241661337476
186.6,234.0210749999994,215.71561499999925,-255.12326046112432,-314.04100074549973
186.65,233.78072999999935,215.4703649999992,-255.22914776449934,-314.14960939424975
186.7,233.54004749999945,215.22477749999928,-255.3365305819993,-314.25843869262474
186.75,233.29703999999938,214.9768649999992,-255.44344758362433,-314.3699648197498
186.8,233.05301999999932,214.72793999999917,-255.54958005324937,-314.48323162724984
186.85,232.8175849999994,214.48759999999925,-255.65269697799934,-314.5990236471248
186.9,232.59783999999937,214.2629499999992,-255.75110671074935,-314.71824799449985
186.95,232.39585249999942,214.05605749999927,-255.84696671449933,-314.8400465874998
187.0,232.21699249999938,213.87229249999922,-255.93956600712434,-314.9650568583748
187.05,232.06544249999934,213.7158374999992,-256.0334646808744,-315.0961227356248
187.1,231.94685499999937,213.59234499999923,-256.1262846231243,-315.2351565159998
187.15,231.87119499999935,213.51177999999922,-256.2105727798743,-315.3821827161248
187.2,231.83867999999936,213.47435999999922,-256.2902027778743,-315.5290618164998
187.25,231.84709249999935,213.47786749999923,-256.3688275942493,-315.67402862012483
187.3,231.89438999999936,213.52025999999924,-256.4506886051243,-315.8209812703749
187.35,231.96382499999933,213.58478999999923,-256.5366193757493,-315.9610447489998
187.4,232.04012749999936,213.65618749999925,-256.6218881974993,-316.09144867737484
187.45,232.12103749999932,213.73219249999923,-256.7078189681243,-316.2178318792498
187.5,232.19914749999933,213.80539749999926,-256.8013744091243,-316.34343054912483
187.55,232.25766749999934,213.85901249999927,-256.90456488374934,-316.46544979174985
187.6,232.29883499999931,213.89527499999926,-257.0117515682493,-316.5854586711248
187.65,232.31751999999932,213.90905499999926,-257.1203111837493,-316.7057372333748
187.7,232.30686999999932,213.89349999999925,-257.2234035918743,-316.8200092224998
187.75,232.2843499999993,213.86607499999926,-257.3176700149993,-316.9321482652498
187.8,232.2634624999993,213.84028249999926,-257.41203450462433,-317.05326039274985
187.85,232.2489699999993,213.82088499999927,-257.5095371222493,-317.1816784744998
187.9,232.2352774999993,213.80228749999927,-257.61037400087434,-317.31188626987483
187.95,232.20902999999933,213.77113499999928,-257.7131967261243,-317.4406475843748
188.0,232.16813249999933,213.72533249999927,-257.81160645887434,-317.56555978874985
188.05,232.12448249999932,213.67677749999925,-257.90219538824937,-317.6910113588749
188.1,232.08939499999934,213.63678499999926,-257.98753775987433,-317.8147467652499
188.15,232.06543249999933,213.60791749999925,-258.06689807499936,-317.9284058387499
188.2,232.04398249999934,213.58156249999925,-258.14177184774934,-318.0359847892498
188.25,232.01076999999933,213.54344499999925,-258.22971298162435,-318.14304889062487
188.3,231.96151999999933,213.48928999999924,-258.3255729853744,-318.2428805876249
188.35,231.90939999999935,213.43226499999926,-258.4101553416244,-318.33793154274986
188.4,231.86350499999935,213.38146499999925,-258.4779438097494,-318.43276184824987
188.45,231.84075499999935,213.35380999999927,-258.5260944612494,-318.52805796962485
188.5,231.85913499999936,213.36728499999927,-258.5642668463744,-318.63316074099987
188.55,231.90518999999938,213.4084349999993,-258.6006740344994,-318.7436816864999
188.6,231.98137249999937,213.47971249999927,-258.6332566291244,-318.85930208999986
188.65,232.10586999999938,213.5993049999993,-258.6689528351244,-318.9864207906249
188.7,232.26992499999932,213.75845499999926,-258.7160983049994,-319.11577050412484
188.75,232.45461999999935,213.9382449999993,-258.7607430791244,-319.2416388568749
188.8,232.6646274999994,214.14334749999935,-258.7962676687494,-319.3638787491249
188.85,232.89887499999932,214.37268999999927,-258.8375291486244,-319.4767042573749
188.9,233.12923249999938,214.5981424999993,-258.8797712934994,-319.5850677398749
188.95,233.3441099999993,214.80811499999925,-258.9272845127494,-319.69777066499984
189.0,233.55655499999935,215.0156549999993,-258.9826430519994,-319.81554853149987
189.05,233.7796599999994,215.23385499999935,-259.0184863577494,-319.9351896614999
189.1,234.00661249999933,215.45590249999927,-259.0533980317494,-320.04750032062486
189.15,234.2383199999994,215.68270499999932,-259.1161360751244,-320.1560844527499
189.2,234.4829424999993,215.92242249999924,-259.1787270187494,-320.27550493312486
189.25,234.72386499999936,216.1584399999993,-259.2218517621244,-320.3981125747499
189.3,234.96084749999943,216.39051749999936,-259.25830798349944,-320.51008000112495
189.35,235.21251749999934,216.6372824999993,-259.2998881794994,-320.6194731818749
189.4,235.46674249999938,216.88660249999936,-259.3542660537494,-320.72972444449994
189.45,235.7149899999993,217.12994499999928,-259.4079084292494,-320.8419860703749
189.5,235.96277249999935,217.37282249999933,-259.4512047889994,-320.9592736043749
189.55,236.2042324999994,217.6093774999994,-259.4996741566244,-321.07447722524995
189.6,236.43766999999931,217.8379099999993,-259.5676097244994,-321.18803823224994
189.65,236.66758249999936,218.06291749999937,-259.6523391804994,-321.30772839549996
189.7,236.89244499999927,218.2828749999993,-259.73807381812435,-321.43185606787495
189.75,237.10302249999933,218.48854749999936,-259.81549731987434,-321.553409494625
189.8,237.29857749999937,218.6791974999994,-259.88257480587436,-321.672952558125
189.85,237.4822999999993,218.85801499999934,-259.94852452712433,-321.79433436849996
189.9,237.64984249999932,219.0206524999994,-260.02641384474936,-321.92098725324996
189.95,237.79727999999926,219.16318499999934,-260.11808150562433,-322.0533279949999
190.0,237.9319849999993,219.29298499999936,-260.20935690049936,-322.18571776999994
190.05,238.07120749999933,219.4273024999994,-260.28055317949935,-322.309404143125
190.1,238.22495499999928,219.57614499999934,-260.3420899082493,-322.43100660312496
190.15,238.3935199999993,219.7398049999994,-260.41210938924934,-322.559718884375
190.2,238.57994249999925,219.92132249999932,-260.48355083449934,-322.69012281274996
190.25,238.78200749999928,220.11848249999937,-260.54626436124937,-322.8173640965
190.3,238.98342249999934,220.31499249999942,-260.6120179494994,-322.9424969505
190.35,239.18461749999926,220.51128249999934,-260.68757818774935,-323.06971371762495
190.4,239.39957249999932,220.7213324999994,-260.75887253324936,-323.19977441325
190.45,239.62188999999924,220.93874499999933,-260.8282300653743,-323.32968800912494
190.5,239.8505224999993,221.16247249999938,-260.89479270224933,-323.45820415737495
190.55,240.09565999999936,221.40270499999943,-260.95375518537435,-323.585543507625
190.6,240.35341499999927,221.65555499999934,-261.01531643074935,-323.71337319037497
190.65,240.61735499999932,221.9145899999994,-261.09205346699935,-323.85162243875
190.7,240.88119249999923,222.1735224999993,-261.17624355724934,-323.99281368212496
190.75,241.14301499999928,222.43043999999938,-261.25293156024935,-324.1232176105
190.8,241.41159999999934,222.69411999999943,-261.3227058749994,-324.252763457
190.85,241.69424249999923,222.97185749999935,-261.3907395093743,-324.3879971605
190.9,241.9857899999993,223.2584999999994,-261.46779526174936,-324.52943357012504
190.95,242.2716249999992,223.5394299999993,-261.5507104874993,-324.67312550925
191.0,242.54975499999927,223.81265499999935,-261.63063468499934,-324.81218380625
191.05,242.82536499999932,224.0833599999994,-261.7040129436244,-324.943666466125
191.1,243.09918749999923,224.3522774999993,-261.78131386224936,-325.071349049125
191.15,243.3634349999993,224.61161999999936,-261.86263550737436,-325.193221192
191.2,243.59446499999922,224.83774499999927,-261.9344447019993,-325.302467273
191.25,243.78502749999927,225.02340249999932,-262.01206433674935,-325.409286208125
191.3,243.9421074999993,225.17557749999935,-262.10405071374936,-325.51676709212506
191.35,244.05125749999928,225.2798224999993,-262.2057701908743,-325.614711009
191.4,244.0978674999993,225.32152749999932,-262.30717095187435,-325.69988176425005
191.45,244.0882224999993,225.30697749999933,-262.40545810149933,-325.788705496625
191.5,244.0448824999993,225.25873249999933,-262.51639582962434,-325.89152822187503
191.55,243.98652749999928,225.1954724999993,-262.6358898598744,-325.99677809300005
191.6,243.91129249999932,225.11533249999934,-262.74650887187437,-326.09151033200004
191.65,243.8243724999993,225.0235074999993,-262.8503612953744,-326.17967211550007
191.7,243.74509499999934,224.93932499999934,-262.95276723799935,-326.27528695300003
191.75,243.68632749999932,224.87565249999932,-263.0437239167494,-326.38242460425005
191.8,243.64459749999932,224.8290174999993,-263.1099678374994,-326.4927739333751
191.85,243.61398999999932,224.79350499999933,-263.1587804378744,-326.59625860750003
191.9,243.59294749999933,224.76755749999933,-263.2215184812494,-326.70011103100006
191.95,243.57517249999933,224.74487749999935,-263.3005845968744,-326.80717513237505
192.0,243.57525499999932,224.74005499999936,-263.3549134378744,-326.9122043538751
192.05,243.61448249999933,224.77437749999936,-263.38085202712443,-327.02860928937514
192.1,243.7034774999993,224.85846749999934,-263.4162295169994,-327.1560467061251
192.15,243.83756999999935,224.98765499999936,-263.4711712736244,-327.2775265830001
192.2,243.9921974999993,225.1373774999993,-263.5440346831244,-327.3941031348751
192.25,244.15232499999934,225.29259999999934,-263.6229046657494,-327.5110964693751
192.3,244.31623999999937,225.45160999999936,-263.6810581002494,-327.6247555428751
192.35,244.48804499999932,225.6185099999993,-263.7209466491244,-327.7420185602501
192.4,244.66921749999935,225.79477749999936,-263.7586041851244,-327.8608996748751
192.45,244.8701374999993,225.9907924999993,-263.7968746367494,-327.9716412700001
192.5,245.09258999999935,226.20833999999934,-263.8514241273744,-328.0837067628751
192.55,245.3189374999994,226.4297824999994,-263.9329909387494,-328.2022446447501
192.6,245.54129999999932,226.64723999999933,-264.0159551977494,-328.31671276687507
192.65,245.76039749999939,226.86143249999938,-264.07756547637445,-328.4285821267501
192.7,245.9766574999993,227.07278749999932,-264.1224063834994,-328.542805082625
192.75,246.18826249999935,227.27948749999936,-264.16155943362446,-328.649697567625
192.8,246.3964849999994,227.48280499999942,-264.2103475173745,-328.74940668150003
192.85,246.59624999999932,227.67766499999934,-264.28325996012444,-328.850831959125
192.9,246.77502499999935,227.8515349999994,-264.37495213762446,-328.950271390125
192.95,246.9294399999993,228.00104499999932,-264.4768187144994,-329.048435956625
193.0,247.05734499999932,228.12404499999934,-264.58819774187447,-329.148120553875
193.05,247.14993749999934,228.21173249999936,-264.6914862829995,-329.238390767125
193.1,247.19477749999933,228.25166749999934,-264.77320019412446,-329.31713816662494
193.15,247.18836249999933,228.24034749999933,-264.85035401299945,-329.39948950999997
193.2,247.14284749999933,228.18992749999936,-264.9428307224994,-329.49544758024996
193.25,247.0765749999993,228.11874999999935,-265.03829846024945,-329.59437216212496
193.3,246.9996824999993,228.03695249999933,-265.12878932312447,-329.692389628875
193.35,246.92040999999932,227.95277499999935,-265.21452396074943,-329.789990313
193.4,246.85033499999932,227.87779499999934,-265.29741466987446,-329.887541963875
193.45,246.79731249999935,227.81986749999936,-265.3769711179994,-329.98717752787496
193.5,246.77871999999934,227.79636999999934,-265.4378458978744,-330.090466069
193.55,246.80158499999933,227.81432999999936,-265.49621998199945,-330.20890588437504
193.6,246.85186749999932,227.85970749999933,-265.57310411799943,-330.337863331875
193.65,246.91816249999934,227.92109749999935,-265.6625897992495,-330.462996185875
193.7,246.9885349999993,227.98656499999933,-265.74400951087443,-330.57175193437496
193.75,247.05337749999933,228.04650249999935,-265.8007409811244,-330.659325318875
193.8,247.11204249999935,228.10026249999936,-265.83535845562443,-330.737239153125
193.85,247.17733749999934,228.16065249999934,-265.85752148462444,-330.81787433274997
193.9,247.24697999999935,228.22538999999935,-265.88539688724944,-330.89936759425
193.95,247.31005499999932,228.28355999999934,-265.9217550421244,-330.96811221075
194.0,247.38058999999933,228.34918999999937,-265.9455116517494,-331.03028637175004
194.05,247.46783499999935,228.43152999999938,-265.9531118054994,-331.0936618473751
194.1,247.57475749999932,228.53354749999934,-265.9452910021244,-331.1522320645
194.15,247.70707249999936,228.66095749999937,-265.9213627761244,-331.19871558550005
194.2,247.8685199999993,228.8174999999993,-265.88554398699944,-331.23512277362505
194.25,248.03792249999935,228.98199749999935,-265.83857013349945,-331.25708966962503
194.3,248.19892249999938,229.13809249999937,-265.7823535123744,-331.263758191625
194.35,248.37472499999933,229.3089899999993,-265.7201058014994,-331.26777891812503
194.4,248.56241749999938,229.49177749999936,-265.6513857016244,-331.261061362875
194.45,248.74398749999932,229.6684424999993,-265.57155957062446,-331.2434339095
194.5,248.92328749999936,229.84283749999932,-265.48548170024947,-331.223992225875
194.55,249.1014524999994,230.01609749999935,-265.4081807816244,-331.21210166275
194.6,249.27845999999934,230.18819999999928,-265.36356052412447,-331.221393463625
194.65,249.45456499999938,230.3593999999993,-265.37018001287447,-331.25907551625005
194.7,249.61840999999933,230.51833999999926,-265.40908789674944,-331.32154387675
194.75,249.76216749999935,230.6571924999993,-265.4610876583744,-331.39482406887504
194.8,249.89088749999937,230.78100749999933,-265.5252231493744,-331.47058044012505
194.85,250.00306749999933,230.8882824999993,-265.5897263897494,-331.54609164512505
194.9,250.09070249999934,230.97101249999932,-265.6590103719994,-331.61969055337505
194.95,250.15642999999932,231.0318349999993,-265.72672529024936,-331.695054658625
195.0,250.20877249999933,231.0792724999993,-265.78453549199935,-331.774292390625
195.05,250.25657249999935,231.1221674999993,-265.85337817499936,-331.858580547375
195.1,250.30768999999933,231.1683799999993,-265.92381443862433,-331.94926754325
195.15,250.36298499999933,231.21876999999932,-265.98787637974937,-332.04157263637507
195.2,250.4271074999993,231.2779874999993,-266.0624069197493,-332.13645197512506
195.25,250.5067349999993,231.35270999999932,-266.13759940862434,-332.2408682810001
195.3,250.60176749999934,231.44283749999934,-266.19859677162435,-332.3502614617501
195.35,250.7108499999993,231.5470149999993,-266.2460609576243,-332.45690878050004
195.4,250.83701249999933,231.66827249999935,-266.28131586437433,-332.55902052362507
195.45,250.9836299999993,231.8099849999993,-266.31299134387433,-332.65882770400003
195.5,251.15427999999935,231.97572999999934,-266.35339474187435,-332.76527888975005
195.55,251.3500424999994,232.1665874999994,-266.41348498974935,-332.8810218763751
195.6,251.56698749999933,232.3786274999993,-266.4978957296243,-333.00316370212505
195.65,251.80332749999937,232.61006249999937,-266.5889504748743,-333.1258203770001
195.7,252.05768499999928,232.85951499999928,-266.6618874342493,-333.23987171650003
195.75,252.32750999999934,233.12443499999932,-266.7283029713743,-333.3530159408751
195.8,252.6130174999994,233.4050374999994,-266.8008231481243,-333.4714557562501
195.85,252.9146374999993,233.7017524999993,-266.8686851661243,-333.5877381086251
195.9,253.23506499999937,234.01727499999936,-266.9352232863743,-333.7028681796251
195.95,253.57613749999925,234.35344249999923,-267.0008788081243,-333.8187582660001
196.0,253.93551749999932,234.70791749999933,-267.0701382737493,-333.9361438665001
196.05,254.31276499999942,235.0802599999994,-267.14383524849933,-334.05514756425015
196.1,254.70219499999928,235.4647849999993,-267.2157425096243,-334.1717486327501
196.15,255.09827499999938,235.85595999999938,-267.28360452762433,-334.2821715117501
196.2,255.50036999999924,236.25314999999924,-267.3577918348743,-334.39377118875007
196.25,255.90332999999933,236.65120499999932,-267.44686073349936,-334.5123335872501
196.3,256.30781249999944,237.0507824999994,-267.52455391812435,-334.62753720812515
196.35,256.7210724999993,237.45913749999926,-267.57692142912435,-334.73786202062513
196.4,257.1497824999994,237.88294249999936,-267.6149957477494,-334.85056494575014
196.45,257.59934249999924,238.3275974999992,-267.6524571507494,-334.9692499273751
196.5,258.07257499999935,238.7959249999993,-267.69026178649943,-335.0918575690001
196.55,258.57436249999944,239.2928074999994,-267.7181862223744,-335.21198903150014
196.6,259.10790749999927,239.82144749999924,-267.74128088312443,-335.3311398290001
196.65,259.6716574999994,240.38029249999937,-267.7678323879994,-335.45244808950014
196.7,260.2602499999992,240.96397999999917,-267.7956097241244,-335.5742711991251
196.75,260.8726799999993,241.57150499999932,-267.8216218632494,-335.6984969380002
196.8,261.51146749999947,242.20538749999946,-267.8509682633744,-335.8262530708752
196.85,262.17979749999927,242.86881249999922,-267.8927936256244,-335.9586428458752
196.9,262.8849349999994,243.5690449999994,-267.95209934149943,-336.09953988975025
196.95,263.6295824999992,244.30878749999914,-268.0242027356244,-336.2442615271252
197.0,264.4190149999994,245.0933149999993,-268.0800516073744,-336.3826823918752
197.05,265.2516524999996,245.9210474999995,-268.1117516034994,-336.5142140850003
197.1,266.1192699999993,246.7837599999992,-268.15102723674937,-336.6513110520002
197.15,267.02022499999947,247.6798099999994,-268.2053560777494,-336.7945862085002
197.2,267.95012749999916,248.60480749999908,-268.2535557624994,-336.9278095487502
197.25,268.90454249999937,249.55431749999929,-268.2975631043744,-337.05720829550023
197.3,269.8790349999996,250.5239049999995,-268.3449292238744,-337.19207424962525
197.35,270.87186749999927,251.51183249999917,-268.38709781887434,-337.3278228022502
197.4,271.8925324999995,252.5275924999994,-268.42154367699936,-337.4656307513752
197.45,272.9527299999991,253.58288499999904,-268.45206687512433,-337.6026541685002
197.5,274.0502899999994,254.67553999999927,-268.48236942362433,-337.73580395887524
197.55,275.17937249999966,255.79971749999953,-268.50801381337436,-337.86973828125025
197.6,276.34351249999924,256.95895249999916,-268.52843616199937,-338.0016132071252
197.65,277.5437449999995,258.1542799999994,-268.5504520912494,-338.12760414300027
197.7,278.76876249999907,259.374392499999,-268.57134025574936,-338.2498930685002
197.75,280.00721749999934,260.60794249999924,-268.58935997512435,-338.36936258212523
197.8,281.2629199999996,261.8587399999995,-268.60505061512436,-338.4830706888753
197.85,282.5269624999992,263.11787749999905,-268.61669601199935,-338.58282883600026
197.9,283.77651249999946,264.36252249999933,-268.63133243712434,-338.6743493971253
197.95,285.000497499999,265.5816024999989,-268.63812354224933,-338.7527290472503
198.0,286.1976074999993,266.7738074999992,-268.63704481074933,-338.8161780727503
198.05,287.3677449999996,267.93903999999947,-268.63890807424934,-338.8742824740003
198.1,288.50149499999924,269.0678849999991,-268.6449146473743,-338.9275080668753
198.15,289.5889749999995,270.1504599999993,-268.67109840287435,-338.9849995525003
198.2,290.6326474999991,271.189227499999,-268.7071623582493,-339.04641369812526
198.25,291.6445424999993,272.1962174999992,-268.73145833362435,-339.10814655987525
198.3,292.63116249999956,273.17793249999943,-268.7573478896243,-339.17483177987526
198.35,293.59272499999923,274.1345899999991,-268.79603512387433,-339.2416640996252
198.4,294.52864499999947,275.0656049999993,-268.8343546087493,-339.3014356313752
198.45,295.43794249999917,275.969997499999,-268.8752973724993,-339.3616729790002
198.5,296.32003249999934,276.84718249999924,-268.9249435381243,-339.42524458762523
198.55,297.17253249999953,277.6947774999994,-268.9706915603743,-339.48109345937524
198.6,297.9876099999993,278.50494999999916,-269.01080075887427,-339.52409561962526
198.65,298.7511749999995,279.26360999999935,-269.04612921549926,-339.55187295575024
198.7,299.45249499999926,279.9600249999991,-269.0736859019992,-339.5618267055002
198.75,300.0730124999994,280.5756374999993,-269.09624119699924,-339.5557956157502
198.8,300.5984599999995,281.0961799999994,-269.11999780662427,-339.5357900497502
198.85,301.0310074999993,281.52382249999926,-269.1436563497493,-339.5067868823752
198.9,301.3705624999994,281.8584724999993,-269.16292641699926,-339.4754056023752
198.95,301.6192449999993,282.10224999999923,-269.17903383962425,-339.4435094732502
199.0,301.7864074999993,282.26450749999924,-269.1935721982492,-339.41364822400016
199.05,301.8830124999993,282.35620749999924,-269.2071544084992,-339.39028388037514
199.1,301.92175499999934,282.39004499999925,-269.2209327517492,-339.3809920795001
199.15,301.9288349999993,282.39221999999927,-269.2524611314992,-339.40300800875013
199.2,301.92855499999933,282.3870349999993,-269.3086042027492,-339.4606956273751
199.25,301.93061499999936,282.3841899999993,-269.38320829262426,-339.54115919062514
199.3,301.9364799999994,282.3851499999993,-269.4790437797493,-339.62878160837516
199.35,301.9421799999994,282.3859449999993,-269.58931955899925,-339.71736017450013
199.4,301.9471799999994,282.3860399999993,-269.7067787093743,-339.8083168532502
199.45,301.9528949999994,282.3868499999993,-269.82465464237424,-339.89858706650017
199.5,301.9584674999994,282.3875174999993,-269.93137551099926,-339.9839049215002
199.55,301.9628624999994,282.3870074999993,-270.0194147113743,-340.0595141930002
199.6,301.9655374999994,282.3847774999993,-270.09056195712424,-340.1289452750002
199.65,301.96836499999944,282.3826999999993,-270.16369504949927,-340.20286289937525
199.7,301.9742499999994,282.38367999999934,-270.2588195544992,-340.28055608400024
199.75,301.9831274999994,282.3876524999993,-270.37645032124925,-340.35768538625024
199.8,301.9920074999994,282.39162749999934,-270.50374063824927,-340.44011027950023
199.85,301.9984249999994,282.39313999999933,-270.6157570978742,-340.5269971985002
199.9,302.0029849999994,282.39279499999935,-270.70796412449926,-340.60991242425024
199.95,302.0082349999994,282.39313999999933,-270.7949736266242,-340.6880959413752
200.0,302.0140724999994,282.3940724999993,-270.8807572974992,-340.7659117091252
200.05,302.01941249999936,282.3945074999993,-270.96646741849924,-340.8443649091252
200.1,302.0247174999994,282.3949074999993,-271.05078009187423,-340.92215616025015
200.15,302.03012749999937,282.3954124999993,-271.13634311312427,-341.0003151607502
200.2,302.03515999999934,282.3955399999993,-271.2234751983742,-341.07869481087516
200.25,302.03920249999936,282.3946774999993,-271.30908725287424,-341.1561918625002
200.3,302.04341749999935,282.3939874999993,-271.3962683713743,-341.2334927811252
200.35,302.04834499999936,282.3940099999993,-271.48452822137426,-341.3105975667502
200.4,302.05381249999937,282.3945724999993,-271.5743081021243,-341.3878249355002
200.45,302.05996999999934,282.3958249999993,-271.66369571687426,-341.4660574858752
200.5,302.06561749999935,282.3965674999993,-271.75095038524927,-341.5446577856252
200.55,302.0701549999994,282.39619999999934,-271.8375431047493,-341.6225225866252
200.6,302.07462249999935,282.39576249999936,-271.92531262224924,-341.7008532035002
200.65,302.07865999999933,282.39489499999934,-272.01347440574926,-341.7796741528752
200.7,302.08221749999933,282.39354749999933,-272.09859612774926,-341.8577841201252
200.75,302.0868874999993,282.39331249999935,-272.18369333312427,-341.9357960208752
200.8,302.0919549999993,282.39347499999934,-272.2695505538743,-342.01407760450024
200.85,302.0963824999993,282.39299749999935,-272.35599617362425,-342.09191788887523
200.9,302.10136999999935,282.3930799999994,-272.44121596212426,-342.16924332412526
200.95,302.10706999999934,282.39387499999935,-272.52665640024924,-342.2467648923752
201.0,302.1124149999993,282.3943149999994,-272.6129058869993,-342.32460517675025
201.05,302.11724499999934,282.3942399999994,-272.69952312312427,-342.40264159412527
201.1,302.1221824999993,282.3942724999994,-272.78655714187425,-342.48131544375025
201.15,302.12710749999934,282.3942924999994,-272.8723898459993,-342.55964606062525
201.2,302.13205499999935,282.3943349999994,-272.9626845758743,-342.6371676288752
201.25,302.1373124999994,282.3946874999994,-273.0528076893743,-342.7148117802502
201.3,302.14195749999936,282.3944274999994,-273.1413127056243,-342.79240689837525
201.35,302.1464774999994,282.3940424999994,-273.23018547124923,-342.87010008300024
201.4,302.1521074999994,282.3947674999994,-273.31839628799924,-342.94857779962524
201.45,302.1570799999994,282.3948349999994,-273.4029296109992,-343.0268593832502
201.5,302.16023749999937,282.39308749999935,-273.4888113483742,-343.10469966762525
201.55,302.1632924999994,282.39123749999936,-273.57817444649925,-343.1833735172503
201.6,302.16755499999937,282.39059499999934,-273.6665323629992,-343.26167961750025
201.65,302.1720249999994,282.39015999999936,-273.7561161107492,-343.33998571775027
201.7,302.1754724999994,282.38870249999934,-273.84175268187414,-343.41782600212525
201.75,302.1781774999994,282.3865024999993,-273.9304293144992,-343.4953966036253
201.8,302.18054749999936,282.3839674999993,-274.0175123664992,-343.57419303637533
201.85,302.18338999999935,282.3819049999993,-274.10165342349916,-343.65227848700033
201.9,302.18694999999934,282.38055999999926,-274.1861622298742,-343.7300942547503
201.95,302.19016499999935,282.37886999999927,-274.2707445861242,-343.8086210046253
202.0,302.1939124999993,282.3777124999993,-274.3566018068742,-343.8870742046253
202.05,302.1996599999993,282.37855499999927,-274.4421403114992,-343.96511062200034
202.1,302.2055299999993,282.3795199999993,-274.52657556799915,-344.0421663743753
202.15,302.20982249999935,282.3789074999993,-274.6094172438742,-344.1186337277503
202.2,302.21299749999935,282.3771774999993,-274.69542156437416,-344.19571399675027
202.25,302.21587749999935,282.3751524999993,-274.78284784912415,-344.2733091148753
202.3,302.21954999999934,282.37391999999926,-274.86877861974915,-344.3510758493753
202.35,302.22399999999936,282.37346499999927,-274.9559107049991,-344.4290877501253
202.4,302.22846499999935,282.37302499999925,-275.0436802224991,-344.50719771737533
202.45,302.23251499999935,282.37216999999924,-275.1306161747491,-344.5855283342503
202.5,302.23618749999935,282.37093749999923,-275.2186308584991,-344.6637118513753
202.55,302.24016749999936,282.37001249999923,-275.30777330699914,-344.74211601812533
202.6,302.2448649999994,282.36980499999925,-275.3955428244991,-344.8202750186253
202.65,302.2503349999994,282.37036999999924,-275.48490592262414,-344.8980662697503
202.7,302.2555824999994,282.37071249999923,-275.5758135681241,-344.97612720375025
202.75,302.25912749999935,282.36935249999925,-275.66434310099913,-345.05524235262527
202.8,302.26183499999934,282.36715499999923,-275.75181841899916,-345.1348968672503
202.85,302.2659424999993,282.36635749999925,-275.84022536874915,-345.21384039975027
202.9,302.2715474999993,282.36705749999925,-275.9301278326242,-345.2913374513753
202.95,302.2771849999993,282.3677899999993,-276.01703926824916,-345.36844223700024
203.0,302.2822224999993,282.3679224999993,-276.10363198774917,-345.44672382062527
203.05,302.2871274999993,282.3679224999993,-276.1901266407492,-345.5250054042503
203.1,302.2916549999993,282.36754499999927,-276.2758612783742,-345.6035076375003
203.15,302.2962224999993,282.36720749999927,-276.3608359006242,-345.6814950216253
203.2,302.3014049999993,282.36748499999925,-276.44737958687415,-345.7593353060003
203.25,302.3065299999993,282.36770499999926,-276.53478135499915,-345.8372981735003
203.3,302.31215749999933,282.36842749999926,-276.62203602337416,-345.9149423248753
203.35,302.3178999999993,282.36926499999925,-276.70840809324915,-345.9929787422503
203.4,302.32201249999935,282.36847249999926,-276.79431434724916,-346.0714074256253
203.45,302.32452749999936,282.36608249999927,-276.88272129699914,-346.15010579187526
203.5,302.32671749999935,282.36336749999924,-276.9716676124992,-346.2292944906253
203.55,302.3291599999993,282.36090499999926,-277.0596577796242,-346.3077476906253
203.6,302.3326799999993,282.35951999999924,-277.1464956653742,-346.3852202256253
203.65,302.3378824999993,282.3598174999992,-277.2321812697492,-346.4630359933753
203.7,302.3438249999993,282.3608549999992,-277.3192888383742,-346.54156274325027
203.75,302.3490774999993,282.3612024999992,-277.4064209236242,-346.62006497650026
203.8,302.3540249999993,282.3612449999992,-277.4944356073742,-346.69815042712526
203.85,302.3597624999993,282.3620774999992,-277.58198447524916,-346.7766036271252
203.9,302.3657324999993,282.3631424999992,-277.6681113788742,-346.85566974275025
203.95,302.3711724999993,282.3636774999992,-277.75463054849916,-346.9347603750002
204.0,302.37582249999934,282.3634224999992,-277.8418116669992,-347.01340970800027
204.05,302.37966499999936,282.3623599999992,-277.9278895373742,-347.0916667750003
204.1,302.3822674999994,282.36005749999924,-278.0154629218742,-347.1699238420003
204.15,302.38495749999936,282.35784249999926,-278.1036492219992,-347.2485241417503
204.2,302.38944249999935,282.35742249999925,-278.19007032512417,-347.32709992487526
204.25,302.39435749999933,282.3574324999992,-278.27707982724917,-347.40557764150026
204.3,302.39882999999935,282.35699999999923,-278.3633783472492,-347.4835650256253
204.35,302.40349499999934,282.3567599999992,-278.4511968979991,-347.5611111105003
204.4,302.40821499999936,282.3565749999992,-278.53612248699915,-347.6378971800003
204.45,302.41321749999935,282.3566724999992,-278.62408813749914,-347.7149529323753
204.5,302.41882249999935,282.3573724999992,-278.71497126637416,-347.7929157998753
204.55,302.42407499999933,282.3577199999992,-278.80266723399916,-347.8709277006253
204.6,302.4282249999993,282.35696499999915,-278.89011803537414,-347.9496996167503
204.65,302.4316524999993,282.35548749999913,-278.97693140449917,-348.02876573237535
204.7,302.4354099999993,282.3543399999991,-279.06197957662414,-348.1068021497503
204.75,302.44057999999933,282.35460499999914,-279.14776324749914,-348.18478953387535
204.8,302.44577249999935,282.35489249999915,-279.23138945537414,-348.26216400237536
204.85,302.44953499999934,282.35374999999914,-279.3189383232491,-348.33997977012535
204.9,302.45247749999936,282.35178749999915,-279.4064381578741,-348.4185310366254
204.95,302.45605499999937,282.35045999999915,-279.4908979309991,-348.49578292200033
205.0,302.46098499999937,282.35048499999914,-279.57903519787413,-348.57369675625034
205.05,302.46610249999935,282.3506974999991,-279.67060479224915,-348.65281190512536
205.1,302.47146249999935,282.3511524999991,-279.76237051962414,-348.73229480337534
205.15,302.47778749999935,282.3525724999991,-279.84759030812415,-348.81057638700037
205.2,302.48424499999936,282.3541249999991,-279.9347959432491,-348.88844118800034
205.25,302.49043499999937,282.3554099999991,-280.02266352724916,-348.9670905210004
205.3,302.49651499999936,282.3565849999991,-280.11158532612416,-349.0457888872504
205.35,302.5024324999994,282.3575974999991,-280.2019290892491,-349.12411950412536
205.4,302.50779499999936,282.35805499999907,-280.29183155312415,-349.2023030212504
205.45,302.51235249999934,282.3577074999991,-280.3799933366241,-349.2807807378753
205.5,302.51738499999936,282.3578349999991,-280.46621830674917,-349.3582042396253
205.55,302.52415999999937,282.3597049999991,-280.5558510877492,-349.4359954907503
205.6,302.5314024999994,282.3620424999991,-280.6419534747492,-349.5143506242503
205.65,302.5375549999994,282.3632899999991,-280.7273939128742,-349.59246059150036
205.7,302.54294749999934,282.3637774999991,-280.8140111489992,-349.6710363746253
205.75,302.5480449999993,282.36396999999914,-280.9001870858742,-349.7495386078753
205.8,302.5527749999993,282.36379499999913,-280.98795660337424,-349.8277711582503
205.85,302.5566199999993,282.36273499999913,-281.0757261208742,-349.90607725850026
205.9,302.5597049999993,282.3609149999991,-281.1648685693742,-349.9843343255003
205.95,302.56309499999935,282.35939999999914,-281.2533245523742,-350.06212557662525
206.0,302.56791999999933,282.3593199999991,-281.3428592668742,-350.14006392750025
206.05,302.57424499999934,282.3607399999991,-281.4345759609992,-350.2198165086253
206.1,302.5804624999993,282.3620524999991,-281.5179324859992,-350.29878455775025
206.15,302.58542999999935,282.3621149999991,-281.60486843824924,-350.37657580887526
206.2,302.58976749999937,282.3615474999991,-281.6990122782492,-350.45765228775025
206.25,302.5941024999994,282.36097749999914,-281.77930422512424,-350.5367429200003
206.3,302.59924499999937,282.36121499999916,-281.86008650449924,-350.6111508768753
206.35,302.60505499999937,282.36211999999915,-281.9525141807492,-350.68825566250024
206.4,302.61066499999936,282.36282499999913,-282.0423185781242,-350.76795921037524
206.45,302.61575249999936,282.3630074999991,-282.1291074306242,-350.8464369270002
206.5,302.6203849999994,282.36273499999913,-282.2162149992492,-350.9241546282502
206.55,302.6246849999994,282.3621299999991,-282.30486711524924,-351.0023626620002
206.6,302.6293374999994,282.36187749999914,-282.3892533384992,-351.0794184143752
206.65,302.63438999999937,282.36202499999916,-282.4761402574992,-351.1561554506252
206.7,302.63847499999935,282.3612049999992,-282.56378719187416,-351.2344125176252
206.75,302.64213999999936,282.3599649999992,-282.6469230672492,-351.3114682700002
206.8,302.64635999999933,282.3592799999992,-282.7357958328742,-351.3892595211252
206.85,302.65081249999935,282.3588274999992,-282.8206478719992,-351.46732045512516
206.9,302.65521999999936,282.3583299999992,-282.9056960441242,-351.5439594248752
206.95,302.65959499999934,282.3577999999992,-282.9926810296242,-351.6213584100002
207.0,302.66436499999935,282.3576649999992,-283.0782930841242,-351.69880642837524
207.05,302.6697349999994,282.3581299999992,-283.1657929187492,-351.7766467127503
207.1,302.67431499999935,282.35780499999925,-283.2529985538742,-351.8553941122502
207.15,302.67724249999935,282.35582749999924,-283.34113582074923,-351.93465636087524
207.2,302.68036499999937,282.35404499999925,-283.4254239774992,-352.0130605276252
207.25,302.6848874999994,282.35366249999925,-283.5097611674992,-352.09077822887525
207.3,302.6905124999994,282.35438249999925,-283.59397577437426,-352.16803011425026
207.35,302.6963199999994,282.35528499999924,-283.67978396187425,-352.24533103287524
207.4,302.7013899999994,282.3554499999992,-283.7660334486243,-352.3235880998753
207.45,302.70585749999935,282.35501249999925,-283.85353328324925,-352.40189420012524
207.5,302.70982499999934,282.3540749999992,-283.94581385974925,-352.48140161500027
207.55,302.71330999999935,282.35265499999923,-284.0335833772493,-352.5603451475003
207.6,302.71666749999935,282.3511074999992,-284.12108321187424,-352.63835704825027
207.65,302.72031999999933,282.3498549999992,-284.2084114301243,-352.7162218492503
207.7,302.7243974999993,282.3490274999992,-284.29831389399925,-352.7947240825003
207.75,302.7284274999993,282.3481524999992,-284.3859117951243,-352.8735695485003
207.8,302.73215749999935,282.3469774999992,-284.4710335171243,-352.95089498375035
207.85,302.73573999999934,282.34565499999917,-284.55934240037425,-353.02898043437534
207.9,302.73941249999933,282.34442249999915,-284.6413750276243,-353.10660006912536
207.95,302.7438724999993,282.34397749999914,-284.7290709952493,-353.1843913202503
208.0,302.74940499999934,282.34460499999915,-284.8184586099993,-353.26402131825034
208.05,302.75505749999934,282.34535249999914,-284.8988486233743,-353.3410770706254
208.1,302.7601299999993,282.3455199999991,-284.9886039874993,-353.4181818562503
208.15,302.7647049999993,282.3451899999991,-285.0797322826243,-353.49768927112535
208.2,302.7693399999993,282.3449199999991,-285.1625739584993,-353.57484309000034
208.25,302.77439499999934,282.3450699999991,-285.25044154249935,-353.6520214255004
208.3,302.77967999999936,282.3454499999991,-285.33647037962436,-353.7305481753754
208.35,302.78507999999937,282.3459449999991,-285.4240927973743,-353.8088542756254
208.4,302.7898199999994,282.34577999999914,-285.5136765451243,-353.8875281252504
208.45,302.7939849999994,282.34503999999913,-285.5960033718743,-353.9614212330004
208.5,302.7981524999994,282.3443024999991,-285.68669036774935,-354.0338188266254
208.55,302.8027449999994,282.3439899999991,-285.7806380747494,-354.1112178117504
208.6,302.8072499999994,282.3435899999991,-285.8670101446244,-354.18940132887536
208.65,302.81090749999936,282.3423424999991,-285.9543628794994,-354.26665321425037
208.7,302.81498999999934,282.3415199999991,-286.0414214148744,-354.3436109001253
208.75,302.8194349999993,282.3410599999991,-286.1310051626244,-354.42150021775035
208.8,302.82300999999933,282.3397299999991,-286.2188727466244,-354.4998798678754
208.85,302.82669499999935,282.33850999999913,-286.30598031524937,-354.57774466887537
208.9,302.83122249999934,282.3381324999991,-286.3954169632494,-354.6567372346254
208.95,302.83562749999936,282.33763249999913,-286.47872445499934,-354.73371943712533
209.0,302.84004749999934,282.3371474999991,-286.56776883699933,-354.81035840687537
209.05,302.84558999999933,282.3377849999991,-286.65774485074934,-354.88966968875036
209.1,302.85180499999933,282.3390949999991,-286.74340593849934,-354.9679757890003
209.15,302.8578399999993,282.34022499999907,-286.83171482174936,-355.04608575625036
209.2,302.8631399999993,282.3406199999991,-286.9170571933743,-355.12350925800035
209.25,302.8677724999993,282.3403474999991,-287.0062241584993,-355.20093275975034
209.3,302.8731499999993,282.3408199999991,-287.0932336606243,-355.2790672436254
209.35,302.87918249999933,282.3419474999991,-287.1787721652493,-355.35602492950034
209.4,302.88571249999933,282.3435724999991,-287.26867462912435,-355.43396328037534
209.45,302.89212499999934,282.3450799999991,-287.35786611087434,-355.51258809675033
209.5,302.89622499999933,282.3442749999991,-287.45110283574934,-355.59314972650037
209.55,302.89846749999936,282.3416124999991,-287.53718070612433,-355.6741036222504
209.6,302.9017449999994,282.3399849999991,-287.62053723112433,-355.75147809075037
209.65,302.9070124999994,282.3403474999991,-287.70889514762433,-355.8287054595004
209.7,302.91267499999935,282.3411049999991,-287.7939923529993,-355.9063741275004
209.75,302.91812999999934,282.3416549999991,-287.8802173231243,-355.9838711791254
209.8,302.9237174999993,282.3423374999991,-287.96590292749937,-356.0616379136254
209.85,302.9286949999993,282.34240999999906,-288.0527653298743,-356.1397969141254
209.9,302.93361749999934,282.3424274999991,-288.14014258137433,-356.2184217305004
209.95,302.9392124999993,282.3431174999991,-288.2279611321243,-356.2969239637504
210.0,302.94420499999933,282.3432049999991,-288.3135731866243,-356.3750339310004
210.05,302.9496399999993,282.3437349999991,-288.3970032614993,-356.45128063475045
210.1,302.9559749999993,282.34516499999916,-288.4839146971243,-356.5277970213754
210.15,302.96167749999927,282.34596249999913,-288.57151259824934,-356.6061521548754
210.2,302.96660999999926,282.3459899999991,-288.6593066323743,-356.6848750377504
210.25,302.97066499999926,282.3451399999991,-288.74864521387434,-356.7637940536254
210.3,302.97363249999927,282.3432024999991,-288.83849864449934,-356.84249241987544
210.35,302.97652249999925,282.34118749999914,-288.9271262438743,-356.9206514203754
210.4,302.98084499999925,282.34060499999913,-289.0144054288743,-356.9980504055004
210.45,302.98606749999925,282.3409224999991,-289.10188074687426,-357.0755229405004
210.5,302.99095249999925,282.3409024999991,-289.1881302336243,-357.1527257926254
210.55,302.9961424999993,282.34118749999914,-289.2742081039993,-357.2294137956254
210.6,303.00240749999926,282.3425474999991,-289.36008984137425,-357.3062979316254
210.65,303.00904749999927,282.3442824999991,-289.4473935429993,-357.38359885025045
210.7,303.01519749999926,282.3455274999991,-289.5364624416243,-357.46126751825045
210.75,303.02114499999925,282.3465699999991,-289.6241829258743,-357.5388381197505
210.8,303.02773499999927,282.3482549999991,-289.71102081162434,-357.6166538875005
210.85,303.03438249999925,282.34999749999906,-289.7990845286243,-357.69510708750045
210.9,303.04019499999924,282.35090499999905,-289.8873198619993,-357.7737809371255
210.95,303.04503249999925,282.35083749999905,-289.97766362512425,-357.85245478675046
211.0,303.04901999999925,282.34991999999903,-290.0686693371243,-357.9322318845005
211.05,303.0533274999992,282.349322499999,-290.1539136422493,-358.0107831510005
211.1,303.0580799999992,282.349169999999,-290.24175670962427,-358.0884518190005
211.15,303.06248749999924,282.348672499999,-290.3284474956243,-358.16619403687554
211.2,303.0666174999992,282.347897499999,-290.41611894662424,-358.2432988225005
211.25,303.07099999999923,282.34737499999903,-290.5049181623743,-358.3203055416255
211.3,303.0766099999992,282.348079999999,-290.5932025289993,-358.3977045267505
211.35,303.0823349999992,282.348899999999,-290.6796726653743,-358.47529964487546
211.4,303.0871324999992,282.348792499999,-290.7674912161243,-358.5530418627505
211.45,303.0927649999992,282.34951999999896,-290.8581046621243,-358.63198539525047
211.5,303.0997449999992,282.35159499999895,-290.9475413101243,-358.7109289277505
211.55,303.1068174999992,282.35376249999894,-291.0368308583743,-358.7892840612505
211.6,303.11389249999917,282.3559324999989,-291.12567910737425,-358.86692821262545
211.65,303.1210674999992,282.3582024999989,-291.2158512541243,-358.94498914662546
211.7,303.12748999999917,282.3597199999989,-291.30379238799924,-359.02334428012546
211.75,303.1332424999992,282.3605674999989,-291.3919296548743,-359.1017239302505
211.8,303.1390424999992,282.36146249999894,-291.4773700929993,-359.1794171148755
211.85,303.14525249999923,282.36276749999894,-291.56491896087425,-359.2561786677505
211.9,303.1519024999992,282.36451249999897,-291.6555324068743,-359.3335286196255
211.95,303.1582124999992,282.36591749999894,-291.7446748553742,-359.4113689040005
212.0,303.1635074999992,282.3663074999989,-291.83523926812427,-359.4897485541255
212.05,303.16797499999916,282.36586999999895,-291.9252888317493,-359.5685204702505
212.1,303.1720624999992,282.36505249999897,-292.01445579687424,-359.6470962533755
212.15,303.17664249999916,282.364727499999,-292.1032795292493,-359.7255494533755
212.2,303.18185249999914,282.365032499999,-292.19092646362424,-359.8035368375005
212.25,303.18700749999914,282.365282499999,-292.2767591677493,-359.8811074390005
212.3,303.19195499999915,282.365324999999,-292.36256735524927,-359.9595851556255
212.35,303.19618249999917,282.364647499999,-292.44803230999923,-360.0383080385005
212.4,303.19996999999915,282.363529999999,-292.5333256483743,-360.1159276732505
212.45,303.2046649999992,282.363319999999,-292.62021256737427,-360.1932285918755
212.5,303.2099774999992,282.363727499999,-292.7094285657493,-360.2712159760005
212.55,303.21489249999917,282.363737499999,-292.79945361274935,-360.3500859586255
212.6,303.21961999999917,282.363559999999,-292.8854334166243,-360.4278281765005
212.65,303.2251474999992,282.364182499999,-292.9724429187493,-360.5044181130005
212.7,303.2307924999992,282.364922499999,-293.0611685846243,-360.58164548175046
212.75,303.2351549999992,282.364379999999,-293.1490852018743,-360.6593631830005
212.8,303.23933749999924,282.363657499999,-293.23533468862433,-360.7369828177505
212.85,303.24482749999925,282.364242499999,-293.3200641446243,-360.81450438600046
212.9,303.25085249999927,282.36536249999904,-293.4058478154993,-360.89229563712547
212.95,303.25633249999925,282.36593749999906,-293.4932005503743,-360.97013592150046
213.0,303.2612274999992,282.3659274999991,-293.5817055666243,-361.04804975575047
213.05,303.26594749999924,282.3657424999991,-293.6693525009993,-361.1259145567505
213.1,303.2705699999992,282.3654599999991,-293.7567787857493,-361.20368129125046
213.15,303.27504249999924,282.3650274999991,-293.8438863543743,-361.2814480257505
213.2,303.27961749999923,282.36469749999907,-293.9326855701243,-361.35977864262543
213.25,303.28371249999924,282.36388749999907,-294.01905763999935,-361.43771699350043
213.3,303.28810499999923,282.36337499999905,-294.1054542264994,-361.5154101781254
213.35,303.2938274999992,282.36419249999904,-294.19253727849934,-361.5932259458754
213.4,303.29951749999924,282.36497749999904,-294.27949774737436,-361.67109074687545
213.45,303.30451749999924,282.36507249999903,-294.36726726487433,-361.74893103125044
213.5,303.30962249999925,282.36527249999904,-294.4560419639993,-361.8274577811255
213.55,303.31468249999926,282.36542749999904,-294.54408116437435,-361.9061806640005
213.6,303.3191799999993,282.36501999999905,-294.6322919811243,-361.9842906312505
213.65,303.3237749999993,282.36470999999904,-294.71773241924933,-362.0613463836255
213.7,303.32979749999924,282.36582749999906,-294.8017263764993,-362.1378137370005
213.75,303.33682249999924,282.36794749999905,-294.8858919501243,-362.2146733563755
213.8,303.34372749999926,282.36994749999906,-294.9692975083743,-362.2903071445005
213.85,303.34948749999927,282.37080249999906,-295.0561599107493,-362.36633319862545
213.9,303.35336749999925,282.36977749999903,-295.1417719652493,-362.44280055200045
213.95,303.3569149999993,282.36841999999905,-295.2278498356243,-362.51885112275045
214.0,303.36162999999925,282.3682299999991,-295.3153987034993,-362.5960294582505
214.05,303.36729999999926,282.3689949999991,-295.4057179499993,-362.6756839728755
214.1,303.37355749999927,282.37034749999907,-295.5005237388743,-362.7582314492505
214.15,303.37997499999926,282.37185999999906,-295.5947411287493,-362.8407789256255
214.2,303.38644749999924,282.3734274999991,-295.68295194549927,-362.9199431077505
214.25,303.3927824999992,282.3748574999991,-295.7674117186243,-362.9966801440005
214.3,303.3988199999992,282.3759899999991,-295.85302377312433,-363.0740300958755
214.35,303.4054174999992,282.3776824999991,-295.9403519913743,-363.1523361961255
214.4,303.4118024999992,282.3791624999991,-296.02741052674935,-363.2306177797505
214.45,303.4168999999992,282.3793549999991,-296.11390517974934,-363.3080657981255
214.5,303.4219124999992,282.37946249999914,-296.19924755137436,-363.3854647832505
214.55,303.4268524999992,282.37949749999916,-296.28694351899935,-363.4637954001255
214.6,303.4307674999992,282.37850749999916,-296.37233492387435,-363.5419053673755
214.65,303.4353149999992,282.37814999999915,-296.45635339774935,-363.6188140200005
214.7,303.4409724999992,282.3789024999991,-296.54569197924934,-363.6964826880005
214.75,303.4469374999992,282.3799624999991,-296.6335350466244,-363.77518105425054
214.8,303.4530124999992,282.3811324999991,-296.7190980678744,-363.85338908800054
214.85,303.4592424999992,282.38245749999913,-296.8053475546244,-363.9311558225005
214.9,303.4653874999992,282.38369749999913,-296.8947596859994,-364.00929030637553
214.95,303.4700774999992,282.3834824999991,-296.9841718173744,-364.0874983401255
215.0,303.4739974999992,282.3824974999991,-297.0725542504994,-364.1653876577505
215.05,303.4777749999992,282.3813699999991,-297.1618683153744,-364.2430808423755
215.1,303.4809049999992,282.3795949999991,-297.2509862472494,-364.32084757687545
215.15,303.4847274999992,282.3785124999991,-297.3367208848744,-364.39795236250046
215.2,303.4894149999992,282.37829499999907,-297.4242207194994,-364.4757190970004
215.25,303.4927449999992,282.37671999999907,-297.5131915516244,-364.55466262950046
215.3,303.49469499999924,282.3737649999991,-297.60010298724944,-364.63262549700045
215.35,303.49824999999925,282.3724149999991,-297.68576407499944,-364.7097302826254
215.4,303.50507749999923,282.37433749999906,-297.7711799964995,-364.7869576513754
215.45,303.51312999999925,282.37748499999907,-297.85897403062444,-364.8646753526254
215.5,303.5195349999993,282.3789849999991,-297.9472338806245,-364.9426382201254
215.55,303.5243099999993,282.3788549999991,-298.0353956641245,-365.0203068881254
215.6,303.52904499999926,282.37868499999905,-298.12534716124946,-365.09885815462536
215.65,303.53460499999926,282.37933999999905,-298.2110817988745,-365.1768700553754
215.7,303.54071499999924,282.3805449999991,-298.29804226774945,-365.25424452387534
215.75,303.54604999999924,282.38097499999907,-298.38912152962445,-365.33409517150034
215.8,303.55003249999925,282.38005249999907,-298.4725270878745,-365.41279353775036
215.85,303.5541624999992,282.3792774999991,-298.56093403762446,-365.4902905893753
215.9,303.55920249999923,282.3794124999991,-298.6496106702495,-365.56776312437535
215.95,303.56462749999923,282.3799324999991,-298.7331142949995,-365.6444511273753
216.0,303.56946749999923,282.3798674999991,-298.8192411986245,-365.72216882862534
216.05,303.5730349999992,282.3785299999991,-298.90728039899955,-365.8006955785004
216.1,303.5761449999992,282.3767349999991,-298.9974035124995,-365.88008041025034
216.15,303.5797999999992,282.37548499999906,-299.08147101962453,-365.95897490950034
216.2,303.5845499999992,282.37532999999905,-299.1687992378745,-366.0373790762503
216.25,303.59036499999917,282.37623999999903,-299.2606385151245,-366.11644519187536
216.3,303.5962124999992,282.37718249999904,-299.34850609912456,-366.19399127675035
216.35,303.6012774999992,282.37734249999903,-299.43446138637455,-366.2704095968753
216.4,303.6065049999992,282.377664999999,-299.52036764037456,-366.34722018300033
216.45,303.6129649999992,282.379219999999,-299.6111281861245,-366.4261882321253
216.5,303.62030749999917,282.381657499999,-299.7012267829995,-366.5061369462503
216.55,303.6268949999992,282.383339999999,-299.78882468412456,-366.5848598291253
216.6,303.6320024999992,282.383542499999,-299.8738973728745,-366.66211171450027
216.65,303.6367024999992,282.383337499999,-299.95879844524956,-366.7388242341253
216.7,303.6413249999992,282.383054999999,-300.04622472999955,-366.81693420137526
216.75,303.6456474999992,282.382472499999,-300.1336755313746,-366.8954854678753
216.8,303.6497249999992,282.38164499999897,-300.22178828162464,-366.9733993021253
216.85,303.6545899999992,282.38160499999896,-300.31002361499964,-367.05143571950026
216.9,303.66027249999917,282.382382499999,-300.3993621964997,-367.1300850525003
216.95,303.66530499999914,282.382509999999,-300.48821044549965,-367.2083176028753
217.0,303.67014499999914,282.382444999999,-300.57534253074965,-367.28618240387533
217.05,303.67486749999915,282.382262499999,-300.6636514139997,-367.36461108725035
217.1,303.6783924999992,282.380882499999,-300.74950863474965,-367.4427700877503
217.15,303.68118999999916,282.378774999999,-300.83470390662467,-367.52009552300035
217.2,303.6850974999992,282.377777499999,-300.9223508409996,-367.5979603240003
217.25,303.6902874999992,282.37806249999903,-301.01070875749963,-367.6770019230003
217.3,303.6947099999992,282.37757999999906,-301.0985518248747,-367.7557493225003
217.35,303.6983774999992,282.37634249999905,-301.1858310098746,-367.83422703912527
217.4,303.70221499999917,282.3752749999991,-301.2756844404996,-367.91351380437527
217.45,303.70586499999916,282.37401999999906,-301.3659056204996,-367.9929231527502
217.5,303.71034999999915,282.37359999999904,-301.4560042173746,-368.0716950688752
217.55,303.71647249999916,282.37481749999904,-301.5461273308746,-368.1504424683752
217.6,303.72280249999915,282.376242499999,-301.6343626642496,-368.22945955075016
217.65,303.72940499999913,282.377939999999,-301.7222547648746,-368.3082559835002
217.7,303.7365249999991,282.380154999999,-301.8118630292496,-368.38695434975017
217.75,303.74274999999915,282.381474999999,-301.8993873804996,-368.4650888336252
217.8,303.74807749999917,282.381897499999,-301.9863968826246,-368.5424387855002
217.85,303.75323999999915,282.382154999999,-302.07458318274956,-368.6194700212502
217.9,303.75852499999917,282.382534999999,-302.16375014787457,-368.6976780550002
217.95,303.7637199999992,282.382824999999,-302.25151966537453,-368.7761802882502
218.0,303.76894999999917,282.383149999999,-302.33860271737456,-368.8539470227502
218.05,303.77477999999917,282.384074999999,-302.4251218869996,-368.9313705245002
218.1,303.78048749999914,282.384877499999,-302.5112242739996,-369.0087204763752
218.15,303.78421749999916,282.383702499999,-302.5988466917496,-369.0872472262502
218.2,303.7864824999992,282.381062499999,-302.68651814274955,-369.1667301245002
218.25,303.78881249999915,282.37848749999904,-302.7725224632496,-369.24564914037524
218.3,303.79203999999913,282.376809999999,-302.8598997147496,-369.32412685700024
218.35,303.7966874999991,282.37655249999904,-302.9468111503746,-369.4025065071252
218.4,303.80124999999913,282.37620999999905,-303.0321290053746,-369.48069002425024
218.45,303.80496249999914,282.37501749999905,-303.11950625687456,-369.5590941910002
218.5,303.8093849999991,282.37453499999907,-303.2071531912496,-369.6374493245002
218.55,303.8145049999991,282.3747499999991,-303.2941872099996,-369.71504444262524
218.6,303.81980499999906,282.3751449999991,-303.3796276481246,-369.7917079290002
218.65,303.8256524999991,282.37608749999913,-303.4655093854996,-369.8682978655002
218.7,303.83212249999906,282.37765249999916,-303.5497485089996,-369.94581943375016
218.75,303.83921499999906,282.37983999999915,-303.6361696121246,-370.02417456725016
218.8,303.8449949999991,282.38071499999916,-303.7250914109996,-370.10262776725017
218.85,303.84940999999907,282.38022499999914,-303.8134983607496,-370.18125258362517
218.9,303.85378249999906,282.3796924999991,-303.9007530291246,-370.2595341672502
218.95,303.8579174999991,282.37892249999913,-303.98746833174954,-370.3380364005002
219.0,303.8613524999991,282.37745249999915,-304.0758752814996,-370.41749478212523
219.05,303.8641674999991,282.37536249999914,-304.1635467324996,-370.49616863175027
219.1,303.8678874999991,282.3741774999991,-304.25092398399954,-370.57391084962524
219.15,303.8728374999991,282.3742224999991,-304.33727153724953,-370.6516040342502
219.2,303.8785374999991,282.3750174999991,-304.4222216428745,-370.7291256025002
219.25,303.8836699999991,282.3752449999991,-304.50940276137453,-370.8066226541252
219.3,303.8879824999991,282.3746524999991,-304.59803036074953,-370.8846345548752
219.35,303.8926649999991,282.3744299999991,-304.6866579601245,-370.9629406551252
219.4,303.89724749999914,282.3741074999991,-304.7729809967495,-371.0404377067502
219.45,303.9020924999991,282.3740474999991,-304.8584949847494,-371.1178366918752
219.5,303.90823499999914,282.3752849999991,-304.94342057374945,-371.19543181000023
219.55,303.91441749999916,282.3765624999991,-305.0285668123745,-371.27287982837527
219.6,303.9202174999992,282.37745749999914,-305.1154782479995,-371.35015623037526
219.65,303.9259924999992,282.37832749999916,-305.2039832642495,-371.42755521550026
219.7,303.9318049999992,282.37923499999914,-305.29268441349944,-371.5051748502502
219.75,303.9379924999992,282.38051749999914,-305.37966939899945,-371.58308868450024
219.8,303.9435924999992,282.38121249999915,-305.4679292489995,-371.6613457515003
219.85,303.9484649999992,282.3811799999992,-305.55638523199946,-371.73925958575023
219.9,303.9530499999992,282.3808599999992,-305.6428798849995,-371.81700180362526
219.95,303.95709999999923,282.3800049999992,-305.7293990546245,-371.89498918775024
220.0,303.96066999999925,282.3786699999992,-305.8159427408745,-371.97265785575024
220.05,303.9644424999993,282.3775374999992,-305.9013096291245,-372.0495665083753
220.1,303.96876999999927,282.3769599999992,-305.9871668498745,-372.1261564448753
220.15,303.9735624999993,282.3768474999992,-306.0734653698745,-372.2029179977503
220.2,303.9786449999993,282.3770249999992,-306.15934710724946,-372.2801943997503
220.25,303.9838299999993,282.3773049999992,-306.24741082424947,-372.35830436700036
220.3,303.98959749999926,282.37816749999917,-306.3363571397495,-372.4366840171254
220.35,303.9951274999993,282.3787924999992,-306.4251808721245,-372.51528431687535
220.4,304.0000349999993,282.3787949999992,-306.5116510084995,-372.5931491178754
220.45,304.0056199999993,282.37947499999916,-306.5973120962495,-372.67059713625036
220.5,304.0120824999993,282.38103249999915,-306.6816247696245,-372.7477019218754
220.55,304.01877749999926,282.3828224999992,-306.7689284712495,-372.8250518737504
220.6,304.02450249999924,282.38364249999916,-306.8587573852495,-372.90362765687536
220.65,304.02949749999925,282.38373249999916,-306.9466004526245,-372.98183569062536
220.7,304.03492249999925,282.38425249999915,-307.0336589879995,-373.0593327422503
220.75,304.04077749999925,282.38520249999914,-307.11922200924954,-373.13626591150035
220.8,304.04611749999924,282.3856374999991,-307.20588827862457,-373.21378747975035
220.85,304.05063999999925,282.3852549999991,-307.29267713112455,-373.2917993805003
220.9,304.05613249999925,282.3858424999991,-307.3788040347496,-373.36902674925034
220.95,304.06252499999925,282.3873299999991,-307.4652741711246,-373.4464992842503
221.0,304.06819999999925,282.3880999999991,-307.5513765581246,-373.5242660187503
221.05,304.0741799999993,282.3891749999991,-307.63627763049965,-373.60134628775035
221.1,304.08037499999926,282.3904649999991,-307.7224535673746,-373.6779852575003
221.15,304.0856599999993,282.3908449999991,-307.8080901384996,-373.7545751940003
221.2,304.0900224999993,282.3903024999991,-307.8944376917496,-373.8319496625003
221.25,304.0945524999993,282.3899274999991,-307.98093234474965,-373.9097654302503
221.3,304.09982999999926,282.3902999999991,-308.0686773456247,-373.9878999141253
221.35,304.1046874999993,282.3902524999991,-308.1581139936246,-374.06635311412526
221.4,304.10966999999926,282.3903299999991,-308.24492736274965,-374.1444875980003
221.45,304.11581749999925,282.3915724999991,-308.3309316832496,-374.2223278823753
221.5,304.12204999999926,282.3928999999991,-308.4183579679996,-374.3007075325003
221.55,304.1276674999993,282.3936124999991,-308.50681395099963,-374.37982268137534
221.6,304.1325324999993,282.3935724999991,-308.5937499032496,-374.4582758813753
221.65,304.1368049999993,282.3929399999991,-308.6801955229996,-374.5362142322503
221.7,304.1422274999993,282.3934574999991,-308.7670088921246,-374.6141770997503
221.75,304.1491474999993,282.39547249999913,-308.8522286806246,-374.6917967345003
221.8,304.1557899999993,282.3972099999991,-308.9373258859996,-374.76887700350034
221.85,304.16120499999926,282.39771999999914,-309.02257019112454,-374.8457611395003
221.9,304.16537249999925,282.3969824999991,-309.10918742724954,-374.9231846412503
221.95,304.16915999999924,282.3958649999991,-309.1977659933745,-375.0015642913753
222.0,304.17415249999925,282.3959524999991,-309.28605035999954,-375.07996845812534
222.05,304.18102749999923,282.39792249999914,-309.37293727899953,-375.1579558422504
222.1,304.18890499999924,282.40089499999914,-309.4595545151245,-375.23582064325035
222.15,304.19658249999924,282.40366749999913,-309.54788791499954,-375.3139306105004
222.2,304.20299999999924,282.4051799999991,-309.6347503173745,-375.39125604575037
222.25,304.20772249999925,282.4049974999991,-309.7227895177495,-375.4685079311254
222.3,304.2118549999993,282.40422499999914,-309.81134356724954,-375.5464217653754
222.35,304.21575999999925,282.40322499999917,-309.8994808341245,-375.62421301650033
222.4,304.21960249999927,282.4021624999992,-309.98786326724957,-375.70195523437536
222.45,304.2242974999993,282.4019524999992,-310.07533858524954,-375.7795993857503
222.5,304.2305049999993,282.4032549999992,-310.1632061692496,-375.8576848363753
222.55,304.23738749999933,282.4052324999992,-310.2508040703746,-375.9364077192503
222.6,304.2433324999993,282.4062724999992,-310.3391865034996,-376.0150080190003
222.65,304.24854749999935,282.4065824999992,-310.4260734224996,-376.0922353877503
222.7,304.2534199999993,282.40654999999924,-310.5132545409996,-376.16970792275026
222.75,304.2569799999993,282.4052049999992,-310.6006808257496,-376.2476953068753
222.8,304.2602724999993,282.4035924999992,-310.68594964749957,-376.3250697753753
222.85,304.26483249999933,282.4032474999992,-310.7714636354995,-376.4024932771253
222.9,304.26971499999934,282.4032249999992,-310.85866927062455,-376.48062776100033
222.95,304.27401499999934,282.4026199999992,-310.9472723533745,-376.5596938766253
223.0,304.27751749999936,282.40121749999923,-311.0369541676245,-376.63878450887535
223.05,304.28125499999936,282.4000499999992,-311.12563080024955,-376.71682092625036
223.1,304.28578999999934,282.39967999999925,-311.2132777346245,-376.7943179778753
223.15,304.29046749999935,282.39945249999926,-311.3005324029995,-376.87196212925033
223.2,304.29498999999936,282.39906999999926,-311.3872231889995,-376.9498269302503
223.25,304.2992799999994,282.3984549999993,-311.4738894583745,-377.02769173125034
223.3,304.3037774999994,282.3980474999993,-311.5610460602495,-377.1056791153754
223.35,304.3082674999994,282.3976324999993,-311.6469032809995,-377.18337230000037
223.4,304.3128999999994,282.3973599999993,-311.7316817702495,-377.2605506355004
223.45,304.3177449999994,282.3972999999993,-311.8169751086245,-377.33738573825036
223.5,304.3225974999994,282.3972474999993,-311.9025626464995,-377.4143434241254
223.55,304.3273524999994,282.3970974999993,-311.9887630999995,-377.4918649923754
223.6,304.3316274999994,282.3964674999993,-312.0742525713745,-377.56916591100037
223.65,304.3360524999994,282.3959874999993,-312.1595459097495,-377.6460990802504
223.7,304.34115499999945,282.3961849999993,-312.24640831212446,-377.7231303160004
223.75,304.34622749999943,282.3963524999993,-312.33395717999946,-377.8001615517504
223.8,304.3511824999994,282.3964024999993,-312.42150604787446,-377.87778118650044
223.85,304.3574249999994,282.39773999999926,-312.50895684924944,-377.9561853532504
223.9,304.36340499999943,282.3988149999993,-312.59474052012445,-378.03419725400045
223.95,304.36723249999943,282.39773749999927,-312.6818480887494,-378.1127730371254
224.0,304.3713824999994,282.39698249999924,-312.7699363223744,-378.19159398650044
224.05,304.3769674999994,282.3976624999992,-312.8577058398744,-378.2698510535005
224.1,304.3817949999994,282.39758499999925,-312.9438817767494,-378.34707842225043
224.15,304.3853299999994,282.39621499999924,-313.0294447979994,-378.42420772450043
224.2,304.38900749999937,282.3949874999992,-313.1181214306244,-378.5031512570004
224.25,304.39241749999934,282.39349249999924,-313.2045915669994,-378.58182510662544
224.3,304.39441249999936,282.39058249999925,-313.29003200512443,-378.65973894087546
224.35,304.39626249999935,282.38752749999924,-313.3762079419994,-378.73713792600046
224.4,304.40042999999935,282.3867899999992,-313.4635361602494,-378.8147575607505
224.45,304.40605999999934,282.3875149999992,-313.5508888951244,-378.89267139500043
224.5,304.41033749999934,282.3868874999992,-313.6355202846244,-378.9695555310004
224.55,304.4130474999993,282.3846924999992,-313.71975940812445,-379.0461454675004
224.6,304.41580999999934,282.3825499999992,-313.8041211147494,-379.1234709027504
224.65,304.42042249999935,282.3822574999992,-313.8893654198744,-379.2009434377504
224.7,304.42729249999934,282.38422249999917,-313.9756149066244,-379.2772146581254
224.75,304.43532999999934,282.38735499999916,-314.0622321427494,-379.3536820115004
224.8,304.44325499999934,282.39037499999915,-314.14791774712444,-379.4313261628754
224.85,304.44979999999936,282.39201499999916,-314.2340691673744,-379.5098529127504
224.9,304.4555524999994,282.3928624999992,-314.32205933449944,-379.5883796626254
224.95,304.46128249999936,282.3936874999992,-314.41017208474943,-379.6660973638754
225.0,304.46659499999936,282.3940949999992,-314.49818676849947,-379.7436924820004
225.05,304.47109999999935,282.3936949999992,-314.5830633242495,-379.82047855150046
225.1,304.47434999999933,282.3920399999992,-314.6679153633745,-379.89697042150044
225.15,304.4785649999993,282.3913499999992,-314.7548022823745,-379.97436940662544
225.2,304.4840199999993,282.39189999999917,-314.84178726787445,-380.0526264736254
225.25,304.4886349999993,282.39160999999916,-314.92921355262445,-380.1304422413754
225.3,304.4934974999993,282.39156749999916,-315.0162475713745,-380.2079638096254
225.35,304.49916249999933,282.39232749999917,-315.10509582037446,-380.2865886260004
225.4,304.50404499999934,282.39230499999917,-315.1926937214995,-380.36484569300046
225.45,304.50807249999934,282.39142749999917,-315.28058582212446,-380.44229371137544
225.5,304.51359999999937,282.3920499999992,-315.36963020412446,-380.5200114126255
225.55,304.5209599999994,282.3945049999992,-315.4574242382495,-380.5971161982505
225.6,304.52861999999936,282.39725999999916,-315.5444092237494,-380.67363258487546
225.65,304.5359974999994,282.3997324999992,-315.63181099187443,-380.7515219025005
225.7,304.54246999999935,282.4012999999992,-315.7189430771244,-380.82995058587545
225.75,304.54839749999934,282.4023224999992,-315.8068596943744,-380.9079624866255
225.8,304.55419749999936,282.4032174999992,-315.8942124292494,-380.9852143720005
225.85,304.55879249999936,282.4029074999992,-315.9803883661244,-381.06158365887546
225.9,304.56271499999934,282.40192499999915,-316.0670791521244,-381.1384923115005
225.95,304.56738999999936,282.40169499999917,-316.1531815391244,-381.21596484650047
226.0,304.57207249999936,282.40147249999916,-316.2388916601244,-381.2929225323755
226.05,304.57736249999937,282.40185749999915,-316.3243811314994,-381.3699782847505
226.1,304.58367749999934,282.4032674999992,-316.4119545159994,-381.4482353517505
226.15,304.58924999999937,282.4039349999992,-316.4994788672494,-381.5268111348755
226.2,304.5943099999994,282.4040899999992,-316.5865374026244,-381.60501916862546
226.25,304.5997699999994,282.4046449999992,-316.67455208637443,-381.6830310693755
226.3,304.6049674999994,282.4049374999992,-316.76214998749947,-381.7603565046255
226.35,304.6089324999994,282.4039974999992,-316.84827689112444,-381.8369709577505
226.4,304.6125574999994,282.4027174999992,-316.93457541112446,-381.9137079940005
226.45,304.6164099999994,282.4016649999992,-317.0213152303744,-381.99078826300047
226.5,304.6204924999994,282.40084249999916,-317.1079814997494,-382.0679911151255
226.55,304.6255624999994,282.40100749999914,-317.19506455174945,-382.1450468675005
226.6,304.63130749999937,282.4018474999991,-317.28168178787445,-382.2219064868755
226.65,304.63684499999937,282.4024799999991,-317.3676615917495,-382.2989132060005
226.7,304.64166249999937,282.4023924999991,-317.45525949287446,-382.3763121911255
226.75,304.64485999999937,282.4006849999991,-317.5452845398745,-382.4555989563755
226.8,304.6470999999994,282.3980199999991,-317.63937934662454,-382.53836708237554
226.85,304.6505999999994,282.39661499999914,-317.7326405881245,-382.6214294078755
226.9,304.65540249999935,282.3965124999991,-317.82536246387457,-382.7035355850005
226.95,304.66110249999934,282.3973074999991,-317.91693205824953,-382.7851759462505
227.0,304.66657499999934,282.3978749999991,-318.00820745312456,-382.8653698266255
227.05,304.6702549999993,282.3966499999991,-318.10495005537456,-382.94794181962556
227.1,304.6729199999993,282.39440999999914,-318.19416605374954,-383.0300725133755
227.15,304.6753199999993,282.39190499999916,-318.2818865379996,-383.1091141123755
227.2,304.6761499999993,282.38782999999916,-318.37843300724955,-383.1927648368755
227.25,304.6766224999993,282.38339749999915,-318.4665702741246,-383.2768323440005
227.3,304.6780474999993,282.3799174999991,-318.54941194999964,-383.35415777925056
227.35,304.67963749999933,282.37660249999914,-318.6508127109996,-383.43459682587553
227.4,304.6821924999993,282.37425249999916,-318.77486683349963,-383.52761290112556
227.45,304.6854499999993,282.37260499999917,-318.9010784189996,-383.6284007465005
227.5,304.6879799999993,282.3702299999992,-319.0066960394996,-383.72416268375054
227.55,304.6896424999993,282.3669874999992,-319.09875596637465,-383.80982377150053
227.6,304.6913324999993,282.3637724999992,-319.2034909883746,-383.8955093758755
227.65,304.6927749999993,282.3603099999992,-319.3267360622496,-383.9906338808755
227.7,304.6934574999993,282.35608749999915,-319.4516972998746,-384.0926965907505
227.75,304.6938849999993,282.35160999999914,-319.5618995292496,-384.19461220087555
227.8,304.6942924999993,282.3471124999991,-319.65570013649966,-384.2911831867506
227.85,304.6939549999993,282.3418699999991,-319.7433470708746,-384.37949207000054
227.9,304.69280999999927,282.3358199999991,-319.83695154512463,-384.46243181237554
227.95,304.6909124999993,282.3290174999991,-319.9447756618746,-384.54809290012554
228.0,304.6884574999993,282.3216574999991,-320.05804246937464,-384.6402999267506
228.05,304.6866999999993,282.3149949999991,-320.15824191574967,-384.73326696875057
228.1,304.6853449999993,282.3087349999991,-320.2551316177496,-384.82248296712555
228.15,304.6827649999993,282.30124999999913,-320.36018535587465,-384.9120912315006
228.2,304.67899249999925,282.29257249999915,-320.4637680964996,-385.0033175931256
228.25,304.67534499999925,282.28401999999915,-320.5728425611247,-385.0950097706256
228.3,304.6718899999993,282.27565999999916,-320.6932191898747,-385.1902568587506
228.35,304.66822999999926,282.2670949999992,-320.8070743963747,-385.28712204412557
228.4,304.66372749999925,282.2576874999992,-320.9042337812497,-385.37682837500057
228.45,304.65820999999926,282.2472649999992,-321.0035506291246,-385.46065071587554
228.5,304.65275999999926,282.23690999999917,-321.10956051562465,-385.54734150187556
228.55,304.64674999999926,282.22599499999916,-321.21059352724967,-385.6371704158756
228.6,304.63901249999924,282.2133524999992,-321.3193983089996,-385.7290342097505
228.65,304.63230749999923,282.20174249999917,-321.43408708074963,-385.82452646412554
228.7,304.62849249999925,282.1930224999992,-321.5388956526246,-385.9184741711255
228.75,304.62550749999923,282.1851324999992,-321.64377777437466,-386.00786178587555
228.8,304.62351749999925,282.1782374999992,-321.7485863462497,-386.09783779962555
228.85,304.6235524999993,282.17336749999924,-321.84572121449963,-386.18879447837554
228.9,304.6255099999993,282.17041999999924,-321.95003945387464,-386.2801924563756
228.95,304.63001999999926,282.1700249999992,-322.0579861537496,-386.3743608130005
229.0,304.6380249999993,282.17312499999923,-322.1568617023746,-386.46808787037554
229.05,304.6511674999993,282.18136249999924,-322.26017476012464,-386.55990263100057
229.1,304.6708224999993,282.19611249999923,-322.3671653116246,-386.65414453750054
229.15,304.6953099999993,282.21569499999924,-322.4711893514996,-386.7484845105006
229.2,304.72135499999933,282.23683499999925,-322.5811709312496,-386.84029927112556
229.25,304.74814499999934,282.25871999999924,-322.6862737026246,-386.9330701801256
229.3,304.77697999999936,282.28264999999925,-322.7813491743746,-387.0252281735006
229.35,304.80971999999934,282.31048499999923,-322.88498094824956,-387.11647905175056
229.4,304.84817249999935,282.34403249999923,-322.99148116724956,-387.2097402932506
229.45,304.8922699999993,282.38322499999924,-323.0920238463745,-387.30280540175056
229.5,304.9403849999993,282.42643499999923,-323.19572917012454,-387.3966550422506
229.55,304.9907724999993,282.4719174999992,-323.3044113687496,-387.4934957110006
229.6,305.0421724999993,282.5184124999992,-323.41093610437457,-387.5910718785006
229.65,305.09580999999935,282.56714499999924,-323.51216524899957,-387.6872260817506
229.7,305.1535774999993,282.62000749999925,-323.61589508937453,-387.78438546662557
229.75,305.2203049999993,282.68182999999925,-323.71555516999956,-387.8836287646256
229.8,305.29883999999936,282.7554599999993,-323.8143571687496,-387.9816707480006
229.85,305.3836424999993,282.83535749999925,-323.9147772647496,-388.07909981575057
229.9,305.4754799999993,282.9222899999993,-324.0122063324996,-388.1780489142506
229.95,305.5842549999993,283.02615999999927,-324.1097824999996,-388.27895934275057
230.0,305.71067999999934,283.1476799999993,-324.2053237876246,-388.38072785312556
230.05,305.85203749999937,283.2841324999993,-324.3036599704996,-388.4842860771256
230.1,306.0137199999993,283.44090999999923,-324.3992257747496,-388.58821205050054
230.15,306.19529999999935,283.6175849999993,-324.49628709312464,-388.69142704175056
230.2,306.3929749999993,283.8103549999992,-324.5933484114996,-388.7960394806255
230.25,306.60774499999934,284.02021999999926,-324.68857098299964,-388.8988131726255
230.3,306.8328424999994,284.2404124999993,-324.78568133462466,-388.99798292075053
230.35,307.06264749999934,284.46531249999924,-324.88031550712464,-389.0955100550005
230.4,307.2975924999994,284.6953524999993,-324.97377288162465,-389.1935520383755
230.45,307.5351299999993,284.9279849999992,-325.0717167984996,-389.2949282827505
230.5,307.7750549999993,285.16300499999926,-325.17409822449963,-389.3961574273755
230.55,308.0157574999994,285.3988024999993,-325.27287570662463,-389.4945181268755
230.6,308.2525099999993,285.6306499999992,-325.3762868308746,-389.59383497475045
230.65,308.48651749999937,285.8597524999993,-325.48190445137465,-389.69148469212547
230.7,308.7135199999993,286.0818499999992,-325.59004728424964,-389.78722211275044
230.75,308.92431499999935,286.28773999999925,-325.69863141637467,-389.88153756912544
230.8,309.1165599999994,286.4750799999993,-325.8096672109997,-389.97050840125047
230.85,309.2850324999994,286.63864749999925,-325.92293401849963,-390.05786113612544
230.9,309.4253449999994,286.7740549999993,-326.03436207912466,-390.14263962537547
230.95,309.5356474999994,286.8794524999993,-326.15145348012464,-390.2273445647504
231.0,309.61492499999946,286.9538249999993,-326.2720262418747,-390.31344695175045
231.05,309.6623924999995,286.99638749999934,-326.39576164824973,-390.3990099730005
231.1,309.6776524999995,287.00674249999935,-326.50944523837467,-390.48457299425047
231.15,309.66566499999954,286.98984999999936,-326.6053052421247,-390.5662869053755
231.2,309.63458249999957,286.9538624999994,-326.69184892837467,-390.64390654012544
231.25,309.59239499999956,286.90676999999937,-326.77655386774967,-390.71981001112545
231.3,309.54467249999954,286.85414249999934,-326.8614794567497,-390.79762577887544
231.35,309.4922624999995,286.7968274999994,-326.9409378383747,-390.8822816850004
231.4,309.4540124999995,286.75367249999937,-327.01362963149967,-390.98284888075045
231.45,309.45657249999954,286.7513274999994,-327.0960054914996,-391.1016809621254
231.5,309.50476499999957,286.7946149999994,-327.1893893161246,-391.2272060821254
231.55,309.60389499999957,286.8888399999994,-327.27252519149965,-391.3457194473754
231.6,309.76108249999953,287.04112249999935,-327.3346993524996,-391.4608004851254
231.65,309.9793124999996,287.2544474999994,-327.3953289661246,-391.58843403487543
231.7,310.2715049999995,287.5417349999993,-327.4701046723746,-391.7275168485004
231.75,310.64095249999957,287.90627749999936,-327.5391925216246,-391.8616718205004
231.8,311.0750349999997,288.33545499999946,-327.59974858537464,-391.99018796875043
231.85,311.5650074999995,288.8205224999993,-327.66525700737463,-392.1171840862504
231.9,312.10177499999963,289.3523849999994,-327.7314518948746,-392.24182660775045
231.95,312.68229249999945,289.9279974999992,-327.79409187174963,-392.3674252776254
232.0,313.3055949999996,290.54639499999934,-327.85440276924965,-392.49233748200044
232.05,313.96758749999975,291.2034824999995,-327.9052012162497,-392.61148827950046
232.1,314.6647049999995,291.89569499999925,-327.9464872127497,-392.72262214062545
232.15,315.38830749999966,292.61439249999944,-327.9929462171247,-392.8313288558755
232.2,316.1265399999994,293.3477199999992,-328.0485008893747,-392.93765745850044
232.25,316.8681224999996,294.08439749999934,-328.1025355308747,-393.03354197887546
232.3,317.60357249999976,294.8149424999995,-328.1545352924997,-393.12069858075046
232.35,318.3270099999995,295.53347499999927,-328.2072950694997,-393.20273120800044
232.4,319.02872749999966,296.2302874999994,-328.2611826112497,-393.2770656150005
232.45,319.6942824999994,296.89093749999915,-328.3154624189997,-393.33759716212546
232.5,320.30776749999956,297.4995174999993,-328.3749397512497,-393.3845955322505
232.55,320.84703499999966,298.0338799999994,-328.4346377331247,-393.4171536102505
232.6,321.30259749999954,298.48453749999925,-328.4828374178747,-393.43892437325053
232.65,321.6836624999996,298.86069749999933,-328.5316255016247,-393.46314679875053
232.7,322.0017474999995,299.1738774999992,-328.5823013654997,-393.4870014748755
232.75,322.26335249999954,299.4305774999993,-328.6188066201247,-393.50563410987553
232.8,322.47452749999957,299.63684749999936,-328.6384444367497,-393.5200008521255
232.85,322.64276999999953,299.8001849999993,-328.6518305139997,-393.53174431550053
232.9,322.7739874999996,299.92649749999936,-328.6635494607497,-393.54417424437554
232.95,322.87865249999953,300.0262574999993,-328.6730864278747,-393.55677578962553
233.0,322.96849749999956,300.1111974999993,-328.68343244362467,-393.5706031661255
233.05,323.04533999999956,300.1831349999993,-328.69620560524965,-393.5861957396255
233.1,323.10547999999955,300.2383699999993,-328.71103816337467,-393.6030386610005
233.15,323.14778499999954,300.2757699999993,-328.7285675502497,-393.62431909150047
233.2,323.1773824999995,300.3004624999993,-328.7493821648747,-393.65111576262547
233.25,323.2012999999995,300.31947499999933,-328.77394782312473,-393.6826196257505
233.3,323.2230474999995,300.3363174999993,-328.80363745599976,-393.7196397295005
233.35,323.2431474999995,300.35151249999933,-328.83854912999976,-393.7607786262505
233.4,323.26148499999954,300.36494499999935,-328.8746376019998,-393.8022852723755
233.45,323.27780749999954,300.37636249999935,-328.91099575687474,-393.8432525527505
233.5,323.29221999999953,300.38586999999933,-328.94759907799977,-393.88365595075055
233.55,323.30505249999953,300.3937974999993,-328.98184880312476,-393.92305416712554
233.6,323.31630749999954,300.4001474999993,-329.0147010806248,-393.9619620510005
233.65,323.3265799999995,300.4055149999993,-329.0475288414998,-394.0007718683755
233.7,323.3354749999995,300.4095049999993,-329.0829063313748,-394.0422785145005
233.75,323.3440849999995,300.4132099999993,-329.1321357143748,-394.0944253758755
233.8,323.3541424999995,300.4183624999993,-329.2016893794998,-394.16118414575055
233.85,323.3632049999995,300.42251999999934,-329.2892627639998,-394.2410838266255
233.9,323.3693974999995,300.4238074999993,-329.3863976322498,-394.3283630116255
233.95,323.3740324999995,300.4235374999993,-329.47698656162476,-394.41225890237547
234.0,323.3787874999995,300.4233874999993,-329.5625495828748,-394.4919134170005
234.05,323.3846824999995,300.4243774999993,-329.64676418974983,-394.57110211575053
234.1,323.39106499999946,300.42585499999933,-329.7324988273748,-394.6504133976255
234.15,323.3974924999995,300.42737749999935,-329.8206606108748,-394.73050921150053
234.2,323.4033824999995,300.42836249999937,-329.9063216986248,-394.8112424576255
234.25,323.4081874999995,300.4282624999994,-329.98977629012484,-394.89124020500054
234.3,323.4126449999995,300.4278149999994,-330.07217666674984,-394.96998760450055
234.35,323.4166899999995,300.4269549999994,-330.1560480408748,-395.0484653211255
234.4,323.42019249999953,300.4255524999994,-330.2393555326248,-395.1267469047505
234.45,323.42398749999955,300.42444249999943,-330.3227120576248,-395.2054452710005
234.5,323.42841749999957,300.42396749999943,-330.40695118112484,-395.2847320362505
234.55,323.43317499999955,300.4238199999994,-330.49158257062487,-395.3645581672505
234.6,323.43842249999955,300.4241624999994,-330.57692494224983,-395.44499721387547
234.65,323.44433749999956,300.4251724999994,-330.66216924737483,-395.5248968947505
234.7,323.4499624999996,300.4258924999994,-330.7471683862498,-395.60386494387546
234.75,323.4547699999996,300.4257949999994,-330.83366303924987,-395.68302912600046
234.8,323.4597824999996,300.42590249999944,-330.9205989914999,-395.76231589125047
234.85,323.4657549999996,300.4269699999994,-331.00635814574986,-395.84148007337546
234.9,323.47222749999963,300.42853749999944,-331.09079340224986,-395.92076683862547
234.95,323.4784249999996,300.4298299999994,-331.17444412674985,-396.00012715375044
235.0,323.4832524999996,300.42975249999944,-331.25966391524986,-396.07970811850043
235.05,323.4869874999996,300.42858249999944,-331.3456192024999,-396.15892133387547
235.1,323.4907924999996,300.4274824999994,-331.4303486584999,-396.2376687333754
235.15,323.4950924999996,300.4268774999994,-331.5139258331249,-396.31636709962544
235.2,323.5002099999996,300.4270899999994,-331.5973559079999,-396.39526159887544
235.25,323.5059674999996,300.4279424999994,-331.6828453793749,-396.4752838628755
235.3,323.5112624999996,300.4283324999994,-331.76867808349994,-396.5556003263755
235.35,323.51503249999956,300.4271974999994,-331.8542901379999,-396.63552452387546
235.4,323.5182199999996,300.4254799999994,-331.9395099264999,-396.7149829055005
235.45,323.5219699999996,300.42432499999944,-332.0226458018749,-396.79373030500045
235.5,323.5260999999996,300.42354999999947,-332.10629652637493,-396.87257577100047
235.55,323.53067749999957,300.42322249999944,-332.1898001511249,-396.95107800425046
235.6,323.53606249999956,300.4237024999994,-332.2738186249999,-397.02943313775046
235.65,323.54202999999956,300.4247649999994,-332.35935712962487,-397.1080824707505
235.7,323.5480524999995,300.42588249999943,-332.44386593599984,-397.18682987025045
235.75,323.55360749999954,300.42653249999944,-332.52893862474986,-397.2665579347505
235.8,323.5591774999995,300.42719749999947,-332.61484487874986,-397.3467518151255
235.85,323.56502749999953,300.42814249999947,-332.69996660074986,-397.42657794612546
235.9,323.57089749999955,300.4291074999995,-332.7858483381249,-397.5063305272505
235.95,323.5775499999995,300.4308549999995,-332.8704306943749,-397.58556825925046
236.0,323.5843024999995,300.4327024999995,-332.9555769329999,-397.66485502450047
236.05,323.5896649999995,300.4331599999995,-333.0416548033749,-397.7440927565005
236.1,323.59433749999954,300.4329274999995,-333.1265313591249,-397.82266853962545
236.15,323.5996149999995,300.4332999999995,-333.2113098483749,-397.90129335600045
236.2,323.6056749999995,300.4344549999995,-333.2957205882499,-397.98045753812545
236.25,323.6125874999995,300.4364624999995,-333.3809648933749,-398.06025915250046
236.3,323.6193674999995,300.4383374999995,-333.4664543647499,-398.1397420507505
236.35,323.6252274999995,300.43929249999945,-333.5518457696249,-398.2182442840005
236.4,323.63119999999947,300.44035999999943,-333.6376049238749,-398.2967220006255
236.45,323.63762499999945,300.44187999999946,-333.72306987862487,-398.37527326712546
236.5,323.64343999999943,300.44278999999943,-333.80792191774987,-398.45377550037546
236.55,323.6485974999994,300.4430424999994,-333.89412237124986,-398.53357711475047
236.6,323.6532674999994,300.44280749999945,-333.98061702424985,-398.6136729286254
236.65,323.6577649999994,300.44239999999945,-334.06586132937485,-398.6929842105004
236.7,323.6622899999994,300.44201999999945,-334.1511791843748,-398.7721974258754
236.75,323.6663974999994,300.44122249999947,-334.23585960712484,-398.8506996591254
236.8,323.6704324999994,300.44035249999945,-334.31921613212484,-398.9282212273754
236.85,323.6743524999994,300.43936749999943,-334.4034307389998,-399.00613506162534
236.9,323.6787624999994,300.43887249999943,-334.48776792899986,-399.0846618115004
236.95,323.68428249999937,300.4394874999994,-334.5708057378748,-399.1631395281253
237.0,323.69081999999935,300.44111999999944,-334.6533532142498,-399.24171531125035
237.05,323.69759999999934,300.4429949999994,-334.7360477903748,-399.32034012762534
237.1,323.7043649999993,300.44485499999945,-334.8217824279998,-399.3994797931253
237.15,323.7107999999993,300.44638499999945,-334.9075415822498,-399.4786194586253
237.2,323.71648999999934,300.44716999999946,-334.99369300249975,-399.55800429037527
237.25,323.72140249999933,300.44717749999944,-335.0799179726248,-399.6378794546253
237.3,323.72581249999934,300.44668249999944,-335.1630783646248,-399.71684750375033
237.35,323.7313999999993,300.4473649999994,-335.2466555392498,-399.7952026372503
237.4,323.73848499999934,300.44954499999943,-335.3305514299998,-399.8737048705003
237.45,323.74518499999937,300.45133999999945,-335.4144718373748,-399.9526238863753
237.5,323.75070999999934,300.4519599999995,-335.4987845107498,-400.0319351682503
237.55,323.75595999999933,300.45230499999946,-335.5830236342498,-400.1113690332503
237.6,323.76122249999935,300.45266249999946,-335.6672137244998,-400.1908274148753
237.65,323.7664549999993,300.4529899999995,-335.7518451139998,-400.2704083796253
237.7,323.7727149999993,300.4543449999995,-335.83667263649977,-400.34991579450025
237.75,323.7802224999993,300.4569474999995,-335.92152467562477,-400.4291044932503
237.8,323.7872924999993,300.4591124999995,-336.00679349737476,-400.5084648083753
237.85,323.7929299999993,300.4598449999995,-336.09044422187475,-400.5874573741253
237.9,323.7979199999993,300.45992999999953,-336.17259943224974,-400.6657389577503
237.95,323.8029399999993,300.4600449999995,-336.2566914559997,-400.7449766897503
238.0,323.8082249999993,300.46042499999953,-336.3407344464997,-400.8243615215003
238.05,323.8139849999993,300.46127999999953,-336.4236741888747,-400.9028147215003
238.1,323.81938499999933,300.46177499999953,-336.5068100642497,-400.9809001721253
238.15,323.82399999999933,300.4614849999995,-336.5902401391247,-401.0588385230003
238.2,323.82789249999934,300.4604724999995,-336.6743076462497,-401.13714462325026
238.25,323.83103499999936,300.45870999999954,-336.7581790203747,-401.2155733066253
238.3,323.83469249999933,300.45746249999956,-336.84305557612475,-401.2945413557503
238.35,323.83944499999933,300.45730999999955,-336.9283734311247,-401.3741958703753
238.4,323.8446049999993,300.45756499999953,-337.01236738837474,-401.4533600525003
238.45,323.8499699999993,300.4580249999995,-337.09628779574973,-401.53208293537523
238.5,323.8554799999993,300.4586299999995,-337.17998755349976,-401.6107322683753
238.55,323.8609574999993,300.4592024999995,-337.26388344424976,-401.68935708475027
238.6,323.8663974999993,300.4597374999995,-337.3496425984997,-401.76761415175025
238.65,323.8715074999993,300.4599424999995,-337.43481335374975,-401.84567508575026
238.7,323.87570749999935,300.4592374999995,-337.51885634424974,-401.92459410162525
238.75,323.87964999999934,300.4582749999995,-337.60297288462476,-402.00390538350024
238.8,323.88405749999936,300.4577774999995,-337.6866236091248,-402.0830940822503
238.85,323.88926499999934,300.4580799999995,-337.7703233668748,-402.1622582643753
238.9,323.89542249999937,300.4593324999995,-337.8538515082498,-402.2414469631253
238.95,323.90222249999937,300.4612274999995,-337.9375757826248,-402.3208808281253
239.0,323.90820999999937,300.4623099999995,-338.0224768549998,-402.39997146037535
239.05,323.91208999999935,300.46128499999946,-338.1081134261248,-402.4784982102504
239.1,323.91543999999936,300.45972999999947,-338.1946816289998,-402.55758884250037
239.15,323.9194649999994,300.4588499999995,-338.2821814636248,-402.6379053060004
239.2,323.92386249999936,300.45834249999945,-338.36781803474975,-402.71807466975037
239.25,323.92844249999933,300.45801749999947,-338.4520571582498,-402.7973369183754
239.3,323.9320474999993,300.45671749999946,-338.5359040157498,-402.8761823843754
239.35,323.9353374999993,300.45510249999944,-338.6194076404998,-402.95490526725035
239.4,323.9395574999993,300.45441749999947,-338.7031809481248,-403.03353008362535
239.45,323.9442724999993,300.4542274999995,-338.7876407212498,-403.1119587670003
239.5,323.9490674999993,300.4541174999995,-338.8728850263748,-403.1903139005003
239.55,323.95461249999926,300.45475749999946,-338.95827643124977,-403.26896323350036
239.6,323.96099499999923,300.4562349999995,-339.04415816862473,-403.34842161512535
239.65,323.96675249999925,300.4570874999995,-339.12940247374974,-403.4280516131254
239.7,323.97244999999924,300.4578799999995,-339.2158971267497,-403.50792677737536
239.75,323.9783999999992,300.45892499999945,-339.30268597924976,-403.5879980746254
239.8,323.98365999999925,300.45927999999947,-339.38795480099975,-403.6673583897504
239.85,323.9886924999992,300.4594074999995,-339.4746210703747,-403.74632643887537
239.9,323.9933399999992,300.4591499999995,-339.56160605587473,-403.8250002885004
239.95,323.9974349999992,300.4583399999995,-339.64726714362473,-403.9033799386254
240.0,324.0016099999992,300.45760999999953,-339.73356566362474,-403.98244605425043
240.05,324.0064249999992,300.45751999999953,-339.8207467821248,-404.06207605225046
240.1,324.0119424999992,300.4581324999995,-339.90623625349974,-404.1412157177504
240.15,324.0178599999992,300.4591449999995,-339.9905734434998,-404.2203798998754
240.2,324.0233724999992,300.4597524999995,-340.07579323199974,-404.2996911817504
240.25,324.0291049999992,300.46057999999954,-340.16272918424977,-404.3787327807504
240.3,324.0359999999992,300.4625699999995,-340.2507683846248,-404.45779889637544
240.35,324.0431149999992,300.4647799999995,-340.3366991552498,-404.5364972626254
240.4,324.0497274999992,300.4664874999995,-340.4205460127498,-404.6149994958754
240.45,324.0556999999992,300.4675549999995,-340.5040741541248,-404.69333011275035
240.5,324.0616624999992,300.4686124999995,-340.58745519574984,-404.7709252308754
240.55,324.0685299999992,300.4705749999995,-340.67257691774984,-404.8492558477504
240.6,324.0755849999992,300.47272499999946,-340.7574779901248,-404.92846906312536
240.65,324.0804549999992,300.47268999999943,-340.84127581437485,-405.0075351787504
240.7,324.0830874999992,300.4704174999994,-340.9258336539998,-405.08682194400035
240.75,324.0851124999992,300.4675374999994,-341.01071020974985,-405.16647645862537
240.8,324.08721249999917,300.4647324999994,-341.0958564483749,-405.2460819400004
240.85,324.0903599999992,300.4629749999994,-341.18110075349983,-405.32546677175037
240.9,324.0950424999992,300.4627524999994,-341.2648985777499,-405.4042632045004
240.95,324.0999299999992,300.4627349999994,-341.34737250424985,-405.4821525221254
241.0,324.10416749999916,300.46206749999936,-341.4313419448749,-405.5601889395004
241.05,324.10844749999916,300.46144249999935,-341.5163165671249,-405.6387402060004
241.1,324.11400749999916,300.46209749999935,-341.6019776548749,-405.7180514878754
241.15,324.12043249999914,300.4636174999994,-341.6888400572499,-405.79858860100046
241.2,324.1269724999991,300.4652524999994,-341.77538374349984,-405.87929733050044
241.25,324.1335224999991,300.4668974999994,-341.8613635473749,-405.9592950778755
241.3,324.1391374999991,300.4676074999994,-341.9468285021249,-406.0386063597505
241.35,324.1440374999991,300.46760249999943,-342.03244055662486,-406.11752537562546
241.4,324.1492199999991,300.4678799999994,-342.11837132724986,-406.19627277512546
241.45,324.1543649999991,300.46811999999943,-342.20256141749985,-406.2747504917504
241.5,324.1593599999991,300.46820999999943,-342.2859424591249,-406.3536204743754
241.55,324.1643624999991,300.4683074999994,-342.3698383498749,-406.4332014391254
241.6,324.1689049999991,300.4679449999994,-342.45314584162486,-406.5125372376254
241.65,324.17323499999907,300.4673699999994,-342.5373849651249,-406.5915052867504
241.7,324.17817499999904,300.4674049999994,-342.62206538787484,-406.6703017195004
241.75,324.18185749999907,300.46618249999943,-342.7068193604999,-406.7490000857504
241.8,324.18447999999904,300.46389999999946,-342.7919165658749,-406.82784555175044
241.85,324.18929999999904,300.46381499999944,-342.87681763824986,-406.9065439180004
241.9,324.195472499999,300.4650824999994,-342.9629445418749,-406.9859777830004
241.95,324.20039999999904,300.4651049999994,-343.05022372687483,-407.0671032951254
242.0,324.20466999999906,300.46446999999944,-343.13492866624983,-407.1476158916254
242.05,324.2102449999991,300.46513999999945,-343.21828519124983,-407.2269762067504
242.1,324.2161224999991,300.46611249999944,-343.30367659612483,-407.30653265487535
242.15,324.2214474999991,300.46653249999946,-343.38892090124983,-407.38552522062537
242.2,324.2264674999991,300.46664749999945,-343.4730864748748,-407.46314485537533
242.25,324.23116249999913,300.4664374999995,-343.5570313988748,-407.54012705787534
242.3,324.2352624999991,300.46563249999946,-343.64303571937484,-407.61858025787535
242.35,324.23860999999914,300.46407499999947,-343.7292852061248,-407.6986515551253
242.4,324.2414799999991,300.4620399999995,-343.81484822737485,-407.7795319010003
242.45,324.2447924999991,300.4604474999995,-343.9023725786248,-407.8613438786253
242.5,324.2490924999991,300.45984249999947,-343.9898969298748,-407.9428861733753
242.55,324.2538849999991,300.45972999999947,-344.07577866724984,-408.02261423787536
242.6,324.25772499999914,300.4586649999995,-344.1593558418748,-408.0995964403753
242.65,324.26147499999917,300.4575099999995,-344.2386671237498,-408.17476441262534
242.7,324.26746499999916,300.4585949999995,-344.31876293762474,-408.2514769322503
242.75,324.2744349999992,300.4606599999995,-344.40354142687477,-408.33066563100033
242.8,324.2796349999992,300.4609549999995,-344.4901831796248,-408.4106633783754
242.85,324.2841724999992,300.4605874999995,-344.57542748474975,-408.48965594412533
242.9,324.2918274999992,300.4633374999995,-344.6559645978748,-408.56651556350033
242.95,324.2998524999992,300.46645749999954,-344.73574169562477,-408.6424190345003
243.0,324.3055249999992,300.46722499999953,-344.8226776478748,-408.7224903317503
243.05,324.3106274999992,300.46742249999954,-344.91326657724983,-408.80587137337534
243.1,324.3153274999992,300.46721749999955,-345.0006438287498,-408.8869233356253
243.15,324.3204199999992,300.46740499999953,-345.0839268038748,-408.9653275023753
243.2,324.3268349999992,300.4689149999995,-345.1670871958748,-409.0439523187503
243.25,324.3335649999992,300.4707399999995,-345.2521844012498,-409.12355780012535
243.3,324.33959749999923,300.4718674999995,-345.3360557753748,-409.2027710155004
243.35,324.3448674999992,300.4722324999995,-345.41978004974976,-409.28230294700035
243.4,324.3502349999992,300.47269499999953,-345.5042888561248,-409.3616632621254
243.45,324.3558624999992,300.4734174999995,-345.58872411262473,-409.44043517825037
243.5,324.3618149999992,300.47446499999955,-345.67421358399974,-409.51959936037537
243.55,324.3683474999992,300.47609249999954,-345.7603404876248,-409.59864095937536
243.6,324.37515249999916,300.4779924999995,-345.84580544237474,-409.6772167425003
243.65,324.3810899999992,300.4790249999995,-345.93269236137473,-409.75635640800033
243.7,324.3835374999992,300.47656749999953,-346.0202902624997,-409.8361089891253
243.75,324.3854949999992,300.4736199999995,-346.1057797338747,-409.9174551508753
243.8,324.3916249999992,300.4748449999995,-346.19087693924973,-409.9988503458753
243.85,324.3986874999992,300.4770024999995,-346.2757044617497,-410.0783087275003
243.9,324.4034324999992,300.4768424999995,-346.3599190686247,-410.15685999400034
243.95,324.4083649999992,300.4768699999995,-346.4407258646247,-410.23347444712533
244.0,324.4156599999992,300.4792599999995,-346.5213365276247,-410.30898565212533
244.05,324.4223174999992,300.4810124999995,-346.60390852062477,-410.38594333800035
244.1,324.4273874999992,300.4811774999995,-346.68991284112474,-410.46621076825033
244.15,324.4329024999992,300.4817874999995,-346.7772410593748,-410.54934664362537
244.2,324.4392599999992,300.4832399999995,-346.86079371737475,-410.63142830412534
244.25,324.4453024999992,300.48437749999954,-346.9441747589998,-410.70892535575035
244.3,324.45001499999915,300.4841849999995,-347.02797258324983,-410.7859565915004
244.35,324.45421999999917,300.4834849999995,-347.11255493949983,-410.8649981905004
244.4,324.45917249999917,300.4835324999995,-347.1962056639999,-410.9428875081254
244.45,324.46548499999915,300.48493999999954,-347.28002800487485,-411.0212426416254
244.5,324.47239499999915,300.48694499999954,-347.36556650949984,-411.1006519900004
244.55,324.47894749999915,300.4885924999995,-347.45201212924985,-411.18064973737546
244.6,324.48505749999913,300.48979749999955,-347.53514800462483,-411.2594952033754
244.65,324.48993249999916,300.4897674999996,-347.61806323037484,-411.3374335542504
244.7,324.49349499999914,300.48842499999955,-347.7036262516248,-411.4165241865004
244.75,324.49741249999914,300.48743749999954,-347.78703180987486,-411.4953696525004
244.8,324.50193749999914,300.48705749999954,-347.8699470356249,-411.5737002693754
244.85,324.50715999999915,300.48737499999953,-347.95281322812485,-411.6515650703754
244.9,324.51311749999917,300.48842749999955,-348.03631685287485,-411.7298956872504
244.95,324.51955749999917,300.48996249999954,-348.12200245724983,-411.8096727850004
245.0,324.5258274999992,300.49132749999956,-348.20717321249987,-411.8895479492504
245.05,324.5308399999992,300.49143499999957,-348.29148588587486,-411.96893278100043
245.1,324.5350149999992,300.4907049999996,-348.37731858999985,-412.04890601175043
245.15,324.5396824999992,300.49046749999957,-348.4635435601249,-412.12912440875044
245.2,324.54490999999916,300.49078999999955,-348.54878786524984,-412.2089015065004
245.25,324.55049999999915,300.4914749999995,-348.63341925474987,-412.28840892137544
245.3,324.55737249999913,300.4934424999995,-348.71704546262487,-412.3674750370005
245.35,324.5650374999991,300.4962024999995,-348.79951938912484,-412.44627146975046
245.4,324.5706824999991,300.49694249999953,-348.88324366349985,-412.52555823500046
245.45,324.5736399999991,300.49499499999956,-348.9702286489998,-412.6056540488754
245.5,324.5757924999991,300.4922424999996,-349.0559878032498,-412.68552921312545
245.55,324.5799874999991,300.49153249999955,-349.1416243743748,-412.7647669451255
245.6,324.5864499999991,300.49308999999954,-349.2284132268748,-412.84368596100046
245.65,324.5923074999991,300.4940424999995,-349.31652597712485,-412.9233404756255
245.7,324.5966324999991,300.4934624999995,-349.40530067624985,-413.00581440212545
245.75,324.6010799999991,300.4930049999995,-349.49530120662484,-413.0913774233755
245.8,324.6065549999991,300.4935749999995,-349.5807171281249,-413.1729442347505
245.85,324.6128874999991,300.4950024999995,-349.66333815437486,-413.24894577225047
245.9,324.6196974999991,300.4969074999995,-349.7498573239999,-413.32744800550046
245.95,324.62587999999914,300.4981849999995,-349.82995313787484,-413.40504312362543
246.0,324.63187249999913,300.4992724999995,-349.9130644966249,-413.48087304475047
246.05,324.63796749999915,300.5004624999995,-349.9998778657499,-413.5589830120005
246.1,324.64361999999915,300.5012099999995,-350.0855879867499,-413.6373626621255
246.15,324.64938249999915,300.5020674999995,-350.1712000412499,-413.7154235961255
246.2,324.65546749999913,300.5032474999995,-350.2566404793749,-413.7937787296255
246.25,324.6611899999991,300.50406499999946,-350.3425222167499,-413.87230547950054
246.3,324.6663674999991,300.50433749999945,-350.4285265372499,-413.9514941782506
246.35,324.6702249999991,300.5032899999994,-350.5159773386249,-414.03112417625056
246.4,324.67253499999913,300.50069499999944,-350.60279070774993,-414.1105090080006
246.45,324.67536249999915,300.49861749999945,-350.6885743786249,-414.18959964025055
246.5,324.6801024999992,300.4984524999995,-350.7735490008749,-414.26888640550055
246.55,324.68479499999916,300.4982399999995,-350.8602397868749,-414.34952158512556
246.6,324.68808999999914,300.49662999999947,-350.9467099232499,-414.43003418162556
246.65,324.69178249999914,300.49541749999946,-351.03200326162494,-414.5098357960006
246.7,324.69612749999914,300.49485749999945,-351.1166346511249,-414.58890191162556
246.75,324.70035249999916,300.49417749999947,-351.2006286083749,-414.66735511162557
246.8,324.70533749999913,300.4942574999995,-351.2850638648749,-414.7466173602506
246.85,324.7105474999991,300.4945624999995,-351.3714849679999,-414.82698285700053
246.9,324.7153399999991,300.4944499999995,-351.4582983371249,-414.90754448675057
246.95,324.7203049999991,300.49450999999954,-351.54420459112487,-414.98813063312554
247.0,324.7258449999991,300.4951449999995,-351.62917921337487,-415.0684225800006
247.05,324.73152499999907,300.4959199999995,-351.7131731706249,-415.1483712941256
247.1,324.7359774999991,300.4954674999995,-351.7976084271248,-415.22868775762555
247.15,324.7396724999991,300.4942574999995,-351.88194561712487,-415.30809710600056
247.2,324.7437374999991,300.4934174999995,-351.9654247252498,-415.3865257893755
247.25,324.7482824999991,300.4930574999995,-352.04990901499986,-415.46608223750053
247.3,324.7532974999991,300.4931674999995,-352.13218680849985,-415.54546706925055
247.35,324.7589049999991,300.4938699999995,-352.21478331812483,-415.62396930250054
247.4,324.7645124999991,300.4945724999995,-352.29904695824985,-415.7026431521256
247.45,324.7693124999991,300.4944674999995,-352.3834576981248,-415.78210153375056
247.5,324.7743574999991,300.49460749999946,-352.46877555312483,-415.8619031481256
247.55,324.7799049999991,300.4952499999995,-352.55264692724984,-415.9412634632506
247.6,324.7851274999991,300.4955674999995,-352.6363957182498,-416.0205747451256
247.65,324.7909324999991,300.4964674999995,-352.71977675987483,-416.0998615103756
247.7,324.79823499999907,300.49886499999945,-352.8080611264998,-416.1813792885006
247.75,324.8060224999991,300.50174749999945,-352.8945067462498,-416.2636080487506
247.8,324.8117824999991,300.50260249999945,-352.97769165487483,-416.3418160825006
247.85,324.81593499999906,300.5018499999995,-353.0661476378748,-416.4214215638756
247.9,324.8208774999991,300.5018874999995,-353.1513429097498,-416.5031845082506
247.95,324.8268124999991,300.5029174999995,-353.23683238112477,-416.5838442045006
248.0,324.8334724999991,300.5046724999995,-353.3193308242498,-416.66237095437566
248.05,324.84008749999913,300.5063824999995,-353.3987646892498,-416.73680342787566
248.1,324.8463299999991,300.5077199999995,-353.48435222712476,-416.81300109837565
248.15,324.8528424999991,300.5093274999995,-353.5665319541248,-416.89027750037565
248.2,324.8596699999991,300.51124999999945,-353.65094269399975,-416.96782358525064
248.25,324.8662399999991,300.51291499999945,-353.73496116787476,-417.0464974348757
248.3,324.8719299999991,300.51369999999946,-353.81694476187477,-417.1238228701257
248.35,324.8771749999991,300.51403999999945,-353.9035374813747,-417.20266833612567
248.4,324.8829474999991,300.5149074999995,-353.98517784262475,-417.2809744363757
248.45,324.88838249999907,300.5154374999995,-354.07059376412474,-417.3595992527507
248.5,324.89241249999907,300.5145624999995,-354.15721100024973,-417.4404550820007
248.55,324.89577749999904,300.5130224999995,-354.2407391416248,-417.5200115301257
248.6,324.89908499999905,300.5114249999995,-354.32586086362477,-417.59929829537566
248.65,324.90240999999907,300.50984499999953,-354.40936448837476,-417.6782418278757
248.7,324.90660499999905,300.5091349999995,-354.4955404252497,-417.75723439362565
248.75,324.91186499999907,300.5094899999995,-354.5817163621247,-417.83666825862565
248.8,324.91747749999905,300.5101974999995,-354.66485223749976,-417.91485177575066
248.85,324.9232549999991,300.5110699999995,-354.74943459374975,-417.99296174300065
248.9,324.92870749999906,300.5116174999995,-354.83467889887476,-418.07156204275066
248.95,324.93436999999903,300.5123749999995,-354.9181089737497,-418.15050557525063
249.0,324.94111249999906,300.51421249999953,-355.00212744762473,-418.2301110566257
249.05,324.94803249999904,300.51622749999956,-355.08553300587477,-418.3098146045007
249.1,324.95410499999906,300.51739499999957,-355.1699437457497,-418.3894936357506
249.15,324.95926499999905,300.51764999999955,-355.25320220424976,-418.46794683575064
249.2,324.96401749999904,300.51749749999954,-355.3357006473747,-418.5456890536256
249.25,324.968912499999,300.51748749999956,-355.4178558577497,-418.62367643775065
249.3,324.97430749999904,300.5179774999996,-355.50231563087476,-418.70252190375066
249.35,324.97947999999906,300.5182449999996,-355.58817285162473,-418.78195576875066
249.4,324.98360999999903,300.5174699999996,-355.67334360687477,-418.8611444675007
249.45,324.987104999999,300.5160599999996,-355.75915179437476,-418.9408725320007
249.5,324.990779999999,300.51482999999956,-355.8440283501248,-419.0208457627507
249.55,324.995512499999,300.51465749999954,-355.9281939237498,-419.10003446150074
249.6,325.001632499999,300.51587249999955,-356.0130704794998,-419.1791005771257
249.65,325.008324999999,300.5176599999995,-356.0982412347498,-419.2583873423757
249.7,325.015392499999,300.5198224999995,-356.1814016267498,-419.3369140922507
249.75,325.022194999999,300.5217199999995,-356.2648071849998,-419.4144111438757
249.8,325.02746999999897,300.5220899999995,-356.34779596062486,-419.49178561237574
249.85,325.031854999999,300.5215699999995,-356.43156926824986,-419.5701652625007
249.9,325.036439999999,300.5212499999995,-356.51588194162485,-419.6489126620007
249.95,325.040989999999,300.5208949999995,-356.6009791469998,-419.7281994272507
250.0,325.045517499999,300.52051749999947,-356.6880867156248,-419.80790297512567
250.05,325.050444999999,300.52053999999947,-356.77445878549986,-419.8874594232507
250.1,325.054987499999,300.5201774999995,-356.8595559908748,-419.96767782025063
250.15,325.058617499999,300.51890249999946,-356.9446777128748,-420.04819041675063
250.2,325.062674999999,300.51805499999944,-357.0291620026248,-420.1281881641256
250.25,325.067904999999,300.5183799999994,-357.1142346913748,-420.2077691288756
250.3,325.07362499999897,300.5191949999994,-357.19955254637483,-420.2869087943756
250.35,325.07916999999895,300.5198349999994,-357.2842574857498,-420.3660974931256
250.4,325.08308999999895,300.51884999999936,-357.3695508241248,-420.4458010410006
250.45,325.08627749999897,300.5171324999994,-357.45315251537477,-420.5251613561256
250.5,325.08986499999895,300.51581499999935,-357.5364600071248,-420.6038106891256
250.55,325.09359499999897,300.51463999999936,-357.6208707469998,-420.68196968962565
250.6,325.09832999999895,300.51446999999933,-357.70557568637474,-420.7606925725006
250.65,325.10371249999895,300.5149474999993,-357.7912858073748,-420.8402490206256
250.7,325.10885999999897,300.51518999999934,-357.87474039887474,-420.91897190350056
250.75,325.114457499999,300.51588249999935,-357.95672399287474,-420.9968612211256
250.8,325.120719999999,300.51723999999933,-358.04015406774977,-421.0745053725006
250.85,325.12660499999896,300.51821999999936,-358.12422157487475,-421.1519533908756
250.9,325.13228749999894,300.5189974999994,-358.20890199762476,-421.2297201253756
250.95,325.1380599999989,300.5198649999994,-358.29446501887475,-421.3078300926256
251.0,325.1424949999989,300.5193949999994,-358.37939060787477,-421.3869452415006
251.05,325.14620249999894,300.5181974999994,-358.4628206827498,-421.4661094236256
251.1,325.15092999999894,300.5180199999994,-358.54652044049976,-421.54480778987556
251.15,325.1557349999989,300.51791999999944,-358.63230411137476,-421.62438875462556
251.2,325.16036249999894,300.51764249999945,-358.7157832194997,-421.70291550450054
251.25,325.16597999999897,300.5183549999995,-358.7989681281247,-421.7790151085006
251.3,325.17185499999897,300.51932499999947,-358.89571073037473,-421.8586941397506
251.35,325.17656249999897,300.51912749999946,-358.9982637727497,-421.9473217391255
251.4,325.180702499999,300.51836249999945,-359.0849055254997,-422.0354344893756
251.45,325.184664999999,300.51741999999945,-359.1669136361247,-422.11678065112557
251.5,325.18787249999895,300.51572249999947,-359.2521579412497,-422.1956016005006
251.55,325.19081999999895,300.51376499999947,-359.33723062999974,-422.27505998212564
251.6,325.19481999999897,300.5128599999995,-359.4217639529997,-422.3548370798756
251.65,325.200239999999,300.5133749999995,-359.5048262784997,-422.4342464282506
251.7,325.205802499999,300.5140324999995,-359.58747182137466,-422.5130673776256
251.75,325.21182249999896,300.5151474999995,-359.67041156374967,-422.5912018615006
251.8,325.21898249999896,300.5174024999995,-359.7549203701247,-422.6684782635006
251.85,325.22521499999897,300.5187299999995,-359.8380072122497,-422.7438914020006
251.9,325.23046999999895,300.5190799999995,-359.9206772717497,-422.8192555072506
251.95,325.23578749999893,300.5194924999995,-360.0026853823747,-422.8947667122506
252.0,325.2401149999989,300.5189149999995,-360.08297732924973,-422.9696895182506
252.05,325.2438324999989,300.51772749999947,-360.16304862649974,-423.0454458895006
252.1,325.24827999999894,300.5172699999995,-360.2452283534997,-423.1220113093756
252.15,325.25427249999893,300.51835749999947,-360.32851132862476,-423.1990425451256
252.2,325.26117749999895,300.5203574999995,-360.4118433369997,-423.2767847630006
252.25,325.26642499999895,300.52069999999947,-360.49510179549975,-423.35477214712563
252.3,325.26968499999896,300.51905499999947,-360.57806605449974,-423.43295566425064
252.35,325.27300249999894,300.51746749999944,-360.66142257949974,-423.5108449818756
252.4,325.27651249999894,300.51607249999944,-360.7459068692498,-423.5885381665006
252.45,325.27977749999894,300.51443249999943,-360.83078342499977,-423.6669178166256
252.5,325.2837474999989,300.5134974999994,-360.9154148144998,-423.7455181163756
252.55,325.28893999999895,300.5137849999994,-361.00139461837483,-423.8257119967506
252.6,325.29708999999895,300.5170299999994,-361.1073064383748,-423.9364290752506
252.65,325.3058999999989,300.5209349999994,-361.2015973781248,-424.06774011875063
252.7,325.3056074999989,300.5157374999994,-361.2459969859998,-424.1674247160006
252.75,325.30249749999894,300.5077224999994,-361.2885088137498,-424.2419552560006
252.8,325.3069199999989,300.5072399999994,-361.3558314659998,-424.31601998012565
252.85,325.3109299999989,300.5063449999994,-361.4379131264998,-424.39371316475064
252.9,325.3127324999989,300.5032424999994,-361.5261484598748,-424.4719702317507
252.95,325.3174599999989,300.50306499999937,-361.6072004221247,-424.54429427550065
253.0,325.3227099999989,300.50340999999935,-361.6828587268747,-424.61448537287566
253.05,325.3271574999989,300.50295249999937,-361.7592770469997,-424.68551003550067
253.1,325.3320999999989,300.5029899999994,-361.8373870142497,-424.75866764450063
253.15,325.3357899999989,300.5017749999994,-361.9178750941247,-424.83422788275067
253.2,325.3390399999989,300.5001199999994,-362.0000303044997,-424.9106462028756
253.25,325.3443924999989,300.5005674999994,-362.0843184612497,-424.98880520337565
253.3,325.3494249999989,300.50069499999944,-362.1701266487497,-425.0684352013757
253.35,325.3532099999989,300.4995749999994,-362.2557387032497,-425.1485310152506
253.4,325.35718499999894,300.49864499999944,-362.3410565582497,-425.22759713087567
253.45,325.36156749999896,300.49812249999945,-362.4268892623747,-425.30732519537565
253.5,325.36761999999896,300.49926999999946,-362.5130161659997,-425.3873719760007
253.55,325.37402249999894,300.5007674999995,-362.59806433812474,-425.4666832578757
253.6,325.37902499999893,300.50086499999946,-362.6839705921247,-425.54577389012564
253.65,325.3830124999989,300.49994749999945,-362.7706613781247,-425.6251096886257
253.7,325.38653999999894,300.49856999999946,-362.8561018162497,-425.70466613675063
253.75,325.38998499999894,300.49710999999945,-362.9410519218747,-425.78429613475066
253.8,325.3936649999989,300.4958849999995,-363.0267130096247,-425.86397516600067
253.85,325.39786499999894,300.4951799999995,-363.11222699762465,-425.9433845143756
253.9,325.40221249999894,300.4946224999995,-363.1973977528747,-426.02276934612564
253.95,325.4058924999989,300.4933974999995,-363.28261754137463,-426.1022522443756
254.0,325.4092299999989,300.4918299999995,-363.3686954117496,-426.18173514262566
254.05,325.4125324999989,300.4902274999995,-363.45595008012464,-426.2621496726257
254.1,325.4165624999989,300.4893524999995,-363.5416847177496,-426.34305453512565
254.15,325.42211749999893,300.4900024999995,-363.6265122402496,-426.42258646662566
254.2,325.4279149999989,300.4908949999995,-363.71379142524955,-426.5018487152506
254.25,325.4330524999989,300.4911274999995,-363.80295839037456,-426.5834645598756
254.3,325.4379949999989,300.4911649999995,-363.89173308949955,-426.6672378675006
254.35,325.4430449999989,300.4913099999995,-363.9814394203745,-426.7513298912506
254.4,325.4483374999989,300.4916974999995,-364.0712438177495,-426.8355444981256
254.45,325.4536749999989,300.49212999999946,-364.1582042866245,-426.9190481228756
254.5,325.4586274999989,300.49217749999946,-364.2453363718745,-427.0010562335006
254.55,325.4632874999989,300.49193249999945,-364.33602336774953,-427.0837262930006
254.6,325.4677474999989,300.49148749999944,-364.4274948956245,-427.16828413262556
254.65,325.4723799999989,300.49121499999944,-364.5156811957495,-427.2527929390006
254.7,325.4777599999989,300.49168999999944,-364.6027152144995,-427.33551203175057
254.75,325.4836624999989,300.4926874999994,-364.6927647781245,-427.4178633751256
254.8,325.4898349999989,300.4939549999994,-364.78399113974956,-427.5015631328756
254.85,325.49716249999886,300.4963774999994,-364.8740652199995,-427.5862435556256
254.9,325.50556249999886,300.4998724999994,-364.9660761136245,-427.6703355793756
254.95,325.5142699999989,300.5036749999994,-365.06296581562447,-427.7550650353756
255.0,325.52316749999886,300.5076674999994,-365.1621845969995,-427.8438887677506
255.05,325.53210249999887,300.5116974999994,-365.2591968821245,-427.93587514475064
255.1,325.54132249999884,300.5160124999994,-365.3547872029995,-428.0271260230006
255.15,325.5504499999988,300.52023499999945,-365.4533930687495,-428.1167097707506
255.2,325.56016999999883,300.52504999999945,-365.55525964562446,-428.2065877180006
255.25,325.57099499999885,300.53096999999946,-365.6559984577495,-428.2981573123756
255.3,325.58078749999885,300.53585749999945,-365.7525939602495,-428.39136952062563
255.35,325.5892399999988,300.5394049999995,-365.84556100224944,-428.4848268951256
255.4,325.59835499999883,300.5436149999995,-365.9365176809995,-428.57727908800064
255.45,325.6083799999988,300.54873499999945,-366.0261259453745,-428.6686525493756
255.5,325.6176774999988,300.55312749999945,-366.1148516112495,-428.76017311050066
255.55,325.6265549999988,300.5570999999994,-366.2053179574995,-428.8529685361257
255.6,325.6364624999988,300.5621024999994,-366.2999521299995,-428.9441458645006
255.65,325.6474024999988,300.5681374999994,-366.3974547476245,-429.03216054825066
255.7,325.6594974999988,300.5753274999994,-366.4964528793745,-429.1214500965006
255.75,325.6726649999988,300.5835899999994,-366.5990059217495,-429.2145642382506
255.8,325.6849974999988,300.5910174999994,-366.7055796906245,-429.3106448916256
255.85,325.6965699999988,300.5976849999994,-366.8147277051245,-429.40868687500057
255.9,325.70982499999883,300.6060349999994,-366.9256899498745,-429.5082488891256
255.95,325.7242824999988,300.6155874999994,-367.03591669587445,-429.60763928687555
256.0,325.7383549999988,300.62475499999937,-367.14322596349945,-429.7041612395006
256.05,325.7515024999988,300.63299749999936,-367.2493584331245,-429.8000947931256
256.1,325.7654449999988,300.64203499999934,-367.3581877314995,-429.8983329095006
256.15,325.7798899999988,300.65157499999935,-367.47233713749944,-429.99686522537553
256.2,325.7920699999988,300.65884999999935,-367.59060533649944,-430.0949807586255
256.25,325.80299249999877,300.66486749999933,-367.71103099849944,-430.1932188750005
256.3,325.8145174999988,300.67148749999933,-367.8305495453745,-430.2920208737506
256.35,325.8258799999988,300.67794499999934,-367.9453854168745,-430.3919506372506
256.4,325.8356024999988,300.68276249999934,-368.0582109251244,-430.4921746002505
256.45,325.8457099999988,300.68796499999934,-368.1737332621244,-430.59345277812554
256.5,325.8569149999988,300.69426499999935,-368.29018723087444,-430.69642260312554
256.55,325.86780249999885,300.70024749999936,-368.40411598724944,-430.7983382132506
256.6,325.87878999999884,300.70632999999935,-368.51748086124945,-430.89809636037563
256.65,325.8890424999988,300.7116774999993,-368.63234124937435,-430.9974132082505
256.7,325.89729749999884,300.71502749999934,-368.7482068191244,-431.09724490525053
256.75,325.90364749999884,300.7164724999993,-368.8627484911244,-431.1976895178756
256.8,325.90838999999886,300.71630999999934,-368.9747894673744,-431.2975702481256
256.85,325.91139249999884,300.7144074999993,-369.08827692449944,-431.39639676350066
256.9,325.9111974999988,300.70930749999934,-369.2031618292493,-431.4958852277506
256.95,325.9075774999988,300.7007824999993,-369.3166983196244,-431.59632984037563
257.0,325.9027624999988,300.6910624999993,-369.43226968987443,-431.69557313837566
257.05,325.8999024999988,300.6832974999993,-369.5489197916245,-431.7930512393757
257.1,325.8961799999988,300.6746699999993,-369.6668447578745,-431.89146097212574
257.15,325.8882299999988,300.6618149999993,-369.7833722764994,-431.99251850037564
257.2,325.87921999999884,300.6478999999993,-369.8934519227494,-432.09190889812567
257.25,325.8693424999988,300.6331174999993,-370.00446320074946,-432.1879650348757
257.3,325.85960749999884,300.6184774999993,-370.12015715412446,-432.2864973507507
257.35,325.85084999999884,300.6048149999993,-370.2364640231245,-432.39012912462573
257.4,325.84311999999886,300.5921799999993,-370.35083407874936,-432.4951093128756
257.45,325.8353899999989,300.5795449999993,-370.46353700387436,-432.59408292800066
257.5,325.8240174999989,300.5632674999993,-370.5780786758744,-432.6883248345007
257.55,325.8124374999989,300.5467824999993,-370.69340487987444,-432.7858274521257
257.6,325.8030774999989,300.5325174999993,-370.8026264442495,-432.88695853025075
257.65,325.7943199999989,300.5188549999993,-370.9094208627494,-432.98938898950064
257.7,325.7866124999989,300.5062424999993,-371.01881404349945,-433.0886322875007
257.75,325.7790099999989,300.4937349999993,-371.1330860326245,-433.1843942247507
257.8,325.7696499999989,300.47946999999925,-371.25000581724953,-433.2775573997507
257.85,325.7569899999989,300.46190499999926,-371.36413070662456,-433.3711863906257
257.9,325.7408974999989,300.4409074999993,-371.47590199999945,-433.46890965787566
257.95,325.72458249999886,300.41968749999927,-371.58997785612445,-433.5662896923757
258.0,325.71181999999885,300.40201999999925,-371.70309756387445,-433.6634981105007
258.05,325.7005749999988,300.3858699999993,-371.80712160374947,-433.76068201200076
258.1,325.6863524999988,300.36674249999925,-371.9091107637495,-433.8576452638758
258.15,325.6657874999988,300.34127249999926,-372.0211272233744,-433.9571582447507
258.2,325.6348324999988,300.30541249999925,-372.1382676576244,-434.0501988366257
258.25,325.5900599999988,300.2557349999992,-372.2463124239994,-434.12887268625076
258.3,325.5297899999988,300.1905599999992,-372.34344729224944,-434.20156447937575
258.35,325.4590474999988,300.1149124999992,-372.42650961774945,-434.2695245638758
258.4,325.3844674999989,300.0354274999993,-372.4881689296244,-434.3257166683757
258.45,325.3110924999989,299.9571474999993,-372.52705229687444,-434.36844914575073
258.5,325.24144999999885,299.8825999999993,-372.54286551999945,-434.39600583225075
258.55,325.1767824999988,299.8130274999993,-372.53715314637446,-434.40725896312574
258.6,325.1223049999988,299.75364499999927,-372.51339653674944,-434.40620474825073
258.65,325.0815624999988,299.7079974999993,-372.47787194712447,-434.39779554587574
258.7,325.0543999999988,299.6759299999993,-372.4380569481245,-434.38519400062575
258.75,325.04045249999876,299.65707749999933,-372.3985361486245,-434.37153824050074
258.8,325.03836999999874,299.65008999999935,-372.3650709554995,-434.3617070738757
258.85,325.0467499999987,299.65356499999933,-372.3413878957495,-434.3583728128757
258.9,325.06191999999874,299.66382999999934,-372.3257953222495,-434.3596476773757
258.95,325.07623249999875,299.67323749999935,-372.3140028256245,-434.3629819383757
259.0,325.08904249999875,299.68114249999934,-372.30137676374954,-434.3655316673757
259.05,325.10106999999874,299.6882649999993,-372.28644613912456,-434.3654090842507
259.1,325.10820999999873,299.6904999999993,-372.26629347337456,-434.3570734317507
259.15,325.11451499999873,299.6918999999993,-372.2604094833746,-434.3551611350007
259.2,325.1261199999987,299.6985999999993,-372.2980425027496,-434.3885282616257
259.25,325.1381649999987,299.7057399999993,-372.3785060659996,-434.45923420812574
259.3,325.1440149999987,299.7066849999993,-372.4746602692496,-434.54430689687575
259.35,325.1456824999987,299.7034474999993,-372.56566598124965,-434.62602080800076
259.4,325.14923249999873,299.7020924999993,-372.65005220449956,-434.7022184785007
259.45,325.1559674999987,299.7039224999993,-372.7325016143746,-434.77667546862574
259.5,325.1627974999987,299.7058474999993,-372.8194865998746,-434.85407445375074
259.55,325.1682099999987,299.70635499999935,-372.90833484887463,-434.93318960262576
259.6,325.1732249999987,299.70646499999935,-372.99394690337465,-435.0103924547508
259.65,325.1790774999987,299.70741249999935,-373.0774505281246,-435.0859772096257
259.7,325.1851524999987,299.70858249999935,-373.1623761171246,-435.1634497446257
259.75,325.1906324999987,299.7091574999994,-373.2480372048746,-435.2423442438757
259.8,325.19626749999867,299.70988749999935,-373.3331098936246,-435.32072389400076
259.85,325.2019374999987,299.71065249999936,-373.4194329302496,-435.39922612725076
259.9,325.2068199999987,299.71062999999936,-373.50524111774956,-435.4773606111257
259.95,325.2114299999987,299.71033499999936,-373.5905834893746,-435.5551518622507
260.0,325.2169299999987,299.71092999999934,-373.6752393954996,-435.6323301977507
260.05,325.2229224999987,299.7120174999993,-373.76134178249964,-435.7100233823757
260.1,325.2283649999987,299.7125549999993,-373.84859645087465,-435.7880597997507
260.15,325.23231499999866,299.71159999999935,-373.93612080212455,-435.86592460075065
260.2,325.2350799999987,299.70945999999935,-374.0234245037496,-435.94327455262567
260.25,325.2388849999987,299.70835999999935,-374.1096249572496,-436.0200851387507
260.3,325.24411499999866,299.7086849999993,-374.1950899119996,-436.0971408911257
260.35,325.24829749999867,299.7079624999993,-374.2799419511246,-436.17449084300074
260.4,325.25046499999866,299.7052249999993,-374.36430365774953,-436.2521840276257
260.45,325.25280749999865,299.7026624999993,-374.44653241799955,-436.3288720306257
260.5,325.25602499999866,299.7009749999993,-374.53079605812457,-436.4063935988757
260.55,325.2591224999987,299.6991674999993,-374.61657972899957,-436.4847242157507
260.6,325.26203749999866,299.6971774999993,-374.7017750008746,-436.5626625666257
260.65,325.26491749999866,299.6951524999993,-374.7868231729995,-436.64050285100063
260.7,325.26824499999867,299.6935749999993,-374.87196941162455,-436.71804893587563
260.75,325.2728124999987,299.6932374999993,-374.95689500062457,-436.79488403862564
260.8,325.2777224999987,299.6932424999993,-375.04324255387456,-436.87208689075067
260.85,325.2821549999987,299.6927699999993,-375.12887912499957,-436.94990265850066
260.9,325.2876199999987,299.6933299999993,-375.2119414504995,-437.0277184262506
260.95,325.2944849999987,299.6952899999993,-375.29581282462453,-437.1055096773756
261.0,325.3014624999987,299.6973624999993,-375.38091002999954,-437.18334996175065
261.05,325.3069124999987,299.6979074999993,-375.46738016637454,-437.2610921796257
261.1,325.3104724999987,299.6965624999993,-375.55242833849957,-437.3383930982507
261.15,325.3138974999987,299.6950824999993,-375.6364713289995,-437.41525271762566
261.2,325.3181899999987,299.6944699999993,-375.7238976137495,-437.4926271861257
261.25,325.3232624999987,299.69463749999926,-375.8115690647495,-437.5703939206257
261.3,325.3287999999987,299.69526999999925,-375.89794113462455,-437.6487245375007
261.35,325.3337974999987,299.69536249999925,-375.98544096924957,-437.7272022541257
261.4,325.3384949999987,299.69515499999926,-376.0720582053745,-437.80460123925064
261.45,325.34438249999874,299.6961374999993,-376.15656701174953,-437.88212280750065
261.5,325.35072749999875,299.6975774999993,-376.2402177362496,-437.95991405862566
261.55,325.35599249999876,299.6979374999993,-376.3259278572496,-438.0377543430007
261.6,325.36056249999876,299.6976024999993,-376.4122263772496,-438.1155701107507
261.65,325.36481999999876,299.69695499999926,-376.4978629483745,-438.1930181291256
261.7,325.3687049999988,299.6959349999993,-376.5831072534995,-438.27036808100064
261.75,325.3720799999988,299.6944049999993,-376.6687683412495,-438.34825739862566
261.8,325.3760099999988,299.6934299999993,-376.75371844687453,-438.4258525167507
261.85,325.3815749999988,299.6940899999993,-376.83788402049953,-438.5031779520007
261.9,325.3877049999988,299.69531499999925,-376.9232509087495,-438.5804298373757
261.95,325.3928649999988,299.69556999999924,-377.0096965284995,-438.6574855897507
262.0,325.3968524999988,299.6946524999992,-377.09484276712453,-438.73412455950074
262.05,325.40057499999875,299.6934699999992,-377.17981738937453,-438.81081256250076
262.1,325.40505249999876,299.6930424999992,-377.2658952597495,-438.8880399312508
262.15,325.41120499999874,299.69428999999917,-377.35150731424943,-438.9654879496257
262.2,325.41816749999873,299.69634749999915,-377.43817358362446,-439.04347533375073
262.25,325.4232574999987,299.69653249999914,-377.52395725449946,-439.12129110150073
262.3,325.4270924999987,299.6954624999991,-377.6113345059995,-439.19888621962576
262.35,325.43189999999873,299.69536499999913,-377.6987853073745,-439.2761871382508
262.4,325.4365424999987,299.6951024999991,-377.78532899362443,-439.35402742262573
262.45,325.44011249999875,299.6937674999991,-377.87125976424943,-439.43184319037573
262.5,325.4435699999988,299.69231999999914,-377.95603825349946,-439.50934024200075
262.55,325.4478674999988,299.69171249999914,-378.0415032082495,-439.5874747258758
262.6,325.4532899999988,299.69222999999914,-378.1255952319995,-439.6650453273758
262.65,325.4588224999988,299.69285749999915,-378.20993242199944,-439.74232172937576
262.7,325.4645424999988,299.69367249999914,-378.29502962737445,-439.81969619787577
262.75,325.4706174999988,299.69484249999914,-378.37880293499944,-439.8968990500008
262.8,325.47605749999883,299.69537749999915,-378.46390014037445,-439.9746903011258
262.85,325.48075249999886,299.6951674999992,-378.54875217949944,-440.0521138028758
262.9,325.48449249999885,299.69400249999916,-378.63269710349937,-440.12870373937574
262.95,325.48820249999886,299.69280749999916,-378.7179168919994,-440.2050730262508
263.0,325.49234499999886,299.69204499999915,-378.8030386139994,-440.2816384461258
263.05,325.49559499999884,299.6903899999991,-378.8881113027494,-440.3588412982508
263.1,325.4984849999988,299.6883749999991,-378.9738214237494,-440.4359706005008
263.15,325.5028374999988,299.6878224999991,-379.05950702812436,-440.51243795387575
263.2,325.5076574999988,299.68773749999906,-379.14462875012435,-440.58856207450077
263.25,325.5116499999988,299.68682499999903,-379.22935820612435,-440.66502942787577
263.3,325.51599999999877,299.686269999999,-379.31472509437435,-440.74188904725077
263.35,325.52156249999877,299.686927499999,-379.39874356824936,-440.8186506001258
263.4,325.52710999999874,299.687569999999,-379.4811684614993,-440.8958534522507
263.45,325.53280499999875,299.688359999999,-379.56293140587434,-440.97330147062576
263.5,325.53954999999877,299.69019999999904,-379.64310076962437,-441.0499404403758
263.55,325.54638249999874,299.69212749999906,-379.7276340926244,-441.1270942592508
263.6,325.55229499999876,299.6931349999991,-379.8158694259994,-441.2047384106258
263.65,325.55656999999877,299.6925049999991,-379.9028053782493,-441.2834367768757
263.7,325.55954999999875,299.69057999999904,-379.9863825528743,-441.3625519257507
263.75,325.5632524999987,299.68937749999907,-380.07057264312436,-441.4402205937507
263.8,325.5691799999987,299.69039999999904,-380.1561356643744,-441.5171047297507
263.85,325.57576499999874,299.69207999999907,-380.24047285437445,-441.5946262980007
263.9,325.58109749999875,299.69250749999907,-380.32677137437435,-441.67263819875063
263.95,325.5851849999988,299.6916899999991,-380.4135357102494,-441.75104236550067
264.0,325.58915499999875,299.69075499999906,-380.49855936574943,-441.82900523300066
264.05,325.59308249999873,299.6897774999991,-380.58466175274947,-441.9059138856257
264.1,325.5960349999987,299.68782499999907,-380.6734609684995,-441.9840483695007
264.15,325.5984424999987,299.68532749999906,-380.76034788749945,-442.06308996850066
264.2,325.60172749999873,299.68370749999906,-380.84622962487447,-442.14171478487566
264.25,325.60627249999874,299.68334749999906,-380.9314494133745,-442.2186479541257
264.3,325.61031499999876,299.6824849999991,-381.0144381889995,-442.2947720747507
264.35,325.61231999999876,299.67958499999907,-381.09811343012456,-442.37185234375073
264.4,325.61429749999877,299.67665749999907,-381.18075897299946,-442.44881002962563
264.45,325.6187499999988,299.6762049999991,-381.2646793803745,-442.5262335313756
264.5,325.6242824999988,299.6768324999991,-381.3478642889995,-442.60409833237566
264.55,325.6289924999988,299.67663749999906,-381.43060789837455,-442.6817179671257
264.6,325.6330199999988,299.67575999999906,-381.5150921881246,-442.7589208192507
264.65,325.6369874999988,299.67482249999904,-381.6014887746245,-442.83578043862565
264.7,325.6410824999988,299.67401249999904,-381.6883021437495,-442.91264005800065
264.75,325.6455374999988,299.67356249999904,-381.77325224937454,-442.9896712937507
264.8,325.6503449999988,299.67346499999906,-381.85864365424953,-443.0670702788757
264.85,325.6542274999988,299.6724424999991,-381.94322601049953,-443.1444692640007
264.9,325.6571949999988,299.6705049999991,-382.0284457989994,-443.2217701826256
264.95,325.6610474999988,299.66945249999907,-382.11214555674945,-443.29818850275063
265.0,325.6654874999988,299.66898749999905,-382.19699759587445,-443.37539135487566
265.05,325.6688574999988,299.66745249999906,-382.28278126674945,-443.4535503553757
265.1,325.6707549999988,299.66444499999903,-382.36758427262447,-443.5315377395007
265.15,325.6731124999988,299.66189749999904,-382.4526324447494,-443.60871607500064
265.2,325.6784724999988,299.66235249999903,-382.5381464327494,-443.68606602687566
265.25,325.6855699999988,299.664544999999,-382.6258178837494,-443.7639553445007
265.3,325.6917099999988,299.665779999999,-382.7157448642494,-443.8418691787507
265.35,325.69721499999883,299.66637999999904,-382.80250920012446,-443.9190229976257
265.4,325.70288499999884,299.66714499999904,-382.8883173876244,-443.9962013331256
265.45,325.70815749999883,299.667512499999,-382.97253199449943,-444.07367386812564
265.5,325.7130024999988,299.667452499999,-383.0574085502495,-444.15082768700063
265.55,325.7175774999988,299.667122499999,-383.1433393208745,-444.22847183837564
265.6,325.7215274999988,299.666167499999,-383.22765199424947,-444.30638567262565
265.65,325.7251024999988,299.664837499999,-383.31152336837437,-444.38385820762556
265.7,325.7284399999988,299.663269999999,-383.3951250596244,-444.4610365431256
265.75,325.7321124999988,299.662037499999,-383.4771576868744,-444.5376264796256
265.8,325.73734499999875,299.662364999999,-383.5606613116244,-444.61360350050063
265.85,325.7439549999988,299.664069999999,-383.6460281998744,-444.69002182062565
265.9,325.7502799999988,299.665489999999,-383.7293602082493,-444.7660478747506
265.95,325.7547999999988,299.665104999999,-383.81700714262433,-444.8434223432506
266.0,325.75850249999877,299.66390249999904,-383.90293791324933,-444.9211890777506
266.05,325.7624599999988,299.66295499999904,-383.9893099831244,-444.9985880628756
266.1,325.7664349999988,299.66202499999906,-384.0736471731244,-445.07591349812566
266.15,325.7699424999988,299.66062749999907,-384.1569546648743,-445.1529692505006
266.2,325.7733924999988,299.65917249999904,-384.24256671937434,-445.2298779031256
266.25,325.7785449999988,299.65941999999905,-384.32945363837433,-445.3075710877506
266.3,325.7847399999988,299.660709999999,-384.4127120968744,-445.3850681393756
266.35,325.79069499999883,299.66175999999905,-384.4961421717494,-445.46116774337565
266.4,325.7961299999988,299.6622899999991,-384.5863143184993,-445.5391551275006
266.45,325.8008549999988,299.6621099999991,-384.6731767208743,-445.6176328441256
266.5,325.8050274999988,299.66137749999905,-384.7585681257493,-445.6949337627506
266.55,325.8098024999988,299.66124749999904,-384.84457244624934,-445.77169531562566
266.6,325.8165074999988,299.66304749999904,-384.9305522501244,-445.8483833186257
266.65,325.8236649999988,299.66529999999904,-385.0170959363743,-445.9256842372506
266.7,325.82935249999883,299.66608249999905,-385.1019970087493,-446.00259288987564
266.75,325.83383249999883,299.66565749999904,-385.18621161562436,-446.07930540950065
266.8,325.83806499999883,299.66498499999904,-385.27133333762436,-446.15604244575064
266.85,325.84274749999884,299.66476249999903,-385.35606279362435,-446.23260786562565
266.9,325.84751749999884,299.664627499999,-385.44263099649925,-446.3097862011256
266.95,325.85254249999883,299.664747499999,-385.52988566487426,-446.3873568026256
267.0,325.85890749999885,299.666207499999,-385.61618418487427,-446.46519708700066
267.05,325.86564499999884,299.668039999999,-385.7027033544993,-446.54328253762566
267.1,325.87101499999886,299.668504999999,-385.78784959312435,-446.6210247555007
267.15,325.87541249999884,299.667997499999,-385.8733880977493,-446.69839922400064
267.2,325.87929999999886,299.666979999999,-385.9596866177493,-446.77540594312563
267.25,325.88225249999886,299.665027499999,-386.0447347898743,-446.85221652925065
267.3,325.88554249999885,299.66341249999897,-386.1308126602493,-446.92973809750066
267.35,325.8895174999989,299.662482499999,-386.21627761499934,-447.00743128212565
267.4,325.8931649999989,299.661224999999,-386.29985478962425,-447.08448703450057
267.45,325.89717749999886,299.66033249999896,-386.3847558619993,-447.1615182702506
267.5,325.90130249999885,299.65955249999894,-386.4699511338743,-447.2385249893756
267.55,325.9044449999989,299.65778999999895,-386.55485220624934,-447.3156788082506
267.6,325.90748999999886,299.65592999999893,-386.64078297687433,-447.3937152256256
267.65,325.91059249999887,299.65412749999894,-386.7249485504993,-447.47189874275057
267.7,325.91303499999884,299.65166499999896,-386.8106831881243,-447.5497880603756
267.75,325.91643999999883,299.65016499999894,-386.8970307413743,-447.6272360787506
267.8,325.9209974999988,299.64981749999896,-386.9826427958743,-447.70512539637565
267.85,325.9251449999988,299.64905999999894,-387.06820581712435,-447.7831372971257
267.9,325.9300949999988,299.64910499999894,-387.1534746388743,-447.8603156326256
267.95,325.9358274999988,299.64993249999895,-387.2389641102493,-447.9371507353756
268.0,325.94112999999885,299.650329999999,-387.32330130024934,-448.0139858381256
268.05,325.9463399999988,299.650634999999,-387.40648620887436,-448.0901589920006
268.1,325.9514799999988,299.650869999999,-387.49386346037437,-448.16687151162563
268.15,325.9562649999988,299.650749999999,-387.5807994126243,-448.2440008138756
268.2,325.9604049999988,299.649984999999,-387.6653082189993,-448.32073785012557
268.25,325.9642999999988,299.648974999999,-387.75141060599935,-448.3980387687506
268.3,325.96898999999877,299.64875999999896,-387.83775815924935,-448.4758300198756
268.35,325.97521249999875,299.650077499999,-387.92530702712435,-448.5541606367506
268.4,325.9826049999987,299.65256499999896,-388.01118876449925,-448.63173123825055
268.45,325.9888924999987,299.65394749999894,-388.09753631774925,-448.7086644075006
268.5,325.9930799999987,299.6532299999989,-388.18344257174925,-448.7852298273756
268.55,325.9980099999987,299.6532549999989,-388.27030497412426,-448.8627268790006
268.6,326.0051249999987,299.6554649999989,-388.3552060464993,-448.9405181301256
268.65,326.0126174999987,299.6580524999989,-388.4385380548742,-449.01779453212555
268.7,326.01942749999876,299.65995749999894,-388.5224094289992,-449.0953896502506
268.75,326.02580499999874,299.6614299999989,-388.6067956522492,-449.1730092850006
268.8,326.0319599999987,299.66267999999894,-388.69194189087426,-449.2500160041256
268.85,326.03811999999874,299.66393499999896,-388.7745874337493,-449.32609109150064
268.9,326.0440724999987,299.664982499999,-388.8580420252492,-449.40312232725057
268.95,326.04874999999873,299.664754999999,-388.94127596712417,-449.4809871282506
269.0,326.0515024999987,299.66260249999897,-389.0236027938742,-449.5584841798756
269.05,326.05435249999874,299.660547499999,-389.1086754826242,-449.63593219825066
269.1,326.0595174999987,299.660807499999,-389.1952927187492,-449.7131350503757
269.15,326.0656899999987,299.662074999999,-389.28100283974914,-449.7899456365006
269.2,326.0705049999987,299.661984999999,-389.36671296074917,-449.8671239720006
269.25,326.07385499999873,299.660429999999,-389.4527663144992,-449.94513587275065
269.3,326.0769424999987,299.658612499999,-389.5393590339992,-450.02376068912565
269.35,326.0795799999987,299.65634499999896,-389.6247014056242,-450.10140484050066
269.4,326.08184749999873,299.653707499999,-389.70874439612413,-450.17821542662557
269.45,326.0848449999987,299.65179999999896,-389.79330223574914,-450.2553937621256
269.5,326.08848249999875,299.650532499999,-389.87888977362417,-450.33284178050064
269.55,326.09169499999877,299.648839999999,-389.96442827824916,-450.40984849962564
269.6,326.09471499999876,299.64695499999897,-390.05023646574915,-450.4867571522507
269.65,326.09842499999877,299.645759999999,-390.13518657137405,-450.5632490222506
269.7,326.1027449999988,299.64517499999897,-390.22288253899904,-450.64015767487564
269.75,326.1080699999988,299.645594999999,-390.30984300787406,-450.71728697712564
269.8,326.1147649999988,299.647384999999,-390.3945234306241,-450.79434272950067
269.85,326.1210799999988,299.64879499999904,-390.4775857561241,-450.8709816992507
269.9,326.1255624999988,299.648372499999,-390.560942281124,-450.94727743625066
269.95,326.1287399999988,299.646644999999,-390.64559818724905,-451.0239409226257
270.0,326.1325749999988,299.645574999999,-390.72934697824905,-451.1006044090007
270.05,326.13782749999876,299.64592249999896,-390.81375771812407,-451.17792984425074
270.1,326.14357749999874,299.646767499999,-390.8960600282491,-451.2549855966258
270.15,326.1498249999987,299.648109999999,-390.980593351249,-451.3321884487507
270.2,326.1565574999987,299.649937499999,-391.065543456874,-451.4096364671257
270.25,326.1628349999987,299.651309999999,-391.15071421212406,-451.48747675150076
270.3,326.16786999999874,299.651439999999,-391.23554173462406,-451.5649247698758
270.35,326.17254249999877,299.65120749999903,-391.3211292724991,-451.64198052225083
270.4,326.1779174999988,299.65167749999904,-391.409119439624,-451.7196491902508
270.45,326.18346499999876,299.65231999999907,-391.49605539187405,-451.7978327073758
270.5,326.18803999999875,299.65198999999905,-391.5816429297491,-451.8758691247508
270.55,326.19217499999877,299.65121999999906,-391.6670833678741,-451.9536358592508
270.6,326.1972149999988,299.65135499999906,-391.75360253749915,-452.0313290438758
270.65,326.20312499999875,299.6523599999991,-391.8391165254991,-452.10809059675074
270.7,326.2093749999988,299.6537049999991,-391.9232330658741,-452.1846069833758
270.75,326.2156699999988,299.6550949999991,-392.0089922201241,-452.26176080225076
270.8,326.2217824999988,299.65630249999913,-392.09386877587417,-452.33835073875076
270.85,326.22791999999885,299.65753499999914,-392.1785737152492,-452.4144503427508
270.9,326.2341199999988,299.6588299999991,-392.2624696059991,-452.4906970465007
270.95,326.24057249999885,299.66037749999913,-392.3465125964991,-452.56772828225076
271.0,326.24662249999886,299.66152249999914,-392.43180593487415,-452.6447840346258
271.05,326.25092999999885,299.6609249999991,-392.5156282757492,-452.7212023547508
271.1,326.25414999999884,299.6592399999991,-392.5995241664992,-452.7976697081258
271.15,326.25743249999886,299.6576174999991,-392.6849400879991,-452.8748970768757
271.2,326.26187499999884,299.6571549999991,-392.77163087399913,-452.9529580108757
271.25,326.26833499999884,299.6587099999991,-392.85643387987415,-453.0304550625007
271.3,326.2741949999988,299.65966499999905,-392.94194786787415,-453.1076088813757
271.35,326.2782949999988,299.65885999999904,-393.0269960399992,-453.1848362501257
271.4,326.2826199999988,299.658279999999,-393.1104015982491,-453.2615487697507
271.45,326.2875749999988,299.658329999999,-393.1973375504991,-453.3391193712507
271.5,326.2930449999988,299.658894999999,-393.2836851037491,-453.41703320550073
271.55,326.2987449999988,299.659689999999,-393.36713969524914,-453.49406444125077
271.6,326.3040074999988,299.660047499999,-393.45044718699916,-453.5711201936258
271.65,326.3086199999988,299.659754999999,-393.5331172464991,-453.6480533628757
271.7,326.31345499999884,299.659684999999,-393.6183860682491,-453.72579558075074
271.75,326.3192024999988,299.660527499999,-393.7042432889991,-453.80348876537573
271.8,326.32553999999885,299.661959999999,-393.7900514764991,-453.88086323387574
271.85,326.33143749999886,299.662952499999,-393.87671774587415,-453.95855641850073
271.9,326.33614749999884,299.662757499999,-393.96215818399907,-454.03605347012564
271.95,326.33965249999886,299.661357499999,-394.0494864022491,-454.11394278775066
272.0,326.3429099999989,299.659709999999,-394.13654493762414,-454.1915379058757
272.05,326.3472274999989,299.659122499999,-394.22004856237413,-454.2683730086257
272.1,326.3520874999989,299.659077499999,-394.30311088787414,-454.3447913287507
272.15,326.3571349999989,299.659219999999,-394.38906617512407,-454.4218715977506
272.2,326.3615499999989,299.65872999999897,-394.4777673243741,-454.50069254712565
272.25,326.3643899999989,299.65666499999895,-394.5649239262491,-454.57958704637565
272.3,326.3672174999989,299.65458749999897,-394.64994758174913,-454.65752539725065
272.35,326.3714924999989,299.65395749999897,-394.7354860863741,-454.73475276600067
272.4,326.3762349999989,299.653794999999,-394.82019102574907,-454.8112446360006
272.45,326.3803599999989,299.65301499999896,-394.90489596512407,-454.8880307055006
272.5,326.3847124999989,299.65246249999893,-394.9893067049991,-454.96493935812566
272.55,326.3890049999989,299.65184999999894,-395.0723935471241,-455.04125961175066
272.6,326.3929499999989,299.6508899999989,-395.1556765222491,-455.11772696512566
272.65,326.3975699999989,299.6506049999989,-395.238984013999,-455.1943414182506
272.7,326.4029274999989,299.6510574999989,-395.32189923974903,-455.2704655388756
272.75,326.4086849999989,299.6519099999989,-395.40645707937404,-455.34668772600065
272.8,326.4145874999989,299.6529074999989,-395.49059813637405,-455.42300797962565
272.85,326.4205224999989,299.6539374999989,-395.57419982762406,-455.4997940491257
272.9,326.42645999999894,299.6549699999989,-395.65807120174895,-455.5765801186256
272.95,326.4323224999989,299.65592749999894,-395.742972274124,-455.6534397380006
273.0,326.4373874999989,299.65608749999893,-395.829515960374,-455.7309613062506
273.05,326.4415324999989,299.6553274999989,-395.913951216874,-455.8080660918756
273.1,326.4465949999989,299.6554849999989,-395.99792065749904,-455.88458247850065
273.15,326.45225999999894,299.65624499999893,-396.08184106487397,-455.9610253152506
273.2,326.45691999999895,299.6559999999989,-396.16669310399897,-456.03847333362563
273.25,326.46123749999896,299.65541249999893,-396.25169224287396,-456.1160194185006
273.3,326.46554249999895,299.6548124999989,-396.33772107999897,-456.19339388700064
273.35,326.4690849999989,299.6534499999989,-396.425220914624,-456.27145482100065
273.4,326.4720449999989,299.6515049999989,-396.5115194346239,-456.3499080210006
273.45,326.4754799999989,299.6500349999989,-396.5958321079989,-456.4271844230006
273.5,326.4801674999989,299.6498174999989,-396.6791150831239,-456.5038479093756
273.55,326.4857124999989,299.6504574999989,-396.7634277564989,-456.58087914512566
273.6,326.4914724999989,299.6513124999989,-396.8502656422489,-456.6591362121257
273.65,326.4971849999989,299.6521199999989,-396.9346763821238,-456.73736876250064
273.7,326.5024149999989,299.65244499999886,-397.01957745449886,-456.81540517987565
273.75,326.5076849999989,299.65280999999885,-397.1014874986239,-456.89241189900065
273.8,326.5129874999989,299.65320749999887,-397.18150976262393,-456.9679476206257
273.85,326.51751249999893,299.65282749999886,-397.26643535162395,-457.04485627325073
273.9,326.52237249999894,299.65278249999886,-397.35069899174886,-457.1225004246257
273.95,326.5282999999989,299.65380499999884,-397.4346929489989,-457.2001200593757
274.0,326.5334324999989,299.65403249999883,-397.5191036888739,-457.2773474281257
274.05,326.53732499999893,299.65301999999883,-397.6041518609989,-457.35464834675076
274.1,326.54258249999896,299.65337249999885,-397.6887097006239,-457.4322189482508
274.15,326.5495974999989,299.65548249999887,-397.77240945837383,-457.50932373387576
274.2,326.55624999999895,299.6572299999989,-397.85517758437385,-457.58593818700075
274.25,326.56197499999894,299.65804999999887,-397.9380192602489,-457.66225844062575
274.3,326.56739999999894,299.65856999999886,-398.0228712993739,-457.73911806000075
274.35,326.57276249999893,299.65902749999884,-398.10924336924893,-457.8164189786258
274.4,326.5778124999989,299.6591724999988,-398.1947573572489,-457.8930334317507
274.45,326.5820849999989,299.6585399999988,-398.2819875089989,-457.9700401508757
274.5,326.5855074999989,299.6570574999988,-398.36769762999893,-458.0468752536257
274.55,326.5889399999989,299.65558499999884,-398.45245160262397,-458.1237593896257
274.6,326.5930724999989,299.65481249999885,-398.53730364174896,-458.20110934150074
274.65,326.5973124999989,299.6541474999988,-398.6214937319989,-458.27872897625065
274.7,326.6010824999989,299.65301249999885,-398.70639480437393,-458.35610344475066
274.75,326.6049249999989,299.65194999999886,-398.79105071049895,-458.4330611306257
274.8,326.6087349999989,299.65085499999884,-398.875020151124,-458.5100188165007
274.85,326.6119099999989,299.64912499999883,-398.958646358999,-458.5870255356257
274.9,326.6156424999989,299.64795249999884,-399.0420764338739,-458.6635419222506
274.95,326.6204774999989,299.64788249999884,-399.1260703911239,-458.7398621758756
275.0,326.6251149999989,299.64761499999884,-399.2085933508739,-458.81620694612565
275.05,326.6291499999989,299.6467449999988,-399.2906995279989,-458.89250268312566
275.1,326.6328974999989,299.64558749999884,-399.37469348524894,-458.96882293675066
275.15,326.6365899999989,299.64437499999883,-399.45957004099887,-459.0454619065006
275.2,326.64012999999886,299.6430099999988,-399.5463343768739,-459.1236454236256
275.25,326.64394249999884,299.6419174999988,-399.63135803237395,-459.2018044241256
275.3,326.64883999999887,299.6419099999988,-399.717877201999,-459.2799879412506
275.35,326.6537849999989,299.6419499999988,-399.803195056999,-459.35733789312565
275.4,326.6580874999989,299.6413474999988,-399.89022907574895,-459.43441816212555
275.45,326.66196749999887,299.6403224999988,-399.97880764187397,-459.51220941325056
275.5,326.6657449999989,299.6391949999988,-400.064493246249,-459.5899761477506
275.55,326.6693024999989,299.63784749999877,-400.14993368437405,-459.6682577313756
275.6,326.6725449999989,299.63618499999876,-400.23181921187404,-459.74516638400064
275.65,326.67745999999886,299.63619499999874,-400.31569058599894,-459.82165825400057
275.7,326.68423249999887,299.63806249999874,-400.400150359124,-459.89824819050057
275.75,326.6902649999989,299.63918999999873,-400.489636040374,-459.97633364112556
275.8,326.69486749999885,299.63888749999876,-400.579219788124,-460.05481135775057
275.85,326.69921499999884,299.63832999999875,-400.66463570962406,-460.13196517662556
275.9,326.70312749999886,299.63733749999875,-400.750492930374,-460.20916802875047
275.95,326.70647749999887,299.63578249999875,-400.835639168999,-460.28644443075046
276.0,326.7096224999989,299.63402249999876,-400.92110412374905,-460.3641866486255
276.05,326.7133049999989,299.6327999999988,-401.00713296087406,-460.4421985493755
276.1,326.7177899999989,299.63237999999876,-401.0928430818741,-460.51954850125054
276.15,326.72286749999887,299.6325524999988,-401.176395739874,-460.5962610208755
276.2,326.7281974999989,299.6329774999988,-401.259850331374,-460.6731206402505
276.25,326.7333349999989,299.63320999999877,-401.34450623749905,-460.7502499425005
276.3,326.7393874999989,299.63435749999877,-401.43230027162406,-460.8284334596255
276.35,326.74610499999886,299.6361699999988,-401.5189665409991,-460.9064698770005
276.4,326.75272749999885,299.6378874999988,-401.603475347374,-460.98377079562545
276.45,326.75958999999887,299.6398449999988,-401.687101555249,-461.06033621550046
276.5,326.7671524999989,299.6425024999988,-401.771536811749,-461.13707325175045
276.55,326.7749374999989,299.6453824999988,-401.85763919874904,-461.21417803737546
276.6,326.7813924999989,299.6469324999988,-401.9437415857491,-461.29089055700047
276.65,326.7857799999989,299.6464149999988,-402.029231057124,-461.3671127441254
276.7,326.7889274999989,299.6446574999988,-402.115357960749,-461.4441684965004
276.75,326.7927549999989,299.6435799999988,-402.19900868524905,-461.52066036650046
276.8,326.79828499999894,299.6442049999988,-402.2818503611241,-461.5967599705005
276.85,326.8037624999989,299.6447774999988,-402.3656236687491,-461.6741834722505
276.9,326.80726999999894,299.6433799999988,-402.448367278124,-461.7513863243754
276.95,326.81068999999894,299.6418949999988,-402.53248381849903,-461.82817239387543
277.0,326.81602249999895,299.6423224999988,-402.6164042258741,-461.90490943012543
277.05,326.82224499999893,299.6436399999988,-402.6998833339991,-461.9820632490004
277.1,326.8287599999989,299.64524999999884,-402.7840243909991,-462.05926610112544
277.15,326.8344049999989,299.64598999999885,-402.867626082249,-462.1361012038754
277.2,326.8378074999989,299.64448749999883,-402.951791655874,-462.2131814728754
277.25,326.8414374999989,299.6432124999988,-403.036521111874,-462.29021270862546
277.3,326.84750499999893,299.64437499999883,-403.121029918249,-462.3675871771255
277.35,326.85523999999896,299.64720499999885,-403.207083271999,-462.44608941037546
277.4,326.86330249999895,299.65036249999883,-403.29345534187394,-462.5249593930004
277.45,326.86972749999893,299.65188249999886,-403.38026871099896,-462.60419712500044
277.5,326.87415499999895,299.6514049999989,-403.46566011587396,-462.68255225850044
277.55,326.879277499999,299.6516224999989,-403.549041157499,-462.75965704412545
277.6,326.885582499999,299.6530224999989,-403.634015779749,-462.83673731312547
277.65,326.891454999999,299.6539899999989,-403.71928460149894,-462.9141853315004
277.7,326.897152499999,299.6547824999989,-403.80489665599896,-462.9923688486254
277.75,326.902914999999,299.65563999999887,-403.88962611199895,-463.06969428387544
277.8,326.907804999999,299.65562499999885,-403.974110401749,-463.14599002087544
277.85,326.911824999999,299.65473999999887,-404.060090205624,-463.22243285762545
277.9,326.91582249999897,299.6538324999989,-404.14577580999895,-463.29963570975036
277.95,326.920252499999,299.6533574999989,-404.23185368037394,-463.37799084325036
278.0,326.92476249999896,299.65296249999886,-404.31692636912396,-463.45580661100036
278.05,326.92861749999895,299.65191249999884,-404.400528060374,-463.53237203087536
278.1,326.93221249999897,299.65060249999885,-404.485232999749,-463.60883938425036
278.15,326.93653499999897,299.65001999999885,-404.5713108701239,-463.6861403028753
278.2,326.941184999999,299.64976499999887,-404.6572171241239,-463.7640541371253
278.25,326.945939999999,299.64961499999885,-404.74241239599894,-463.84191893812533
278.3,326.95074499999896,299.64951499999887,-404.827313468374,-463.91971018925034
278.35,326.955017499999,299.6488824999989,-404.912778423124,-463.99737885725034
278.4,326.95923749999895,299.6481974999989,-404.9973852959989,-464.0738462106253
278.45,326.96400249999897,299.6480574999989,-405.08123215349895,-464.1493819322503
278.5,326.968922499999,299.64807249999893,-405.16696679112397,-464.22548153625036
278.55,326.973792499999,299.6480374999989,-405.254221459499,-464.3025127720004
278.6,326.97857249999896,299.6479124999989,-405.340152230124,-464.37954400775044
278.65,326.98273499999897,299.6471699999989,-405.4256907347489,-464.4567958931254
278.7,326.98641249999895,299.64594249999885,-405.51142537237394,-464.5344890777504
278.75,326.98987999999895,299.64450499999884,-405.59654709437393,-464.61245194525037
278.8,326.9926799999989,299.6423999999988,-405.68272303124894,-464.69107676162537
278.85,326.99524499999893,299.6400599999988,-405.76953640037397,-464.7699222276254
278.9,326.9979974999989,299.6379074999988,-405.8550503883739,-464.8486941437503
278.95,327.0004599999989,299.6354649999988,-405.94078502599893,-464.92736799337536
279.0,327.0030899999989,299.6331899999988,-406.02816227749895,-465.0059192598754
279.05,327.0068324999989,299.6320274999988,-406.11500016324896,-465.0839801938754
279.1,327.0119324999989,299.6322224999988,-406.201715465874,-465.16182047825043
279.15,327.01735499999893,299.6327399999988,-406.2875236533739,-465.2394646296254
279.2,327.02252999999894,299.6330099999988,-406.37068404537393,-465.3169126480004
279.25,327.02739499999893,299.6329699999988,-406.45418767012393,-465.39423808325046
279.3,327.0319474999989,299.6326174999988,-406.53791194449894,-465.47109770262546
279.35,327.0363024999989,299.6320674999988,-406.62269043374897,-465.54852120437545
279.4,327.04031999999887,299.63117999999884,-406.7074444063739,-465.62626342225036
279.45,327.04510249999885,299.63105749999886,-406.7920022459989,-465.7043979061254
279.5,327.05093499999884,299.63198499999885,-406.87732010099893,-465.7828511061254
279.55,327.05621999999886,299.63236499999886,-406.96239278974895,-465.86152495575044
279.6,327.0613424999989,299.6325824999989,-407.04692611274896,-465.93983105600046
279.65,327.06765749999886,299.6339924999989,-407.13199880149887,-466.0182107061254
279.7,327.0736399999989,299.6350699999989,-407.2175863393739,-466.0970316555004
279.75,327.0784499999989,299.6349749999989,-407.3005260817489,-466.1747248401254
279.8,327.0834749999989,299.6350949999989,-407.3848142384989,-466.25298190712545
279.85,327.0886774999989,299.6353924999989,-407.4714314746239,-466.3311163910005
279.9,327.0936499999989,299.6354599999989,-407.55829387699885,-466.4084173096254
279.95,327.0975474999989,299.6344524999989,-407.64510724612387,-466.48586532800044
280.0,327.10025999999885,299.6322599999989,-407.7300083184989,-466.56257784762545
280.05,327.10395999999884,299.63105499999887,-407.8158165059989,-466.6396336000005
280.1,327.1094824999988,299.63167249999884,-407.90137952724893,-466.71678741887547
280.15,327.1155599999988,299.63284499999884,-407.9854225177489,-466.7935244551254
280.2,327.1213924999988,299.6337724999988,-408.0706423062489,-466.87087440700043
280.25,327.1270724999988,299.6345474999988,-408.1552736957489,-466.94785660950043
280.3,327.1326399999988,299.6352099999988,-408.2400031517489,-467.02444654600043
280.35,327.13798249999877,299.63564749999875,-408.32487970749895,-467.10108551575047
280.4,327.14255749999876,299.63531749999873,-408.4088981813739,-467.1778225520004
280.45,327.14652999999873,299.63438499999876,-408.49350505424894,-467.25529508700043
280.5,327.15113499999876,299.6340849999988,-408.57673899612394,-467.33249793912546
280.55,327.15653749999876,299.63458249999877,-408.66058585362396,-467.4098233743755
280.6,327.16174499999875,299.63488499999875,-408.744530777624,-467.4866829937505
280.65,327.16712999999874,299.6353649999987,-408.8297260494989,-467.5634445466254
280.7,327.17297749999875,299.63630749999874,-408.91570585337394,-467.6403286826254
280.75,327.17896999999874,299.6373949999987,-409.00271535549894,-467.7180218672504
280.8,327.18419749999873,299.6377174999987,-409.089210008499,-467.7958131183754
280.85,327.1887774999987,299.6373924999987,-409.174233663999,-467.87220692187543
280.9,327.1938524999987,299.63756249999875,-409.25933086937397,-467.9485026588754
280.95,327.1987074999987,299.63751249999876,-409.34283449412396,-468.0239403140004
281.0,327.20340249999873,299.6373024999988,-409.427318783874,-468.10001540137546
281.05,327.20798999999874,299.6369849999988,-409.51302890487403,-468.1770711537505
281.1,327.21203749999876,299.6361274999988,-409.5995235578741,-468.2545436887505
281.15,327.21600749999874,299.63519249999877,-409.684865929499,-468.33152589125046
281.2,327.22078249999873,299.63506249999875,-409.770379917499,-468.4083119607505
281.25,327.22624249999876,299.6356174999988,-409.854619040999,-468.4843134982505
281.3,327.23138499999874,299.6358549999988,-409.94084401112406,-468.56112408437554
281.35,327.23637249999877,299.6359374999988,-410.0255979837491,-468.6380327370006
281.4,327.24178249999875,299.6364424999988,-410.11194553699903,-468.71445105712553
281.45,327.24740999999875,299.6371649999988,-410.20079378599905,-468.7926836075005
281.5,327.25230249999873,299.63715249999876,-410.28657745687406,-468.87079357475056
281.55,327.25598499999876,299.6359299999988,-410.37221402799906,-468.9482661097506
281.6,327.25934249999875,299.63438249999876,-410.4584880313741,-469.0247334631256
281.65,327.26280499999876,299.63293999999877,-410.546649814874,-469.10159308250053
281.7,327.26697749999875,299.63220749999874,-410.63341415074905,-469.1788694845005
281.75,327.27182249999873,299.6321474999987,-410.71887910549907,-469.2565626691255
281.8,327.2764449999987,299.6318649999987,-410.7987787863741,-469.33253969000054
281.85,327.2815099999987,299.6320249999987,-410.88191466174914,-469.4088844602506
281.9,327.2876099999987,299.6332199999987,-410.9696106293741,-469.48856349150054
281.95,327.29415249999875,299.6348574999987,-411.0540458858741,-469.5666734587506
282.0,327.30057499999873,299.6363749999987,-411.14296768474907,-469.6448324592506
282.05,327.3070374999987,299.63793249999867,-411.2287268389991,-469.72164304537563
282.1,327.31332999999876,299.6393199999987,-411.3149763257491,-469.79759554962567
282.15,327.3183624999987,299.6394474999987,-411.402770359874,-469.8753132508756
282.2,327.3219924999987,299.6381724999987,-411.489387595999,-469.95288385237563
282.25,327.3254099999987,299.6366849999987,-411.579363609749,-470.03236675062567
282.3,327.3292424999987,299.6356124999987,-411.660685254874,-470.10925088662566
282.35,327.33328749999873,299.6347524999987,-411.743355314374,-470.18410014275065
282.4,327.33820999999875,299.6347699999987,-411.83149258124894,-470.2617688107506
282.45,327.3453574999987,299.6370124999987,-411.916785919624,-470.3395845785006
282.5,327.3530799999987,299.6398299999987,-412.006688383499,-470.4191410266256
282.55,327.35877499999873,299.6406199999987,-412.092202371499,-470.4977168097506
282.6,327.36256999999875,299.6395099999987,-412.17722602699905,-470.57450287925064
282.65,327.36587999999875,299.6379149999987,-412.26661364174896,-470.65383867775057
282.7,327.37027749999874,299.6374074999987,-412.34994565012397,-470.7319731616256
282.75,327.37583499999874,299.6380599999987,-412.433915090749,-470.8093476301256
282.8,327.38111999999876,299.6384399999987,-412.517663881749,-470.88610918300066
282.85,327.38576249999875,299.6381774999987,-412.602368821124,-470.96309138550066
282.9,327.39015999999873,299.63766999999865,-412.68763764287394,-471.04139748575057
282.95,327.3941324999987,299.6367374999987,-412.771312883999,-471.1192622867506
283.0,327.3984524999987,299.6361524999987,-412.853958426874,-471.19629352250064
283.05,327.40339749999873,299.6361924999987,-412.937658184624,-471.27307959200067
283.1,327.40798499999875,299.6358749999987,-413.02515801924903,-471.3502579275007
283.15,327.41225499999877,299.6352399999987,-413.11155460574895,-471.42726464662564
283.2,327.4167324999988,299.6348124999987,-413.19883379074895,-471.50508041437564
283.25,327.4215474999988,299.6347224999987,-413.28594135937396,-471.58257746600066
283.3,327.4266549999988,299.6349249999987,-413.371528897249,-471.65958418512565
283.35,327.4319899999988,299.6353549999987,-413.456429969624,-471.7362476715007
283.4,327.4372124999988,299.6356724999987,-413.5403013437489,-471.8130092243756
283.45,327.44226499999877,299.6358199999987,-413.6253004826239,-471.8909475752506
283.5,327.44744749999876,299.6360974999987,-413.70953960612394,-471.96878785962565
283.55,327.4532674999988,299.6370124999987,-413.794955527624,-472.04670169387566
283.6,327.4592499999988,299.6380899999987,-413.880395965749,-472.12437036187566
283.65,327.4651149999988,299.63904999999875,-413.96622866987394,-472.2017938636256
283.7,327.4709649999988,299.63999499999875,-414.05196330749897,-472.27897219912563
283.75,327.4760299999988,299.64015499999874,-414.136913413124,-472.35561116887567
283.8,327.48045249999876,299.63967249999877,-414.222599017499,-472.4336475862507
283.85,327.48516249999875,299.63947749999875,-414.30575940949905,-472.5116840036257
283.9,327.49003249999873,299.6394424999987,-414.390635965249,-472.59003913712564
283.95,327.49493249999875,299.63943749999873,-414.473943456999,-472.66714392275065
284.0,327.49958999999876,299.63918999999873,-414.558672912999,-472.74358675950066
284.05,327.50299749999874,299.6376924999987,-414.640582957124,-472.8193921640007
284.1,327.50540499999875,299.6351949999987,-414.72229686824903,-472.8935549546257
284.15,327.50776749999875,299.6326524999987,-414.81467551124894,-472.9721062211256
284.2,327.51010249999877,299.6300824999987,-414.90202824612396,-473.05129491987566
284.25,327.51263499999874,299.62770999999873,-414.987762883749,-473.12908617100067
284.3,327.51643499999875,299.62660499999873,-415.073595587874,-473.20717162162566
284.35,327.52120999999875,299.6264749999987,-415.156559846874,-473.28361445837567
284.4,327.52535749999873,299.6257174999987,-415.24484421349894,-473.3612340931256
284.45,327.52877749999874,299.6242324999987,-415.33158403274894,-473.4386085616256
284.5,327.5329524999987,299.6235024999987,-415.41896128424895,-473.5159830301256
284.55,327.5381149999987,299.6237599999987,-415.504156556124,-473.5928426495006
284.6,327.5438449999987,299.6245849999987,-415.590062810124,-473.6688196703756
284.65,327.54980499999874,299.6256399999987,-415.6784452432489,-473.74609607237556
284.7,327.5554199999987,299.62634999999875,-415.7618017682489,-473.82148469425056
284.75,327.56045249999875,299.62647749999877,-415.84564862574894,-473.8972165488756
284.8,327.56575999999876,299.6268799999988,-415.92799996912396,-473.9734632526256
284.85,327.57124999999877,299.6274649999988,-416.014788821624,-474.0506170715006
284.9,327.57654749999875,299.62785749999875,-416.1029506051239,-474.1295606040005
284.95,327.58265499999874,299.62905999999873,-416.1899355906239,-474.2084551032505
285.0,327.58910499999877,299.63060499999875,-416.27836705699895,-474.28631990425055
285.05,327.5946774999988,299.6312724999988,-416.36525397599894,-474.36347372312554
285.1,327.5991074999988,299.6307974999988,-416.45253316099894,-474.44187788987557
285.15,327.6029899999988,299.6297749999988,-416.53836586512386,-474.5204781896255
285.2,327.6067074999988,299.6285874999988,-416.62091334149886,-474.5966513435005
285.25,327.61049999999875,299.6274749999988,-416.7066724957489,-474.67304514700055
285.3,327.61390749999873,299.6259774999988,-416.7929219824989,-474.75019896587554
285.35,327.6162774999987,299.62344249999876,-416.8770875561239,-474.8257346875006
285.4,327.61906249999873,299.62132249999877,-416.96277316049884,-474.9018342915005
285.45,327.6230774999987,299.62043249999874,-417.0461787187489,-474.97768872925053
285.5,327.62817999999874,299.62062999999876,-417.13090817474887,-475.05393543300056
285.55,327.63435999999876,299.6219049999988,-417.21480406549887,-475.1300105203756
285.6,327.64026499999875,299.62290499999875,-417.2998277209989,-475.2072624057506
285.65,327.6458599999987,299.6235949999988,-417.3821545477488,-475.28387685887554
285.7,327.65236249999873,299.6251924999988,-417.46423620824885,-475.3579415830006
285.75,327.6593449999987,299.62726999999876,-417.55124571037385,-475.4337715041256
285.8,327.6653824999987,299.62840249999874,-417.6355829003739,-475.50992014137563
285.85,327.6703149999987,299.62842999999873,-417.72423501637394,-475.58903529025065
285.9,327.6743924999987,299.6276024999987,-417.81099935224887,-475.6697195031256
285.95,327.6780374999987,299.6263424999987,-417.8948462097489,-475.7476088207506
286.0,327.68183249999873,299.62523249999873,-417.9798208319989,-475.82451747337564
286.05,327.6855749999987,299.6240699999987,-418.0637902726239,-475.90044546100063
286.1,327.6900199999987,299.62360999999873,-418.14790681299894,-475.9763734486256
286.15,327.6956649999987,299.62434999999874,-418.22930200799885,-476.0515904541256
286.2,327.7015924999987,299.6253724999987,-418.31523277862385,-476.12874427300056
286.25,327.7076374999987,299.62651249999874,-418.39829510412386,-476.20641294100056
286.3,327.71411249999875,299.62808249999875,-418.4810141968739,-476.2824144785006
286.35,327.72037749999873,299.62944249999873,-418.56792563249894,-476.3598870135006
286.4,327.72628999999876,299.63044999999875,-418.65233637237384,-476.43758019812554
286.45,327.73140749999874,299.6306624999987,-418.7369432452489,-476.51473401700054
286.5,327.73531499999876,299.62966499999874,-418.8236340312489,-476.59198590237554
286.55,327.73827499999874,299.62771999999876,-418.9116977482489,-476.6707823351256
286.6,327.74076499999876,299.6253049999988,-418.99833950099895,-476.7494071515006
286.65,327.74369999999874,299.6233349999988,-419.08586385224885,-476.8276397018755
286.7,327.74723249999874,299.6219624999988,-419.1732165871239,-476.9058477356255
286.75,327.75161499999876,299.6214399999988,-419.2633151839989,-476.9852816006255
286.8,327.7566049999988,299.6215249999988,-419.3499569367489,-477.06383286712554
286.85,327.7614674999988,299.6214824999988,-419.43449025974894,-477.1401776373756
286.9,327.7658124999988,299.6209224999988,-419.52034748049886,-477.21755210587554
286.95,327.76975999999877,299.6199649999988,-419.6022575246239,-477.29357816000055
287.0,327.77364249999874,299.6189424999988,-419.6899044589989,-477.37139392775055
287.05,327.77656999999874,299.6169649999988,-419.7755165134989,-477.44930776200056
287.1,327.77913249999875,299.6146224999988,-419.861202117874,-477.52533381612557
287.15,327.78334499999875,299.6139299999988,-419.9496581008739,-477.6034437833755
287.2,327.78903999999875,299.6147199999988,-420.0337501246239,-477.6803034027505
287.25,327.79471999999873,299.61549499999876,-420.12134802574894,-477.7574081883755
287.3,327.80018999999874,299.61605999999875,-420.204336801374,-477.8342923243755
287.35,327.8061874999987,299.6171524999988,-420.286737177999,-477.9099015958755
287.4,327.8129524999987,299.6190124999988,-420.3724472989989,-477.98715348125046
287.45,327.8191424999987,299.6202974999988,-420.4546025093739,-478.0635718013755
287.5,327.8245924999987,299.6208424999988,-420.5429113926239,-478.14192693487547
287.55,327.8307049999987,299.6220499999988,-420.62685631662396,-478.2199388356255
287.6,327.8369199999987,299.6233599999988,-420.707417946374,-478.2941751761255
287.65,327.84267749999873,299.6242124999988,-420.7987914077489,-478.3715251280004
287.7,327.84807499999874,299.6247049999988,-420.88440346224894,-478.44909572950047
287.75,327.85249999999877,299.62422499999883,-420.96932905124896,-478.5243617682505
287.8,327.85525749999874,299.62207749999885,-421.05825085012395,-478.6008046050005
287.85,327.8573124999987,299.61922749999883,-421.13959701187395,-478.67558031125054
287.9,327.86043999999873,299.6174499999988,-421.2281265447489,-478.7522683142505
287.95,327.86527999999873,299.6173849999988,-421.3177593257489,-478.8312853966255
288.0,327.8712099999987,299.61840999999885,-421.4031262139989,-478.9087088983755
288.05,327.8776249999987,299.61991999999884,-421.49126348087395,-478.9867453157505
288.1,327.8842874999987,299.62167749999884,-421.577390384499,-479.06485528300055
288.15,327.89087749999874,299.62336249999885,-421.6663857332489,-479.1443136646255
288.2,327.89640999999875,299.62398999999886,-421.7504287237489,-479.2225707316255
288.25,327.9006799999988,299.62335499999887,-421.8341284814989,-479.29886646862553
288.3,327.90483249999875,299.6226024999989,-421.9223147816239,-479.3776629013756
288.35,327.90928499999876,299.6221499999989,-422.00307254437394,-479.4544489708756
288.4,327.91343499999874,299.62139499999887,-422.0912833611238,-479.5313576235005
288.45,327.91668999999877,299.6197449999989,-422.18157809099887,-479.61103665475054
288.5,327.91993999999875,299.61808999999886,-422.2602519406239,-479.68652334312554
288.55,327.92470749999876,299.61795249999886,-422.34772725862393,-479.7628926300006
288.6,327.92995499999876,299.61829499999885,-422.43400126199896,-479.8419587456256
288.65,327.93443499999876,299.61786999999885,-422.5120131627489,-479.9174209173755
288.7,327.93928249999874,299.6178124999988,-422.6041221228739,-479.99555540125056
288.75,327.94462249999873,299.6182474999988,-422.6930439217489,-480.0758228315006
288.8,327.9502574999987,299.6189774999988,-422.7694132086239,-480.1507946707506
288.85,327.9559774999987,299.61979249999877,-422.8603453707489,-480.2276052568756
288.9,327.96146249999873,299.6203724999988,-422.9548814767488,-480.30873076900053
288.95,327.9663774999987,299.62038249999875,-423.0347321243738,-480.38593362112556
289.0,327.9700449999987,299.61914499999875,-423.12304100762384,-480.46279324050056
289.05,327.9735574999987,299.61775249999874,-423.21438995237384,-480.5417367730006
289.1,327.9779324999987,299.6172224999987,-423.29487803224885,-480.6174686276256
289.15,327.98251499999867,299.61689999999874,-423.38505017899877,-480.69484309612557
289.2,327.9869199999987,299.61639999999875,-423.4737022949988,-480.77442406087556
289.25,327.9913074999987,299.61588249999875,-423.55051288112384,-480.8498862326256
289.3,327.9960349999987,299.61570499999874,-423.63923854699885,-480.92677036862557
289.35,328.0009299999987,299.61569499999877,-423.72972940987387,-481.0065229497506
289.4,328.00557499999866,299.61543499999874,-423.8136988504988,-481.0848290500005
289.45,328.00992999999863,299.61488499999876,-423.8988941223738,-481.16347838300055
289.5,328.0138724999986,299.61392249999875,-423.9808531997488,-481.24063220187554
289.55,328.0182249999986,299.6133699999987,-424.06546007262386,-481.3175408545006
289.6,328.02357499999863,299.61381499999874,-424.1488411142489,-481.3947191900006
289.65,328.0291249999986,299.61445999999876,-424.23712548087383,-481.47243689125054
289.7,328.0341724999986,299.61460249999874,-424.3267337452489,-481.55223850562555
289.75,328.0386874999986,299.61421249999876,-424.4074179581239,-481.62892650862557
289.8,328.0429899999986,299.61360999999874,-424.49749203837393,-481.7054183786256
289.85,328.0472224999986,299.61293749999874,-424.58388862487396,-481.7836509290006
289.9,328.0519449999986,299.61275499999874,-424.6569481673739,-481.8573233871255
289.95,328.05705249999863,299.61295749999874,-424.74425186899896,-481.9313390780005
290.0,328.06181999999865,299.61281999999875,-424.83665502862397,-482.01018454400054
290.05,328.06688249999866,299.61297749999875,-424.919153471749,-482.08804934500057
290.1,328.0727049999987,299.61389499999876,-425.007388805124,-482.16574252962556
290.15,328.0787399999987,299.61502499999875,-425.0940305578739,-482.2423079495005
290.2,328.0849499999987,299.61632999999875,-425.1791032466239,-482.31774560462554
290.25,328.0916824999987,299.61815749999874,-425.26576951599895,-482.39440909100057
290.3,328.0984024999987,299.61997249999877,-425.352411268749,-482.4717835595006
290.35,328.10406749999873,299.6207324999988,-425.438464622499,-482.5497954602506
290.4,328.10852499999874,299.6202849999988,-425.52130629837393,-482.62721896200054
290.45,328.1120649999987,299.61891999999875,-425.6075067518739,-482.7053289292506
290.5,328.1150374999987,299.61698749999874,-425.68961292899894,-482.7818207992506
290.55,328.1176149999987,299.61465999999876,-425.77716179687394,-482.8588275183756
290.6,328.12001249999867,299.6121524999988,-425.86931979024894,-482.93916849850063
290.65,328.1228424999987,299.6100774999988,-425.9486065554989,-483.0161507010006
290.7,328.1262799999987,299.6086099999988,-426.0338263439989,-483.0919315888756
290.75,328.1302249999987,299.6076499999988,-426.12343460837394,-483.1699925228756
290.8,328.1348974999987,299.6074174999988,-426.20674210012396,-483.2473915080006
290.85,328.1405899999987,299.6082049999988,-426.29335933624895,-483.3256730916256
290.9,328.1461049999987,299.6088149999988,-426.37705909399887,-483.40292497700057
290.95,328.14965249999875,299.6074574999988,-426.46257308199887,-483.4794413636256
291.0,328.15191249999873,299.60481249999884,-426.5497051672489,-483.5567177656256
291.05,328.15548999999874,299.60348499999884,-426.6351210887489,-483.6340677175006
291.1,328.16101999999876,299.60410999999885,-426.7221060742489,-483.71129508625063
291.15,328.1662324999987,299.6044174999989,-426.81119948949885,-483.78918440387554
291.2,328.16994499999873,299.6032249999989,-426.89914062337385,-483.86697565500054
291.25,328.17279749999875,299.6011724999989,-426.9864443249989,-483.94479142275054
291.3,328.17616749999877,299.5996374999989,-427.0725221953739,-484.02272977362554
291.35,328.18080999999876,299.5993749999989,-427.1571535848739,-484.09968745950056
291.4,328.18537499999877,299.5990349999989,-427.24391792074886,-484.17676772850047
291.45,328.1897399999988,299.5984949999989,-427.3291131926239,-484.2538479975005
291.5,328.1947374999988,299.59858749999887,-427.4155342957489,-484.3318844148755
291.55,328.1994649999988,299.59840999999886,-427.50175926587394,-484.4097001826255
291.6,328.2036674999988,299.5977074999989,-427.58769003649894,-484.4870501345005
291.65,328.2080824999988,299.59721749999886,-427.67276272524884,-484.56390975387546
291.7,328.21257249999877,299.5968024999989,-427.75582505074885,-484.6401319410005
291.75,328.21728499999875,299.59660999999886,-427.8391325424989,-484.71623154500054
291.8,328.2226124999988,299.5970324999989,-427.9228813334989,-484.7926008318756
291.85,328.2275824999988,299.5970974999989,-428.0081011219989,-484.8699262671256
291.9,328.2311749999988,299.5957849999989,-428.0917763631238,-484.94683491975053
291.95,328.23501749999883,299.5947224999989,-428.17626065287385,-485.02369453912553
292.0,328.2399774999988,299.5947774999989,-428.26138237487385,-485.10079932475054
292.05,328.2438574999988,299.59375249999886,-428.3462589306239,-485.17805121012555
292.1,328.24740249999877,299.5923924999989,-428.4300322382489,-485.2541262975006
292.15,328.25233749999876,299.59242249999886,-428.5128984307488,-485.3303239680005
292.2,328.25754499999874,299.59272499999884,-428.5962549557488,-485.40762488662557
292.25,328.26185749999877,299.59213249999885,-428.67912114824884,-485.48463160575056
292.3,328.26526499999875,299.5906349999988,-428.76054085987386,-485.5611234757506
292.35,328.26911999999874,299.5895849999988,-428.84279413674886,-485.63763986237564
292.4,328.27368499999875,299.5892449999988,-428.9264448612488,-485.71427883212556
292.45,328.27770749999877,299.5883624999988,-429.01080656787383,-485.7912120013756
292.5,328.28099749999876,299.5867474999988,-429.09524182437383,-485.8681206540006
292.55,328.2838049999988,299.5846499999988,-429.1801183801239,-485.9449802733756
292.6,328.2860674999988,299.58200749999884,-429.2643329869989,-486.02132504362567
292.65,328.2887574999988,299.57979249999886,-429.34943019237386,-486.0979640133756
292.7,328.29250499999876,299.5786349999989,-429.43452739774887,-486.1752404153756
292.75,328.29686749999877,299.5780924999989,-429.51830070537386,-486.2518793851256
292.8,328.3021249999988,299.5784449999989,-429.6028095117489,-486.32893513750065
292.85,328.3080124999988,299.5794274999989,-429.6883480163739,-486.4065057390007
292.9,328.31403999999884,299.58054999999894,-429.7739110376238,-486.4837331077506
292.95,328.32013499999886,299.58173999999894,-429.86043020724884,-486.5614262923756
293.0,328.32534499999883,299.58204499999897,-429.94508611337386,-486.6393401266256
293.05,328.3297374999988,299.58153249999896,-430.0282465053739,-486.71651846212563
293.1,328.33443499999885,299.58132499999897,-430.1143734089989,-486.79416261350065
293.15,328.3395549999988,299.581539999999,-430.19949513099886,-486.87112029937555
293.2,328.3440349999988,299.581114999999,-430.2860388172489,-486.94837218475055
293.25,328.3476474999988,299.579822499999,-430.3696895417489,-487.0251582542506
293.3,328.3515999999988,299.57886999999903,-430.45321768312397,-487.1016746408756
293.35,328.3565174999988,299.57888249999905,-430.537211640374,-487.17858329350065
293.4,328.3618924999988,299.57935249999906,-430.62230884574893,-487.2563990612506
293.45,328.36678999999884,299.5793449999991,-430.708680915624,-487.3349012945006
293.5,328.37075499999884,299.57840499999907,-430.796965282249,-487.4144822592506
293.55,328.3743449999988,299.5770899999991,-430.87941469212404,-487.4929354592506
293.6,328.3781974999988,299.5760374999991,-430.95963308912405,-487.5685447307506
293.65,328.38192499999883,299.5748599999991,-431.047598739624,-487.64557596650053
293.7,328.3848174999988,299.5728474999991,-431.12869973512403,-487.72125878787557
293.75,328.3873824999988,299.5705074999991,-431.2123504596241,-487.7968435427506
293.8,328.3905274999988,299.5687474999991,-431.2986244629991,-487.8741934946256
293.85,328.39405249999885,299.56736749999914,-431.38136807237413,-487.9506363313756
293.9,328.39769499999886,299.56610499999914,-431.46536202962403,-488.02754498400054
293.95,328.40235749999886,299.5658624999991,-431.54896372087404,-488.10413492050054
294.0,328.4085599999989,299.56715999999915,-431.63513965774905,-488.18052872400057
294.05,328.4153824999989,299.56907749999914,-431.7201878298741,-488.2573393101256
294.1,328.4212099999989,299.56999999999914,-431.8053831017491,-488.3349589448756
294.15,328.42655749999886,299.57044249999916,-431.88994094137405,-488.41252954637554
294.2,328.43286249999886,299.57184249999915,-431.97800465837406,-488.49110532950056
294.25,328.4393799999989,299.57345499999917,-432.06408252874905,-488.5693869131256
294.3,328.44551249999887,299.5746824999992,-432.1489590844991,-488.6460503995006
294.35,328.45056249999885,299.5748274999992,-432.2374150674991,-488.7232777682506
294.4,328.45457749999883,299.57393749999915,-432.323443904624,-488.79927930575053
294.45,328.4583674999988,299.5728224999991,-432.41202247074904,-488.87569762587555
294.5,328.4618149999988,299.5713649999991,-432.4970461262491,-488.9515030303756
294.55,328.4650599999988,299.5697049999991,-432.5810155668741,-489.0269897187506
294.6,328.4686074999988,299.5683474999991,-432.66388175937414,-489.10281963987563
294.65,328.4726724999988,299.5675074999991,-432.751553210374,-489.18041475800055
294.7,328.4769399999988,299.56686999999914,-432.84096534174904,-489.2600447560006
294.75,328.48075999999884,299.56578499999915,-432.92459154962404,-489.3374437411256
294.8,328.4848399999988,299.56495999999913,-433.01405271424903,-489.4158969411256
294.85,328.4898224999988,299.5650374999991,-433.0986595871241,-489.4939823917506
294.9,328.4948624999988,299.5651724999991,-433.181967078874,-489.5706213615005
294.95,328.49976249999884,299.5651674999991,-433.267530100124,-489.64713774812554
295.0,328.50513499999886,299.56563499999913,-433.35272537199904,-489.72360510150054
295.05,328.51125499999887,299.56684999999914,-433.43689094562404,-489.79999890500056
295.1,328.51675249999886,299.5674424999991,-433.5204190869991,-489.8754610767506
295.15,328.52058749999884,299.5663724999991,-433.604829826874,-489.9514626142505
295.2,328.52436249999886,299.5652424999991,-433.687499886374,-490.0275131850005
295.25,328.5290599999989,299.5650349999991,-433.77426422224903,-490.1048876535005
295.3,328.5332449999989,299.5643149999991,-433.859385944249,-490.18233567187553
295.35,328.5369949999989,299.56315999999913,-433.94480186574907,-490.25985724012554
295.4,328.5429374999989,299.5641974999991,-434.030904252749,-490.3379426907505
295.45,328.5513099999989,299.5676649999991,-434.115486608999,-490.4152926426255
295.5,328.5598174999989,299.5712674999991,-434.20279031062404,-490.4930593771255
295.55,328.56723999999895,299.57378499999913,-434.28967722962403,-490.57097321137553
295.6,328.57313999999894,299.5747799999991,-434.3745537853741,-490.6477102476255
295.65,328.57770249999896,299.57443749999914,-434.458915491999,-490.72432470075046
295.7,328.58266499999894,299.57449499999916,-434.541610068124,-490.8003997881255
295.75,328.58853249999896,299.5754574999992,-434.626167907749,-490.8764258422505
295.8,328.59402249999897,299.5760424999992,-434.709916698749,-490.95240286312554
295.85,328.59911999999895,299.5762349999992,-434.795038420749,-491.02911538275055
295.9,328.60497499999894,299.5771849999992,-434.8773407308739,-491.1058769356255
295.95,328.61211249999894,299.5794174999992,-434.95701976212393,-491.1810203912505
296.0,328.61899249999897,299.5813924999992,-435.04464217987396,-491.25903229200054
296.05,328.623807499999,299.5813024999992,-435.12662577387397,-491.33586739475055
296.1,328.627379999999,299.5799699999992,-435.209099700374,-491.41108440025056
296.15,328.63193999999896,299.5796249999992,-435.2938781896239,-491.4872575541255
296.2,328.637429999999,299.5802099999992,-435.37917152799895,-491.5640926568755
296.25,328.642374999999,299.58024999999924,-435.46603393037395,-491.64185939137553
296.3,328.646647499999,299.57961749999924,-435.55044467024896,-491.71854739437555
296.35,328.65116249999903,299.57922749999926,-435.63554187562397,-491.79481861475057
296.4,328.65570749999904,299.57886749999926,-435.7191190502489,-491.8706975691255
296.45,328.65937249999905,299.57762749999927,-435.8031865573739,-491.94736105550055
296.5,328.66277749999904,299.57612749999925,-435.88955862724896,-492.02559360587554
296.55,328.66619249999906,299.57463749999926,-435.97482744899895,-492.10287000787554
296.6,328.66941999999904,299.5729599999992,-436.059287222124,-492.1799012436256
296.65,328.673009999999,299.57164499999925,-436.14239858087393,-492.25658924662554
296.7,328.677679999999,299.5714099999993,-436.2282067683739,-492.33366951562556
296.75,328.683019999999,299.57184499999926,-436.31396592262394,-492.41133818362556
296.8,328.688029999999,299.5719499999993,-436.398572795499,-492.48876168537555
296.85,328.693427499999,299.5724424999993,-436.484233883249,-492.56655293650056
296.9,328.699089999999,299.5731999999993,-436.5688162394989,-492.6436577221255
296.95,328.704157499999,299.5733624999993,-436.6568799564989,-492.72203737225055
297.0,328.708704999999,299.5730049999993,-436.73901065024893,-492.7989460248756
297.05,328.71305749999897,299.57245249999926,-436.82138651024894,-492.8746533628756
297.1,328.717557499999,299.57204749999926,-436.90454690224897,-492.9504342507506
297.15,328.72207249999894,299.5716574999993,-436.9896686242489,-493.02665643787554
297.2,328.72616749999895,299.5708474999993,-437.0773400752489,-493.10498705475055
297.25,328.72993249999894,299.56970749999925,-437.1521402981239,-493.1791743620006
297.3,328.7335624999989,299.56843249999923,-437.2327999943739,-493.25296940325063
297.35,328.7367624999989,299.5667274999992,-437.32037337887397,-493.3318884191257
297.4,328.7398799999989,299.56493999999924,-437.3979930136239,-493.40857642212563
297.45,328.7435449999989,299.56369999999924,-437.4842670169989,-493.48523990850066
297.5,328.7479849999989,299.5632349999992,-437.5722081508739,-493.5636931085007
297.55,328.7536349999989,299.5639799999992,-437.6559569418739,-493.6407733775007
297.6,328.7597924999989,299.56523249999924,-437.7459574722489,-493.7192020608757
297.65,328.7654074999989,299.56594249999927,-437.83205985924883,-493.79748364450063
297.7,328.7711124999989,299.5667424999993,-437.91696093162386,-493.87522586237566
297.75,328.77703999999886,299.56776499999927,-438.00193555387386,-493.9526738807507
297.8,328.78210749999886,299.56792749999926,-438.0845075468739,-494.02916575075074
297.85,328.78666249999884,299.56757749999923,-438.1660988748739,-494.10472598900077
297.9,328.79215999999883,299.5681699999992,-438.2506321978738,-494.1814385086257
297.95,328.79751249999885,299.5686174999992,-438.33457712187385,-494.2582981280007
298.0,328.80174749999884,299.5679474999992,-438.4212433912489,-494.3351822640007
298.05,328.80550999999883,299.5668049999992,-438.5086696759989,-494.4132677146257
298.1,328.80906499999884,299.5654549999992,-438.5908494029989,-494.4900783007507
298.15,328.81359249999883,299.5650774999992,-438.67383817862384,-494.56612887150067
298.2,328.8185749999988,299.56515499999915,-438.75753793637386,-494.6421058923757
298.25,328.8234649999988,299.56513999999913,-438.8421448092489,-494.7187693787507
298.3,328.8288399999988,299.56560999999914,-438.9251826181239,-494.79543286512575
298.35,328.8343849999988,299.5662499999991,-439.01204502049893,-494.87310153312575
298.4,328.8396099999988,299.5665699999991,-439.09628414399884,-494.9497895361257
298.45,328.8444299999988,299.5664849999991,-439.1802045513739,-495.0258155902507
298.5,328.8499399999988,299.5670899999991,-439.2653017567489,-495.10368039125075
298.55,328.8561574999988,299.5684024999991,-439.3481924658739,-495.18117744287576
298.6,328.8621374999988,299.5694774999991,-439.43542261762394,-495.2588215942508
298.65,328.8673424999988,299.5697774999991,-439.5201520736239,-495.3353379808757
298.7,328.8722724999988,299.56980249999907,-439.6039989311239,-495.4113395183757
298.75,328.8775699999988,299.57019499999905,-439.6877232054989,-495.48743912237575
298.8,328.8824799999988,299.57019999999903,-439.7735068763739,-495.56427422512576
298.85,328.88654249999877,299.56935749999906,-439.8548530381239,-495.6399815631258
298.9,328.89035249999876,299.56826249999904,-439.9372288981238,-495.71397273737574
298.95,328.89434749999873,299.56735249999906,-440.0303185232488,-495.79188657162575
299.0,328.8985624999987,299.56666249999904,-440.11396924774886,-495.8693345900008
299.05,328.90332749999874,299.56652249999905,-440.19661479062387,-495.9452380610008
299.1,328.90841249999875,299.56670249999905,-440.2829868604989,-496.02280866250084
299.15,328.91303249999874,299.56641749999903,-440.36349945699885,-496.0995456987508
299.2,328.91705749999875,299.56553749999904,-440.44614499987387,-496.17628273500077
299.25,328.9206724999988,299.56424749999906,-440.5283247268739,-496.25260298862577
299.3,328.92411999999877,299.56278999999904,-440.6140593644989,-496.3301245568758
299.35,328.92797499999875,299.561739999999,-440.69753847262393,-496.4077441916258
299.4,328.93306749999874,299.561927499999,-440.78001239912385,-496.48430961150075
299.45,328.9394724999988,299.563427499999,-440.8681741826239,-496.5635473435008
299.5,328.94603249999875,299.56508249999905,-440.9463086664989,-496.6404805127508
299.55,328.95134249999876,299.56548749999905,-441.0293464753739,-496.7154523520008
299.6,328.95546749999875,299.56470749999903,-441.12317159924896,-496.7939300686258
299.65,328.95963749999873,299.563972499999,-441.2086365539989,-496.8721871356257
299.7,328.9637449999987,299.56317499999903,-441.29552347299887,-496.95007645325074
299.75,328.9676274999987,299.56215249999906,-441.3824594252489,-497.02811287062576
299.8,328.97103499999866,299.56065499999903,-441.4678508301239,-497.1066396205008
299.85,328.97440999999867,299.559124999999,-441.5534874012489,-497.1858038026258
299.9,328.97783749999866,299.557647499999,-441.63549551187384,-497.26374215350074
299.95,328.98058499999865,299.555489999999,-441.71772427212386,-497.34069983937576
300.0,328.98400499999866,299.554004999999,-441.8003207817489,-497.41741235900076
300.05,328.9888574999987,299.553952499999,-441.8832360074989,-497.49412487862577
300.1,328.9943199999987,299.554509999999,-441.96585703374893,-497.57071481512577
300.15,328.9991124999987,299.554397499999,-442.0491890421238,-497.6472312017507
300.2,329.0028499999987,299.553229999999,-442.13534046237385,-497.7243359873757
300.25,329.0067499999987,299.552224999999,-442.22046218437384,-497.80124464000073
300.3,329.0115324999987,299.552102499999,-442.30649102149886,-497.87822684250074
300.35,329.01635499999867,299.552019999999,-442.38999464624885,-497.95476774575076
300.4,329.02095499999865,299.551714999999,-442.4717575906238,-498.0308673497507
300.45,329.02574499999866,299.551599999999,-442.5591348421238,-498.1083889180007
300.5,329.02991999999864,299.550869999999,-442.6489147228738,-498.1866214683757
300.55,329.03357999999866,299.549624999999,-442.73746877237386,-498.2648295021257
300.6,329.0377599999987,299.54889999999904,-442.82393890874886,-498.3426207532507
300.65,329.04198249999865,299.54821749999905,-442.90888901437376,-498.4195294058756
300.7,329.04592999999863,299.547259999999,-442.9945991353738,-498.49604579250064
300.75,329.0492199999986,299.545644999999,-443.0815841208738,-498.57354284412565
300.8,329.05195749999865,299.543477499999,-443.1624889833738,-498.6493482486257
300.85,329.05555999999865,299.542174999999,-443.2481500711238,-498.7259136685007
300.9,329.06021249999867,299.54192249999903,-443.3326343608737,-498.8029939375006
300.95,329.0650449999987,299.54184999999904,-443.41513280399874,-498.87941225762563
301.0,329.06980499999867,299.54170499999907,-443.50094099149874,-498.95686027600067
301.05,329.07417499999866,299.54116999999906,-443.58022775674874,-499.0320037316257
301.1,329.0779299999987,299.54001999999906,-443.66723725887374,-499.10866721800073
301.15,329.0814174999987,299.53860249999906,-443.75468806024867,-499.1870223515007
301.2,329.0853549999987,299.53763499999906,-443.8342445083737,-499.26280323937567
301.25,329.0902524999987,299.5376274999991,-443.9210333608737,-499.3401286746257
301.3,329.09550999999874,299.5379799999991,-444.0072092977487,-499.41796895900075
301.35,329.10015999999877,299.5377249999991,-444.09331168474876,-499.4954414940008
301.4,329.10473999999874,299.53739999999914,-444.1792914886237,-499.5721049803757
301.45,329.1096124999987,299.53736749999916,-444.2685074869987,-499.6497736483757
301.5,329.11372499999874,299.5365749999992,-444.35708605312374,-499.7291584801257
301.55,329.11678999999873,299.53473499999916,-444.43850576474875,-499.8062877823757
301.6,329.1198849999987,299.5329249999992,-444.5316934563738,-499.8859422970007
301.65,329.1242399999987,299.5323749999992,-444.6202965391237,-499.96623424387565
301.7,329.1297699999987,299.5329999999992,-444.69460642949866,-500.0417944821257
301.75,329.1355599999987,299.5338849999992,-444.78200819762367,-500.1188502345007
301.8,329.1407999999987,299.5342199999992,-444.8702925642487,-500.1973034345007
301.85,329.1449699999987,299.5334849999992,-444.9491870634987,-500.27330497200074
301.9,329.1487949999987,299.5324049999992,-445.03335263712364,-500.3497232921257
301.95,329.1541424999987,299.5328474999992,-445.11867049212367,-500.42675452787574
302.0,329.16053249999874,299.5343324999992,-445.2049444954987,-500.50469287875075
302.05,329.1658074999987,299.5347024999992,-445.2903113837487,-500.58238606337574
302.1,329.1695499999987,299.53353999999916,-445.3764628039987,-500.66005473137574
302.15,329.1730699999987,299.5321549999992,-445.4601870783736,-500.73747823312567
302.2,329.1778549999987,299.5320349999992,-445.54579913287364,-500.8155391671257
302.25,329.1835049999987,299.5327799999992,-445.63396091637367,-500.89485044900067
302.3,329.18813249999874,299.5325024999992,-445.7159199937487,-500.97158748525067
302.35,329.19166749999874,299.5311324999992,-445.8015075316237,-501.0484225880007
302.4,329.19552249999873,299.5300824999992,-445.88434920749864,-501.1250125245006
302.45,329.20032999999876,299.5299849999992,-445.96728894987365,-501.2014553612506
302.5,329.2060374999988,299.53078749999924,-446.05295003762365,-501.27863369675066
302.55,329.2124224999988,299.53226749999925,-446.1386601586237,-501.3559836486257
302.6,329.2183374999988,299.53327749999926,-446.2235367143737,-501.4324019687507
302.65,329.22263499999883,299.53266999999926,-446.30750615499863,-501.5082073732506
302.7,329.22618999999884,299.53131999999925,-446.39044589737364,-501.58489537625064
302.75,329.23046249999885,299.53068749999926,-446.4737043558737,-501.66200016187565
302.8,329.23604749999885,299.53136749999925,-446.5599783592487,-501.7394481802507
302.85,329.24225499999886,299.53266999999926,-446.6453697641237,-501.8161361832507
302.9,329.24862499999887,299.53413499999925,-446.7319134503736,-501.89365775150065
302.95,329.2554124999989,299.5360174999993,-446.8174519549986,-501.9712283530007
303.0,329.2618274999989,299.53752749999927,-446.9023039941236,-502.04852927162574
303.05,329.2666624999989,299.5374574999993,-446.9842630714986,-502.1240895098758
303.1,329.2697424999989,299.5356324999993,-447.07041449174864,-502.1998949143758
303.15,329.2725174999989,299.53350249999926,-447.15411424949855,-502.27638678437575
303.2,329.2762974999989,299.53237749999926,-447.23514169512356,-502.3527560712508
303.25,329.2820599999989,299.53323499999925,-447.32158731487357,-502.4316505705008
303.3,329.2895824999989,299.53585249999924,-447.40266379374856,-502.5092947218758
303.35,329.2961349999989,299.5374999999992,-447.4866087177486,-502.5863014410008
303.4,329.30121499999893,299.53767499999924,-447.57197560599855,-502.6630384772507
303.45,329.3070549999989,299.53860999999927,-447.65989222324856,-502.74063359537575
303.5,329.3130524999989,299.5397024999993,-447.7486914389986,-502.82031262662576
303.55,329.3172599999989,299.5390049999993,-447.82856660324865,-502.8968535298758
303.6,329.32109749999887,299.5379374999993,-447.9184445504987,-502.9744241313758
303.65,329.3260874999989,299.53802249999933,-448.0071456997486,-503.05366186337574
303.7,329.3314224999989,299.5384524999993,-448.0845692014986,-503.12963888425077
303.75,329.3371299999989,299.53925499999934,-448.1745697318736,-503.2083617671258
303.8,329.34365499999893,299.54087499999935,-448.26282958187363,-503.2889724301258
303.85,329.35017249999896,299.54248749999937,-448.3395666181236,-503.3659301160008
303.9,329.35526999999894,299.5426799999994,-448.4230212096235,-503.44308393487574
303.95,329.35938249999896,299.5418874999994,-448.5072112998736,-503.52058098650076
304.0,329.36368749999895,299.5412874999994,-448.5921123722486,-503.5978083552508
304.05,329.36782499999896,299.5405199999994,-448.6788031582486,-503.67523185700077
304.1,329.37212499999896,299.5399149999994,-448.76478296212366,-503.7533663408758
304.15,329.37685749999895,299.53974249999936,-448.8477717377486,-503.83115759200075
304.2,329.38219249999895,299.54017249999936,-448.9310547128736,-503.90823786100077
304.25,329.38831749999895,299.54139249999935,-449.01580868549865,-503.9851465136258
304.3,329.39432999999894,299.54249999999934,-449.10036652512366,-504.06122160100085
304.35,329.3996299999989,299.54289499999936,-449.18735151062367,-504.13864510275084
304.4,329.4043124999989,299.54267249999936,-449.2662460098736,-504.2140337246258
304.45,329.40851999999893,299.54197499999935,-449.3532309953736,-504.2894468631258
304.5,329.41184749999894,299.54039749999936,-449.44774258474865,-504.36816974600083
304.55,329.4150774999989,299.5387224999994,-449.52813259812365,-504.4443674165008
304.6,329.4188399999989,299.53757999999937,-449.61296012062365,-504.52034443737585
304.65,329.4221699999989,299.53600499999936,-449.7010728708736,-504.5984789212508
304.7,329.4256774999989,299.53460749999937,-449.7800899532486,-504.6749953078758
304.75,329.4302699999989,299.53429499999936,-449.8648194092486,-504.7525168761258
304.8,329.43539499999895,299.5345149999994,-449.9493527322486,-504.82984231137584
304.85,329.44077999999894,299.53499499999936,-450.0361906179986,-504.9068980637509
304.9,329.44613499999895,299.53544499999936,-450.1232736699985,-504.9845422151258
304.95,329.45141749999897,299.53582249999937,-450.20280560149854,-505.0597837372508
305.0,329.45648999999895,299.53598999999934,-450.2945958454986,-505.13767305487585
305.05,329.4610474999989,299.53564249999937,-450.3844002428736,-505.21764628562585
305.1,329.46569999999895,299.5353899999994,-450.4574843019986,-505.29315749062584
305.15,329.47081249999894,299.53559749999937,-450.54272860712354,-505.3692325780008
305.2,329.47652749999895,299.53640749999937,-450.6345188511236,-505.4480535273758
305.25,329.48228499999897,299.5372599999994,-450.7151049974986,-505.52481508025085
305.3,329.488039999999,299.5381099999994,-450.8030216147486,-505.60297408075087
305.35,329.494544999999,299.5397099999994,-450.89250729599866,-505.6819666465009
305.4,329.501114999999,299.5413749999994,-450.9798355142486,-505.7601991968758
305.45,329.50670999999903,299.5420649999994,-451.0627752566236,-505.8369117165008
305.5,329.51086499999906,299.54131499999943,-451.1404194079986,-505.91058417462585
305.55,329.51371999999907,299.53926499999943,-451.2365000613736,-505.9889638247509
305.6,329.51638749999904,299.53702749999945,-451.3327768477486,-506.0709229021259
305.65,329.52026499999903,299.53599999999943,-451.41561852362355,-506.14986643462584
305.7,329.52516749999904,299.53599749999944,-451.50125509474856,-506.22844221775085
305.75,329.52993999999904,299.53586499999943,-451.58191479099855,-506.3052282872509
305.8,329.53397499999903,299.5349949999994,-451.6666687636236,-506.3811072416259
305.85,329.538077499999,299.5341924999994,-451.7604203376236,-506.46085982275093
305.9,329.542759999999,299.5339699999994,-451.83632380862355,-506.5379646083759
305.95,329.547377499999,299.5336824999994,-451.90881946874856,-506.6108035012509
306.0,329.55209749999904,299.5334974999994,-452.00259555937356,-506.68825151962596
306.05,329.556182499999,299.5326774999994,-452.09232640687355,-506.767758934501
306.1,329.55876249999903,299.5303524999994,-452.17362353537357,-506.844618553876
306.15,329.56244499999906,299.52912999999944,-452.2634769659985,-506.9235866030009
306.2,329.56901999999906,299.53079999999943,-452.34136628362353,-507.00076493850094
306.25,329.57532749999905,299.5322024999994,-452.41413162662354,-507.07362834800097
306.3,329.57966999999906,299.5316399999994,-452.5063386532486,-507.150144734626
306.35,329.58422749999903,299.53129249999944,-452.5953094853736,-507.228352768376
306.4,329.589507499999,299.53166749999946,-452.6777834118735,-507.3048936716259
306.45,329.595252499999,299.53250749999944,-452.7680291084985,-507.38354300462595
306.5,329.601662499999,299.53401249999945,-452.84996366924855,-507.461015539626
306.55,329.60723749999903,299.53468249999946,-452.9331240612486,-507.537433859751
306.6,329.61141749999905,299.5339574999995,-453.0216045608736,-507.615323177376
306.65,329.61651249999903,299.53414749999945,-453.1000332442485,-507.6904911496259
306.7,329.622639999999,299.53536999999943,-453.18464011712354,-507.76595332137595
306.75,329.627374999999,299.5351999999994,-453.27245866787354,-507.84276390750097
306.8,329.630799999999,299.5337199999994,-453.35929655362355,-507.919402877251
306.85,329.634297499999,299.53231249999936,-453.4484144854986,-507.997978660376
306.9,329.63826749999896,299.53137749999934,-453.52632831974853,-508.0752060291259
306.95,329.64221499999894,299.5304199999993,-453.60723318224854,-508.1522127482509
307.0,329.64627999999897,299.5295799999993,-453.69282072012356,-508.22985689962593
307.05,329.65031499999895,299.5287099999993,-453.7778934088736,-508.30644683612593
307.1,329.65353999999894,299.5270299999993,-453.8646577447486,-508.38288967287593
307.15,329.6566799999989,299.5252649999993,-453.95093174812354,-508.45982284212585
307.2,329.6601799999989,299.52385999999933,-454.03517087162356,-508.53697666100084
307.25,329.6636424999989,299.52241749999934,-454.1173505986236,-508.61314981487584
307.3,329.6676199999989,299.52148999999935,-454.2048749498736,-508.69030363375083
307.35,329.6719924999989,299.5209574999993,-454.29168831899864,-508.76750648587586
307.4,329.6765874999989,299.5206474999993,-454.37766812287356,-508.8444886883758
307.45,329.6819024999989,299.5210574999993,-454.46252016199855,-508.92115217475083
307.5,329.6874374999989,299.5216874999993,-454.5502406462486,-508.99864922637585
307.55,329.6922074999989,299.5215524999993,-454.6365146496236,-509.07626886112587
307.6,329.69593749999893,299.5203774999993,-454.72212670412364,-509.1525400815009
307.65,329.69903499999896,299.51856999999933,-454.81298531637356,-509.2304048825008
307.7,329.70158249999895,299.5162124999993,-454.8977392889986,-509.3079509673758
307.75,329.703847499999,299.5135724999993,-454.9818803459986,-509.3850802696258
307.8,329.707057499999,299.51187749999934,-455.0685956486236,-509.4621850552508
307.85,329.711014999999,299.51092999999935,-455.15418318649864,-509.5392898408758
307.9,329.714479999999,299.50948999999935,-455.23825069362357,-509.61563461112576
307.95,329.717549999999,299.5076549999993,-455.3228575664986,-509.6916116320008
308.0,329.721044999999,299.5062449999993,-455.40898447012364,-509.7688390007508
308.05,329.72552999999897,299.5058249999993,-455.49491524074864,-509.8463605690008
308.1,329.730427499999,299.5058174999993,-455.58172860987366,-509.92371052087583
308.15,329.734304999999,299.5047899999993,-455.6670464648736,-510.00059465687576
308.2,329.737272499999,299.5028524999993,-455.7527811024986,-510.0773807263758
308.25,329.740942499999,299.50161749999927,-455.8385892899986,-510.15428937900083
308.3,329.745889999999,299.5016599999993,-455.9220683981236,-510.23019285000083
308.35,329.750769999999,299.5016349999993,-456.0091759667486,-510.30727311900085
308.4,329.754959999999,299.50091999999927,-456.09191957612353,-510.3832256232508
308.45,329.758467499999,299.4995224999993,-456.17444253587354,-510.4578297131258
308.5,329.76302999999905,299.4991799999993,-456.25995652387354,-510.5337577007508
308.55,329.76949499999904,299.50073999999927,-456.34372983149854,-510.60890115637585
308.6,329.77588749999904,299.50222749999926,-456.42801798824854,-510.6852459266259
308.65,329.78183499999903,299.50326999999925,-456.5091925336235,-510.76168876337584
308.7,329.78833499999905,299.50486499999926,-456.5894844804985,-510.83788643387584
308.75,329.795167499999,299.5067924999993,-456.6699970769985,-510.91337312225085
308.8,329.80056499999904,299.5072849999993,-456.75492266599855,-510.99003660862587
308.85,329.80488999999903,299.5067049999993,-456.83906372299856,-511.0686123917509
308.9,329.809674999999,299.5065849999993,-456.92291058049847,-511.1478256071258
308.95,329.81400999999903,299.5060149999993,-457.0086452181235,-511.22733302200083
309.0,329.81745249999904,299.5045524999993,-457.0940366229985,-511.30632558775085
309.05,329.822297499999,299.5044924999993,-457.1812667747485,-511.3858330026259
309.1,329.82942999999904,299.5067199999993,-457.27455253287354,-511.4680127296259
309.15,329.836869999999,299.5092549999993,-457.3667350428735,-511.5520066868758
309.2,329.842999999999,299.5104799999993,-457.4529600129985,-511.63273993300083
309.25,329.848292499999,299.5108674999993,-457.55556208862356,-511.71577774187585
309.3,329.85323249999897,299.5109024999993,-457.67071667624856,-511.8067344206259
309.35,329.85778749999895,299.5105524999993,-457.7652037489986,-511.8955091197509
309.4,329.86237249999897,299.5102324999993,-457.83566452924856,-511.97153517387585
309.45,329.867884999999,299.5108399999993,-457.9156622766236,-512.0436630846259
309.5,329.87385749999896,299.51190749999927,-458.0088499682486,-512.1220917680009
309.55,329.87971999999894,299.5128649999993,-458.09480525549867,-512.200520451376
309.6,329.88569999999896,299.5139399999993,-458.1784559799987,-512.2769142548759
309.65,329.89196749999894,299.5153024999993,-458.2642151342486,-512.3542887233758
309.7,329.89898749999895,299.5174174999993,-458.3498517053736,-512.4317612583758
309.75,329.90663999999896,299.5201649999993,-458.43661604124867,-512.5106067243757
309.8,329.91410999999897,299.5227299999993,-458.52215454587366,-512.5904328553758
309.85,329.920724999999,299.5244399999993,-458.60806079987367,-512.6687389556258
309.9,329.92685999999895,299.5256699999993,-458.7004884761236,-512.7477315213757
309.95,329.93419499999897,299.5280999999993,-458.80272280237364,-512.8331964761257
310.0,329.943259999999,299.5322599999993,-458.9125082491237,-512.9259673851258
310.05,329.951164999999,299.5352599999993,-459.0250640744987,-513.0227835372508
310.1,329.957647499999,299.5368374999993,-459.1393115469987,-513.1201635717508
310.15,329.965272499999,299.5395574999993,-459.2573590963736,-513.2168326241257
310.2,329.974824999999,299.5442049999993,-459.3769021598736,-513.3164927047507
310.25,329.985552499999,299.5500274999993,-459.49279224624865,-513.4206148111257
310.3,329.99653249999903,299.5561024999993,-459.6071623018737,-513.5244917512507
310.35,330.00748999999905,299.56215499999934,-459.7252834011237,-513.6245195812508
310.4,330.01970999999907,299.56946999999934,-459.8430612676236,-513.7238609457506
310.45,330.03405749999905,299.5789124999993,-459.95495514412363,-513.8258746223756
310.5,330.04834999999906,299.5882999999993,-460.06380895912366,-513.9259760022506
310.55,330.0620974999991,299.59714249999934,-460.1755557358737,-514.0218360060006
310.6,330.0763149999991,299.60645499999936,-460.2919606713737,-514.1176469765006
310.65,330.0914374999991,299.61667249999937,-460.40919917212364,-514.2160076760006
310.7,330.1085624999991,299.6288924999994,-460.52381439399863,-514.3184871685006
310.75,330.1259374999991,299.6413624999994,-460.63730185112365,-514.4234673567506
310.8,330.14380499999913,299.6543249999994,-460.75230933899866,-514.5245739182507
310.85,330.16539249999914,299.6710074999994,-460.8708717374987,-514.6205810217507
310.9,330.1891124999991,299.68982249999937,-460.9916161156236,-514.7189172046257
310.95,330.2111724999991,299.70697749999937,-461.1099333478736,-514.8224263953757
311.0,330.22989499999915,299.7207949999994,-461.22739249824866,-514.9253717037508
311.05,330.24572249999915,299.7317174999994,-461.3462245796237,-515.0280473292509
311.1,330.26065249999914,299.74174249999936,-461.46726315724874,-515.1327823512509
311.15,330.2770099999991,299.7531949999993,-461.59090049712364,-515.2385961047507
311.2,330.29145499999913,299.76273499999934,-461.7162540007487,-515.3448266408758
311.25,330.2995699999991,299.76594499999936,-461.84548113112373,-515.4511797601258
311.3,330.3015099999991,299.76297999999935,-461.9781160723738,-515.5581948282509
311.35,330.2971799999991,299.75374499999936,-462.1103832642488,-515.6658963618759
311.4,330.2854299999991,299.7370899999994,-462.2445137196237,-515.7753385758758
311.45,330.2667099999991,299.7134649999994,-462.3835474999987,-515.8866930866259
311.5,330.24211249999905,299.6839624999994,-462.52549875874877,-516.0009650757509
311.55,330.20831749999905,299.6452624999994,-462.6716913936238,-516.1173700112508
311.6,330.158999999999,299.59103999999934,-462.81866856049885,-516.2313968341259
311.65,330.0979799999991,299.5251149999994,-462.9619192003737,-516.3447862247508
311.7,330.0336374999991,299.4558674999994,-463.10418917524873,-516.4583962650008
311.75,329.96277499999906,299.38009999999935,-463.2481998304988,-516.5697262591259
311.8,329.881239999999,299.2936599999993,-463.3934363169988,-516.680492370876
311.85,329.790942499999,299.1984574999993,-463.53921216924886,-516.791699781876
311.9,329.6930774999991,299.09568749999937,-463.6865080522487,-516.9037652747509
311.95,329.58738999999906,298.9850949999993,-463.8334361858737,-517.0139675041258
312.0,329.473799999999,298.86659999999927,-463.9771281249987,-517.1218896873759
312.05,329.352689999999,298.7405849999992,-464.11954519962376,-517.2313809346259
312.1,329.22404749999896,298.6070374999992,-464.2602706271238,-517.3396463506259
312.15,329.08795499999906,298.46603999999934,-464.3996721568737,-517.4442587895009
312.2,328.94873249999904,298.3219124999993,-464.5436092622487,-517.5508815916259
312.25,328.810347499999,298.1786224999993,-464.68882123212376,-517.6610838210008
312.3,328.669344999999,298.03271499999926,-464.8327338208738,-517.7691531040009
312.35,328.522757499999,297.88122249999924,-464.9811329519988,-517.8762417220009
312.4,328.36907749999915,297.7226374999994,-465.1288946508737,-517.9844335881259
312.45,328.2101199999991,297.55877499999934,-465.2684923136237,-518.0877956791259
312.5,328.0475924999991,297.3913424999993,-465.41159585374874,-518.1893435398758
312.55,327.8784724999991,297.2173174999993,-465.56063241712377,-518.2972902397509
312.6,327.709414999999,297.0433549999993,-465.7037604738738,-518.4085712006258
312.65,327.5453099999992,296.87434499999944,-465.8439220189987,-518.5167385501258
312.7,327.3750374999991,296.6991674999994,-465.9908501526237,-518.6229690862508
312.75,327.19546499999905,296.5146899999994,-466.14076931449875,-518.7307441697508
312.8,327.015387499999,296.32970749999936,-466.2847799697488,-518.8379553708758
312.85,326.83268249999895,296.1420974999993,-466.4227595352488,-518.9425432931258
312.9,326.65123499999913,295.95574499999947,-466.5613029831237,-519.0486757627507
312.95,326.4903349999991,295.78993999999943,-466.69965029799874,-519.1681452763758
313.0,326.3774749999991,295.6721749999994,-466.82142437437375,-519.3042125451258
313.05,326.33263999999906,295.6224349999994,-466.92625746287376,-519.4464580033758
313.1,326.35148999999905,295.6363799999994,-467.0361654927488,-519.5925525717508
313.15,326.430022499999,295.71000749999934,-467.1543111086237,-519.7376419585007
313.2,326.555579999999,295.83065999999934,-467.2710102436237,-519.8725079126258
313.25,326.70592999999906,295.9761049999994,-467.38986684162376,-519.9989891810009
313.3,326.8695699999991,296.13483999999943,-467.5178926573738,-520.1268433803759
313.35,327.03538999999915,296.2957549999995,-467.64765915349886,-520.257443441751
313.4,327.203312499999,296.4587724999993,-467.76955581299876,-520.3801491498758
313.45,327.37225499999903,296.6228099999994,-467.8855684824988,-520.4914301107508
313.5,327.53263749999905,296.7782874999994,-467.99469198037383,-520.5927328052509
313.55,327.6869324999991,296.92767749999945,-468.0963379076239,-520.6867050288758
313.6,327.8502874999991,297.08612749999946,-468.1886675173739,-520.7791572217509
313.65,328.03408249999893,297.2650174999993,-468.2673658836238,-520.8679564375008
313.7,328.219914999999,297.44594499999937,-468.32966262774886,-520.9412611462508
313.75,328.39091749999903,297.6120424999994,-468.38445728462386,-521.0104960952508
313.8,328.5546024999991,297.77082249999944,-468.44263523574887,-521.0881892798758
313.85,328.71724499999914,297.9285599999995,-468.50299516649886,-521.1672308788758
313.9,328.889157499999,298.09556749999933,-468.5713475169988,-521.2539461815007
313.95,329.088807499999,298.2903124999994,-468.64717743812383,-521.3543662775007
314.0,329.33782249999905,298.53442249999944,-468.71204842787387,-521.4582432176257
314.05,329.6269774999991,298.8186724999995,-468.7637049567489,-521.5546916203758
314.1,329.93559999999917,299.12238999999954,-468.8179357312489,-521.6436379358759
314.15,330.26244999999886,299.4443349999992,-468.86902837774886,-521.7263325120008
314.2,330.6055249999989,299.78250499999933,-468.90977500849885,-521.8084141725008
314.25,330.966452499999,300.13852749999944,-468.94534863137386,-521.8909126156258
314.3,331.34689749999905,300.5140674999995,-468.9719736861239,-521.9687774166258
314.35,331.7474649999991,300.90972999999957,-468.9871249603739,-522.0422292251259
314.4,332.1627674999987,301.3201274999992,-468.9915379528739,-522.1064137493759
314.45,332.5872199999988,301.7396749999993,-468.9862913951239,-522.1601296747509
314.5,333.0192499999989,302.1667999999994,-468.9724885352489,-522.203058285126
314.55,333.451474999999,302.5941199999995,-468.9490751583739,-522.2334343835009
314.6,333.8761824999991,303.01392249999964,-468.9231120524989,-522.2551806298759
314.65,334.28941499999877,303.4222499999993,-468.8972715297489,-522.2696454386258
314.7,334.6901074999989,303.8180374999994,-468.8697883931239,-522.2783243238758
314.75,335.08029249999896,304.20331749999946,-468.8476989139989,-522.2882045237509
314.8,335.45312499999903,304.5712449999995,-468.8328418392489,-522.2977660075009
314.85,335.7911249999991,304.9043399999996,-468.82651654999887,-522.2984769896259
314.9,336.08657999999883,305.1948899999993,-468.8199706111239,-522.2900432706259
314.95,336.3398949999989,305.44329999999934,-468.8117085084989,-522.2743035973759
315.0,336.5396774999989,305.63817749999936,-468.8112917258739,-522.2546902973759
315.05,336.6745099999989,305.76810499999937,-468.8184260637489,-522.2366950946258
315.1,336.75482499999896,305.8435149999994,-468.82487393612394,-522.2208083216258
315.15,336.79558249999894,305.8793674999994,-468.82521716887396,-522.2096287406258
315.2,336.8130624999989,305.8919424999994,-468.81697958287396,-522.2058286637508
315.25,336.8275924999989,305.90156749999943,-468.80464772049896,-522.2076428940009
315.3,336.8448424999989,305.9139124999994,-468.79435073799897,-522.2115900706259
315.35,336.8636699999989,305.9278349999994,-468.787682215999,-522.2148017485009
315.4,336.88298249999883,305.9422424999994,-468.783318256749,-522.220416055626
315.45,336.90037499999886,305.9547299999994,-468.78135692674897,-522.228506541876
315.5,336.91620999999884,305.96565999999945,-468.784691187749,-522.2367196112509
315.55,336.93291999999883,305.9774649999994,-468.781920809124,-522.2423584350009
315.6,336.94840249999885,305.98804249999944,-468.77294772437403,-522.2435597496259
315.65,336.9607549999988,305.99548999999945,-468.7579680664991,-522.240446138251
315.7,336.9722324999988,306.00206249999945,-468.7369818354991,-522.233949232626
315.75,336.9818499999988,306.00677499999944,-468.71334780899906,-522.2256380967509
315.8,336.9895299999988,306.0095499999994,-468.69782878537404,-522.2234316005009
315.85,336.99830249999883,306.01341749999943,-468.71744208537405,-522.246918527251
315.9,337.00827499999883,306.01848499999943,-468.78626025174896,-522.3062242431259
315.95,337.01472499999886,306.02002999999945,-468.884130618749,-522.386025857501
316.0,337.01704999999885,306.0174499999994,-468.980064172374,-522.464895840126
316.05,337.01946499999883,306.0149599999994,-469.066803991624,-522.537636666501
316.1,337.02371749999884,306.0143074999994,-469.15072439899905,-522.6092987613761
316.15,337.02947499999885,306.0151599999994,-469.23824875024894,-522.684393183751
316.2,337.03419749999887,306.0149774999994,-469.32712151587396,-522.761032153501
316.25,337.03739749999886,306.0132724999994,-469.41143418924895,-522.836003992751
316.3,337.04100999999883,306.0119799999994,-469.494815230874,-522.910510016126
316.35,337.04499499999883,306.0110599999994,-469.58091761787404,-522.985089589376
316.4,337.04870749999884,306.0098674999994,-469.66876068524897,-523.060184011751
316.45,337.05211999999887,306.00837499999943,-469.75699601862397,-523.135670700126
316.5,337.05585499999887,306.00720499999943,-469.842411940124,-523.210103173626
316.55,337.05995749999886,306.0064024999994,-469.92706784624903,-523.283726598501
316.6,337.0632599999989,306.0047999999994,-470.0130231334991,-523.357202923626
316.65,337.06605499999887,306.0026899999994,-470.099272620249,-523.431978629876
316.7,337.06970999999885,306.0014399999994,-470.185889856374,-523.507538868126
316.75,337.0737049999988,306.0005299999994,-470.271698043874,-523.582706840376
316.8,337.0768899999988,305.9988099999994,-470.357285581749,-523.657629646376
316.85,337.0798599999988,305.9968749999994,-470.44284860299905,-523.730909838501
316.9,337.0834999999988,305.99560999999943,-470.528117424749,-523.803773248001
316.95,337.0876274999988,305.9948324999994,-470.613680445999,-523.877715389001
317.0,337.0918749999988,305.9941749999994,-470.69818925237405,-523.951191714126
317.05,337.09666499999884,305.9940599999994,-470.7826490254991,-524.024766105751
317.1,337.10154999999884,305.9940399999994,-470.8681384968741,-524.098683730126
317.15,337.10506499999883,305.9926499999994,-470.95370151812403,-524.172993620501
317.2,337.10767249999884,305.9903524999994,-471.04122586937405,-524.248602892001
317.25,337.11163499999884,305.9894099999994,-471.12850505437405,-524.324604429501
317.3,337.11696999999884,305.9898399999994,-471.21578423937405,-524.4000666012511
317.35,337.1222224999988,305.99018749999937,-471.30252405862404,-524.4747442410011
317.4,337.1274024999988,305.99046249999935,-471.38823417962396,-524.549372847501
317.45,337.13277999999883,305.99093499999935,-471.474213983499,-524.623609188001
317.5,337.13799499999885,305.99124499999937,-471.56070863649904,-524.698164244626
317.55,337.1420399999989,305.9903849999994,-471.64833105424907,-524.772866401001
317.6,337.1456574999989,305.9890974999994,-471.73386955887406,-524.845974976751
317.65,337.1502124999989,305.98874749999936,-471.82070744462396,-524.9197945346259
317.7,337.15458999999885,305.9882199999994,-471.90989892637396,-524.9947663738759
317.75,337.15845749999886,305.9871824999994,-471.998183292999,-525.0698117630009
317.8,337.1629049999989,305.9867249999994,-472.086761859124,-525.1450042518759
317.85,337.1679874999989,305.9869024999994,-472.175119775624,-525.220368357126
317.9,337.1734899999989,305.98749999999944,-472.2630363928739,-525.2956098792508
317.95,337.1794349999989,305.98853999999943,-472.34806004837395,-525.3701159026258
318.0,337.1845149999989,305.98871499999944,-472.43327983687396,-525.4440090103758
318.05,337.1881599999989,305.98745499999944,-472.518867374749,-525.5179266347508
318.1,337.1911574999989,305.9855474999994,-472.602150349874,-525.5911332770008
318.15,337.1940999999989,305.98358499999944,-472.68705142224894,-525.6640702363758
318.2,337.1970149999989,305.98159499999946,-472.77205056112393,-525.7371542955008
318.25,337.20012999999886,305.97980499999943,-472.859084579874,-525.8107286871258
318.3,337.20350749999886,305.9782774999994,-472.94381403587397,-525.8831507973758
318.35,337.2065374999989,305.97640249999944,-473.029695773249,-525.9556219408759
318.4,337.20951749999887,305.97447749999947,-473.1159697766239,-526.0296131151258
318.45,337.21242499999886,305.97247999999945,-473.20060116612393,-526.1032120233758
318.5,337.21535999999884,305.9705099999994,-473.288321650374,-526.1769335147509
318.55,337.21919999999886,305.96944499999944,-473.377586681999,-526.2521014870009
318.6,337.22339749999884,305.96873749999946,-473.466287831249,-526.327441075626
318.65,337.2266024999988,305.9670374999995,-473.5542044484989,-526.402167748626
318.7,337.22866749999883,305.9641974999995,-473.64123846724897,-526.476085373001
318.75,337.23115749999886,305.9617824999995,-473.728076352999,-526.5494881482509
318.8,337.23553249999884,305.9612524999995,-473.813909057124,-526.6229154401259
318.85,337.24083749999886,305.9616524999995,-473.90109017562406,-526.6970537141259
318.9,337.24599499999886,305.9619049999995,-473.988957759624,-526.7711184382508
318.95,337.25097499999885,305.96197999999947,-474.07748729249903,-526.8448399296259
319.0,337.25561249999885,305.96171249999946,-474.16535487649907,-526.9198117688759
319.05,337.2598349999989,305.9610299999995,-474.2522663121241,-526.9940235927509
319.1,337.2650549999989,305.9613449999995,-474.3454785203741,-527.0706625625008
319.15,337.27094249999885,305.9623274999995,-474.42922731137406,-527.1460757010008
319.2,337.27568749999887,305.9621674999995,-474.51258383637406,-527.2171739135008
319.25,337.28120249999887,305.9627774999995,-474.6088361061241,-527.2921457527508
319.3,337.2885999999989,305.9652699999995,-474.6949875263741,-527.3676814743758
319.35,337.2953149999989,305.9670799999995,-474.77706918687414,-527.4398339017508
319.4,337.3006899999989,305.9675499999995,-474.86726585024905,-527.5152960735007
319.45,337.3062274999989,305.9681824999995,-474.9482687792491,-527.5898756467508
319.5,337.3118099999989,305.9688599999995,-475.0334885677491,-527.6619545242507
319.55,337.3158224999989,305.9679674999995,-475.1315305511241,-527.7386670438758
319.6,337.3183874999989,305.96562749999947,-475.21748583837416,-527.8138840493758
319.65,337.3213724999989,305.9637074999995,-475.3011365628741,-527.8851048450008
319.7,337.3262324999989,305.9636624999995,-475.3939074718741,-527.9604444336259
319.75,337.33189999999894,305.9644249999995,-475.4772639968741,-528.0352936897509
319.8,337.3371299999989,305.96474999999947,-475.5620915193741,-528.107715800001
319.85,337.3425799999989,305.96529499999946,-475.65400434649916,-528.1838399206259
319.9,337.3484974999989,305.96630749999946,-475.7339530606241,-528.2571936626258
319.95,337.35495499999894,305.96785999999946,-475.81762830174915,-528.3272866935008
320.0,337.3613574999989,305.9693574999995,-475.9134637888742,-528.4033127476258
320.05,337.36719999999895,305.9702949999995,-475.9981442116242,-528.4790446022508
320.1,337.37330749999893,305.9714974999995,-476.08152525324925,-528.5512705795009
320.15,337.37933749999894,305.9726224999995,-476.17189353299915,-528.6265611348758
320.2,337.38444999999894,305.9728299999995,-476.2571868713742,-528.7007484421258
320.25,337.39024999999896,305.9737249999995,-476.3452751049992,-528.7748131662509
320.3,337.39710499999893,305.9756749999995,-476.4308871594992,-528.8499811385009
320.35,337.40351499999895,305.9771799999995,-476.51537144924924,-528.9240948958759
320.4,337.40932749999894,305.9780874999995,-476.6029203171242,-528.9984538195008
320.45,337.41458749999896,305.9784424999995,-476.6890472207492,-529.0722243441259
320.5,337.419804999999,305.9787549999995,-476.77461024199926,-529.1458722856258
320.55,337.425044999999,305.97908999999953,-476.86176684387425,-529.2198144266258
320.6,337.42968999999897,305.9788299999995,-476.94973249437425,-529.2944675497508
320.65,337.43370749999895,305.97794249999953,-477.0318877047492,-529.3662767443758
320.7,337.4369349999989,305.9762649999995,-477.1205153041242,-529.4390666040008
320.75,337.4392849999989,305.9737099999995,-477.2093880697492,-529.5144061926259
320.8,337.4414024999989,305.9709224999995,-477.29384784287424,-529.5873431520009
320.85,337.4446999999989,305.96931499999954,-477.3858832531243,-529.663001456751
320.9,337.4485949999989,305.96830499999953,-477.4715933741242,-529.7384636285009
320.95,337.4515674999989,305.9663724999995,-477.55634734674925,-529.8115967208759
321.0,337.4545624999989,305.9644624999995,-477.64767177487425,-529.8884808568758
321.05,337.45884999999885,305.96384499999954,-477.73220509787427,-529.9638204455009
321.1,337.46414249999884,305.9642324999995,-477.8211759299993,-530.0377135532509
321.15,337.47019749999885,305.9653824999995,-477.9100241789992,-530.1126118426258
321.2,337.4759049999989,305.96618499999954,-477.99490073474925,-530.1866275335009
321.25,337.4801524999989,305.96552749999955,-478.0819837867493,-530.2611335568758
321.3,337.4837049999989,305.96417499999956,-478.1686745727493,-530.3352227976259
321.35,337.4871124999989,305.96267749999953,-478.2578660544993,-530.4103907698759
321.4,337.4907724999989,305.96143249999955,-478.3444342573742,-530.4850438930008
321.45,337.49504249999893,305.96079749999956,-478.4321302249992,-530.5597215327508
321.5,337.49864499999893,305.95949499999955,-478.5199978089992,-530.6347669218758
321.55,337.5008124999989,305.9567574999995,-478.60923832399925,-530.7098613442508
321.6,337.5028349999989,305.9538749999995,-478.6985769054993,-530.7849557666259
321.65,337.50552999999894,305.95166499999954,-478.7870083718742,-530.8598050227508
321.7,337.5085549999989,305.9497849999995,-478.8736991578742,-530.9348994451259
321.75,337.5121649999989,305.9484899999995,-478.95967896174926,-531.0090132025009
321.8,337.5170649999989,305.9484849999995,-479.0479878449993,-531.0840340750009
321.85,337.5226349999989,305.9491499999995,-479.13190825237433,-531.157510400126
321.9,337.5269949999989,305.94860499999953,-479.21901582099923,-531.2314525411259
321.95,337.52973249999894,305.94643749999955,-479.30521627449923,-531.3050514493759
322.0,337.5326249999989,305.94442499999957,-479.3940154902493,-531.3788955238759
322.05,337.53709499999894,305.9439899999996,-479.48374633774927,-531.4555344936259
322.1,337.5425724999989,305.94456249999956,-479.56602413124926,-531.528765652501
322.15,337.5486299999989,305.94571499999955,-479.6582311578742,-531.6033452257509
322.2,337.5556399999989,305.9478199999996,-479.74945751949923,-531.6806706610009
322.25,337.5622999999989,305.9495749999996,-479.82906300087427,-531.7526514720009
322.3,337.5678024999989,305.9501724999996,-479.9209758279993,-531.826201347001
322.35,337.57235999999887,305.94982499999963,-480.01735068087436,-531.905439079001
322.4,337.57601249999885,305.9485724999996,-480.10107495524926,-531.9810973837509
322.45,337.57986499999885,305.9475199999996,-480.1886728563743,-532.055652440376
322.5,337.58458999999885,305.9473399999996,-480.2766139902493,-532.130035880626
322.55,337.58969499999887,305.9475399999996,-480.3620053951243,-532.202507024126
322.6,337.59427499999885,305.94721499999963,-480.4486226312493,-532.276424648501
322.65,337.59790499999883,305.9459399999996,-480.5347495348742,-532.350391306126
322.7,337.60163499999885,305.9447649999996,-480.6236223004992,-532.425019912626
322.75,337.6060349999988,305.94425999999964,-480.71207828349924,-532.499427869501
322.8,337.6109049999988,305.9442249999996,-480.8000684506243,-532.5742280923761
322.85,337.6159924999988,305.9444074999996,-480.8862934207493,-532.649248964876
322.9,337.6205049999988,305.94401499999964,-480.9731558231243,-532.724098221001
322.95,337.6243474999988,305.94295249999965,-481.0604840413743,-532.798457144626
323.0,337.62854749999883,305.94224749999967,-481.1497981062493,-532.8735515670011
323.05,337.63297749999884,305.9417724999997,-481.2358269433743,-532.9484498563761
323.1,337.63740749999886,305.9412974999997,-481.32075253237434,-533.0224410306262
323.15,337.64224999999885,305.94123499999966,-481.40658523649927,-533.0968980207512
323.2,337.6463349999988,305.9404149999997,-481.4921972909993,-533.1706440287512
323.25,337.64968249999885,305.9388574999997,-481.5792558263743,-533.2445371365012
323.3,337.65397499999887,305.9382449999997,-481.6669272773743,-533.3192392928762
323.35,337.65916249999884,305.93852749999974,-481.75513809412433,-533.3950446973762
323.4,337.66413749999884,305.93859749999973,-481.8410443481242,-533.4702371862511
323.45,337.66877749999884,305.9383324999997,-481.92484217237427,-533.5441057773761
323.5,337.67278499999884,305.9374349999997,-482.0097677613743,-533.6172633863761
323.55,337.67630999999886,305.9360549999997,-482.09937602574934,-533.6933139571261
323.6,337.68040499999887,305.9352449999997,-482.18672876062436,-533.769952926876
323.65,337.68567999999885,305.9356149999997,-482.2760918587493,-533.846052530876
323.7,337.69252999999884,305.9375599999997,-482.3628071613743,-533.921490186001
323.75,337.70022749999885,305.9403524999997,-482.4493998808743,-533.9962904088761
323.8,337.7076899999988,305.9429099999997,-482.5396210608743,-534.0719487136262
323.85,337.7149499999988,305.9452649999997,-482.6298667574993,-534.1475089518761
323.9,337.7222674999988,305.9476774999997,-482.71974470474925,-534.2231182233761
323.95,337.7284049999988,305.9489099999997,-482.8081516544993,-534.2985313618761
324.0,337.7325999999988,305.9481999999997,-482.8962398881243,-534.3738464338761
324.05,337.7358824999988,305.9465774999997,-482.9848674874993,-534.4494557053762
324.1,337.7394249999988,305.9452149999997,-483.0742796188743,-534.5258740255013
324.15,337.7436049999988,305.9444899999997,-483.1618039701242,-534.6015813635012
324.2,337.7479799999988,305.94395999999966,-483.2482495898742,-534.6760628702511
324.25,337.7521949999988,305.94326999999964,-483.33597007412425,-534.7500785611262
324.3,337.75603249999875,305.94220249999967,-483.42771128487425,-534.8262026817512
324.35,337.76001249999877,305.94127749999967,-483.5146472371243,-534.9017384033762
324.4,337.76446999999877,305.94082999999966,-483.5996218593742,-534.9759992605011
324.45,337.76924999999875,305.94070499999964,-483.68685201112424,-535.0507749667511
324.5,337.77449249999876,305.94104249999964,-483.7736163469993,-535.1255016397511
324.55,337.78001499999874,305.9416599999996,-483.8618026471243,-535.2009883281261
324.6,337.7859674999987,305.94270749999964,-483.9482727834993,-535.275764034376
324.65,337.7923299999987,305.94416499999966,-484.0355029352492,-535.350490707376
324.7,337.7985249999987,305.94545499999964,-484.1220711381242,-535.424996730751
324.75,337.8034474999987,305.94547249999965,-484.20903160699925,-535.499845986876
324.8,337.8076299999987,305.94474999999966,-484.2963843418743,-535.5746707263761
324.85,337.8124799999987,305.9446949999997,-484.3833938439993,-535.6495935323761
324.9,337.81764749999866,305.9449574999997,-484.4687852488742,-535.724246655501
324.95,337.82311749999866,305.9455224999997,-484.55464246962424,-535.7977229806261
325.0,337.82925999999867,305.9467599999997,-484.64363781837426,-535.8721799707511
325.05,337.8351124999987,305.9477074999997,-484.73145636912426,-535.9468576105011
325.1,337.83991249999866,305.9476024999997,-484.81738713974926,-536.0208733013761
325.15,337.84435749999864,305.9471424999997,-484.9013075471242,-536.093148311876
325.2,337.84887999999864,305.9467599999997,-484.9892731976242,-536.1671394861261
325.25,337.85371249999866,305.9466874999997,-485.0757188173742,-536.2423564916261
325.3,337.85793249999864,305.94600249999974,-485.1631941353742,-536.317671563626
325.35,337.86148999999864,305.9446549999997,-485.2510372027493,-536.3936731011261
325.4,337.8659999999986,305.9442599999997,-485.3390028532492,-536.469846255001
325.45,337.8716299999986,305.9449849999997,-485.4266743042492,-536.545896825751
325.5,337.87686999999863,305.9453199999997,-485.51552255324924,-536.620844148376
325.55,337.88139499999863,305.9449399999997,-485.60652826524927,-536.6970663355011
325.6,337.88634999999863,305.9449899999997,-485.6887570254993,-536.7706162105011
325.65,337.89127999999863,305.94501499999967,-485.7767471926242,-536.844754484501
325.7,337.8959024999986,305.94473249999965,-485.86748322174924,-536.921761203626
325.75,337.9002499999986,305.94417499999963,-485.95542435562425,-536.997345958501
325.8,337.90440499999863,305.94342499999965,-486.0454739192493,-537.072562964001
325.85,337.90880999999865,305.94292499999966,-486.1349596004993,-537.147829002751
325.9,337.91308249999867,305.94229249999967,-486.22405301574923,-537.223119558126
325.95,337.9169899999987,305.9412949999997,-486.31449484537427,-537.298802379501
326.0,337.9207699999987,305.9401699999997,-486.40542700749927,-537.375343282751
326.05,337.9245499999987,305.9390449999997,-486.4919461771243,-537.4499473726261
326.1,337.9280399999987,305.9376299999997,-486.58130927524934,-537.5244779126261
326.15,337.9316399999987,305.93632499999967,-486.6684658771243,-537.5987387697511
326.2,337.9357399999987,305.93551999999966,-486.7583193077493,-537.6734409261261
326.25,337.9403599999987,305.93523499999964,-486.8524631477493,-537.7522373588761
326.3,337.9451124999987,305.9350824999996,-486.9348635243743,-537.8277485638761
326.35,337.9489424999987,305.9340074999996,-487.02123559424933,-537.9018868378761
326.4,337.9523399999987,305.9324999999996,-487.11204517324927,-537.978207091501
326.45,337.95628999999866,305.93154499999963,-487.1999127572493,-538.052615048376
326.5,337.96099249999867,305.93134249999963,-487.2892268221243,-538.127586887626
326.55,337.9668849999987,305.93232999999964,-487.3752801758743,-538.202411627126
326.6,337.9732549999987,305.93379499999963,-487.4643000412493,-538.277898315501
326.65,337.97868999999866,305.93432499999966,-487.54873529774926,-538.351938523001
326.7,337.98348749999866,305.93421749999965,-487.6337834698743,-538.4245322496259
326.75,337.98887249999865,305.93469749999963,-487.7260640463743,-538.501637035251
326.8,337.9947124999986,305.93563249999966,-487.8109651187493,-538.576755974251
326.85,338.0006574999986,305.93667249999964,-487.89888173599934,-538.650600048751
326.9,338.00670749999864,305.93781749999965,-487.98694545299924,-538.725718987751
326.95,338.01211249999864,305.93831749999964,-488.07218975812424,-538.799195312876
327.0,338.0174999999986,305.9387999999996,-488.16184705574926,-538.874387801751
327.05,338.0240074999986,305.9404024999996,-488.24427194899926,-538.947471860876
327.1,338.0309449999986,305.9424349999996,-488.33115886799925,-539.020335270376
327.15,338.0372599999986,305.9438449999996,-488.4219929636242,-539.096704557251
327.2,338.0422374999986,305.9439174999996,-488.5059133709992,-539.170646698251
327.25,338.04595499999857,305.9427299999996,-488.59461452024925,-539.245177238251
327.3,338.0495549999986,305.9414249999996,-488.68147692262426,-539.319903911251
327.35,338.0529474999986,305.9399124999996,-488.76753027637426,-539.3938950855011
327.4,338.0555749999986,305.9376349999996,-488.8541229958742,-539.468131426001
327.45,338.0585474999986,305.9357024999996,-488.9394898841242,-539.5424903496261
327.5,338.0626049999986,305.9348549999996,-489.02640131974925,-539.6179525213761
327.55,338.0669849999986,305.9343299999996,-489.1156173181243,-539.694616007751
327.6,338.07121499999863,305.9336549999996,-489.20468621674934,-539.7711814276261
327.65,338.07568999999864,305.9332249999996,-489.29137700274924,-539.846741665876
327.7,338.08042999999867,305.9330599999996,-489.37823940512425,-539.922252870876
327.75,338.0852899999987,305.9330149999996,-489.46546955687427,-539.997469876376
327.8,338.09053999999867,305.9333599999996,-489.5535823071243,-540.0728094650011
327.85,338.09563749999865,305.9335524999996,-489.64095955862433,-540.1486884193762
327.9,338.09958249999863,305.9325924999996,-489.7295871579993,-540.2249351231261
327.95,338.1026524999986,305.9307574999996,-489.8172095757493,-540.2999559956261
328.0,338.1061749999986,305.9293749999996,-489.90345906249934,-540.3740942696261
328.05,338.1105574999986,305.9288524999996,-489.98811496862436,-540.4473499451261
328.1,338.1156424999986,305.9290324999996,-490.0744134886244,-540.5215372523761
328.15,338.12052249999863,305.9290074999996,-490.1634823872493,-540.5970974906261
328.2,338.12528499999866,305.92886499999963,-490.2524777359993,-540.6731725780011
328.25,338.1307249999987,305.92939999999965,-490.3406885527493,-540.7483895835011
328.3,338.1352474999987,305.92901749999965,-490.42679093974937,-540.8220130083761
328.35,338.13829749999866,305.92716249999967,-490.51502627312436,-540.896788714626
328.4,338.14151249999867,305.92547249999967,-490.6025015911243,-540.972054753376
328.45,338.14529499999867,305.92434999999966,-490.6895110932493,-541.0466343266261
328.5,338.14912249999867,305.92327249999965,-490.7768147948743,-541.1207726006261
328.55,338.15459499999866,305.92383999999964,-490.86419204637434,-541.1954747570011
328.6,338.16170749999867,305.92604749999964,-490.95228027999934,-541.2710104786261
328.65,338.16838249999864,305.92781749999966,-491.03995173099923,-541.346644266751
328.7,338.1750349999987,305.9295649999997,-491.1257844351243,-541.4209296405011
328.75,338.18172499999866,305.93134999999967,-491.2136765357493,-541.4950188812511
328.8,338.18746999999865,305.93218999999965,-491.3036280328743,-541.5710449353761
328.85,338.1928424999987,305.93265749999966,-491.38708262437433,-541.6448154600012
328.9,338.19852749999865,305.9334374999997,-491.47335662774924,-541.7189292173761
328.95,338.20444499999866,305.9344499999997,-491.55980224749925,-541.7940726730011
329.0,338.21030499999864,305.93540499999966,-491.6464685168743,-541.8691670953762
329.05,338.21555249999864,305.93574749999965,-491.7346057837493,-541.9446537837512
329.1,338.22056249999866,305.93585249999967,-491.8230862833743,-542.0202875718762
329.15,338.2259149999987,305.9362999999997,-491.91137064999924,-542.0955045773761
329.2,338.2314549999987,305.93693499999966,-491.99754658687425,-542.1698144677512
329.25,338.23640999999867,305.93698499999965,-492.08548772074926,-542.2445901740011
329.3,338.2406124999987,305.93628249999966,-492.17450758612426,-542.3200033125012
329.35,338.2446024999987,305.93536749999964,-492.26369906787426,-542.3955635507511
329.4,338.24825749999866,305.9341174999996,-492.3511253526242,-542.470486356751
329.45,338.2518749999987,305.9328299999996,-492.4371296731242,-542.5448452803761
329.5,338.25534499999867,305.9313949999996,-492.5242617583742,-542.6200868025011
329.55,338.25872249999867,305.9298674999996,-492.6107318947492,-542.6953283246261
329.6,338.26230999999865,305.9285499999996,-492.69877109512424,-542.7708395296261
329.65,338.26656499999865,305.92789999999957,-492.78519219824915,-542.845615235876
329.7,338.27196749999865,305.92839749999956,-492.8709023192492,-542.919189627501
329.75,338.27784749999864,305.92937249999954,-492.9586963533742,-542.993156285126
329.8,338.28353749999866,305.93015749999955,-493.0475691189992,-543.0676868251261
329.85,338.28901499999864,305.9307299999995,-493.1356573526242,-543.1423644648761
329.9,338.29378249999866,305.93059249999953,-493.2229120209991,-543.217213721001
329.95,338.29777499999864,305.9296799999995,-493.30997055637414,-543.292210076876
330.0,338.3030924999986,305.9300924999995,-493.39558261087416,-543.3667896501261
330.05,338.30943249999865,305.9315274999995,-493.4806062663742,-543.4412221236261
330.1,338.31399749999866,305.9311874999995,-493.5668067198742,-543.5160713797511
330.15,338.3175274999987,305.9298124999995,-493.6555323857491,-543.5916071013761
330.2,338.32197249999865,305.92935249999954,-493.74298318712414,-543.6666034572511
330.25,338.32657249999863,305.9290474999995,-493.83021333887416,-543.7417714295011
330.3,338.3310824999986,305.9286524999995,-493.9163402424992,-543.8166697188761
330.35,338.33555749999863,305.9282224999995,-494.0036929773742,-543.8917641412512
330.4,338.34050749999864,305.9282674999995,-494.08977084774915,-543.9661475815011
330.45,338.3462974999986,305.9291524999995,-494.1759958178742,-544.0407761880011
330.5,338.35155999999864,305.9295099999995,-494.26383888524924,-544.1155764108762
330.55,338.3569049999986,305.9299499999995,-494.35178001912425,-544.1902540506262
330.6,338.36306249999865,305.93120249999953,-494.44119215049926,-544.2656426725013
330.65,338.36898999999863,305.9322249999995,-494.5287655349992,-544.3404674120012
330.7,338.37402249999866,305.9323524999995,-494.6153092212492,-544.4153166681263
330.75,338.37886499999865,305.9322899999995,-494.70168129112426,-544.4894304255013
330.8,338.38366249999865,305.9321824999995,-494.7902108239993,-544.5637403158763
330.85,338.38676749999865,305.9303824999995,-494.87915713949934,-544.6384915055013
330.9,338.38805749999864,305.92676749999947,-494.9678092554993,-544.7137820608763
330.95,338.38900499999863,305.92280999999946,-495.0573684866243,-544.7896119820012
331.0,338.3908824999986,305.9197824999995,-495.1446231549993,-544.8643386550012
331.05,338.3944249999986,305.91841999999946,-495.2317797568743,-544.9384033791263
331.1,338.3986599999986,305.91774999999944,-495.3185931259993,-545.0121248705013
331.15,338.4019299999986,305.9161149999994,-495.40577424449924,-545.0866308938763
331.2,338.40463999999855,305.9139199999994,-495.49087144987425,-545.1609162676264
331.25,338.40882249999856,305.9131974999994,-495.5752331564993,-545.2346377590014
331.3,338.41490499999856,305.9143749999994,-495.6605510114993,-545.3090211992514
331.35,338.4218524999986,305.9164174999994,-495.7448636848743,-545.3830614067515
331.4,338.4295924999986,305.9192524999994,-495.83228996962424,-545.4581558291264
331.45,338.43734749999857,305.9221024999994,-495.92005948712426,-545.5336180008765
331.5,338.44383749999855,305.9236874999994,-496.00934903537427,-545.6094969552515
331.55,338.4500424999986,305.9249874999994,-496.0979521181243,-545.6851552600016
331.6,338.4567424999986,305.92678249999943,-496.1843241879993,-545.7595387002516
331.65,338.4637224999986,305.9288574999994,-496.2711620737492,-545.8335543911265
331.7,338.4705724999986,305.9308024999994,-496.35545023049923,-545.9068590998766
331.75,338.4762149999986,305.9315399999994,-496.43988548699923,-545.9810464071265
331.8,338.4802974999986,305.9307174999994,-496.52662530624923,-546.0569008448765
331.85,338.4833124999986,305.9288274999994,-496.60968763174924,-546.1306713695016
331.9,338.4867149999986,305.92732499999937,-496.69571646887414,-546.2038534951265
331.95,338.4913899999986,305.9270949999994,-496.78525118337416,-546.2793401835015
332.0,338.4964424999986,305.9272424999994,-496.8722852021242,-546.3546797721266
332.05,338.5011449999986,305.9270399999994,-496.9608637682492,-546.4294309617516
332.1,338.5057724999986,305.9267624999994,-497.05025138299925,-546.5043537677516
332.15,338.5106249999986,305.92670999999945,-497.13694216899916,-546.5783204253765
332.2,338.5151224999986,305.92630249999945,-497.2229464894992,-546.6516986840015
332.25,338.5196599999986,305.92593499999947,-497.3121134546242,-546.7266950398765
332.3,338.52537249999864,305.9267424999995,-497.4001281383742,-546.8017649456266
332.35,338.53216499999866,305.9286299999995,-497.4878241059992,-546.8767122682516
332.4,338.53943499999866,305.9309949999995,-497.57446585874914,-546.9511447417515
332.45,338.5459374999987,305.9325924999995,-497.66262764224916,-547.0264352971265
332.5,338.55084749999867,305.9325974999995,-497.7502010267492,-547.1011374535015
332.55,338.55485499999867,305.93169999999947,-497.8385344266242,-547.1755208937515
332.6,338.55898499999864,305.9309249999995,-497.92574006174925,-547.2496836843765
332.65,338.56341249999866,305.9304474999995,-498.01176889887415,-547.3235767921263
332.7,338.5676174999987,305.9297474999995,-498.09956293299916,-547.3981318487514
332.75,338.57183249999866,305.9290574999995,-498.1876266499992,-547.4732998210014
332.8,338.57667499999866,305.9289949999995,-498.2742929193742,-547.5480264940014
332.85,338.58210999999864,305.9295249999995,-498.3626508358742,-547.6234396325015
332.9,338.58773499999864,305.9302449999995,-498.4520384506241,-547.7000050523764
332.95,338.59275249999865,305.9303574999995,-498.5394647353741,-547.7756143238764
333.0,338.59713999999866,305.9298399999995,-498.6284846007491,-547.8512971452515
333.05,338.60164249999866,305.9294374999995,-498.71895094699914,-547.9273477160015
333.1,338.6064974999987,305.9293874999995,-498.80787274587414,-548.0024176217515
333.15,338.61161999999865,305.9296049999995,-498.89314156762407,-548.0763352461265
333.2,338.61695749999865,305.9300374999995,-498.9780916732491,-548.1500077042515
333.25,338.6218749999986,305.93004999999954,-499.0625024131241,-548.2232143465015
333.3,338.6261349999986,305.9294049999995,-499.1489480328741,-548.2974752036266
333.35,338.6303924999986,305.9287574999995,-499.2345600873741,-548.3714418612516
333.4,338.6346099999986,305.9280699999995,-499.320049558749,-548.4456782017515
333.45,338.6397249999986,305.92827999999946,-499.40752487674905,-548.5207235908765
333.5,338.64632749999856,305.92997749999944,-499.49411759624905,-548.5953276807516
333.55,338.65260749999857,305.93135249999943,-499.5807593489991,-548.6699808038766
333.6,338.6578649999986,305.93170499999945,-499.6672049687491,-548.7445358605016
333.65,338.6635024999986,305.9324374999995,-499.754263504124,-548.8197528660015
333.7,338.6700299999986,305.9340599999995,-499.84166527224903,-548.8947247052515
333.75,338.6764174999986,305.9355424999995,-499.93107740362404,-548.9707752760015
333.8,338.6817749999986,305.9359949999995,-500.0200237191241,-549.0468748800015
333.85,338.6857499999986,305.9350649999995,-500.1069841879991,-549.1214299366266
333.9,338.6890874999986,305.9334974999995,-500.194753705499,-549.1958378935014
333.95,338.6930999999986,305.93260499999946,-500.28100319224905,-549.2697064846265
334.0,338.6974899999986,305.93208999999945,-500.3677920447491,-549.3435750757515
334.05,338.7017249999986,305.93141999999943,-500.4543847642491,-549.4173946336265
334.1,338.7064899999986,305.93127999999945,-500.5413452331241,-549.4919496902515
334.15,338.7118124999986,305.9316974999995,-500.62676115462403,-549.5658673146265
334.2,338.71695249999857,305.93193249999945,-500.7121770761241,-549.6398584888766
334.25,338.72152249999857,305.93159749999944,-500.7985001127491,-549.7144625787516
334.3,338.72596749999855,305.93113749999947,-500.8851418654991,-549.7891647351266
334.35,338.73109499999856,305.9313599999995,-500.97345074874914,-549.8641365743766
334.4,338.73668749999854,305.9320474999995,-501.06097509999904,-549.9393045466265
334.45,338.7424599999985,305.9329149999995,-501.1497988323741,-550.0153060841266
334.5,338.7486049999985,305.9341549999995,-501.2383773984991,-550.0910134221266
334.55,338.75449499999854,305.93513999999954,-501.3276179134991,-550.1670639928766
334.6,338.76003249999854,305.93577249999953,-501.41737327762416,-550.2435068296267
334.65,338.76514249999855,305.9359774999995,-501.5054860278741,-550.3187973850016
334.7,338.7700174999986,305.93594749999954,-501.59144131512414,-550.3928621091267
334.75,338.77508499999857,305.93610999999953,-501.67340039249916,-550.4640338715017
334.8,338.78071749999856,305.9368374999995,-501.7557517358742,-550.5346907847517
334.85,338.78800749999857,305.9392224999995,-501.8394514936242,-550.6077012940017
334.9,338.79627249999857,305.9425824999995,-501.9221951029991,-550.6814227853766
334.95,338.80309999999855,305.9445049999995,-502.00805232374915,-550.7573262563767
335.0,338.8083124999986,305.9448124999995,-502.10410846049916,-550.8402659987518
335.05,338.8170224999986,305.9486174999995,-502.2422841589992,-550.9550528370017
335.1,338.8280749999986,305.9547649999995,-502.46962682262426,-551.1427766346268
335.15,338.8260224999986,305.9478074999995,-502.776599484249,-551.3954449718766
335.2,338.8009249999986,305.9178049999995,-503.1143895434991,-551.6645884811267
335.25,338.7509874999986,305.86296249999947,-503.4574506771242,-551.9346391055017
335.3,338.6707249999986,305.77779499999946,-503.80276734024926,-552.2107698528768
335.35,338.55404249999856,305.6562074999994,-504.15590480674933,-552.4924168408768
335.4,338.3988849999987,305.49614499999956,-504.514828196749,-552.7772019568765
335.45,338.20494249999865,305.2972974999995,-504.8776497301241,-553.0604915587516
335.5,337.9749124999986,305.06236249999944,-505.2500082306242,-553.3435850276267
335.55,337.72531749999854,304.8078624999994,-505.6329579131243,-553.6382258268767
335.6,337.4835749999985,304.5612149999993,-506.01249978474937,-553.9454926880018
335.65,337.2769449999987,304.3496799999995,-506.381376924499,-554.2599919535015
335.7,337.14694249999866,304.21477249999947,-506.7431687596241,-554.5897405597516
335.75,337.14749249999863,304.2104174999995,-507.09265324899917,-554.9419709111266
335.8,337.3555699999987,304.41358999999954,-507.43304207049925,-555.2972413240017
335.85,337.7724449999988,304.82555999999965,-507.7703663138743,-555.6392972760018
335.9,338.30946749999833,305.35767749999917,-508.102370449624,-555.9818435605015
335.95,338.90608999999847,305.9493949999993,-508.4430044373741,-556.3262285918765
336.0,339.4874199999986,306.52581999999944,-508.80862086599916,-556.6458518320017
336.05,339.9484374999987,306.9819324999996,-509.1703146346242,-556.9331621603767
336.1,340.2642599999988,307.29284999999965,-509.4981019108743,-557.2132400843767
336.15,340.51467249999854,307.53835749999945,-509.80926691537405,-557.4953528882514
336.2,340.7596724999986,307.7784524999995,-510.1061142108741,-557.7748914465014
336.25,341.01513999999867,308.02901499999956,-510.3852114698742,-558.0599707620015
336.3,341.2961649999987,308.3051349999996,-510.67521862699925,-558.3549793106266
336.35,341.5849674999988,308.5890324999997,-510.99329731974933,-558.6517530562517
336.4,341.86289999999855,308.8620599999994,-511.319343915624,-558.9612509302514
336.45,342.18225499999863,309.1765099999995,-511.6308766694991,-559.3037236648764
336.5,342.60061499999875,309.5899649999996,-511.9307885431242,-559.6759595822515
336.55,343.1370599999989,310.12150499999973,-512.2273416391242,-560.0877653323765
336.6,343.82649249999906,310.8060324999999,-512.5187707604993,-560.5438971405016
336.65,344.69408999999825,311.66872499999914,-512.812185728499,-561.0159157216261
336.7,345.64924749999847,312.61897749999935,-513.1326425338741,-561.4704294325012
336.75,346.5540149999987,313.51883999999956,-513.4738894372492,-561.9072666567513
336.8,347.32498249999884,314.2849024999997,-513.8190099673743,-562.3341010980014
336.85,347.891387499999,314.84640249999984,-514.1693770552494,-562.7236212360015
336.9,348.23109999999866,315.1812099999995,-514.5213377237491,-563.0796516642512
336.95,348.4102849999987,315.3554899999996,-514.8778830011241,-563.4161913756262
337.0,348.4714899999987,315.4117899999996,-515.2760575077492,-563.7056101337513
337.05,348.33673499999867,315.27212999999955,-515.7408191678743,-563.9278533393764
337.1,347.94619499999857,314.87668499999944,-516.2392421541244,-564.0962090032514
337.15,347.3313999999991,314.256985,-516.738866454999,-564.2225922051263
337.2,346.53601749999893,313.4566974999998,-517.2336364641241,-564.3061693797513
337.25,345.6355474999987,312.55132249999957,-517.7230618489991,-564.3539522818763
337.3,344.68693249999853,311.5978024999994,-518.2347238127493,-564.3494412228763
337.35,343.6196849999983,310.52564999999913,-518.7817877829995,-564.2736603350013
337.4,342.3148799999995,309.21594000000033,-519.3297098351239,-564.1569121667515
337.45,340.78429499999913,307.68045,-519.8573811549991,-564.0251353073764
337.5,339.1519124999988,306.04316249999965,-520.3748290422492,-563.8639139813764
337.55,337.4727324999984,304.3590774999993,-520.8915904639993,-563.7011481080013
337.6,335.82632749999806,302.7077674999989,-521.3754996082494,-563.6160754192513
337.65,334.4801749999993,301.35671000000013,-521.8089535382489,-563.6030816080013
337.7,333.6666099999991,300.53824,-522.2026905357491,-563.6289956806263
337.75,333.43017999999904,300.2969049999999,-522.5270700011241,-563.7090179446263
337.8,333.7271574999991,300.5889775,-522.7078065606241,-563.8167439948763
337.85,334.35122999999925,301.2081450000001,-522.7161422131242,-563.8576867586263
337.9,334.9676074999987,301.81961749999954,-522.5951771853743,-563.7801897070013
337.95,335.3556499999988,302.2027549999996,-522.4054675411243,-563.6098727131263
338.0,335.4757324999988,302.31793249999964,-522.2290949408742,-563.4248457442512
338.05,335.41914249999877,302.2564374999996,-522.0385272147491,-563.2757111143762
338.1,335.3315799999987,302.1639699999996,-521.7160600461241,-563.1519511913762
338.15,335.4018899999987,302.22937499999955,-521.3045975287495,-563.0527569266262
338.2,335.69868499999876,302.52126499999963,-520.8990435179994,-562.9321841648762
338.25,336.11120749999884,302.9288824999997,-520.4950585712493,-562.8098462061262
338.3,336.623804999999,303.43657499999983,-520.0856309337491,-562.7692711917512
338.35,337.3472924999991,304.1551575,-519.6560015972491,-562.8169805440011
338.4,338.3518624999982,305.15482249999906,-519.1823404022496,-562.903769396501
338.45,339.6231324999985,306.42118749999935,-518.6851677638745,-562.987125921501
338.5,341.06907249999887,307.8622224999997,-518.2174641087494,-563.0708501958761
338.55,342.5129124999992,309.3011575,-517.8156121083742,-563.1709270591261
338.6,343.84909499999947,310.63243500000027,-517.4591648974991,-563.3126576682512
338.65,345.1091149999983,311.8875499999991,-517.1254445979995,-563.501975046501
338.7,346.3538999999986,313.1274299999994,-516.8139363607494,-563.7363784981261
338.75,347.6542499999989,314.4228749999997,-516.5110334588743,-564.0257972562512
338.8,349.0813199999992,315.84504000000004,-516.2169075087493,-564.3516967523763
338.85,350.67979749999955,317.4386125000004,-515.9689953967492,-564.7363871152513
338.9,352.4978449999979,319.25175499999875,-515.8024049298743,-565.2044094865009
338.95,354.49917249999834,321.2481774999992,-515.6702358044993,-565.7111681252511
339.0,356.5827649999988,323.32686499999966,-515.5168352818743,-566.2143963700012
339.05,358.7362024999993,325.47539750000016,-515.3669406366242,-566.7066411667513
339.1,360.9092899999998,327.64358000000067,-515.2249158279992,-567.2023428076265
339.15,363.03803999999786,329.76742499999875,-515.0406243578744,-567.708954346626
339.2,365.21010999999834,331.9345899999992,-514.8013666144993,-568.2045824376261
339.25,367.5313999999989,334.25097499999976,-514.5234216368742,-568.6895703133762
339.3,370.0211649999994,336.7358350000003,-514.2153702437491,-569.1873313507513
339.35,372.6935475,339.4033125000009,-513.8982476993741,-569.6949725880014
339.4,375.50288249999744,342.20774249999835,-513.6049062812493,-570.177901067251
339.45,378.2749124999981,344.974867499999,-513.3313497794993,-570.6408975303762
339.5,380.9329199999987,347.6279699999996,-513.0414652054992,-571.1466755041263
339.55,383.58338749999933,350.2735325000002,-512.7617795474991,-571.6820695608764
339.6,386.1913174999999,352.8765575000008,-512.514406801249,-572.2062840366265
339.65,388.6063574999977,355.2866924999986,-512.2675489041243,-572.743100057626
339.7,390.81670999999824,357.4921399999991,-512.0829142012492,-573.2551297707511
339.75,392.6848949999987,359.3554199999995,-512.0672725944992,-573.6653909735012
339.8,393.91403499999893,360.57965499999983,-512.1483981066242,-574.0438295970013
339.85,394.6404599999991,361.301175,-512.1581802399992,-574.4892721566264
339.9,395.37475749999845,362.03056749999934,-512.0731320678742,-574.948958875376
339.95,396.3756374999987,363.02654249999955,-511.9834257369992,-575.333943437751
340.0,397.47286499999893,364.1188649999998,-511.9610665749992,-575.6052934432511
340.05,398.36755249999914,365.0086475,-511.97697786462425,-575.7955179366261
340.1,399.0169474999993,365.6531375000001,-511.9729816547492,-575.9722092530011
340.15,399.58643999999873,366.21772499999963,-511.94635659999926,-576.140025551126
340.2,400.16296249999886,366.78934249999975,-511.88643796849925,-576.3278964485011
340.25,400.880969999999,367.5024449999999,-511.7962413051242,-576.6261902248762
340.3,401.90479749999923,368.52136750000017,-511.73114966574923,-576.9996519735013
340.35,403.04397749999947,369.6556425000004,-511.76714007124923,-577.3080465993763
340.4,403.9440574999987,370.5508174999996,-511.87596936962416,-577.558778123251
340.45,404.5683074999988,371.1701624999997,-511.9481708302492,-577.8665843501261
340.5,405.20749749999896,371.80444749999987,-511.93426990387417,-578.2440423086261
340.55,406.10362999999916,372.69567500000005,-511.84620618687416,-578.6346656947512
340.6,407.27302499999945,373.86016500000034,-511.71271316374913,-579.0413965035013
340.65,408.69304499999816,375.27527999999904,-511.57100707124926,-579.460875957251
340.7,410.29603249999855,376.8733624999994,-511.46399200312425,-579.8749372368761
340.75,411.8934149999989,378.4658399999998,-511.39068729437423,-580.3016000617512
340.8,413.37085749999926,379.9383775000001,-511.3263556703742,-580.7394669842513
340.85,414.71320249999957,381.2758175000004,-511.2654563738742,-581.1622316657514
340.9,415.92818499999845,382.4858949999993,-511.2001931181243,-581.5621713693761
340.95,417.0806849999987,383.63348999999954,-511.1156107618743,-581.9863825317511
341.0,418.315449999999,384.8633499999998,-511.0061440312493,-582.4582294965012
341.05,419.7242199999993,386.26721500000014,-510.8598533298742,-582.8943067053763
341.1,421.2275199999997,387.7656100000005,-510.6499174699992,-583.2889508180014
341.15,422.71876999999836,389.25195499999916,-510.4232857884994,-583.6392933892511
341.2,424.07935749999865,390.60763749999944,-510.1915791656244,-583.8797524472511
341.25,425.2130299999989,391.7364049999997,-509.83920171449927,-584.0351142998761
341.3,426.30017749999917,392.81864749999994,-509.40256062324914,-584.1806204692512
341.35,427.68095749999947,394.19452250000023,-508.96596856524906,-584.3499813147512
341.4,429.35630749999797,395.8649674999987,-508.50831672637446,-584.4849453353761
341.45,431.05361249999834,397.5573674999991,-508.06559551212433,-584.5794814413762
341.5,432.4638274999987,398.9626774999994,-507.74021086512425,-584.6308928040012
341.55,433.32954999999885,399.82349499999964,-507.5127456183742,-584.6507267536261
341.6,433.72225499999894,400.2112949999997,-507.25659592037414,-584.7207462346262
341.65,434.0795824999986,400.5637174999994,-506.9313093398744,-584.8731170590011
341.7,434.8267649999988,401.3059949999996,-506.57858865599934,-585.0912414716261
341.75,436.02350499999903,402.49782999999985,-506.24744260212424,-585.3282436855011
341.8,437.43868249999935,403.90810250000015,-505.91230033837417,-585.5285935450012
341.85,438.8869649999997,405.3514800000005,-505.5248150802491,-585.7116837005012
341.9,440.3767899999983,406.8363999999991,-505.12070755037445,-585.929415847126
341.95,441.9179424999987,408.37264749999946,-504.8129993899994,-586.1485454413761
342.0,443.390539999999,409.8403399999998,-504.65881433537436,-586.3147926755012
342.05,444.5670824999993,411.01197750000006,-504.62203939787435,-586.4181057332512
342.1,445.2988349999994,411.73882500000025,-504.65101804862434,-586.4700564616262
342.15,445.6798149999991,412.1148999999999,-504.6943879582493,-586.5169812818762
342.2,445.88938499999915,412.31956499999995,-504.7493051982493,-586.5538788025011
342.25,445.91338499999915,412.33865999999995,-504.87009860962434,-586.4757443186261
342.3,445.53698499999905,411.95735499999984,-505.05340941474935,-586.2571050568761
342.35,444.64718249999885,411.0626474999996,-505.2528521591244,-585.985264718876
342.4,443.395035,409.8055950000008,-505.44050240687426,-585.7302427856263
342.45,441.9851724999997,408.39082750000046,-505.6172182398743,-585.5009142753762
342.5,440.48880499999933,406.8895550000001,-505.83808851449936,-585.2648927265011
342.55,438.905659999999,405.30150499999974,-506.1100514356244,-585.0187212948761
342.6,437.1835899999986,403.57452999999936,-506.3903990424995,-584.752617847126
342.65,435.19968250000045,401.5857175000012,-506.66174904799925,-584.4521420911262
342.7,433.02225999999996,399.4033900000007,-506.8939460033743,-584.1699312207512
342.75,430.9152299999995,397.2914550000002,-507.09436941274936,-583.9028961412512
342.8,428.86335499999905,395.23467499999975,-507.3491706963744,-583.5833219343762
342.85,426.62276749999853,392.98918249999923,-507.6857594409995,-583.2262618078761
342.9,424.0641350000009,390.42564500000157,-508.07483827974914,-582.8708442952515
342.95,421.19234000000023,387.5489450000009,-508.48218200412424,-582.5273173457514
343.0,418.1846074999996,384.53630750000025,-508.8906289766243,-582.2117883820013
343.05,415.27406249999893,381.6208574999996,-509.3006695297494,-581.9446307193762
343.1,412.8193749999984,379.16126499999905,-509.6186991892495,-581.8128783766261
343.15,411.23159999999984,377.5685850000005,-509.7671963868744,-581.888879914126
343.2,410.6156624999997,376.94774250000034,-509.7863683876244,-582.090774321001
343.25,410.6604824999997,376.98765750000035,-509.7815386124994,-582.2904377150011
343.3,410.92282999999975,377.24510000000043,-509.7942137076244,-582.4835551701261
343.35,411.3390699999998,377.65643500000056,-509.7262291064994,-582.7614265978762
343.4,412.18246999999906,378.4949299999998,-509.5057020646246,-583.1781847062508
343.45,413.6391124999994,379.9466675000001,-509.2191762682495,-583.6661145770009
343.5,415.5532549999998,381.8559050000005,-508.97020994137443,-584.1174411266261
343.55,417.6638800000003,383.961625000001,-508.72815730274937,-584.5461633480012
343.6,419.9386850000008,386.2315250000015,-508.46504488324933,-585.0022951561263
343.65,422.3597399999986,388.6476749999993,-508.2461849718745,-585.4490861301258
343.7,424.7844274999992,391.0674574999999,-508.06297223324947,-585.8970539021259
343.75,427.18743499999977,393.46556000000044,-507.8479859486244,-586.392951676001
343.8,429.6088400000003,395.882060000001,-507.62321753062434,-586.8987051331261
343.85,432.0001275000009,398.2684425000015,-507.4308110576243,-587.3695959495012
343.9,434.2904774999988,400.55388749999946,-507.26490705624946,-587.8250658087508
343.95,436.5176249999993,402.77612999999997,-507.1013076176244,-588.3164525236259
344.0,438.82238999999987,405.0759900000005,-506.93685009712436,-588.8494929843761
344.05,441.2168825000004,407.465577500001,-506.82755498287435,-589.3519121805011
344.1,443.3914150000009,409.6352050000015,-506.86714933224937,-589.7380490242513
344.15,444.91757749999954,411.15646250000015,-507.0846608292492,-589.9730653915011
344.2,445.53025999999966,411.76424000000026,-507.42029342549927,-590.0174649993761
344.25,445.2631099999996,411.4921850000002,-507.78561565462434,-589.8803189991261
344.3,444.3557874999994,410.5799575,-508.1329426809994,-589.663984300126
344.35,443.0609449999991,409.28020999999967,-508.44690258074945,-589.4409075292509
344.4,441.5132100000005,407.7275700000011,-508.76556967249917,-589.1701214061262
344.45,439.6810400000001,405.89049500000067,-509.12991123662425,-588.8377004877511
344.5,437.59123499999964,403.7957850000002,-509.50315233562435,-588.5089325465011
344.55,435.39057249999917,401.5902174999997,-509.8768592504994,-588.1680288758761
344.6,433.09291749999863,399.28765749999917,-510.2868998036245,-587.762597448251
344.65,430.535027500001,396.7248625000015,-510.7292777851241,-587.3174981213764
344.7,427.73135500000035,393.91628500000087,-511.1440990801242,-586.9039271742513
344.75,424.9321749999997,391.11220000000026,-511.50777869537427,-586.5417675897512
344.8,422.3465499999991,388.5216699999997,-511.8678543667493,-586.2073853413762
344.85,420.0193224999986,386.1895374999992,-512.2219724982494,-585.9390263641261
344.9,418.12151000000034,384.2868200000009,-512.5224727708742,-585.7867781228763
344.95,416.82326750000004,382.9836725000006,-512.7779360033742,-585.7248981613762
345.0,416.0890874999999,382.2445875000004,-512.9991249941243,-585.7524303312513
345.05,415.7864174999998,381.9370125000004,-513.2374756223743,-585.8617744787513
345.1,415.6129974999998,381.75868750000035,-513.5709997888744,-585.9826169233763
345.15,415.29241750000006,381.4332025000006,-513.9719937073739,-586.0687683436263
345.2,414.71604499999995,380.8519250000005,-514.3901002301241,-586.1126285857513
345.25,413.89729499999976,380.0282700000003,-514.8219605794992,-586.1479570423763
345.3,412.93774249999956,379.0638125000001,-515.2402387186243,-586.2337161966263
345.35,412.09772249999935,378.2188874999999,-515.5648388336243,-586.4180567000014
345.4,411.75302499999964,377.8692850000002,-515.7374113569991,-586.7300062365011
345.45,412.0409549999997,378.1523100000003,-515.7958835076241,-587.1028305528762
345.5,412.7459449999999,378.85239500000046,-515.8134374111241,-587.4457936200013
345.55,413.6038150000001,379.70536000000067,-515.8058862906241,-587.7548992280014
345.6,414.4610225000003,380.55766250000084,-515.7649680434992,-588.0369139653765
345.65,415.24154999999956,381.33328500000016,-515.6883781069993,-588.2569506747512
345.7,415.88807249999974,381.9749025000003,-515.5722673709993,-588.3795092831263
345.75,416.33414999999985,382.41607500000043,-515.5006543093742,-588.3649218912512
345.8,416.4098524999999,382.48687250000046,-515.5807746398742,-588.1601100060012
345.85,415.8689199999998,381.94103500000034,-515.8015223313743,-587.7854714593761
345.9,414.55943750000097,380.6266475000015,-516.083095769499,-587.3552292072516
345.95,412.67771750000054,378.7400225000011,-516.385557372124,-586.9203533130014
346.0,410.55263750000006,376.6100375000006,-516.719449287999,-586.4684383643763
346.05,408.3705474999996,374.4230425000001,-517.0532921706241,-586.0512389567513
346.1,406.3097074999991,372.3572974999997,-517.3604119319991,-585.6852792953762
346.15,404.48443250000076,370.52711750000134,-517.6637316164988,-585.3501615482514
346.2,402.8815600000004,368.919340000001,-517.9774218333739,-585.0650822327514
346.25,401.48916750000006,367.5220425000007,-518.2766717581239,-584.8438687253763
346.3,400.3074399999998,366.3354100000004,-518.568051846249,-584.6155208801263
346.35,399.16786999999954,365.19093500000014,-518.889709966249,-584.3004086990012
346.4,397.7889625000008,363.8071225000014,-519.2461081438737,-583.9081672156266
346.45,395.99327750000043,362.006532500001,-519.6433265021238,-583.4596110446265
346.5,393.7428074999999,359.7511575000005,-520.0523128403739,-582.9719753733764
346.55,391.09331499999934,357.0967599999999,-520.456199720624,-582.4483002633763
346.6,388.24503499999867,354.2435749999993,-520.8423610809991,-581.8906696277511
346.65,385.36409750000126,351.35773250000193,-521.1988082918738,-581.3141611908766
346.7,382.5143325000006,348.5030625000013,-521.5246097214989,-580.7444683757515
346.75,379.847145,345.8309700000007,-521.766833976499,-580.2606327813763
346.8,377.6133549999995,343.5922750000002,-521.928913384374,-579.8726326741263
346.85,375.9037274999991,341.8777424999998,-522.121295340749,-579.4568307141262
346.9,374.4245875000004,340.3936975000011,-522.4014468146238,-578.9540437686267
346.95,372.77413750000005,338.7383425000007,-522.7117782538738,-578.4107798752516
347.0,370.8432774999996,336.80257750000027,-522.9919052111239,-577.8623184573764
347.05,368.74436999999915,334.6987649999998,-523.248912990999,-577.3223888250013
347.1,366.51913499999864,332.4686249999993,-523.5144770729991,-576.7930994078762
347.15,364.1287850000008,330.0733700000015,-523.7934272322489,-576.2612357451267
347.2,361.5687475000002,327.5084275000009,-524.0669592173739,-575.7289552997515
347.25,358.87222499999956,324.8070000000003,-524.328134823499,-575.2088596170014
347.3,356.08734249999895,322.0172124999997,-524.6070114328741,-574.6871703536262
347.35,353.26409999999834,319.18906499999906,-524.9060897412492,-574.1684721185011
347.4,350.4392175000009,316.3592775000016,-525.2175979784989,-573.6675729531265
347.45,347.6369125000003,313.552067500001,-525.538373499999,-573.2105830631264
347.5,344.90913749999964,310.81938750000035,-525.879546853499,-572.8115749912513
347.55,342.256987499999,308.16233249999976,-526.2696063572491,-572.4351957642513
347.6,339.6162449999984,305.51668499999914,-526.6922974888743,-572.0582526548761
347.65,336.90456500000084,302.80010000000163,-527.1337683552489,-571.6626523938764
347.7,334.0346825000002,299.925312500001,-527.581417411124,-571.2448891038764
347.75,331.01351249999954,296.8992375000003,-528.0286006511241,-570.8181772457513
347.8,327.90054499999883,293.7813649999996,-528.4800252672492,-570.3871749782512
347.85,324.7505849999981,290.6264999999989,-528.9188728547492,-569.9709562356261
347.9,321.633125000001,287.5041350000017,-529.3461976284989,-569.6067617712514
347.95,318.7051950000003,284.57130000000103,-529.761362156249,-569.3330336531263
348.0,316.1945299999997,282.05573000000044,-530.1648567704991,-569.1336889752513
348.05,314.13198999999923,279.98828499999996,-530.6053960051242,-568.9559679606263
348.1,312.3318324999988,278.18322249999954,-531.1103894468744,-568.7715539073762
348.15,310.5854650000004,276.43195000000117,-531.6563992022488,-568.5704685491264
348.2,308.80589499999996,274.6474750000008,-532.180638194624,-568.4189312900014
348.25,307.1601324999996,272.9968075000004,-532.619927081374,-568.4019412688764
348.3,305.8621249999993,271.6938950000001,-533.0361703406242,-568.4706613687514
348.35,304.8705249999991,270.69738999999987,-533.5260860579992,-568.5244753606264
348.4,303.91111249999994,269.73307250000073,-534.0554980582488,-568.5391363023764
348.45,302.70413999999965,268.52119500000043,-534.6014342637488,-568.5107705672514
348.5,301.1466774999993,266.9588275000001,-535.178923365624,-568.4691903712513
348.55,299.36648249999894,265.1737274999997,-535.6951944548741,-568.5141048282513
348.6,297.6951549999986,263.49749499999933,-536.1266380216242,-568.6635091410013
348.65,296.4756624999997,262.27309750000046,-536.5478581557488,-568.8568962790011
348.7,295.8243299999996,261.6168600000003,-536.9591245401239,-569.0848273416262
348.75,295.65226249999955,261.4398875000003,-537.343716836499,-569.3474739452513
348.8,295.8501399999996,261.63286000000033,-537.724901321999,-569.6026184616263
348.85,296.1676499999997,261.9454650000004,-538.1697309659992,-569.7659237007514
348.9,296.14217249999973,261.91508250000044,-538.7132890588737,-569.7834285710014
348.95,295.4727199999996,261.2407250000003,-539.3025216241238,-569.7321888247515
349.0,294.2550849999993,260.018185,-539.8703756923738,-569.7057108697514
349.05,292.908464999999,258.6666599999997,-540.3560255169989,-569.7332675562515
349.1,291.8499974999988,257.60328749999945,-540.737504201999,-569.8487653766265
349.15,291.29358499999927,257.04197,-541.0333708324987,-570.0690962855012
349.2,291.25034749999924,256.9938275,-541.2826558754988,-570.3516994218763
349.25,291.5718424999993,257.3104175000001,-541.5495928884989,-570.6437904921264
349.3,291.9679699999994,257.70164000000017,-541.8439640048739,-570.9074667940015
349.35,292.1841699999995,257.91293500000023,-542.129043320374,-571.1509904301265
349.4,292.21360999999945,257.9374700000002,-542.3956616172487,-571.4016238875013
349.45,292.17756749999944,257.8965225000002,-542.6576707886238,-571.6569400202513
349.5,292.1579674999994,257.87201750000014,-542.9459127487489,-571.8931086688764
349.55,292.0996199999994,257.8087650000001,-543.273969707874,-572.0854170753764
349.6,291.94441749999936,257.64865750000007,-543.5948187792491,-572.2516643095015
349.65,291.75844249999955,257.45777750000025,-543.8667326671239,-572.4200444900014
349.7,291.61923749999954,257.31366750000024,-544.0682838412489,-572.5643248281264
349.75,291.49345249999953,257.1829775000002,-544.2059692072489,-572.6270628715014
349.8,291.2911799999995,256.97580000000016,-544.393447838624,-572.6758754718763
349.85,290.99510999999944,256.6748250000001,-544.711477498124,-572.8179002805014
349.9,290.68564749999973,256.3604575000004,-545.1028363829987,-572.9919683180012
349.95,290.37988999999965,256.0497950000003,-545.5015992886238,-573.1003318005013
350.0,290.0108174999996,255.67581750000022,-545.9037700051239,-573.1326201956263
350.05,289.46292749999947,255.1230225000001,-546.350242262999,-573.0920206646263
350.1,288.6097249999993,254.26491499999992,-546.8393244151241,-573.0161662268763
350.15,287.57345500000025,253.22374000000087,-547.3272052526237,-572.9421995692513
350.2,286.60984,252.25522000000066,-547.7936830764988,-572.8514145068763
350.25,285.74026999999984,251.38074500000047,-548.2628332124989,-572.7251538881262
350.3,284.7827724999996,250.41834250000025,-548.756573523374,-572.6005603998761
350.35,283.74038999999937,249.371055,-549.229965035499,-572.4833709323761
350.4,282.7364950000003,248.36225500000094,-549.6642034974986,-572.3310736578762
350.45,281.735335,247.3561900000007,-550.0936367009988,-572.1531810268762
350.5,280.6307849999998,246.24673500000046,-550.5295422934989,-572.0202518861262
350.55,279.53465249999954,245.1456975000002,-550.952699240999,-571.9782794241262
350.6,278.7686599999994,244.37480000000002,-551.351216980374,-571.9464813615011
350.65,278.36215499999975,243.9633900000004,-551.7469643411237,-571.8769276963762
350.7,278.07427249999967,243.67060250000034,-552.1350134816238,-571.8534898028762
350.75,277.8525124999996,243.4439375000003,-552.4542689723738,-571.8974971447512
350.8,277.74661499999957,243.33313500000025,-552.6901679381239,-571.9361843790012
350.85,277.6045874999995,243.18620250000023,-552.927047568874,-571.9545963643762
350.9,277.24281749999983,242.81952750000056,-553.2012660194987,-571.9449613307512
350.95,276.6734924999997,242.24529750000042,-553.4765141683738,-571.8846504332512
351.0,276.0325849999996,241.59948500000027,-553.7435737644988,-571.8331410041262
351.05,275.5051824999995,241.06717750000016,-553.9371080022489,-571.7946744195012
351.1,275.2299674999994,240.7870575000001,-553.965424704124,-571.6942543235012
351.15,275.1520324999995,240.70421750000017,-553.8650291247491,-571.5404615348764
351.2,275.1314249999995,240.67870500000015,-553.727123109124,-571.3814712217513
351.25,275.08170749999954,240.62408250000013,-553.487178900249,-571.1594486657513
351.3,274.9673274999995,240.5047975000001,-553.0757899327489,-570.8208495578762
351.35,274.80052999999947,240.33309500000007,-552.6207123394988,-570.4907577188761
351.4,274.63777749999963,240.16543750000022,-552.2478144732492,-570.2387758471264
351.45,274.5273024999996,240.0500575000002,-551.9159329206241,-569.9866713922513
351.5,274.5026799999996,240.0205300000002,-551.552572021499,-569.7262312848762
351.55,274.5725799999996,240.08552500000022,-551.149690322874,-569.4656931110012
351.6,274.68626999999964,240.19431000000023,-550.7771602059989,-569.2243759711262
351.65,274.7847474999995,240.28788250000014,-550.5559712152491,-569.0830866612513
351.7,274.83471999999955,240.33295000000015,-550.419683296874,-568.9937725963763
351.75,274.81675999999953,240.31008500000016,-550.232278215374,-568.8651093483762
351.8,274.7354699999995,240.22389000000013,-550.058063078124,-568.7493663617512
351.85,274.63889999999947,240.1224150000001,-549.9193234972489,-568.6581645167512
351.9,274.56815499999954,240.04676500000016,-549.7464322577491,-568.5323451972513
351.95,274.5191724999995,239.99287750000016,-549.540664224124,-568.3841176825013
352.0,274.4807824999995,239.94958250000016,-549.303269744249,-568.2207634101262
352.05,274.44934749999953,239.91324250000017,-549.046997463124,-568.0564284727511
352.1,274.43063749999953,239.88962750000016,-548.7978595198739,-567.9077106255011
352.15,274.45351249999953,239.90759750000015,-548.5005709251242,-567.7351381021263
352.2,274.52861249999955,239.97779250000016,-548.1566026763741,-567.5408683656262
352.25,274.6399599999996,240.08423500000018,-547.853135892124,-567.3853348966262
352.3,274.8205099999996,240.2598800000002,-547.5829872012489,-567.2950892000011
352.35,275.1089124999997,240.54337750000028,-547.3146282239989,-567.2277175145011
352.4,275.4099999999994,240.83956,-547.0886339747491,-567.1401686466262
352.45,275.58662249999946,241.01127750000003,-546.9189298964991,-567.0533307608762
352.5,275.6472874999995,241.06703750000005,-546.771290780749,-567.0035374955012
352.55,275.7075549999995,241.12240000000006,-546.620464503749,-566.9946624772512
352.6,275.84626999999955,241.2562100000001,-546.4581399296239,-567.0105982835012
352.65,276.09038999999933,241.49542499999987,-546.2857145059991,-567.0569837380011
352.7,276.46158999999943,241.86171999999996,-546.1257925611241,-567.1299697306262
352.75,276.92842499999955,242.32365000000007,-546.000537123999,-567.2108500765012
352.8,277.4399474999997,242.8302675000002,-545.878297231749,-567.3174973952512
352.85,278.03041499999983,243.4158300000003,-545.727078688749,-567.4756296265012
352.9,278.8263124999991,244.2068224999996,-545.5367316122491,-567.704565870751
352.95,279.91920249999936,245.29480749999985,-545.293698308624,-568.0084739542511
353.0,281.3538699999997,246.72457000000017,-545.042599035374,-568.3560216302512
353.05,283.0740850000001,248.43988000000056,-544.8235920242489,-568.7034222065013
353.1,284.9358050000005,250.29669500000097,-544.5713649862489,-569.0569029057514
353.15,286.89439999999877,252.2503849999992,-544.2691240332492,-569.426589094126
353.2,288.96998749999926,254.32106749999966,-543.9696534588742,-569.7845073025011
353.25,291.1065124999997,256.45268750000014,-543.6792050024991,-570.1243077250011
353.3,293.24108250000023,258.58235250000064,-543.395743784249,-570.5025502155012
353.35,295.49010500000077,260.82647000000117,-543.163865544999,-570.9413487697512
353.4,297.8801449999986,263.211604999999,-542.9839135174992,-571.3957644141258
353.45,300.28690499999914,265.6134599999995,-542.7954542211241,-571.8580498951259
353.5,302.71264749999966,268.0342975000001,-542.6170957742492,-572.314941718626
353.55,305.1372550000002,270.45400000000063,-542.4820582037491,-572.7532989736261
353.6,307.49510500000076,272.8069450000012,-542.3516052421242,-573.2116863112512
353.65,309.83104249999866,275.13797749999907,-542.2084036354993,-573.6853229896258
353.7,312.1804974999992,277.4825274999996,-542.0648833127492,-574.1464561892509
353.75,314.5419449999997,279.83907000000016,-541.9286199109991,-574.629384668501
353.8,316.9496800000003,282.2419000000007,-541.8145440548741,-575.1408504992511
353.85,319.41253250000085,284.6998475000013,-541.720449248124,-575.6468000893763
353.9,321.91526749999855,287.19767749999903,-541.6291493366241,-576.1577510710008
353.95,324.4117124999991,289.6892174999996,-541.559178888874,-576.684539792376
354.0,326.80843249999964,292.0810325000001,-541.536451977499,-577.1930636281261
354.05,329.01655750000015,294.2842525000006,-541.5588356561241,-577.6772179386262
354.1,331.0143700000006,296.27716000000106,-541.6037991463741,-578.1740718608763
354.15,332.83331749999894,298.0912024999994,-541.660873849374,-578.6893377685009
354.2,334.4856824999993,299.73866249999975,-541.7229254272489,-579.206001123751
354.25,336.00232249999965,301.2503975000001,-541.773159991874,-579.7271019881262
354.3,337.448825,302.6919950000004,-541.8436207721239,-580.2364839057512
354.35,338.80478250000033,304.04304750000074,-541.979099641874,-580.6836181125013
354.4,339.87187249999937,305.1052324999998,-542.2080113694988,-581.058060526126
354.45,340.53746749999954,305.76592249999993,-542.5126304351238,-581.3937421556261
354.5,340.8835324999996,306.1070825,-542.8214173269989,-581.7069175233762
354.55,341.0695599999996,306.288205,-543.092669265999,-582.0137430852512
354.6,341.2582974999997,306.47203750000006,-543.3595817623741,-582.3206667136263
354.65,341.47321499999947,306.6820499999999,-543.6619698151238,-582.6159204285011
354.7,341.6413374999995,306.8452674999999,-543.9952488153739,-582.8986706646261
354.75,341.72886249999954,306.92788749999994,-544.342257125624,-583.1789202050012
354.8,341.77549999999957,306.96961999999996,-544.7002488838741,-583.4622833567513
354.85,341.78068249999956,306.96989749999995,-545.0901612878743,-583.7103670851263
354.9,341.6514924999997,306.83580250000006,-545.5131466189989,-583.8769820686261
354.95,341.3112899999996,306.49069499999996,-545.9439037202491,-583.9719104406262
355.0,340.74749249999945,305.9219924999998,-546.3723072254992,-584.0203062583762
355.05,339.9238699999993,305.09346499999964,-546.8271151358742,-584.0174623298761
355.1,338.73291249999903,303.8976024999994,-547.3258813548744,-583.9741414535011
355.15,337.1583800000005,302.3181650000008,-547.8411227458739,-583.9268979171262
355.2,335.4322475000001,300.5871275000004,-548.338589583749,-583.8632527586262
355.25,333.8265449999997,298.97652000000005,-548.8116868963741,-583.7222086150013
355.3,332.2956274999994,297.4406974999997,-549.2730652622492,-583.4820192398762
355.35,330.628187499999,295.7683524999993,-549.6936724807493,-583.2037065128761
355.4,329.0076425000005,294.1429025000008,-549.9867687326241,-582.9630513218764
355.45,327.96426500000024,293.09462000000053,-550.1462984114992,-582.7717726136264
355.5,327.7609725000002,292.8864225000005,-550.2555444924992,-582.6720880163763
355.55,328.2319950000003,293.3525400000006,-550.3092359012492,-582.6710583181263
355.6,329.0255200000005,294.1411600000008,-550.2843024936242,-582.6805217353763
355.65,329.74164249999984,294.85237750000016,-550.2241141792492,-582.6505869362513
355.7,330.1297174999999,295.2355475000002,-550.1503436546242,-582.5663968460013
355.75,330.18540499999995,295.28633000000025,-550.0485015943741,-582.4408962426263
355.8,330.0419324999999,295.1379525000002,-549.8790426823741,-582.3072316031263
355.85,329.9245149999999,295.01563000000016,-549.5900897401241,-582.1860704423763
355.9,330.04449499999976,295.13070500000003,-549.2293276032494,-582.0946479477514
355.95,330.40248749999984,295.4837925000001,-548.9245369212493,-582.0168566966263
356.0,330.77269249999995,295.8490925000002,-548.7313459162493,-581.8943471215013
356.05,330.89453249999997,295.9660275000002,-548.6173681266243,-581.7314096317513
356.1,330.75326749999994,295.8198575000002,-548.4783833794993,-581.6317250345012
356.15,330.72538,295.7870650000002,-548.1870032913746,-581.6972579731262
356.2,331.2486725000001,296.30545250000034,-547.7536474278745,-581.9037615055012
356.25,332.3953125000004,297.4471875000006,-547.2871696039994,-582.1718998331262
356.3,333.97045000000077,299.017420000001,-546.8542795563743,-582.4582540131263
356.35,335.7824425000012,300.8245075000014,-546.4951600333742,-582.7850115911264
356.4,337.70314499999944,302.74030499999964,-546.1889473871245,-583.182793831751
356.45,339.6672849999999,304.69954000000007,-545.8895748792494,-583.6344145808762
356.5,341.63103500000034,306.6583850000005,-545.6294289713743,-584.1062615456262
356.55,343.54134750000077,308.56379250000094,-545.4381502631243,-584.5912984546263
356.6,345.3686125000012,310.38615250000134,-545.3239518238743,-585.0809199725014
356.65,347.0284949999997,312.04112999999984,-545.3262073533742,-585.5101570430011
356.7,348.39009749999997,313.3978275000002,-545.3842382047493,-585.9282880823762
356.75,349.55000000000024,314.55282500000044,-545.3658507359993,-586.4258529867514
356.8,350.8468750000005,315.8447950000007,-545.2488083682492,-586.9992723288765
356.85,352.4820525000009,317.4750675000011,-545.1179386239992,-587.5958598816267
356.9,354.33130999999923,319.3194199999994,-545.0273006613743,-588.1561873460012
356.95,356.15720749999963,321.1404124999998,-544.9442138192493,-588.6966318275013
357.0,357.94435500000003,322.9226550000002,-544.8222926431242,-589.2649517116264
357.05,359.84607250000045,324.8194675000006,-544.6499407693742,-589.8625444460015
357.1,361.8982600000009,326.86675000000105,-544.4413778404992,-590.4708264288766
357.15,364.04029249999894,329.0038774999991,-544.2089357188744,-591.0877872970011
357.2,366.23939499999943,331.19807499999956,-543.9559976987493,-591.7129367178762
357.25,368.49357499999996,333.4473500000001,-543.7058300572493,-592.3267104247514
357.3,370.69677750000045,335.64564750000056,-543.4699065748742,-592.9217043968765
357.35,372.7482225000009,337.692187500001,-543.2370967038742,-593.4971095856266
357.4,374.67673999999914,339.61579999999924,-543.0287544246244,-594.0565054182512
357.45,376.4740074999996,341.40816249999966,-542.8764081168744,-594.6097966112513
357.5,378.08260249999995,343.01185250000003,-542.7798371309993,-595.1738506026264
357.55,379.5167450000003,344.4410900000004,-542.7219288627493,-595.7579837098766
357.6,380.8604175000006,345.7798575000007,-542.7018252302494,-596.3440781471268
357.65,382.1100249999995,347.02455999999955,-542.7580173347493,-596.8737598302513
357.7,383.10713249999975,348.0167624999998,-542.9278930293743,-597.2971129107514
357.75,383.53891999999985,348.4436449999999,-543.2383470517494,-597.5773134178764
357.8,383.2748099999998,348.1746299999998,-543.6764836571245,-597.7086244613764
357.85,382.5261774999996,347.42109249999965,-544.1504145349996,-597.7135523030014
357.9,381.4423875000006,346.33239750000064,-544.6470723242492,-597.5732436581266
357.95,379.99629250000027,344.88139750000033,-545.1693499866243,-597.3357020785015
358.0,378.2021124999999,343.08231249999994,-545.6509055348744,-597.0468717193764
358.05,376.1340649999994,341.00935999999945,-546.1212815021245,-596.6600484101264
358.1,373.7855874999989,338.6559774999989,-546.6174979921246,-596.1803561253763
358.15,371.2170725000012,336.08255750000126,-547.0918456526242,-595.6517041405018
358.2,368.60934000000066,333.4699200000007,-547.4923982718743,-595.0825016578767
358.25,366.11738750000006,330.97306250000014,-547.8045929746244,-594.4834624426265
358.3,363.6941849999995,328.54495499999956,-548.0499798742494,-593.8717971655014
358.35,361.2193424999989,326.065207499999,-548.2303732009995,-593.2654519960013
358.4,358.7647325000011,323.6056925000013,-548.3427574099993,-592.6731548526268
358.45,356.3426625000006,321.17871750000074,-548.4286636639994,-592.0904191930017
358.5,353.919305,318.7504550000002,-548.4565145499994,-591.5887109790016
358.55,351.7553999999995,316.5816449999997,-548.3748496721244,-591.2181912253765
358.6,350.1689174999991,314.99025749999936,-548.2678836372494,-590.8887858518764
358.65,349.25303999999994,314.0694750000002,-548.2210078502494,-590.4987263481268
358.7,348.89296499999983,313.7044950000001,-548.2432444291244,-590.0348963197516
358.75,348.7712949999998,313.5779200000001,-548.3614390782494,-589.5287996298765
358.8,348.53587249999975,313.3375925000001,-548.6045704483745,-588.9713406106264
358.85,348.00849999999963,312.80531499999995,-548.9187264811245,-588.3750227407512
358.9,347.1885675000004,311.9804775000007,-549.2408013837493,-587.7527662816268
358.95,346.06573500000013,310.85274000000044,-549.5779049774993,-587.1045957498767
359.0,344.5964574999998,309.3785575000001,-549.9625953403744,-586.4767249836266
359.05,342.7537999999994,307.5309949999997,-550.4191929643745,-585.9648423702515
359.1,340.5214174999989,305.2937074999992,-550.9464965348745,-585.6190108580014
359.15,337.9775525000012,302.7449375000015,-551.507436914874,-585.3633269758766
359.2,335.22267000000056,299.9851500000009,-552.0780368451242,-585.1055836972515
359.25,332.2160274999999,296.9736025000002,-552.6774683263743,-584.8233483102515
359.3,328.93731499999916,293.68998499999947,-553.2749139609995,-584.5878416105014
359.35,325.6693074999984,290.4170724999987,-553.8022420481246,-584.4642042706264
359.4,322.7192300000011,287.4620900000014,-554.3311637158741,-584.3734192082514
359.45,320.07309750000053,284.8110525000008,-554.9320907112493,-584.2372538730015
359.5,317.5883325,282.32138250000025,-555.5621189404994,-584.0581844440014
359.55,315.0955599999994,279.8237049999997,-556.2047977482496,-583.8637430911264
359.6,312.57270999999884,277.2959499999991,-556.7827771826247,-583.7713889647514
359.65,310.4273975000008,275.14573250000103,-557.2264545452493,-583.8486163335014
359.7,309.1569300000005,273.87036000000074,-557.6449533339994,-583.9824525893764
359.75,308.7199875000004,273.42851250000064,-558.1717665719996,-584.0378601618764
359.8,308.57780000000037,273.2814200000006,-558.8134156814997,-583.9901753262515
359.85,308.2631050000003,272.9618200000005,-559.5103497803749,-583.8888235985014
359.9,307.6375100000009,272.3313200000011,-560.1738922359993,-583.8012992472514
359.95,306.8811525000007,271.5700575000009,-560.7610899213745,-583.7753851746264
360.0,306.2890525000006,270.9730525000008,-561.2877560596246,-583.8168918207514
360.05,306.07045250000056,270.74954750000074,-561.7825996186247,-583.9169196507514
360.1,306.2566250000006,270.9308150000008,-562.2303467409997,-584.0604890067515
360.15,306.6945125000002,271.3637975000004,-562.5944676554994,-584.2506399502513
360.2,307.1907150000003,271.85509500000046,-562.8981305727496,-584.5151988506263
360.25,307.6563300000004,272.3158050000006,-563.1762226501246,-584.8465165208764
360.3,308.08624500000053,272.7408150000007,-563.4354859594997,-585.1880085905016
360.35,308.43110250000063,273.0807675000008,-563.6631473392498,-585.5194488438766
360.4,308.7066875000004,273.3514475000005,-563.8515576023747,-585.8792303157513
360.45,309.08780000000047,273.7276550000006,-563.9861293569998,-586.3101590333764
360.5,309.7350375000006,274.3699875000007,-564.0816216113748,-586.8007612162515
360.55,310.5841500000008,275.2141950000009,-564.1669149497498,-587.3036707448766
360.6,311.45442250000104,276.07956250000115,-564.2433577864998,-587.8014562988767
360.65,312.2616100000003,276.8818450000004,-564.3262239789998,-588.2861254585013
360.7,313.01479500000045,277.6301250000006,-564.4113702176248,-588.7576046738764
360.75,313.7311425000006,278.34156750000074,-564.4923731466248,-589.2062098781265
360.8,314.3658875000007,278.97140750000085,-564.5821775439998,-589.6349566161266
360.85,314.94376750000083,279.544382500001,-564.6436652394998,-590.0837089201267
360.9,315.58674500000023,280.1824550000004,-564.6483233982498,-590.5480047643763
360.95,316.3670750000004,280.95788000000056,-564.5865169866247,-591.0234556730014
361.0,317.3257250000006,281.91162500000075,-564.4904118166247,-591.5143765720015
361.05,318.38310750000085,282.964102500001,-564.4297086531247,-591.9770543190017
361.1,319.31131250000107,283.8874025000012,-564.4169354914998,-592.3849619257518
361.15,319.9614200000005,284.5326050000006,-564.3799153877499,-592.7502841548765
361.2,320.4734025000006,285.0396825000007,-564.2467165641249,-593.1044268030015
361.25,321.14522000000073,285.70659500000085,-563.9819615307498,-593.4560197221266
361.3,322.12291500000094,286.67938500000105,-563.5451243064997,-593.7429132678767
361.35,323.3946925000012,287.9462575000013,-562.9597898846246,-593.9511084473768
361.4,324.9464899999998,289.4931499999999,-562.3453051956251,-594.1261081166266
361.45,326.6223875000002,291.16414250000025,-561.822365584375,-594.2634502498767
361.5,328.0836950000005,292.62054500000056,-561.42546594225,-594.3410208513767
361.55,329.06126250000074,293.5932075000008,-561.1436718544999,-594.3462919257516
361.6,329.3722275000008,293.89926750000086,-560.9129213799998,-594.3139054641266
361.65,329.114872500001,293.6370075000011,-560.64887732875,-594.3665671746265
361.7,328.88360000000097,293.40083000000106,-560.26661411175,-594.5519864095016
361.75,329.221360000001,293.7336850000011,-559.7540450328748,-594.8068612430017
361.8,330.2213975000013,294.72881750000136,-559.2020532209997,-595.0810796936267
361.85,331.7446575000016,296.2471725000017,-558.6668798138745,-595.3668945078769
361.9,333.6230149999999,298.12062499999996,-558.174929216625,-595.6725432717516
361.95,335.68785750000035,300.1805625000004,-557.7195574238748,-595.9749803577516
362.0,337.74602000000084,302.2338200000009,-557.2671276261246,-596.2785942417516
362.05,339.7332450000013,304.21614000000136,-556.7907205691246,-596.6321484908767
362.1,341.8035175000018,306.28150750000185,-556.2908756186245,-597.0502304970018
362.15,344.07203249999975,308.5451174999998,-555.7969391747499,-597.4890290512515
362.2,346.4457050000003,310.91388500000033,-555.3243812278748,-597.9149073441265
362.25,348.81816750000087,313.2814425000009,-554.8665822892497,-598.3498322716266
362.3,351.1950050000014,315.6533750000014,-554.4145447574996,-598.8154765302518
362.35,353.62809250000197,318.08155750000196,-553.9759668528745,-599.2948255822519
362.4,356.06988999999976,320.51844999999975,-553.5752916504999,-599.7395571597515
362.45,358.4150450000003,322.8587000000003,-553.1972207763748,-600.1661464347516
362.5,360.7627775000008,325.2015275000008,-552.7856356758747,-600.6789606798767
362.55,363.4124650000014,327.8463100000014,-552.3512501141246,-601.2718462222518
362.6,366.3692225000021,330.79816250000204,-551.9859278849995,-601.818738576127
362.65,369.2153924999995,333.63942749999944,-551.7010201858748,-602.2978179452515
362.7,371.80101750000006,336.22014750000005,-551.4054232382497,-602.8162955307516
362.75,374.45371500000067,338.86794000000066,-551.1340241994997,-603.3602704062517
362.8,377.1656700000013,341.57499000000126,-550.9847669864996,-603.8440324507518
362.85,379.54227250000184,343.9466875000018,-550.8534804596246,-604.3636132843769
362.9,381.566725,345.966235,-550.6370476941248,-604.9985448386263
362.95,383.50574750000044,347.9003525000004,-550.3894542982498,-605.6732668752514
363.0,385.4728575000009,349.86255750000083,-550.1474016596247,-606.3272233305016
363.05,387.42348250000134,351.8082775000013,-549.9058148368747,-606.9388640910017
363.1,389.3109825000018,353.6908725000017,-549.6587117734996,-607.5565359412519
363.15,391.12426500000015,355.4992500000001,-549.4030033747498,-608.2280708166263
363.2,392.8514925000005,357.2215725000005,-549.1414845358747,-608.9149285826264
363.25,394.5254000000009,358.89057500000087,-548.8901646129997,-609.5933281130016
363.3,396.14971750000126,360.5099875000012,-548.7510082494997,-610.1921221620017
363.35,397.39426750000155,361.7496325000015,-548.7797417339997,-610.6676466205018
363.4,397.8868325000011,362.23729250000105,-548.8253671731246,-611.1398368180014
363.45,397.93664250000114,362.2821975000011,-548.7614768483746,-611.6908479648765
363.5,398.2441025000012,362.5847525000011,-548.6668181592496,-612.2529896595016
363.55,399.04701250000136,363.3827575000013,-548.5968477114995,-612.7929683251267
363.6,400.23246000000165,364.56330000000156,-548.5112111403745,-613.3553551860018
363.65,401.74154250000026,366.06747750000017,-548.4066232181245,-613.9573609128763
363.7,403.5072075000007,367.82823750000057,-548.2699920669995,-614.5855013620014
363.75,405.4609975000011,369.777122500001,-548.1006557381245,-615.2008931661265
363.8,407.51803000000154,371.8292500000015,-547.9760867664994,-615.7491094177517
363.85,409.429027500002,373.73534250000193,-547.9485300799994,-616.2237022445019
363.9,410.9639125000006,375.26532250000054,-547.9661575333744,-616.7053558592514
363.95,412.1765700000009,376.4730750000008,-547.9760377332494,-617.2261134908765
364.0,413.19977250000113,377.49137250000103,-547.9835643371244,-617.7268165232516
364.05,414.09308250000134,378.37977750000124,-548.0305872238745,-618.1679196402517
364.1,414.89710500000155,379.17889500000143,-548.1291930896246,-618.5880855595018
364.15,415.7054350000008,379.9823200000007,-548.1776869738745,-619.0844001160013
364.2,416.72053250000107,380.99251250000094,-548.1093591399995,-619.6736081646264
364.25,418.0531050000014,382.32018000000124,-547.9943516521245,-620.2743880602516
364.3,419.6130625000017,383.8752325000016,-547.9053072701245,-620.8407711310017
364.35,421.20534750000206,385.4626125000019,-547.8829726247494,-621.3454703732518
364.4,422.5293700000009,386.7817300000007,-547.8972167838745,-621.8093739515014
364.45,423.4502875000011,387.6977425000009,-547.8809622614995,-622.2705807010014
364.5,424.11214250000126,388.3546925000011,-547.8393085156245,-622.6690248905015
364.55,424.5985575000014,388.8362025000012,-547.7862790557494,-622.9567765181266
364.6,424.9710850000015,389.2038250000013,-547.6936797631245,-623.2026782668767
364.65,425.45450250000107,389.68233750000087,-547.5118399554997,-623.4876349992514
364.7,426.27083000000124,390.49376000000103,-547.1901082856247,-623.7754111435015
364.75,427.3913575000015,391.6093825000013,-546.7314022318745,-623.9650227212516
364.8,428.6747175000018,392.8878375000016,-546.1784787882494,-624.0876793961265
364.85,430.23682750000216,394.44504250000193,-545.6281541068743,-624.2519407836265
364.9,432.1202650000005,396.32357500000023,-545.1127656161248,-624.4481228168763
364.95,433.9947550000009,398.19316000000066,-544.5659713287496,-624.7188599067514
365.0,435.60223500000126,399.795735000001,-544.0459246792494,-625.0107793606264
365.05,436.79153250000155,400.9801275000013,-543.6435087964993,-625.1646456991265
365.1,437.4294825000017,401.61317250000144,-543.3810092926243,-625.2130415168765
365.15,437.69379500000144,401.8725800000012,-543.1868866558744,-625.3050769271264
365.2,438.03180750000155,402.2056875000013,-542.9257845996244,-625.5261188181264
365.25,438.92388750000174,403.0928625000015,-542.5360928452493,-625.8566764730015
365.3,440.4699625000021,404.63403250000187,-542.0458338951241,-626.2425191172515
365.35,442.46375250000256,406.6229175000023,-541.530126688249,-626.5966372487516
365.4,444.6964875000005,408.8507475000003,-541.0160620952495,-626.9206244481263
365.45,447.013557500001,411.1629125000008,-540.4989329241243,-627.2579977247514
365.5,449.4476975000016,413.5921475000014,-539.9832992671243,-627.6181224293764
365.55,451.96359500000216,416.10314000000193,-539.4728631346242,-628.0092851812515
365.6,454.42590000000274,418.5605400000025,-538.9894933561241,-628.4265336221266
365.65,456.74297250000063,420.8727075000004,-538.5677828894994,-628.8457924262513
365.7,458.7900050000011,422.91483500000083,-538.2316109274993,-629.2182244766263
365.75,460.41524000000146,424.5351650000012,-537.9988991229993,-629.5164447031265
365.8,461.5281025000017,425.6431225000014,-537.8695739261243,-629.7338826502515
365.85,462.1946375000018,426.3047525000016,-537.7895271454993,-629.8902496845016
365.9,462.6304725000014,426.7356825000012,-537.7237980738744,-630.0152599553765
365.95,462.9859450000015,427.08625000000126,-537.6941819908744,-630.0960667513765
366.0,463.20176500000156,427.2971650000013,-537.7426513584994,-630.0669900341265
366.05,462.9916675000015,427.0821625000013,-537.9068391961245,-629.8626194481265
366.1,462.1504675000013,426.2360575000011,-538.1621062956245,-629.5228925755014
366.15,460.73939500000256,424.8200800000024,-538.4358589303743,-629.1289839616268
366.2,458.85769750000213,422.93347750000197,-538.7197124146243,-628.6791774427517
366.25,456.57324500000163,420.64412000000146,-539.0556637269993,-628.1737427017515
366.3,454.00445500000103,418.07042500000085,-539.4308416393744,-627.6511708398764
366.35,451.2629300000004,415.32399500000025,-539.7924373414995,-627.1479916283763
366.4,448.42640500000294,412.48256500000286,-540.1347139431242,-626.6830828685017
366.45,445.6353900000023,409.6866450000022,-540.4798589898743,-626.2444068973766
366.5,443.0210550000017,407.0674050000016,-540.8227730237494,-625.8122523485015
366.55,440.4782025000011,404.51964750000104,-541.1940773093745,-625.3628380956263
366.6,437.8294900000005,401.8660300000004,-541.6075501899996,-624.9247014902512
366.65,435.1507400000029,399.1823750000029,-542.0173946101243,-624.5671510312516
366.7,432.6624200000023,396.6891500000023,-542.4006139754994,-624.3057547755016
366.75,430.57843500000183,394.60026000000187,-542.7334761931245,-624.1165599803766
366.8,428.9457600000015,392.9626800000015,-543.0249543477496,-623.9922852082516
366.85,427.6709375000012,391.68295250000125,-543.2964514529997,-623.9690434477516
366.9,426.72028500000204,390.7273950000021,-543.5118054869995,-624.0667421983765
366.95,426.20404500000194,390.206250000002,-543.6124707492495,-624.3312275488765
367.0,426.34534250000195,390.34264250000206,-543.5662569111245,-624.7718893666266
367.05,427.25560500000216,391.24800000000226,-543.4197210434994,-625.2635457643768
367.1,428.68828000000246,392.6757700000026,-543.2693850989994,-625.7155587795019
367.15,430.33839750000095,394.3209825000011,-543.1074282742495,-626.1773048947514
367.2,432.22859250000135,396.20627250000155,-542.8588787299994,-626.7071091610015
367.25,434.49183500000186,398.46461000000204,-542.5448943136244,-627.2674856586267
367.3,437.06031250000245,401.02818250000263,-542.2185290016242,-627.8328390311268
367.35,439.77929750000305,403.7422625000032,-541.8744626863742,-628.4355802567519
367.4,442.64621250000044,406.6042725000006,-541.5150734804995,-629.0628626240014
367.45,445.63683750000115,409.5899925000013,-541.1825054623744,-629.6605289082515
367.5,448.5550800000018,412.50333000000194,-540.8886737117493,-630.1984726940017
367.55,451.2631675000024,415.20651250000253,-540.5889089378743,-630.7084675272517
367.6,453.819417500003,417.7578575000031,-540.2429793591242,-631.2432241517519
367.65,456.3428150000007,420.27635000000083,-539.8754261171246,-631.7925191348763
367.7,458.8447300000013,422.7733600000014,-539.5506053524995,-632.3187684905015
367.75,461.1513725000018,425.0750975000019,-539.3453031347494,-632.7876734602517
367.8,462.9396750000022,426.85849500000234,-539.3092391793745,-633.1457142517518
367.85,463.84803500000237,427.7619500000025,-539.4295912914995,-633.3113730868768
367.9,463.79064250000243,427.69965250000257,-539.6930224271242,-633.2438788182518
367.95,462.94194000000226,426.8460450000024,-540.0236536318743,-633.0405134138767
368.0,461.60744750000197,425.5066475000021,-540.3071148501243,-632.8358486283767
368.05,460.20569000000165,424.09998500000177,-540.5775577404994,-632.6522191071266
368.1,458.88469250000134,422.77408250000144,-540.8865897986245,-632.4672656881265
368.15,457.58898750000253,421.47347250000263,-541.1904488488742,-632.3160471451266
368.2,456.3905575000023,420.27013750000236,-541.4646182662493,-632.2430856691266
368.25,455.416210000002,419.29088500000216,-541.7313591462494,-632.2344313005016
368.3,454.66123750000185,418.531007500002,-542.0000368396244,-632.2144502511266
368.35,453.88763250000164,417.7524975000018,-542.3368952671244,-632.0798049466265
368.4,452.75833500000266,416.61829500000283,-542.776086087374,-631.8226010337518
368.45,451.1286875000023,414.98374250000245,-543.230084949124,-631.5179819681267
368.5,449.1696250000018,413.019775000002,-543.6407629344991,-631.2062775978767
368.55,447.1650925000014,411.0103375000016,-544.0225358189991,-630.8738321628766
368.6,445.0983750000009,408.93871500000114,-544.4539548691242,-630.4750202240016
368.65,442.71361000000303,406.54904500000333,-544.9439196197488,-630.026071787002
368.7,440.0712275000024,403.9017575000027,-545.4102993771239,-629.5586132981269
368.75,437.3703300000018,401.1959550000021,-545.845518504124,-629.0447448381268
368.8,434.58991500000116,398.41063500000143,-546.2704896818741,-628.4940524073767
368.85,431.7671550000005,395.5829700000008,-546.6567736253742,-627.9419380123766
368.9,429.01324750000305,392.8241575000033,-547.0263372306239,-627.3741574940021
368.95,426.2030900000024,390.0090950000027,-547.431449942124,-626.766880692752
369.0,423.20973000000174,387.010830000002,-547.8260695381241,-626.1559999476269
369.05,420.1991850000011,383.9953800000013,-548.2079895223742,-625.5472766655018
369.1,417.2882500000004,381.07954000000063,-548.6219527354992,-624.9393869486267
369.15,414.39450000000306,378.1808850000033,-549.0464580973738,-624.3633443276273
369.2,411.61915250000243,375.40063250000264,-549.4419357752489,-623.8423660463772
369.25,409.15130500000186,372.92788000000206,-549.827582286499,-623.380178631877
369.3,406.92739750000135,370.69906750000155,-550.2353673101242,-622.9647689378769
369.35,404.87544500000087,368.64221000000106,-550.6348166812493,-622.6178832107519
369.4,403.02990000000256,366.79176000000274,-551.0691532097488,-622.3257431072522
369.45,401.37423750000215,365.1311925000024,-551.549139693999,-622.0655236495021
369.5,399.8365425000018,363.58859250000205,-552.0393005776241,-621.8227845453771
369.55,398.3515825000015,362.0987275000017,-552.5369390318742,-621.578378310752
369.6,396.8003325000011,360.54257250000137,-553.0315619412494,-621.3244596256269
369.65,395.01330000000274,358.750635000003,-553.5513389078739,-621.0530115536271
369.7,392.92181500000225,356.6542450000025,-554.099922908874,-620.7683980540021
369.75,390.54650250000174,354.274027500002,-554.6643936828741,-620.4707662265021
369.8,387.9645900000011,351.6872100000014,-555.2291831729992,-620.185147545252
369.85,385.4720125000006,349.18972750000086,-555.7213299032493,-619.985238985002
369.9,383.4888100000024,347.20162000000266,-556.1369602468739,-619.874644489627
369.95,382.1870525000021,345.89495750000236,-556.556464217249,-619.786114956752
370.0,381.3393475000019,345.04234750000217,-557.009654030374,-619.684910328752
370.05,380.55161500000173,344.249710000002,-557.4867230362491,-619.538472527627
370.1,379.56311000000153,343.2563000000018,-557.9595751826242,-619.325423056377
370.15,378.2551600000027,341.94344500000295,-558.4164179728738,-619.0604964066272
370.2,376.6454900000023,340.3288700000026,-558.8312637844989,-618.7654388247521
370.25,374.9072075000019,338.58568250000224,-559.170157091874,-618.417008550252
370.3,373.1506450000015,336.82421500000186,-559.4443019926241,-617.9983136285019
370.35,371.3798650000011,335.04853000000145,-559.6488932282491,-617.5559111303768
370.4,369.65920250000266,333.32296250000303,-559.7813810697489,-617.1029910001272
370.45,368.0209225000023,331.6797775000027,-559.8818011657489,-616.6074119423771
370.5,366.33205500000196,329.9860050000023,-559.9793037833739,-616.076430878127
370.55,364.5148650000015,328.1639100000019,-560.040055980124,-615.5492253741269
370.6,362.7328325000011,326.3769725000015,-560.044297356249,-615.0514153035018
370.65,361.12218750000255,324.761422500003,-560.001295195999,-614.6553247100022
370.7,359.81623000000224,323.45056000000267,-559.899036353124,-614.4510521905022
370.75,359.1347125000021,322.7641375000025,-559.740487339249,-614.4181999130022
370.8,359.2477450000021,322.8722650000025,-559.5836790057489,-614.4917252713773
370.85,359.88047750000226,323.50009250000267,-559.5020386444988,-614.6085469895023
370.9,360.57155000000165,324.18626000000205,-559.4979443681239,-614.7297817001272
370.95,361.1520950000018,324.7619000000022,-559.5039754578738,-614.9281457130022
371.0,361.84782500000193,325.4527250000023,-559.4423406626238,-615.2723346113772
371.05,362.9598650000022,326.5598600000026,-559.2862678278738,-615.7283928696273
371.1,364.53937750000256,328.1344675000029,-559.0898896616237,-616.2029856963775
371.15,366.31488500000097,329.90507000000133,-558.9199649337488,-616.6067499935021
371.2,368.0212500000014,331.6065300000017,-558.7532764003738,-616.9748671178772
371.25,369.7099200000018,333.2902950000021,-558.5654545362488,-617.3887077478773
371.3,371.5064050000022,335.0818750000025,-558.4519180458738,-617.8200287315025
371.35,373.2931250000026,336.8636900000029,-558.4191393182488,-618.2535562113776
371.4,374.9692200000011,338.5348800000014,-558.3343853456239,-618.7432267625021
371.45,376.66328500000145,340.22404000000176,-558.1803473907489,-619.2953166408772
371.5,378.5254350000019,342.0812850000022,-558.0205725456238,-619.8673385353774
371.55,380.6391850000024,344.1901300000027,-557.8854614252488,-620.4287202146274
371.6,382.9202400000029,346.4662800000032,-557.7717042852487,-620.9766667833776
371.65,385.2046150000008,348.7457500000011,-557.6458114158738,-621.529541193752
371.7,387.5028175000013,351.03904750000163,-557.4969955021238,-622.0910944893772
371.75,389.91895000000187,353.4502750000022,-557.3320231324988,-622.6679216423773
371.8,392.50641000000246,356.0328300000028,-557.1669281797488,-623.2611994507524
371.85,395.21699500000307,358.7385100000034,-557.0388042974987,-623.8555805072525
371.9,397.89246250000065,361.40907250000095,-556.9754288218737,-624.435741921252
371.95,400.27617250000117,363.7878775000015,-556.9963415029987,-624.9814574771272
372.0,402.0558600000016,365.5626600000019,-557.0842336036237,-625.4841463561272
372.05,403.0632425000018,366.56513750000215,-557.1759012644987,-625.9625637763774
372.1,403.4550900000019,366.95208000000224,-557.2647495134987,-626.4258054057525
372.15,403.5400100000018,367.0320950000022,-557.3787273031236,-626.8640891108771
372.2,403.65521000000183,367.1423900000022,-557.4334484101236,-627.3396871192522
372.25,404.1637725000019,367.6460475000023,-557.3976051043735,-627.8873885217523
372.3,405.17108500000217,368.6484550000025,-557.3687245201235,-628.4562477716274
372.35,406.49614250000246,369.9686075000028,-557.3744123771235,-628.9839926413775
372.4,407.8773525000012,371.34491250000156,-557.3610262998735,-629.4760413051271
372.45,409.29569250000156,372.7583475000019,-557.2965230594986,-629.9999370647522
372.5,410.91360250000196,374.3713525000023,-557.2561196614986,-630.5379789170023
372.55,412.58780000000235,376.04064500000266,-557.2795820716236,-631.0574616841275
372.6,414.03303500000266,377.48097500000296,-557.3204758021236,-631.5741495560026
372.65,415.16309500000165,378.60613000000194,-557.4388420676235,-632.0614665111272
372.7,415.8471050000018,379.2852350000021,-557.6751332993736,-632.4364973237523
372.75,415.95001250000183,379.3832375000021,-557.9325088286237,-632.7113532066273
372.8,415.68966250000176,379.11798250000203,-558.1472009137487,-632.9864297391274
372.85,415.48981250000173,378.913227500002,-558.3400977192488,-633.3094362735025
372.9,415.59003500000165,379.0085450000019,-558.5269879516236,-633.6469076166271
372.95,415.8938225000017,379.30742750000195,-558.6962262139987,-633.9604262171272
373.0,416.23894250000177,379.647642500002,-558.8643367116238,-634.2684530936273
373.05,416.57356000000186,379.9773550000021,-559.0384782989988,-634.5422792782523
373.1,416.8186750000019,380.21756500000214,-559.1940608012488,-634.7345876847523
373.15,416.88946000000186,380.2834450000021,-559.3016642683738,-634.8307909212523
373.2,416.8251500000018,380.21423000000203,-559.2984280738738,-634.8293444403773
373.25,416.7386550000018,380.122830000002,-559.1391435612487,-634.7211035410023
373.3,416.7147075000018,380.093977500002,-558.8197164541236,-634.5308300143773
373.35,416.7741800000018,380.148545000002,-558.4419152628735,-634.3210412542522
373.4,416.8832375000017,380.2526975000019,-558.1119950402489,-634.1011271280024
373.45,416.99361750000173,380.3581725000019,-557.8306177351238,-633.8810168687523
373.5,417.06182250000177,380.4214725000019,-557.5371537338738,-633.6524483738773
373.55,417.06007750000174,380.41482250000195,-557.2165498287487,-633.4364569076272
373.6,417.0546850000017,380.40452500000197,-556.9463521046237,-633.3337077322522
373.65,417.1799875000016,380.5249225000019,-556.7394808228738,-633.3551352625021
373.7,417.4487050000016,380.78873500000196,-556.6006676921238,-633.3973283741271
373.75,417.7063500000017,381.04147500000204,-556.5265294181238,-633.3956367270022
373.8,417.81938000000173,381.14960000000207,-556.4626390933738,-633.3799706036272
373.85,417.8696350000017,381.19495000000205,-556.3423114978738,-633.3980883895022
373.9,418.0707025000015,381.3911125000019,-556.1365189476239,-633.4569282895021
373.95,418.52751500000164,381.843020000002,-555.8745097762488,-633.5368524870021
374.0,419.17205500000176,382.4826550000022,-555.5538078046237,-633.6137121063771
374.05,419.9719750000019,383.2776700000024,-555.1979980259987,-633.7099153428771
374.1,420.8912725000021,384.1920625000026,-554.9359888546236,-633.7951596480021
374.15,421.6789000000014,384.9747850000019,-554.8094830696238,-633.7963364460021
374.2,422.07047250000153,385.361452500002,-554.7113185031237,-633.7636803015021
374.25,422.16878750000154,385.454862500002,-554.5942025854987,-633.818376891877
374.3,422.34182750000156,385.62299750000204,-554.4681626163737,-633.9858744738771
374.35,422.78555750000163,386.06182250000217,-554.3400632507486,-634.1816152078771
374.4,423.41970750000104,386.69106750000157,-554.1973029433738,-634.367451225377
374.45,424.21524500000123,387.48170000000175,-553.9540980233737,-634.643949722127
374.5,425.4460850000015,388.707635000002,-553.5983863112486,-635.0812527622521
374.55,427.30317500000194,390.55982000000245,-553.2315195347486,-635.5499125657523
374.6,429.53192500000245,392.78366500000294,-552.8941217414986,-635.9567169243774
374.65,431.7230175000005,394.96985250000097,-552.5569200812489,-636.366561344502
374.7,433.77985250000097,397.02178250000145,-552.2323689994988,-636.8147742827521
374.75,435.7848525000014,399.0218775000019,-551.9523891419988,-637.2268251991271
374.8,437.7334075000019,400.96552750000234,-551.6703253713737,-637.6289468823772
374.85,439.6837975000023,402.91101250000276,-551.3526634612487,-638.0985628342523
374.9,441.7727425000004,404.99505250000084,-551.0463037152489,-638.5974516363768
374.95,443.9758675000009,407.19327250000134,-550.7797589682489,-639.0838124431269
375.0,446.0768825000014,409.2893825000018,-550.5300816592488,-639.560145950252
375.05,448.0000075000018,411.2076025000022,-550.2863618901238,-640.0451828592521
375.1,449.8685625000022,413.07125250000263,-550.0550475332487,-640.5485827203772
375.15,451.81532000000044,415.01310500000085,-549.8262583887489,-641.0766953395017
375.2,453.9077800000009,417.1006600000013,-549.6184799918739,-641.6293981335018
375.25,456.0017625000014,419.1897375000018,-549.4480404148738,-642.1312044140019
375.3,457.93906500000185,421.12213500000223,-549.2489409032488,-642.603247511752
375.35,459.8126575000023,422.99082250000265,-549.0158858659987,-643.1067209227521
375.4,461.7298450000005,424.9031050000009,-548.8284807844989,-643.5829318467516
375.45,463.56265750000097,426.7310125000013,-548.6683136733739,-644.0344790460017
375.5,465.22047000000134,428.3839200000017,-548.4203525281238,-644.5109351362518
375.55,467.03722750000173,430.1957725000021,-548.0294349424987,-645.0404452030019
375.6,469.36726500000225,432.5209050000026,-547.6014482198736,-645.566621008752
375.65,472.01304499999986,435.1617800000002,-547.239239602124,-646.0237089652516
375.7,474.5391000000004,437.68293000000074,-546.8720541094989,-646.4785904255017
375.75,477.01574000000096,440.1546650000013,-546.3955980192488,-646.9892717242518
375.8,479.8192150000016,442.9532350000019,-545.8323285598738,-647.497133611127
375.85,482.9223400000023,446.0514550000026,-545.2145831597486,-647.9693238086271
375.9,486.0930424999994,449.2172524999997,-544.5830594163742,-648.4408520572517
375.95,489.35866500000014,452.4779700000004,-544.0083406931241,-648.9188281782518
376.0,492.7140550000009,455.8284550000012,-543.501900770499,-649.376112267752
376.05,495.9292500000016,459.03874500000194,-543.0689616896238,-649.8030938087521
376.1,498.9057725000023,462.0103625000026,-542.7327652109988,-650.2653302565022
376.15,501.67928749999976,464.77897250000007,-542.507261294249,-650.7956248552517
376.2,504.1547950000003,467.2495750000006,-542.363912587874,-651.3213838783769
376.25,506.2494050000008,469.3392800000011,-542.2132824438739,-651.856140502877
376.3,508.0630775000012,471.1480475000015,-542.0153106969989,-652.4275004485021
376.35,509.7335475000016,472.81361250000185,-541.8239094056238,-652.9784625621272
376.4,511.36745500000006,474.4426150000004,-541.651116232624,-653.5422223540018
376.45,513.0623775000005,476.1326325000008,-541.460058173999,-654.1181914251268
376.5,514.9803075000009,478.04565750000125,-541.243846058124,-654.688129406502
376.55,517.2749550000015,480.33540000000175,-541.0360431446239,-655.3148969246271
376.6,519.8645625000021,482.9201025000023,-540.8621467234989,-655.9477445657523
376.65,522.5415924999996,485.59222749999986,-540.7030828604991,-656.5250375346268
376.7,525.2344825000002,488.28021250000046,-540.543013815874,-657.092670953252
376.75,527.9788975000008,491.0197225000011,-540.388902311124,-657.6752104798771
376.8,530.7776500000015,493.81357000000173,-540.2382476504989,-658.2681940887522
376.85,533.6094475000021,496.6404625000024,-540.0746236952489,-658.9005513973774
376.9,536.5057349999995,499.53184499999975,-539.909970041749,-659.5501929266268
376.95,539.4528050000001,502.4740100000004,-539.773633090124,-660.159210408252
377.0,542.3018675000008,505.31816750000104,-539.673016861124,-660.7354001290021
377.05,544.9024925000014,507.91388750000164,-539.664926374874,-661.2373044760022
377.1,547.0283725000019,510.03486250000213,-539.782410041874,-661.6770346620024
377.15,548.5226300000005,511.52421500000077,-539.8955052329989,-662.2073782940018
377.2,549.6322000000008,512.628880000001,-539.9066602973738,-662.898698085752
377.25,550.836517500001,513.8282925000012,-539.8502230266238,-663.6975968280022
377.3,552.3940175000014,515.3808875000016,-539.7846655713738,-664.5133384916275
377.35,554.0777275000017,517.0596925000019,-539.7377162344987,-665.2760016621277
377.4,555.6523375000003,518.6293975000004,-539.6882416852488,-665.972592528252
377.45,557.2652675000006,520.2374225000008,-539.6308237494989,-666.6512862581271
377.5,559.002220000001,521.9694700000011,-539.6348689926239,-667.3284109240022
377.55,560.5831175000013,523.5454625000015,-539.7176126019989,-667.9933998605023
377.6,561.7593675000016,524.7168075000018,-539.8131784062489,-668.6271301001275
377.65,562.5879025000008,525.5404375000011,-539.9193108758737,-669.207144414377
377.7,563.178340000001,526.1259700000012,-540.0831064474988,-669.7126281886271
377.75,563.497020000001,526.4397450000013,-540.3366818998738,-670.1264933352522
377.8,563.453390000001,526.3912100000013,-540.6312736658739,-670.4817392315023
377.85,563.133930000001,526.0668450000012,-540.9097334926239,-670.8159743801274
377.9,562.7863175000014,525.7143275000016,-541.2037123429986,-671.121500560877
377.95,562.5032325000013,525.4263375000015,-541.5248801304987,-671.3466857615022
378.0,562.1922950000013,525.1104950000015,-541.8383496977488,-671.5065341565022
378.05,561.8022225000012,524.7155175000014,-542.1294355863738,-671.6894772122522
378.1,561.4251625000011,524.3335525000014,-542.4301565086239,-671.9246161626272
378.15,561.1668350000014,524.0703200000016,-542.7863095199986,-672.166129435502
378.2,561.0208125000013,523.9193925000015,-543.1697495349987,-672.384891280377
378.25,560.9367750000013,523.8304500000015,-543.5271528942487,-672.5674665867521
378.3,560.7781525000012,523.6669225000015,-543.8472174336238,-672.6791888468771
378.35,560.3742900000011,523.2581550000015,-544.1677477888738,-672.6991944128771
378.4,559.6866925000018,522.5656525000021,-544.4700377751236,-672.6231438421272
378.45,558.8868400000016,521.7608950000019,-544.6395457203737,-672.4198765042522
378.5,558.1582675000014,521.0274175000018,-544.6570505906237,-672.1117270446272
378.55,557.4740500000013,520.3382950000016,-544.5990442558738,-671.7910986228771
378.6,556.7111700000011,519.5705100000014,-544.5614602697487,-671.4885879870021
378.65,555.8292550000018,518.6836900000022,-544.5356932968738,-671.1484198151275
378.7,554.9797900000016,517.829320000002,-544.4487083113737,-670.7340888526273
378.75,554.2913025000014,517.1359275000018,-544.3568445174986,-670.3297606731272
378.8,553.7177175000013,516.5574375000017,-544.2944497068736,-669.9929512788772
378.85,553.1650125000011,515.9998275000015,-544.2555173063736,-669.6992666280021
378.9,552.5948775000016,515.424787500002,-544.2381350192486,-669.4563313908773
378.95,552.0716375000015,514.8966425000019,-544.2219540467486,-669.2268557808773
379.0,551.6078000000015,514.4279000000018,-544.2425970449985,-668.9701667171272
379.05,551.0495375000013,513.8647325000018,-544.3090616153736,-668.7106092082521
379.1,550.2737075000011,513.0839975000016,-544.4009989591236,-668.4640945438771
379.15,549.347145000002,512.1525300000025,-544.5214736543735,-668.2328537368772
379.2,548.3609725000018,511.1614525000022,-544.6884563872485,-667.9711632816272
379.25,547.3155425000016,510.11111750000197,-544.9200894602485,-667.6912814906271
379.3,546.2255625000014,509.0162325000017,-545.1551548607486,-667.4506262996271
379.35,545.1137275000011,507.89949250000143,-545.3818600921236,-667.200041875502
379.4,543.9175575000022,506.6984175000025,-545.6484783889983,-666.9290841360023
379.45,542.5403125000018,505.3162675000022,-545.9522884059984,-666.6426318895022
379.5,541.0058600000015,503.77691000000186,-546.2816202296235,-666.3091077230022
379.55,539.3684400000011,502.1345850000015,-546.6148747132486,-665.9197592013771
379.6,537.5728950000007,500.3341350000011,-546.9313353087487,-665.4790728670021
379.65,535.6032475000025,498.3595825000029,-547.2046711608734,-665.0197048643774
379.7,533.590787500002,496.34221750000245,-547.4050210203735,-664.5607046111273
379.75,531.6282100000016,494.374735000002,-547.5552834149986,-664.0836846385022
379.8,529.6130525000011,492.3546725000015,-547.6976269397486,-663.567413549252
379.85,527.4343800000006,490.171095000001,-547.8258243718736,-663.0292000806269
379.9,525.1417250000027,487.8735350000031,-547.9583612466236,-662.5125367253773
379.95,522.8618825000021,485.5887875000026,-548.1447366298736,-662.0595185286272
380.0,520.7894225000017,483.5114225000021,-548.3232176598736,-661.7394049560022
380.05,519.2957325000013,482.0128275000017,-548.4128994741237,-661.5662930668772
380.1,518.8113950000012,481.5235850000016,-548.5033903369988,-661.4708008125021
380.15,519.038195000001,481.7454800000014,-548.7263200081236,-661.3454473088773
380.2,519.039460000001,481.7418400000014,-549.0787219758737,-661.0995945933772
380.25,518.2479450000008,480.9454200000012,-549.4805494596238,-660.7602354701271
380.3,516.7048000000004,479.3973700000009,-549.8867899358739,-660.398321051877
380.35,514.7489025,477.4365675000004,-550.275206825749,-660.045845534252
380.4,512.635935000002,475.3186950000023,-550.6617604521236,-659.6923158017523
380.45,510.39949000000144,473.0773450000018,-551.0876387449987,-659.3311859155023
380.5,508.0396450000009,470.7125950000013,-551.5044949198738,-659.0110968595022
380.55,505.7682775000004,468.43632250000076,-551.8757746888739,-658.7455572941271
380.6,503.79999749999996,466.4631375000003,-552.265613542999,-658.474599554627
380.65,502.0406625000016,464.6988975000019,-552.7186072231235,-658.1710592205023
380.7,500.3094525000012,462.96278250000154,-553.1889586737486,-657.8733538431272
380.75,498.64705000000083,461.29547500000115,-553.6080948947488,-657.5996502416272
380.8,497.0946075000005,459.7381275000008,-554.0089417134989,-657.3053281585021
380.85,495.43066250000015,458.06927750000045,-554.454384273124,-656.968273598002
380.9,493.4551550000019,456.0888650000023,-554.8953157737486,-656.6580157086273
380.95,491.4038650000015,454.0326700000018,-555.2648793789987,-656.4137565737523
381.0,489.57999750000107,452.2038975000014,-555.6270144468738,-656.1631476330022
381.05,487.8655825000007,450.484577500001,-556.0498036449989,-655.8896891977521
381.1,486.1519100000003,448.76600000000064,-556.4693811652489,-655.650431454377
381.15,484.61152000000175,447.22070500000206,-556.8345808112487,-655.4190190310022
381.2,483.2386100000014,445.8428900000017,-557.1930383853737,-655.1360971785022
381.25,481.8018925000011,444.4012675000014,-557.5412234936238,-654.804558858627
381.3,480.23250000000075,442.82697000000104,-557.7991138719988,-654.456962149377
381.35,478.6148050000004,441.20437000000067,-557.9896080482488,-654.0757776638769
381.4,476.91718750000194,439.5018475000022,-558.1914779384986,-653.6198174721274
381.45,474.9811725000015,437.56092750000175,-558.4095778344986,-653.0836143667523
381.5,472.748282500001,435.32313250000124,-558.6418238231237,-652.4842074021271
381.55,470.2075800000004,432.77752500000065,-558.9327380953738,-651.854228206127
381.6,467.35066749999976,429.9157075,-559.2857529787489,-651.2326827291269
381.65,464.3406700000025,426.9008050000027,-559.6291818617485,-650.6435972636274
381.7,461.3980150000018,423.953245000002,-559.9458631068736,-650.0866530935023
381.75,458.61446000000115,421.1647850000014,-560.2954701793738,-649.5831061326271
381.8,456.00117750000055,418.5465975000008,-560.7057313821239,-649.159532402502
381.85,453.5855125,416.12602750000025,-561.1410485756239,-648.8069097851269
381.9,451.38559000000197,413.9212000000023,-561.5977197494985,-648.4786812096272
381.95,449.2990275000015,411.8297325000018,-562.1044293549986,-648.1359142755022
382.0,447.17695750000104,409.7027575000013,-562.6376904653737,-647.8021449427521
382.05,444.98672250000055,407.50761750000083,-563.1786007627488,-647.5101764556271
382.1,442.8076975000001,405.32368750000035,-563.737383679749,-647.249000849502
382.15,440.63922000000207,403.15030500000233,-564.2955291644985,-647.0169755105022
382.2,438.4753525000016,400.98153250000183,-564.8277115433737,-646.8619568906272
382.25,436.5128900000011,399.0141650000014,-565.3248351484988,-646.8000524125022
382.3,434.99025250000074,397.4866225000011,-565.7890329262489,-646.7934819570022
382.35,434.0056925000005,396.49715750000087,-566.2349167851239,-646.8362879842522
382.4,433.469912500001,395.9564725000014,-566.6784470479985,-646.9419791546271
382.45,433.2683875000009,395.7500425000013,-567.1228599093736,-647.1031514473772
382.5,433.26842500000095,395.7451750000013,-567.5511653481236,-647.2889874648772
382.55,433.28709500000093,395.7589400000013,-567.9519631336237,-647.4585934766272
382.6,433.1832225000009,395.6501625000013,-568.3542809498738,-647.5837263306273
382.65,432.8353875000012,395.2974225000016,-568.7645911858734,-647.6742417101273
382.7,432.2620475000011,394.7191775000014,-569.1546752062485,-647.7700771972522
382.75,431.64944000000094,394.1016650000013,-569.4995750867486,-647.8817259075023
382.8,431.19261750000084,393.63993750000117,-569.7341991879986,-647.9699612408773
382.85,431.0301700000008,393.4725850000011,-569.8070871141235,-648.0434865992523
382.9,431.1446225000007,393.582132500001,-569.7591325956236,-648.1167667913772
382.95,431.39012000000076,393.82272500000107,-569.6173039199986,-648.1570230896273
383.0,431.69712250000083,394.12482250000113,-569.3798358902485,-648.1941412598773
383.05,432.13298250000094,394.5557775000012,-569.0488614527484,-648.2496959321272
383.1,432.7890175000011,395.20690750000136,-568.6046692409983,-648.3263103852522
383.15,433.76675250000017,396.1797375000005,-568.0355648248739,-648.4561749478771
383.2,435.2051125000005,397.6131925000008,-567.4038204318737,-648.6409322338772
383.25,437.1255825000009,399.52875750000123,-566.8078703113736,-648.8801654606272
383.3,439.3641775000014,401.76244750000177,-566.2566385148734,-649.1914775648772
383.35,441.6650375000019,404.0584025000023,-565.7779268951233,-649.5285811586273
383.4,443.7438675,406.1323275000004,-565.4223867993736,-649.839893262877
383.45,445.3990250000004,407.78258000000073,-565.1157573704985,-650.1902358341271
383.5,446.8010950000007,409.17974500000105,-564.7820370709984,-650.6218510172522
383.55,448.33613500000104,410.7098800000014,-564.4375049398733,-651.0968115933773
383.6,450.0816825000014,412.4505225000018,-564.1141306561232,-651.5823388348774
383.65,451.8630874999998,414.2270225000002,-563.8334643331234,-652.066493145377
383.7,453.60625000000016,415.9652800000006,-563.5958001703733,-652.551603604252
383.75,455.32054500000055,417.67467000000096,-563.4053059941233,-653.0064605478772
383.8,456.9235725000009,419.27279250000134,-563.2854442144983,-653.4019137091273
383.85,458.2912500000012,420.63556500000163,-563.2171654138733,-653.7827059286274
383.9,459.4935150000001,421.83292500000056,-563.1364321677484,-654.2170424571269
383.95,460.8239050000004,423.15841000000086,-562.9794031846233,-654.7316954491271
384.0,462.6167975000008,424.94639750000124,-562.7473778456232,-655.3101161827522
384.05,464.9000800000013,427.2247750000018,-562.5171912534981,-655.8725275602523
384.1,467.25219000000186,429.5719800000023,-562.2731282516231,-656.3716615286273
384.15,469.4342999999999,431.74918500000035,-561.9123661147485,-656.8805285971268
384.2,471.6811750000004,433.99115500000084,-561.4448831092484,-657.4034927250019
384.25,474.11367500000097,436.4187500000014,-560.9172853392482,-657.870019582127
384.3,476.63570750000156,438.935877500002,-560.3050561797481,-658.3111962490021
384.35,479.3568025000022,441.6520675000026,-559.644161519623,-658.7635524968772
384.4,482.43898999999936,444.7293499999998,-558.9886360003736,-659.2192430057518
384.45,485.76102250000014,448.04647750000055,-558.3647369273734,-659.6680688596268
384.5,489.1246175000009,451.4051675000013,-557.7935485981233,-660.084826968002
384.55,492.40297750000167,454.67862250000206,-557.3410697671231,-660.441127079127
384.6,495.1385250000023,457.4092650000027,-557.1175271803731,-660.6955851300021
384.65,496.7562975000008,459.0221325000012,-557.0977422639982,-660.9500922141268
384.7,497.3232325000009,459.5841625000013,-557.1469471303732,-661.3392691193769
384.75,497.3857825000009,459.64180750000133,-557.1653345991232,-661.800304252502
384.8,497.4836550000009,459.7347750000014,-557.1591564096232,-662.2658014113771
384.85,497.91243750000103,460.1586525000015,-557.1846291829982,-662.7261991122522
384.9,498.65689250000037,460.8982025000008,-557.2227035016231,-663.1915491713768
384.95,499.6659950000006,461.902400000001,-557.234667614623,-663.6987491093769
385.0,500.95994000000087,463.1914400000013,-557.2378302592481,-664.245543396752
385.05,502.50599500000123,464.73259000000166,-557.2350843972481,-664.8186195061272
385.1,504.2183775000016,466.44006750000204,-557.2247383814981,-665.4037577950023
385.15,505.9818925,468.19867750000043,-557.2386147912481,-665.9587406351268
385.2,507.6445300000004,469.8564100000008,-557.266857943248,-666.4924430447519
385.25,509.1589650000007,471.3659400000011,-557.2259642127481,-667.018913050002
385.3,510.593712500001,472.79578250000145,-557.0592266461231,-667.4794333340021
385.35,511.97314750000135,474.1703125000018,-556.764095514373,-667.8482369238772
385.4,513.3914675000001,475.5837275000005,-556.3787186859984,-668.1910774078768
385.45,514.9802175000004,477.16757250000086,-556.0030504411233,-668.5268325872519
385.5,516.5993200000008,478.78177000000125,-555.6565324633732,-668.8190462406269
385.55,518.0415075000011,480.21905250000157,-555.2808151852481,-669.086596169252
385.6,519.3760350000014,481.5486750000019,-554.9144632578731,-669.3648108297521
385.65,520.7256800000001,482.89341500000063,-554.6170520799983,-669.6302032953769
385.7,522.0353300000004,484.19816000000094,-554.3407251996232,-669.8739966143769
385.75,523.3024400000007,485.4603650000012,-553.9732945407482,-670.1642734543769
385.8,524.7856350000011,486.9386550000016,-553.476808367873,-670.525893673127
385.85,526.7639875000016,488.91210250000205,-552.9305289296228,-670.8874893752521
385.9,529.1842999999993,491.32750999999985,-552.4014846787483,-671.1923290905019
385.95,531.788205,493.92651000000046,-551.8642273584982,-671.5021701972519
386.0,534.5353825000005,496.6687825000011,-551.289410568748,-671.8752887131269
386.05,537.5006850000012,499.6291800000018,-550.7090285051229,-672.266574048127
386.1,540.5974425000019,502.7210325000025,-550.1567670103727,-672.6502592293772
386.15,543.5864674999991,505.70515249999977,-549.6618253848732,-673.0126394635018
386.2,546.2766324999998,508.39041250000037,-549.230455367998,-673.3447416657519
386.25,548.6639825000003,510.7728575000009,-548.8334576593729,-673.694005505502
386.3,550.8480825000008,512.9520525000014,-548.4478846979979,-674.0991427336271
386.35,553.0103875000013,515.1094525000019,-548.0912168374978,-674.5524796465022
386.4,555.1828874999994,517.2770475,-547.799616099748,-675.0015751832518
386.45,557.2374174999999,519.3266725000004,-547.513899351998,-675.4466499935019
386.5,559.3354625000004,521.419812500001,-547.1704214357479,-675.932594017627
386.55,561.779055000001,523.8585000000015,-546.8197356317478,-676.4396223392522
386.6,564.5524150000016,526.6269550000021,-546.5227657531227,-676.9249534477523
386.65,567.424877499999,529.4945124999995,-546.267228970748,-677.4031747350018
386.7,570.2807374999996,532.3454675000002,-546.008823743248,-677.9047358492519
386.75,573.1915175000003,535.2513425000008,-545.7591464342479,-678.411690621002
386.8,576.1857450000009,538.2406650000014,-545.5529616179979,-678.9104078067521
386.85,579.1577075000016,541.2077225000021,-545.3969378164978,-679.4057662148772
386.9,582.005949999999,544.0510599999996,-545.3090211992479,-679.9045079172517
386.95,584.6439974999996,546.6842025000002,-545.301347495623,-680.4215880551269
387.0,586.9084500000001,548.9437500000007,-545.3550389043729,-680.913342519377
387.05,588.6864575000005,550.7168525000011,-545.4657314662479,-681.3372594822521
387.1,589.9387625000008,551.9642525000014,-545.623863697498,-681.7175613692522
387.15,590.6916425000002,552.7122275000007,-545.8228651426228,-682.0767054088768
387.2,591.0878300000003,553.1035100000008,-546.0706056382479,-682.4031687873769
387.25,591.2319475000003,553.2427225000008,-546.345118288373,-682.672998762127
387.3,591.2308425000002,553.2367125000009,-546.6209303196231,-682.9187779277521
387.35,591.2083750000002,553.2093400000009,-546.8917164427481,-683.2057695400022
387.4,591.2683200000001,553.2643800000009,-547.157648274123,-683.5531946328769
387.45,591.5225675000002,553.5137225000009,-547.400215761873,-683.932319721877
387.5,591.9421000000002,553.9283500000009,-547.625597095498,-684.3041388566271
387.55,592.3863400000004,554.3676850000011,-547.8751273047482,-684.6480090388771
387.6,592.7696700000005,554.7461100000012,-548.1539058476233,-684.9692994095022
387.65,593.0722075000002,555.0437425000009,-548.445604651873,-685.2996609313769
387.7,593.3419525000003,555.308582500001,-548.7394118858731,-685.672656864127
387.75,593.6627250000004,555.624450000001,-549.0269183472482,-686.0767398773771
387.8,594.0766525000005,556.0334725000012,-549.2943456927483,-686.4695207265022
387.85,594.4849875000006,556.4369025000012,-549.5602284908733,-686.7936550256272
387.9,594.7878000000003,556.734810000001,-549.854256374498,-687.076871077627
387.95,595.0121800000003,556.954285000001,-550.1634110157481,-687.406521617377
388.0,595.2412725000004,557.1784725000011,-550.4752379691232,-687.7769187878771
388.05,595.4885350000004,557.4208300000012,-550.7679664716233,-688.1339789143772
388.1,595.7021850000004,557.6295750000012,-551.0226696887484,-688.4899848260022
388.15,595.9459175000002,557.8684025000009,-551.2449128943731,-688.8684479661268
388.2,596.3192975000003,558.236877500001,-551.4615172762482,-689.2488724362519
388.25,596.7783800000004,558.6910550000011,-551.6562773452482,-689.624172931752
388.3,597.2994725000005,559.2072425000013,-551.7459591594983,-690.0182286453771
388.35,597.9837000000007,559.8865650000014,-551.7136707643733,-690.4234394233772
388.4,598.8497349999999,560.7476950000006,-551.6040079007485,-690.8139892596269
388.45,599.8213950000002,561.7144500000009,-551.4519803091234,-691.173084266002
388.5,600.8134450000003,562.701595000001,-551.2638397288733,-691.4914326416271
388.55,601.8466275000005,563.7298725000013,-550.9990356622483,-691.8411377806272
388.6,603.1709250000008,565.0492650000016,-550.6271429776232,-692.2958231078773
388.65,604.9838174999992,566.8572525,-550.1821172006236,-692.8188362690017
388.7,607.1318649999997,569.0003950000005,-549.7348113774984,-693.3317976138768
388.75,609.2611625000002,571.1247875000009,-549.3443841243734,-693.8169816226269
388.8,611.1709300000006,573.0296500000013,-549.0282912782483,-694.280125185502
388.85,612.8748375000009,574.7286525000017,-548.7802810997482,-694.7231651158771
388.9,614.4096024999996,576.2585125000003,-548.5991277576234,-695.1751781310018
388.95,615.8295249999999,577.6735300000006,-548.4578629643734,-695.6893162738769
389.0,617.3445250000002,579.1836250000009,-548.3130677771234,-696.2948523947521
389.05,619.1400700000006,580.9742650000013,-548.1770495416233,-696.9247090076273
389.1,621.051240000001,582.8805300000017,-548.1044067817483,-697.4576514018773
389.15,622.6974899999996,584.5218750000003,-548.1525329166232,-697.831677032877
389.2,623.8090924999998,585.6285725000005,-548.3370695529982,-698.076205850627
389.25,624.1670024999999,585.9815775000005,-548.6063846786233,-698.2835429482521
389.3,623.6595224999998,585.4691925000004,-548.9427527736234,-698.4689866997522
389.35,622.4051099999995,584.2098750000001,-549.3549262731235,-698.5218445432522
389.4,620.5865175000012,582.3863775000018,-549.8216247466231,-698.3976678376273
389.45,618.4435100000006,580.2384650000013,-550.2757707081232,-698.2455666961273
389.5,616.4376700000001,578.2277200000008,-550.6426865178734,-698.2173970940023
389.55,615.1278149999998,576.9129600000005,-550.9220534597484,-698.3175965403773
389.6,614.7642674999997,576.5445075000003,-551.1712649528735,-698.4998040973774
389.65,615.1268349999993,576.9021700000001,-551.4064774531232,-698.7292797073771
389.7,615.8061999999995,577.5766300000003,-551.6260973798733,-698.9646147907522
389.75,616.4154899999996,578.1810150000003,-551.8710184636233,-699.1613852230022
389.8,616.6685824999997,578.4292025000004,-552.1472227608733,-699.3176296741273
389.85,616.5516749999997,578.3073900000004,-552.4266142193734,-699.4488181345023
389.9,616.2534425,578.0042525000007,-552.6646461314982,-699.6063374501272
389.95,616.066345,577.8122500000006,-552.7970604231233,-699.8954865253772
390.0,616.32489,578.0658900000006,-552.8342521432482,-700.3186925061274
390.05,617.0785950000002,578.8146900000008,-552.8488885683732,-700.7758294958775
390.1,618.0163500000004,579.7475400000011,-552.8923320278733,-701.2010213232526
390.15,618.8097299999997,580.5360150000004,-552.9956941188732,-701.5585717822522
390.2,619.3292474999998,581.0506275000005,-553.1245780164982,-701.8611069347522
390.25,619.68769,581.4041650000006,-553.2231348489981,-702.1684718623773
390.3,620.0461125,581.7576825000007,-553.2923943146232,-702.5078064690024
390.35,620.4680025000001,582.1746675000007,-553.3381668534981,-702.8234825325025
390.4,620.9172599999997,582.6190200000003,-553.3021274147482,-703.0762244196272
390.45,621.3759599999998,583.0728150000004,-553.1287948759981,-703.3165608945023
390.5,621.92679,583.6187400000006,-552.8622746456231,-703.5109777307524
390.55,622.5471900000001,584.2342350000007,-552.570355191748,-703.5929858413774
390.6,623.1181550000002,584.8002950000008,-552.261960565873,-703.5896515803774
390.65,623.5318749999999,585.2091100000005,-551.9831820229982,-703.5292426163775
390.7,623.6856849999999,585.3580150000005,-551.8097759343732,-703.4362510577524
390.75,623.5801874999999,585.2476125000004,-551.6641226652482,-703.3495112385024
390.8,623.4164974999998,585.0790175000004,-551.4609043606232,-703.3197235391274
390.85,623.4333699999997,585.0909850000004,-551.2209846683731,-703.3207042041274
390.9,623.6540924999996,585.3068025000002,-550.9730725563734,-703.2657134142524
390.95,623.9215774999997,585.5693825000003,-550.7718400983733,-703.1467097165024
391.0,624.0395124999997,585.6824125000003,-550.6187337752483,-702.9962021556274
391.05,623.9280049999996,585.5660000000003,-550.4587873137483,-702.8011478871274
391.1,623.6043624999995,585.2374525000001,-550.3278440196233,-702.5256790886274
391.15,623.07149,584.6996750000006,-550.2600800681233,-702.1762191158778
391.2,622.3342524999998,583.9575325000005,-550.2193579539983,-701.7687528083777
391.25,621.3791349999996,582.9975100000003,-550.2438745789983,-701.3132584325026
391.3,620.1362449999992,581.7497149999999,-550.3547632738733,-700.8486193555025
391.35,618.6428674999989,580.2514324999996,-550.4874472483734,-700.4051136092523
391.4,617.1015600000003,578.7052200000011,-550.6351108807482,-699.9813437461278
391.45,615.6569499999999,577.2557050000007,-550.8031723451232,-699.5893229123777
391.5,614.3445674999996,575.9384175000005,-550.9504682281233,-699.2486889246277
391.55,613.2349599999993,574.8239050000002,-551.0562084317484,-698.9905778966277
391.6,612.4496874999992,574.0337275,-551.0934737017484,-698.8490189038777
391.65,612.0224424999996,573.6015775000004,-551.1098262906233,-698.7491626902528
391.7,611.7444949999995,573.3187250000003,-551.1829838996233,-698.5838470878778
391.75,611.2692624999994,572.8385875000002,-551.2988494693733,-698.3391466537527
391.8,610.4452599999992,572.00968,-551.4140285736233,-698.0705425102526
391.85,609.411119999999,570.9706349999998,-551.5022148737484,-697.8372177901275
391.9,608.3859649999999,569.9405750000008,-551.5895676086233,-697.6387066775027
391.95,607.4382524999997,568.9879575000006,-551.7219083503733,-697.4350715902526
392.0,606.4615349999996,568.0063350000004,-551.9322119596234,-697.1915969873776
392.05,605.3197174999993,566.8596125000001,-552.1992960723734,-696.9048750580025
392.1,603.947489999999,565.4824799999998,-552.4831495566234,-696.5847124521274
392.15,602.4070600000003,563.9371450000012,-552.7530775978731,-696.2486140400027
392.2,600.7881725,562.3133525000009,-553.0038336383732,-695.8854983071277
392.25,599.0577824999996,560.5780575000005,-553.2708932344982,-695.4914425935026
392.3,597.1621574999991,558.6775275,-553.5549428517483,-695.1046928341275
392.35,595.1451249999986,556.6555899999995,-553.8372763052483,-694.7264258270025
392.4,593.1166100000005,554.6221700000013,-554.1258614981231,-694.3496053007528
392.45,591.1284075000001,552.6290625000009,-554.4304315304981,-693.9820030255028
392.5,589.1877824999997,550.6835325000005,-554.7510354356232,-693.6328372522527
392.55,587.3170399999992,548.807885,-555.0779401133733,-693.3345189592526
392.6,585.5510249999988,547.0369649999997,-555.4198979988734,-693.0993554922526
392.65,583.9153225000003,545.3963575000012,-555.782229199748,-692.8938081082528
392.7,582.3900875,543.8662175000009,-556.1425745539981,-692.6566342780027
392.75,580.8252449999997,542.2964700000005,-556.5278042826232,-692.3240417432526
392.8,578.9547774999992,540.4210975,-556.9191876841232,-691.9272156510025
392.85,576.7505574999986,538.2119724999994,-557.2740903476233,-691.5380877790024
392.9,574.4701650000007,535.9266750000015,-557.610777158748,-691.1596246388777
392.95,572.2530150000002,533.704620000001,-557.9396186498731,-690.7934688445026
393.0,570.0835599999997,531.5302600000005,-558.2722357012482,-690.4629847395025
393.05,567.9955899999992,529.437385,-558.6218182571232,-690.1614302520024
393.1,566.0126999999987,527.4495899999995,-558.9913818623733,-689.8793664813774
393.15,564.1302400000004,525.5622250000011,-559.369869519123,-689.6066435448776
393.2,562.36727,523.7943500000007,-559.761816802998,-689.2953069240025
393.25,560.6111749999995,522.0333500000003,-560.1697734429981,-688.9216245257523
393.3,558.6829724999991,520.1002424999998,-560.5452455548732,-688.5227635536272
393.35,556.5878949999986,518.0002599999993,-560.8783039054982,-688.1154933791271
393.4,554.3835200000007,515.7909800000014,-561.225876098123,-687.6844420783775
393.45,552.0192225000001,513.4217775000009,-561.5947042046231,-687.2451286750024
393.5,549.5280899999995,510.9257400000003,-561.9447770929982,-686.8229033592523
393.55,547.057739999999,508.45048499999973,-562.2867104618732,-686.4023206573772
393.6,544.6416849999983,506.0295249999992,-562.6495319952483,-685.9654834331271
393.65,542.2202775000005,503.6032125000014,-563.0157368228729,-685.5247480655025
393.7,539.7189099999999,501.0969400000008,-563.372184033748,-685.0842088308774
393.75,537.0979724999993,498.4710975000002,-563.7287047944981,-684.6481071053773
393.8,534.3993399999987,495.7675599999996,-564.0928011923731,-684.2236262601273
393.85,531.6581299999981,493.021444999999,-564.4787419031233,-683.8294479633772
393.9,528.9059050000006,490.2643150000015,-564.9046447126228,-683.4767517961276
393.95,526.1917275000001,487.54523250000085,-565.3821795343729,-683.1150825441275
394.0,523.4671974999994,484.8157975000002,-565.897249308998,-682.7419149950024
394.05,520.7292274999988,482.07292249999955,-566.3973884589981,-682.4773070613774
394.1,518.3233674999983,479.662157499999,-566.8517550701232,-682.3484967136274
394.15,516.6299899999999,477.96387500000054,-567.2752062171228,-682.2474391853774
394.2,515.5822274999997,476.91120750000033,-567.7037568221228,-682.1231889298774
394.25,514.7345999999995,476.05867500000016,-568.194334488373,-681.9598346575024
394.3,513.6304399999993,474.9496099999999,-568.7420358908731,-681.7688011155024
394.35,512.061279999999,473.37554499999953,-569.2858146333732,-681.6097372525023
394.4,510.1958875000007,471.50524750000125,-569.7931126378727,-681.5092190900024
394.45,508.3920975000003,469.69655250000085,-570.2387022972478,-681.5103713713773
394.5,506.95528,468.25483000000054,-570.6371219701228,-681.6375145886274
394.55,506.0427599999998,467.33740500000033,-571.0353945432479,-681.8188640637524
394.6,505.5840549999997,466.8737950000002,-571.453378482873,-681.9842777326274
394.65,505.3377774999999,466.6226125000004,-571.9053179481225,-682.0961470925023
394.7,504.9596399999998,466.2395700000003,-572.3998918242476,-682.1298329352524
394.75,504.1736049999996,465.4486300000001,-572.9442099324976,-682.0777596237523
394.8,502.8790524999993,464.1491724999998,-573.5517809332478,-681.9331360528772
394.85,501.0548524999989,462.32006749999937,-574.191640329123,-681.7205769141272
394.9,498.8245025000009,460.0848125000014,-574.8054875858724,-681.4770042447524
394.95,496.37997250000035,457.63537750000086,-575.4116611389975,-681.1998437991273
395.0,493.85012749999976,455.10062750000026,-575.9299671081226,-680.9786302917522
395.05,491.63043749999923,452.8760324999997,-576.2991139307477,-680.8501876933772
395.1,490.02762499999886,451.26831499999935,-576.6251114933727,-680.7743822888772
395.15,488.8699499999999,450.1057350000004,-576.9644951332474,-680.8195173955021
395.2,488.18165249999976,449.4125325000002,-577.3378833319974,-680.9701720561271
395.25,488.19199249999974,449.4179675000002,-577.7611138293726,-681.0913822501271
395.3,488.68190999999985,449.9029800000003,-578.2412964466226,-681.0859395593772
395.35,488.98327249999994,450.1994375000004,-578.7971864018728,-680.9533291347522
395.4,488.5120550000004,449.7233150000008,-579.3990450289972,-680.7661692195023
395.45,487.3055025000001,448.51185750000053,-579.9607944576223,-680.5863152585023
395.5,485.77216249999975,446.9736125000002,-580.4943497674975,-680.4063877476273
395.55,484.1255799999994,445.3221249999998,-581.0175100283726,-680.2422489432522
395.6,482.513882499999,443.70552249999946,-581.4693759437478,-680.1307963660022
395.65,481.14050500000025,442.3272400000007,-581.8481577999975,-680.0881374385023
395.7,480.2022625,441.38409250000046,-582.1779064062475,-680.1383474865023
395.75,479.895295,441.0722200000004,-582.4616863406226,-680.2272692853774
395.8,480.0787275,441.25074750000044,-582.7517180143726,-680.2318293776274
395.85,480.19857750000006,441.3656925000005,-583.0567538626227,-680.0906871675023
395.9,479.83718750000037,440.99939750000084,-583.3154042563725,-679.8116634583776
395.95,478.9269125000002,440.08421750000065,-583.5119050057475,-679.4410946715025
396.0,477.6511299999999,438.80353000000036,-583.6253434296225,-679.0604740683774
396.05,476.34925499999963,437.4967500000001,-583.6858014268726,-678.6912536958773
396.1,475.15454749999935,436.2971374999998,-583.7791607348726,-678.2902107441272
396.15,473.9764225000004,435.11410750000084,-583.9267998506224,-677.8275820303776
396.2,472.6762475000001,433.8090275000005,-584.1613504019974,-677.3002539432524
396.25,471.09642249999973,432.22429750000015,-584.4968113818725,-676.7640998711273
396.3,469.35587499999934,430.47884499999975,-584.8494339992476,-676.2986027122522
396.35,467.78294499999896,428.9010099999994,-585.1890382887477,-675.9327166007521
396.4,466.5371625000001,427.6503225000005,-585.4996394108724,-675.7091494973773
396.45,465.7326099999999,426.84086500000035,-585.7524548478725,-675.6132404603773
396.5,465.32028499999984,426.4236350000003,-586.0323611554976,-675.4878624401272
396.55,464.8268674999997,425.9253125000002,-586.3994976148726,-675.2353902358772
396.6,463.8178824999995,424.91142249999996,-586.7903661672477,-674.884655398627
396.65,462.29977500000086,423.38841000000133,-587.1651272969974,-674.4685347225025
396.7,460.45672750000045,421.5404575000009,-587.5300817767475,-674.0393957185023
396.75,458.5515725,419.63039750000047,-587.8156269081226,-673.7141336546272
396.8,457.1075799999997,418.18150000000014,-587.9860174518726,-673.5251104758771
396.85,456.4392649999995,417.50828,-588.1328475189977,-673.4212090191271
396.9,456.30484749999965,417.36895750000014,-588.3050522929975,-673.3858805625022
396.95,456.27413749999965,417.33334250000013,-588.4940754717476,-673.3536166840022
397.0,456.0370349999996,417.0913350000001,-588.6904536379976,-673.2577811968772
397.05,455.5572549999995,416.60664999999995,-588.8407895824977,-673.1042580911271
397.1,454.94997999999936,415.9944699999998,-588.9374586348727,-672.9031972495021
397.15,454.26825249999996,415.30783750000046,-589.0184125306225,-672.6852199366273
397.2,453.5648349999998,414.5995150000003,-589.0918153058725,-672.4474086741272
397.25,452.86037249999964,413.8901475000001,-589.1766428283726,-672.1404605291272
397.3,452.02628999999945,413.0511599999999,-589.2897135028726,-671.7677587958771
397.35,450.9764074999992,411.99637249999967,-589.4107520804976,-671.393733164877
397.4,449.80965000000026,410.8247100000007,-589.5481922802475,-671.0406937648772
397.45,448.61168,409.62183500000043,-589.7344450803726,-670.6782644975021
397.5,447.3353324999997,408.34058250000015,-589.9773067676226,-670.2967858125021
397.55,445.9510749999994,406.9514199999998,-590.2601305536227,-669.900499086002
397.6,444.46835999999905,405.4637999999995,-590.5631560386228,-669.5186036183769
397.65,442.9859775000004,403.9765125000008,-590.8361731746226,-669.2361720983772
397.7,441.7906250000001,402.77625500000056,-591.0483645639976,-669.0708074627522
397.75,441.0011624999999,401.98188750000037,-591.2436149654976,-668.9803165998771
397.8,440.4921549999998,401.46797500000025,-591.3942696261227,-668.9853915412522
397.85,440.2590699999997,401.22998500000017,-591.4376150191226,-669.1087346816272
397.9,440.41862249999957,401.3846325,-591.3952748077477,-669.298885625127
397.95,440.8969874999997,401.8580925000001,-591.2487144234976,-669.5100473162521
398.0,441.61663499999986,402.5728350000003,-590.9403443142476,-669.7870116288772
398.05,442.7539000000001,403.7051950000005,-590.5219681086224,-670.1176428336272
398.1,444.39028750000045,405.33667750000086,-590.0866754317474,-670.4499411688773
398.15,446.3041949999987,407.24567999999914,-589.6480239772478,-670.799057908877
398.2,448.25087499999916,409.1874549999996,-589.1646787153727,-671.1981885638771
398.25,450.2105624999996,411.1422375,-588.6392629249976,-671.6565268682523
398.3,452.2113825,413.1381525000005,-588.1140923008725,-672.1201607636274
398.35,454.24052250000045,415.162387500001,-587.6062058973723,-672.5631516607525
398.4,456.3480999999985,417.2650599999991,-587.1218064206228,-673.033821827502
398.45,458.575482499999,419.4875374999996,-586.6669985102477,-673.5489896686272
398.5,460.87466249999954,421.7818125000001,-586.2421253989976,-674.0910767640023
398.55,463.20415500000007,424.10640000000063,-585.8899685974975,-674.6249262733775
398.6,465.5172400000006,426.41458000000114,-585.6398499892474,-675.1670869186275
398.65,467.7814174999985,428.6738524999991,-585.4441828051226,-675.7227071910021
398.7,470.015557499999,430.90308749999963,-585.3448904738726,-676.2384634311272
398.75,471.9704399999994,432.8530650000001,-585.3701180809976,-676.7345328213773
398.8,473.2895599999997,434.16728000000035,-585.4360432856226,-677.2181477661275
398.85,473.85792499999985,434.7307400000005,-585.5521785382476,-677.5864119902525
398.9,473.67605000000003,434.54396000000065,-585.7937653609974,-677.7037240408774
398.95,472.7668049999998,433.6298100000004,-586.1519777688725,-677.5606205007524
399.0,471.17637499999944,432.03447500000004,-586.5613073398725,-677.2710791595024
399.05,469.060944999999,429.9141399999996,-586.9826010238727,-676.9155635803774
399.1,466.6303574999984,427.478647499999,-587.4201737468728,-676.4996390372522
399.15,464.1023100000007,424.9456950000013,-587.8579426028724,-676.0604972502526
399.2,461.7360600000002,422.57454000000075,-588.2681302557475,-675.6472695358775
399.25,459.5661374999997,420.39971250000025,-588.6487753754975,-675.2613288251274
399.3,457.4308624999992,418.25953249999975,-589.0437627208726,-674.8610458887523
399.35,455.16105749999866,415.9848224999992,-589.5073230663727,-674.4046934310022
399.4,452.570432500001,413.38929250000155,-590.0236677054972,-673.9206617036276
399.45,449.8186725000004,410.6326275000009,-590.5162312183724,-673.4531296648776
399.5,447.3190624999998,408.1281125000003,-590.9524064937475,-673.0242113105024
399.55,445.1101174999993,405.91426249999984,-591.3716162646226,-672.6427326255024
399.6,443.0684374999989,403.8676774999994,-591.7370120436227,-672.3879558585023
399.65,441.4115425000004,402.2058775000009,-592.0138782897475,-672.3231584186274
399.7,440.6155975000002,401.4050275000007,-592.2400441553725,-672.3539022663774
399.75,440.89437000000027,401.67889500000075,-592.4250956408725,-672.3902604212524
399.8,441.9077600000005,402.687380000001,-592.5646442703726,-672.4688607210024
399.85,443.09639500000077,403.87111000000124,-592.6818582544976,-672.6064970537525
399.9,444.0315124999999,404.80132250000037,-592.7824744834975,-672.7494044608774
399.95,444.55579500000005,405.3207000000005,-592.8571521232475,-672.8404346895024
400.0,444.6999825000001,405.45998250000054,-592.9255044737475,-672.8661035958775
400.05,444.6306400000001,405.3857350000005,-592.9359485559976,-672.9616203668775
400.1,444.7645475000001,405.51473750000054,-592.7813222021225,-673.2351523520025
400.15,445.47914749999944,406.22443249999986,-592.4459102554978,-673.6353127052521
400.2,446.85803499999975,407.59841500000016,-592.0032135578726,-674.0982356185021
400.25,448.8563950000002,409.5918700000006,-591.5598303947476,-674.5508370326272
400.3,451.3162000000008,412.0467700000012,-591.1525357036224,-674.9883116891273
400.35,453.89393500000136,414.61960000000175,-590.7539934476224,-675.4597909045024
400.4,456.31553749999915,417.03629749999953,-590.3452277589978,-675.9774594413769
400.45,458.62463999999966,419.34049500000003,-589.9648768387477,-676.524719544627
400.5,460.71034500000013,421.4212950000005,-589.6677843769977,-677.0091190213772
400.55,462.2901500000005,422.99619500000085,-589.4113649961226,-677.4218564032523
400.6,463.5717300000008,424.27287000000115,-589.1393775583725,-677.9034364681273
400.65,465.0237024999995,425.71993749999984,-588.8870524538728,-678.4492991237519
400.7,466.7218274999999,427.41315750000024,-588.7045261807477,-678.976676244127
400.75,468.28657250000026,428.9729975000006,-588.6218070879977,-679.4493322575021
400.8,469.2789350000005,429.9604550000008,-588.6948911471227,-679.7748640042522
400.85,469.52694250000053,430.2035575000009,-588.9247835397478,-679.9204437235022
400.9,469.1337000000009,429.80541000000125,-589.2495307544974,-679.9328246191272
400.95,468.3166100000007,428.98341500000106,-589.6267190301224,-679.8821977885023
401.0,467.3051450000005,427.96704500000084,-590.0117771423726,-679.8606476751272
401.05,466.3482500000003,427.0052450000006,-590.3742554429977,-679.9012717227522
401.1,465.58376750000014,426.23585750000046,-590.7321981679977,-679.9623671522522
401.15,464.99019250000066,425.637377500001,-591.0822955729974,-680.0546232121271
401.2,464.58020750000054,425.2224875000009,-591.3950786747474,-680.2124122106271
401.25,464.3746425000005,425.01201750000087,-591.6863606963725,-680.4160227812522
401.3,464.2729750000005,424.90544500000084,-591.9895823143726,-680.6311071323772
401.35,464.14749750000044,424.7750625000008,-592.2985898558726,-680.8565620158773
401.4,463.9851050000006,424.60776500000094,-592.5827865728724,-681.1069503070021
401.45,463.87831750000055,424.49607250000093,-592.8175087406224,-681.3850914176271
401.5,463.91308000000055,424.5259300000009,-593.0198199301225,-681.6759566566271
401.55,464.0680275000006,424.67597250000097,-593.2283338257475,-681.9375000121272
401.6,464.23834500000066,424.841385000001,-593.4408684478726,-682.1561637905022
401.65,464.33225250000055,424.93038750000096,-593.6348439848724,-682.3567833328771
401.7,464.3848600000006,424.978090000001,-593.7728235503724,-682.5785852392521
401.75,464.4978800000006,425.086205000001,-593.8391410209974,-682.7929095750021
401.8,464.6551325000006,425.238552500001,-593.8777547053725,-682.9356698823772
401.85,464.7327175000006,425.311232500001,-593.9271557047475,-682.9970104781272
401.9,464.64970500000067,425.22331500000104,-593.9296318838725,-682.9773971781273
401.95,464.4387950000006,425.00750000000096,-593.8237690971225,-682.8972768476273
402.0,464.25468250000057,424.8184825000009,-593.6014523416225,-682.7848681220022
402.05,464.24284000000057,424.8017350000009,-593.2806523034974,-682.5881222063772
402.1,464.28244250000057,424.8364325000009,-593.0070958017474,-682.2963988855021
402.15,464.1105375000007,424.6596225000011,-592.8506061843725,-682.0401511210023
402.2,463.7198800000006,424.264060000001,-592.7293469571225,-681.8436994048773
402.25,463.31530500000054,423.8545800000009,-592.6233861038725,-681.6319002815022
402.3,462.9439075000005,423.47827750000084,-592.5596673954974,-681.4222095878772
402.35,462.54986000000036,423.0793250000008,-592.5317919928724,-681.2420369107522
402.4,462.14248750000075,422.66704750000116,-592.5000919967474,-681.0687288886273
402.45,461.71142250000065,422.23107750000105,-592.4678771514974,-680.8922091886272
402.5,461.27046500000057,421.78521500000096,-592.4142592926224,-680.7403777300023
402.55,460.9210425000005,421.4308875000009,-592.2687040899974,-680.6618264635023
402.6,460.8966800000005,421.4016200000009,-591.9912494448723,-680.7302768805023
402.65,461.4416125,421.9416475000004,-591.5736822878727,-680.941659221252
402.7,462.58520500000026,423.0803350000007,-591.0898221768725,-681.2188196668772
402.75,464.1922150000006,424.68244000000107,-590.6420750544975,-681.5036292995022
402.8,466.04862000000105,426.5339400000015,-590.2396836883723,-681.7824078423773
402.85,467.90229250000147,428.3827075000019,-589.8683303694972,-682.0629025490024
402.9,469.501395,429.97690500000044,-589.6049237504975,-682.3137076227522
402.95,470.64478250000025,431.1153875000007,-589.4969280173725,-682.5835375975023
403.0,471.45621750000043,431.92191750000086,-589.4492922149975,-682.9481488445024
403.05,472.28239000000065,432.74318500000106,-589.3671370046225,-683.3640979042525
403.1,473.29752750000085,433.7534175000013,-589.2417589843724,-683.8126785918776
403.15,474.61239249999966,435.0633775000001,-589.0945366512475,-684.3230411745021
403.2,476.24718,436.69326000000046,-588.9530266917475,-684.8488247142523
403.25,478.0286850000004,438.4698600000009,-588.8085257039975,-685.3732598396274
403.3,479.8436850000008,440.2799550000013,-588.6496089407474,-685.9133365717526
403.35,481.7056375000012,442.1370025000017,-588.4996407456224,-686.4739582356277
403.4,483.6168474999995,444.04330749999997,-588.3583269191225,-687.0481130765022
403.45,485.55317499999995,445.9747300000004,-588.2232648319975,-687.6221698508773
403.5,487.4913775000004,447.90802750000086,-588.1378979437475,-688.1969866406274
403.55,489.2741700000008,449.6859150000013,-588.1790858737475,-688.7182591213775
403.6,490.5861800000011,450.9930200000016,-588.3551152412475,-689.1553415118776
403.65,491.2299200000005,451.631855000001,-588.5906709742474,-689.5492746423772
403.7,491.32415500000053,451.721185000001,-588.8366462728724,-689.9189608307523
403.75,491.1743350000005,451.566460000001,-589.0877210294974,-690.2462332578774
403.8,491.00871500000045,451.3959350000009,-589.3640479098725,-690.5338377857524
403.85,490.8697750000004,451.25209000000086,-589.6619984534976,-690.8094046507525
403.9,490.8195625000005,451.1969725000009,-589.9123131947474,-691.1241245658772
403.95,491.01671500000054,451.389220000001,-590.0871412476224,-691.5092317113773
404.0,491.49240750000064,451.8600075000011,-590.2403701538724,-691.9359680861274
404.05,492.1143100000008,452.4770050000012,-590.4120600787475,-692.3576295195026
404.1,492.7030800000009,453.06087000000133,-590.6116989561225,-692.7348668283777
404.15,493.12037000000055,453.47325500000096,-590.8315885657473,-693.0556668665024
404.2,493.3292850000006,453.677265000001,-591.0329926401224,-693.3364557726275
404.25,493.4618200000006,453.804895000001,-591.1573899953725,-693.6347985822525
404.3,493.71581500000065,454.0539850000011,-591.1808524054975,-693.9418693103776
404.35,494.1014400000007,454.4347050000012,-591.0996043102475,-694.1510206382526
404.4,494.48988500000036,454.81824500000084,-590.9562801204977,-694.2248647127525
404.45,494.79332750000043,455.1167825000009,-590.8199676854977,-694.2047365636275
404.5,494.94013250000046,455.25868250000093,-590.6644587331226,-694.1221155373776
404.55,494.93239250000045,455.2460375000009,-590.3978404362475,-694.0249561525026
404.6,495.02107500000045,455.3298150000009,-589.9701724297474,-694.0123546072525
404.65,495.55173749999994,455.85557250000045,-589.4426727262479,-694.0924994543774
404.7,496.5951850000002,456.8941150000007,-588.9438084407478,-694.1798276726274
404.75,497.87182500000046,458.16585000000094,-588.5444816527478,-694.2033636326274
404.8,498.9029850000007,459.19210500000116,-588.2188273228727,-694.1575420605025
404.85,499.3988650000008,459.68308000000127,-587.9556658701226,-694.1069642631275
404.9,499.4967425000007,459.7760525000012,-587.6970890262479,-694.1193696753775
404.95,499.61814750000076,459.8925525000012,-587.3513065472479,-694.2185639401275
405.0,500.11878750000085,460.38828750000135,-586.9437666898727,-694.3628933115026
405.05,501.0481325000011,461.3127275000016,-586.5208794252477,-694.5318864076277
405.1,502.3083275000014,462.5680175000019,-586.0784278938726,-694.7439061806277
405.15,503.812975,464.06776000000053,-585.600451772873,-695.0170949330025
405.2,505.5562175000004,465.80609750000093,-585.095605430873,-695.3537081942525
405.25,507.52293750000086,467.7679125000014,-584.5968637284979,-695.7212614362526
405.3,509.6138750000013,469.8539450000019,-584.1461991277478,-696.0878830465026
405.35,511.6941100000018,471.92927500000235,-583.7438813114977,-696.4537691580027
405.4,513.7000099999999,473.9302700000005,-583.3473739353731,-696.8515759152524
405.45,515.6995800000003,475.92493500000097,-582.964988135248,-697.2908157687525
405.5,517.7198925000008,477.9403425000014,-582.5974839264978,-697.7466288607526
405.55,519.7234100000013,479.93895500000184,-582.2046785607478,-698.2192113242527
405.6,521.8052075000018,482.01584750000234,-581.7908379307477,-698.7169968782528
405.65,524.0604799999998,484.2662150000003,-581.382096758748,-699.2128456188773
405.7,526.4152450000003,486.6160750000008,-580.9980928613729,-699.6960928142524
405.75,528.7703225000008,488.9662475000014,-580.6486574052478,-700.1756134826276
405.8,531.1337200000014,491.3247400000019,-580.3109163792477,-700.6623175221276
405.85,533.5430950000019,493.72921000000247,-579.9754308827477,-701.1525274390027
405.9,535.9884074999997,496.16961750000024,-579.651811432748,-701.6532795046272
405.95,538.4884075000002,498.6647125000008,-579.3263777524979,-702.1936504362524
406.0,541.1302825000008,501.3016825000014,-578.9944226499979,-702.7578760440025
406.05,544.0141100000014,504.18060500000206,-578.6939223773728,-703.3355857955027
406.1,547.0681325000021,507.22972250000277,-578.4458141323728,-703.9339875785028
406.15,550.1864924999993,510.3431774999999,-578.195940690373,-704.5768625192521
406.2,553.4998925000001,513.6516725000007,-577.942880087123,-705.2444257013773
406.25,557.029660000001,517.1765350000015,-577.816202685748,-705.8369925276274
406.3,560.3050525000017,520.4470225000023,-577.898627578998,-706.3092072417526
406.35,562.8341550000023,522.9712200000029,-578.087822374123,-706.7302312428777
406.4,564.5958550000007,524.7280150000013,-578.2487985338729,-707.1989891128773
406.45,565.882222500001,526.0094775000016,-578.400728058998,-707.7042522375024
406.5,566.8544100000013,526.9767600000018,-578.613949146623,-708.1883329981275
406.55,567.4230000000014,527.5404450000019,-578.858281831373,-708.6970284502527
406.6,567.6089975000015,527.721537500002,-579.077484975498,-709.2889088110028
406.65,567.5833925000015,527.6910275000021,-579.2936235414978,-709.8686534423773
406.7,567.4026550000015,527.505385000002,-579.5476157764979,-710.3105410913774
406.75,566.9917650000014,527.0895900000019,-579.8804044442479,-710.6058438395025
406.8,566.2575650000011,526.3504850000016,-580.318639116123,-710.8304896743776
406.85,565.300027500001,525.3880425000015,-580.7807284641231,-711.0680802872527
406.9,564.4597550000017,524.5428650000023,-581.1824823979977,-711.3099122762525
406.95,563.9176650000015,523.9958700000021,-581.5485646424977,-711.5175435733776
407.0,563.5428300000015,523.616130000002,-581.9178095316228,-711.6873947513776
407.05,563.1557775000014,523.2241725000019,-582.3045838076229,-711.8357203326276
407.1,562.6708250000013,522.7343150000019,-582.727054289623,-711.9974319911277
407.15,562.1364500000018,522.1950350000023,-583.1749975449976,-712.1804976300025
407.2,561.6656400000016,521.7193200000022,-583.6222298182477,-712.3256605666276
407.25,561.2202675000016,521.2690425000021,-584.0603419069978,-712.4137733168776
407.3,560.6778750000014,520.721745000002,-584.5052205842479,-712.4787423731276
407.35,559.9622800000013,520.0012450000019,-584.988394229748,-712.5317718330026
407.4,559.0860600000021,519.1201200000027,-585.5127312886225,-712.5697235685026
407.45,558.1739325000019,518.2030875000024,-586.0469730639976,-712.5594265860026
407.5,557.2403575000017,517.2646075000022,-586.5863633306227,-712.4625368840026
407.55,556.1552775000014,516.1746225000019,-587.0998640412478,-712.3104357425026
407.6,554.882465000001,514.8969050000015,-587.5735742694978,-712.1352889735025
407.65,553.4493025000023,513.4588375000028,-588.0195316782474,-711.9195426735027
407.7,551.9950450000019,511.99967500000247,-588.4120183278725,-711.6759945207527
407.75,550.6962950000017,510.6960200000022,-588.7728294979976,-711.4179080093777
407.8,549.4852025000014,509.4800225000019,-589.1483751597476,-711.1478573850027
407.85,548.1572925000011,508.14720750000157,-589.5285299469977,-710.8616748213776
407.9,546.7484625000023,506.73347250000285,-589.8396949514973,-710.5446748601279
407.95,545.543910000002,505.5240150000026,-590.0500230773724,-710.1927387082528
408.0,544.6861850000018,504.6613850000024,-590.1654473478725,-709.8345998502527
408.05,544.1805400000018,504.15083500000225,-590.1205819241225,-709.5335602118777
408.1,544.0638875000018,504.0292775000022,-589.9108421972475,-709.2872171638776
408.15,544.2736125000016,504.234097500002,-589.6563841463727,-709.0227072967529
408.2,544.5040550000017,504.45963500000204,-589.4257562549976,-708.6861185521278
408.25,544.4381200000017,504.388795000002,-589.2205030704976,-708.3070915296278
408.3,543.9928850000016,503.9386550000019,-589.0529319386225,-707.9474081242527
408.35,543.2670950000014,503.2079600000018,-588.9239009412474,-707.6184195333776
408.4,542.5243125000021,502.4602725000025,-588.7986209874975,-707.3400087398778
408.45,541.964292500002,501.89534750000234,-588.6929298171225,-707.1272779847528
408.5,541.6014700000019,501.5276200000023,-588.6107991233724,-706.9465414252528
408.55,541.3863200000019,501.3075650000022,-588.5293303784974,-706.7875265955028
408.6,541.2145950000019,501.1309350000022,-588.4829449239975,-706.6502334955027
408.65,541.013890000002,500.9253250000024,-588.4532307744975,-706.5212024981278
408.7,540.7141250000019,500.62065500000233,-588.3911546799975,-706.3930050660027
408.75,540.3095650000018,500.21119000000226,-588.2603584856224,-706.2194763942526
408.8,539.8758050000017,499.7725250000022,-588.0802348417474,-705.9847542265026
408.85,539.4097300000016,499.3015450000021,-587.9366900023723,-705.7335568867525
408.9,538.905355000002,498.79226500000254,-587.8399228834974,-705.5156776403777
408.95,538.4007850000019,498.2827900000024,-587.7508049516224,-705.3363385285027
409.0,537.9648475000017,497.84194750000233,-587.6244462663724,-705.1544251710026
409.05,537.6380800000017,497.51027500000225,-587.4716341427473,-704.9881289036275
409.1,537.3771375000016,497.2444275000022,-587.3398817999973,-704.8645651136275
409.15,537.1493975000018,497.0117825000024,-587.2086688229974,-704.7274926632526
409.2,536.9132950000018,496.77077500000235,-587.0672078967474,-704.5742392403776
409.25,536.5999900000016,496.45256500000227,-586.9434724903724,-704.4597956348775
409.3,536.2633400000016,496.1110100000022,-586.8777679353724,-704.3859760770025
409.35,535.9575900000015,495.8003550000021,-586.8594049832474,-704.3200753890025
409.4,535.6563650000018,495.4942250000024,-586.8224829459974,-704.2589309262526
409.45,535.3812425000017,495.21419750000234,-586.7582248718724,-704.2171055640025
409.5,535.1613225000017,494.9893725000023,-586.7054405782474,-704.1801590101275
409.55,534.9783700000016,494.8015150000022,-586.6726128173724,-704.1504938938774
409.6,534.7839225000016,494.6021625000022,-586.6359849796224,-704.1208532942524
409.65,534.5804025000018,494.3937375000024,-586.5852110492475,-704.0740755737525
409.7,534.3801075000017,494.1885375000023,-586.5390217277475,-704.0100381492524
409.75,534.1723675000017,493.97589250000226,-586.4830993061224,-703.9484769038773
409.8,533.9870975000016,493.7857175000022,-586.4234258408724,-703.9262158083774
409.85,533.8506475000015,493.64436250000216,-586.3923877936223,-703.9192776035023
409.9,533.7314900000016,493.5203000000023,-586.3775307188723,-703.8860330600023
409.95,533.5789975000016,493.36290250000224,-586.3728480434974,-703.8472232426274
410.0,533.3496650000016,493.1286650000022,-586.3667924371224,-703.8118212361273
410.05,533.0487275000015,492.8228225000021,-586.3496307996224,-703.7652641652523
410.1,532.7292600000014,492.498450000002,-586.3400938324975,-703.7222374883773
410.15,532.4155150000017,492.1798000000023,-586.3319297963725,-703.6851193181274
410.2,532.0897575000016,491.8491375000022,-586.3212650644975,-703.6381454646273
410.25,531.7096250000016,491.46410000000213,-586.3362447223725,-703.5766332525023
410.3,531.2567525000014,491.00632250000206,-586.3700531482475,-703.5143119917524
410.35,530.7766850000013,490.521350000002,-586.3819927446225,-703.4624593298773
410.4,530.3250950000017,490.0648550000024,-586.3671847031225,-703.4156570927523
410.45,529.8982900000017,489.6331450000023,-586.3663266212475,-703.3884926722524
410.5,529.5001325000015,489.2300825000022,-586.3778249183725,-703.3883455725023
410.55,529.1526175000015,488.87766250000215,-586.3887838497476,-703.4092337370023
410.6,528.8594025000015,488.5795425000021,-586.4117804439976,-703.4523829970024
410.65,528.6231550000017,488.33839000000233,-586.4342621891226,-703.5069079710023
410.7,528.4477375000016,488.1580675000023,-586.4445346549976,-703.5766087358774
410.75,528.3515100000016,488.0569350000023,-586.4533116067475,-703.6742094200024
410.8,528.3433300000015,488.0438500000023,-586.4672370497475,-703.7832103347524
410.85,528.3877450000015,488.0833600000023,-586.4889342628725,-703.8807865022525
410.9,528.4315425000015,488.1222525000023,-586.5283815124974,-703.9617649146275
410.95,528.4654425000015,488.1512475000023,-586.5676326291224,-704.0312695465025
411.0,528.4930525000015,488.1739525000023,-586.6041869169974,-704.0993031808775
411.05,528.5101350000015,488.1861300000023,-586.6509646374974,-704.1761382836276
411.1,528.5250900000015,488.1961800000023,-586.6915396518724,-704.2523359541276
411.15,528.5448350000014,488.2110200000023,-586.7242203129973,-704.3262535785026
411.2,528.5592600000014,488.2205400000023,-586.7683257213723,-704.4100514027526
411.25,528.5593875000013,488.2157625000023,-586.8125782294974,-704.4936285773776
411.3,528.5476050000013,488.1990750000023,-586.8407723482474,-704.5641874241277
411.35,528.5286950000013,488.1752600000023,-586.8719820118723,-704.6215808432527
411.4,528.4866700000014,488.12833000000234,-586.9277573337473,-704.6573505991277
411.45,528.3764175000014,488.0131725000023,-586.9957174182473,-704.6599738780027
411.5,528.1772500000013,487.8091000000023,-587.0522527554973,-704.6467839337527
411.55,527.9056725000013,487.53261750000223,-587.0953039489973,-704.6433516062526
411.6,527.5974050000012,487.21944500000217,-587.1275433108723,-704.6533789058776
411.65,527.2819450000015,486.89908000000247,-587.1551490306223,-704.6655146352526
411.7,526.9603875000015,486.5726175000024,-587.1832941161223,-704.6713741086277
411.75,526.6334800000014,486.24080500000235,-587.2065358766223,-704.6779200475027
411.8,526.3225050000013,485.9249250000023,-587.2193580714973,-704.6911099917527
411.85,526.0374625000013,485.63497750000226,-587.2304886192472,-704.7128807547526
411.9,525.7889625000015,485.3815725000025,-587.2413985173722,-704.7517641220026
411.95,525.6105150000014,485.19822000000244,-587.2415456171223,-704.8123937356276
412.0,525.5147575000015,485.09755750000244,-587.2367158419972,-704.8786866896276
412.05,525.4752800000015,485.05317500000245,-587.2365687422472,-704.9393163032526
412.1,525.4459175000014,485.01890750000246,-587.2417172334972,-704.9979355536276
412.15,525.4178050000014,484.9858900000025,-587.2452721441222,-705.0537108755026
412.2,525.4044850000014,484.96766500000246,-587.2496361033722,-705.1139972563776
412.25,525.4005700000014,484.95884500000244,-587.2617227994972,-705.1803882768776
412.3,525.4135350000014,484.96690500000244,-587.2741527283722,-705.2487896606276
412.35,525.4466825000014,484.9951475000025,-587.2815812657471,-705.3234427837526
412.4,525.4992525000014,485.0428125000024,-587.2864600741221,-705.4036611807526
412.45,525.5946500000014,485.13330500000245,-587.2877839718722,-705.4932939617526
412.5,525.7552350000014,485.28898500000247,-587.2810909332471,-705.6012406616276
412.55,525.9957150000015,485.5245600000025,-587.2658415924972,-705.7238483032526
412.6,526.3222675000015,485.8462075000026,-587.2535342467471,-705.8525851011276
412.65,526.7022950000012,486.22133000000224,-587.2511561341221,-705.9714662157525
412.7,527.0773825000012,486.59151250000235,-587.2640518788721,-706.0711262963774
412.75,527.4142475000014,486.92347250000245,-587.2907995167471,-706.1577190158774
412.8,527.6980300000014,487.2023500000025,-587.3230633952471,-706.2348728347524
412.85,527.9209550000014,487.42037000000255,-587.3594215501221,-706.3082265767524
412.9,528.1000375000012,487.59454750000236,-587.390435080747,-706.3915585851273
412.95,528.2756300000012,487.7652350000024,-587.406885736122,-706.4992846353773
413.0,528.5146750000013,487.99937500000243,-587.4054392552471,-706.6301298630024
413.05,528.8560025000013,488.3357975000025,-587.3866595204971,-706.7759057152524
413.1,529.3126375000014,488.7875275000026,-587.3518949462471,-706.9390883712524
413.15,529.9076175000009,489.37760250000207,-587.3034500952471,-707.1101163472523
413.2,530.6356050000011,490.1006850000022,-587.254220712247,-707.2780797451273
413.25,531.4404975000012,490.9006725000024,-587.219603237747,-707.4384184726274
413.3,532.2727825000014,491.72805250000255,-587.1938117482471,-707.5849543402525
413.35,533.1237400000016,492.57410500000276,-587.1699080388721,-707.7219777573775
413.4,533.9760450000008,493.421505000002,-587.1534328668721,-707.8575546936274
413.45,534.811825000001,494.2523800000022,-587.1435771836221,-707.9974465558774
413.5,535.6351850000012,495.0708350000024,-587.1346040988722,-708.1428301421274
413.55,536.4501850000014,495.88093000000254,-587.1235961342471,-708.2852717333775
413.6,537.2617650000016,496.68760500000275,-587.1078809776221,-708.4172692423775
413.65,538.0736775000008,497.494612500002,-587.0897877083721,-708.5472318715024
413.7,538.887525000001,498.3035550000022,-587.0783139278722,-708.6863146851274
413.75,539.7067625000012,499.1178875000024,-587.0720621884972,-708.8298840411275
413.8,540.5342025000014,499.94042250000257,-587.0619858556222,-708.9723256323775
413.85,541.3671525000016,500.76846750000277,-587.0501443257472,-709.1083929011276
413.9,542.1949475000008,501.591357500002,-587.0399208931221,-709.2345799700024
413.95,543.019792500001,502.4112975000022,-587.0311929746222,-709.3663568293774
414.0,543.8555925000012,503.2421925000024,-587.0257257672472,-709.5114952493775
414.05,544.7026425000014,504.08433750000256,-587.0180520636222,-709.6568543190025
414.1,545.5448500000016,504.92164000000275,-587.0046169531222,-709.7879447128776
414.15,546.3763350000008,505.748220000002,-586.9878720982472,-709.9102336383775
414.2,547.209322500001,506.57630250000216,-586.9772809162472,-710.0449279761275
414.25,548.0589300000012,507.42100500000237,-586.9794138626222,-710.1926896750025
414.3,548.9209225000013,508.2780925000026,-586.9794138626222,-710.3308653735025
414.35,549.7664500000016,509.11871500000274,-586.9717891922472,-710.4487413065026
414.4,550.5831300000008,509.930490000002,-586.9695826959972,-710.5679166206274
414.45,551.399245000001,510.7417000000022,-586.9724511411223,-710.7056019866275
414.5,552.2243250000012,511.5618750000024,-586.9709065937473,-710.8381878946275
414.55,553.0540925000014,512.3867375000026,-586.9620806087472,-710.9575593417525
414.6,553.8909300000016,513.2186700000028,-586.9524946083723,-711.0810005486275
414.65,554.7151975000008,514.038032500002,-586.9596289462472,-711.2046133718774
414.7,555.493020000001,514.8109500000022,-586.9894901954972,-711.3146930181274
414.75,556.1975825000012,515.5106075000024,-587.0271232148722,-711.4156034466274
414.8,556.8340575000013,516.1421775000025,-587.0592399936222,-711.5133757471274
414.85,557.4182850000014,516.7215000000026,-587.0947645832472,-711.6082305692524
414.9,557.946857500001,517.2451675000021,-587.1465682118721,-711.6970543016273
414.95,558.409952500001,517.7033575000022,-587.2047216463721,-711.7778610976274
415.0,558.7985850000011,518.0870850000023,-587.2531419807472,-711.8581530445024
415.05,559.1086325000012,518.3922275000024,-587.2932511792471,-711.9392050067524
415.1,559.3709800000013,518.6496700000024,-587.3384108024972,-712.0269745242524
415.15,559.6167175000011,518.8905025000022,-587.3842078579971,-712.1229080778774
415.2,559.8533350000012,519.1222150000023,-587.4193892148721,-712.2214158771274
415.25,560.0958200000013,519.3597950000024,-587.4447884383721,-712.3327949045024
415.3,560.3739200000014,519.6329900000025,-587.4598416461222,-712.4583935743774
415.35,560.6970075000014,519.9511725000025,-587.4733012732472,-712.5833793286274
415.4,561.0467600000011,520.2960200000022,-587.4882564144972,-712.7015004278774
415.45,561.4245725000012,520.6689275000023,-587.4947778367472,-712.8262900491274
415.5,561.8596025000013,521.0990525000024,-587.4976707984972,-712.9640979982523
415.55,562.3640950000014,521.5986400000024,-587.5116697913722,-713.1079615537524
415.6,562.9100025000015,522.1396425000025,-587.5419723398722,-713.2436855897524
415.65,563.451545000001,522.6762800000021,-587.5851215998722,-713.3595266428773
415.7,563.9784775000012,523.1983075000022,-587.6290799084973,-713.4677430256273
415.75,564.5137125000014,523.7286375000024,-587.6589411577472,-713.5800291681273
415.8,565.0488025000014,524.2588225000025,-587.6820603351222,-713.6940314743773
415.85,565.5674750000015,524.7725900000025,-587.7116028682472,-713.8104118932523
415.9,566.0668800000011,525.2670900000021,-587.7471029412471,-713.9269639285022
415.95,566.5546250000012,525.7499300000022,-587.7771603234971,-714.0386371553773
416.0,567.0406025000013,526.2310025000023,-587.8019711479972,-714.1576163365023
416.05,567.5184850000014,526.7039800000024,-587.8321265967471,-714.2775761826273
416.1,567.9911425000015,527.1717325000025,-587.8584084187471,-714.3809873068773
416.15,568.456972500001,527.6326575000021,-587.8830721434971,-714.4779260421271
416.2,568.9015900000011,528.0723700000023,-587.9177876844971,-714.5813861996271
416.25,569.3116275000011,528.4775025000023,-587.9640505558721,-714.6839882752521
416.3,569.6663925000012,528.8273625000023,-588.018477463372,-714.7792353633771
416.35,569.9709100000013,529.1269750000024,-588.0717766061221,-714.8692849270021
416.4,570.237630000001,529.3887900000021,-588.122427953372,-714.955902163127
416.45,570.471635000001,529.6178900000021,-588.1694263234971,-715.046638192252
416.5,570.688642500001,529.8299925000022,-588.2119626678721,-715.143601444127
416.55,570.904125000001,530.0405700000022,-588.2486150222471,-715.243016358502
416.6,571.1250225000011,530.2565625000022,-588.2814427831221,-715.346108766627
416.65,571.3503200000009,530.476955000002,-588.311916947997,-715.4551341980019
416.7,571.597957500001,530.7196875000021,-588.340111066747,-715.573475946877
416.75,571.8883450000011,531.0051700000022,-588.366687088247,-715.697432002877
416.8,572.2325400000012,531.3444600000023,-588.382647411122,-715.8201377110021
416.85,572.6194050000013,531.7264200000023,-588.403118792997,-715.9380626772521
416.9,573.017945000001,532.120055000002,-588.434818789122,-716.046180993502
416.95,573.4064375000011,532.5036425000021,-588.476006719122,-716.1474836880021
417.0,573.7732350000011,532.8655350000022,-588.521681191497,-716.2427552927521
417.05,574.1135950000012,533.2009900000022,-588.559216144372,-716.3324616236272
417.1,574.4157575000013,533.4982475000023,-588.6031744529971,-716.4217021386272
417.15,574.683980000001,533.7615650000021,-588.6565961788721,-716.5141788481271
417.2,574.9316025000011,534.0042825000021,-588.7134257156221,-716.6083226881271
417.25,575.1426225000012,534.2103975000022,-588.7725598151221,-716.6931747272522
417.3,575.3010500000012,534.3639200000022,-588.8344397766222,-716.7694949808772
417.35,575.4156475000012,534.4736125000022,-588.8942603416222,-716.8429713060023
417.4,575.4951450000011,534.5482050000021,-588.9516292441222,-716.9133340197521
417.45,575.5393125000011,534.5874675000022,-589.0114252924972,-716.9862954957522
417.5,575.5529200000011,534.5961700000022,-589.0745556018721,-717.0655822610022
417.55,575.5446425000011,534.5829875000022,-589.1421479369972,-717.1507039830022
417.6,575.5178400000011,534.5512800000022,-589.2088331569972,-717.2379586513773
417.65,575.4693375000012,534.4978725000022,-589.2700756862472,-717.3200157952523
417.7,575.4028125000011,534.4264425000023,-589.3313182154972,-717.4006754915023
417.75,575.3334825000011,534.3522075000022,-589.4015828627472,-717.4923921856273
417.8,575.2645525000011,534.2783725000022,-589.4705971621222,-717.5888651050024
417.85,575.191060000001,534.1999750000022,-589.5404695433722,-717.6802385663774
417.9,575.114550000001,534.1185600000023,-589.630372007247,-717.7782069998773
417.95,575.036565000001,534.0356700000023,-589.7307430699971,-717.8929202882523
418.0,574.962185000001,533.9563850000022,-589.8393517187471,-718.0197693060023
418.05,574.893727500001,533.8830225000022,-589.9566882859972,-718.1553952755023
418.1,574.813792500001,533.7981825000022,-590.0873864138722,-718.3085015986273
418.15,574.727237500001,533.7067225000023,-590.2432140823721,-718.4889684752521
418.2,574.657132500001,533.6317125000023,-590.4008559811222,-718.6732109121272
418.25,574.595062500001,533.5647375000023,-590.5470976492472,-718.8342361051272
418.3,574.532485000001,533.4972550000023,-590.6901276394973,-718.9850868987522
418.35,574.4650050000009,533.4248700000022,-590.8359770416223,-719.1422874982522
418.4,574.391982500001,533.3469425000023,-590.9824148427472,-719.293751207502
418.45,574.3318375000009,533.2818925000023,-591.1272345466222,-719.433152737252
418.5,574.2660850000009,533.2112350000023,-591.2754620613722,-719.568239341002
418.55,574.1435425000009,533.0837875000022,-591.4131229107472,-719.681359048752
418.6,573.9859525000008,532.9212925000022,-591.5246735544972,-719.783176592377
418.65,573.826040000001,532.7564750000024,-591.6544645672471,-719.9116682240019
418.7,573.6552800000009,532.5808100000023,-591.8136019801221,-720.0507265210019
418.75,573.4761500000009,532.3967750000023,-591.9591326661222,-720.180468500502
418.8,573.2909200000008,532.2066400000023,-592.0980928966222,-720.3137163573771
418.85,573.1078075000008,532.0186225000023,-592.2355576129972,-720.4537308027521
418.9,572.914342500001,531.8202525000024,-592.3631911627472,-720.5851644293771
418.95,572.695400000001,531.5964050000024,-592.4893782316223,-720.7043642601271
419.0,572.474297500001,531.3703975000024,-592.6178698632473,-720.8229266586271
419.05,572.2541725000009,531.1453675000023,-592.7565113776224,-720.9380322130022
419.1,572.0095100000009,530.8958000000023,-592.9205521154973,-721.0434782171272
419.15,571.7360975000012,530.6174825000026,-593.0961647003721,-721.1487280882521
419.2,571.4417150000011,530.3181950000024,-593.2538556323722,-721.2661382053772
419.25,571.130662500001,530.0022375000024,-593.3846518267472,-721.3771494833771
419.3,570.8122750000009,529.6789450000023,-593.5017922609973,-721.4721268886271
419.35,570.4972225000008,529.3589875000022,-593.6249637849972,-721.5723753682522
419.4,570.1780500000011,529.0349100000025,-593.7642182149971,-721.6774045897521
419.45,569.8399400000011,528.6918950000024,-593.9110482821221,-721.7780208187521
419.5,569.477995000001,528.3250450000023,-594.0604771114971,-721.8782692983772
419.55,569.0905050000009,527.9326500000022,-594.2163047799971,-721.9758944991272
419.6,568.6766975000008,527.5139375000022,-594.3695091696221,-722.0637865997522
419.65,568.2345675000013,527.0669025000026,-594.515946970747,-722.1411855848771
419.7,567.7732675000012,526.6006975000025,-594.652823288122,-722.2124308971271
419.75,567.3099375000011,526.1324625000025,-594.758097675872,-722.2674952368772
419.8,566.8425350000009,525.6601550000024,-594.821473151497,-722.2931886598772
419.85,566.3691650000007,525.1818800000024,-594.851775699997,-722.2984842508772
419.9,565.9118800000011,524.7196900000027,-594.8494711372471,-722.2960816216272
419.95,565.4983600000011,524.3012650000027,-594.824120946997,-722.2941202916272
420.0,565.132700000001,523.9307000000026,-594.792126751372,-722.2935073760023
420.05,564.8061850000009,523.5992800000025,-594.744515465622,-722.2944880410023
420.1,564.5123075000008,523.3004975000025,-594.684572317497,-722.2949538568773
420.15,564.244955000001,523.0282400000027,-594.6315673742471,-722.2895111661273
420.2,563.999400000001,522.7777800000026,-594.5736836226221,-722.2818374625024
420.25,563.7864500000009,522.5599250000025,-594.502830576372,-722.2796309662524
420.3,563.6222000000008,522.3907700000025,-594.4169978722471,-722.2934338261274
420.35,563.5437050000008,522.3073700000025,-594.306427893497,-722.3297919810024
420.4,563.5953100000008,522.3540700000025,-594.1841144513721,-722.3784329650023
420.45,563.7680125000009,522.5218675000025,-594.0685921143721,-722.4288391460022
420.5,564.0196775000009,522.7686275000026,-593.9768509036221,-722.4768426977522
420.55,564.3172600000009,523.0613050000027,-593.9008738827471,-722.5185209602522
420.6,564.640015000001,523.3791550000027,-593.823033598372,-722.5472544447522
420.65,564.9648500000006,523.6990850000024,-593.748306925372,-722.5667941948772
420.7,565.2798100000007,524.0091400000024,-593.677748078622,-722.5890798070021
420.75,565.5826750000008,524.3071000000025,-593.609837027372,-722.6061433780021
420.8,565.8763025000009,524.5958225000026,-593.542563408372,-722.6121989843771
420.85,566.1576400000009,524.8722550000026,-593.4761478712469,-722.6207552865021
420.9,566.4124000000007,525.1221100000024,-593.4187299354969,-722.6411776351271
420.95,566.6459600000007,525.3507650000024,-593.3757768084969,-722.667802689877
421.0,566.8704250000008,525.5703250000024,-593.3352263107469,-722.6923438315021
421.05,567.0790375000008,525.7740325000025,-593.2800148712469,-722.707813821877
421.1,567.2696975000009,525.9597875000026,-593.2064159629969,-722.704798277002
421.15,567.4457375000007,526.1309225000024,-593.1227162052469,-722.6867785576271
421.2,567.6004750000008,526.2807550000024,-593.0327892247469,-722.6645419787521
421.25,567.7287350000008,526.4041100000024,-592.9319523461219,-722.6325232665022
421.3,567.8324575000008,526.5029275000024,-592.8297180198718,-722.5910166203772
421.35,567.9027700000008,526.5683350000024,-592.7351328806218,-722.5502945062522
421.4,567.9392250000008,526.5998850000024,-592.6739393846218,-722.5438956671271
421.45,567.9637900000008,526.6195450000024,-592.6894829248718,-722.6066337105021
421.5,567.9820725000009,526.6329225000025,-592.7654599457468,-722.7181353210021
421.55,567.9869800000008,526.6329250000025,-592.8511455501218,-722.8419442772522
421.6,567.9828250000008,526.6238650000025,-592.9260928727468,-722.9617570236272
421.65,567.9800900000008,526.6162250000025,-592.9901057806218,-723.0703901890022
421.7,567.9833925000008,526.6146225000025,-593.0494850463718,-723.1709083515022
421.75,567.9908725000008,526.6171975000025,-593.1145521691219,-723.2761827392522
421.8,567.9992375000008,526.6206575000025,-593.1900388574969,-723.3889592142523
421.85,568.0026750000009,526.6191900000025,-593.2686146406219,-723.5027408708773
421.9,568.0006475000008,526.6122575000026,-593.3396147866218,-723.6129921335023
421.95,568.0015500000009,526.6082550000026,-593.4025489629969,-723.7177761887523
422.0,568.0122650000009,526.6140650000026,-593.4679348018719,-723.8237860752523
422.05,568.0252325000009,526.6221275000026,-593.539621413372,-723.9338657215023
422.1,568.029997500001,526.6219875000027,-593.612264173247,-724.0431608357524
422.15,568.0295350000009,526.6166200000026,-593.681131372872,-724.1507397862523
422.2,568.031010000001,526.6131900000026,-593.744090065872,-724.2573135551273
422.25,568.0368075000009,526.6140825000026,-593.809010088872,-724.3636666743773
422.3,568.0447275000009,526.6170975000026,-593.8789805366221,-724.4704365762524
422.35,568.0530050000009,526.6204700000026,-593.9482645188721,-724.5777703605024
422.4,568.0609850000009,526.6235450000025,-594.018602715997,-724.6867222420024
422.45,568.0649050000009,526.6225600000025,-594.091613225247,-724.7965567220024
422.5,568.0649200000008,526.6176700000025,-594.161681739497,-724.9045279385024
422.55,568.0682025000008,526.6160475000024,-594.226626279122,-725.0104887917524
422.6,568.0789850000008,526.6219250000024,-594.290590153747,-725.1171115938774
422.65,568.0908950000007,526.6289300000025,-594.3585992714969,-725.2261615418773
422.7,568.0959550000007,526.6290850000024,-594.429378767872,-725.3352605231273
422.75,568.0966375000007,526.6248625000025,-594.497118202747,-725.4415155758774
422.8,568.1007875000007,526.6241075000024,-594.5639750391219,-725.5471822296274
422.85,568.1091325000007,526.6275475000024,-594.632155773247,-725.6547366635025
422.9,568.1164600000006,526.6299700000023,-594.7006552234969,-725.7632717623774
422.95,568.1204625000006,526.6290675000023,-594.7697185561219,-725.8716597615024
423.0,568.1228850000006,526.6265850000023,-594.8368695919969,-725.9788709626274
423.05,568.1266150000006,526.6254100000023,-594.9058838913719,-726.0863273300024
423.1,568.1314775000005,526.6253675000023,-594.976393704872,-726.1952301782525
423.15,568.1358400000005,526.6248250000023,-595.0440350732468,-726.3038633436274
423.2,568.1400975000005,526.6241775000022,-595.1110880426219,-726.4115648772524
423.25,568.1458150000004,526.6249900000023,-595.1787048943719,-726.5192418942524
423.3,568.1522100000004,526.6264800000023,-595.2475230607469,-726.6274337603775
423.35,568.1576225000005,526.6269875000023,-595.3184006236219,-726.7364346751275
423.4,568.1612875000004,526.6257475000023,-595.3892536698718,-726.8462446385024
423.45,568.1641025000005,526.6236575000023,-595.4568705216218,-726.9551965200025
423.5,568.1696775000005,526.6243275000023,-595.5226486264968,-727.0625057876275
423.55,568.1769450000005,526.6266900000023,-595.5898732122469,-727.1700847381276
423.6,568.1816525000005,526.6264925000023,-595.6594023607469,-727.2786688702525
423.65,568.1852900000005,526.6252250000023,-595.7269701792468,-727.3866155701274
423.7,568.1910425000004,526.6260725000022,-595.7929689337468,-727.4938758045025
423.75,568.1987725000005,526.6288975000023,-595.8600954529968,-727.6011115222525
423.8,568.2057900000004,526.6310100000022,-595.9294284684968,-727.7094750047526
423.85,568.2105825000004,526.6308975000022,-595.9998156988718,-727.8190398018776
423.9,568.2159125000004,526.6313225000022,-596.0666235019967,-727.9279916833775
423.95,568.2227850000004,526.6332900000021,-596.1330635557467,-728.0367474318775
424.0,568.2291750000004,526.6347750000022,-596.2009991236217,-728.1451109143776
424.05,568.2337025000004,526.6343975000021,-596.2694740572467,-728.2528614812526
424.1,568.2371700000004,526.6329600000022,-596.3382431903717,-728.3605139816276
424.15,568.2415950000004,526.6324800000021,-596.4054432594967,-728.4681419653775
424.2,568.2467675000004,526.6327475000021,-596.4755117737467,-728.5767015808775
424.25,568.2500775000004,526.6311525000021,-596.5456293212467,-728.6853837795026
424.3,568.2515900000004,526.6277600000021,-596.6149378201217,-728.7921046481276
424.35,568.2564450000004,526.6277100000021,-596.6812062574967,-728.8978693683777
424.4,568.2654875000004,526.6318475000021,-596.7468617792466,-729.0040508712525
424.45,568.2725175000004,526.6339725000021,-596.8222013678717,-729.1134195353775
424.5,568.2752925000004,526.6318425000021,-596.8904066186217,-729.2236707980026
424.55,568.2782975000005,526.6299425000021,-596.9555472912467,-729.3314703981276
424.6,568.2832350000004,526.6299750000021,-597.0227718769968,-729.4390003153777
424.65,568.2886950000004,526.6305300000021,-597.0893835471218,-729.5444463195026
424.7,568.2948375000004,526.6317675000021,-597.1625166394967,-729.6511181548776
424.75,568.3017625000005,526.6337875000021,-597.2309915731217,-729.7598493867526
424.8,568.3088725000005,526.6359925000021,-597.2988781077468,-729.8677960866277
424.85,568.3150700000004,526.6372850000021,-597.3671078751217,-729.9758898862527
424.9,568.3201950000005,526.6375050000021,-597.4378138216217,-730.0839101360026
424.95,568.3255000000005,526.6379050000021,-597.5089365507467,-730.1928620175026
425.0,568.3306050000004,526.638105000002,-597.5754991876217,-730.3020590652527
425.05,568.3345300000004,526.637125000002,-597.6436308884968,-730.4108883636277
425.1,568.3390175000004,526.636707500002,-597.7124000216218,-730.5190557131277
425.15,568.3452725000004,526.638057500002,-597.7816594872467,-730.6267327301276
425.2,568.3515850000005,526.639465000002,-597.8520957508716,-730.7351452458777
425.25,568.3558925000004,526.638867500002,-597.9219926487466,-730.8443422936277
425.3,568.3577500000005,526.635820000002,-597.9909333982466,-730.9523380267527
425.35,568.3586075000005,526.6317725000021,-598.0580599174966,-731.0583233966278
425.4,568.3600925000005,526.628352500002,-598.1250883702465,-731.1653139481276
425.45,568.3638400000006,526.6271950000021,-598.1934652373716,-731.2738245303776
425.5,568.3694925000005,526.6279425000021,-598.2611066057466,-731.3821880128777
425.55,568.3742300000006,526.6277750000021,-598.3285028078716,-731.4897914800027
425.6,568.3773725000005,526.626012500002,-598.3965364422467,-731.5972968806277
425.65,568.3811425000006,526.6248775000021,-598.4647662096216,-731.7045571150026
425.7,568.3854150000005,526.624245000002,-598.5314269129966,-731.8110818506276
425.75,568.3885850000005,526.622510000002,-598.5991173146216,-731.9172633535027
425.8,568.3925775000005,526.6215975000019,-598.6667341663716,-732.0240822886277
425.85,568.3978675000004,526.621982500002,-598.7354787828716,-732.1331567532527
425.9,568.4017750000004,526.620985000002,-598.8053021308715,-732.2428931667527
425.95,568.4041050000004,526.618410000002,-598.8745125632465,-732.3510114830027
426.0,568.4082625000004,526.617662500002,-598.9446301107465,-732.4583697838777
426.05,568.4151000000004,526.6195950000019,-599.0156547733716,-732.5665616500028
426.1,568.4205300000004,526.620120000002,-599.0869491188716,-732.6758812808778
426.15,568.4232100000004,526.617895000002,-599.1574344157466,-732.7857157608777
426.2,568.4257950000003,526.615575000002,-599.2257132163716,-732.8946186091277
426.25,568.4293925000003,526.6142675000019,-599.2940165336216,-733.0025653090028
426.3,568.4329425000003,526.6129125000019,-599.3646244136216,-733.1109533081278
426.35,568.4352675000004,526.610332500002,-599.4330748306216,-733.2187283916278
426.4,568.4371975000004,526.607357500002,-599.4997110173716,-733.3256944265027
426.45,568.4401575000004,526.605412500002,-599.5670336696217,-733.4328320777527
426.5,568.4433825000004,526.603732500002,-599.6362931352467,-733.5412445935027
426.55,568.4470650000004,526.602510000002,-599.7028557721217,-733.6494119430027
426.6,568.4516450000004,526.602185000002,-599.7696145419967,-733.7563289446277
426.65,568.4558950000004,526.601530000002,-599.8371823604966,-733.8633440127527
426.7,568.4604300000004,526.601160000002,-599.9045540459966,-733.9702364977527
426.75,568.4665475000004,526.6023725000019,-599.9737644783717,-734.0775702820027
426.8,568.4728375000004,526.603757500002,-600.0432936268717,-734.1855905317527
426.85,568.4774675000004,526.603482500002,-600.1122588929967,-734.2930468991277
426.9,568.4805725000004,526.601682500002,-600.1776202152466,-734.3997187345026
426.95,568.4845575000005,526.600762500002,-600.2439622024966,-734.5061944368776
427.0,568.4898975000006,526.6011975000021,-600.3102551564966,-734.6125965893776
427.05,568.4937425000005,526.600137500002,-600.3769648931217,-734.7202736063776
427.1,568.4956950000005,526.597185000002,-600.4425713816217,-734.8276809405027
427.15,568.4977100000006,526.594295000002,-600.5076875376217,-734.9341076096275
427.2,568.5011850000005,526.592865000002,-600.5754024558717,-735.0407304117525
427.25,568.5061875000006,526.592962500002,-600.6407392614967,-735.1478435463775
427.3,568.5113625000006,526.593232500002,-600.7045315197468,-735.2555695966275
427.35,568.5160700000006,526.593035000002,-600.7691573432468,-735.3627317645025
427.4,568.5197725000006,526.591832500002,-600.8363328957468,-735.4697713492525
427.45,568.5221750000006,526.5893300000021,-600.9050039623718,-735.5771296501275
427.5,568.5254975000006,526.587747500002,-600.9718362821218,-735.6843898845026
427.55,568.5315825000006,526.588927500002,-601.0397228167468,-735.7920178682526
427.6,568.5391550000006,526.591595000002,-601.1080506506219,-735.8995477855027
427.65,568.5446200000006,526.592155000002,-601.1769178502468,-736.0069060863776
427.7,568.5473700000006,526.590000000002,-601.2465940984969,-736.1143869703776
427.75,568.5500175000005,526.5877425000019,-601.3147993492469,-736.2220149541276
427.8,568.5535950000005,526.5864150000019,-601.3839607483719,-736.3310403855027
427.85,568.5568250000006,526.584740000002,-601.4540292626219,-736.4408013156277
427.9,568.5594025000006,526.582412500002,-601.5218177307469,-736.5491402815026
427.95,568.5627325000006,526.580837500002,-601.5900474981219,-736.6558611501276
428.0,568.5665200000007,526.579720000002,-601.6592824471219,-736.7626555686277
428.05,568.5696625000006,526.577957500002,-601.7268992988719,-736.8704796853777
428.1,568.5726050000006,526.575995000002,-601.7958645649969,-736.9784263852528
428.15,568.5771550000006,526.575640000002,-601.8642659487468,-737.0860543690027
428.2,568.5828225000006,526.5764025000019,-601.9325692659969,-737.1942952683777
428.25,568.5874775000005,526.5761525000019,-602.0029564963719,-737.3032226332527
428.3,568.5912450000005,526.5750150000018,-602.0712107803719,-737.4121499981278
428.35,568.5960875000005,526.5749525000018,-602.1390237651219,-737.5205379972529
428.4,568.6028900000006,526.5768500000019,-602.2075967652469,-737.6286072802527
428.45,568.6096475000006,526.5787025000019,-602.2755323331219,-737.7376572282527
428.5,568.6149175000006,526.5790675000019,-602.3435904841219,-737.8467316928777
428.55,568.6212875000006,526.5805325000019,-602.410398287247,-737.9545067763777
428.6,568.6297100000006,526.584050000002,-602.479044837247,-738.0628457422528
428.65,568.6379225000006,526.587357500002,-602.5479120368719,-738.1712092247527
428.7,568.6449825000007,526.589512500002,-602.6158476047469,-738.2794256075027
428.75,568.6507250000006,526.590350000002,-602.685033520497,-738.3877400567527
428.8,568.6560100000006,526.5907300000019,-602.7527729553719,-738.4954906236277
428.85,568.6608825000006,526.590697500002,-602.8207085232469,-738.6032166738777
428.9,568.6641725000006,526.589082500002,-602.8884479581219,-738.7111143405026
428.95,568.6674750000006,526.587480000002,-602.9563344927469,-738.8190365237526
429.0,568.6733550000007,526.588455000002,-603.0251526591219,-738.9281600216276
429.05,568.6791025000007,526.589297500002,-603.0957605391219,-739.0378719185027
429.1,568.6813050000006,526.5865950000019,-603.1701930126219,-739.1480251146277
429.15,568.6832900000006,526.5836750000019,-603.2394279616218,-739.2571731291275
429.2,568.6869150000007,526.582395000002,-603.3083196778719,-739.3642127138776
429.25,568.6901125000007,526.580687500002,-603.3806192049968,-739.4711297155026
429.3,568.6929425000008,526.578612500002,-603.4519380671219,-739.5786841493776
429.35,568.6953925000007,526.576157500002,-603.5221046478719,-739.6870721485027
429.4,568.6964425000007,526.5723025000019,-603.5907757144968,-739.7943078662526
429.45,568.6962350000007,526.5671900000019,-603.6592751647468,-739.9016416505026
429.5,568.6965750000007,526.562625000002,-603.7249797197468,-740.0082399360026
429.55,568.6985525000007,526.5596975000019,-603.7939940191218,-740.1158924363776
429.6,568.7007250000007,526.5569650000019,-603.8607282723718,-740.2224907218776
429.65,568.7027475000007,526.554082500002,-603.9262612109968,-740.3269805776275
429.7,568.7042500000007,526.550680000002,-603.9946380781219,-740.4351969603775
429.75,568.7043575000007,526.545882500002,-604.0609065154969,-740.5432662433776
429.8,568.7050850000007,526.541705000002,-604.1293814491219,-740.6510168102526
429.85,568.7077675000007,526.539482500002,-604.1971699172469,-740.7582770446277
429.9,568.7110550000007,526.5378650000021,-604.2654487178719,-740.8650224298776
429.95,568.7132975000006,526.535202500002,-604.333776551747,-740.9729200965027
430.0,568.7143325000006,526.531332500002,-604.403771516122,-741.0810874460027
430.05,568.7146325000007,526.526727500002,-604.475482644247,-741.1912406421277
430.1,568.7152775000006,526.522467500002,-604.5429769128721,-741.2998002576277
430.15,568.7171900000006,526.519475000002,-604.611329263372,-741.4077714741276
430.2,568.7195850000006,526.516965000002,-604.676764135497,-741.5156691407526
430.25,568.7213800000006,526.513855000002,-604.742542240372,-741.6224145260027
430.3,568.7226350000007,526.510205000002,-604.809717792872,-741.7302141261277
430.35,568.7239275000006,526.506592500002,-604.877702393997,-741.8382098592527
430.4,568.7244725000006,526.5022325000019,-604.9448043966219,-741.9453965437526
430.45,568.7247300000006,526.4975850000019,-605.0094547367469,-742.0508425478777
430.5,568.7260600000006,526.4940100000019,-605.0756986574969,-742.1572447003776
430.55,568.7273150000007,526.4903600000019,-605.1409128799969,-742.2633771700026
430.6,568.7276975000007,526.4858375000019,-605.2085787649969,-742.3692154401276
430.65,568.7283425000006,526.4815775000019,-605.2780343636218,-742.4766472908775
430.7,568.7287175000006,526.4770475000018,-605.3461905811218,-742.5841281748775
430.75,568.7285350000005,526.4719600000019,-605.4151558472469,-742.6917561586275
430.8,568.7283225000006,526.4668425000019,-605.4847585456218,-742.7995557587526
430.85,568.7279075000006,526.4615225000019,-605.5532334792468,-742.9079682745027
430.9,568.7279200000006,526.456630000002,-605.6223213284968,-743.0168220895025
430.95,568.7291775000006,526.4529825000019,-605.6903549628719,-743.1252346052526
431.0,568.7303725000006,526.4492725000019,-605.7583395639969,-743.2327154892525
431.05,568.7301275000007,526.444122500002,-605.8264957814969,-743.3394608745026
431.1,568.7305975000006,526.4396875000019,-605.8925190526219,-743.4459610935027
431.15,568.7324575000006,526.4366425000019,-605.9570713262468,-743.5514806475026
431.2,568.7344500000006,526.4337300000019,-606.0196622698718,-743.6558724367526
431.25,568.7355725000006,526.4299475000018,-606.0840184104968,-743.7605339088776
431.3,568.7340900000006,526.4235600000019,-606.1488158503719,-743.8656857135027
431.35,568.7307650000006,526.4153300000019,-606.2137849066219,-743.9715730168776
431.4,568.7266675000006,526.4063275000019,-606.2797836611218,-744.0774848368776
431.45,568.7201425000006,526.3948975000019,-606.3458559654968,-744.1839115060026
431.5,568.7123850000006,526.3822350000019,-606.4123450524968,-744.2905588247526
431.55,568.7060950000006,526.3710400000018,-606.4780986407468,-744.3965441946276
431.6,568.7012725000005,526.3613125000018,-606.5453477431219,-744.5027502141277
431.65,568.6969000000005,526.3520350000018,-606.6122290961218,-744.6093239830026
431.7,568.6915525000005,526.3417825000018,-606.6796007816218,-744.7156035523776
431.75,568.6853750000005,526.3307000000018,-606.7471195668719,-744.8228147535026
431.8,568.6791625000005,526.3195825000018,-606.814662868747,-744.9319137347526
431.85,568.6726075000005,526.3081225000018,-606.882745536372,-745.0420669308776
431.9,568.6663750000005,526.2969850000018,-606.951833385622,-745.1523672267525
431.95,568.6608575000005,526.2865625000018,-607.022073516247,-745.2630597886275
432.0,568.6549425000005,526.2757425000018,-607.093294311872,-745.3745368825025
432.05,568.6491875000005,526.2650825000018,-607.166108688122,-745.4871172245025
432.1,568.6451000000005,526.2560900000018,-607.237917882747,-745.5995014335025
432.15,568.6420225000005,526.2481075000018,-607.3089180287469,-745.7114443432524
432.2,568.6385500000005,526.2397300000017,-607.3805801236219,-745.8240737185024
432.25,568.6350575000005,526.2313325000017,-607.453051267122,-745.9370708431275
432.3,568.6332225000004,526.2245925000017,-607.525792093497,-746.0504847503774
432.35,568.6327300000005,526.2191950000017,-607.597552254872,-746.1632121921275
432.4,568.6325725000005,526.2141325000017,-607.6699253318719,-746.2760622170024
432.45,568.6328325000005,526.2094875000017,-607.7427397081219,-746.3891819247524
432.5,568.6333625000005,526.2051125000017,-607.8157502173719,-746.5030861645024
432.55,568.6344025000005,526.2012475000017,-607.889300092372,-746.6165491050024
432.6,568.6366625000005,526.1986025000017,-607.960643471122,-746.7279036157524
432.65,568.6400325000005,526.1970675000017,-608.031398450872,-746.8388168272523
432.7,568.6451575000006,526.1972875000017,-608.101099215747,-746.9494603558774
432.75,568.6520000000005,526.1992250000018,-608.169745765747,-747.0587064368774
432.8,568.6598475000005,526.2021675000018,-608.2381471494971,-747.1661873208774
432.85,568.6674125000005,526.2048275000018,-608.3057640012471,-747.2733985220024
432.9,568.6729900000005,526.2055000000017,-608.375195083247,-747.3815413548773
432.95,568.6775025000005,526.2051075000018,-608.4451900476221,-747.4895370880023
433.0,568.6833725000005,526.2060725000017,-608.5142043469971,-747.5972631382523
433.05,568.6913925000005,526.2091875000017,-608.5829734801221,-747.7054059711273
433.1,568.6989700000005,526.2118600000017,-608.650124515997,-747.8135733206274
433.15,568.7054325000005,526.2134175000017,-608.7183297667469,-747.9221329361272
433.2,568.7121200000005,526.2152000000017,-608.785946618497,-748.0304719020023
433.25,568.7185675000005,526.2167425000017,-608.851896339747,-748.1377566530024
433.3,568.7252900000005,526.2185600000017,-608.919366091747,-748.2445265548774
433.35,568.7323650000005,526.2207300000017,-608.9868358437469,-748.3515171063775
433.4,568.7380300000005,526.2214900000017,-609.0555069103718,-748.4598070390024
433.45,568.7412500000006,526.2198050000018,-609.1246437928719,-748.5684156877525
433.5,568.7435625000006,526.2172125000018,-609.1936090589969,-748.6762643211275
433.55,568.7470675000006,526.2158125000018,-609.261961409497,-748.7839168215025
433.6,568.7509625000007,526.2148025000018,-609.3294066448719,-748.8917164216276
433.65,568.7532900000007,526.2122250000018,-609.3979796449969,-748.9997366713775
433.7,568.7559400000007,526.2099700000018,-609.4661848957469,-749.1081737037525
433.75,568.7615800000007,526.2107050000018,-609.5363269598719,-749.2167088026275
433.8,568.7678075000007,526.2120275000018,-609.6087490701219,-749.3251703516275
433.85,568.7726975000007,526.2120125000018,-609.6791853337469,-749.4337544837525
433.9,568.7776450000007,526.2120550000018,-609.7482731829969,-749.5424121657525
433.95,568.7820425000007,526.2115475000018,-609.8173119989968,-749.6507020983775
434.0,568.7857075000006,526.2103075000017,-609.8873314799969,-749.7585507317525
434.05,568.7900300000007,526.2097250000018,-609.9586503421219,-749.8672574470025
434.1,568.7948575000007,526.2096475000018,-610.027493025122,-749.9764790113776
434.15,568.8008225000007,526.2107075000018,-610.096066025247,-750.0855534760025
434.2,568.8076325000006,526.2126125000018,-610.164786125122,-750.1939905083775
434.25,568.8132650000007,526.2133400000018,-610.233285575372,-750.3017410752525
434.3,568.8176075000007,526.2127775000018,-610.302569557622,-750.4100064912525
434.35,568.8214400000007,526.2117050000019,-610.371216107622,-750.5191545057526
434.4,568.8243350000007,526.2096950000018,-610.4404020233719,-750.6286702696275
434.45,568.8263250000007,526.2067800000018,-610.5075040259969,-750.7373524682525
434.5,568.8286175000006,526.2041675000017,-610.5744098956219,-750.8455443343776
434.55,568.8324175000006,526.2030625000017,-610.6423209468719,-750.9539568501276
434.6,568.8367500000006,526.2024900000017,-610.709545532622,-751.0624429157526
434.65,568.8403975000006,526.2012325000018,-610.7790991977469,-751.1717870632525
434.7,568.8438200000006,526.1997500000018,-610.8488489958719,-751.2815479933776
434.75,568.8475550000006,526.1985800000018,-610.9174955458719,-751.3905489081276
434.8,568.8526450000006,526.1987650000018,-610.9860195127469,-751.4989123906277
434.85,568.8589675000006,526.2001825000018,-611.0536118478719,-751.6075210393777
434.9,568.8647200000006,526.2010300000018,-611.1217435487468,-751.7164974375027
434.95,568.8704275000006,526.2018325000017,-611.1899487994968,-751.8247138202527
435.0,568.8764650000006,526.2029650000018,-611.2578598507469,-751.9323908372527
435.05,568.8825375000006,526.2041325000017,-611.3276586821219,-752.0404356036277
435.1,568.8886300000006,526.2053200000017,-611.3964523318718,-752.1486029531277
435.15,568.8937650000006,526.2055500000017,-611.4629904521217,-752.2565251363776
435.2,568.8976625000006,526.2045425000017,-611.5299208383717,-752.3644228030026
435.25,568.9004700000006,526.2024450000017,-611.5967531581217,-752.4723449862527
435.3,568.9032150000006,526.2002850000017,-611.6658655239968,-752.5805858856277
435.35,568.9066600000007,526.1988250000018,-611.7351740228718,-752.6891209845027
435.4,568.9101175000006,526.1973775000017,-611.8026192582468,-752.7976560833775
435.45,568.9143775000007,526.1967325000018,-611.8712658082468,-752.9058724661276
435.5,568.9203300000007,526.1977800000018,-611.9409665731218,-753.0137946493776
435.55,568.9270850000007,526.1996300000018,-612.0110841206218,-753.1223052316276
435.6,568.9339575000007,526.2015975000018,-612.0811281182469,-753.2311590466276
435.65,568.9412475000007,526.2039825000018,-612.1502650007468,-753.3397922120025
435.7,568.9486250000007,526.2064550000017,-612.2179554023718,-753.4480576280025
435.75,568.9539650000007,526.2068900000017,-612.2861361364968,-753.5564211105026
435.8,568.9575050000008,526.2055250000018,-612.3554936686218,-753.6651523423776
435.85,568.9611175000008,526.2042325000018,-612.4240421521217,-753.7738590576276
435.9,568.9655425000008,526.2037525000018,-612.4936693671217,-753.8832032051275
435.95,568.9707475000008,526.2040525000018,-612.5636398148717,-753.9929396186276
436.0,568.9763425000008,526.2047425000018,-612.6315263494968,-754.1021856996276
436.05,568.9819825000008,526.2054775000017,-612.6994619173718,-754.2114072640027
436.1,568.9879075000008,526.2064975000018,-612.7676426514968,-754.3204326953777
436.15,568.9943200000008,526.2080050000018,-612.8343033548717,-754.4287471446276
436.2,569.0008675000008,526.2096475000018,-612.9014789073717,-754.5369390107526
436.25,569.0073100000009,526.2111850000018,-612.9701744906217,-754.6451063602526
436.3,569.0128725000009,526.2118425000018,-613.0373990763718,-754.7529549936277
436.35,569.0176600000009,526.2117250000018,-613.1046726953718,-754.8608281436277
436.4,569.0227250000008,526.2118850000019,-613.1734663451218,-754.9689709765026
436.45,569.0283350000009,526.2125900000019,-613.2413528797468,-755.0773589756277
436.5,569.0339675000009,526.213317500002,-613.3085039156218,-755.1856489082527
436.55,569.0385800000009,526.213025000002,-613.3740613708718,-755.2927865595027
436.6,569.043115000001,526.212655000002,-613.4408691739968,-755.3997280777527
436.65,569.049472500001,526.214107500002,-613.5102021894968,-755.5079689771276
436.7,569.056112500001,526.215842500002,-613.5781622739968,-755.6168718253776
436.75,569.061445000001,526.216270000002,-613.6469559237468,-755.7257991902527
436.8,569.0660325000009,526.215952500002,-613.7158966732468,-755.8339665397527
436.85,569.070117500001,526.215132500002,-613.7836851413718,-755.9417661398778
436.9,569.073042500001,526.213152500002,-613.8531652566218,-756.0504728551277
436.95,569.075810000001,526.211015000002,-613.9227924716217,-756.1597924860027
437.0,569.0802075000009,526.210507500002,-613.9916596712468,-756.2689895337528
437.05,569.086132500001,526.211527500002,-614.0609926867468,-756.3777697988778
437.1,569.092865000001,526.213355000002,-614.1283153389968,-756.4855939156279
437.15,569.098767500001,526.2143525000021,-614.1943876433718,-756.5931728661278
437.2,569.103397500001,526.2140775000021,-614.2614160961218,-756.7006782667528
437.25,569.1077125000011,526.2134875000021,-614.3292290808719,-756.8077914013778
437.3,569.1115425000011,526.2124125000021,-614.3979982139969,-756.9158852010029
437.35,569.114927500001,526.210892500002,-614.4660073317468,-757.0245919162529
437.4,569.118462500001,526.2095225000021,-614.5320796361218,-757.1326611992528
437.45,569.122472500001,526.2086275000021,-614.5986667896218,-757.2409756485027
437.5,569.1265875000009,526.207837500002,-614.6667004239969,-757.3499030133778
437.55,569.130505000001,526.2068500000021,-614.7340966261219,-757.4578006800028
437.6,569.134962500001,526.2064025000021,-614.8003160302469,-757.5650118811278
437.65,569.1397900000011,526.2063250000022,-614.8678593321218,-757.6731792306277
437.7,569.1440500000011,526.2056800000022,-614.9364568488719,-757.7816652962528
437.75,569.1477150000011,526.2044400000021,-615.0052259819969,-757.8914017097528
437.8,569.1519075000011,526.2037275000022,-615.0743873811219,-758.0025110542529
437.85,569.1590875000011,526.2060025000022,-615.1418080998719,-758.1124190841279
437.9,569.1704325000011,526.2124425000022,-615.2087875193719,-758.2212728991277
437.95,569.1827775000011,526.2198825000022,-615.2770908366219,-758.3295873483777
438.0,569.1921050000011,526.2243050000022,-615.344634138497,-758.4370682323777
438.05,569.1997150000011,526.2270100000022,-615.411564524747,-758.5446716995027
438.1,569.2081625000011,526.2305525000022,-615.477808445497,-758.6524958162528
438.15,569.2164525000011,526.2339375000022,-615.5442975324969,-758.7605160660027
438.2,569.2232350000011,526.2358150000022,-615.6115956681219,-758.8681440497527
438.25,569.229477500001,526.2371525000021,-615.6778886221219,-758.9750610513777
438.3,569.235967500001,526.2387375000021,-615.7447944917469,-759.0828606515028
438.35,569.2419025000011,526.2397675000021,-615.812901675997,-759.1914693002528
438.4,569.247007500001,526.2399675000021,-615.8804694944969,-759.3002740820027
438.45,569.250827500001,526.2388825000021,-615.9472527809969,-759.4095446796277
438.5,569.254167500001,526.2373175000021,-616.0128102362469,-759.5186436608777
438.55,569.2586750000011,526.2369200000021,-616.0775096096219,-759.6262716446278
438.6,569.2636375000011,526.2369775000021,-616.1445380623719,-759.7333847792528
438.65,569.2681550000011,526.2365900000021,-616.2130865458719,-759.8413805123777
438.7,569.2725425000011,526.2360725000021,-616.2810221137469,-759.9497685115027
438.75,569.2768275000011,526.2354525000021,-616.3491047813719,-760.0584997433778
438.8,569.2810250000011,526.2347450000021,-616.416868732872,-760.1673290417527
438.85,569.2849375000011,526.2337525000021,-616.484975917122,-760.2768448056278
438.9,569.2889525000011,526.232862500002,-616.553646983747,-760.3866792856277
438.95,569.2937450000011,526.232750000002,-616.621754167997,-760.4956311671277
439.0,569.2988175000011,526.232917500002,-616.689150370122,-760.6038230332528
439.05,569.303112500001,526.232307500002,-616.756399472497,-760.7122110323778
439.1,569.3061525000011,526.230442500002,-616.8236976081221,-760.8220209957528
439.15,569.308705000001,526.228090000002,-616.889451196372,-760.9323212916278
439.2,569.310987500001,526.225467500002,-616.952777638747,-761.0427196540028
439.25,569.313167500001,526.2227425000019,-617.015025349622,-761.1534367325028
439.3,569.315875000001,526.220545000002,-617.078547924997,-761.2626582968778
439.35,569.317825000001,526.2175900000019,-617.1436150477471,-761.3702862806279
439.4,569.319770000001,526.2146300000019,-617.212997096497,-761.4812730420027
439.45,569.324175000001,526.2141300000019,-617.287184403747,-761.5952998648778
439.5,569.329805000001,526.2148550000019,-617.358307132872,-761.7077821403778
439.55,569.334355000001,526.2145000000019,-617.4252620357471,-761.8191856843779
439.6,569.339855000001,526.2150950000018,-617.4918001559971,-761.9294859802529
439.65,569.3475875000009,526.2179225000018,-617.5582156931221,-762.0389527108779
439.7,569.354912500001,526.2203425000018,-617.6238221816221,-762.1485665412529
439.75,569.359337500001,526.2198625000018,-617.6902867519972,-762.2585726376279
439.8,569.362307500001,526.2179275000018,-617.7585655526221,-762.368676800503
439.85,569.365847500001,526.2165625000018,-617.8290018162471,-762.479590012003
439.9,569.370940000001,526.2167500000019,-617.9005413279971,-762.5917780880029
439.95,569.379387500001,526.2202925000018,-617.971222757872,-762.7046771461279
440.0,569.3881250000011,526.2241250000019,-618.0423209703721,-762.8183362196279
440.05,569.394035000001,526.2251300000019,-618.1144488811221,-762.9330249913779
440.1,569.400412500001,526.2266025000018,-618.1897149198721,-763.0502634921279
440.15,569.410795000001,526.2320800000018,-618.2691487848721,-763.1718414355028
440.2,569.428432500001,526.2448125000018,-618.3531917753721,-763.2984452870028
440.25,569.457977500001,526.2694525000018,-618.4450555692472,-763.4331641413778
440.3,569.502947500001,526.3095175000018,-618.5440291843722,-763.5778367455029
440.35,569.565447500001,526.3671125000018,-618.6504068202472,-763.7313353346278
440.4,569.6504175000009,526.4471775000017,-618.7652426917471,-763.8925076273777
440.45,569.7627675000009,526.5546225000016,-618.8838786401221,-764.0546605851276
440.5,569.900815000001,526.6877650000017,-619.0018036063722,-764.2135283151276
440.55,570.0631825000011,526.8452275000018,-619.1152420302471,-764.3722244287527
440.6,570.2522125000011,527.0293525000018,-619.2234829296222,-764.5303811766278
440.65,570.4673025000009,527.2395375000016,-619.323682375997,-764.6818448858776
440.7,570.706462500001,527.4737925000017,-619.417335883497,-764.8273755718776
440.75,570.970720000001,527.7331450000017,-619.515745616247,-764.9769760176276
440.8,571.2589875000011,528.0165075000018,-619.619745139497,-765.1334901516277
440.85,571.5710425000012,528.3236575000019,-619.7275937728721,-765.2935591962528
440.9,571.9086775000009,528.6563875000016,-619.8310539303719,-765.4520836935026
440.95,572.273485000001,529.0162900000017,-619.914533038497,-765.6008750906276
441.0,572.665812500001,529.4037125000018,-619.984797685747,-765.7421644005026
441.05,573.0841225000012,529.8171175000019,-620.053591335497,-765.8833801605026
441.1,573.5292100000013,530.257300000002,-620.125008264122,-766.0284940638776
441.15,574.0018275000009,530.7250125000016,-620.209075771247,-766.1835372003775
441.2,574.501320000001,531.2196000000017,-620.3095203838719,-766.3469650226275
441.25,575.0263200000011,531.7396950000018,-620.4170257844969,-766.5110302771276
441.3,575.5718275000012,532.2802975000019,-620.5196278601219,-766.6727174190027
441.35,576.1325700000014,532.8361350000021,-620.6183072757469,-766.8332032462527
441.4,576.7033725000008,533.4020325000015,-620.7213506506218,-766.9920219430026
441.45,577.2808150000009,533.9745700000017,-620.8253746904969,-767.1477760616276
441.5,577.869000000001,534.5578500000018,-620.925598653497,-767.3051482775027
441.55,578.4716375000012,535.155582500002,-621.026509081997,-767.4684535166277
441.6,579.0889025000013,535.7679425000022,-621.127468543747,-767.6337691190027
441.65,579.7190300000007,536.3931650000015,-621.2255105271219,-767.7990111715026
441.7,580.3633175000008,537.0325475000017,-621.3263228891219,-767.9684700835026
441.75,581.027310000001,537.6916350000018,-621.4267429851219,-768.1426852207526
441.8,581.7101600000011,538.369580000002,-621.5247849684969,-768.3193520205026
441.85,582.4165275000013,539.0710425000021,-621.6231947012469,-768.4998188971276
441.9,583.1533825000006,539.8029925000014,-621.7182946896219,-768.6840613340024
441.95,583.9212025000007,540.5659075000016,-621.8111881817468,-768.8715644820024
442.0,584.7231750000009,541.3629750000017,-621.9064843031218,-769.0641425713775
442.05,585.559935000001,542.194830000002,-622.0033985217468,-769.2612317197526
442.1,586.4282175000012,543.0582075000021,-622.0960468476219,-769.4591299167527
442.15,587.3268300000004,543.9519150000013,-622.1821247179968,-769.6558022825025
442.2,588.2618475000006,544.8820275000015,-622.2697716523718,-769.8580154055026
442.25,589.2491700000008,545.8644450000018,-622.3592573336218,-770.0704029278776
442.3,590.3030375000011,546.913407500002,-622.4334936741218,-770.2893854223777
442.35,591.4378425000014,548.0433075000022,-622.4851747196218,-770.5125112265027
442.4,592.6773550000003,549.2779150000011,-622.5197431608717,-770.7378435268776
442.45,594.0320450000006,550.6277000000015,-622.5445539853717,-770.9664610550026
442.5,595.4871250000009,552.0778750000018,-622.5675015463718,-771.1998102917527
442.55,597.0230625000013,553.6089075000021,-622.5903265242467,-771.4331595285028
442.6,598.6328275000017,555.2137675000025,-622.6120482539967,-771.6698430262528
442.65,600.3179850000001,556.894020000001,-622.6271014617467,-771.9079484882526
442.7,602.0875175000006,558.6586475000014,-622.6196238911217,-772.1419841905026
442.75,603.946110000001,560.5123350000018,-622.5946169336218,-772.3833258470027
442.8,605.8922025000014,562.4535225000022,-622.5769894802468,-772.6304779436277
442.85,607.9068500000019,564.4632650000027,-622.5653440833718,-772.8637536305027
442.9,609.9563025,566.5078125000008,-622.5462456324968,-773.0838393731275
442.95,612.0314600000005,568.5780650000013,-622.5210180253719,-773.3052490135026
443.0,614.1402100000009,570.6819100000017,-622.4874057324969,-773.5270509198776
443.05,616.2796225000014,572.8164175000022,-622.4406280119969,-773.7482889438777
443.1,618.4448175000019,574.9767075000027,-622.3879663014968,-773.9704831162527
443.15,620.6381375,577.1651225000007,-622.3394969338718,-774.1913779075024
443.2,622.8552075000005,579.3772875000012,-622.3053452752469,-774.4085461717525
443.25,625.071847500001,581.5890225000018,-622.2934547121218,-774.6174033001275
443.3,627.2563775000015,583.7686475000022,-622.2933811622469,-774.8183415586276
443.35,629.3989550000019,585.9063200000027,-622.2835499956219,-775.0141313258777
443.4,631.5106725,588.0131325000008,-622.257464306622,-775.2114166072524
443.45,633.6119600000005,590.1095150000012,-622.223386197872,-775.4146839451274
443.5,635.717390000001,592.2100400000018,-622.182492467372,-775.6112582443775
443.55,637.8102425000016,594.2979875000023,-622.1367934783719,-775.7872630952526
443.6,639.846882500002,596.3297225000027,-622.0938403513719,-775.9346570447526
443.65,641.7998125000003,598.2777475000009,-622.047675546497,-776.0614325126274
443.7,643.6698525000007,600.1428825000014,-621.997293882122,-776.1802645940024
443.75,645.4705175000012,601.9386425000018,-621.949658079747,-776.2891429256275
443.8,647.2101275000016,603.6733475000023,-621.903885540872,-776.3896856047526
443.85,648.885165000002,605.3434800000026,-621.859387866497,-776.4842462273776
443.9,650.4950650000005,606.9484750000012,-621.8180038034969,-776.5739280416276
443.95,652.0353375000009,608.4838425000015,-621.7793165692469,-776.6509592773776
444.0,653.5074475000013,609.9510475000019,-621.732734981747,-776.7108043590026
444.05,654.9193825000016,611.3580775000022,-621.6727673169969,-776.7584156447526
444.1,656.2670200000019,612.7008100000025,-621.6033852682468,-776.7896253083776
444.15,657.5509450000008,613.9798300000014,-621.5267462984968,-776.8014913548776
444.2,658.7759825000011,615.1999625000017,-621.4479008324969,-776.8005597231277
444.25,659.9315875000013,616.3506625000019,-621.3714334791218,-776.7885465768777
444.3,661.0062750000016,617.4204450000021,-621.3003597832468,-776.7643977012527
444.35,662.0049850000017,618.4142500000023,-621.2351210441218,-776.7354680837527
444.4,662.9385000000009,619.3428600000015,-621.1724810672468,-776.7090391620028
444.45,663.8216450000011,620.2211000000017,-621.1152347478718,-776.6934220718778
444.5,664.6699475000013,621.0644975000018,-621.0644363008718,-776.6857974015028
444.55,665.4886200000014,621.878265000002,-621.0277594298717,-776.6829044397527
444.6,666.2754250000016,622.6601650000022,-621.0076803139967,-776.6884451970027
444.65,667.0284900000009,623.4083250000015,-621.0015266411217,-776.6990608956277
444.7,667.7471125000011,624.1220425000016,-621.0104261759967,-776.7149967018777
444.75,668.4313025000013,624.8013275000018,-621.0298433429967,-776.7377236132527
444.8,669.0798875000014,625.4450075000019,-621.0566645307467,-776.7637602690027
444.85,669.6944475000015,626.054662500002,-621.0880703273717,-776.7928860195027
444.9,670.279955000001,626.6352650000015,-621.1247471983717,-776.8274054275026
444.95,670.8374550000011,627.1878600000016,-621.1656164122467,-776.8663623446276
445.0,671.3699925000012,627.7154925000017,-621.2088147054967,-776.9062508935026
445.05,671.8783600000013,628.2189550000018,-621.2557395257467,-776.9472426905027
445.1,672.3624900000015,628.6981800000019,-621.3071999216216,-776.9937262115027
445.15,672.8274700000011,629.1582550000015,-621.3628526603716,-777.0459221061276
445.2,673.2784275000012,629.6043075000016,-621.4225996754966,-777.1023593768776
445.25,673.7176375000013,630.0386125000017,-621.4833763888716,-777.1618612257527
445.3,674.1442200000014,630.4602900000018,-621.5449131176217,-777.2208972587526
445.35,674.5570625000015,630.8682275000019,-621.6065479128717,-777.2790752098776
445.4,674.9564575000012,631.2627175000016,-621.6689917567467,-777.3393861073775
445.45,675.3444500000013,631.6458050000017,-621.7328820814967,-777.4006286366275
445.5,675.7217700000014,632.0182200000017,-621.8001557004967,-777.4624105316275
445.55,676.0874800000014,632.3790250000018,-621.8675764192467,-777.5235795110025
445.6,676.4404650000015,632.7271050000019,-621.9302899459967,-777.5833020095025
445.65,676.7815150000011,633.0632500000015,-621.9913118256217,-777.6449613213774
445.7,677.1143850000012,633.3912150000016,-622.0527504878717,-777.7089497126275
445.75,677.4418750000013,633.7138000000017,-622.1142872166217,-777.7724232547525
445.8,677.7653675000014,634.0323875000017,-622.1741322982467,-777.8339845001276
445.85,678.0852850000015,634.3474000000018,-622.2319915332467,-777.8949818631277
445.9,678.3997125000012,634.6569225000015,-622.2895565687467,-777.9577199065026
445.95,678.7095950000013,634.9619000000016,-622.3502352156216,-778.0226154128776
446.0,679.0211000000014,635.2685000000017,-622.4118945274967,-778.0876335023776
446.05,679.3336000000015,635.5760950000018,-622.4724505912467,-778.1512541442526
446.1,679.6412175000016,635.8788075000019,-622.5332027879967,-778.2143354203776
446.15,679.9451050000014,636.1777900000017,-622.5959163147467,-778.2775883128775
446.2,680.2503350000014,636.4781150000017,-622.6609098876216,-778.3415521875024
446.25,680.5531525000015,636.7760275000018,-622.7261976599966,-778.4061780110025
446.3,680.8484600000015,637.0664300000018,-622.7925641638716,-778.4709754508775
446.35,681.1388650000016,637.3519300000019,-622.8612352304966,-778.5356012743775
446.4,681.4193025000013,637.6274625000016,-622.9313527779966,-778.6001780646275
446.45,681.6879975000014,637.8912525000017,-623.0022303408716,-778.6660052027524
446.5,681.9521225000015,638.1504725000017,-623.0738434024967,-778.7331317220024
446.55,682.2166525000015,638.4100975000017,-623.1466087454967,-778.8015576223775
446.6,682.4852125000016,638.6737525000018,-623.2229535157467,-778.8747397480025
446.65,682.7540275000014,638.9376625000016,-623.3041525777465,-778.9571156080025
446.7,683.0256700000015,639.2044000000017,-623.3915788624965,-779.0495923175025
446.75,683.3151925000016,639.4890175000018,-623.4866298176215,-779.1517530938776
446.8,683.6329500000016,639.8018700000018,-623.5859711821215,-779.2644805356276
446.85,683.9843650000017,640.1483800000019,-623.6863912781215,-779.3851268472526
446.9,684.3699425000013,640.5290525000015,-623.7903172514964,-779.5086416040025
446.95,684.7902225000014,640.9444275000016,-623.8958368054964,-779.6310776292526
447.0,685.2462775000015,641.3955775000017,-623.9960607684965,-779.7514052247526
447.05,685.7341875000016,641.8785825000018,-624.0912343067465,-779.8712915210026
447.1,686.2538550000016,642.3933450000019,-624.1845445814965,-779.9891919706276
447.15,686.8084050000011,642.9429900000014,-624.2799142527465,-780.1064549880025
447.2,687.3937650000013,643.5234450000015,-624.3774659036216,-780.2272483993776
447.25,688.0088425000014,644.1336175000016,-624.4739878562466,-780.3529941690026
447.3,688.6590575000015,644.7789275000017,-624.5695536604966,-780.4812896676276
447.35,689.3454050000016,645.4603700000018,-624.6646291322465,-780.6089477340026
447.4,690.068785000001,646.1788450000012,-624.7582581231214,-780.7369735497525
447.45,690.8299975000011,646.9351525000013,-624.8492638351214,-780.8654896980025
447.5,691.6263850000013,647.7266350000015,-624.9383572503714,-780.9950355445026
447.55,692.4563075000015,648.5516525000016,-625.0271319494964,-781.1260278718776
447.6,693.3189850000017,649.4094250000019,-625.1066393643714,-781.2534898052526
447.65,694.2126575000009,650.298192500001,-625.1764872289964,-781.3792846081275
447.7,695.1397650000011,651.2203950000013,-625.2505029198715,-781.5080704392525
447.75,696.1046075000014,652.1803325000016,-625.3288090201215,-781.6376653190025
447.8,697.1074975000016,653.1783175000018,-625.4090764503716,-781.7675298816275
447.85,698.1436300000018,654.209545000002,-625.4923839421216,-781.8985957588776
447.9,699.2096075000009,655.270617500001,-625.5742204363715,-782.0309855338775
447.95,700.3072250000012,656.3633300000013,-625.6525510532466,-782.1649934061275
448.0,701.4345300000014,657.4857300000016,-625.7332842993716,-782.3013548743775
448.05,702.5860550000016,658.6323500000018,-625.8213480163716,-782.4411486701275
448.1,703.7624450000019,659.8038350000021,-625.9134569764967,-782.5908471823775
448.15,704.9688150000007,661.0053000000011,-625.9995593634966,-782.7472387332524
448.2,706.207742500001,662.2393225000013,-626.0679852638716,-782.8976727442524
448.25,707.4775475000013,663.5042225000016,-626.1112325903716,-783.0425659980025
448.3,708.7831725000016,664.8049425000019,-626.1385195939966,-783.1892979986275
448.35,710.1357700000019,666.1526350000022,-626.1680621271216,-783.3378932627525
448.4,711.5320775000007,667.544037500001,-626.2090294074966,-783.4878614578773
448.45,712.960730000001,668.9677850000013,-626.2621814504967,-783.6418503795023
448.5,714.4144225000014,670.4165725000016,-626.3169515907466,-783.7936328048773
448.55,715.8902050000017,671.887450000002,-626.3699320173716,-783.9450229642524
448.6,717.381300000002,673.3736400000023,-626.4358327053717,-784.1005809498774
448.65,718.8684700000007,674.8559050000009,-626.5145310716216,-784.2436599733774
448.7,720.320737500001,676.3032675000012,-626.6040903027466,-784.3676405460023
448.75,721.6977300000013,677.6753550000016,-626.7131157341216,-784.4888997732523
448.8,722.9675725000017,678.9402925000019,-626.8430293299966,-784.6144739265023
448.85,724.1292125000019,680.0970275000021,-626.9817198776217,-784.7408080951274
448.9,725.1922200000009,681.1551300000011,-627.1073430641216,-784.8589537110023
448.95,726.1397575000011,682.0977625000013,-627.2145787818715,-784.9580253926273
449.0,726.9609275000013,682.9140275000015,-627.3127923816215,-785.0479523731273
449.05,727.6725275000015,683.6207225000016,-627.4201506824966,-785.1441801262523
449.1,728.2878775000016,684.2311675000018,-627.5529817567466,-785.2551914042523
449.15,728.8250050000012,684.7633900000013,-627.7048377319965,-785.3836094860021
449.2,729.3132275000013,685.2467075000014,-627.8545852774965,-785.5184999567522
449.25,729.7670375000014,685.6956125000015,-627.9831504589965,-785.6475554707522
449.3,730.1931625000014,686.1168325000016,-628.0911707087465,-785.7714379768772
449.35,730.6096675000016,686.5284325000017,-628.1980631937465,-785.9058135985023
449.4,731.0206600000013,686.9345200000014,-628.3203030859964,-786.0573753742522
449.45,731.4190900000013,687.3280450000015,-628.4459998223715,-786.2108494467521
449.5,731.8156400000014,687.7196900000015,-628.5562265683716,-786.3540510533771
449.55,732.2261975000015,688.1253425000016,-628.6432360704966,-786.4859750125022
449.6,732.6445275000016,688.5387675000017,-628.7288726416217,-786.6184628540022
449.65,733.0516625000012,688.9409975000013,-628.8396632699965,-786.7586243991271
449.7,733.4520000000012,689.3364300000014,-628.9493261336215,-786.8964078316271
449.75,733.8515650000013,689.7310900000015,-629.0447693547466,-787.0333822155021
449.8,734.2484250000014,690.1230450000015,-629.1486217782466,-787.1772212543772
449.85,734.6476525000014,690.5173675000016,-629.2598046726216,-787.3234384058773
449.9,735.0488925000011,690.9137025000012,-629.3642454951215,-787.4680374601271
449.95,735.4473450000012,691.3072500000013,-629.4685392178716,-787.6172211232522
450.0,735.8383850000013,691.6933850000014,-629.5681992984966,-787.7655957377523
450.05,736.2153325000014,692.0654275000015,-629.6493248106216,-787.8967106482523
450.1,736.5839650000015,692.4291550000016,-629.7265031461216,-788.0215738193774
450.15,736.9521150000012,692.7924000000013,-629.8197889042465,-788.1521738807523
450.2,737.3120375000012,693.1474175000013,-629.9296969341215,-788.2823081262524
450.25,737.6557725000013,693.4862475000014,-630.0348242221215,-788.4108242745024
450.3,737.9777600000014,693.8033300000014,-630.1243589366215,-788.5319364020024
450.35,738.2772375000014,694.0979025000015,-630.2163453136216,-788.6433889792524
450.4,738.5503700000012,694.3661300000012,-630.3209332358715,-788.7492762826273
450.45,738.7742000000012,694.5850550000013,-630.4344206929966,-788.8499905781273
450.5,738.9404250000013,694.7463750000013,-630.5533018076217,-788.9501164746273
450.55,739.0656300000013,694.8666750000014,-630.6737765028716,-789.0542876142523
450.6,739.1648225000014,694.9609625000014,-630.7865529778717,-789.1585813370024
450.65,739.2451650000013,695.0364000000013,-630.8980545883716,-789.2644196071273
450.7,739.2986050000013,695.0849350000013,-631.0169111863715,-789.3654771353773
450.75,739.3173975000013,695.0988225000013,-631.1348606692466,-789.4533447193774
450.8,739.3006025000013,695.0771225000013,-631.2527611188716,-789.5300327223774
450.85,739.2613750000013,695.0329900000013,-631.3740203461216,-789.6080201065024
450.9,739.1956675000014,694.9623775000014,-631.5013596963715,-789.6890720687524
450.95,739.0977400000014,694.8595450000014,-631.6375495482466,-789.7724531103773
451.0,738.9721075000014,694.7290075000013,-631.7808001881217,-789.8563980343773
451.05,738.8129525000013,694.5649475000013,-631.9169900399968,-789.9224948553773
451.1,738.6238550000013,694.3709450000013,-632.0442313237468,-789.9780740442523
451.15,738.3848775000015,694.1270625000014,-632.1906691248716,-790.0365461948772
451.2,738.0899550000014,693.8272350000013,-632.3453445119967,-790.0908260026273
451.25,737.7668050000013,693.4991800000013,-632.4848686248718,-790.1349314110023
451.3,737.4269075000012,693.1543775000011,-632.6268198836218,-790.1773451722523
451.35,737.0539975000012,692.7765625000011,-632.7747777154968,-790.2204453990023
451.4,736.6231525000015,692.3408125000014,-632.9139340789967,-790.2468252875022
451.45,736.1563650000014,691.8691200000013,-633.0510065293718,-790.2691354162522
451.5,735.6861600000013,691.3940100000012,-633.1971256143718,-790.3078471671272
451.55,735.2169125000013,690.9198575000012,-633.3311334866218,-790.3481034653772
451.6,734.7450750000012,690.4431150000011,-633.4646510263718,-790.3866435998772
451.65,734.2774175000017,689.9705525000015,-633.6188115643716,-790.4356278166272
451.7,733.8333450000016,689.5215750000015,-633.7627241531217,-790.4922612203771
451.75,733.4177000000016,689.1010250000014,-633.8938635802467,-790.5556857292521
451.8,733.0365475000015,688.7149675000013,-634.0200261324967,-790.6263671591271
451.85,732.7072325000014,688.3807475000012,-634.1270657172468,-790.689497468502
451.9,732.4237525000017,688.0923625000015,-634.2233179869967,-790.738579751752
451.95,732.1540225000016,687.8177275000014,-634.3070422613717,-790.771677195502
452.0,731.8858350000015,687.5446350000013,-634.3824553998718,-790.796046720752
452.05,731.6399175000015,687.2938125000013,-634.4516167989968,-790.819484614252
452.1,731.4219400000014,687.0709300000012,-634.4773347386218,-790.818945248502
452.15,731.2193575000016,686.8634425000014,-634.4853026417468,-790.809776030752
452.2,731.0226325000016,686.6618125000014,-634.5215872467468,-790.823701473752
452.25,730.8519275000016,686.4862025000014,-634.5556653554968,-790.8407895613769
452.3,730.7351550000016,686.3645250000013,-634.5700566143718,-790.8513807433769
452.35,730.6526625000015,686.2771275000013,-634.5862866201218,-790.866482984377
452.4,730.5862375000015,686.2057975000013,-634.6058754034967,-790.8879350312519
452.45,730.5407825000015,686.1554375000013,-634.6143091224967,-790.904876019127
452.5,730.5171025000014,686.1268525000013,-634.6224241253717,-790.9236067206269
452.55,730.5131600000014,686.1180050000013,-634.6329662741217,-790.950280808627
452.6,730.5212350000014,686.1211750000012,-634.6404193281218,-790.976341981002
452.65,730.5335525000014,686.1285875000012,-634.6528492569968,-791.0043154501269
452.7,730.5559900000014,686.1461200000012,-634.6579732316218,-791.0321908527519
452.75,730.5863700000015,686.1715950000013,-634.6602777943718,-791.061855969002
452.8,730.6199050000015,686.2002250000013,-634.6735167718718,-791.093948231127
452.85,730.6598500000015,686.2352650000013,-634.6880306138719,-791.125255961252
452.9,730.6968325000015,686.2673425000013,-634.6941352534969,-791.144354412127
452.95,730.7301950000015,686.2958000000013,-634.692958455497,-791.1485222383769
453.0,730.7818600000014,686.3425600000014,-634.676507800122,-791.1520035991269
453.05,730.8499600000015,686.4057550000015,-634.648656914122,-791.152788131127
453.1,730.9165650000015,686.4674550000015,-634.644317471497,-791.1650219270019
453.15,730.9872325000014,686.5332175000013,-634.6674121322469,-791.1948831762519
453.2,731.0662425000014,686.6073225000014,-634.684058920622,-791.2159674737519
453.25,731.1417100000015,686.6778850000014,-634.6928358723719,-791.2292554845019
453.3,731.2120550000014,686.7433250000014,-634.7090903947469,-791.2537721095019
453.35,731.2787825000015,686.8051475000015,-634.729561776622,-791.2862811542519
453.4,731.3442550000015,686.8657150000014,-634.750131224997,-791.3150391553769
453.45,731.4105775000015,686.9271325000014,-634.771166489247,-791.3409532280019
453.5,731.4781550000015,686.9898050000014,-634.790608172872,-791.3731190400019
453.55,731.5441400000016,687.0508850000015,-634.822994634497,-791.415287635002
453.6,731.6015275000016,687.1033675000015,-634.8807803196221,-791.468439678002
453.65,731.6506900000015,687.1476250000014,-634.953423079497,-791.5314964375019
453.7,731.6898150000015,687.1818450000014,-635.0280516859971,-791.592567350377
453.75,731.7133350000015,687.2004600000014,-635.094123990372,-791.646969741252
453.8,731.7220975000015,687.2043175000014,-635.163947338372,-791.7090213191269
453.85,731.7225125000015,687.1998275000013,-635.241076640622,-791.776540104377
453.9,731.7153550000015,687.1877650000014,-635.304378566372,-791.8343748227519
453.95,731.7007525000015,687.1682575000013,-635.359516455997,-791.8873307327519
454.0,731.6731275000014,687.1357275000014,-635.419067338122,-791.938594995627
454.05,731.6240300000014,687.0817250000014,-635.489993934247,-791.992752220252
454.1,731.5606625000014,687.0134525000013,-635.564818673747,-792.052916018002
454.15,731.5014875000014,686.9493725000013,-635.6142932229969,-792.1035673652519
454.2,731.4490250000014,686.8920050000013,-635.6362356023719,-792.134115080002
454.25,731.3976075000014,686.8356825000013,-635.6574179663719,-792.160911751127
454.3,731.3570675000014,686.7902375000014,-635.6769822331219,-792.189007803377
454.35,731.3254575000014,686.7537225000013,-635.6747757368719,-792.206880423002
454.4,731.2910150000015,686.7143750000014,-635.6665381508719,-792.226395656502
454.45,731.2615500000015,686.6800050000014,-635.664258104747,-792.251206481002
454.5,731.2499450000015,686.6634950000014,-635.655897935622,-792.272486911502
454.55,731.2473500000015,686.6559950000013,-635.662664524122,-792.302250094252
454.6,731.2425275000014,686.6462675000013,-635.697012315747,-792.345227737877
454.65,731.2322950000014,686.6311300000012,-635.737611846747,-792.390975760127
454.7,731.2161925000014,686.6101225000012,-635.790077424247,-792.446726565377
454.75,731.1990975000014,686.5881225000012,-635.855218096872,-792.513583401752
454.8,731.1872275000013,686.5713475000011,-635.920996201747,-792.5811512202521
454.85,731.1749175000014,686.5541325000012,-635.986431073872,-792.6427614988771
454.9,731.1554200000014,686.5297300000012,-636.068561767622,-792.714938442877
454.95,731.1365950000014,686.5060000000012,-636.1706735107471,-792.8021931112521
455.0,731.1182475000014,686.4827475000012,-636.2632237701221,-792.8796901628772
455.05,731.0948525000014,686.4544475000012,-636.3452073641221,-792.9526271222522
455.1,731.0639625000014,686.4186525000011,-636.4319962166221,-793.0321835703772
455.15,731.0318250000014,686.3816100000012,-636.524865192122,-793.1121568011272
455.2,731.0050650000014,686.3499450000012,-636.623887840497,-793.1942139450022
455.25,730.9771150000014,686.3170900000011,-636.718497496372,-793.2733290938771
455.3,730.9478825000014,686.2829525000011,-636.800039791122,-793.3448195723771
455.35,730.9209825000014,686.2511475000011,-636.8930068331221,-793.4273670487521
455.4,730.8903650000015,686.2156250000012,-636.999850284872,-793.521314755752
455.45,730.8491050000015,686.1694600000012,-637.092596677247,-793.604009331877
455.5,730.8073950000015,686.1228450000012,-637.177522266247,-793.679765703127
455.55,730.7736525000015,686.0841975000012,-637.2734558198721,-793.7611363815021
455.6,730.7299650000015,686.0356050000012,-637.3688745243721,-793.8376282515021
455.65,730.6634725000015,685.9642075000012,-637.456006609622,-793.8993365966271
455.7,730.5798450000015,685.8756750000011,-637.553680843622,-793.9621727065021
455.75,730.4761100000014,685.7670350000011,-637.650276346122,-794.0273133791271
455.8,730.3435350000015,685.6295550000011,-637.7384626462471,-794.0803918722521
455.85,730.1894075000014,685.470522500001,-637.8211572223721,-794.1271450761271
455.9,730.0286050000016,685.3048150000012,-637.890122488497,-794.173653113752
455.95,729.8561925000015,685.1274975000011,-637.9570773913721,-794.212953263627
456.0,729.6622225000015,684.9286225000011,-638.0287149696221,-794.247153955502
456.05,729.4420775000015,684.7035725000011,-638.0991021999971,-794.2775545705019
456.1,729.1857000000014,684.442290000001,-638.1658119366222,-794.294201358877
456.15,728.8884825000016,684.1401675000012,-638.2405386096221,-794.310357814752
456.2,728.5645575000016,683.8113375000012,-638.3317159379972,-794.341052629252
456.25,728.2316775000015,683.4735525000011,-638.4291940389971,-794.382363142377
456.3,727.8875175000014,683.124487500001,-638.5137518786222,-794.4187458138771
456.35,727.5332400000013,682.7653050000009,-638.5829132777473,-794.4451747356271
456.4,727.1751150000017,682.4022750000013,-638.6495004312472,-794.4728540052521
456.45,726.8191225000016,682.0413775000012,-638.7258942347472,-794.5109038072521
456.5,726.4686525000016,681.6860025000011,-638.8135411691222,-794.5572892617521
456.55,726.1093350000015,681.321780000001,-638.8954512132473,-794.5979378260021
456.6,725.7396650000014,680.947205000001,-638.9690501214973,-794.631525602252
456.65,725.3699950000017,680.5726300000013,-639.0426490297472,-794.665113378502
456.7,725.0003250000017,680.1980550000012,-639.1162479379972,-794.698701154752
456.75,724.6306550000016,679.8234800000012,-639.1898468462472,-794.732288931002
456.8,724.2609850000016,679.4489050000011,-639.2634457544972,-794.765876707252
456.85,723.8913150000016,679.074330000001,-639.3370446627472,-794.799464483502
456.9,723.5216450000019,678.6997550000013,-639.4106435709971,-794.833052259752
456.95,723.1519750000018,678.3251800000013,-639.4842424792471,-794.866640036002
