elapsed_s,shaft_revolutions,electrical_energy_wh,charge_throughput_ah
0.0,0.0,0.0,0.0
0.1,3.0527500000000005,0.2990055555555556,0.0009375
0.2,6.138833333333334,0.6183305555555556,0.0019416666666666666
0.3,9.256666666666668,0.9597388888888889,0.0030152777777777773
0.4,12.440250000000002,1.326466666666667,0.004172222222222222
0.5,15.714416666666668,1.7544513888888889,0.005538888888888888
0.6,19.02525,2.1861083333333333,0.006915277777777776
0.7,22.364,2.5999083333333335,0.008231944444444443
0.8,25.788083333333336,3.0746138888888894,0.009763888888888888
0.9,29.293833333333335,3.6362263888888897,0.011597222222222222
1.0,32.86033333333334,4.209383333333334,0.013465277777777777
1.1,36.46358333333334,4.5869694444444455,0.014672222222222224
1.2,40.043083333333335,4.701905555555557,0.015029166666666668
1.3,43.59708333333334,4.70463888888889,0.015037500000000002
1.4,47.17525,4.762893055555557,0.015216666666666667
1.5,50.77441666666667,4.886602777777779,0.015598611111111112
1.6,54.36108333333334,5.012747222222223,0.015987499999999998
1.7,57.9225,5.129111111111112,0.016344444444444443
1.8,61.456250000000004,5.256369444444445,0.01673611111111111
1.9,64.95725,5.386156944444446,0.01713611111111111
2.0,68.40891666666667,5.469802777777779,0.017393055555555557
2.1,71.80983333333334,5.511131944444446,0.017519444444444445
2.2,75.17541666666668,5.568356944444445,0.017694444444444447
2.3,78.516,5.636572222222223,0.017902777777777778
2.4,81.84491666666668,5.687529166666668,0.018058333333333336
2.5,85.15341666666669,5.752341666666668,0.018256944444444447
2.6,88.4229166666667,5.795808333333334,0.01839027777777778
2.7,91.64675000000003,5.795808333333334,0.01839027777777778
2.8,94.83650000000002,5.795808333333334,0.01839027777777778
2.9,98.00908333333335,5.795808333333334,0.01839027777777778
3.0,101.14141666666669,5.795808333333334,0.01839027777777778
3.1,104.22441666666668,5.795808333333334,0.01839027777777778
3.2,107.23741666666669,5.795808333333334,0.01839027777777778
3.3,110.17841666666668,5.795808333333334,0.01839027777777778
3.4,113.07825000000001,5.795808333333334,0.01839027777777778
3.5,115.90000000000002,5.795808333333334,0.01839027777777778
3.6,118.64025000000002,5.795808333333334,0.01839027777777778
3.7,121.33600000000003,5.795808333333334,0.01839027777777778
3.8,124.01725000000002,5.795808333333334,0.01839027777777778
3.9,126.67216666666668,5.795808333333334,0.01839027777777778
4.0,129.28125000000003,5.79946388888889,0.018401388888888894
4.1,131.9511666666667,6.018369444444445,0.019095833333333336
4.2,134.76183333333339,6.5486277777777815,0.020798611111111122
4.3,137.68758333333338,7.170352777777779,0.022813888888888894
4.4,140.74691666666672,7.808756944444449,0.02489722222222224
4.5,143.9446666666667,8.47321666666667,0.027090277777777786
4.6,147.23208333333335,9.173422222222221,0.0294125
4.7,150.66383333333337,9.94824305555556,0.03199166666666668
4.8,154.31150000000002,10.776825000000002,0.03478194444444445
4.9,158.1234166666667,11.59790833333334,0.037565277777777795
5.0,161.97325000000004,12.425137500000003,0.04036944444444446
5.1,165.72341666666668,13.136452777777778,0.042743055555555555
5.2,169.20175000000003,13.421794444444446,0.04367222222222223
5.3,172.60100000000003,13.657706944444445,0.04443055555555556
5.4,176.12250000000006,14.103527777777781,0.04585972222222224
5.5,179.57250000000005,14.31480277777778,0.046534722222222234
5.6,182.9511666666667,14.31480277777778,0.046534722222222234
5.7,186.3231666666667,14.31480277777778,0.046534722222222234
5.8,189.70400000000004,14.391277777777779,0.04677222222222223
5.9,193.13050000000004,14.672506944444446,0.047663888888888895
6.0,196.63683333333336,15.036702777777778,0.04881944444444445
6.1,200.18016666666668,15.276445833333334,0.04956944444444445
6.2,203.72808333333336,15.421795833333334,0.05001944444444445
6.3,207.2121666666667,15.513105555555555,0.05030138888888889
6.4,210.5718333333334,15.552991666666667,0.050423611111111113
6.5,213.81133333333338,15.566616666666668,0.05046527777777778
6.6,216.90650000000002,15.566616666666668,0.05046527777777778
6.7,219.9246666666667,15.566616666666668,0.05046527777777778
6.8,222.9155,15.609308333333336,0.05059583333333333
6.9,225.90225000000004,15.749348611111115,0.05102777777777778
7.0,228.9214166666667,16.06813055555556,0.05203888888888889
7.1,232.02966666666669,16.507794444444446,0.053445833333333324
7.2,235.2129166666667,16.98164166666667,0.05495972222222222
7.3,238.42625,17.444411111111112,0.0564361111111111
7.4,241.55158333333335,17.65156388888889,0.057095833333333325
7.5,244.56650000000002,17.65156388888889,0.057095833333333325
7.6,247.5596666666667,17.65156388888889,0.057095833333333325
7.7,250.5069166666667,17.679722222222225,0.05718194444444443
7.8,253.49200000000005,17.904755555555557,0.057893055555555545
7.9,256.5306666666667,18.284647222222226,0.059097222222222225
8.0,259.5496666666667,18.624402777777778,0.060170833333333326
8.1,262.4813333333334,18.781141666666667,0.06066527777777777
8.2,265.33516666666674,18.781141666666667,0.06066527777777777
8.3,268.24175000000014,18.97276666666667,0.06127361111111111
8.4,271.2907500000001,19.517563888888887,0.06305138888888888
8.5,274.43108333333345,20.202602777777773,0.06531249999999998
8.6,277.57991666666675,20.724947222222212,0.06700694444444442
8.7,280.60941666666673,20.92223749999999,0.06763055555555553
8.8,283.60683333333344,21.202365277777773,0.06854166666666665
8.9,286.71575000000007,21.72534444444444,0.07023472222222221
9.0,289.82266666666675,22.20480277777777,0.07177638888888886
9.1,292.9235833333334,22.60278333333332,0.07304583333333331
9.2,295.9534166666667,22.770969444444432,0.07357638888888886
9.3,298.8840833333334,22.770969444444432,0.07357638888888886
9.4,301.78216666666674,22.7823236111111,0.07361111111111109
9.5,304.77875000000006,23.127555555555542,0.07475138888888885
9.6,307.9615833333334,23.747540277777762,0.07678888888888884
9.7,311.1345833333334,24.185172222222207,0.07819583333333328
9.8,314.1211666666668,24.336697222222206,0.0786708333333333
9.9,316.98783333333347,24.336697222222206,0.0786708333333333
10.0,319.8734166666668,24.44568888888887,0.07901249999999997
10.1,322.83283333333344,24.71853888888887,0.07986944444444441
10.2,325.68083333333345,24.882397222222203,0.08038472222222219
10.3,328.23266666666683,24.882397222222203,0.08038472222222219
10.4,330.5126666666668,24.882397222222203,0.08038472222222219
10.5,332.7550000000001,24.992518055555536,0.08072777777777775
10.6,335.3220833333334,25.355374999999977,0.08188611111111108
10.7,338.07466666666676,25.827038888888865,0.08339861111111106
10.8,340.76075000000014,26.29792777777776,0.08491388888888887
10.9,343.4660000000001,26.821122222222204,0.0866097222222222
11.0,346.2559166666668,27.348205555555538,0.08832361111111107
11.1,349.14983333333345,27.85162499999998,0.08995833333333329
11.2,352.12516666666676,28.211194444444423,0.09110694444444441
11.3,355.0689166666668,28.328159722222207,0.09147222222222218
11.4,357.9705833333334,28.333124999999985,0.09148749999999996
11.5,360.8990833333334,28.353047222222205,0.09154861111111108
11.6,363.87183333333337,28.584047222222203,0.0922819444444444
11.7,366.884,29.062058333333315,0.09380972222222218
11.8,369.93316666666675,29.557791666666656,0.0953986111111111
11.9,373.0220833333334,29.832491666666655,0.09627361111111109
12.0,376.11650000000003,29.913041666666654,0.09652222222222219
12.1,379.22425000000004,30.012740277777763,0.09683055555555553
12.2,382.35325,30.127594444444426,0.09718472222222219
12.3,385.46225000000004,30.222261111111095,0.09747638888888886
12.4,388.5386666666667,30.316172222222207,0.09776666666666664
12.5,391.5894166666667,30.403590277777763,0.09803611111111109
12.6,394.61808333333335,30.46994444444443,0.09824027777777775
12.7,397.63366666666667,30.536749999999984,0.09844583333333332
12.8,400.6238333333334,30.62146944444443,0.09870694444444442
12.9,403.53608333333335,30.72469583333332,0.09902499999999997
13.0,406.35241666666667,30.824001388888878,0.09933055555555553
13.1,409.08575,30.91157083333332,0.09959999999999997
13.2,411.77375,31.015929166666655,0.09992222222222218
13.3,414.4826666666667,31.21293055555555,0.10053749999999997
13.4,417.2204166666667,31.506969444444437,0.10146388888888885
13.5,419.9593333333334,31.698091666666656,0.10206527777777773
13.6,422.6945833333334,31.733408333333323,0.10217361111111106
13.7,425.42375000000004,31.733408333333323,0.10217361111111106
13.8,428.09733333333344,31.733408333333323,0.10217361111111106
13.9,430.7205000000001,31.733408333333323,0.10217361111111106
14.0,433.3257500000001,31.733408333333323,0.10217361111111106
14.1,435.8624166666667,31.733408333333323,0.10217361111111106
14.2,438.18850000000003,31.733408333333323,0.10217361111111106
14.3,439.93800000000005,31.733408333333323,0.10217361111111106
14.4,441.15375000000006,31.733408333333323,0.10217361111111106
14.5,442.5785000000001,31.7746111111111,0.10229999999999995
14.6,444.3538333333334,31.89006388888888,0.1026555555555555
14.7,446.2286666666667,32.06076527777777,0.10318333333333327
14.8,448.26175000000006,32.362177777777774,0.10413055555555549
14.9,450.40491666666674,32.7558611111111,0.10537638888888881
15.0,452.61800000000005,33.157645833333326,0.10664999999999993
15.1,454.87550000000005,33.4467361111111,0.10756249999999991
15.2,457.1095833333334,33.56835416666665,0.1079388888888888
15.3,459.2702500000001,33.6321111111111,0.10813472222222213
15.4,461.36250000000007,33.65621805555555,0.10820833333333324
15.5,463.4408333333334,33.67260416666666,0.10825833333333325
15.6,465.39583333333337,33.69033888888888,0.10831249999999991
15.7,467.20950000000005,33.70172777777777,0.10834722222222214
15.8,469.0111666666667,33.7230861111111,0.10841249999999991
15.9,470.7225833333334,33.74034444444444,0.10846527777777769
16.0,472.35650000000004,33.74034444444444,0.10846527777777769
16.1,473.9600833333334,33.74034444444444,0.10846527777777769
16.2,475.50433333333336,33.74034444444444,0.10846527777777769
16.3,477.0331666666667,33.74034444444444,0.10846527777777769
16.4,478.55458333333337,33.74034444444444,0.10846527777777769
16.5,480.07075000000003,33.74034444444444,0.10846527777777769
16.6,481.5758333333334,33.74034444444444,0.10846527777777769
16.7,483.05733333333336,33.74034444444444,0.10846527777777769
16.8,484.4971666666667,33.74034444444444,0.10846527777777769
16.9,485.88183333333336,33.74034444444444,0.10846527777777769
17.0,487.21950000000004,33.74034444444444,0.10846527777777769
17.1,488.5166666666667,33.74034444444444,0.10846527777777769
17.2,489.77708333333334,33.74034444444444,0.10846527777777769
17.3,491.0051666666667,33.74034444444444,0.10846527777777769
17.4,492.20033333333333,33.74034444444444,0.10846527777777769
17.5,493.361,33.74034444444444,0.10846527777777769
17.6,494.4748333333333,33.74034444444444,0.10846527777777769
17.7,495.53849999999994,33.74034444444444,0.10846527777777769
17.8,496.5441666666666,33.74034444444444,0.10846527777777769
17.9,497.4719999999999,33.74034444444444,0.10846527777777769
18.0,498.29783333333324,33.74034444444444,0.10846527777777769
18.1,499.0175833333333,33.74034444444444,0.10846527777777769
18.2,499.69158333333326,33.74034444444444,0.10846527777777769
18.3,500.35349999999994,33.74034444444444,0.10846527777777769
18.4,500.99708333333325,33.74034444444444,0.10846527777777769
18.5,501.63024999999993,33.74034444444444,0.10846527777777769
18.6,502.25183333333325,33.74491388888888,0.10847916666666658
18.7,502.89108333333326,33.768161111111105,0.10854999999999991
18.8,503.5304999999999,33.802831944444435,0.10865555555555546
18.9,504.15291666666656,33.83750277777777,0.10876111111111102
19.0,504.7917499999999,33.87394722222221,0.10887222222222215
19.1,505.43999999999994,33.90715555555555,0.10897361111111104
19.2,506.0943333333333,33.940819444444436,0.10907638888888882
19.3,506.7664166666666,33.97731944444444,0.10918749999999992
19.4,507.4557499999999,34.01159027777778,0.10929166666666658
19.5,508.1221666666666,34.031238888888886,0.1093513888888888
19.6,508.7070833333333,34.03992083333333,0.1093777777777777
19.7,509.1760833333333,34.04812638888889,0.1094027777777777
19.8,509.5128333333333,34.05313333333333,0.10941805555555546
19.9,509.7111666666666,34.05587222222222,0.1094263888888888
20.0,509.7856666666666,34.05769444444444,0.10943194444444435
20.1,509.7929166666666,34.05860555555555,0.10943472222222211
20.2,509.78983333333326,34.05860555555555,0.10943472222222211
20.3,509.78983333333326,34.05860555555555,0.10943472222222211
20.4,509.78983333333326,34.05860555555555,0.10943472222222211
20.5,509.78983333333326,34.05860555555555,0.10943472222222211
20.6,509.78983333333326,34.05860555555555,0.10943472222222211
20.7,509.78983333333326,34.05860555555555,0.10943472222222211
20.8,509.78983333333326,34.05860555555555,0.10943472222222211
20.9,509.78983333333326,34.05860555555555,0.10943472222222211
21.0,509.78983333333326,34.05860555555555,0.10943472222222211
21.1,509.78983333333326,34.05860555555555,0.10943472222222211
21.2,509.7897499999999,34.05860555555555,0.10943472222222211
21.3,509.78966666666656,34.05860555555555,0.10943472222222211
21.4,509.78966666666656,34.05860555555555,0.10943472222222211
21.5,509.78966666666656,34.05860555555555,0.10943472222222211
21.6,509.78966666666656,34.05860555555555,0.10943472222222211
21.7,509.78966666666656,34.05860555555555,0.10943472222222211
21.8,509.78966666666656,34.05860555555555,0.10943472222222211
21.9,509.78966666666656,34.05860555555555,0.10943472222222211
22.0,509.78966666666656,34.05860555555555,0.10943472222222211
22.1,509.78966666666656,34.05860555555555,0.10943472222222211
22.2,509.78966666666656,34.05860555555555,0.10943472222222211
22.3,509.78966666666656,34.05860555555555,0.10943472222222211
22.4,509.78966666666656,34.05860555555555,0.10943472222222211
22.5,509.78966666666656,34.05860555555555,0.10943472222222211
22.6,509.78966666666656,34.05860555555555,0.10943472222222211
22.7,509.78966666666656,34.05860555555555,0.10943472222222211
22.8,509.78966666666656,34.05860555555555,0.10943472222222211
22.9,509.78966666666656,34.05860555555555,0.10943472222222211
23.0,509.78966666666656,34.05860555555555,0.10943472222222211
23.1,509.78966666666656,34.05860555555555,0.10943472222222211
23.2,509.78966666666656,34.05860555555555,0.10943472222222211
23.3,509.78966666666656,34.05860555555555,0.10943472222222211
23.4,509.78966666666656,34.05860555555555,0.10943472222222211
23.5,509.78966666666656,34.05860555555555,0.10943472222222211
23.6,509.78966666666656,34.05860555555555,0.10943472222222211
23.7,509.78966666666656,34.05860555555555,0.10943472222222211
23.8,509.78966666666656,34.05860555555555,0.10943472222222211
23.9,509.78966666666656,34.05860555555555,0.10943472222222211
24.0,509.78966666666656,34.05860555555555,0.10943472222222211
24.1,509.78966666666656,34.05860555555555,0.10943472222222211
24.2,509.78966666666656,34.05860555555555,0.10943472222222211
24.3,509.78966666666656,34.05860555555555,0.10943472222222211
24.4,509.78966666666656,34.05860555555555,0.10943472222222211
24.5,509.78966666666656,34.05860555555555,0.10943472222222211
24.6,509.78966666666656,34.05860555555555,0.10943472222222211
24.7,509.78966666666656,34.05860555555555,0.10943472222222211
24.8,509.78966666666656,34.05860555555555,0.10943472222222211
24.9,509.78966666666656,34.05860555555555,0.10943472222222211
25.0,509.78966666666656,34.05860555555555,0.10943472222222211
25.1,509.78966666666656,34.05860555555555,0.10943472222222211
25.2,509.78966666666656,34.05860555555555,0.10943472222222211
25.3,509.78966666666656,34.05860555555555,0.10943472222222211
25.4,509.78966666666656,34.05860555555555,0.10943472222222211
25.5,509.78966666666656,34.05860555555555,0.10943472222222211
25.6,509.78966666666656,34.05860555555555,0.10943472222222211
25.7,509.78966666666656,34.05860555555555,0.10943472222222211
25.8,509.78966666666656,34.05860555555555,0.10943472222222211
25.9,509.78966666666656,34.05860555555555,0.10943472222222211
26.0,509.78966666666656,34.05860555555555,0.10943472222222211
26.1,509.78966666666656,34.05860555555555,0.10943472222222211
26.2,509.78966666666656,34.05860555555555,0.10943472222222211
26.3,509.78966666666656,34.05860555555555,0.10943472222222211
26.4,509.78966666666656,34.05860555555555,0.10943472222222211
26.5,509.78966666666656,34.05860555555555,0.10943472222222211
26.6,509.78966666666656,34.05860555555555,0.10943472222222211
26.7,509.78991666666656,34.05860555555555,0.10943472222222211
26.8,509.79016666666655,34.05860555555555,0.10943472222222211
26.9,509.78991666666656,34.05860555555555,0.10943472222222211
27.0,509.78966666666656,34.05860555555555,0.10943472222222211
27.1,509.78966666666656,34.05860555555555,0.10943472222222211
27.2,509.78966666666656,34.05860555555555,0.10943472222222211
27.3,509.78966666666656,34.05860555555555,0.10943472222222211
27.4,509.78966666666656,34.05860555555555,0.10943472222222211
27.5,509.78966666666656,34.05860555555555,0.10943472222222211
27.6,509.78966666666656,34.05860555555555,0.10943472222222211
27.7,509.78966666666656,34.05860555555555,0.10943472222222211
27.8,509.78966666666656,34.05860555555555,0.10943472222222211
27.9,509.78966666666656,34.05860555555555,0.10943472222222211
28.0,509.78966666666656,34.05860555555555,0.10943472222222211
28.1,509.78966666666656,34.05860555555555,0.10943472222222211
28.2,509.78966666666656,34.05860555555555,0.10943472222222211
28.3,509.78991666666656,34.05860555555555,0.10943472222222211
28.4,509.7912499999999,34.05860555555555,0.10943472222222211
28.5,509.79516666666655,34.06043888888888,0.10944027777777766
28.6,509.8034999999999,34.06731388888888,0.109461111111111
28.7,509.8208333333332,34.07971111111111,0.109498611111111
28.8,509.84408333333323,34.091636111111114,0.1095347222222221
28.9,509.86866666666657,34.104887500000004,0.10957499999999988
29.0,509.8991666666666,34.11768194444444,0.10961388888888876
29.1,509.93033333333324,34.12363333333333,0.10963194444444432
29.2,509.95358333333326,34.125929166666666,0.10963888888888876
29.3,509.96741666666657,34.126844444444444,0.10964166666666654
29.4,509.9723333333332,34.12776111111111,0.10964444444444431
29.5,509.9659999999999,34.12821944444444,0.10964583333333319
29.6,509.9584999999999,34.12821944444444,0.10964583333333319
29.7,509.9577499999999,34.12821944444444,0.10964583333333319
29.8,509.95766666666657,34.12821944444444,0.10964583333333319
29.9,509.9577499999999,34.12821944444444,0.10964583333333319
30.0,509.9586666666666,34.12821944444444,0.10964583333333319
30.1,509.9602499999999,34.12821944444444,0.10964583333333319
30.2,509.9614166666666,34.12867638888889,0.10964722222222209
30.3,509.9619166666666,34.129133333333336,0.10964861111111097
30.4,509.9620833333332,34.12959166666667,0.10964999999999986
30.5,509.9621666666666,34.13005,0.10965138888888874
30.6,509.9621666666666,34.13005,0.10965138888888874
30.7,509.9621666666666,34.13050833333333,0.10965277777777764
30.8,509.9621666666666,34.13096666666666,0.10965416666666652
30.9,509.9621666666666,34.13142499999999,0.10965555555555541
31.0,509.9621666666666,34.13234166666666,0.10965833333333319
31.1,509.9621666666666,34.13325694444444,0.10966111111111096
31.2,509.9621666666666,34.13417222222222,0.10966388888888874
31.3,509.9621666666666,34.134630555555546,0.10966527777777763
31.4,509.9621666666666,34.13508888888888,0.10966666666666651
31.5,509.9621666666666,34.13554722222221,0.1096680555555554
31.6,509.9623333333332,34.13600555555554,0.10966944444444429
31.7,509.96249999999986,34.13692083333332,0.10967222222222206
31.8,509.96249999999986,34.137377777777765,0.10967361111111094
31.9,509.96249999999986,34.137377777777765,0.10967361111111094
32.0,509.96249999999986,34.137377777777765,0.10967361111111094
32.1,509.96249999999986,34.1378361111111,0.10967499999999984
32.2,509.96249999999986,34.138294444444426,0.10967638888888873
32.3,509.96249999999986,34.138294444444426,0.10967638888888873
32.4,509.96249999999986,34.138294444444426,0.10967638888888873
32.5,509.96249999999986,34.138294444444426,0.10967638888888873
32.6,509.96249999999986,34.13875277777776,0.10967777777777761
32.7,509.9662499999999,34.1405861111111,0.10968333333333316
32.8,509.9734999999999,34.146086111111096,0.10969999999999983
32.9,509.9865833333332,34.157522222222205,0.10973472222222205
33.0,510.00349999999986,34.171249999999986,0.10977638888888872
33.1,510.02724999999987,34.19320277777776,0.10984305555555539
33.2,510.07216666666653,34.22798888888887,0.10994861111111094
33.3,510.14166666666654,34.26688749999998,0.11006666666666648
33.4,510.23816666666653,34.305727777777754,0.11018472222222205
33.5,510.36941666666655,34.3555347222222,0.11033611111111093
33.6,510.54441666666656,34.4254472222222,0.11054861111111093
33.7,510.76891666666654,34.50619999999998,0.11079444444444426
33.8,511.0470833333332,34.59366666666664,0.1110611111111109
33.9,511.3802499999999,34.688113888888864,0.11134861111111091
34.0,511.7675833333332,34.78727083333332,0.1116499999999998
34.1,512.2079999999999,34.89083611111109,0.11196527777777758
34.2,512.7029999999999,34.99789166666665,0.11229166666666647
34.3,513.2489999999998,35.10585833333331,0.11262083333333313
34.4,513.8435833333332,35.221380555555534,0.11297361111111091
34.5,514.4954166666665,35.35287499999998,0.11337638888888871
34.6,515.2018333333332,35.49414166666665,0.11380972222222205
34.7,515.9665833333332,35.63516805555554,0.11424166666666649
34.8,516.7890833333332,35.77936388888887,0.11468333333333314
34.9,517.6624166666666,35.927422222222205,0.11513749999999981
35.0,518.5819999999999,36.07525138888887,0.1155916666666665
35.1,519.5418333333332,36.22330555555554,0.11604583333333317
35.2,520.5465833333333,36.373616666666656,0.11650694444444429
35.3,521.6019999999999,36.534311111111094,0.11700138888888871
35.4,522.7017499999998,36.7004222222222,0.11751249999999983
35.5,523.8486666666665,36.86498055555554,0.1180180555555554
35.6,525.0429999999999,37.02073611111109,0.11849583333333319
35.7,526.2769999999999,37.16901666666665,0.11895138888888876
35.8,527.5538333333332,37.319108333333304,0.11941249999999984
35.9,528.8691666666665,37.46988333333331,0.11987499999999984
36.0,530.2254166666665,37.61907361111109,0.12033333333333318
36.1,531.6208333333333,37.770288888888864,0.12079861111111097
36.2,533.0519166666667,37.92646944444442,0.12127916666666654
36.3,534.5189166666665,38.08671249999997,0.12177222222222206
36.4,536.0218333333332,38.25101805555553,0.12227777777777764
36.5,537.56175,38.420922222222195,0.12280138888888875
36.6,539.14,38.59211249999997,0.12333055555555543
36.7,540.73325,38.70734027777775,0.123686111111111
36.8,542.3278333333333,38.76015416666663,0.12384722222222211
36.9,543.9364166666667,38.81315972222219,0.1240083333333332
37.0,545.5489166666667,38.87338888888886,0.12419166666666655
37.1,547.16375,38.9506847222222,0.12442777777777767
37.2,548.7901666666668,39.06176388888887,0.12476805555555545
37.3,550.4339166666667,39.203240277777745,0.12520277777777764
37.4,552.0975000000001,39.35467777777775,0.1256680555555554
37.5,553.7806666666668,39.498893055555534,0.12611111111111098
37.6,555.4852500000002,39.64537222222221,0.12656111111111099
37.7,557.2160000000002,39.793205555555545,0.12701527777777766
37.8,558.9631666666668,39.91523055555554,0.12739027777777764
37.9,560.7187500000001,40.02072777777776,0.12771388888888877
38.0,562.4843333333334,40.14931666666665,0.1281083333333332
38.1,564.2695833333335,40.33311388888888,0.12867638888888877
38.2,566.0882500000001,40.567390277777776,0.12940277777777764
38.3,567.942,40.8168722222222,0.13017638888888872
38.4,569.8508333333334,41.09410555555554,0.13104027777777763
38.5,571.8686666666667,41.4216611111111,0.13206388888888876
38.6,574.0252500000001,41.81404999999999,0.133298611111111
38.7,576.2897500000001,42.288199999999996,0.13480694444444435
38.8,578.646,42.83361388888885,0.13655833333333314
38.9,581.1210833333333,43.40945138888886,0.13842499999999983
39.0,583.7001666666667,44.000124999999976,0.1403458333333332
39.1,586.3721666666668,44.615859722222204,0.14234166666666656
39.2,589.1750000000002,45.23815138888888,0.1443555555555555
39.3,592.0883333333334,45.820413888888844,0.14624861111111093
39.4,595.1057500000001,46.40946388888885,0.14817361111111094
39.5,598.267,47.05287499999997,0.1502833333333332
39.6,601.5689166666667,47.688786111111085,0.15236527777777767
39.7,604.9148333333335,48.26444444444443,0.15423472222222215
39.8,608.2233333333334,48.76635277777773,0.15585416666666652
39.9,611.4088333333334,49.04474166666663,0.15674305555555543
40.0,614.2885833333335,49.09216527777774,0.15688888888888874
40.1,616.9567500000002,49.09672083333329,0.1569027777777776
40.2,619.6390833333336,49.11755555555552,0.15696666666666653
40.3,622.3427500000001,49.16972777777774,0.15712638888888872
40.4,625.0520833333335,49.30587777777774,0.15754861111111093
40.5,627.7785833333335,49.51518888888886,0.15819861111111094
40.6,630.5227500000002,49.70719444444441,0.1587930555555554
40.7,633.2858333333336,49.89202222222219,0.15936527777777762
40.8,636.0726666666668,50.08088749999995,0.15994999999999981
40.9,638.8830833333335,50.237661111111066,0.16043472222222205
41.0,641.7020833333336,50.348174999999955,0.16077499999999983
41.1,644.5272500000003,50.444904166666625,0.16107222222222206
41.2,647.3598333333337,50.55368888888885,0.1614069444444443
41.3,650.2000833333335,50.65856388888884,0.1617291666666665
41.4,653.0439166666669,50.7450444444444,0.1619944444444443
41.5,655.8916666666669,50.82518611111107,0.16224027777777764
41.6,658.732416666667,50.881783333333296,0.16241388888888875
41.7,661.559416666667,50.90899305555551,0.16249722222222207
41.8,664.3883333333334,50.9412944444444,0.1625958333333332
41.9,667.1944166666668,50.97541249999996,0.16269999999999984
42.0,669.9738333333336,50.9913083333333,0.16274861111111094
42.1,672.748666666667,50.99450694444442,0.16275833333333317
42.2,675.5122500000003,51.006788888888856,0.16279583333333317
42.3,678.3114166666668,51.23210555555551,0.16351666666666645
42.4,681.1840833333335,51.742547222222186,0.16516805555555533
42.5,684.1397500000003,52.40035555555553,0.1673263888888887
42.6,687.2125000000003,53.14437222222221,0.16979444444444428
42.7,690.4210000000004,53.95499722222222,0.1725208333333332
42.8,693.7648333333335,54.76846666666662,0.1752652777777775
42.9,697.2342500000002,55.53275555555552,0.17786527777777755
43.0,700.8378333333336,56.33128749999998,0.18061388888888869
43.1,704.5770833333337,57.13752499999999,0.18337083333333318
43.2,708.4505833333337,57.94945833333334,0.1861624999999999
43.3,712.4425833333335,58.77399583333329,0.18901111111111085
43.4,716.5549166666668,59.644933333333306,0.1920208333333331
43.5,720.8091666666669,60.57924166666665,0.19528194444444424
43.6,725.1923333333336,61.4283736111111,0.1982805555555554
43.7,729.6907500000003,62.26818611111111,0.20127499999999993
43.8,734.3073333333334,63.189473611111055,0.20458333333333306
43.9,739.0535833333334,64.02925833333329,0.2075958333333331
44.0,743.9160833333335,64.72151944444441,0.2100513888888887
44.1,748.8975000000003,65.42877499999997,0.21253611111111095
44.2,753.9835833333336,66.19123055555553,0.2151708333333332
44.3,759.1426666666666,66.93669999999995,0.2177194444444442
44.4,764.3634166666667,67.5838319444444,0.21993888888888866
44.5,769.6570833333334,68.15228611111107,0.2218888888888887
44.6,774.9947500000002,68.8506972222222,0.2242902777777776
44.7,780.3360833333336,69.63337638888888,0.22700277777777764
44.8,785.7344166666666,70.41357777777772,0.22969722222222194
44.9,791.0922499999999,70.8162944444444,0.2310763888888886
45.0,796.09975,70.8162944444444,0.2310763888888886
45.1,800.3212500000001,70.8162944444444,0.2310763888888886
45.2,803.5774166666667,70.8293041666666,0.2311166666666664
45.3,805.8756666666666,70.89625972222215,0.2313249999999997
45.4,807.5777499999999,71.02176111111105,0.23171666666666638
45.5,809.1183333333332,71.14429999999994,0.23209861111111083
45.6,810.5034999999999,71.20701944444438,0.23229305555555527
45.7,811.7251666666666,71.2241555555555,0.23234583333333306
45.8,812.9165833333332,71.22955555555549,0.23236249999999972
45.9,814.0901666666665,71.22955555555549,0.23236249999999972
46.0,814.9965833333332,71.22955555555549,0.23236249999999972
46.1,815.4702499999999,71.24129166666661,0.23239861111111082
46.2,815.5754166666666,71.25302777777772,0.23243472222222195
46.3,815.2755,71.25302777777772,0.23243472222222195
46.4,814.3488333333332,71.25302777777772,0.23243472222222195
46.5,812.8710833333332,71.25302777777772,0.23243472222222195
46.6,811.1859999999998,71.25302777777772,0.23243472222222195
46.7,809.5149166666664,71.25302777777772,0.23243472222222195
46.8,807.8684166666665,71.25302777777772,0.23243472222222195
46.9,806.2415833333331,71.25302777777772,0.23243472222222195
47.0,804.6564999999997,71.25302777777772,0.23243472222222195
47.1,803.179083333333,71.25302777777772,0.23243472222222195
47.2,801.867833333333,71.25302777777772,0.23243472222222195
47.3,800.7460833333331,71.25302777777772,0.23243472222222195
47.4,799.8171666666665,71.25302777777772,0.23243472222222195
47.5,799.0582499999998,71.25302777777772,0.23243472222222195
47.6,798.4379166666665,71.25302777777772,0.23243472222222195
47.7,797.9260833333332,71.25302777777772,0.23243472222222195
47.8,797.5104166666665,71.25302777777772,0.23243472222222195
47.9,797.1701666666665,71.25302777777772,0.23243472222222195
48.0,796.8784166666666,71.25302777777772,0.23243472222222195
48.1,796.6157499999999,71.25302777777772,0.23243472222222195
48.2,796.3730833333333,71.25302777777772,0.23243472222222195
48.3,796.1458333333333,71.25302777777772,0.23243472222222195
48.4,795.9306666666666,71.25302777777772,0.23243472222222195
48.5,795.7244999999999,71.25302777777772,0.23243472222222195
48.6,795.5267499999999,71.25302777777772,0.23243472222222195
48.7,795.3537499999999,71.25302777777772,0.23243472222222195
48.8,795.2473333333332,71.25302777777772,0.23243472222222195
48.9,795.2169999999999,71.25302777777772,0.23243472222222195
49.0,795.2158333333332,71.25302777777772,0.23243472222222195
49.1,795.2153333333332,71.25302777777772,0.23243472222222195
49.2,795.2789999999999,71.31712499999995,0.23263194444444416
49.3,795.4039166666665,71.4602152777777,0.23307222222222193
49.4,795.5723333333332,71.64866944444438,0.23365416666666639
49.5,795.8427499999998,71.8905430555555,0.23440555555555528
49.6,796.2318333333332,72.17277499999994,0.23528333333333307
49.7,796.7543333333332,72.48259444444439,0.23624861111111087
49.8,797.4009166666665,72.81948333333325,0.23730138888888858
49.9,798.1675833333331,73.17524722222214,0.23841666666666636
50.0,799.0651666666665,73.55973194444437,0.2396277777777775
50.1,800.0874999999999,73.96635277777771,0.24091249999999975
50.2,801.2472499999999,74.38367499999994,0.24223749999999977
50.3,802.5690833333332,74.81978611111103,0.2436263888888886
50.4,804.0552499999999,75.29611944444437,0.24514861111111086
50.5,805.6908333333332,75.80441944444438,0.24677777777777754
50.6,807.4648333333332,76.34083749999994,0.24849999999999978
50.7,809.3524166666666,76.88898888888883,0.2502652777777776
50.8,811.3004166666665,77.44059583333325,0.2520416666666664
50.9,813.3223333333332,78.03083611111103,0.2539458333333331
51.0,815.4904166666665,78.6354277777777,0.25591527777777756
51.1,817.7674999999999,79.22527222222216,0.25784305555555537
51.2,820.1049999999999,79.80345555555549,0.2597263888888887
51.3,822.5408333333331,80.439336111111,0.2618124999999997
51.4,825.0924999999999,81.10256944444434,0.26400138888888863
51.5,827.7453333333332,81.74878611111102,0.2661305555555553
51.6,830.5214999999998,82.43624444444436,0.2683958333333331
51.7,833.4213333333332,83.12271944444437,0.27067222222222204
51.8,836.423583333333,83.82063611111101,0.2729986111111108
51.9,839.5404166666664,84.5223027777777,0.27533749999999974
52.0,842.7483333333331,85.12969166666659,0.27734999999999976
52.1,846.0614166666664,85.70518055555549,0.27924305555555534
52.2,849.4219166666664,86.0680666666666,0.2804249999999998
52.3,852.7214166666663,86.13201944444437,0.2806236111111109
52.4,855.9797499999996,86.13382499999993,0.28062916666666643
52.5,859.2774999999997,86.26115277777771,0.28103194444444424
52.6,862.6212499999997,86.5541416666666,0.2819624999999998
52.7,865.9879999999997,86.96013611111104,0.2832652777777776
52.8,869.4160833333328,87.45961388888878,0.28488472222222194
52.9,872.8957499999996,87.94733472222214,0.28646388888888863
53.0,876.4061666666663,88.34200833333325,0.2877277777777775
53.1,879.9226666666664,88.71704444444435,0.2889263888888886
53.2,883.4596666666664,89.19274722222214,0.2904708333333331
53.3,887.0761666666662,89.77460555555545,0.29238194444444415
53.4,890.7812499999995,90.40185416666657,0.2944555555555553
53.5,894.5539999999996,91.02956388888879,0.2965444444444442
53.6,898.3927499999996,91.61993194444435,0.2984972222222221
53.7,902.2132499999997,91.8965499999999,0.2994041666666665
53.8,905.9839166666661,91.8965499999999,0.2994041666666665
53.9,909.7389999999995,91.8965499999999,0.2994041666666665
54.0,913.4546666666662,91.96566666666658,0.2996208333333332
54.1,917.2160833333329,92.33971944444436,0.3008472222222221
54.2,921.0293333333329,92.83922222222215,0.3024805555555554
54.3,924.8160833333327,93.1263638888888,0.3033916666666665
54.4,928.6009999999994,93.30356249999993,0.3039444444444443
54.5,932.3608333333328,93.38818611111104,0.30420972222222203
54.6,936.0312499999995,93.38818611111104,0.30420972222222203
54.7,939.5254999999996,93.38818611111104,0.30420972222222203
54.8,942.8932499999994,93.38818611111104,0.30420972222222203
54.9,946.2645833333328,93.38818611111104,0.30420972222222203
55.0,949.6152499999995,93.38818611111104,0.30420972222222203
55.1,952.9269999999996,93.38818611111104,0.30420972222222203
55.2,956.198083333333,93.38818611111104,0.30420972222222203
55.3,959.3599999999994,93.38818611111104,0.30420972222222203
55.4,962.1054166666662,93.38818611111104,0.30420972222222203
55.5,964.0559999999996,93.3890916666666,0.3042124999999998
55.6,965.5399999999996,93.40579583333327,0.30426388888888867
55.7,967.1387499999996,93.43829583333327,0.30436388888888866
55.8,969.0811666666661,93.52789444444437,0.3046416666666664
55.9,971.4996666666661,93.77815833333327,0.305434722222222
56.0,974.1416666666662,94.08312499999994,0.3064013888888887
56.1,976.7583333333329,94.3463305555555,0.30722916666666644
56.2,979.3939999999996,94.64432499999995,0.3081708333333331
56.3,982.0741666666661,94.98127638888882,0.3092388888888886
56.4,984.8259999999995,95.33289999999994,0.3103569444444442
56.5,987.6492499999995,95.68277361111106,0.31146944444444424
56.6,990.5075833333328,95.99208611111106,0.31245138888888874
56.7,993.3579166666663,96.20348611111108,0.3131180555555554
56.8,996.0929999999994,96.27838611111106,0.3133513888888887
56.9,998.7525833333327,96.35527499999995,0.3135916666666665
57.0,1001.5272499999994,96.74428055555552,0.31484861111111095
57.1,1004.4032499999995,97.35377222222219,0.3168402777777777
57.2,1007.3319166666662,98.01485555555553,0.319023611111111
57.3,1010.3608333333327,98.76672638888883,0.32153888888888865
57.4,1013.4917499999995,99.50597777777773,0.3240319444444442
57.5,1016.7194999999995,100.24984722222219,0.3265361111111109
57.6,1019.9946666666661,100.9643611111111,0.32891249999999983
57.7,1023.2693333333328,101.60235555555555,0.3310180555555554
57.8,1026.6047499999993,102.2700083333333,0.33324444444444423
57.9,1030.060916666666,102.9208833333333,0.3354152777777776
58.0,1033.6670833333326,103.55120694444442,0.33749166666666647
58.1,1037.4108333333327,104.18121388888888,0.33957361111111095
58.2,1041.254416666666,104.82556388888888,0.3417291666666666
58.3,1045.1893333333323,105.49316666666662,0.3439694444444443
58.4,1049.1765833333325,106.12183611111108,0.34607222222222206
58.5,1053.2174999999993,106.69401388888886,0.34797361111111097
58.6,1057.3260833333327,107.21369722222221,0.34968888888888877
58.7,1061.497916666666,107.74991944444443,0.3514527777777777
58.8,1065.6734166666658,108.12897222222219,0.3526847222222221
58.9,1069.6653333333325,108.22555833333331,0.35298749999999984
59.0,1073.473916666666,108.22555833333331,0.35298749999999984
59.1,1077.2271666666659,108.2336583333333,0.35301249999999984
59.2,1080.8844999999992,108.25840833333329,0.35308888888888873
59.3,1084.3953333333322,108.32469999999995,0.3532944444444443
59.4,1087.7984166666656,108.44166249999995,0.3536583333333332
59.5,1091.1654166666656,108.69885833333329,0.3544805555555554
59.6,1094.5646666666655,109.10556944444441,0.35579027777777766
59.7,1097.9739166666657,109.59182222222219,0.35737083333333325
59.8,1101.395583333332,110.13863888888882,0.35916666666666647
59.9,1104.8301666666655,110.6572305555555,0.36085972222222207
60.0,1108.2244166666655,111.05803888888885,0.36214861111111096
60.1,1111.5156666666655,111.29898888888884,0.36291111111111096
60.2,1114.6308333333322,111.4738069444444,0.3634583333333332
60.3,1117.5984166666653,111.68352499999995,0.3641180555555554
60.4,1120.4877499999986,111.96460833333329,0.36500972222222205
60.5,1123.3416666666653,112.34629444444441,0.3662319444444443
60.6,1126.192583333332,112.82749722222219,0.3677874999999999
60.7,1129.0862499999987,113.37157499999998,0.36955694444444437
60.8,1132.055583333332,113.91522499999995,0.3713249999999998
60.9,1135.0679166666653,114.46051388888885,0.37310138888888866
61.0,1138.0549166666653,115.01003888888886,0.37489722222222205
61.1,1141.013583333332,115.53873888888886,0.3766249999999998
61.2,1143.9921666666653,116.06952777777776,0.3783624999999999
61.3,1147.0254999999984,116.61038749999996,0.3801416666666665
61.4,1150.1080833333317,117.16167916666663,0.381961111111111
61.5,1153.2452499999984,117.75633472222219,0.38393055555555544
61.6,1156.446166666665,118.31461527777776,0.3857694444444444
61.7,1159.651916666665,118.72989166666665,0.3871097222222222
61.8,1162.8769999999984,119.14346249999996,0.38844444444444437
61.9,1166.186166666665,119.66558888888885,0.39015416666666664
62.0,1169.5438333333318,120.23884166666664,0.3920430555555556
62.1,1172.9552499999986,120.79353333333331,0.39386250000000006
62.2,1176.2594999999988,121.05448333333332,0.3947125
62.3,1179.1091666666653,121.05448333333332,0.3947125
62.4,1181.2267499999987,121.05448333333332,0.3947125
62.5,1182.8537499999986,121.06528333333333,0.39474583333333335
62.6,1184.236333333332,121.08868333333332,0.39481805555555555
62.7,1185.5602499999986,121.1330361111111,0.3949555555555556
62.8,1187.070083333332,121.20471527777775,0.3951777777777778
62.9,1188.6291666666652,121.28411944444441,0.39542361111111113
63.0,1190.120333333332,121.34953611111108,0.3956263888888889
63.1,1191.4539999999986,121.39392499999997,0.39576388888888897
63.2,1192.7316666666652,121.48861249999997,0.3960583333333334
63.3,1194.2256666666651,121.79220972222218,0.3970222222222222
63.4,1195.9222499999985,122.24461249999996,0.3984722222222222
63.5,1197.7034999999985,122.75075972222218,0.4001055555555556
63.6,1199.5550833333318,123.28550138888886,0.40183611111111117
63.7,1201.4465833333318,123.82668055555554,0.40358750000000004
63.8,1203.418916666665,124.39222777777772,0.4054236111111111
63.9,1205.5104999999983,124.94685138888883,0.4072361111111111
64.0,1207.7255833333315,125.53651805555552,0.4091694444444444
64.1,1210.0580833333313,126.0967666666666,0.4109958333333332
64.2,1212.4996666666648,126.62143194444442,0.41270555555555555
64.3,1215.046749999998,127.19586388888884,0.414598611111111
64.4,1217.7368333333316,127.83623055555556,0.41671527777777784
64.5,1220.5577499999981,128.4708805555555,0.41881944444444436
64.6,1223.4634166666647,129.0526194444444,0.4207458333333332
64.7,1226.4510833333316,129.6015,0.42254305555555555
64.8,1229.539499999998,130.09355277777772,0.4241458333333333
64.9,1232.7229999999984,130.5868875,0.4257583333333334
65.0,1235.9711666666649,131.0284194444444,0.42718888888888884
65.1,1239.1875833333313,131.21027777777772,0.42776805555555547
65.2,1242.2756666666648,131.21027777777772,0.42776805555555547
65.3,1245.2623333333313,131.21027777777772,0.42776805555555547
65.4,1248.264916666665,131.44579166666665,0.42852777777777773
65.5,1251.3056666666648,131.92513888888885,0.4300791666666665
65.6,1254.372999999998,132.38166666666658,0.4315569444444442
65.7,1257.5527499999982,132.78466666666662,0.4328569444444443
65.8,1260.8802499999981,133.23845833333326,0.43433472222222197
65.9,1264.329166666665,133.81130555555552,0.4362263888888888
66.0,1267.8530833333316,134.3833055555555,0.4381152777777776
66.1,1271.3614166666648,134.828811111111,0.43956249999999975
66.2,1274.446416666665,135.01167777777772,0.44014861111111087
66.3,1276.6363333333315,135.03806388888881,0.44023055555555535
66.4,1278.7048333333316,135.29651944444439,0.44106111111111096
66.5,1281.3134999999982,135.72425972222214,0.4424388888888887
66.6,1284.0531666666648,136.09903611111102,0.44364027777777754
66.7,1286.792916666665,136.45580833333327,0.4447819444444443
66.8,1289.5908333333314,136.80810833333325,0.4459111111111109
66.9,1292.3955833333316,137.05139999999994,0.4466847222222221
67.0,1295.1136666666648,137.15717777777772,0.44701388888888877
67.1,1297.7731666666646,137.26496388888881,0.44734999999999986
67.2,1300.387999999998,137.47606805555552,0.44801666666666656
67.3,1302.9788333333313,137.7959055555555,0.4490374999999998
67.4,1305.6129999999982,138.19375138888887,0.4503194444444444
67.5,1308.330499999998,138.66422222222215,0.4518499999999999
67.6,1311.0650833333311,139.10778055555545,0.45328749999999984
67.7,1313.6463333333313,139.30292499999993,0.4539124999999999
67.8,1316.0114999999978,139.32762083333324,0.4539888888888888
67.9,1318.3778333333314,139.52781111111105,0.4546263888888889
68.0,1320.8550833333313,139.8638513888888,0.45569999999999994
68.1,1323.4114166666645,140.29239583333322,0.45708611111111097
68.2,1326.0733333333314,140.79318055555547,0.4587125
68.3,1328.845249999998,141.31718888888878,0.4604208333333332
68.4,1331.7439999999983,141.8860444444444,0.46228888888888897
68.5,1334.7355833333315,142.46744444444434,0.46420138888888884
68.6,1337.774999999998,143.05602222222208,0.4661374999999998
68.7,1340.7824999999982,143.61426388888881,0.46797083333333334
68.8,1343.7504166666647,144.18575555555543,0.4698541666666665
68.9,1346.7768333333315,144.78825555555548,0.47184583333333335
69.0,1349.8144166666648,145.36399444444433,0.47374305555555546
69.1,1352.8645833333312,145.83921111111096,0.4752930555555554
69.2,1355.8956666666647,146.0859722222221,0.4760847222222221
69.3,1358.8091666666646,146.1678722222221,0.4763402777777776
69.4,1361.6327499999982,146.25660277777766,0.4766166666666665
69.5,1364.3400833333314,146.36463749999984,0.47695277777777767
69.6,1366.9244166666647,146.47043611111096,0.4772819444444443
69.7,1369.418916666665,146.55260555555543,0.4775374999999999
69.8,1371.8663333333316,146.62190138888874,0.47775277777777764
69.9,1374.296666666665,146.70026111111096,0.4779958333333332
70.0,1376.7188333333315,146.82918888888875,0.47839861111111087
70.1,1379.1446666666648,147.03530972222205,0.47904722222222196
70.2,1381.597916666665,147.33466666666652,0.4799986111111109
70.3,1384.1049166666648,147.71352499999983,0.4812111111111108
70.4,1386.6789166666651,148.11132499999985,0.48248611111111095
70.5,1389.3195833333316,148.50674305555538,0.48375555555555527
70.6,1392.0334166666648,148.92416944444423,0.48509999999999964
70.7,1394.812666666665,149.3543777777776,0.4864833333333331
70.8,1397.6492499999983,149.78182638888867,0.4878555555555553
70.9,1400.5236666666653,150.14305277777763,0.48901249999999985
71.0,1403.395166666665,150.35666388888873,0.48968888888888873
71.1,1406.2882499999982,150.58240972222205,0.4904055555555554
71.2,1409.2298333333317,150.9275791666665,0.4915083333333332
71.3,1412.1948333333316,151.2641916666665,0.4925791666666665
71.4,1415.1591666666652,151.48182499999984,0.4932652777777777
71.5,1418.1224999999984,151.6151583333332,0.49368194444444435
71.6,1421.0998333333316,151.77929999999984,0.4941958333333332
71.7,1424.0889166666652,151.97040277777762,0.4947958333333332
71.8,1427.0884166666651,152.15025277777764,0.49535972222222213
71.9,1430.098583333332,152.33142777777766,0.4959277777777777
72.0,1433.1463333333318,152.64540138888876,0.49693055555555543
72.1,1436.2535833333316,153.1000041666665,0.49839722222222205
72.2,1439.4152499999984,153.5474472222221,0.49984305555555547
72.3,1442.6239166666649,153.90887777777763,0.5010027777777776
72.4,1445.837166666665,154.06959027777765,0.5015138888888888
72.5,1449.0262499999983,154.08569444444433,0.5015638888888888
72.6,1452.2187499999982,154.10948888888876,0.5016374999999998
72.7,1455.419666666665,154.1737999999999,0.5018374999999998
72.8,1458.605416666665,154.25560694444434,0.5020916666666665
72.9,1461.7226666666652,154.2910472222221,0.5022013888888888
73.0,1464.7998333333317,154.294636111111,0.5022124999999998
73.1,1467.8582499999982,154.30452499999987,0.5022430555555554
73.2,1470.8609166666652,154.3243249999999,0.5023041666666666
73.3,1473.7957499999984,154.3378249999999,0.5023458333333332
73.4,1476.6879166666654,154.3499749999999,0.5023833333333332
73.5,1479.5739999999985,154.4214208333332,0.5026055555555554
73.6,1482.4313333333316,154.55804999999987,0.5030319444444442
73.7,1485.2472499999985,154.66544027777763,0.5033666666666665
73.8,1488.0310833333317,154.70497638888872,0.5034888888888888
73.9,1490.7472499999985,154.73470555555542,0.5035805555555554
74.0,1493.222166666665,154.79207499999987,0.5037583333333331
74.1,1495.2933333333317,154.85079444444432,0.5039402777777776
74.2,1497.1152499999985,154.90110555555543,0.5040958333333331
74.3,1498.9429999999984,154.95987361111096,0.5042777777777776
74.4,1500.8741666666651,155.02626805555542,0.5044833333333331
74.5,1502.8850833333317,155.09995555555543,0.5047111111111109
74.6,1504.9104999999984,155.18426388888875,0.504972222222222
74.7,1506.9303333333319,155.3385472222221,0.5054555555555554
74.8,1508.9497499999984,155.56018055555543,0.5061513888888887
74.9,1510.9912499999987,155.78436666666656,0.5068541666666665
75.0,1513.0589166666653,155.98624444444434,0.507486111111111
75.1,1515.1368333333319,156.18546388888876,0.5081097222222221
75.2,1517.2306666666655,156.45068333333322,0.5089458333333332
75.3,1519.382833333332,156.80454999999986,0.5100736111111109
75.4,1521.6611666666654,157.24332499999988,0.5114874999999999
75.5,1524.0484166666652,157.71098333333322,0.5129986111111109
75.6,1526.487416666665,158.17027916666652,0.5144777777777775
75.7,1528.9909166666653,158.65030833333321,0.5160263888888886
75.8,1531.5337499999985,159.13130555555537,0.5175805555555553
75.9,1534.1202499999986,159.59739166666654,0.5190888888888887
76.0,1536.8033333333317,160.0521194444443,0.5205652777777775
76.1,1539.5917499999982,160.5303749999998,0.5221180555555551
76.2,1542.467416666665,161.04030833333317,0.5237763888888887
76.3,1545.4327499999981,161.5287499999998,0.5253624999999996
76.4,1548.477416666665,162.00262499999985,0.5268986111111109
76.5,1551.5652499999983,162.50312499999984,0.5285236111111108
76.6,1554.6772499999981,163.0061916666665,0.5301569444444441
76.7,1557.8423333333317,163.50247499999983,0.5317736111111108
76.8,1561.0857499999981,164.0349999999998,0.5335138888888885
76.9,1564.4092499999983,164.57942499999984,0.5352930555555553
77.0,1567.8283333333316,165.10005972222206,0.5369972222222219
77.1,1571.324999999998,165.63923333333312,0.5387680555555552
77.2,1574.876916666665,166.19952222222207,0.5406111111111108
77.3,1578.4977499999982,166.7694013888887,0.5424888888888885
77.4,1582.1965833333318,167.27891249999982,0.5441611111111109
77.5,1585.954916666665,167.72150416666648,0.5456027777777774
77.6,1589.7605833333314,168.19991249999978,0.5471611111111107
77.7,1593.5987499999983,168.65985833333318,0.5486527777777774
77.8,1597.414499999998,168.94028888888872,0.5495499999999995
77.9,1601.142166666665,169.04037222222206,0.5498624999999996
78.0,1604.8215833333313,169.26236111111092,0.5505736111111107
78.1,1608.5271666666645,169.67463194444423,0.5519083333333329
78.2,1612.2448333333314,170.02508611111094,0.5530374999999996
78.3,1615.8923333333312,170.2378152777776,0.5537083333333329
78.4,1619.3749999999982,170.38334444444425,0.5541638888888886
78.5,1622.6854166666647,170.48534444444425,0.5544819444444441
78.6,1625.850249999998,170.56793472222202,0.5547388888888884
78.7,1628.8602499999981,170.70291527777758,0.5551611111111108
78.8,1631.6464166666647,170.893872222222,0.5557597222222219
78.9,1634.1249166666648,171.0604152777776,0.5562805555555552
79.0,1636.3620833333314,171.21322361111092,0.556758333333333
79.1,1638.5249999999978,171.37294444444424,0.557258333333333
79.2,1640.6939166666646,171.5335513888887,0.5577611111111108
79.3,1642.848333333331,171.69149166666648,0.5582555555555553
79.4,1644.9482499999979,171.81655833333315,0.5586458333333331
79.5,1646.9942499999977,171.96489444444424,0.5591097222222219
79.6,1649.0384999999976,172.14344583333312,0.5596694444444441
79.7,1651.1059166666644,172.32094999999978,0.5602249999999998
79.8,1653.2368333333309,172.61418611111088,0.5611597222222219
79.9,1655.4474166666644,173.03317222222202,0.5625069444444443
80.0,1657.635833333331,173.45476805555532,0.563858333333333
80.1,1659.7719999999974,173.84704722222196,0.5651097222222219
80.2,1661.9420833333309,174.24213611111088,0.5663722222222219
80.3,1664.195916666664,174.61594444444418,0.5675652777777774
80.4,1666.508083333331,174.89931388888866,0.5684624999999998
80.5,1668.8517499999973,175.1282583333331,0.5691847222222218
80.6,1671.1557499999972,175.30765277777752,0.5697486111111106
80.7,1673.386916666664,175.42765277777752,0.5701236111111107
80.8,1675.5899999999972,175.5695916666664,0.5705680555555551
80.9,1677.7977499999974,175.78725277777755,0.5712541666666663
81.0,1680.032666666664,176.0667805555553,0.5721402777777772
81.1,1682.3040833333305,176.37171805555528,0.5731083333333327
81.2,1684.6669999999974,176.71057361111087,0.5741916666666662
81.3,1687.1971666666639,177.15172222222196,0.5756208333333327
81.4,1689.8764999999973,177.6650944444442,0.5772930555555551
81.5,1692.6358333333305,178.13849861111083,0.5788305555555551
81.6,1695.344499999997,178.57250694444417,0.5802305555555549
81.7,1698.0084166666638,179.00938749999975,0.581644444444444
81.8,1700.748749999997,179.43244583333305,0.5830138888888884
81.9,1703.5532499999972,179.81485277777753,0.5842416666666663
82.0,1706.3189166666637,179.99208611111086,0.5848097222222218
82.1,1708.9871666666636,179.99208611111086,0.5848097222222218
82.2,1711.5805833333304,179.99388611111084,0.5848152777777774
82.3,1714.2006666666637,180.14436111111084,0.585295833333333
82.4,1716.9267499999971,180.51105277777754,0.5864763888888886
82.5,1719.6755833333302,180.9361666666664,0.5878499999999997
82.6,1722.3974999999966,181.38874722222192,0.5893124999999997
82.7,1725.1419166666635,181.82841111111085,0.590733333333333
82.8,1727.97133333333,182.24532916666638,0.5920805555555553
82.9,1730.9081666666636,182.74680277777756,0.5937152777777777
83.0,1733.9466666666635,183.3262805555553,0.5956249999999997
83.1,1737.0774999999967,183.91719583333304,0.597572222222222
83.2,1740.3173333333302,184.49804444444422,0.599486111111111
83.3,1743.63508333333,184.99471944444417,0.6011152777777776
83.4,1746.9787499999968,185.32141388888866,0.6021638888888888
83.5,1750.3658333333299,185.61272638888866,0.6030944444444444
83.6,1753.835666666663,185.98742777777753,0.6043013888888888
83.7,1757.4193333333299,186.4621069444442,0.6058527777777778
83.8,1761.081916666663,187.0281277777775,0.6077208333333333
83.9,1764.8402499999966,187.56909722222204,0.6094930555555556
84.0,1768.567666666663,187.934397222222,0.6106680555555555
84.1,1772.0383333333293,188.05415277777757,0.6110458333333333
84.2,1775.3515833333297,188.05415277777757,0.6110458333333333
84.3,1778.6020833333296,188.08848194444423,0.6111527777777777
84.4,1781.7252499999965,188.15981527777757,0.611375
84.5,1784.6836666666632,188.25681944444423,0.6116777777777778
84.6,1787.4943333333297,188.39459722222202,0.6121083333333333
84.7,1790.23758333333,188.53971944444424,0.6125625
84.8,1792.994416666663,188.75446944444425,0.6132430555555555
84.9,1795.8037499999966,189.08300833333317,0.6142930555555556
85.0,1798.6615833333299,189.50027499999982,0.6156402777777777
85.1,1801.569916666663,189.96441388888866,0.6171472222222221
85.2,1804.543916666663,190.40037777777758,0.6185583333333333
85.3,1807.5379999999964,190.72996111111087,0.6196152777777777
85.4,1810.5619166666634,191.0674861111109,0.6207069444444445
85.5,1813.7118333333299,191.58443055555531,0.6224027777777776
85.6,1816.954166666663,192.1379638888886,0.6242236111111109
85.7,1820.23233333333,192.6749361111109,0.6259930555555555
85.8,1823.5097499999965,193.0901819444442,0.6273444444444444
85.9,1826.6782499999968,193.27294444444422,0.6279194444444444
86.0,1829.7842499999965,193.42983888888864,0.6284138888888887
86.1,1832.9040833333297,193.6834083333331,0.6292208333333331
86.2,1836.0633333333299,194.045972222222,0.6303902777777777
86.3,1839.290416666663,194.55414999999977,0.6320527777777776
86.4,1842.53208333333,195.0673138888887,0.6337291666666666
86.5,1845.8124166666632,195.51345416666643,0.6351777777777776
86.6,1849.1266666666631,195.9486777777775,0.6365888888888888
86.7,1852.3516666666635,196.2835111111109,0.6376624999999999
86.8,1855.40333333333,196.53503055555532,0.638459722222222
86.9,1858.2634999999968,196.74889166666645,0.6391347222222221
87.0,1860.8311666666634,196.86396666666644,0.6394958333333332
87.1,1863.2281666666634,196.90189999999976,0.6396138888888888
87.2,1865.662249999997,196.9518708333331,0.6397694444444444
87.3,1868.1454166666633,197.1624666666664,0.6404374999999998
87.4,1870.6954999999969,197.57954166666644,0.6417861111111111
87.5,1873.34958333333,198.07257638888865,0.6433999999999999
87.6,1876.0370833333297,198.50438055555526,0.6448041666666664
87.7,1878.6269166666632,198.7112277777775,0.6454666666666665
87.8,1881.263666666663,198.99288055555527,0.6463777777777775
87.9,1884.0344999999966,199.4954555555553,0.6480069444444444
88.0,1886.7944999999963,199.86739305555528,0.6492027777777777
88.1,1889.4780833333296,200.0720388888886,0.6498486111111109
88.2,1891.9982499999965,200.16148472222196,0.6501277777777776
88.3,1894.2949999999964,200.17359722222196,0.6501652777777778
88.4,1896.40408333333,200.20400833333306,0.6502597222222222
88.5,1898.4912499999964,200.35329444444415,0.6507291666666667
88.6,1900.6579999999963,200.58656111111083,0.6514638888888888
88.7,1902.8424166666632,200.81446111111083,0.6521805555555557
88.8,1905.0674999999965,201.07890694444413,0.6530166666666667
88.9,1907.4189166666633,201.45086527777752,0.6542111111111112
89.0,1909.9270833333298,201.88346527777747,0.655611111111111
89.1,1912.5377499999963,202.34657777777747,0.6571124999999999
89.2,1915.2949999999967,202.84359444444416,0.6587236111111112
89.3,1918.1523333333298,203.31207916666636,0.6602444444444445
89.4,1920.92358333333,203.73181388888864,0.661601388888889
89.5,1923.5901666666632,204.12896944444415,0.6628763888888889
89.6,1926.2542499999963,204.52031111111083,0.6641347222222221
89.7,1928.9694999999965,204.8867305555553,0.6653111111111112
89.8,1931.7299999999964,205.2121638888886,0.6663541666666667
89.9,1934.4996666666632,205.46001249999975,0.6671416666666666
90.0,1937.2372499999963,205.6174833333331,0.6676347222222223
90.1,1939.925666666663,205.77111388888864,0.6681166666666667
90.2,1942.5745833333299,205.99158888888866,0.6688125000000001
90.3,1945.2063333333297,206.25755138888866,0.6696555555555557
90.4,1947.8694999999966,206.57218055555535,0.6706597222222224
90.5,1950.5964166666631,206.94573333333312,0.6718611111111112
90.6,1953.315416666663,207.2223944444442,0.6727472222222222
90.7,1955.9985833333299,207.37609444444425,0.6732305555555556
90.8,1958.7091666666631,207.59073888888867,0.6739111111111111
90.9,1961.48708333333,207.94229583333313,0.6750416666666667
91.0,1964.3549999999966,208.37232083333313,0.6764333333333333
91.1,1967.318416666663,208.78534166666643,0.6777638888888887
91.2,1970.37108333333,209.21434166666648,0.6791486111111111
91.3,1973.4619166666632,209.67021666666645,0.6806263888888888
91.4,1976.5374999999967,209.99510972222203,0.6816694444444443
91.5,1979.5564999999965,210.0990402777776,0.6819972222222221
91.6,1982.559916666663,210.19181111111092,0.6822888888888887
91.7,1985.64608333333,210.54036805555538,0.6834194444444444
91.8,1988.7996666666631,210.99273888888868,0.6848902777777776
91.9,1991.9874999999968,211.32927777777763,0.6859680555555553
92.0,1995.1962499999966,211.5673027777776,0.6867222222222219
92.1,1998.4111666666631,211.74988194444424,0.6872972222222219
92.2,2001.7084166666634,211.94721388888868,0.6879208333333331
92.3,2005.0914999999966,212.20220833333312,0.6887277777777774
92.4,2008.5046666666635,212.48528055555536,0.6896263888888886
92.5,2012.01758333333,212.8065499999998,0.6906513888888884
92.6,2015.5987499999965,213.18287499999977,0.6918597222222218
92.7,2019.1669999999967,213.54224583333314,0.6930138888888885
92.8,2022.6526666666632,213.8456944444442,0.6939791666666663
92.9,2025.99283333333,214.0200499999998,0.6945291666666662
93.0,2029.2592499999964,214.16966666666644,0.6949986111111107
93.1,2032.4964999999963,214.4553319444442,0.6959055555555551
93.2,2035.71658333333,214.76310972222203,0.6968861111111108
93.3,2039.0619166666631,215.087822222222,0.697930555555555
93.4,2042.6184999999969,215.63163472222206,0.6997388888888886
93.5,2046.1416666666632,216.2009513888887,0.7016277777777774
93.6,2049.6002499999963,216.65450555555535,0.7031083333333329
93.7,2053.2064999999966,217.1987194444443,0.7049152777777774
93.8,2056.999416666663,217.8021777777776,0.7069236111111107
93.9,2060.835166666663,218.3884444444443,0.7088680555555552
94.0,2064.4684999999963,218.92639166666646,0.7106416666666663
94.1,2067.801166666663,219.43936666666644,0.7123180555555552
94.2,2070.8617499999964,219.93619166666647,0.7139416666666665
94.3,2073.6504166666627,220.39965555555534,0.7154513888888885
94.4,2076.034749999996,220.792834722222,0.7167194444444442
94.5,2077.856999999996,221.06820277777757,0.717595833333333
94.6,2079.055749999996,221.258347222222,0.718194444444444
94.7,2079.6283333333295,221.35490277777757,0.718495833333333
94.8,2079.481249999996,221.37279166666644,0.7185513888888885
94.9,2078.8725833333297,221.37279166666644,0.7185513888888885
95.0,2078.20183333333,221.37279166666644,0.7185513888888885
95.1,2077.5261666666634,221.37279166666644,0.7185513888888885
95.2,2076.864666666663,221.37279166666644,0.7185513888888885
95.3,2076.2143333333297,221.37279166666644,0.7185513888888885
95.4,2075.569916666663,221.37279166666644,0.7185513888888885
95.5,2074.9375833333297,221.37279166666644,0.7185513888888885
95.6,2074.3193333333297,221.37279166666644,0.7185513888888885
95.7,2073.714916666663,221.37279166666644,0.7185513888888885
95.8,2073.12633333333,221.37279166666644,0.7185513888888885
95.9,2072.5769166666632,221.37279166666644,0.7185513888888885
96.0,2072.08908333333,221.37279166666644,0.7185513888888885
96.1,2071.68033333333,221.37279166666644,0.7185513888888885
96.2,2071.3494166666633,221.37279166666644,0.7185513888888885
96.3,2071.060666666663,221.37279166666644,0.7185513888888885
96.4,2070.7884999999965,221.37279166666644,0.7185513888888885
96.5,2070.527416666663,221.37279166666644,0.7185513888888885
96.6,2070.2752499999965,221.37279166666644,0.7185513888888885
96.7,2070.03258333333,221.37279166666644,0.7185513888888885
96.8,2069.799916666663,221.37279166666644,0.7185513888888885
96.9,2069.578166666663,221.37279166666644,0.7185513888888885
97.0,2069.3679999999963,221.37279166666644,0.7185513888888885
97.1,2069.1668333333296,221.37279166666644,0.7185513888888885
97.2,2068.9740833333294,221.37279166666644,0.7185513888888885
97.3,2068.789916666663,221.37279166666644,0.7185513888888885
97.4,2068.6160833333297,221.37279166666644,0.7185513888888885
97.5,2068.452666666663,221.37279166666644,0.7185513888888885
97.6,2068.2989999999963,221.37279166666644,0.7185513888888885
97.7,2068.155249999996,221.37279166666644,0.7185513888888885
97.8,2068.0205833333293,221.37279166666644,0.7185513888888885
97.9,2067.8943333333295,221.37279166666644,0.7185513888888885
98.0,2067.775916666663,221.37279166666644,0.7185513888888885
98.1,2067.666249999996,221.37279166666644,0.7185513888888885
98.2,2067.5658333333295,221.37279166666644,0.7185513888888885
98.3,2067.474249999996,221.37279166666644,0.7185513888888885
98.4,2067.3915833333294,221.37279166666644,0.7185513888888885
98.5,2067.317999999996,221.37279166666644,0.7185513888888885
98.6,2067.254499999996,221.37279166666644,0.7185513888888885
98.7,2067.200583333329,221.37279166666644,0.7185513888888885
98.8,2067.154749999996,221.37279166666644,0.7185513888888885
98.9,2067.116999999996,221.37279166666644,0.7185513888888885
99.0,2067.0869166666625,221.37279166666644,0.7185513888888885
99.1,2067.064583333329,221.37279166666644,0.7185513888888885
99.2,2067.0501666666623,221.37279166666644,0.7185513888888885
99.3,2067.0429999999956,221.37279166666644,0.7185513888888885
99.4,2067.0409999999956,221.37279166666644,0.7185513888888885
99.5,2067.1014166666623,221.46491944444423,0.7188374999999995
99.6,2067.201083333329,221.55704722222202,0.7191236111111106
99.7,2067.325916666662,221.60729166666647,0.7192791666666661
99.8,2067.547833333329,221.77575833333313,0.719804166666666
99.9,2067.859583333329,222.03798055555538,0.7206236111111106
100.0,2068.291916666662,222.33837916666647,0.7215638888888883
100.1,2068.870999999995,222.6846527777776,0.7226569444444438
100.2,2069.5846666666616,223.07271527777763,0.7238888888888884
100.3,2070.442833333328,223.46584444444426,0.7251388888888882
100.4,2071.452083333328,223.8924930555554,0.7264999999999995
100.5,2072.604916666661,224.3590666666665,0.7279930555555549
100.6,2073.899583333328,224.84353333333317,0.7295458333333327
100.7,2075.3299999999945,225.29941388888875,0.7310027777777772
100.8,2076.8124999999945,225.55131111111098,0.7318013888888882
100.9,2078.232833333328,225.59692777777764,0.731943055555555
101.0,2079.6167499999947,225.6667055555554,0.7321611111111105
101.1,2081.042583333328,225.86504444444427,0.7327847222222216
101.2,2082.556083333328,226.1658694444443,0.7337388888888884
101.3,2084.179666666661,226.51707083333315,0.734855555555555
101.4,2085.893916666661,226.8600708333332,0.7359444444444441
101.5,2087.695999999994,227.21845416666653,0.7370861111111107
101.6,2089.5643333333273,227.49499722222205,0.7379638888888884
101.7,2091.3940833333277,227.57721944444427,0.7382208333333329
101.8,2093.149916666661,227.57721944444427,0.7382208333333329
101.9,2094.879666666661,227.57721944444427,0.7382208333333329
102.0,2096.5796666666606,227.57721944444427,0.7382208333333329
102.1,2098.2519166666607,227.57721944444427,0.7382208333333329
102.2,2099.8968333333273,227.57721944444427,0.7382208333333329
102.3,2101.497499999994,227.57721944444427,0.7382208333333329
102.4,2103.056666666661,227.57721944444427,0.7382208333333329
102.5,2104.605916666661,227.57721944444427,0.7382208333333329
102.6,2106.1384166666608,227.57721944444427,0.7382208333333329
102.7,2107.639666666661,227.57721944444427,0.7382208333333329
102.8,2109.127416666661,227.57721944444427,0.7382208333333329
102.9,2110.5997499999944,227.57721944444427,0.7382208333333329
103.0,2112.0491666666608,227.57721944444427,0.7382208333333329
103.1,2113.4783333333276,227.57721944444427,0.7382208333333329
103.2,2114.893166666661,227.57721944444427,0.7382208333333329
103.3,2116.300749999994,227.57721944444427,0.7382208333333329
103.4,2117.692499999994,227.57721944444427,0.7382208333333329
103.5,2119.070416666661,227.57721944444427,0.7382208333333329
103.6,2120.437749999994,227.57721944444427,0.7382208333333329
103.7,2121.7937499999944,227.57721944444427,0.7382208333333329
103.8,2123.1398333333277,227.57721944444427,0.7382208333333329
103.9,2124.473583333328,227.57721944444427,0.7382208333333329
104.0,2125.7909166666614,227.57721944444427,0.7382208333333329
104.1,2127.087833333328,227.57721944444427,0.7382208333333329
104.2,2128.3694166666614,227.57721944444427,0.7382208333333329
104.3,2129.6292499999945,227.57721944444427,0.7382208333333329
104.4,2130.8779166666613,227.57721944444427,0.7382208333333329
104.5,2132.115083333328,227.57721944444427,0.7382208333333329
104.6,2133.338999999995,227.57721944444427,0.7382208333333329
104.7,2134.5458333333286,227.57721944444427,0.7382208333333329
104.8,2135.724666666662,227.57721944444427,0.7382208333333329
104.9,2136.892166666662,227.57721944444427,0.7382208333333329
105.0,2138.047416666662,227.57721944444427,0.7382208333333329
105.1,2139.1850833333283,227.57721944444427,0.7382208333333329
105.2,2140.3084166666617,227.57721944444427,0.7382208333333329
105.3,2141.4088333333284,227.57721944444427,0.7382208333333329
105.4,2142.493749999995,227.57721944444427,0.7382208333333329
105.5,2143.5658333333286,227.57721944444427,0.7382208333333329
105.6,2144.611749999995,227.57721944444427,0.7382208333333329
105.7,2145.648416666662,227.57721944444427,0.7382208333333329
105.8,2146.674499999995,227.57721944444427,0.7382208333333329
105.9,2147.6665833333286,227.57721944444427,0.7382208333333329
106.0,2148.630166666662,227.57721944444427,0.7382208333333329
106.1,2149.5610833333285,227.57721944444427,0.7382208333333329
106.2,2150.4475833333286,227.57721944444427,0.7382208333333329
106.3,2151.300666666662,227.57721944444427,0.7382208333333329
106.4,2152.127583333329,227.57721944444427,0.7382208333333329
106.5,2152.924083333329,227.57721944444427,0.7382208333333329
106.6,2153.685333333329,227.57721944444427,0.7382208333333329
106.7,2154.4217499999954,227.57721944444427,0.7382208333333329
106.8,2155.1420833333286,227.57721944444427,0.7382208333333329
106.9,2155.837916666662,227.57721944444427,0.7382208333333329
107.0,2156.5043333333283,227.57721944444427,0.7382208333333329
107.1,2157.1484166666614,227.57721944444427,0.7382208333333329
107.2,2157.777583333328,227.57721944444427,0.7382208333333329
107.3,2158.3854166666615,227.57721944444427,0.7382208333333329
107.4,2158.970749999995,227.57721944444427,0.7382208333333329
107.5,2159.532749999995,227.57721944444427,0.7382208333333329
107.6,2160.0747499999948,227.57721944444427,0.7382208333333329
107.7,2160.6011666666614,227.57721944444427,0.7382208333333329
107.8,2161.1092499999945,227.57721944444427,0.7382208333333329
107.9,2161.5971666666615,227.57721944444427,0.7382208333333329
108.0,2162.0634999999947,227.57721944444427,0.7382208333333329
108.1,2162.508083333328,227.57721944444427,0.7382208333333329
108.2,2162.9309166666617,227.57721944444427,0.7382208333333329
108.3,2163.3366666666616,227.57721944444427,0.7382208333333329
108.4,2163.7283333333285,227.57721944444427,0.7382208333333329
108.5,2164.1024166666616,227.57721944444427,0.7382208333333329
108.6,2164.454999999995,227.57721944444427,0.7382208333333329
108.7,2164.7883333333284,227.57721944444427,0.7382208333333329
108.8,2165.1033333333285,227.57721944444427,0.7382208333333329
108.9,2165.3964999999953,227.57721944444427,0.7382208333333329
109.0,2165.668166666662,227.57721944444427,0.7382208333333329
109.1,2165.921999999995,227.57721944444427,0.7382208333333329
109.2,2166.1604166666616,227.57721944444427,0.7382208333333329
109.3,2166.3838333333283,227.57721944444427,0.7382208333333329
109.4,2166.5919166666617,227.57721944444427,0.7382208333333329
109.5,2166.7853333333283,227.57721944444427,0.7382208333333329
109.6,2166.964499999995,227.57721944444427,0.7382208333333329
109.7,2167.128416666662,227.57721944444427,0.7382208333333329
109.8,2167.275499999995,227.57721944444427,0.7382208333333329
109.9,2167.405166666662,227.57721944444427,0.7382208333333329
110.0,2167.518249999995,227.57721944444427,0.7382208333333329
110.1,2167.6156666666616,227.57721944444427,0.7382208333333329
110.2,2167.6989166666617,227.57721944444427,0.7382208333333329
110.3,2167.767999999995,227.57721944444427,0.7382208333333329
110.4,2167.8209166666616,227.57721944444427,0.7382208333333329
110.5,2167.8566666666616,227.57721944444427,0.7382208333333329
110.6,2167.8757499999947,227.57721944444427,0.7382208333333329
110.7,2167.8809166666615,227.57721944444427,0.7382208333333329
110.8,2167.879833333328,227.57721944444427,0.7382208333333329
110.9,2167.878916666661,227.57721944444427,0.7382208333333329
111.0,2167.8788333333277,227.57721944444427,0.7382208333333329
111.1,2167.8788333333277,227.57721944444427,0.7382208333333329
111.2,2167.8788333333277,227.57721944444427,0.7382208333333329
111.3,2167.8788333333277,227.57721944444427,0.7382208333333329
111.4,2167.8788333333277,227.57721944444427,0.7382208333333329
111.5,2167.8788333333277,227.57721944444427,0.7382208333333329
111.6,2167.8788333333277,227.57721944444427,0.7382208333333329
111.7,2167.8788333333277,227.57721944444427,0.7382208333333329
111.8,2167.8788333333277,227.57721944444427,0.7382208333333329
111.9,2167.8788333333277,227.57721944444427,0.7382208333333329
112.0,2167.8788333333277,227.57721944444427,0.7382208333333329
112.1,2167.8788333333277,227.57721944444427,0.7382208333333329
112.2,2167.8788333333277,227.57721944444427,0.7382208333333329
112.3,2167.8788333333277,227.57721944444427,0.7382208333333329
112.4,2167.8788333333277,227.57721944444427,0.7382208333333329
112.5,2167.8788333333277,227.57721944444427,0.7382208333333329
112.6,2167.8788333333277,227.57721944444427,0.7382208333333329
112.7,2167.8788333333277,227.57721944444427,0.7382208333333329
112.8,2167.8788333333277,227.57721944444427,0.7382208333333329
112.9,2167.8788333333277,227.57721944444427,0.7382208333333329
113.0,2167.8788333333277,227.57721944444427,0.7382208333333329
113.1,2167.8788333333277,227.57721944444427,0.7382208333333329
113.2,2167.8788333333277,227.57721944444427,0.7382208333333329
113.3,2167.8788333333277,227.57721944444427,0.7382208333333329
113.4,2167.8788333333277,227.57721944444427,0.7382208333333329
113.5,2167.8788333333277,227.57721944444427,0.7382208333333329
113.6,2167.8788333333277,227.57721944444427,0.7382208333333329
113.7,2167.8788333333277,227.57721944444427,0.7382208333333329
113.8,2167.8788333333277,227.57721944444427,0.7382208333333329
113.9,2167.8788333333277,227.57721944444427,0.7382208333333329
114.0,2167.8788333333277,227.57721944444427,0.7382208333333329
114.1,2167.8788333333277,227.57721944444427,0.7382208333333329
114.2,2167.8788333333277,227.57721944444427,0.7382208333333329
114.3,2167.8788333333277,227.57721944444427,0.7382208333333329
114.4,2167.8788333333277,227.57721944444427,0.7382208333333329
114.5,2167.8788333333277,227.57721944444427,0.7382208333333329
114.6,2167.8788333333277,227.57721944444427,0.7382208333333329
114.7,2167.8788333333277,227.57721944444427,0.7382208333333329
114.8,2167.8788333333277,227.57721944444427,0.7382208333333329
114.9,2167.8785833333277,227.57721944444427,0.7382208333333329
115.0,2167.8784999999943,227.57721944444427,0.7382208333333329
115.1,2167.879416666661,227.57721944444427,0.7382208333333329
115.2,2167.8789999999944,227.57721944444427,0.7382208333333329
115.3,2167.874666666661,227.57721944444427,0.7382208333333329
115.4,2167.868833333328,227.57721944444427,0.7382208333333329
115.5,2167.864583333328,227.57721944444427,0.7382208333333329
115.6,2167.862749999995,227.57721944444427,0.7382208333333329
115.7,2167.862583333328,227.57721944444427,0.7382208333333329
115.8,2167.8624166666614,227.57721944444427,0.7382208333333329
115.9,2167.8621666666613,227.57721944444427,0.7382208333333329
116.0,2167.8621666666613,227.57721944444427,0.7382208333333329
116.1,2167.8621666666613,227.57721944444427,0.7382208333333329
116.2,2167.8621666666613,227.57721944444427,0.7382208333333329
116.3,2167.8621666666613,227.57721944444427,0.7382208333333329
116.4,2167.8621666666613,227.57721944444427,0.7382208333333329
116.5,2167.8621666666613,227.57721944444427,0.7382208333333329
116.6,2167.8621666666613,227.57721944444427,0.7382208333333329
116.7,2167.8621666666613,227.57721944444427,0.7382208333333329
116.8,2167.8621666666613,227.57721944444427,0.7382208333333329
116.9,2167.8621666666613,227.57721944444427,0.7382208333333329
117.0,2167.8621666666613,227.57721944444427,0.7382208333333329
117.1,2167.8621666666613,227.57721944444427,0.7382208333333329
117.2,2167.8621666666613,227.57721944444427,0.7382208333333329
117.3,2167.8621666666613,227.57721944444427,0.7382208333333329
117.4,2167.8621666666613,227.57721944444427,0.7382208333333329
117.5,2167.8621666666613,227.57721944444427,0.7382208333333329
117.6,2167.8621666666613,227.57721944444427,0.7382208333333329
117.7,2167.8621666666613,227.57721944444427,0.7382208333333329
117.8,2167.8621666666613,227.57721944444427,0.7382208333333329
117.9,2167.8621666666613,227.57721944444427,0.7382208333333329
118.0,2167.8621666666613,227.57721944444427,0.7382208333333329
118.1,2167.8621666666613,227.57721944444427,0.7382208333333329
118.2,2167.8621666666613,227.57721944444427,0.7382208333333329
118.3,2167.8621666666613,227.57721944444427,0.7382208333333329
118.4,2167.8621666666613,227.57721944444427,0.7382208333333329
118.5,2167.8621666666613,227.57721944444427,0.7382208333333329
118.6,2167.8621666666613,227.57721944444427,0.7382208333333329
118.7,2167.8621666666613,227.57721944444427,0.7382208333333329
118.8,2167.8621666666613,227.57721944444427,0.7382208333333329
118.9,2167.8621666666613,227.57721944444427,0.7382208333333329
119.0,2167.8621666666613,227.57721944444427,0.7382208333333329
119.1,2167.8621666666613,227.57721944444427,0.7382208333333329
119.2,2167.8621666666613,227.57721944444427,0.7382208333333329
119.3,2167.8621666666613,227.57721944444427,0.7382208333333329
119.4,2167.8621666666613,227.57721944444427,0.7382208333333329
119.5,2167.8621666666613,227.57721944444427,0.7382208333333329
119.6,2167.8621666666613,227.57721944444427,0.7382208333333329
119.7,2167.8621666666613,227.57721944444427,0.7382208333333329
119.8,2167.8621666666613,227.57721944444427,0.7382208333333329
119.9,2167.8621666666613,227.57721944444427,0.7382208333333329
120.0,2167.8621666666613,227.57721944444427,0.7382208333333329
120.1,2167.8621666666613,227.57721944444427,0.7382208333333329
120.2,2167.8621666666613,227.57721944444427,0.7382208333333329
120.3,2167.8621666666613,227.57721944444427,0.7382208333333329
120.4,2167.8621666666613,227.57721944444427,0.7382208333333329
120.5,2167.8621666666613,227.57721944444427,0.7382208333333329
120.6,2167.8621666666613,227.57721944444427,0.7382208333333329
120.7,2167.8621666666613,227.57721944444427,0.7382208333333329
120.8,2167.8621666666613,227.57721944444427,0.7382208333333329
120.9,2167.8621666666613,227.57721944444427,0.7382208333333329
121.0,2167.8621666666613,227.57721944444427,0.7382208333333329
121.1,2167.8621666666613,227.57721944444427,0.7382208333333329
121.2,2167.8621666666613,227.57721944444427,0.7382208333333329
121.3,2167.8621666666613,227.57721944444427,0.7382208333333329
121.4,2167.8621666666613,227.57721944444427,0.7382208333333329
121.5,2167.8621666666613,227.57721944444427,0.7382208333333329
121.6,2167.8621666666613,227.57721944444427,0.7382208333333329
121.7,2167.8621666666613,227.57721944444427,0.7382208333333329
121.8,2167.8621666666613,227.57721944444427,0.7382208333333329
121.9,2167.8621666666613,227.57721944444427,0.7382208333333329
122.0,2167.8621666666613,227.57721944444427,0.7382208333333329
122.1,2167.8621666666613,227.57721944444427,0.7382208333333329
122.2,2167.8621666666613,227.57721944444427,0.7382208333333329
122.3,2167.8621666666613,227.57721944444427,0.7382208333333329
122.4,2167.8621666666613,227.57721944444427,0.7382208333333329
122.5,2167.8621666666613,227.57721944444427,0.7382208333333329
122.6,2167.8621666666613,227.57721944444427,0.7382208333333329
122.7,2167.8621666666613,227.57721944444427,0.7382208333333329
122.8,2167.8621666666613,227.57721944444427,0.7382208333333329
122.9,2167.8621666666613,227.57721944444427,0.7382208333333329
123.0,2167.8621666666613,227.57721944444427,0.7382208333333329
123.1,2167.8622499999947,227.57721944444427,0.7382208333333329
123.2,2167.862333333328,227.57721944444427,0.7382208333333329
123.3,2167.862333333328,227.57721944444427,0.7382208333333329
123.4,2167.862333333328,227.57721944444427,0.7382208333333329
123.5,2167.862333333328,227.57721944444427,0.7382208333333329
123.6,2167.862333333328,227.57721944444427,0.7382208333333329
123.7,2167.862333333328,227.57721944444427,0.7382208333333329
123.8,2167.862333333328,227.57721944444427,0.7382208333333329
123.9,2167.862333333328,227.57721944444427,0.7382208333333329
124.0,2167.862333333328,227.57721944444427,0.7382208333333329
124.1,2167.862333333328,227.57721944444427,0.7382208333333329
124.2,2167.862333333328,227.57721944444427,0.7382208333333329
124.3,2167.862333333328,227.57721944444427,0.7382208333333329
124.4,2167.862333333328,227.57721944444427,0.7382208333333329
124.5,2167.862333333328,227.57721944444427,0.7382208333333329
124.6,2167.862333333328,227.57721944444427,0.7382208333333329
124.7,2167.862333333328,227.57721944444427,0.7382208333333329
124.8,2167.862333333328,227.57721944444427,0.7382208333333329
124.9,2167.862333333328,227.57721944444427,0.7382208333333329
125.0,2167.862333333328,227.57721944444427,0.7382208333333329
125.1,2167.862333333328,227.57721944444427,0.7382208333333329
125.2,2167.862333333328,227.57721944444427,0.7382208333333329
125.3,2167.862333333328,227.57721944444427,0.7382208333333329
125.4,2167.862333333328,227.57721944444427,0.7382208333333329
125.5,2167.862333333328,227.57721944444427,0.7382208333333329
125.6,2167.862333333328,227.57721944444427,0.7382208333333329
125.7,2167.862333333328,227.57721944444427,0.7382208333333329
125.8,2167.862333333328,227.57721944444427,0.7382208333333329
125.9,2167.8649166666614,227.5785819444443,0.7382249999999996
126.0,2167.874333333328,227.5840319444443,0.7382416666666661
126.1,2167.8874166666615,227.59309999999985,0.738269444444444
126.2,2167.8973333333283,227.60124999999985,0.7382944444444439
126.3,2167.9059166666616,227.6085069444443,0.7383166666666662
126.4,2167.9129166666617,227.6157541666665,0.7383388888888884
126.5,2167.919999999995,227.62572638888872,0.738369444444444
126.6,2167.936666666662,227.64431111111097,0.7384263888888883
126.7,2167.958666666662,227.66925416666652,0.7385027777777773
126.8,2167.987666666662,227.69777222222208,0.7385902777777773
126.9,2168.036749999995,227.72670277777766,0.7386791666666662
127.0,2168.1042499999953,227.75568055555541,0.7387680555555551
127.1,2168.177249999995,227.77107499999988,0.7388152777777774
127.2,2168.2420833333285,227.77107499999988,0.7388152777777774
127.3,2168.3149166666617,227.77288611111098,0.738820833333333
127.4,2168.396416666662,227.78332638888875,0.7388527777777775
127.5,2168.4691666666617,227.801011111111,0.7389069444444442
127.6,2168.5406666666618,227.81957499999987,0.7389638888888886
127.7,2168.6158333333283,227.83771249999987,0.7390194444444441
127.8,2168.694749999995,227.8522458333332,0.7390638888888885
127.9,2168.776999999995,227.86584722222207,0.7391055555555552
128.0,2168.863249999995,227.88441111111095,0.7391624999999996
128.1,2168.959083333328,227.91248333333314,0.7392486111111107
128.2,2169.0686666666616,227.94774444444425,0.739356944444444
128.3,2169.1931666666615,227.9825013888887,0.7394638888888886
128.4,2169.339583333328,228.01957777777758,0.7395777777777774
128.5,2169.511166666661,228.0657611111109,0.739719444444444
128.6,2169.710083333328,228.1214527777776,0.7398902777777773
128.7,2169.941666666661,228.18519027777756,0.7400861111111106
128.8,2170.2092499999944,228.2566249999998,0.740305555555555
128.9,2170.513416666661,228.3299749999998,0.740530555555555
129.0,2170.8564999999944,228.40501527777758,0.7407611111111105
129.1,2171.239916666661,228.484459722222,0.741005555555555
129.2,2171.664666666661,228.569772222222,0.7412680555555551
129.3,2172.129083333328,228.65701944444424,0.7415361111111106
129.4,2172.6337499999945,228.74727777777758,0.7418138888888884
129.5,2173.1829999999945,228.85643888888868,0.7421513888888884
129.6,2173.7848333333277,228.99929166666647,0.742594444444444
129.7,2174.448749999994,229.15939722222203,0.7430916666666662
129.8,2175.180749999994,229.31841111111095,0.7435847222222219
129.9,2175.9841666666607,229.5083902777776,0.7441749999999997
130.0,2176.8595833333275,229.73264444444425,0.7448736111111107
130.1,2177.830666666661,229.97881388888868,0.7456430555555552
130.2,2178.8894999999943,230.24684722222202,0.746481944444444
130.3,2180.025083333328,230.53440277777761,0.7473805555555554
130.4,2181.251833333328,230.82994861111092,0.7483055555555553
130.5,2182.5902499999943,231.1391277777776,0.7492763888888886
130.6,2184.0255833333276,231.4619861111109,0.7502916666666664
130.7,2185.5300833333276,231.78961111111087,0.7513236111111107
130.8,2187.1214999999947,232.15336527777762,0.7524749999999998
130.9,2188.810833333328,232.53589722222202,0.7536874999999997
131.0,2190.6051666666613,232.93607499999976,0.7549624999999996
131.1,2192.510416666661,233.35881388888862,0.7563152777777774
131.2,2194.502499999994,233.77659444444416,0.7576458333333329
131.3,2196.5507499999944,234.10359444444424,0.7586791666666663
131.4,2198.650166666661,234.3482583333331,0.7594486111111108
131.5,2200.806249999994,234.63788055555528,0.7603638888888885
131.6,2202.9926666666606,234.83700694444417,0.7609916666666662
131.7,2205.1374166666606,234.87154999999973,0.7610986111111105
131.8,2207.249666666661,234.87154999999973,0.7610986111111105
131.9,2209.367833333328,234.8810291666664,0.7611277777777773
132.0,2211.4634999999944,234.90359861111085,0.7611972222222217
132.1,2213.490416666661,234.91668888888861,0.7612374999999995
132.2,2215.459583333328,234.91668888888861,0.7612374999999995
132.3,2217.409749999995,234.93519583333307,0.7612944444444439
132.4,2219.3644166666613,234.9985638888886,0.7614902777777772
132.5,2221.303583333328,235.06012638888862,0.761680555555555
132.6,2223.2217499999942,235.1038277777775,0.7618152777777772
132.7,2225.150666666661,235.16178194444416,0.7619944444444439
132.8,2227.0764999999947,235.2220763888886,0.762180555555555
132.9,2229.0082499999944,235.30553055555526,0.7624388888888883
133.0,2230.9519999999943,235.45253333333304,0.7628972222222217
133.1,2232.9408333333276,235.71867222222193,0.7637374999999994
133.2,2235.048416666661,236.077983333333,0.7648819444444438
133.3,2237.2653333333283,236.4769930555553,0.7661611111111107
133.4,2239.5591666666614,236.89686944444418,0.767506944444444
133.5,2241.9444166666613,237.35228472222192,0.7689722222222216
133.6,2244.3828333333277,237.8068097222219,0.7704388888888882
133.7,2246.8141666666606,238.25223611111076,0.7718736111111103
133.8,2249.2372499999947,238.68420694444418,0.7732611111111106
133.9,2251.703833333328,239.0983763888886,0.7745888888888883
134.0,2254.271916666661,239.53446388888858,0.7759888888888883
134.1,2256.9452499999943,239.97343055555524,0.7773958333333326
134.2,2259.690166666661,240.41716388888855,0.7788180555555547
134.3,2262.448083333328,240.87313611111085,0.780281944444444
134.4,2265.2176666666614,241.32425833333306,0.7817347222222217
134.5,2268.0564999999947,241.77480833333303,0.7831930555555549
134.6,2270.981166666661,242.23424166666635,0.7846847222222215
134.7,2273.994666666661,242.68725833333298,0.7861555555555547
134.8,2277.1118333333284,243.16722499999975,0.7877138888888885
134.9,2280.295583333328,243.66473055555528,0.7893291666666662
135.0,2283.509833333328,244.14983055555524,0.7909041666666661
135.1,2286.776333333328,244.65454999999966,0.7925513888888882
135.2,2290.105916666661,245.1862124999996,0.7942888888888882
135.3,2293.520999999995,245.74137499999972,0.796109722222222
135.4,2297.029749999995,246.3454777777775,0.798120833333333
135.5,2300.6304999999948,247.0279555555552,0.8004236111111106
135.6,2304.326833333328,247.75767083333295,0.8028972222222216
135.7,2308.1399999999944,248.48895555555512,0.8053847222222213
135.8,2312.070916666662,249.21819999999974,0.8078736111111108
135.9,2316.0953333333287,249.90108055555527,0.8101930555555551
136.0,2320.2249166666616,250.59398055555522,0.8125597222222216
136.1,2324.470416666661,251.40190416666627,0.8153722222222215
136.2,2328.848749999994,252.24542499999956,0.8183319444444436
136.3,2333.3473333333286,253.09333333333308,0.8213180555555553
136.4,2337.924999999995,253.96689166666636,0.8243888888888884
136.5,2342.5891666666616,254.81597083333298,0.8273944444444438
136.6,2347.399416666661,255.62221666666628,0.8302694444444436
136.7,2352.328666666661,256.4261374999996,0.8331361111111101
136.8,2357.3187499999954,257.2970333333331,0.8362402777777774
136.9,2362.403333333328,258.177108333333,0.8393611111111106
137.0,2367.5982499999946,258.9682944444441,0.8421486111111104
137.1,2372.8517499999944,259.6580611111107,0.8445486111111102
137.2,2378.155999999994,260.3999833333329,0.8471208333333322
137.3,2383.4064166666617,260.817583333333,0.8485708333333326
137.4,2388.5116666666613,260.817583333333,0.8485708333333326
137.5,2393.482166666661,260.817583333333,0.8485708333333326
137.6,2398.0363333333275,260.817583333333,0.8485708333333326
137.7,2401.5579166666607,260.817583333333,0.8485708333333326
137.8,2404.3186666666616,260.817583333333,0.8485708333333326
137.9,2407.3761666666614,260.817583333333,0.8485708333333326
138.0,2411.0494166666613,260.817583333333,0.8485708333333326
138.1,2415.048916666661,260.817583333333,0.8485708333333326
138.2,2419.102166666661,260.817583333333,0.8485708333333326
138.3,2423.130249999995,260.817583333333,0.8485708333333326
138.4,2427.116249999995,260.817583333333,0.8485708333333326
138.5,2431.067583333328,260.887808333333,0.848791666666666
138.6,2435.0094999999947,260.95803333333293,0.8490124999999993
138.7,2438.865666666661,260.95803333333293,0.8490124999999993
138.8,2442.597916666662,260.95803333333293,0.8490124999999993
138.9,2446.300916666662,261.04194999999964,0.8492763888888881
139.0,2450.087249999995,261.34574444444405,0.8502541666666659
139.1,2453.9181666666614,261.78235138888846,0.8516694444444436
139.2,2457.7134999999944,262.2493708333329,0.8531861111111102
139.3,2461.5185833333285,262.6966277777774,0.8546347222222216
139.4,2465.314249999995,262.8998749999996,0.8552874999999993
139.5,2469.080333333328,262.9061555555552,0.8553069444444438
139.6,2472.8272499999944,262.91423055555515,0.8553319444444438
139.7,2476.5310833333274,262.93122222222183,0.8553847222222216
139.8,2480.193333333328,262.9811555555552,0.8555402777777772
139.9,2483.822749999995,263.0886305555552,0.8558763888888883
140.0,2487.4274166666614,263.206483333333,0.8562458333333327
140.1,2490.9729999999945,263.32054444444407,0.8566027777777772
140.2,2494.379999999994,263.4316555555552,0.8569499999999993
140.3,2497.6481666666614,263.56428055555523,0.8573652777777773
140.4,2500.7650833333278,263.7189069444441,0.8578499999999994
140.5,2503.7000833333277,263.8737111111107,0.8583361111111105
140.6,2506.5387499999943,264.02206944444407,0.8588013888888882
140.7,2509.3203333333277,264.1336249999996,0.8591499999999994
140.8,2512.014749999995,264.1914986111107,0.8593305555555549
140.9,2514.632583333328,264.22020972222185,0.8594194444444438
141.0,2517.1614166666614,264.2609638888885,0.8595458333333328
141.1,2519.605333333328,264.3513249999996,0.8598277777777772
141.2,2522.0426666666613,264.62449861111065,0.8606999999999994
141.3,2524.583166666662,265.08722777777746,0.8622041666666664
141.4,2527.241916666662,265.6357499999997,0.8640152777777774
141.5,2529.9846666666617,266.23813333333294,0.8660097222222216
141.6,2532.8399999999947,266.8443972222218,0.8680236111111104
141.7,2535.8084999999946,267.47520416666623,0.8701333333333324
141.8,2538.864166666662,268.1340805555553,0.872333333333333
141.9,2541.9457499999953,268.69089305555525,0.8741666666666662
142.0,2544.874166666662,268.92478888888854,0.8749236111111106
142.1,2547.630249999995,268.92478888888854,0.8749236111111106
142.2,2550.313833333328,268.92478888888854,0.8749236111111106
142.3,2552.932166666662,268.9449138888886,0.8749861111111106
142.4,2555.4996666666616,269.01926111111084,0.875218055555555
142.5,2558.0268333333283,269.1547499999997,0.875643055555555
142.6,2560.5020833333283,269.32920833333304,0.876191666666666
142.7,2562.9039166666616,269.49904861111077,0.8767249999999994
142.8,2565.190083333329,269.58915555555524,0.8770069444444439
142.9,2567.434916666662,269.7015472222219,0.8773597222222217
143.0,2569.720416666662,270.0202138888886,0.8783819444444438
143.1,2572.0422499999954,270.4481444444441,0.8797624999999993
143.2,2574.473499999995,270.9041541666663,0.8812444444444437
143.3,2576.986916666662,271.35045277777755,0.8826972222222218
143.4,2579.5378333333288,271.7329472222219,0.8839291666666663
143.5,2582.120583333329,272.07954166666633,0.8850402777777774
143.6,2584.6892499999954,272.43304722222183,0.8861736111111107
143.7,2587.2505833333284,272.75567222222185,0.887206944444444
143.8,2589.742833333329,272.9199236111108,0.8877277777777774
143.9,2592.1859166666623,273.08103055555523,0.8882347222222219
144.0,2594.6792499999956,273.32626527777745,0.889008333333333
144.1,2597.0969999999957,273.5396638888885,0.8896805555555551
144.2,2599.351083333329,273.74117499999966,0.8903152777777773
144.3,2601.474666666663,273.95681944444414,0.8909944444444442
144.4,2603.524166666663,274.2207527777774,0.8918305555555552
144.5,2605.630749999996,274.60128611111077,0.8930541666666663
144.6,2607.8285833333293,275.0841277777774,0.894619444444444
144.7,2610.0746666666623,275.5645222222218,0.8961791666666661
144.8,2612.377749999996,276.0601777777775,0.8977999999999998
144.9,2614.765749999996,276.5947319444441,0.8995555555555553
145.0,2617.2606666666625,277.1440638888885,0.9013597222222218
145.1,2619.8639999999955,277.68155277777737,0.9031277777777773
145.2,2622.583916666662,278.2112916666662,0.9048763888888883
145.3,2625.4099999999958,278.7619541666664,0.9067027777777776
145.4,2628.3202499999957,279.30563194444414,0.908497222222222
145.5,2631.3119999999954,279.85251388888855,0.9102902777777774
145.6,2634.3950833333283,280.3993527777774,0.9120861111111107
145.7,2637.5664166666616,280.9015263888885,0.913730555555555
145.8,2640.7712499999957,281.21520555555526,0.9147430555555552
145.9,2643.9392499999954,281.34874999999965,0.9151624999999997
146.0,2647.1242499999953,281.5349027777774,0.9157527777777774
146.1,2650.368749999995,281.87308611111075,0.9168402777777774
146.2,2653.6339166666617,282.2134499999996,0.9179347222222217
146.3,2656.9077499999958,282.46107638888856,0.9187222222222219
146.4,2660.175583333329,282.68192499999964,0.9194222222222219
146.5,2663.4939999999956,282.94715416666634,0.920269444444444
146.6,2666.9042499999955,283.33503055555514,0.9215263888888884
146.7,2670.333916666662,283.7516861111107,0.9228777777777771
146.8,2673.7460833333294,284.13380833333304,0.9241124999999997
146.9,2677.1039166666624,284.50688888888857,0.9253180555555551
147.0,2680.3627499999957,284.75368611111077,0.9261083333333329
147.1,2683.5697499999956,284.8954611111108,0.9265541666666662
147.2,2686.7669999999953,285.0903694444441,0.9271708333333328
147.3,2689.9444166666626,285.34018194444417,0.9279638888888885
147.4,2693.078249999996,285.56569305555524,0.9286777777777774
147.5,2696.162749999996,285.7655791666664,0.9293083333333328
147.6,2699.2089999999957,285.941733333333,0.9298624999999995
147.7,2702.1729999999957,286.0188249999997,0.9301041666666662
147.8,2705.1297499999964,286.07171388888855,0.930269444444444
147.9,2708.079666666663,286.12460277777745,0.9304347222222217
148.0,2710.8483333333293,286.12460277777745,0.9304347222222217
148.1,2713.2246666666624,286.12460277777745,0.9304347222222217
148.2,2715.290583333329,286.12460277777745,0.9304347222222217
148.3,2717.5238333333295,286.2828416666664,0.9309402777777774
148.4,2720.036999999996,286.6747416666664,0.9322069444444441
148.5,2722.7090833333295,287.2229861111108,0.9340097222222218
148.6,2725.5329999999963,287.841495833333,0.9360611111111107
148.7,2728.522249999996,288.4678416666663,0.9381527777777773
148.8,2731.7152499999966,289.1409833333331,0.9404236111111112
148.9,2735.1342499999964,289.8481805555553,0.9428249999999999
149.0,2738.7763333333296,290.6126694444441,0.9454444444444442
149.1,2742.524333333329,291.4581486111107,0.9483444444444441
149.2,2746.303416666662,292.2355180555551,0.951005555555555
149.3,2750.2560833333296,292.9750222222219,0.9535611111111112
149.4,2754.3290833333294,293.3746222222219,0.9549486111111112
149.5,2757.874999999996,293.61880555555524,0.9557652777777778
149.6,2761.287499999996,294.18218888888856,0.9576902777777776
149.7,2765.2812499999955,294.8566388888885,0.9600236111111109
149.8,2769.3537499999966,295.21188888888855,0.9612486111111113
149.9,2772.7945833333297,295.21188888888855,0.9612486111111113
150.0,2775.4625833333293,295.2930874999997,0.9615
150.1,2777.7782499999958,295.3742861111108,0.9617513888888889
150.2,2779.8368333333287,295.3742861111108,0.9617513888888889
150.3,2781.451583333329,295.5217236111108,0.9622194444444445
150.4,2782.9699166666624,295.89930555555526,0.9634347222222222
150.5,2784.7542499999954,296.3604499999996,0.9649319444444443
150.6,2786.470666666662,296.69151666666625,0.965998611111111
150.7,2787.3754999999956,296.79158333333294,0.9663152777777776
150.8,2787.3384999999957,296.79158333333294,0.9663152777777776
150.9,2786.9166666666624,296.79158333333294,0.9663152777777776
151.0,2786.389833333329,296.79158333333294,0.9663152777777776
151.1,2785.8440833333293,296.79158333333294,0.9663152777777776
151.2,2785.304249999996,296.79158333333294,0.9663152777777776
151.3,2784.7968333333292,296.79158333333294,0.9663152777777776
151.4,2784.321499999996,296.79158333333294,0.9663152777777776
151.5,2783.861999999996,296.79158333333294,0.9663152777777776
151.6,2783.410999999996,296.79158333333294,0.9663152777777776
151.7,2782.970583333329,296.79158333333294,0.9663152777777776
151.8,2782.5403333333293,296.79158333333294,0.9663152777777776
151.9,2782.123749999996,296.79158333333294,0.9663152777777776
152.0,2781.7229999999963,296.79158333333294,0.9663152777777776
152.1,2781.337416666663,296.79158333333294,0.9663152777777776
152.2,2780.96583333333,296.79158333333294,0.9663152777777776
152.3,2780.6062499999966,296.79158333333294,0.9663152777777776
152.4,2780.26058333333,296.79158333333294,0.9663152777777776
152.5,2779.928499999997,296.79158333333294,0.9663152777777776
152.6,2779.6094166666635,296.79158333333294,0.9663152777777776
152.7,2779.3049999999967,296.79158333333294,0.9663152777777776
152.8,2779.0166666666632,296.79158333333294,0.9663152777777776
152.9,2778.74458333333,296.79158333333294,0.9663152777777776
153.0,2778.48758333333,296.79158333333294,0.9663152777777776
153.1,2778.246166666663,296.79158333333294,0.9663152777777776
153.2,2778.0209999999965,296.79158333333294,0.9663152777777776
153.3,2777.8104999999964,296.79158333333294,0.9663152777777776
153.4,2777.6134999999963,296.79158333333294,0.9663152777777776
153.5,2777.4283333333296,296.79158333333294,0.9663152777777776
153.6,2777.2568333333297,296.79158333333294,0.9663152777777776
153.7,2777.1014999999966,296.79158333333294,0.9663152777777776
153.8,2776.960666666663,296.79158333333294,0.9663152777777776
153.9,2776.8339999999966,296.79158333333294,0.9663152777777776
154.0,2776.7221666666633,296.79158333333294,0.9663152777777776
154.1,2776.623666666663,296.79158333333294,0.9663152777777776
154.2,2776.5372499999967,296.79158333333294,0.9663152777777776
154.3,2776.4632499999966,296.79158333333294,0.9663152777777776
154.4,2776.40008333333,296.79158333333294,0.9663152777777776
154.5,2776.34758333333,296.79158333333294,0.9663152777777776
154.6,2776.30733333333,296.79158333333294,0.9663152777777776
154.7,2776.27933333333,296.79158333333294,0.9663152777777776
154.8,2776.263249999997,296.79158333333294,0.9663152777777776
154.9,2776.2570833333302,296.79158333333294,0.9663152777777776
155.0,2776.2569166666635,296.79158333333294,0.9663152777777776
155.1,2776.2991666666635,296.85911388888854,0.9665249999999999
155.2,2776.41033333333,297.0140277777774,0.9670069444444442
155.3,2776.5981666666635,297.21207777777744,0.967625
155.4,2776.892749999997,297.45255972222185,0.9683777777777778
155.5,2777.3081666666635,297.71973333333295,0.9692166666666666
155.6,2777.8424166666637,297.9997416666663,0.970098611111111
155.7,2778.491749999997,298.2946416666663,0.9710319444444442
155.8,2779.267499999997,298.6008916666663,0.9720041666666667
155.9,2780.155749999997,298.8808527777774,0.9728916666666666
156.0,2781.1280833333303,299.1300388888885,0.9736777777777778
156.1,2782.1908333333304,299.4160916666663,0.9745805555555555
156.2,2783.355249999997,299.75085694444414,0.9756416666666665
156.3,2784.610749999997,300.0933138888886,0.9767305555555557
156.4,2785.928499999997,300.3395958333331,0.9775111111111112
156.5,2787.2916666666633,300.4955513888886,0.9780000000000001
156.6,2788.71733333333,300.70521666666633,0.9786611111111111
156.7,2790.205416666663,300.9667722222219,0.9794875
156.8,2791.7501666666635,301.2199888888886,0.9802875000000001
156.9,2793.3409999999967,301.42751805555525,0.9809416666666667
157.0,2794.9649999999965,301.5985374999997,0.9814777777777778
157.1,2796.6112499999963,301.76182777777746,0.9819888888888888
157.2,2798.2753333333294,301.92024444444417,0.9824847222222222
157.3,2799.957916666663,302.027722222222,0.9828208333333334
157.4,2801.618916666663,302.06129999999973,0.982925
157.5,2803.2779166666633,302.0837486111108,0.9829944444444445
157.6,2804.9728333333296,302.15384722222194,0.9832125
157.7,2806.688916666663,302.3111388888886,0.9837055555555556
157.8,2808.4159999999965,302.5143055555553,0.9843444444444447
157.9,2810.169166666663,302.7152638888886,0.9849763888888892
158.0,2811.9649166666627,302.8989972222219,0.9855541666666668
158.1,2813.793999999996,303.06159166666635,0.9860638888888891
158.2,2815.645833333329,303.223558333333,0.9865708333333335
158.3,2817.513499999996,303.3866027777775,0.9870819444444447
158.4,2819.395749999996,303.55363472222194,0.9876055555555558
158.5,2821.2948333333293,303.7133666666664,0.9881055555555558
158.6,2823.223249999996,303.86157916666633,0.9885694444444447
158.7,2825.169999999996,304.02920277777747,0.9890958333333335
158.8,2827.1204999999964,304.25007638888866,0.9897916666666671
158.9,2829.084666666663,304.4899416666664,0.9905472222222226
159.0,2831.0797499999962,304.7091138888886,0.9912375000000002
159.1,2833.112999999996,304.9056013888886,0.9918555555555557
159.2,2835.179999999996,305.1060513888886,0.9924861111111113
159.3,2837.2834166666635,305.33198888888865,0.9932000000000004
159.4,2839.41358333333,305.5231791666664,0.9938027777777781
159.5,2841.5620833333296,305.6511041666664,0.9942027777777782
159.6,2843.729416666663,305.77348888888866,0.9945847222222226
159.7,2845.914666666663,305.92080277777757,0.9950458333333337
159.8,2848.116499999997,306.06258055555537,0.9954902777777782
159.9,2850.315499999997,306.12726666666646,0.995693055555556
160.0,2852.513749999997,306.12726666666646,0.995693055555556
160.1,2854.69383333333,306.12726666666646,0.995693055555556
160.2,2856.82858333333,306.12726666666646,0.995693055555556
160.3,2858.93733333333,306.12726666666646,0.995693055555556
160.4,2861.026999999997,306.12726666666646,0.995693055555556
160.5,2863.1001666666634,306.12726666666646,0.995693055555556
160.6,2865.1565833333298,306.12726666666646,0.995693055555556
160.7,2867.183666666663,306.12726666666646,0.995693055555556
160.8,2869.1871666666634,306.12726666666646,0.995693055555556
160.9,2871.183916666663,306.12726666666646,0.995693055555556
161.0,2873.144916666663,306.12726666666646,0.995693055555556
161.1,2875.0849999999964,306.1326666666664,0.9957097222222226
161.2,2877.0374999999963,306.19557916666645,0.995905555555556
161.3,2879.033499999997,306.3904583333332,0.9965180555555561
161.4,2881.12733333333,306.71753333333317,0.997555555555556
161.5,2883.290916666663,307.11416944444426,0.9988208333333337
161.6,2885.493916666663,307.5491638888887,1.000215277777778
161.7,2887.7735833333295,308.0180694444442,1.0017305555555558
161.8,2890.1594999999966,308.53594999999984,1.0034208333333339
161.9,2892.6342499999964,309.0905708333331,1.0052333333333336
162.0,2895.184499999996,309.6733305555553,1.0071513888888892
162.1,2897.8274999999962,310.3358777777775,1.0093486111111112
162.2,2900.6346666666627,311.05748888888854,1.0117625000000001
162.3,2903.69958333333,311.78188333333316,1.0142180555555562
162.4,2906.9613333333295,312.38895833333316,1.0162500000000005
162.5,2910.117249999996,312.7264249999998,1.017341666666667
162.6,2912.944083333329,312.8169666666664,1.0176263888888895
162.7,2915.4426666666623,312.8169666666664,1.0176263888888895
162.8,2917.8180833333295,313.0261499999998,1.0183055555555562
162.9,2920.362749999996,313.46236249999976,1.019719444444445
163.0,2922.885166666663,313.7001249999998,1.0204875000000004
163.1,2925.0728333333295,313.7561916666665,1.0206625000000005
163.2,2927.202166666663,314.03979722222203,1.0215777777777781
163.3,2929.5439999999967,314.54955833333327,1.0232444444444453
163.4,2931.92708333333,315.0481972222221,1.0248750000000009
163.5,2934.2254999999964,315.523886111111,1.0264194444444452
163.6,2936.5235833333295,316.06344583333316,1.028180555555556
163.7,2938.928333333329,316.6673833333331,1.0301777777777783
163.8,2941.4599999999964,317.3354166666666,1.032412500000001
163.9,2944.0848333333297,318.00822083333327,1.0346666666666675
164.0,2946.7551666666627,318.5372305555554,1.0364152777777784
164.1,2949.3699166666624,318.89718611111095,1.0375777777777784
164.2,2951.9451666666623,319.2473027777776,1.038708333333334
164.3,2954.572666666663,319.73348194444435,1.0403083333333343
164.4,2957.3146666666626,320.3556999999999,1.0423944444444453
164.5,2960.253333333329,321.10043055555536,1.0449388888888895
164.6,2963.363916666662,321.85435555555534,1.0475263888888895
164.7,2966.6105833333286,322.51532916666645,1.0497750000000003
164.8,2969.891749999996,323.03339999999986,1.0515041666666674
164.9,2972.925583333329,323.29303888888876,1.0523430555555564
165.0,2975.609583333329,323.3626847222221,1.0525611111111117
165.1,2978.1170833333285,323.531761111111,1.0530986111111118
165.2,2980.7826666666615,324.0329833333332,1.054781944444445
165.3,2983.6572499999957,324.7705569444445,1.0572805555555567
165.4,2986.5567499999956,325.5259888888889,1.0598152777777787
165.5,2989.525083333329,326.24220555555553,1.0622388888888898
165.6,2992.5584999999955,326.90713055555545,1.0645041666666675
165.7,2995.6733333333286,327.55809444444435,1.0667180555555562
165.8,2999.0418333333296,328.1426805555556,1.068675000000001
165.9,3002.3571666666626,328.5656527777778,1.0700569444444454
166.0,3005.488749999996,329.0680472222222,1.0717180555555563
166.1,3008.7659999999955,329.69802361111107,1.0738250000000007
166.2,3012.1258333333285,330.29876666666655,1.0758375000000007
166.3,3015.6201666666625,331.01989027777785,1.0782916666666678
166.4,3019.2796666666623,331.81980833333336,1.0810361111111122
166.5,3023.0087499999954,332.5401055555555,1.0835069444444454
166.6,3026.7784999999953,333.2507902777777,1.0859666666666674
166.7,3030.611249999995,334.00615833333325,1.0885986111111117
166.8,3034.694499999996,334.86392777777786,1.0915930555555569
166.9,3038.874583333329,335.75039722222226,1.0946875000000011
167.0,3042.9209166666624,336.57856388888894,1.0975583333333343
167.1,3046.824083333329,337.3000388888889,1.1000208333333341
167.2,3050.212333333329,337.6559166666666,1.101209722222223
167.3,3052.9524999999962,338.0146819444445,1.1024083333333343
167.4,3055.518916666663,338.5878194444445,1.1043180555555565
167.5,3057.854833333329,338.90785833333337,1.105362500000001
167.6,3059.369083333329,338.96949722222223,1.1055569444444453
167.7,3060.1101666666623,339.0459055555556,1.105797222222223
167.8,3060.8116666666624,339.30632222222226,1.1066291666666677
167.9,3061.7684166666622,339.67676111111115,1.1078222222222232
168.0,3062.8136666666624,340.07090833333336,1.109095833333334
168.1,3063.772666666662,340.47213611111107,1.1103902777777785
168.2,3064.533166666662,340.8343194444444,1.1115513888888895
168.3,3065.1133333333287,341.1477805555556,1.1125513888888898
168.4,3065.634083333329,341.45436666666666,1.1135277777777786
168.5,3066.2298333333288,341.7795305555555,1.1145666666666674
168.6,3066.948916666662,342.12780833333323,1.1156791666666674
168.7,3067.7917499999953,342.52455277777767,1.1169513888888896
168.8,3068.762333333329,342.95225694444446,1.1183333333333343
168.9,3069.8564166666624,343.4057944444444,1.119798611111112
169.0,3071.041833333329,343.87768333333327,1.1213208333333342
169.1,3072.4269999999956,344.3369166666666,1.1228069444444453
169.2,3073.9442499999955,344.5619277777777,1.1235375000000007
169.3,3075.3289166666623,344.5619277777777,1.1235375000000007
169.4,3076.7239166666623,344.847673611111,1.1244805555555561
169.5,3078.2911666666623,345.37475555555545,1.1262097222222227
169.6,3079.9930833333287,345.8880027777777,1.1278902777777782
169.7,3081.837333333329,346.4064555555554,1.129593055555556
169.8,3083.816333333329,346.9080222222222,1.1312430555555564
169.9,3085.9542499999957,347.45833611111107,1.1330625000000007
170.0,3088.2967499999954,348.0898749999999,1.1351611111111115
170.1,3090.9008333333286,348.7764374999998,1.1374694444444449
170.2,3093.6899166666617,349.45731111111087,1.1397625
170.3,3096.6841666666623,350.1410527777777,1.1420652777777784
170.4,3099.9629999999956,350.8519374999999,1.144483333333334
170.5,3103.368583333329,351.4814416666665,1.146604166666667
170.6,3106.7563333333287,352.0149999999998,1.1483680555555558
170.7,3109.9989999999952,352.55282499999976,1.1501430555555556
170.8,3113.075249999996,353.1226416666666,1.1520333333333337
170.9,3116.0016666666625,353.6697333333332,1.1538486111111115
171.0,3118.5374166666625,354.1580152777776,1.1554500000000003
171.1,3120.280749999996,354.4822055555554,1.1564986111111113
171.2,3121.1226666666626,354.63749722222207,1.1569902777777779
171.3,3121.388499999996,354.7790638888888,1.1574361111111113
171.4,3121.2229166666625,354.85458888888877,1.157673611111111
171.5,3120.815249999996,354.85458888888877,1.157673611111111
171.6,3120.4580833333293,354.85458888888877,1.157673611111111
171.7,3120.123499999996,354.85458888888877,1.157673611111111
171.8,3119.776499999996,354.85458888888877,1.157673611111111
171.9,3119.4443333333293,354.85458888888877,1.157673611111111
172.0,3119.1256666666627,354.85458888888877,1.157673611111111
172.1,3118.8198333333294,354.85458888888877,1.157673611111111
172.2,3118.523749999996,354.85458888888877,1.157673611111111
172.3,3118.2390833333293,354.85458888888877,1.157673611111111
172.4,3117.972249999996,354.85458888888877,1.157673611111111
172.5,3117.723166666663,354.85458888888877,1.157673611111111
172.6,3117.4809166666632,354.85458888888877,1.157673611111111
172.7,3117.2406666666634,354.85458888888877,1.157673611111111
172.8,3117.0061666666634,354.85458888888877,1.157673611111111
172.9,3116.7874166666634,354.85458888888877,1.157673611111111
173.0,3116.5864999999967,354.85458888888877,1.157673611111111
173.1,3116.3984166666633,354.85458888888877,1.157673611111111
173.2,3116.2239999999965,354.85458888888877,1.157673611111111
173.3,3116.0616666666633,354.85458888888877,1.157673611111111
173.4,3115.91158333333,354.85458888888877,1.157673611111111
173.5,3115.772666666663,354.85458888888877,1.157673611111111
173.6,3115.6447499999963,354.85458888888877,1.157673611111111
173.7,3115.5298333333294,354.85458888888877,1.157673611111111
173.8,3115.425499999996,354.85458888888877,1.157673611111111
173.9,3115.3315833333295,354.85458888888877,1.157673611111111
174.0,3115.249666666663,354.85458888888877,1.157673611111111
174.1,3115.1798333333295,354.85458888888877,1.157673611111111
174.2,3115.121999999996,354.85458888888877,1.157673611111111
174.3,3115.0745833333294,354.85458888888877,1.157673611111111
174.4,3115.037166666663,354.85458888888877,1.157673611111111
174.5,3115.010249999996,354.85458888888877,1.157673611111111
174.6,3114.9927499999962,354.85458888888877,1.157673611111111
174.7,3114.9844999999964,354.85458888888877,1.157673611111111
174.8,3115.012666666663,354.9121013888888,1.1578527777777778
174.9,3115.095249999996,355.0529847222221,1.1582916666666667
175.0,3115.239499999996,355.2283555555554,1.158838888888889
175.1,3115.473499999996,355.4201722222221,1.159440277777778
175.2,3115.8175833333294,355.63208194444434,1.1601055555555555
175.3,3116.269166666663,355.8590083333333,1.1608180555555556
175.4,3116.8340833333295,356.0843513888888,1.161527777777778
175.5,3117.5159166666626,356.32916111111103,1.1623013888888891
175.6,3118.2905833333293,356.59202222222217,1.1631319444444446
175.7,3119.156749999996,356.86190555555544,1.1639847222222224
175.8,3120.124249999996,357.14366527777776,1.1648777777777781
175.9,3121.201916666663,357.43848611111105,1.1658152777777782
176.0,3122.379333333329,357.7486194444444,1.1668013888888893
176.1,3123.638749999996,358.04697777777767,1.1677500000000005
176.2,3124.972999999996,358.29833472222214,1.1685472222222226
176.3,3126.347916666663,358.47619999999995,1.1691069444444449
176.4,3127.772666666663,358.64801666666665,1.1696486111111115
176.5,3129.246749999996,358.8657055555555,1.1703375000000003
176.6,3130.7548333333293,359.09963333333326,1.171077777777778
176.7,3132.3004999999957,359.323798611111,1.1717861111111114
176.8,3133.8880833333296,359.5364527777777,1.172456944444445
176.9,3135.5448333333297,359.77819305555545,1.1732222222222228
177.0,3137.291416666663,360.10126527777766,1.174255555555556
177.1,3139.137916666663,360.48979166666646,1.1755027777777782
177.2,3141.0690833333297,360.89861944444425,1.176815277777778
177.3,3143.08633333333,361.2788472222221,1.1780361111111117
177.4,3145.190666666663,361.6117305555554,1.1791013888888895
177.5,3147.3299999999963,361.9121305555554,1.1800597222222227
177.6,3149.5633333333294,362.21244722222207,1.181019444444445
177.7,3152.0749999999957,362.57256944444424,1.1821819444444448
177.8,3154.6202499999963,362.9387583333332,1.1833638888888895
177.9,3157.008666666663,363.2590458333332,1.1843888888888894
178.0,3159.569166666663,363.6021208333331,1.1854888888888895
178.1,3162.466999999996,364.0369291666664,1.1868972222222227
178.2,3165.381499999996,364.44841249999973,1.188230555555556
178.3,3168.1358333333296,364.82261944444423,1.1894402777777784
178.4,3170.7768333333297,365.23609305555533,1.1907805555555562
178.5,3173.2879999999964,365.6365055555553,1.1920763888888894
178.6,3175.780249999996,366.0281138888886,1.1933416666666672
178.7,3178.1719166666626,366.22573888888854,1.193979166666667
178.8,3180.1890833333296,366.22573888888854,1.193979166666667
178.9,3181.856249999996,366.22573888888854,1.193979166666667
179.0,3183.349249999996,366.22573888888854,1.193979166666667
179.1,3184.859249999996,366.40715555555516,1.1945625000000002
179.2,3186.5319166666623,366.7807874999996,1.195763888888889
179.3,3188.2224999999958,367.1518277777775,1.196956944444445
179.4,3189.8579166666623,367.42443194444417,1.1978277777777784
179.5,3191.435666666662,367.6252999999997,1.1984625000000007
179.6,3193.0213333333286,367.9345388888886,1.1994513888888894
179.7,3194.7051666666616,368.3319277777774,1.2007291666666668
179.8,3196.494416666662,368.7088805555553,1.2019375000000005
179.9,3198.402416666662,369.0697055555553,1.203095833333334
180.0,3200.447833333328,369.47584583333304,1.2044083333333337
180.1,3202.7381666666615,369.9050124999997,1.2057972222222226
180.2,3205.455583333328,370.316933333333,1.2071347222222226
180.3,3208.5308333333287,370.732522222222,1.2084819444444452
180.4,3211.5870833333283,370.97820277777754,1.2092708333333342
180.5,3214.4614166666615,371.1741430555553,1.2098944444444453
180.6,3216.9827499999947,371.44483333333307,1.210756944444445
180.7,3219.172333333328,371.76760416666633,1.211794444444445
180.8,3221.306916666662,372.0630888888887,1.2127444444444453
180.9,3223.4228333333285,372.15842777777755,1.213045833333334
181.0,3225.6023333333283,372.3336944444442,1.213606944444445
181.1,3227.8896666666615,372.6587652777775,1.2146472222222229
181.2,3230.269833333328,372.97306944444415,1.2156513888888896
181.3,3232.625749999995,373.1295694444442,1.2161513888888895
181.4,3234.9149166666616,373.1295694444442,1.2161513888888895
181.5,3237.228333333328,373.13135277777747,1.216156944444445
181.6,3239.6324166666614,373.2551986111108,1.2165500000000007
181.7,3242.0831666666613,373.5098513888886,1.2173611111111118
181.8,3244.500749999995,373.7321291666664,1.2180694444444453
181.9,3247.0368333333286,373.882958333333,1.218545833333334
182.0,3249.625249999995,373.94409999999976,1.2187375000000007
182.1,3251.9884166666616,373.9884055555553,1.2188763888888896
182.2,3254.3348333333283,374.18316944444416,1.219494444444445
182.3,3256.9554999999955,374.53340555555536,1.2206180555555564
182.4,3259.653166666662,374.8886833333331,1.2217625000000008
182.5,3262.437999999995,375.2178249999998,1.222820833333334
182.6,3265.4403333333285,375.6274180555553,1.2241527777777785
182.7,3268.347749999995,376.01850277777754,1.2254236111111119
182.8,3271.0154999999954,376.3253027777776,1.2264069444444454
182.9,3273.5770833333286,376.65968194444423,1.2274805555555564
183.0,3275.9740833333285,376.94377777777754,1.2283888888888896
183.1,3278.2514166666615,377.25030277777756,1.2293736111111118
183.2,3280.6212499999947,377.701897222222,1.2308402777777785
183.3,3282.9983333333284,378.16052777777765,1.2323319444444454
183.4,3285.2703333333284,378.58814722222206,1.2337180555555565
183.5,3287.5473333333284,378.9990611111109,1.235045833333334
183.6,3289.8341666666615,379.1945333333331,1.2356763888888895
183.7,3292.119499999995,379.1945333333331,1.2356763888888895
183.8,3294.401666666662,379.1945333333331,1.2356763888888895
183.9,3296.638666666662,379.2025833333331,1.2357013888888895
184.0,3298.8425833333285,379.2244541666665,1.2357694444444451
184.1,3301.0069166666617,379.2538791666664,1.2358611111111117
184.2,3303.1454166666617,379.3108166666665,1.2360388888888896
184.3,3305.2719999999954,379.4175166666665,1.2363736111111119
184.4,3307.3609999999953,379.54824999999977,1.2367847222222228
184.5,3309.4169999999954,379.67387222222203,1.2371791666666672
184.6,3311.449249999995,379.79615555555534,1.2375625000000006
184.7,3313.461333333328,379.91284999999976,1.2379277777777782
184.8,3315.486166666662,380.1135833333331,1.2385652777777783
184.9,3317.6058333333285,380.42561666666643,1.2395638888888891
185.0,3319.8074166666615,380.7623166666664,1.2406430555555559
185.1,3322.0511666666616,381.09598333333304,1.2417125000000002
185.2,3324.348833333328,381.42661666666635,1.2427722222222224
185.3,3326.6578333333287,381.7630944444442,1.243854166666667
185.4,3328.9570833333287,382.03249722222193,1.2447180555555557
185.5,3331.243749999995,382.20732222222193,1.2452708333333333
185.6,3333.5729166666615,382.4175888888886,1.245940277777778
185.7,3335.986833333328,382.7083555555553,1.2468722222222222
185.8,3338.437999999995,383.026422222222,1.2478916666666668
185.9,3340.9040833333283,383.3629986111109,1.2489722222222224
186.0,3343.3979166666613,383.70682638888866,1.2500777777777776
186.1,3346.008166666661,384.0949027777776,1.251334722222222
186.2,3348.6974999999943,384.54303749999974,1.2527944444444443
186.3,3351.378833333328,384.9747694444443,1.2541986111111112
186.4,3354.0661666666615,385.32884722222207,1.2553402777777778
186.5,3356.7651666666616,385.6318486111109,1.2563083333333334
186.6,3359.543833333328,385.98801666666645,1.2574569444444446
186.7,3362.357166666661,386.3780527777775,1.2587194444444445
186.8,3365.156749999995,386.75909444444426,1.2599486111111116
186.9,3367.979083333328,387.10530972222205,1.2610638888888892
187.0,3370.8214999999946,387.4037833333331,1.2620236111111114
187.1,3373.7052499999945,387.73449999999974,1.2630888888888891
187.2,3376.5952499999944,388.07306388888856,1.264177777777778
187.3,3379.4580833333284,388.38376388888867,1.2651736111111116
187.4,3382.3269999999948,388.70464999999973,1.266205555555556
187.5,3385.2506666666613,389.0727361111108,1.2674013888888893
187.6,3388.2391666666613,389.4895152777775,1.2687611111111115
187.7,3391.252166666661,389.8872319444442,1.270052777777778
187.8,3394.2583333333287,390.1952736111109,1.2710444444444449
187.9,3397.231166666662,390.4241527777775,1.2717736111111115
188.0,3400.1435833333285,390.60464999999976,1.2723458333333335
188.1,3403.000749999995,390.7459305555553,1.2727916666666668
188.2,3405.854249999995,390.86236249999973,1.2731583333333334
188.3,3408.7021666666624,390.95684027777753,1.2734555555555558
188.4,3411.4654999999957,390.9980444444442,1.2735847222222223
188.5,3414.132583333329,390.9980444444442,1.2735847222222223
188.6,3416.7564999999954,390.9980444444442,1.2735847222222223
188.7,3419.4028333333285,391.0643166666664,1.2737944444444447
188.8,3422.0922499999956,391.2866541666665,1.274502777777778
188.9,3424.783666666662,391.484497222222,1.2751319444444444
189.0,3427.4300833333286,391.52627499999977,1.2752625000000002
189.1,3430.0590833333285,391.58810833333314,1.2754569444444446
189.2,3432.7658333333284,391.8049416666664,1.276151388888889
189.3,3435.537583333329,392.1142680555554,1.2771444444444449
189.4,3438.312583333329,392.4495444444442,1.2782250000000002
189.5,3441.063916666662,392.7859944444442,1.2793125
189.6,3443.791999999995,392.97959722222197,1.2799319444444446
189.7,3446.5002499999946,393.0176999999997,1.280051388888889
189.8,3449.2099166666617,393.11074444444415,1.2803458333333335
189.9,3451.9672499999947,393.3818930555553,1.281216666666667
190.0,3454.7994999999946,393.7818763888886,1.2825111111111114
190.1,3457.7467499999943,394.2638305555552,1.2840875
190.2,3460.7471666666606,394.7611277777774,1.285723611111111
190.3,3463.788333333328,395.23472499999974,1.287276388888889
190.4,3466.8628333333277,395.7345666666664,1.2889180555555557
190.5,3469.941166666661,396.1888222222219,1.2904041666666666
190.6,3472.9967499999943,396.39961111111074,1.2910861111111112
190.7,3476.0264166666607,396.56477777777735,1.2916138888888888
190.8,3479.105333333328,396.88776388888857,1.2926527777777779
190.9,3482.2194999999942,397.2225180555552,1.2937277777777778
191.0,3485.380749999994,397.5845458333329,1.2948972222222221
191.1,3488.6112499999936,398.00283333333294,1.296259722222222
191.2,3491.8947499999936,398.4007361111107,1.2975499999999998
191.3,3495.2278333333275,398.79437499999966,1.2988263888888891
191.4,3498.6224166666607,399.22005555555523,1.300215277777778
191.5,3502.0742499999938,399.6482944444441,1.3016125
191.6,3505.5924999999934,400.1101986111107,1.3031333333333333
191.7,3509.1734166666597,400.6636027777774,1.3049888888888888
191.8,3512.7879999999936,401.2883583333331,1.3071069444444448
191.9,3516.4509999999937,401.9528888888886,1.3093833333333336
192.0,3520.1977499999934,402.64444861111076,1.311763888888889
192.1,3524.0503333333268,403.4113874999996,1.3144194444444444
192.2,3527.9640833333265,404.1831305555551,1.3171041666666663
192.3,3531.904166666661,404.86123055555527,1.3194319444444447
192.4,3535.851249999994,405.39143055555525,1.3212041666666667
192.5,3539.7892499999934,405.92788055555525,1.3230013888888887
192.6,3543.7739166666597,406.60742638888854,1.3253249999999999
192.7,3547.792749999993,407.30208055555516,1.3276999999999997
192.8,3551.8239166666604,408.0348777777775,1.330215277777778
192.9,3555.9360833333267,408.76778333333306,1.3327430555555555
193.0,3560.08491666666,409.33529861111083,1.3346583333333333
193.1,3564.052749999993,409.55684722222196,1.335384722222222
193.2,3567.7187499999927,409.55684722222196,1.335384722222222
193.3,3571.2839999999937,409.6026361111108,1.3355291666666667
193.4,3574.94941666666,409.8145124999997,1.336211111111111
193.5,3578.678249999993,410.1760944444441,1.3373833333333331
193.6,3582.4098333333263,410.6480027777774,1.338933333333333
193.7,3586.179749999993,411.1630805555551,1.3406388888888885
193.8,3589.9262499999936,411.63251944444414,1.3421833333333333
193.9,3593.5587499999933,411.9516694444441,1.3432180555555553
194.0,3597.163999999993,412.1300319444441,1.343786111111111
194.1,3600.7844166666596,412.41014027777743,1.3446888888888886
194.2,3604.3891666666595,412.73111249999965,1.3457222222222218
194.3,3607.987583333327,413.0105527777775,1.3466180555555554
194.4,3611.6184166666603,413.3050583333331,1.3475680555555554
194.5,3615.2594999999933,413.6415249999997,1.3486569444444443
194.6,3618.8694166666596,414.00515833333304,1.349831944444444
194.7,3622.5334999999927,414.356345833333,1.3509666666666662
194.8,3626.315083333327,414.8824499999998,1.352751388888889
194.9,3630.0954999999935,415.5285236111108,1.3549499999999999
195.0,3633.9875833333267,416.11668055555526,1.356923611111111
195.1,3638.3377499999933,416.4067638888886,1.3579069444444443
195.2,3642.5194166666597,416.4397555555553,1.358009722222222
195.3,3646.2445833333272,416.4727472222219,1.3581124999999998
195.4,3649.972583333327,416.4727472222219,1.3581124999999998
195.5,3653.5339999999933,416.5132527777775,1.3582402777777776
195.6,3656.997499999993,416.8176472222219,1.3592361111111109
195.7,3660.535249999993,417.3077444444441,1.360845833333333
195.8,3664.1166666666604,417.84288333333313,1.3626347222222224
195.9,3667.7708333333267,418.4373458333331,1.3646305555555556
196.0,3671.4973333333264,419.01066527777755,1.3665416666666665
196.1,3675.299499999993,419.5745166666664,1.3684305555555552
196.2,3679.1891666666593,420.17084583333303,1.3704499999999995
196.3,3683.1609166666603,420.8492027777777,1.372773611111111
196.4,3687.220333333327,421.54294444444434,1.3751458333333333
196.5,3691.3701666666598,422.2225402777776,1.3774694444444442
196.6,3695.5753333333264,422.7696805555554,1.3793111111111107
196.7,3699.771499999993,423.04441388888876,1.3801972222222216
196.8,3704.0234166666605,423.4106027777777,1.381461111111111
196.9,3708.4104999999936,424.02442499999984,1.3835916666666663
197.0,3712.8803333333267,424.66113194444426,1.3857611111111106
197.1,3717.41066666666,425.3254666666664,1.388041666666666
197.2,3722.0366666666596,426.0714444444441,1.3906513888888878
197.3,3726.7855833333274,426.89178888888875,1.3935611111111108
197.4,3731.636333333327,427.744622222222,1.396606944444444
197.5,3736.5725833333267,428.59512222222196,1.3996444444444438
197.6,3741.58791666666,429.36684722222185,1.4023916666666658
197.7,3746.6803333333264,430.09103055555516,1.4049458333333325
197.8,3751.9210833333277,430.7884416666665,1.4073888888888886
197.9,3757.281416666661,431.4176069444442,1.4095999999999993
198.0,3762.6101666666605,432.0402527777775,1.4117805555555547
198.1,3767.93241666666,432.68939305555523,1.4140305555555546
198.2,3773.32691666666,433.33114999999964,1.416262499999999
198.3,3778.7822499999947,433.9398111111109,1.4183763888888883
198.4,3784.2951666666613,434.51819999999975,1.4203708333333327
198.5,3789.8180833333276,434.8001444444442,1.4213430555555548
198.6,3795.252999999994,434.8001444444442,1.4213430555555548
198.7,3800.5428333333266,434.8001444444442,1.4213430555555548
198.8,3805.7394166666613,434.8001444444442,1.4213430555555548
198.9,3810.892916666661,434.8001444444442,1.4213430555555548
199.0,3815.9609999999943,434.8001444444442,1.4213430555555548
199.1,3820.927499999994,434.8001444444442,1.4213430555555548
199.2,3825.7629999999936,434.8001444444442,1.4213430555555548
199.3,3830.426416666661,434.8001444444442,1.4213430555555548
199.4,3835.009499999994,434.8001444444442,1.4213430555555548
199.5,3839.5214166666606,434.8001444444442,1.4213430555555548
199.6,3843.87866666666,434.8001444444442,1.4213430555555548
199.7,3848.1510833333264,434.8001444444442,1.4213430555555548
199.8,3852.359666666661,434.8001444444442,1.4213430555555548
199.9,3856.459916666661,434.8001444444442,1.4213430555555548
200.0,3860.4459166666607,434.8001444444442,1.4213430555555548
200.1,3864.3343333333273,434.8001444444442,1.4213430555555548
200.2,3868.1459166666605,434.8001444444442,1.4213430555555548
200.3,3871.853833333328,434.80414444444415,1.4213555555555548
200.4,3875.5144166666614,434.8735388888886,1.4215749999999994
200.5,3879.1684999999948,435.0480486111108,1.4221305555555548
200.6,3882.7959999999944,435.2124638888886,1.4226541666666659
200.7,3886.400166666661,435.333158333333,1.4230361111111105
200.8,3889.9776666666617,435.46151249999974,1.423441666666666
200.9,3893.5191666666615,435.554947222222,1.4237361111111102
201.0,3897.014583333328,435.58542222222195,1.4238319444444436
201.1,3900.4777499999946,435.58542222222195,1.4238319444444436
201.2,3903.894666666661,435.58542222222195,1.4238319444444436
201.3,3907.2402499999953,435.58542222222195,1.4238319444444436
201.4,3910.5185833333285,435.58542222222195,1.4238319444444436
201.5,3913.709083333328,435.58542222222195,1.4238319444444436
201.6,3916.7984166666615,435.58542222222195,1.4238319444444436
201.7,3919.7954166666614,435.58542222222195,1.4238319444444436
201.8,3922.6828333333287,435.58542222222195,1.4238319444444436
201.9,3925.496499999995,435.66881111111087,1.4240958333333325
202.0,3928.383749999995,435.99196388888856,1.4251458333333324
202.1,3931.336999999995,436.4453486111108,1.426627777777777
202.2,3934.2729166666613,436.8659444444441,1.427999999999999
202.3,3937.1845833333286,437.23997499999973,1.4292152777777771
202.4,3940.0428333333284,437.5138777777775,1.4300944444444437
202.5,3942.8379166666614,437.66047499999974,1.4305597222222215
202.6,3945.566833333328,437.75278333333307,1.4308499999999993
202.7,3948.2530833333276,437.84521666666643,1.431140277777777
202.8,3950.916333333328,437.9349999999997,1.4314222222222217
202.9,3953.5439999999944,438.07575833333306,1.431866666666666
203.0,3956.155166666661,438.26854583333306,1.432477777777777
203.1,3958.8318333333277,438.53108055555526,1.4333194444444437
203.2,3961.5470833333275,438.8567777777775,1.4343666666666657
203.3,3964.2489166666614,439.16661111111085,1.4353597222222214
203.4,3966.9334166666613,439.4578111111108,1.4362930555555546
203.5,3969.6029999999946,439.7782222222219,1.4373236111111103
203.6,3972.2862499999947,440.10587499999974,1.4383805555555547
203.7,3974.9869999999946,440.4548541666664,1.4395083333333323
203.8,3977.722166666662,440.8415736111109,1.440763888888888
203.9,3980.5078333333286,441.256322222222,1.442112499999999
204.0,3983.339749999995,441.69366944444425,1.4435347222222212
204.1,3986.1709166666615,442.1102513888886,1.4448916666666656
204.2,3989.001583333328,442.53591111111086,1.4462805555555545
204.3,3991.886166666662,442.99482916666653,1.447777777777777
204.4,3994.843166666662,443.46556249999986,1.4493111111111103
204.5,3997.8731666666617,443.93314722222203,1.4508416666666655
204.6,4000.9771666666616,444.41282083333317,1.452422222222221
204.7,4004.153499999995,444.8843638888887,1.45397361111111
204.8,4007.4017499999954,445.360536111111,1.4555402777777768
204.9,4010.718833333329,445.88483333333323,1.4572736111111102
205.0,4014.093833333329,446.4229805555554,1.4590555555555547
205.1,4017.5373333333287,446.9372013888887,1.4607555555555547
205.2,4021.0643333333282,447.465347222222,1.46249861111111
205.3,4024.6642499999957,447.99812222222215,1.4642624999999994
205.4,4028.3244999999956,448.52821666666654,1.4660236111111102
205.5,4032.049083333329,449.0811291666665,1.4678666666666655
205.6,4035.8461666666617,449.6164833333332,1.4696513888888876
205.7,4039.7147499999946,450.13988888888866,1.4713902777777763
205.8,4043.638166666662,450.60887777777765,1.4729416666666655
205.9,4047.608916666662,451.0522680555554,1.4744027777777764
206.0,4051.6403333333283,451.51108888888865,1.475919444444443
206.1,4055.732583333328,451.96731944444423,1.4774249999999987
206.2,4059.879333333328,452.4616999999997,1.4790597222222206
206.3,4064.0818333333286,452.96589166666644,1.480737499999999
206.4,4068.324666666662,453.42776666666646,1.4822652777777767
206.5,4072.588333333328,453.78839722222205,1.4834430555555544
206.6,4076.884083333328,454.19128888888866,1.4847763888888879
206.7,4081.237249999994,454.7046138888887,1.486484722222221
206.8,4085.6199999999953,455.14031527777763,1.487913888888888
206.9,4089.9369166666615,455.32099444444435,1.4884986111111103
207.0,4094.202249999995,455.32099444444435,1.4884986111111103
207.1,4098.447333333328,455.32099444444435,1.4884986111111103
207.2,4102.635333333328,455.32099444444435,1.4884986111111103
207.3,4106.758833333329,455.3365013888888,1.4885472222222214
207.4,4110.792666666662,455.37283194444433,1.48866111111111
207.5,4114.710833333328,455.40163055555547,1.488751388888888
207.6,4118.527666666661,455.4484722222221,1.48889861111111
207.7,4122.2987499999945,455.58700555555544,1.4893402777777767
207.8,4126.020499999995,455.8114374999999,1.4900583333333326
207.9,4129.6548333333285,456.0331458333332,1.490766666666666
208.0,4133.203499999995,456.27824583333313,1.491552777777777
208.1,4136.673166666662,456.5542361111109,1.492438888888888
208.2,4140.051249999995,456.74175833333317,1.4930374999999991
208.3,4143.2234999999955,456.80144722222207,1.4932263888888881
208.4,4146.1458333333285,456.80144722222207,1.4932263888888881
208.5,4148.942749999995,456.80144722222207,1.4932263888888881
208.6,4151.608499999995,456.80144722222207,1.4932263888888881
208.7,4154.261499999995,456.8734249999998,1.4934541666666659
208.8,4157.011499999996,457.0422194444443,1.493990277777777
208.9,4159.763333333329,457.21166111111097,1.4945291666666658
209.0,4162.444749999995,457.284286111111,1.4947597222222213
209.1,4165.094583333328,457.284286111111,1.4947597222222213
209.2,4167.772666666661,457.3179583333332,1.494865277777777
209.3,4170.470666666662,457.4838055555554,1.4953958333333326
209.4,4173.196583333328,457.7490138888887,1.4962472222222214
209.5,4175.959583333328,458.06358472222206,1.4972611111111103
209.6,4178.7854999999945,458.4229416666664,1.4984222222222212
209.7,4181.667333333327,458.7685652777775,1.4995388888888876
209.8,4184.593333333328,459.1097527777776,1.5006430555555548
209.9,4187.557333333328,459.44364444444426,1.50172361111111
210.0,4190.539916666661,459.67852777777756,1.5024791666666657
210.1,4193.493999999994,459.7529027777776,1.502715277777777
210.2,4196.414499999994,459.7529027777776,1.502715277777777
210.3,4199.312166666662,459.7635694444442,1.5027486111111101
210.4,4202.217916666662,459.811659722222,1.5028999999999992
210.5,4205.115333333329,459.87646666666643,1.5031041666666658
210.6,4207.908749999995,459.90384999999975,1.503190277777777
210.7,4210.598999999995,459.90384999999975,1.503190277777777
210.8,4213.090999999995,459.9528749999998,1.5033444444444437
210.9,4215.319916666662,460.09362777777756,1.5037888888888882
211.0,4217.519499999995,460.2785430555553,1.5043749999999994
211.1,4219.7663333333285,460.4762930555553,1.505002777777777
211.2,4222.059166666661,460.7793444444442,1.5059791666666658
211.3,4224.339999999996,461.09645555555534,1.5070013888888885
211.4,4226.5253333333285,461.30257777777757,1.5076569444444439
211.5,4228.702999999995,461.5086999999998,1.5083124999999993
211.6,4230.890499999995,461.710009722222,1.5089527777777771
211.7,4233.079666666661,461.8591791666665,1.5094249999999994
211.8,4235.274416666662,462.019723611111,1.509933333333333
211.9,4237.480249999995,462.20522361111097,1.5105222222222217
212.0,4239.704333333329,462.42226111111097,1.5112124999999994
212.1,4241.969749999995,462.7205138888887,1.5121694444444438
212.2,4244.284583333328,463.05600972222203,1.513249999999999
212.3,4246.6399166666615,463.38849166666654,1.5143208333333327
212.4,4249.041833333328,463.7234638888888,1.515401388888888
212.5,4251.498499999995,464.05129722222205,1.5164555555555548
212.6,4253.9971666666615,464.33986666666647,1.5173791666666658
212.7,4256.508666666661,464.580197222222,1.5181458333333324
212.8,4259.033916666662,464.81874999999985,1.5189055555555548
212.9,4261.5712499999945,465.0717416666665,1.5197138888888881
213.0,4264.131583333327,465.3417083333332,1.520579166666666
213.1,4266.692083333327,465.6164416666665,1.5214597222222215
213.2,4269.22341666666,465.8581541666665,1.5222333333333327
213.3,4271.766916666661,466.0968333333332,1.5229972222222217
213.4,4274.339833333328,466.338911111111,1.5237708333333329
213.5,4276.934583333328,466.56445277777766,1.5244902777777773
213.6,4279.543416666661,466.80702777777765,1.5252652777777773
213.7,4282.173833333328,467.07003888888875,1.526106944444444
213.8,4284.837916666662,467.34867222222215,1.5269999999999997
213.9,4287.502999999995,467.6194763888888,1.5278666666666663
214.0,4290.163499999995,467.8772805555555,1.5286916666666663
214.1,4292.879166666662,468.12014305555545,1.5294666666666663
214.2,4295.532999999995,468.23170555555544,1.529820833333333
214.3,4298.142916666662,468.30651805555544,1.530058333333333
214.4,4300.832666666662,468.536398611111,1.5307944444444441
214.5,4303.547166666662,468.8061638888888,1.531658333333333
214.6,4306.322249999995,469.049923611111,1.5324333333333329
214.7,4309.072749999995,469.2237347222221,1.5329833333333327
214.8,4311.710999999996,469.3002833333332,1.5332236111111104
214.9,4314.301666666663,469.346261111111,1.5333680555555549
215.0,4316.860749999996,469.398098611111,1.5335305555555547
215.1,4319.3991666666625,469.4774055555554,1.5337791666666658
215.2,4321.924083333329,469.5870805555554,1.534124999999999
215.3,4324.427999999996,469.7111999999999,1.5345166666666659
215.4,4326.931916666663,469.8815527777777,1.5350569444444437
215.5,4329.479083333329,470.15831388888876,1.5359416666666657
215.6,4332.054333333329,470.458186111111,1.536901388888888
215.7,4334.637666666662,470.7595999999998,1.5378694444444434
215.8,4337.2609166666625,471.0731416666666,1.5388777777777771
215.9,4339.916666666662,471.3704083333332,1.5398305555555547
216.0,4342.595249999996,471.67756249999985,1.5408166666666658
216.1,4345.314916666663,471.9773652777776,1.541777777777777
216.2,4348.064499999996,472.23472083333314,1.542599999999999
216.3,4350.83108333333,472.461911111111,1.5433236111111104
216.4,4353.618999999996,472.673223611111,1.5439944444444438
216.5,4356.372083333329,472.77428611111094,1.5443152777777769
216.6,4359.097166666662,472.77428611111094,1.5443152777777769
216.7,4361.825249999995,472.778298611111,1.544327777777777
216.8,4364.543083333329,472.8320624999999,1.5444972222222215
216.9,4367.226249999996,472.88181388888876,1.544654166666666
217.0,4369.886833333329,472.9053694444443,1.544727777777777
217.1,4372.572749999996,472.98968333333323,1.5449930555555549
217.2,4375.232666666662,473.05974583333324,1.5452138888888882
217.3,4377.864249999996,473.0899388888888,1.5453083333333328
217.4,4380.533083333329,473.2040152777777,1.5456694444444439
217.5,4383.221583333329,473.3847027777777,1.5462430555555549
217.6,4385.906833333329,473.56145277777773,1.5468041666666659
217.7,4388.601666666662,473.7495777777777,1.547401388888888
217.8,4391.293333333329,473.92657499999996,1.5479624999999992
217.9,4393.983833333329,474.0797472222222,1.5484472222222214
218.0,4396.627833333329,474.15479722222216,1.5486847222222213
218.1,4399.246166666662,474.15479722222216,1.5486847222222213
218.2,4401.8482499999955,474.15479722222216,1.5486847222222213
218.3,4404.394833333329,474.15479722222216,1.5486847222222213
218.4,4406.908916666663,474.15479722222216,1.5486847222222213
218.5,4409.380333333329,474.15479722222216,1.5486847222222213
218.6,4411.8110833333285,474.15479722222216,1.5486847222222213
218.7,4414.2159166666615,474.15479722222216,1.5486847222222213
218.8,4416.606499999995,474.16638888888883,1.5487208333333324
218.9,4419.007916666662,474.2539083333333,1.5489972222222212
219.0,4421.408333333328,474.3832777777777,1.5494055555555548
219.1,4423.799166666661,474.52888611111104,1.5498652777777768
219.2,4426.209999999995,474.7278027777777,1.5504958333333323
219.3,4428.6503333333285,474.95801388888884,1.5512291666666658
219.4,4431.118916666662,475.2058055555555,1.5520208333333323
219.5,4433.608583333328,475.46184166666666,1.5528374999999988
219.6,4436.118916666662,475.7169666666666,1.5536499999999989
219.7,4438.6517499999945,475.9559555555555,1.5544111111111099
219.8,4441.207749999995,476.18221249999993,1.5551305555555544
219.9,4443.811249999995,476.4333,1.5559319444444433
220.0,4446.474499999995,476.73619999999994,1.5569027777777766
220.1,4449.195833333328,477.0763749999999,1.55799861111111
220.2,4452.0312499999945,477.4826472222221,1.5593305555555543
220.3,4455.029249999995,477.98249444444446,1.560991666666666
220.4,4458.143083333328,478.560411111111,1.5629180555555546
220.5,4461.335499999995,479.1353472222221,1.564837499999999
220.6,4464.756249999995,479.7783499999998,1.5670180555555544
220.7,4468.487749999995,480.5369458333331,1.5696388888888875
220.8,4472.241916666662,481.2506777777777,1.5720833333333326
220.9,4476.0478333333285,481.9597472222221,1.5745069444444435
221.0,4480.088749999995,482.7389055555554,1.5772027777777766
221.1,4484.064916666662,483.4722305555553,1.57972361111111
221.2,4487.5892499999945,483.99766944444417,1.5814888888888876
221.3,4490.432166666662,484.29824166666646,1.5824569444444432
221.4,4492.380249999996,484.4424041666664,1.5829138888888876
221.5,4493.285666666662,484.48739999999975,1.5830555555555543
221.6,4493.373999999995,484.4967333333331,1.5830847222222209
221.7,4492.839749999996,484.4967333333331,1.5830847222222209
221.8,4491.876833333328,484.4967333333331,1.5830847222222209
221.9,4490.800999999995,484.4967333333331,1.5830847222222209
222.0,4489.721583333328,484.4967333333331,1.5830847222222209
222.1,4488.657999999995,484.4967333333331,1.5830847222222209
222.2,4487.622749999995,484.4967333333331,1.5830847222222209
222.3,4486.6193333333285,484.4967333333331,1.5830847222222209
222.4,4485.656333333329,484.4967333333331,1.5830847222222209
222.5,4484.745666666662,484.4967333333331,1.5830847222222209
222.6,4483.893416666662,484.4967333333331,1.5830847222222209
222.7,4483.109249999996,484.4967333333331,1.5830847222222209
222.8,4482.402166666662,484.4967333333331,1.5830847222222209
222.9,4481.772333333329,484.4967333333331,1.5830847222222209
223.0,4481.218749999995,484.4967333333331,1.5830847222222209
223.1,4480.731749999995,484.4967333333331,1.5830847222222209
223.2,4480.297749999995,484.4967333333331,1.5830847222222209
223.3,4479.9273333333285,484.4967333333331,1.5830847222222209
223.4,4479.626583333328,484.4967333333331,1.5830847222222209
223.5,4479.395333333328,484.4967333333331,1.5830847222222209
223.6,4479.227166666662,484.4967333333331,1.5830847222222209
223.7,4479.118666666662,484.4967333333331,1.5830847222222209
223.8,4479.068083333328,484.4967333333331,1.5830847222222209
223.9,4479.056333333328,484.4967333333331,1.5830847222222209
224.0,4479.056166666662,484.4967333333331,1.5830847222222209
224.1,4479.056166666662,484.4967333333331,1.5830847222222209
224.2,4479.056166666662,484.4967333333331,1.5830847222222209
224.3,4479.056166666662,484.4967333333331,1.5830847222222209
224.4,4479.056166666662,484.4967333333331,1.5830847222222209
224.5,4479.056083333328,484.4967333333331,1.5830847222222209
224.6,4479.056166666662,484.4967333333331,1.5830847222222209
224.7,4479.056333333328,484.4967333333331,1.5830847222222209
224.8,4479.056333333328,484.4967333333331,1.5830847222222209
224.9,4479.056333333328,484.4967333333331,1.5830847222222209
225.0,4479.056333333328,484.4967333333331,1.5830847222222209
225.1,4479.056333333328,484.4967333333331,1.5830847222222209
225.2,4479.056333333328,484.4967333333331,1.5830847222222209
225.3,4479.056333333328,484.4967333333331,1.5830847222222209
225.4,4479.056333333328,484.4967333333331,1.5830847222222209
225.5,4479.056333333328,484.4967333333331,1.5830847222222209
225.6,4479.056333333328,484.4967333333331,1.5830847222222209
225.7,4479.056333333328,484.4967333333331,1.5830847222222209
225.8,4479.056333333328,484.4967333333331,1.5830847222222209
225.9,4479.056333333328,484.4967333333331,1.5830847222222209
226.0,4479.056333333328,484.4967333333331,1.5830847222222209
226.1,4479.056333333328,484.4967333333331,1.5830847222222209
226.2,4479.056333333328,484.4967333333331,1.5830847222222209
226.3,4479.056333333328,484.4967333333331,1.5830847222222209
226.4,4479.056333333328,484.4967333333331,1.5830847222222209
226.5,4479.056333333328,484.4967333333331,1.5830847222222209
226.6,4479.056333333328,484.4967333333331,1.5830847222222209
226.7,4479.056333333328,484.4967333333331,1.5830847222222209
226.8,4479.056333333328,484.4967333333331,1.5830847222222209
226.9,4479.056333333328,484.4967333333331,1.5830847222222209
227.0,4479.056333333328,484.4967333333331,1.5830847222222209
227.1,4479.056333333328,484.4967333333331,1.5830847222222209
227.2,4479.056333333328,484.4967333333331,1.5830847222222209
227.3,4479.056333333328,484.4967333333331,1.5830847222222209
227.4,4479.056333333328,484.4967333333331,1.5830847222222209
227.5,4479.056333333328,484.4967333333331,1.5830847222222209
227.6,4479.056333333328,484.4967333333331,1.5830847222222209
227.7,4479.056333333328,484.4967333333331,1.5830847222222209
227.8,4479.056333333328,484.4967333333331,1.5830847222222209
227.9,4479.056333333328,484.4967333333331,1.5830847222222209
228.0,4479.056333333328,484.4967333333331,1.5830847222222209
228.1,4479.056333333328,484.4967333333331,1.5830847222222209
228.2,4479.056333333328,484.4967333333331,1.5830847222222209
228.3,4479.056333333328,484.4967333333331,1.5830847222222209
228.4,4479.056333333328,484.4967333333331,1.5830847222222209
228.5,4479.056333333328,484.4967333333331,1.5830847222222209
228.6,4479.056333333328,484.4967333333331,1.5830847222222209
228.7,4479.056333333328,484.4967333333331,1.5830847222222209
228.8,4479.056333333328,484.4967333333331,1.5830847222222209
228.9,4479.056333333328,484.4967333333331,1.5830847222222209
229.0,4479.056333333328,484.4967333333331,1.5830847222222209
229.1,4479.056333333328,484.4967333333331,1.5830847222222209
