recording_id,segment_id,start_s,end_s,prediction_kind,score,label_status,neighbor_recording_id,neighbor_start_s,temporal_separation_s
18385fe48224fbfa0cd6d17705d9305f857d70ef07b47b55502d04ff71359269,window_0,0.0,10.0,contrastive_embedding_neighbor,0.995855312389376,provisional_unverified,9116cbf4be063f5be851f65778ddfb91d60bdd5aa52e7211426769a6b2ce6f86,444.0,444.0
18385fe48224fbfa0cd6d17705d9305f857d70ef07b47b55502d04ff71359269,window_1,2.0,12.0,contrastive_embedding_neighbor,0.990964395101362,provisional_unverified,4975a35d789765b9299480af66d6a5af5166fef074cef80facbac97409b84d07,54.0,52.0
18385fe48224fbfa0cd6d17705d9305f857d70ef07b47b55502d04ff71359269,window_2,4.0,14.0,contrastive_embedding_neighbor,0.9859272553890711,provisional_unverified,18385fe48224fbfa0cd6d17705d9305f857d70ef07b47b55502d04ff71359269,80.0,76.0
18385fe48224fbfa0cd6d17705d9305f857d70ef07b47b55502d04ff71359269,window_3,6.0,16.0,contrastive_embedding_neighbor,0.9942721632766238,provisional_unverified,18385fe48224fbfa0cd6d17705d9305f857d70ef07b47b55502d04ff71359269,72.0,66.0
18385fe48224fbfa0cd6d17705d9305f857d70ef07b47b55502d04ff71359269,window_4,8.0,18.0,contrastive_embedding_neighbor,0.9944914602036221,provisional_unverified,18385fe48224fbfa0cd6d17705d9305f857d70ef07b47b55502d04ff71359269,72.0,64.0
18385fe48224fbfa0cd6d17705d9305f857d70ef07b47b55502d04ff71359269,window_5,10.0,20.0,contrastive_embedding_neighbor,0.9990890471362674,provisional_unverified,18385fe48224fbfa0cd6d17705d9305f857d70ef07b47b55502d04ff71359269,72.0,62.0
18385fe48224fbfa0cd6d17705d9305f857d70ef07b47b55502d04ff71359269,window_6,12.0,22.0,contrastive_embedding_neighbor,0.9975789801776249,provisional_unverified,18385fe48224fbfa0cd6d17705d9305f857d70ef07b47b55502d04ff71359269,94.0,82.0
18385fe48224fbfa0cd6d17705d9305f857d70ef07b47b55502d04ff71359269,window_7,14.0,24.0,contrastive_embedding_neighbor,0.9818392868318809,provisional_unverified,18385fe48224fbfa0cd6d17705d9305f857d70ef07b47b55502d04ff71359269,70.0,56.0
18385fe48224fbfa0cd6d17705d9305f857d70ef07b47b55502d04ff71359269,window_8,16.0,26.0,contrastive_embedding_neighbor,0.9644920288006635,provisional_unverified,18385fe48224fbfa0cd6d17705d9305f857d70ef07b47b55502d04ff71359269,70.0,54.0
18385fe48224fbfa0cd6d17705d9305f857d70ef07b47b55502d04ff71359269,window_9,18.0,28.0,contrastive_embedding_neighbor,0.9793726177680383,provisional_unverified,18385fe48224fbfa0cd6d17705d9305f857d70ef07b47b55502d04ff71359269,70.0,52.0
18385fe48224fbfa0cd6d17705d9305f857d70ef07b47b55502d04ff71359269,window_10,20.0,30.0,contrastive_embedding_neighbor,0.9828390139783261,provisional_unverified,18385fe48224fbfa0cd6d17705d9305f857d70ef07b47b55502d04ff71359269,70.0,50.0
18385fe48224fbfa0cd6d17705d9305f857d70ef07b47b55502d04ff71359269,window_11,22.0,32.0,contrastive_embedding_neighbor,0.9837493768009364,provisional_unverified,18385fe48224fbfa0cd6d17705d9305f857d70ef07b47b55502d04ff71359269,70.0,48.0
18385fe48224fbfa0cd6d17705d9305f857d70ef07b47b55502d04ff71359269,window_12,24.0,34.0,contrastive_embedding_neighbor,0.9944521849704844,provisional_unverified,18385fe48224fbfa0cd6d17705d9305f857d70ef07b47b55502d04ff71359269,100.0,76.0
18385fe48224fbfa0cd6d17705d9305f857d70ef07b47b55502d04ff71359269,window_13,26.0,36.0,contrastive_embedding_neighbor,0.9890544661385597,provisional_unverified,18385fe48224fbfa0cd6d17705d9305f857d70ef07b47b55502d04ff71359269,94.0,68.0
18385fe48224fbfa0cd6d17705d9305f857d70ef07b47b55502d04ff71359269,window_14,28.0,38.0,contrastive_embedding_neighbor,0.9893398712134998,provisional_unverified,18385fe48224fbfa0cd6d17705d9305f857d70ef07b47b55502d04ff71359269,100.0,72.0
18385fe48224fbfa0cd6d17705d9305f857d70ef07b47b55502d04ff71359269,window_15,30.0,40.0,contrastive_embedding_neighbor,0.9561891470597595,provisional_unverified,4975a35d789765b9299480af66d6a5af5166fef074cef80facbac97409b84d07,68.0,38.0
18385fe48224fbfa0cd6d17705d9305f857d70ef07b47b55502d04ff71359269,window_16,32.0,42.0,contrastive_embedding_neighbor,0.9138637456986812,provisional_unverified,4975a35d789765b9299480af66d6a5af5166fef074cef80facbac97409b84d07,14.0,18.0
18385fe48224fbfa0cd6d17705d9305f857d70ef07b47b55502d04ff71359269,window_17,34.0,44.0,contrastive_embedding_neighbor,0.9157461186641591,provisional_unverified,4975a35d789765b9299480af66d6a5af5166fef074cef80facbac97409b84d07,14.0,20.0
18385fe48224fbfa0cd6d17705d9305f857d70ef07b47b55502d04ff71359269,window_18,36.0,46.0,contrastive_embedding_neighbor,0.9444218286774052,provisional_unverified,9116cbf4be063f5be851f65778ddfb91d60bdd5aa52e7211426769a6b2ce6f86,222.0,186.0
18385fe48224fbfa0cd6d17705d9305f857d70ef07b47b55502d04ff71359269,window_19,38.0,48.0,contrastive_embedding_neighbor,0.9431219257758343,provisional_unverified,9116cbf4be063f5be851f65778ddfb91d60bdd5aa52e7211426769a6b2ce6f86,222.0,184.0
18385fe48224fbfa0cd6d17705d9305f857d70ef07b47b55502d04ff71359269,window_20,40.0,50.0,contrastive_embedding_neighbor,0.9411340923564617,provisional_unverified,5c12d7b5eff374be805bae6c5e2906f6c02b6bc3ad6ba70d3674bafd4f16fc15,20.0,20.0
18385fe48224fbfa0cd6d17705d9305f857d70ef07b47b55502d04ff71359269,window_21,42.0,52.0,contrastive_embedding_neighbor,0.8411125342992661,provisional_unverified,4975a35d789765b9299480af66d6a5af5166fef074cef80facbac97409b84d07,14.0,28.0
18385fe48224fbfa0cd6d17705d9305f857d70ef07b47b55502d04ff71359269,window_22,44.0,54.0,contrastive_embedding_neighbor,0.9339415139521656,provisional_unverified,18385fe48224fbfa0cd6d17705d9305f857d70ef07b47b55502d04ff71359269,102.0,58.0
18385fe48224fbfa0cd6d17705d9305f857d70ef07b47b55502d04ff71359269,window_23,46.0,56.0,contrastive_embedding_neighbor,0.8578607978170568,provisional_unverified,18385fe48224fbfa0cd6d17705d9305f857d70ef07b47b55502d04ff71359269,86.0,40.0
18385fe48224fbfa0cd6d17705d9305f857d70ef07b47b55502d04ff71359269,window_24,48.0,58.0,contrastive_embedding_neighbor,0.887855803516639,provisional_unverified,4975a35d789765b9299480af66d6a5af5166fef074cef80facbac97409b84d07,42.0,6.0
18385fe48224fbfa0cd6d17705d9305f857d70ef07b47b55502d04ff71359269,window_25,50.0,60.0,contrastive_embedding_neighbor,0.9003853758256155,provisional_unverified,18385fe48224fbfa0cd6d17705d9305f857d70ef07b47b55502d04ff71359269,102.0,52.0
18385fe48224fbfa0cd6d17705d9305f857d70ef07b47b55502d04ff71359269,window_26,52.0,62.0,contrastive_embedding_neighbor,0.9234289441769548,provisional_unverified,18385fe48224fbfa0cd6d17705d9305f857d70ef07b47b55502d04ff71359269,102.0,50.0
18385fe48224fbfa0cd6d17705d9305f857d70ef07b47b55502d04ff71359269,window_27,54.0,64.0,contrastive_embedding_neighbor,0.8904114246742452,provisional_unverified,4975a35d789765b9299480af66d6a5af5166fef074cef80facbac97409b84d07,10.0,44.0
18385fe48224fbfa0cd6d17705d9305f857d70ef07b47b55502d04ff71359269,window_28,56.0,66.0,contrastive_embedding_neighbor,0.9730086426719814,provisional_unverified,4975a35d789765b9299480af66d6a5af5166fef074cef80facbac97409b84d07,42.0,14.0
18385fe48224fbfa0cd6d17705d9305f857d70ef07b47b55502d04ff71359269,window_29,58.0,68.0,contrastive_embedding_neighbor,0.96999039431182,provisional_unverified,5c8af6b8a89a449144e0ddf74414040b433d630e1fd3d3ddc138ec3c4284d97b,2.0,56.0
18385fe48224fbfa0cd6d17705d9305f857d70ef07b47b55502d04ff71359269,window_30,60.0,70.0,contrastive_embedding_neighbor,0.9387051812630286,provisional_unverified,5c8af6b8a89a449144e0ddf74414040b433d630e1fd3d3ddc138ec3c4284d97b,4.0,56.0
18385fe48224fbfa0cd6d17705d9305f857d70ef07b47b55502d04ff71359269,window_31,62.0,72.0,contrastive_embedding_neighbor,0.9523444118864097,provisional_unverified,bace0e92b25324e8afbd0e5f6698b01a921780a2385e02419965fa97e3e796c4,106.0,44.0
18385fe48224fbfa0cd6d17705d9305f857d70ef07b47b55502d04ff71359269,window_32,64.0,74.0,contrastive_embedding_neighbor,0.9335202935269761,provisional_unverified,bace0e92b25324e8afbd0e5f6698b01a921780a2385e02419965fa97e3e796c4,106.0,42.0
18385fe48224fbfa0cd6d17705d9305f857d70ef07b47b55502d04ff71359269,window_33,66.0,76.0,contrastive_embedding_neighbor,0.9483046646487168,provisional_unverified,dc8bf44eb4cc0becf1c5ebe252a515c98193744c2031498501de80e036899758,138.0,72.0
18385fe48224fbfa0cd6d17705d9305f857d70ef07b47b55502d04ff71359269,window_34,68.0,78.0,contrastive_embedding_neighbor,0.9184297115833538,provisional_unverified,18385fe48224fbfa0cd6d17705d9305f857d70ef07b47b55502d04ff71359269,18.0,50.0
18385fe48224fbfa0cd6d17705d9305f857d70ef07b47b55502d04ff71359269,window_35,70.0,80.0,contrastive_embedding_neighbor,0.9837493768009364,provisional_unverified,18385fe48224fbfa0cd6d17705d9305f857d70ef07b47b55502d04ff71359269,22.0,48.0
18385fe48224fbfa0cd6d17705d9305f857d70ef07b47b55502d04ff71359269,window_36,72.0,82.0,contrastive_embedding_neighbor,0.9990890471362674,provisional_unverified,18385fe48224fbfa0cd6d17705d9305f857d70ef07b47b55502d04ff71359269,10.0,62.0
18385fe48224fbfa0cd6d17705d9305f857d70ef07b47b55502d04ff71359269,window_37,74.0,84.0,contrastive_embedding_neighbor,0.9941102447910238,provisional_unverified,18385fe48224fbfa0cd6d17705d9305f857d70ef07b47b55502d04ff71359269,10.0,64.0
18385fe48224fbfa0cd6d17705d9305f857d70ef07b47b55502d04ff71359269,window_38,76.0,86.0,contrastive_embedding_neighbor,0.9958969753365615,provisional_unverified,18385fe48224fbfa0cd6d17705d9305f857d70ef07b47b55502d04ff71359269,10.0,66.0
18385fe48224fbfa0cd6d17705d9305f857d70ef07b47b55502d04ff71359269,window_39,78.0,88.0,contrastive_embedding_neighbor,0.9957366689580899,provisional_unverified,18385fe48224fbfa0cd6d17705d9305f857d70ef07b47b55502d04ff71359269,94.0,16.0
18385fe48224fbfa0cd6d17705d9305f857d70ef07b47b55502d04ff71359269,window_40,80.0,90.0,contrastive_embedding_neighbor,0.9928308409835442,provisional_unverified,18385fe48224fbfa0cd6d17705d9305f857d70ef07b47b55502d04ff71359269,96.0,16.0
18385fe48224fbfa0cd6d17705d9305f857d70ef07b47b55502d04ff71359269,window_41,82.0,92.0,contrastive_embedding_neighbor,0.9805707571022272,provisional_unverified,18385fe48224fbfa0cd6d17705d9305f857d70ef07b47b55502d04ff71359269,4.0,78.0
18385fe48224fbfa0cd6d17705d9305f857d70ef07b47b55502d04ff71359269,window_42,84.0,94.0,contrastive_embedding_neighbor,0.9189694067905211,provisional_unverified,18385fe48224fbfa0cd6d17705d9305f857d70ef07b47b55502d04ff71359269,4.0,80.0
18385fe48224fbfa0cd6d17705d9305f857d70ef07b47b55502d04ff71359269,window_43,86.0,96.0,contrastive_embedding_neighbor,0.9342447064202323,provisional_unverified,18385fe48224fbfa0cd6d17705d9305f857d70ef07b47b55502d04ff71359269,24.0,62.0
18385fe48224fbfa0cd6d17705d9305f857d70ef07b47b55502d04ff71359269,window_44,88.0,98.0,contrastive_embedding_neighbor,0.9295036274221378,provisional_unverified,18385fe48224fbfa0cd6d17705d9305f857d70ef07b47b55502d04ff71359269,4.0,84.0
18385fe48224fbfa0cd6d17705d9305f857d70ef07b47b55502d04ff71359269,window_45,90.0,100.0,contrastive_embedding_neighbor,0.9371707447584916,provisional_unverified,18385fe48224fbfa0cd6d17705d9305f857d70ef07b47b55502d04ff71359269,28.0,62.0
18385fe48224fbfa0cd6d17705d9305f857d70ef07b47b55502d04ff71359269,window_46,92.0,102.0,contrastive_embedding_neighbor,0.9681271532820659,provisional_unverified,18385fe48224fbfa0cd6d17705d9305f857d70ef07b47b55502d04ff71359269,12.0,80.0
18385fe48224fbfa0cd6d17705d9305f857d70ef07b47b55502d04ff71359269,window_47,94.0,104.0,contrastive_embedding_neighbor,0.9975789801776249,provisional_unverified,18385fe48224fbfa0cd6d17705d9305f857d70ef07b47b55502d04ff71359269,12.0,82.0
18385fe48224fbfa0cd6d17705d9305f857d70ef07b47b55502d04ff71359269,window_48,96.0,106.0,contrastive_embedding_neighbor,0.9971300725112577,provisional_unverified,18385fe48224fbfa0cd6d17705d9305f857d70ef07b47b55502d04ff71359269,12.0,84.0
18385fe48224fbfa0cd6d17705d9305f857d70ef07b47b55502d04ff71359269,window_49,98.0,108.0,contrastive_embedding_neighbor,0.9962665075396774,provisional_unverified,18385fe48224fbfa0cd6d17705d9305f857d70ef07b47b55502d04ff71359269,12.0,86.0
18385fe48224fbfa0cd6d17705d9305f857d70ef07b47b55502d04ff71359269,window_50,100.0,110.0,contrastive_embedding_neighbor,0.9944521849704844,provisional_unverified,18385fe48224fbfa0cd6d17705d9305f857d70ef07b47b55502d04ff71359269,24.0,76.0
18385fe48224fbfa0cd6d17705d9305f857d70ef07b47b55502d04ff71359269,window_51,102.0,112.0,contrastive_embedding_neighbor,0.9845302255023276,provisional_unverified,18385fe48224fbfa0cd6d17705d9305f857d70ef07b47b55502d04ff71359269,28.0,74.0
18385fe48224fbfa0cd6d17705d9305f857d70ef07b47b55502d04ff71359269,window_52,104.0,114.0,contrastive_embedding_neighbor,0.9486289091288189,provisional_unverified,4975a35d789765b9299480af66d6a5af5166fef074cef80facbac97409b84d07,198.0,94.0
18385fe48224fbfa0cd6d17705d9305f857d70ef07b47b55502d04ff71359269,window_53,106.0,116.0,contrastive_embedding_neighbor,0.9884048026178642,provisional_unverified,27937681c8199780c6cbce603f217d5a4457c351e84fa3cd7cfc62bfd270c550,106.0,0.0
18385fe48224fbfa0cd6d17705d9305f857d70ef07b47b55502d04ff71359269,window_54,108.0,118.0,contrastive_embedding_neighbor,0.9909030758847635,provisional_unverified,27937681c8199780c6cbce603f217d5a4457c351e84fa3cd7cfc62bfd270c550,108.0,0.0
18385fe48224fbfa0cd6d17705d9305f857d70ef07b47b55502d04ff71359269,window_55,110.0,120.0,contrastive_embedding_neighbor,0.9827641249127045,provisional_unverified,4975a35d789765b9299480af66d6a5af5166fef074cef80facbac97409b84d07,48.0,62.0
18385fe48224fbfa0cd6d17705d9305f857d70ef07b47b55502d04ff71359269,window_56,112.0,122.0,contrastive_embedding_neighbor,0.9816265072346659,provisional_unverified,27937681c8199780c6cbce603f217d5a4457c351e84fa3cd7cfc62bfd270c550,110.0,2.0
18385fe48224fbfa0cd6d17705d9305f857d70ef07b47b55502d04ff71359269,window_57,114.0,124.0,contrastive_embedding_neighbor,0.939367482625751,provisional_unverified,27937681c8199780c6cbce603f217d5a4457c351e84fa3cd7cfc62bfd270c550,114.0,0.0
18385fe48224fbfa0cd6d17705d9305f857d70ef07b47b55502d04ff71359269,window_58,116.0,126.0,contrastive_embedding_neighbor,0.9910327422981489,provisional_unverified,4975a35d789765b9299480af66d6a5af5166fef074cef80facbac97409b84d07,54.0,62.0
18385fe48224fbfa0cd6d17705d9305f857d70ef07b47b55502d04ff71359269,window_59,118.0,128.0,contrastive_embedding_neighbor,0.8715915272503694,provisional_unverified,4975a35d789765b9299480af66d6a5af5166fef074cef80facbac97409b84d07,56.0,62.0
18385fe48224fbfa0cd6d17705d9305f857d70ef07b47b55502d04ff71359269,window_60,120.0,130.0,contrastive_embedding_neighbor,0.9433830743492191,provisional_unverified,bace0e92b25324e8afbd0e5f6698b01a921780a2385e02419965fa97e3e796c4,0.0,120.0
18385fe48224fbfa0cd6d17705d9305f857d70ef07b47b55502d04ff71359269,window_61,122.0,132.0,contrastive_embedding_neighbor,0.9911377759048383,provisional_unverified,4975a35d789765b9299480af66d6a5af5166fef074cef80facbac97409b84d07,64.0,58.0
18385fe48224fbfa0cd6d17705d9305f857d70ef07b47b55502d04ff71359269,window_62,124.0,134.0,contrastive_embedding_neighbor,0.9921210147705417,provisional_unverified,4975a35d789765b9299480af66d6a5af5166fef074cef80facbac97409b84d07,64.0,60.0
18385fe48224fbfa0cd6d17705d9305f857d70ef07b47b55502d04ff71359269,window_63,126.0,136.0,contrastive_embedding_neighbor,0.9904078374160293,provisional_unverified,27937681c8199780c6cbce603f217d5a4457c351e84fa3cd7cfc62bfd270c550,50.0,76.0
18385fe48224fbfa0cd6d17705d9305f857d70ef07b47b55502d04ff71359269,window_64,128.0,138.0,contrastive_embedding_neighbor,0.9932582913284409,provisional_unverified,b185f43818b8ff3aba325752922bbbf37fd094f1e282887487651e0a5c8f6c7a,14.0,114.0
18385fe48224fbfa0cd6d17705d9305f857d70ef07b47b55502d04ff71359269,window_65,130.0,140.0,contrastive_embedding_neighbor,0.9836643997746981,provisional_unverified,b185f43818b8ff3aba325752922bbbf37fd094f1e282887487651e0a5c8f6c7a,14.0,116.0
18385fe48224fbfa0cd6d17705d9305f857d70ef07b47b55502d04ff71359269,window_66,132.0,142.0,contrastive_embedding_neighbor,0.9636436011607609,provisional_unverified,9116cbf4be063f5be851f65778ddfb91d60bdd5aa52e7211426769a6b2ce6f86,76.0,56.0
18385fe48224fbfa0cd6d17705d9305f857d70ef07b47b55502d04ff71359269,window_67,134.0,144.0,contrastive_embedding_neighbor,0.9853432068547713,provisional_unverified,b185f43818b8ff3aba325752922bbbf37fd094f1e282887487651e0a5c8f6c7a,68.0,66.0
18385fe48224fbfa0cd6d17705d9305f857d70ef07b47b55502d04ff71359269,window_68,136.0,146.0,contrastive_embedding_neighbor,0.9556991701436806,provisional_unverified,bace0e92b25324e8afbd0e5f6698b01a921780a2385e02419965fa97e3e796c4,194.0,58.0
18385fe48224fbfa0cd6d17705d9305f857d70ef07b47b55502d04ff71359269,window_69,138.0,148.0,contrastive_embedding_neighbor,0.9979037340221432,provisional_unverified,bace0e92b25324e8afbd0e5f6698b01a921780a2385e02419965fa97e3e796c4,174.0,36.0
18385fe48224fbfa0cd6d17705d9305f857d70ef07b47b55502d04ff71359269,window_70,140.0,150.0,contrastive_embedding_neighbor,0.9938348919225877,provisional_unverified,4975a35d789765b9299480af66d6a5af5166fef074cef80facbac97409b84d07,82.0,58.0
18385fe48224fbfa0cd6d17705d9305f857d70ef07b47b55502d04ff71359269,window_71,142.0,152.0,contrastive_embedding_neighbor,0.9980899562157727,provisional_unverified,4975a35d789765b9299480af66d6a5af5166fef074cef80facbac97409b84d07,84.0,58.0
18385fe48224fbfa0cd6d17705d9305f857d70ef07b47b55502d04ff71359269,window_72,144.0,154.0,contrastive_embedding_neighbor,0.992567058880496,provisional_unverified,4975a35d789765b9299480af66d6a5af5166fef074cef80facbac97409b84d07,86.0,58.0
18385fe48224fbfa0cd6d17705d9305f857d70ef07b47b55502d04ff71359269,window_73,146.0,156.0,contrastive_embedding_neighbor,0.9776231946206498,provisional_unverified,4975a35d789765b9299480af66d6a5af5166fef074cef80facbac97409b84d07,88.0,58.0
18385fe48224fbfa0cd6d17705d9305f857d70ef07b47b55502d04ff71359269,window_74,148.0,158.0,contrastive_embedding_neighbor,0.9156869716859386,provisional_unverified,4975a35d789765b9299480af66d6a5af5166fef074cef80facbac97409b84d07,90.0,58.0
18385fe48224fbfa0cd6d17705d9305f857d70ef07b47b55502d04ff71359269,window_75,150.0,160.0,contrastive_embedding_neighbor,0.966601934037173,provisional_unverified,bace0e92b25324e8afbd0e5f6698b01a921780a2385e02419965fa97e3e796c4,214.0,64.0
18385fe48224fbfa0cd6d17705d9305f857d70ef07b47b55502d04ff71359269,window_76,152.0,162.0,contrastive_embedding_neighbor,0.9633865128435812,provisional_unverified,4975a35d789765b9299480af66d6a5af5166fef074cef80facbac97409b84d07,94.0,58.0
18385fe48224fbfa0cd6d17705d9305f857d70ef07b47b55502d04ff71359269,window_77,154.0,164.0,contrastive_embedding_neighbor,0.9921757157028598,provisional_unverified,4975a35d789765b9299480af66d6a5af5166fef074cef80facbac97409b84d07,98.0,56.0
18385fe48224fbfa0cd6d17705d9305f857d70ef07b47b55502d04ff71359269,window_78,156.0,166.0,contrastive_embedding_neighbor,0.986894841832594,provisional_unverified,4975a35d789765b9299480af66d6a5af5166fef074cef80facbac97409b84d07,98.0,58.0
18385fe48224fbfa0cd6d17705d9305f857d70ef07b47b55502d04ff71359269,window_79,158.0,168.0,contrastive_embedding_neighbor,0.9969585910741608,provisional_unverified,18385fe48224fbfa0cd6d17705d9305f857d70ef07b47b55502d04ff71359269,198.0,40.0
18385fe48224fbfa0cd6d17705d9305f857d70ef07b47b55502d04ff71359269,window_80,160.0,170.0,contrastive_embedding_neighbor,0.9943443561682672,provisional_unverified,9116cbf4be063f5be851f65778ddfb91d60bdd5aa52e7211426769a6b2ce6f86,358.0,198.0
18385fe48224fbfa0cd6d17705d9305f857d70ef07b47b55502d04ff71359269,window_81,162.0,172.0,contrastive_embedding_neighbor,0.9428208616425141,provisional_unverified,9116cbf4be063f5be851f65778ddfb91d60bdd5aa52e7211426769a6b2ce6f86,360.0,198.0
18385fe48224fbfa0cd6d17705d9305f857d70ef07b47b55502d04ff71359269,window_82,164.0,174.0,contrastive_embedding_neighbor,0.9867521419247246,provisional_unverified,8f799d59c9b5348ece1e5671692ea783d6d5e450ccebe31b6db9ad4f9510f8c5,28.0,136.0
18385fe48224fbfa0cd6d17705d9305f857d70ef07b47b55502d04ff71359269,window_83,166.0,176.0,contrastive_embedding_neighbor,0.9929856973604658,provisional_unverified,9116cbf4be063f5be851f65778ddfb91d60bdd5aa52e7211426769a6b2ce6f86,364.0,198.0
18385fe48224fbfa0cd6d17705d9305f857d70ef07b47b55502d04ff71359269,window_84,168.0,178.0,contrastive_embedding_neighbor,0.9804042769655983,provisional_unverified,4975a35d789765b9299480af66d6a5af5166fef074cef80facbac97409b84d07,110.0,58.0
18385fe48224fbfa0cd6d17705d9305f857d70ef07b47b55502d04ff71359269,window_85,170.0,180.0,contrastive_embedding_neighbor,0.9966977108809307,provisional_unverified,bace0e92b25324e8afbd0e5f6698b01a921780a2385e02419965fa97e3e796c4,196.0,26.0
18385fe48224fbfa0cd6d17705d9305f857d70ef07b47b55502d04ff71359269,window_86,172.0,182.0,contrastive_embedding_neighbor,0.9907543163675963,provisional_unverified,4975a35d789765b9299480af66d6a5af5166fef074cef80facbac97409b84d07,112.0,60.0
18385fe48224fbfa0cd6d17705d9305f857d70ef07b47b55502d04ff71359269,window_87,174.0,184.0,contrastive_embedding_neighbor,0.9721040804783276,provisional_unverified,bace0e92b25324e8afbd0e5f6698b01a921780a2385e02419965fa97e3e796c4,186.0,12.0
18385fe48224fbfa0cd6d17705d9305f857d70ef07b47b55502d04ff71359269,window_88,176.0,186.0,contrastive_embedding_neighbor,0.9913517091806683,provisional_unverified,bace0e92b25324e8afbd0e5f6698b01a921780a2385e02419965fa97e3e796c4,174.0,2.0
18385fe48224fbfa0cd6d17705d9305f857d70ef07b47b55502d04ff71359269,window_89,178.0,188.0,contrastive_embedding_neighbor,0.968851978319911,provisional_unverified,9116cbf4be063f5be851f65778ddfb91d60bdd5aa52e7211426769a6b2ce6f86,338.0,160.0
18385fe48224fbfa0cd6d17705d9305f857d70ef07b47b55502d04ff71359269,window_90,180.0,190.0,contrastive_embedding_neighbor,0.9457654785920077,provisional_unverified,bace0e92b25324e8afbd0e5f6698b01a921780a2385e02419965fa97e3e796c4,192.0,12.0
18385fe48224fbfa0cd6d17705d9305f857d70ef07b47b55502d04ff71359269,window_91,182.0,192.0,contrastive_embedding_neighbor,0.945912156191481,provisional_unverified,9116cbf4be063f5be851f65778ddfb91d60bdd5aa52e7211426769a6b2ce6f86,138.0,44.0
18385fe48224fbfa0cd6d17705d9305f857d70ef07b47b55502d04ff71359269,window_92,184.0,194.0,contrastive_embedding_neighbor,0.9897591721289418,provisional_unverified,4975a35d789765b9299480af66d6a5af5166fef074cef80facbac97409b84d07,124.0,60.0
18385fe48224fbfa0cd6d17705d9305f857d70ef07b47b55502d04ff71359269,window_93,186.0,196.0,contrastive_embedding_neighbor,0.9691187467268824,provisional_unverified,4975a35d789765b9299480af66d6a5af5166fef074cef80facbac97409b84d07,106.0,80.0
18385fe48224fbfa0cd6d17705d9305f857d70ef07b47b55502d04ff71359269,window_94,188.0,198.0,contrastive_embedding_neighbor,0.9851545254010663,provisional_unverified,27937681c8199780c6cbce603f217d5a4457c351e84fa3cd7cfc62bfd270c550,140.0,48.0
18385fe48224fbfa0cd6d17705d9305f857d70ef07b47b55502d04ff71359269,window_95,190.0,200.0,contrastive_embedding_neighbor,0.9940002514817836,provisional_unverified,bace0e92b25324e8afbd0e5f6698b01a921780a2385e02419965fa97e3e796c4,204.0,14.0
18385fe48224fbfa0cd6d17705d9305f857d70ef07b47b55502d04ff71359269,window_96,192.0,202.0,contrastive_embedding_neighbor,0.9847762914581184,provisional_unverified,9116cbf4be063f5be851f65778ddfb91d60bdd5aa52e7211426769a6b2ce6f86,148.0,44.0
18385fe48224fbfa0cd6d17705d9305f857d70ef07b47b55502d04ff71359269,window_97,194.0,204.0,contrastive_embedding_neighbor,0.9858219504065502,provisional_unverified,bace0e92b25324e8afbd0e5f6698b01a921780a2385e02419965fa97e3e796c4,206.0,12.0
18385fe48224fbfa0cd6d17705d9305f857d70ef07b47b55502d04ff71359269,window_98,196.0,206.0,contrastive_embedding_neighbor,0.9655350381401989,provisional_unverified,8f799d59c9b5348ece1e5671692ea783d6d5e450ccebe31b6db9ad4f9510f8c5,30.0,166.0
18385fe48224fbfa0cd6d17705d9305f857d70ef07b47b55502d04ff71359269,window_99,198.0,208.0,contrastive_embedding_neighbor,0.9969585910741608,provisional_unverified,18385fe48224fbfa0cd6d17705d9305f857d70ef07b47b55502d04ff71359269,158.0,40.0
18385fe48224fbfa0cd6d17705d9305f857d70ef07b47b55502d04ff71359269,window_100,200.0,210.0,contrastive_embedding_neighbor,0.9627996729195106,provisional_unverified,8f799d59c9b5348ece1e5671692ea783d6d5e450ccebe31b6db9ad4f9510f8c5,26.0,174.0
18385fe48224fbfa0cd6d17705d9305f857d70ef07b47b55502d04ff71359269,window_101,202.0,212.0,contrastive_embedding_neighbor,0.9585983475003673,provisional_unverified,4975a35d789765b9299480af66d6a5af5166fef074cef80facbac97409b84d07,138.0,64.0
18385fe48224fbfa0cd6d17705d9305f857d70ef07b47b55502d04ff71359269,window_102,204.0,214.0,contrastive_embedding_neighbor,0.9812707780605544,provisional_unverified,bace0e92b25324e8afbd0e5f6698b01a921780a2385e02419965fa97e3e796c4,218.0,14.0
18385fe48224fbfa0cd6d17705d9305f857d70ef07b47b55502d04ff71359269,window_103,206.0,216.0,contrastive_embedding_neighbor,0.9898050125388502,provisional_unverified,8f799d59c9b5348ece1e5671692ea783d6d5e450ccebe31b6db9ad4f9510f8c5,68.0,138.0
18385fe48224fbfa0cd6d17705d9305f857d70ef07b47b55502d04ff71359269,window_104,208.0,218.0,contrastive_embedding_neighbor,0.9326760326971094,provisional_unverified,b185f43818b8ff3aba325752922bbbf37fd094f1e282887487651e0a5c8f6c7a,92.0,116.0
18385fe48224fbfa0cd6d17705d9305f857d70ef07b47b55502d04ff71359269,window_105,210.0,220.0,contrastive_embedding_neighbor,0.9730892340583015,provisional_unverified,9116cbf4be063f5be851f65778ddfb91d60bdd5aa52e7211426769a6b2ce6f86,408.0,198.0
18385fe48224fbfa0cd6d17705d9305f857d70ef07b47b55502d04ff71359269,window_106,212.0,222.0,contrastive_embedding_neighbor,0.994627085991493,provisional_unverified,bace0e92b25324e8afbd0e5f6698b01a921780a2385e02419965fa97e3e796c4,226.0,14.0
18385fe48224fbfa0cd6d17705d9305f857d70ef07b47b55502d04ff71359269,window_107,214.0,224.0,contrastive_embedding_neighbor,0.9914928411739893,provisional_unverified,b185f43818b8ff3aba325752922bbbf37fd094f1e282887487651e0a5c8f6c7a,98.0,116.0
18385fe48224fbfa0cd6d17705d9305f857d70ef07b47b55502d04ff71359269,window_108,216.0,226.0,contrastive_embedding_neighbor,0.9865953301049278,provisional_unverified,8f799d59c9b5348ece1e5671692ea783d6d5e450ccebe31b6db9ad4f9510f8c5,78.0,138.0
18385fe48224fbfa0cd6d17705d9305f857d70ef07b47b55502d04ff71359269,window_109,218.0,228.0,contrastive_embedding_neighbor,0.942475335914987,provisional_unverified,b439fc5983a3a0db22239d5dcf8cbebf9104a8b71a93c2afd75e75fe87301e46,0.0,218.0
27937681c8199780c6cbce603f217d5a4457c351e84fa3cd7cfc62bfd270c550,window_110,0.0,10.0,contrastive_embedding_neighbor,0.9918829794289129,provisional_unverified,4975a35d789765b9299480af66d6a5af5166fef074cef80facbac97409b84d07,2.0,2.0
27937681c8199780c6cbce603f217d5a4457c351e84fa3cd7cfc62bfd270c550,window_111,2.0,12.0,contrastive_embedding_neighbor,0.8021847085245646,provisional_unverified,27937681c8199780c6cbce603f217d5a4457c351e84fa3cd7cfc62bfd270c550,74.0,72.0
27937681c8199780c6cbce603f217d5a4457c351e84fa3cd7cfc62bfd270c550,window_112,4.0,14.0,contrastive_embedding_neighbor,0.9765486850019856,provisional_unverified,27937681c8199780c6cbce603f217d5a4457c351e84fa3cd7cfc62bfd270c550,62.0,58.0
27937681c8199780c6cbce603f217d5a4457c351e84fa3cd7cfc62bfd270c550,window_113,6.0,16.0,contrastive_embedding_neighbor,0.8861830146241161,provisional_unverified,27937681c8199780c6cbce603f217d5a4457c351e84fa3cd7cfc62bfd270c550,50.0,44.0
27937681c8199780c6cbce603f217d5a4457c351e84fa3cd7cfc62bfd270c550,window_114,8.0,18.0,contrastive_embedding_neighbor,0.9786690175331019,provisional_unverified,9116cbf4be063f5be851f65778ddfb91d60bdd5aa52e7211426769a6b2ce6f86,70.0,62.0
27937681c8199780c6cbce603f217d5a4457c351e84fa3cd7cfc62bfd270c550,window_115,10.0,20.0,contrastive_embedding_neighbor,0.985751704257416,provisional_unverified,27937681c8199780c6cbce603f217d5a4457c351e84fa3cd7cfc62bfd270c550,54.0,44.0
27937681c8199780c6cbce603f217d5a4457c351e84fa3cd7cfc62bfd270c550,window_116,12.0,22.0,contrastive_embedding_neighbor,0.9818200405531157,provisional_unverified,27937681c8199780c6cbce603f217d5a4457c351e84fa3cd7cfc62bfd270c550,58.0,46.0
27937681c8199780c6cbce603f217d5a4457c351e84fa3cd7cfc62bfd270c550,window_117,14.0,24.0,contrastive_embedding_neighbor,0.9770002669276945,provisional_unverified,27937681c8199780c6cbce603f217d5a4457c351e84fa3cd7cfc62bfd270c550,58.0,44.0
27937681c8199780c6cbce603f217d5a4457c351e84fa3cd7cfc62bfd270c550,window_118,16.0,26.0,contrastive_embedding_neighbor,0.9241531668240843,provisional_unverified,b185f43818b8ff3aba325752922bbbf37fd094f1e282887487651e0a5c8f6c7a,0.0,16.0
27937681c8199780c6cbce603f217d5a4457c351e84fa3cd7cfc62bfd270c550,window_119,18.0,28.0,contrastive_embedding_neighbor,0.9571967638851361,provisional_unverified,27937681c8199780c6cbce603f217d5a4457c351e84fa3cd7cfc62bfd270c550,102.0,84.0
27937681c8199780c6cbce603f217d5a4457c351e84fa3cd7cfc62bfd270c550,window_120,20.0,30.0,contrastive_embedding_neighbor,0.9226541468524608,provisional_unverified,27937681c8199780c6cbce603f217d5a4457c351e84fa3cd7cfc62bfd270c550,4.0,16.0
27937681c8199780c6cbce603f217d5a4457c351e84fa3cd7cfc62bfd270c550,window_121,22.0,32.0,contrastive_embedding_neighbor,0.9475071051131315,provisional_unverified,27937681c8199780c6cbce603f217d5a4457c351e84fa3cd7cfc62bfd270c550,4.0,18.0
27937681c8199780c6cbce603f217d5a4457c351e84fa3cd7cfc62bfd270c550,window_122,24.0,34.0,contrastive_embedding_neighbor,0.9383380172370338,provisional_unverified,27937681c8199780c6cbce603f217d5a4457c351e84fa3cd7cfc62bfd270c550,4.0,20.0
27937681c8199780c6cbce603f217d5a4457c351e84fa3cd7cfc62bfd270c550,window_123,26.0,36.0,contrastive_embedding_neighbor,0.9454103037850567,provisional_unverified,27937681c8199780c6cbce603f217d5a4457c351e84fa3cd7cfc62bfd270c550,4.0,22.0
27937681c8199780c6cbce603f217d5a4457c351e84fa3cd7cfc62bfd270c550,window_124,28.0,38.0,contrastive_embedding_neighbor,0.9590357692923897,provisional_unverified,27937681c8199780c6cbce603f217d5a4457c351e84fa3cd7cfc62bfd270c550,4.0,24.0
27937681c8199780c6cbce603f217d5a4457c351e84fa3cd7cfc62bfd270c550,window_125,30.0,40.0,contrastive_embedding_neighbor,0.9548913980414789,provisional_unverified,27937681c8199780c6cbce603f217d5a4457c351e84fa3cd7cfc62bfd270c550,4.0,26.0
27937681c8199780c6cbce603f217d5a4457c351e84fa3cd7cfc62bfd270c550,window_126,32.0,42.0,contrastive_embedding_neighbor,0.9602465987671898,provisional_unverified,27937681c8199780c6cbce603f217d5a4457c351e84fa3cd7cfc62bfd270c550,48.0,16.0
27937681c8199780c6cbce603f217d5a4457c351e84fa3cd7cfc62bfd270c550,window_127,34.0,44.0,contrastive_embedding_neighbor,0.9485063503114461,provisional_unverified,27937681c8199780c6cbce603f217d5a4457c351e84fa3cd7cfc62bfd270c550,4.0,30.0
27937681c8199780c6cbce603f217d5a4457c351e84fa3cd7cfc62bfd270c550,window_128,36.0,46.0,contrastive_embedding_neighbor,0.9402369150786442,provisional_unverified,27937681c8199780c6cbce603f217d5a4457c351e84fa3cd7cfc62bfd270c550,4.0,32.0
27937681c8199780c6cbce603f217d5a4457c351e84fa3cd7cfc62bfd270c550,window_129,38.0,48.0,contrastive_embedding_neighbor,0.9596532837487793,provisional_unverified,27937681c8199780c6cbce603f217d5a4457c351e84fa3cd7cfc62bfd270c550,62.0,24.0
27937681c8199780c6cbce603f217d5a4457c351e84fa3cd7cfc62bfd270c550,window_130,40.0,50.0,contrastive_embedding_neighbor,0.9588489894582378,provisional_unverified,27937681c8199780c6cbce603f217d5a4457c351e84fa3cd7cfc62bfd270c550,62.0,22.0
27937681c8199780c6cbce603f217d5a4457c351e84fa3cd7cfc62bfd270c550,window_131,42.0,52.0,contrastive_embedding_neighbor,0.9216940094530968,provisional_unverified,27937681c8199780c6cbce603f217d5a4457c351e84fa3cd7cfc62bfd270c550,62.0,20.0
27937681c8199780c6cbce603f217d5a4457c351e84fa3cd7cfc62bfd270c550,window_132,44.0,54.0,contrastive_embedding_neighbor,0.9437260975199646,provisional_unverified,27937681c8199780c6cbce603f217d5a4457c351e84fa3cd7cfc62bfd270c550,62.0,18.0
27937681c8199780c6cbce603f217d5a4457c351e84fa3cd7cfc62bfd270c550,window_133,46.0,56.0,contrastive_embedding_neighbor,0.9567434452249871,provisional_unverified,27937681c8199780c6cbce603f217d5a4457c351e84fa3cd7cfc62bfd270c550,62.0,16.0
27937681c8199780c6cbce603f217d5a4457c351e84fa3cd7cfc62bfd270c550,window_134,48.0,58.0,contrastive_embedding_neighbor,0.9602465987671898,provisional_unverified,27937681c8199780c6cbce603f217d5a4457c351e84fa3cd7cfc62bfd270c550,32.0,16.0
27937681c8199780c6cbce603f217d5a4457c351e84fa3cd7cfc62bfd270c550,window_135,50.0,60.0,contrastive_embedding_neighbor,0.9904078374160293,provisional_unverified,18385fe48224fbfa0cd6d17705d9305f857d70ef07b47b55502d04ff71359269,126.0,76.0
27937681c8199780c6cbce603f217d5a4457c351e84fa3cd7cfc62bfd270c550,window_136,52.0,62.0,contrastive_embedding_neighbor,0.97956042379575,provisional_unverified,27937681c8199780c6cbce603f217d5a4457c351e84fa3cd7cfc62bfd270c550,10.0,42.0
27937681c8199780c6cbce603f217d5a4457c351e84fa3cd7cfc62bfd270c550,window_137,54.0,64.0,contrastive_embedding_neighbor,0.985751704257416,provisional_unverified,27937681c8199780c6cbce603f217d5a4457c351e84fa3cd7cfc62bfd270c550,10.0,44.0
27937681c8199780c6cbce603f217d5a4457c351e84fa3cd7cfc62bfd270c550,window_138,56.0,66.0,contrastive_embedding_neighbor,0.9851288943928994,provisional_unverified,27937681c8199780c6cbce603f217d5a4457c351e84fa3cd7cfc62bfd270c550,10.0,46.0
27937681c8199780c6cbce603f217d5a4457c351e84fa3cd7cfc62bfd270c550,window_139,58.0,68.0,contrastive_embedding_neighbor,0.9837651911673084,provisional_unverified,27937681c8199780c6cbce603f217d5a4457c351e84fa3cd7cfc62bfd270c550,10.0,48.0
27937681c8199780c6cbce603f217d5a4457c351e84fa3cd7cfc62bfd270c550,window_140,60.0,70.0,contrastive_embedding_neighbor,0.8722021172322252,provisional_unverified,bace0e92b25324e8afbd0e5f6698b01a921780a2385e02419965fa97e3e796c4,222.0,162.0
27937681c8199780c6cbce603f217d5a4457c351e84fa3cd7cfc62bfd270c550,window_141,62.0,72.0,contrastive_embedding_neighbor,0.9765486850019856,provisional_unverified,27937681c8199780c6cbce603f217d5a4457c351e84fa3cd7cfc62bfd270c550,4.0,58.0
27937681c8199780c6cbce603f217d5a4457c351e84fa3cd7cfc62bfd270c550,window_142,64.0,74.0,contrastive_embedding_neighbor,0.9936383170062906,provisional_unverified,27937681c8199780c6cbce603f217d5a4457c351e84fa3cd7cfc62bfd270c550,98.0,34.0
27937681c8199780c6cbce603f217d5a4457c351e84fa3cd7cfc62bfd270c550,window_143,66.0,76.0,contrastive_embedding_neighbor,0.9899929193257164,provisional_unverified,27937681c8199780c6cbce603f217d5a4457c351e84fa3cd7cfc62bfd270c550,98.0,32.0
27937681c8199780c6cbce603f217d5a4457c351e84fa3cd7cfc62bfd270c550,window_144,68.0,78.0,contrastive_embedding_neighbor,0.9874955129046287,provisional_unverified,27937681c8199780c6cbce603f217d5a4457c351e84fa3cd7cfc62bfd270c550,88.0,20.0
27937681c8199780c6cbce603f217d5a4457c351e84fa3cd7cfc62bfd270c550,window_145,70.0,80.0,contrastive_embedding_neighbor,0.9872725679725018,provisional_unverified,27937681c8199780c6cbce603f217d5a4457c351e84fa3cd7cfc62bfd270c550,88.0,18.0
27937681c8199780c6cbce603f217d5a4457c351e84fa3cd7cfc62bfd270c550,window_146,72.0,82.0,contrastive_embedding_neighbor,0.9938034080167547,provisional_unverified,27937681c8199780c6cbce603f217d5a4457c351e84fa3cd7cfc62bfd270c550,88.0,16.0
27937681c8199780c6cbce603f217d5a4457c351e84fa3cd7cfc62bfd270c550,window_147,74.0,84.0,contrastive_embedding_neighbor,0.9894457273696157,provisional_unverified,27937681c8199780c6cbce603f217d5a4457c351e84fa3cd7cfc62bfd270c550,98.0,24.0
27937681c8199780c6cbce603f217d5a4457c351e84fa3cd7cfc62bfd270c550,window_148,76.0,86.0,contrastive_embedding_neighbor,0.9890845904582316,provisional_unverified,27937681c8199780c6cbce603f217d5a4457c351e84fa3cd7cfc62bfd270c550,98.0,22.0
27937681c8199780c6cbce603f217d5a4457c351e84fa3cd7cfc62bfd270c550,window_149,78.0,88.0,contrastive_embedding_neighbor,0.9936421919525602,provisional_unverified,27937681c8199780c6cbce603f217d5a4457c351e84fa3cd7cfc62bfd270c550,98.0,20.0
27937681c8199780c6cbce603f217d5a4457c351e84fa3cd7cfc62bfd270c550,window_150,80.0,90.0,contrastive_embedding_neighbor,0.9903622345752081,provisional_unverified,27937681c8199780c6cbce603f217d5a4457c351e84fa3cd7cfc62bfd270c550,98.0,18.0
27937681c8199780c6cbce603f217d5a4457c351e84fa3cd7cfc62bfd270c550,window_151,82.0,92.0,contrastive_embedding_neighbor,0.9863508405406142,provisional_unverified,27937681c8199780c6cbce603f217d5a4457c351e84fa3cd7cfc62bfd270c550,98.0,16.0
27937681c8199780c6cbce603f217d5a4457c351e84fa3cd7cfc62bfd270c550,window_152,84.0,94.0,contrastive_embedding_neighbor,0.9866626699546441,provisional_unverified,27937681c8199780c6cbce603f217d5a4457c351e84fa3cd7cfc62bfd270c550,68.0,16.0
27937681c8199780c6cbce603f217d5a4457c351e84fa3cd7cfc62bfd270c550,window_153,86.0,96.0,contrastive_embedding_neighbor,0.9872387586386353,provisional_unverified,27937681c8199780c6cbce603f217d5a4457c351e84fa3cd7cfc62bfd270c550,68.0,18.0
27937681c8199780c6cbce603f217d5a4457c351e84fa3cd7cfc62bfd270c550,window_154,88.0,98.0,contrastive_embedding_neighbor,0.9938034080167547,provisional_unverified,27937681c8199780c6cbce603f217d5a4457c351e84fa3cd7cfc62bfd270c550,72.0,16.0
27937681c8199780c6cbce603f217d5a4457c351e84fa3cd7cfc62bfd270c550,window_155,90.0,100.0,contrastive_embedding_neighbor,0.9885236181422629,provisional_unverified,27937681c8199780c6cbce603f217d5a4457c351e84fa3cd7cfc62bfd270c550,72.0,18.0
27937681c8199780c6cbce603f217d5a4457c351e84fa3cd7cfc62bfd270c550,window_156,92.0,102.0,contrastive_embedding_neighbor,0.993428655968548,provisional_unverified,27937681c8199780c6cbce603f217d5a4457c351e84fa3cd7cfc62bfd270c550,64.0,28.0
27937681c8199780c6cbce603f217d5a4457c351e84fa3cd7cfc62bfd270c550,window_157,94.0,104.0,contrastive_embedding_neighbor,0.99252117112403,provisional_unverified,27937681c8199780c6cbce603f217d5a4457c351e84fa3cd7cfc62bfd270c550,78.0,16.0
27937681c8199780c6cbce603f217d5a4457c351e84fa3cd7cfc62bfd270c550,window_158,96.0,106.0,contrastive_embedding_neighbor,0.9932694669329101,provisional_unverified,27937681c8199780c6cbce603f217d5a4457c351e84fa3cd7cfc62bfd270c550,78.0,18.0
27937681c8199780c6cbce603f217d5a4457c351e84fa3cd7cfc62bfd270c550,window_159,98.0,108.0,contrastive_embedding_neighbor,0.9936421919525602,provisional_unverified,27937681c8199780c6cbce603f217d5a4457c351e84fa3cd7cfc62bfd270c550,78.0,20.0
27937681c8199780c6cbce603f217d5a4457c351e84fa3cd7cfc62bfd270c550,window_160,100.0,110.0,contrastive_embedding_neighbor,0.9926958768284723,provisional_unverified,27937681c8199780c6cbce603f217d5a4457c351e84fa3cd7cfc62bfd270c550,64.0,36.0
27937681c8199780c6cbce603f217d5a4457c351e84fa3cd7cfc62bfd270c550,window_161,102.0,112.0,contrastive_embedding_neighbor,0.9742449181456231,provisional_unverified,27937681c8199780c6cbce603f217d5a4457c351e84fa3cd7cfc62bfd270c550,64.0,38.0
27937681c8199780c6cbce603f217d5a4457c351e84fa3cd7cfc62bfd270c550,window_162,104.0,114.0,contrastive_embedding_neighbor,0.9327751658086054,provisional_unverified,18385fe48224fbfa0cd6d17705d9305f857d70ef07b47b55502d04ff71359269,104.0,0.0
27937681c8199780c6cbce603f217d5a4457c351e84fa3cd7cfc62bfd270c550,window_163,106.0,116.0,contrastive_embedding_neighbor,0.9884048026178642,provisional_unverified,18385fe48224fbfa0cd6d17705d9305f857d70ef07b47b55502d04ff71359269,106.0,0.0
27937681c8199780c6cbce603f217d5a4457c351e84fa3cd7cfc62bfd270c550,window_164,108.0,118.0,contrastive_embedding_neighbor,0.9909030758847635,provisional_unverified,18385fe48224fbfa0cd6d17705d9305f857d70ef07b47b55502d04ff71359269,108.0,0.0
27937681c8199780c6cbce603f217d5a4457c351e84fa3cd7cfc62bfd270c550,window_165,110.0,120.0,contrastive_embedding_neighbor,0.9855547102933893,provisional_unverified,18385fe48224fbfa0cd6d17705d9305f857d70ef07b47b55502d04ff71359269,108.0,2.0
27937681c8199780c6cbce603f217d5a4457c351e84fa3cd7cfc62bfd270c550,window_166,112.0,122.0,contrastive_embedding_neighbor,0.9866597599922343,provisional_unverified,4975a35d789765b9299480af66d6a5af5166fef074cef80facbac97409b84d07,50.0,62.0
27937681c8199780c6cbce603f217d5a4457c351e84fa3cd7cfc62bfd270c550,window_167,114.0,124.0,contrastive_embedding_neighbor,0.9805089079097173,provisional_unverified,4975a35d789765b9299480af66d6a5af5166fef074cef80facbac97409b84d07,52.0,62.0
27937681c8199780c6cbce603f217d5a4457c351e84fa3cd7cfc62bfd270c550,window_168,116.0,126.0,contrastive_embedding_neighbor,0.9773860364365612,provisional_unverified,18385fe48224fbfa0cd6d17705d9305f857d70ef07b47b55502d04ff71359269,116.0,0.0
27937681c8199780c6cbce603f217d5a4457c351e84fa3cd7cfc62bfd270c550,window_169,118.0,128.0,contrastive_embedding_neighbor,0.8283860233518013,provisional_unverified,4975a35d789765b9299480af66d6a5af5166fef074cef80facbac97409b84d07,172.0,54.0
27937681c8199780c6cbce603f217d5a4457c351e84fa3cd7cfc62bfd270c550,window_170,120.0,130.0,contrastive_embedding_neighbor,0.8562815557115371,provisional_unverified,dc8bf44eb4cc0becf1c5ebe252a515c98193744c2031498501de80e036899758,14.0,106.0
27937681c8199780c6cbce603f217d5a4457c351e84fa3cd7cfc62bfd270c550,window_171,122.0,132.0,contrastive_embedding_neighbor,0.8813955940824643,provisional_unverified,dc8bf44eb4cc0becf1c5ebe252a515c98193744c2031498501de80e036899758,14.0,108.0
27937681c8199780c6cbce603f217d5a4457c351e84fa3cd7cfc62bfd270c550,window_172,124.0,134.0,contrastive_embedding_neighbor,0.9004163819275823,provisional_unverified,dc8bf44eb4cc0becf1c5ebe252a515c98193744c2031498501de80e036899758,20.0,104.0
27937681c8199780c6cbce603f217d5a4457c351e84fa3cd7cfc62bfd270c550,window_173,126.0,136.0,contrastive_embedding_neighbor,0.9970086652613196,provisional_unverified,9116cbf4be063f5be851f65778ddfb91d60bdd5aa52e7211426769a6b2ce6f86,328.0,202.0
27937681c8199780c6cbce603f217d5a4457c351e84fa3cd7cfc62bfd270c550,window_174,128.0,138.0,contrastive_embedding_neighbor,0.9954866604451875,provisional_unverified,4975a35d789765b9299480af66d6a5af5166fef074cef80facbac97409b84d07,72.0,56.0
27937681c8199780c6cbce603f217d5a4457c351e84fa3cd7cfc62bfd270c550,window_175,130.0,140.0,contrastive_embedding_neighbor,0.9961415067007137,provisional_unverified,4975a35d789765b9299480af66d6a5af5166fef074cef80facbac97409b84d07,74.0,56.0
27937681c8199780c6cbce603f217d5a4457c351e84fa3cd7cfc62bfd270c550,window_176,132.0,142.0,contrastive_embedding_neighbor,0.9801982134211124,provisional_unverified,4975a35d789765b9299480af66d6a5af5166fef074cef80facbac97409b84d07,76.0,56.0
27937681c8199780c6cbce603f217d5a4457c351e84fa3cd7cfc62bfd270c550,window_177,134.0,144.0,contrastive_embedding_neighbor,0.9760788022113689,provisional_unverified,8f799d59c9b5348ece1e5671692ea783d6d5e450ccebe31b6db9ad4f9510f8c5,46.0,88.0
27937681c8199780c6cbce603f217d5a4457c351e84fa3cd7cfc62bfd270c550,window_178,136.0,146.0,contrastive_embedding_neighbor,0.9642565606805568,provisional_unverified,18385fe48224fbfa0cd6d17705d9305f857d70ef07b47b55502d04ff71359269,186.0,50.0
27937681c8199780c6cbce603f217d5a4457c351e84fa3cd7cfc62bfd270c550,window_179,138.0,148.0,contrastive_embedding_neighbor,0.9583837674609739,provisional_unverified,bace0e92b25324e8afbd0e5f6698b01a921780a2385e02419965fa97e3e796c4,206.0,68.0
27937681c8199780c6cbce603f217d5a4457c351e84fa3cd7cfc62bfd270c550,window_180,140.0,150.0,contrastive_embedding_neighbor,0.9851545254010663,provisional_unverified,18385fe48224fbfa0cd6d17705d9305f857d70ef07b47b55502d04ff71359269,188.0,48.0
27937681c8199780c6cbce603f217d5a4457c351e84fa3cd7cfc62bfd270c550,window_181,142.0,152.0,contrastive_embedding_neighbor,0.9769256027068715,provisional_unverified,18385fe48224fbfa0cd6d17705d9305f857d70ef07b47b55502d04ff71359269,188.0,46.0
27937681c8199780c6cbce603f217d5a4457c351e84fa3cd7cfc62bfd270c550,window_182,144.0,154.0,contrastive_embedding_neighbor,0.9486687864687283,provisional_unverified,b185f43818b8ff3aba325752922bbbf37fd094f1e282887487651e0a5c8f6c7a,80.0,64.0
27937681c8199780c6cbce603f217d5a4457c351e84fa3cd7cfc62bfd270c550,window_183,146.0,156.0,contrastive_embedding_neighbor,0.9703611444230246,provisional_unverified,b185f43818b8ff3aba325752922bbbf37fd094f1e282887487651e0a5c8f6c7a,34.0,112.0
27937681c8199780c6cbce603f217d5a4457c351e84fa3cd7cfc62bfd270c550,window_184,148.0,158.0,contrastive_embedding_neighbor,0.9301043747075005,provisional_unverified,27937681c8199780c6cbce603f217d5a4457c351e84fa3cd7cfc62bfd270c550,128.0,20.0
27937681c8199780c6cbce603f217d5a4457c351e84fa3cd7cfc62bfd270c550,window_185,150.0,160.0,contrastive_embedding_neighbor,0.9749900941912607,provisional_unverified,4975a35d789765b9299480af66d6a5af5166fef074cef80facbac97409b84d07,78.0,72.0
27937681c8199780c6cbce603f217d5a4457c351e84fa3cd7cfc62bfd270c550,window_186,152.0,162.0,contrastive_embedding_neighbor,0.9768299832684162,provisional_unverified,27937681c8199780c6cbce603f217d5a4457c351e84fa3cd7cfc62bfd270c550,132.0,20.0
27937681c8199780c6cbce603f217d5a4457c351e84fa3cd7cfc62bfd270c550,window_187,154.0,164.0,contrastive_embedding_neighbor,0.9913343606457359,provisional_unverified,8f799d59c9b5348ece1e5671692ea783d6d5e450ccebe31b6db9ad4f9510f8c5,62.0,92.0
27937681c8199780c6cbce603f217d5a4457c351e84fa3cd7cfc62bfd270c550,window_188,156.0,166.0,contrastive_embedding_neighbor,0.9788586963763715,provisional_unverified,8f799d59c9b5348ece1e5671692ea783d6d5e450ccebe31b6db9ad4f9510f8c5,26.0,130.0
27937681c8199780c6cbce603f217d5a4457c351e84fa3cd7cfc62bfd270c550,window_189,158.0,168.0,contrastive_embedding_neighbor,0.9768006031656178,provisional_unverified,4975a35d789765b9299480af66d6a5af5166fef074cef80facbac97409b84d07,94.0,64.0
27937681c8199780c6cbce603f217d5a4457c351e84fa3cd7cfc62bfd270c550,window_190,160.0,170.0,contrastive_embedding_neighbor,0.9163165423074975,provisional_unverified,27937681c8199780c6cbce603f217d5a4457c351e84fa3cd7cfc62bfd270c550,180.0,20.0
27937681c8199780c6cbce603f217d5a4457c351e84fa3cd7cfc62bfd270c550,window_191,162.0,172.0,contrastive_embedding_neighbor,0.984634755832805,provisional_unverified,4975a35d789765b9299480af66d6a5af5166fef074cef80facbac97409b84d07,94.0,68.0
27937681c8199780c6cbce603f217d5a4457c351e84fa3cd7cfc62bfd270c550,window_192,164.0,174.0,contrastive_embedding_neighbor,0.9678403112258789,provisional_unverified,9116cbf4be063f5be851f65778ddfb91d60bdd5aa52e7211426769a6b2ce6f86,140.0,24.0
27937681c8199780c6cbce603f217d5a4457c351e84fa3cd7cfc62bfd270c550,window_193,166.0,176.0,contrastive_embedding_neighbor,0.9695285041281132,provisional_unverified,b185f43818b8ff3aba325752922bbbf37fd094f1e282887487651e0a5c8f6c7a,68.0,98.0
27937681c8199780c6cbce603f217d5a4457c351e84fa3cd7cfc62bfd270c550,window_194,168.0,178.0,contrastive_embedding_neighbor,0.9708665802686023,provisional_unverified,b185f43818b8ff3aba325752922bbbf37fd094f1e282887487651e0a5c8f6c7a,68.0,100.0
27937681c8199780c6cbce603f217d5a4457c351e84fa3cd7cfc62bfd270c550,window_195,170.0,180.0,contrastive_embedding_neighbor,0.957093274218673,provisional_unverified,b185f43818b8ff3aba325752922bbbf37fd094f1e282887487651e0a5c8f6c7a,50.0,120.0
27937681c8199780c6cbce603f217d5a4457c351e84fa3cd7cfc62bfd270c550,window_196,172.0,182.0,contrastive_embedding_neighbor,0.9835469459204752,provisional_unverified,8f799d59c9b5348ece1e5671692ea783d6d5e450ccebe31b6db9ad4f9510f8c5,40.0,132.0
27937681c8199780c6cbce603f217d5a4457c351e84fa3cd7cfc62bfd270c550,window_197,174.0,184.0,contrastive_embedding_neighbor,0.9588726659968052,provisional_unverified,8f799d59c9b5348ece1e5671692ea783d6d5e450ccebe31b6db9ad4f9510f8c5,42.0,132.0
27937681c8199780c6cbce603f217d5a4457c351e84fa3cd7cfc62bfd270c550,window_198,176.0,186.0,contrastive_embedding_neighbor,0.9816876643890108,provisional_unverified,bace0e92b25324e8afbd0e5f6698b01a921780a2385e02419965fa97e3e796c4,164.0,12.0
27937681c8199780c6cbce603f217d5a4457c351e84fa3cd7cfc62bfd270c550,window_199,178.0,188.0,contrastive_embedding_neighbor,0.9794568417310702,provisional_unverified,8f799d59c9b5348ece1e5671692ea783d6d5e450ccebe31b6db9ad4f9510f8c5,36.0,142.0
27937681c8199780c6cbce603f217d5a4457c351e84fa3cd7cfc62bfd270c550,window_200,180.0,190.0,contrastive_embedding_neighbor,0.9414173513404235,provisional_unverified,8f799d59c9b5348ece1e5671692ea783d6d5e450ccebe31b6db9ad4f9510f8c5,42.0,138.0
27937681c8199780c6cbce603f217d5a4457c351e84fa3cd7cfc62bfd270c550,window_201,182.0,192.0,contrastive_embedding_neighbor,0.9845536401693423,provisional_unverified,b185f43818b8ff3aba325752922bbbf37fd094f1e282887487651e0a5c8f6c7a,72.0,110.0
27937681c8199780c6cbce603f217d5a4457c351e84fa3cd7cfc62bfd270c550,window_202,184.0,194.0,contrastive_embedding_neighbor,0.9887086900098159,provisional_unverified,9116cbf4be063f5be851f65778ddfb91d60bdd5aa52e7211426769a6b2ce6f86,392.0,208.0
27937681c8199780c6cbce603f217d5a4457c351e84fa3cd7cfc62bfd270c550,window_203,186.0,196.0,contrastive_embedding_neighbor,0.9801740688253964,provisional_unverified,b185f43818b8ff3aba325752922bbbf37fd094f1e282887487651e0a5c8f6c7a,78.0,108.0
27937681c8199780c6cbce603f217d5a4457c351e84fa3cd7cfc62bfd270c550,window_204,188.0,198.0,contrastive_embedding_neighbor,0.973359542500238,provisional_unverified,27937681c8199780c6cbce603f217d5a4457c351e84fa3cd7cfc62bfd270c550,142.0,46.0
27937681c8199780c6cbce603f217d5a4457c351e84fa3cd7cfc62bfd270c550,window_205,190.0,200.0,contrastive_embedding_neighbor,0.9609073403882029,provisional_unverified,b185f43818b8ff3aba325752922bbbf37fd094f1e282887487651e0a5c8f6c7a,82.0,108.0
27937681c8199780c6cbce603f217d5a4457c351e84fa3cd7cfc62bfd270c550,window_206,192.0,202.0,contrastive_embedding_neighbor,0.9873800413123258,provisional_unverified,b185f43818b8ff3aba325752922bbbf37fd094f1e282887487651e0a5c8f6c7a,84.0,108.0
27937681c8199780c6cbce603f217d5a4457c351e84fa3cd7cfc62bfd270c550,window_207,194.0,204.0,contrastive_embedding_neighbor,0.9388504356269561,provisional_unverified,8f799d59c9b5348ece1e5671692ea783d6d5e450ccebe31b6db9ad4f9510f8c5,38.0,156.0
27937681c8199780c6cbce603f217d5a4457c351e84fa3cd7cfc62bfd270c550,window_208,196.0,206.0,contrastive_embedding_neighbor,0.7703773694384409,provisional_unverified,b185f43818b8ff3aba325752922bbbf37fd094f1e282887487651e0a5c8f6c7a,88.0,108.0
27937681c8199780c6cbce603f217d5a4457c351e84fa3cd7cfc62bfd270c550,window_209,198.0,208.0,contrastive_embedding_neighbor,0.9845136846254736,provisional_unverified,4975a35d789765b9299480af66d6a5af5166fef074cef80facbac97409b84d07,144.0,54.0
27937681c8199780c6cbce603f217d5a4457c351e84fa3cd7cfc62bfd270c550,window_210,200.0,210.0,contrastive_embedding_neighbor,0.9619331023834459,provisional_unverified,bace0e92b25324e8afbd0e5f6698b01a921780a2385e02419965fa97e3e796c4,150.0,50.0
27937681c8199780c6cbce603f217d5a4457c351e84fa3cd7cfc62bfd270c550,window_211,202.0,212.0,contrastive_embedding_neighbor,0.9799058907115863,provisional_unverified,4975a35d789765b9299480af66d6a5af5166fef074cef80facbac97409b84d07,148.0,54.0
27937681c8199780c6cbce603f217d5a4457c351e84fa3cd7cfc62bfd270c550,window_212,204.0,214.0,contrastive_embedding_neighbor,0.9911269485876846,provisional_unverified,4975a35d789765b9299480af66d6a5af5166fef074cef80facbac97409b84d07,166.0,38.0
27937681c8199780c6cbce603f217d5a4457c351e84fa3cd7cfc62bfd270c550,window_213,206.0,216.0,contrastive_embedding_neighbor,0.9877712901161938,provisional_unverified,4975a35d789765b9299480af66d6a5af5166fef074cef80facbac97409b84d07,166.0,40.0
27937681c8199780c6cbce603f217d5a4457c351e84fa3cd7cfc62bfd270c550,window_214,208.0,218.0,contrastive_embedding_neighbor,0.9924967727278915,provisional_unverified,4975a35d789765b9299480af66d6a5af5166fef074cef80facbac97409b84d07,166.0,42.0
4975a35d789765b9299480af66d6a5af5166fef074cef80facbac97409b84d07,window_215,0.0,10.0,contrastive_embedding_neighbor,0.9922665379469898,provisional_unverified,18385fe48224fbfa0cd6d17705d9305f857d70ef07b47b55502d04ff71359269,0.0,0.0
4975a35d789765b9299480af66d6a5af5166fef074cef80facbac97409b84d07,window_216,2.0,12.0,contrastive_embedding_neighbor,0.9918829794289129,provisional_unverified,27937681c8199780c6cbce603f217d5a4457c351e84fa3cd7cfc62bfd270c550,0.0,2.0
4975a35d789765b9299480af66d6a5af5166fef074cef80facbac97409b84d07,window_217,4.0,14.0,contrastive_embedding_neighbor,0.8678239303275981,provisional_unverified,4975a35d789765b9299480af66d6a5af5166fef074cef80facbac97409b84d07,28.0,24.0
4975a35d789765b9299480af66d6a5af5166fef074cef80facbac97409b84d07,window_218,6.0,16.0,contrastive_embedding_neighbor,0.9494684659849325,provisional_unverified,4975a35d789765b9299480af66d6a5af5166fef074cef80facbac97409b84d07,28.0,22.0
4975a35d789765b9299480af66d6a5af5166fef074cef80facbac97409b84d07,window_219,8.0,18.0,contrastive_embedding_neighbor,0.9481248460789307,provisional_unverified,4975a35d789765b9299480af66d6a5af5166fef074cef80facbac97409b84d07,28.0,20.0
4975a35d789765b9299480af66d6a5af5166fef074cef80facbac97409b84d07,window_220,10.0,20.0,contrastive_embedding_neighbor,0.9728826522127431,provisional_unverified,4975a35d789765b9299480af66d6a5af5166fef074cef80facbac97409b84d07,28.0,18.0
4975a35d789765b9299480af66d6a5af5166fef074cef80facbac97409b84d07,window_221,12.0,22.0,contrastive_embedding_neighbor,0.9090652344528896,provisional_unverified,4975a35d789765b9299480af66d6a5af5166fef074cef80facbac97409b84d07,68.0,56.0
4975a35d789765b9299480af66d6a5af5166fef074cef80facbac97409b84d07,window_222,14.0,24.0,contrastive_embedding_neighbor,0.9157461186641591,provisional_unverified,18385fe48224fbfa0cd6d17705d9305f857d70ef07b47b55502d04ff71359269,34.0,20.0
4975a35d789765b9299480af66d6a5af5166fef074cef80facbac97409b84d07,window_223,16.0,26.0,contrastive_embedding_neighbor,0.7983203775663332,provisional_unverified,27937681c8199780c6cbce603f217d5a4457c351e84fa3cd7cfc62bfd270c550,114.0,98.0
4975a35d789765b9299480af66d6a5af5166fef074cef80facbac97409b84d07,window_224,18.0,28.0,contrastive_embedding_neighbor,0.7559422124984886,provisional_unverified,27937681c8199780c6cbce603f217d5a4457c351e84fa3cd7cfc62bfd270c550,114.0,96.0
4975a35d789765b9299480af66d6a5af5166fef074cef80facbac97409b84d07,window_225,20.0,30.0,contrastive_embedding_neighbor,0.7916689611205839,provisional_unverified,27937681c8199780c6cbce603f217d5a4457c351e84fa3cd7cfc62bfd270c550,114.0,94.0
4975a35d789765b9299480af66d6a5af5166fef074cef80facbac97409b84d07,window_226,22.0,32.0,contrastive_embedding_neighbor,0.8961657936205896,provisional_unverified,4975a35d789765b9299480af66d6a5af5166fef074cef80facbac97409b84d07,182.0,160.0
4975a35d789765b9299480af66d6a5af5166fef074cef80facbac97409b84d07,window_227,24.0,34.0,contrastive_embedding_neighbor,0.897963249203763,provisional_unverified,18385fe48224fbfa0cd6d17705d9305f857d70ef07b47b55502d04ff71359269,68.0,44.0
4975a35d789765b9299480af66d6a5af5166fef074cef80facbac97409b84d07,window_228,26.0,36.0,contrastive_embedding_neighbor,0.9755424621949015,provisional_unverified,18385fe48224fbfa0cd6d17705d9305f857d70ef07b47b55502d04ff71359269,74.0,48.0
4975a35d789765b9299480af66d6a5af5166fef074cef80facbac97409b84d07,window_229,28.0,38.0,contrastive_embedding_neighbor,0.9734588770490248,provisional_unverified,18385fe48224fbfa0cd6d17705d9305f857d70ef07b47b55502d04ff71359269,102.0,74.0
4975a35d789765b9299480af66d6a5af5166fef074cef80facbac97409b84d07,window_230,30.0,40.0,contrastive_embedding_neighbor,0.9701969764340924,provisional_unverified,18385fe48224fbfa0cd6d17705d9305f857d70ef07b47b55502d04ff71359269,102.0,72.0
4975a35d789765b9299480af66d6a5af5166fef074cef80facbac97409b84d07,window_231,32.0,42.0,contrastive_embedding_neighbor,0.9649918370759835,provisional_unverified,18385fe48224fbfa0cd6d17705d9305f857d70ef07b47b55502d04ff71359269,102.0,70.0
4975a35d789765b9299480af66d6a5af5166fef074cef80facbac97409b84d07,window_232,34.0,44.0,contrastive_embedding_neighbor,0.9515784028398128,provisional_unverified,18385fe48224fbfa0cd6d17705d9305f857d70ef07b47b55502d04ff71359269,102.0,68.0
4975a35d789765b9299480af66d6a5af5166fef074cef80facbac97409b84d07,window_233,36.0,46.0,contrastive_embedding_neighbor,0.9453071852387859,provisional_unverified,18385fe48224fbfa0cd6d17705d9305f857d70ef07b47b55502d04ff71359269,102.0,66.0
4975a35d789765b9299480af66d6a5af5166fef074cef80facbac97409b84d07,window_234,38.0,48.0,contrastive_embedding_neighbor,0.9484915737451831,provisional_unverified,18385fe48224fbfa0cd6d17705d9305f857d70ef07b47b55502d04ff71359269,102.0,64.0
4975a35d789765b9299480af66d6a5af5166fef074cef80facbac97409b84d07,window_235,40.0,50.0,contrastive_embedding_neighbor,0.9507189581236445,provisional_unverified,18385fe48224fbfa0cd6d17705d9305f857d70ef07b47b55502d04ff71359269,102.0,62.0
4975a35d789765b9299480af66d6a5af5166fef074cef80facbac97409b84d07,window_236,42.0,52.0,contrastive_embedding_neighbor,0.9819316800617898,provisional_unverified,5c8af6b8a89a449144e0ddf74414040b433d630e1fd3d3ddc138ec3c4284d97b,0.0,42.0
4975a35d789765b9299480af66d6a5af5166fef074cef80facbac97409b84d07,window_237,44.0,54.0,contrastive_embedding_neighbor,0.9858584754235238,provisional_unverified,5c8af6b8a89a449144e0ddf74414040b433d630e1fd3d3ddc138ec3c4284d97b,12.0,32.0
4975a35d789765b9299480af66d6a5af5166fef074cef80facbac97409b84d07,window_238,46.0,56.0,contrastive_embedding_neighbor,0.9859065380386398,provisional_unverified,27937681c8199780c6cbce603f217d5a4457c351e84fa3cd7cfc62bfd270c550,108.0,62.0
4975a35d789765b9299480af66d6a5af5166fef074cef80facbac97409b84d07,window_239,48.0,58.0,contrastive_embedding_neighbor,0.9894648227264768,provisional_unverified,18385fe48224fbfa0cd6d17705d9305f857d70ef07b47b55502d04ff71359269,108.0,60.0
4975a35d789765b9299480af66d6a5af5166fef074cef80facbac97409b84d07,window_240,50.0,60.0,contrastive_embedding_neighbor,0.9866597599922343,provisional_unverified,27937681c8199780c6cbce603f217d5a4457c351e84fa3cd7cfc62bfd270c550,112.0,62.0
4975a35d789765b9299480af66d6a5af5166fef074cef80facbac97409b84d07,window_241,52.0,62.0,contrastive_embedding_neighbor,0.9805089079097173,provisional_unverified,27937681c8199780c6cbce603f217d5a4457c351e84fa3cd7cfc62bfd270c550,114.0,62.0
4975a35d789765b9299480af66d6a5af5166fef074cef80facbac97409b84d07,window_242,54.0,64.0,contrastive_embedding_neighbor,0.9910327422981489,provisional_unverified,18385fe48224fbfa0cd6d17705d9305f857d70ef07b47b55502d04ff71359269,116.0,62.0
4975a35d789765b9299480af66d6a5af5166fef074cef80facbac97409b84d07,window_243,56.0,66.0,contrastive_embedding_neighbor,0.9451153260219782,provisional_unverified,bace0e92b25324e8afbd0e5f6698b01a921780a2385e02419965fa97e3e796c4,34.0,22.0
4975a35d789765b9299480af66d6a5af5166fef074cef80facbac97409b84d07,window_244,58.0,68.0,contrastive_embedding_neighbor,0.9804123955302262,provisional_unverified,18385fe48224fbfa0cd6d17705d9305f857d70ef07b47b55502d04ff71359269,124.0,66.0
4975a35d789765b9299480af66d6a5af5166fef074cef80facbac97409b84d07,window_245,60.0,70.0,contrastive_embedding_neighbor,0.9914431343700775,provisional_unverified,18385fe48224fbfa0cd6d17705d9305f857d70ef07b47b55502d04ff71359269,124.0,64.0
4975a35d789765b9299480af66d6a5af5166fef074cef80facbac97409b84d07,window_246,62.0,72.0,contrastive_embedding_neighbor,0.9912482015910642,provisional_unverified,18385fe48224fbfa0cd6d17705d9305f857d70ef07b47b55502d04ff71359269,124.0,62.0
4975a35d789765b9299480af66d6a5af5166fef074cef80facbac97409b84d07,window_247,64.0,74.0,contrastive_embedding_neighbor,0.9921210147705417,provisional_unverified,18385fe48224fbfa0cd6d17705d9305f857d70ef07b47b55502d04ff71359269,124.0,60.0
4975a35d789765b9299480af66d6a5af5166fef074cef80facbac97409b84d07,window_248,66.0,76.0,contrastive_embedding_neighbor,0.9905136951615728,provisional_unverified,18385fe48224fbfa0cd6d17705d9305f857d70ef07b47b55502d04ff71359269,124.0,58.0
4975a35d789765b9299480af66d6a5af5166fef074cef80facbac97409b84d07,window_249,68.0,78.0,contrastive_embedding_neighbor,0.9561891470597595,provisional_unverified,18385fe48224fbfa0cd6d17705d9305f857d70ef07b47b55502d04ff71359269,30.0,38.0
4975a35d789765b9299480af66d6a5af5166fef074cef80facbac97409b84d07,window_250,70.0,80.0,contrastive_embedding_neighbor,0.9927594046388674,provisional_unverified,bace0e92b25324e8afbd0e5f6698b01a921780a2385e02419965fa97e3e796c4,134.0,64.0
4975a35d789765b9299480af66d6a5af5166fef074cef80facbac97409b84d07,window_251,72.0,82.0,contrastive_embedding_neighbor,0.9954866604451875,provisional_unverified,27937681c8199780c6cbce603f217d5a4457c351e84fa3cd7cfc62bfd270c550,128.0,56.0
4975a35d789765b9299480af66d6a5af5166fef074cef80facbac97409b84d07,window_252,74.0,84.0,contrastive_embedding_neighbor,0.9961415067007137,provisional_unverified,27937681c8199780c6cbce603f217d5a4457c351e84fa3cd7cfc62bfd270c550,130.0,56.0
4975a35d789765b9299480af66d6a5af5166fef074cef80facbac97409b84d07,window_253,76.0,86.0,contrastive_embedding_neighbor,0.9801982134211124,provisional_unverified,27937681c8199780c6cbce603f217d5a4457c351e84fa3cd7cfc62bfd270c550,132.0,56.0
4975a35d789765b9299480af66d6a5af5166fef074cef80facbac97409b84d07,window_254,78.0,88.0,contrastive_embedding_neighbor,0.9749900941912607,provisional_unverified,27937681c8199780c6cbce603f217d5a4457c351e84fa3cd7cfc62bfd270c550,150.0,72.0
4975a35d789765b9299480af66d6a5af5166fef074cef80facbac97409b84d07,window_255,80.0,90.0,contrastive_embedding_neighbor,0.9877680609556465,provisional_unverified,b185f43818b8ff3aba325752922bbbf37fd094f1e282887487651e0a5c8f6c7a,48.0,32.0
4975a35d789765b9299480af66d6a5af5166fef074cef80facbac97409b84d07,window_256,82.0,92.0,contrastive_embedding_neighbor,0.9938348919225877,provisional_unverified,18385fe48224fbfa0cd6d17705d9305f857d70ef07b47b55502d04ff71359269,140.0,58.0
4975a35d789765b9299480af66d6a5af5166fef074cef80facbac97409b84d07,window_257,84.0,94.0,contrastive_embedding_neighbor,0.9980899562157727,provisional_unverified,18385fe48224fbfa0cd6d17705d9305f857d70ef07b47b55502d04ff71359269,142.0,58.0
4975a35d789765b9299480af66d6a5af5166fef074cef80facbac97409b84d07,window_258,86.0,96.0,contrastive_embedding_neighbor,0.992567058880496,provisional_unverified,18385fe48224fbfa0cd6d17705d9305f857d70ef07b47b55502d04ff71359269,144.0,58.0
4975a35d789765b9299480af66d6a5af5166fef074cef80facbac97409b84d07,window_259,88.0,98.0,contrastive_embedding_neighbor,0.9776231946206498,provisional_unverified,18385fe48224fbfa0cd6d17705d9305f857d70ef07b47b55502d04ff71359269,146.0,58.0
4975a35d789765b9299480af66d6a5af5166fef074cef80facbac97409b84d07,window_260,90.0,100.0,contrastive_embedding_neighbor,0.9156869716859386,provisional_unverified,18385fe48224fbfa0cd6d17705d9305f857d70ef07b47b55502d04ff71359269,148.0,58.0
4975a35d789765b9299480af66d6a5af5166fef074cef80facbac97409b84d07,window_261,92.0,102.0,contrastive_embedding_neighbor,0.966600648713034,provisional_unverified,27937681c8199780c6cbce603f217d5a4457c351e84fa3cd7cfc62bfd270c550,162.0,70.0
4975a35d789765b9299480af66d6a5af5166fef074cef80facbac97409b84d07,window_262,94.0,104.0,contrastive_embedding_neighbor,0.984634755832805,provisional_unverified,27937681c8199780c6cbce603f217d5a4457c351e84fa3cd7cfc62bfd270c550,162.0,68.0
4975a35d789765b9299480af66d6a5af5166fef074cef80facbac97409b84d07,window_263,96.0,106.0,contrastive_embedding_neighbor,0.9830412696392176,provisional_unverified,18385fe48224fbfa0cd6d17705d9305f857d70ef07b47b55502d04ff71359269,154.0,58.0
4975a35d789765b9299480af66d6a5af5166fef074cef80facbac97409b84d07,window_264,98.0,108.0,contrastive_embedding_neighbor,0.9921757157028598,provisional_unverified,18385fe48224fbfa0cd6d17705d9305f857d70ef07b47b55502d04ff71359269,154.0,56.0
4975a35d789765b9299480af66d6a5af5166fef074cef80facbac97409b84d07,window_265,100.0,110.0,contrastive_embedding_neighbor,0.989300401706268,provisional_unverified,18385fe48224fbfa0cd6d17705d9305f857d70ef07b47b55502d04ff71359269,160.0,60.0
4975a35d789765b9299480af66d6a5af5166fef074cef80facbac97409b84d07,window_266,102.0,112.0,contrastive_embedding_neighbor,0.9910668735232336,provisional_unverified,18385fe48224fbfa0cd6d17705d9305f857d70ef07b47b55502d04ff71359269,160.0,58.0
4975a35d789765b9299480af66d6a5af5166fef074cef80facbac97409b84d07,window_267,104.0,114.0,contrastive_embedding_neighbor,0.9926530621172605,provisional_unverified,9116cbf4be063f5be851f65778ddfb91d60bdd5aa52e7211426769a6b2ce6f86,362.0,258.0
4975a35d789765b9299480af66d6a5af5166fef074cef80facbac97409b84d07,window_268,106.0,116.0,contrastive_embedding_neighbor,0.9714018221947532,provisional_unverified,18385fe48224fbfa0cd6d17705d9305f857d70ef07b47b55502d04ff71359269,166.0,60.0
4975a35d789765b9299480af66d6a5af5166fef074cef80facbac97409b84d07,window_269,108.0,118.0,contrastive_embedding_neighbor,0.982709366235915,provisional_unverified,9116cbf4be063f5be851f65778ddfb91d60bdd5aa52e7211426769a6b2ce6f86,366.0,258.0
4975a35d789765b9299480af66d6a5af5166fef074cef80facbac97409b84d07,window_270,110.0,120.0,contrastive_embedding_neighbor,0.9804042769655983,provisional_unverified,18385fe48224fbfa0cd6d17705d9305f857d70ef07b47b55502d04ff71359269,168.0,58.0
4975a35d789765b9299480af66d6a5af5166fef074cef80facbac97409b84d07,window_271,112.0,122.0,contrastive_embedding_neighbor,0.9907543163675963,provisional_unverified,18385fe48224fbfa0cd6d17705d9305f857d70ef07b47b55502d04ff71359269,172.0,60.0
4975a35d789765b9299480af66d6a5af5166fef074cef80facbac97409b84d07,window_272,114.0,124.0,contrastive_embedding_neighbor,0.9719259637423406,provisional_unverified,b185f43818b8ff3aba325752922bbbf37fd094f1e282887487651e0a5c8f6c7a,48.0,66.0
4975a35d789765b9299480af66d6a5af5166fef074cef80facbac97409b84d07,window_273,116.0,126.0,contrastive_embedding_neighbor,0.9863540093609402,provisional_unverified,9116cbf4be063f5be851f65778ddfb91d60bdd5aa52e7211426769a6b2ce6f86,366.0,250.0
4975a35d789765b9299480af66d6a5af5166fef074cef80facbac97409b84d07,window_274,118.0,128.0,contrastive_embedding_neighbor,0.9857065616382406,provisional_unverified,9116cbf4be063f5be851f65778ddfb91d60bdd5aa52e7211426769a6b2ce6f86,366.0,248.0
4975a35d789765b9299480af66d6a5af5166fef074cef80facbac97409b84d07,window_275,120.0,130.0,contrastive_embedding_neighbor,0.9870672918561824,provisional_unverified,9116cbf4be063f5be851f65778ddfb91d60bdd5aa52e7211426769a6b2ce6f86,366.0,246.0
4975a35d789765b9299480af66d6a5af5166fef074cef80facbac97409b84d07,window_276,122.0,132.0,contrastive_embedding_neighbor,0.9684762206359322,provisional_unverified,bace0e92b25324e8afbd0e5f6698b01a921780a2385e02419965fa97e3e796c4,166.0,44.0
4975a35d789765b9299480af66d6a5af5166fef074cef80facbac97409b84d07,window_277,124.0,134.0,contrastive_embedding_neighbor,0.9897591721289418,provisional_unverified,18385fe48224fbfa0cd6d17705d9305f857d70ef07b47b55502d04ff71359269,184.0,60.0
4975a35d789765b9299480af66d6a5af5166fef074cef80facbac97409b84d07,window_278,126.0,136.0,contrastive_embedding_neighbor,0.9794853232080807,provisional_unverified,b185f43818b8ff3aba325752922bbbf37fd094f1e282887487651e0a5c8f6c7a,48.0,78.0
4975a35d789765b9299480af66d6a5af5166fef074cef80facbac97409b84d07,window_279,128.0,138.0,contrastive_embedding_neighbor,0.9770554162814905,provisional_unverified,18385fe48224fbfa0cd6d17705d9305f857d70ef07b47b55502d04ff71359269,188.0,60.0
4975a35d789765b9299480af66d6a5af5166fef074cef80facbac97409b84d07,window_280,130.0,140.0,contrastive_embedding_neighbor,0.9942168293291117,provisional_unverified,9116cbf4be063f5be851f65778ddfb91d60bdd5aa52e7211426769a6b2ce6f86,390.0,260.0
4975a35d789765b9299480af66d6a5af5166fef074cef80facbac97409b84d07,window_281,132.0,142.0,contrastive_embedding_neighbor,0.9947305169761256,provisional_unverified,9116cbf4be063f5be851f65778ddfb91d60bdd5aa52e7211426769a6b2ce6f86,390.0,258.0
4975a35d789765b9299480af66d6a5af5166fef074cef80facbac97409b84d07,window_282,134.0,144.0,contrastive_embedding_neighbor,0.9944811177206618,provisional_unverified,9116cbf4be063f5be851f65778ddfb91d60bdd5aa52e7211426769a6b2ce6f86,392.0,258.0
4975a35d789765b9299480af66d6a5af5166fef074cef80facbac97409b84d07,window_283,136.0,146.0,contrastive_embedding_neighbor,0.9934690114660292,provisional_unverified,b185f43818b8ff3aba325752922bbbf37fd094f1e282887487651e0a5c8f6c7a,82.0,54.0
4975a35d789765b9299480af66d6a5af5166fef074cef80facbac97409b84d07,window_284,138.0,148.0,contrastive_embedding_neighbor,0.9585983475003673,provisional_unverified,18385fe48224fbfa0cd6d17705d9305f857d70ef07b47b55502d04ff71359269,202.0,64.0
4975a35d789765b9299480af66d6a5af5166fef074cef80facbac97409b84d07,window_285,140.0,150.0,contrastive_embedding_neighbor,0.9727276420070559,provisional_unverified,8f799d59c9b5348ece1e5671692ea783d6d5e450ccebe31b6db9ad4f9510f8c5,64.0,76.0
4975a35d789765b9299480af66d6a5af5166fef074cef80facbac97409b84d07,window_286,142.0,152.0,contrastive_embedding_neighbor,0.987230980415806,provisional_unverified,bace0e92b25324e8afbd0e5f6698b01a921780a2385e02419965fa97e3e796c4,216.0,74.0
4975a35d789765b9299480af66d6a5af5166fef074cef80facbac97409b84d07,window_287,144.0,154.0,contrastive_embedding_neighbor,0.9845136846254736,provisional_unverified,27937681c8199780c6cbce603f217d5a4457c351e84fa3cd7cfc62bfd270c550,198.0,54.0
4975a35d789765b9299480af66d6a5af5166fef074cef80facbac97409b84d07,window_288,146.0,156.0,contrastive_embedding_neighbor,0.9598762488850653,provisional_unverified,27937681c8199780c6cbce603f217d5a4457c351e84fa3cd7cfc62bfd270c550,202.0,56.0
4975a35d789765b9299480af66d6a5af5166fef074cef80facbac97409b84d07,window_289,148.0,158.0,contrastive_embedding_neighbor,0.9799058907115863,provisional_unverified,27937681c8199780c6cbce603f217d5a4457c351e84fa3cd7cfc62bfd270c550,202.0,54.0
4975a35d789765b9299480af66d6a5af5166fef074cef80facbac97409b84d07,window_290,150.0,160.0,contrastive_embedding_neighbor,0.9888350826518241,provisional_unverified,4975a35d789765b9299480af66d6a5af5166fef074cef80facbac97409b84d07,166.0,16.0
4975a35d789765b9299480af66d6a5af5166fef074cef80facbac97409b84d07,window_291,152.0,162.0,contrastive_embedding_neighbor,0.9875521133780314,provisional_unverified,4975a35d789765b9299480af66d6a5af5166fef074cef80facbac97409b84d07,186.0,34.0
4975a35d789765b9299480af66d6a5af5166fef074cef80facbac97409b84d07,window_292,154.0,164.0,contrastive_embedding_neighbor,0.8629178101850101,provisional_unverified,27937681c8199780c6cbce603f217d5a4457c351e84fa3cd7cfc62bfd270c550,206.0,52.0
4975a35d789765b9299480af66d6a5af5166fef074cef80facbac97409b84d07,window_293,156.0,166.0,contrastive_embedding_neighbor,0.8965329173891806,provisional_unverified,27937681c8199780c6cbce603f217d5a4457c351e84fa3cd7cfc62bfd270c550,206.0,50.0
4975a35d789765b9299480af66d6a5af5166fef074cef80facbac97409b84d07,window_294,158.0,168.0,contrastive_embedding_neighbor,0.9381558451026502,provisional_unverified,4975a35d789765b9299480af66d6a5af5166fef074cef80facbac97409b84d07,186.0,28.0
4975a35d789765b9299480af66d6a5af5166fef074cef80facbac97409b84d07,window_295,160.0,170.0,contrastive_embedding_neighbor,0.9582753200154337,provisional_unverified,27937681c8199780c6cbce603f217d5a4457c351e84fa3cd7cfc62bfd270c550,206.0,46.0
4975a35d789765b9299480af66d6a5af5166fef074cef80facbac97409b84d07,window_296,162.0,172.0,contrastive_embedding_neighbor,0.9872145075460881,provisional_unverified,27937681c8199780c6cbce603f217d5a4457c351e84fa3cd7cfc62bfd270c550,204.0,42.0
4975a35d789765b9299480af66d6a5af5166fef074cef80facbac97409b84d07,window_297,164.0,174.0,contrastive_embedding_neighbor,0.9897124440127955,provisional_unverified,27937681c8199780c6cbce603f217d5a4457c351e84fa3cd7cfc62bfd270c550,204.0,40.0
4975a35d789765b9299480af66d6a5af5166fef074cef80facbac97409b84d07,window_298,166.0,176.0,contrastive_embedding_neighbor,0.9924967727278915,provisional_unverified,27937681c8199780c6cbce603f217d5a4457c351e84fa3cd7cfc62bfd270c550,208.0,42.0
4975a35d789765b9299480af66d6a5af5166fef074cef80facbac97409b84d07,window_299,168.0,178.0,contrastive_embedding_neighbor,0.9509053424384345,provisional_unverified,bace0e92b25324e8afbd0e5f6698b01a921780a2385e02419965fa97e3e796c4,116.0,52.0
4975a35d789765b9299480af66d6a5af5166fef074cef80facbac97409b84d07,window_300,170.0,180.0,contrastive_embedding_neighbor,0.9805107302110503,provisional_unverified,bace0e92b25324e8afbd0e5f6698b01a921780a2385e02419965fa97e3e796c4,34.0,136.0
4975a35d789765b9299480af66d6a5af5166fef074cef80facbac97409b84d07,window_301,172.0,182.0,contrastive_embedding_neighbor,0.980049739498006,provisional_unverified,bace0e92b25324e8afbd0e5f6698b01a921780a2385e02419965fa97e3e796c4,34.0,138.0
4975a35d789765b9299480af66d6a5af5166fef074cef80facbac97409b84d07,window_302,174.0,184.0,contrastive_embedding_neighbor,0.9809169236787868,provisional_unverified,bace0e92b25324e8afbd0e5f6698b01a921780a2385e02419965fa97e3e796c4,34.0,140.0
4975a35d789765b9299480af66d6a5af5166fef074cef80facbac97409b84d07,window_303,176.0,186.0,contrastive_embedding_neighbor,0.9806807945775683,provisional_unverified,bace0e92b25324e8afbd0e5f6698b01a921780a2385e02419965fa97e3e796c4,34.0,142.0
4975a35d789765b9299480af66d6a5af5166fef074cef80facbac97409b84d07,window_304,178.0,188.0,contrastive_embedding_neighbor,0.9778943207784628,provisional_unverified,bace0e92b25324e8afbd0e5f6698b01a921780a2385e02419965fa97e3e796c4,34.0,144.0
4975a35d789765b9299480af66d6a5af5166fef074cef80facbac97409b84d07,window_305,180.0,190.0,contrastive_embedding_neighbor,0.9419401842503747,provisional_unverified,bace0e92b25324e8afbd0e5f6698b01a921780a2385e02419965fa97e3e796c4,34.0,146.0
4975a35d789765b9299480af66d6a5af5166fef074cef80facbac97409b84d07,window_306,182.0,192.0,contrastive_embedding_neighbor,0.8961657936205896,provisional_unverified,4975a35d789765b9299480af66d6a5af5166fef074cef80facbac97409b84d07,22.0,160.0
4975a35d789765b9299480af66d6a5af5166fef074cef80facbac97409b84d07,window_307,184.0,194.0,contrastive_embedding_neighbor,0.9609783382492276,provisional_unverified,4975a35d789765b9299480af66d6a5af5166fef074cef80facbac97409b84d07,166.0,18.0
4975a35d789765b9299480af66d6a5af5166fef074cef80facbac97409b84d07,window_308,186.0,196.0,contrastive_embedding_neighbor,0.9875521133780314,provisional_unverified,4975a35d789765b9299480af66d6a5af5166fef074cef80facbac97409b84d07,152.0,34.0
4975a35d789765b9299480af66d6a5af5166fef074cef80facbac97409b84d07,window_309,188.0,198.0,contrastive_embedding_neighbor,0.9775085510963598,provisional_unverified,4975a35d789765b9299480af66d6a5af5166fef074cef80facbac97409b84d07,152.0,36.0
4975a35d789765b9299480af66d6a5af5166fef074cef80facbac97409b84d07,window_310,190.0,200.0,contrastive_embedding_neighbor,0.9819719287481364,provisional_unverified,dc8bf44eb4cc0becf1c5ebe252a515c98193744c2031498501de80e036899758,162.0,28.0
4975a35d789765b9299480af66d6a5af5166fef074cef80facbac97409b84d07,window_311,192.0,202.0,contrastive_embedding_neighbor,0.9849966435384628,provisional_unverified,dc8bf44eb4cc0becf1c5ebe252a515c98193744c2031498501de80e036899758,164.0,28.0
4975a35d789765b9299480af66d6a5af5166fef074cef80facbac97409b84d07,window_312,194.0,204.0,contrastive_embedding_neighbor,0.9849292326835412,provisional_unverified,5c8af6b8a89a449144e0ddf74414040b433d630e1fd3d3ddc138ec3c4284d97b,22.0,172.0
4975a35d789765b9299480af66d6a5af5166fef074cef80facbac97409b84d07,window_313,196.0,206.0,contrastive_embedding_neighbor,0.9653364086453966,provisional_unverified,5c8af6b8a89a449144e0ddf74414040b433d630e1fd3d3ddc138ec3c4284d97b,12.0,184.0
4975a35d789765b9299480af66d6a5af5166fef074cef80facbac97409b84d07,window_314,198.0,208.0,contrastive_embedding_neighbor,0.9486289091288189,provisional_unverified,18385fe48224fbfa0cd6d17705d9305f857d70ef07b47b55502d04ff71359269,104.0,94.0
4975a35d789765b9299480af66d6a5af5166fef074cef80facbac97409b84d07,window_315,200.0,210.0,contrastive_embedding_neighbor,0.9670942956445867,provisional_unverified,4975a35d789765b9299480af66d6a5af5166fef074cef80facbac97409b84d07,42.0,158.0
5790cd1534b1de5ac4693367fe5d8ca6951cd36a7abcd3c778cee8923a932a75,window_316,0.0,10.0,contrastive_embedding_neighbor,0.9539223832699864,provisional_unverified,9116cbf4be063f5be851f65778ddfb91d60bdd5aa52e7211426769a6b2ce6f86,8.0,8.0
5790cd1534b1de5ac4693367fe5d8ca6951cd36a7abcd3c778cee8923a932a75,window_317,2.0,12.0,contrastive_embedding_neighbor,0.9774474904004214,provisional_unverified,9116cbf4be063f5be851f65778ddfb91d60bdd5aa52e7211426769a6b2ce6f86,40.0,38.0
5790cd1534b1de5ac4693367fe5d8ca6951cd36a7abcd3c778cee8923a932a75,window_318,4.0,14.0,contrastive_embedding_neighbor,0.9357026769787116,provisional_unverified,9116cbf4be063f5be851f65778ddfb91d60bdd5aa52e7211426769a6b2ce6f86,38.0,34.0
5790cd1534b1de5ac4693367fe5d8ca6951cd36a7abcd3c778cee8923a932a75,window_319,6.0,16.0,contrastive_embedding_neighbor,0.9047411676652335,provisional_unverified,9116cbf4be063f5be851f65778ddfb91d60bdd5aa52e7211426769a6b2ce6f86,54.0,48.0
5790cd1534b1de5ac4693367fe5d8ca6951cd36a7abcd3c778cee8923a932a75,window_320,8.0,18.0,contrastive_embedding_neighbor,0.9084171046012891,provisional_unverified,9116cbf4be063f5be851f65778ddfb91d60bdd5aa52e7211426769a6b2ce6f86,38.0,30.0
5790cd1534b1de5ac4693367fe5d8ca6951cd36a7abcd3c778cee8923a932a75,window_321,10.0,20.0,contrastive_embedding_neighbor,0.9382039124490441,provisional_unverified,9116cbf4be063f5be851f65778ddfb91d60bdd5aa52e7211426769a6b2ce6f86,38.0,28.0
5790cd1534b1de5ac4693367fe5d8ca6951cd36a7abcd3c778cee8923a932a75,window_322,12.0,22.0,contrastive_embedding_neighbor,0.9461966514376032,provisional_unverified,9116cbf4be063f5be851f65778ddfb91d60bdd5aa52e7211426769a6b2ce6f86,26.0,14.0
5790cd1534b1de5ac4693367fe5d8ca6951cd36a7abcd3c778cee8923a932a75,window_323,14.0,24.0,contrastive_embedding_neighbor,0.9686331801598931,provisional_unverified,9116cbf4be063f5be851f65778ddfb91d60bdd5aa52e7211426769a6b2ce6f86,26.0,12.0
5790cd1534b1de5ac4693367fe5d8ca6951cd36a7abcd3c778cee8923a932a75,window_324,16.0,26.0,contrastive_embedding_neighbor,0.9780665859842177,provisional_unverified,9116cbf4be063f5be851f65778ddfb91d60bdd5aa52e7211426769a6b2ce6f86,38.0,22.0
5c12d7b5eff374be805bae6c5e2906f6c02b6bc3ad6ba70d3674bafd4f16fc15,window_325,0.0,10.0,contrastive_embedding_neighbor,0.9812594017102008,provisional_unverified,9116cbf4be063f5be851f65778ddfb91d60bdd5aa52e7211426769a6b2ce6f86,420.0,420.0
5c12d7b5eff374be805bae6c5e2906f6c02b6bc3ad6ba70d3674bafd4f16fc15,window_326,2.0,12.0,contrastive_embedding_neighbor,0.9818342058296722,provisional_unverified,9116cbf4be063f5be851f65778ddfb91d60bdd5aa52e7211426769a6b2ce6f86,420.0,418.0
5c12d7b5eff374be805bae6c5e2906f6c02b6bc3ad6ba70d3674bafd4f16fc15,window_327,4.0,14.0,contrastive_embedding_neighbor,0.9821576039679684,provisional_unverified,9116cbf4be063f5be851f65778ddfb91d60bdd5aa52e7211426769a6b2ce6f86,420.0,416.0
5c12d7b5eff374be805bae6c5e2906f6c02b6bc3ad6ba70d3674bafd4f16fc15,window_328,6.0,16.0,contrastive_embedding_neighbor,0.9731782653819678,provisional_unverified,9116cbf4be063f5be851f65778ddfb91d60bdd5aa52e7211426769a6b2ce6f86,420.0,414.0
5c12d7b5eff374be805bae6c5e2906f6c02b6bc3ad6ba70d3674bafd4f16fc15,window_329,8.0,18.0,contrastive_embedding_neighbor,0.9741788997377718,provisional_unverified,5c12d7b5eff374be805bae6c5e2906f6c02b6bc3ad6ba70d3674bafd4f16fc15,50.0,42.0
5c12d7b5eff374be805bae6c5e2906f6c02b6bc3ad6ba70d3674bafd4f16fc15,window_330,10.0,20.0,contrastive_embedding_neighbor,0.9658179244152418,provisional_unverified,9116cbf4be063f5be851f65778ddfb91d60bdd5aa52e7211426769a6b2ce6f86,172.0,162.0
5c12d7b5eff374be805bae6c5e2906f6c02b6bc3ad6ba70d3674bafd4f16fc15,window_331,12.0,22.0,contrastive_embedding_neighbor,0.967283906678946,provisional_unverified,5c12d7b5eff374be805bae6c5e2906f6c02b6bc3ad6ba70d3674bafd4f16fc15,80.0,68.0
5c12d7b5eff374be805bae6c5e2906f6c02b6bc3ad6ba70d3674bafd4f16fc15,window_332,14.0,24.0,contrastive_embedding_neighbor,0.9972243953286855,provisional_unverified,b185f43818b8ff3aba325752922bbbf37fd094f1e282887487651e0a5c8f6c7a,100.0,86.0
5c12d7b5eff374be805bae6c5e2906f6c02b6bc3ad6ba70d3674bafd4f16fc15,window_333,16.0,26.0,contrastive_embedding_neighbor,0.9920097142834,provisional_unverified,9116cbf4be063f5be851f65778ddfb91d60bdd5aa52e7211426769a6b2ce6f86,188.0,172.0
5c12d7b5eff374be805bae6c5e2906f6c02b6bc3ad6ba70d3674bafd4f16fc15,window_334,18.0,28.0,contrastive_embedding_neighbor,0.990341161697567,provisional_unverified,9116cbf4be063f5be851f65778ddfb91d60bdd5aa52e7211426769a6b2ce6f86,188.0,170.0
5c12d7b5eff374be805bae6c5e2906f6c02b6bc3ad6ba70d3674bafd4f16fc15,window_335,20.0,30.0,contrastive_embedding_neighbor,0.9811972795334636,provisional_unverified,9116cbf4be063f5be851f65778ddfb91d60bdd5aa52e7211426769a6b2ce6f86,434.0,414.0
5c12d7b5eff374be805bae6c5e2906f6c02b6bc3ad6ba70d3674bafd4f16fc15,window_336,22.0,32.0,contrastive_embedding_neighbor,0.970877014152754,provisional_unverified,8f799d59c9b5348ece1e5671692ea783d6d5e450ccebe31b6db9ad4f9510f8c5,98.0,76.0
5c12d7b5eff374be805bae6c5e2906f6c02b6bc3ad6ba70d3674bafd4f16fc15,window_337,24.0,34.0,contrastive_embedding_neighbor,0.9422354593471401,provisional_unverified,b185f43818b8ff3aba325752922bbbf37fd094f1e282887487651e0a5c8f6c7a,104.0,80.0
5c12d7b5eff374be805bae6c5e2906f6c02b6bc3ad6ba70d3674bafd4f16fc15,window_338,26.0,36.0,contrastive_embedding_neighbor,0.9839431696729454,provisional_unverified,b185f43818b8ff3aba325752922bbbf37fd094f1e282887487651e0a5c8f6c7a,108.0,82.0
5c12d7b5eff374be805bae6c5e2906f6c02b6bc3ad6ba70d3674bafd4f16fc15,window_339,28.0,38.0,contrastive_embedding_neighbor,0.9667277536965834,provisional_unverified,5c12d7b5eff374be805bae6c5e2906f6c02b6bc3ad6ba70d3674bafd4f16fc15,68.0,40.0
5c12d7b5eff374be805bae6c5e2906f6c02b6bc3ad6ba70d3674bafd4f16fc15,window_340,30.0,40.0,contrastive_embedding_neighbor,0.9391840014824812,provisional_unverified,8f799d59c9b5348ece1e5671692ea783d6d5e450ccebe31b6db9ad4f9510f8c5,84.0,54.0
5c12d7b5eff374be805bae6c5e2906f6c02b6bc3ad6ba70d3674bafd4f16fc15,window_341,32.0,42.0,contrastive_embedding_neighbor,0.956558155342461,provisional_unverified,9116cbf4be063f5be851f65778ddfb91d60bdd5aa52e7211426769a6b2ce6f86,176.0,144.0
5c12d7b5eff374be805bae6c5e2906f6c02b6bc3ad6ba70d3674bafd4f16fc15,window_342,34.0,44.0,contrastive_embedding_neighbor,0.8777785728100225,provisional_unverified,9116cbf4be063f5be851f65778ddfb91d60bdd5aa52e7211426769a6b2ce6f86,180.0,146.0
5c12d7b5eff374be805bae6c5e2906f6c02b6bc3ad6ba70d3674bafd4f16fc15,window_343,36.0,46.0,contrastive_embedding_neighbor,0.9498603591131219,provisional_unverified,9116cbf4be063f5be851f65778ddfb91d60bdd5aa52e7211426769a6b2ce6f86,184.0,148.0
5c12d7b5eff374be805bae6c5e2906f6c02b6bc3ad6ba70d3674bafd4f16fc15,window_344,38.0,48.0,contrastive_embedding_neighbor,0.9557351682042363,provisional_unverified,b185f43818b8ff3aba325752922bbbf37fd094f1e282887487651e0a5c8f6c7a,106.0,68.0
5c12d7b5eff374be805bae6c5e2906f6c02b6bc3ad6ba70d3674bafd4f16fc15,window_345,40.0,50.0,contrastive_embedding_neighbor,0.9703833238160747,provisional_unverified,b185f43818b8ff3aba325752922bbbf37fd094f1e282887487651e0a5c8f6c7a,106.0,66.0
5c12d7b5eff374be805bae6c5e2906f6c02b6bc3ad6ba70d3674bafd4f16fc15,window_346,42.0,52.0,contrastive_embedding_neighbor,0.9664268573554369,provisional_unverified,b185f43818b8ff3aba325752922bbbf37fd094f1e282887487651e0a5c8f6c7a,110.0,68.0
5c12d7b5eff374be805bae6c5e2906f6c02b6bc3ad6ba70d3674bafd4f16fc15,window_347,44.0,54.0,contrastive_embedding_neighbor,0.9765335254244067,provisional_unverified,5c12d7b5eff374be805bae6c5e2906f6c02b6bc3ad6ba70d3674bafd4f16fc15,70.0,26.0
5c12d7b5eff374be805bae6c5e2906f6c02b6bc3ad6ba70d3674bafd4f16fc15,window_348,46.0,56.0,contrastive_embedding_neighbor,0.972661830022004,provisional_unverified,5c12d7b5eff374be805bae6c5e2906f6c02b6bc3ad6ba70d3674bafd4f16fc15,72.0,26.0
5c12d7b5eff374be805bae6c5e2906f6c02b6bc3ad6ba70d3674bafd4f16fc15,window_349,48.0,58.0,contrastive_embedding_neighbor,0.9729921931152599,provisional_unverified,5c12d7b5eff374be805bae6c5e2906f6c02b6bc3ad6ba70d3674bafd4f16fc15,78.0,30.0
5c12d7b5eff374be805bae6c5e2906f6c02b6bc3ad6ba70d3674bafd4f16fc15,window_350,50.0,60.0,contrastive_embedding_neighbor,0.9741788997377718,provisional_unverified,5c12d7b5eff374be805bae6c5e2906f6c02b6bc3ad6ba70d3674bafd4f16fc15,8.0,42.0
5c12d7b5eff374be805bae6c5e2906f6c02b6bc3ad6ba70d3674bafd4f16fc15,window_351,52.0,62.0,contrastive_embedding_neighbor,0.9711040842186477,provisional_unverified,c3c503093a73b359d513d025d9185c7ada423099650828cbd4fdba12d1d7aafc,2.0,50.0
5c12d7b5eff374be805bae6c5e2906f6c02b6bc3ad6ba70d3674bafd4f16fc15,window_352,54.0,64.0,contrastive_embedding_neighbor,0.9657785677516494,provisional_unverified,c3c503093a73b359d513d025d9185c7ada423099650828cbd4fdba12d1d7aafc,2.0,52.0
5c12d7b5eff374be805bae6c5e2906f6c02b6bc3ad6ba70d3674bafd4f16fc15,window_353,56.0,66.0,contrastive_embedding_neighbor,0.974626923976109,provisional_unverified,73093667f33a7f710fc20059989a002071359119e1e9c0a4128b67729755da33,0.0,56.0
5c12d7b5eff374be805bae6c5e2906f6c02b6bc3ad6ba70d3674bafd4f16fc15,window_354,58.0,68.0,contrastive_embedding_neighbor,0.9704067674856164,provisional_unverified,73093667f33a7f710fc20059989a002071359119e1e9c0a4128b67729755da33,0.0,58.0
5c12d7b5eff374be805bae6c5e2906f6c02b6bc3ad6ba70d3674bafd4f16fc15,window_355,60.0,70.0,contrastive_embedding_neighbor,0.9701424977279285,provisional_unverified,73093667f33a7f710fc20059989a002071359119e1e9c0a4128b67729755da33,0.0,60.0
5c12d7b5eff374be805bae6c5e2906f6c02b6bc3ad6ba70d3674bafd4f16fc15,window_356,62.0,72.0,contrastive_embedding_neighbor,0.9567632457375446,provisional_unverified,73093667f33a7f710fc20059989a002071359119e1e9c0a4128b67729755da33,0.0,62.0
5c12d7b5eff374be805bae6c5e2906f6c02b6bc3ad6ba70d3674bafd4f16fc15,window_357,64.0,74.0,contrastive_embedding_neighbor,0.9685554029860713,provisional_unverified,5c12d7b5eff374be805bae6c5e2906f6c02b6bc3ad6ba70d3674bafd4f16fc15,46.0,18.0
5c12d7b5eff374be805bae6c5e2906f6c02b6bc3ad6ba70d3674bafd4f16fc15,window_358,66.0,76.0,contrastive_embedding_neighbor,0.9738721897814236,provisional_unverified,8f799d59c9b5348ece1e5671692ea783d6d5e450ccebe31b6db9ad4f9510f8c5,82.0,16.0
5c12d7b5eff374be805bae6c5e2906f6c02b6bc3ad6ba70d3674bafd4f16fc15,window_359,68.0,78.0,contrastive_embedding_neighbor,0.9667277536965834,provisional_unverified,5c12d7b5eff374be805bae6c5e2906f6c02b6bc3ad6ba70d3674bafd4f16fc15,28.0,40.0
5c12d7b5eff374be805bae6c5e2906f6c02b6bc3ad6ba70d3674bafd4f16fc15,window_360,70.0,80.0,contrastive_embedding_neighbor,0.9765335254244067,provisional_unverified,5c12d7b5eff374be805bae6c5e2906f6c02b6bc3ad6ba70d3674bafd4f16fc15,44.0,26.0
5c12d7b5eff374be805bae6c5e2906f6c02b6bc3ad6ba70d3674bafd4f16fc15,window_361,72.0,82.0,contrastive_embedding_neighbor,0.972661830022004,provisional_unverified,5c12d7b5eff374be805bae6c5e2906f6c02b6bc3ad6ba70d3674bafd4f16fc15,46.0,26.0
5c12d7b5eff374be805bae6c5e2906f6c02b6bc3ad6ba70d3674bafd4f16fc15,window_362,74.0,84.0,contrastive_embedding_neighbor,0.9602106042145778,provisional_unverified,5c12d7b5eff374be805bae6c5e2906f6c02b6bc3ad6ba70d3674bafd4f16fc15,46.0,28.0
5c12d7b5eff374be805bae6c5e2906f6c02b6bc3ad6ba70d3674bafd4f16fc15,window_363,76.0,86.0,contrastive_embedding_neighbor,0.9686621064829968,provisional_unverified,9116cbf4be063f5be851f65778ddfb91d60bdd5aa52e7211426769a6b2ce6f86,416.0,340.0
5c12d7b5eff374be805bae6c5e2906f6c02b6bc3ad6ba70d3674bafd4f16fc15,window_364,78.0,88.0,contrastive_embedding_neighbor,0.9729921931152599,provisional_unverified,5c12d7b5eff374be805bae6c5e2906f6c02b6bc3ad6ba70d3674bafd4f16fc15,48.0,30.0
5c12d7b5eff374be805bae6c5e2906f6c02b6bc3ad6ba70d3674bafd4f16fc15,window_365,80.0,90.0,contrastive_embedding_neighbor,0.9675741426579484,provisional_unverified,9116cbf4be063f5be851f65778ddfb91d60bdd5aa52e7211426769a6b2ce6f86,414.0,334.0
5c8af6b8a89a449144e0ddf74414040b433d630e1fd3d3ddc138ec3c4284d97b,window_366,0.0,10.0,contrastive_embedding_neighbor,0.9819316800617898,provisional_unverified,4975a35d789765b9299480af66d6a5af5166fef074cef80facbac97409b84d07,42.0,42.0
5c8af6b8a89a449144e0ddf74414040b433d630e1fd3d3ddc138ec3c4284d97b,window_367,2.0,12.0,contrastive_embedding_neighbor,0.9800895473276525,provisional_unverified,4975a35d789765b9299480af66d6a5af5166fef074cef80facbac97409b84d07,42.0,40.0
5c8af6b8a89a449144e0ddf74414040b433d630e1fd3d3ddc138ec3c4284d97b,window_368,4.0,14.0,contrastive_embedding_neighbor,0.9765955791801074,provisional_unverified,4975a35d789765b9299480af66d6a5af5166fef074cef80facbac97409b84d07,42.0,38.0
5c8af6b8a89a449144e0ddf74414040b433d630e1fd3d3ddc138ec3c4284d97b,window_369,6.0,16.0,contrastive_embedding_neighbor,0.9620513698541899,provisional_unverified,18385fe48224fbfa0cd6d17705d9305f857d70ef07b47b55502d04ff71359269,126.0,120.0
5c8af6b8a89a449144e0ddf74414040b433d630e1fd3d3ddc138ec3c4284d97b,window_370,8.0,18.0,contrastive_embedding_neighbor,0.958153739737208,provisional_unverified,18385fe48224fbfa0cd6d17705d9305f857d70ef07b47b55502d04ff71359269,58.0,50.0
5c8af6b8a89a449144e0ddf74414040b433d630e1fd3d3ddc138ec3c4284d97b,window_371,10.0,20.0,contrastive_embedding_neighbor,0.9502555331102983,provisional_unverified,4975a35d789765b9299480af66d6a5af5166fef074cef80facbac97409b84d07,200.0,190.0
5c8af6b8a89a449144e0ddf74414040b433d630e1fd3d3ddc138ec3c4284d97b,window_372,12.0,22.0,contrastive_embedding_neighbor,0.9858584754235238,provisional_unverified,4975a35d789765b9299480af66d6a5af5166fef074cef80facbac97409b84d07,44.0,32.0
5c8af6b8a89a449144e0ddf74414040b433d630e1fd3d3ddc138ec3c4284d97b,window_373,14.0,24.0,contrastive_embedding_neighbor,0.9676818154672104,provisional_unverified,18385fe48224fbfa0cd6d17705d9305f857d70ef07b47b55502d04ff71359269,106.0,92.0
5c8af6b8a89a449144e0ddf74414040b433d630e1fd3d3ddc138ec3c4284d97b,window_374,16.0,26.0,contrastive_embedding_neighbor,0.9848350142139708,provisional_unverified,dc8bf44eb4cc0becf1c5ebe252a515c98193744c2031498501de80e036899758,160.0,144.0
5c8af6b8a89a449144e0ddf74414040b433d630e1fd3d3ddc138ec3c4284d97b,window_375,18.0,28.0,contrastive_embedding_neighbor,0.9780429953693025,provisional_unverified,dc8bf44eb4cc0becf1c5ebe252a515c98193744c2031498501de80e036899758,160.0,142.0
5c8af6b8a89a449144e0ddf74414040b433d630e1fd3d3ddc138ec3c4284d97b,window_376,20.0,30.0,contrastive_embedding_neighbor,0.9961821025000586,provisional_unverified,dc8bf44eb4cc0becf1c5ebe252a515c98193744c2031498501de80e036899758,166.0,146.0
5c8af6b8a89a449144e0ddf74414040b433d630e1fd3d3ddc138ec3c4284d97b,window_377,22.0,32.0,contrastive_embedding_neighbor,0.9888131687186946,provisional_unverified,dc8bf44eb4cc0becf1c5ebe252a515c98193744c2031498501de80e036899758,160.0,138.0
5c8af6b8a89a449144e0ddf74414040b433d630e1fd3d3ddc138ec3c4284d97b,window_378,24.0,34.0,contrastive_embedding_neighbor,0.9844301352916469,provisional_unverified,4975a35d789765b9299480af66d6a5af5166fef074cef80facbac97409b84d07,194.0,170.0
6732a35a8f6343dcf041f1a3ad40d6760331513a2556c4fae4eea6cd59da89b2,window_379,0.0,10.0,contrastive_embedding_neighbor,0.953737662124271,provisional_unverified,8f799d59c9b5348ece1e5671692ea783d6d5e450ccebe31b6db9ad4f9510f8c5,86.0,86.0
6732a35a8f6343dcf041f1a3ad40d6760331513a2556c4fae4eea6cd59da89b2,window_380,2.0,12.0,contrastive_embedding_neighbor,0.9382250353918519,provisional_unverified,8f799d59c9b5348ece1e5671692ea783d6d5e450ccebe31b6db9ad4f9510f8c5,82.0,80.0
6732a35a8f6343dcf041f1a3ad40d6760331513a2556c4fae4eea6cd59da89b2,window_381,4.0,14.0,contrastive_embedding_neighbor,0.9665428033612147,provisional_unverified,db4d46d3c8abd3b8d2327e52a99599c63e7bd8ed5f1b122d3047d731fc6d2684,10.0,6.0
6732a35a8f6343dcf041f1a3ad40d6760331513a2556c4fae4eea6cd59da89b2,window_382,6.0,16.0,contrastive_embedding_neighbor,0.9615384952653567,provisional_unverified,db4d46d3c8abd3b8d2327e52a99599c63e7bd8ed5f1b122d3047d731fc6d2684,8.0,2.0
6732a35a8f6343dcf041f1a3ad40d6760331513a2556c4fae4eea6cd59da89b2,window_383,8.0,18.0,contrastive_embedding_neighbor,0.9294823556686937,provisional_unverified,db4d46d3c8abd3b8d2327e52a99599c63e7bd8ed5f1b122d3047d731fc6d2684,8.0,0.0
6732a35a8f6343dcf041f1a3ad40d6760331513a2556c4fae4eea6cd59da89b2,window_384,10.0,20.0,contrastive_embedding_neighbor,0.9331641086109016,provisional_unverified,db4d46d3c8abd3b8d2327e52a99599c63e7bd8ed5f1b122d3047d731fc6d2684,8.0,2.0
6732a35a8f6343dcf041f1a3ad40d6760331513a2556c4fae4eea6cd59da89b2,window_385,12.0,22.0,contrastive_embedding_neighbor,0.9255439831173872,provisional_unverified,db4d46d3c8abd3b8d2327e52a99599c63e7bd8ed5f1b122d3047d731fc6d2684,8.0,4.0
7208a43e77536a72e401c00f01a793130fb6688d28fb8080941e14cc5752b0ca,window_386,0.0,10.0,contrastive_embedding_neighbor,0.9705059802142114,provisional_unverified,db4d46d3c8abd3b8d2327e52a99599c63e7bd8ed5f1b122d3047d731fc6d2684,0.0,0.0
73093667f33a7f710fc20059989a002071359119e1e9c0a4128b67729755da33,window_387,0.0,10.0,contrastive_embedding_neighbor,0.9756775398059553,provisional_unverified,9116cbf4be063f5be851f65778ddfb91d60bdd5aa52e7211426769a6b2ce6f86,422.0,422.0
8f799d59c9b5348ece1e5671692ea783d6d5e450ccebe31b6db9ad4f9510f8c5,window_388,0.0,10.0,contrastive_embedding_neighbor,0.9798307169610175,provisional_unverified,9116cbf4be063f5be851f65778ddfb91d60bdd5aa52e7211426769a6b2ce6f86,348.0,348.0
8f799d59c9b5348ece1e5671692ea783d6d5e450ccebe31b6db9ad4f9510f8c5,window_389,2.0,12.0,contrastive_embedding_neighbor,0.9485670175680206,provisional_unverified,8f799d59c9b5348ece1e5671692ea783d6d5e450ccebe31b6db9ad4f9510f8c5,46.0,44.0
8f799d59c9b5348ece1e5671692ea783d6d5e450ccebe31b6db9ad4f9510f8c5,window_390,4.0,14.0,contrastive_embedding_neighbor,0.9335475091625388,provisional_unverified,27937681c8199780c6cbce603f217d5a4457c351e84fa3cd7cfc62bfd270c550,136.0,132.0
8f799d59c9b5348ece1e5671692ea783d6d5e450ccebe31b6db9ad4f9510f8c5,window_391,6.0,16.0,contrastive_embedding_neighbor,0.988373553902964,provisional_unverified,b185f43818b8ff3aba325752922bbbf37fd094f1e282887487651e0a5c8f6c7a,28.0,22.0
8f799d59c9b5348ece1e5671692ea783d6d5e450ccebe31b6db9ad4f9510f8c5,window_392,8.0,18.0,contrastive_embedding_neighbor,0.9628135577599648,provisional_unverified,b185f43818b8ff3aba325752922bbbf37fd094f1e282887487651e0a5c8f6c7a,30.0,22.0
8f799d59c9b5348ece1e5671692ea783d6d5e450ccebe31b6db9ad4f9510f8c5,window_393,10.0,20.0,contrastive_embedding_neighbor,0.9873675240392115,provisional_unverified,b185f43818b8ff3aba325752922bbbf37fd094f1e282887487651e0a5c8f6c7a,30.0,20.0
8f799d59c9b5348ece1e5671692ea783d6d5e450ccebe31b6db9ad4f9510f8c5,window_394,12.0,22.0,contrastive_embedding_neighbor,0.9900810453277474,provisional_unverified,b185f43818b8ff3aba325752922bbbf37fd094f1e282887487651e0a5c8f6c7a,32.0,20.0
8f799d59c9b5348ece1e5671692ea783d6d5e450ccebe31b6db9ad4f9510f8c5,window_395,14.0,24.0,contrastive_embedding_neighbor,0.9518288620729921,provisional_unverified,b185f43818b8ff3aba325752922bbbf37fd094f1e282887487651e0a5c8f6c7a,34.0,20.0
8f799d59c9b5348ece1e5671692ea783d6d5e450ccebe31b6db9ad4f9510f8c5,window_396,16.0,26.0,contrastive_embedding_neighbor,0.9738081560818577,provisional_unverified,b185f43818b8ff3aba325752922bbbf37fd094f1e282887487651e0a5c8f6c7a,36.0,20.0
8f799d59c9b5348ece1e5671692ea783d6d5e450ccebe31b6db9ad4f9510f8c5,window_397,18.0,28.0,contrastive_embedding_neighbor,0.949177142210068,provisional_unverified,b185f43818b8ff3aba325752922bbbf37fd094f1e282887487651e0a5c8f6c7a,38.0,20.0
8f799d59c9b5348ece1e5671692ea783d6d5e450ccebe31b6db9ad4f9510f8c5,window_398,20.0,30.0,contrastive_embedding_neighbor,0.9726338867592494,provisional_unverified,b185f43818b8ff3aba325752922bbbf37fd094f1e282887487651e0a5c8f6c7a,38.0,18.0
8f799d59c9b5348ece1e5671692ea783d6d5e450ccebe31b6db9ad4f9510f8c5,window_399,22.0,32.0,contrastive_embedding_neighbor,0.9685036073922131,provisional_unverified,8f799d59c9b5348ece1e5671692ea783d6d5e450ccebe31b6db9ad4f9510f8c5,62.0,40.0
8f799d59c9b5348ece1e5671692ea783d6d5e450ccebe31b6db9ad4f9510f8c5,window_400,24.0,34.0,contrastive_embedding_neighbor,0.9886668267347845,provisional_unverified,b185f43818b8ff3aba325752922bbbf37fd094f1e282887487651e0a5c8f6c7a,44.0,20.0
8f799d59c9b5348ece1e5671692ea783d6d5e450ccebe31b6db9ad4f9510f8c5,window_401,26.0,36.0,contrastive_embedding_neighbor,0.9788586963763715,provisional_unverified,27937681c8199780c6cbce603f217d5a4457c351e84fa3cd7cfc62bfd270c550,156.0,130.0
8f799d59c9b5348ece1e5671692ea783d6d5e450ccebe31b6db9ad4f9510f8c5,window_402,28.0,38.0,contrastive_embedding_neighbor,0.9867521419247246,provisional_unverified,18385fe48224fbfa0cd6d17705d9305f857d70ef07b47b55502d04ff71359269,164.0,136.0
8f799d59c9b5348ece1e5671692ea783d6d5e450ccebe31b6db9ad4f9510f8c5,window_403,30.0,40.0,contrastive_embedding_neighbor,0.9748410467107417,provisional_unverified,b185f43818b8ff3aba325752922bbbf37fd094f1e282887487651e0a5c8f6c7a,50.0,20.0
8f799d59c9b5348ece1e5671692ea783d6d5e450ccebe31b6db9ad4f9510f8c5,window_404,32.0,42.0,contrastive_embedding_neighbor,0.9788485851967327,provisional_unverified,18385fe48224fbfa0cd6d17705d9305f857d70ef07b47b55502d04ff71359269,164.0,132.0
8f799d59c9b5348ece1e5671692ea783d6d5e450ccebe31b6db9ad4f9510f8c5,window_405,34.0,44.0,contrastive_embedding_neighbor,0.9570182172639284,provisional_unverified,27937681c8199780c6cbce603f217d5a4457c351e84fa3cd7cfc62bfd270c550,166.0,132.0
8f799d59c9b5348ece1e5671692ea783d6d5e450ccebe31b6db9ad4f9510f8c5,window_406,36.0,46.0,contrastive_embedding_neighbor,0.9794568417310702,provisional_unverified,27937681c8199780c6cbce603f217d5a4457c351e84fa3cd7cfc62bfd270c550,178.0,142.0
8f799d59c9b5348ece1e5671692ea783d6d5e450ccebe31b6db9ad4f9510f8c5,window_407,38.0,48.0,contrastive_embedding_neighbor,0.9388504356269561,provisional_unverified,27937681c8199780c6cbce603f217d5a4457c351e84fa3cd7cfc62bfd270c550,194.0,156.0
8f799d59c9b5348ece1e5671692ea783d6d5e450ccebe31b6db9ad4f9510f8c5,window_408,40.0,50.0,contrastive_embedding_neighbor,0.9835469459204752,provisional_unverified,27937681c8199780c6cbce603f217d5a4457c351e84fa3cd7cfc62bfd270c550,172.0,132.0
8f799d59c9b5348ece1e5671692ea783d6d5e450ccebe31b6db9ad4f9510f8c5,window_409,42.0,52.0,contrastive_embedding_neighbor,0.9588726659968052,provisional_unverified,27937681c8199780c6cbce603f217d5a4457c351e84fa3cd7cfc62bfd270c550,174.0,132.0
8f799d59c9b5348ece1e5671692ea783d6d5e450ccebe31b6db9ad4f9510f8c5,window_410,44.0,54.0,contrastive_embedding_neighbor,0.9301349717443648,provisional_unverified,27937681c8199780c6cbce603f217d5a4457c351e84fa3cd7cfc62bfd270c550,174.0,130.0
8f799d59c9b5348ece1e5671692ea783d6d5e450ccebe31b6db9ad4f9510f8c5,window_411,46.0,56.0,contrastive_embedding_neighbor,0.9760788022113689,provisional_unverified,27937681c8199780c6cbce603f217d5a4457c351e84fa3cd7cfc62bfd270c550,134.0,88.0
8f799d59c9b5348ece1e5671692ea783d6d5e450ccebe31b6db9ad4f9510f8c5,window_412,48.0,58.0,contrastive_embedding_neighbor,0.9580374230058273,provisional_unverified,9116cbf4be063f5be851f65778ddfb91d60bdd5aa52e7211426769a6b2ce6f86,352.0,304.0
8f799d59c9b5348ece1e5671692ea783d6d5e450ccebe31b6db9ad4f9510f8c5,window_413,50.0,60.0,contrastive_embedding_neighbor,0.9522070796309261,provisional_unverified,27937681c8199780c6cbce603f217d5a4457c351e84fa3cd7cfc62bfd270c550,182.0,132.0
8f799d59c9b5348ece1e5671692ea783d6d5e450ccebe31b6db9ad4f9510f8c5,window_414,52.0,62.0,contrastive_embedding_neighbor,0.977815404808649,provisional_unverified,b185f43818b8ff3aba325752922bbbf37fd094f1e282887487651e0a5c8f6c7a,74.0,22.0
8f799d59c9b5348ece1e5671692ea783d6d5e450ccebe31b6db9ad4f9510f8c5,window_415,54.0,64.0,contrastive_embedding_neighbor,0.9898518342492109,provisional_unverified,4975a35d789765b9299480af66d6a5af5166fef074cef80facbac97409b84d07,134.0,80.0
8f799d59c9b5348ece1e5671692ea783d6d5e450ccebe31b6db9ad4f9510f8c5,window_416,56.0,66.0,contrastive_embedding_neighbor,0.9862850449147057,provisional_unverified,b185f43818b8ff3aba325752922bbbf37fd094f1e282887487651e0a5c8f6c7a,78.0,22.0
8f799d59c9b5348ece1e5671692ea783d6d5e450ccebe31b6db9ad4f9510f8c5,window_417,58.0,68.0,contrastive_embedding_neighbor,0.9812669592748322,provisional_unverified,9116cbf4be063f5be851f65778ddfb91d60bdd5aa52e7211426769a6b2ce6f86,394.0,336.0
8f799d59c9b5348ece1e5671692ea783d6d5e450ccebe31b6db9ad4f9510f8c5,window_418,60.0,70.0,contrastive_embedding_neighbor,0.9889311037560474,provisional_unverified,9116cbf4be063f5be851f65778ddfb91d60bdd5aa52e7211426769a6b2ce6f86,396.0,336.0
8f799d59c9b5348ece1e5671692ea783d6d5e450ccebe31b6db9ad4f9510f8c5,window_419,62.0,72.0,contrastive_embedding_neighbor,0.9913343606457359,provisional_unverified,27937681c8199780c6cbce603f217d5a4457c351e84fa3cd7cfc62bfd270c550,154.0,92.0
8f799d59c9b5348ece1e5671692ea783d6d5e450ccebe31b6db9ad4f9510f8c5,window_420,64.0,74.0,contrastive_embedding_neighbor,0.9727276420070559,provisional_unverified,4975a35d789765b9299480af66d6a5af5166fef074cef80facbac97409b84d07,140.0,76.0
8f799d59c9b5348ece1e5671692ea783d6d5e450ccebe31b6db9ad4f9510f8c5,window_421,66.0,76.0,contrastive_embedding_neighbor,0.981868258348395,provisional_unverified,4975a35d789765b9299480af66d6a5af5166fef074cef80facbac97409b84d07,142.0,76.0
8f799d59c9b5348ece1e5671692ea783d6d5e450ccebe31b6db9ad4f9510f8c5,window_422,68.0,78.0,contrastive_embedding_neighbor,0.9898050125388502,provisional_unverified,18385fe48224fbfa0cd6d17705d9305f857d70ef07b47b55502d04ff71359269,206.0,138.0
8f799d59c9b5348ece1e5671692ea783d6d5e450ccebe31b6db9ad4f9510f8c5,window_423,70.0,80.0,contrastive_embedding_neighbor,0.9220653399918467,provisional_unverified,9116cbf4be063f5be851f65778ddfb91d60bdd5aa52e7211426769a6b2ce6f86,150.0,80.0
8f799d59c9b5348ece1e5671692ea783d6d5e450ccebe31b6db9ad4f9510f8c5,window_424,72.0,82.0,contrastive_embedding_neighbor,0.992373122489432,provisional_unverified,9116cbf4be063f5be851f65778ddfb91d60bdd5aa52e7211426769a6b2ce6f86,408.0,336.0
8f799d59c9b5348ece1e5671692ea783d6d5e450ccebe31b6db9ad4f9510f8c5,window_425,74.0,84.0,contrastive_embedding_neighbor,0.992634768295416,provisional_unverified,b185f43818b8ff3aba325752922bbbf37fd094f1e282887487651e0a5c8f6c7a,96.0,22.0
8f799d59c9b5348ece1e5671692ea783d6d5e450ccebe31b6db9ad4f9510f8c5,window_426,76.0,86.0,contrastive_embedding_neighbor,0.9950884528511224,provisional_unverified,b185f43818b8ff3aba325752922bbbf37fd094f1e282887487651e0a5c8f6c7a,98.0,22.0
8f799d59c9b5348ece1e5671692ea783d6d5e450ccebe31b6db9ad4f9510f8c5,window_427,78.0,88.0,contrastive_embedding_neighbor,0.9865953301049278,provisional_unverified,18385fe48224fbfa0cd6d17705d9305f857d70ef07b47b55502d04ff71359269,216.0,138.0
8f799d59c9b5348ece1e5671692ea783d6d5e450ccebe31b6db9ad4f9510f8c5,window_428,80.0,90.0,contrastive_embedding_neighbor,0.9539450409160602,provisional_unverified,b439fc5983a3a0db22239d5dcf8cbebf9104a8b71a93c2afd75e75fe87301e46,0.0,80.0
8f799d59c9b5348ece1e5671692ea783d6d5e450ccebe31b6db9ad4f9510f8c5,window_429,82.0,92.0,contrastive_embedding_neighbor,0.9738721897814236,provisional_unverified,5c12d7b5eff374be805bae6c5e2906f6c02b6bc3ad6ba70d3674bafd4f16fc15,66.0,16.0
8f799d59c9b5348ece1e5671692ea783d6d5e450ccebe31b6db9ad4f9510f8c5,window_430,84.0,94.0,contrastive_embedding_neighbor,0.9696308500916198,provisional_unverified,5c12d7b5eff374be805bae6c5e2906f6c02b6bc3ad6ba70d3674bafd4f16fc15,66.0,18.0
8f799d59c9b5348ece1e5671692ea783d6d5e450ccebe31b6db9ad4f9510f8c5,window_431,86.0,96.0,contrastive_embedding_neighbor,0.9634651374188213,provisional_unverified,5c12d7b5eff374be805bae6c5e2906f6c02b6bc3ad6ba70d3674bafd4f16fc15,70.0,16.0
8f799d59c9b5348ece1e5671692ea783d6d5e450ccebe31b6db9ad4f9510f8c5,window_432,88.0,98.0,contrastive_embedding_neighbor,0.9555958303588207,provisional_unverified,b185f43818b8ff3aba325752922bbbf37fd094f1e282887487651e0a5c8f6c7a,108.0,20.0
8f799d59c9b5348ece1e5671692ea783d6d5e450ccebe31b6db9ad4f9510f8c5,window_433,90.0,100.0,contrastive_embedding_neighbor,0.9761276833660727,provisional_unverified,b185f43818b8ff3aba325752922bbbf37fd094f1e282887487651e0a5c8f6c7a,110.0,20.0
8f799d59c9b5348ece1e5671692ea783d6d5e450ccebe31b6db9ad4f9510f8c5,window_434,92.0,102.0,contrastive_embedding_neighbor,0.9399026311286721,provisional_unverified,b185f43818b8ff3aba325752922bbbf37fd094f1e282887487651e0a5c8f6c7a,104.0,12.0
8f799d59c9b5348ece1e5671692ea783d6d5e450ccebe31b6db9ad4f9510f8c5,window_435,94.0,104.0,contrastive_embedding_neighbor,0.9586634912806058,provisional_unverified,b439fc5983a3a0db22239d5dcf8cbebf9104a8b71a93c2afd75e75fe87301e46,0.0,94.0
8f799d59c9b5348ece1e5671692ea783d6d5e450ccebe31b6db9ad4f9510f8c5,window_436,96.0,106.0,contrastive_embedding_neighbor,0.9667774836379036,provisional_unverified,b185f43818b8ff3aba325752922bbbf37fd094f1e282887487651e0a5c8f6c7a,102.0,6.0
8f799d59c9b5348ece1e5671692ea783d6d5e450ccebe31b6db9ad4f9510f8c5,window_437,98.0,108.0,contrastive_embedding_neighbor,0.970877014152754,provisional_unverified,5c12d7b5eff374be805bae6c5e2906f6c02b6bc3ad6ba70d3674bafd4f16fc15,22.0,76.0
9116cbf4be063f5be851f65778ddfb91d60bdd5aa52e7211426769a6b2ce6f86,window_438,0.0,10.0,contrastive_embedding_neighbor,0.9967213054144977,provisional_unverified,9116cbf4be063f5be851f65778ddfb91d60bdd5aa52e7211426769a6b2ce6f86,58.0,58.0
9116cbf4be063f5be851f65778ddfb91d60bdd5aa52e7211426769a6b2ce6f86,window_439,2.0,12.0,contrastive_embedding_neighbor,0.9856711644692423,provisional_unverified,9116cbf4be063f5be851f65778ddfb91d60bdd5aa52e7211426769a6b2ce6f86,38.0,36.0
9116cbf4be063f5be851f65778ddfb91d60bdd5aa52e7211426769a6b2ce6f86,window_440,4.0,14.0,contrastive_embedding_neighbor,0.9881520761342715,provisional_unverified,9116cbf4be063f5be851f65778ddfb91d60bdd5aa52e7211426769a6b2ce6f86,36.0,32.0
9116cbf4be063f5be851f65778ddfb91d60bdd5aa52e7211426769a6b2ce6f86,window_441,6.0,16.0,contrastive_embedding_neighbor,0.9805626420785208,provisional_unverified,9116cbf4be063f5be851f65778ddfb91d60bdd5aa52e7211426769a6b2ce6f86,30.0,24.0
9116cbf4be063f5be851f65778ddfb91d60bdd5aa52e7211426769a6b2ce6f86,window_442,8.0,18.0,contrastive_embedding_neighbor,0.9743284997549506,provisional_unverified,9116cbf4be063f5be851f65778ddfb91d60bdd5aa52e7211426769a6b2ce6f86,48.0,40.0
9116cbf4be063f5be851f65778ddfb91d60bdd5aa52e7211426769a6b2ce6f86,window_443,10.0,20.0,contrastive_embedding_neighbor,0.9799715230653318,provisional_unverified,9116cbf4be063f5be851f65778ddfb91d60bdd5aa52e7211426769a6b2ce6f86,46.0,36.0
9116cbf4be063f5be851f65778ddfb91d60bdd5aa52e7211426769a6b2ce6f86,window_444,12.0,22.0,contrastive_embedding_neighbor,0.9809132818964,provisional_unverified,9116cbf4be063f5be851f65778ddfb91d60bdd5aa52e7211426769a6b2ce6f86,46.0,34.0
9116cbf4be063f5be851f65778ddfb91d60bdd5aa52e7211426769a6b2ce6f86,window_445,14.0,24.0,contrastive_embedding_neighbor,0.9780924466207924,provisional_unverified,9116cbf4be063f5be851f65778ddfb91d60bdd5aa52e7211426769a6b2ce6f86,46.0,32.0
9116cbf4be063f5be851f65778ddfb91d60bdd5aa52e7211426769a6b2ce6f86,window_446,16.0,26.0,contrastive_embedding_neighbor,0.9812460865377789,provisional_unverified,9116cbf4be063f5be851f65778ddfb91d60bdd5aa52e7211426769a6b2ce6f86,42.0,26.0
9116cbf4be063f5be851f65778ddfb91d60bdd5aa52e7211426769a6b2ce6f86,window_447,18.0,28.0,contrastive_embedding_neighbor,0.9802737850597927,provisional_unverified,9116cbf4be063f5be851f65778ddfb91d60bdd5aa52e7211426769a6b2ce6f86,38.0,20.0
9116cbf4be063f5be851f65778ddfb91d60bdd5aa52e7211426769a6b2ce6f86,window_448,20.0,30.0,contrastive_embedding_neighbor,0.9766730042133924,provisional_unverified,9116cbf4be063f5be851f65778ddfb91d60bdd5aa52e7211426769a6b2ce6f86,38.0,18.0
9116cbf4be063f5be851f65778ddfb91d60bdd5aa52e7211426769a6b2ce6f86,window_449,22.0,32.0,contrastive_embedding_neighbor,0.9722018168377685,provisional_unverified,9116cbf4be063f5be851f65778ddfb91d60bdd5aa52e7211426769a6b2ce6f86,38.0,16.0
9116cbf4be063f5be851f65778ddfb91d60bdd5aa52e7211426769a6b2ce6f86,window_450,24.0,34.0,contrastive_embedding_neighbor,0.9739194877040853,provisional_unverified,5790cd1534b1de5ac4693367fe5d8ca6951cd36a7abcd3c778cee8923a932a75,16.0,8.0
9116cbf4be063f5be851f65778ddfb91d60bdd5aa52e7211426769a6b2ce6f86,window_451,26.0,36.0,contrastive_embedding_neighbor,0.9774071180757986,provisional_unverified,9116cbf4be063f5be851f65778ddfb91d60bdd5aa52e7211426769a6b2ce6f86,4.0,22.0
9116cbf4be063f5be851f65778ddfb91d60bdd5aa52e7211426769a6b2ce6f86,window_452,28.0,38.0,contrastive_embedding_neighbor,0.9751012396094768,provisional_unverified,9116cbf4be063f5be851f65778ddfb91d60bdd5aa52e7211426769a6b2ce6f86,4.0,24.0
9116cbf4be063f5be851f65778ddfb91d60bdd5aa52e7211426769a6b2ce6f86,window_453,30.0,40.0,contrastive_embedding_neighbor,0.9862826180103846,provisional_unverified,9116cbf4be063f5be851f65778ddfb91d60bdd5aa52e7211426769a6b2ce6f86,4.0,26.0
9116cbf4be063f5be851f65778ddfb91d60bdd5aa52e7211426769a6b2ce6f86,window_454,32.0,42.0,contrastive_embedding_neighbor,0.9818936406152194,provisional_unverified,9116cbf4be063f5be851f65778ddfb91d60bdd5aa52e7211426769a6b2ce6f86,4.0,28.0
9116cbf4be063f5be851f65778ddfb91d60bdd5aa52e7211426769a6b2ce6f86,window_455,34.0,44.0,contrastive_embedding_neighbor,0.9855042082478392,provisional_unverified,9116cbf4be063f5be851f65778ddfb91d60bdd5aa52e7211426769a6b2ce6f86,4.0,30.0
9116cbf4be063f5be851f65778ddfb91d60bdd5aa52e7211426769a6b2ce6f86,window_456,36.0,46.0,contrastive_embedding_neighbor,0.9881520761342715,provisional_unverified,9116cbf4be063f5be851f65778ddfb91d60bdd5aa52e7211426769a6b2ce6f86,4.0,32.0
9116cbf4be063f5be851f65778ddfb91d60bdd5aa52e7211426769a6b2ce6f86,window_457,38.0,48.0,contrastive_embedding_neighbor,0.9856711644692423,provisional_unverified,9116cbf4be063f5be851f65778ddfb91d60bdd5aa52e7211426769a6b2ce6f86,2.0,36.0
9116cbf4be063f5be851f65778ddfb91d60bdd5aa52e7211426769a6b2ce6f86,window_458,40.0,50.0,contrastive_embedding_neighbor,0.9774474904004214,provisional_unverified,5790cd1534b1de5ac4693367fe5d8ca6951cd36a7abcd3c778cee8923a932a75,2.0,38.0
9116cbf4be063f5be851f65778ddfb91d60bdd5aa52e7211426769a6b2ce6f86,window_459,42.0,52.0,contrastive_embedding_neighbor,0.9812460865377789,provisional_unverified,9116cbf4be063f5be851f65778ddfb91d60bdd5aa52e7211426769a6b2ce6f86,16.0,26.0
9116cbf4be063f5be851f65778ddfb91d60bdd5aa52e7211426769a6b2ce6f86,window_460,44.0,54.0,contrastive_embedding_neighbor,0.9895566167396572,provisional_unverified,b185f43818b8ff3aba325752922bbbf37fd094f1e282887487651e0a5c8f6c7a,0.0,44.0
9116cbf4be063f5be851f65778ddfb91d60bdd5aa52e7211426769a6b2ce6f86,window_461,46.0,56.0,contrastive_embedding_neighbor,0.9884876702611048,provisional_unverified,b185f43818b8ff3aba325752922bbbf37fd094f1e282887487651e0a5c8f6c7a,0.0,46.0
9116cbf4be063f5be851f65778ddfb91d60bdd5aa52e7211426769a6b2ce6f86,window_462,48.0,58.0,contrastive_embedding_neighbor,0.9743284997549506,provisional_unverified,9116cbf4be063f5be851f65778ddfb91d60bdd5aa52e7211426769a6b2ce6f86,8.0,40.0
9116cbf4be063f5be851f65778ddfb91d60bdd5aa52e7211426769a6b2ce6f86,window_463,50.0,60.0,contrastive_embedding_neighbor,0.9499378841456572,provisional_unverified,b185f43818b8ff3aba325752922bbbf37fd094f1e282887487651e0a5c8f6c7a,8.0,42.0
9116cbf4be063f5be851f65778ddfb91d60bdd5aa52e7211426769a6b2ce6f86,window_464,52.0,62.0,contrastive_embedding_neighbor,0.9738857637202972,provisional_unverified,9116cbf4be063f5be851f65778ddfb91d60bdd5aa52e7211426769a6b2ce6f86,68.0,16.0
9116cbf4be063f5be851f65778ddfb91d60bdd5aa52e7211426769a6b2ce6f86,window_465,54.0,64.0,contrastive_embedding_neighbor,0.9838261415287842,provisional_unverified,9116cbf4be063f5be851f65778ddfb91d60bdd5aa52e7211426769a6b2ce6f86,0.0,54.0
9116cbf4be063f5be851f65778ddfb91d60bdd5aa52e7211426769a6b2ce6f86,window_466,56.0,66.0,contrastive_embedding_neighbor,0.9888621165738178,provisional_unverified,9116cbf4be063f5be851f65778ddfb91d60bdd5aa52e7211426769a6b2ce6f86,0.0,56.0
9116cbf4be063f5be851f65778ddfb91d60bdd5aa52e7211426769a6b2ce6f86,window_467,58.0,68.0,contrastive_embedding_neighbor,0.9967213054144977,provisional_unverified,9116cbf4be063f5be851f65778ddfb91d60bdd5aa52e7211426769a6b2ce6f86,0.0,58.0
9116cbf4be063f5be851f65778ddfb91d60bdd5aa52e7211426769a6b2ce6f86,window_468,60.0,70.0,contrastive_embedding_neighbor,0.9922173781011452,provisional_unverified,9116cbf4be063f5be851f65778ddfb91d60bdd5aa52e7211426769a6b2ce6f86,0.0,60.0
9116cbf4be063f5be851f65778ddfb91d60bdd5aa52e7211426769a6b2ce6f86,window_469,62.0,72.0,contrastive_embedding_neighbor,0.9811848954398956,provisional_unverified,9116cbf4be063f5be851f65778ddfb91d60bdd5aa52e7211426769a6b2ce6f86,0.0,62.0
9116cbf4be063f5be851f65778ddfb91d60bdd5aa52e7211426769a6b2ce6f86,window_470,64.0,74.0,contrastive_embedding_neighbor,0.9772924332071099,provisional_unverified,9116cbf4be063f5be851f65778ddfb91d60bdd5aa52e7211426769a6b2ce6f86,0.0,64.0
9116cbf4be063f5be851f65778ddfb91d60bdd5aa52e7211426769a6b2ce6f86,window_471,66.0,76.0,contrastive_embedding_neighbor,0.9723749019352322,provisional_unverified,9116cbf4be063f5be851f65778ddfb91d60bdd5aa52e7211426769a6b2ce6f86,0.0,66.0
9116cbf4be063f5be851f65778ddfb91d60bdd5aa52e7211426769a6b2ce6f86,window_472,68.0,78.0,contrastive_embedding_neighbor,0.9747377602927688,provisional_unverified,9116cbf4be063f5be851f65778ddfb91d60bdd5aa52e7211426769a6b2ce6f86,0.0,68.0
9116cbf4be063f5be851f65778ddfb91d60bdd5aa52e7211426769a6b2ce6f86,window_473,70.0,80.0,contrastive_embedding_neighbor,0.9795772545329278,provisional_unverified,9116cbf4be063f5be851f65778ddfb91d60bdd5aa52e7211426769a6b2ce6f86,326.0,256.0
9116cbf4be063f5be851f65778ddfb91d60bdd5aa52e7211426769a6b2ce6f86,window_474,72.0,82.0,contrastive_embedding_neighbor,0.9988656177182954,provisional_unverified,b185f43818b8ff3aba325752922bbbf37fd094f1e282887487651e0a5c8f6c7a,12.0,60.0
9116cbf4be063f5be851f65778ddfb91d60bdd5aa52e7211426769a6b2ce6f86,window_475,74.0,84.0,contrastive_embedding_neighbor,0.9813334647029351,provisional_unverified,9116cbf4be063f5be851f65778ddfb91d60bdd5aa52e7211426769a6b2ce6f86,330.0,256.0
9116cbf4be063f5be851f65778ddfb91d60bdd5aa52e7211426769a6b2ce6f86,window_476,76.0,86.0,contrastive_embedding_neighbor,0.9636436011607609,provisional_unverified,18385fe48224fbfa0cd6d17705d9305f857d70ef07b47b55502d04ff71359269,132.0,56.0
9116cbf4be063f5be851f65778ddfb91d60bdd5aa52e7211426769a6b2ce6f86,window_477,78.0,88.0,contrastive_embedding_neighbor,0.9547597237405047,provisional_unverified,18385fe48224fbfa0cd6d17705d9305f857d70ef07b47b55502d04ff71359269,132.0,54.0
9116cbf4be063f5be851f65778ddfb91d60bdd5aa52e7211426769a6b2ce6f86,window_478,80.0,90.0,contrastive_embedding_neighbor,0.9502870116553375,provisional_unverified,bace0e92b25324e8afbd0e5f6698b01a921780a2385e02419965fa97e3e796c4,144.0,64.0
9116cbf4be063f5be851f65778ddfb91d60bdd5aa52e7211426769a6b2ce6f86,window_479,82.0,92.0,contrastive_embedding_neighbor,0.987503220725063,provisional_unverified,9116cbf4be063f5be851f65778ddfb91d60bdd5aa52e7211426769a6b2ce6f86,134.0,52.0
9116cbf4be063f5be851f65778ddfb91d60bdd5aa52e7211426769a6b2ce6f86,window_480,84.0,94.0,contrastive_embedding_neighbor,0.9735135122989464,provisional_unverified,9116cbf4be063f5be851f65778ddfb91d60bdd5aa52e7211426769a6b2ce6f86,130.0,46.0
9116cbf4be063f5be851f65778ddfb91d60bdd5aa52e7211426769a6b2ce6f86,window_481,86.0,96.0,contrastive_embedding_neighbor,0.9582005684805543,provisional_unverified,bace0e92b25324e8afbd0e5f6698b01a921780a2385e02419965fa97e3e796c4,204.0,118.0
9116cbf4be063f5be851f65778ddfb91d60bdd5aa52e7211426769a6b2ce6f86,window_482,88.0,98.0,contrastive_embedding_neighbor,0.9738533487296698,provisional_unverified,b185f43818b8ff3aba325752922bbbf37fd094f1e282887487651e0a5c8f6c7a,28.0,60.0
9116cbf4be063f5be851f65778ddfb91d60bdd5aa52e7211426769a6b2ce6f86,window_483,90.0,100.0,contrastive_embedding_neighbor,0.9741577594622146,provisional_unverified,9116cbf4be063f5be851f65778ddfb91d60bdd5aa52e7211426769a6b2ce6f86,144.0,54.0
9116cbf4be063f5be851f65778ddfb91d60bdd5aa52e7211426769a6b2ce6f86,window_484,92.0,102.0,contrastive_embedding_neighbor,0.9647694076611862,provisional_unverified,9116cbf4be063f5be851f65778ddfb91d60bdd5aa52e7211426769a6b2ce6f86,342.0,250.0
9116cbf4be063f5be851f65778ddfb91d60bdd5aa52e7211426769a6b2ce6f86,window_485,94.0,104.0,contrastive_embedding_neighbor,0.9217242463309051,provisional_unverified,27937681c8199780c6cbce603f217d5a4457c351e84fa3cd7cfc62bfd270c550,144.0,50.0
9116cbf4be063f5be851f65778ddfb91d60bdd5aa52e7211426769a6b2ce6f86,window_486,96.0,106.0,contrastive_embedding_neighbor,0.8586208402690612,provisional_unverified,bace0e92b25324e8afbd0e5f6698b01a921780a2385e02419965fa97e3e796c4,144.0,48.0
9116cbf4be063f5be851f65778ddfb91d60bdd5aa52e7211426769a6b2ce6f86,window_487,98.0,108.0,contrastive_embedding_neighbor,0.9180086248625021,provisional_unverified,9116cbf4be063f5be851f65778ddfb91d60bdd5aa52e7211426769a6b2ce6f86,82.0,16.0
9116cbf4be063f5be851f65778ddfb91d60bdd5aa52e7211426769a6b2ce6f86,window_488,100.0,110.0,contrastive_embedding_neighbor,0.8942734880269692,provisional_unverified,bace0e92b25324e8afbd0e5f6698b01a921780a2385e02419965fa97e3e796c4,144.0,44.0
9116cbf4be063f5be851f65778ddfb91d60bdd5aa52e7211426769a6b2ce6f86,window_489,102.0,112.0,contrastive_embedding_neighbor,0.9624567761275251,provisional_unverified,9116cbf4be063f5be851f65778ddfb91d60bdd5aa52e7211426769a6b2ce6f86,350.0,248.0
9116cbf4be063f5be851f65778ddfb91d60bdd5aa52e7211426769a6b2ce6f86,window_490,104.0,114.0,contrastive_embedding_neighbor,0.988536946121963,provisional_unverified,bace0e92b25324e8afbd0e5f6698b01a921780a2385e02419965fa97e3e796c4,180.0,76.0
9116cbf4be063f5be851f65778ddfb91d60bdd5aa52e7211426769a6b2ce6f86,window_491,106.0,116.0,contrastive_embedding_neighbor,0.9624504251719898,provisional_unverified,bace0e92b25324e8afbd0e5f6698b01a921780a2385e02419965fa97e3e796c4,180.0,74.0
9116cbf4be063f5be851f65778ddfb91d60bdd5aa52e7211426769a6b2ce6f86,window_492,108.0,118.0,contrastive_embedding_neighbor,0.9797649327978051,provisional_unverified,9116cbf4be063f5be851f65778ddfb91d60bdd5aa52e7211426769a6b2ce6f86,136.0,28.0
9116cbf4be063f5be851f65778ddfb91d60bdd5aa52e7211426769a6b2ce6f86,window_493,110.0,120.0,contrastive_embedding_neighbor,0.9774279441874297,provisional_unverified,9116cbf4be063f5be851f65778ddfb91d60bdd5aa52e7211426769a6b2ce6f86,136.0,26.0
9116cbf4be063f5be851f65778ddfb91d60bdd5aa52e7211426769a6b2ce6f86,window_494,112.0,122.0,contrastive_embedding_neighbor,0.9698093685542895,provisional_unverified,9116cbf4be063f5be851f65778ddfb91d60bdd5aa52e7211426769a6b2ce6f86,134.0,22.0
9116cbf4be063f5be851f65778ddfb91d60bdd5aa52e7211426769a6b2ce6f86,window_495,114.0,124.0,contrastive_embedding_neighbor,0.9942967998361718,provisional_unverified,bace0e92b25324e8afbd0e5f6698b01a921780a2385e02419965fa97e3e796c4,186.0,72.0
9116cbf4be063f5be851f65778ddfb91d60bdd5aa52e7211426769a6b2ce6f86,window_496,116.0,126.0,contrastive_embedding_neighbor,0.9875229964503883,provisional_unverified,bace0e92b25324e8afbd0e5f6698b01a921780a2385e02419965fa97e3e796c4,188.0,72.0
9116cbf4be063f5be851f65778ddfb91d60bdd5aa52e7211426769a6b2ce6f86,window_497,118.0,128.0,contrastive_embedding_neighbor,0.9733109509389014,provisional_unverified,9116cbf4be063f5be851f65778ddfb91d60bdd5aa52e7211426769a6b2ce6f86,84.0,34.0
9116cbf4be063f5be851f65778ddfb91d60bdd5aa52e7211426769a6b2ce6f86,window_498,120.0,130.0,contrastive_embedding_neighbor,0.9405683255844457,provisional_unverified,18385fe48224fbfa0cd6d17705d9305f857d70ef07b47b55502d04ff71359269,176.0,56.0
9116cbf4be063f5be851f65778ddfb91d60bdd5aa52e7211426769a6b2ce6f86,window_499,122.0,132.0,contrastive_embedding_neighbor,0.9541138752714378,provisional_unverified,973ef84ffaa4e83d002ed655331eb305b340c0f3f25b57795f97a151bcc3490b,2.0,120.0
9116cbf4be063f5be851f65778ddfb91d60bdd5aa52e7211426769a6b2ce6f86,window_500,124.0,134.0,contrastive_embedding_neighbor,0.9421919768362957,provisional_unverified,9116cbf4be063f5be851f65778ddfb91d60bdd5aa52e7211426769a6b2ce6f86,80.0,44.0
9116cbf4be063f5be851f65778ddfb91d60bdd5aa52e7211426769a6b2ce6f86,window_501,126.0,136.0,contrastive_embedding_neighbor,0.9729459882041676,provisional_unverified,9116cbf4be063f5be851f65778ddfb91d60bdd5aa52e7211426769a6b2ce6f86,104.0,22.0
9116cbf4be063f5be851f65778ddfb91d60bdd5aa52e7211426769a6b2ce6f86,window_502,128.0,138.0,contrastive_embedding_neighbor,0.9314869685579191,provisional_unverified,bace0e92b25324e8afbd0e5f6698b01a921780a2385e02419965fa97e3e796c4,186.0,58.0
9116cbf4be063f5be851f65778ddfb91d60bdd5aa52e7211426769a6b2ce6f86,window_503,130.0,140.0,contrastive_embedding_neighbor,0.9735135122989464,provisional_unverified,9116cbf4be063f5be851f65778ddfb91d60bdd5aa52e7211426769a6b2ce6f86,84.0,46.0
9116cbf4be063f5be851f65778ddfb91d60bdd5aa52e7211426769a6b2ce6f86,window_504,132.0,142.0,contrastive_embedding_neighbor,0.9749715830997485,provisional_unverified,9116cbf4be063f5be851f65778ddfb91d60bdd5aa52e7211426769a6b2ce6f86,338.0,206.0
9116cbf4be063f5be851f65778ddfb91d60bdd5aa52e7211426769a6b2ce6f86,window_505,134.0,144.0,contrastive_embedding_neighbor,0.987503220725063,provisional_unverified,9116cbf4be063f5be851f65778ddfb91d60bdd5aa52e7211426769a6b2ce6f86,82.0,52.0
9116cbf4be063f5be851f65778ddfb91d60bdd5aa52e7211426769a6b2ce6f86,window_506,136.0,146.0,contrastive_embedding_neighbor,0.9797649327978051,provisional_unverified,9116cbf4be063f5be851f65778ddfb91d60bdd5aa52e7211426769a6b2ce6f86,108.0,28.0
9116cbf4be063f5be851f65778ddfb91d60bdd5aa52e7211426769a6b2ce6f86,window_507,138.0,148.0,contrastive_embedding_neighbor,0.9560041474266847,provisional_unverified,bace0e92b25324e8afbd0e5f6698b01a921780a2385e02419965fa97e3e796c4,196.0,58.0
9116cbf4be063f5be851f65778ddfb91d60bdd5aa52e7211426769a6b2ce6f86,window_508,140.0,150.0,contrastive_embedding_neighbor,0.9739151154659696,provisional_unverified,bace0e92b25324e8afbd0e5f6698b01a921780a2385e02419965fa97e3e796c4,182.0,42.0
9116cbf4be063f5be851f65778ddfb91d60bdd5aa52e7211426769a6b2ce6f86,window_509,142.0,152.0,contrastive_embedding_neighbor,0.970153629966898,provisional_unverified,9116cbf4be063f5be851f65778ddfb91d60bdd5aa52e7211426769a6b2ce6f86,344.0,202.0
9116cbf4be063f5be851f65778ddfb91d60bdd5aa52e7211426769a6b2ce6f86,window_510,144.0,154.0,contrastive_embedding_neighbor,0.9834107030360095,provisional_unverified,bace0e92b25324e8afbd0e5f6698b01a921780a2385e02419965fa97e3e796c4,202.0,58.0
9116cbf4be063f5be851f65778ddfb91d60bdd5aa52e7211426769a6b2ce6f86,window_511,146.0,156.0,contrastive_embedding_neighbor,0.9817074104570388,provisional_unverified,18385fe48224fbfa0cd6d17705d9305f857d70ef07b47b55502d04ff71359269,190.0,44.0
9116cbf4be063f5be851f65778ddfb91d60bdd5aa52e7211426769a6b2ce6f86,window_512,148.0,158.0,contrastive_embedding_neighbor,0.9899833075805484,provisional_unverified,18385fe48224fbfa0cd6d17705d9305f857d70ef07b47b55502d04ff71359269,190.0,42.0
9116cbf4be063f5be851f65778ddfb91d60bdd5aa52e7211426769a6b2ce6f86,window_513,150.0,160.0,contrastive_embedding_neighbor,0.990102220714489,provisional_unverified,9116cbf4be063f5be851f65778ddfb91d60bdd5aa52e7211426769a6b2ce6f86,388.0,238.0
9116cbf4be063f5be851f65778ddfb91d60bdd5aa52e7211426769a6b2ce6f86,window_514,152.0,162.0,contrastive_embedding_neighbor,0.921155027183531,provisional_unverified,18385fe48224fbfa0cd6d17705d9305f857d70ef07b47b55502d04ff71359269,208.0,56.0
9116cbf4be063f5be851f65778ddfb91d60bdd5aa52e7211426769a6b2ce6f86,window_515,154.0,164.0,contrastive_embedding_neighbor,0.9060188432327013,provisional_unverified,4975a35d789765b9299480af66d6a5af5166fef074cef80facbac97409b84d07,136.0,18.0
9116cbf4be063f5be851f65778ddfb91d60bdd5aa52e7211426769a6b2ce6f86,window_516,156.0,166.0,contrastive_embedding_neighbor,0.9542814630890789,provisional_unverified,9116cbf4be063f5be851f65778ddfb91d60bdd5aa52e7211426769a6b2ce6f86,370.0,214.0
9116cbf4be063f5be851f65778ddfb91d60bdd5aa52e7211426769a6b2ce6f86,window_517,158.0,168.0,contrastive_embedding_neighbor,0.9408889523752964,provisional_unverified,b185f43818b8ff3aba325752922bbbf37fd094f1e282887487651e0a5c8f6c7a,56.0,102.0
9116cbf4be063f5be851f65778ddfb91d60bdd5aa52e7211426769a6b2ce6f86,window_518,160.0,170.0,contrastive_embedding_neighbor,0.933820295757651,provisional_unverified,9116cbf4be063f5be851f65778ddfb91d60bdd5aa52e7211426769a6b2ce6f86,404.0,244.0
9116cbf4be063f5be851f65778ddfb91d60bdd5aa52e7211426769a6b2ce6f86,window_519,162.0,172.0,contrastive_embedding_neighbor,0.9052587143524398,provisional_unverified,9116cbf4be063f5be851f65778ddfb91d60bdd5aa52e7211426769a6b2ce6f86,384.0,222.0
9116cbf4be063f5be851f65778ddfb91d60bdd5aa52e7211426769a6b2ce6f86,window_520,164.0,174.0,contrastive_embedding_neighbor,0.9373578097547107,provisional_unverified,9116cbf4be063f5be851f65778ddfb91d60bdd5aa52e7211426769a6b2ce6f86,108.0,56.0
9116cbf4be063f5be851f65778ddfb91d60bdd5aa52e7211426769a6b2ce6f86,window_521,166.0,176.0,contrastive_embedding_neighbor,0.9485539529184193,provisional_unverified,bace0e92b25324e8afbd0e5f6698b01a921780a2385e02419965fa97e3e796c4,220.0,54.0
9116cbf4be063f5be851f65778ddfb91d60bdd5aa52e7211426769a6b2ce6f86,window_522,168.0,178.0,contrastive_embedding_neighbor,0.9377734605672328,provisional_unverified,18385fe48224fbfa0cd6d17705d9305f857d70ef07b47b55502d04ff71359269,210.0,42.0
9116cbf4be063f5be851f65778ddfb91d60bdd5aa52e7211426769a6b2ce6f86,window_523,170.0,180.0,contrastive_embedding_neighbor,0.9284697687203262,provisional_unverified,5c12d7b5eff374be805bae6c5e2906f6c02b6bc3ad6ba70d3674bafd4f16fc15,10.0,160.0
9116cbf4be063f5be851f65778ddfb91d60bdd5aa52e7211426769a6b2ce6f86,window_524,172.0,182.0,contrastive_embedding_neighbor,0.9658179244152418,provisional_unverified,5c12d7b5eff374be805bae6c5e2906f6c02b6bc3ad6ba70d3674bafd4f16fc15,10.0,162.0
9116cbf4be063f5be851f65778ddfb91d60bdd5aa52e7211426769a6b2ce6f86,window_525,174.0,184.0,contrastive_embedding_neighbor,0.9392595000122159,provisional_unverified,9116cbf4be063f5be851f65778ddfb91d60bdd5aa52e7211426769a6b2ce6f86,418.0,244.0
9116cbf4be063f5be851f65778ddfb91d60bdd5aa52e7211426769a6b2ce6f86,window_526,176.0,186.0,contrastive_embedding_neighbor,0.956558155342461,provisional_unverified,5c12d7b5eff374be805bae6c5e2906f6c02b6bc3ad6ba70d3674bafd4f16fc15,32.0,144.0
9116cbf4be063f5be851f65778ddfb91d60bdd5aa52e7211426769a6b2ce6f86,window_527,178.0,188.0,contrastive_embedding_neighbor,0.9126221621773433,provisional_unverified,5c12d7b5eff374be805bae6c5e2906f6c02b6bc3ad6ba70d3674bafd4f16fc15,30.0,148.0
9116cbf4be063f5be851f65778ddfb91d60bdd5aa52e7211426769a6b2ce6f86,window_528,180.0,190.0,contrastive_embedding_neighbor,0.8911292397296743,provisional_unverified,27937681c8199780c6cbce603f217d5a4457c351e84fa3cd7cfc62bfd270c550,104.0,76.0
9116cbf4be063f5be851f65778ddfb91d60bdd5aa52e7211426769a6b2ce6f86,window_529,182.0,192.0,contrastive_embedding_neighbor,0.9073927359168565,provisional_unverified,5c12d7b5eff374be805bae6c5e2906f6c02b6bc3ad6ba70d3674bafd4f16fc15,36.0,146.0
9116cbf4be063f5be851f65778ddfb91d60bdd5aa52e7211426769a6b2ce6f86,window_530,184.0,194.0,contrastive_embedding_neighbor,0.9498603591131219,provisional_unverified,5c12d7b5eff374be805bae6c5e2906f6c02b6bc3ad6ba70d3674bafd4f16fc15,36.0,148.0
9116cbf4be063f5be851f65778ddfb91d60bdd5aa52e7211426769a6b2ce6f86,window_531,186.0,196.0,contrastive_embedding_neighbor,0.8767379439133124,provisional_unverified,c3c503093a73b359d513d025d9185c7ada423099650828cbd4fdba12d1d7aafc,8.0,178.0
9116cbf4be063f5be851f65778ddfb91d60bdd5aa52e7211426769a6b2ce6f86,window_532,188.0,198.0,contrastive_embedding_neighbor,0.9920097142834,provisional_unverified,5c12d7b5eff374be805bae6c5e2906f6c02b6bc3ad6ba70d3674bafd4f16fc15,16.0,172.0
9116cbf4be063f5be851f65778ddfb91d60bdd5aa52e7211426769a6b2ce6f86,window_533,190.0,200.0,contrastive_embedding_neighbor,0.9881367122926786,provisional_unverified,9116cbf4be063f5be851f65778ddfb91d60bdd5aa52e7211426769a6b2ce6f86,436.0,246.0
9116cbf4be063f5be851f65778ddfb91d60bdd5aa52e7211426769a6b2ce6f86,window_534,192.0,202.0,contrastive_embedding_neighbor,0.9841531731727103,provisional_unverified,27937681c8199780c6cbce603f217d5a4457c351e84fa3cd7cfc62bfd270c550,0.0,192.0
9116cbf4be063f5be851f65778ddfb91d60bdd5aa52e7211426769a6b2ce6f86,window_535,194.0,204.0,contrastive_embedding_neighbor,0.9848842471556385,provisional_unverified,27937681c8199780c6cbce603f217d5a4457c351e84fa3cd7cfc62bfd270c550,0.0,194.0
9116cbf4be063f5be851f65778ddfb91d60bdd5aa52e7211426769a6b2ce6f86,window_536,196.0,206.0,contrastive_embedding_neighbor,0.9910884271719497,provisional_unverified,27937681c8199780c6cbce603f217d5a4457c351e84fa3cd7cfc62bfd270c550,0.0,196.0
9116cbf4be063f5be851f65778ddfb91d60bdd5aa52e7211426769a6b2ce6f86,window_537,198.0,208.0,contrastive_embedding_neighbor,0.9866213383608766,provisional_unverified,9116cbf4be063f5be851f65778ddfb91d60bdd5aa52e7211426769a6b2ce6f86,228.0,30.0
9116cbf4be063f5be851f65778ddfb91d60bdd5aa52e7211426769a6b2ce6f86,window_538,200.0,210.0,contrastive_embedding_neighbor,0.9998292223487646,provisional_unverified,9116cbf4be063f5be851f65778ddfb91d60bdd5aa52e7211426769a6b2ce6f86,216.0,16.0
9116cbf4be063f5be851f65778ddfb91d60bdd5aa52e7211426769a6b2ce6f86,window_539,202.0,212.0,contrastive_embedding_neighbor,0.9878296297327843,provisional_unverified,9116cbf4be063f5be851f65778ddfb91d60bdd5aa52e7211426769a6b2ce6f86,218.0,16.0
9116cbf4be063f5be851f65778ddfb91d60bdd5aa52e7211426769a6b2ce6f86,window_540,204.0,214.0,contrastive_embedding_neighbor,0.9859773529024518,provisional_unverified,9116cbf4be063f5be851f65778ddfb91d60bdd5aa52e7211426769a6b2ce6f86,282.0,78.0
9116cbf4be063f5be851f65778ddfb91d60bdd5aa52e7211426769a6b2ce6f86,window_541,206.0,216.0,contrastive_embedding_neighbor,0.9854165390319999,provisional_unverified,9116cbf4be063f5be851f65778ddfb91d60bdd5aa52e7211426769a6b2ce6f86,282.0,76.0
9116cbf4be063f5be851f65778ddfb91d60bdd5aa52e7211426769a6b2ce6f86,window_542,208.0,218.0,contrastive_embedding_neighbor,0.9824583041455373,provisional_unverified,9116cbf4be063f5be851f65778ddfb91d60bdd5aa52e7211426769a6b2ce6f86,322.0,114.0
9116cbf4be063f5be851f65778ddfb91d60bdd5aa52e7211426769a6b2ce6f86,window_543,210.0,220.0,contrastive_embedding_neighbor,0.982999158737286,provisional_unverified,9116cbf4be063f5be851f65778ddfb91d60bdd5aa52e7211426769a6b2ce6f86,282.0,72.0
9116cbf4be063f5be851f65778ddfb91d60bdd5aa52e7211426769a6b2ce6f86,window_544,212.0,222.0,contrastive_embedding_neighbor,0.9881212603679679,provisional_unverified,9116cbf4be063f5be851f65778ddfb91d60bdd5aa52e7211426769a6b2ce6f86,282.0,70.0
9116cbf4be063f5be851f65778ddfb91d60bdd5aa52e7211426769a6b2ce6f86,window_545,214.0,224.0,contrastive_embedding_neighbor,0.9878519626644677,provisional_unverified,9116cbf4be063f5be851f65778ddfb91d60bdd5aa52e7211426769a6b2ce6f86,282.0,68.0
9116cbf4be063f5be851f65778ddfb91d60bdd5aa52e7211426769a6b2ce6f86,window_546,216.0,226.0,contrastive_embedding_neighbor,0.9998292223487646,provisional_unverified,9116cbf4be063f5be851f65778ddfb91d60bdd5aa52e7211426769a6b2ce6f86,200.0,16.0
9116cbf4be063f5be851f65778ddfb91d60bdd5aa52e7211426769a6b2ce6f86,window_547,218.0,228.0,contrastive_embedding_neighbor,0.9878296297327843,provisional_unverified,9116cbf4be063f5be851f65778ddfb91d60bdd5aa52e7211426769a6b2ce6f86,202.0,16.0
9116cbf4be063f5be851f65778ddfb91d60bdd5aa52e7211426769a6b2ce6f86,window_548,220.0,230.0,contrastive_embedding_neighbor,0.9311041950109614,provisional_unverified,9116cbf4be063f5be851f65778ddfb91d60bdd5aa52e7211426769a6b2ce6f86,248.0,28.0
9116cbf4be063f5be851f65778ddfb91d60bdd5aa52e7211426769a6b2ce6f86,window_549,222.0,232.0,contrastive_embedding_neighbor,0.9444218286774052,provisional_unverified,18385fe48224fbfa0cd6d17705d9305f857d70ef07b47b55502d04ff71359269,36.0,186.0
9116cbf4be063f5be851f65778ddfb91d60bdd5aa52e7211426769a6b2ce6f86,window_550,224.0,234.0,contrastive_embedding_neighbor,0.9710206188730277,provisional_unverified,9116cbf4be063f5be851f65778ddfb91d60bdd5aa52e7211426769a6b2ce6f86,198.0,26.0
9116cbf4be063f5be851f65778ddfb91d60bdd5aa52e7211426769a6b2ce6f86,window_551,226.0,236.0,contrastive_embedding_neighbor,0.9734029097253956,provisional_unverified,9116cbf4be063f5be851f65778ddfb91d60bdd5aa52e7211426769a6b2ce6f86,198.0,28.0
9116cbf4be063f5be851f65778ddfb91d60bdd5aa52e7211426769a6b2ce6f86,window_552,228.0,238.0,contrastive_embedding_neighbor,0.9866213383608766,provisional_unverified,9116cbf4be063f5be851f65778ddfb91d60bdd5aa52e7211426769a6b2ce6f86,198.0,30.0
9116cbf4be063f5be851f65778ddfb91d60bdd5aa52e7211426769a6b2ce6f86,window_553,230.0,240.0,contrastive_embedding_neighbor,0.9739405302882223,provisional_unverified,9116cbf4be063f5be851f65778ddfb91d60bdd5aa52e7211426769a6b2ce6f86,198.0,32.0
9116cbf4be063f5be851f65778ddfb91d60bdd5aa52e7211426769a6b2ce6f86,window_554,232.0,242.0,contrastive_embedding_neighbor,0.919304742696458,provisional_unverified,9116cbf4be063f5be851f65778ddfb91d60bdd5aa52e7211426769a6b2ce6f86,314.0,82.0
9116cbf4be063f5be851f65778ddfb91d60bdd5aa52e7211426769a6b2ce6f86,window_555,234.0,244.0,contrastive_embedding_neighbor,0.9909900505607583,provisional_unverified,9116cbf4be063f5be851f65778ddfb91d60bdd5aa52e7211426769a6b2ce6f86,292.0,58.0
9116cbf4be063f5be851f65778ddfb91d60bdd5aa52e7211426769a6b2ce6f86,window_556,236.0,246.0,contrastive_embedding_neighbor,0.9910593490194755,provisional_unverified,9116cbf4be063f5be851f65778ddfb91d60bdd5aa52e7211426769a6b2ce6f86,292.0,56.0
9116cbf4be063f5be851f65778ddfb91d60bdd5aa52e7211426769a6b2ce6f86,window_557,238.0,248.0,contrastive_embedding_neighbor,0.9917700161992484,provisional_unverified,9116cbf4be063f5be851f65778ddfb91d60bdd5aa52e7211426769a6b2ce6f86,292.0,54.0
9116cbf4be063f5be851f65778ddfb91d60bdd5aa52e7211426769a6b2ce6f86,window_558,240.0,250.0,contrastive_embedding_neighbor,0.9925383685901059,provisional_unverified,9116cbf4be063f5be851f65778ddfb91d60bdd5aa52e7211426769a6b2ce6f86,292.0,52.0
9116cbf4be063f5be851f65778ddfb91d60bdd5aa52e7211426769a6b2ce6f86,window_559,242.0,252.0,contrastive_embedding_neighbor,0.993371450955591,provisional_unverified,9116cbf4be063f5be851f65778ddfb91d60bdd5aa52e7211426769a6b2ce6f86,292.0,50.0
9116cbf4be063f5be851f65778ddfb91d60bdd5aa52e7211426769a6b2ce6f86,window_560,244.0,254.0,contrastive_embedding_neighbor,0.9892290326389823,provisional_unverified,9116cbf4be063f5be851f65778ddfb91d60bdd5aa52e7211426769a6b2ce6f86,292.0,48.0
9116cbf4be063f5be851f65778ddfb91d60bdd5aa52e7211426769a6b2ce6f86,window_561,246.0,256.0,contrastive_embedding_neighbor,0.9759546684518771,provisional_unverified,9116cbf4be063f5be851f65778ddfb91d60bdd5aa52e7211426769a6b2ce6f86,300.0,54.0
9116cbf4be063f5be851f65778ddfb91d60bdd5aa52e7211426769a6b2ce6f86,window_562,248.0,258.0,contrastive_embedding_neighbor,0.9894479835605239,provisional_unverified,9116cbf4be063f5be851f65778ddfb91d60bdd5aa52e7211426769a6b2ce6f86,302.0,54.0
9116cbf4be063f5be851f65778ddfb91d60bdd5aa52e7211426769a6b2ce6f86,window_563,250.0,260.0,contrastive_embedding_neighbor,0.9200289454173496,provisional_unverified,9116cbf4be063f5be851f65778ddfb91d60bdd5aa52e7211426769a6b2ce6f86,48.0,202.0
9116cbf4be063f5be851f65778ddfb91d60bdd5aa52e7211426769a6b2ce6f86,window_564,252.0,262.0,contrastive_embedding_neighbor,0.9261960535313628,provisional_unverified,9116cbf4be063f5be851f65778ddfb91d60bdd5aa52e7211426769a6b2ce6f86,48.0,204.0
9116cbf4be063f5be851f65778ddfb91d60bdd5aa52e7211426769a6b2ce6f86,window_565,254.0,264.0,contrastive_embedding_neighbor,0.9410240948452522,provisional_unverified,9116cbf4be063f5be851f65778ddfb91d60bdd5aa52e7211426769a6b2ce6f86,6.0,248.0
9116cbf4be063f5be851f65778ddfb91d60bdd5aa52e7211426769a6b2ce6f86,window_566,256.0,266.0,contrastive_embedding_neighbor,0.9150897456564876,provisional_unverified,9116cbf4be063f5be851f65778ddfb91d60bdd5aa52e7211426769a6b2ce6f86,6.0,250.0
9116cbf4be063f5be851f65778ddfb91d60bdd5aa52e7211426769a6b2ce6f86,window_567,258.0,268.0,contrastive_embedding_neighbor,0.9139873373102544,provisional_unverified,9116cbf4be063f5be851f65778ddfb91d60bdd5aa52e7211426769a6b2ce6f86,292.0,34.0
9116cbf4be063f5be851f65778ddfb91d60bdd5aa52e7211426769a6b2ce6f86,window_568,260.0,270.0,contrastive_embedding_neighbor,0.9998576217840078,provisional_unverified,9116cbf4be063f5be851f65778ddfb91d60bdd5aa52e7211426769a6b2ce6f86,286.0,26.0
9116cbf4be063f5be851f65778ddfb91d60bdd5aa52e7211426769a6b2ce6f86,window_569,262.0,272.0,contrastive_embedding_neighbor,0.9999173643886035,provisional_unverified,9116cbf4be063f5be851f65778ddfb91d60bdd5aa52e7211426769a6b2ce6f86,288.0,26.0
9116cbf4be063f5be851f65778ddfb91d60bdd5aa52e7211426769a6b2ce6f86,window_570,264.0,274.0,contrastive_embedding_neighbor,0.9999604420542099,provisional_unverified,9116cbf4be063f5be851f65778ddfb91d60bdd5aa52e7211426769a6b2ce6f86,288.0,24.0
9116cbf4be063f5be851f65778ddfb91d60bdd5aa52e7211426769a6b2ce6f86,window_571,266.0,276.0,contrastive_embedding_neighbor,0.9999702830590159,provisional_unverified,9116cbf4be063f5be851f65778ddfb91d60bdd5aa52e7211426769a6b2ce6f86,288.0,22.0
9116cbf4be063f5be851f65778ddfb91d60bdd5aa52e7211426769a6b2ce6f86,window_572,268.0,278.0,contrastive_embedding_neighbor,0.9999110236581904,provisional_unverified,9116cbf4be063f5be851f65778ddfb91d60bdd5aa52e7211426769a6b2ce6f86,288.0,20.0
9116cbf4be063f5be851f65778ddfb91d60bdd5aa52e7211426769a6b2ce6f86,window_573,270.0,280.0,contrastive_embedding_neighbor,0.9998702735153056,provisional_unverified,9116cbf4be063f5be851f65778ddfb91d60bdd5aa52e7211426769a6b2ce6f86,288.0,18.0
9116cbf4be063f5be851f65778ddfb91d60bdd5aa52e7211426769a6b2ce6f86,window_574,272.0,282.0,contrastive_embedding_neighbor,0.9997506711901797,provisional_unverified,9116cbf4be063f5be851f65778ddfb91d60bdd5aa52e7211426769a6b2ce6f86,288.0,16.0
9116cbf4be063f5be851f65778ddfb91d60bdd5aa52e7211426769a6b2ce6f86,window_575,274.0,284.0,contrastive_embedding_neighbor,0.9995065880841064,provisional_unverified,9116cbf4be063f5be851f65778ddfb91d60bdd5aa52e7211426769a6b2ce6f86,300.0,26.0
9116cbf4be063f5be851f65778ddfb91d60bdd5aa52e7211426769a6b2ce6f86,window_576,276.0,286.0,contrastive_embedding_neighbor,0.9996412541857124,provisional_unverified,9116cbf4be063f5be851f65778ddfb91d60bdd5aa52e7211426769a6b2ce6f86,300.0,24.0
9116cbf4be063f5be851f65778ddfb91d60bdd5aa52e7211426769a6b2ce6f86,window_577,278.0,288.0,contrastive_embedding_neighbor,0.9996425318681411,provisional_unverified,9116cbf4be063f5be851f65778ddfb91d60bdd5aa52e7211426769a6b2ce6f86,300.0,22.0
9116cbf4be063f5be851f65778ddfb91d60bdd5aa52e7211426769a6b2ce6f86,window_578,280.0,290.0,contrastive_embedding_neighbor,0.9996707701713242,provisional_unverified,9116cbf4be063f5be851f65778ddfb91d60bdd5aa52e7211426769a6b2ce6f86,300.0,20.0
9116cbf4be063f5be851f65778ddfb91d60bdd5aa52e7211426769a6b2ce6f86,window_579,282.0,292.0,contrastive_embedding_neighbor,0.9996946398744005,provisional_unverified,9116cbf4be063f5be851f65778ddfb91d60bdd5aa52e7211426769a6b2ce6f86,300.0,18.0
9116cbf4be063f5be851f65778ddfb91d60bdd5aa52e7211426769a6b2ce6f86,window_580,284.0,294.0,contrastive_embedding_neighbor,0.9998573124122545,provisional_unverified,9116cbf4be063f5be851f65778ddfb91d60bdd5aa52e7211426769a6b2ce6f86,300.0,16.0
9116cbf4be063f5be851f65778ddfb91d60bdd5aa52e7211426769a6b2ce6f86,window_581,286.0,296.0,contrastive_embedding_neighbor,0.9998576217840078,provisional_unverified,9116cbf4be063f5be851f65778ddfb91d60bdd5aa52e7211426769a6b2ce6f86,260.0,26.0
9116cbf4be063f5be851f65778ddfb91d60bdd5aa52e7211426769a6b2ce6f86,window_582,288.0,298.0,contrastive_embedding_neighbor,0.9999702830590159,provisional_unverified,9116cbf4be063f5be851f65778ddfb91d60bdd5aa52e7211426769a6b2ce6f86,266.0,22.0
9116cbf4be063f5be851f65778ddfb91d60bdd5aa52e7211426769a6b2ce6f86,window_583,290.0,300.0,contrastive_embedding_neighbor,0.9998180172340971,provisional_unverified,9116cbf4be063f5be851f65778ddfb91d60bdd5aa52e7211426769a6b2ce6f86,268.0,22.0
9116cbf4be063f5be851f65778ddfb91d60bdd5aa52e7211426769a6b2ce6f86,window_584,292.0,302.0,contrastive_embedding_neighbor,0.9994943397113788,provisional_unverified,9116cbf4be063f5be851f65778ddfb91d60bdd5aa52e7211426769a6b2ce6f86,268.0,24.0
9116cbf4be063f5be851f65778ddfb91d60bdd5aa52e7211426769a6b2ce6f86,window_585,294.0,304.0,contrastive_embedding_neighbor,0.9997619289773724,provisional_unverified,9116cbf4be063f5be851f65778ddfb91d60bdd5aa52e7211426769a6b2ce6f86,268.0,26.0
9116cbf4be063f5be851f65778ddfb91d60bdd5aa52e7211426769a6b2ce6f86,window_586,296.0,306.0,contrastive_embedding_neighbor,0.9997638041150987,provisional_unverified,9116cbf4be063f5be851f65778ddfb91d60bdd5aa52e7211426769a6b2ce6f86,268.0,28.0
9116cbf4be063f5be851f65778ddfb91d60bdd5aa52e7211426769a6b2ce6f86,window_587,298.0,308.0,contrastive_embedding_neighbor,0.9999032545376315,provisional_unverified,9116cbf4be063f5be851f65778ddfb91d60bdd5aa52e7211426769a6b2ce6f86,268.0,30.0
9116cbf4be063f5be851f65778ddfb91d60bdd5aa52e7211426769a6b2ce6f86,window_588,300.0,310.0,contrastive_embedding_neighbor,0.9998573124122545,provisional_unverified,9116cbf4be063f5be851f65778ddfb91d60bdd5aa52e7211426769a6b2ce6f86,284.0,16.0
9116cbf4be063f5be851f65778ddfb91d60bdd5aa52e7211426769a6b2ce6f86,window_589,302.0,312.0,contrastive_embedding_neighbor,0.9894479835605239,provisional_unverified,9116cbf4be063f5be851f65778ddfb91d60bdd5aa52e7211426769a6b2ce6f86,248.0,54.0
9116cbf4be063f5be851f65778ddfb91d60bdd5aa52e7211426769a6b2ce6f86,window_590,304.0,314.0,contrastive_embedding_neighbor,0.9607558138492606,provisional_unverified,9116cbf4be063f5be851f65778ddfb91d60bdd5aa52e7211426769a6b2ce6f86,326.0,22.0
9116cbf4be063f5be851f65778ddfb91d60bdd5aa52e7211426769a6b2ce6f86,window_591,306.0,316.0,contrastive_embedding_neighbor,0.9001951156219071,provisional_unverified,9116cbf4be063f5be851f65778ddfb91d60bdd5aa52e7211426769a6b2ce6f86,70.0,236.0
9116cbf4be063f5be851f65778ddfb91d60bdd5aa52e7211426769a6b2ce6f86,window_592,308.0,318.0,contrastive_embedding_neighbor,0.9058226049794376,provisional_unverified,9116cbf4be063f5be851f65778ddfb91d60bdd5aa52e7211426769a6b2ce6f86,40.0,268.0
9116cbf4be063f5be851f65778ddfb91d60bdd5aa52e7211426769a6b2ce6f86,window_593,310.0,320.0,contrastive_embedding_neighbor,0.905885509550158,provisional_unverified,9116cbf4be063f5be851f65778ddfb91d60bdd5aa52e7211426769a6b2ce6f86,40.0,270.0
9116cbf4be063f5be851f65778ddfb91d60bdd5aa52e7211426769a6b2ce6f86,window_594,312.0,322.0,contrastive_embedding_neighbor,0.9294125229439868,provisional_unverified,9116cbf4be063f5be851f65778ddfb91d60bdd5aa52e7211426769a6b2ce6f86,218.0,94.0
9116cbf4be063f5be851f65778ddfb91d60bdd5aa52e7211426769a6b2ce6f86,window_595,314.0,324.0,contrastive_embedding_neighbor,0.919304742696458,provisional_unverified,9116cbf4be063f5be851f65778ddfb91d60bdd5aa52e7211426769a6b2ce6f86,232.0,82.0
9116cbf4be063f5be851f65778ddfb91d60bdd5aa52e7211426769a6b2ce6f86,window_596,316.0,326.0,contrastive_embedding_neighbor,0.9795451158227851,provisional_unverified,9116cbf4be063f5be851f65778ddfb91d60bdd5aa52e7211426769a6b2ce6f86,208.0,108.0
9116cbf4be063f5be851f65778ddfb91d60bdd5aa52e7211426769a6b2ce6f86,window_597,318.0,328.0,contrastive_embedding_neighbor,0.979498227021667,provisional_unverified,9116cbf4be063f5be851f65778ddfb91d60bdd5aa52e7211426769a6b2ce6f86,208.0,110.0
9116cbf4be063f5be851f65778ddfb91d60bdd5aa52e7211426769a6b2ce6f86,window_598,320.0,330.0,contrastive_embedding_neighbor,0.9809593832965967,provisional_unverified,9116cbf4be063f5be851f65778ddfb91d60bdd5aa52e7211426769a6b2ce6f86,208.0,112.0
9116cbf4be063f5be851f65778ddfb91d60bdd5aa52e7211426769a6b2ce6f86,window_599,322.0,332.0,contrastive_embedding_neighbor,0.9824583041455373,provisional_unverified,9116cbf4be063f5be851f65778ddfb91d60bdd5aa52e7211426769a6b2ce6f86,208.0,114.0
9116cbf4be063f5be851f65778ddfb91d60bdd5aa52e7211426769a6b2ce6f86,window_600,324.0,334.0,contrastive_embedding_neighbor,0.9824510980678439,provisional_unverified,9116cbf4be063f5be851f65778ddfb91d60bdd5aa52e7211426769a6b2ce6f86,208.0,116.0
9116cbf4be063f5be851f65778ddfb91d60bdd5aa52e7211426769a6b2ce6f86,window_601,326.0,336.0,contrastive_embedding_neighbor,0.9795772545329278,provisional_unverified,9116cbf4be063f5be851f65778ddfb91d60bdd5aa52e7211426769a6b2ce6f86,70.0,256.0
9116cbf4be063f5be851f65778ddfb91d60bdd5aa52e7211426769a6b2ce6f86,window_602,328.0,338.0,contrastive_embedding_neighbor,0.9970086652613196,provisional_unverified,27937681c8199780c6cbce603f217d5a4457c351e84fa3cd7cfc62bfd270c550,126.0,202.0
9116cbf4be063f5be851f65778ddfb91d60bdd5aa52e7211426769a6b2ce6f86,window_603,330.0,340.0,contrastive_embedding_neighbor,0.9862546539308454,provisional_unverified,27937681c8199780c6cbce603f217d5a4457c351e84fa3cd7cfc62bfd270c550,130.0,200.0
9116cbf4be063f5be851f65778ddfb91d60bdd5aa52e7211426769a6b2ce6f86,window_604,332.0,342.0,contrastive_embedding_neighbor,0.9730199781349508,provisional_unverified,4975a35d789765b9299480af66d6a5af5166fef074cef80facbac97409b84d07,74.0,258.0
9116cbf4be063f5be851f65778ddfb91d60bdd5aa52e7211426769a6b2ce6f86,window_605,334.0,344.0,contrastive_embedding_neighbor,0.9581625943273505,provisional_unverified,b185f43818b8ff3aba325752922bbbf37fd094f1e282887487651e0a5c8f6c7a,68.0,266.0
9116cbf4be063f5be851f65778ddfb91d60bdd5aa52e7211426769a6b2ce6f86,window_606,336.0,346.0,contrastive_embedding_neighbor,0.9754158035585796,provisional_unverified,18385fe48224fbfa0cd6d17705d9305f857d70ef07b47b55502d04ff71359269,134.0,202.0
9116cbf4be063f5be851f65778ddfb91d60bdd5aa52e7211426769a6b2ce6f86,window_607,338.0,348.0,contrastive_embedding_neighbor,0.9749715830997485,provisional_unverified,9116cbf4be063f5be851f65778ddfb91d60bdd5aa52e7211426769a6b2ce6f86,132.0,206.0
9116cbf4be063f5be851f65778ddfb91d60bdd5aa52e7211426769a6b2ce6f86,window_608,340.0,350.0,contrastive_embedding_neighbor,0.9813528833859345,provisional_unverified,bace0e92b25324e8afbd0e5f6698b01a921780a2385e02419965fa97e3e796c4,202.0,138.0
9116cbf4be063f5be851f65778ddfb91d60bdd5aa52e7211426769a6b2ce6f86,window_609,342.0,352.0,contrastive_embedding_neighbor,0.9864953922644607,provisional_unverified,18385fe48224fbfa0cd6d17705d9305f857d70ef07b47b55502d04ff71359269,144.0,198.0
9116cbf4be063f5be851f65778ddfb91d60bdd5aa52e7211426769a6b2ce6f86,window_610,344.0,354.0,contrastive_embedding_neighbor,0.988409596697875,provisional_unverified,9116cbf4be063f5be851f65778ddfb91d60bdd5aa52e7211426769a6b2ce6f86,150.0,194.0
9116cbf4be063f5be851f65778ddfb91d60bdd5aa52e7211426769a6b2ce6f86,window_611,346.0,356.0,contrastive_embedding_neighbor,0.9816999347227855,provisional_unverified,b185f43818b8ff3aba325752922bbbf37fd094f1e282887487651e0a5c8f6c7a,74.0,272.0
9116cbf4be063f5be851f65778ddfb91d60bdd5aa52e7211426769a6b2ce6f86,window_612,348.0,358.0,contrastive_embedding_neighbor,0.9798307169610175,provisional_unverified,8f799d59c9b5348ece1e5671692ea783d6d5e450ccebe31b6db9ad4f9510f8c5,0.0,348.0
9116cbf4be063f5be851f65778ddfb91d60bdd5aa52e7211426769a6b2ce6f86,window_613,350.0,360.0,contrastive_embedding_neighbor,0.9624567761275251,provisional_unverified,9116cbf4be063f5be851f65778ddfb91d60bdd5aa52e7211426769a6b2ce6f86,102.0,248.0
9116cbf4be063f5be851f65778ddfb91d60bdd5aa52e7211426769a6b2ce6f86,window_614,352.0,362.0,contrastive_embedding_neighbor,0.9580374230058273,provisional_unverified,8f799d59c9b5348ece1e5671692ea783d6d5e450ccebe31b6db9ad4f9510f8c5,48.0,304.0
9116cbf4be063f5be851f65778ddfb91d60bdd5aa52e7211426769a6b2ce6f86,window_615,354.0,364.0,contrastive_embedding_neighbor,0.9489359765463108,provisional_unverified,b185f43818b8ff3aba325752922bbbf37fd094f1e282887487651e0a5c8f6c7a,42.0,312.0
9116cbf4be063f5be851f65778ddfb91d60bdd5aa52e7211426769a6b2ce6f86,window_616,356.0,366.0,contrastive_embedding_neighbor,0.9731358548226852,provisional_unverified,4975a35d789765b9299480af66d6a5af5166fef074cef80facbac97409b84d07,96.0,260.0
9116cbf4be063f5be851f65778ddfb91d60bdd5aa52e7211426769a6b2ce6f86,window_617,358.0,368.0,contrastive_embedding_neighbor,0.9943443561682672,provisional_unverified,18385fe48224fbfa0cd6d17705d9305f857d70ef07b47b55502d04ff71359269,160.0,198.0
9116cbf4be063f5be851f65778ddfb91d60bdd5aa52e7211426769a6b2ce6f86,window_618,360.0,370.0,contrastive_embedding_neighbor,0.9886405361719005,provisional_unverified,4975a35d789765b9299480af66d6a5af5166fef074cef80facbac97409b84d07,100.0,260.0
9116cbf4be063f5be851f65778ddfb91d60bdd5aa52e7211426769a6b2ce6f86,window_619,362.0,372.0,contrastive_embedding_neighbor,0.9926530621172605,provisional_unverified,4975a35d789765b9299480af66d6a5af5166fef074cef80facbac97409b84d07,104.0,258.0
9116cbf4be063f5be851f65778ddfb91d60bdd5aa52e7211426769a6b2ce6f86,window_620,364.0,374.0,contrastive_embedding_neighbor,0.9929856973604658,provisional_unverified,18385fe48224fbfa0cd6d17705d9305f857d70ef07b47b55502d04ff71359269,166.0,198.0
9116cbf4be063f5be851f65778ddfb91d60bdd5aa52e7211426769a6b2ce6f86,window_621,366.0,376.0,contrastive_embedding_neighbor,0.9870672918561824,provisional_unverified,4975a35d789765b9299480af66d6a5af5166fef074cef80facbac97409b84d07,120.0,246.0
9116cbf4be063f5be851f65778ddfb91d60bdd5aa52e7211426769a6b2ce6f86,window_622,368.0,378.0,contrastive_embedding_neighbor,0.9868436721789489,provisional_unverified,bace0e92b25324e8afbd0e5f6698b01a921780a2385e02419965fa97e3e796c4,184.0,184.0
9116cbf4be063f5be851f65778ddfb91d60bdd5aa52e7211426769a6b2ce6f86,window_623,370.0,380.0,contrastive_embedding_neighbor,0.9755750802332498,provisional_unverified,bace0e92b25324e8afbd0e5f6698b01a921780a2385e02419965fa97e3e796c4,184.0,186.0
9116cbf4be063f5be851f65778ddfb91d60bdd5aa52e7211426769a6b2ce6f86,window_624,372.0,382.0,contrastive_embedding_neighbor,0.9224042186281654,provisional_unverified,b185f43818b8ff3aba325752922bbbf37fd094f1e282887487651e0a5c8f6c7a,52.0,320.0
9116cbf4be063f5be851f65778ddfb91d60bdd5aa52e7211426769a6b2ce6f86,window_625,374.0,384.0,contrastive_embedding_neighbor,0.974383146140981,provisional_unverified,4975a35d789765b9299480af66d6a5af5166fef074cef80facbac97409b84d07,120.0,254.0
9116cbf4be063f5be851f65778ddfb91d60bdd5aa52e7211426769a6b2ce6f86,window_626,376.0,386.0,contrastive_embedding_neighbor,0.9303550629884183,provisional_unverified,b185f43818b8ff3aba325752922bbbf37fd094f1e282887487651e0a5c8f6c7a,48.0,328.0
9116cbf4be063f5be851f65778ddfb91d60bdd5aa52e7211426769a6b2ce6f86,window_627,378.0,388.0,contrastive_embedding_neighbor,0.9335150446801785,provisional_unverified,4975a35d789765b9299480af66d6a5af5166fef074cef80facbac97409b84d07,118.0,260.0
9116cbf4be063f5be851f65778ddfb91d60bdd5aa52e7211426769a6b2ce6f86,window_628,380.0,390.0,contrastive_embedding_neighbor,0.9510873653571761,provisional_unverified,b185f43818b8ff3aba325752922bbbf37fd094f1e282887487651e0a5c8f6c7a,56.0,324.0
9116cbf4be063f5be851f65778ddfb91d60bdd5aa52e7211426769a6b2ce6f86,window_629,382.0,392.0,contrastive_embedding_neighbor,0.9290017988576568,provisional_unverified,b185f43818b8ff3aba325752922bbbf37fd094f1e282887487651e0a5c8f6c7a,56.0,326.0
9116cbf4be063f5be851f65778ddfb91d60bdd5aa52e7211426769a6b2ce6f86,window_630,384.0,394.0,contrastive_embedding_neighbor,0.9350564225020037,provisional_unverified,18385fe48224fbfa0cd6d17705d9305f857d70ef07b47b55502d04ff71359269,152.0,232.0
9116cbf4be063f5be851f65778ddfb91d60bdd5aa52e7211426769a6b2ce6f86,window_631,386.0,396.0,contrastive_embedding_neighbor,0.9744199106808473,provisional_unverified,8f799d59c9b5348ece1e5671692ea783d6d5e450ccebe31b6db9ad4f9510f8c5,52.0,334.0
9116cbf4be063f5be851f65778ddfb91d60bdd5aa52e7211426769a6b2ce6f86,window_632,388.0,398.0,contrastive_embedding_neighbor,0.9936711758810158,provisional_unverified,b185f43818b8ff3aba325752922bbbf37fd094f1e282887487651e0a5c8f6c7a,76.0,312.0
9116cbf4be063f5be851f65778ddfb91d60bdd5aa52e7211426769a6b2ce6f86,window_633,390.0,400.0,contrastive_embedding_neighbor,0.9947305169761256,provisional_unverified,4975a35d789765b9299480af66d6a5af5166fef074cef80facbac97409b84d07,132.0,258.0
9116cbf4be063f5be851f65778ddfb91d60bdd5aa52e7211426769a6b2ce6f86,window_634,392.0,402.0,contrastive_embedding_neighbor,0.9958765293890735,provisional_unverified,b185f43818b8ff3aba325752922bbbf37fd094f1e282887487651e0a5c8f6c7a,76.0,316.0
9116cbf4be063f5be851f65778ddfb91d60bdd5aa52e7211426769a6b2ce6f86,window_635,394.0,404.0,contrastive_embedding_neighbor,0.9812669592748322,provisional_unverified,8f799d59c9b5348ece1e5671692ea783d6d5e450ccebe31b6db9ad4f9510f8c5,58.0,336.0
9116cbf4be063f5be851f65778ddfb91d60bdd5aa52e7211426769a6b2ce6f86,window_636,396.0,406.0,contrastive_embedding_neighbor,0.9889311037560474,provisional_unverified,8f799d59c9b5348ece1e5671692ea783d6d5e450ccebe31b6db9ad4f9510f8c5,60.0,336.0
9116cbf4be063f5be851f65778ddfb91d60bdd5aa52e7211426769a6b2ce6f86,window_637,398.0,408.0,contrastive_embedding_neighbor,0.9739540871985795,provisional_unverified,8f799d59c9b5348ece1e5671692ea783d6d5e450ccebe31b6db9ad4f9510f8c5,62.0,336.0
9116cbf4be063f5be851f65778ddfb91d60bdd5aa52e7211426769a6b2ce6f86,window_638,400.0,410.0,contrastive_embedding_neighbor,0.9697225227657602,provisional_unverified,8f799d59c9b5348ece1e5671692ea783d6d5e450ccebe31b6db9ad4f9510f8c5,64.0,336.0
9116cbf4be063f5be851f65778ddfb91d60bdd5aa52e7211426769a6b2ce6f86,window_639,402.0,412.0,contrastive_embedding_neighbor,0.9727953513277584,provisional_unverified,bace0e92b25324e8afbd0e5f6698b01a921780a2385e02419965fa97e3e796c4,216.0,186.0
9116cbf4be063f5be851f65778ddfb91d60bdd5aa52e7211426769a6b2ce6f86,window_640,404.0,414.0,contrastive_embedding_neighbor,0.9761519485868567,provisional_unverified,8f799d59c9b5348ece1e5671692ea783d6d5e450ccebe31b6db9ad4f9510f8c5,68.0,336.0
9116cbf4be063f5be851f65778ddfb91d60bdd5aa52e7211426769a6b2ce6f86,window_641,406.0,416.0,contrastive_embedding_neighbor,0.8230638689794644,provisional_unverified,b185f43818b8ff3aba325752922bbbf37fd094f1e282887487651e0a5c8f6c7a,92.0,314.0
9116cbf4be063f5be851f65778ddfb91d60bdd5aa52e7211426769a6b2ce6f86,window_642,408.0,418.0,contrastive_embedding_neighbor,0.992373122489432,provisional_unverified,8f799d59c9b5348ece1e5671692ea783d6d5e450ccebe31b6db9ad4f9510f8c5,72.0,336.0
9116cbf4be063f5be851f65778ddfb91d60bdd5aa52e7211426769a6b2ce6f86,window_643,410.0,420.0,contrastive_embedding_neighbor,0.9708670553162069,provisional_unverified,18385fe48224fbfa0cd6d17705d9305f857d70ef07b47b55502d04ff71359269,214.0,196.0
9116cbf4be063f5be851f65778ddfb91d60bdd5aa52e7211426769a6b2ce6f86,window_644,412.0,422.0,contrastive_embedding_neighbor,0.9621680520184364,provisional_unverified,db4d46d3c8abd3b8d2327e52a99599c63e7bd8ed5f1b122d3047d731fc6d2684,0.0,412.0
9116cbf4be063f5be851f65778ddfb91d60bdd5aa52e7211426769a6b2ce6f86,window_645,414.0,424.0,contrastive_embedding_neighbor,0.9675741426579484,provisional_unverified,5c12d7b5eff374be805bae6c5e2906f6c02b6bc3ad6ba70d3674bafd4f16fc15,80.0,334.0
9116cbf4be063f5be851f65778ddfb91d60bdd5aa52e7211426769a6b2ce6f86,window_646,416.0,426.0,contrastive_embedding_neighbor,0.9686621064829968,provisional_unverified,5c12d7b5eff374be805bae6c5e2906f6c02b6bc3ad6ba70d3674bafd4f16fc15,76.0,340.0
9116cbf4be063f5be851f65778ddfb91d60bdd5aa52e7211426769a6b2ce6f86,window_647,418.0,428.0,contrastive_embedding_neighbor,0.9499045275621978,provisional_unverified,5c12d7b5eff374be805bae6c5e2906f6c02b6bc3ad6ba70d3674bafd4f16fc15,76.0,342.0
9116cbf4be063f5be851f65778ddfb91d60bdd5aa52e7211426769a6b2ce6f86,window_648,420.0,430.0,contrastive_embedding_neighbor,0.9821576039679684,provisional_unverified,5c12d7b5eff374be805bae6c5e2906f6c02b6bc3ad6ba70d3674bafd4f16fc15,4.0,416.0
9116cbf4be063f5be851f65778ddfb91d60bdd5aa52e7211426769a6b2ce6f86,window_649,422.0,432.0,contrastive_embedding_neighbor,0.9756775398059553,provisional_unverified,73093667f33a7f710fc20059989a002071359119e1e9c0a4128b67729755da33,0.0,422.0
9116cbf4be063f5be851f65778ddfb91d60bdd5aa52e7211426769a6b2ce6f86,window_650,424.0,434.0,contrastive_embedding_neighbor,0.9754737038435559,provisional_unverified,73093667f33a7f710fc20059989a002071359119e1e9c0a4128b67729755da33,0.0,424.0
9116cbf4be063f5be851f65778ddfb91d60bdd5aa52e7211426769a6b2ce6f86,window_651,426.0,436.0,contrastive_embedding_neighbor,0.9750708838503197,provisional_unverified,73093667f33a7f710fc20059989a002071359119e1e9c0a4128b67729755da33,0.0,426.0
9116cbf4be063f5be851f65778ddfb91d60bdd5aa52e7211426769a6b2ce6f86,window_652,428.0,438.0,contrastive_embedding_neighbor,0.9744384649675908,provisional_unverified,73093667f33a7f710fc20059989a002071359119e1e9c0a4128b67729755da33,0.0,428.0
9116cbf4be063f5be851f65778ddfb91d60bdd5aa52e7211426769a6b2ce6f86,window_653,430.0,440.0,contrastive_embedding_neighbor,0.973591647658012,provisional_unverified,73093667f33a7f710fc20059989a002071359119e1e9c0a4128b67729755da33,0.0,430.0
9116cbf4be063f5be851f65778ddfb91d60bdd5aa52e7211426769a6b2ce6f86,window_654,432.0,442.0,contrastive_embedding_neighbor,0.9517598922570064,provisional_unverified,c3c503093a73b359d513d025d9185c7ada423099650828cbd4fdba12d1d7aafc,4.0,428.0
9116cbf4be063f5be851f65778ddfb91d60bdd5aa52e7211426769a6b2ce6f86,window_655,434.0,444.0,contrastive_embedding_neighbor,0.9811972795334636,provisional_unverified,5c12d7b5eff374be805bae6c5e2906f6c02b6bc3ad6ba70d3674bafd4f16fc15,20.0,414.0
9116cbf4be063f5be851f65778ddfb91d60bdd5aa52e7211426769a6b2ce6f86,window_656,436.0,446.0,contrastive_embedding_neighbor,0.9881367122926786,provisional_unverified,9116cbf4be063f5be851f65778ddfb91d60bdd5aa52e7211426769a6b2ce6f86,190.0,246.0
9116cbf4be063f5be851f65778ddfb91d60bdd5aa52e7211426769a6b2ce6f86,window_657,438.0,448.0,contrastive_embedding_neighbor,0.9910651572017997,provisional_unverified,18385fe48224fbfa0cd6d17705d9305f857d70ef07b47b55502d04ff71359269,0.0,438.0
9116cbf4be063f5be851f65778ddfb91d60bdd5aa52e7211426769a6b2ce6f86,window_658,440.0,450.0,contrastive_embedding_neighbor,0.9920058846068761,provisional_unverified,18385fe48224fbfa0cd6d17705d9305f857d70ef07b47b55502d04ff71359269,0.0,440.0
9116cbf4be063f5be851f65778ddfb91d60bdd5aa52e7211426769a6b2ce6f86,window_659,442.0,452.0,contrastive_embedding_neighbor,0.9934825533685839,provisional_unverified,18385fe48224fbfa0cd6d17705d9305f857d70ef07b47b55502d04ff71359269,0.0,442.0
9116cbf4be063f5be851f65778ddfb91d60bdd5aa52e7211426769a6b2ce6f86,window_660,444.0,454.0,contrastive_embedding_neighbor,0.995855312389376,provisional_unverified,18385fe48224fbfa0cd6d17705d9305f857d70ef07b47b55502d04ff71359269,0.0,444.0
9116cbf4be063f5be851f65778ddfb91d60bdd5aa52e7211426769a6b2ce6f86,window_661,446.0,456.0,contrastive_embedding_neighbor,0.9752439321900985,provisional_unverified,18385fe48224fbfa0cd6d17705d9305f857d70ef07b47b55502d04ff71359269,0.0,446.0
973ef84ffaa4e83d002ed655331eb305b340c0f3f25b57795f97a151bcc3490b,window_662,0.0,10.0,contrastive_embedding_neighbor,0.9638653805109646,provisional_unverified,18385fe48224fbfa0cd6d17705d9305f857d70ef07b47b55502d04ff71359269,214.0,214.0
973ef84ffaa4e83d002ed655331eb305b340c0f3f25b57795f97a151bcc3490b,window_663,2.0,12.0,contrastive_embedding_neighbor,0.9725062669355267,provisional_unverified,8f799d59c9b5348ece1e5671692ea783d6d5e450ccebe31b6db9ad4f9510f8c5,76.0,74.0
b185f43818b8ff3aba325752922bbbf37fd094f1e282887487651e0a5c8f6c7a,window_664,0.0,10.0,contrastive_embedding_neighbor,0.9895566167396572,provisional_unverified,9116cbf4be063f5be851f65778ddfb91d60bdd5aa52e7211426769a6b2ce6f86,44.0,44.0
b185f43818b8ff3aba325752922bbbf37fd094f1e282887487651e0a5c8f6c7a,window_665,2.0,12.0,contrastive_embedding_neighbor,0.9761569871920941,provisional_unverified,9116cbf4be063f5be851f65778ddfb91d60bdd5aa52e7211426769a6b2ce6f86,44.0,42.0
b185f43818b8ff3aba325752922bbbf37fd094f1e282887487651e0a5c8f6c7a,window_666,4.0,14.0,contrastive_embedding_neighbor,0.9575923630184675,provisional_unverified,9116cbf4be063f5be851f65778ddfb91d60bdd5aa52e7211426769a6b2ce6f86,44.0,40.0
b185f43818b8ff3aba325752922bbbf37fd094f1e282887487651e0a5c8f6c7a,window_667,6.0,16.0,contrastive_embedding_neighbor,0.9317733897930274,provisional_unverified,9116cbf4be063f5be851f65778ddfb91d60bdd5aa52e7211426769a6b2ce6f86,50.0,44.0
b185f43818b8ff3aba325752922bbbf37fd094f1e282887487651e0a5c8f6c7a,window_668,8.0,18.0,contrastive_embedding_neighbor,0.9499378841456572,provisional_unverified,9116cbf4be063f5be851f65778ddfb91d60bdd5aa52e7211426769a6b2ce6f86,50.0,42.0
b185f43818b8ff3aba325752922bbbf37fd094f1e282887487651e0a5c8f6c7a,window_669,10.0,20.0,contrastive_embedding_neighbor,0.9615267493864188,provisional_unverified,9116cbf4be063f5be851f65778ddfb91d60bdd5aa52e7211426769a6b2ce6f86,44.0,34.0
b185f43818b8ff3aba325752922bbbf37fd094f1e282887487651e0a5c8f6c7a,window_670,12.0,22.0,contrastive_embedding_neighbor,0.9988656177182954,provisional_unverified,9116cbf4be063f5be851f65778ddfb91d60bdd5aa52e7211426769a6b2ce6f86,72.0,60.0
b185f43818b8ff3aba325752922bbbf37fd094f1e282887487651e0a5c8f6c7a,window_671,14.0,24.0,contrastive_embedding_neighbor,0.9946456639572269,provisional_unverified,27937681c8199780c6cbce603f217d5a4457c351e84fa3cd7cfc62bfd270c550,128.0,114.0
b185f43818b8ff3aba325752922bbbf37fd094f1e282887487651e0a5c8f6c7a,window_672,16.0,26.0,contrastive_embedding_neighbor,0.9773392405904858,provisional_unverified,9116cbf4be063f5be851f65778ddfb91d60bdd5aa52e7211426769a6b2ce6f86,330.0,314.0
b185f43818b8ff3aba325752922bbbf37fd094f1e282887487651e0a5c8f6c7a,window_673,18.0,28.0,contrastive_embedding_neighbor,0.971173507357517,provisional_unverified,b185f43818b8ff3aba325752922bbbf37fd094f1e282887487651e0a5c8f6c7a,34.0,16.0
b185f43818b8ff3aba325752922bbbf37fd094f1e282887487651e0a5c8f6c7a,window_674,20.0,30.0,contrastive_embedding_neighbor,0.9281365302301174,provisional_unverified,27937681c8199780c6cbce603f217d5a4457c351e84fa3cd7cfc62bfd270c550,134.0,114.0
b185f43818b8ff3aba325752922bbbf37fd094f1e282887487651e0a5c8f6c7a,window_675,22.0,32.0,contrastive_embedding_neighbor,0.8102042085514976,provisional_unverified,18385fe48224fbfa0cd6d17705d9305f857d70ef07b47b55502d04ff71359269,136.0,114.0
b185f43818b8ff3aba325752922bbbf37fd094f1e282887487651e0a5c8f6c7a,window_676,24.0,34.0,contrastive_embedding_neighbor,0.9752963209893123,provisional_unverified,bace0e92b25324e8afbd0e5f6698b01a921780a2385e02419965fa97e3e796c4,150.0,126.0
b185f43818b8ff3aba325752922bbbf37fd094f1e282887487651e0a5c8f6c7a,window_677,26.0,36.0,contrastive_embedding_neighbor,0.9873514444696956,provisional_unverified,bace0e92b25324e8afbd0e5f6698b01a921780a2385e02419965fa97e3e796c4,152.0,126.0
b185f43818b8ff3aba325752922bbbf37fd094f1e282887487651e0a5c8f6c7a,window_678,28.0,38.0,contrastive_embedding_neighbor,0.988373553902964,provisional_unverified,8f799d59c9b5348ece1e5671692ea783d6d5e450ccebe31b6db9ad4f9510f8c5,6.0,22.0
b185f43818b8ff3aba325752922bbbf37fd094f1e282887487651e0a5c8f6c7a,window_679,30.0,40.0,contrastive_embedding_neighbor,0.9873675240392115,provisional_unverified,8f799d59c9b5348ece1e5671692ea783d6d5e450ccebe31b6db9ad4f9510f8c5,10.0,20.0
b185f43818b8ff3aba325752922bbbf37fd094f1e282887487651e0a5c8f6c7a,window_680,32.0,42.0,contrastive_embedding_neighbor,0.9900810453277474,provisional_unverified,8f799d59c9b5348ece1e5671692ea783d6d5e450ccebe31b6db9ad4f9510f8c5,12.0,20.0
b185f43818b8ff3aba325752922bbbf37fd094f1e282887487651e0a5c8f6c7a,window_681,34.0,44.0,contrastive_embedding_neighbor,0.971173507357517,provisional_unverified,b185f43818b8ff3aba325752922bbbf37fd094f1e282887487651e0a5c8f6c7a,18.0,16.0
b185f43818b8ff3aba325752922bbbf37fd094f1e282887487651e0a5c8f6c7a,window_682,36.0,46.0,contrastive_embedding_neighbor,0.9738081560818577,provisional_unverified,8f799d59c9b5348ece1e5671692ea783d6d5e450ccebe31b6db9ad4f9510f8c5,16.0,20.0
b185f43818b8ff3aba325752922bbbf37fd094f1e282887487651e0a5c8f6c7a,window_683,38.0,48.0,contrastive_embedding_neighbor,0.9726338867592494,provisional_unverified,8f799d59c9b5348ece1e5671692ea783d6d5e450ccebe31b6db9ad4f9510f8c5,20.0,18.0
b185f43818b8ff3aba325752922bbbf37fd094f1e282887487651e0a5c8f6c7a,window_684,40.0,50.0,contrastive_embedding_neighbor,0.9691328567898687,provisional_unverified,8f799d59c9b5348ece1e5671692ea783d6d5e450ccebe31b6db9ad4f9510f8c5,20.0,20.0
b185f43818b8ff3aba325752922bbbf37fd094f1e282887487651e0a5c8f6c7a,window_685,42.0,52.0,contrastive_embedding_neighbor,0.9737621669348203,provisional_unverified,27937681c8199780c6cbce603f217d5a4457c351e84fa3cd7cfc62bfd270c550,154.0,112.0
b185f43818b8ff3aba325752922bbbf37fd094f1e282887487651e0a5c8f6c7a,window_686,44.0,54.0,contrastive_embedding_neighbor,0.9886668267347845,provisional_unverified,8f799d59c9b5348ece1e5671692ea783d6d5e450ccebe31b6db9ad4f9510f8c5,24.0,20.0
b185f43818b8ff3aba325752922bbbf37fd094f1e282887487651e0a5c8f6c7a,window_687,46.0,56.0,contrastive_embedding_neighbor,0.9768889677973375,provisional_unverified,9116cbf4be063f5be851f65778ddfb91d60bdd5aa52e7211426769a6b2ce6f86,358.0,312.0
b185f43818b8ff3aba325752922bbbf37fd094f1e282887487651e0a5c8f6c7a,window_688,48.0,58.0,contrastive_embedding_neighbor,0.9877680609556465,provisional_unverified,4975a35d789765b9299480af66d6a5af5166fef074cef80facbac97409b84d07,80.0,32.0
b185f43818b8ff3aba325752922bbbf37fd094f1e282887487651e0a5c8f6c7a,window_689,50.0,60.0,contrastive_embedding_neighbor,0.9748410467107417,provisional_unverified,8f799d59c9b5348ece1e5671692ea783d6d5e450ccebe31b6db9ad4f9510f8c5,30.0,20.0
b185f43818b8ff3aba325752922bbbf37fd094f1e282887487651e0a5c8f6c7a,window_690,52.0,62.0,contrastive_embedding_neighbor,0.9895575065619624,provisional_unverified,18385fe48224fbfa0cd6d17705d9305f857d70ef07b47b55502d04ff71359269,166.0,114.0
b185f43818b8ff3aba325752922bbbf37fd094f1e282887487651e0a5c8f6c7a,window_691,54.0,64.0,contrastive_embedding_neighbor,0.9588027825720917,provisional_unverified,bace0e92b25324e8afbd0e5f6698b01a921780a2385e02419965fa97e3e796c4,160.0,106.0
b185f43818b8ff3aba325752922bbbf37fd094f1e282887487651e0a5c8f6c7a,window_692,56.0,66.0,contrastive_embedding_neighbor,0.9510873653571761,provisional_unverified,9116cbf4be063f5be851f65778ddfb91d60bdd5aa52e7211426769a6b2ce6f86,380.0,324.0
b185f43818b8ff3aba325752922bbbf37fd094f1e282887487651e0a5c8f6c7a,window_693,58.0,68.0,contrastive_embedding_neighbor,0.9572996784170992,provisional_unverified,9116cbf4be063f5be851f65778ddfb91d60bdd5aa52e7211426769a6b2ce6f86,352.0,294.0
b185f43818b8ff3aba325752922bbbf37fd094f1e282887487651e0a5c8f6c7a,window_694,60.0,70.0,contrastive_embedding_neighbor,0.9553882991211216,provisional_unverified,9116cbf4be063f5be851f65778ddfb91d60bdd5aa52e7211426769a6b2ce6f86,350.0,290.0
b185f43818b8ff3aba325752922bbbf37fd094f1e282887487651e0a5c8f6c7a,window_695,62.0,72.0,contrastive_embedding_neighbor,0.9533837766707246,provisional_unverified,9116cbf4be063f5be851f65778ddfb91d60bdd5aa52e7211426769a6b2ce6f86,350.0,288.0
b185f43818b8ff3aba325752922bbbf37fd094f1e282887487651e0a5c8f6c7a,window_696,64.0,74.0,contrastive_embedding_neighbor,0.9319841317887364,provisional_unverified,9116cbf4be063f5be851f65778ddfb91d60bdd5aa52e7211426769a6b2ce6f86,350.0,286.0
b185f43818b8ff3aba325752922bbbf37fd094f1e282887487651e0a5c8f6c7a,window_697,66.0,76.0,contrastive_embedding_neighbor,0.9432667556939768,provisional_unverified,9116cbf4be063f5be851f65778ddfb91d60bdd5aa52e7211426769a6b2ce6f86,336.0,270.0
b185f43818b8ff3aba325752922bbbf37fd094f1e282887487651e0a5c8f6c7a,window_698,68.0,78.0,contrastive_embedding_neighbor,0.9853432068547713,provisional_unverified,18385fe48224fbfa0cd6d17705d9305f857d70ef07b47b55502d04ff71359269,134.0,66.0
b185f43818b8ff3aba325752922bbbf37fd094f1e282887487651e0a5c8f6c7a,window_699,70.0,80.0,contrastive_embedding_neighbor,0.9351230318805784,provisional_unverified,b185f43818b8ff3aba325752922bbbf37fd094f1e282887487651e0a5c8f6c7a,54.0,16.0
b185f43818b8ff3aba325752922bbbf37fd094f1e282887487651e0a5c8f6c7a,window_700,72.0,82.0,contrastive_embedding_neighbor,0.9845536401693423,provisional_unverified,27937681c8199780c6cbce603f217d5a4457c351e84fa3cd7cfc62bfd270c550,182.0,110.0
b185f43818b8ff3aba325752922bbbf37fd094f1e282887487651e0a5c8f6c7a,window_701,74.0,84.0,contrastive_embedding_neighbor,0.9816999347227855,provisional_unverified,9116cbf4be063f5be851f65778ddfb91d60bdd5aa52e7211426769a6b2ce6f86,346.0,272.0
b185f43818b8ff3aba325752922bbbf37fd094f1e282887487651e0a5c8f6c7a,window_702,76.0,86.0,contrastive_embedding_neighbor,0.9958765293890735,provisional_unverified,9116cbf4be063f5be851f65778ddfb91d60bdd5aa52e7211426769a6b2ce6f86,392.0,316.0
b185f43818b8ff3aba325752922bbbf37fd094f1e282887487651e0a5c8f6c7a,window_703,78.0,88.0,contrastive_embedding_neighbor,0.993433959297065,provisional_unverified,9116cbf4be063f5be851f65778ddfb91d60bdd5aa52e7211426769a6b2ce6f86,390.0,312.0
b185f43818b8ff3aba325752922bbbf37fd094f1e282887487651e0a5c8f6c7a,window_704,80.0,90.0,contrastive_embedding_neighbor,0.9725909102175467,provisional_unverified,9116cbf4be063f5be851f65778ddfb91d60bdd5aa52e7211426769a6b2ce6f86,386.0,306.0
b185f43818b8ff3aba325752922bbbf37fd094f1e282887487651e0a5c8f6c7a,window_705,82.0,92.0,contrastive_embedding_neighbor,0.9934690114660292,provisional_unverified,4975a35d789765b9299480af66d6a5af5166fef074cef80facbac97409b84d07,136.0,54.0
b185f43818b8ff3aba325752922bbbf37fd094f1e282887487651e0a5c8f6c7a,window_706,84.0,94.0,contrastive_embedding_neighbor,0.9873800413123258,provisional_unverified,27937681c8199780c6cbce603f217d5a4457c351e84fa3cd7cfc62bfd270c550,192.0,108.0
b185f43818b8ff3aba325752922bbbf37fd094f1e282887487651e0a5c8f6c7a,window_707,86.0,96.0,contrastive_embedding_neighbor,0.9536119896093057,provisional_unverified,4975a35d789765b9299480af66d6a5af5166fef074cef80facbac97409b84d07,142.0,56.0
b185f43818b8ff3aba325752922bbbf37fd094f1e282887487651e0a5c8f6c7a,window_708,88.0,98.0,contrastive_embedding_neighbor,0.980026820842654,provisional_unverified,4975a35d789765b9299480af66d6a5af5166fef074cef80facbac97409b84d07,142.0,54.0
b185f43818b8ff3aba325752922bbbf37fd094f1e282887487651e0a5c8f6c7a,window_709,90.0,100.0,contrastive_embedding_neighbor,0.9897147647026644,provisional_unverified,8f799d59c9b5348ece1e5671692ea783d6d5e450ccebe31b6db9ad4f9510f8c5,68.0,22.0
b185f43818b8ff3aba325752922bbbf37fd094f1e282887487651e0a5c8f6c7a,window_710,92.0,102.0,contrastive_embedding_neighbor,0.9326760326971094,provisional_unverified,18385fe48224fbfa0cd6d17705d9305f857d70ef07b47b55502d04ff71359269,208.0,116.0
b185f43818b8ff3aba325752922bbbf37fd094f1e282887487651e0a5c8f6c7a,window_711,94.0,104.0,contrastive_embedding_neighbor,0.9593604504718698,provisional_unverified,8f799d59c9b5348ece1e5671692ea783d6d5e450ccebe31b6db9ad4f9510f8c5,72.0,22.0
b185f43818b8ff3aba325752922bbbf37fd094f1e282887487651e0a5c8f6c7a,window_712,96.0,106.0,contrastive_embedding_neighbor,0.992634768295416,provisional_unverified,8f799d59c9b5348ece1e5671692ea783d6d5e450ccebe31b6db9ad4f9510f8c5,74.0,22.0
b185f43818b8ff3aba325752922bbbf37fd094f1e282887487651e0a5c8f6c7a,window_713,98.0,108.0,contrastive_embedding_neighbor,0.9985072747115136,provisional_unverified,bace0e92b25324e8afbd0e5f6698b01a921780a2385e02419965fa97e3e796c4,228.0,130.0
b185f43818b8ff3aba325752922bbbf37fd094f1e282887487651e0a5c8f6c7a,window_714,100.0,110.0,contrastive_embedding_neighbor,0.9972243953286855,provisional_unverified,5c12d7b5eff374be805bae6c5e2906f6c02b6bc3ad6ba70d3674bafd4f16fc15,14.0,86.0
b185f43818b8ff3aba325752922bbbf37fd094f1e282887487651e0a5c8f6c7a,window_715,102.0,112.0,contrastive_embedding_neighbor,0.9675734370485679,provisional_unverified,db4d46d3c8abd3b8d2327e52a99599c63e7bd8ed5f1b122d3047d731fc6d2684,6.0,96.0
b185f43818b8ff3aba325752922bbbf37fd094f1e282887487651e0a5c8f6c7a,window_716,104.0,114.0,contrastive_embedding_neighbor,0.9667252516135488,provisional_unverified,8f799d59c9b5348ece1e5671692ea783d6d5e450ccebe31b6db9ad4f9510f8c5,90.0,14.0
b185f43818b8ff3aba325752922bbbf37fd094f1e282887487651e0a5c8f6c7a,window_717,106.0,116.0,contrastive_embedding_neighbor,0.9807072355398707,provisional_unverified,5c12d7b5eff374be805bae6c5e2906f6c02b6bc3ad6ba70d3674bafd4f16fc15,26.0,80.0
b185f43818b8ff3aba325752922bbbf37fd094f1e282887487651e0a5c8f6c7a,window_718,108.0,118.0,contrastive_embedding_neighbor,0.9839431696729454,provisional_unverified,5c12d7b5eff374be805bae6c5e2906f6c02b6bc3ad6ba70d3674bafd4f16fc15,26.0,82.0
b185f43818b8ff3aba325752922bbbf37fd094f1e282887487651e0a5c8f6c7a,window_719,110.0,120.0,contrastive_embedding_neighbor,0.9761276833660727,provisional_unverified,8f799d59c9b5348ece1e5671692ea783d6d5e450ccebe31b6db9ad4f9510f8c5,90.0,20.0
b185f43818b8ff3aba325752922bbbf37fd094f1e282887487651e0a5c8f6c7a,window_720,112.0,122.0,contrastive_embedding_neighbor,0.9066866409023663,provisional_unverified,9116cbf4be063f5be851f65778ddfb91d60bdd5aa52e7211426769a6b2ce6f86,410.0,298.0
b185f43818b8ff3aba325752922bbbf37fd094f1e282887487651e0a5c8f6c7a,window_721,114.0,124.0,contrastive_embedding_neighbor,0.9834904776688232,provisional_unverified,5c12d7b5eff374be805bae6c5e2906f6c02b6bc3ad6ba70d3674bafd4f16fc15,14.0,100.0
b439fc5983a3a0db22239d5dcf8cbebf9104a8b71a93c2afd75e75fe87301e46,window_722,0.0,10.0,contrastive_embedding_neighbor,0.9778235897199687,provisional_unverified,db4d46d3c8abd3b8d2327e52a99599c63e7bd8ed5f1b122d3047d731fc6d2684,6.0,6.0
bace0e92b25324e8afbd0e5f6698b01a921780a2385e02419965fa97e3e796c4,window_723,0.0,10.0,contrastive_embedding_neighbor,0.9779963483816752,provisional_unverified,bace0e92b25324e8afbd0e5f6698b01a921780a2385e02419965fa97e3e796c4,40.0,40.0
bace0e92b25324e8afbd0e5f6698b01a921780a2385e02419965fa97e3e796c4,window_724,2.0,12.0,contrastive_embedding_neighbor,0.9968354091616576,provisional_unverified,bace0e92b25324e8afbd0e5f6698b01a921780a2385e02419965fa97e3e796c4,40.0,38.0
bace0e92b25324e8afbd0e5f6698b01a921780a2385e02419965fa97e3e796c4,window_725,4.0,14.0,contrastive_embedding_neighbor,0.9987858416202204,provisional_unverified,bace0e92b25324e8afbd0e5f6698b01a921780a2385e02419965fa97e3e796c4,48.0,44.0
bace0e92b25324e8afbd0e5f6698b01a921780a2385e02419965fa97e3e796c4,window_726,6.0,16.0,contrastive_embedding_neighbor,0.9964470116089446,provisional_unverified,bace0e92b25324e8afbd0e5f6698b01a921780a2385e02419965fa97e3e796c4,68.0,62.0
bace0e92b25324e8afbd0e5f6698b01a921780a2385e02419965fa97e3e796c4,window_727,8.0,18.0,contrastive_embedding_neighbor,0.9966718833981253,provisional_unverified,bace0e92b25324e8afbd0e5f6698b01a921780a2385e02419965fa97e3e796c4,60.0,52.0
bace0e92b25324e8afbd0e5f6698b01a921780a2385e02419965fa97e3e796c4,window_728,10.0,20.0,contrastive_embedding_neighbor,0.9948730594167312,provisional_unverified,bace0e92b25324e8afbd0e5f6698b01a921780a2385e02419965fa97e3e796c4,60.0,50.0
bace0e92b25324e8afbd0e5f6698b01a921780a2385e02419965fa97e3e796c4,window_729,12.0,22.0,contrastive_embedding_neighbor,0.998340216671627,provisional_unverified,bace0e92b25324e8afbd0e5f6698b01a921780a2385e02419965fa97e3e796c4,66.0,54.0
bace0e92b25324e8afbd0e5f6698b01a921780a2385e02419965fa97e3e796c4,window_730,14.0,24.0,contrastive_embedding_neighbor,0.9979770607604178,provisional_unverified,bace0e92b25324e8afbd0e5f6698b01a921780a2385e02419965fa97e3e796c4,80.0,66.0
bace0e92b25324e8afbd0e5f6698b01a921780a2385e02419965fa97e3e796c4,window_731,16.0,26.0,contrastive_embedding_neighbor,0.99942356089524,provisional_unverified,bace0e92b25324e8afbd0e5f6698b01a921780a2385e02419965fa97e3e796c4,74.0,58.0
bace0e92b25324e8afbd0e5f6698b01a921780a2385e02419965fa97e3e796c4,window_732,18.0,28.0,contrastive_embedding_neighbor,0.9993612291568115,provisional_unverified,bace0e92b25324e8afbd0e5f6698b01a921780a2385e02419965fa97e3e796c4,80.0,62.0
bace0e92b25324e8afbd0e5f6698b01a921780a2385e02419965fa97e3e796c4,window_733,20.0,30.0,contrastive_embedding_neighbor,0.9980417523723623,provisional_unverified,bace0e92b25324e8afbd0e5f6698b01a921780a2385e02419965fa97e3e796c4,90.0,70.0
bace0e92b25324e8afbd0e5f6698b01a921780a2385e02419965fa97e3e796c4,window_734,22.0,32.0,contrastive_embedding_neighbor,0.9949809089783761,provisional_unverified,dc8bf44eb4cc0becf1c5ebe252a515c98193744c2031498501de80e036899758,152.0,130.0
bace0e92b25324e8afbd0e5f6698b01a921780a2385e02419965fa97e3e796c4,window_735,24.0,34.0,contrastive_embedding_neighbor,0.9745428210678939,provisional_unverified,bace0e92b25324e8afbd0e5f6698b01a921780a2385e02419965fa97e3e796c4,104.0,80.0
bace0e92b25324e8afbd0e5f6698b01a921780a2385e02419965fa97e3e796c4,window_736,26.0,36.0,contrastive_embedding_neighbor,0.9866250857750294,provisional_unverified,dc8bf44eb4cc0becf1c5ebe252a515c98193744c2031498501de80e036899758,152.0,126.0
bace0e92b25324e8afbd0e5f6698b01a921780a2385e02419965fa97e3e796c4,window_737,28.0,38.0,contrastive_embedding_neighbor,0.9847378840157447,provisional_unverified,dc8bf44eb4cc0becf1c5ebe252a515c98193744c2031498501de80e036899758,152.0,124.0
bace0e92b25324e8afbd0e5f6698b01a921780a2385e02419965fa97e3e796c4,window_738,30.0,40.0,contrastive_embedding_neighbor,0.9829734459004271,provisional_unverified,dc8bf44eb4cc0becf1c5ebe252a515c98193744c2031498501de80e036899758,152.0,122.0
bace0e92b25324e8afbd0e5f6698b01a921780a2385e02419965fa97e3e796c4,window_739,32.0,42.0,contrastive_embedding_neighbor,0.9480740081009674,provisional_unverified,dc8bf44eb4cc0becf1c5ebe252a515c98193744c2031498501de80e036899758,68.0,36.0
bace0e92b25324e8afbd0e5f6698b01a921780a2385e02419965fa97e3e796c4,window_740,34.0,44.0,contrastive_embedding_neighbor,0.9809169236787868,provisional_unverified,4975a35d789765b9299480af66d6a5af5166fef074cef80facbac97409b84d07,174.0,140.0
bace0e92b25324e8afbd0e5f6698b01a921780a2385e02419965fa97e3e796c4,window_741,36.0,46.0,contrastive_embedding_neighbor,0.9810216279288613,provisional_unverified,bace0e92b25324e8afbd0e5f6698b01a921780a2385e02419965fa97e3e796c4,2.0,34.0
bace0e92b25324e8afbd0e5f6698b01a921780a2385e02419965fa97e3e796c4,window_742,38.0,48.0,contrastive_embedding_neighbor,0.9920438881908057,provisional_unverified,bace0e92b25324e8afbd0e5f6698b01a921780a2385e02419965fa97e3e796c4,2.0,36.0
bace0e92b25324e8afbd0e5f6698b01a921780a2385e02419965fa97e3e796c4,window_743,40.0,50.0,contrastive_embedding_neighbor,0.9968354091616576,provisional_unverified,bace0e92b25324e8afbd0e5f6698b01a921780a2385e02419965fa97e3e796c4,2.0,38.0
bace0e92b25324e8afbd0e5f6698b01a921780a2385e02419965fa97e3e796c4,window_744,42.0,52.0,contrastive_embedding_neighbor,0.9953777604816838,provisional_unverified,bace0e92b25324e8afbd0e5f6698b01a921780a2385e02419965fa97e3e796c4,102.0,60.0
bace0e92b25324e8afbd0e5f6698b01a921780a2385e02419965fa97e3e796c4,window_745,44.0,54.0,contrastive_embedding_neighbor,0.9981955740810534,provisional_unverified,bace0e92b25324e8afbd0e5f6698b01a921780a2385e02419965fa97e3e796c4,102.0,58.0
bace0e92b25324e8afbd0e5f6698b01a921780a2385e02419965fa97e3e796c4,window_746,46.0,56.0,contrastive_embedding_neighbor,0.998283882557339,provisional_unverified,bace0e92b25324e8afbd0e5f6698b01a921780a2385e02419965fa97e3e796c4,4.0,42.0
bace0e92b25324e8afbd0e5f6698b01a921780a2385e02419965fa97e3e796c4,window_747,48.0,58.0,contrastive_embedding_neighbor,0.9988341053955887,provisional_unverified,bace0e92b25324e8afbd0e5f6698b01a921780a2385e02419965fa97e3e796c4,90.0,42.0
bace0e92b25324e8afbd0e5f6698b01a921780a2385e02419965fa97e3e796c4,window_748,50.0,60.0,contrastive_embedding_neighbor,0.9986340021312456,provisional_unverified,bace0e92b25324e8afbd0e5f6698b01a921780a2385e02419965fa97e3e796c4,84.0,34.0
bace0e92b25324e8afbd0e5f6698b01a921780a2385e02419965fa97e3e796c4,window_749,52.0,62.0,contrastive_embedding_neighbor,0.9982771904290827,provisional_unverified,bace0e92b25324e8afbd0e5f6698b01a921780a2385e02419965fa97e3e796c4,82.0,30.0
bace0e92b25324e8afbd0e5f6698b01a921780a2385e02419965fa97e3e796c4,window_750,54.0,64.0,contrastive_embedding_neighbor,0.9989004674291485,provisional_unverified,bace0e92b25324e8afbd0e5f6698b01a921780a2385e02419965fa97e3e796c4,82.0,28.0
bace0e92b25324e8afbd0e5f6698b01a921780a2385e02419965fa97e3e796c4,window_751,56.0,66.0,contrastive_embedding_neighbor,0.994629370745692,provisional_unverified,bace0e92b25324e8afbd0e5f6698b01a921780a2385e02419965fa97e3e796c4,82.0,26.0
bace0e92b25324e8afbd0e5f6698b01a921780a2385e02419965fa97e3e796c4,window_752,58.0,68.0,contrastive_embedding_neighbor,0.9864434157927973,provisional_unverified,bace0e92b25324e8afbd0e5f6698b01a921780a2385e02419965fa97e3e796c4,84.0,26.0
bace0e92b25324e8afbd0e5f6698b01a921780a2385e02419965fa97e3e796c4,window_753,60.0,70.0,contrastive_embedding_neighbor,0.9981387248415503,provisional_unverified,bace0e92b25324e8afbd0e5f6698b01a921780a2385e02419965fa97e3e796c4,12.0,48.0
bace0e92b25324e8afbd0e5f6698b01a921780a2385e02419965fa97e3e796c4,window_754,62.0,72.0,contrastive_embedding_neighbor,0.9851619081073085,provisional_unverified,dc8bf44eb4cc0becf1c5ebe252a515c98193744c2031498501de80e036899758,156.0,94.0
bace0e92b25324e8afbd0e5f6698b01a921780a2385e02419965fa97e3e796c4,window_755,64.0,74.0,contrastive_embedding_neighbor,0.986892391263323,provisional_unverified,bace0e92b25324e8afbd0e5f6698b01a921780a2385e02419965fa97e3e796c4,12.0,52.0
bace0e92b25324e8afbd0e5f6698b01a921780a2385e02419965fa97e3e796c4,window_756,66.0,76.0,contrastive_embedding_neighbor,0.998340216671627,provisional_unverified,bace0e92b25324e8afbd0e5f6698b01a921780a2385e02419965fa97e3e796c4,12.0,54.0
bace0e92b25324e8afbd0e5f6698b01a921780a2385e02419965fa97e3e796c4,window_757,68.0,78.0,contrastive_embedding_neighbor,0.9981415026822127,provisional_unverified,bace0e92b25324e8afbd0e5f6698b01a921780a2385e02419965fa97e3e796c4,12.0,56.0
bace0e92b25324e8afbd0e5f6698b01a921780a2385e02419965fa97e3e796c4,window_758,70.0,80.0,contrastive_embedding_neighbor,0.9986018982732421,provisional_unverified,bace0e92b25324e8afbd0e5f6698b01a921780a2385e02419965fa97e3e796c4,90.0,20.0
bace0e92b25324e8afbd0e5f6698b01a921780a2385e02419965fa97e3e796c4,window_759,72.0,82.0,contrastive_embedding_neighbor,0.9993419774884021,provisional_unverified,bace0e92b25324e8afbd0e5f6698b01a921780a2385e02419965fa97e3e796c4,94.0,22.0
bace0e92b25324e8afbd0e5f6698b01a921780a2385e02419965fa97e3e796c4,window_760,74.0,84.0,contrastive_embedding_neighbor,0.99942356089524,provisional_unverified,bace0e92b25324e8afbd0e5f6698b01a921780a2385e02419965fa97e3e796c4,16.0,58.0
bace0e92b25324e8afbd0e5f6698b01a921780a2385e02419965fa97e3e796c4,window_761,76.0,86.0,contrastive_embedding_neighbor,0.9994697689548915,provisional_unverified,bace0e92b25324e8afbd0e5f6698b01a921780a2385e02419965fa97e3e796c4,94.0,18.0
bace0e92b25324e8afbd0e5f6698b01a921780a2385e02419965fa97e3e796c4,window_762,78.0,88.0,contrastive_embedding_neighbor,0.999765216556912,provisional_unverified,bace0e92b25324e8afbd0e5f6698b01a921780a2385e02419965fa97e3e796c4,94.0,16.0
bace0e92b25324e8afbd0e5f6698b01a921780a2385e02419965fa97e3e796c4,window_763,80.0,90.0,contrastive_embedding_neighbor,0.9993612291568115,provisional_unverified,bace0e92b25324e8afbd0e5f6698b01a921780a2385e02419965fa97e3e796c4,18.0,62.0
bace0e92b25324e8afbd0e5f6698b01a921780a2385e02419965fa97e3e796c4,window_764,82.0,92.0,contrastive_embedding_neighbor,0.9989004674291485,provisional_unverified,bace0e92b25324e8afbd0e5f6698b01a921780a2385e02419965fa97e3e796c4,54.0,28.0
bace0e92b25324e8afbd0e5f6698b01a921780a2385e02419965fa97e3e796c4,window_765,84.0,94.0,contrastive_embedding_neighbor,0.9986340021312456,provisional_unverified,bace0e92b25324e8afbd0e5f6698b01a921780a2385e02419965fa97e3e796c4,50.0,34.0
bace0e92b25324e8afbd0e5f6698b01a921780a2385e02419965fa97e3e796c4,window_766,86.0,96.0,contrastive_embedding_neighbor,0.9983635339781733,provisional_unverified,bace0e92b25324e8afbd0e5f6698b01a921780a2385e02419965fa97e3e796c4,50.0,36.0
bace0e92b25324e8afbd0e5f6698b01a921780a2385e02419965fa97e3e796c4,window_767,88.0,98.0,contrastive_embedding_neighbor,0.9986185372626649,provisional_unverified,bace0e92b25324e8afbd0e5f6698b01a921780a2385e02419965fa97e3e796c4,54.0,34.0
bace0e92b25324e8afbd0e5f6698b01a921780a2385e02419965fa97e3e796c4,window_768,90.0,100.0,contrastive_embedding_neighbor,0.9988341053955887,provisional_unverified,bace0e92b25324e8afbd0e5f6698b01a921780a2385e02419965fa97e3e796c4,48.0,42.0
bace0e92b25324e8afbd0e5f6698b01a921780a2385e02419965fa97e3e796c4,window_769,92.0,102.0,contrastive_embedding_neighbor,0.9966840835176143,provisional_unverified,bace0e92b25324e8afbd0e5f6698b01a921780a2385e02419965fa97e3e796c4,76.0,16.0
bace0e92b25324e8afbd0e5f6698b01a921780a2385e02419965fa97e3e796c4,window_770,94.0,104.0,contrastive_embedding_neighbor,0.999765216556912,provisional_unverified,bace0e92b25324e8afbd0e5f6698b01a921780a2385e02419965fa97e3e796c4,78.0,16.0
bace0e92b25324e8afbd0e5f6698b01a921780a2385e02419965fa97e3e796c4,window_771,96.0,106.0,contrastive_embedding_neighbor,0.9992429996378153,provisional_unverified,bace0e92b25324e8afbd0e5f6698b01a921780a2385e02419965fa97e3e796c4,78.0,18.0
bace0e92b25324e8afbd0e5f6698b01a921780a2385e02419965fa97e3e796c4,window_772,98.0,108.0,contrastive_embedding_neighbor,0.9989978428017721,provisional_unverified,bace0e92b25324e8afbd0e5f6698b01a921780a2385e02419965fa97e3e796c4,80.0,18.0
bace0e92b25324e8afbd0e5f6698b01a921780a2385e02419965fa97e3e796c4,window_773,100.0,110.0,contrastive_embedding_neighbor,0.9985742700945088,provisional_unverified,bace0e92b25324e8afbd0e5f6698b01a921780a2385e02419965fa97e3e796c4,78.0,22.0
bace0e92b25324e8afbd0e5f6698b01a921780a2385e02419965fa97e3e796c4,window_774,102.0,112.0,contrastive_embedding_neighbor,0.9981955740810534,provisional_unverified,bace0e92b25324e8afbd0e5f6698b01a921780a2385e02419965fa97e3e796c4,44.0,58.0
bace0e92b25324e8afbd0e5f6698b01a921780a2385e02419965fa97e3e796c4,window_775,104.0,114.0,contrastive_embedding_neighbor,0.9909189006900918,provisional_unverified,bace0e92b25324e8afbd0e5f6698b01a921780a2385e02419965fa97e3e796c4,22.0,82.0
bace0e92b25324e8afbd0e5f6698b01a921780a2385e02419965fa97e3e796c4,window_776,106.0,116.0,contrastive_embedding_neighbor,0.9603651132874423,provisional_unverified,18385fe48224fbfa0cd6d17705d9305f857d70ef07b47b55502d04ff71359269,126.0,20.0
bace0e92b25324e8afbd0e5f6698b01a921780a2385e02419965fa97e3e796c4,window_777,108.0,118.0,contrastive_embedding_neighbor,0.959965187435926,provisional_unverified,bace0e92b25324e8afbd0e5f6698b01a921780a2385e02419965fa97e3e796c4,24.0,84.0
bace0e92b25324e8afbd0e5f6698b01a921780a2385e02419965fa97e3e796c4,window_778,110.0,120.0,contrastive_embedding_neighbor,0.9127940793472983,provisional_unverified,b185f43818b8ff3aba325752922bbbf37fd094f1e282887487651e0a5c8f6c7a,4.0,106.0
bace0e92b25324e8afbd0e5f6698b01a921780a2385e02419965fa97e3e796c4,window_779,112.0,122.0,contrastive_embedding_neighbor,0.9148858755537806,provisional_unverified,b185f43818b8ff3aba325752922bbbf37fd094f1e282887487651e0a5c8f6c7a,4.0,108.0
bace0e92b25324e8afbd0e5f6698b01a921780a2385e02419965fa97e3e796c4,window_780,114.0,124.0,contrastive_embedding_neighbor,0.8735451228113668,provisional_unverified,b185f43818b8ff3aba325752922bbbf37fd094f1e282887487651e0a5c8f6c7a,6.0,108.0
bace0e92b25324e8afbd0e5f6698b01a921780a2385e02419965fa97e3e796c4,window_781,116.0,126.0,contrastive_embedding_neighbor,0.9509053424384345,provisional_unverified,4975a35d789765b9299480af66d6a5af5166fef074cef80facbac97409b84d07,168.0,52.0
bace0e92b25324e8afbd0e5f6698b01a921780a2385e02419965fa97e3e796c4,window_782,118.0,128.0,contrastive_embedding_neighbor,0.9022550220201085,provisional_unverified,bace0e92b25324e8afbd0e5f6698b01a921780a2385e02419965fa97e3e796c4,34.0,84.0
bace0e92b25324e8afbd0e5f6698b01a921780a2385e02419965fa97e3e796c4,window_783,120.0,130.0,contrastive_embedding_neighbor,0.9922247890277656,provisional_unverified,bace0e92b25324e8afbd0e5f6698b01a921780a2385e02419965fa97e3e796c4,46.0,74.0
bace0e92b25324e8afbd0e5f6698b01a921780a2385e02419965fa97e3e796c4,window_784,122.0,132.0,contrastive_embedding_neighbor,0.9891332323504297,provisional_unverified,bace0e92b25324e8afbd0e5f6698b01a921780a2385e02419965fa97e3e796c4,86.0,36.0
bace0e92b25324e8afbd0e5f6698b01a921780a2385e02419965fa97e3e796c4,window_785,124.0,134.0,contrastive_embedding_neighbor,0.9929287338399965,provisional_unverified,dc8bf44eb4cc0becf1c5ebe252a515c98193744c2031498501de80e036899758,134.0,10.0
bace0e92b25324e8afbd0e5f6698b01a921780a2385e02419965fa97e3e796c4,window_786,126.0,136.0,contrastive_embedding_neighbor,0.9945651264010835,provisional_unverified,dc8bf44eb4cc0becf1c5ebe252a515c98193744c2031498501de80e036899758,134.0,8.0
bace0e92b25324e8afbd0e5f6698b01a921780a2385e02419965fa97e3e796c4,window_787,128.0,138.0,contrastive_embedding_neighbor,0.945804255956076,provisional_unverified,bace0e92b25324e8afbd0e5f6698b01a921780a2385e02419965fa97e3e796c4,108.0,20.0
bace0e92b25324e8afbd0e5f6698b01a921780a2385e02419965fa97e3e796c4,window_788,130.0,140.0,contrastive_embedding_neighbor,0.9336000493290387,provisional_unverified,27937681c8199780c6cbce603f217d5a4457c351e84fa3cd7cfc62bfd270c550,54.0,76.0
bace0e92b25324e8afbd0e5f6698b01a921780a2385e02419965fa97e3e796c4,window_789,132.0,142.0,contrastive_embedding_neighbor,0.9301102133979786,provisional_unverified,bace0e92b25324e8afbd0e5f6698b01a921780a2385e02419965fa97e3e796c4,108.0,24.0
bace0e92b25324e8afbd0e5f6698b01a921780a2385e02419965fa97e3e796c4,window_790,134.0,144.0,contrastive_embedding_neighbor,0.9949514517592116,provisional_unverified,27937681c8199780c6cbce603f217d5a4457c351e84fa3cd7cfc62bfd270c550,126.0,8.0
bace0e92b25324e8afbd0e5f6698b01a921780a2385e02419965fa97e3e796c4,window_791,136.0,146.0,contrastive_embedding_neighbor,0.9958380137826038,provisional_unverified,b185f43818b8ff3aba325752922bbbf37fd094f1e282887487651e0a5c8f6c7a,12.0,124.0
bace0e92b25324e8afbd0e5f6698b01a921780a2385e02419965fa97e3e796c4,window_792,138.0,148.0,contrastive_embedding_neighbor,0.9748295238453387,provisional_unverified,b185f43818b8ff3aba325752922bbbf37fd094f1e282887487651e0a5c8f6c7a,12.0,126.0
bace0e92b25324e8afbd0e5f6698b01a921780a2385e02419965fa97e3e796c4,window_793,140.0,150.0,contrastive_embedding_neighbor,0.9159381117585784,provisional_unverified,9116cbf4be063f5be851f65778ddfb91d60bdd5aa52e7211426769a6b2ce6f86,76.0,64.0
bace0e92b25324e8afbd0e5f6698b01a921780a2385e02419965fa97e3e796c4,window_794,142.0,152.0,contrastive_embedding_neighbor,0.9295076338524061,provisional_unverified,9116cbf4be063f5be851f65778ddfb91d60bdd5aa52e7211426769a6b2ce6f86,78.0,64.0
bace0e92b25324e8afbd0e5f6698b01a921780a2385e02419965fa97e3e796c4,window_795,144.0,154.0,contrastive_embedding_neighbor,0.9502870116553375,provisional_unverified,9116cbf4be063f5be851f65778ddfb91d60bdd5aa52e7211426769a6b2ce6f86,80.0,64.0
bace0e92b25324e8afbd0e5f6698b01a921780a2385e02419965fa97e3e796c4,window_796,146.0,156.0,contrastive_embedding_neighbor,0.9772734515538256,provisional_unverified,9116cbf4be063f5be851f65778ddfb91d60bdd5aa52e7211426769a6b2ce6f86,134.0,12.0
bace0e92b25324e8afbd0e5f6698b01a921780a2385e02419965fa97e3e796c4,window_797,148.0,158.0,contrastive_embedding_neighbor,0.9668251798242666,provisional_unverified,9116cbf4be063f5be851f65778ddfb91d60bdd5aa52e7211426769a6b2ce6f86,116.0,32.0
bace0e92b25324e8afbd0e5f6698b01a921780a2385e02419965fa97e3e796c4,window_798,150.0,160.0,contrastive_embedding_neighbor,0.9752963209893123,provisional_unverified,b185f43818b8ff3aba325752922bbbf37fd094f1e282887487651e0a5c8f6c7a,24.0,126.0
bace0e92b25324e8afbd0e5f6698b01a921780a2385e02419965fa97e3e796c4,window_799,152.0,162.0,contrastive_embedding_neighbor,0.9873514444696956,provisional_unverified,b185f43818b8ff3aba325752922bbbf37fd094f1e282887487651e0a5c8f6c7a,26.0,126.0
bace0e92b25324e8afbd0e5f6698b01a921780a2385e02419965fa97e3e796c4,window_800,154.0,164.0,contrastive_embedding_neighbor,0.9719014137550939,provisional_unverified,18385fe48224fbfa0cd6d17705d9305f857d70ef07b47b55502d04ff71359269,142.0,12.0
bace0e92b25324e8afbd0e5f6698b01a921780a2385e02419965fa97e3e796c4,window_801,156.0,166.0,contrastive_embedding_neighbor,0.9712888146208011,provisional_unverified,b185f43818b8ff3aba325752922bbbf37fd094f1e282887487651e0a5c8f6c7a,26.0,130.0
bace0e92b25324e8afbd0e5f6698b01a921780a2385e02419965fa97e3e796c4,window_802,158.0,168.0,contrastive_embedding_neighbor,0.9495903324784186,provisional_unverified,8f799d59c9b5348ece1e5671692ea783d6d5e450ccebe31b6db9ad4f9510f8c5,14.0,144.0
bace0e92b25324e8afbd0e5f6698b01a921780a2385e02419965fa97e3e796c4,window_803,160.0,170.0,contrastive_embedding_neighbor,0.9588027825720917,provisional_unverified,b185f43818b8ff3aba325752922bbbf37fd094f1e282887487651e0a5c8f6c7a,54.0,106.0
bace0e92b25324e8afbd0e5f6698b01a921780a2385e02419965fa97e3e796c4,window_804,162.0,172.0,contrastive_embedding_neighbor,0.9678979189517473,provisional_unverified,8f799d59c9b5348ece1e5671692ea783d6d5e450ccebe31b6db9ad4f9510f8c5,28.0,134.0
bace0e92b25324e8afbd0e5f6698b01a921780a2385e02419965fa97e3e796c4,window_805,164.0,174.0,contrastive_embedding_neighbor,0.9816876643890108,provisional_unverified,27937681c8199780c6cbce603f217d5a4457c351e84fa3cd7cfc62bfd270c550,176.0,12.0
bace0e92b25324e8afbd0e5f6698b01a921780a2385e02419965fa97e3e796c4,window_806,166.0,176.0,contrastive_embedding_neighbor,0.9834977398353937,provisional_unverified,4975a35d789765b9299480af66d6a5af5166fef074cef80facbac97409b84d07,124.0,42.0
bace0e92b25324e8afbd0e5f6698b01a921780a2385e02419965fa97e3e796c4,window_807,168.0,178.0,contrastive_embedding_neighbor,0.9850963706633845,provisional_unverified,18385fe48224fbfa0cd6d17705d9305f857d70ef07b47b55502d04ff71359269,154.0,14.0
bace0e92b25324e8afbd0e5f6698b01a921780a2385e02419965fa97e3e796c4,window_808,170.0,180.0,contrastive_embedding_neighbor,0.9714083307390232,provisional_unverified,18385fe48224fbfa0cd6d17705d9305f857d70ef07b47b55502d04ff71359269,154.0,16.0
bace0e92b25324e8afbd0e5f6698b01a921780a2385e02419965fa97e3e796c4,window_809,172.0,182.0,contrastive_embedding_neighbor,0.9721860559901018,provisional_unverified,9116cbf4be063f5be851f65778ddfb91d60bdd5aa52e7211426769a6b2ce6f86,362.0,190.0
bace0e92b25324e8afbd0e5f6698b01a921780a2385e02419965fa97e3e796c4,window_810,174.0,184.0,contrastive_embedding_neighbor,0.9979037340221432,provisional_unverified,18385fe48224fbfa0cd6d17705d9305f857d70ef07b47b55502d04ff71359269,138.0,36.0
bace0e92b25324e8afbd0e5f6698b01a921780a2385e02419965fa97e3e796c4,window_811,176.0,186.0,contrastive_embedding_neighbor,0.9694216816642192,provisional_unverified,4975a35d789765b9299480af66d6a5af5166fef074cef80facbac97409b84d07,106.0,70.0
bace0e92b25324e8afbd0e5f6698b01a921780a2385e02419965fa97e3e796c4,window_812,178.0,188.0,contrastive_embedding_neighbor,0.9697104497127957,provisional_unverified,9116cbf4be063f5be851f65778ddfb91d60bdd5aa52e7211426769a6b2ce6f86,338.0,160.0
bace0e92b25324e8afbd0e5f6698b01a921780a2385e02419965fa97e3e796c4,window_813,180.0,190.0,contrastive_embedding_neighbor,0.988536946121963,provisional_unverified,9116cbf4be063f5be851f65778ddfb91d60bdd5aa52e7211426769a6b2ce6f86,104.0,76.0
bace0e92b25324e8afbd0e5f6698b01a921780a2385e02419965fa97e3e796c4,window_814,182.0,192.0,contrastive_embedding_neighbor,0.9802204460860775,provisional_unverified,4975a35d789765b9299480af66d6a5af5166fef074cef80facbac97409b84d07,112.0,70.0
bace0e92b25324e8afbd0e5f6698b01a921780a2385e02419965fa97e3e796c4,window_815,184.0,194.0,contrastive_embedding_neighbor,0.9868436721789489,provisional_unverified,9116cbf4be063f5be851f65778ddfb91d60bdd5aa52e7211426769a6b2ce6f86,368.0,184.0
bace0e92b25324e8afbd0e5f6698b01a921780a2385e02419965fa97e3e796c4,window_816,186.0,196.0,contrastive_embedding_neighbor,0.9942967998361718,provisional_unverified,9116cbf4be063f5be851f65778ddfb91d60bdd5aa52e7211426769a6b2ce6f86,114.0,72.0
bace0e92b25324e8afbd0e5f6698b01a921780a2385e02419965fa97e3e796c4,window_817,188.0,198.0,contrastive_embedding_neighbor,0.9875229964503883,provisional_unverified,9116cbf4be063f5be851f65778ddfb91d60bdd5aa52e7211426769a6b2ce6f86,116.0,72.0
bace0e92b25324e8afbd0e5f6698b01a921780a2385e02419965fa97e3e796c4,window_818,190.0,200.0,contrastive_embedding_neighbor,0.961801767824286,provisional_unverified,4975a35d789765b9299480af66d6a5af5166fef074cef80facbac97409b84d07,82.0,108.0
bace0e92b25324e8afbd0e5f6698b01a921780a2385e02419965fa97e3e796c4,window_819,192.0,202.0,contrastive_embedding_neighbor,0.9696433988495512,provisional_unverified,9116cbf4be063f5be851f65778ddfb91d60bdd5aa52e7211426769a6b2ce6f86,112.0,80.0
bace0e92b25324e8afbd0e5f6698b01a921780a2385e02419965fa97e3e796c4,window_820,194.0,204.0,contrastive_embedding_neighbor,0.9556991701436806,provisional_unverified,18385fe48224fbfa0cd6d17705d9305f857d70ef07b47b55502d04ff71359269,136.0,58.0
bace0e92b25324e8afbd0e5f6698b01a921780a2385e02419965fa97e3e796c4,window_821,196.0,206.0,contrastive_embedding_neighbor,0.9966977108809307,provisional_unverified,18385fe48224fbfa0cd6d17705d9305f857d70ef07b47b55502d04ff71359269,170.0,26.0
bace0e92b25324e8afbd0e5f6698b01a921780a2385e02419965fa97e3e796c4,window_822,198.0,208.0,contrastive_embedding_neighbor,0.9425936282122243,provisional_unverified,4975a35d789765b9299480af66d6a5af5166fef074cef80facbac97409b84d07,110.0,88.0
bace0e92b25324e8afbd0e5f6698b01a921780a2385e02419965fa97e3e796c4,window_823,200.0,210.0,contrastive_embedding_neighbor,0.9695671254391222,provisional_unverified,18385fe48224fbfa0cd6d17705d9305f857d70ef07b47b55502d04ff71359269,188.0,12.0
bace0e92b25324e8afbd0e5f6698b01a921780a2385e02419965fa97e3e796c4,window_824,202.0,212.0,contrastive_embedding_neighbor,0.9834107030360095,provisional_unverified,9116cbf4be063f5be851f65778ddfb91d60bdd5aa52e7211426769a6b2ce6f86,144.0,58.0
bace0e92b25324e8afbd0e5f6698b01a921780a2385e02419965fa97e3e796c4,window_825,204.0,214.0,contrastive_embedding_neighbor,0.9940002514817836,provisional_unverified,18385fe48224fbfa0cd6d17705d9305f857d70ef07b47b55502d04ff71359269,190.0,14.0
bace0e92b25324e8afbd0e5f6698b01a921780a2385e02419965fa97e3e796c4,window_826,206.0,216.0,contrastive_embedding_neighbor,0.9858219504065502,provisional_unverified,18385fe48224fbfa0cd6d17705d9305f857d70ef07b47b55502d04ff71359269,194.0,12.0
bace0e92b25324e8afbd0e5f6698b01a921780a2385e02419965fa97e3e796c4,window_827,208.0,218.0,contrastive_embedding_neighbor,0.9757724955588399,provisional_unverified,4975a35d789765b9299480af66d6a5af5166fef074cef80facbac97409b84d07,86.0,122.0
bace0e92b25324e8afbd0e5f6698b01a921780a2385e02419965fa97e3e796c4,window_828,210.0,220.0,contrastive_embedding_neighbor,0.9656395519318404,provisional_unverified,8f799d59c9b5348ece1e5671692ea783d6d5e450ccebe31b6db9ad4f9510f8c5,30.0,180.0
bace0e92b25324e8afbd0e5f6698b01a921780a2385e02419965fa97e3e796c4,window_829,212.0,222.0,contrastive_embedding_neighbor,0.9797015095149573,provisional_unverified,4975a35d789765b9299480af66d6a5af5166fef074cef80facbac97409b84d07,96.0,116.0
bace0e92b25324e8afbd0e5f6698b01a921780a2385e02419965fa97e3e796c4,window_830,214.0,224.0,contrastive_embedding_neighbor,0.966601934037173,provisional_unverified,18385fe48224fbfa0cd6d17705d9305f857d70ef07b47b55502d04ff71359269,150.0,64.0
bace0e92b25324e8afbd0e5f6698b01a921780a2385e02419965fa97e3e796c4,window_831,216.0,226.0,contrastive_embedding_neighbor,0.987230980415806,provisional_unverified,4975a35d789765b9299480af66d6a5af5166fef074cef80facbac97409b84d07,142.0,74.0
bace0e92b25324e8afbd0e5f6698b01a921780a2385e02419965fa97e3e796c4,window_832,218.0,228.0,contrastive_embedding_neighbor,0.9812707780605544,provisional_unverified,18385fe48224fbfa0cd6d17705d9305f857d70ef07b47b55502d04ff71359269,204.0,14.0
bace0e92b25324e8afbd0e5f6698b01a921780a2385e02419965fa97e3e796c4,window_833,220.0,230.0,contrastive_embedding_neighbor,0.9594237391264188,provisional_unverified,18385fe48224fbfa0cd6d17705d9305f857d70ef07b47b55502d04ff71359269,206.0,14.0
bace0e92b25324e8afbd0e5f6698b01a921780a2385e02419965fa97e3e796c4,window_834,222.0,232.0,contrastive_embedding_neighbor,0.9296720308413452,provisional_unverified,18385fe48224fbfa0cd6d17705d9305f857d70ef07b47b55502d04ff71359269,208.0,14.0
bace0e92b25324e8afbd0e5f6698b01a921780a2385e02419965fa97e3e796c4,window_835,224.0,234.0,contrastive_embedding_neighbor,0.9405793876279546,provisional_unverified,18385fe48224fbfa0cd6d17705d9305f857d70ef07b47b55502d04ff71359269,210.0,14.0
bace0e92b25324e8afbd0e5f6698b01a921780a2385e02419965fa97e3e796c4,window_836,226.0,236.0,contrastive_embedding_neighbor,0.994627085991493,provisional_unverified,18385fe48224fbfa0cd6d17705d9305f857d70ef07b47b55502d04ff71359269,212.0,14.0
bace0e92b25324e8afbd0e5f6698b01a921780a2385e02419965fa97e3e796c4,window_837,228.0,238.0,contrastive_embedding_neighbor,0.9985072747115136,provisional_unverified,b185f43818b8ff3aba325752922bbbf37fd094f1e282887487651e0a5c8f6c7a,98.0,130.0
bace0e92b25324e8afbd0e5f6698b01a921780a2385e02419965fa97e3e796c4,window_838,230.0,240.0,contrastive_embedding_neighbor,0.9956281026606626,provisional_unverified,b185f43818b8ff3aba325752922bbbf37fd094f1e282887487651e0a5c8f6c7a,100.0,130.0
bace0e92b25324e8afbd0e5f6698b01a921780a2385e02419965fa97e3e796c4,window_839,232.0,242.0,contrastive_embedding_neighbor,0.9797008192554703,provisional_unverified,db4d46d3c8abd3b8d2327e52a99599c63e7bd8ed5f1b122d3047d731fc6d2684,4.0,228.0
c3c503093a73b359d513d025d9185c7ada423099650828cbd4fdba12d1d7aafc,window_840,0.0,10.0,contrastive_embedding_neighbor,0.9597409312506779,provisional_unverified,5c12d7b5eff374be805bae6c5e2906f6c02b6bc3ad6ba70d3674bafd4f16fc15,78.0,78.0
c3c503093a73b359d513d025d9185c7ada423099650828cbd4fdba12d1d7aafc,window_841,2.0,12.0,contrastive_embedding_neighbor,0.9711040842186477,provisional_unverified,5c12d7b5eff374be805bae6c5e2906f6c02b6bc3ad6ba70d3674bafd4f16fc15,52.0,50.0
c3c503093a73b359d513d025d9185c7ada423099650828cbd4fdba12d1d7aafc,window_842,4.0,14.0,contrastive_embedding_neighbor,0.9616947616793403,provisional_unverified,5c12d7b5eff374be805bae6c5e2906f6c02b6bc3ad6ba70d3674bafd4f16fc15,52.0,48.0
c3c503093a73b359d513d025d9185c7ada423099650828cbd4fdba12d1d7aafc,window_843,6.0,16.0,contrastive_embedding_neighbor,0.9105096831134089,provisional_unverified,9116cbf4be063f5be851f65778ddfb91d60bdd5aa52e7211426769a6b2ce6f86,432.0,426.0
c3c503093a73b359d513d025d9185c7ada423099650828cbd4fdba12d1d7aafc,window_844,8.0,18.0,contrastive_embedding_neighbor,0.9083083675290277,provisional_unverified,9116cbf4be063f5be851f65778ddfb91d60bdd5aa52e7211426769a6b2ce6f86,432.0,424.0
c3c503093a73b359d513d025d9185c7ada423099650828cbd4fdba12d1d7aafc,window_845,10.0,20.0,contrastive_embedding_neighbor,0.9208689139386544,provisional_unverified,9116cbf4be063f5be851f65778ddfb91d60bdd5aa52e7211426769a6b2ce6f86,432.0,422.0
db4d46d3c8abd3b8d2327e52a99599c63e7bd8ed5f1b122d3047d731fc6d2684,window_846,0.0,10.0,contrastive_embedding_neighbor,0.9705059802142114,provisional_unverified,7208a43e77536a72e401c00f01a793130fb6688d28fb8080941e14cc5752b0ca,0.0,0.0
db4d46d3c8abd3b8d2327e52a99599c63e7bd8ed5f1b122d3047d731fc6d2684,window_847,2.0,12.0,contrastive_embedding_neighbor,0.959894137678643,provisional_unverified,b185f43818b8ff3aba325752922bbbf37fd094f1e282887487651e0a5c8f6c7a,114.0,112.0
db4d46d3c8abd3b8d2327e52a99599c63e7bd8ed5f1b122d3047d731fc6d2684,window_848,4.0,14.0,contrastive_embedding_neighbor,0.9797008192554703,provisional_unverified,bace0e92b25324e8afbd0e5f6698b01a921780a2385e02419965fa97e3e796c4,232.0,228.0
db4d46d3c8abd3b8d2327e52a99599c63e7bd8ed5f1b122d3047d731fc6d2684,window_849,6.0,16.0,contrastive_embedding_neighbor,0.9778235897199687,provisional_unverified,b439fc5983a3a0db22239d5dcf8cbebf9104a8b71a93c2afd75e75fe87301e46,0.0,6.0
db4d46d3c8abd3b8d2327e52a99599c63e7bd8ed5f1b122d3047d731fc6d2684,window_850,8.0,18.0,contrastive_embedding_neighbor,0.9615384952653567,provisional_unverified,6732a35a8f6343dcf041f1a3ad40d6760331513a2556c4fae4eea6cd59da89b2,6.0,2.0
db4d46d3c8abd3b8d2327e52a99599c63e7bd8ed5f1b122d3047d731fc6d2684,window_851,10.0,20.0,contrastive_embedding_neighbor,0.9665428033612147,provisional_unverified,6732a35a8f6343dcf041f1a3ad40d6760331513a2556c4fae4eea6cd59da89b2,4.0,6.0
dc8bf44eb4cc0becf1c5ebe252a515c98193744c2031498501de80e036899758,window_852,0.0,10.0,contrastive_embedding_neighbor,0.9380987403234785,provisional_unverified,dc8bf44eb4cc0becf1c5ebe252a515c98193744c2031498501de80e036899758,16.0,16.0
dc8bf44eb4cc0becf1c5ebe252a515c98193744c2031498501de80e036899758,window_853,2.0,12.0,contrastive_embedding_neighbor,0.9314071861996689,provisional_unverified,dc8bf44eb4cc0becf1c5ebe252a515c98193744c2031498501de80e036899758,18.0,16.0
dc8bf44eb4cc0becf1c5ebe252a515c98193744c2031498501de80e036899758,window_854,4.0,14.0,contrastive_embedding_neighbor,0.8914087485082737,provisional_unverified,4975a35d789765b9299480af66d6a5af5166fef074cef80facbac97409b84d07,62.0,58.0
dc8bf44eb4cc0becf1c5ebe252a515c98193744c2031498501de80e036899758,window_855,6.0,16.0,contrastive_embedding_neighbor,0.9204005187337565,provisional_unverified,4975a35d789765b9299480af66d6a5af5166fef074cef80facbac97409b84d07,62.0,56.0
dc8bf44eb4cc0becf1c5ebe252a515c98193744c2031498501de80e036899758,window_856,8.0,18.0,contrastive_embedding_neighbor,0.9222764097366527,provisional_unverified,4975a35d789765b9299480af66d6a5af5166fef074cef80facbac97409b84d07,62.0,54.0
dc8bf44eb4cc0becf1c5ebe252a515c98193744c2031498501de80e036899758,window_857,10.0,20.0,contrastive_embedding_neighbor,0.9256888406858409,provisional_unverified,18385fe48224fbfa0cd6d17705d9305f857d70ef07b47b55502d04ff71359269,124.0,114.0
dc8bf44eb4cc0becf1c5ebe252a515c98193744c2031498501de80e036899758,window_858,12.0,22.0,contrastive_embedding_neighbor,0.9158600166245071,provisional_unverified,dc8bf44eb4cc0becf1c5ebe252a515c98193744c2031498501de80e036899758,36.0,24.0
dc8bf44eb4cc0becf1c5ebe252a515c98193744c2031498501de80e036899758,window_859,14.0,24.0,contrastive_embedding_neighbor,0.9358636160092558,provisional_unverified,dc8bf44eb4cc0becf1c5ebe252a515c98193744c2031498501de80e036899758,34.0,20.0
dc8bf44eb4cc0becf1c5ebe252a515c98193744c2031498501de80e036899758,window_860,16.0,26.0,contrastive_embedding_neighbor,0.9606940784771588,provisional_unverified,dc8bf44eb4cc0becf1c5ebe252a515c98193744c2031498501de80e036899758,34.0,18.0
dc8bf44eb4cc0becf1c5ebe252a515c98193744c2031498501de80e036899758,window_861,18.0,28.0,contrastive_embedding_neighbor,0.975735521089848,provisional_unverified,dc8bf44eb4cc0becf1c5ebe252a515c98193744c2031498501de80e036899758,34.0,16.0
dc8bf44eb4cc0becf1c5ebe252a515c98193744c2031498501de80e036899758,window_862,20.0,30.0,contrastive_embedding_neighbor,0.9914070166522997,provisional_unverified,dc8bf44eb4cc0becf1c5ebe252a515c98193744c2031498501de80e036899758,36.0,16.0
dc8bf44eb4cc0becf1c5ebe252a515c98193744c2031498501de80e036899758,window_863,22.0,32.0,contrastive_embedding_neighbor,0.9911982546860375,provisional_unverified,dc8bf44eb4cc0becf1c5ebe252a515c98193744c2031498501de80e036899758,38.0,16.0
dc8bf44eb4cc0becf1c5ebe252a515c98193744c2031498501de80e036899758,window_864,24.0,34.0,contrastive_embedding_neighbor,0.9966566149197604,provisional_unverified,dc8bf44eb4cc0becf1c5ebe252a515c98193744c2031498501de80e036899758,40.0,16.0
dc8bf44eb4cc0becf1c5ebe252a515c98193744c2031498501de80e036899758,window_865,26.0,36.0,contrastive_embedding_neighbor,0.9874397904937987,provisional_unverified,dc8bf44eb4cc0becf1c5ebe252a515c98193744c2031498501de80e036899758,44.0,18.0
dc8bf44eb4cc0becf1c5ebe252a515c98193744c2031498501de80e036899758,window_866,28.0,38.0,contrastive_embedding_neighbor,0.985396244074383,provisional_unverified,dc8bf44eb4cc0becf1c5ebe252a515c98193744c2031498501de80e036899758,44.0,16.0
dc8bf44eb4cc0becf1c5ebe252a515c98193744c2031498501de80e036899758,window_867,30.0,40.0,contrastive_embedding_neighbor,0.9915673851791699,provisional_unverified,dc8bf44eb4cc0becf1c5ebe252a515c98193744c2031498501de80e036899758,80.0,50.0
dc8bf44eb4cc0becf1c5ebe252a515c98193744c2031498501de80e036899758,window_868,32.0,42.0,contrastive_embedding_neighbor,0.9886169489592664,provisional_unverified,dc8bf44eb4cc0becf1c5ebe252a515c98193744c2031498501de80e036899758,112.0,80.0
dc8bf44eb4cc0becf1c5ebe252a515c98193744c2031498501de80e036899758,window_869,34.0,44.0,contrastive_embedding_neighbor,0.9899586118146924,provisional_unverified,dc8bf44eb4cc0becf1c5ebe252a515c98193744c2031498501de80e036899758,80.0,46.0
dc8bf44eb4cc0becf1c5ebe252a515c98193744c2031498501de80e036899758,window_870,36.0,46.0,contrastive_embedding_neighbor,0.9914070166522997,provisional_unverified,dc8bf44eb4cc0becf1c5ebe252a515c98193744c2031498501de80e036899758,20.0,16.0
dc8bf44eb4cc0becf1c5ebe252a515c98193744c2031498501de80e036899758,window_871,38.0,48.0,contrastive_embedding_neighbor,0.9964737391255264,provisional_unverified,dc8bf44eb4cc0becf1c5ebe252a515c98193744c2031498501de80e036899758,78.0,40.0
dc8bf44eb4cc0becf1c5ebe252a515c98193744c2031498501de80e036899758,window_872,40.0,50.0,contrastive_embedding_neighbor,0.9970576000962862,provisional_unverified,dc8bf44eb4cc0becf1c5ebe252a515c98193744c2031498501de80e036899758,78.0,38.0
dc8bf44eb4cc0becf1c5ebe252a515c98193744c2031498501de80e036899758,window_873,42.0,52.0,contrastive_embedding_neighbor,0.9969990470952981,provisional_unverified,dc8bf44eb4cc0becf1c5ebe252a515c98193744c2031498501de80e036899758,80.0,38.0
dc8bf44eb4cc0becf1c5ebe252a515c98193744c2031498501de80e036899758,window_874,44.0,54.0,contrastive_embedding_neighbor,0.9985109054313149,provisional_unverified,dc8bf44eb4cc0becf1c5ebe252a515c98193744c2031498501de80e036899758,82.0,38.0
dc8bf44eb4cc0becf1c5ebe252a515c98193744c2031498501de80e036899758,window_875,46.0,56.0,contrastive_embedding_neighbor,0.9931172521488985,provisional_unverified,dc8bf44eb4cc0becf1c5ebe252a515c98193744c2031498501de80e036899758,82.0,36.0
dc8bf44eb4cc0becf1c5ebe252a515c98193744c2031498501de80e036899758,window_876,48.0,58.0,contrastive_embedding_neighbor,0.9973239507477436,provisional_unverified,dc8bf44eb4cc0becf1c5ebe252a515c98193744c2031498501de80e036899758,82.0,34.0
dc8bf44eb4cc0becf1c5ebe252a515c98193744c2031498501de80e036899758,window_877,50.0,60.0,contrastive_embedding_neighbor,0.9981684468373874,provisional_unverified,dc8bf44eb4cc0becf1c5ebe252a515c98193744c2031498501de80e036899758,78.0,28.0
dc8bf44eb4cc0becf1c5ebe252a515c98193744c2031498501de80e036899758,window_878,52.0,62.0,contrastive_embedding_neighbor,0.9987249377547586,provisional_unverified,dc8bf44eb4cc0becf1c5ebe252a515c98193744c2031498501de80e036899758,84.0,32.0
dc8bf44eb4cc0becf1c5ebe252a515c98193744c2031498501de80e036899758,window_879,54.0,64.0,contrastive_embedding_neighbor,0.9988215148845696,provisional_unverified,dc8bf44eb4cc0becf1c5ebe252a515c98193744c2031498501de80e036899758,116.0,62.0
dc8bf44eb4cc0becf1c5ebe252a515c98193744c2031498501de80e036899758,window_880,56.0,66.0,contrastive_embedding_neighbor,0.9983235670159424,provisional_unverified,dc8bf44eb4cc0becf1c5ebe252a515c98193744c2031498501de80e036899758,118.0,62.0
dc8bf44eb4cc0becf1c5ebe252a515c98193744c2031498501de80e036899758,window_881,58.0,68.0,contrastive_embedding_neighbor,0.9996515128672461,provisional_unverified,dc8bf44eb4cc0becf1c5ebe252a515c98193744c2031498501de80e036899758,116.0,58.0
dc8bf44eb4cc0becf1c5ebe252a515c98193744c2031498501de80e036899758,window_882,60.0,70.0,contrastive_embedding_neighbor,0.9988537254469145,provisional_unverified,dc8bf44eb4cc0becf1c5ebe252a515c98193744c2031498501de80e036899758,124.0,64.0
dc8bf44eb4cc0becf1c5ebe252a515c98193744c2031498501de80e036899758,window_883,62.0,72.0,contrastive_embedding_neighbor,0.9987857860362408,provisional_unverified,dc8bf44eb4cc0becf1c5ebe252a515c98193744c2031498501de80e036899758,118.0,56.0
dc8bf44eb4cc0becf1c5ebe252a515c98193744c2031498501de80e036899758,window_884,64.0,74.0,contrastive_embedding_neighbor,0.9990236701848438,provisional_unverified,dc8bf44eb4cc0becf1c5ebe252a515c98193744c2031498501de80e036899758,92.0,28.0
dc8bf44eb4cc0becf1c5ebe252a515c98193744c2031498501de80e036899758,window_885,66.0,76.0,contrastive_embedding_neighbor,0.9993358792162217,provisional_unverified,dc8bf44eb4cc0becf1c5ebe252a515c98193744c2031498501de80e036899758,110.0,44.0
dc8bf44eb4cc0becf1c5ebe252a515c98193744c2031498501de80e036899758,window_886,68.0,78.0,contrastive_embedding_neighbor,0.9976890925591909,provisional_unverified,dc8bf44eb4cc0becf1c5ebe252a515c98193744c2031498501de80e036899758,108.0,40.0
dc8bf44eb4cc0becf1c5ebe252a515c98193744c2031498501de80e036899758,window_887,70.0,80.0,contrastive_embedding_neighbor,0.9982158232120609,provisional_unverified,dc8bf44eb4cc0becf1c5ebe252a515c98193744c2031498501de80e036899758,104.0,34.0
dc8bf44eb4cc0becf1c5ebe252a515c98193744c2031498501de80e036899758,window_888,72.0,82.0,contrastive_embedding_neighbor,0.9989850721146275,provisional_unverified,dc8bf44eb4cc0becf1c5ebe252a515c98193744c2031498501de80e036899758,104.0,32.0
dc8bf44eb4cc0becf1c5ebe252a515c98193744c2031498501de80e036899758,window_889,74.0,84.0,contrastive_embedding_neighbor,0.9995281917316866,provisional_unverified,dc8bf44eb4cc0becf1c5ebe252a515c98193744c2031498501de80e036899758,94.0,20.0
dc8bf44eb4cc0becf1c5ebe252a515c98193744c2031498501de80e036899758,window_890,76.0,86.0,contrastive_embedding_neighbor,0.9995606683348383,provisional_unverified,dc8bf44eb4cc0becf1c5ebe252a515c98193744c2031498501de80e036899758,120.0,44.0
dc8bf44eb4cc0becf1c5ebe252a515c98193744c2031498501de80e036899758,window_891,78.0,88.0,contrastive_embedding_neighbor,0.998706714242655,provisional_unverified,dc8bf44eb4cc0becf1c5ebe252a515c98193744c2031498501de80e036899758,112.0,34.0
dc8bf44eb4cc0becf1c5ebe252a515c98193744c2031498501de80e036899758,window_892,80.0,90.0,contrastive_embedding_neighbor,0.9972572702626867,provisional_unverified,dc8bf44eb4cc0becf1c5ebe252a515c98193744c2031498501de80e036899758,44.0,36.0
dc8bf44eb4cc0becf1c5ebe252a515c98193744c2031498501de80e036899758,window_893,82.0,92.0,contrastive_embedding_neighbor,0.9988992499407002,provisional_unverified,dc8bf44eb4cc0becf1c5ebe252a515c98193744c2031498501de80e036899758,126.0,44.0
dc8bf44eb4cc0becf1c5ebe252a515c98193744c2031498501de80e036899758,window_894,84.0,94.0,contrastive_embedding_neighbor,0.9992248013361132,provisional_unverified,dc8bf44eb4cc0becf1c5ebe252a515c98193744c2031498501de80e036899758,124.0,40.0
dc8bf44eb4cc0becf1c5ebe252a515c98193744c2031498501de80e036899758,window_895,86.0,96.0,contrastive_embedding_neighbor,0.9996057068792644,provisional_unverified,dc8bf44eb4cc0becf1c5ebe252a515c98193744c2031498501de80e036899758,120.0,34.0
dc8bf44eb4cc0becf1c5ebe252a515c98193744c2031498501de80e036899758,window_896,88.0,98.0,contrastive_embedding_neighbor,0.998728964753802,provisional_unverified,dc8bf44eb4cc0becf1c5ebe252a515c98193744c2031498501de80e036899758,120.0,32.0
dc8bf44eb4cc0becf1c5ebe252a515c98193744c2031498501de80e036899758,window_897,90.0,100.0,contrastive_embedding_neighbor,0.9988563559268053,provisional_unverified,dc8bf44eb4cc0becf1c5ebe252a515c98193744c2031498501de80e036899758,110.0,20.0
dc8bf44eb4cc0becf1c5ebe252a515c98193744c2031498501de80e036899758,window_898,92.0,102.0,contrastive_embedding_neighbor,0.999524720680647,provisional_unverified,dc8bf44eb4cc0becf1c5ebe252a515c98193744c2031498501de80e036899758,74.0,18.0
dc8bf44eb4cc0becf1c5ebe252a515c98193744c2031498501de80e036899758,window_899,94.0,104.0,contrastive_embedding_neighbor,0.9995281917316866,provisional_unverified,dc8bf44eb4cc0becf1c5ebe252a515c98193744c2031498501de80e036899758,74.0,20.0
dc8bf44eb4cc0becf1c5ebe252a515c98193744c2031498501de80e036899758,window_900,96.0,106.0,contrastive_embedding_neighbor,0.9987949961111849,provisional_unverified,dc8bf44eb4cc0becf1c5ebe252a515c98193744c2031498501de80e036899758,74.0,22.0
dc8bf44eb4cc0becf1c5ebe252a515c98193744c2031498501de80e036899758,window_901,98.0,108.0,contrastive_embedding_neighbor,0.9966512879167735,provisional_unverified,dc8bf44eb4cc0becf1c5ebe252a515c98193744c2031498501de80e036899758,74.0,24.0
dc8bf44eb4cc0becf1c5ebe252a515c98193744c2031498501de80e036899758,window_902,100.0,110.0,contrastive_embedding_neighbor,0.9982025451145244,provisional_unverified,dc8bf44eb4cc0becf1c5ebe252a515c98193744c2031498501de80e036899758,56.0,44.0
dc8bf44eb4cc0becf1c5ebe252a515c98193744c2031498501de80e036899758,window_903,102.0,112.0,contrastive_embedding_neighbor,0.9983975019832013,provisional_unverified,dc8bf44eb4cc0becf1c5ebe252a515c98193744c2031498501de80e036899758,72.0,30.0
dc8bf44eb4cc0becf1c5ebe252a515c98193744c2031498501de80e036899758,window_904,104.0,114.0,contrastive_embedding_neighbor,0.9989850721146275,provisional_unverified,dc8bf44eb4cc0becf1c5ebe252a515c98193744c2031498501de80e036899758,72.0,32.0
dc8bf44eb4cc0becf1c5ebe252a515c98193744c2031498501de80e036899758,window_905,106.0,116.0,contrastive_embedding_neighbor,0.9972811851307438,provisional_unverified,dc8bf44eb4cc0becf1c5ebe252a515c98193744c2031498501de80e036899758,68.0,38.0
dc8bf44eb4cc0becf1c5ebe252a515c98193744c2031498501de80e036899758,window_906,108.0,118.0,contrastive_embedding_neighbor,0.9987035893585222,provisional_unverified,dc8bf44eb4cc0becf1c5ebe252a515c98193744c2031498501de80e036899758,66.0,42.0
dc8bf44eb4cc0becf1c5ebe252a515c98193744c2031498501de80e036899758,window_907,110.0,120.0,contrastive_embedding_neighbor,0.9993358792162217,provisional_unverified,dc8bf44eb4cc0becf1c5ebe252a515c98193744c2031498501de80e036899758,66.0,44.0
dc8bf44eb4cc0becf1c5ebe252a515c98193744c2031498501de80e036899758,window_908,112.0,122.0,contrastive_embedding_neighbor,0.998706714242655,provisional_unverified,dc8bf44eb4cc0becf1c5ebe252a515c98193744c2031498501de80e036899758,78.0,34.0
dc8bf44eb4cc0becf1c5ebe252a515c98193744c2031498501de80e036899758,window_909,114.0,124.0,contrastive_embedding_neighbor,0.9992172776499395,provisional_unverified,dc8bf44eb4cc0becf1c5ebe252a515c98193744c2031498501de80e036899758,86.0,28.0
dc8bf44eb4cc0becf1c5ebe252a515c98193744c2031498501de80e036899758,window_910,116.0,126.0,contrastive_embedding_neighbor,0.9996515128672461,provisional_unverified,dc8bf44eb4cc0becf1c5ebe252a515c98193744c2031498501de80e036899758,58.0,58.0
dc8bf44eb4cc0becf1c5ebe252a515c98193744c2031498501de80e036899758,window_911,118.0,128.0,contrastive_embedding_neighbor,0.9992480790779971,provisional_unverified,dc8bf44eb4cc0becf1c5ebe252a515c98193744c2031498501de80e036899758,76.0,42.0
dc8bf44eb4cc0becf1c5ebe252a515c98193744c2031498501de80e036899758,window_912,120.0,130.0,contrastive_embedding_neighbor,0.9996057068792644,provisional_unverified,dc8bf44eb4cc0becf1c5ebe252a515c98193744c2031498501de80e036899758,86.0,34.0
dc8bf44eb4cc0becf1c5ebe252a515c98193744c2031498501de80e036899758,window_913,122.0,132.0,contrastive_embedding_neighbor,0.9993832679136452,provisional_unverified,dc8bf44eb4cc0becf1c5ebe252a515c98193744c2031498501de80e036899758,58.0,64.0
dc8bf44eb4cc0becf1c5ebe252a515c98193744c2031498501de80e036899758,window_914,124.0,134.0,contrastive_embedding_neighbor,0.9992248013361132,provisional_unverified,dc8bf44eb4cc0becf1c5ebe252a515c98193744c2031498501de80e036899758,84.0,40.0
dc8bf44eb4cc0becf1c5ebe252a515c98193744c2031498501de80e036899758,window_915,126.0,136.0,contrastive_embedding_neighbor,0.9988992499407002,provisional_unverified,dc8bf44eb4cc0becf1c5ebe252a515c98193744c2031498501de80e036899758,82.0,44.0
dc8bf44eb4cc0becf1c5ebe252a515c98193744c2031498501de80e036899758,window_916,128.0,138.0,contrastive_embedding_neighbor,0.9965799446294805,provisional_unverified,dc8bf44eb4cc0becf1c5ebe252a515c98193744c2031498501de80e036899758,86.0,42.0
dc8bf44eb4cc0becf1c5ebe252a515c98193744c2031498501de80e036899758,window_917,130.0,140.0,contrastive_embedding_neighbor,0.9935284047312896,provisional_unverified,dc8bf44eb4cc0becf1c5ebe252a515c98193744c2031498501de80e036899758,58.0,72.0
dc8bf44eb4cc0becf1c5ebe252a515c98193744c2031498501de80e036899758,window_918,132.0,142.0,contrastive_embedding_neighbor,0.9912899877579984,provisional_unverified,bace0e92b25324e8afbd0e5f6698b01a921780a2385e02419965fa97e3e796c4,126.0,6.0
dc8bf44eb4cc0becf1c5ebe252a515c98193744c2031498501de80e036899758,window_919,134.0,144.0,contrastive_embedding_neighbor,0.9945651264010835,provisional_unverified,bace0e92b25324e8afbd0e5f6698b01a921780a2385e02419965fa97e3e796c4,126.0,8.0
dc8bf44eb4cc0becf1c5ebe252a515c98193744c2031498501de80e036899758,window_920,136.0,146.0,contrastive_embedding_neighbor,0.9902223959244634,provisional_unverified,dc8bf44eb4cc0becf1c5ebe252a515c98193744c2031498501de80e036899758,116.0,20.0
dc8bf44eb4cc0becf1c5ebe252a515c98193744c2031498501de80e036899758,window_921,138.0,148.0,contrastive_embedding_neighbor,0.9844341107261958,provisional_unverified,dc8bf44eb4cc0becf1c5ebe252a515c98193744c2031498501de80e036899758,82.0,56.0
dc8bf44eb4cc0becf1c5ebe252a515c98193744c2031498501de80e036899758,window_922,140.0,150.0,contrastive_embedding_neighbor,0.9874127874798447,provisional_unverified,dc8bf44eb4cc0becf1c5ebe252a515c98193744c2031498501de80e036899758,124.0,16.0
dc8bf44eb4cc0becf1c5ebe252a515c98193744c2031498501de80e036899758,window_923,142.0,152.0,contrastive_embedding_neighbor,0.9926229968287289,provisional_unverified,dc8bf44eb4cc0becf1c5ebe252a515c98193744c2031498501de80e036899758,122.0,20.0
dc8bf44eb4cc0becf1c5ebe252a515c98193744c2031498501de80e036899758,window_924,144.0,154.0,contrastive_embedding_neighbor,0.9896116423013056,provisional_unverified,dc8bf44eb4cc0becf1c5ebe252a515c98193744c2031498501de80e036899758,122.0,22.0
dc8bf44eb4cc0becf1c5ebe252a515c98193744c2031498501de80e036899758,window_925,146.0,156.0,contrastive_embedding_neighbor,0.9904024436638855,provisional_unverified,dc8bf44eb4cc0becf1c5ebe252a515c98193744c2031498501de80e036899758,122.0,24.0
dc8bf44eb4cc0becf1c5ebe252a515c98193744c2031498501de80e036899758,window_926,148.0,158.0,contrastive_embedding_neighbor,0.9900879861340735,provisional_unverified,bace0e92b25324e8afbd0e5f6698b01a921780a2385e02419965fa97e3e796c4,22.0,126.0
dc8bf44eb4cc0becf1c5ebe252a515c98193744c2031498501de80e036899758,window_927,150.0,160.0,contrastive_embedding_neighbor,0.9878589827012804,provisional_unverified,bace0e92b25324e8afbd0e5f6698b01a921780a2385e02419965fa97e3e796c4,22.0,128.0
dc8bf44eb4cc0becf1c5ebe252a515c98193744c2031498501de80e036899758,window_928,152.0,162.0,contrastive_embedding_neighbor,0.9949809089783761,provisional_unverified,bace0e92b25324e8afbd0e5f6698b01a921780a2385e02419965fa97e3e796c4,22.0,130.0
dc8bf44eb4cc0becf1c5ebe252a515c98193744c2031498501de80e036899758,window_929,154.0,164.0,contrastive_embedding_neighbor,0.9865587607703366,provisional_unverified,bace0e92b25324e8afbd0e5f6698b01a921780a2385e02419965fa97e3e796c4,50.0,104.0
dc8bf44eb4cc0becf1c5ebe252a515c98193744c2031498501de80e036899758,window_930,156.0,166.0,contrastive_embedding_neighbor,0.9851619081073085,provisional_unverified,bace0e92b25324e8afbd0e5f6698b01a921780a2385e02419965fa97e3e796c4,62.0,94.0
dc8bf44eb4cc0becf1c5ebe252a515c98193744c2031498501de80e036899758,window_931,158.0,168.0,contrastive_embedding_neighbor,0.9515804814435325,provisional_unverified,5c8af6b8a89a449144e0ddf74414040b433d630e1fd3d3ddc138ec3c4284d97b,12.0,146.0
dc8bf44eb4cc0becf1c5ebe252a515c98193744c2031498501de80e036899758,window_932,160.0,170.0,contrastive_embedding_neighbor,0.9948622037378141,provisional_unverified,5c8af6b8a89a449144e0ddf74414040b433d630e1fd3d3ddc138ec3c4284d97b,20.0,140.0
dc8bf44eb4cc0becf1c5ebe252a515c98193744c2031498501de80e036899758,window_933,162.0,172.0,contrastive_embedding_neighbor,0.989216919872613,provisional_unverified,5c8af6b8a89a449144e0ddf74414040b433d630e1fd3d3ddc138ec3c4284d97b,20.0,142.0
dc8bf44eb4cc0becf1c5ebe252a515c98193744c2031498501de80e036899758,window_934,164.0,174.0,contrastive_embedding_neighbor,0.993499247098674,provisional_unverified,5c8af6b8a89a449144e0ddf74414040b433d630e1fd3d3ddc138ec3c4284d97b,20.0,144.0
dc8bf44eb4cc0becf1c5ebe252a515c98193744c2031498501de80e036899758,window_935,166.0,176.0,contrastive_embedding_neighbor,0.9961821025000586,provisional_unverified,5c8af6b8a89a449144e0ddf74414040b433d630e1fd3d3ddc138ec3c4284d97b,20.0,146.0
