recording_id,segment_id,start_s,end_s,prediction_kind,score,label_status,persistence_error
18385fe48224fbfa0cd6d17705d9305f857d70ef07b47b55502d04ff71359269,window_0,0.0,10.0,sequence_prediction_error,1.9246153795197312,provisional_unverified,0.06851507051633539
18385fe48224fbfa0cd6d17705d9305f857d70ef07b47b55502d04ff71359269,window_1,2.0,12.0,sequence_prediction_error,0.38316865641468967,provisional_unverified,0.056845083226248226
18385fe48224fbfa0cd6d17705d9305f857d70ef07b47b55502d04ff71359269,window_2,4.0,14.0,sequence_prediction_error,0.053276282718182036,provisional_unverified,0.0627231144553605
18385fe48224fbfa0cd6d17705d9305f857d70ef07b47b55502d04ff71359269,window_3,6.0,16.0,sequence_prediction_error,0.05274391558320023,provisional_unverified,0.06913757774006336
18385fe48224fbfa0cd6d17705d9305f857d70ef07b47b55502d04ff71359269,window_4,8.0,18.0,sequence_prediction_error,0.057648410650232684,provisional_unverified,0.07318306559739826
18385fe48224fbfa0cd6d17705d9305f857d70ef07b47b55502d04ff71359269,window_5,10.0,20.0,sequence_prediction_error,0.05782236919948663,provisional_unverified,0.07317364776529381
18385fe48224fbfa0cd6d17705d9305f857d70ef07b47b55502d04ff71359269,window_6,12.0,22.0,sequence_prediction_error,0.061484190160931776,provisional_unverified,0.07495741458116584
18385fe48224fbfa0cd6d17705d9305f857d70ef07b47b55502d04ff71359269,window_7,14.0,24.0,sequence_prediction_error,0.07405681771828676,provisional_unverified,0.06865397329501748
18385fe48224fbfa0cd6d17705d9305f857d70ef07b47b55502d04ff71359269,window_8,16.0,26.0,sequence_prediction_error,0.07165160578173911,provisional_unverified,0.06292100740774621
18385fe48224fbfa0cd6d17705d9305f857d70ef07b47b55502d04ff71359269,window_9,18.0,28.0,sequence_prediction_error,0.07482546384621112,provisional_unverified,0.06049033844273562
18385fe48224fbfa0cd6d17705d9305f857d70ef07b47b55502d04ff71359269,window_10,20.0,30.0,sequence_prediction_error,0.07069216015783335,provisional_unverified,0.057916855737909376
18385fe48224fbfa0cd6d17705d9305f857d70ef07b47b55502d04ff71359269,window_11,22.0,32.0,sequence_prediction_error,0.06433474782642187,provisional_unverified,0.054318821169777445
18385fe48224fbfa0cd6d17705d9305f857d70ef07b47b55502d04ff71359269,window_12,24.0,34.0,sequence_prediction_error,0.047512857674968656,provisional_unverified,0.055968466525332564
18385fe48224fbfa0cd6d17705d9305f857d70ef07b47b55502d04ff71359269,window_13,26.0,36.0,sequence_prediction_error,0.06118236304526079,provisional_unverified,0.08341472596538198
18385fe48224fbfa0cd6d17705d9305f857d70ef07b47b55502d04ff71359269,window_14,28.0,38.0,sequence_prediction_error,0.05511327500385666,provisional_unverified,0.07775987071080206
18385fe48224fbfa0cd6d17705d9305f857d70ef07b47b55502d04ff71359269,window_15,30.0,40.0,sequence_prediction_error,0.07100328125339593,provisional_unverified,0.07131942072956396
18385fe48224fbfa0cd6d17705d9305f857d70ef07b47b55502d04ff71359269,window_16,32.0,42.0,sequence_prediction_error,0.10031429708703543,provisional_unverified,0.07467740420072043
18385fe48224fbfa0cd6d17705d9305f857d70ef07b47b55502d04ff71359269,window_17,34.0,44.0,sequence_prediction_error,0.10780679539233227,provisional_unverified,0.07218654814221877
18385fe48224fbfa0cd6d17705d9305f857d70ef07b47b55502d04ff71359269,window_18,36.0,46.0,sequence_prediction_error,0.1031976185997329,provisional_unverified,0.042081028628531886
18385fe48224fbfa0cd6d17705d9305f857d70ef07b47b55502d04ff71359269,window_19,38.0,48.0,sequence_prediction_error,0.10849299662182701,provisional_unverified,0.04461157883297533
18385fe48224fbfa0cd6d17705d9305f857d70ef07b47b55502d04ff71359269,window_20,40.0,50.0,sequence_prediction_error,0.10166167943067161,provisional_unverified,0.05572088363386772
18385fe48224fbfa0cd6d17705d9305f857d70ef07b47b55502d04ff71359269,window_21,42.0,52.0,sequence_prediction_error,0.08054044349879427,provisional_unverified,0.05545446688420716
18385fe48224fbfa0cd6d17705d9305f857d70ef07b47b55502d04ff71359269,window_22,44.0,54.0,sequence_prediction_error,0.08474774687221208,provisional_unverified,0.0616280412390353
18385fe48224fbfa0cd6d17705d9305f857d70ef07b47b55502d04ff71359269,window_23,46.0,56.0,sequence_prediction_error,0.07960655695532429,provisional_unverified,0.07194049200151491
18385fe48224fbfa0cd6d17705d9305f857d70ef07b47b55502d04ff71359269,window_24,48.0,58.0,sequence_prediction_error,0.08138688628416439,provisional_unverified,0.08053480739409592
18385fe48224fbfa0cd6d17705d9305f857d70ef07b47b55502d04ff71359269,window_25,50.0,60.0,sequence_prediction_error,0.0779101156325324,provisional_unverified,0.08395624361682454
18385fe48224fbfa0cd6d17705d9305f857d70ef07b47b55502d04ff71359269,window_26,52.0,62.0,sequence_prediction_error,0.07676566672253204,provisional_unverified,0.08548714397312185
18385fe48224fbfa0cd6d17705d9305f857d70ef07b47b55502d04ff71359269,window_27,54.0,64.0,sequence_prediction_error,0.07640747285068805,provisional_unverified,0.09524568976229159
18385fe48224fbfa0cd6d17705d9305f857d70ef07b47b55502d04ff71359269,window_28,56.0,66.0,sequence_prediction_error,0.08301619160718142,provisional_unverified,0.08669504481394301
18385fe48224fbfa0cd6d17705d9305f857d70ef07b47b55502d04ff71359269,window_29,58.0,68.0,sequence_prediction_error,0.09357744137248364,provisional_unverified,0.07583424515702594
18385fe48224fbfa0cd6d17705d9305f857d70ef07b47b55502d04ff71359269,window_30,60.0,70.0,sequence_prediction_error,0.10049502903433573,provisional_unverified,0.06708980619801112
18385fe48224fbfa0cd6d17705d9305f857d70ef07b47b55502d04ff71359269,window_31,62.0,72.0,sequence_prediction_error,0.11336243546319784,provisional_unverified,0.06239942080869023
18385fe48224fbfa0cd6d17705d9305f857d70ef07b47b55502d04ff71359269,window_32,64.0,74.0,sequence_prediction_error,0.1052623531746281,provisional_unverified,0.05025432127339546
18385fe48224fbfa0cd6d17705d9305f857d70ef07b47b55502d04ff71359269,window_33,66.0,76.0,sequence_prediction_error,0.10034723059587047,provisional_unverified,0.0553703023875403
18385fe48224fbfa0cd6d17705d9305f857d70ef07b47b55502d04ff71359269,window_34,68.0,78.0,sequence_prediction_error,0.08150563084417513,provisional_unverified,0.06091965541814315
18385fe48224fbfa0cd6d17705d9305f857d70ef07b47b55502d04ff71359269,window_35,70.0,80.0,sequence_prediction_error,0.06888608515756413,provisional_unverified,0.06393192355163545
18385fe48224fbfa0cd6d17705d9305f857d70ef07b47b55502d04ff71359269,window_36,72.0,82.0,sequence_prediction_error,0.052519751973496676,provisional_unverified,0.06713113092917242
18385fe48224fbfa0cd6d17705d9305f857d70ef07b47b55502d04ff71359269,window_37,74.0,84.0,sequence_prediction_error,0.055158996514417816,provisional_unverified,0.06967433111752354
18385fe48224fbfa0cd6d17705d9305f857d70ef07b47b55502d04ff71359269,window_38,76.0,86.0,sequence_prediction_error,0.05744679622761232,provisional_unverified,0.07421702620371691
18385fe48224fbfa0cd6d17705d9305f857d70ef07b47b55502d04ff71359269,window_39,78.0,88.0,sequence_prediction_error,0.06423659383746236,provisional_unverified,0.07887018406441232
18385fe48224fbfa0cd6d17705d9305f857d70ef07b47b55502d04ff71359269,window_40,80.0,90.0,sequence_prediction_error,0.06776189473503828,provisional_unverified,0.08184817446791426
18385fe48224fbfa0cd6d17705d9305f857d70ef07b47b55502d04ff71359269,window_41,82.0,92.0,sequence_prediction_error,0.07216726671780038,provisional_unverified,0.08386767519771286
18385fe48224fbfa0cd6d17705d9305f857d70ef07b47b55502d04ff71359269,window_42,84.0,94.0,sequence_prediction_error,0.07855723508405107,provisional_unverified,0.08609586512757114
18385fe48224fbfa0cd6d17705d9305f857d70ef07b47b55502d04ff71359269,window_43,86.0,96.0,sequence_prediction_error,0.07295712649523711,provisional_unverified,0.08412657014898352
18385fe48224fbfa0cd6d17705d9305f857d70ef07b47b55502d04ff71359269,window_44,88.0,98.0,sequence_prediction_error,0.07632200160369096,provisional_unverified,0.08583905697153468
18385fe48224fbfa0cd6d17705d9305f857d70ef07b47b55502d04ff71359269,window_45,90.0,100.0,sequence_prediction_error,0.0764443422085741,provisional_unverified,0.08598935692005528
18385fe48224fbfa0cd6d17705d9305f857d70ef07b47b55502d04ff71359269,window_46,92.0,102.0,sequence_prediction_error,0.07308706790341622,provisional_unverified,0.08563040878611204
18385fe48224fbfa0cd6d17705d9305f857d70ef07b47b55502d04ff71359269,window_47,94.0,104.0,sequence_prediction_error,0.06570668301703207,provisional_unverified,0.08468340882299127
18385fe48224fbfa0cd6d17705d9305f857d70ef07b47b55502d04ff71359269,window_48,96.0,106.0,sequence_prediction_error,0.0689577166737797,provisional_unverified,0.08556857267033155
18385fe48224fbfa0cd6d17705d9305f857d70ef07b47b55502d04ff71359269,window_49,98.0,108.0,sequence_prediction_error,0.059421976473635084,provisional_unverified,0.08377556270772164
18385fe48224fbfa0cd6d17705d9305f857d70ef07b47b55502d04ff71359269,window_50,100.0,110.0,sequence_prediction_error,0.05651641282935382,provisional_unverified,0.07895744069286943
18385fe48224fbfa0cd6d17705d9305f857d70ef07b47b55502d04ff71359269,window_51,102.0,112.0,sequence_prediction_error,0.0478839797312674,provisional_unverified,0.06430497896351997
18385fe48224fbfa0cd6d17705d9305f857d70ef07b47b55502d04ff71359269,window_52,104.0,114.0,sequence_prediction_error,0.1801945933902436,provisional_unverified,0.06091379909775904
18385fe48224fbfa0cd6d17705d9305f857d70ef07b47b55502d04ff71359269,window_53,106.0,116.0,sequence_prediction_error,0.46846363281501346,provisional_unverified,0.10113879783332994
18385fe48224fbfa0cd6d17705d9305f857d70ef07b47b55502d04ff71359269,window_54,108.0,118.0,sequence_prediction_error,0.6809835745080882,provisional_unverified,0.10790331819101043
18385fe48224fbfa0cd6d17705d9305f857d70ef07b47b55502d04ff71359269,window_55,110.0,120.0,sequence_prediction_error,0.7105605285694688,provisional_unverified,0.10375253356769658
18385fe48224fbfa0cd6d17705d9305f857d70ef07b47b55502d04ff71359269,window_56,112.0,122.0,sequence_prediction_error,0.7221735633235765,provisional_unverified,0.11340425788879487
18385fe48224fbfa0cd6d17705d9305f857d70ef07b47b55502d04ff71359269,window_57,114.0,124.0,sequence_prediction_error,0.587265517526764,provisional_unverified,0.11235250477946201
18385fe48224fbfa0cd6d17705d9305f857d70ef07b47b55502d04ff71359269,window_58,116.0,126.0,sequence_prediction_error,0.29625904241157863,provisional_unverified,0.06887881131062124
18385fe48224fbfa0cd6d17705d9305f857d70ef07b47b55502d04ff71359269,window_59,118.0,128.0,sequence_prediction_error,0.0826791723009492,provisional_unverified,0.062058795652041164
18385fe48224fbfa0cd6d17705d9305f857d70ef07b47b55502d04ff71359269,window_60,120.0,130.0,sequence_prediction_error,0.05951628710178509,provisional_unverified,0.07169322868607647
18385fe48224fbfa0cd6d17705d9305f857d70ef07b47b55502d04ff71359269,window_61,122.0,132.0,sequence_prediction_error,0.05188643204485931,provisional_unverified,0.07069359309143303
18385fe48224fbfa0cd6d17705d9305f857d70ef07b47b55502d04ff71359269,window_62,124.0,134.0,sequence_prediction_error,0.047735852837479116,provisional_unverified,0.06576046564182363
18385fe48224fbfa0cd6d17705d9305f857d70ef07b47b55502d04ff71359269,window_63,126.0,136.0,sequence_prediction_error,0.18572001231031635,provisional_unverified,0.06251849911895402
18385fe48224fbfa0cd6d17705d9305f857d70ef07b47b55502d04ff71359269,window_64,128.0,138.0,sequence_prediction_error,3.446841671613343,provisional_unverified,0.5181218987886714
18385fe48224fbfa0cd6d17705d9305f857d70ef07b47b55502d04ff71359269,window_65,130.0,140.0,sequence_prediction_error,21.403778878889355,provisional_unverified,1.5323227731624771
18385fe48224fbfa0cd6d17705d9305f857d70ef07b47b55502d04ff71359269,window_66,132.0,142.0,sequence_prediction_error,32.13890259869678,provisional_unverified,2.591064950131401
18385fe48224fbfa0cd6d17705d9305f857d70ef07b47b55502d04ff71359269,window_67,134.0,144.0,sequence_prediction_error,63.88315032518403,provisional_unverified,6.2067025980466335
18385fe48224fbfa0cd6d17705d9305f857d70ef07b47b55502d04ff71359269,window_68,136.0,146.0,sequence_prediction_error,102.51314175811542,provisional_unverified,8.713862604089016
18385fe48224fbfa0cd6d17705d9305f857d70ef07b47b55502d04ff71359269,window_69,138.0,148.0,sequence_prediction_error,112.78293909937311,provisional_unverified,9.796814129235537
18385fe48224fbfa0cd6d17705d9305f857d70ef07b47b55502d04ff71359269,window_70,140.0,150.0,sequence_prediction_error,129.66546506752871,provisional_unverified,9.53929149547015
18385fe48224fbfa0cd6d17705d9305f857d70ef07b47b55502d04ff71359269,window_71,142.0,152.0,sequence_prediction_error,125.69378404293735,provisional_unverified,11.646363662856656
18385fe48224fbfa0cd6d17705d9305f857d70ef07b47b55502d04ff71359269,window_72,144.0,154.0,sequence_prediction_error,100.6332093115672,provisional_unverified,12.493362048022336
18385fe48224fbfa0cd6d17705d9305f857d70ef07b47b55502d04ff71359269,window_73,146.0,156.0,sequence_prediction_error,89.42783156503513,provisional_unverified,11.259932185299787
18385fe48224fbfa0cd6d17705d9305f857d70ef07b47b55502d04ff71359269,window_74,148.0,158.0,sequence_prediction_error,95.21128933270306,provisional_unverified,13.05190455392473
18385fe48224fbfa0cd6d17705d9305f857d70ef07b47b55502d04ff71359269,window_75,150.0,160.0,sequence_prediction_error,80.64900023626178,provisional_unverified,13.472980504542717
18385fe48224fbfa0cd6d17705d9305f857d70ef07b47b55502d04ff71359269,window_76,152.0,162.0,sequence_prediction_error,84.54208592539716,provisional_unverified,11.292813404742827
18385fe48224fbfa0cd6d17705d9305f857d70ef07b47b55502d04ff71359269,window_77,154.0,164.0,sequence_prediction_error,94.9360732870662,provisional_unverified,8.459747312020202
18385fe48224fbfa0cd6d17705d9305f857d70ef07b47b55502d04ff71359269,window_78,156.0,166.0,sequence_prediction_error,85.1454270363235,provisional_unverified,10.238349540906862
18385fe48224fbfa0cd6d17705d9305f857d70ef07b47b55502d04ff71359269,window_79,158.0,168.0,sequence_prediction_error,90.8924923381521,provisional_unverified,9.345308804163995
18385fe48224fbfa0cd6d17705d9305f857d70ef07b47b55502d04ff71359269,window_80,160.0,170.0,sequence_prediction_error,107.87194107003018,provisional_unverified,9.9961967390324
18385fe48224fbfa0cd6d17705d9305f857d70ef07b47b55502d04ff71359269,window_81,162.0,172.0,sequence_prediction_error,117.349739639299,provisional_unverified,10.99116857189765
18385fe48224fbfa0cd6d17705d9305f857d70ef07b47b55502d04ff71359269,window_82,164.0,174.0,sequence_prediction_error,121.13424855098205,provisional_unverified,11.917039774487002
18385fe48224fbfa0cd6d17705d9305f857d70ef07b47b55502d04ff71359269,window_83,166.0,176.0,sequence_prediction_error,115.25229836240166,provisional_unverified,12.423498450569422
18385fe48224fbfa0cd6d17705d9305f857d70ef07b47b55502d04ff71359269,window_84,168.0,178.0,sequence_prediction_error,128.40071569828288,provisional_unverified,11.103432917720509
18385fe48224fbfa0cd6d17705d9305f857d70ef07b47b55502d04ff71359269,window_85,170.0,180.0,sequence_prediction_error,94.41388721789568,provisional_unverified,11.480602876750686
18385fe48224fbfa0cd6d17705d9305f857d70ef07b47b55502d04ff71359269,window_86,172.0,182.0,sequence_prediction_error,87.84875475178023,provisional_unverified,10.208738775544981
18385fe48224fbfa0cd6d17705d9305f857d70ef07b47b55502d04ff71359269,window_87,174.0,184.0,sequence_prediction_error,86.71971743449053,provisional_unverified,8.890574890714099
18385fe48224fbfa0cd6d17705d9305f857d70ef07b47b55502d04ff71359269,window_88,176.0,186.0,sequence_prediction_error,98.43088246136138,provisional_unverified,7.447724795105182
18385fe48224fbfa0cd6d17705d9305f857d70ef07b47b55502d04ff71359269,window_89,178.0,188.0,sequence_prediction_error,82.86413609167093,provisional_unverified,7.19084693970328
18385fe48224fbfa0cd6d17705d9305f857d70ef07b47b55502d04ff71359269,window_90,180.0,190.0,sequence_prediction_error,95.14289490606407,provisional_unverified,7.062115546067712
18385fe48224fbfa0cd6d17705d9305f857d70ef07b47b55502d04ff71359269,window_91,182.0,192.0,sequence_prediction_error,96.00224277120103,provisional_unverified,9.477045826400051
18385fe48224fbfa0cd6d17705d9305f857d70ef07b47b55502d04ff71359269,window_92,184.0,194.0,sequence_prediction_error,81.78943213476543,provisional_unverified,8.978296341846466
18385fe48224fbfa0cd6d17705d9305f857d70ef07b47b55502d04ff71359269,window_93,186.0,196.0,sequence_prediction_error,89.95559593529619,provisional_unverified,8.012604132102632
18385fe48224fbfa0cd6d17705d9305f857d70ef07b47b55502d04ff71359269,window_94,188.0,198.0,sequence_prediction_error,76.04347170704513,provisional_unverified,10.268058269973148
18385fe48224fbfa0cd6d17705d9305f857d70ef07b47b55502d04ff71359269,window_95,190.0,200.0,sequence_prediction_error,67.85513901863737,provisional_unverified,10.19850406863137
18385fe48224fbfa0cd6d17705d9305f857d70ef07b47b55502d04ff71359269,window_96,192.0,202.0,sequence_prediction_error,75.33611395927399,provisional_unverified,10.551890972712838
18385fe48224fbfa0cd6d17705d9305f857d70ef07b47b55502d04ff71359269,window_97,194.0,204.0,sequence_prediction_error,86.64763624275784,provisional_unverified,14.78274340227102
18385fe48224fbfa0cd6d17705d9305f857d70ef07b47b55502d04ff71359269,window_98,196.0,206.0,sequence_prediction_error,66.32189253493526,provisional_unverified,15.358287688027326
18385fe48224fbfa0cd6d17705d9305f857d70ef07b47b55502d04ff71359269,window_99,198.0,208.0,sequence_prediction_error,69.15898508692868,provisional_unverified,13.736773341804637
18385fe48224fbfa0cd6d17705d9305f857d70ef07b47b55502d04ff71359269,window_100,200.0,210.0,sequence_prediction_error,70.44368658186458,provisional_unverified,13.450879330325982
18385fe48224fbfa0cd6d17705d9305f857d70ef07b47b55502d04ff71359269,window_101,202.0,212.0,sequence_prediction_error,53.140134096060805,provisional_unverified,10.614290030533036
18385fe48224fbfa0cd6d17705d9305f857d70ef07b47b55502d04ff71359269,window_102,204.0,214.0,sequence_prediction_error,36.27284187232784,provisional_unverified,5.702562817762123
18385fe48224fbfa0cd6d17705d9305f857d70ef07b47b55502d04ff71359269,window_103,206.0,216.0,sequence_prediction_error,24.122599938893785,provisional_unverified,4.417629256947966
18385fe48224fbfa0cd6d17705d9305f857d70ef07b47b55502d04ff71359269,window_104,208.0,218.0,sequence_prediction_error,13.217241322212084,provisional_unverified,3.109163149175511
18385fe48224fbfa0cd6d17705d9305f857d70ef07b47b55502d04ff71359269,window_105,210.0,220.0,sequence_prediction_error,3.0418704882489,provisional_unverified,1.3208737281520235
18385fe48224fbfa0cd6d17705d9305f857d70ef07b47b55502d04ff71359269,window_106,212.0,222.0,sequence_prediction_error,1.996789814783124,provisional_unverified,0.8261871074277345
18385fe48224fbfa0cd6d17705d9305f857d70ef07b47b55502d04ff71359269,window_107,214.0,224.0,sequence_prediction_error,1.195763157384497,provisional_unverified,0.4564228074194428
18385fe48224fbfa0cd6d17705d9305f857d70ef07b47b55502d04ff71359269,window_108,216.0,226.0,sequence_prediction_error,1.4813194343266816,provisional_unverified,0.5294571448435815
18385fe48224fbfa0cd6d17705d9305f857d70ef07b47b55502d04ff71359269,window_109,218.0,228.0,sequence_prediction_error,1.3725105965504716,provisional_unverified,0.4471412930530268
27937681c8199780c6cbce603f217d5a4457c351e84fa3cd7cfc62bfd270c550,window_110,0.0,10.0,sequence_prediction_error,1.070633571895423,provisional_unverified,0.03065321194983173
27937681c8199780c6cbce603f217d5a4457c351e84fa3cd7cfc62bfd270c550,window_111,2.0,12.0,sequence_prediction_error,0.05644428151354309,provisional_unverified,0.02065683889113601
27937681c8199780c6cbce603f217d5a4457c351e84fa3cd7cfc62bfd270c550,window_112,4.0,14.0,sequence_prediction_error,0.022289158717611033,provisional_unverified,0.01889786504303963
27937681c8199780c6cbce603f217d5a4457c351e84fa3cd7cfc62bfd270c550,window_113,6.0,16.0,sequence_prediction_error,0.05151771709208269,provisional_unverified,0.042623100220092566
27937681c8199780c6cbce603f217d5a4457c351e84fa3cd7cfc62bfd270c550,window_114,8.0,18.0,sequence_prediction_error,0.16753269202755322,provisional_unverified,0.0545870814145157
27937681c8199780c6cbce603f217d5a4457c351e84fa3cd7cfc62bfd270c550,window_115,10.0,20.0,sequence_prediction_error,0.19628925656006296,provisional_unverified,0.06619717634341538
27937681c8199780c6cbce603f217d5a4457c351e84fa3cd7cfc62bfd270c550,window_116,12.0,22.0,sequence_prediction_error,0.190643418394882,provisional_unverified,0.06587037385475776
27937681c8199780c6cbce603f217d5a4457c351e84fa3cd7cfc62bfd270c550,window_117,14.0,24.0,sequence_prediction_error,0.18828740489925355,provisional_unverified,0.06681565214464605
27937681c8199780c6cbce603f217d5a4457c351e84fa3cd7cfc62bfd270c550,window_118,16.0,26.0,sequence_prediction_error,0.15870966688320182,provisional_unverified,0.047531124828326186
27937681c8199780c6cbce603f217d5a4457c351e84fa3cd7cfc62bfd270c550,window_119,18.0,28.0,sequence_prediction_error,0.044428202578162934,provisional_unverified,0.045027150782576006
27937681c8199780c6cbce603f217d5a4457c351e84fa3cd7cfc62bfd270c550,window_120,20.0,30.0,sequence_prediction_error,0.024561558111055114,provisional_unverified,0.0409215800127821
27937681c8199780c6cbce603f217d5a4457c351e84fa3cd7cfc62bfd270c550,window_121,22.0,32.0,sequence_prediction_error,0.02590909239440976,provisional_unverified,0.043179750577542704
27937681c8199780c6cbce603f217d5a4457c351e84fa3cd7cfc62bfd270c550,window_122,24.0,34.0,sequence_prediction_error,0.027606361684927885,provisional_unverified,0.04559652072470515
27937681c8199780c6cbce603f217d5a4457c351e84fa3cd7cfc62bfd270c550,window_123,26.0,36.0,sequence_prediction_error,0.03427941708636923,provisional_unverified,0.05347632729577132
27937681c8199780c6cbce603f217d5a4457c351e84fa3cd7cfc62bfd270c550,window_124,28.0,38.0,sequence_prediction_error,0.03820917650667451,provisional_unverified,0.05390528353238574
27937681c8199780c6cbce603f217d5a4457c351e84fa3cd7cfc62bfd270c550,window_125,30.0,40.0,sequence_prediction_error,0.04427048879585403,provisional_unverified,0.06028358643969457
27937681c8199780c6cbce603f217d5a4457c351e84fa3cd7cfc62bfd270c550,window_126,32.0,42.0,sequence_prediction_error,0.04980636626901476,provisional_unverified,0.06610468446156774
27937681c8199780c6cbce603f217d5a4457c351e84fa3cd7cfc62bfd270c550,window_127,34.0,44.0,sequence_prediction_error,0.055484388694452984,provisional_unverified,0.07124004421678849
27937681c8199780c6cbce603f217d5a4457c351e84fa3cd7cfc62bfd270c550,window_128,36.0,46.0,sequence_prediction_error,0.05789985026578063,provisional_unverified,0.07199713874214829
27937681c8199780c6cbce603f217d5a4457c351e84fa3cd7cfc62bfd270c550,window_129,38.0,48.0,sequence_prediction_error,0.0605109526509416,provisional_unverified,0.07747554911658135
27937681c8199780c6cbce603f217d5a4457c351e84fa3cd7cfc62bfd270c550,window_130,40.0,50.0,sequence_prediction_error,0.061657323613086956,provisional_unverified,0.07779158730022098
27937681c8199780c6cbce603f217d5a4457c351e84fa3cd7cfc62bfd270c550,window_131,42.0,52.0,sequence_prediction_error,0.06374194830949098,provisional_unverified,0.07804868949128362
27937681c8199780c6cbce603f217d5a4457c351e84fa3cd7cfc62bfd270c550,window_132,44.0,54.0,sequence_prediction_error,0.061985639230385935,provisional_unverified,0.07741138153784247
27937681c8199780c6cbce603f217d5a4457c351e84fa3cd7cfc62bfd270c550,window_133,46.0,56.0,sequence_prediction_error,0.06250083248339254,provisional_unverified,0.07781088226403877
27937681c8199780c6cbce603f217d5a4457c351e84fa3cd7cfc62bfd270c550,window_134,48.0,58.0,sequence_prediction_error,0.06356614875488889,provisional_unverified,0.08768223399379009
27937681c8199780c6cbce603f217d5a4457c351e84fa3cd7cfc62bfd270c550,window_135,50.0,60.0,sequence_prediction_error,0.1331541972246761,provisional_unverified,0.09127195599895117
27937681c8199780c6cbce603f217d5a4457c351e84fa3cd7cfc62bfd270c550,window_136,52.0,62.0,sequence_prediction_error,0.1758822862460373,provisional_unverified,0.08748980455624958
27937681c8199780c6cbce603f217d5a4457c351e84fa3cd7cfc62bfd270c550,window_137,54.0,64.0,sequence_prediction_error,0.17430091332759723,provisional_unverified,0.07982762406246338
27937681c8199780c6cbce603f217d5a4457c351e84fa3cd7cfc62bfd270c550,window_138,56.0,66.0,sequence_prediction_error,0.16946962012864766,provisional_unverified,0.0744594620715368
27937681c8199780c6cbce603f217d5a4457c351e84fa3cd7cfc62bfd270c550,window_139,58.0,68.0,sequence_prediction_error,0.16200606128065292,provisional_unverified,0.06005462800834094
27937681c8199780c6cbce603f217d5a4457c351e84fa3cd7cfc62bfd270c550,window_140,60.0,70.0,sequence_prediction_error,0.08632862452436829,provisional_unverified,0.05193370190946638
27937681c8199780c6cbce603f217d5a4457c351e84fa3cd7cfc62bfd270c550,window_141,62.0,72.0,sequence_prediction_error,0.04176986591459989,provisional_unverified,0.05467251995640172
27937681c8199780c6cbce603f217d5a4457c351e84fa3cd7cfc62bfd270c550,window_142,64.0,74.0,sequence_prediction_error,0.04001740651806356,provisional_unverified,0.05924237211936134
27937681c8199780c6cbce603f217d5a4457c351e84fa3cd7cfc62bfd270c550,window_143,66.0,76.0,sequence_prediction_error,0.04163609608887707,provisional_unverified,0.062638087174277
27937681c8199780c6cbce603f217d5a4457c351e84fa3cd7cfc62bfd270c550,window_144,68.0,78.0,sequence_prediction_error,0.04103997955891715,provisional_unverified,0.06404684292644518
27937681c8199780c6cbce603f217d5a4457c351e84fa3cd7cfc62bfd270c550,window_145,70.0,80.0,sequence_prediction_error,0.04145620511681081,provisional_unverified,0.06493829521277278
27937681c8199780c6cbce603f217d5a4457c351e84fa3cd7cfc62bfd270c550,window_146,72.0,82.0,sequence_prediction_error,0.03502254589542005,provisional_unverified,0.058147777317954785
27937681c8199780c6cbce603f217d5a4457c351e84fa3cd7cfc62bfd270c550,window_147,74.0,84.0,sequence_prediction_error,0.031823161187036104,provisional_unverified,0.053618480011478196
27937681c8199780c6cbce603f217d5a4457c351e84fa3cd7cfc62bfd270c550,window_148,76.0,86.0,sequence_prediction_error,0.02829390587237316,provisional_unverified,0.04902012031669328
27937681c8199780c6cbce603f217d5a4457c351e84fa3cd7cfc62bfd270c550,window_149,78.0,88.0,sequence_prediction_error,0.025598845190916906,provisional_unverified,0.044749793212146574
27937681c8199780c6cbce603f217d5a4457c351e84fa3cd7cfc62bfd270c550,window_150,80.0,90.0,sequence_prediction_error,0.02329366739988577,provisional_unverified,0.04149723071953346
27937681c8199780c6cbce603f217d5a4457c351e84fa3cd7cfc62bfd270c550,window_151,82.0,92.0,sequence_prediction_error,0.024756414923790562,provisional_unverified,0.04307638856737699
27937681c8199780c6cbce603f217d5a4457c351e84fa3cd7cfc62bfd270c550,window_152,84.0,94.0,sequence_prediction_error,0.0258973352723324,provisional_unverified,0.0444170030197432
27937681c8199780c6cbce603f217d5a4457c351e84fa3cd7cfc62bfd270c550,window_153,86.0,96.0,sequence_prediction_error,0.024958826232914778,provisional_unverified,0.04380579707692577
27937681c8199780c6cbce603f217d5a4457c351e84fa3cd7cfc62bfd270c550,window_154,88.0,98.0,sequence_prediction_error,0.02808238962058579,provisional_unverified,0.04798165792184751
27937681c8199780c6cbce603f217d5a4457c351e84fa3cd7cfc62bfd270c550,window_155,90.0,100.0,sequence_prediction_error,0.031290551353035864,provisional_unverified,0.05198171058319277
27937681c8199780c6cbce603f217d5a4457c351e84fa3cd7cfc62bfd270c550,window_156,92.0,102.0,sequence_prediction_error,0.032121802214323196,provisional_unverified,0.053169545915422826
27937681c8199780c6cbce603f217d5a4457c351e84fa3cd7cfc62bfd270c550,window_157,94.0,104.0,sequence_prediction_error,0.03185722106688467,provisional_unverified,0.05416076208601005
27937681c8199780c6cbce603f217d5a4457c351e84fa3cd7cfc62bfd270c550,window_158,96.0,106.0,sequence_prediction_error,0.03305337618605856,provisional_unverified,0.056981984181046344
27937681c8199780c6cbce603f217d5a4457c351e84fa3cd7cfc62bfd270c550,window_159,98.0,108.0,sequence_prediction_error,0.03349791633575474,provisional_unverified,0.057297736835776915
27937681c8199780c6cbce603f217d5a4457c351e84fa3cd7cfc62bfd270c550,window_160,100.0,110.0,sequence_prediction_error,0.032891190001429475,provisional_unverified,0.05711374019802324
27937681c8199780c6cbce603f217d5a4457c351e84fa3cd7cfc62bfd270c550,window_161,102.0,112.0,sequence_prediction_error,0.043922052147836635,provisional_unverified,0.07295788801306294
27937681c8199780c6cbce603f217d5a4457c351e84fa3cd7cfc62bfd270c550,window_162,104.0,114.0,sequence_prediction_error,0.10286370160611431,provisional_unverified,0.06940052885341388
27937681c8199780c6cbce603f217d5a4457c351e84fa3cd7cfc62bfd270c550,window_163,106.0,116.0,sequence_prediction_error,0.27309778431158893,provisional_unverified,0.09460132557441969
27937681c8199780c6cbce603f217d5a4457c351e84fa3cd7cfc62bfd270c550,window_164,108.0,118.0,sequence_prediction_error,0.5987710121870242,provisional_unverified,0.14755887382748786
27937681c8199780c6cbce603f217d5a4457c351e84fa3cd7cfc62bfd270c550,window_165,110.0,120.0,sequence_prediction_error,0.6913001392727127,provisional_unverified,0.14818398073883007
27937681c8199780c6cbce603f217d5a4457c351e84fa3cd7cfc62bfd270c550,window_166,112.0,122.0,sequence_prediction_error,0.6802983348765919,provisional_unverified,0.12829075856186414
27937681c8199780c6cbce603f217d5a4457c351e84fa3cd7cfc62bfd270c550,window_167,114.0,124.0,sequence_prediction_error,0.6188090997717036,provisional_unverified,0.128704641778352
27937681c8199780c6cbce603f217d5a4457c351e84fa3cd7cfc62bfd270c550,window_168,116.0,126.0,sequence_prediction_error,0.44611564207739485,provisional_unverified,0.09971517761296207
27937681c8199780c6cbce603f217d5a4457c351e84fa3cd7cfc62bfd270c550,window_169,118.0,128.0,sequence_prediction_error,0.10844250520672817,provisional_unverified,0.03753912272602513
27937681c8199780c6cbce603f217d5a4457c351e84fa3cd7cfc62bfd270c550,window_170,120.0,130.0,sequence_prediction_error,0.02638375570625579,provisional_unverified,0.036760191085522635
27937681c8199780c6cbce603f217d5a4457c351e84fa3cd7cfc62bfd270c550,window_171,122.0,132.0,sequence_prediction_error,0.027742975969843736,provisional_unverified,0.03971240828302239
27937681c8199780c6cbce603f217d5a4457c351e84fa3cd7cfc62bfd270c550,window_172,124.0,134.0,sequence_prediction_error,0.034499687956080057,provisional_unverified,0.049674916112209484
27937681c8199780c6cbce603f217d5a4457c351e84fa3cd7cfc62bfd270c550,window_173,126.0,136.0,sequence_prediction_error,1.7998377677592843,provisional_unverified,0.23265762905618326
27937681c8199780c6cbce603f217d5a4457c351e84fa3cd7cfc62bfd270c550,window_174,128.0,138.0,sequence_prediction_error,13.964343473544732,provisional_unverified,2.7013117009667096
27937681c8199780c6cbce603f217d5a4457c351e84fa3cd7cfc62bfd270c550,window_175,130.0,140.0,sequence_prediction_error,41.54938470351996,provisional_unverified,5.039055910341228
27937681c8199780c6cbce603f217d5a4457c351e84fa3cd7cfc62bfd270c550,window_176,132.0,142.0,sequence_prediction_error,79.92796073363398,provisional_unverified,9.985409690836862
27937681c8199780c6cbce603f217d5a4457c351e84fa3cd7cfc62bfd270c550,window_177,134.0,144.0,sequence_prediction_error,108.00910651055172,provisional_unverified,12.54878860716442
27937681c8199780c6cbce603f217d5a4457c351e84fa3cd7cfc62bfd270c550,window_178,136.0,146.0,sequence_prediction_error,136.1656469868836,provisional_unverified,14.962514533564573
27937681c8199780c6cbce603f217d5a4457c351e84fa3cd7cfc62bfd270c550,window_179,138.0,148.0,sequence_prediction_error,153.05298107635093,provisional_unverified,15.890351499849
27937681c8199780c6cbce603f217d5a4457c351e84fa3cd7cfc62bfd270c550,window_180,140.0,150.0,sequence_prediction_error,132.92968308749823,provisional_unverified,19.346304567723504
27937681c8199780c6cbce603f217d5a4457c351e84fa3cd7cfc62bfd270c550,window_181,142.0,152.0,sequence_prediction_error,126.93919854584398,provisional_unverified,16.703669233259568
27937681c8199780c6cbce603f217d5a4457c351e84fa3cd7cfc62bfd270c550,window_182,144.0,154.0,sequence_prediction_error,118.5630124510036,provisional_unverified,18.20030699450741
27937681c8199780c6cbce603f217d5a4457c351e84fa3cd7cfc62bfd270c550,window_183,146.0,156.0,sequence_prediction_error,111.33802403725691,provisional_unverified,17.930704512445292
27937681c8199780c6cbce603f217d5a4457c351e84fa3cd7cfc62bfd270c550,window_184,148.0,158.0,sequence_prediction_error,121.82790540427735,provisional_unverified,17.35838049703099
27937681c8199780c6cbce603f217d5a4457c351e84fa3cd7cfc62bfd270c550,window_185,150.0,160.0,sequence_prediction_error,136.72275139488008,provisional_unverified,13.075034715513446
27937681c8199780c6cbce603f217d5a4457c351e84fa3cd7cfc62bfd270c550,window_186,152.0,162.0,sequence_prediction_error,127.29440597392922,provisional_unverified,14.392735784789968
27937681c8199780c6cbce603f217d5a4457c351e84fa3cd7cfc62bfd270c550,window_187,154.0,164.0,sequence_prediction_error,141.43917076713186,provisional_unverified,15.80643276885867
27937681c8199780c6cbce603f217d5a4457c351e84fa3cd7cfc62bfd270c550,window_188,156.0,166.0,sequence_prediction_error,151.88403226868869,provisional_unverified,16.54931011475779
27937681c8199780c6cbce603f217d5a4457c351e84fa3cd7cfc62bfd270c550,window_189,158.0,168.0,sequence_prediction_error,149.7518284806371,provisional_unverified,17.919658378243255
27937681c8199780c6cbce603f217d5a4457c351e84fa3cd7cfc62bfd270c550,window_190,160.0,170.0,sequence_prediction_error,161.13159613051556,provisional_unverified,19.40555559834184
27937681c8199780c6cbce603f217d5a4457c351e84fa3cd7cfc62bfd270c550,window_191,162.0,172.0,sequence_prediction_error,151.39872048731482,provisional_unverified,19.903298422046053
27937681c8199780c6cbce603f217d5a4457c351e84fa3cd7cfc62bfd270c550,window_192,164.0,174.0,sequence_prediction_error,180.2827695796949,provisional_unverified,18.79683161504141
27937681c8199780c6cbce603f217d5a4457c351e84fa3cd7cfc62bfd270c550,window_193,166.0,176.0,sequence_prediction_error,160.7387209890415,provisional_unverified,24.499163032914215
27937681c8199780c6cbce603f217d5a4457c351e84fa3cd7cfc62bfd270c550,window_194,168.0,178.0,sequence_prediction_error,154.25127436787454,provisional_unverified,23.082178454987986
27937681c8199780c6cbce603f217d5a4457c351e84fa3cd7cfc62bfd270c550,window_195,170.0,180.0,sequence_prediction_error,147.35908211242037,provisional_unverified,22.325590328463118
27937681c8199780c6cbce603f217d5a4457c351e84fa3cd7cfc62bfd270c550,window_196,172.0,182.0,sequence_prediction_error,165.0754982576299,provisional_unverified,20.205807250848668
27937681c8199780c6cbce603f217d5a4457c351e84fa3cd7cfc62bfd270c550,window_197,174.0,184.0,sequence_prediction_error,146.63587560992033,provisional_unverified,19.655587322160006
27937681c8199780c6cbce603f217d5a4457c351e84fa3cd7cfc62bfd270c550,window_198,176.0,186.0,sequence_prediction_error,143.84447842605226,provisional_unverified,13.686561748049831
27937681c8199780c6cbce603f217d5a4457c351e84fa3cd7cfc62bfd270c550,window_199,178.0,188.0,sequence_prediction_error,131.93553147702852,provisional_unverified,13.341177678295955
27937681c8199780c6cbce603f217d5a4457c351e84fa3cd7cfc62bfd270c550,window_200,180.0,190.0,sequence_prediction_error,152.51713457750526,provisional_unverified,15.389399916983301
27937681c8199780c6cbce603f217d5a4457c351e84fa3cd7cfc62bfd270c550,window_201,182.0,192.0,sequence_prediction_error,133.36603612803316,provisional_unverified,17.69867016847966
27937681c8199780c6cbce603f217d5a4457c351e84fa3cd7cfc62bfd270c550,window_202,184.0,194.0,sequence_prediction_error,107.71898829305495,provisional_unverified,16.638923278525116
27937681c8199780c6cbce603f217d5a4457c351e84fa3cd7cfc62bfd270c550,window_203,186.0,196.0,sequence_prediction_error,143.60168486185174,provisional_unverified,20.680229009506277
27937681c8199780c6cbce603f217d5a4457c351e84fa3cd7cfc62bfd270c550,window_204,188.0,198.0,sequence_prediction_error,132.43474102487275,provisional_unverified,23.248099659105833
27937681c8199780c6cbce603f217d5a4457c351e84fa3cd7cfc62bfd270c550,window_205,190.0,200.0,sequence_prediction_error,108.52773178352625,provisional_unverified,20.887587210796987
27937681c8199780c6cbce603f217d5a4457c351e84fa3cd7cfc62bfd270c550,window_206,192.0,202.0,sequence_prediction_error,117.67965642738538,provisional_unverified,19.86077067560413
27937681c8199780c6cbce603f217d5a4457c351e84fa3cd7cfc62bfd270c550,window_207,194.0,204.0,sequence_prediction_error,112.3947748221736,provisional_unverified,19.53331910270021
27937681c8199780c6cbce603f217d5a4457c351e84fa3cd7cfc62bfd270c550,window_208,196.0,206.0,sequence_prediction_error,85.14014428058883,provisional_unverified,12.632126144927234
27937681c8199780c6cbce603f217d5a4457c351e84fa3cd7cfc62bfd270c550,window_209,198.0,208.0,sequence_prediction_error,78.12329534867224,provisional_unverified,8.335105459342028
27937681c8199780c6cbce603f217d5a4457c351e84fa3cd7cfc62bfd270c550,window_210,200.0,210.0,sequence_prediction_error,63.90667809014463,provisional_unverified,6.818460422248519
27937681c8199780c6cbce603f217d5a4457c351e84fa3cd7cfc62bfd270c550,window_211,202.0,212.0,sequence_prediction_error,76.27239766928253,provisional_unverified,3.754927727914946
27937681c8199780c6cbce603f217d5a4457c351e84fa3cd7cfc62bfd270c550,window_212,204.0,214.0,sequence_prediction_error,63.53130966382775,provisional_unverified,1.4417941074367613
27937681c8199780c6cbce603f217d5a4457c351e84fa3cd7cfc62bfd270c550,window_213,206.0,216.0,sequence_prediction_error,44.969450697670474,provisional_unverified,1.2205678113188005
27937681c8199780c6cbce603f217d5a4457c351e84fa3cd7cfc62bfd270c550,window_214,208.0,218.0,sequence_prediction_error,43.405948828104705,provisional_unverified,0.9612537886922258
4975a35d789765b9299480af66d6a5af5166fef074cef80facbac97409b84d07,window_215,0.0,10.0,sequence_prediction_error,0.7994297971647247,provisional_unverified,0.05891950433743017
4975a35d789765b9299480af66d6a5af5166fef074cef80facbac97409b84d07,window_216,2.0,12.0,sequence_prediction_error,0.38542874276734074,provisional_unverified,0.046613416982773125
4975a35d789765b9299480af66d6a5af5166fef074cef80facbac97409b84d07,window_217,4.0,14.0,sequence_prediction_error,0.06789385179349793,provisional_unverified,0.039722060907605584
4975a35d789765b9299480af66d6a5af5166fef074cef80facbac97409b84d07,window_218,6.0,16.0,sequence_prediction_error,0.026147208839107015,provisional_unverified,0.03647542535633737
4975a35d789765b9299480af66d6a5af5166fef074cef80facbac97409b84d07,window_219,8.0,18.0,sequence_prediction_error,0.02573704503655593,provisional_unverified,0.03586409287149392
4975a35d789765b9299480af66d6a5af5166fef074cef80facbac97409b84d07,window_220,10.0,20.0,sequence_prediction_error,0.039997657913004254,provisional_unverified,0.04295202056792248
4975a35d789765b9299480af66d6a5af5166fef074cef80facbac97409b84d07,window_221,12.0,22.0,sequence_prediction_error,0.05138587053237164,provisional_unverified,0.036808330285629604
4975a35d789765b9299480af66d6a5af5166fef074cef80facbac97409b84d07,window_222,14.0,24.0,sequence_prediction_error,0.08337904589227511,provisional_unverified,0.036719367410418584
4975a35d789765b9299480af66d6a5af5166fef074cef80facbac97409b84d07,window_223,16.0,26.0,sequence_prediction_error,0.10300214716506581,provisional_unverified,0.03611225931189923
4975a35d789765b9299480af66d6a5af5166fef074cef80facbac97409b84d07,window_224,18.0,28.0,sequence_prediction_error,0.11218204626876623,provisional_unverified,0.03373963067080403
4975a35d789765b9299480af66d6a5af5166fef074cef80facbac97409b84d07,window_225,20.0,30.0,sequence_prediction_error,0.09968482617855823,provisional_unverified,0.02945250813221449
4975a35d789765b9299480af66d6a5af5166fef074cef80facbac97409b84d07,window_226,22.0,32.0,sequence_prediction_error,0.08722791551738719,provisional_unverified,0.034008032270245445
4975a35d789765b9299480af66d6a5af5166fef074cef80facbac97409b84d07,window_227,24.0,34.0,sequence_prediction_error,0.05235439102952049,provisional_unverified,0.03091727344836455
4975a35d789765b9299480af66d6a5af5166fef074cef80facbac97409b84d07,window_228,26.0,36.0,sequence_prediction_error,0.03432082137002463,provisional_unverified,0.033193181043268315
4975a35d789765b9299480af66d6a5af5166fef074cef80facbac97409b84d07,window_229,28.0,38.0,sequence_prediction_error,0.026800072027208893,provisional_unverified,0.03567979261565323
4975a35d789765b9299480af66d6a5af5166fef074cef80facbac97409b84d07,window_230,30.0,40.0,sequence_prediction_error,0.02820038605552538,provisional_unverified,0.03514490187155881
4975a35d789765b9299480af66d6a5af5166fef074cef80facbac97409b84d07,window_231,32.0,42.0,sequence_prediction_error,0.030629438593206017,provisional_unverified,0.03510631711792009
4975a35d789765b9299480af66d6a5af5166fef074cef80facbac97409b84d07,window_232,34.0,44.0,sequence_prediction_error,0.03383976692414691,provisional_unverified,0.036339197924539414
4975a35d789765b9299480af66d6a5af5166fef074cef80facbac97409b84d07,window_233,36.0,46.0,sequence_prediction_error,0.03590675008339966,provisional_unverified,0.0375073222639483
4975a35d789765b9299480af66d6a5af5166fef074cef80facbac97409b84d07,window_234,38.0,48.0,sequence_prediction_error,0.03704420003147131,provisional_unverified,0.03985416211270307
4975a35d789765b9299480af66d6a5af5166fef074cef80facbac97409b84d07,window_235,40.0,50.0,sequence_prediction_error,0.040816185169780014,provisional_unverified,0.04379870226130078
4975a35d789765b9299480af66d6a5af5166fef074cef80facbac97409b84d07,window_236,42.0,52.0,sequence_prediction_error,0.07829958361740198,provisional_unverified,0.04787573699321869
4975a35d789765b9299480af66d6a5af5166fef074cef80facbac97409b84d07,window_237,44.0,54.0,sequence_prediction_error,0.34940300328410845,provisional_unverified,0.07469291778291183
4975a35d789765b9299480af66d6a5af5166fef074cef80facbac97409b84d07,window_238,46.0,56.0,sequence_prediction_error,0.7844521258952396,provisional_unverified,0.11664951364542722
4975a35d789765b9299480af66d6a5af5166fef074cef80facbac97409b84d07,window_239,48.0,58.0,sequence_prediction_error,0.8222678885186676,provisional_unverified,0.1164131569837619
4975a35d789765b9299480af66d6a5af5166fef074cef80facbac97409b84d07,window_240,50.0,60.0,sequence_prediction_error,0.8197330751764035,provisional_unverified,0.11670548731112622
4975a35d789765b9299480af66d6a5af5166fef074cef80facbac97409b84d07,window_241,52.0,62.0,sequence_prediction_error,0.78199087792305,provisional_unverified,0.11597751346514813
4975a35d789765b9299480af66d6a5af5166fef074cef80facbac97409b84d07,window_242,54.0,64.0,sequence_prediction_error,0.5098202395329756,provisional_unverified,0.08214783094946612
4975a35d789765b9299480af66d6a5af5166fef074cef80facbac97409b84d07,window_243,56.0,66.0,sequence_prediction_error,0.07528284181188345,provisional_unverified,0.04322194216309496
4975a35d789765b9299480af66d6a5af5166fef074cef80facbac97409b84d07,window_244,58.0,68.0,sequence_prediction_error,0.04026384528647229,provisional_unverified,0.04688827132290061
4975a35d789765b9299480af66d6a5af5166fef074cef80facbac97409b84d07,window_245,60.0,70.0,sequence_prediction_error,0.04036630345914362,provisional_unverified,0.04651310436608357
4975a35d789765b9299480af66d6a5af5166fef074cef80facbac97409b84d07,window_246,62.0,72.0,sequence_prediction_error,0.03774242264162303,provisional_unverified,0.04394632738796977
4975a35d789765b9299480af66d6a5af5166fef074cef80facbac97409b84d07,window_247,64.0,74.0,sequence_prediction_error,0.04037822477823536,provisional_unverified,0.04852448493423366
4975a35d789765b9299480af66d6a5af5166fef074cef80facbac97409b84d07,window_248,66.0,76.0,sequence_prediction_error,0.040254755653114344,provisional_unverified,0.04821969736922753
4975a35d789765b9299480af66d6a5af5166fef074cef80facbac97409b84d07,window_249,68.0,78.0,sequence_prediction_error,0.04528273360236612,provisional_unverified,0.03667630876893038
4975a35d789765b9299480af66d6a5af5166fef074cef80facbac97409b84d07,window_250,70.0,80.0,sequence_prediction_error,1.4936078756678484,provisional_unverified,0.12903825704481087
4975a35d789765b9299480af66d6a5af5166fef074cef80facbac97409b84d07,window_251,72.0,82.0,sequence_prediction_error,11.044335264586657,provisional_unverified,2.1872778591648467
4975a35d789765b9299480af66d6a5af5166fef074cef80facbac97409b84d07,window_252,74.0,84.0,sequence_prediction_error,32.08757121574967,provisional_unverified,3.621844578642074
4975a35d789765b9299480af66d6a5af5166fef074cef80facbac97409b84d07,window_253,76.0,86.0,sequence_prediction_error,60.85848664981743,provisional_unverified,7.8344945715855125
4975a35d789765b9299480af66d6a5af5166fef074cef80facbac97409b84d07,window_254,78.0,88.0,sequence_prediction_error,98.77336258355601,provisional_unverified,10.330546835441785
4975a35d789765b9299480af66d6a5af5166fef074cef80facbac97409b84d07,window_255,80.0,90.0,sequence_prediction_error,109.2748061373212,provisional_unverified,11.993116123124357
4975a35d789765b9299480af66d6a5af5166fef074cef80facbac97409b84d07,window_256,82.0,92.0,sequence_prediction_error,135.85754928040996,provisional_unverified,10.834735743557665
4975a35d789765b9299480af66d6a5af5166fef074cef80facbac97409b84d07,window_257,84.0,94.0,sequence_prediction_error,120.56026747874945,provisional_unverified,13.238196990879377
4975a35d789765b9299480af66d6a5af5166fef074cef80facbac97409b84d07,window_258,86.0,96.0,sequence_prediction_error,110.45977395386858,provisional_unverified,14.02833777875346
4975a35d789765b9299480af66d6a5af5166fef074cef80facbac97409b84d07,window_259,88.0,98.0,sequence_prediction_error,102.42720059267351,provisional_unverified,14.916399478446271
4975a35d789765b9299480af66d6a5af5166fef074cef80facbac97409b84d07,window_260,90.0,100.0,sequence_prediction_error,114.31251051168522,provisional_unverified,16.812012848875664
4975a35d789765b9299480af66d6a5af5166fef074cef80facbac97409b84d07,window_261,92.0,102.0,sequence_prediction_error,112.02215499626449,provisional_unverified,17.728290275235167
4975a35d789765b9299480af66d6a5af5166fef074cef80facbac97409b84d07,window_262,94.0,104.0,sequence_prediction_error,111.37080474523533,provisional_unverified,16.15837344641538
4975a35d789765b9299480af66d6a5af5166fef074cef80facbac97409b84d07,window_263,96.0,106.0,sequence_prediction_error,119.23930365812717,provisional_unverified,12.297198348347585
4975a35d789765b9299480af66d6a5af5166fef074cef80facbac97409b84d07,window_264,98.0,108.0,sequence_prediction_error,113.92933800266972,provisional_unverified,12.932802061869934
4975a35d789765b9299480af66d6a5af5166fef074cef80facbac97409b84d07,window_265,100.0,110.0,sequence_prediction_error,128.10803486615836,provisional_unverified,12.462516513790682
4975a35d789765b9299480af66d6a5af5166fef074cef80facbac97409b84d07,window_266,102.0,112.0,sequence_prediction_error,130.4229770887462,provisional_unverified,12.764321921161237
4975a35d789765b9299480af66d6a5af5166fef074cef80facbac97409b84d07,window_267,104.0,114.0,sequence_prediction_error,161.41330054478016,provisional_unverified,13.270209520912612
4975a35d789765b9299480af66d6a5af5166fef074cef80facbac97409b84d07,window_268,106.0,116.0,sequence_prediction_error,144.2254735109358,provisional_unverified,16.810893068578554
4975a35d789765b9299480af66d6a5af5166fef074cef80facbac97409b84d07,window_269,108.0,118.0,sequence_prediction_error,148.28654046907405,provisional_unverified,14.721776708937245
4975a35d789765b9299480af66d6a5af5166fef074cef80facbac97409b84d07,window_270,110.0,120.0,sequence_prediction_error,134.11604677941136,provisional_unverified,14.415006974270185
4975a35d789765b9299480af66d6a5af5166fef074cef80facbac97409b84d07,window_271,112.0,122.0,sequence_prediction_error,109.3374181000377,provisional_unverified,14.488187051548671
4975a35d789765b9299480af66d6a5af5166fef074cef80facbac97409b84d07,window_272,114.0,124.0,sequence_prediction_error,97.26899738950934,provisional_unverified,13.00103588762578
4975a35d789765b9299480af66d6a5af5166fef074cef80facbac97409b84d07,window_273,116.0,126.0,sequence_prediction_error,113.590726386453,provisional_unverified,10.139062811847207
4975a35d789765b9299480af66d6a5af5166fef074cef80facbac97409b84d07,window_274,118.0,128.0,sequence_prediction_error,104.57266127271089,provisional_unverified,8.689265616069187
4975a35d789765b9299480af66d6a5af5166fef074cef80facbac97409b84d07,window_275,120.0,130.0,sequence_prediction_error,104.2651028416322,provisional_unverified,8.308036032370014
4975a35d789765b9299480af66d6a5af5166fef074cef80facbac97409b84d07,window_276,122.0,132.0,sequence_prediction_error,114.2575646463971,provisional_unverified,12.733513036083997
4975a35d789765b9299480af66d6a5af5166fef074cef80facbac97409b84d07,window_277,124.0,134.0,sequence_prediction_error,98.07823369379143,provisional_unverified,12.677957405205717
4975a35d789765b9299480af66d6a5af5166fef074cef80facbac97409b84d07,window_278,126.0,136.0,sequence_prediction_error,106.75269490514499,provisional_unverified,11.993711294023809
4975a35d789765b9299480af66d6a5af5166fef074cef80facbac97409b84d07,window_279,128.0,138.0,sequence_prediction_error,94.11958958466374,provisional_unverified,14.497290018953471
4975a35d789765b9299480af66d6a5af5166fef074cef80facbac97409b84d07,window_280,130.0,140.0,sequence_prediction_error,81.79954768517086,provisional_unverified,14.202486808195575
4975a35d789765b9299480af66d6a5af5166fef074cef80facbac97409b84d07,window_281,132.0,142.0,sequence_prediction_error,77.32881879598033,provisional_unverified,11.66915615158802
4975a35d789765b9299480af66d6a5af5166fef074cef80facbac97409b84d07,window_282,134.0,144.0,sequence_prediction_error,75.77401586021142,provisional_unverified,13.661262334478817
4975a35d789765b9299480af66d6a5af5166fef074cef80facbac97409b84d07,window_283,136.0,146.0,sequence_prediction_error,47.65028631421944,provisional_unverified,12.889706349759436
4975a35d789765b9299480af66d6a5af5166fef074cef80facbac97409b84d07,window_284,138.0,148.0,sequence_prediction_error,68.26203147563685,provisional_unverified,11.924184794691534
4975a35d789765b9299480af66d6a5af5166fef074cef80facbac97409b84d07,window_285,140.0,150.0,sequence_prediction_error,64.79629740986208,provisional_unverified,12.492778695748653
4975a35d789765b9299480af66d6a5af5166fef074cef80facbac97409b84d07,window_286,142.0,152.0,sequence_prediction_error,51.72401402698931,provisional_unverified,9.41308637576523
4975a35d789765b9299480af66d6a5af5166fef074cef80facbac97409b84d07,window_287,144.0,154.0,sequence_prediction_error,53.76791596530097,provisional_unverified,6.45741397526619
4975a35d789765b9299480af66d6a5af5166fef074cef80facbac97409b84d07,window_288,146.0,156.0,sequence_prediction_error,52.049466725789934,provisional_unverified,5.843963890601602
4975a35d789765b9299480af66d6a5af5166fef074cef80facbac97409b84d07,window_289,148.0,158.0,sequence_prediction_error,23.22956506333367,provisional_unverified,3.1166782257390095
4975a35d789765b9299480af66d6a5af5166fef074cef80facbac97409b84d07,window_290,150.0,160.0,sequence_prediction_error,17.058685732701704,provisional_unverified,1.1994648042098743
4975a35d789765b9299480af66d6a5af5166fef074cef80facbac97409b84d07,window_291,152.0,162.0,sequence_prediction_error,13.744337896719383,provisional_unverified,0.438262554971319
4975a35d789765b9299480af66d6a5af5166fef074cef80facbac97409b84d07,window_292,154.0,164.0,sequence_prediction_error,4.359328126873848,provisional_unverified,0.42873544586821744
4975a35d789765b9299480af66d6a5af5166fef074cef80facbac97409b84d07,window_293,156.0,166.0,sequence_prediction_error,5.223084666369673,provisional_unverified,0.386595462398688
4975a35d789765b9299480af66d6a5af5166fef074cef80facbac97409b84d07,window_294,158.0,168.0,sequence_prediction_error,6.547172550204759,provisional_unverified,0.31887489242956973
4975a35d789765b9299480af66d6a5af5166fef074cef80facbac97409b84d07,window_295,160.0,170.0,sequence_prediction_error,6.466598615751939,provisional_unverified,0.24557676948242046
4975a35d789765b9299480af66d6a5af5166fef074cef80facbac97409b84d07,window_296,162.0,172.0,sequence_prediction_error,6.073423857297688,provisional_unverified,0.2224014132647238
4975a35d789765b9299480af66d6a5af5166fef074cef80facbac97409b84d07,window_297,164.0,174.0,sequence_prediction_error,5.224138759032007,provisional_unverified,0.10196454338079453
4975a35d789765b9299480af66d6a5af5166fef074cef80facbac97409b84d07,window_298,166.0,176.0,sequence_prediction_error,1.616956662190949,provisional_unverified,0.032065465399239906
4975a35d789765b9299480af66d6a5af5166fef074cef80facbac97409b84d07,window_299,168.0,178.0,sequence_prediction_error,0.16940205163557387,provisional_unverified,0.012308045761644796
4975a35d789765b9299480af66d6a5af5166fef074cef80facbac97409b84d07,window_300,170.0,180.0,sequence_prediction_error,0.04373267310013175,provisional_unverified,0.008705316031657778
4975a35d789765b9299480af66d6a5af5166fef074cef80facbac97409b84d07,window_301,172.0,182.0,sequence_prediction_error,0.04805730968703292,provisional_unverified,0.00830886522279634
4975a35d789765b9299480af66d6a5af5166fef074cef80facbac97409b84d07,window_302,174.0,184.0,sequence_prediction_error,0.04734896229869147,provisional_unverified,0.008479281684033516
4975a35d789765b9299480af66d6a5af5166fef074cef80facbac97409b84d07,window_303,176.0,186.0,sequence_prediction_error,0.04699645430428371,provisional_unverified,0.00753183521004464
4975a35d789765b9299480af66d6a5af5166fef074cef80facbac97409b84d07,window_304,178.0,188.0,sequence_prediction_error,0.04418967637320471,provisional_unverified,0.007231306315948181
4975a35d789765b9299480af66d6a5af5166fef074cef80facbac97409b84d07,window_305,180.0,190.0,sequence_prediction_error,0.06412457809808059,provisional_unverified,0.008556171486405917
4975a35d789765b9299480af66d6a5af5166fef074cef80facbac97409b84d07,window_306,182.0,192.0,sequence_prediction_error,0.11908075618941245,provisional_unverified,0.01208418578072214
4975a35d789765b9299480af66d6a5af5166fef074cef80facbac97409b84d07,window_307,184.0,194.0,sequence_prediction_error,0.19997085569504044,provisional_unverified,0.01937784093300977
4975a35d789765b9299480af66d6a5af5166fef074cef80facbac97409b84d07,window_308,186.0,196.0,sequence_prediction_error,0.48755470190769823,provisional_unverified,0.02989216426526418
4975a35d789765b9299480af66d6a5af5166fef074cef80facbac97409b84d07,window_309,188.0,198.0,sequence_prediction_error,0.5399765283779885,provisional_unverified,0.033585307594900735
4975a35d789765b9299480af66d6a5af5166fef074cef80facbac97409b84d07,window_310,190.0,200.0,sequence_prediction_error,0.5284061174483016,provisional_unverified,0.034442573276563304
4975a35d789765b9299480af66d6a5af5166fef074cef80facbac97409b84d07,window_311,192.0,202.0,sequence_prediction_error,0.493717957827298,provisional_unverified,0.03514636763761346
4975a35d789765b9299480af66d6a5af5166fef074cef80facbac97409b84d07,window_312,194.0,204.0,sequence_prediction_error,0.4336142168471267,provisional_unverified,0.03524545600492108
4975a35d789765b9299480af66d6a5af5166fef074cef80facbac97409b84d07,window_313,196.0,206.0,sequence_prediction_error,0.1439526742838407,provisional_unverified,0.028118119485474068
4975a35d789765b9299480af66d6a5af5166fef074cef80facbac97409b84d07,window_314,198.0,208.0,sequence_prediction_error,0.09186694560851413,provisional_unverified,0.02380367009018902
4975a35d789765b9299480af66d6a5af5166fef074cef80facbac97409b84d07,window_315,200.0,210.0,sequence_prediction_error,0.07782619044875437,provisional_unverified,0.020112983097384508
5790cd1534b1de5ac4693367fe5d8ca6951cd36a7abcd3c778cee8923a932a75,window_316,0.0,10.0,sequence_prediction_error,0.3258196413489559,provisional_unverified,0.14218740376710678
5790cd1534b1de5ac4693367fe5d8ca6951cd36a7abcd3c778cee8923a932a75,window_317,2.0,12.0,sequence_prediction_error,0.35832563788973654,provisional_unverified,0.14636614631899916
5790cd1534b1de5ac4693367fe5d8ca6951cd36a7abcd3c778cee8923a932a75,window_318,4.0,14.0,sequence_prediction_error,0.38654970587419524,provisional_unverified,0.1577450286374759
5790cd1534b1de5ac4693367fe5d8ca6951cd36a7abcd3c778cee8923a932a75,window_319,6.0,16.0,sequence_prediction_error,0.12108423021632161,provisional_unverified,0.032575414173741955
5790cd1534b1de5ac4693367fe5d8ca6951cd36a7abcd3c778cee8923a932a75,window_320,8.0,18.0,sequence_prediction_error,0.15086522426123827,provisional_unverified,0.05401879388583961
5790cd1534b1de5ac4693367fe5d8ca6951cd36a7abcd3c778cee8923a932a75,window_321,10.0,20.0,sequence_prediction_error,0.18377246207805123,provisional_unverified,0.056497392876430096
5790cd1534b1de5ac4693367fe5d8ca6951cd36a7abcd3c778cee8923a932a75,window_322,12.0,22.0,sequence_prediction_error,0.18252749882301322,provisional_unverified,0.06450909982489468
5790cd1534b1de5ac4693367fe5d8ca6951cd36a7abcd3c778cee8923a932a75,window_323,14.0,24.0,sequence_prediction_error,0.15900082771371152,provisional_unverified,0.05459566521296982
5790cd1534b1de5ac4693367fe5d8ca6951cd36a7abcd3c778cee8923a932a75,window_324,16.0,26.0,sequence_prediction_error,0.13092753579431934,provisional_unverified,0.04507472150754289
5c12d7b5eff374be805bae6c5e2906f6c02b6bc3ad6ba70d3674bafd4f16fc15,window_325,0.0,10.0,sequence_prediction_error,0.0839832727446009,provisional_unverified,0.037776162828144784
5c12d7b5eff374be805bae6c5e2906f6c02b6bc3ad6ba70d3674bafd4f16fc15,window_326,2.0,12.0,sequence_prediction_error,0.10332780396144312,provisional_unverified,0.06633458823561673
5c12d7b5eff374be805bae6c5e2906f6c02b6bc3ad6ba70d3674bafd4f16fc15,window_327,4.0,14.0,sequence_prediction_error,0.10679691085939627,provisional_unverified,0.06759644865533197
5c12d7b5eff374be805bae6c5e2906f6c02b6bc3ad6ba70d3674bafd4f16fc15,window_328,6.0,16.0,sequence_prediction_error,0.1060890637906691,provisional_unverified,0.06178015284450925
5c12d7b5eff374be805bae6c5e2906f6c02b6bc3ad6ba70d3674bafd4f16fc15,window_329,8.0,18.0,sequence_prediction_error,0.13088073953691604,provisional_unverified,0.0565560914678716
5c12d7b5eff374be805bae6c5e2906f6c02b6bc3ad6ba70d3674bafd4f16fc15,window_330,10.0,20.0,sequence_prediction_error,0.21306203172809823,provisional_unverified,0.05236815666937833
5c12d7b5eff374be805bae6c5e2906f6c02b6bc3ad6ba70d3674bafd4f16fc15,window_331,12.0,22.0,sequence_prediction_error,0.21855331074649592,provisional_unverified,0.03262117872460917
5c12d7b5eff374be805bae6c5e2906f6c02b6bc3ad6ba70d3674bafd4f16fc15,window_332,14.0,24.0,sequence_prediction_error,0.7734744277153917,provisional_unverified,0.05943097108367851
5c12d7b5eff374be805bae6c5e2906f6c02b6bc3ad6ba70d3674bafd4f16fc15,window_333,16.0,26.0,sequence_prediction_error,0.9634966598138297,provisional_unverified,0.07799396072713759
5c12d7b5eff374be805bae6c5e2906f6c02b6bc3ad6ba70d3674bafd4f16fc15,window_334,18.0,28.0,sequence_prediction_error,1.051592382616422,provisional_unverified,0.11415874971664101
5c12d7b5eff374be805bae6c5e2906f6c02b6bc3ad6ba70d3674bafd4f16fc15,window_335,20.0,30.0,sequence_prediction_error,0.9745592656969874,provisional_unverified,0.11248343637671473
5c12d7b5eff374be805bae6c5e2906f6c02b6bc3ad6ba70d3674bafd4f16fc15,window_336,22.0,32.0,sequence_prediction_error,1.0756518135190989,provisional_unverified,0.10825780321101303
5c12d7b5eff374be805bae6c5e2906f6c02b6bc3ad6ba70d3674bafd4f16fc15,window_337,24.0,34.0,sequence_prediction_error,0.6075844649873808,provisional_unverified,0.08036938042557387
5c12d7b5eff374be805bae6c5e2906f6c02b6bc3ad6ba70d3674bafd4f16fc15,window_338,26.0,36.0,sequence_prediction_error,0.46085905341465266,provisional_unverified,0.07271699043716211
5c12d7b5eff374be805bae6c5e2906f6c02b6bc3ad6ba70d3674bafd4f16fc15,window_339,28.0,38.0,sequence_prediction_error,0.3593188383212449,provisional_unverified,0.05293369232610728
5c12d7b5eff374be805bae6c5e2906f6c02b6bc3ad6ba70d3674bafd4f16fc15,window_340,30.0,40.0,sequence_prediction_error,0.38635479524864197,provisional_unverified,0.059468638598029866
5c12d7b5eff374be805bae6c5e2906f6c02b6bc3ad6ba70d3674bafd4f16fc15,window_341,32.0,42.0,sequence_prediction_error,0.3960702390388111,provisional_unverified,0.10868948199295547
5c12d7b5eff374be805bae6c5e2906f6c02b6bc3ad6ba70d3674bafd4f16fc15,window_342,34.0,44.0,sequence_prediction_error,0.49325756562672557,provisional_unverified,0.16798925969952533
5c12d7b5eff374be805bae6c5e2906f6c02b6bc3ad6ba70d3674bafd4f16fc15,window_343,36.0,46.0,sequence_prediction_error,0.6121718861027924,provisional_unverified,0.19031165898886793
5c12d7b5eff374be805bae6c5e2906f6c02b6bc3ad6ba70d3674bafd4f16fc15,window_344,38.0,48.0,sequence_prediction_error,0.8569983199007893,provisional_unverified,0.2128228613145796
5c12d7b5eff374be805bae6c5e2906f6c02b6bc3ad6ba70d3674bafd4f16fc15,window_345,40.0,50.0,sequence_prediction_error,0.8608437802228414,provisional_unverified,0.20749622388989183
5c12d7b5eff374be805bae6c5e2906f6c02b6bc3ad6ba70d3674bafd4f16fc15,window_346,42.0,52.0,sequence_prediction_error,0.7526691259023872,provisional_unverified,0.15908320546815038
5c12d7b5eff374be805bae6c5e2906f6c02b6bc3ad6ba70d3674bafd4f16fc15,window_347,44.0,54.0,sequence_prediction_error,0.6133371155245373,provisional_unverified,0.11521076418122257
5c12d7b5eff374be805bae6c5e2906f6c02b6bc3ad6ba70d3674bafd4f16fc15,window_348,46.0,56.0,sequence_prediction_error,0.4949335590224014,provisional_unverified,0.10352680307069445
5c12d7b5eff374be805bae6c5e2906f6c02b6bc3ad6ba70d3674bafd4f16fc15,window_349,48.0,58.0,sequence_prediction_error,0.30415356241477504,provisional_unverified,0.11317876931706772
5c12d7b5eff374be805bae6c5e2906f6c02b6bc3ad6ba70d3674bafd4f16fc15,window_350,50.0,60.0,sequence_prediction_error,0.30768422965535686,provisional_unverified,0.1435331807092485
5c12d7b5eff374be805bae6c5e2906f6c02b6bc3ad6ba70d3674bafd4f16fc15,window_351,52.0,62.0,sequence_prediction_error,0.32107386483491157,provisional_unverified,0.16691957706916016
5c12d7b5eff374be805bae6c5e2906f6c02b6bc3ad6ba70d3674bafd4f16fc15,window_352,54.0,64.0,sequence_prediction_error,0.37517166541539826,provisional_unverified,0.21282264859671846
5c12d7b5eff374be805bae6c5e2906f6c02b6bc3ad6ba70d3674bafd4f16fc15,window_353,56.0,66.0,sequence_prediction_error,0.41601159751304184,provisional_unverified,0.2536030730132412
5c12d7b5eff374be805bae6c5e2906f6c02b6bc3ad6ba70d3674bafd4f16fc15,window_354,58.0,68.0,sequence_prediction_error,0.39866438238515345,provisional_unverified,0.2436026193058016
5c12d7b5eff374be805bae6c5e2906f6c02b6bc3ad6ba70d3674bafd4f16fc15,window_355,60.0,70.0,sequence_prediction_error,0.4289637130892637,provisional_unverified,0.25724690718973897
5c12d7b5eff374be805bae6c5e2906f6c02b6bc3ad6ba70d3674bafd4f16fc15,window_356,62.0,72.0,sequence_prediction_error,0.5763122639241346,provisional_unverified,0.27608877133253795
5c12d7b5eff374be805bae6c5e2906f6c02b6bc3ad6ba70d3674bafd4f16fc15,window_357,64.0,74.0,sequence_prediction_error,0.5952497630851603,provisional_unverified,0.2390160992093124
5c12d7b5eff374be805bae6c5e2906f6c02b6bc3ad6ba70d3674bafd4f16fc15,window_358,66.0,76.0,sequence_prediction_error,0.5679030458303146,provisional_unverified,0.1839121406732453
5c12d7b5eff374be805bae6c5e2906f6c02b6bc3ad6ba70d3674bafd4f16fc15,window_359,68.0,78.0,sequence_prediction_error,0.6477466378050493,provisional_unverified,0.1707784997608332
5c12d7b5eff374be805bae6c5e2906f6c02b6bc3ad6ba70d3674bafd4f16fc15,window_360,70.0,80.0,sequence_prediction_error,0.632951146196069,provisional_unverified,0.14039563056304896
5c12d7b5eff374be805bae6c5e2906f6c02b6bc3ad6ba70d3674bafd4f16fc15,window_361,72.0,82.0,sequence_prediction_error,0.5361679301223458,provisional_unverified,0.11950412316555417
5c12d7b5eff374be805bae6c5e2906f6c02b6bc3ad6ba70d3674bafd4f16fc15,window_362,74.0,84.0,sequence_prediction_error,0.46384631908959284,provisional_unverified,0.11941420985931422
5c12d7b5eff374be805bae6c5e2906f6c02b6bc3ad6ba70d3674bafd4f16fc15,window_363,76.0,86.0,sequence_prediction_error,0.45572291076342264,provisional_unverified,0.14079672053262385
5c12d7b5eff374be805bae6c5e2906f6c02b6bc3ad6ba70d3674bafd4f16fc15,window_364,78.0,88.0,sequence_prediction_error,0.3896345426087784,provisional_unverified,0.12740360058352254
5c12d7b5eff374be805bae6c5e2906f6c02b6bc3ad6ba70d3674bafd4f16fc15,window_365,80.0,90.0,sequence_prediction_error,0.40093464741197765,provisional_unverified,0.12319890799850663
5c8af6b8a89a449144e0ddf74414040b433d630e1fd3d3ddc138ec3c4284d97b,window_366,0.0,10.0,sequence_prediction_error,0.12668474775593966,provisional_unverified,0.06521180965661139
5c8af6b8a89a449144e0ddf74414040b433d630e1fd3d3ddc138ec3c4284d97b,window_367,2.0,12.0,sequence_prediction_error,0.13024315619902724,provisional_unverified,0.07150373703830036
5c8af6b8a89a449144e0ddf74414040b433d630e1fd3d3ddc138ec3c4284d97b,window_368,4.0,14.0,sequence_prediction_error,0.13767770641167826,provisional_unverified,0.07343412827003583
5c8af6b8a89a449144e0ddf74414040b433d630e1fd3d3ddc138ec3c4284d97b,window_369,6.0,16.0,sequence_prediction_error,0.1935121917307722,provisional_unverified,0.10052233402872039
5c8af6b8a89a449144e0ddf74414040b433d630e1fd3d3ddc138ec3c4284d97b,window_370,8.0,18.0,sequence_prediction_error,0.17438383869667815,provisional_unverified,0.09557150213163239
5c8af6b8a89a449144e0ddf74414040b433d630e1fd3d3ddc138ec3c4284d97b,window_371,10.0,20.0,sequence_prediction_error,0.33775747744548024,provisional_unverified,0.11210644234191805
5c8af6b8a89a449144e0ddf74414040b433d630e1fd3d3ddc138ec3c4284d97b,window_372,12.0,22.0,sequence_prediction_error,0.9018315831241626,provisional_unverified,0.12969316433938766
5c8af6b8a89a449144e0ddf74414040b433d630e1fd3d3ddc138ec3c4284d97b,window_373,14.0,24.0,sequence_prediction_error,0.9644712592852731,provisional_unverified,0.11921712631059468
5c8af6b8a89a449144e0ddf74414040b433d630e1fd3d3ddc138ec3c4284d97b,window_374,16.0,26.0,sequence_prediction_error,0.9173023419518463,provisional_unverified,0.08885818683680123
5c8af6b8a89a449144e0ddf74414040b433d630e1fd3d3ddc138ec3c4284d97b,window_375,18.0,28.0,sequence_prediction_error,0.9716489936908298,provisional_unverified,0.08682132254732254
5c8af6b8a89a449144e0ddf74414040b433d630e1fd3d3ddc138ec3c4284d97b,window_376,20.0,30.0,sequence_prediction_error,1.190718769453468,provisional_unverified,0.06523551863732573
5c8af6b8a89a449144e0ddf74414040b433d630e1fd3d3ddc138ec3c4284d97b,window_377,22.0,32.0,sequence_prediction_error,0.7906503130334308,provisional_unverified,0.03649217860908962
5c8af6b8a89a449144e0ddf74414040b433d630e1fd3d3ddc138ec3c4284d97b,window_378,24.0,34.0,sequence_prediction_error,0.8128002941241066,provisional_unverified,0.04440743537220206
6732a35a8f6343dcf041f1a3ad40d6760331513a2556c4fae4eea6cd59da89b2,window_379,0.0,10.0,sequence_prediction_error,0.21116740873142617,provisional_unverified,0.03454125995626231
6732a35a8f6343dcf041f1a3ad40d6760331513a2556c4fae4eea6cd59da89b2,window_380,2.0,12.0,sequence_prediction_error,0.15167109905540802,provisional_unverified,0.033767460229554604
6732a35a8f6343dcf041f1a3ad40d6760331513a2556c4fae4eea6cd59da89b2,window_381,4.0,14.0,sequence_prediction_error,0.1244313257512606,provisional_unverified,0.028431881456079538
6732a35a8f6343dcf041f1a3ad40d6760331513a2556c4fae4eea6cd59da89b2,window_382,6.0,16.0,sequence_prediction_error,0.12940494547677256,provisional_unverified,0.025882793054348017
6732a35a8f6343dcf041f1a3ad40d6760331513a2556c4fae4eea6cd59da89b2,window_383,8.0,18.0,sequence_prediction_error,0.17977583551820103,provisional_unverified,0.04150971263851938
6732a35a8f6343dcf041f1a3ad40d6760331513a2556c4fae4eea6cd59da89b2,window_384,10.0,20.0,sequence_prediction_error,0.21158478376686093,provisional_unverified,0.05036698546536592
6732a35a8f6343dcf041f1a3ad40d6760331513a2556c4fae4eea6cd59da89b2,window_385,12.0,22.0,sequence_prediction_error,0.30680927395599095,provisional_unverified,0.09083842459776469
7208a43e77536a72e401c00f01a793130fb6688d28fb8080941e14cc5752b0ca,window_386,0.0,10.0,sequence_prediction_error,0.1933624962271394,provisional_unverified,0.050257332323309124
73093667f33a7f710fc20059989a002071359119e1e9c0a4128b67729755da33,window_387,0.0,10.0,sequence_prediction_error,0.26156044930819167,provisional_unverified,0.1250493638156722
8f799d59c9b5348ece1e5671692ea783d6d5e450ccebe31b6db9ad4f9510f8c5,window_388,0.0,10.0,sequence_prediction_error,89.9398525226001,provisional_unverified,11.496160043116687
8f799d59c9b5348ece1e5671692ea783d6d5e450ccebe31b6db9ad4f9510f8c5,window_389,2.0,12.0,sequence_prediction_error,114.81204699688581,provisional_unverified,13.486530885984005
8f799d59c9b5348ece1e5671692ea783d6d5e450ccebe31b6db9ad4f9510f8c5,window_390,4.0,14.0,sequence_prediction_error,138.96966279698407,provisional_unverified,14.674266334396567
8f799d59c9b5348ece1e5671692ea783d6d5e450ccebe31b6db9ad4f9510f8c5,window_391,6.0,16.0,sequence_prediction_error,152.8710346850953,provisional_unverified,15.418158613519505
8f799d59c9b5348ece1e5671692ea783d6d5e450ccebe31b6db9ad4f9510f8c5,window_392,8.0,18.0,sequence_prediction_error,139.06927477637777,provisional_unverified,18.023398935957164
8f799d59c9b5348ece1e5671692ea783d6d5e450ccebe31b6db9ad4f9510f8c5,window_393,10.0,20.0,sequence_prediction_error,145.63169407443695,provisional_unverified,17.013425948795447
8f799d59c9b5348ece1e5671692ea783d6d5e450ccebe31b6db9ad4f9510f8c5,window_394,12.0,22.0,sequence_prediction_error,147.994602463563,provisional_unverified,20.0402851306571
8f799d59c9b5348ece1e5671692ea783d6d5e450ccebe31b6db9ad4f9510f8c5,window_395,14.0,24.0,sequence_prediction_error,138.15391448249923,provisional_unverified,20.111159032226766
8f799d59c9b5348ece1e5671692ea783d6d5e450ccebe31b6db9ad4f9510f8c5,window_396,16.0,26.0,sequence_prediction_error,123.40463795869955,provisional_unverified,18.652236729929196
8f799d59c9b5348ece1e5671692ea783d6d5e450ccebe31b6db9ad4f9510f8c5,window_397,18.0,28.0,sequence_prediction_error,128.66411398350408,provisional_unverified,14.31813269725968
8f799d59c9b5348ece1e5671692ea783d6d5e450ccebe31b6db9ad4f9510f8c5,window_398,20.0,30.0,sequence_prediction_error,122.09450240230935,provisional_unverified,14.083238296956969
8f799d59c9b5348ece1e5671692ea783d6d5e450ccebe31b6db9ad4f9510f8c5,window_399,22.0,32.0,sequence_prediction_error,111.2468902700762,provisional_unverified,13.138844093712622
8f799d59c9b5348ece1e5671692ea783d6d5e450ccebe31b6db9ad4f9510f8c5,window_400,24.0,34.0,sequence_prediction_error,124.80442859733604,provisional_unverified,14.13366991495297
8f799d59c9b5348ece1e5671692ea783d6d5e450ccebe31b6db9ad4f9510f8c5,window_401,26.0,36.0,sequence_prediction_error,127.67193328039384,provisional_unverified,16.589512135778044
8f799d59c9b5348ece1e5671692ea783d6d5e450ccebe31b6db9ad4f9510f8c5,window_402,28.0,38.0,sequence_prediction_error,145.7782271431944,provisional_unverified,17.517710125636864
8f799d59c9b5348ece1e5671692ea783d6d5e450ccebe31b6db9ad4f9510f8c5,window_403,30.0,40.0,sequence_prediction_error,125.27952703396765,provisional_unverified,19.535895284721967
8f799d59c9b5348ece1e5671692ea783d6d5e450ccebe31b6db9ad4f9510f8c5,window_404,32.0,42.0,sequence_prediction_error,143.53114370285738,provisional_unverified,19.715869739430072
8f799d59c9b5348ece1e5671692ea783d6d5e450ccebe31b6db9ad4f9510f8c5,window_405,34.0,44.0,sequence_prediction_error,142.64457753836112,provisional_unverified,19.57868965346924
8f799d59c9b5348ece1e5671692ea783d6d5e450ccebe31b6db9ad4f9510f8c5,window_406,36.0,46.0,sequence_prediction_error,138.4153480225187,provisional_unverified,20.12408597867044
8f799d59c9b5348ece1e5671692ea783d6d5e450ccebe31b6db9ad4f9510f8c5,window_407,38.0,48.0,sequence_prediction_error,137.88763683022978,provisional_unverified,20.934212971057843
8f799d59c9b5348ece1e5671692ea783d6d5e450ccebe31b6db9ad4f9510f8c5,window_408,40.0,50.0,sequence_prediction_error,158.60885076575224,provisional_unverified,19.48699959674241
8f799d59c9b5348ece1e5671692ea783d6d5e450ccebe31b6db9ad4f9510f8c5,window_409,42.0,52.0,sequence_prediction_error,156.60907291320163,provisional_unverified,16.444360544191802
8f799d59c9b5348ece1e5671692ea783d6d5e450ccebe31b6db9ad4f9510f8c5,window_410,44.0,54.0,sequence_prediction_error,146.10331247258458,provisional_unverified,16.925160326232874
8f799d59c9b5348ece1e5671692ea783d6d5e450ccebe31b6db9ad4f9510f8c5,window_411,46.0,56.0,sequence_prediction_error,142.21855006916564,provisional_unverified,20.145339032407946
8f799d59c9b5348ece1e5671692ea783d6d5e450ccebe31b6db9ad4f9510f8c5,window_412,48.0,58.0,sequence_prediction_error,139.55793935806852,provisional_unverified,19.328398628400038
8f799d59c9b5348ece1e5671692ea783d6d5e450ccebe31b6db9ad4f9510f8c5,window_413,50.0,60.0,sequence_prediction_error,143.25233174329753,provisional_unverified,19.291157041165974
8f799d59c9b5348ece1e5671692ea783d6d5e450ccebe31b6db9ad4f9510f8c5,window_414,52.0,62.0,sequence_prediction_error,121.4923873545224,provisional_unverified,20.62451545894947
8f799d59c9b5348ece1e5671692ea783d6d5e450ccebe31b6db9ad4f9510f8c5,window_415,54.0,64.0,sequence_prediction_error,118.71587776038386,provisional_unverified,20.09178123775185
8f799d59c9b5348ece1e5671692ea783d6d5e450ccebe31b6db9ad4f9510f8c5,window_416,56.0,66.0,sequence_prediction_error,118.55076035764024,provisional_unverified,18.66531031364126
8f799d59c9b5348ece1e5671692ea783d6d5e450ccebe31b6db9ad4f9510f8c5,window_417,58.0,68.0,sequence_prediction_error,97.92409299531607,provisional_unverified,19.634211024450426
8f799d59c9b5348ece1e5671692ea783d6d5e450ccebe31b6db9ad4f9510f8c5,window_418,60.0,70.0,sequence_prediction_error,92.93782964689942,provisional_unverified,17.847270404570956
8f799d59c9b5348ece1e5671692ea783d6d5e450ccebe31b6db9ad4f9510f8c5,window_419,62.0,72.0,sequence_prediction_error,100.76102681285298,provisional_unverified,20.027958458074554
8f799d59c9b5348ece1e5671692ea783d6d5e450ccebe31b6db9ad4f9510f8c5,window_420,64.0,74.0,sequence_prediction_error,82.39694377273709,provisional_unverified,17.928347570486395
8f799d59c9b5348ece1e5671692ea783d6d5e450ccebe31b6db9ad4f9510f8c5,window_421,66.0,76.0,sequence_prediction_error,55.376749133947186,provisional_unverified,11.739392050621237
8f799d59c9b5348ece1e5671692ea783d6d5e450ccebe31b6db9ad4f9510f8c5,window_422,68.0,78.0,sequence_prediction_error,48.110387431968185,provisional_unverified,8.00356047035638
8f799d59c9b5348ece1e5671692ea783d6d5e450ccebe31b6db9ad4f9510f8c5,window_423,70.0,80.0,sequence_prediction_error,21.69390924259557,provisional_unverified,6.491238409958534
8f799d59c9b5348ece1e5671692ea783d6d5e450ccebe31b6db9ad4f9510f8c5,window_424,72.0,82.0,sequence_prediction_error,5.774660281136967,provisional_unverified,1.9780698812161297
8f799d59c9b5348ece1e5671692ea783d6d5e450ccebe31b6db9ad4f9510f8c5,window_425,74.0,84.0,sequence_prediction_error,2.9057895071679885,provisional_unverified,0.6748310767899012
8f799d59c9b5348ece1e5671692ea783d6d5e450ccebe31b6db9ad4f9510f8c5,window_426,76.0,86.0,sequence_prediction_error,2.750053873260449,provisional_unverified,0.5441578337660059
8f799d59c9b5348ece1e5671692ea783d6d5e450ccebe31b6db9ad4f9510f8c5,window_427,78.0,88.0,sequence_prediction_error,2.9174479578893777,provisional_unverified,0.6123452291223976
8f799d59c9b5348ece1e5671692ea783d6d5e450ccebe31b6db9ad4f9510f8c5,window_428,80.0,90.0,sequence_prediction_error,1.9880020007223778,provisional_unverified,0.46894270558543677
8f799d59c9b5348ece1e5671692ea783d6d5e450ccebe31b6db9ad4f9510f8c5,window_429,82.0,92.0,sequence_prediction_error,0.9327331155470653,provisional_unverified,0.30494702308066207
8f799d59c9b5348ece1e5671692ea783d6d5e450ccebe31b6db9ad4f9510f8c5,window_430,84.0,94.0,sequence_prediction_error,0.9873549927193666,provisional_unverified,0.284740698450318
8f799d59c9b5348ece1e5671692ea783d6d5e450ccebe31b6db9ad4f9510f8c5,window_431,86.0,96.0,sequence_prediction_error,0.8293427159216121,provisional_unverified,0.23239443974955143
8f799d59c9b5348ece1e5671692ea783d6d5e450ccebe31b6db9ad4f9510f8c5,window_432,88.0,98.0,sequence_prediction_error,0.5960942545473995,provisional_unverified,0.14482633112483723
8f799d59c9b5348ece1e5671692ea783d6d5e450ccebe31b6db9ad4f9510f8c5,window_433,90.0,100.0,sequence_prediction_error,0.6454801496739067,provisional_unverified,0.17377100735013365
8f799d59c9b5348ece1e5671692ea783d6d5e450ccebe31b6db9ad4f9510f8c5,window_434,92.0,102.0,sequence_prediction_error,0.6323310435292177,provisional_unverified,0.21422901105466657
8f799d59c9b5348ece1e5671692ea783d6d5e450ccebe31b6db9ad4f9510f8c5,window_435,94.0,104.0,sequence_prediction_error,0.5777413096996753,provisional_unverified,0.24781140634850285
8f799d59c9b5348ece1e5671692ea783d6d5e450ccebe31b6db9ad4f9510f8c5,window_436,96.0,106.0,sequence_prediction_error,0.5267771176303345,provisional_unverified,0.2644185850597583
8f799d59c9b5348ece1e5671692ea783d6d5e450ccebe31b6db9ad4f9510f8c5,window_437,98.0,108.0,sequence_prediction_error,0.7659128392739857,provisional_unverified,0.24701732033671484
9116cbf4be063f5be851f65778ddfb91d60bdd5aa52e7211426769a6b2ce6f86,window_438,0.0,10.0,sequence_prediction_error,0.15190327477286203,provisional_unverified,0.02567673135497892
9116cbf4be063f5be851f65778ddfb91d60bdd5aa52e7211426769a6b2ce6f86,window_439,2.0,12.0,sequence_prediction_error,0.16411478427659137,provisional_unverified,0.021195436228096675
9116cbf4be063f5be851f65778ddfb91d60bdd5aa52e7211426769a6b2ce6f86,window_440,4.0,14.0,sequence_prediction_error,0.18010674310884225,provisional_unverified,0.022019056908641355
9116cbf4be063f5be851f65778ddfb91d60bdd5aa52e7211426769a6b2ce6f86,window_441,6.0,16.0,sequence_prediction_error,0.19545064134105042,provisional_unverified,0.021243735603157326
9116cbf4be063f5be851f65778ddfb91d60bdd5aa52e7211426769a6b2ce6f86,window_442,8.0,18.0,sequence_prediction_error,0.21877013444206633,provisional_unverified,0.0222159884804502
9116cbf4be063f5be851f65778ddfb91d60bdd5aa52e7211426769a6b2ce6f86,window_443,10.0,20.0,sequence_prediction_error,0.1838115574069514,provisional_unverified,0.01555373860832261
9116cbf4be063f5be851f65778ddfb91d60bdd5aa52e7211426769a6b2ce6f86,window_444,12.0,22.0,sequence_prediction_error,0.1918611338134471,provisional_unverified,0.017149272825652154
9116cbf4be063f5be851f65778ddfb91d60bdd5aa52e7211426769a6b2ce6f86,window_445,14.0,24.0,sequence_prediction_error,0.19001415801133306,provisional_unverified,0.017001891743487676
9116cbf4be063f5be851f65778ddfb91d60bdd5aa52e7211426769a6b2ce6f86,window_446,16.0,26.0,sequence_prediction_error,0.19858758418638342,provisional_unverified,0.018311285443758856
9116cbf4be063f5be851f65778ddfb91d60bdd5aa52e7211426769a6b2ce6f86,window_447,18.0,28.0,sequence_prediction_error,0.18724597866741496,provisional_unverified,0.016669561973538367
9116cbf4be063f5be851f65778ddfb91d60bdd5aa52e7211426769a6b2ce6f86,window_448,20.0,30.0,sequence_prediction_error,0.1886115958150238,provisional_unverified,0.017418159108356864
9116cbf4be063f5be851f65778ddfb91d60bdd5aa52e7211426769a6b2ce6f86,window_449,22.0,32.0,sequence_prediction_error,0.18442107552214043,provisional_unverified,0.0184674642948582
9116cbf4be063f5be851f65778ddfb91d60bdd5aa52e7211426769a6b2ce6f86,window_450,24.0,34.0,sequence_prediction_error,0.18503260878258473,provisional_unverified,0.02053374525099486
9116cbf4be063f5be851f65778ddfb91d60bdd5aa52e7211426769a6b2ce6f86,window_451,26.0,36.0,sequence_prediction_error,0.17929546696187199,provisional_unverified,0.02162374751603964
9116cbf4be063f5be851f65778ddfb91d60bdd5aa52e7211426769a6b2ce6f86,window_452,28.0,38.0,sequence_prediction_error,0.18487417467075778,provisional_unverified,0.023207695755699073
9116cbf4be063f5be851f65778ddfb91d60bdd5aa52e7211426769a6b2ce6f86,window_453,30.0,40.0,sequence_prediction_error,0.18473470834750677,provisional_unverified,0.026849054881965456
9116cbf4be063f5be851f65778ddfb91d60bdd5aa52e7211426769a6b2ce6f86,window_454,32.0,42.0,sequence_prediction_error,0.1811330580309781,provisional_unverified,0.028679297771197064
9116cbf4be063f5be851f65778ddfb91d60bdd5aa52e7211426769a6b2ce6f86,window_455,34.0,44.0,sequence_prediction_error,0.17980189299859298,provisional_unverified,0.03398273006088487
9116cbf4be063f5be851f65778ddfb91d60bdd5aa52e7211426769a6b2ce6f86,window_456,36.0,46.0,sequence_prediction_error,0.17410625284333295,provisional_unverified,0.039225404097552784
9116cbf4be063f5be851f65778ddfb91d60bdd5aa52e7211426769a6b2ce6f86,window_457,38.0,48.0,sequence_prediction_error,0.1725532810615254,provisional_unverified,0.03937399530429631
9116cbf4be063f5be851f65778ddfb91d60bdd5aa52e7211426769a6b2ce6f86,window_458,40.0,50.0,sequence_prediction_error,0.2630203563067284,provisional_unverified,0.06439910129112116
9116cbf4be063f5be851f65778ddfb91d60bdd5aa52e7211426769a6b2ce6f86,window_459,42.0,52.0,sequence_prediction_error,0.43566238138960456,provisional_unverified,0.09919930817794043
9116cbf4be063f5be851f65778ddfb91d60bdd5aa52e7211426769a6b2ce6f86,window_460,44.0,54.0,sequence_prediction_error,0.5068076224762069,provisional_unverified,0.10673645430719927
9116cbf4be063f5be851f65778ddfb91d60bdd5aa52e7211426769a6b2ce6f86,window_461,46.0,56.0,sequence_prediction_error,0.500356637035413,provisional_unverified,0.10162188687691451
9116cbf4be063f5be851f65778ddfb91d60bdd5aa52e7211426769a6b2ce6f86,window_462,48.0,58.0,sequence_prediction_error,0.4930699619711545,provisional_unverified,0.10121225714721362
9116cbf4be063f5be851f65778ddfb91d60bdd5aa52e7211426769a6b2ce6f86,window_463,50.0,60.0,sequence_prediction_error,0.3817421433991435,provisional_unverified,0.07366558322995193
9116cbf4be063f5be851f65778ddfb91d60bdd5aa52e7211426769a6b2ce6f86,window_464,52.0,62.0,sequence_prediction_error,0.20341990192977427,provisional_unverified,0.0367134705935745
9116cbf4be063f5be851f65778ddfb91d60bdd5aa52e7211426769a6b2ce6f86,window_465,54.0,64.0,sequence_prediction_error,0.12381227457357519,provisional_unverified,0.027592302075930705
9116cbf4be063f5be851f65778ddfb91d60bdd5aa52e7211426769a6b2ce6f86,window_466,56.0,66.0,sequence_prediction_error,0.12556188253468284,provisional_unverified,0.02772501665114111
9116cbf4be063f5be851f65778ddfb91d60bdd5aa52e7211426769a6b2ce6f86,window_467,58.0,68.0,sequence_prediction_error,0.12105852692989515,provisional_unverified,0.029254279855790294
9116cbf4be063f5be851f65778ddfb91d60bdd5aa52e7211426769a6b2ce6f86,window_468,60.0,70.0,sequence_prediction_error,0.12074897328691207,provisional_unverified,0.030302092612755953
9116cbf4be063f5be851f65778ddfb91d60bdd5aa52e7211426769a6b2ce6f86,window_469,62.0,72.0,sequence_prediction_error,0.12086655926045034,provisional_unverified,0.030820580635802758
9116cbf4be063f5be851f65778ddfb91d60bdd5aa52e7211426769a6b2ce6f86,window_470,64.0,74.0,sequence_prediction_error,0.12025529023856667,provisional_unverified,0.030019406033789296
9116cbf4be063f5be851f65778ddfb91d60bdd5aa52e7211426769a6b2ce6f86,window_471,66.0,76.0,sequence_prediction_error,0.11946155967298698,provisional_unverified,0.03227827656672145
9116cbf4be063f5be851f65778ddfb91d60bdd5aa52e7211426769a6b2ce6f86,window_472,68.0,78.0,sequence_prediction_error,0.11965168041579953,provisional_unverified,0.03522936426905398
9116cbf4be063f5be851f65778ddfb91d60bdd5aa52e7211426769a6b2ce6f86,window_473,70.0,80.0,sequence_prediction_error,0.5705518368673591,provisional_unverified,0.08016389374445582
9116cbf4be063f5be851f65778ddfb91d60bdd5aa52e7211426769a6b2ce6f86,window_474,72.0,82.0,sequence_prediction_error,3.269798999221971,provisional_unverified,0.6049255187042617
9116cbf4be063f5be851f65778ddfb91d60bdd5aa52e7211426769a6b2ce6f86,window_475,74.0,84.0,sequence_prediction_error,10.801851654971157,provisional_unverified,1.0964414093796053
9116cbf4be063f5be851f65778ddfb91d60bdd5aa52e7211426769a6b2ce6f86,window_476,76.0,86.0,sequence_prediction_error,23.43735840388692,provisional_unverified,1.7527462847592377
9116cbf4be063f5be851f65778ddfb91d60bdd5aa52e7211426769a6b2ce6f86,window_477,78.0,88.0,sequence_prediction_error,37.387395006888,provisional_unverified,4.736804678076327
9116cbf4be063f5be851f65778ddfb91d60bdd5aa52e7211426769a6b2ce6f86,window_478,80.0,90.0,sequence_prediction_error,56.755584035220956,provisional_unverified,6.644238798803954
9116cbf4be063f5be851f65778ddfb91d60bdd5aa52e7211426769a6b2ce6f86,window_479,82.0,92.0,sequence_prediction_error,65.77959089579517,provisional_unverified,7.18029725254302
9116cbf4be063f5be851f65778ddfb91d60bdd5aa52e7211426769a6b2ce6f86,window_480,84.0,94.0,sequence_prediction_error,80.21242935748357,provisional_unverified,7.217440448747268
9116cbf4be063f5be851f65778ddfb91d60bdd5aa52e7211426769a6b2ce6f86,window_481,86.0,96.0,sequence_prediction_error,79.67206757828832,provisional_unverified,7.618782412560465
9116cbf4be063f5be851f65778ddfb91d60bdd5aa52e7211426769a6b2ce6f86,window_482,88.0,98.0,sequence_prediction_error,71.73784848745373,provisional_unverified,9.56412821936867
9116cbf4be063f5be851f65778ddfb91d60bdd5aa52e7211426769a6b2ce6f86,window_483,90.0,100.0,sequence_prediction_error,56.171587849483075,provisional_unverified,9.381556423736473
9116cbf4be063f5be851f65778ddfb91d60bdd5aa52e7211426769a6b2ce6f86,window_484,92.0,102.0,sequence_prediction_error,60.43881809925233,provisional_unverified,8.753305632821824
9116cbf4be063f5be851f65778ddfb91d60bdd5aa52e7211426769a6b2ce6f86,window_485,94.0,104.0,sequence_prediction_error,42.28951294537479,provisional_unverified,10.057560113969194
9116cbf4be063f5be851f65778ddfb91d60bdd5aa52e7211426769a6b2ce6f86,window_486,96.0,106.0,sequence_prediction_error,36.784090447440576,provisional_unverified,9.189235039343615
9116cbf4be063f5be851f65778ddfb91d60bdd5aa52e7211426769a6b2ce6f86,window_487,98.0,108.0,sequence_prediction_error,35.842948934098466,provisional_unverified,4.969141903308107
9116cbf4be063f5be851f65778ddfb91d60bdd5aa52e7211426769a6b2ce6f86,window_488,100.0,110.0,sequence_prediction_error,45.91129770699159,provisional_unverified,3.9892228105330787
9116cbf4be063f5be851f65778ddfb91d60bdd5aa52e7211426769a6b2ce6f86,window_489,102.0,112.0,sequence_prediction_error,35.06156049839892,provisional_unverified,4.433477077439971
9116cbf4be063f5be851f65778ddfb91d60bdd5aa52e7211426769a6b2ce6f86,window_490,104.0,114.0,sequence_prediction_error,41.57916555136988,provisional_unverified,3.5003113740941267
9116cbf4be063f5be851f65778ddfb91d60bdd5aa52e7211426769a6b2ce6f86,window_491,106.0,116.0,sequence_prediction_error,42.27114043225536,provisional_unverified,4.410478474107723
9116cbf4be063f5be851f65778ddfb91d60bdd5aa52e7211426769a6b2ce6f86,window_492,108.0,118.0,sequence_prediction_error,46.99324126342242,provisional_unverified,5.364724433864926
9116cbf4be063f5be851f65778ddfb91d60bdd5aa52e7211426769a6b2ce6f86,window_493,110.0,120.0,sequence_prediction_error,47.5026030772,provisional_unverified,5.779241236681264
9116cbf4be063f5be851f65778ddfb91d60bdd5aa52e7211426769a6b2ce6f86,window_494,112.0,122.0,sequence_prediction_error,58.22860616416754,provisional_unverified,5.51363676615587
9116cbf4be063f5be851f65778ddfb91d60bdd5aa52e7211426769a6b2ce6f86,window_495,114.0,124.0,sequence_prediction_error,64.18135296004037,provisional_unverified,5.443717403923857
9116cbf4be063f5be851f65778ddfb91d60bdd5aa52e7211426769a6b2ce6f86,window_496,116.0,126.0,sequence_prediction_error,63.5408044614534,provisional_unverified,5.273232093564131
9116cbf4be063f5be851f65778ddfb91d60bdd5aa52e7211426769a6b2ce6f86,window_497,118.0,128.0,sequence_prediction_error,54.284788280772275,provisional_unverified,5.086751420491784
9116cbf4be063f5be851f65778ddfb91d60bdd5aa52e7211426769a6b2ce6f86,window_498,120.0,130.0,sequence_prediction_error,64.79111512750532,provisional_unverified,5.096081212829321
9116cbf4be063f5be851f65778ddfb91d60bdd5aa52e7211426769a6b2ce6f86,window_499,122.0,132.0,sequence_prediction_error,62.93099917153364,provisional_unverified,5.378327615090763
9116cbf4be063f5be851f65778ddfb91d60bdd5aa52e7211426769a6b2ce6f86,window_500,124.0,134.0,sequence_prediction_error,49.043426810074834,provisional_unverified,6.638490769983203
9116cbf4be063f5be851f65778ddfb91d60bdd5aa52e7211426769a6b2ce6f86,window_501,126.0,136.0,sequence_prediction_error,54.81709113205246,provisional_unverified,5.975617930087528
9116cbf4be063f5be851f65778ddfb91d60bdd5aa52e7211426769a6b2ce6f86,window_502,128.0,138.0,sequence_prediction_error,67.29976457828994,provisional_unverified,5.329526544063007
9116cbf4be063f5be851f65778ddfb91d60bdd5aa52e7211426769a6b2ce6f86,window_503,130.0,140.0,sequence_prediction_error,68.11670569152591,provisional_unverified,5.36519504087119
9116cbf4be063f5be851f65778ddfb91d60bdd5aa52e7211426769a6b2ce6f86,window_504,132.0,142.0,sequence_prediction_error,70.43682116936174,provisional_unverified,5.44616758908075
9116cbf4be063f5be851f65778ddfb91d60bdd5aa52e7211426769a6b2ce6f86,window_505,134.0,144.0,sequence_prediction_error,85.79178226509603,provisional_unverified,4.788999638183361
9116cbf4be063f5be851f65778ddfb91d60bdd5aa52e7211426769a6b2ce6f86,window_506,136.0,146.0,sequence_prediction_error,78.17769627447367,provisional_unverified,5.543086095007619
9116cbf4be063f5be851f65778ddfb91d60bdd5aa52e7211426769a6b2ce6f86,window_507,138.0,148.0,sequence_prediction_error,64.76990159175195,provisional_unverified,5.715136748947475
9116cbf4be063f5be851f65778ddfb91d60bdd5aa52e7211426769a6b2ce6f86,window_508,140.0,150.0,sequence_prediction_error,49.23352857416191,provisional_unverified,4.997268669338346
9116cbf4be063f5be851f65778ddfb91d60bdd5aa52e7211426769a6b2ce6f86,window_509,142.0,152.0,sequence_prediction_error,56.20396507551385,provisional_unverified,4.951770339507703
9116cbf4be063f5be851f65778ddfb91d60bdd5aa52e7211426769a6b2ce6f86,window_510,144.0,154.0,sequence_prediction_error,45.00267838842864,provisional_unverified,5.758662360208822
9116cbf4be063f5be851f65778ddfb91d60bdd5aa52e7211426769a6b2ce6f86,window_511,146.0,156.0,sequence_prediction_error,47.82653867420303,provisional_unverified,6.004670487995024
9116cbf4be063f5be851f65778ddfb91d60bdd5aa52e7211426769a6b2ce6f86,window_512,148.0,158.0,sequence_prediction_error,60.72165817033314,provisional_unverified,7.8477005471960215
9116cbf4be063f5be851f65778ddfb91d60bdd5aa52e7211426769a6b2ce6f86,window_513,150.0,160.0,sequence_prediction_error,58.24440368055315,provisional_unverified,9.638897716353277
9116cbf4be063f5be851f65778ddfb91d60bdd5aa52e7211426769a6b2ce6f86,window_514,152.0,162.0,sequence_prediction_error,37.958207466932784,provisional_unverified,9.747461908065949
9116cbf4be063f5be851f65778ddfb91d60bdd5aa52e7211426769a6b2ce6f86,window_515,154.0,164.0,sequence_prediction_error,33.387413237563116,provisional_unverified,8.076975361323264
9116cbf4be063f5be851f65778ddfb91d60bdd5aa52e7211426769a6b2ce6f86,window_516,156.0,166.0,sequence_prediction_error,44.09104366798288,provisional_unverified,7.193636644429716
9116cbf4be063f5be851f65778ddfb91d60bdd5aa52e7211426769a6b2ce6f86,window_517,158.0,168.0,sequence_prediction_error,33.145867229255174,provisional_unverified,5.828755011326866
9116cbf4be063f5be851f65778ddfb91d60bdd5aa52e7211426769a6b2ce6f86,window_518,160.0,170.0,sequence_prediction_error,28.966235971197822,provisional_unverified,4.668307563871401
9116cbf4be063f5be851f65778ddfb91d60bdd5aa52e7211426769a6b2ce6f86,window_519,162.0,172.0,sequence_prediction_error,27.531939194473132,provisional_unverified,4.636043479557124
9116cbf4be063f5be851f65778ddfb91d60bdd5aa52e7211426769a6b2ce6f86,window_520,164.0,174.0,sequence_prediction_error,28.038474037819768,provisional_unverified,4.665727304034477
9116cbf4be063f5be851f65778ddfb91d60bdd5aa52e7211426769a6b2ce6f86,window_521,166.0,176.0,sequence_prediction_error,11.079430512528523,provisional_unverified,4.167933843334438
9116cbf4be063f5be851f65778ddfb91d60bdd5aa52e7211426769a6b2ce6f86,window_522,168.0,178.0,sequence_prediction_error,7.33317200281514,provisional_unverified,2.7746114376624122
9116cbf4be063f5be851f65778ddfb91d60bdd5aa52e7211426769a6b2ce6f86,window_523,170.0,180.0,sequence_prediction_error,4.775814106628867,provisional_unverified,1.584548241812535
9116cbf4be063f5be851f65778ddfb91d60bdd5aa52e7211426769a6b2ce6f86,window_524,172.0,182.0,sequence_prediction_error,3.6082712957581298,provisional_unverified,0.7667693360206748
9116cbf4be063f5be851f65778ddfb91d60bdd5aa52e7211426769a6b2ce6f86,window_525,174.0,184.0,sequence_prediction_error,1.418835315670249,provisional_unverified,0.5788952673690227
9116cbf4be063f5be851f65778ddfb91d60bdd5aa52e7211426769a6b2ce6f86,window_526,176.0,186.0,sequence_prediction_error,1.1856245123102738,provisional_unverified,0.5305218763396452
9116cbf4be063f5be851f65778ddfb91d60bdd5aa52e7211426769a6b2ce6f86,window_527,178.0,188.0,sequence_prediction_error,1.5010191552367718,provisional_unverified,0.6069849940245046
9116cbf4be063f5be851f65778ddfb91d60bdd5aa52e7211426769a6b2ce6f86,window_528,180.0,190.0,sequence_prediction_error,1.7216194808438618,provisional_unverified,0.7436661354612453
9116cbf4be063f5be851f65778ddfb91d60bdd5aa52e7211426769a6b2ce6f86,window_529,182.0,192.0,sequence_prediction_error,1.8414723393559556,provisional_unverified,0.8706105362151918
9116cbf4be063f5be851f65778ddfb91d60bdd5aa52e7211426769a6b2ce6f86,window_530,184.0,194.0,sequence_prediction_error,1.255804619702146,provisional_unverified,0.5831627983582808
9116cbf4be063f5be851f65778ddfb91d60bdd5aa52e7211426769a6b2ce6f86,window_531,186.0,196.0,sequence_prediction_error,1.2457026519516397,provisional_unverified,0.6076461558956591
9116cbf4be063f5be851f65778ddfb91d60bdd5aa52e7211426769a6b2ce6f86,window_532,188.0,198.0,sequence_prediction_error,3.478824245778931,provisional_unverified,0.571476042214202
9116cbf4be063f5be851f65778ddfb91d60bdd5aa52e7211426769a6b2ce6f86,window_533,190.0,200.0,sequence_prediction_error,4.679694619244746,provisional_unverified,0.4660958915061128
9116cbf4be063f5be851f65778ddfb91d60bdd5aa52e7211426769a6b2ce6f86,window_534,192.0,202.0,sequence_prediction_error,4.464558219411553,provisional_unverified,0.2913144777788295
9116cbf4be063f5be851f65778ddfb91d60bdd5aa52e7211426769a6b2ce6f86,window_535,194.0,204.0,sequence_prediction_error,4.229493072489199,provisional_unverified,0.1320146945870294
9116cbf4be063f5be851f65778ddfb91d60bdd5aa52e7211426769a6b2ce6f86,window_536,196.0,206.0,sequence_prediction_error,4.036267907344603,provisional_unverified,0.07652117845051609
9116cbf4be063f5be851f65778ddfb91d60bdd5aa52e7211426769a6b2ce6f86,window_537,198.0,208.0,sequence_prediction_error,1.3939555324418853,provisional_unverified,0.034633880743094266
9116cbf4be063f5be851f65778ddfb91d60bdd5aa52e7211426769a6b2ce6f86,window_538,200.0,210.0,sequence_prediction_error,0.04877013894858256,provisional_unverified,0.005648228982916607
9116cbf4be063f5be851f65778ddfb91d60bdd5aa52e7211426769a6b2ce6f86,window_539,202.0,212.0,sequence_prediction_error,0.047700780372581346,provisional_unverified,0.0058624011977202765
9116cbf4be063f5be851f65778ddfb91d60bdd5aa52e7211426769a6b2ce6f86,window_540,204.0,214.0,sequence_prediction_error,0.047353413368600335,provisional_unverified,0.005837828013578533
9116cbf4be063f5be851f65778ddfb91d60bdd5aa52e7211426769a6b2ce6f86,window_541,206.0,216.0,sequence_prediction_error,0.04801847512517475,provisional_unverified,0.005882488378708065
9116cbf4be063f5be851f65778ddfb91d60bdd5aa52e7211426769a6b2ce6f86,window_542,208.0,218.0,sequence_prediction_error,0.0466480029558914,provisional_unverified,0.004572745318441862
9116cbf4be063f5be851f65778ddfb91d60bdd5aa52e7211426769a6b2ce6f86,window_543,210.0,220.0,sequence_prediction_error,0.046224119290921815,provisional_unverified,0.003076405205859856
9116cbf4be063f5be851f65778ddfb91d60bdd5aa52e7211426769a6b2ce6f86,window_544,212.0,222.0,sequence_prediction_error,0.045528768964872686,provisional_unverified,0.002612817654759436
9116cbf4be063f5be851f65778ddfb91d60bdd5aa52e7211426769a6b2ce6f86,window_545,214.0,224.0,sequence_prediction_error,0.044877822036175526,provisional_unverified,0.0022826612362847215
9116cbf4be063f5be851f65778ddfb91d60bdd5aa52e7211426769a6b2ce6f86,window_546,216.0,226.0,sequence_prediction_error,0.043839145228685254,provisional_unverified,0.0018146556124791415
9116cbf4be063f5be851f65778ddfb91d60bdd5aa52e7211426769a6b2ce6f86,window_547,218.0,228.0,sequence_prediction_error,0.04939308517805547,provisional_unverified,0.0037626183388737443
9116cbf4be063f5be851f65778ddfb91d60bdd5aa52e7211426769a6b2ce6f86,window_548,220.0,230.0,sequence_prediction_error,0.07002573652679504,provisional_unverified,0.010368357944271841
9116cbf4be063f5be851f65778ddfb91d60bdd5aa52e7211426769a6b2ce6f86,window_549,222.0,232.0,sequence_prediction_error,0.2131542419759461,provisional_unverified,0.03497480322558297
9116cbf4be063f5be851f65778ddfb91d60bdd5aa52e7211426769a6b2ce6f86,window_550,224.0,234.0,sequence_prediction_error,0.7184389065847789,provisional_unverified,0.06072928405046434
9116cbf4be063f5be851f65778ddfb91d60bdd5aa52e7211426769a6b2ce6f86,window_551,226.0,236.0,sequence_prediction_error,0.7171454684305228,provisional_unverified,0.06063804645222848
9116cbf4be063f5be851f65778ddfb91d60bdd5aa52e7211426769a6b2ce6f86,window_552,228.0,238.0,sequence_prediction_error,0.709398088933302,provisional_unverified,0.058330504873274375
9116cbf4be063f5be851f65778ddfb91d60bdd5aa52e7211426769a6b2ce6f86,window_553,230.0,240.0,sequence_prediction_error,0.6874864790350356,provisional_unverified,0.05123653344580524
9116cbf4be063f5be851f65778ddfb91d60bdd5aa52e7211426769a6b2ce6f86,window_554,232.0,242.0,sequence_prediction_error,0.5482067803952323,provisional_unverified,0.025131700806404225
9116cbf4be063f5be851f65778ddfb91d60bdd5aa52e7211426769a6b2ce6f86,window_555,234.0,244.0,sequence_prediction_error,0.04106469567247069,provisional_unverified,0.0016513011655858035
9116cbf4be063f5be851f65778ddfb91d60bdd5aa52e7211426769a6b2ce6f86,window_556,236.0,246.0,sequence_prediction_error,0.0422444622666908,provisional_unverified,0.002545960887862368
9116cbf4be063f5be851f65778ddfb91d60bdd5aa52e7211426769a6b2ce6f86,window_557,238.0,248.0,sequence_prediction_error,0.04426417287393748,provisional_unverified,0.0030179787600934723
9116cbf4be063f5be851f65778ddfb91d60bdd5aa52e7211426769a6b2ce6f86,window_558,240.0,250.0,sequence_prediction_error,0.04568168220903003,provisional_unverified,0.003786660588689211
9116cbf4be063f5be851f65778ddfb91d60bdd5aa52e7211426769a6b2ce6f86,window_559,242.0,252.0,sequence_prediction_error,0.0478032867957783,provisional_unverified,0.00431107741206216
9116cbf4be063f5be851f65778ddfb91d60bdd5aa52e7211426769a6b2ce6f86,window_560,244.0,254.0,sequence_prediction_error,0.05873568689241652,provisional_unverified,0.02464952217387517
9116cbf4be063f5be851f65778ddfb91d60bdd5aa52e7211426769a6b2ce6f86,window_561,246.0,256.0,sequence_prediction_error,0.06296607309300034,provisional_unverified,0.023845376289652852
9116cbf4be063f5be851f65778ddfb91d60bdd5aa52e7211426769a6b2ce6f86,window_562,248.0,258.0,sequence_prediction_error,0.08768235589526614,provisional_unverified,0.029239923071167948
9116cbf4be063f5be851f65778ddfb91d60bdd5aa52e7211426769a6b2ce6f86,window_563,250.0,260.0,sequence_prediction_error,0.1960065021448647,provisional_unverified,0.0443602153781676
9116cbf4be063f5be851f65778ddfb91d60bdd5aa52e7211426769a6b2ce6f86,window_564,252.0,262.0,sequence_prediction_error,0.19545044675389794,provisional_unverified,0.04393338814198677
9116cbf4be063f5be851f65778ddfb91d60bdd5aa52e7211426769a6b2ce6f86,window_565,254.0,264.0,sequence_prediction_error,0.18443046477821792,provisional_unverified,0.023165622421033972
9116cbf4be063f5be851f65778ddfb91d60bdd5aa52e7211426769a6b2ce6f86,window_566,256.0,266.0,sequence_prediction_error,0.18129425356461593,provisional_unverified,0.02344652939819736
9116cbf4be063f5be851f65778ddfb91d60bdd5aa52e7211426769a6b2ce6f86,window_567,258.0,268.0,sequence_prediction_error,0.15637309018463685,provisional_unverified,0.017854489769156184
9116cbf4be063f5be851f65778ddfb91d60bdd5aa52e7211426769a6b2ce6f86,window_568,260.0,270.0,sequence_prediction_error,0.048367284443458426,provisional_unverified,0.002567331521618108
9116cbf4be063f5be851f65778ddfb91d60bdd5aa52e7211426769a6b2ce6f86,window_569,262.0,272.0,sequence_prediction_error,0.04707575974986085,provisional_unverified,0.0024611043068910885
9116cbf4be063f5be851f65778ddfb91d60bdd5aa52e7211426769a6b2ce6f86,window_570,264.0,274.0,sequence_prediction_error,0.0461552381554702,provisional_unverified,0.0024927908625522496
9116cbf4be063f5be851f65778ddfb91d60bdd5aa52e7211426769a6b2ce6f86,window_571,266.0,276.0,sequence_prediction_error,0.04701251222241297,provisional_unverified,0.0023796335389628383
9116cbf4be063f5be851f65778ddfb91d60bdd5aa52e7211426769a6b2ce6f86,window_572,268.0,278.0,sequence_prediction_error,0.04722101890966786,provisional_unverified,0.002142544061759555
9116cbf4be063f5be851f65778ddfb91d60bdd5aa52e7211426769a6b2ce6f86,window_573,270.0,280.0,sequence_prediction_error,0.049244751997520084,provisional_unverified,0.0017034586460854928
9116cbf4be063f5be851f65778ddfb91d60bdd5aa52e7211426769a6b2ce6f86,window_574,272.0,282.0,sequence_prediction_error,0.051479364049723586,provisional_unverified,0.002150222970003208
9116cbf4be063f5be851f65778ddfb91d60bdd5aa52e7211426769a6b2ce6f86,window_575,274.0,284.0,sequence_prediction_error,0.05314009929684732,provisional_unverified,0.0028557545371061628
9116cbf4be063f5be851f65778ddfb91d60bdd5aa52e7211426769a6b2ce6f86,window_576,276.0,286.0,sequence_prediction_error,0.05248831742182088,provisional_unverified,0.003800638200816624
9116cbf4be063f5be851f65778ddfb91d60bdd5aa52e7211426769a6b2ce6f86,window_577,278.0,288.0,sequence_prediction_error,0.053025170057051915,provisional_unverified,0.005464312372708075
9116cbf4be063f5be851f65778ddfb91d60bdd5aa52e7211426769a6b2ce6f86,window_578,280.0,290.0,sequence_prediction_error,0.05252506179505451,provisional_unverified,0.009610265930563236
9116cbf4be063f5be851f65778ddfb91d60bdd5aa52e7211426769a6b2ce6f86,window_579,282.0,292.0,sequence_prediction_error,0.052077192829809854,provisional_unverified,0.01042136784189425
9116cbf4be063f5be851f65778ddfb91d60bdd5aa52e7211426769a6b2ce6f86,window_580,284.0,294.0,sequence_prediction_error,0.05140626107256567,provisional_unverified,0.010500135847198925
9116cbf4be063f5be851f65778ddfb91d60bdd5aa52e7211426769a6b2ce6f86,window_581,286.0,296.0,sequence_prediction_error,0.05054034547165285,provisional_unverified,0.010421441462695392
9116cbf4be063f5be851f65778ddfb91d60bdd5aa52e7211426769a6b2ce6f86,window_582,288.0,298.0,sequence_prediction_error,0.0496240537611359,provisional_unverified,0.010497367262195596
9116cbf4be063f5be851f65778ddfb91d60bdd5aa52e7211426769a6b2ce6f86,window_583,290.0,300.0,sequence_prediction_error,0.048076641758960016,provisional_unverified,0.00829584408236775
9116cbf4be063f5be851f65778ddfb91d60bdd5aa52e7211426769a6b2ce6f86,window_584,292.0,302.0,sequence_prediction_error,0.04776678815690976,provisional_unverified,0.009321156967459445
9116cbf4be063f5be851f65778ddfb91d60bdd5aa52e7211426769a6b2ce6f86,window_585,294.0,304.0,sequence_prediction_error,0.04848250552674819,provisional_unverified,0.01036279733899151
9116cbf4be063f5be851f65778ddfb91d60bdd5aa52e7211426769a6b2ce6f86,window_586,296.0,306.0,sequence_prediction_error,0.05105030618257662,provisional_unverified,0.013118206871160023
9116cbf4be063f5be851f65778ddfb91d60bdd5aa52e7211426769a6b2ce6f86,window_587,298.0,308.0,sequence_prediction_error,0.052754095671228005,provisional_unverified,0.013937903273402547
9116cbf4be063f5be851f65778ddfb91d60bdd5aa52e7211426769a6b2ce6f86,window_588,300.0,310.0,sequence_prediction_error,0.05467241310705483,provisional_unverified,0.014089280559258089
9116cbf4be063f5be851f65778ddfb91d60bdd5aa52e7211426769a6b2ce6f86,window_589,302.0,312.0,sequence_prediction_error,0.09877215955071231,provisional_unverified,0.017928250583262317
9116cbf4be063f5be851f65778ddfb91d60bdd5aa52e7211426769a6b2ce6f86,window_590,304.0,314.0,sequence_prediction_error,0.25999598929301077,provisional_unverified,0.08372692422918702
9116cbf4be063f5be851f65778ddfb91d60bdd5aa52e7211426769a6b2ce6f86,window_591,306.0,316.0,sequence_prediction_error,0.6188869600058566,provisional_unverified,0.1067696332959243
9116cbf4be063f5be851f65778ddfb91d60bdd5aa52e7211426769a6b2ce6f86,window_592,308.0,318.0,sequence_prediction_error,0.6187575306752071,provisional_unverified,0.10550144466876815
9116cbf4be063f5be851f65778ddfb91d60bdd5aa52e7211426769a6b2ce6f86,window_593,310.0,320.0,sequence_prediction_error,0.6194173037052043,provisional_unverified,0.10598212993703036
9116cbf4be063f5be851f65778ddfb91d60bdd5aa52e7211426769a6b2ce6f86,window_594,312.0,322.0,sequence_prediction_error,0.5746078660332143,provisional_unverified,0.10148404916833048
9116cbf4be063f5be851f65778ddfb91d60bdd5aa52e7211426769a6b2ce6f86,window_595,314.0,324.0,sequence_prediction_error,0.4127860837140998,provisional_unverified,0.034041053497526334
9116cbf4be063f5be851f65778ddfb91d60bdd5aa52e7211426769a6b2ce6f86,window_596,316.0,326.0,sequence_prediction_error,0.054909810223682784,provisional_unverified,0.008362521126015928
9116cbf4be063f5be851f65778ddfb91d60bdd5aa52e7211426769a6b2ce6f86,window_597,318.0,328.0,sequence_prediction_error,0.05420258964385431,provisional_unverified,0.009923795073343828
9116cbf4be063f5be851f65778ddfb91d60bdd5aa52e7211426769a6b2ce6f86,window_598,320.0,330.0,sequence_prediction_error,0.052404191641484944,provisional_unverified,0.008018626220808588
9116cbf4be063f5be851f65778ddfb91d60bdd5aa52e7211426769a6b2ce6f86,window_599,322.0,332.0,sequence_prediction_error,0.05089845705982845,provisional_unverified,0.0065171786727674956
9116cbf4be063f5be851f65778ddfb91d60bdd5aa52e7211426769a6b2ce6f86,window_600,324.0,334.0,sequence_prediction_error,0.0499287908884889,provisional_unverified,0.005220904086429245
9116cbf4be063f5be851f65778ddfb91d60bdd5aa52e7211426769a6b2ce6f86,window_601,326.0,336.0,sequence_prediction_error,1.1498339493529557,provisional_unverified,0.13978944680255131
9116cbf4be063f5be851f65778ddfb91d60bdd5aa52e7211426769a6b2ce6f86,window_602,328.0,338.0,sequence_prediction_error,6.5761210420759175,provisional_unverified,1.2344321570451122
9116cbf4be063f5be851f65778ddfb91d60bdd5aa52e7211426769a6b2ce6f86,window_603,330.0,340.0,sequence_prediction_error,27.821793631657624,provisional_unverified,2.395385799152747
9116cbf4be063f5be851f65778ddfb91d60bdd5aa52e7211426769a6b2ce6f86,window_604,332.0,342.0,sequence_prediction_error,37.18028340681201,provisional_unverified,5.143398039202725
9116cbf4be063f5be851f65778ddfb91d60bdd5aa52e7211426769a6b2ce6f86,window_605,334.0,344.0,sequence_prediction_error,60.96419144453067,provisional_unverified,7.847796016875092
9116cbf4be063f5be851f65778ddfb91d60bdd5aa52e7211426769a6b2ce6f86,window_606,336.0,346.0,sequence_prediction_error,77.54493414710169,provisional_unverified,10.716991487807666
9116cbf4be063f5be851f65778ddfb91d60bdd5aa52e7211426769a6b2ce6f86,window_607,338.0,348.0,sequence_prediction_error,112.95706739198837,provisional_unverified,10.590510475732966
9116cbf4be063f5be851f65778ddfb91d60bdd5aa52e7211426769a6b2ce6f86,window_608,340.0,350.0,sequence_prediction_error,100.11129261107175,provisional_unverified,11.99157101249408
9116cbf4be063f5be851f65778ddfb91d60bdd5aa52e7211426769a6b2ce6f86,window_609,342.0,352.0,sequence_prediction_error,96.95295364507723,provisional_unverified,14.511825556591612
9116cbf4be063f5be851f65778ddfb91d60bdd5aa52e7211426769a6b2ce6f86,window_610,344.0,354.0,sequence_prediction_error,89.93348338094518,provisional_unverified,12.489934267979686
9116cbf4be063f5be851f65778ddfb91d60bdd5aa52e7211426769a6b2ce6f86,window_611,346.0,356.0,sequence_prediction_error,81.7846067101162,provisional_unverified,12.14162611235982
9116cbf4be063f5be851f65778ddfb91d60bdd5aa52e7211426769a6b2ce6f86,window_612,348.0,358.0,sequence_prediction_error,58.14993242830593,provisional_unverified,12.635668858250584
9116cbf4be063f5be851f65778ddfb91d60bdd5aa52e7211426769a6b2ce6f86,window_613,350.0,360.0,sequence_prediction_error,80.90168873586721,provisional_unverified,12.07337575417613
9116cbf4be063f5be851f65778ddfb91d60bdd5aa52e7211426769a6b2ce6f86,window_614,352.0,362.0,sequence_prediction_error,82.11206514845537,provisional_unverified,8.800848460974084
9116cbf4be063f5be851f65778ddfb91d60bdd5aa52e7211426769a6b2ce6f86,window_615,354.0,364.0,sequence_prediction_error,91.32895382443289,provisional_unverified,9.891036831235503
9116cbf4be063f5be851f65778ddfb91d60bdd5aa52e7211426769a6b2ce6f86,window_616,356.0,366.0,sequence_prediction_error,98.03178420590541,provisional_unverified,10.595744627458117
9116cbf4be063f5be851f65778ddfb91d60bdd5aa52e7211426769a6b2ce6f86,window_617,358.0,368.0,sequence_prediction_error,114.01269981728181,provisional_unverified,11.971620107386983
9116cbf4be063f5be851f65778ddfb91d60bdd5aa52e7211426769a6b2ce6f86,window_618,360.0,370.0,sequence_prediction_error,114.66432506928342,provisional_unverified,11.820815768638122
9116cbf4be063f5be851f65778ddfb91d60bdd5aa52e7211426769a6b2ce6f86,window_619,362.0,372.0,sequence_prediction_error,127.23482295087751,provisional_unverified,11.575491074210062
9116cbf4be063f5be851f65778ddfb91d60bdd5aa52e7211426769a6b2ce6f86,window_620,364.0,374.0,sequence_prediction_error,106.77759757486287,provisional_unverified,12.952463792815164
9116cbf4be063f5be851f65778ddfb91d60bdd5aa52e7211426769a6b2ce6f86,window_621,366.0,376.0,sequence_prediction_error,118.57564923050904,provisional_unverified,12.579000065468794
9116cbf4be063f5be851f65778ddfb91d60bdd5aa52e7211426769a6b2ce6f86,window_622,368.0,378.0,sequence_prediction_error,114.65068811033089,provisional_unverified,11.766271472568619
9116cbf4be063f5be851f65778ddfb91d60bdd5aa52e7211426769a6b2ce6f86,window_623,370.0,380.0,sequence_prediction_error,94.81284450543501,provisional_unverified,12.562748750805078
9116cbf4be063f5be851f65778ddfb91d60bdd5aa52e7211426769a6b2ce6f86,window_624,372.0,382.0,sequence_prediction_error,101.57988496434099,provisional_unverified,13.210442475897628
9116cbf4be063f5be851f65778ddfb91d60bdd5aa52e7211426769a6b2ce6f86,window_625,374.0,384.0,sequence_prediction_error,109.31547909588805,provisional_unverified,12.026963384350303
9116cbf4be063f5be851f65778ddfb91d60bdd5aa52e7211426769a6b2ce6f86,window_626,376.0,386.0,sequence_prediction_error,107.84167149306143,provisional_unverified,11.619284975935257
9116cbf4be063f5be851f65778ddfb91d60bdd5aa52e7211426769a6b2ce6f86,window_627,378.0,388.0,sequence_prediction_error,106.0184323342754,provisional_unverified,11.056951980244843
9116cbf4be063f5be851f65778ddfb91d60bdd5aa52e7211426769a6b2ce6f86,window_628,380.0,390.0,sequence_prediction_error,106.98132215569379,provisional_unverified,11.67720779761654
9116cbf4be063f5be851f65778ddfb91d60bdd5aa52e7211426769a6b2ce6f86,window_629,382.0,392.0,sequence_prediction_error,84.74309162760981,provisional_unverified,11.072156214218785
9116cbf4be063f5be851f65778ddfb91d60bdd5aa52e7211426769a6b2ce6f86,window_630,384.0,394.0,sequence_prediction_error,99.91218155552873,provisional_unverified,9.924274267500937
9116cbf4be063f5be851f65778ddfb91d60bdd5aa52e7211426769a6b2ce6f86,window_631,386.0,396.0,sequence_prediction_error,87.32580324123816,provisional_unverified,12.11031087324507
9116cbf4be063f5be851f65778ddfb91d60bdd5aa52e7211426769a6b2ce6f86,window_632,388.0,398.0,sequence_prediction_error,70.6892841312714,provisional_unverified,12.747551258363318
9116cbf4be063f5be851f65778ddfb91d60bdd5aa52e7211426769a6b2ce6f86,window_633,390.0,400.0,sequence_prediction_error,85.92874937407622,provisional_unverified,14.3715015620765
9116cbf4be063f5be851f65778ddfb91d60bdd5aa52e7211426769a6b2ce6f86,window_634,392.0,402.0,sequence_prediction_error,93.16073715111074,provisional_unverified,16.123820860856085
9116cbf4be063f5be851f65778ddfb91d60bdd5aa52e7211426769a6b2ce6f86,window_635,394.0,404.0,sequence_prediction_error,73.11209138134922,provisional_unverified,17.3683396218651
9116cbf4be063f5be851f65778ddfb91d60bdd5aa52e7211426769a6b2ce6f86,window_636,396.0,406.0,sequence_prediction_error,74.22385395725178,provisional_unverified,13.9699425161442
9116cbf4be063f5be851f65778ddfb91d60bdd5aa52e7211426769a6b2ce6f86,window_637,398.0,408.0,sequence_prediction_error,84.13596772141514,provisional_unverified,14.067220910521785
9116cbf4be063f5be851f65778ddfb91d60bdd5aa52e7211426769a6b2ce6f86,window_638,400.0,410.0,sequence_prediction_error,60.450519792298195,provisional_unverified,11.441000527197893
9116cbf4be063f5be851f65778ddfb91d60bdd5aa52e7211426769a6b2ce6f86,window_639,402.0,412.0,sequence_prediction_error,48.60434639978901,provisional_unverified,8.336150442029343
9116cbf4be063f5be851f65778ddfb91d60bdd5aa52e7211426769a6b2ce6f86,window_640,404.0,414.0,sequence_prediction_error,39.679253167803004,provisional_unverified,6.620741373235835
9116cbf4be063f5be851f65778ddfb91d60bdd5aa52e7211426769a6b2ce6f86,window_641,406.0,416.0,sequence_prediction_error,24.568684025004714,provisional_unverified,5.785599218691913
9116cbf4be063f5be851f65778ddfb91d60bdd5aa52e7211426769a6b2ce6f86,window_642,408.0,418.0,sequence_prediction_error,6.799652626077484,provisional_unverified,3.1255617101191997
9116cbf4be063f5be851f65778ddfb91d60bdd5aa52e7211426769a6b2ce6f86,window_643,410.0,420.0,sequence_prediction_error,4.709281580684082,provisional_unverified,1.7980854907345183
9116cbf4be063f5be851f65778ddfb91d60bdd5aa52e7211426769a6b2ce6f86,window_644,412.0,422.0,sequence_prediction_error,4.653950749198536,provisional_unverified,1.492921671265188
9116cbf4be063f5be851f65778ddfb91d60bdd5aa52e7211426769a6b2ce6f86,window_645,414.0,424.0,sequence_prediction_error,3.7193231402899123,provisional_unverified,1.3483085956778826
9116cbf4be063f5be851f65778ddfb91d60bdd5aa52e7211426769a6b2ce6f86,window_646,416.0,426.0,sequence_prediction_error,2.3885335951946773,provisional_unverified,0.8905670618235845
9116cbf4be063f5be851f65778ddfb91d60bdd5aa52e7211426769a6b2ce6f86,window_647,418.0,428.0,sequence_prediction_error,2.0927308831781897,provisional_unverified,0.7608743210589579
9116cbf4be063f5be851f65778ddfb91d60bdd5aa52e7211426769a6b2ce6f86,window_648,420.0,430.0,sequence_prediction_error,0.6831776777988499,provisional_unverified,0.11358667757753466
9116cbf4be063f5be851f65778ddfb91d60bdd5aa52e7211426769a6b2ce6f86,window_649,422.0,432.0,sequence_prediction_error,0.08888284287960688,provisional_unverified,0.0040204915389321205
9116cbf4be063f5be851f65778ddfb91d60bdd5aa52e7211426769a6b2ce6f86,window_650,424.0,434.0,sequence_prediction_error,0.08953622387073,provisional_unverified,0.0034271691705765345
9116cbf4be063f5be851f65778ddfb91d60bdd5aa52e7211426769a6b2ce6f86,window_651,426.0,436.0,sequence_prediction_error,0.08920785773137097,provisional_unverified,0.0024358769255234634
9116cbf4be063f5be851f65778ddfb91d60bdd5aa52e7211426769a6b2ce6f86,window_652,428.0,438.0,sequence_prediction_error,0.08821556667256433,provisional_unverified,0.002126181258101599
9116cbf4be063f5be851f65778ddfb91d60bdd5aa52e7211426769a6b2ce6f86,window_653,430.0,440.0,sequence_prediction_error,0.08892293761649635,provisional_unverified,0.0017720726642256543
9116cbf4be063f5be851f65778ddfb91d60bdd5aa52e7211426769a6b2ce6f86,window_654,432.0,442.0,sequence_prediction_error,0.5947831206457308,provisional_unverified,0.021513299155436663
9116cbf4be063f5be851f65778ddfb91d60bdd5aa52e7211426769a6b2ce6f86,window_655,434.0,444.0,sequence_prediction_error,17.450922333205174,provisional_unverified,0.13971494123837433
9116cbf4be063f5be851f65778ddfb91d60bdd5aa52e7211426769a6b2ce6f86,window_656,436.0,446.0,sequence_prediction_error,19.601645048414273,provisional_unverified,0.16664024131329733
9116cbf4be063f5be851f65778ddfb91d60bdd5aa52e7211426769a6b2ce6f86,window_657,438.0,448.0,sequence_prediction_error,20.826895727553698,provisional_unverified,0.18054628376551723
9116cbf4be063f5be851f65778ddfb91d60bdd5aa52e7211426769a6b2ce6f86,window_658,440.0,450.0,sequence_prediction_error,25.147378547483868,provisional_unverified,0.4159309395313826
9116cbf4be063f5be851f65778ddfb91d60bdd5aa52e7211426769a6b2ce6f86,window_659,442.0,452.0,sequence_prediction_error,25.130789835106714,provisional_unverified,0.6460552618155448
9116cbf4be063f5be851f65778ddfb91d60bdd5aa52e7211426769a6b2ce6f86,window_660,444.0,454.0,sequence_prediction_error,8.81561132189019,provisional_unverified,0.9414327154199053
9116cbf4be063f5be851f65778ddfb91d60bdd5aa52e7211426769a6b2ce6f86,window_661,446.0,456.0,sequence_prediction_error,7.021651588279656,provisional_unverified,1.1567796620993953
973ef84ffaa4e83d002ed655331eb305b340c0f3f25b57795f97a151bcc3490b,window_662,0.0,10.0,sequence_prediction_error,10.770392189465184,provisional_unverified,0.4856454930618905
973ef84ffaa4e83d002ed655331eb305b340c0f3f25b57795f97a151bcc3490b,window_663,2.0,12.0,sequence_prediction_error,10.388917542239435,provisional_unverified,0.42148065010471714
b185f43818b8ff3aba325752922bbbf37fd094f1e282887487651e0a5c8f6c7a,window_664,0.0,10.0,sequence_prediction_error,0.24820857591152673,provisional_unverified,0.08615423013002528
b185f43818b8ff3aba325752922bbbf37fd094f1e282887487651e0a5c8f6c7a,window_665,2.0,12.0,sequence_prediction_error,0.27867915164597556,provisional_unverified,0.06900050609529906
b185f43818b8ff3aba325752922bbbf37fd094f1e282887487651e0a5c8f6c7a,window_666,4.0,14.0,sequence_prediction_error,0.3166844138449469,provisional_unverified,0.07263803097312055
b185f43818b8ff3aba325752922bbbf37fd094f1e282887487651e0a5c8f6c7a,window_667,6.0,16.0,sequence_prediction_error,0.28138003114201054,provisional_unverified,0.07517973147789633
b185f43818b8ff3aba325752922bbbf37fd094f1e282887487651e0a5c8f6c7a,window_668,8.0,18.0,sequence_prediction_error,0.2655524769630851,provisional_unverified,0.06305883586495534
b185f43818b8ff3aba325752922bbbf37fd094f1e282887487651e0a5c8f6c7a,window_669,10.0,20.0,sequence_prediction_error,0.33691290605645724,provisional_unverified,0.11820979209604464
b185f43818b8ff3aba325752922bbbf37fd094f1e282887487651e0a5c8f6c7a,window_670,12.0,22.0,sequence_prediction_error,3.323144451852451,provisional_unverified,0.4012192379748548
b185f43818b8ff3aba325752922bbbf37fd094f1e282887487651e0a5c8f6c7a,window_671,14.0,24.0,sequence_prediction_error,31.83999985617352,provisional_unverified,3.2202391423493344
b185f43818b8ff3aba325752922bbbf37fd094f1e282887487651e0a5c8f6c7a,window_672,16.0,26.0,sequence_prediction_error,61.450131462511,provisional_unverified,5.948131037621327
b185f43818b8ff3aba325752922bbbf37fd094f1e282887487651e0a5c8f6c7a,window_673,18.0,28.0,sequence_prediction_error,75.55792773682879,provisional_unverified,8.942220297272229
b185f43818b8ff3aba325752922bbbf37fd094f1e282887487651e0a5c8f6c7a,window_674,20.0,30.0,sequence_prediction_error,109.31247581451544,provisional_unverified,11.90211941783339
b185f43818b8ff3aba325752922bbbf37fd094f1e282887487651e0a5c8f6c7a,window_675,22.0,32.0,sequence_prediction_error,125.31412354392414,provisional_unverified,13.685639467001623
b185f43818b8ff3aba325752922bbbf37fd094f1e282887487651e0a5c8f6c7a,window_676,24.0,34.0,sequence_prediction_error,150.55712157746507,provisional_unverified,12.755830002311638
b185f43818b8ff3aba325752922bbbf37fd094f1e282887487651e0a5c8f6c7a,window_677,26.0,36.0,sequence_prediction_error,133.08825385119135,provisional_unverified,12.937203448895458
b185f43818b8ff3aba325752922bbbf37fd094f1e282887487651e0a5c8f6c7a,window_678,28.0,38.0,sequence_prediction_error,132.49759011033504,provisional_unverified,18.685543967172748
b185f43818b8ff3aba325752922bbbf37fd094f1e282887487651e0a5c8f6c7a,window_679,30.0,40.0,sequence_prediction_error,134.50657156642234,provisional_unverified,17.843472804149382
b185f43818b8ff3aba325752922bbbf37fd094f1e282887487651e0a5c8f6c7a,window_680,32.0,42.0,sequence_prediction_error,140.9314731823166,provisional_unverified,20.49676349586186
b185f43818b8ff3aba325752922bbbf37fd094f1e282887487651e0a5c8f6c7a,window_681,34.0,44.0,sequence_prediction_error,108.49353049814185,provisional_unverified,21.45456309787581
b185f43818b8ff3aba325752922bbbf37fd094f1e282887487651e0a5c8f6c7a,window_682,36.0,46.0,sequence_prediction_error,126.00084810338211,provisional_unverified,20.878306090086387
b185f43818b8ff3aba325752922bbbf37fd094f1e282887487651e0a5c8f6c7a,window_683,38.0,48.0,sequence_prediction_error,126.26923919181117,provisional_unverified,14.416591662462645
b185f43818b8ff3aba325752922bbbf37fd094f1e282887487651e0a5c8f6c7a,window_684,40.0,50.0,sequence_prediction_error,121.20602996196406,provisional_unverified,15.634618993824251
b185f43818b8ff3aba325752922bbbf37fd094f1e282887487651e0a5c8f6c7a,window_685,42.0,52.0,sequence_prediction_error,110.31823784680917,provisional_unverified,14.1323739634331
b185f43818b8ff3aba325752922bbbf37fd094f1e282887487651e0a5c8f6c7a,window_686,44.0,54.0,sequence_prediction_error,111.68605055055285,provisional_unverified,13.869540915310083
b185f43818b8ff3aba325752922bbbf37fd094f1e282887487651e0a5c8f6c7a,window_687,46.0,56.0,sequence_prediction_error,105.15244953310585,provisional_unverified,13.631349721001977
b185f43818b8ff3aba325752922bbbf37fd094f1e282887487651e0a5c8f6c7a,window_688,48.0,58.0,sequence_prediction_error,116.04796577484456,provisional_unverified,14.259838410773993
b185f43818b8ff3aba325752922bbbf37fd094f1e282887487651e0a5c8f6c7a,window_689,50.0,60.0,sequence_prediction_error,103.61668250710056,provisional_unverified,15.061833206450967
b185f43818b8ff3aba325752922bbbf37fd094f1e282887487651e0a5c8f6c7a,window_690,52.0,62.0,sequence_prediction_error,107.1904108286832,provisional_unverified,14.586942689942394
b185f43818b8ff3aba325752922bbbf37fd094f1e282887487651e0a5c8f6c7a,window_691,54.0,64.0,sequence_prediction_error,115.04358715936071,provisional_unverified,14.330914395072915
b185f43818b8ff3aba325752922bbbf37fd094f1e282887487651e0a5c8f6c7a,window_692,56.0,66.0,sequence_prediction_error,103.29176894812137,provisional_unverified,18.638602782882483
b185f43818b8ff3aba325752922bbbf37fd094f1e282887487651e0a5c8f6c7a,window_693,58.0,68.0,sequence_prediction_error,105.2051225685441,provisional_unverified,18.467345036877653
b185f43818b8ff3aba325752922bbbf37fd094f1e282887487651e0a5c8f6c7a,window_694,60.0,70.0,sequence_prediction_error,107.89081794593805,provisional_unverified,17.930620584448846
b185f43818b8ff3aba325752922bbbf37fd094f1e282887487651e0a5c8f6c7a,window_695,62.0,72.0,sequence_prediction_error,113.05512119758285,provisional_unverified,17.03416215207155
b185f43818b8ff3aba325752922bbbf37fd094f1e282887487651e0a5c8f6c7a,window_696,64.0,74.0,sequence_prediction_error,126.38895882405154,provisional_unverified,16.66981961657229
b185f43818b8ff3aba325752922bbbf37fd094f1e282887487651e0a5c8f6c7a,window_697,66.0,76.0,sequence_prediction_error,130.8773573797085,provisional_unverified,13.472122045877889
b185f43818b8ff3aba325752922bbbf37fd094f1e282887487651e0a5c8f6c7a,window_698,68.0,78.0,sequence_prediction_error,137.18986995263515,provisional_unverified,19.98296639394053
b185f43818b8ff3aba325752922bbbf37fd094f1e282887487651e0a5c8f6c7a,window_699,70.0,80.0,sequence_prediction_error,133.12600401098462,provisional_unverified,17.531838209954604
b185f43818b8ff3aba325752922bbbf37fd094f1e282887487651e0a5c8f6c7a,window_700,72.0,82.0,sequence_prediction_error,135.40231050085796,provisional_unverified,17.766629049412813
b185f43818b8ff3aba325752922bbbf37fd094f1e282887487651e0a5c8f6c7a,window_701,74.0,84.0,sequence_prediction_error,104.28830068587632,provisional_unverified,20.626093903809046
b185f43818b8ff3aba325752922bbbf37fd094f1e282887487651e0a5c8f6c7a,window_702,76.0,86.0,sequence_prediction_error,109.86602906438378,provisional_unverified,20.293139252660676
b185f43818b8ff3aba325752922bbbf37fd094f1e282887487651e0a5c8f6c7a,window_703,78.0,88.0,sequence_prediction_error,113.93945141254115,provisional_unverified,17.753769743455745
b185f43818b8ff3aba325752922bbbf37fd094f1e282887487651e0a5c8f6c7a,window_704,80.0,90.0,sequence_prediction_error,106.4325933265457,provisional_unverified,21.007695423810038
b185f43818b8ff3aba325752922bbbf37fd094f1e282887487651e0a5c8f6c7a,window_705,82.0,92.0,sequence_prediction_error,94.0885583844955,provisional_unverified,20.832477479368915
b185f43818b8ff3aba325752922bbbf37fd094f1e282887487651e0a5c8f6c7a,window_706,84.0,94.0,sequence_prediction_error,103.17099863647711,provisional_unverified,19.322313338868838
b185f43818b8ff3aba325752922bbbf37fd094f1e282887487651e0a5c8f6c7a,window_707,86.0,96.0,sequence_prediction_error,88.22628654158281,provisional_unverified,17.47918841254547
b185f43818b8ff3aba325752922bbbf37fd094f1e282887487651e0a5c8f6c7a,window_708,88.0,98.0,sequence_prediction_error,52.83667706014454,provisional_unverified,11.436978856510377
b185f43818b8ff3aba325752922bbbf37fd094f1e282887487651e0a5c8f6c7a,window_709,90.0,100.0,sequence_prediction_error,44.3967742100642,provisional_unverified,7.2386766808648035
b185f43818b8ff3aba325752922bbbf37fd094f1e282887487651e0a5c8f6c7a,window_710,92.0,102.0,sequence_prediction_error,31.025019108440535,provisional_unverified,5.63012402979745
b185f43818b8ff3aba325752922bbbf37fd094f1e282887487651e0a5c8f6c7a,window_711,94.0,104.0,sequence_prediction_error,8.290076848050507,provisional_unverified,2.343912994561421
b185f43818b8ff3aba325752922bbbf37fd094f1e282887487651e0a5c8f6c7a,window_712,96.0,106.0,sequence_prediction_error,2.4162325270662537,provisional_unverified,0.875570026216604
b185f43818b8ff3aba325752922bbbf37fd094f1e282887487651e0a5c8f6c7a,window_713,98.0,108.0,sequence_prediction_error,1.5233088842335756,provisional_unverified,0.5649121401779897
b185f43818b8ff3aba325752922bbbf37fd094f1e282887487651e0a5c8f6c7a,window_714,100.0,110.0,sequence_prediction_error,1.6673647719584948,provisional_unverified,0.6469079286179762
b185f43818b8ff3aba325752922bbbf37fd094f1e282887487651e0a5c8f6c7a,window_715,102.0,112.0,sequence_prediction_error,2.121682225681114,provisional_unverified,0.8401351916123513
b185f43818b8ff3aba325752922bbbf37fd094f1e282887487651e0a5c8f6c7a,window_716,104.0,114.0,sequence_prediction_error,2.270886914928802,provisional_unverified,0.7843850932578524
b185f43818b8ff3aba325752922bbbf37fd094f1e282887487651e0a5c8f6c7a,window_717,106.0,116.0,sequence_prediction_error,2.342183643365248,provisional_unverified,0.8524997501178022
b185f43818b8ff3aba325752922bbbf37fd094f1e282887487651e0a5c8f6c7a,window_718,108.0,118.0,sequence_prediction_error,2.291580183279631,provisional_unverified,0.8478800474643019
b185f43818b8ff3aba325752922bbbf37fd094f1e282887487651e0a5c8f6c7a,window_719,110.0,120.0,sequence_prediction_error,1.9588176610276233,provisional_unverified,0.6188530469902237
b185f43818b8ff3aba325752922bbbf37fd094f1e282887487651e0a5c8f6c7a,window_720,112.0,122.0,sequence_prediction_error,1.4913371654045304,provisional_unverified,0.42784464004166584
b185f43818b8ff3aba325752922bbbf37fd094f1e282887487651e0a5c8f6c7a,window_721,114.0,124.0,sequence_prediction_error,0.7972947754163496,provisional_unverified,0.3043987674939475
b439fc5983a3a0db22239d5dcf8cbebf9104a8b71a93c2afd75e75fe87301e46,window_722,0.0,10.0,sequence_prediction_error,0.3707546558398634,provisional_unverified,0.04976296227817497
bace0e92b25324e8afbd0e5f6698b01a921780a2385e02419965fa97e3e796c4,window_723,0.0,10.0,sequence_prediction_error,0.06928161653817567,provisional_unverified,0.07802935215905304
bace0e92b25324e8afbd0e5f6698b01a921780a2385e02419965fa97e3e796c4,window_724,2.0,12.0,sequence_prediction_error,0.10287958013415752,provisional_unverified,0.09589503239228156
bace0e92b25324e8afbd0e5f6698b01a921780a2385e02419965fa97e3e796c4,window_725,4.0,14.0,sequence_prediction_error,0.14226469958299542,provisional_unverified,0.09815259517946438
bace0e92b25324e8afbd0e5f6698b01a921780a2385e02419965fa97e3e796c4,window_726,6.0,16.0,sequence_prediction_error,0.17440283874273915,provisional_unverified,0.0935866148760565
bace0e92b25324e8afbd0e5f6698b01a921780a2385e02419965fa97e3e796c4,window_727,8.0,18.0,sequence_prediction_error,0.17870429915952724,provisional_unverified,0.09468190374037039
bace0e92b25324e8afbd0e5f6698b01a921780a2385e02419965fa97e3e796c4,window_728,10.0,20.0,sequence_prediction_error,0.1924496329934712,provisional_unverified,0.0954117046841971
bace0e92b25324e8afbd0e5f6698b01a921780a2385e02419965fa97e3e796c4,window_729,12.0,22.0,sequence_prediction_error,0.18293767871757363,provisional_unverified,0.10070425162986107
bace0e92b25324e8afbd0e5f6698b01a921780a2385e02419965fa97e3e796c4,window_730,14.0,24.0,sequence_prediction_error,0.16797182390590665,provisional_unverified,0.10161144263186075
bace0e92b25324e8afbd0e5f6698b01a921780a2385e02419965fa97e3e796c4,window_731,16.0,26.0,sequence_prediction_error,0.1536169347542054,provisional_unverified,0.10787496267828196
bace0e92b25324e8afbd0e5f6698b01a921780a2385e02419965fa97e3e796c4,window_732,18.0,28.0,sequence_prediction_error,0.15690836509763836,provisional_unverified,0.112817258594999
bace0e92b25324e8afbd0e5f6698b01a921780a2385e02419965fa97e3e796c4,window_733,20.0,30.0,sequence_prediction_error,0.13713983567023358,provisional_unverified,0.10104928953080858
bace0e92b25324e8afbd0e5f6698b01a921780a2385e02419965fa97e3e796c4,window_734,22.0,32.0,sequence_prediction_error,0.12874586375307678,provisional_unverified,0.08240973539368363
bace0e92b25324e8afbd0e5f6698b01a921780a2385e02419965fa97e3e796c4,window_735,24.0,34.0,sequence_prediction_error,0.11682030807570223,provisional_unverified,0.07997514313096966
bace0e92b25324e8afbd0e5f6698b01a921780a2385e02419965fa97e3e796c4,window_736,26.0,36.0,sequence_prediction_error,0.10345584209082136,provisional_unverified,0.06655347643577622
bace0e92b25324e8afbd0e5f6698b01a921780a2385e02419965fa97e3e796c4,window_737,28.0,38.0,sequence_prediction_error,0.08449384189899929,provisional_unverified,0.04665178045917661
bace0e92b25324e8afbd0e5f6698b01a921780a2385e02419965fa97e3e796c4,window_738,30.0,40.0,sequence_prediction_error,0.08778600446450126,provisional_unverified,0.048842181548863314
bace0e92b25324e8afbd0e5f6698b01a921780a2385e02419965fa97e3e796c4,window_739,32.0,42.0,sequence_prediction_error,0.08577199695607708,provisional_unverified,0.06159110780187909
bace0e92b25324e8afbd0e5f6698b01a921780a2385e02419965fa97e3e796c4,window_740,34.0,44.0,sequence_prediction_error,0.07943435443828166,provisional_unverified,0.06368503207207915
bace0e92b25324e8afbd0e5f6698b01a921780a2385e02419965fa97e3e796c4,window_741,36.0,46.0,sequence_prediction_error,0.08325281007940574,provisional_unverified,0.07427757125382506
bace0e92b25324e8afbd0e5f6698b01a921780a2385e02419965fa97e3e796c4,window_742,38.0,48.0,sequence_prediction_error,0.08859602212269517,provisional_unverified,0.08179824575292988
bace0e92b25324e8afbd0e5f6698b01a921780a2385e02419965fa97e3e796c4,window_743,40.0,50.0,sequence_prediction_error,0.09220251687548038,provisional_unverified,0.08083980162207925
bace0e92b25324e8afbd0e5f6698b01a921780a2385e02419965fa97e3e796c4,window_744,42.0,52.0,sequence_prediction_error,0.10239398052777617,provisional_unverified,0.07680013254820472
bace0e92b25324e8afbd0e5f6698b01a921780a2385e02419965fa97e3e796c4,window_745,44.0,54.0,sequence_prediction_error,0.10786187239124506,provisional_unverified,0.07279394620962502
bace0e92b25324e8afbd0e5f6698b01a921780a2385e02419965fa97e3e796c4,window_746,46.0,56.0,sequence_prediction_error,0.11738384366604884,provisional_unverified,0.0739060366871325
bace0e92b25324e8afbd0e5f6698b01a921780a2385e02419965fa97e3e796c4,window_747,48.0,58.0,sequence_prediction_error,0.12652778803710427,provisional_unverified,0.08199198628738842
bace0e92b25324e8afbd0e5f6698b01a921780a2385e02419965fa97e3e796c4,window_748,50.0,60.0,sequence_prediction_error,0.14343556316574504,provisional_unverified,0.08917871796761133
bace0e92b25324e8afbd0e5f6698b01a921780a2385e02419965fa97e3e796c4,window_749,52.0,62.0,sequence_prediction_error,0.15453496628136598,provisional_unverified,0.09536440376747624
bace0e92b25324e8afbd0e5f6698b01a921780a2385e02419965fa97e3e796c4,window_750,54.0,64.0,sequence_prediction_error,0.16159742677426778,provisional_unverified,0.10712981259743336
bace0e92b25324e8afbd0e5f6698b01a921780a2385e02419965fa97e3e796c4,window_751,56.0,66.0,sequence_prediction_error,0.16100696405416623,provisional_unverified,0.11020988791376173
bace0e92b25324e8afbd0e5f6698b01a921780a2385e02419965fa97e3e796c4,window_752,58.0,68.0,sequence_prediction_error,0.1685226803222755,provisional_unverified,0.11021177492293419
bace0e92b25324e8afbd0e5f6698b01a921780a2385e02419965fa97e3e796c4,window_753,60.0,70.0,sequence_prediction_error,0.17498896677152972,provisional_unverified,0.1110115878007063
bace0e92b25324e8afbd0e5f6698b01a921780a2385e02419965fa97e3e796c4,window_754,62.0,72.0,sequence_prediction_error,0.16825213811687242,provisional_unverified,0.11910622597172572
bace0e92b25324e8afbd0e5f6698b01a921780a2385e02419965fa97e3e796c4,window_755,64.0,74.0,sequence_prediction_error,0.1741817361372209,provisional_unverified,0.11585658524266557
bace0e92b25324e8afbd0e5f6698b01a921780a2385e02419965fa97e3e796c4,window_756,66.0,76.0,sequence_prediction_error,0.17765222417436685,provisional_unverified,0.1207378361476448
bace0e92b25324e8afbd0e5f6698b01a921780a2385e02419965fa97e3e796c4,window_757,68.0,78.0,sequence_prediction_error,0.1766252300217209,provisional_unverified,0.12120678433427196
bace0e92b25324e8afbd0e5f6698b01a921780a2385e02419965fa97e3e796c4,window_758,70.0,80.0,sequence_prediction_error,0.17001820837310433,provisional_unverified,0.12440907612126602
bace0e92b25324e8afbd0e5f6698b01a921780a2385e02419965fa97e3e796c4,window_759,72.0,82.0,sequence_prediction_error,0.1736081767410192,provisional_unverified,0.12143978436131428
bace0e92b25324e8afbd0e5f6698b01a921780a2385e02419965fa97e3e796c4,window_760,74.0,84.0,sequence_prediction_error,0.16970169594818554,provisional_unverified,0.1253624325501586
bace0e92b25324e8afbd0e5f6698b01a921780a2385e02419965fa97e3e796c4,window_761,76.0,86.0,sequence_prediction_error,0.1698775839675095,provisional_unverified,0.12578200513764135
bace0e92b25324e8afbd0e5f6698b01a921780a2385e02419965fa97e3e796c4,window_762,78.0,88.0,sequence_prediction_error,0.17259055862667752,provisional_unverified,0.12732958604327343
bace0e92b25324e8afbd0e5f6698b01a921780a2385e02419965fa97e3e796c4,window_763,80.0,90.0,sequence_prediction_error,0.17366733874859733,provisional_unverified,0.12667953232942092
bace0e92b25324e8afbd0e5f6698b01a921780a2385e02419965fa97e3e796c4,window_764,82.0,92.0,sequence_prediction_error,0.1674971948785001,provisional_unverified,0.13088303972132453
bace0e92b25324e8afbd0e5f6698b01a921780a2385e02419965fa97e3e796c4,window_765,84.0,94.0,sequence_prediction_error,0.1668432240728467,provisional_unverified,0.13198915349072152
bace0e92b25324e8afbd0e5f6698b01a921780a2385e02419965fa97e3e796c4,window_766,86.0,96.0,sequence_prediction_error,0.16138889205695034,provisional_unverified,0.13173901841343869
bace0e92b25324e8afbd0e5f6698b01a921780a2385e02419965fa97e3e796c4,window_767,88.0,98.0,sequence_prediction_error,0.16239329616284182,provisional_unverified,0.13049676007417738
bace0e92b25324e8afbd0e5f6698b01a921780a2385e02419965fa97e3e796c4,window_768,90.0,100.0,sequence_prediction_error,0.1622456570162894,provisional_unverified,0.13351539800363582
bace0e92b25324e8afbd0e5f6698b01a921780a2385e02419965fa97e3e796c4,window_769,92.0,102.0,sequence_prediction_error,0.1781671581832894,provisional_unverified,0.1279678681198799
bace0e92b25324e8afbd0e5f6698b01a921780a2385e02419965fa97e3e796c4,window_770,94.0,104.0,sequence_prediction_error,0.1765629949697363,provisional_unverified,0.12854559526524909
bace0e92b25324e8afbd0e5f6698b01a921780a2385e02419965fa97e3e796c4,window_771,96.0,106.0,sequence_prediction_error,0.17714502753538314,provisional_unverified,0.12764729030641117
bace0e92b25324e8afbd0e5f6698b01a921780a2385e02419965fa97e3e796c4,window_772,98.0,108.0,sequence_prediction_error,0.1716331392191835,provisional_unverified,0.1263749909292362
bace0e92b25324e8afbd0e5f6698b01a921780a2385e02419965fa97e3e796c4,window_773,100.0,110.0,sequence_prediction_error,0.16233153565637307,provisional_unverified,0.12350819600990223
bace0e92b25324e8afbd0e5f6698b01a921780a2385e02419965fa97e3e796c4,window_774,102.0,112.0,sequence_prediction_error,0.13420619660012986,provisional_unverified,0.11460341667029435
bace0e92b25324e8afbd0e5f6698b01a921780a2385e02419965fa97e3e796c4,window_775,104.0,114.0,sequence_prediction_error,0.1189398310492552,provisional_unverified,0.09138566156552845
bace0e92b25324e8afbd0e5f6698b01a921780a2385e02419965fa97e3e796c4,window_776,106.0,116.0,sequence_prediction_error,0.13667920515986892,provisional_unverified,0.08227702027696011
bace0e92b25324e8afbd0e5f6698b01a921780a2385e02419965fa97e3e796c4,window_777,108.0,118.0,sequence_prediction_error,0.16486435422747964,provisional_unverified,0.08091065771301792
bace0e92b25324e8afbd0e5f6698b01a921780a2385e02419965fa97e3e796c4,window_778,110.0,120.0,sequence_prediction_error,0.19390309554855245,provisional_unverified,0.06963082854939326
bace0e92b25324e8afbd0e5f6698b01a921780a2385e02419965fa97e3e796c4,window_779,112.0,122.0,sequence_prediction_error,0.19502575912572878,provisional_unverified,0.07550607393696956
bace0e92b25324e8afbd0e5f6698b01a921780a2385e02419965fa97e3e796c4,window_780,114.0,124.0,sequence_prediction_error,0.2016265254708544,provisional_unverified,0.0899405571884933
bace0e92b25324e8afbd0e5f6698b01a921780a2385e02419965fa97e3e796c4,window_781,116.0,126.0,sequence_prediction_error,0.17595403637135942,provisional_unverified,0.09678637086772472
bace0e92b25324e8afbd0e5f6698b01a921780a2385e02419965fa97e3e796c4,window_782,118.0,128.0,sequence_prediction_error,0.1446247266346279,provisional_unverified,0.09854700867546985
bace0e92b25324e8afbd0e5f6698b01a921780a2385e02419965fa97e3e796c4,window_783,120.0,130.0,sequence_prediction_error,0.11925521077359275,provisional_unverified,0.10891756448087216
bace0e92b25324e8afbd0e5f6698b01a921780a2385e02419965fa97e3e796c4,window_784,122.0,132.0,sequence_prediction_error,0.11511737961909806,provisional_unverified,0.10861975740424931
bace0e92b25324e8afbd0e5f6698b01a921780a2385e02419965fa97e3e796c4,window_785,124.0,134.0,sequence_prediction_error,0.10823191317967616,provisional_unverified,0.10385286877330986
bace0e92b25324e8afbd0e5f6698b01a921780a2385e02419965fa97e3e796c4,window_786,126.0,136.0,sequence_prediction_error,0.09959279688868594,provisional_unverified,0.09413527478932227
bace0e92b25324e8afbd0e5f6698b01a921780a2385e02419965fa97e3e796c4,window_787,128.0,138.0,sequence_prediction_error,0.37894301620904813,provisional_unverified,0.16191201317197235
bace0e92b25324e8afbd0e5f6698b01a921780a2385e02419965fa97e3e796c4,window_788,130.0,140.0,sequence_prediction_error,0.35506028093460956,provisional_unverified,0.1388347128770578
bace0e92b25324e8afbd0e5f6698b01a921780a2385e02419965fa97e3e796c4,window_789,132.0,142.0,sequence_prediction_error,0.3480540024490596,provisional_unverified,0.13001689558811494
bace0e92b25324e8afbd0e5f6698b01a921780a2385e02419965fa97e3e796c4,window_790,134.0,144.0,sequence_prediction_error,0.7148208043459904,provisional_unverified,0.1301480278028373
bace0e92b25324e8afbd0e5f6698b01a921780a2385e02419965fa97e3e796c4,window_791,136.0,146.0,sequence_prediction_error,4.784143976199529,provisional_unverified,0.7061854855372182
bace0e92b25324e8afbd0e5f6698b01a921780a2385e02419965fa97e3e796c4,window_792,138.0,148.0,sequence_prediction_error,9.749660912255159,provisional_unverified,0.9825533731715755
bace0e92b25324e8afbd0e5f6698b01a921780a2385e02419965fa97e3e796c4,window_793,140.0,150.0,sequence_prediction_error,28.418345040963626,provisional_unverified,2.1558626855729126
bace0e92b25324e8afbd0e5f6698b01a921780a2385e02419965fa97e3e796c4,window_794,142.0,152.0,sequence_prediction_error,45.96780725829389,provisional_unverified,4.589020150683828
bace0e92b25324e8afbd0e5f6698b01a921780a2385e02419965fa97e3e796c4,window_795,144.0,154.0,sequence_prediction_error,84.97128349263686,provisional_unverified,7.357655956289494
bace0e92b25324e8afbd0e5f6698b01a921780a2385e02419965fa97e3e796c4,window_796,146.0,156.0,sequence_prediction_error,99.8496112445812,provisional_unverified,8.271622569570143
bace0e92b25324e8afbd0e5f6698b01a921780a2385e02419965fa97e3e796c4,window_797,148.0,158.0,sequence_prediction_error,113.02576580624276,provisional_unverified,8.460255703155978
bace0e92b25324e8afbd0e5f6698b01a921780a2385e02419965fa97e3e796c4,window_798,150.0,160.0,sequence_prediction_error,120.34287594462509,provisional_unverified,9.292193452430915
bace0e92b25324e8afbd0e5f6698b01a921780a2385e02419965fa97e3e796c4,window_799,152.0,162.0,sequence_prediction_error,107.55492249678744,provisional_unverified,12.501438202049018
bace0e92b25324e8afbd0e5f6698b01a921780a2385e02419965fa97e3e796c4,window_800,154.0,164.0,sequence_prediction_error,79.94853075038712,provisional_unverified,12.245307455340605
bace0e92b25324e8afbd0e5f6698b01a921780a2385e02419965fa97e3e796c4,window_801,156.0,166.0,sequence_prediction_error,87.30896914114126,provisional_unverified,12.597786783469267
bace0e92b25324e8afbd0e5f6698b01a921780a2385e02419965fa97e3e796c4,window_802,158.0,168.0,sequence_prediction_error,81.89804996374272,provisional_unverified,14.721798892924328
bace0e92b25324e8afbd0e5f6698b01a921780a2385e02419965fa97e3e796c4,window_803,160.0,170.0,sequence_prediction_error,66.59819459466581,provisional_unverified,13.786216571138503
bace0e92b25324e8afbd0e5f6698b01a921780a2385e02419965fa97e3e796c4,window_804,162.0,172.0,sequence_prediction_error,74.38094063255028,provisional_unverified,9.025028280122878
bace0e92b25324e8afbd0e5f6698b01a921780a2385e02419965fa97e3e796c4,window_805,164.0,174.0,sequence_prediction_error,73.79274982525484,provisional_unverified,7.502353162529255
bace0e92b25324e8afbd0e5f6698b01a921780a2385e02419965fa97e3e796c4,window_806,166.0,176.0,sequence_prediction_error,63.01522123042159,provisional_unverified,5.866029404629165
bace0e92b25324e8afbd0e5f6698b01a921780a2385e02419965fa97e3e796c4,window_807,168.0,178.0,sequence_prediction_error,68.45758312513692,provisional_unverified,7.171851437799472
bace0e92b25324e8afbd0e5f6698b01a921780a2385e02419965fa97e3e796c4,window_808,170.0,180.0,sequence_prediction_error,85.52708890023779,provisional_unverified,7.656020958485815
bace0e92b25324e8afbd0e5f6698b01a921780a2385e02419965fa97e3e796c4,window_809,172.0,182.0,sequence_prediction_error,97.92449024489576,provisional_unverified,8.012618283121801
bace0e92b25324e8afbd0e5f6698b01a921780a2385e02419965fa97e3e796c4,window_810,174.0,184.0,sequence_prediction_error,111.5904870335365,provisional_unverified,8.57886065834713
bace0e92b25324e8afbd0e5f6698b01a921780a2385e02419965fa97e3e796c4,window_811,176.0,186.0,sequence_prediction_error,107.16738122733577,provisional_unverified,10.90586150652143
bace0e92b25324e8afbd0e5f6698b01a921780a2385e02419965fa97e3e796c4,window_812,178.0,188.0,sequence_prediction_error,100.02915661201544,provisional_unverified,10.292768582906854
bace0e92b25324e8afbd0e5f6698b01a921780a2385e02419965fa97e3e796c4,window_813,180.0,190.0,sequence_prediction_error,103.53762250618311,provisional_unverified,9.885695413086893
bace0e92b25324e8afbd0e5f6698b01a921780a2385e02419965fa97e3e796c4,window_814,182.0,192.0,sequence_prediction_error,82.49730466249429,provisional_unverified,11.542448568203499
bace0e92b25324e8afbd0e5f6698b01a921780a2385e02419965fa97e3e796c4,window_815,184.0,194.0,sequence_prediction_error,67.32119877769975,provisional_unverified,10.453251190478948
bace0e92b25324e8afbd0e5f6698b01a921780a2385e02419965fa97e3e796c4,window_816,186.0,196.0,sequence_prediction_error,75.27534483614441,provisional_unverified,7.987962466499808
bace0e92b25324e8afbd0e5f6698b01a921780a2385e02419965fa97e3e796c4,window_817,188.0,198.0,sequence_prediction_error,74.62042793226,provisional_unverified,6.326571060834849
bace0e92b25324e8afbd0e5f6698b01a921780a2385e02419965fa97e3e796c4,window_818,190.0,200.0,sequence_prediction_error,61.04121014566704,provisional_unverified,5.851452875388044
bace0e92b25324e8afbd0e5f6698b01a921780a2385e02419965fa97e3e796c4,window_819,192.0,202.0,sequence_prediction_error,77.52858645770193,provisional_unverified,4.404375760742834
bace0e92b25324e8afbd0e5f6698b01a921780a2385e02419965fa97e3e796c4,window_820,194.0,204.0,sequence_prediction_error,91.25296123325727,provisional_unverified,10.30129955539807
bace0e92b25324e8afbd0e5f6698b01a921780a2385e02419965fa97e3e796c4,window_821,196.0,206.0,sequence_prediction_error,77.67340731804043,provisional_unverified,11.069896390410753
bace0e92b25324e8afbd0e5f6698b01a921780a2385e02419965fa97e3e796c4,window_822,198.0,208.0,sequence_prediction_error,84.06810796184293,provisional_unverified,10.713309537329755
bace0e92b25324e8afbd0e5f6698b01a921780a2385e02419965fa97e3e796c4,window_823,200.0,210.0,sequence_prediction_error,84.69287137332341,provisional_unverified,12.09066406259174
bace0e92b25324e8afbd0e5f6698b01a921780a2385e02419965fa97e3e796c4,window_824,202.0,212.0,sequence_prediction_error,68.94950220275149,provisional_unverified,12.581554084551266
bace0e92b25324e8afbd0e5f6698b01a921780a2385e02419965fa97e3e796c4,window_825,204.0,214.0,sequence_prediction_error,69.52111482741908,provisional_unverified,11.685406878765244
bace0e92b25324e8afbd0e5f6698b01a921780a2385e02419965fa97e3e796c4,window_826,206.0,216.0,sequence_prediction_error,98.25230074700328,provisional_unverified,15.37304489188812
bace0e92b25324e8afbd0e5f6698b01a921780a2385e02419965fa97e3e796c4,window_827,208.0,218.0,sequence_prediction_error,85.58578724444023,provisional_unverified,16.745585125776078
bace0e92b25324e8afbd0e5f6698b01a921780a2385e02419965fa97e3e796c4,window_828,210.0,220.0,sequence_prediction_error,74.81802627032695,provisional_unverified,15.134401907250314
bace0e92b25324e8afbd0e5f6698b01a921780a2385e02419965fa97e3e796c4,window_829,212.0,222.0,sequence_prediction_error,78.2110998164556,provisional_unverified,14.193764667669457
bace0e92b25324e8afbd0e5f6698b01a921780a2385e02419965fa97e3e796c4,window_830,214.0,224.0,sequence_prediction_error,56.55657177959687,provisional_unverified,10.188755249361412
bace0e92b25324e8afbd0e5f6698b01a921780a2385e02419965fa97e3e796c4,window_831,216.0,226.0,sequence_prediction_error,25.309516245952118,provisional_unverified,5.413471591181257
bace0e92b25324e8afbd0e5f6698b01a921780a2385e02419965fa97e3e796c4,window_832,218.0,228.0,sequence_prediction_error,19.673620761469742,provisional_unverified,3.5490132020400478
bace0e92b25324e8afbd0e5f6698b01a921780a2385e02419965fa97e3e796c4,window_833,220.0,230.0,sequence_prediction_error,13.928905843292007,provisional_unverified,2.9472906297707318
bace0e92b25324e8afbd0e5f6698b01a921780a2385e02419965fa97e3e796c4,window_834,222.0,232.0,sequence_prediction_error,5.070150753049935,provisional_unverified,1.8407623903121086
bace0e92b25324e8afbd0e5f6698b01a921780a2385e02419965fa97e3e796c4,window_835,224.0,234.0,sequence_prediction_error,2.4176538375462826,provisional_unverified,0.8230211090424376
bace0e92b25324e8afbd0e5f6698b01a921780a2385e02419965fa97e3e796c4,window_836,226.0,236.0,sequence_prediction_error,1.8354552218872076,provisional_unverified,0.5367225842125597
bace0e92b25324e8afbd0e5f6698b01a921780a2385e02419965fa97e3e796c4,window_837,228.0,238.0,sequence_prediction_error,1.4583817860719512,provisional_unverified,0.3479096585148539
bace0e92b25324e8afbd0e5f6698b01a921780a2385e02419965fa97e3e796c4,window_838,230.0,240.0,sequence_prediction_error,1.3296082249310144,provisional_unverified,0.29321771067373226
bace0e92b25324e8afbd0e5f6698b01a921780a2385e02419965fa97e3e796c4,window_839,232.0,242.0,sequence_prediction_error,1.2173077362236964,provisional_unverified,0.26478012052861755
c3c503093a73b359d513d025d9185c7ada423099650828cbd4fdba12d1d7aafc,window_840,0.0,10.0,sequence_prediction_error,0.5354033530618691,provisional_unverified,0.162310923756993
c3c503093a73b359d513d025d9185c7ada423099650828cbd4fdba12d1d7aafc,window_841,2.0,12.0,sequence_prediction_error,0.42632241347384053,provisional_unverified,0.21740878465645036
c3c503093a73b359d513d025d9185c7ada423099650828cbd4fdba12d1d7aafc,window_842,4.0,14.0,sequence_prediction_error,0.5000462574985546,provisional_unverified,0.2903179970415022
c3c503093a73b359d513d025d9185c7ada423099650828cbd4fdba12d1d7aafc,window_843,6.0,16.0,sequence_prediction_error,0.4942089262277827,provisional_unverified,0.30074515595771634
c3c503093a73b359d513d025d9185c7ada423099650828cbd4fdba12d1d7aafc,window_844,8.0,18.0,sequence_prediction_error,0.513782534011724,provisional_unverified,0.3062112614566898
c3c503093a73b359d513d025d9185c7ada423099650828cbd4fdba12d1d7aafc,window_845,10.0,20.0,sequence_prediction_error,0.6219095128063189,provisional_unverified,0.3392242472007753
db4d46d3c8abd3b8d2327e52a99599c63e7bd8ed5f1b122d3047d731fc6d2684,window_846,0.0,10.0,sequence_prediction_error,0.2752576487685459,provisional_unverified,0.09457714938338464
db4d46d3c8abd3b8d2327e52a99599c63e7bd8ed5f1b122d3047d731fc6d2684,window_847,2.0,12.0,sequence_prediction_error,0.22723436984427509,provisional_unverified,0.0669057619377346
db4d46d3c8abd3b8d2327e52a99599c63e7bd8ed5f1b122d3047d731fc6d2684,window_848,4.0,14.0,sequence_prediction_error,0.19425707527994865,provisional_unverified,0.050228084138819545
db4d46d3c8abd3b8d2327e52a99599c63e7bd8ed5f1b122d3047d731fc6d2684,window_849,6.0,16.0,sequence_prediction_error,0.196154766181205,provisional_unverified,0.055442111008880864
db4d46d3c8abd3b8d2327e52a99599c63e7bd8ed5f1b122d3047d731fc6d2684,window_850,8.0,18.0,sequence_prediction_error,0.09585638148851115,provisional_unverified,0.05096331800032145
db4d46d3c8abd3b8d2327e52a99599c63e7bd8ed5f1b122d3047d731fc6d2684,window_851,10.0,20.0,sequence_prediction_error,0.0722515407866716,provisional_unverified,0.04623252941118113
dc8bf44eb4cc0becf1c5ebe252a515c98193744c2031498501de80e036899758,window_852,0.0,10.0,sequence_prediction_error,0.027517293759352378,provisional_unverified,0.036559078538780376
dc8bf44eb4cc0becf1c5ebe252a515c98193744c2031498501de80e036899758,window_853,2.0,12.0,sequence_prediction_error,0.030427273323226183,provisional_unverified,0.045378662533784496
dc8bf44eb4cc0becf1c5ebe252a515c98193744c2031498501de80e036899758,window_854,4.0,14.0,sequence_prediction_error,0.02853739422462163,provisional_unverified,0.04668549026087036
dc8bf44eb4cc0becf1c5ebe252a515c98193744c2031498501de80e036899758,window_855,6.0,16.0,sequence_prediction_error,0.03140313029699214,provisional_unverified,0.050799043890377094
dc8bf44eb4cc0becf1c5ebe252a515c98193744c2031498501de80e036899758,window_856,8.0,18.0,sequence_prediction_error,0.03255880789834405,provisional_unverified,0.05243976129305184
dc8bf44eb4cc0becf1c5ebe252a515c98193744c2031498501de80e036899758,window_857,10.0,20.0,sequence_prediction_error,0.036340598493719296,provisional_unverified,0.056943116660325976
dc8bf44eb4cc0becf1c5ebe252a515c98193744c2031498501de80e036899758,window_858,12.0,22.0,sequence_prediction_error,0.03975324641373532,provisional_unverified,0.06102607951712955
dc8bf44eb4cc0becf1c5ebe252a515c98193744c2031498501de80e036899758,window_859,14.0,24.0,sequence_prediction_error,0.04428530422318628,provisional_unverified,0.0644333261441775
dc8bf44eb4cc0becf1c5ebe252a515c98193744c2031498501de80e036899758,window_860,16.0,26.0,sequence_prediction_error,0.051769768688444184,provisional_unverified,0.07211225050609762
dc8bf44eb4cc0becf1c5ebe252a515c98193744c2031498501de80e036899758,window_861,18.0,28.0,sequence_prediction_error,0.058950695102606115,provisional_unverified,0.08083674531457243
dc8bf44eb4cc0becf1c5ebe252a515c98193744c2031498501de80e036899758,window_862,20.0,30.0,sequence_prediction_error,0.0695235324282689,provisional_unverified,0.09084352460436419
dc8bf44eb4cc0becf1c5ebe252a515c98193744c2031498501de80e036899758,window_863,22.0,32.0,sequence_prediction_error,0.07711562026456195,provisional_unverified,0.10061794836023953
dc8bf44eb4cc0becf1c5ebe252a515c98193744c2031498501de80e036899758,window_864,24.0,34.0,sequence_prediction_error,0.08279719179031138,provisional_unverified,0.10543314268634496
dc8bf44eb4cc0becf1c5ebe252a515c98193744c2031498501de80e036899758,window_865,26.0,36.0,sequence_prediction_error,0.08391671942186509,provisional_unverified,0.1078755077091357
dc8bf44eb4cc0becf1c5ebe252a515c98193744c2031498501de80e036899758,window_866,28.0,38.0,sequence_prediction_error,0.08572012741864696,provisional_unverified,0.10962114449987695
dc8bf44eb4cc0becf1c5ebe252a515c98193744c2031498501de80e036899758,window_867,30.0,40.0,sequence_prediction_error,0.0851972599428878,provisional_unverified,0.109764356277202
dc8bf44eb4cc0becf1c5ebe252a515c98193744c2031498501de80e036899758,window_868,32.0,42.0,sequence_prediction_error,0.08832607115042437,provisional_unverified,0.11064233495959291
dc8bf44eb4cc0becf1c5ebe252a515c98193744c2031498501de80e036899758,window_869,34.0,44.0,sequence_prediction_error,0.0843742409867346,provisional_unverified,0.10909681233915046
dc8bf44eb4cc0becf1c5ebe252a515c98193744c2031498501de80e036899758,window_870,36.0,46.0,sequence_prediction_error,0.08698126466188928,provisional_unverified,0.10942015129414037
dc8bf44eb4cc0becf1c5ebe252a515c98193744c2031498501de80e036899758,window_871,38.0,48.0,sequence_prediction_error,0.08969293271059588,provisional_unverified,0.11007466972285657
dc8bf44eb4cc0becf1c5ebe252a515c98193744c2031498501de80e036899758,window_872,40.0,50.0,sequence_prediction_error,0.08967000410678863,provisional_unverified,0.10767422483659797
dc8bf44eb4cc0becf1c5ebe252a515c98193744c2031498501de80e036899758,window_873,42.0,52.0,sequence_prediction_error,0.08428669299003445,provisional_unverified,0.1053825198050545
dc8bf44eb4cc0becf1c5ebe252a515c98193744c2031498501de80e036899758,window_874,44.0,54.0,sequence_prediction_error,0.08804890123175221,provisional_unverified,0.10573656289166525
dc8bf44eb4cc0becf1c5ebe252a515c98193744c2031498501de80e036899758,window_875,46.0,56.0,sequence_prediction_error,0.08668480572977676,provisional_unverified,0.10731829698304154
dc8bf44eb4cc0becf1c5ebe252a515c98193744c2031498501de80e036899758,window_876,48.0,58.0,sequence_prediction_error,0.08928212041850152,provisional_unverified,0.10776568252281614
dc8bf44eb4cc0becf1c5ebe252a515c98193744c2031498501de80e036899758,window_877,50.0,60.0,sequence_prediction_error,0.09217522295558518,provisional_unverified,0.10997334819292855
dc8bf44eb4cc0becf1c5ebe252a515c98193744c2031498501de80e036899758,window_878,52.0,62.0,sequence_prediction_error,0.09562121645533764,provisional_unverified,0.10962563860755725
dc8bf44eb4cc0becf1c5ebe252a515c98193744c2031498501de80e036899758,window_879,54.0,64.0,sequence_prediction_error,0.10158312543486296,provisional_unverified,0.10712493524154484
dc8bf44eb4cc0becf1c5ebe252a515c98193744c2031498501de80e036899758,window_880,56.0,66.0,sequence_prediction_error,0.10270186191487196,provisional_unverified,0.10423488798262028
dc8bf44eb4cc0becf1c5ebe252a515c98193744c2031498501de80e036899758,window_881,58.0,68.0,sequence_prediction_error,0.1014986346999542,provisional_unverified,0.10714167542324061
dc8bf44eb4cc0becf1c5ebe252a515c98193744c2031498501de80e036899758,window_882,60.0,70.0,sequence_prediction_error,0.0940108335589693,provisional_unverified,0.10285467840904107
dc8bf44eb4cc0becf1c5ebe252a515c98193744c2031498501de80e036899758,window_883,62.0,72.0,sequence_prediction_error,0.09404952620560515,provisional_unverified,0.10413948966951414
dc8bf44eb4cc0becf1c5ebe252a515c98193744c2031498501de80e036899758,window_884,64.0,74.0,sequence_prediction_error,0.09721286468918536,provisional_unverified,0.10680815222780618
dc8bf44eb4cc0becf1c5ebe252a515c98193744c2031498501de80e036899758,window_885,66.0,76.0,sequence_prediction_error,0.09925672092551287,provisional_unverified,0.10935159976433766
dc8bf44eb4cc0becf1c5ebe252a515c98193744c2031498501de80e036899758,window_886,68.0,78.0,sequence_prediction_error,0.10308472217465534,provisional_unverified,0.10874798870127328
dc8bf44eb4cc0becf1c5ebe252a515c98193744c2031498501de80e036899758,window_887,70.0,80.0,sequence_prediction_error,0.11442607853765088,provisional_unverified,0.11130589398064825
dc8bf44eb4cc0becf1c5ebe252a515c98193744c2031498501de80e036899758,window_888,72.0,82.0,sequence_prediction_error,0.11085799085647685,provisional_unverified,0.11226056338226445
dc8bf44eb4cc0becf1c5ebe252a515c98193744c2031498501de80e036899758,window_889,74.0,84.0,sequence_prediction_error,0.09987752016694904,provisional_unverified,0.1123891809090786
dc8bf44eb4cc0becf1c5ebe252a515c98193744c2031498501de80e036899758,window_890,76.0,86.0,sequence_prediction_error,0.09732521850433219,provisional_unverified,0.11103631610612262
dc8bf44eb4cc0becf1c5ebe252a515c98193744c2031498501de80e036899758,window_891,78.0,88.0,sequence_prediction_error,0.08930953288805062,provisional_unverified,0.110122015951466
dc8bf44eb4cc0becf1c5ebe252a515c98193744c2031498501de80e036899758,window_892,80.0,90.0,sequence_prediction_error,0.08167325685766418,provisional_unverified,0.10916092793997152
dc8bf44eb4cc0becf1c5ebe252a515c98193744c2031498501de80e036899758,window_893,82.0,92.0,sequence_prediction_error,0.08812464930194616,provisional_unverified,0.1129411975101227
dc8bf44eb4cc0becf1c5ebe252a515c98193744c2031498501de80e036899758,window_894,84.0,94.0,sequence_prediction_error,0.09432031217070824,provisional_unverified,0.11484389634591809
dc8bf44eb4cc0becf1c5ebe252a515c98193744c2031498501de80e036899758,window_895,86.0,96.0,sequence_prediction_error,0.10117188027475295,provisional_unverified,0.1173208873905496
dc8bf44eb4cc0becf1c5ebe252a515c98193744c2031498501de80e036899758,window_896,88.0,98.0,sequence_prediction_error,0.10161971608374508,provisional_unverified,0.11815044699111588
dc8bf44eb4cc0becf1c5ebe252a515c98193744c2031498501de80e036899758,window_897,90.0,100.0,sequence_prediction_error,0.10381409698564545,provisional_unverified,0.11940417572819342
dc8bf44eb4cc0becf1c5ebe252a515c98193744c2031498501de80e036899758,window_898,92.0,102.0,sequence_prediction_error,0.09967157778324041,provisional_unverified,0.11886516393871044
dc8bf44eb4cc0becf1c5ebe252a515c98193744c2031498501de80e036899758,window_899,94.0,104.0,sequence_prediction_error,0.10258695845018466,provisional_unverified,0.12234680173121333
dc8bf44eb4cc0becf1c5ebe252a515c98193744c2031498501de80e036899758,window_900,96.0,106.0,sequence_prediction_error,0.10481761038373319,provisional_unverified,0.12479158770345913
dc8bf44eb4cc0becf1c5ebe252a515c98193744c2031498501de80e036899758,window_901,98.0,108.0,sequence_prediction_error,0.11580625686203183,provisional_unverified,0.13038670510516048
dc8bf44eb4cc0becf1c5ebe252a515c98193744c2031498501de80e036899758,window_902,100.0,110.0,sequence_prediction_error,0.11857287196957622,provisional_unverified,0.13285916029697648
dc8bf44eb4cc0becf1c5ebe252a515c98193744c2031498501de80e036899758,window_903,102.0,112.0,sequence_prediction_error,0.12006390250033194,provisional_unverified,0.1330028856274391
dc8bf44eb4cc0becf1c5ebe252a515c98193744c2031498501de80e036899758,window_904,104.0,114.0,sequence_prediction_error,0.1180720445816514,provisional_unverified,0.131693640762919
dc8bf44eb4cc0becf1c5ebe252a515c98193744c2031498501de80e036899758,window_905,106.0,116.0,sequence_prediction_error,0.11133346607079271,provisional_unverified,0.12964338551447505
dc8bf44eb4cc0becf1c5ebe252a515c98193744c2031498501de80e036899758,window_906,108.0,118.0,sequence_prediction_error,0.10533291687710991,provisional_unverified,0.12857731117627524
dc8bf44eb4cc0becf1c5ebe252a515c98193744c2031498501de80e036899758,window_907,110.0,120.0,sequence_prediction_error,0.10229345561480856,provisional_unverified,0.128354065136071
dc8bf44eb4cc0becf1c5ebe252a515c98193744c2031498501de80e036899758,window_908,112.0,122.0,sequence_prediction_error,0.0983466178586204,provisional_unverified,0.13141601643532178
dc8bf44eb4cc0becf1c5ebe252a515c98193744c2031498501de80e036899758,window_909,114.0,124.0,sequence_prediction_error,0.1048074114654502,provisional_unverified,0.13481129569084274
dc8bf44eb4cc0becf1c5ebe252a515c98193744c2031498501de80e036899758,window_910,116.0,126.0,sequence_prediction_error,0.10798873478950417,provisional_unverified,0.1347094717190068
dc8bf44eb4cc0becf1c5ebe252a515c98193744c2031498501de80e036899758,window_911,118.0,128.0,sequence_prediction_error,0.1070660457082954,provisional_unverified,0.13522296302372305
dc8bf44eb4cc0becf1c5ebe252a515c98193744c2031498501de80e036899758,window_912,120.0,130.0,sequence_prediction_error,0.1085913230561646,provisional_unverified,0.1355621248938856
dc8bf44eb4cc0becf1c5ebe252a515c98193744c2031498501de80e036899758,window_913,122.0,132.0,sequence_prediction_error,0.11245888626358613,provisional_unverified,0.1387548396645956
dc8bf44eb4cc0becf1c5ebe252a515c98193744c2031498501de80e036899758,window_914,124.0,134.0,sequence_prediction_error,0.10182154736456633,provisional_unverified,0.1358174559269956
dc8bf44eb4cc0becf1c5ebe252a515c98193744c2031498501de80e036899758,window_915,126.0,136.0,sequence_prediction_error,0.10046918814240229,provisional_unverified,0.1382361568943321
dc8bf44eb4cc0becf1c5ebe252a515c98193744c2031498501de80e036899758,window_916,128.0,138.0,sequence_prediction_error,0.10808327135207112,provisional_unverified,0.1368717108934915
dc8bf44eb4cc0becf1c5ebe252a515c98193744c2031498501de80e036899758,window_917,130.0,140.0,sequence_prediction_error,0.10935761147661141,provisional_unverified,0.13907866911258995
dc8bf44eb4cc0becf1c5ebe252a515c98193744c2031498501de80e036899758,window_918,132.0,142.0,sequence_prediction_error,0.10512153306232509,provisional_unverified,0.13365540629015352
dc8bf44eb4cc0becf1c5ebe252a515c98193744c2031498501de80e036899758,window_919,134.0,144.0,sequence_prediction_error,0.11045474415744164,provisional_unverified,0.13495119189233154
dc8bf44eb4cc0becf1c5ebe252a515c98193744c2031498501de80e036899758,window_920,136.0,146.0,sequence_prediction_error,0.1037126853551579,provisional_unverified,0.12774646121141028
dc8bf44eb4cc0becf1c5ebe252a515c98193744c2031498501de80e036899758,window_921,138.0,148.0,sequence_prediction_error,0.09592226897112187,provisional_unverified,0.12789957908619362
dc8bf44eb4cc0becf1c5ebe252a515c98193744c2031498501de80e036899758,window_922,140.0,150.0,sequence_prediction_error,0.10002967889043247,provisional_unverified,0.1279209640516694
dc8bf44eb4cc0becf1c5ebe252a515c98193744c2031498501de80e036899758,window_923,142.0,152.0,sequence_prediction_error,0.10282152463815696,provisional_unverified,0.12723117062995143
dc8bf44eb4cc0becf1c5ebe252a515c98193744c2031498501de80e036899758,window_924,144.0,154.0,sequence_prediction_error,0.1055786606440503,provisional_unverified,0.1253271895753274
dc8bf44eb4cc0becf1c5ebe252a515c98193744c2031498501de80e036899758,window_925,146.0,156.0,sequence_prediction_error,0.10932762022167967,provisional_unverified,0.13033314792074285
dc8bf44eb4cc0becf1c5ebe252a515c98193744c2031498501de80e036899758,window_926,148.0,158.0,sequence_prediction_error,0.12438703645126813,provisional_unverified,0.12318814482377435
dc8bf44eb4cc0becf1c5ebe252a515c98193744c2031498501de80e036899758,window_927,150.0,160.0,sequence_prediction_error,0.1246462508613237,provisional_unverified,0.12114332471518748
dc8bf44eb4cc0becf1c5ebe252a515c98193744c2031498501de80e036899758,window_928,152.0,162.0,sequence_prediction_error,0.12894263673834144,provisional_unverified,0.13084129866908142
dc8bf44eb4cc0becf1c5ebe252a515c98193744c2031498501de80e036899758,window_929,154.0,164.0,sequence_prediction_error,0.12746315023911892,provisional_unverified,0.11601263361332316
dc8bf44eb4cc0becf1c5ebe252a515c98193744c2031498501de80e036899758,window_930,156.0,166.0,sequence_prediction_error,0.11710270904639529,provisional_unverified,0.09972945267127165
dc8bf44eb4cc0becf1c5ebe252a515c98193744c2031498501de80e036899758,window_931,158.0,168.0,sequence_prediction_error,0.29574061886288844,provisional_unverified,0.1013858436748411
dc8bf44eb4cc0becf1c5ebe252a515c98193744c2031498501de80e036899758,window_932,160.0,170.0,sequence_prediction_error,1.7731962213648655,provisional_unverified,0.1207198119896886
dc8bf44eb4cc0becf1c5ebe252a515c98193744c2031498501de80e036899758,window_933,162.0,172.0,sequence_prediction_error,2.8387509084900895,provisional_unverified,0.11057684063658854
dc8bf44eb4cc0becf1c5ebe252a515c98193744c2031498501de80e036899758,window_934,164.0,174.0,sequence_prediction_error,3.337969186006591,provisional_unverified,0.1206796523494181
dc8bf44eb4cc0becf1c5ebe252a515c98193744c2031498501de80e036899758,window_935,166.0,176.0,sequence_prediction_error,3.721194054288401,provisional_unverified,0.11842099656676291
