recording_id,start_s,end_s,Embeddings,Autoencoder,Contrastive,Sequence,Unsupervised,split
18385fe48224fbfa0cd6d17705d9305f857d70ef07b47b55502d04ff71359269,0.0,10.0,0.6020299145299145,0.42948717948717946,0.8541666666666666,0.405982905982906,0.4091880341880342,train
18385fe48224fbfa0cd6d17705d9305f857d70ef07b47b55502d04ff71359269,2.0,12.0,0.21207264957264957,0.5235042735042735,0.7403846153846154,0.532051282051282,0.9102564102564102,train
18385fe48224fbfa0cd6d17705d9305f857d70ef07b47b55502d04ff71359269,4.0,14.0,0.9770299145299145,0.8974358974358975,0.6143162393162394,0.8814102564102564,0.875,train
18385fe48224fbfa0cd6d17705d9305f857d70ef07b47b55502d04ff71359269,6.0,16.0,0.7964743589743589,0.9027777777777778,0.8226495726495726,0.8856837606837606,0.8279914529914529,train
18385fe48224fbfa0cd6d17705d9305f857d70ef07b47b55502d04ff71359269,8.0,18.0,0.7735042735042735,0.8814102564102564,0.8311965811965812,0.8707264957264957,0.8173076923076923,train
18385fe48224fbfa0cd6d17705d9305f857d70ef07b47b55502d04ff71359269,10.0,20.0,0.7222222222222222,0.8782051282051282,0.9492521367521367,0.8696581196581197,0.8237179487179487,train
18385fe48224fbfa0cd6d17705d9305f857d70ef07b47b55502d04ff71359269,12.0,22.0,0.9610042735042735,0.8664529914529915,0.8915598290598291,0.8611111111111112,0.8002136752136753,train
18385fe48224fbfa0cd6d17705d9305f857d70ef07b47b55502d04ff71359269,14.0,24.0,0.7596153846153846,0.8397435897435898,0.5416666666666666,0.8344017094017094,0.8034188034188035,train
18385fe48224fbfa0cd6d17705d9305f857d70ef07b47b55502d04ff71359269,16.0,26.0,0.8696581196581197,0.8408119658119658,0.2799145299145299,0.8397435897435898,0.8301282051282052,train
18385fe48224fbfa0cd6d17705d9305f857d70ef07b47b55502d04ff71359269,18.0,28.0,0.6698717948717948,0.8301282051282052,0.4754273504273504,0.8333333333333334,0.8247863247863247,train
18385fe48224fbfa0cd6d17705d9305f857d70ef07b47b55502d04ff71359269,20.0,30.0,0.7681623931623932,0.8450854700854701,0.5555555555555556,0.8418803418803419,0.8333333333333334,train
18385fe48224fbfa0cd6d17705d9305f857d70ef07b47b55502d04ff71359269,22.0,32.0,0.7061965811965812,0.8514957264957265,0.5678418803418803,0.8514957264957265,0.8514957264957265,train
18385fe48224fbfa0cd6d17705d9305f857d70ef07b47b55502d04ff71359269,24.0,34.0,0.9134615384615384,0.9102564102564102,0.8285256410256411,0.9198717948717948,0.8696581196581197,train
18385fe48224fbfa0cd6d17705d9305f857d70ef07b47b55502d04ff71359269,26.0,36.0,0.8936965811965812,0.8579059829059829,0.6965811965811965,0.8621794871794872,0.8942307692307693,train
18385fe48224fbfa0cd6d17705d9305f857d70ef07b47b55502d04ff71359269,28.0,38.0,0.5625,0.8675213675213675,0.7029914529914529,0.8771367521367521,0.8952991452991453,train
18385fe48224fbfa0cd6d17705d9305f857d70ef07b47b55502d04ff71359269,30.0,40.0,0.3173076923076923,0.8386752136752137,0.2152777777777778,0.8408119658119658,0.9412393162393162,train
18385fe48224fbfa0cd6d17705d9305f857d70ef07b47b55502d04ff71359269,32.0,42.0,0.049145299145299144,0.7350427350427351,0.05128205128205128,0.7585470085470085,0.9893162393162394,train
18385fe48224fbfa0cd6d17705d9305f857d70ef07b47b55502d04ff71359269,34.0,44.0,0.060363247863247864,0.7264957264957265,0.05822649572649573,0.7232905982905983,0.9957264957264957,train
18385fe48224fbfa0cd6d17705d9305f857d70ef07b47b55502d04ff71359269,36.0,46.0,0.04807692307692308,0.7318376068376068,0.15331196581196582,0.7382478632478633,0.9914529914529915,train
18385fe48224fbfa0cd6d17705d9305f857d70ef07b47b55502d04ff71359269,38.0,48.0,0.06623931623931624,0.7115384615384616,0.1485042735042735,0.7168803418803419,0.9935897435897436,train
18385fe48224fbfa0cd6d17705d9305f857d70ef07b47b55502d04ff71359269,40.0,50.0,0.03739316239316239,0.7382478632478633,0.13995726495726496,0.75,0.9925213675213675,train
18385fe48224fbfa0cd6d17705d9305f857d70ef07b47b55502d04ff71359269,42.0,52.0,0.05822649572649573,0.8151709401709402,0.009615384615384616,0.8194444444444444,0.9797008547008547,train
18385fe48224fbfa0cd6d17705d9305f857d70ef07b47b55502d04ff71359269,44.0,54.0,0.234508547008547,0.7980769230769231,0.11217948717948718,0.8044871794871795,0.9230769230769231,train
18385fe48224fbfa0cd6d17705d9305f857d70ef07b47b55502d04ff71359269,46.0,56.0,0.7649572649572649,0.8258547008547008,0.011752136752136752,0.8205128205128205,0.8076923076923077,train
18385fe48224fbfa0cd6d17705d9305f857d70ef07b47b55502d04ff71359269,48.0,58.0,0.6688034188034188,0.8173076923076923,0.023504273504273504,0.8183760683760684,0.7585470085470085,train
18385fe48224fbfa0cd6d17705d9305f857d70ef07b47b55502d04ff71359269,50.0,60.0,0.7564102564102564,0.8269230769230769,0.03418803418803419,0.8247863247863247,0.7596153846153846,train
18385fe48224fbfa0cd6d17705d9305f857d70ef07b47b55502d04ff71359269,52.0,62.0,0.7350427350427351,0.8333333333333334,0.07905982905982906,0.8279914529914529,0.7574786324786325,train
18385fe48224fbfa0cd6d17705d9305f857d70ef07b47b55502d04ff71359269,54.0,64.0,0.8007478632478633,0.8354700854700855,0.024572649572649572,0.8301282051282052,0.8675213675213675,train
18385fe48224fbfa0cd6d17705d9305f857d70ef07b47b55502d04ff71359269,56.0,66.0,0.37072649572649574,0.811965811965812,0.3717948717948718,0.813034188034188,0.8771367521367521,train
18385fe48224fbfa0cd6d17705d9305f857d70ef07b47b55502d04ff71359269,58.0,68.0,0.08012820512820513,0.7596153846153846,0.32905982905982906,0.7767094017094017,0.9145299145299145,train
18385fe48224fbfa0cd6d17705d9305f857d70ef07b47b55502d04ff71359269,60.0,70.0,0.05822649572649573,0.7286324786324786,0.12713675213675213,0.7553418803418803,0.9743589743589743,train
18385fe48224fbfa0cd6d17705d9305f857d70ef07b47b55502d04ff71359269,62.0,72.0,0.04700854700854701,0.688034188034188,0.19764957264957264,0.7072649572649573,0.9818376068376068,train
18385fe48224fbfa0cd6d17705d9305f857d70ef07b47b55502d04ff71359269,64.0,74.0,0.05181623931623932,0.7211538461538461,0.10790598290598291,0.7297008547008547,0.9807692307692307,train
18385fe48224fbfa0cd6d17705d9305f857d70ef07b47b55502d04ff71359269,66.0,76.0,0.045940170940170943,0.7329059829059829,0.1655982905982906,0.7574786324786325,0.9786324786324786,train
18385fe48224fbfa0cd6d17705d9305f857d70ef07b47b55502d04ff71359269,68.0,78.0,0.2387820512820513,0.7948717948717948,0.0641025641025641,0.8173076923076923,0.8835470085470085,train
18385fe48224fbfa0cd6d17705d9305f857d70ef07b47b55502d04ff71359269,70.0,80.0,0.6810897435897436,0.842948717948718,0.5678418803418803,0.8472222222222222,0.8525641025641025,train
18385fe48224fbfa0cd6d17705d9305f857d70ef07b47b55502d04ff71359269,72.0,82.0,0.7964743589743589,0.8846153846153846,0.9492521367521367,0.8878205128205128,0.8376068376068376,train
18385fe48224fbfa0cd6d17705d9305f857d70ef07b47b55502d04ff71359269,74.0,84.0,0.7136752136752137,0.8739316239316239,0.8205128205128205,0.8760683760683761,0.8311965811965812,train
18385fe48224fbfa0cd6d17705d9305f857d70ef07b47b55502d04ff71359269,76.0,86.0,0.8007478632478633,0.8728632478632479,0.8579059829059829,0.8717948717948718,0.8087606837606838,train
18385fe48224fbfa0cd6d17705d9305f857d70ef07b47b55502d04ff71359269,78.0,88.0,0.8098290598290598,0.8557692307692307,0.8514957264957265,0.8525641025641025,0.7959401709401709,train
18385fe48224fbfa0cd6d17705d9305f857d70ef07b47b55502d04ff71359269,80.0,90.0,0.9508547008547008,0.8504273504273504,0.7938034188034188,0.8493589743589743,0.7873931623931624,train
18385fe48224fbfa0cd6d17705d9305f857d70ef07b47b55502d04ff71359269,82.0,92.0,0.9770299145299145,0.844017094017094,0.5117521367521367,0.8386752136752137,0.7767094017094017,train
18385fe48224fbfa0cd6d17705d9305f857d70ef07b47b55502d04ff71359269,84.0,94.0,0.7211538461538461,0.8365384615384616,0.06517094017094018,0.8226495726495726,0.7670940170940171,train
18385fe48224fbfa0cd6d17705d9305f857d70ef07b47b55502d04ff71359269,86.0,96.0,0.7083333333333334,0.8461538461538461,0.11324786324786325,0.8365384615384616,0.7649572649572649,train
18385fe48224fbfa0cd6d17705d9305f857d70ef07b47b55502d04ff71359269,88.0,98.0,0.7200854700854701,0.8290598290598291,0.08974358974358974,0.8311965811965812,0.7489316239316239,train
18385fe48224fbfa0cd6d17705d9305f857d70ef07b47b55502d04ff71359269,90.0,100.0,0.6239316239316239,0.8344017094017094,0.11858974358974358,0.8290598290598291,0.7361111111111112,train
18385fe48224fbfa0cd6d17705d9305f857d70ef07b47b55502d04ff71359269,92.0,102.0,0.7168803418803419,0.8418803418803419,0.30982905982905984,0.8354700854700855,0.7318376068376068,train
18385fe48224fbfa0cd6d17705d9305f857d70ef07b47b55502d04ff71359269,94.0,104.0,0.6810897435897436,0.8536324786324786,0.8915598290598291,0.8504273504273504,0.7243589743589743,train
18385fe48224fbfa0cd6d17705d9305f857d70ef07b47b55502d04ff71359269,96.0,106.0,0.9610042735042735,0.8493589743589743,0.8846153846153846,0.8461538461538461,0.7040598290598291,train
18385fe48224fbfa0cd6d17705d9305f857d70ef07b47b55502d04ff71359269,98.0,108.0,0.9476495726495726,0.8621794871794872,0.8632478632478633,0.8653846153846154,0.6976495726495726,train
18385fe48224fbfa0cd6d17705d9305f857d70ef07b47b55502d04ff71359269,100.0,110.0,0.8936965811965812,0.8707264957264957,0.8285256410256411,0.8728632478632479,0.7126068376068376,train
18385fe48224fbfa0cd6d17705d9305f857d70ef07b47b55502d04ff71359269,102.0,112.0,0.6420940170940171,0.905982905982906,0.5790598290598291,0.9145299145299145,0.7724358974358975,train
18385fe48224fbfa0cd6d17705d9305f857d70ef07b47b55502d04ff71359269,104.0,114.0,0.32532051282051283,0.5544871794871795,0.17147435897435898,0.6057692307692307,0.5256410256410257,train
18385fe48224fbfa0cd6d17705d9305f857d70ef07b47b55502d04ff71359269,106.0,116.0,0.42788461538461536,0.4636752136752137,0.6789529914529915,0.5128205128205128,0.4754273504273504,train
18385fe48224fbfa0cd6d17705d9305f857d70ef07b47b55502d04ff71359269,108.0,118.0,0.09668803418803419,0.42735042735042733,0.7377136752136753,0.469017094017094,0.8685897435897436,train
18385fe48224fbfa0cd6d17705d9305f857d70ef07b47b55502d04ff71359269,110.0,120.0,0.1282051282051282,0.4551282051282051,0.5544871794871795,0.4636752136752137,0.9358974358974359,train
18385fe48224fbfa0cd6d17705d9305f857d70ef07b47b55502d04ff71359269,112.0,122.0,0.1330128205128205,0.48824786324786323,0.5331196581196581,0.4594017094017094,0.9391025641025641,train
18385fe48224fbfa0cd6d17705d9305f857d70ef07b47b55502d04ff71359269,114.0,124.0,0.028846153846153848,0.4797008547008547,0.13247863247863248,0.48824786324786323,0.9476495726495726,train
18385fe48224fbfa0cd6d17705d9305f857d70ef07b47b55502d04ff71359269,116.0,126.0,0.21207264957264957,0.5576923076923077,0.7430555555555556,0.5512820512820513,0.8717948717948718,train
18385fe48224fbfa0cd6d17705d9305f857d70ef07b47b55502d04ff71359269,118.0,128.0,0.2387820512820513,0.8044871794871795,0.016025641025641024,0.8151709401709402,0.8536324786324786,train
18385fe48224fbfa0cd6d17705d9305f857d70ef07b47b55502d04ff71359269,120.0,130.0,0.7232905982905983,0.8589743589743589,0.15064102564102563,0.8643162393162394,0.7136752136752137,train
18385fe48224fbfa0cd6d17705d9305f857d70ef07b47b55502d04ff71359269,122.0,132.0,0.8605769230769231,0.8867521367521367,0.75,0.8931623931623932,0.6987179487179487,train
18385fe48224fbfa0cd6d17705d9305f857d70ef07b47b55502d04ff71359269,124.0,134.0,0.8317307692307693,0.9091880341880342,0.7708333333333334,0.9177350427350427,0.7104700854700855,train
18385fe48224fbfa0cd6d17705d9305f857d70ef07b47b55502d04ff71359269,126.0,136.0,0.297008547008547,0.5886752136752137,0.7323717948717948,0.592948717948718,0.5683760683760684,train
18385fe48224fbfa0cd6d17705d9305f857d70ef07b47b55502d04ff71359269,128.0,138.0,0.16826923076923078,0.36645299145299143,0.7991452991452992,0.38461538461538464,0.28205128205128205,train
18385fe48224fbfa0cd6d17705d9305f857d70ef07b47b55502d04ff71359269,130.0,140.0,0.25106837606837606,0.2980769230769231,0.5662393162393162,0.33974358974358976,0.1581196581196581,train
18385fe48224fbfa0cd6d17705d9305f857d70ef07b47b55502d04ff71359269,132.0,142.0,0.7398504273504274,0.29594017094017094,0.2761752136752137,0.3215811965811966,0.1014957264957265,train
18385fe48224fbfa0cd6d17705d9305f857d70ef07b47b55502d04ff71359269,134.0,144.0,0.6495726495726496,0.2692307692307692,0.5977564102564102,0.26175213675213677,0.23183760683760685,train
18385fe48224fbfa0cd6d17705d9305f857d70ef07b47b55502d04ff71359269,136.0,146.0,0.6463675213675214,0.1891025641025641,0.2110042735042735,0.14743589743589744,0.42628205128205127,train
18385fe48224fbfa0cd6d17705d9305f857d70ef07b47b55502d04ff71359269,138.0,148.0,0.202991452991453,0.24572649572649571,0.8947649572649573,0.10576923076923077,0.1762820512820513,train
18385fe48224fbfa0cd6d17705d9305f857d70ef07b47b55502d04ff71359269,140.0,150.0,0.28846153846153844,0.2297008547008547,0.8167735042735043,0.057692307692307696,0.1452991452991453,train
18385fe48224fbfa0cd6d17705d9305f857d70ef07b47b55502d04ff71359269,142.0,152.0,0.9748931623931624,0.14636752136752137,0.8990384615384616,0.06944444444444445,0.26175213675213677,train
18385fe48224fbfa0cd6d17705d9305f857d70ef07b47b55502d04ff71359269,144.0,154.0,0.8189102564102564,0.1581196581196581,0.7847222222222222,0.1517094017094017,0.5416666666666666,train
18385fe48224fbfa0cd6d17705d9305f857d70ef07b47b55502d04ff71359269,146.0,156.0,0.8798076923076923,0.11645299145299146,0.46100427350427353,0.18376068376068377,0.3408119658119658,train
18385fe48224fbfa0cd6d17705d9305f857d70ef07b47b55502d04ff71359269,148.0,158.0,0.11538461538461539,0.22435897435897437,0.05608974358974359,0.16773504273504272,0.041666666666666664,train
18385fe48224fbfa0cd6d17705d9305f857d70ef07b47b55502d04ff71359269,150.0,160.0,0.2841880341880342,0.10790598290598291,0.29433760683760685,0.21367521367521367,0.28525641025641024,train
18385fe48224fbfa0cd6d17705d9305f857d70ef07b47b55502d04ff71359269,152.0,162.0,0.4049145299145299,0.20726495726495728,0.27350427350427353,0.20085470085470086,0.3386752136752137,train
18385fe48224fbfa0cd6d17705d9305f857d70ef07b47b55502d04ff71359269,154.0,164.0,0.6153846153846154,0.13995726495726496,0.7729700854700855,0.16987179487179488,0.405982905982906,train
18385fe48224fbfa0cd6d17705d9305f857d70ef07b47b55502d04ff71359269,156.0,166.0,0.6875,0.23076923076923078,0.6388888888888888,0.1955128205128205,0.22542735042735043,train
18385fe48224fbfa0cd6d17705d9305f857d70ef07b47b55502d04ff71359269,158.0,168.0,0.5245726495726496,0.1762820512820513,0.8787393162393162,0.1794871794871795,0.375,train
18385fe48224fbfa0cd6d17705d9305f857d70ef07b47b55502d04ff71359269,160.0,170.0,0.9342948717948718,0.07692307692307693,0.8263888888888888,0.12606837606837606,0.3856837606837607,train
18385fe48224fbfa0cd6d17705d9305f857d70ef07b47b55502d04ff71359269,162.0,172.0,0.2094017094017094,0.09081196581196581,0.14743589743589744,0.08867521367521368,0.2168803418803419,train
18385fe48224fbfa0cd6d17705d9305f857d70ef07b47b55502d04ff71359269,164.0,174.0,0.24732905982905984,0.009615384615384616,0.6340811965811965,0.07905982905982906,0.24893162393162394,train
18385fe48224fbfa0cd6d17705d9305f857d70ef07b47b55502d04ff71359269,166.0,176.0,0.056623931623931624,0.1987179487179487,0.7964743589743589,0.09081196581196581,0.10042735042735043,train
18385fe48224fbfa0cd6d17705d9305f857d70ef07b47b55502d04ff71359269,168.0,178.0,0.8386752136752137,0.13354700854700854,0.5048076923076923,0.05982905982905983,0.22435897435897437,train
18385fe48224fbfa0cd6d17705d9305f857d70ef07b47b55502d04ff71359269,170.0,180.0,0.8285256410256411,0.27350427350427353,0.8723290598290598,0.172008547008547,0.06944444444444445,train
18385fe48224fbfa0cd6d17705d9305f857d70ef07b47b55502d04ff71359269,172.0,182.0,0.8958333333333334,0.30128205128205127,0.7355769230769231,0.1858974358974359,0.03952991452991453,train
18385fe48224fbfa0cd6d17705d9305f857d70ef07b47b55502d04ff71359269,174.0,184.0,0.11805555555555555,0.3141025641025641,0.35363247863247865,0.1891025641025641,0.17307692307692307,train
18385fe48224fbfa0cd6d17705d9305f857d70ef07b47b55502d04ff71359269,176.0,186.0,0.14476495726495728,0.3269230769230769,0.7564102564102564,0.1581196581196581,0.1955128205128205,train
18385fe48224fbfa0cd6d17705d9305f857d70ef07b47b55502d04ff71359269,178.0,188.0,0.027777777777777776,0.30448717948717946,0.3173076923076923,0.20405982905982906,0.10683760683760683,train
18385fe48224fbfa0cd6d17705d9305f857d70ef07b47b55502d04ff71359269,180.0,190.0,0.4738247863247863,0.31303418803418803,0.1581196581196581,0.16880341880341881,0.3888888888888889,train
18385fe48224fbfa0cd6d17705d9305f857d70ef07b47b55502d04ff71359269,182.0,192.0,0.6762820512820513,0.24465811965811965,0.16025641025641027,0.16666666666666666,0.13568376068376067,train
18385fe48224fbfa0cd6d17705d9305f857d70ef07b47b55502d04ff71359269,184.0,194.0,0.8028846153846154,0.23931623931623933,0.7152777777777778,0.21047008547008547,0.017094017094017096,train
18385fe48224fbfa0cd6d17705d9305f857d70ef07b47b55502d04ff71359269,186.0,196.0,0.1655982905982906,0.2606837606837607,0.31837606837606836,0.18055555555555555,0.2564102564102564,train
18385fe48224fbfa0cd6d17705d9305f857d70ef07b47b55502d04ff71359269,188.0,198.0,0.7051282051282052,0.24786324786324787,0.593482905982906,0.22756410256410256,0.28952991452991456,train
18385fe48224fbfa0cd6d17705d9305f857d70ef07b47b55502d04ff71359269,190.0,200.0,0.8862179487179487,0.21901709401709402,0.8189102564102564,0.25,0.19017094017094016,train
18385fe48224fbfa0cd6d17705d9305f857d70ef07b47b55502d04ff71359269,192.0,202.0,0.9577991452991453,0.22756410256410256,0.5854700854700855,0.23076923076923078,0.03739316239316239,train
18385fe48224fbfa0cd6d17705d9305f857d70ef07b47b55502d04ff71359269,194.0,204.0,0.813034188034188,0.1752136752136752,0.6095085470085471,0.19017094017094016,0.42414529914529914,train
18385fe48224fbfa0cd6d17705d9305f857d70ef07b47b55502d04ff71359269,196.0,206.0,0.07745726495726496,0.10683760683760683,0.2841880341880342,0.25427350427350426,0.056623931623931624,train
18385fe48224fbfa0cd6d17705d9305f857d70ef07b47b55502d04ff71359269,198.0,208.0,0.5480769230769231,0.05128205128205128,0.8787393162393162,0.24465811965811965,0.40064102564102566,train
18385fe48224fbfa0cd6d17705d9305f857d70ef07b47b55502d04ff71359269,200.0,210.0,0.7751068376068376,0.09935897435897435,0.27136752136752135,0.24145299145299146,0.35149572649572647,train
18385fe48224fbfa0cd6d17705d9305f857d70ef07b47b55502d04ff71359269,202.0,212.0,0.6586538461538461,0.13675213675213677,0.234508547008547,0.2863247863247863,0.27136752136752135,train
18385fe48224fbfa0cd6d17705d9305f857d70ef07b47b55502d04ff71359269,204.0,214.0,0.6004273504273504,0.297008547008547,0.5293803418803419,0.3162393162393162,0.1527777777777778,train
18385fe48224fbfa0cd6d17705d9305f857d70ef07b47b55502d04ff71359269,206.0,216.0,0.3141025641025641,0.31517094017094016,0.7174145299145299,0.33547008547008544,0.06517094017094018,train
18385fe48224fbfa0cd6d17705d9305f857d70ef07b47b55502d04ff71359269,208.0,218.0,0.03632478632478633,0.31837606837606836,0.10309829059829059,0.34935897435897434,0.15064102564102563,train
18385fe48224fbfa0cd6d17705d9305f857d70ef07b47b55502d04ff71359269,210.0,220.0,0.2692307692307692,0.37927350427350426,0.37393162393162394,0.3888888888888889,0.327991452991453,train
18385fe48224fbfa0cd6d17705d9305f857d70ef07b47b55502d04ff71359269,212.0,222.0,0.7580128205128205,0.4027777777777778,0.8349358974358975,0.4027777777777778,0.29594017094017094,train
18385fe48224fbfa0cd6d17705d9305f857d70ef07b47b55502d04ff71359269,214.0,224.0,0.7019230769230769,0.4423076923076923,0.7606837606837606,0.4284188034188034,0.37713675213675213,train
18385fe48224fbfa0cd6d17705d9305f857d70ef07b47b55502d04ff71359269,216.0,226.0,0.8782051282051282,0.4198717948717949,0.625534188034188,0.4188034188034188,0.38461538461538464,train
18385fe48224fbfa0cd6d17705d9305f857d70ef07b47b55502d04ff71359269,218.0,228.0,0.38782051282051283,0.41773504273504275,0.1452991452991453,0.4230769230769231,0.44017094017094016,train
27937681c8199780c6cbce603f217d5a4457c351e84fa3cd7cfc62bfd270c550,0.0,10.0,0.30128205128205127,0.452991452991453,0.7644230769230769,0.4337606837606838,0.483974358974359,train
27937681c8199780c6cbce603f217d5a4457c351e84fa3cd7cfc62bfd270c550,2.0,12.0,0.007478632478632479,0.8482905982905983,0.005341880341880342,0.8739316239316239,0.9775641025641025,train
27937681c8199780c6cbce603f217d5a4457c351e84fa3cd7cfc62bfd270c550,4.0,14.0,0.5790598290598291,1.0,0.4407051282051282,1.0,0.9348290598290598,train
27937681c8199780c6cbce603f217d5a4457c351e84fa3cd7cfc62bfd270c550,6.0,16.0,0.2863247863247863,0.907051282051282,0.022435897435897436,0.8952991452991453,0.9754273504273504,train
27937681c8199780c6cbce603f217d5a4457c351e84fa3cd7cfc62bfd270c550,8.0,18.0,0.05555555555555555,0.6111111111111112,0.47115384615384615,0.6399572649572649,0.9946581196581197,train
27937681c8199780c6cbce603f217d5a4457c351e84fa3cd7cfc62bfd270c550,10.0,20.0,0.060363247863247864,0.5758547008547008,0.6073717948717948,0.5747863247863247,0.9978632478632479,train
27937681c8199780c6cbce603f217d5a4457c351e84fa3cd7cfc62bfd270c550,12.0,22.0,0.0673076923076923,0.5769230769230769,0.5395299145299145,0.5876068376068376,0.9989316239316239,train
27937681c8199780c6cbce603f217d5a4457c351e84fa3cd7cfc62bfd270c550,14.0,24.0,0.07158119658119658,0.5811965811965812,0.44871794871794873,0.5908119658119658,1.0,train
27937681c8199780c6cbce603f217d5a4457c351e84fa3cd7cfc62bfd270c550,16.0,26.0,0.09348290598290598,0.6025641025641025,0.08012820512820513,0.6538461538461539,0.9967948717948718,train
27937681c8199780c6cbce603f217d5a4457c351e84fa3cd7cfc62bfd270c550,18.0,28.0,0.13141025641025642,0.9262820512820513,0.2232905982905983,0.9348290598290598,0.9764957264957265,train
27937681c8199780c6cbce603f217d5a4457c351e84fa3cd7cfc62bfd270c550,20.0,30.0,0.27136752136752135,0.9935897435897436,0.07799145299145299,0.9978632478632479,0.9658119658119658,train
27937681c8199780c6cbce603f217d5a4457c351e84fa3cd7cfc62bfd270c550,22.0,32.0,0.36645299145299143,0.9903846153846154,0.1623931623931624,0.9914529914529915,0.9519230769230769,train
27937681c8199780c6cbce603f217d5a4457c351e84fa3cd7cfc62bfd270c550,24.0,34.0,0.4674145299145299,0.9871794871794872,0.12606837606837606,0.9861111111111112,0.9508547008547008,train
27937681c8199780c6cbce603f217d5a4457c351e84fa3cd7cfc62bfd270c550,26.0,36.0,0.38675213675213677,0.9700854700854701,0.15705128205128205,0.9668803418803419,0.9594017094017094,train
27937681c8199780c6cbce603f217d5a4457c351e84fa3cd7cfc62bfd270c550,28.0,38.0,0.422008547008547,0.9658119658119658,0.24252136752136752,0.9583333333333334,0.9636752136752137,train
27937681c8199780c6cbce603f217d5a4457c351e84fa3cd7cfc62bfd270c550,30.0,40.0,0.5384615384615384,0.9540598290598291,0.20726495726495728,0.936965811965812,0.9604700854700855,train
27937681c8199780c6cbce603f217d5a4457c351e84fa3cd7cfc62bfd270c550,32.0,42.0,0.6650641025641025,0.9391025641025641,0.25267094017094016,0.9038461538461539,0.9561965811965812,train
27937681c8199780c6cbce603f217d5a4457c351e84fa3cd7cfc62bfd270c550,34.0,44.0,0.6041666666666666,0.8963675213675214,0.16773504273504272,0.875,0.9337606837606838,train
27937681c8199780c6cbce603f217d5a4457c351e84fa3cd7cfc62bfd270c550,36.0,46.0,0.5181623931623932,0.8920940170940171,0.1346153846153846,0.8685897435897436,0.9262820512820513,train
27937681c8199780c6cbce603f217d5a4457c351e84fa3cd7cfc62bfd270c550,38.0,48.0,0.49252136752136755,0.8792735042735043,0.24572649572649571,0.8632478632478633,0.8910256410256411,train
27937681c8199780c6cbce603f217d5a4457c351e84fa3cd7cfc62bfd270c550,40.0,50.0,0.5032051282051282,0.8717948717948718,0.23931623931623933,0.8600427350427351,0.8888888888888888,train
27937681c8199780c6cbce603f217d5a4457c351e84fa3cd7cfc62bfd270c550,42.0,52.0,0.41452991452991456,0.875,0.07264957264957266,0.8547008547008547,0.8920940170940171,train
27937681c8199780c6cbce603f217d5a4457c351e84fa3cd7cfc62bfd270c550,44.0,54.0,0.7462606837606838,0.8771367521367521,0.1517094017094017,0.8589743589743589,0.8985042735042735,train
27937681c8199780c6cbce603f217d5a4457c351e84fa3cd7cfc62bfd270c550,46.0,56.0,0.7665598290598291,0.8653846153846154,0.21901709401709402,0.8579059829059829,0.8995726495726496,train
27937681c8199780c6cbce603f217d5a4457c351e84fa3cd7cfc62bfd270c550,48.0,58.0,0.4113247863247863,0.8632478632478633,0.25267094017094016,0.8557692307692307,0.9572649572649573,train
27937681c8199780c6cbce603f217d5a4457c351e84fa3cd7cfc62bfd270c550,50.0,60.0,0.0202991452991453,0.6784188034188035,0.7323717948717948,0.6709401709401709,0.9209401709401709,train
27937681c8199780c6cbce603f217d5a4457c351e84fa3cd7cfc62bfd270c550,52.0,62.0,0.01282051282051282,0.6057692307692307,0.48183760683760685,0.6185897435897436,0.9829059829059829,train
27937681c8199780c6cbce603f217d5a4457c351e84fa3cd7cfc62bfd270c550,54.0,64.0,0.015491452991452992,0.6143162393162394,0.6073717948717948,0.6228632478632479,0.9850427350427351,train
27937681c8199780c6cbce603f217d5a4457c351e84fa3cd7cfc62bfd270c550,56.0,66.0,0.013888888888888888,0.6121794871794872,0.5918803418803419,0.6346153846153846,0.9871794871794872,train
27937681c8199780c6cbce603f217d5a4457c351e84fa3cd7cfc62bfd270c550,58.0,68.0,0.011752136752136752,0.6314102564102564,0.5694444444444444,0.6485042735042735,0.9839743589743589,train
27937681c8199780c6cbce603f217d5a4457c351e84fa3cd7cfc62bfd270c550,60.0,70.0,0.18162393162393162,0.8066239316239316,0.017094017094017096,0.8002136752136753,0.9294871794871795,train
27937681c8199780c6cbce603f217d5a4457c351e84fa3cd7cfc62bfd270c550,62.0,72.0,0.49946581196581197,0.9561965811965812,0.4407051282051282,0.9444444444444444,0.9316239316239316,train
27937681c8199780c6cbce603f217d5a4457c351e84fa3cd7cfc62bfd270c550,64.0,74.0,0.46314102564102566,0.9647435897435898,0.8098290598290598,0.9551282051282052,0.9123931623931624,train
27937681c8199780c6cbce603f217d5a4457c351e84fa3cd7cfc62bfd270c550,66.0,76.0,0.44017094017094016,0.9594017094017094,0.7222222222222222,0.9455128205128205,0.907051282051282,train
27937681c8199780c6cbce603f217d5a4457c351e84fa3cd7cfc62bfd270c550,68.0,78.0,0.7665598290598291,0.9604700854700855,0.655982905982906,0.9487179487179487,0.9049145299145299,train
27937681c8199780c6cbce603f217d5a4457c351e84fa3cd7cfc62bfd270c550,70.0,80.0,0.7462606837606838,0.9636752136752137,0.6463675213675214,0.9465811965811965,0.905982905982906,train
27937681c8199780c6cbce603f217d5a4457c351e84fa3cd7cfc62bfd270c550,72.0,82.0,0.6041666666666666,0.9722222222222222,0.8146367521367521,0.9636752136752137,0.9241452991452992,train
27937681c8199780c6cbce603f217d5a4457c351e84fa3cd7cfc62bfd270c550,74.0,84.0,0.5427350427350427,0.9807692307692307,0.7040598290598291,0.9754273504273504,0.936965811965812,train
27937681c8199780c6cbce603f217d5a4457c351e84fa3cd7cfc62bfd270c550,76.0,86.0,0.37286324786324787,0.9893162393162394,0.6976495726495726,0.9818376068376068,0.9401709401709402,train
27937681c8199780c6cbce603f217d5a4457c351e84fa3cd7cfc62bfd270c550,78.0,88.0,0.4674145299145299,0.9946581196581197,0.8114316239316239,0.9946581196581197,0.9423076923076923,train
27937681c8199780c6cbce603f217d5a4457c351e84fa3cd7cfc62bfd270c550,80.0,90.0,0.4326923076923077,0.9989316239316239,0.7297008547008547,0.9989316239316239,0.9487179487179487,train
27937681c8199780c6cbce603f217d5a4457c351e84fa3cd7cfc62bfd270c550,82.0,92.0,0.28952991452991456,0.9967948717948718,0.6196581196581197,0.9967948717948718,0.9540598290598291,train
27937681c8199780c6cbce603f217d5a4457c351e84fa3cd7cfc62bfd270c550,84.0,94.0,0.4807692307692308,0.9914529914529915,0.6324786324786325,0.9925213675213675,0.9529914529914529,train
27937681c8199780c6cbce603f217d5a4457c351e84fa3cd7cfc62bfd270c550,86.0,96.0,0.6650641025641025,0.9978632478632479,0.6452991452991453,0.9957264957264957,0.9497863247863247,train
27937681c8199780c6cbce603f217d5a4457c351e84fa3cd7cfc62bfd270c550,88.0,98.0,0.5021367521367521,0.9882478632478633,0.8146367521367521,0.9839743589743589,0.9433760683760684,train
27937681c8199780c6cbce603f217d5a4457c351e84fa3cd7cfc62bfd270c550,90.0,100.0,0.46314102564102566,0.9839743589743589,0.6826923076923077,0.9775641025641025,0.9326923076923077,train
27937681c8199780c6cbce603f217d5a4457c351e84fa3cd7cfc62bfd270c550,92.0,102.0,0.3611111111111111,0.9711538461538461,0.8023504273504274,0.9732905982905983,0.9252136752136753,train
27937681c8199780c6cbce603f217d5a4457c351e84fa3cd7cfc62bfd270c550,94.0,104.0,0.3087606837606838,0.9818376068376068,0.782051282051282,0.9743589743589743,0.9220085470085471,train
27937681c8199780c6cbce603f217d5a4457c351e84fa3cd7cfc62bfd270c550,96.0,106.0,0.3386752136752137,0.9775641025641025,0.8002136752136753,0.9700854700854701,0.9177350427350427,train
27937681c8199780c6cbce603f217d5a4457c351e84fa3cd7cfc62bfd270c550,98.0,108.0,0.49946581196581197,0.969017094017094,0.8114316239316239,0.969017094017094,0.9166666666666666,train
27937681c8199780c6cbce603f217d5a4457c351e84fa3cd7cfc62bfd270c550,100.0,110.0,0.33547008547008544,0.9764957264957265,0.7916666666666666,0.9711538461538461,0.9198717948717948,train
27937681c8199780c6cbce603f217d5a4457c351e84fa3cd7cfc62bfd270c550,102.0,112.0,0.4391025641025641,0.9465811965811965,0.3995726495726496,0.9401709401709402,0.9700854700854701,train
27937681c8199780c6cbce603f217d5a4457c351e84fa3cd7cfc62bfd270c550,104.0,114.0,0.17254273504273504,0.6752136752136753,0.1047008547008547,0.7425213675213675,0.8974358974358975,train
27937681c8199780c6cbce603f217d5a4457c351e84fa3cd7cfc62bfd270c550,106.0,116.0,0.3034188034188034,0.5352564102564102,0.6789529914529915,0.5566239316239316,0.49038461538461536,train
27937681c8199780c6cbce603f217d5a4457c351e84fa3cd7cfc62bfd270c550,108.0,118.0,0.140491452991453,0.4722222222222222,0.7377136752136753,0.483974358974359,0.9465811965811965,train
27937681c8199780c6cbce603f217d5a4457c351e84fa3cd7cfc62bfd270c550,110.0,120.0,0.023504273504273504,0.47115384615384615,0.6025641025641025,0.4658119658119658,0.9903846153846154,train
27937681c8199780c6cbce603f217d5a4457c351e84fa3cd7cfc62bfd270c550,112.0,122.0,0.035256410256410256,0.48717948717948717,0.6308760683760684,0.4700854700854701,0.9861111111111112,train
27937681c8199780c6cbce603f217d5a4457c351e84fa3cd7cfc62bfd270c550,114.0,124.0,0.03258547008547009,0.5085470085470085,0.5080128205128205,0.47863247863247865,0.9882478632478633,train
27937681c8199780c6cbce603f217d5a4457c351e84fa3cd7cfc62bfd270c550,116.0,126.0,0.35844017094017094,0.530982905982906,0.45405982905982906,0.5170940170940171,0.7521367521367521,train
27937681c8199780c6cbce603f217d5a4457c351e84fa3cd7cfc62bfd270c550,118.0,128.0,0.05181623931623932,0.7168803418803419,0.008547008547008548,0.717948717948718,0.8792735042735043,train
27937681c8199780c6cbce603f217d5a4457c351e84fa3cd7cfc62bfd270c550,120.0,130.0,0.1047008547008547,0.9925213675213675,0.010683760683760684,0.9893162393162394,0.9006410256410257,train
27937681c8199780c6cbce603f217d5a4457c351e84fa3cd7cfc62bfd270c550,122.0,132.0,0.10042735042735043,0.9957264957264957,0.021367521367521368,0.9850427350427351,0.8878205128205128,train
27937681c8199780c6cbce603f217d5a4457c351e84fa3cd7cfc62bfd270c550,124.0,134.0,0.09829059829059829,0.9754273504273504,0.035256410256410256,0.9647435897435898,0.9284188034188035,train
27937681c8199780c6cbce603f217d5a4457c351e84fa3cd7cfc62bfd270c550,126.0,136.0,0.0641025641025641,0.4081196581196581,0.8819444444444444,0.4091880341880342,0.38675213675213677,train
27937681c8199780c6cbce603f217d5a4457c351e84fa3cd7cfc62bfd270c550,128.0,138.0,0.06196581196581197,0.3034188034188034,0.8488247863247863,0.34615384615384615,0.12072649572649573,train
27937681c8199780c6cbce603f217d5a4457c351e84fa3cd7cfc62bfd270c550,130.0,140.0,0.6282051282051282,0.26175213675213677,0.8595085470085471,0.30982905982905984,0.08974358974358974,train
27937681c8199780c6cbce603f217d5a4457c351e84fa3cd7cfc62bfd270c550,132.0,142.0,0.6517094017094017,0.22542735042735043,0.500534188034188,0.2168803418803419,0.20192307692307693,train
27937681c8199780c6cbce603f217d5a4457c351e84fa3cd7cfc62bfd270c550,134.0,144.0,0.6752136752136753,0.13247863247863248,0.4321581196581197,0.12393162393162394,0.2553418803418803,train
27937681c8199780c6cbce603f217d5a4457c351e84fa3cd7cfc62bfd270c550,136.0,146.0,0.07318376068376069,0.12072649572649573,0.27884615384615385,0.042735042735042736,0.11645299145299146,train
27937681c8199780c6cbce603f217d5a4457c351e84fa3cd7cfc62bfd270c550,138.0,148.0,0.4011752136752137,0.20405982905982906,0.2329059829059829,0.009615384615384616,0.05128205128205128,train
27937681c8199780c6cbce603f217d5a4457c351e84fa3cd7cfc62bfd270c550,140.0,150.0,0.8370726495726496,0.1014957264957265,0.593482905982906,0.05128205128205128,0.18803418803418803,train
27937681c8199780c6cbce603f217d5a4457c351e84fa3cd7cfc62bfd270c550,142.0,152.0,0.531517094017094,0.19017094017094016,0.44764957264957267,0.06517094017094018,0.2222222222222222,train
27937681c8199780c6cbce603f217d5a4457c351e84fa3cd7cfc62bfd270c550,144.0,154.0,0.5886752136752137,0.20619658119658119,0.17307692307692307,0.08547008547008547,0.2724358974358974,train
27937681c8199780c6cbce603f217d5a4457c351e84fa3cd7cfc62bfd270c550,146.0,156.0,0.11004273504273504,0.1655982905982906,0.3333333333333333,0.11217948717948718,0.08867521367521368,train
27937681c8199780c6cbce603f217d5a4457c351e84fa3cd7cfc62bfd270c550,148.0,158.0,0.10202991452991453,0.05235042735042735,0.09294871794871795,0.07585470085470085,0.0673076923076923,train
27937681c8199780c6cbce603f217d5a4457c351e84fa3cd7cfc62bfd270c550,150.0,160.0,0.7313034188034188,0.035256410256410256,0.4150641025641026,0.041666666666666664,0.29914529914529914,train
27937681c8199780c6cbce603f217d5a4457c351e84fa3cd7cfc62bfd270c550,152.0,162.0,0.7110042735042735,0.08333333333333333,0.44551282051282054,0.06303418803418803,0.1623931623931624,train
27937681c8199780c6cbce603f217d5a4457c351e84fa3cd7cfc62bfd270c550,154.0,164.0,0.842948717948718,0.06303418803418803,0.7548076923076923,0.03205128205128205,0.1420940170940171,train
27937681c8199780c6cbce603f217d5a4457c351e84fa3cd7cfc62bfd270c550,156.0,166.0,0.34294871794871795,0.0438034188034188,0.4738247863247863,0.01282051282051282,0.2638888888888889,train
27937681c8199780c6cbce603f217d5a4457c351e84fa3cd7cfc62bfd270c550,158.0,168.0,0.31837606837606836,0.049145299145299144,0.4444444444444444,0.016025641025641024,0.24252136752136752,train
27937681c8199780c6cbce603f217d5a4457c351e84fa3cd7cfc62bfd270c550,160.0,170.0,0.3108974358974359,0.0010683760683760685,0.06196581196581197,0.004273504273504274,0.19337606837606838,train
27937681c8199780c6cbce603f217d5a4457c351e84fa3cd7cfc62bfd270c550,162.0,172.0,0.2905982905982906,0.014957264957264958,0.5827991452991453,0.013888888888888888,0.16452991452991453,train
27937681c8199780c6cbce603f217d5a4457c351e84fa3cd7cfc62bfd270c550,164.0,174.0,0.6378205128205128,0.041666666666666664,0.3076923076923077,0.0010683760683760685,0.12927350427350429,train
27937681c8199780c6cbce603f217d5a4457c351e84fa3cd7cfc62bfd270c550,166.0,176.0,0.6143162393162394,0.09401709401709402,0.3215811965811966,0.005341880341880342,0.13782051282051283,train
27937681c8199780c6cbce603f217d5a4457c351e84fa3cd7cfc62bfd270c550,168.0,178.0,0.7889957264957265,0.09615384615384616,0.3386752136752137,0.008547008547008548,0.14636752136752137,train
27937681c8199780c6cbce603f217d5a4457c351e84fa3cd7cfc62bfd270c550,170.0,180.0,0.10790598290598291,0.07478632478632478,0.2222222222222222,0.019230769230769232,0.10256410256410256,train
27937681c8199780c6cbce603f217d5a4457c351e84fa3cd7cfc62bfd270c550,172.0,182.0,0.6533119658119658,0.05982905982905983,0.5646367521367521,0.002136752136752137,0.2264957264957265,train
27937681c8199780c6cbce603f217d5a4457c351e84fa3cd7cfc62bfd270c550,174.0,184.0,0.18482905982905984,0.060897435897435896,0.24091880341880342,0.0202991452991453,0.14957264957264957,train
27937681c8199780c6cbce603f217d5a4457c351e84fa3cd7cfc62bfd270c550,176.0,186.0,0.5667735042735043,0.20192307692307693,0.5347222222222222,0.02564102564102564,0.34294871794871795,train
27937681c8199780c6cbce603f217d5a4457c351e84fa3cd7cfc62bfd270c550,178.0,188.0,0.9150641025641025,0.19444444444444445,0.47702991452991456,0.05448717948717949,0.2670940170940171,train
27937681c8199780c6cbce603f217d5a4457c351e84fa3cd7cfc62bfd270c550,180.0,190.0,0.5405982905982906,0.09508547008547008,0.14102564102564102,0.011752136752136752,0.32051282051282054,train
27937681c8199780c6cbce603f217d5a4457c351e84fa3cd7cfc62bfd270c550,182.0,192.0,0.5368589743589743,0.10042735042735043,0.5806623931623932,0.04807692307692308,0.08226495726495726,train
27937681c8199780c6cbce603f217d5a4457c351e84fa3cd7cfc62bfd270c550,184.0,194.0,0.8344017094017094,0.13141025641025642,0.6901709401709402,0.1282051282051282,0.34935897435897434,train
27937681c8199780c6cbce603f217d5a4457c351e84fa3cd7cfc62bfd270c550,186.0,196.0,0.8301282051282052,0.0405982905982906,0.49893162393162394,0.026709401709401708,0.05235042735042735,train
27937681c8199780c6cbce603f217d5a4457c351e84fa3cd7cfc62bfd270c550,188.0,198.0,0.656517094017094,0.016025641025641024,0.3782051282051282,0.053418803418803416,0.2297008547008547,train
27937681c8199780c6cbce603f217d5a4457c351e84fa3cd7cfc62bfd270c550,190.0,200.0,0.10576923076923077,0.045940170940170943,0.25747863247863245,0.12179487179487179,0.13675213675213677,train
27937681c8199780c6cbce603f217d5a4457c351e84fa3cd7cfc62bfd270c550,192.0,202.0,0.8247863247863247,0.06623931623931624,0.6522435897435898,0.0876068376068376,0.1891025641025641,train
27937681c8199780c6cbce603f217d5a4457c351e84fa3cd7cfc62bfd270c550,194.0,204.0,0.29914529914529914,0.017094017094017096,0.12873931623931623,0.10683760683760683,0.31196581196581197,train
27937681c8199780c6cbce603f217d5a4457c351e84fa3cd7cfc62bfd270c550,196.0,206.0,0.07745726495726496,0.13782051282051283,0.002136752136752137,0.19658119658119658,0.053418803418803416,train
27937681c8199780c6cbce603f217d5a4457c351e84fa3cd7cfc62bfd270c550,198.0,208.0,0.19230769230769232,0.2329059829059829,0.5774572649572649,0.22115384615384615,0.010683760683760684,train
27937681c8199780c6cbce603f217d5a4457c351e84fa3cd7cfc62bfd270c550,200.0,210.0,0.6666666666666666,0.18376068376068377,0.26495726495726496,0.2606837606837607,0.12606837606837606,train
27937681c8199780c6cbce603f217d5a4457c351e84fa3cd7cfc62bfd270c550,202.0,212.0,0.6207264957264957,0.10576923076923077,0.4930555555555556,0.2264957264957265,0.01282051282051282,train
27937681c8199780c6cbce603f217d5a4457c351e84fa3cd7cfc62bfd270c550,204.0,214.0,0.5336538461538461,0.11965811965811966,0.7489316239316239,0.2638888888888889,0.060897435897435896,train
27937681c8199780c6cbce603f217d5a4457c351e84fa3cd7cfc62bfd270c550,206.0,216.0,0.41239316239316237,0.2767094017094017,0.6655982905982906,0.30235042735042733,0.029914529914529916,train
27937681c8199780c6cbce603f217d5a4457c351e84fa3cd7cfc62bfd270c550,208.0,218.0,0.4700854700854701,0.3450854700854701,0.780448717948718,0.3055555555555556,0.028846153846153848,train
4975a35d789765b9299480af66d6a5af5166fef074cef80facbac97409b84d07,0.0,10.0,0.6020299145299145,0.48504273504273504,0.7767094017094017,0.45085470085470086,0.43696581196581197,train
4975a35d789765b9299480af66d6a5af5166fef074cef80facbac97409b84d07,2.0,12.0,0.35844017094017094,0.5480769230769231,0.7644230769230769,0.530982905982906,0.8728632478632479,train
4975a35d789765b9299480af66d6a5af5166fef074cef80facbac97409b84d07,4.0,14.0,0.0811965811965812,0.7938034188034188,0.014957264957264958,0.8482905982905983,0.9455128205128205,train
4975a35d789765b9299480af66d6a5af5166fef074cef80facbac97409b84d07,6.0,16.0,0.3888888888888889,0.9786324786324786,0.1762820512820513,0.9903846153846154,0.8044871794871795,train
4975a35d789765b9299480af66d6a5af5166fef074cef80facbac97409b84d07,8.0,18.0,0.3856837606837607,0.9829059829059829,0.16452991452991453,0.9935897435897436,0.8108974358974359,train
4975a35d789765b9299480af66d6a5af5166fef074cef80facbac97409b84d07,10.0,20.0,0.4337606837606838,0.9444444444444444,0.36752136752136755,0.9561965811965812,0.8408119658119658,train
4975a35d789765b9299480af66d6a5af5166fef074cef80facbac97409b84d07,12.0,22.0,0.234508547008547,0.8685897435897436,0.04700854700854701,0.8985042735042735,0.9305555555555556,train
4975a35d789765b9299480af66d6a5af5166fef074cef80facbac97409b84d07,14.0,24.0,0.053418803418803416,0.7083333333333334,0.05822649572649573,0.8108974358974359,0.9711538461538461,train
4975a35d789765b9299480af66d6a5af5166fef074cef80facbac97409b84d07,16.0,26.0,0.11965811965811966,0.625,0.004273504273504274,0.7403846153846154,0.9647435897435898,train
4975a35d789765b9299480af66d6a5af5166fef074cef80facbac97409b84d07,18.0,28.0,0.11431623931623931,0.5982905982905983,0.0010683760683760685,0.7094017094017094,0.9615384615384616,train
4975a35d789765b9299480af66d6a5af5166fef074cef80facbac97409b84d07,20.0,30.0,0.10897435897435898,0.6762820512820513,0.003205128205128205,0.7617521367521367,0.9551282051282052,train
4975a35d789765b9299480af66d6a5af5166fef074cef80facbac97409b84d07,22.0,32.0,0.15224358974358973,0.7628205128205128,0.02938034188034188,0.7970085470085471,0.8589743589743589,train
4975a35d789765b9299480af66d6a5af5166fef074cef80facbac97409b84d07,24.0,34.0,0.23183760683760685,0.8472222222222222,0.03205128205128205,0.8910256410256411,0.6538461538461539,train
4975a35d789765b9299480af66d6a5af5166fef074cef80facbac97409b84d07,26.0,36.0,0.5625,0.9572649572649573,0.42414529914529914,0.9658119658119658,0.7745726495726496,train
4975a35d789765b9299480af66d6a5af5166fef074cef80facbac97409b84d07,28.0,38.0,0.3269230769230769,0.9797008547008547,0.3803418803418803,0.9882478632478633,0.7393162393162394,train
4975a35d789765b9299480af66d6a5af5166fef074cef80facbac97409b84d07,30.0,40.0,0.24572649572649571,0.967948717948718,0.33226495726495725,0.9829059829059829,0.7061965811965812,train
4975a35d789765b9299480af66d6a5af5166fef074cef80facbac97409b84d07,32.0,42.0,0.32051282051282054,0.9615384615384616,0.28205128205128205,0.9786324786324786,0.6709401709401709,train
4975a35d789765b9299480af66d6a5af5166fef074cef80facbac97409b84d07,34.0,44.0,0.24252136752136752,0.9476495726495726,0.19230769230769232,0.967948717948718,0.6378205128205128,train
4975a35d789765b9299480af66d6a5af5166fef074cef80facbac97409b84d07,36.0,46.0,0.22542735042735043,0.938034188034188,0.15598290598290598,0.9626068376068376,0.6282051282051282,train
4975a35d789765b9299480af66d6a5af5166fef074cef80facbac97409b84d07,38.0,48.0,0.22008547008547008,0.9401709401709402,0.16666666666666666,0.9604700854700855,0.6303418803418803,train
4975a35d789765b9299480af66d6a5af5166fef074cef80facbac97409b84d07,40.0,50.0,0.24893162393162394,0.9177350427350427,0.18696581196581197,0.9497863247863247,0.6420940170940171,train
4975a35d789765b9299480af66d6a5af5166fef074cef80facbac97409b84d07,42.0,52.0,0.3958333333333333,0.7863247863247863,0.5454059829059829,0.8237179487179487,0.6346153846153846,train
4975a35d789765b9299480af66d6a5af5166fef074cef80facbac97409b84d07,44.0,54.0,0.42788461538461536,0.4807692307692308,0.6116452991452992,0.5405982905982906,0.4497863247863248,train
4975a35d789765b9299480af66d6a5af5166fef074cef80facbac97409b84d07,46.0,56.0,0.1330128205128205,0.43482905982905984,0.6132478632478633,0.45405982905982906,0.8397435897435898,train
4975a35d789765b9299480af66d6a5af5166fef074cef80facbac97409b84d07,48.0,58.0,0.140491452991453,0.44017094017094016,0.7072649572649573,0.44764957264957267,0.9273504273504274,train
4975a35d789765b9299480af66d6a5af5166fef074cef80facbac97409b84d07,50.0,60.0,0.1346153846153846,0.43162393162393164,0.6308760683760684,0.44871794871794873,0.9155982905982906,train
4975a35d789765b9299480af66d6a5af5166fef074cef80facbac97409b84d07,52.0,62.0,0.08226495726495726,0.46047008547008544,0.5080128205128205,0.4551282051282051,0.8846153846153846,train
4975a35d789765b9299480af66d6a5af5166fef074cef80facbac97409b84d07,54.0,64.0,0.2948717948717949,0.4946581196581197,0.7430555555555556,0.5021367521367521,0.8386752136752137,train
4975a35d789765b9299480af66d6a5af5166fef074cef80facbac97409b84d07,56.0,66.0,0.4946581196581197,0.8247863247863247,0.15491452991452992,0.8322649572649573,0.7564102564102564,train
4975a35d789765b9299480af66d6a5af5166fef074cef80facbac97409b84d07,58.0,68.0,0.6292735042735043,0.9487179487179487,0.5064102564102564,0.9529914529914529,0.6837606837606838,train
4975a35d789765b9299480af66d6a5af5166fef074cef80facbac97409b84d07,60.0,70.0,0.8589743589743589,0.9519230769230769,0.7596153846153846,0.9519230769230769,0.6912393162393162,train
4975a35d789765b9299480af66d6a5af5166fef074cef80facbac97409b84d07,62.0,72.0,0.8605769230769231,0.9583333333333334,0.7521367521367521,0.9594017094017094,0.6955128205128205,train
4975a35d789765b9299480af66d6a5af5166fef074cef80facbac97409b84d07,64.0,74.0,0.8317307692307693,0.9529914529914529,0.7708333333333334,0.9508547008547008,0.6848290598290598,train
4975a35d789765b9299480af66d6a5af5166fef074cef80facbac97409b84d07,66.0,76.0,0.7948717948717948,0.9497863247863247,0.7339743589743589,0.9540598290598291,0.686965811965812,train
4975a35d789765b9299480af66d6a5af5166fef074cef80facbac97409b84d07,68.0,78.0,0.6784188034188035,0.9273504273504274,0.2152777777777778,0.9326923076923077,0.7254273504273504,train
4975a35d789765b9299480af66d6a5af5166fef074cef80facbac97409b84d07,70.0,80.0,0.11217948717948718,0.40384615384615385,0.7927350427350427,0.4166666666666667,0.344017094017094,train
4975a35d789765b9299480af66d6a5af5166fef074cef80facbac97409b84d07,72.0,82.0,0.12286324786324786,0.3247863247863248,0.8488247863247863,0.35149572649572647,0.15918803418803418,train
4975a35d789765b9299480af66d6a5af5166fef074cef80facbac97409b84d07,74.0,84.0,0.8525641025641025,0.28846153846153844,0.8595085470085471,0.32264957264957267,0.09401709401709402,train
4975a35d789765b9299480af66d6a5af5166fef074cef80facbac97409b84d07,76.0,86.0,0.6634615384615384,0.2745726495726496,0.500534188034188,0.2702991452991453,0.23931623931623933,train
4975a35d789765b9299480af66d6a5af5166fef074cef80facbac97409b84d07,78.0,88.0,0.7035256410256411,0.09188034188034189,0.4150641025641026,0.15705128205128205,0.3974358974358974,train
4975a35d789765b9299480af66d6a5af5166fef074cef80facbac97409b84d07,80.0,90.0,0.42948717948717946,0.13034188034188035,0.6639957264957265,0.12072649572649573,0.37927350427350426,train
4975a35d789765b9299480af66d6a5af5166fef074cef80facbac97409b84d07,82.0,92.0,0.37393162393162394,0.2532051282051282,0.8167735042735043,0.0438034188034188,0.06303418803418803,train
4975a35d789765b9299480af66d6a5af5166fef074cef80facbac97409b84d07,84.0,94.0,0.9674145299145299,0.16132478632478633,0.8990384615384616,0.08012820512820513,0.26282051282051283,train
4975a35d789765b9299480af66d6a5af5166fef074cef80facbac97409b84d07,86.0,96.0,0.6132478632478633,0.15918803418803418,0.7847222222222222,0.11431623931623931,0.48504273504273504,train
4975a35d789765b9299480af66d6a5af5166fef074cef80facbac97409b84d07,88.0,98.0,0.8798076923076923,0.07799145299145299,0.46100427350427353,0.1485042735042735,0.3472222222222222,train
4975a35d789765b9299480af66d6a5af5166fef074cef80facbac97409b84d07,90.0,100.0,0.08386752136752136,0.16987179487179488,0.05608974358974359,0.09615384615384616,0.09615384615384616,train
4975a35d789765b9299480af66d6a5af5166fef074cef80facbac97409b84d07,92.0,102.0,0.0405982905982906,0.11858974358974358,0.29273504273504275,0.10790598290598291,0.09294871794871795,train
4975a35d789765b9299480af66d6a5af5166fef074cef80facbac97409b84d07,94.0,104.0,0.5667735042735043,0.11538461538461539,0.5827991452991453,0.1111111111111111,0.4017094017094017,train
4975a35d789765b9299480af66d6a5af5166fef074cef80facbac97409b84d07,96.0,106.0,0.8563034188034188,0.06944444444444445,0.5587606837606838,0.08226495726495726,0.15598290598290598,train
4975a35d789765b9299480af66d6a5af5166fef074cef80facbac97409b84d07,98.0,108.0,0.8680555555555556,0.18696581196581197,0.7729700854700855,0.10042735042735043,0.011752136752136752,train
4975a35d789765b9299480af66d6a5af5166fef074cef80facbac97409b84d07,100.0,110.0,0.5710470085470085,0.1388888888888889,0.7019230769230769,0.060897435897435896,0.35683760683760685,train
4975a35d789765b9299480af66d6a5af5166fef074cef80facbac97409b84d07,102.0,112.0,0.4935897435897436,0.16666666666666666,0.7467948717948718,0.056623931623931624,0.35363247863247865,train
4975a35d789765b9299480af66d6a5af5166fef074cef80facbac97409b84d07,104.0,114.0,0.8488247863247863,0.1527777777777778,0.7900641025641025,0.003205128205128205,0.21901709401709402,train
4975a35d789765b9299480af66d6a5af5166fef074cef80facbac97409b84d07,106.0,116.0,0.08867521367521368,0.14957264957264957,0.34935897435897434,0.024572649572649572,0.07158119658119658,train
4975a35d789765b9299480af66d6a5af5166fef074cef80facbac97409b84d07,108.0,118.0,0.11805555555555555,0.15491452991452992,0.5534188034188035,0.017094017094017096,0.12393162393162394,train
4975a35d789765b9299480af66d6a5af5166fef074cef80facbac97409b84d07,110.0,120.0,0.7313034188034188,0.27136752136752135,0.5048076923076923,0.04700854700854701,0.30448717948717946,train
4975a35d789765b9299480af66d6a5af5166fef074cef80facbac97409b84d07,112.0,122.0,0.8990384615384616,0.17307692307692307,0.7355769230769231,0.11752136752136752,0.05982905982905983,train
4975a35d789765b9299480af66d6a5af5166fef074cef80facbac97409b84d07,114.0,124.0,0.328525641025641,0.23717948717948717,0.3525641025641026,0.16452991452991453,0.2841880341880342,train
4975a35d789765b9299480af66d6a5af5166fef074cef80facbac97409b84d07,116.0,126.0,0.3840811965811966,0.29914529914529914,0.6207264957264957,0.1014957264957265,0.2777777777777778,train
4975a35d789765b9299480af66d6a5af5166fef074cef80facbac97409b84d07,118.0,128.0,0.17414529914529914,0.2799145299145299,0.6057692307692307,0.13995726495726496,0.25854700854700857,train
4975a35d789765b9299480af66d6a5af5166fef074cef80facbac97409b84d07,120.0,130.0,0.24732905982905984,0.2863247863247863,0.6404914529914529,0.1420940170940171,0.25961538461538464,train
4975a35d789765b9299480af66d6a5af5166fef074cef80facbac97409b84d07,122.0,132.0,0.7035256410256411,0.17414529914529914,0.3108974358974359,0.09722222222222222,0.26495726495726496,train
4975a35d789765b9299480af66d6a5af5166fef074cef80facbac97409b84d07,124.0,134.0,0.717948717948718,0.1997863247863248,0.7152777777777778,0.16025641025641027,0.05555555555555555,train
4975a35d789765b9299480af66d6a5af5166fef074cef80facbac97409b84d07,126.0,136.0,0.2403846153846154,0.21047008547008547,0.47863247863247865,0.1346153846153846,0.24786324786324787,train
4975a35d789765b9299480af66d6a5af5166fef074cef80facbac97409b84d07,128.0,138.0,0.531517094017094,0.202991452991453,0.4497863247863248,0.17307692307692307,0.21153846153846154,train
4975a35d789765b9299480af66d6a5af5166fef074cef80facbac97409b84d07,130.0,140.0,0.9364316239316239,0.16452991452991453,0.8215811965811965,0.2094017094017094,0.2403846153846154,train
4975a35d789765b9299480af66d6a5af5166fef074cef80facbac97409b84d07,132.0,142.0,0.8846153846153846,0.23504273504273504,0.8392094017094017,0.22542735042735043,0.07264957264957266,train
4975a35d789765b9299480af66d6a5af5166fef074cef80facbac97409b84d07,134.0,144.0,0.8664529914529915,0.2094017094017094,0.8301282051282052,0.22863247863247863,0.41452991452991456,train
4975a35d789765b9299480af66d6a5af5166fef074cef80facbac97409b84d07,136.0,146.0,0.07905982905982906,0.18162393162393162,0.8050213675213675,0.29594017094017094,0.05876068376068376,train
4975a35d789765b9299480af66d6a5af5166fef074cef80facbac97409b84d07,138.0,148.0,0.7719017094017094,0.19337606837606838,0.234508547008547,0.24786324786324787,0.24465811965811965,train
4975a35d789765b9299480af66d6a5af5166fef074cef80facbac97409b84d07,140.0,150.0,0.7751068376068376,0.12393162393162394,0.36485042735042733,0.2564102564102564,0.40705128205128205,train
4975a35d789765b9299480af66d6a5af5166fef074cef80facbac97409b84d07,142.0,152.0,0.4967948717948718,0.19230769230769232,0.6436965811965812,0.28952991452991456,0.2606837606837607,train
4975a35d789765b9299480af66d6a5af5166fef074cef80facbac97409b84d07,144.0,154.0,0.09935897435897435,0.2553418803418803,0.5774572649572649,0.28525641025641024,0.0405982905982906,train
4975a35d789765b9299480af66d6a5af5166fef074cef80facbac97409b84d07,146.0,156.0,0.46153846153846156,0.2916666666666667,0.24786324786324787,0.28846153846153844,0.022435897435897436,train
4975a35d789765b9299480af66d6a5af5166fef074cef80facbac97409b84d07,148.0,158.0,0.5694444444444444,0.3311965811965812,0.4930555555555556,0.33760683760683763,0.0438034188034188,train
4975a35d789765b9299480af66d6a5af5166fef074cef80facbac97409b84d07,150.0,160.0,0.48717948717948717,0.3579059829059829,0.6923076923076923,0.3450854700854701,0.02564102564102564,train
4975a35d789765b9299480af66d6a5af5166fef074cef80facbac97409b84d07,152.0,162.0,0.5336538461538461,0.36004273504273504,0.6618589743589743,0.3482905982905983,0.0641025641025641,train
4975a35d789765b9299480af66d6a5af5166fef074cef80facbac97409b84d07,154.0,164.0,0.06837606837606838,0.37393162393162394,0.013888888888888888,0.37713675213675213,0.41773504273504275,train
4975a35d789765b9299480af66d6a5af5166fef074cef80facbac97409b84d07,156.0,166.0,0.12393162393162394,0.36538461538461536,0.030982905982905984,0.3685897435897436,0.39636752136752135,train
4975a35d789765b9299480af66d6a5af5166fef074cef80facbac97409b84d07,158.0,168.0,0.18055555555555555,0.36217948717948717,0.12286324786324786,0.36324786324786323,0.24145299145299146,train
4975a35d789765b9299480af66d6a5af5166fef074cef80facbac97409b84d07,160.0,170.0,0.22863247863247863,0.3782051282051282,0.23183760683760685,0.3643162393162393,0.202991452991453,train
4975a35d789765b9299480af66d6a5af5166fef074cef80facbac97409b84d07,162.0,172.0,0.391025641025641,0.3920940170940171,0.6420940170940171,0.36538461538461536,0.14316239316239315,train
4975a35d789765b9299480af66d6a5af5166fef074cef80facbac97409b84d07,164.0,174.0,0.6725427350427351,0.391025641025641,0.7126068376068376,0.36752136752136755,0.11004273504273504,train
4975a35d789765b9299480af66d6a5af5166fef074cef80facbac97409b84d07,166.0,176.0,0.5106837606837606,0.4284188034188034,0.780448717948718,0.41346153846153844,0.3344017094017094,train
4975a35d789765b9299480af66d6a5af5166fef074cef80facbac97409b84d07,168.0,178.0,0.2767094017094017,0.5566239316239316,0.18856837606837606,0.6356837606837606,0.4700854700854701,train
4975a35d789765b9299480af66d6a5af5166fef074cef80facbac97409b84d07,170.0,180.0,0.20192307692307693,0.8803418803418803,0.5096153846153846,0.9423076923076923,0.49572649572649574,train
4975a35d789765b9299480af66d6a5af5166fef074cef80facbac97409b84d07,172.0,182.0,0.21581196581196582,0.8600427350427351,0.4967948717948718,0.9123931623931624,0.4946581196581197,train
4975a35d789765b9299480af66d6a5af5166fef074cef80facbac97409b84d07,174.0,184.0,0.2232905982905983,0.8643162393162394,0.5165598290598291,0.9220085470085471,0.5,train
4975a35d789765b9299480af66d6a5af5166fef074cef80facbac97409b84d07,176.0,186.0,0.2222222222222222,0.8696581196581197,0.5128205128205128,0.9262820512820513,0.4967948717948718,train
4975a35d789765b9299480af66d6a5af5166fef074cef80facbac97409b84d07,178.0,188.0,0.1858974358974359,0.8910256410256411,0.4658119658119658,0.9391025641025641,0.5042735042735043,train
4975a35d789765b9299480af66d6a5af5166fef074cef80facbac97409b84d07,180.0,190.0,0.3157051282051282,0.7724358974358975,0.1420940170940171,0.8536324786324786,0.49252136752136755,train
4975a35d789765b9299480af66d6a5af5166fef074cef80facbac97409b84d07,182.0,192.0,0.25427350427350426,0.5897435897435898,0.02938034188034188,0.6965811965811965,0.46474358974358976,train
4975a35d789765b9299480af66d6a5af5166fef074cef80facbac97409b84d07,184.0,194.0,0.30235042735042733,0.5598290598290598,0.25854700854700857,0.5726495726495726,0.4358974358974359,train
4975a35d789765b9299480af66d6a5af5166fef074cef80facbac97409b84d07,186.0,196.0,0.5865384615384616,0.4732905982905983,0.6618589743589743,0.5117521367521367,0.39316239316239315,train
4975a35d789765b9299480af66d6a5af5166fef074cef80facbac97409b84d07,188.0,198.0,0.6169871794871795,0.5138888888888888,0.4594017094017094,0.49572649572649574,0.3504273504273504,train
4975a35d789765b9299480af66d6a5af5166fef074cef80facbac97409b84d07,190.0,200.0,0.5844017094017094,0.5021367521367521,0.5470085470085471,0.49893162393162394,0.3525641025641026,train
4975a35d789765b9299480af66d6a5af5166fef074cef80facbac97409b84d07,192.0,202.0,0.6410256410256411,0.5106837606837606,0.5897435897435898,0.5085470085470085,0.3782051282051282,train
4975a35d789765b9299480af66d6a5af5166fef074cef80facbac97409b84d07,194.0,204.0,0.5956196581196581,0.5,0.5886752136752137,0.5192307692307693,0.4081196581196581,train
4975a35d789765b9299480af66d6a5af5166fef074cef80facbac97409b84d07,196.0,206.0,0.31196581196581197,0.5747863247863247,0.2831196581196581,0.6634615384615384,0.46794871794871795,train
4975a35d789765b9299480af66d6a5af5166fef074cef80facbac97409b84d07,198.0,208.0,0.3926282051282051,0.7243589743589743,0.17147435897435898,0.7799145299145299,0.5170940170940171,train
4975a35d789765b9299480af66d6a5af5166fef074cef80facbac97409b84d07,200.0,210.0,0.2622863247863248,0.7061965811965812,0.30128205128205127,0.8258547008547008,0.5363247863247863,train
5790cd1534b1de5ac4693367fe5d8ca6951cd36a7abcd3c778cee8923a932a75,0.0,10.0,0.038461538461538464,0.5502136752136753,0.20192307692307693,0.5448717948717948,0.657051282051282,train
5790cd1534b1de5ac4693367fe5d8ca6951cd36a7abcd3c778cee8923a932a75,2.0,12.0,0.14636752136752137,0.5416666666666666,0.4577991452991453,0.5384615384615384,0.6410256410256411,train
5790cd1534b1de5ac4693367fe5d8ca6951cd36a7abcd3c778cee8923a932a75,4.0,14.0,0.26495726495726496,0.5341880341880342,0.11645299145299146,0.5288461538461539,0.6485042735042735,train
5790cd1534b1de5ac4693367fe5d8ca6951cd36a7abcd3c778cee8923a932a75,6.0,16.0,0.16666666666666666,0.6773504273504274,0.03739316239316239,0.686965811965812,0.9722222222222222,train
5790cd1534b1de5ac4693367fe5d8ca6951cd36a7abcd3c778cee8923a932a75,8.0,18.0,0.16025641025641027,0.6666666666666666,0.045940170940170943,0.6613247863247863,0.9732905982905983,train
5790cd1534b1de5ac4693367fe5d8ca6951cd36a7abcd3c778cee8923a932a75,10.0,20.0,0.17735042735042736,0.6132478632478633,0.12393162393162394,0.6004273504273504,0.9134615384615384,train
5790cd1534b1de5ac4693367fe5d8ca6951cd36a7abcd3c778cee8923a932a75,12.0,22.0,0.042735042735042736,0.6079059829059829,0.16132478632478633,0.6025641025641025,0.8664529914529915,train
5790cd1534b1de5ac4693367fe5d8ca6951cd36a7abcd3c778cee8923a932a75,14.0,24.0,0.015491452991452992,0.6688034188034188,0.3141025641025641,0.6527777777777778,0.813034188034188,train
5790cd1534b1de5ac4693367fe5d8ca6951cd36a7abcd3c778cee8923a932a75,16.0,26.0,0.009615384615384616,0.6891025641025641,0.469017094017094,0.6720085470085471,0.844017094017094,train
5c12d7b5eff374be805bae6c5e2906f6c02b6bc3ad6ba70d3674bafd4f16fc15,0.0,10.0,0.12713675213675213,0.7767094017094017,0.5256410256410257,0.8087606837606838,0.5074786324786325,train
5c12d7b5eff374be805bae6c5e2906f6c02b6bc3ad6ba70d3674bafd4f16fc15,2.0,12.0,0.12927350427350429,0.7136752136752137,0.5405982905982906,0.7371794871794872,0.5128205128205128,train
5c12d7b5eff374be805bae6c5e2906f6c02b6bc3ad6ba70d3674bafd4f16fc15,4.0,14.0,0.13675213675213677,0.6976495726495726,0.5486111111111112,0.7254273504273504,0.5106837606837606,train
5c12d7b5eff374be805bae6c5e2906f6c02b6bc3ad6ba70d3674bafd4f16fc15,6.0,16.0,0.21848290598290598,0.6923076923076923,0.37606837606837606,0.7264957264957265,0.5053418803418803,train
5c12d7b5eff374be805bae6c5e2906f6c02b6bc3ad6ba70d3674bafd4f16fc15,8.0,18.0,0.42467948717948717,0.6720085470085471,0.39797008547008544,0.6730769230769231,0.48824786324786323,train
5c12d7b5eff374be805bae6c5e2906f6c02b6bc3ad6ba70d3674bafd4f16fc15,10.0,20.0,0.5202991452991453,0.5715811965811965,0.2879273504273504,0.5673076923076923,0.4551282051282051,train
5c12d7b5eff374be805bae6c5e2906f6c02b6bc3ad6ba70d3674bafd4f16fc15,12.0,22.0,0.749465811965812,0.5587606837606838,0.30235042735042733,0.5651709401709402,0.4465811965811966,train
5c12d7b5eff374be805bae6c5e2906f6c02b6bc3ad6ba70d3674bafd4f16fc15,14.0,24.0,0.8904914529914529,0.4497863247863248,0.8862179487179487,0.4561965811965812,0.36645299145299143,train
5c12d7b5eff374be805bae6c5e2906f6c02b6bc3ad6ba70d3674bafd4f16fc15,16.0,26.0,0.8226495726495726,0.46474358974358976,0.7676282051282052,0.44017094017094016,0.3034188034188034,train
5c12d7b5eff374be805bae6c5e2906f6c02b6bc3ad6ba70d3674bafd4f16fc15,18.0,28.0,0.7767094017094017,0.4658119658119658,0.7286324786324786,0.43482905982905984,0.30662393162393164,train
5c12d7b5eff374be805bae6c5e2906f6c02b6bc3ad6ba70d3674bafd4f16fc15,20.0,30.0,0.7510683760683761,0.46260683760683763,0.5219017094017094,0.43696581196581197,0.36324786324786323,train
5c12d7b5eff374be805bae6c5e2906f6c02b6bc3ad6ba70d3674bafd4f16fc15,22.0,32.0,0.5042735042735043,0.4583333333333333,0.34134615384615385,0.4326923076923077,0.41025641025641024,train
5c12d7b5eff374be805bae6c5e2906f6c02b6bc3ad6ba70d3674bafd4f16fc15,24.0,34.0,0.1875,0.4861111111111111,0.14423076923076922,0.4829059829059829,0.7938034188034188,train
5c12d7b5eff374be805bae6c5e2906f6c02b6bc3ad6ba70d3674bafd4f16fc15,26.0,36.0,0.09188034188034189,0.5224358974358975,0.5721153846153846,0.5149572649572649,0.8600427350427351,train
5c12d7b5eff374be805bae6c5e2906f6c02b6bc3ad6ba70d3674bafd4f16fc15,28.0,38.0,0.14957264957264957,0.5459401709401709,0.29754273504273504,0.5373931623931624,0.6079059829059829,train
5c12d7b5eff374be805bae6c5e2906f6c02b6bc3ad6ba70d3674bafd4f16fc15,30.0,40.0,0.125,0.5427350427350427,0.13034188034188035,0.5299145299145299,0.561965811965812,train
5c12d7b5eff374be805bae6c5e2906f6c02b6bc3ad6ba70d3674bafd4f16fc15,32.0,42.0,0.02564102564102564,0.5181623931623932,0.21741452991452992,0.5267094017094017,0.8707264957264957,train
5c12d7b5eff374be805bae6c5e2906f6c02b6bc3ad6ba70d3674bafd4f16fc15,34.0,44.0,0.42628205128205127,0.5096153846153846,0.0202991452991453,0.5096153846153846,0.8643162393162394,train
5c12d7b5eff374be805bae6c5e2906f6c02b6bc3ad6ba70d3674bafd4f16fc15,36.0,46.0,0.10683760683760683,0.4700854700854701,0.17895299145299146,0.48183760683760685,0.938034188034188,train
5c12d7b5eff374be805bae6c5e2906f6c02b6bc3ad6ba70d3674bafd4f16fc15,38.0,48.0,0.07051282051282051,0.4465811965811966,0.2126068376068376,0.44551282051282054,0.5673076923076923,train
5c12d7b5eff374be805bae6c5e2906f6c02b6bc3ad6ba70d3674bafd4f16fc15,40.0,50.0,0.1111111111111111,0.4594017094017094,0.3344017094017094,0.4444444444444444,0.5405982905982906,train
5c12d7b5eff374be805bae6c5e2906f6c02b6bc3ad6ba70d3674bafd4f16fc15,42.0,52.0,0.09668803418803419,0.46794871794871795,0.28952991452991456,0.4583333333333333,0.5523504273504274,train
5c12d7b5eff374be805bae6c5e2906f6c02b6bc3ad6ba70d3674bafd4f16fc15,44.0,54.0,0.1891025641025641,0.4967948717948718,0.43856837606837606,0.4807692307692308,0.47649572649572647,train
5c12d7b5eff374be805bae6c5e2906f6c02b6bc3ad6ba70d3674bafd4f16fc15,46.0,56.0,0.03258547008547009,0.5064102564102564,0.3627136752136752,0.5064102564102564,0.6591880341880342,train
5c12d7b5eff374be805bae6c5e2906f6c02b6bc3ad6ba70d3674bafd4f16fc15,48.0,58.0,0.43696581196581197,0.5512820512820513,0.3701923076923077,0.5502136752136753,0.6367521367521367,train
5c12d7b5eff374be805bae6c5e2906f6c02b6bc3ad6ba70d3674bafd4f16fc15,50.0,60.0,0.42467948717948717,0.5491452991452992,0.39797008547008544,0.5480769230769231,0.5876068376068376,train
5c12d7b5eff374be805bae6c5e2906f6c02b6bc3ad6ba70d3674bafd4f16fc15,52.0,62.0,0.6901709401709402,0.5448717948717948,0.34455128205128205,0.5459401709401709,0.5544871794871795,train
5c12d7b5eff374be805bae6c5e2906f6c02b6bc3ad6ba70d3674bafd4f16fc15,54.0,64.0,0.8210470085470085,0.532051282051282,0.2863247863247863,0.5352564102564102,0.5512820512820513,train
5c12d7b5eff374be805bae6c5e2906f6c02b6bc3ad6ba70d3674bafd4f16fc15,56.0,66.0,0.6623931623931624,0.5213675213675214,0.40705128205128205,0.5224358974358975,0.530982905982906,train
5c12d7b5eff374be805bae6c5e2906f6c02b6bc3ad6ba70d3674bafd4f16fc15,58.0,68.0,0.5806623931623932,0.5331196581196581,0.33547008547008544,0.5256410256410257,0.5245726495726496,train
5c12d7b5eff374be805bae6c5e2906f6c02b6bc3ad6ba70d3674bafd4f16fc15,60.0,70.0,0.5608974358974359,0.5202991452991453,0.3301282051282051,0.5202991452991453,0.5149572649572649,train
5c12d7b5eff374be805bae6c5e2906f6c02b6bc3ad6ba70d3674bafd4f16fc15,62.0,72.0,0.4444444444444444,0.4829059829059829,0.22008547008547008,0.49038461538461536,0.5331196581196581,train
5c12d7b5eff374be805bae6c5e2906f6c02b6bc3ad6ba70d3674bafd4f16fc15,64.0,74.0,0.1485042735042735,0.48183760683760685,0.31303418803418803,0.4861111111111111,0.5833333333333334,train
5c12d7b5eff374be805bae6c5e2906f6c02b6bc3ad6ba70d3674bafd4f16fc15,66.0,76.0,0.019230769230769232,0.49038461538461536,0.3894230769230769,0.4935897435897436,0.5373931623931624,train
5c12d7b5eff374be805bae6c5e2906f6c02b6bc3ad6ba70d3674bafd4f16fc15,68.0,78.0,0.1543803418803419,0.47435897435897434,0.29754273504273504,0.47115384615384615,0.5085470085470085,train
5c12d7b5eff374be805bae6c5e2906f6c02b6bc3ad6ba70d3674bafd4f16fc15,70.0,80.0,0.15224358974358973,0.47649572649572647,0.43856837606837606,0.4732905982905983,0.4829059829059829,train
5c12d7b5eff374be805bae6c5e2906f6c02b6bc3ad6ba70d3674bafd4f16fc15,72.0,82.0,0.13568376068376067,0.49572649572649574,0.3627136752136752,0.4967948717948718,0.48717948717948717,train
5c12d7b5eff374be805bae6c5e2906f6c02b6bc3ad6ba70d3674bafd4f16fc15,74.0,84.0,0.04487179487179487,0.5053418803418803,0.25106837606837606,0.5138888888888888,0.5096153846153846,train
5c12d7b5eff374be805bae6c5e2906f6c02b6bc3ad6ba70d3674bafd4f16fc15,76.0,86.0,0.17094017094017094,0.5042735042735043,0.3157051282051282,0.5160256410256411,0.5288461538461539,train
5c12d7b5eff374be805bae6c5e2906f6c02b6bc3ad6ba70d3674bafd4f16fc15,78.0,88.0,0.4091880341880342,0.5288461538461539,0.3701923076923077,0.5277777777777778,0.5138888888888888,train
5c12d7b5eff374be805bae6c5e2906f6c02b6bc3ad6ba70d3674bafd4f16fc15,80.0,90.0,0.749465811965812,0.5245726495726496,0.30502136752136755,0.5245726495726496,0.4668803418803419,train
5c8af6b8a89a449144e0ddf74414040b433d630e1fd3d3ddc138ec3c4284d97b,0.0,10.0,0.3958333333333333,0.6794871794871795,0.5454059829059829,0.6794871794871795,0.5341880341880342,train
5c8af6b8a89a449144e0ddf74414040b433d630e1fd3d3ddc138ec3c4284d97b,2.0,12.0,0.32371794871794873,0.6730769230769231,0.49786324786324787,0.6741452991452992,0.5202991452991453,train
5c8af6b8a89a449144e0ddf74414040b433d630e1fd3d3ddc138ec3c4284d97b,4.0,14.0,0.30982905982905984,0.6677350427350427,0.4423076923076923,0.6666666666666666,0.5213675213675214,train
5c8af6b8a89a449144e0ddf74414040b433d630e1fd3d3ddc138ec3c4284d97b,6.0,16.0,0.25,0.5822649572649573,0.266025641025641,0.5833333333333334,0.5021367521367521,train
5c8af6b8a89a449144e0ddf74414040b433d630e1fd3d3ddc138ec3c4284d97b,8.0,18.0,0.2938034188034188,0.5961538461538461,0.22863247863247863,0.6217948717948718,0.5277777777777778,train
5c8af6b8a89a449144e0ddf74414040b433d630e1fd3d3ddc138ec3c4284d97b,10.0,20.0,0.3926282051282051,0.5192307692307693,0.18376068376068377,0.5427350427350427,0.469017094017094,train
5c8af6b8a89a449144e0ddf74414040b433d630e1fd3d3ddc138ec3c4284d97b,12.0,22.0,0.5747863247863247,0.42628205128205127,0.6116452991452992,0.44337606837606836,0.3952991452991453,train
5c8af6b8a89a449144e0ddf74414040b433d630e1fd3d3ddc138ec3c4284d97b,14.0,24.0,0.5956196581196581,0.4326923076923077,0.30662393162393164,0.4391025641025641,0.38782051282051283,train
5c8af6b8a89a449144e0ddf74414040b433d630e1fd3d3ddc138ec3c4284d97b,16.0,26.0,0.5235042735042735,0.45726495726495725,0.5865384615384616,0.4423076923076923,0.3942307692307692,train
5c8af6b8a89a449144e0ddf74414040b433d630e1fd3d3ddc138ec3c4284d97b,18.0,28.0,0.6976495726495726,0.4561965811965812,0.46794871794871795,0.43803418803418803,0.36538461538461536,train
5c8af6b8a89a449144e0ddf74414040b433d630e1fd3d3ddc138ec3c4284d97b,20.0,30.0,0.7825854700854701,0.41346153846153844,0.8616452991452992,0.42948717948717946,0.2916666666666667,train
5c8af6b8a89a449144e0ddf74414040b433d630e1fd3d3ddc138ec3c4284d97b,22.0,32.0,0.6549145299145299,0.44551282051282054,0.6912393162393162,0.452991452991453,0.36752136752136755,train
5c8af6b8a89a449144e0ddf74414040b433d630e1fd3d3ddc138ec3c4284d97b,24.0,34.0,0.6169871794871795,0.4754273504273504,0.5747863247863247,0.4497863247863248,0.3333333333333333,train
6732a35a8f6343dcf041f1a3ad40d6760331513a2556c4fae4eea6cd59da89b2,0.0,10.0,0.2264957264957265,0.5673076923076923,0.20085470085470086,0.5694444444444444,0.4732905982905983,train
6732a35a8f6343dcf041f1a3ad40d6760331513a2556c4fae4eea6cd59da89b2,2.0,12.0,0.09508547008547008,0.6036324786324786,0.125,0.6602564102564102,0.5160256410256411,train
6732a35a8f6343dcf041f1a3ad40d6760331513a2556c4fae4eea6cd59da89b2,4.0,14.0,0.06303418803418803,0.6655982905982906,0.29113247863247865,0.6837606837606838,0.5010683760683761,train
6732a35a8f6343dcf041f1a3ad40d6760331513a2556c4fae4eea6cd59da89b2,6.0,16.0,0.06944444444444445,0.6388888888888888,0.26121794871794873,0.6752136752136753,0.4861111111111111,train
6732a35a8f6343dcf041f1a3ad40d6760331513a2556c4fae4eea6cd59da89b2,8.0,18.0,0.17254273504273504,0.5705128205128205,0.08867521367521368,0.6089743589743589,0.4775641025641026,train
6732a35a8f6343dcf041f1a3ad40d6760331513a2556c4fae4eea6cd59da89b2,10.0,20.0,0.16346153846153846,0.5641025641025641,0.10576923076923077,0.5683760683760684,0.47863247863247865,train
6732a35a8f6343dcf041f1a3ad40d6760331513a2556c4fae4eea6cd59da89b2,12.0,22.0,0.021367521367521368,0.5470085470085471,0.0811965811965812,0.5491452991452992,0.5192307692307693,train
7208a43e77536a72e401c00f01a793130fb6688d28fb8080941e14cc5752b0ca,0.0,10.0,0.41613247863247865,0.6185897435897436,0.3370726495726496,0.5844017094017094,0.8739316239316239,train
73093667f33a7f710fc20059989a002071359119e1e9c0a4128b67729755da33,0.0,10.0,0.22115384615384615,0.563034188034188,0.4268162393162393,0.5598290598290598,0.9091880341880342,train
8f799d59c9b5348ece1e5671692ea783d6d5e450ccebe31b6db9ad4f9510f8c5,0.0,10.0,0.8456196581196581,0.10363247863247864,0.4909188034188034,0.18162393162393162,0.2745726495726496,train
8f799d59c9b5348ece1e5671692ea783d6d5e450ccebe31b6db9ad4f9510f8c5,2.0,12.0,0.7537393162393162,0.01282051282051282,0.16987179487179488,0.09294871794871795,0.4113247863247863,train
8f799d59c9b5348ece1e5671692ea783d6d5e450ccebe31b6db9ad4f9510f8c5,4.0,14.0,0.13835470085470086,0.010683760683760684,0.10897435897435898,0.03632478632478633,0.07585470085470085,train
8f799d59c9b5348ece1e5671692ea783d6d5e450ccebe31b6db9ad4f9510f8c5,6.0,16.0,0.8082264957264957,0.030982905982905984,0.6768162393162394,0.010683760683760684,0.3717948717948718,train
8f799d59c9b5348ece1e5671692ea783d6d5e450ccebe31b6db9ad4f9510f8c5,8.0,18.0,0.5876068376068376,0.00641025641025641,0.2724358974358974,0.035256410256410256,0.11858974358974358,train
8f799d59c9b5348ece1e5671692ea783d6d5e450ccebe31b6db9ad4f9510f8c5,10.0,20.0,0.625,0.03952991452991453,0.6501068376068376,0.023504273504273504,0.3247863247863248,train
8f799d59c9b5348ece1e5671692ea783d6d5e450ccebe31b6db9ad4f9510f8c5,12.0,22.0,0.656517094017094,0.15384615384615385,0.7238247863247863,0.018162393162393164,0.2863247863247863,train
8f799d59c9b5348ece1e5671692ea783d6d5e450ccebe31b6db9ad4f9510f8c5,14.0,24.0,0.2168803418803419,0.1111111111111111,0.1955128205128205,0.038461538461538464,0.13995726495726496,train
8f799d59c9b5348ece1e5671692ea783d6d5e450ccebe31b6db9ad4f9510f8c5,16.0,26.0,0.08974358974358974,0.07371794871794872,0.38621794871794873,0.07371794871794872,0.10790598290598291,train
8f799d59c9b5348ece1e5671692ea783d6d5e450ccebe31b6db9ad4f9510f8c5,18.0,28.0,0.6447649572649573,0.06517094017094018,0.1752136752136752,0.05876068376068376,0.422008547008547,train
8f799d59c9b5348ece1e5671692ea783d6d5e450ccebe31b6db9ad4f9510f8c5,20.0,30.0,0.7110042735042735,0.08974358974358974,0.3605769230769231,0.07478632478632478,0.1858974358974359,train
8f799d59c9b5348ece1e5671692ea783d6d5e450ccebe31b6db9ad4f9510f8c5,22.0,32.0,0.9791666666666666,0.17735042735042736,0.31196581196581197,0.11324786324786325,0.027777777777777776,train
8f799d59c9b5348ece1e5671692ea783d6d5e450ccebe31b6db9ad4f9510f8c5,24.0,34.0,0.7537393162393162,0.08440170940170941,0.6885683760683761,0.07264957264957266,0.3162393162393162,train
8f799d59c9b5348ece1e5671692ea783d6d5e450ccebe31b6db9ad4f9510f8c5,26.0,36.0,0.7622863247863247,0.08867521367521368,0.4738247863247863,0.06196581196581197,0.36217948717948717,train
8f799d59c9b5348ece1e5671692ea783d6d5e450ccebe31b6db9ad4f9510f8c5,28.0,38.0,0.6533119658119658,0.09829059829059829,0.6340811965811965,0.022435897435897436,0.2702991452991453,train
8f799d59c9b5348ece1e5671692ea783d6d5e450ccebe31b6db9ad4f9510f8c5,30.0,40.0,0.10202991452991453,0.16880341880341881,0.4107905982905983,0.07158119658119658,0.07478632478632478,train
8f799d59c9b5348ece1e5671692ea783d6d5e450ccebe31b6db9ad4f9510f8c5,32.0,42.0,0.33386752136752135,0.12713675213675213,0.4722222222222222,0.027777777777777776,0.18162393162393162,train
8f799d59c9b5348ece1e5671692ea783d6d5e450ccebe31b6db9ad4f9510f8c5,34.0,44.0,0.7275641025641025,0.1794871794871795,0.22115384615384615,0.029914529914529916,0.23397435897435898,train
8f799d59c9b5348ece1e5671692ea783d6d5e450ccebe31b6db9ad4f9510f8c5,36.0,46.0,0.8456196581196581,0.1282051282051282,0.47702991452991456,0.03739316239316239,0.13354700854700854,train
8f799d59c9b5348ece1e5671692ea783d6d5e450ccebe31b6db9ad4f9510f8c5,38.0,48.0,0.20512820512820512,0.08012820512820513,0.12873931623931623,0.03952991452991453,0.25213675213675213,train
8f799d59c9b5348ece1e5671692ea783d6d5e450ccebe31b6db9ad4f9510f8c5,40.0,50.0,0.49145299145299143,0.15705128205128205,0.5646367521367521,0.00641025641025641,0.27884615384615385,train
8f799d59c9b5348ece1e5671692ea783d6d5e450ccebe31b6db9ad4f9510f8c5,42.0,52.0,0.47863247863247865,0.19123931623931623,0.24091880341880342,0.007478632478632479,0.2948717948717949,train
8f799d59c9b5348ece1e5671692ea783d6d5e450ccebe31b6db9ad4f9510f8c5,44.0,54.0,0.3215811965811966,0.172008547008547,0.09508547008547008,0.021367521367521368,0.28739316239316237,train
8f799d59c9b5348ece1e5671692ea783d6d5e450ccebe31b6db9ad4f9510f8c5,46.0,56.0,0.7889957264957265,0.06837606837606838,0.4321581196581197,0.030982905982905984,0.08547008547008547,train
8f799d59c9b5348ece1e5671692ea783d6d5e450ccebe31b6db9ad4f9510f8c5,48.0,58.0,0.6057692307692307,0.08226495726495726,0.22702991452991453,0.03418803418803419,0.17414529914529914,train
8f799d59c9b5348ece1e5671692ea783d6d5e450ccebe31b6db9ad4f9510f8c5,50.0,60.0,0.08386752136752136,0.07905982905982906,0.19658119658119658,0.028846153846153848,0.045940170940170943,train
8f799d59c9b5348ece1e5671692ea783d6d5e450ccebe31b6db9ad4f9510f8c5,52.0,62.0,0.8082264957264957,0.08547008547008547,0.46260683760683763,0.07692307692307693,0.24358974358974358,train
8f799d59c9b5348ece1e5671692ea783d6d5e450ccebe31b6db9ad4f9510f8c5,54.0,64.0,0.8653846153846154,0.03739316239316239,0.719017094017094,0.08333333333333333,0.0876068376068376,train
8f799d59c9b5348ece1e5671692ea783d6d5e450ccebe31b6db9ad4f9510f8c5,56.0,66.0,0.9364316239316239,0.023504273504273504,0.6185897435897436,0.08653846153846154,0.0811965811965812,train
8f799d59c9b5348ece1e5671692ea783d6d5e450ccebe31b6db9ad4f9510f8c5,58.0,68.0,0.37713675213675213,0.011752136752136752,0.5272435897435898,0.16346153846153846,0.15384615384615385,train
8f799d59c9b5348ece1e5671692ea783d6d5e450ccebe31b6db9ad4f9510f8c5,60.0,70.0,0.4797008547008547,0.053418803418803416,0.6949786324786325,0.1762820512820513,0.3920940170940171,train
8f799d59c9b5348ece1e5671692ea783d6d5e450ccebe31b6db9ad4f9510f8c5,62.0,72.0,0.8263888888888888,0.038461538461538464,0.7548076923076923,0.15064102564102563,0.18055555555555555,train
8f799d59c9b5348ece1e5671692ea783d6d5e450ccebe31b6db9ad4f9510f8c5,64.0,74.0,0.7719017094017094,0.07264957264957266,0.36485042735042733,0.20619658119658119,0.36004273504273504,train
8f799d59c9b5348ece1e5671692ea783d6d5e450ccebe31b6db9ad4f9510f8c5,66.0,76.0,0.6586538461538461,0.25427350427350426,0.5427350427350427,0.28205128205128205,0.22008547008547008,train
8f799d59c9b5348ece1e5671692ea783d6d5e450ccebe31b6db9ad4f9510f8c5,68.0,78.0,0.49572649572649574,0.28739316239316237,0.7174145299145299,0.2938034188034188,0.09829059829059829,train
8f799d59c9b5348ece1e5671692ea783d6d5e450ccebe31b6db9ad4f9510f8c5,70.0,80.0,0.07585470085470085,0.27884615384615385,0.07478632478632478,0.3386752136752137,0.08653846153846154,train
8f799d59c9b5348ece1e5671692ea783d6d5e450ccebe31b6db9ad4f9510f8c5,72.0,82.0,0.593482905982906,0.3547008547008547,0.7783119658119658,0.36645299145299143,0.16666666666666666,train
8f799d59c9b5348ece1e5671692ea783d6d5e450ccebe31b6db9ad4f9510f8c5,74.0,84.0,0.7580128205128205,0.37713675213675213,0.7879273504273504,0.391025641025641,0.31303418803418803,train
8f799d59c9b5348ece1e5671692ea783d6d5e450ccebe31b6db9ad4f9510f8c5,76.0,86.0,0.6965811965811965,0.38247863247863245,0.8461538461538461,0.39316239316239315,0.30982905982905984,train
8f799d59c9b5348ece1e5671692ea783d6d5e450ccebe31b6db9ad4f9510f8c5,78.0,88.0,0.7938034188034188,0.4017094017094017,0.625534188034188,0.38995726495726496,0.3547008547008547,train
8f799d59c9b5348ece1e5671692ea783d6d5e450ccebe31b6db9ad4f9510f8c5,80.0,90.0,0.5763888888888888,0.40064102564102566,0.202991452991453,0.40384615384615385,0.44337606837606836,train
8f799d59c9b5348ece1e5671692ea783d6d5e450ccebe31b6db9ad4f9510f8c5,82.0,92.0,0.029914529914529916,0.44337606837606836,0.3894230769230769,0.4412393162393162,0.49145299145299143,train
8f799d59c9b5348ece1e5671692ea783d6d5e450ccebe31b6db9ad4f9510f8c5,84.0,94.0,0.1543803418803419,0.43803418803418803,0.32371794871794873,0.4358974358974359,0.4797008547008547,train
8f799d59c9b5348ece1e5671692ea783d6d5e450ccebe31b6db9ad4f9510f8c5,86.0,96.0,0.32532051282051283,0.44764957264957267,0.2745726495726496,0.4465811965811966,0.44764957264957267,train
8f799d59c9b5348ece1e5671692ea783d6d5e450ccebe31b6db9ad4f9510f8c5,88.0,98.0,0.00641025641025641,0.4893162393162393,0.2094017094017094,0.48504273504273504,0.4893162393162393,train
8f799d59c9b5348ece1e5671692ea783d6d5e450ccebe31b6db9ad4f9510f8c5,90.0,100.0,0.15598290598290598,0.49145299145299143,0.4342948717948718,0.4722222222222222,0.5064102564102564,train
8f799d59c9b5348ece1e5671692ea783d6d5e450ccebe31b6db9ad4f9510f8c5,92.0,102.0,0.2777777777777778,0.49252136752136755,0.13354700854700854,0.47435897435897434,0.48183760683760685,train
8f799d59c9b5348ece1e5671692ea783d6d5e450ccebe31b6db9ad4f9510f8c5,94.0,104.0,0.344017094017094,0.49893162393162394,0.2361111111111111,0.4893162393162393,0.47435897435897434,train
8f799d59c9b5348ece1e5671692ea783d6d5e450ccebe31b6db9ad4f9510f8c5,96.0,106.0,0.35363247863247865,0.5160256410256411,0.29914529914529914,0.5,0.4561965811965812,train
8f799d59c9b5348ece1e5671692ea783d6d5e450ccebe31b6db9ad4f9510f8c5,98.0,108.0,0.5138888888888888,0.4935897435897436,0.34134615384615385,0.45726495726495725,0.42094017094017094,train
9116cbf4be063f5be851f65778ddfb91d60bdd5aa52e7211426769a6b2ce6f86,0.0,10.0,0.2724358974358974,0.6410256410256411,0.874465811965812,0.6591880341880342,0.8803418803418803,train
9116cbf4be063f5be851f65778ddfb91d60bdd5aa52e7211426769a6b2ce6f86,2.0,12.0,0.30662393162393164,0.6228632478632479,0.6041666666666666,0.6442307692307693,0.8557692307692307,train
9116cbf4be063f5be851f65778ddfb91d60bdd5aa52e7211426769a6b2ce6f86,4.0,14.0,0.27350427350427353,0.594017094017094,0.6746794871794872,0.6068376068376068,0.8782051282051282,train
9116cbf4be063f5be851f65778ddfb91d60bdd5aa52e7211426769a6b2ce6f86,6.0,16.0,0.2670940170940171,0.5865384615384616,0.5106837606837606,0.5779914529914529,0.8856837606837606,train
9116cbf4be063f5be851f65778ddfb91d60bdd5aa52e7211426769a6b2ce6f86,8.0,18.0,0.1997863247863248,0.5726495726495726,0.4011752136752137,0.5641025641025641,0.8814102564102564,train
9116cbf4be063f5be851f65778ddfb91d60bdd5aa52e7211426769a6b2ce6f86,10.0,20.0,0.36004273504273504,0.6047008547008547,0.4946581196581197,0.5993589743589743,0.8205128205128205,train
9116cbf4be063f5be851f65778ddfb91d60bdd5aa52e7211426769a6b2ce6f86,12.0,22.0,0.3819444444444444,0.5950854700854701,0.5149572649572649,0.5865384615384616,0.8322649572649573,train
9116cbf4be063f5be851f65778ddfb91d60bdd5aa52e7211426769a6b2ce6f86,14.0,24.0,0.30448717948717946,0.5908119658119658,0.4700854700854701,0.5886752136752137,0.8290598290598291,train
9116cbf4be063f5be851f65778ddfb91d60bdd5aa52e7211426769a6b2ce6f86,16.0,26.0,0.26816239316239315,0.5876068376068376,0.5240384615384616,0.5737179487179487,0.7788461538461539,train
9116cbf4be063f5be851f65778ddfb91d60bdd5aa52e7211426769a6b2ce6f86,18.0,28.0,0.2638888888888889,0.5993589743589743,0.5032051282051282,0.5918803418803419,0.7617521367521367,train
9116cbf4be063f5be851f65778ddfb91d60bdd5aa52e7211426769a6b2ce6f86,20.0,30.0,0.2606837606837607,0.6014957264957265,0.44337606837606836,0.5897435897435898,0.7638888888888888,train
9116cbf4be063f5be851f65778ddfb91d60bdd5aa52e7211426769a6b2ce6f86,22.0,32.0,0.20833333333333334,0.6089743589743589,0.3557692307692308,0.5982905982905983,0.7713675213675214,train
9116cbf4be063f5be851f65778ddfb91d60bdd5aa52e7211426769a6b2ce6f86,24.0,34.0,0.15918803418803418,0.6153846153846154,0.39316239316239315,0.594017094017094,0.7425213675213675,train
9116cbf4be063f5be851f65778ddfb91d60bdd5aa52e7211426769a6b2ce6f86,26.0,36.0,0.20405982905982906,0.6260683760683761,0.4551282051282051,0.6100427350427351,0.7628205128205128,train
9116cbf4be063f5be851f65778ddfb91d60bdd5aa52e7211426769a6b2ce6f86,28.0,38.0,0.2916666666666667,0.6164529914529915,0.41773504273504275,0.5950854700854701,0.7905982905982906,train
9116cbf4be063f5be851f65778ddfb91d60bdd5aa52e7211426769a6b2ce6f86,30.0,40.0,0.33760683760683763,0.6175213675213675,0.6175213675213675,0.5961538461538461,0.782051282051282,train
9116cbf4be063f5be851f65778ddfb91d60bdd5aa52e7211426769a6b2ce6f86,32.0,42.0,0.3301282051282051,0.6324786324786325,0.5438034188034188,0.6047008547008547,0.7735042735042735,train
9116cbf4be063f5be851f65778ddfb91d60bdd5aa52e7211426769a6b2ce6f86,34.0,44.0,0.4716880341880342,0.6292735042735043,0.6014957264957265,0.6079059829059829,0.7852564102564102,train
9116cbf4be063f5be851f65778ddfb91d60bdd5aa52e7211426769a6b2ce6f86,36.0,46.0,0.4198717948717949,0.6431623931623932,0.6746794871794872,0.625,0.7841880341880342,train
9116cbf4be063f5be851f65778ddfb91d60bdd5aa52e7211426769a6b2ce6f86,38.0,48.0,0.3819444444444444,0.6485042735042735,0.6041666666666666,0.6292735042735043,0.7660256410256411,train
9116cbf4be063f5be851f65778ddfb91d60bdd5aa52e7211426769a6b2ce6f86,40.0,50.0,0.1794871794871795,0.561965811965812,0.4577991452991453,0.5587606837606838,0.5662393162393162,train
9116cbf4be063f5be851f65778ddfb91d60bdd5aa52e7211426769a6b2ce6f86,42.0,52.0,0.2142094017094017,0.5256410256410257,0.5240384615384616,0.5181623931623932,0.7232905982905983,train
9116cbf4be063f5be851f65778ddfb91d60bdd5aa52e7211426769a6b2ce6f86,44.0,54.0,0.1581196581196581,0.5128205128205128,0.7088675213675214,0.5032051282051282,0.8098290598290598,train
9116cbf4be063f5be851f65778ddfb91d60bdd5aa52e7211426769a6b2ce6f86,46.0,56.0,0.15705128205128205,0.5117521367521367,0.6816239316239316,0.5042735042735043,0.8141025641025641,train
9116cbf4be063f5be851f65778ddfb91d60bdd5aa52e7211426769a6b2ce6f86,48.0,58.0,0.22756410256410256,0.5170940170940171,0.4011752136752137,0.5106837606837606,0.7970085470085471,train
9116cbf4be063f5be851f65778ddfb91d60bdd5aa52e7211426769a6b2ce6f86,50.0,60.0,0.23717948717948717,0.5384615384615384,0.18215811965811965,0.5331196581196581,0.6239316239316239,train
9116cbf4be063f5be851f65778ddfb91d60bdd5aa52e7211426769a6b2ce6f86,52.0,62.0,0.34989316239316237,0.5844017094017094,0.391025641025641,0.5705128205128205,0.8579059829059829,train
9116cbf4be063f5be851f65778ddfb91d60bdd5aa52e7211426769a6b2ce6f86,54.0,64.0,0.4716880341880342,0.6997863247863247,0.5705128205128205,0.6858974358974359,0.8066239316239316,train
9116cbf4be063f5be851f65778ddfb91d60bdd5aa52e7211426769a6b2ce6f86,56.0,66.0,0.46047008547008544,0.6965811965811965,0.6933760683760684,0.6816239316239316,0.8194444444444444,train
9116cbf4be063f5be851f65778ddfb91d60bdd5aa52e7211426769a6b2ce6f86,58.0,68.0,0.4230769230769231,0.7147435897435898,0.874465811965812,0.688034188034188,0.8344017094017094,train
9116cbf4be063f5be851f65778ddfb91d60bdd5aa52e7211426769a6b2ce6f86,60.0,70.0,0.3408119658119658,0.7072649572649573,0.7745726495726496,0.6901709401709402,0.8493589743589743,train
9116cbf4be063f5be851f65778ddfb91d60bdd5aa52e7211426769a6b2ce6f86,62.0,72.0,0.36485042735042733,0.7029914529914529,0.5202991452991453,0.6891025641025641,0.8482905982905983,train
9116cbf4be063f5be851f65778ddfb91d60bdd5aa52e7211426769a6b2ce6f86,64.0,74.0,0.33653846153846156,0.7019230769230769,0.4519230769230769,0.6912393162393162,0.8472222222222222,train
9116cbf4be063f5be851f65778ddfb91d60bdd5aa52e7211426769a6b2ce6f86,66.0,76.0,0.3450854700854701,0.7094017094017094,0.35683760683760685,0.6944444444444444,0.8258547008547008,train
9116cbf4be063f5be851f65778ddfb91d60bdd5aa52e7211426769a6b2ce6f86,68.0,78.0,0.34989316239316237,0.7158119658119658,0.4081196581196581,0.6933760683760684,0.8215811965811965,train
9116cbf4be063f5be851f65778ddfb91d60bdd5aa52e7211426769a6b2ce6f86,70.0,80.0,0.2142094017094017,0.49786324786324787,0.48344017094017094,0.49252136752136755,0.4935897435897436,train
9116cbf4be063f5be851f65778ddfb91d60bdd5aa52e7211426769a6b2ce6f86,72.0,82.0,0.003205128205128205,0.3643162393162393,0.9385683760683761,0.38782051282051283,0.27564102564102566,train
9116cbf4be063f5be851f65778ddfb91d60bdd5aa52e7211426769a6b2ce6f86,74.0,84.0,0.3055555555555556,0.35149572649572647,0.530982905982906,0.3525641025641026,0.21581196581196582,train
9116cbf4be063f5be851f65778ddfb91d60bdd5aa52e7211426769a6b2ce6f86,76.0,86.0,0.8541666666666666,0.3408119658119658,0.2761752136752137,0.33653846153846156,0.06196581196581197,train
9116cbf4be063f5be851f65778ddfb91d60bdd5aa52e7211426769a6b2ce6f86,78.0,88.0,0.7419871794871795,0.30662393162393164,0.20619658119658119,0.31303418803418803,0.20619658119658119,train
9116cbf4be063f5be851f65778ddfb91d60bdd5aa52e7211426769a6b2ce6f86,80.0,90.0,0.8285256410256411,0.2168803418803419,0.18536324786324787,0.2777777777777778,0.23504273504273504,train
9116cbf4be063f5be851f65778ddfb91d60bdd5aa52e7211426769a6b2ce6f86,82.0,92.0,0.6068376068376068,0.14423076923076922,0.6575854700854701,0.2553418803418803,0.3611111111111111,train
9116cbf4be063f5be851f65778ddfb91d60bdd5aa52e7211426769a6b2ce6f86,84.0,94.0,0.20726495726495728,0.09722222222222222,0.3819444444444444,0.21474358974358973,0.018162393162393164,train
9116cbf4be063f5be851f65778ddfb91d60bdd5aa52e7211426769a6b2ce6f86,86.0,96.0,0.9674145299145299,0.10897435897435898,0.23076923076923078,0.21794871794871795,0.4305555555555556,train
9116cbf4be063f5be851f65778ddfb91d60bdd5aa52e7211426769a6b2ce6f86,88.0,98.0,0.9097222222222222,0.09294871794871795,0.38782051282051283,0.23931623931623933,0.3482905982905983,train
9116cbf4be063f5be851f65778ddfb91d60bdd5aa52e7211426769a6b2ce6f86,90.0,100.0,0.6079059829059829,0.23397435897435898,0.39636752136752135,0.280982905982906,0.23717948717948717,train
9116cbf4be063f5be851f65778ddfb91d60bdd5aa52e7211426769a6b2ce6f86,92.0,102.0,0.7911324786324786,0.2841880341880342,0.280982905982906,0.27350427350427353,0.19230769230769232,train
9116cbf4be063f5be851f65778ddfb91d60bdd5aa52e7211426769a6b2ce6f86,94.0,104.0,0.050213675213675216,0.19764957264957264,0.07371794871794872,0.30662393162393164,0.050213675213675216,train
9116cbf4be063f5be851f65778ddfb91d60bdd5aa52e7211426769a6b2ce6f86,96.0,106.0,0.6367521367521367,0.3002136752136752,0.01282051282051282,0.31517094017094016,0.21474358974358973,train
9116cbf4be063f5be851f65778ddfb91d60bdd5aa52e7211426769a6b2ce6f86,98.0,108.0,0.6842948717948718,0.32371794871794873,0.06303418803418803,0.3173076923076923,0.18482905982905984,train
9116cbf4be063f5be851f65778ddfb91d60bdd5aa52e7211426769a6b2ce6f86,100.0,110.0,0.35523504273504275,0.25,0.027777777777777776,0.3002136752136752,0.1388888888888889,train
9116cbf4be063f5be851f65778ddfb91d60bdd5aa52e7211426769a6b2ce6f86,102.0,112.0,0.08653846153846154,0.23183760683760685,0.26976495726495725,0.31837606837606836,0.07799145299145299,train
9116cbf4be063f5be851f65778ddfb91d60bdd5aa52e7211426769a6b2ce6f86,104.0,114.0,0.5149572649572649,0.280982905982906,0.6842948717948718,0.3087606837606838,0.2980769230769231,train
9116cbf4be063f5be851f65778ddfb91d60bdd5aa52e7211426769a6b2ce6f86,106.0,116.0,0.7847222222222222,0.2905982905982906,0.26816239316239315,0.3076923076923077,0.31837606837606836,train
9116cbf4be063f5be851f65778ddfb91d60bdd5aa52e7211426769a6b2ce6f86,108.0,118.0,0.6917735042735043,0.29273504273504275,0.48878205128205127,0.2980769230769231,0.20726495726495728,train
9116cbf4be063f5be851f65778ddfb91d60bdd5aa52e7211426769a6b2ce6f86,110.0,120.0,0.6089743589743589,0.21474358974358973,0.4561965811965812,0.297008547008547,0.016025641025641024,train
9116cbf4be063f5be851f65778ddfb91d60bdd5aa52e7211426769a6b2ce6f86,112.0,122.0,0.484508547008547,0.25747863247863245,0.327991452991453,0.27564102564102566,0.34615384615384615,train
9116cbf4be063f5be851f65778ddfb91d60bdd5aa52e7211426769a6b2ce6f86,114.0,124.0,0.17574786324786323,0.2564102564102564,0.8242521367521367,0.25961538461538464,0.04700854700854701,train
9116cbf4be063f5be851f65778ddfb91d60bdd5aa52e7211426769a6b2ce6f86,116.0,126.0,0.20619658119658119,0.25106837606837606,0.6597222222222222,0.26282051282051283,0.038461538461538464,train
9116cbf4be063f5be851f65778ddfb91d60bdd5aa52e7211426769a6b2ce6f86,118.0,128.0,0.1907051282051282,0.16025641025641027,0.37713675213675213,0.2841880341880342,0.03205128205128205,train
9116cbf4be063f5be851f65778ddfb91d60bdd5aa52e7211426769a6b2ce6f86,120.0,130.0,0.25854700854700857,0.3087606837606838,0.13568376068376067,0.25747863247863245,0.25106837606837606,train
9116cbf4be063f5be851f65778ddfb91d60bdd5aa52e7211426769a6b2ce6f86,122.0,132.0,0.6314102564102564,0.3055555555555556,0.20405982905982906,0.266025641025641,0.004273504273504274,train
9116cbf4be063f5be851f65778ddfb91d60bdd5aa52e7211426769a6b2ce6f86,124.0,134.0,0.5587606837606838,0.3301282051282051,0.14316239316239315,0.2916666666666667,0.00641025641025641,train
9116cbf4be063f5be851f65778ddfb91d60bdd5aa52e7211426769a6b2ce6f86,126.0,136.0,0.7847222222222222,0.344017094017094,0.3685897435897436,0.2831196581196581,0.3269230769230769,train
9116cbf4be063f5be851f65778ddfb91d60bdd5aa52e7211426769a6b2ce6f86,128.0,138.0,0.030982905982905984,0.3333333333333333,0.09935897435897435,0.25213675213675213,0.07371794871794872,train
9116cbf4be063f5be851f65778ddfb91d60bdd5aa52e7211426769a6b2ce6f86,130.0,140.0,0.45032051282051283,0.3173076923076923,0.3819444444444444,0.24893162393162394,0.0202991452991453,train
9116cbf4be063f5be851f65778ddfb91d60bdd5aa52e7211426769a6b2ce6f86,132.0,142.0,0.1623931623931624,0.30235042735042733,0.4129273504273504,0.24252136752136752,0.019230769230769232,train
9116cbf4be063f5be851f65778ddfb91d60bdd5aa52e7211426769a6b2ce6f86,134.0,144.0,0.35523504273504275,0.32264957264957267,0.6575854700854701,0.19230769230769232,0.3450854700854701,train
9116cbf4be063f5be851f65778ddfb91d60bdd5aa52e7211426769a6b2ce6f86,136.0,146.0,0.6842948717948718,0.2777777777777778,0.48878205128205127,0.22008547008547008,0.09081196581196581,train
9116cbf4be063f5be851f65778ddfb91d60bdd5aa52e7211426769a6b2ce6f86,138.0,148.0,0.5822649572649573,0.3108974358974359,0.21367521367521367,0.25854700854700857,0.0010683760683760685,train
9116cbf4be063f5be851f65778ddfb91d60bdd5aa52e7211426769a6b2ce6f86,140.0,150.0,0.6794871794871795,0.32585470085470086,0.3920940170940171,0.2905982905982906,0.2467948717948718,train
9116cbf4be063f5be851f65778ddfb91d60bdd5aa52e7211426769a6b2ce6f86,142.0,152.0,0.25961538461538464,0.33226495726495725,0.3311965811965812,0.2799145299145299,0.03632478632478633,train
9116cbf4be063f5be851f65778ddfb91d60bdd5aa52e7211426769a6b2ce6f86,144.0,154.0,0.8579059829059829,0.3194444444444444,0.5603632478632479,0.30128205128205127,0.3696581196581197,train
9116cbf4be063f5be851f65778ddfb91d60bdd5aa52e7211426769a6b2ce6f86,146.0,156.0,0.7521367521367521,0.2948717948717949,0.5384615384615384,0.2948717948717949,0.15705128205128205,train
9116cbf4be063f5be851f65778ddfb91d60bdd5aa52e7211426769a6b2ce6f86,148.0,158.0,0.9577991452991453,0.27564102564102566,0.7211538461538461,0.27136752136752135,0.11752136752136752,train
9116cbf4be063f5be851f65778ddfb91d60bdd5aa52e7211426769a6b2ce6f86,150.0,160.0,0.7980769230769231,0.266025641025641,0.7264957264957265,0.2745726495726496,0.3995726495726496,train
9116cbf4be063f5be851f65778ddfb91d60bdd5aa52e7211426769a6b2ce6f86,152.0,162.0,0.15064102564102563,0.23824786324786323,0.07158119658119658,0.31196581196581197,0.026709401709401708,train
9116cbf4be063f5be851f65778ddfb91d60bdd5aa52e7211426769a6b2ce6f86,154.0,164.0,0.48183760683760685,0.1623931623931624,0.041666666666666664,0.3194444444444444,0.2232905982905983,train
9116cbf4be063f5be851f65778ddfb91d60bdd5aa52e7211426769a6b2ce6f86,156.0,166.0,0.8237179487179487,0.21581196581196582,0.20512820512820512,0.30448717948717946,0.1346153846153846,train
9116cbf4be063f5be851f65778ddfb91d60bdd5aa52e7211426769a6b2ce6f86,158.0,168.0,0.6944444444444444,0.327991452991453,0.13782051282051283,0.32051282051282054,0.15491452991452992,train
9116cbf4be063f5be851f65778ddfb91d60bdd5aa52e7211426769a6b2ce6f86,160.0,170.0,0.6351495726495726,0.3344017094017094,0.1111111111111111,0.32585470085470086,0.19658119658119658,train
9116cbf4be063f5be851f65778ddfb91d60bdd5aa52e7211426769a6b2ce6f86,162.0,172.0,0.6485042735042735,0.32905982905982906,0.038461538461538464,0.3301282051282051,0.21794871794871795,train
9116cbf4be063f5be851f65778ddfb91d60bdd5aa52e7211426769a6b2ce6f86,164.0,174.0,0.6773504273504274,0.33760683760683763,0.11965811965811966,0.327991452991453,0.16880341880341881,train
9116cbf4be063f5be851f65778ddfb91d60bdd5aa52e7211426769a6b2ce6f86,166.0,176.0,0.14262820512820512,0.34615384615384615,0.16880341880341881,0.3504273504273504,0.17094017094017094,train
9116cbf4be063f5be851f65778ddfb91d60bdd5aa52e7211426769a6b2ce6f86,168.0,178.0,0.35149572649572647,0.35363247863247865,0.12072649572649573,0.358974358974359,0.1517094017094017,train
9116cbf4be063f5be851f65778ddfb91d60bdd5aa52e7211426769a6b2ce6f86,170.0,180.0,0.5502136752136753,0.37606837606837606,0.08547008547008547,0.3717948717948718,0.14102564102564102,train
9116cbf4be063f5be851f65778ddfb91d60bdd5aa52e7211426769a6b2ce6f86,172.0,182.0,0.6121794871794872,0.3995726495726496,0.2879273504273504,0.38247863247863245,0.22756410256410256,train
9116cbf4be063f5be851f65778ddfb91d60bdd5aa52e7211426769a6b2ce6f86,174.0,184.0,0.23076923076923078,0.41025641025641024,0.13141025641025642,0.42094017094017094,0.4412393162393162,train
9116cbf4be063f5be851f65778ddfb91d60bdd5aa52e7211426769a6b2ce6f86,176.0,186.0,0.0876068376068376,0.42414529914529914,0.21741452991452992,0.4305555555555556,0.46153846153846156,train
9116cbf4be063f5be851f65778ddfb91d60bdd5aa52e7211426769a6b2ce6f86,178.0,188.0,0.041666666666666664,0.41239316239316237,0.049145299145299144,0.4155982905982906,0.43482905982905984,train
9116cbf4be063f5be851f65778ddfb91d60bdd5aa52e7211426769a6b2ce6f86,180.0,190.0,0.18376068376068377,0.40705128205128205,0.02564102564102564,0.4113247863247863,0.42948717948717946,train
9116cbf4be063f5be851f65778ddfb91d60bdd5aa52e7211426769a6b2ce6f86,182.0,192.0,0.32264957264957267,0.39850427350427353,0.0438034188034188,0.40705128205128205,0.42735042735042733,train
9116cbf4be063f5be851f65778ddfb91d60bdd5aa52e7211426769a6b2ce6f86,184.0,194.0,0.3311965811965812,0.422008547008547,0.17895299145299146,0.4252136752136752,0.47115384615384615,train
9116cbf4be063f5be851f65778ddfb91d60bdd5aa52e7211426769a6b2ce6f86,186.0,196.0,0.6196581196581197,0.4155982905982906,0.019230769230769232,0.42628205128205127,0.4230769230769231,train
9116cbf4be063f5be851f65778ddfb91d60bdd5aa52e7211426769a6b2ce6f86,188.0,198.0,0.7147435897435898,0.39636752136752135,0.7676282051282052,0.38354700854700857,0.22863247863247863,train
9116cbf4be063f5be851f65778ddfb91d60bdd5aa52e7211426769a6b2ce6f86,190.0,200.0,0.7377136752136753,0.3803418803418803,0.6725427350427351,0.37393162393162394,0.1794871794871795,train
9116cbf4be063f5be851f65778ddfb91d60bdd5aa52e7211426769a6b2ce6f86,192.0,202.0,0.7329059829059829,0.3856837606837607,0.5737179487179487,0.37606837606837606,0.2126068376068376,train
9116cbf4be063f5be851f65778ddfb91d60bdd5aa52e7211426769a6b2ce6f86,194.0,204.0,0.7927350427350427,0.3942307692307692,0.5876068376068376,0.3782051282051282,0.23076923076923078,train
9116cbf4be063f5be851f65778ddfb91d60bdd5aa52e7211426769a6b2ce6f86,196.0,206.0,0.6997863247863247,0.4113247863247863,0.7478632478632479,0.37927350427350426,0.280982905982906,train
9116cbf4be063f5be851f65778ddfb91d60bdd5aa52e7211426769a6b2ce6f86,198.0,208.0,0.3466880341880342,0.41452991452991456,0.6276709401709402,0.422008547008547,0.4722222222222222,train
9116cbf4be063f5be851f65778ddfb91d60bdd5aa52e7211426769a6b2ce6f86,200.0,210.0,0.5299145299145299,0.9209401709401709,0.9877136752136753,0.9081196581196581,0.7446581196581197,train
9116cbf4be063f5be851f65778ddfb91d60bdd5aa52e7211426769a6b2ce6f86,202.0,212.0,0.469017094017094,0.9326923076923077,0.6672008547008547,0.9188034188034188,0.7532051282051282,train
9116cbf4be063f5be851f65778ddfb91d60bdd5aa52e7211426769a6b2ce6f86,204.0,214.0,0.45726495726495725,0.9305555555555556,0.6153846153846154,0.9209401709401709,0.7510683760683761,train
9116cbf4be063f5be851f65778ddfb91d60bdd5aa52e7211426769a6b2ce6f86,206.0,216.0,0.4829059829059829,0.9294871794871795,0.6004273504273504,0.9134615384615384,0.7478632478632479,train
9116cbf4be063f5be851f65778ddfb91d60bdd5aa52e7211426769a6b2ce6f86,208.0,218.0,0.42094017094017094,0.9337606837606838,0.5518162393162394,0.9273504273504274,0.719017094017094,train
9116cbf4be063f5be851f65778ddfb91d60bdd5aa52e7211426769a6b2ce6f86,210.0,220.0,0.4551282051282051,0.9348290598290598,0.5576923076923077,0.9284188034188035,0.6816239316239316,train
9116cbf4be063f5be851f65778ddfb91d60bdd5aa52e7211426769a6b2ce6f86,212.0,222.0,0.49038461538461536,0.9358974358974359,0.6709401709401709,0.9316239316239316,0.6762820512820513,train
9116cbf4be063f5be851f65778ddfb91d60bdd5aa52e7211426769a6b2ce6f86,214.0,224.0,0.44337606837606836,0.9412393162393162,0.6688034188034188,0.9337606837606838,0.6677350427350427,train
9116cbf4be063f5be851f65778ddfb91d60bdd5aa52e7211426769a6b2ce6f86,216.0,226.0,0.41025641025641024,0.9433760683760684,0.9877136752136753,0.9412393162393162,0.6549145299145299,train
9116cbf4be063f5be851f65778ddfb91d60bdd5aa52e7211426769a6b2ce6f86,218.0,228.0,0.46474358974358976,0.9188034188034188,0.6672008547008547,0.905982905982906,0.7382478632478633,train
9116cbf4be063f5be851f65778ddfb91d60bdd5aa52e7211426769a6b2ce6f86,220.0,230.0,0.2831196581196581,0.8322649572649573,0.09722222222222222,0.842948717948718,0.7553418803418803,train
9116cbf4be063f5be851f65778ddfb91d60bdd5aa52e7211426769a6b2ce6f86,222.0,232.0,0.3466880341880342,0.5277777777777778,0.15331196581196582,0.5662393162393162,0.532051282051282,train
9116cbf4be063f5be851f65778ddfb91d60bdd5aa52e7211426769a6b2ce6f86,224.0,234.0,0.5267094017094017,0.4391025641025641,0.34294871794871795,0.46047008547008544,0.4583333333333333,train
9116cbf4be063f5be851f65778ddfb91d60bdd5aa52e7211426769a6b2ce6f86,226.0,236.0,0.5352564102564102,0.43696581196581197,0.37927350427350426,0.46153846153846156,0.4594017094017094,train
9116cbf4be063f5be851f65778ddfb91d60bdd5aa52e7211426769a6b2ce6f86,228.0,238.0,0.5512820512820513,0.4358974358974359,0.6276709401709402,0.46474358974358976,0.452991452991453,train
9116cbf4be063f5be851f65778ddfb91d60bdd5aa52e7211426769a6b2ce6f86,230.0,240.0,0.5763888888888888,0.4519230769230769,0.3942307692307692,0.4668803418803419,0.4636752136752137,train
9116cbf4be063f5be851f65778ddfb91d60bdd5aa52e7211426769a6b2ce6f86,232.0,242.0,0.5080128205128205,0.46153846153846156,0.06677350427350427,0.4946581196581197,0.5224358974358975,train
9116cbf4be063f5be851f65778ddfb91d60bdd5aa52e7211426769a6b2ce6f86,234.0,244.0,0.6933760683760684,0.9508547008547008,0.7414529914529915,0.9476495726495726,0.6634615384615384,train
9116cbf4be063f5be851f65778ddfb91d60bdd5aa52e7211426769a6b2ce6f86,236.0,246.0,0.7158119658119658,0.9455128205128205,0.7446581196581197,0.9433760683760684,0.688034188034188,train
9116cbf4be063f5be851f65778ddfb91d60bdd5aa52e7211426769a6b2ce6f86,238.0,248.0,0.6955128205128205,0.936965811965812,0.7628205128205128,0.938034188034188,0.6965811965811965,train
9116cbf4be063f5be851f65778ddfb91d60bdd5aa52e7211426769a6b2ce6f86,240.0,250.0,0.8060897435897436,0.9284188034188035,0.7831196581196581,0.9305555555555556,0.7211538461538461,train
9116cbf4be063f5be851f65778ddfb91d60bdd5aa52e7211426769a6b2ce6f86,242.0,252.0,0.7991452991452992,0.9134615384615384,0.8012820512820513,0.9155982905982906,0.7467948717948718,train
9116cbf4be063f5be851f65778ddfb91d60bdd5aa52e7211426769a6b2ce6f86,244.0,254.0,0.8157051282051282,0.8611111111111112,0.7008547008547008,0.8675213675213675,0.9017094017094017,train
9116cbf4be063f5be851f65778ddfb91d60bdd5aa52e7211426769a6b2ce6f86,246.0,256.0,0.43482905982905984,0.8568376068376068,0.4305555555555556,0.8568376068376068,0.8867521367521367,train
9116cbf4be063f5be851f65778ddfb91d60bdd5aa52e7211426769a6b2ce6f86,248.0,258.0,0.25213675213675213,0.7991452991452992,0.7056623931623932,0.7959401709401709,0.8450854700854701,train
9116cbf4be063f5be851f65778ddfb91d60bdd5aa52e7211426769a6b2ce6f86,250.0,260.0,0.36485042735042733,0.5833333333333334,0.06837606837606838,0.5769230769230769,0.969017094017094,train
9116cbf4be063f5be851f65778ddfb91d60bdd5aa52e7211426769a6b2ce6f86,252.0,262.0,0.3194444444444444,0.5854700854700855,0.08333333333333333,0.5790598290598291,0.9668803418803419,train
9116cbf4be063f5be851f65778ddfb91d60bdd5aa52e7211426769a6b2ce6f86,254.0,264.0,0.2702991452991453,0.592948717948718,0.1388888888888889,0.5972222222222222,0.9188034188034188,train
9116cbf4be063f5be851f65778ddfb91d60bdd5aa52e7211426769a6b2ce6f86,256.0,266.0,0.280982905982906,0.6100427350427351,0.05448717948717949,0.6036324786324786,0.9113247863247863,train
9116cbf4be063f5be851f65778ddfb91d60bdd5aa52e7211426769a6b2ce6f86,258.0,268.0,0.2361111111111111,0.6549145299145299,0.05235042735042735,0.655982905982906,0.8183760683760684,train
9116cbf4be063f5be851f65778ddfb91d60bdd5aa52e7211426769a6b2ce6f86,260.0,270.0,0.9893162393162394,0.9145299145299145,0.9919871794871795,0.9102564102564102,0.6602564102564102,train
9116cbf4be063f5be851f65778ddfb91d60bdd5aa52e7211426769a6b2ce6f86,262.0,272.0,0.9877136752136753,0.9230769230769231,0.9967948717948718,0.9241452991452992,0.6645299145299145,train
9116cbf4be063f5be851f65778ddfb91d60bdd5aa52e7211426769a6b2ce6f86,264.0,274.0,0.9973290598290598,0.9316239316239316,0.9978632478632479,0.9294871794871795,0.6730769230769231,train
9116cbf4be063f5be851f65778ddfb91d60bdd5aa52e7211426769a6b2ce6f86,266.0,276.0,0.9951923076923077,0.9252136752136753,0.999465811965812,0.9252136752136753,0.6698717948717948,train
9116cbf4be063f5be851f65778ddfb91d60bdd5aa52e7211426769a6b2ce6f86,268.0,278.0,0.9909188034188035,0.9220085470085471,0.9957264957264957,0.9230769230769231,0.6613247863247863,train
9116cbf4be063f5be851f65778ddfb91d60bdd5aa52e7211426769a6b2ce6f86,270.0,280.0,0.8060897435897436,0.9081196581196581,0.9935897435897436,0.907051282051282,0.6399572649572649,train
9116cbf4be063f5be851f65778ddfb91d60bdd5aa52e7211426769a6b2ce6f86,272.0,282.0,0.8157051282051282,0.8942307692307693,0.9807692307692307,0.8963675213675214,0.6442307692307693,train
9116cbf4be063f5be851f65778ddfb91d60bdd5aa52e7211426769a6b2ce6f86,274.0,284.0,0.6399572649572649,0.8835470085470085,0.9668803418803419,0.8824786324786325,0.6527777777777778,train
9116cbf4be063f5be851f65778ddfb91d60bdd5aa52e7211426769a6b2ce6f86,276.0,286.0,0.7692307692307693,0.8888888888888888,0.9743589743589743,0.8888888888888888,0.6794871794871795,train
9116cbf4be063f5be851f65778ddfb91d60bdd5aa52e7211426769a6b2ce6f86,278.0,288.0,0.6709401709401709,0.8878205128205128,0.9754273504273504,0.8835470085470085,0.7029914529914529,train
9116cbf4be063f5be851f65778ddfb91d60bdd5aa52e7211426769a6b2ce6f86,280.0,290.0,0.9813034188034188,0.8899572649572649,0.9786324786324786,0.8867521367521367,0.7884615384615384,train
9116cbf4be063f5be851f65778ddfb91d60bdd5aa52e7211426769a6b2ce6f86,282.0,292.0,0.9241452991452992,0.8985042735042735,0.9797008547008547,0.8920940170940171,0.7948717948717948,train
9116cbf4be063f5be851f65778ddfb91d60bdd5aa52e7211426769a6b2ce6f86,284.0,294.0,0.9711538461538461,0.9006410256410257,0.9898504273504274,0.8974358974358975,0.8012820512820513,train
9116cbf4be063f5be851f65778ddfb91d60bdd5aa52e7211426769a6b2ce6f86,286.0,296.0,0.9877136752136753,0.9038461538461539,0.9919871794871795,0.9017094017094017,0.8023504273504274,train
9116cbf4be063f5be851f65778ddfb91d60bdd5aa52e7211426769a6b2ce6f86,288.0,298.0,0.9973290598290598,0.9113247863247863,0.999465811965812,0.9049145299145299,0.811965811965812,train
9116cbf4be063f5be851f65778ddfb91d60bdd5aa52e7211426769a6b2ce6f86,290.0,300.0,0.9006410256410257,0.9198717948717948,0.9861111111111112,0.9113247863247863,0.7927350427350427,train
9116cbf4be063f5be851f65778ddfb91d60bdd5aa52e7211426769a6b2ce6f86,292.0,302.0,0.6185897435897436,0.9241452991452992,0.9658119658119658,0.9166666666666666,0.8055555555555556,train
9116cbf4be063f5be851f65778ddfb91d60bdd5aa52e7211426769a6b2ce6f86,294.0,304.0,0.9252136752136753,0.9166666666666666,0.9818376068376068,0.9091880341880342,0.8162393162393162,train
9116cbf4be063f5be851f65778ddfb91d60bdd5aa52e7211426769a6b2ce6f86,296.0,306.0,0.9951923076923077,0.9017094017094017,0.9829059829059829,0.8995726495726496,0.8461538461538461,train
9116cbf4be063f5be851f65778ddfb91d60bdd5aa52e7211426769a6b2ce6f86,298.0,308.0,0.9909188034188035,0.8952991452991453,0.9946581196581197,0.8846153846153846,0.8365384615384616,train
9116cbf4be063f5be851f65778ddfb91d60bdd5aa52e7211426769a6b2ce6f86,300.0,310.0,0.9813034188034188,0.8824786324786325,0.9898504273504274,0.8792735042735043,0.8568376068376068,train
9116cbf4be063f5be851f65778ddfb91d60bdd5aa52e7211426769a6b2ce6f86,302.0,312.0,0.25747863247863245,0.7361111111111112,0.7056623931623932,0.7660256410256411,0.8226495726495726,train
9116cbf4be063f5be851f65778ddfb91d60bdd5aa52e7211426769a6b2ce6f86,304.0,314.0,0.11645299145299146,0.5438034188034188,0.2564102564102564,0.5608974358974359,0.6228632478632479,train
9116cbf4be063f5be851f65778ddfb91d60bdd5aa52e7211426769a6b2ce6f86,306.0,316.0,0.44764957264957267,0.45405982905982906,0.03311965811965812,0.4775641025641026,0.7980769230769231,train
9116cbf4be063f5be851f65778ddfb91d60bdd5aa52e7211426769a6b2ce6f86,308.0,318.0,0.4861111111111111,0.45085470085470086,0.03952991452991453,0.4797008547008547,0.7756410256410257,train
9116cbf4be063f5be851f65778ddfb91d60bdd5aa52e7211426769a6b2ce6f86,310.0,320.0,0.5080128205128205,0.4668803418803419,0.0405982905982906,0.47649572649572647,0.7702991452991453,train
9116cbf4be063f5be851f65778ddfb91d60bdd5aa52e7211426769a6b2ce6f86,312.0,322.0,0.41613247863247865,0.483974358974359,0.0876068376068376,0.49145299145299143,0.6388888888888888,train
9116cbf4be063f5be851f65778ddfb91d60bdd5aa52e7211426769a6b2ce6f86,314.0,324.0,0.2564102564102564,0.5149572649572649,0.06677350427350427,0.5235042735042735,0.5181623931623932,train
9116cbf4be063f5be851f65778ddfb91d60bdd5aa52e7211426769a6b2ce6f86,316.0,326.0,0.43162393162393164,0.8856837606837606,0.4807692307692308,0.8782051282051282,0.717948717948718,train
9116cbf4be063f5be851f65778ddfb91d60bdd5aa52e7211426769a6b2ce6f86,318.0,328.0,0.33226495726495725,0.8931623931623932,0.4797008547008547,0.8803418803418803,0.7435897435897436,train
9116cbf4be063f5be851f65778ddfb91d60bdd5aa52e7211426769a6b2ce6f86,320.0,330.0,0.31303418803418803,0.8995726495726496,0.5181623931623932,0.8899572649572649,0.7307692307692307,train
9116cbf4be063f5be851f65778ddfb91d60bdd5aa52e7211426769a6b2ce6f86,322.0,332.0,0.2799145299145299,0.9123931623931624,0.5518162393162394,0.9006410256410257,0.7051282051282052,train
9116cbf4be063f5be851f65778ddfb91d60bdd5aa52e7211426769a6b2ce6f86,324.0,334.0,0.2745726495726496,0.9155982905982906,0.5502136752136753,0.9027777777777778,0.6901709401709402,train
9116cbf4be063f5be851f65778ddfb91d60bdd5aa52e7211426769a6b2ce6f86,326.0,336.0,0.16452991452991453,0.4252136752136752,0.48344017094017094,0.43162393162393164,0.4337606837606838,train
9116cbf4be063f5be851f65778ddfb91d60bdd5aa52e7211426769a6b2ce6f86,328.0,338.0,0.002136752136752137,0.3472222222222222,0.8819444444444444,0.36217948717948717,0.16025641025641027,train
9116cbf4be063f5be851f65778ddfb91d60bdd5aa52e7211426769a6b2ce6f86,330.0,340.0,0.5598290598290598,0.33547008547008544,0.6164529914529915,0.32905982905982906,0.06623931623931624,train
9116cbf4be063f5be851f65778ddfb91d60bdd5aa52e7211426769a6b2ce6f86,332.0,342.0,0.8541666666666666,0.3215811965811966,0.37286324786324787,0.3141025641025641,0.10576923076923077,train
9116cbf4be063f5be851f65778ddfb91d60bdd5aa52e7211426769a6b2ce6f86,334.0,344.0,0.7286324786324786,0.18055555555555555,0.2297008547008547,0.2692307692307692,0.1655982905982906,train
9116cbf4be063f5be851f65778ddfb91d60bdd5aa52e7211426769a6b2ce6f86,336.0,346.0,0.8563034188034188,0.2126068376068376,0.422008547008547,0.2232905982905983,0.45405982905982906,train
9116cbf4be063f5be851f65778ddfb91d60bdd5aa52e7211426769a6b2ce6f86,338.0,348.0,0.1907051282051282,0.0641025641025641,0.4129273504273504,0.1047008547008547,0.013888888888888888,train
9116cbf4be063f5be851f65778ddfb91d60bdd5aa52e7211426769a6b2ce6f86,340.0,350.0,0.875534188034188,0.1955128205128205,0.532051282051282,0.1527777777777778,0.4155982905982906,train
9116cbf4be063f5be851f65778ddfb91d60bdd5aa52e7211426769a6b2ce6f86,342.0,352.0,0.7478632478632479,0.07051282051282051,0.6228632478632479,0.1655982905982906,0.14743589743589744,train
9116cbf4be063f5be851f65778ddfb91d60bdd5aa52e7211426769a6b2ce6f86,344.0,354.0,0.8771367521367521,0.15064102564102563,0.6805555555555556,0.18269230769230768,0.43803418803418803,train
9116cbf4be063f5be851f65778ddfb91d60bdd5aa52e7211426769a6b2ce6f86,346.0,356.0,0.6602564102564102,0.2638888888888889,0.5368589743589743,0.21153846153846154,0.3087606837606838,train
9116cbf4be063f5be851f65778ddfb91d60bdd5aa52e7211426769a6b2ce6f86,348.0,358.0,0.7072649572649573,0.25961538461538464,0.4909188034188034,0.2767094017094017,0.32585470085470086,train
9116cbf4be063f5be851f65778ddfb91d60bdd5aa52e7211426769a6b2ce6f86,350.0,360.0,0.11324786324786325,0.16773504273504272,0.26976495726495725,0.2126068376068376,0.09508547008547008,train
9116cbf4be063f5be851f65778ddfb91d60bdd5aa52e7211426769a6b2ce6f86,352.0,362.0,0.7622863247863247,0.1517094017094017,0.22702991452991453,0.20726495726495728,0.4252136752136752,train
9116cbf4be063f5be851f65778ddfb91d60bdd5aa52e7211426769a6b2ce6f86,354.0,364.0,0.7799145299145299,0.20085470085470086,0.17414529914529914,0.17735042735042736,0.2692307692307692,train
9116cbf4be063f5be851f65778ddfb91d60bdd5aa52e7211426769a6b2ce6f86,356.0,366.0,0.8680555555555556,0.20512820512820512,0.375,0.16132478632478633,0.024572649572649572,train
9116cbf4be063f5be851f65778ddfb91d60bdd5aa52e7211426769a6b2ce6f86,358.0,368.0,0.8723290598290598,0.12179487179487179,0.8263888888888888,0.09829059829059829,0.3194444444444444,train
9116cbf4be063f5be851f65778ddfb91d60bdd5aa52e7211426769a6b2ce6f86,360.0,370.0,0.9342948717948718,0.17841880341880342,0.686965811965812,0.09401709401709402,0.3643162393162393,train
9116cbf4be063f5be851f65778ddfb91d60bdd5aa52e7211426769a6b2ce6f86,362.0,372.0,0.8488247863247863,0.21153846153846154,0.7900641025641025,0.0641025641025641,0.37393162393162394,train
9116cbf4be063f5be851f65778ddfb91d60bdd5aa52e7211426769a6b2ce6f86,364.0,374.0,0.13835470085470086,0.25854700854700857,0.7964743589743589,0.13354700854700854,0.125,train
9116cbf4be063f5be851f65778ddfb91d60bdd5aa52e7211426769a6b2ce6f86,366.0,376.0,0.3840811965811966,0.18482905982905984,0.6404914529914529,0.08440170940170941,0.2361111111111111,train
9116cbf4be063f5be851f65778ddfb91d60bdd5aa52e7211426769a6b2ce6f86,368.0,378.0,0.6431623931623932,0.26495726495726496,0.6362179487179487,0.09508547008547008,0.25747863247863245,train
9116cbf4be063f5be851f65778ddfb91d60bdd5aa52e7211426769a6b2ce6f86,370.0,380.0,0.8958333333333334,0.21367521367521367,0.4252136752136752,0.17094017094017094,0.04487179487179487,train
9116cbf4be063f5be851f65778ddfb91d60bdd5aa52e7211426769a6b2ce6f86,372.0,382.0,0.5454059829059829,0.2361111111111111,0.07692307692307693,0.14957264957264957,0.391025641025641,train
9116cbf4be063f5be851f65778ddfb91d60bdd5aa52e7211426769a6b2ce6f86,374.0,384.0,0.405982905982906,0.2724358974358974,0.4027777777777778,0.11858974358974358,0.32905982905982906,train
9116cbf4be063f5be851f65778ddfb91d60bdd5aa52e7211426769a6b2ce6f86,376.0,386.0,0.328525641025641,0.24358974358974358,0.09615384615384616,0.12713675213675213,0.33653846153846156,train
9116cbf4be063f5be851f65778ddfb91d60bdd5aa52e7211426769a6b2ce6f86,378.0,388.0,0.3482905982905983,0.26816239316239315,0.10683760683760683,0.13675213675213677,0.20512820512820512,train
9116cbf4be063f5be851f65778ddfb91d60bdd5aa52e7211426769a6b2ce6f86,380.0,390.0,0.9150641025641025,0.22008547008547008,0.1907051282051282,0.13247863247863248,0.2905982905982906,train
9116cbf4be063f5be851f65778ddfb91d60bdd5aa52e7211426769a6b2ce6f86,382.0,392.0,0.9385683760683761,0.2232905982905983,0.08653846153846154,0.1987179487179487,0.008547008547008548,train
9116cbf4be063f5be851f65778ddfb91d60bdd5aa52e7211426769a6b2ce6f86,384.0,394.0,0.5710470085470085,0.24893162393162394,0.11431623931623931,0.15491452991452992,0.49893162393162394,train
9116cbf4be063f5be851f65778ddfb91d60bdd5aa52e7211426769a6b2ce6f86,386.0,396.0,0.5368589743589743,0.2403846153846154,0.40384615384615385,0.18696581196581197,0.11965811965811966,train
9116cbf4be063f5be851f65778ddfb91d60bdd5aa52e7211426769a6b2ce6f86,388.0,398.0,0.8862179487179487,0.24145299145299146,0.813034188034188,0.2403846153846154,0.24572649572649571,train
9116cbf4be063f5be851f65778ddfb91d60bdd5aa52e7211426769a6b2ce6f86,390.0,400.0,0.8835470085470085,0.1420940170940171,0.8392094017094017,0.19123931623931623,0.08012820512820513,train
9116cbf4be063f5be851f65778ddfb91d60bdd5aa52e7211426769a6b2ce6f86,392.0,402.0,0.9407051282051282,0.14102564102564102,0.8563034188034188,0.1752136752136752,0.30128205128205127,train
9116cbf4be063f5be851f65778ddfb91d60bdd5aa52e7211426769a6b2ce6f86,394.0,404.0,0.14743589743589744,0.0811965811965812,0.5272435897435898,0.23824786324786323,0.035256410256410256,train
9116cbf4be063f5be851f65778ddfb91d60bdd5aa52e7211426769a6b2ce6f86,396.0,406.0,0.5993589743589743,0.06196581196581197,0.6949786324786325,0.2361111111111111,0.3814102564102564,train
9116cbf4be063f5be851f65778ddfb91d60bdd5aa52e7211426769a6b2ce6f86,398.0,408.0,0.8643162393162394,0.10256410256410256,0.3952991452991453,0.20192307692307693,0.20833333333333334,train
9116cbf4be063f5be851f65778ddfb91d60bdd5aa52e7211426769a6b2ce6f86,400.0,410.0,0.5972222222222222,0.125,0.3269230769230769,0.2724358974358974,0.3141025641025641,train
9116cbf4be063f5be851f65778ddfb91d60bdd5aa52e7211426769a6b2ce6f86,402.0,412.0,0.7248931623931624,0.2702991452991453,0.36645299145299143,0.29273504273504275,0.23824786324786323,train
9116cbf4be063f5be851f65778ddfb91d60bdd5aa52e7211426769a6b2ce6f86,404.0,414.0,0.6506410256410257,0.30982905982905984,0.4358974358974359,0.3108974358974359,0.14423076923076922,train
9116cbf4be063f5be851f65778ddfb91d60bdd5aa52e7211426769a6b2ce6f86,406.0,416.0,0.1955128205128205,0.28205128205128205,0.007478632478632479,0.3344017094017094,0.09722222222222222,train
9116cbf4be063f5be851f65778ddfb91d60bdd5aa52e7211426769a6b2ce6f86,408.0,418.0,0.593482905982906,0.3557692307692308,0.7783119658119658,0.3611111111111111,0.13034188034188035,train
9116cbf4be063f5be851f65778ddfb91d60bdd5aa52e7211426769a6b2ce6f86,410.0,420.0,0.3787393162393162,0.3696581196581197,0.33974358974358976,0.37286324786324787,0.2799145299145299,train
9116cbf4be063f5be851f65778ddfb91d60bdd5aa52e7211426769a6b2ce6f86,412.0,422.0,0.5523504273504274,0.36752136752136755,0.2670940170940171,0.375,0.1987179487179487,train
9116cbf4be063f5be851f65778ddfb91d60bdd5aa52e7211426769a6b2ce6f86,414.0,424.0,0.38995726495726496,0.3717948717948718,0.30502136752136755,0.3814102564102564,0.33760683760683763,train
9116cbf4be063f5be851f65778ddfb91d60bdd5aa52e7211426769a6b2ce6f86,416.0,426.0,0.17841880341880342,0.3814102564102564,0.3157051282051282,0.39636752136752135,0.4284188034188034,train
9116cbf4be063f5be851f65778ddfb91d60bdd5aa52e7211426769a6b2ce6f86,418.0,428.0,0.0438034188034188,0.3952991452991453,0.18055555555555555,0.4017094017094017,0.4326923076923077,train
9116cbf4be063f5be851f65778ddfb91d60bdd5aa52e7211426769a6b2ce6f86,420.0,430.0,0.35683760683760685,0.44871794871794873,0.5486111111111112,0.46794871794871795,0.4391025641025641,train
9116cbf4be063f5be851f65778ddfb91d60bdd5aa52e7211426769a6b2ce6f86,422.0,432.0,0.20085470085470086,0.6955128205128205,0.4268162393162393,0.7884615384615384,0.46260683760683763,train
9116cbf4be063f5be851f65778ddfb91d60bdd5aa52e7211426769a6b2ce6f86,424.0,434.0,0.1987179487179487,0.6901709401709402,0.4230769230769231,0.7831196581196581,0.46047008547008544,train
9116cbf4be063f5be851f65778ddfb91d60bdd5aa52e7211426769a6b2ce6f86,426.0,436.0,0.19764957264957264,0.6912393162393162,0.4166666666666667,0.7863247863247863,0.45726495726495725,train
9116cbf4be063f5be851f65778ddfb91d60bdd5aa52e7211426769a6b2ce6f86,428.0,438.0,0.19444444444444445,0.6933760683760684,0.4049145299145299,0.7916666666666666,0.4519230769230769,train
9116cbf4be063f5be851f65778ddfb91d60bdd5aa52e7211426769a6b2ce6f86,430.0,440.0,0.19658119658119658,0.686965811965812,0.38354700854700857,0.7873931623931624,0.44871794871794873,train
9116cbf4be063f5be851f65778ddfb91d60bdd5aa52e7211426769a6b2ce6f86,432.0,442.0,0.3418803418803419,0.5299145299145299,0.19444444444444445,0.48717948717948717,0.41346153846153844,train
9116cbf4be063f5be851f65778ddfb91d60bdd5aa52e7211426769a6b2ce6f86,434.0,444.0,0.5395299145299145,0.3685897435897436,0.5219017094017094,0.344017094017094,0.06837606837606838,train
9116cbf4be063f5be851f65778ddfb91d60bdd5aa52e7211426769a6b2ce6f86,436.0,446.0,0.6474358974358975,0.36324786324786323,0.6725427350427351,0.34294871794871795,0.021367521367521368,train
9116cbf4be063f5be851f65778ddfb91d60bdd5aa52e7211426769a6b2ce6f86,438.0,448.0,0.5854700854700855,0.35683760683760685,0.7457264957264957,0.3408119658119658,0.007478632478632479,train
9116cbf4be063f5be851f65778ddfb91d60bdd5aa52e7211426769a6b2ce6f86,440.0,450.0,0.5128205128205128,0.3418803418803419,0.7660256410256411,0.33226495726495725,0.002136752136752137,train
9116cbf4be063f5be851f65778ddfb91d60bdd5aa52e7211426769a6b2ce6f86,442.0,452.0,0.5277777777777778,0.34294871794871795,0.8066239316239316,0.3333333333333333,0.005341880341880342,train
9116cbf4be063f5be851f65778ddfb91d60bdd5aa52e7211426769a6b2ce6f86,444.0,454.0,0.5224358974358975,0.3525641025641026,0.8541666666666666,0.35683760683760685,0.11324786324786325,train
9116cbf4be063f5be851f65778ddfb91d60bdd5aa52e7211426769a6b2ce6f86,446.0,456.0,0.4583333333333333,0.37286324786324787,0.4188034188034188,0.36004273504273504,0.2532051282051282,train
973ef84ffaa4e83d002ed655331eb305b340c0f3f25b57795f97a151bcc3490b,0.0,10.0,0.5438034188034188,0.3611111111111111,0.2777777777777778,0.35363247863247865,0.08333333333333333,validation
973ef84ffaa4e83d002ed655331eb305b340c0f3f25b57795f97a151bcc3490b,2.0,12.0,0.7377136752136753,0.37072649572649574,0.3579059829059829,0.3547008547008547,0.05448717948717949,validation
b185f43818b8ff3aba325752922bbbf37fd094f1e282887487651e0a5c8f6c7a,0.0,10.0,0.018162393162393164,0.5662393162393162,0.7088675213675214,0.561965811965812,0.9626068376068376,validation
b185f43818b8ff3aba325752922bbbf37fd094f1e282887487651e0a5c8f6c7a,2.0,12.0,0.017094017094017096,0.5608974358974359,0.43696581196581197,0.5544871794871795,0.967948717948718,validation
b185f43818b8ff3aba325752922bbbf37fd094f1e282887487651e0a5c8f6c7a,4.0,14.0,0.024572649572649572,0.5555555555555556,0.22542735042735043,0.5470085470085471,0.9027777777777778,validation
b185f43818b8ff3aba325752922bbbf37fd094f1e282887487651e0a5c8f6c7a,6.0,16.0,0.026709401709401708,0.5651709401709402,0.10042735042735043,0.5534188034188035,0.7094017094017094,validation
b185f43818b8ff3aba325752922bbbf37fd094f1e282887487651e0a5c8f6c7a,8.0,18.0,0.008547008547008548,0.5683760683760684,0.18215811965811965,0.5576923076923077,0.5961538461538461,validation
b185f43818b8ff3aba325752922bbbf37fd094f1e282887487651e0a5c8f6c7a,10.0,20.0,0.005341880341880342,0.5534188034188035,0.25961538461538464,0.5438034188034188,0.6068376068376068,validation
b185f43818b8ff3aba325752922bbbf37fd094f1e282887487651e0a5c8f6c7a,12.0,22.0,0.16826923076923078,0.375,0.9385683760683761,0.38675213675213677,0.27350427350427353,validation
b185f43818b8ff3aba325752922bbbf37fd094f1e282887487651e0a5c8f6c7a,14.0,24.0,0.28205128205128205,0.24252136752136752,0.8376068376068376,0.32371794871794873,0.07051282051282051,validation
b185f43818b8ff3aba325752922bbbf37fd094f1e282887487651e0a5c8f6c7a,16.0,26.0,0.7126068376068376,0.18803418803418803,0.452991452991453,0.2670940170940171,0.10363247863247864,validation
b185f43818b8ff3aba325752922bbbf37fd094f1e282887487651e0a5c8f6c7a,18.0,28.0,0.7419871794871795,0.0673076923076923,0.3466880341880342,0.2297008547008547,0.16346153846153846,validation
b185f43818b8ff3aba325752922bbbf37fd094f1e282887487651e0a5c8f6c7a,20.0,30.0,0.7638888888888888,0.03311965811965812,0.08440170940170941,0.11965811965811966,0.19123931623931623,validation
b185f43818b8ff3aba325752922bbbf37fd094f1e282887487651e0a5c8f6c7a,22.0,32.0,0.4775641025641026,0.004273504273504274,0.00641025641025641,0.07051282051282051,0.38995726495726496,validation
b185f43818b8ff3aba325752922bbbf37fd094f1e282887487651e0a5c8f6c7a,24.0,34.0,0.4011752136752137,0.002136752136752137,0.4204059829059829,0.014957264957264958,0.049145299145299144,validation
b185f43818b8ff3aba325752922bbbf37fd094f1e282887487651e0a5c8f6c7a,26.0,36.0,0.8189102564102564,0.008547008547008548,0.6479700854700855,0.050213675213675216,0.3173076923076923,validation
b185f43818b8ff3aba325752922bbbf37fd094f1e282887487651e0a5c8f6c7a,28.0,38.0,0.6741452991452992,0.005341880341880342,0.6768162393162394,0.05235042735042735,0.18269230769230768,validation
b185f43818b8ff3aba325752922bbbf37fd094f1e282887487651e0a5c8f6c7a,30.0,40.0,0.5651709401709402,0.04487179487179487,0.6501068376068376,0.045940170940170943,0.33547008547008544,validation
b185f43818b8ff3aba325752922bbbf37fd094f1e282887487651e0a5c8f6c7a,32.0,42.0,0.3696581196581197,0.02564102564102564,0.7238247863247863,0.03311965811965812,0.13247863247863248,validation
b185f43818b8ff3aba325752922bbbf37fd094f1e282887487651e0a5c8f6c7a,34.0,44.0,0.4519230769230769,0.029914529914529916,0.3466880341880342,0.12286324786324786,0.3055555555555556,validation
b185f43818b8ff3aba325752922bbbf37fd094f1e282887487651e0a5c8f6c7a,36.0,46.0,0.12126068376068376,0.003205128205128205,0.38621794871794873,0.06837606837606838,0.1047008547008547,validation
b185f43818b8ff3aba325752922bbbf37fd094f1e282887487651e0a5c8f6c7a,38.0,48.0,0.6447649572649573,0.019230769230769232,0.3605769230769231,0.0673076923076923,0.39850427350427353,validation
b185f43818b8ff3aba325752922bbbf37fd094f1e282887487651e0a5c8f6c7a,40.0,50.0,0.5982905982905983,0.04807692307692308,0.3194444444444444,0.07799145299145299,0.3557692307692308,validation
b185f43818b8ff3aba325752922bbbf37fd094f1e282887487651e0a5c8f6c7a,42.0,52.0,0.9791666666666666,0.08653846153846154,0.38461538461538464,0.11538461538461539,0.07905982905982906,validation
b185f43818b8ff3aba325752922bbbf37fd094f1e282887487651e0a5c8f6c7a,44.0,54.0,0.8044871794871795,0.056623931623931624,0.6885683760683761,0.10897435897435898,0.32371794871794873,validation
b185f43818b8ff3aba325752922bbbf37fd094f1e282887487651e0a5c8f6c7a,46.0,56.0,0.8723290598290598,0.12927350427350429,0.4465811965811966,0.1388888888888889,0.2938034188034188,validation
b185f43818b8ff3aba325752922bbbf37fd094f1e282887487651e0a5c8f6c7a,48.0,58.0,0.33386752136752135,0.05448717948717949,0.6639957264957265,0.08974358974358974,0.28846153846153844,validation
b185f43818b8ff3aba325752922bbbf37fd094f1e282887487651e0a5c8f6c7a,50.0,60.0,0.05448717948717949,0.16346153846153846,0.4107905982905983,0.14316239316239315,0.08440170940170941,validation
b185f43818b8ff3aba325752922bbbf37fd094f1e282887487651e0a5c8f6c7a,52.0,62.0,0.10363247863247864,0.07585470085470085,0.7104700854700855,0.13034188034188035,0.13141025641025642,validation
b185f43818b8ff3aba325752922bbbf37fd094f1e282887487651e0a5c8f6c7a,54.0,64.0,0.6303418803418803,0.1485042735042735,0.2377136752136752,0.09188034188034189,0.37606837606837606,validation
b185f43818b8ff3aba325752922bbbf37fd094f1e282887487651e0a5c8f6c7a,56.0,66.0,0.8028846153846154,0.0876068376068376,0.1907051282051282,0.1452991452991453,0.042735042735042736,validation
b185f43818b8ff3aba325752922bbbf37fd094f1e282887487651e0a5c8f6c7a,58.0,68.0,0.7297008547008547,0.12286324786324786,0.22435897435897437,0.13782051282051283,0.4049145299145299,validation
b185f43818b8ff3aba325752922bbbf37fd094f1e282887487651e0a5c8f6c7a,60.0,70.0,0.12126068376068376,0.14316239316239315,0.20833333333333334,0.125,0.12179487179487179,validation
b185f43818b8ff3aba325752922bbbf37fd094f1e282887487651e0a5c8f6c7a,62.0,72.0,0.2553418803418803,0.12606837606837606,0.1987179487179487,0.10256410256410256,0.1997863247863248,validation
b185f43818b8ff3aba325752922bbbf37fd094f1e282887487651e0a5c8f6c7a,64.0,74.0,0.266025641025641,0.057692307692307696,0.1014957264957265,0.06623931623931624,0.20085470085470086,validation
b185f43818b8ff3aba325752922bbbf37fd094f1e282887487651e0a5c8f6c7a,66.0,76.0,0.7008547008547008,0.11431623931623931,0.14957264957264957,0.05555555555555555,0.37286324786324787,validation
b185f43818b8ff3aba325752922bbbf37fd094f1e282887487651e0a5c8f6c7a,68.0,78.0,0.8990384615384616,0.0202991452991453,0.5977564102564102,0.0405982905982906,0.009615384615384616,validation
b185f43818b8ff3aba325752922bbbf37fd094f1e282887487651e0a5c8f6c7a,70.0,80.0,0.8418803418803419,0.04700854700854701,0.11538461538461539,0.049145299145299144,0.1111111111111111,validation
b185f43818b8ff3aba325752922bbbf37fd094f1e282887487651e0a5c8f6c7a,72.0,82.0,0.08547008547008547,0.027777777777777776,0.5806623931623932,0.04487179487179487,0.030982905982905984,validation
b185f43818b8ff3aba325752922bbbf37fd094f1e282887487651e0a5c8f6c7a,74.0,84.0,0.8370726495726496,0.050213675213675216,0.5368589743589743,0.14102564102564102,0.3215811965811966,validation
b185f43818b8ff3aba325752922bbbf37fd094f1e282887487651e0a5c8f6c7a,76.0,86.0,0.7264957264957265,0.028846153846153848,0.8563034188034188,0.11645299145299146,0.12713675213675213,validation
b185f43818b8ff3aba325752922bbbf37fd094f1e282887487651e0a5c8f6c7a,78.0,88.0,0.9407051282051282,0.021367521367521368,0.8034188034188035,0.09935897435897435,0.16132478632478633,validation
b185f43818b8ff3aba325752922bbbf37fd094f1e282887487651e0a5c8f6c7a,80.0,90.0,0.5117521367521367,0.013888888888888888,0.358974358974359,0.13568376068376067,0.19764957264957264,validation
b185f43818b8ff3aba325752922bbbf37fd094f1e282887487651e0a5c8f6c7a,82.0,92.0,0.19337606837606838,0.03418803418803419,0.8050213675213675,0.17414529914529914,0.21047008547008547,validation
b185f43818b8ff3aba325752922bbbf37fd094f1e282887487651e0a5c8f6c7a,84.0,94.0,0.8263888888888888,0.05876068376068376,0.6522435897435898,0.14636752136752137,0.17841880341880342,validation
b185f43818b8ff3aba325752922bbbf37fd094f1e282887487651e0a5c8f6c7a,86.0,96.0,0.5726495726495726,0.05555555555555555,0.1997863247863248,0.18482905982905984,0.3803418803418803,validation
b185f43818b8ff3aba325752922bbbf37fd094f1e282887487651e0a5c8f6c7a,88.0,98.0,0.5416666666666666,0.19658119658119658,0.49572649572649574,0.28739316239316237,0.266025641025641,validation
b185f43818b8ff3aba325752922bbbf37fd094f1e282887487651e0a5c8f6c7a,90.0,100.0,0.4423076923076923,0.28952991452991456,0.7136752136752137,0.3034188034188034,0.11538461538461539,validation
b185f43818b8ff3aba325752922bbbf37fd094f1e282887487651e0a5c8f6c7a,92.0,102.0,0.14262820512820512,0.2831196581196581,0.10309829059829059,0.3247863247863248,0.07692307692307693,validation
b185f43818b8ff3aba325752922bbbf37fd094f1e282887487651e0a5c8f6c7a,94.0,104.0,0.004273504273504274,0.3482905982905983,0.24358974358974358,0.3579059829059829,0.10897435897435898,validation
b185f43818b8ff3aba325752922bbbf37fd094f1e282887487651e0a5c8f6c7a,96.0,106.0,0.3787393162393162,0.4091880341880342,0.7879273504273504,0.3952991452991453,0.31517094017094016,validation
b185f43818b8ff3aba325752922bbbf37fd094f1e282887487651e0a5c8f6c7a,98.0,108.0,0.6858974358974359,0.4230769230769231,0.9161324786324786,0.41452991452991456,0.22115384615384615,validation
b185f43818b8ff3aba325752922bbbf37fd094f1e282887487651e0a5c8f6c7a,100.0,110.0,0.7361111111111112,0.4166666666666667,0.8862179487179487,0.41239316239316237,0.26816239316239315,validation
b185f43818b8ff3aba325752922bbbf37fd094f1e282887487651e0a5c8f6c7a,102.0,112.0,0.8707264957264957,0.38782051282051283,0.3034188034188034,0.40064102564102566,0.37072649572649574,validation
b185f43818b8ff3aba325752922bbbf37fd094f1e282887487651e0a5c8f6c7a,104.0,114.0,0.1875,0.38354700854700857,0.29594017094017094,0.3995726495726496,0.4423076923076923,validation
b185f43818b8ff3aba325752922bbbf37fd094f1e282887487651e0a5c8f6c7a,106.0,116.0,0.0010683760683760685,0.38461538461538464,0.5138888888888888,0.3974358974358974,0.44551282051282054,validation
b185f43818b8ff3aba325752922bbbf37fd094f1e282887487651e0a5c8f6c7a,108.0,118.0,0.010683760683760684,0.38675213675213677,0.5721153846153846,0.39850427350427353,0.4444444444444444,validation
b185f43818b8ff3aba325752922bbbf37fd094f1e282887487651e0a5c8f6c7a,110.0,120.0,0.022435897435897436,0.4049145299145299,0.4342948717948718,0.4049145299145299,0.4658119658119658,validation
b185f43818b8ff3aba325752922bbbf37fd094f1e282887487651e0a5c8f6c7a,112.0,122.0,0.2297008547008547,0.42094017094017094,0.042735042735042736,0.41773504273504275,0.4807692307692308,validation
b185f43818b8ff3aba325752922bbbf37fd094f1e282887487651e0a5c8f6c7a,114.0,124.0,0.6826923076923077,0.4412393162393162,0.561965811965812,0.4519230769230769,0.4198717948717949,validation
b439fc5983a3a0db22239d5dcf8cbebf9104a8b71a93c2afd75e75fe87301e46,0.0,10.0,0.3002136752136752,0.5523504273504274,0.4642094017094017,0.5363247863247863,0.5117521367521367,validation
bace0e92b25324e8afbd0e5f6698b01a921780a2385e02419965fa97e3e796c4,0.0,10.0,0.5256410256410257,0.8547008547008547,0.4668803418803419,0.8450854700854701,0.6324786324786325,test
bace0e92b25324e8afbd0e5f6698b01a921780a2385e02419965fa97e3e796c4,2.0,12.0,0.452991452991453,0.7702991452991453,0.8766025641025641,0.7414529914529915,0.5993589743589743,test
bace0e92b25324e8afbd0e5f6698b01a921780a2385e02419965fa97e3e796c4,4.0,14.0,0.5918803418803419,0.6805555555555556,0.9305555555555556,0.6655982905982906,0.594017094017094,test
bace0e92b25324e8afbd0e5f6698b01a921780a2385e02419965fa97e3e796c4,6.0,16.0,0.39850427350427353,0.6356837606837606,0.8643162393162394,0.6207264957264957,0.5758547008547008,test
bace0e92b25324e8afbd0e5f6698b01a921780a2385e02419965fa97e3e796c4,8.0,18.0,0.45405982905982906,0.6378205128205128,0.8696581196581197,0.6111111111111112,0.5854700854700855,test
bace0e92b25324e8afbd0e5f6698b01a921780a2385e02419965fa97e3e796c4,10.0,20.0,0.5833333333333334,0.6068376068376068,0.8418803418803419,0.5854700854700855,0.5865384615384616,test
bace0e92b25324e8afbd0e5f6698b01a921780a2385e02419965fa97e3e796c4,12.0,22.0,0.5213675213675214,0.6217948717948718,0.9118589743589743,0.6014957264957265,0.5747863247863247,test
bace0e92b25324e8afbd0e5f6698b01a921780a2385e02419965fa97e3e796c4,14.0,24.0,0.8402777777777778,0.6538461538461539,0.8963675213675214,0.6388888888888888,0.5715811965811965,test
bace0e92b25324e8afbd0e5f6698b01a921780a2385e02419965fa97e3e796c4,16.0,26.0,0.9834401709401709,0.6698717948717948,0.9631410256410257,0.6581196581196581,0.5811965811965812,test
bace0e92b25324e8afbd0e5f6698b01a921780a2385e02419965fa97e3e796c4,18.0,28.0,0.9193376068376068,0.6634615384615384,0.9599358974358975,0.6549145299145299,0.6260683760683761,test
bace0e92b25324e8afbd0e5f6698b01a921780a2385e02419965fa97e3e796c4,20.0,30.0,0.9172008547008547,0.6826923076923077,0.8974358974358975,0.6677350427350427,0.6688034188034188,test
bace0e92b25324e8afbd0e5f6698b01a921780a2385e02419965fa97e3e796c4,22.0,32.0,0.5560897435897436,0.6858974358974359,0.844551282051282,0.6773504273504274,0.7916666666666666,test
bace0e92b25324e8afbd0e5f6698b01a921780a2385e02419965fa97e3e796c4,24.0,34.0,0.24145299145299146,0.7126068376068376,0.405982905982906,0.7029914529914529,0.8504273504273504,test
bace0e92b25324e8afbd0e5f6698b01a921780a2385e02419965fa97e3e796c4,26.0,36.0,0.37553418803418803,0.7435897435897436,0.6292735042735043,0.7361111111111112,0.9038461538461539,test
bace0e92b25324e8afbd0e5f6698b01a921780a2385e02419965fa97e3e796c4,28.0,38.0,0.4027777777777778,0.7916666666666666,0.5844017094017094,0.8055555555555556,0.8931623931623932,test
bace0e92b25324e8afbd0e5f6698b01a921780a2385e02419965fa97e3e796c4,30.0,40.0,0.4594017094017094,0.7895299145299145,0.5566239316239316,0.7948717948717948,0.9081196581196581,test
bace0e92b25324e8afbd0e5f6698b01a921780a2385e02419965fa97e3e796c4,32.0,42.0,0.47596153846153844,0.8034188034188035,0.16346153846153846,0.8012820512820513,0.8653846153846154,test
bace0e92b25324e8afbd0e5f6698b01a921780a2385e02419965fa97e3e796c4,34.0,44.0,0.48878205128205127,0.8279914529914529,0.5165598290598291,0.8215811965811965,0.75,test
bace0e92b25324e8afbd0e5f6698b01a921780a2385e02419965fa97e3e796c4,36.0,46.0,0.4182692307692308,0.8162393162393162,0.5192307692307693,0.811965811965812,0.6944444444444444,test
bace0e92b25324e8afbd0e5f6698b01a921780a2385e02419965fa97e3e796c4,38.0,48.0,0.6271367521367521,0.8055555555555556,0.7692307692307693,0.7895299145299145,0.6666666666666666,test
bace0e92b25324e8afbd0e5f6698b01a921780a2385e02419965fa97e3e796c4,40.0,50.0,0.7783119658119658,0.7884615384615384,0.8766025641025641,0.7777777777777778,0.6752136752136753,test
bace0e92b25324e8afbd0e5f6698b01a921780a2385e02419965fa97e3e796c4,42.0,52.0,0.5897435897435898,0.7457264957264957,0.8472222222222222,0.7467948717948718,0.6581196581196581,test
bace0e92b25324e8afbd0e5f6698b01a921780a2385e02419965fa97e3e796c4,44.0,54.0,0.8108974358974359,0.7425213675213675,0.9043803418803419,0.7222222222222222,0.6741452991452992,test
bace0e92b25324e8afbd0e5f6698b01a921780a2385e02419965fa97e3e796c4,46.0,56.0,0.9172008547008547,0.7051282051282052,0.9091880341880342,0.7008547008547008,0.6655982905982906,test
bace0e92b25324e8afbd0e5f6698b01a921780a2385e02419965fa97e3e796c4,48.0,58.0,0.9038461538461539,0.6848290598290598,0.9342948717948718,0.6805555555555556,0.6431623931623932,test
bace0e92b25324e8afbd0e5f6698b01a921780a2385e02419965fa97e3e796c4,50.0,60.0,0.9556623931623932,0.6741452991452992,0.9225427350427351,0.6645299145299145,0.625,test
bace0e92b25324e8afbd0e5f6698b01a921780a2385e02419965fa97e3e796c4,52.0,62.0,0.8621794871794872,0.6623931623931624,0.9081196581196581,0.657051282051282,0.6153846153846154,test
bace0e92b25324e8afbd0e5f6698b01a921780a2385e02419965fa97e3e796c4,54.0,64.0,0.9855769230769231,0.6581196581196581,0.9428418803418803,0.6495726495726496,0.5886752136752137,test
bace0e92b25324e8afbd0e5f6698b01a921780a2385e02419965fa97e3e796c4,56.0,66.0,0.905982905982906,0.6517094017094017,0.8365384615384616,0.6517094017094017,0.5908119658119658,test
bace0e92b25324e8afbd0e5f6698b01a921780a2385e02419965fa97e3e796c4,58.0,68.0,0.9193376068376068,0.6474358974358975,0.6217948717948718,0.6367521367521367,0.592948717948718,test
bace0e92b25324e8afbd0e5f6698b01a921780a2385e02419965fa97e3e796c4,60.0,70.0,0.8920940170940171,0.6282051282051282,0.9006410256410257,0.6196581196581197,0.5801282051282052,test
bace0e92b25324e8afbd0e5f6698b01a921780a2385e02419965fa97e3e796c4,62.0,72.0,0.9449786324786325,0.6527777777777778,0.5956196581196581,0.6378205128205128,0.5694444444444444,test
bace0e92b25324e8afbd0e5f6698b01a921780a2385e02419965fa97e3e796c4,64.0,74.0,0.844017094017094,0.6367521367521367,0.6378205128205128,0.6239316239316239,0.5705128205128205,test
bace0e92b25324e8afbd0e5f6698b01a921780a2385e02419965fa97e3e796c4,66.0,76.0,0.9556623931623932,0.6207264957264957,0.9118589743589743,0.6132478632478633,0.5598290598290598,test
bace0e92b25324e8afbd0e5f6698b01a921780a2385e02419965fa97e3e796c4,68.0,78.0,0.8402777777777778,0.6271367521367521,0.9017094017094017,0.6153846153846154,0.5534188034188035,test
bace0e92b25324e8afbd0e5f6698b01a921780a2385e02419965fa97e3e796c4,70.0,80.0,0.9855769230769231,0.6452991452991453,0.9198717948717948,0.6314102564102564,0.5448717948717948,test
bace0e92b25324e8afbd0e5f6698b01a921780a2385e02419965fa97e3e796c4,72.0,82.0,0.9428418803418803,0.6346153846153846,0.9583333333333334,0.6271367521367521,0.5491452991452992,test
bace0e92b25324e8afbd0e5f6698b01a921780a2385e02419965fa97e3e796c4,74.0,84.0,0.9834401709401709,0.6495726495726496,0.9631410256410257,0.6335470085470085,0.5502136752136753,test
bace0e92b25324e8afbd0e5f6698b01a921780a2385e02419965fa97e3e796c4,76.0,86.0,0.9594017094017094,0.6399572649572649,0.9647435897435898,0.6324786324786325,0.5459401709401709,test
bace0e92b25324e8afbd0e5f6698b01a921780a2385e02419965fa97e3e796c4,78.0,88.0,0.999465811965812,0.6442307692307693,0.9845085470085471,0.6282051282051282,0.5470085470085471,test
bace0e92b25324e8afbd0e5f6698b01a921780a2385e02419965fa97e3e796c4,80.0,90.0,0.9268162393162394,0.6335470085470085,0.9599358974358975,0.6260683760683761,0.5576923076923077,test
bace0e92b25324e8afbd0e5f6698b01a921780a2385e02419965fa97e3e796c4,82.0,92.0,0.8824786324786325,0.655982905982906,0.9428418803418803,0.6410256410256411,0.5555555555555556,test
bace0e92b25324e8afbd0e5f6698b01a921780a2385e02419965fa97e3e796c4,84.0,94.0,0.9449786324786325,0.6506410256410257,0.9225427350427351,0.6420940170940171,0.5480769230769231,test
bace0e92b25324e8afbd0e5f6698b01a921780a2385e02419965fa97e3e796c4,86.0,96.0,0.719017094017094,0.6613247863247863,0.9134615384615384,0.6506410256410257,0.5566239316239316,test
bace0e92b25324e8afbd0e5f6698b01a921780a2385e02419965fa97e3e796c4,88.0,98.0,0.8141025641025641,0.657051282051282,0.9209401709401709,0.6452991452991453,0.5587606837606838,test
bace0e92b25324e8afbd0e5f6698b01a921780a2385e02419965fa97e3e796c4,90.0,100.0,0.907051282051282,0.6591880341880342,0.9342948717948718,0.6474358974358975,0.5438034188034188,test
bace0e92b25324e8afbd0e5f6698b01a921780a2385e02419965fa97e3e796c4,92.0,102.0,0.9428418803418803,0.6303418803418803,0.8707264957264957,0.6121794871794872,0.5384615384615384,test
bace0e92b25324e8afbd0e5f6698b01a921780a2385e02419965fa97e3e796c4,94.0,104.0,0.9081196581196581,0.6239316239316239,0.9845085470085471,0.6164529914529915,0.5395299145299145,test
bace0e92b25324e8afbd0e5f6698b01a921780a2385e02419965fa97e3e796c4,96.0,106.0,0.8814102564102564,0.6196581196581197,0.9540598290598291,0.6143162393162394,0.5427350427350427,test
bace0e92b25324e8afbd0e5f6698b01a921780a2385e02419965fa97e3e796c4,98.0,108.0,0.999465811965812,0.6420940170940171,0.9465811965811965,0.6303418803418803,0.5608974358974359,test
bace0e92b25324e8afbd0e5f6698b01a921780a2385e02419965fa97e3e796c4,100.0,110.0,0.9268162393162394,0.6602564102564102,0.9188034188034188,0.6463675213675214,0.6196581196581197,test
bace0e92b25324e8afbd0e5f6698b01a921780a2385e02419965fa97e3e796c4,102.0,112.0,0.7783119658119658,0.6816239316239316,0.9043803418803419,0.6698717948717948,0.6517094017094017,test
bace0e92b25324e8afbd0e5f6698b01a921780a2385e02419965fa97e3e796c4,104.0,114.0,0.44871794871794873,0.6987179487179487,0.7393162393162394,0.6976495726495726,0.7457264957264957,test
bace0e92b25324e8afbd0e5f6698b01a921780a2385e02419965fa97e3e796c4,106.0,116.0,0.4081196581196581,0.6709401709401709,0.25427350427350426,0.6688034188034188,0.6933760683760684,test
bace0e92b25324e8afbd0e5f6698b01a921780a2385e02419965fa97e3e796c4,108.0,118.0,0.21047008547008547,0.6004273504273504,0.25,0.6431623931623932,0.7350427350427351,test
bace0e92b25324e8afbd0e5f6698b01a921780a2385e02419965fa97e3e796c4,110.0,120.0,0.29273504273504275,0.5801282051282052,0.050213675213675216,0.5822649572649573,0.7414529914529915,test
bace0e92b25324e8afbd0e5f6698b01a921780a2385e02419965fa97e3e796c4,112.0,122.0,0.27884615384615385,0.5779914529914529,0.053418803418803416,0.5801282051282052,0.7542735042735043,test
bace0e92b25324e8afbd0e5f6698b01a921780a2385e02419965fa97e3e796c4,114.0,124.0,0.3157051282051282,0.5790598290598291,0.018162393162393164,0.5715811965811965,0.6805555555555556,test
bace0e92b25324e8afbd0e5f6698b01a921780a2385e02419965fa97e3e796c4,116.0,126.0,0.2622863247863248,0.6463675213675214,0.18856837606837606,0.6175213675213675,0.5822649572649573,test
bace0e92b25324e8afbd0e5f6698b01a921780a2385e02419965fa97e3e796c4,118.0,128.0,0.5641025641025641,0.6645299145299145,0.03632478632478633,0.6623931623931624,0.6271367521367521,test
bace0e92b25324e8afbd0e5f6698b01a921780a2385e02419965fa97e3e796c4,120.0,130.0,0.4182692307692308,0.7104700854700855,0.7756410256410257,0.6955128205128205,0.6314102564102564,test
bace0e92b25324e8afbd0e5f6698b01a921780a2385e02419965fa97e3e796c4,122.0,132.0,0.41346153846153844,0.7222222222222222,0.6987179487179487,0.7051282051282052,0.6335470085470085,test
bace0e92b25324e8afbd0e5f6698b01a921780a2385e02419965fa97e3e796c4,124.0,134.0,0.4658119658119658,0.7393162393162394,0.7948717948717948,0.719017094017094,0.6506410256410257,test
bace0e92b25324e8afbd0e5f6698b01a921780a2385e02419965fa97e3e796c4,126.0,136.0,0.48878205128205127,0.7660256410256411,0.8327991452991453,0.7638888888888888,0.6858974358974359,test
bace0e92b25324e8afbd0e5f6698b01a921780a2385e02419965fa97e3e796c4,128.0,138.0,0.3717948717948718,0.5373931623931624,0.15918803418803418,0.5341880341880342,0.5352564102564102,test
bace0e92b25324e8afbd0e5f6698b01a921780a2385e02419965fa97e3e796c4,130.0,140.0,0.36752136752136755,0.5395299145299145,0.11004273504273504,0.5395299145299145,0.5641025641025641,test
bace0e92b25324e8afbd0e5f6698b01a921780a2385e02419965fa97e3e796c4,132.0,142.0,0.5560897435897436,0.5405982905982906,0.09401709401709402,0.5416666666666666,0.5651709401709402,test
bace0e92b25324e8afbd0e5f6698b01a921780a2385e02419965fa97e3e796c4,134.0,144.0,0.06517094017094018,0.469017094017094,0.842948717948718,0.46260683760683763,0.45085470085470086,test
bace0e92b25324e8afbd0e5f6698b01a921780a2385e02419965fa97e3e796c4,136.0,146.0,0.07478632478632478,0.3504273504273504,0.8525641025641025,0.37072649572649574,0.25,test
bace0e92b25324e8afbd0e5f6698b01a921780a2385e02419965fa97e3e796c4,138.0,148.0,0.09081196581196581,0.33653846153846156,0.4091880341880342,0.3557692307692308,0.2831196581196581,test
bace0e92b25324e8afbd0e5f6698b01a921780a2385e02419965fa97e3e796c4,140.0,150.0,0.7398504273504274,0.2670940170940171,0.060897435897435896,0.3269230769230769,0.09935897435897435,test
bace0e92b25324e8afbd0e5f6698b01a921780a2385e02419965fa97e3e796c4,142.0,152.0,0.7868589743589743,0.25213675213675213,0.09081196581196581,0.29914529914529914,0.21367521367521367,test
bace0e92b25324e8afbd0e5f6698b01a921780a2385e02419965fa97e3e796c4,144.0,154.0,0.5683760683760684,0.11752136752136752,0.18536324786324787,0.19764957264957264,0.29273504273504275,test
bace0e92b25324e8afbd0e5f6698b01a921780a2385e02419965fa97e3e796c4,146.0,156.0,0.3995726495726496,0.03205128205128205,0.45085470085470086,0.15598290598290598,0.33226495726495725,test
bace0e92b25324e8afbd0e5f6698b01a921780a2385e02419965fa97e3e796c4,148.0,158.0,0.24412393162393162,0.042735042735042736,0.3002136752136752,0.10363247863247864,0.023504273504273504,test
bace0e92b25324e8afbd0e5f6698b01a921780a2385e02419965fa97e3e796c4,150.0,160.0,0.7911324786324786,0.022435897435897436,0.4204059829059829,0.0811965811965812,0.38354700854700857,test
bace0e92b25324e8afbd0e5f6698b01a921780a2385e02419965fa97e3e796c4,152.0,162.0,0.8472222222222222,0.018162393162393164,0.6479700854700855,0.12927350427350429,0.2767094017094017,test
bace0e92b25324e8afbd0e5f6698b01a921780a2385e02419965fa97e3e796c4,154.0,164.0,0.9097222222222222,0.1452991452991453,0.35149572649572647,0.21581196581196582,0.41239316239316237,test
bace0e92b25324e8afbd0e5f6698b01a921780a2385e02419965fa97e3e796c4,156.0,166.0,0.875534188034188,0.2467948717948718,0.3482905982905983,0.18803418803418803,0.3579059829059829,test
bace0e92b25324e8afbd0e5f6698b01a921780a2385e02419965fa97e3e796c4,158.0,168.0,0.2329059829059829,0.15598290598290598,0.17735042735042736,0.20833333333333334,0.18376068376068377,test
bace0e92b25324e8afbd0e5f6698b01a921780a2385e02419965fa97e3e796c4,160.0,170.0,0.4305555555555556,0.1346153846153846,0.2377136752136752,0.2532051282051282,0.32264957264957267,test
bace0e92b25324e8afbd0e5f6698b01a921780a2385e02419965fa97e3e796c4,162.0,172.0,0.4738247863247863,0.18269230769230768,0.3087606837606838,0.23504273504273504,0.3076923076923077,test
bace0e92b25324e8afbd0e5f6698b01a921780a2385e02419965fa97e3e796c4,164.0,174.0,0.5454059829059829,0.14743589743589744,0.5347222222222222,0.23717948717948717,0.4188034188034188,test
bace0e92b25324e8afbd0e5f6698b01a921780a2385e02419965fa97e3e796c4,166.0,176.0,0.5908119658119658,0.28525641025641024,0.563034188034188,0.26495726495726496,0.25427350427350426,test
bace0e92b25324e8afbd0e5f6698b01a921780a2385e02419965fa97e3e796c4,168.0,178.0,0.5470085470085471,0.1858974358974359,0.5908119658119658,0.2467948717948718,0.4166666666666667,test
bace0e92b25324e8afbd0e5f6698b01a921780a2385e02419965fa97e3e796c4,170.0,180.0,0.6917735042735043,0.13568376068376067,0.3504273504273504,0.19444444444444445,0.17735042735042736,test
bace0e92b25324e8afbd0e5f6698b01a921780a2385e02419965fa97e3e796c4,172.0,182.0,0.484508547008547,0.11217948717948718,0.3547008547008547,0.1623931623931624,0.358974358974359,test
bace0e92b25324e8afbd0e5f6698b01a921780a2385e02419965fa97e3e796c4,174.0,184.0,0.07318376068376069,0.11324786324786325,0.8947649572649573,0.11004273504273504,0.1485042735042735,test
bace0e92b25324e8afbd0e5f6698b01a921780a2385e02419965fa97e3e796c4,176.0,186.0,0.24412393162393162,0.17094017094017094,0.32051282051282054,0.13141025641025642,0.03311965811965812,test
bace0e92b25324e8afbd0e5f6698b01a921780a2385e02419965fa97e3e796c4,178.0,188.0,0.03952991452991453,0.1047008547008547,0.32585470085470086,0.15384615384615385,0.11431623931623931,test
bace0e92b25324e8afbd0e5f6698b01a921780a2385e02419965fa97e3e796c4,180.0,190.0,0.5170940170940171,0.26282051282051283,0.6842948717948718,0.14423076923076922,0.43162393162393164,test
bace0e92b25324e8afbd0e5f6698b01a921780a2385e02419965fa97e3e796c4,182.0,192.0,0.9305555555555556,0.20833333333333334,0.5021367521367521,0.20512820512820512,0.014957264957264958,test
bace0e92b25324e8afbd0e5f6698b01a921780a2385e02419965fa97e3e796c4,184.0,194.0,0.7868589743589743,0.2938034188034188,0.6362179487179487,0.25106837606837606,0.20405982905982906,test
bace0e92b25324e8afbd0e5f6698b01a921780a2385e02419965fa97e3e796c4,186.0,196.0,0.14476495726495728,0.3162393162393162,0.8242521367521367,0.23183760683760685,0.16773504273504272,test
bace0e92b25324e8afbd0e5f6698b01a921780a2385e02419965fa97e3e796c4,188.0,198.0,0.17574786324786323,0.32051282051282054,0.6597222222222222,0.23397435897435898,0.09188034188034189,test
bace0e92b25324e8afbd0e5f6698b01a921780a2385e02419965fa97e3e796c4,190.0,200.0,0.45032051282051283,0.31196581196581197,0.2638888888888889,0.26816239316239315,0.03418803418803419,test
bace0e92b25324e8afbd0e5f6698b01a921780a2385e02419965fa97e3e796c4,192.0,202.0,0.18269230769230768,0.3386752136752137,0.3247863247863248,0.22435897435897437,0.3418803418803419,test
bace0e92b25324e8afbd0e5f6698b01a921780a2385e02419965fa97e3e796c4,194.0,204.0,0.6875,0.22115384615384615,0.2110042735042735,0.17841880341880342,0.18696581196581197,test
bace0e92b25324e8afbd0e5f6698b01a921780a2385e02419965fa97e3e796c4,196.0,206.0,0.9385683760683761,0.2222222222222222,0.8723290598290598,0.2222222222222222,0.003205128205128205,test
bace0e92b25324e8afbd0e5f6698b01a921780a2385e02419965fa97e3e796c4,198.0,208.0,0.5160256410256411,0.22863247863247863,0.14636752136752137,0.202991452991453,0.40384615384615385,test
bace0e92b25324e8afbd0e5f6698b01a921780a2385e02419965fa97e3e796c4,200.0,210.0,0.3685897435897436,0.2264957264957265,0.32264957264957267,0.1997863247863248,0.04807692307692308,test
bace0e92b25324e8afbd0e5f6698b01a921780a2385e02419965fa97e3e796c4,202.0,212.0,0.9294871794871795,0.21794871794871795,0.5603632478632479,0.24572649572649571,0.30235042735042733,test
bace0e92b25324e8afbd0e5f6698b01a921780a2385e02419965fa97e3e796c4,204.0,214.0,0.811965811965812,0.11004273504273504,0.8189102564102564,0.24358974358974358,0.2329059829059829,test
bace0e92b25324e8afbd0e5f6698b01a921780a2385e02419965fa97e3e796c4,206.0,216.0,0.9748931623931624,0.024572649572649572,0.6095085470085471,0.15918803418803418,0.297008547008547,test
bace0e92b25324e8afbd0e5f6698b01a921780a2385e02419965fa97e3e796c4,208.0,218.0,0.5096153846153846,0.007478632478632479,0.42948717948717946,0.19337606837606838,0.3301282051282051,test
bace0e92b25324e8afbd0e5f6698b01a921780a2385e02419965fa97e3e796c4,210.0,220.0,0.16132478632478633,0.03632478632478633,0.28525641025641024,0.2329059829059829,0.16987179487179488,test
bace0e92b25324e8afbd0e5f6698b01a921780a2385e02419965fa97e3e796c4,212.0,222.0,0.6891025641025641,0.026709401709401708,0.48717948717948717,0.21901709401709402,0.172008547008547,test
bace0e92b25324e8afbd0e5f6698b01a921780a2385e02419965fa97e3e796c4,214.0,224.0,0.7248931623931624,0.07158119658119658,0.29433760683760685,0.27884615384615385,0.3685897435897436,test
bace0e92b25324e8afbd0e5f6698b01a921780a2385e02419965fa97e3e796c4,216.0,226.0,0.6613247863247863,0.3076923076923077,0.6436965811965812,0.3311965811965812,0.2094017094017094,test
bace0e92b25324e8afbd0e5f6698b01a921780a2385e02419965fa97e3e796c4,218.0,228.0,0.6351495726495726,0.33974358974358976,0.5293803418803419,0.3418803418803419,0.1282051282051282,test
bace0e92b25324e8afbd0e5f6698b01a921780a2385e02419965fa97e3e796c4,220.0,230.0,0.13034188034188035,0.34935897435897434,0.24465811965811965,0.3472222222222222,0.12286324786324786,test
bace0e92b25324e8afbd0e5f6698b01a921780a2385e02419965fa97e3e796c4,222.0,232.0,0.16987179487179488,0.358974358974359,0.09188034188034189,0.3696581196581197,0.19444444444444445,test
bace0e92b25324e8afbd0e5f6698b01a921780a2385e02419965fa97e3e796c4,224.0,234.0,0.12606837606837606,0.405982905982906,0.13675213675213677,0.3942307692307692,0.38247863247863245,test
bace0e92b25324e8afbd0e5f6698b01a921780a2385e02419965fa97e3e796c4,226.0,236.0,0.5737179487179487,0.4188034188034188,0.8349358974358975,0.4081196581196581,0.33974358974358976,test
bace0e92b25324e8afbd0e5f6698b01a921780a2385e02419965fa97e3e796c4,228.0,238.0,0.8173076923076923,0.4337606837606838,0.9161324786324786,0.4198717948717949,0.3002136752136752,test
bace0e92b25324e8afbd0e5f6698b01a921780a2385e02419965fa97e3e796c4,230.0,240.0,0.8904914529914529,0.4444444444444444,0.8504273504273504,0.42414529914529914,0.3108974358974359,test
bace0e92b25324e8afbd0e5f6698b01a921780a2385e02419965fa97e3e796c4,232.0,242.0,0.6100427350427351,0.4305555555555556,0.4855769230769231,0.42735042735042733,0.4027777777777778,test
c3c503093a73b359d513d025d9185c7ada423099650828cbd4fdba12d1d7aafc,0.0,10.0,0.21848290598290598,0.47863247863247865,0.2467948717948718,0.49786324786324787,0.563034188034188,test
c3c503093a73b359d513d025d9185c7ada423099650828cbd4fdba12d1d7aafc,2.0,12.0,0.2532051282051282,0.5267094017094017,0.34455128205128205,0.5213675213675214,0.5737179487179487,test
c3c503093a73b359d513d025d9185c7ada423099650828cbd4fdba12d1d7aafc,4.0,14.0,0.8210470085470085,0.5010683760683761,0.26282051282051283,0.5053418803418803,0.5267094017094017,test
c3c503093a73b359d513d025d9185c7ada423099650828cbd4fdba12d1d7aafc,6.0,16.0,0.5576923076923077,0.5074786324786325,0.04807692307692308,0.5074786324786325,0.49786324786324787,test
c3c503093a73b359d513d025d9185c7ada423099650828cbd4fdba12d1d7aafc,8.0,18.0,0.5806623931623932,0.5032051282051282,0.04487179487179487,0.5010683760683761,0.5032051282051282,test
c3c503093a73b359d513d025d9185c7ada423099650828cbd4fdba12d1d7aafc,10.0,20.0,0.5779914529914529,0.4775641025641026,0.07051282051282051,0.4754273504273504,0.5299145299145299,test
db4d46d3c8abd3b8d2327e52a99599c63e7bd8ed5f1b122d3047d731fc6d2684,0.0,10.0,0.3803418803418803,0.5694444444444444,0.3370726495726496,0.5555555555555556,0.7895299145299145,test
db4d46d3c8abd3b8d2327e52a99599c63e7bd8ed5f1b122d3047d731fc6d2684,2.0,12.0,0.27564102564102566,0.5972222222222222,0.24893162393162394,0.563034188034188,0.8611111111111112,test
db4d46d3c8abd3b8d2327e52a99599c63e7bd8ed5f1b122d3047d731fc6d2684,4.0,14.0,0.3076923076923077,0.5918803418803419,0.4855769230769231,0.5811965811965812,0.8963675213675214,test
db4d46d3c8abd3b8d2327e52a99599c63e7bd8ed5f1b122d3047d731fc6d2684,6.0,16.0,0.22435897435897437,0.5737179487179487,0.4642094017094017,0.5758547008547008,0.9583333333333334,test
db4d46d3c8abd3b8d2327e52a99599c63e7bd8ed5f1b122d3047d731fc6d2684,8.0,18.0,0.09348290598290598,0.7200854700854701,0.26121794871794873,0.7713675213675214,0.9444444444444444,test
db4d46d3c8abd3b8d2327e52a99599c63e7bd8ed5f1b122d3047d731fc6d2684,10.0,20.0,0.03418803418803419,0.8215811965811965,0.29113247863247865,0.8376068376068376,0.8151709401709402,test
dc8bf44eb4cc0becf1c5ebe252a515c98193744c2031498501de80e036899758,0.0,10.0,0.28525641025641024,0.9861111111111112,0.12179487179487179,0.9871794871794872,0.8899572649572649,test
dc8bf44eb4cc0becf1c5ebe252a515c98193744c2031498501de80e036899758,2.0,12.0,0.40705128205128205,0.9732905982905983,0.09829059829059829,0.9797008547008547,0.8824786324786325,test
dc8bf44eb4cc0becf1c5ebe252a515c98193744c2031498501de80e036899758,4.0,14.0,0.3942307692307692,0.9850427350427351,0.026709401709401708,0.9807692307692307,0.8760683760683761,test
dc8bf44eb4cc0becf1c5ebe252a515c98193744c2031498501de80e036899758,6.0,16.0,0.5534188034188035,0.9743589743589743,0.06944444444444445,0.9764957264957265,0.8621794871794872,test
dc8bf44eb4cc0becf1c5ebe252a515c98193744c2031498501de80e036899758,8.0,18.0,0.49786324786324787,0.9668803418803419,0.07585470085470085,0.9722222222222222,0.8547008547008547,test
dc8bf44eb4cc0becf1c5ebe252a515c98193744c2031498501de80e036899758,10.0,20.0,0.4358974358974359,0.9626068376068376,0.08226495726495726,0.9615384615384616,0.8418803418803419,test
dc8bf44eb4cc0becf1c5ebe252a515c98193744c2031498501de80e036899758,12.0,22.0,0.4561965811965812,0.9551282051282052,0.05982905982905983,0.9572649572649573,0.8354700854700855,test
dc8bf44eb4cc0becf1c5ebe252a515c98193744c2031498501de80e036899758,14.0,24.0,0.5010683760683761,0.9423076923076923,0.11752136752136752,0.9358974358974359,0.842948717948718,test
dc8bf44eb4cc0becf1c5ebe252a515c98193744c2031498501de80e036899758,16.0,26.0,0.5491452991452992,0.9049145299145299,0.2553418803418803,0.8942307692307693,0.8269230769230769,test
dc8bf44eb4cc0becf1c5ebe252a515c98193744c2031498501de80e036899758,18.0,28.0,0.6217948717948718,0.8760683760683761,0.4284188034188034,0.8664529914529915,0.7991452991452992,test
dc8bf44eb4cc0becf1c5ebe252a515c98193744c2031498501de80e036899758,20.0,30.0,0.7702991452991453,0.8525641025641025,0.7580128205128205,0.844017094017094,0.7777777777777778,test
dc8bf44eb4cc0becf1c5ebe252a515c98193744c2031498501de80e036899758,22.0,32.0,0.9727564102564102,0.8376068376068376,0.7510683760683761,0.8269230769230769,0.7606837606837606,test
dc8bf44eb4cc0becf1c5ebe252a515c98193744c2031498501de80e036899758,24.0,34.0,0.969551282051282,0.8226495726495726,0.8685897435897436,0.8141025641025641,0.7371794871794872,test
dc8bf44eb4cc0becf1c5ebe252a515c98193744c2031498501de80e036899758,26.0,36.0,0.9519230769230769,0.8237179487179487,0.6549145299145299,0.8098290598290598,0.7339743589743589,test
dc8bf44eb4cc0becf1c5ebe252a515c98193744c2031498501de80e036899758,28.0,38.0,0.9631410256410257,0.813034188034188,0.5993589743589743,0.8023504273504274,0.7297008547008547,test
dc8bf44eb4cc0becf1c5ebe252a515c98193744c2031498501de80e036899758,30.0,40.0,0.9487179487179487,0.8194444444444444,0.7617521367521367,0.8034188034188035,0.7222222222222222,test
dc8bf44eb4cc0becf1c5ebe252a515c98193744c2031498501de80e036899758,32.0,42.0,0.9930555555555556,0.8098290598290598,0.6858974358974359,0.7905982905982906,0.7008547008547008,test
dc8bf44eb4cc0becf1c5ebe252a515c98193744c2031498501de80e036899758,34.0,44.0,0.9049145299145299,0.8205128205128205,0.7200854700854701,0.8066239316239316,0.7200854700854701,test
dc8bf44eb4cc0becf1c5ebe252a515c98193744c2031498501de80e036899758,36.0,46.0,0.6260683760683761,0.8108974358974359,0.7580128205128205,0.7980769230769231,0.7019230769230769,test
dc8bf44eb4cc0becf1c5ebe252a515c98193744c2031498501de80e036899758,38.0,48.0,0.6228632478632479,0.8141025641025641,0.8653846153846154,0.780982905982906,0.6997863247863247,test
dc8bf44eb4cc0becf1c5ebe252a515c98193744c2031498501de80e036899758,40.0,50.0,0.6388888888888888,0.8012820512820513,0.8835470085470085,0.782051282051282,0.7158119658119658,test
dc8bf44eb4cc0becf1c5ebe252a515c98193744c2031498501de80e036899758,42.0,52.0,0.7553418803418803,0.8183760683760684,0.8803418803418803,0.8076923076923077,0.7329059829059829,test
dc8bf44eb4cc0becf1c5ebe252a515c98193744c2031498501de80e036899758,44.0,54.0,0.969551282051282,0.8002136752136753,0.9177350427350427,0.7938034188034188,0.7115384615384616,test
dc8bf44eb4cc0becf1c5ebe252a515c98193744c2031498501de80e036899758,46.0,56.0,0.8354700854700855,0.8076923076923077,0.7980769230769231,0.7991452991452992,0.7264957264957265,test
dc8bf44eb4cc0becf1c5ebe252a515c98193744c2031498501de80e036899758,48.0,58.0,0.9727564102564102,0.8023504273504274,0.8899572649572649,0.7852564102564102,0.7168803418803419,test
dc8bf44eb4cc0becf1c5ebe252a515c98193744c2031498501de80e036899758,50.0,60.0,0.9631410256410257,0.7970085470085471,0.9027777777777778,0.7788461538461539,0.7147435897435898,test
dc8bf44eb4cc0becf1c5ebe252a515c98193744c2031498501de80e036899758,52.0,62.0,0.9930555555555556,0.7852564102564102,0.9273504273504274,0.7724358974358975,0.7072649572649573,test
dc8bf44eb4cc0becf1c5ebe252a515c98193744c2031498501de80e036899758,54.0,64.0,0.9022435897435898,0.7564102564102564,0.9326923076923077,0.7521367521367521,0.7275641025641025,test
dc8bf44eb4cc0becf1c5ebe252a515c98193744c2031498501de80e036899758,56.0,66.0,0.6987179487179487,0.7638888888888888,0.9102564102564102,0.7446581196581197,0.7403846153846154,test
dc8bf44eb4cc0becf1c5ebe252a515c98193744c2031498501de80e036899758,58.0,68.0,0.9284188034188035,0.7735042735042735,0.9770299145299145,0.7532051282051282,0.7692307692307693,test
dc8bf44eb4cc0becf1c5ebe252a515c98193744c2031498501de80e036899758,60.0,70.0,0.9321581196581197,0.7873931623931624,0.9358974358974359,0.7756410256410257,0.7863247863247863,test
dc8bf44eb4cc0becf1c5ebe252a515c98193744c2031498501de80e036899758,62.0,72.0,0.8509615384615384,0.7905982905982906,0.9294871794871795,0.7745726495726496,0.7831196581196581,test
dc8bf44eb4cc0becf1c5ebe252a515c98193744c2031498501de80e036899758,64.0,74.0,0.8974358974358975,0.7841880341880342,0.9476495726495726,0.7692307692307693,0.780982905982906,test
dc8bf44eb4cc0becf1c5ebe252a515c98193744c2031498501de80e036899758,66.0,76.0,0.6335470085470085,0.7788461538461539,0.9567307692307693,0.7649572649572649,0.7681623931623932,test
dc8bf44eb4cc0becf1c5ebe252a515c98193744c2031498501de80e036899758,68.0,78.0,0.5288461538461539,0.7574786324786325,0.8931623931623932,0.7393162393162394,0.7286324786324786,test
dc8bf44eb4cc0becf1c5ebe252a515c98193744c2031498501de80e036899758,70.0,80.0,0.40384615384615385,0.7339743589743589,0.907051282051282,0.7061965811965812,0.7083333333333334,test
dc8bf44eb4cc0becf1c5ebe252a515c98193744c2031498501de80e036899758,72.0,82.0,0.5544871794871795,0.7403846153846154,0.9449786324786325,0.7115384615384616,0.6923076923076923,test
dc8bf44eb4cc0becf1c5ebe252a515c98193744c2031498501de80e036899758,74.0,84.0,0.9022435897435898,0.7799145299145299,0.969551282051282,0.7606837606837606,0.6826923076923077,test
dc8bf44eb4cc0becf1c5ebe252a515c98193744c2031498501de80e036899758,76.0,86.0,0.780982905982906,0.7831196581196581,0.9711538461538461,0.7681623931623932,0.6784188034188035,test
dc8bf44eb4cc0becf1c5ebe252a515c98193744c2031498501de80e036899758,78.0,88.0,0.8883547008547008,0.7959401709401709,0.9257478632478633,0.7841880341880342,0.6773504273504274,test
dc8bf44eb4cc0becf1c5ebe252a515c98193744c2031498501de80e036899758,80.0,90.0,0.7441239316239316,0.8311965811965812,0.8878205128205128,0.8162393162393162,0.6720085470085471,test
dc8bf44eb4cc0becf1c5ebe252a515c98193744c2031498501de80e036899758,82.0,92.0,0.8333333333333334,0.8087606837606838,0.9407051282051282,0.7927350427350427,0.6623931623931624,test
dc8bf44eb4cc0becf1c5ebe252a515c98193744c2031498501de80e036899758,84.0,94.0,0.8739316239316239,0.7927350427350427,0.9524572649572649,0.7735042735042735,0.655982905982906,test
dc8bf44eb4cc0becf1c5ebe252a515c98193744c2031498501de80e036899758,86.0,96.0,0.9652777777777778,0.7756410256410257,0.9727564102564102,0.7542735042735043,0.6495726495726496,test
dc8bf44eb4cc0becf1c5ebe252a515c98193744c2031498501de80e036899758,88.0,98.0,0.9214743589743589,0.7681623931623932,0.9284188034188035,0.7510683760683761,0.6474358974358975,test
dc8bf44eb4cc0becf1c5ebe252a515c98193744c2031498501de80e036899758,90.0,100.0,0.9535256410256411,0.7542735042735043,0.936965811965812,0.7339743589743589,0.6452991452991453,test
dc8bf44eb4cc0becf1c5ebe252a515c98193744c2031498501de80e036899758,92.0,102.0,0.9321581196581197,0.7777777777777778,0.967948717948718,0.7628205128205128,0.6463675213675214,test
dc8bf44eb4cc0becf1c5ebe252a515c98193744c2031498501de80e036899758,94.0,104.0,0.9113247863247863,0.7617521367521367,0.969551282051282,0.7457264957264957,0.6356837606837606,test
dc8bf44eb4cc0becf1c5ebe252a515c98193744c2031498501de80e036899758,96.0,106.0,0.8509615384615384,0.7649572649572649,0.9316239316239316,0.7318376068376068,0.6292735042735043,test
dc8bf44eb4cc0becf1c5ebe252a515c98193744c2031498501de80e036899758,98.0,108.0,0.7094017094017094,0.7297008547008547,0.8675213675213675,0.7040598290598291,0.6143162393162394,test
dc8bf44eb4cc0becf1c5ebe252a515c98193744c2031498501de80e036899758,100.0,110.0,0.7606837606837606,0.7254273504273504,0.905982905982906,0.6987179487179487,0.6036324786324786,test
dc8bf44eb4cc0becf1c5ebe252a515c98193744c2031498501de80e036899758,102.0,112.0,0.7339743589743589,0.717948717948718,0.9145299145299145,0.6923076923076923,0.6057692307692307,test
dc8bf44eb4cc0becf1c5ebe252a515c98193744c2031498501de80e036899758,104.0,114.0,0.9214743589743589,0.719017094017094,0.9449786324786325,0.6997863247863247,0.6111111111111112,test
dc8bf44eb4cc0becf1c5ebe252a515c98193744c2031498501de80e036899758,106.0,116.0,0.9465811965811965,0.7307692307692307,0.8888888888888888,0.7104700854700855,0.6175213675213675,test
dc8bf44eb4cc0becf1c5ebe252a515c98193744c2031498501de80e036899758,108.0,118.0,0.9535256410256411,0.7510683760683761,0.9241452991452992,0.7286324786324786,0.6207264957264957,test
dc8bf44eb4cc0becf1c5ebe252a515c98193744c2031498501de80e036899758,110.0,120.0,0.9123931623931624,0.7670940170940171,0.9567307692307693,0.7478632478632479,0.6217948717948718,test
dc8bf44eb4cc0becf1c5ebe252a515c98193744c2031498501de80e036899758,112.0,122.0,0.8883547008547008,0.780982905982906,0.9257478632478633,0.7670940170940171,0.6121794871794872,test
dc8bf44eb4cc0becf1c5ebe252a515c98193744c2031498501de80e036899758,114.0,124.0,0.8632478632478633,0.7585470085470085,0.9508547008547008,0.7329059829059829,0.6014957264957265,test
dc8bf44eb4cc0becf1c5ebe252a515c98193744c2031498501de80e036899758,116.0,126.0,0.9497863247863247,0.7478632478632479,0.9770299145299145,0.7211538461538461,0.5982905982905983,test
dc8bf44eb4cc0becf1c5ebe252a515c98193744c2031498501de80e036899758,118.0,128.0,0.9652777777777778,0.7532051282051282,0.9551282051282052,0.7243589743589743,0.5972222222222222,test
dc8bf44eb4cc0becf1c5ebe252a515c98193744c2031498501de80e036899758,120.0,130.0,0.9230769230769231,0.7446581196581197,0.9727564102564102,0.7158119658119658,0.5950854700854701,test
dc8bf44eb4cc0becf1c5ebe252a515c98193744c2031498501de80e036899758,122.0,132.0,0.6324786324786325,0.7275641025641025,0.9615384615384616,0.7083333333333334,0.5790598290598291,test
dc8bf44eb4cc0becf1c5ebe252a515c98193744c2031498501de80e036899758,124.0,134.0,0.7441239316239316,0.7713675213675214,0.9524572649572649,0.7489316239316239,0.5918803418803419,test
dc8bf44eb4cc0becf1c5ebe252a515c98193744c2031498501de80e036899758,126.0,136.0,0.5192307692307693,0.7745726495726496,0.9407051282051282,0.7564102564102564,0.5769230769230769,test
dc8bf44eb4cc0becf1c5ebe252a515c98193744c2031498501de80e036899758,128.0,138.0,0.44604700854700857,0.7489316239316239,0.8664529914529915,0.7200854700854701,0.5779914529914529,test
dc8bf44eb4cc0becf1c5ebe252a515c98193744c2031498501de80e036899758,130.0,140.0,0.5058760683760684,0.7467948717948718,0.8087606837606838,0.7136752136752137,0.5726495726495726,test
dc8bf44eb4cc0becf1c5ebe252a515c98193744c2031498501de80e036899758,132.0,142.0,0.47596153846153844,0.7521367521367521,0.7532051282051282,0.7307692307692307,0.5897435897435898,test
dc8bf44eb4cc0becf1c5ebe252a515c98193744c2031498501de80e036899758,134.0,144.0,0.3974358974358974,0.7371794871794872,0.8327991452991453,0.7126068376068376,0.5844017094017094,test
dc8bf44eb4cc0becf1c5ebe252a515c98193744c2031498501de80e036899758,136.0,146.0,0.4412393162393162,0.7553418803418803,0.7275641025641025,0.7350427350427351,0.6089743589743589,test
dc8bf44eb4cc0becf1c5ebe252a515c98193744c2031498501de80e036899758,138.0,148.0,0.3525641025641026,0.782051282051282,0.5758547008547008,0.7702991452991453,0.6025641025641025,test
dc8bf44eb4cc0becf1c5ebe252a515c98193744c2031498501de80e036899758,140.0,150.0,0.28739316239316237,0.7692307692307693,0.6538461538461539,0.7596153846153846,0.6047008547008547,test
dc8bf44eb4cc0becf1c5ebe252a515c98193744c2031498501de80e036899758,142.0,152.0,0.43803418803418803,0.7606837606837606,0.7863247863247863,0.7435897435897436,0.6100427350427351,test
dc8bf44eb4cc0becf1c5ebe252a515c98193744c2031498501de80e036899758,144.0,154.0,0.44604700854700857,0.75,0.7115384615384616,0.7275641025641025,0.6132478632478633,test
dc8bf44eb4cc0becf1c5ebe252a515c98193744c2031498501de80e036899758,146.0,156.0,0.5058760683760684,0.7414529914529915,0.7307692307692307,0.7147435897435898,0.6004273504273504,test
dc8bf44eb4cc0becf1c5ebe252a515c98193744c2031498501de80e036899758,148.0,158.0,0.36324786324786323,0.7008547008547008,0.7254273504273504,0.6848290598290598,0.6185897435897436,test
dc8bf44eb4cc0becf1c5ebe252a515c98193744c2031498501de80e036899758,150.0,160.0,0.36217948717948717,0.7040598290598291,0.6698717948717948,0.6826923076923077,0.6164529914529915,test
dc8bf44eb4cc0becf1c5ebe252a515c98193744c2031498501de80e036899758,152.0,162.0,0.2980769230769231,0.6837606837606838,0.844551282051282,0.6762820512820513,0.6891025641025641,test
dc8bf44eb4cc0becf1c5ebe252a515c98193744c2031498501de80e036899758,154.0,164.0,0.33974358974358976,0.6944444444444444,0.6239316239316239,0.6784188034188035,0.7799145299145299,test
dc8bf44eb4cc0becf1c5ebe252a515c98193744c2031498501de80e036899758,156.0,166.0,0.37553418803418803,0.7232905982905983,0.5956196581196581,0.7019230769230769,0.8632478632478633,test
dc8bf44eb4cc0becf1c5ebe252a515c98193744c2031498501de80e036899758,158.0,168.0,0.29594017094017094,0.5363247863247863,0.19337606837606838,0.5523504273504274,0.5235042735042735,test
dc8bf44eb4cc0becf1c5ebe252a515c98193744c2031498501de80e036899758,160.0,170.0,0.7825854700854701,0.3974358974358974,0.8408119658119658,0.41025641025641024,0.3311965811965812,test
dc8bf44eb4cc0becf1c5ebe252a515c98193744c2031498501de80e036899758,162.0,172.0,0.6677350427350427,0.38995726495726496,0.6997863247863247,0.3920940170940171,0.1752136752136752,test
dc8bf44eb4cc0becf1c5ebe252a515c98193744c2031498501de80e036899758,164.0,174.0,0.6725427350427351,0.39316239316239315,0.8076923076923077,0.3856837606837607,0.11217948717948718,test
dc8bf44eb4cc0becf1c5ebe252a515c98193744c2031498501de80e036899758,166.0,176.0,0.6111111111111112,0.3888888888888889,0.8616452991452992,0.3803418803418803,0.057692307692307696,test
