recording_id,start_s,end_s,Embeddings,Autoencoder,Contrastive,Sequence,Unsupervised,split,Embeddings_support,Autoencoder_support,Contrastive_support,Sequence_support,Unsupervised_support,consensus_support,support_iqr,method_count
18385fe48224fbfa0cd6d17705d9305f857d70ef07b47b55502d04ff71359269,0.0,10.0,0.9999853906184912,1.2634342022467209,0.995855312389376,1.9246153795197312,-1.7526129149474672,train,0.6450151057401813,0.4516616314199396,0.9305135951661632,0.4259818731117825,0.43202416918429004,0.4516616314199396,0.21299093655589124,5
18385fe48224fbfa0cd6d17705d9305f857d70ef07b47b55502d04ff71359269,2.0,12.0,0.999749833492681,0.4746894069763746,0.990964395101362,0.3831686564146896,-0.5870183079455312,train,0.24924471299093656,0.5694864048338368,0.8141993957703928,0.5800604229607251,0.879154078549849,0.5800604229607251,0.24471299093655596,5
18385fe48224fbfa0cd6d17705d9305f857d70ef07b47b55502d04ff71359269,4.0,14.0,0.999999064342615,0.0568676064199475,0.9859272553890712,0.053276282718182,-0.6316422479161089,train,0.9818731117824774,0.8685800604229608,0.6827794561933535,0.8459214501510574,0.8413897280966768,0.8459214501510574,0.027190332326283984,5
18385fe48224fbfa0cd6d17705d9305f857d70ef07b47b55502d04ff71359269,6.0,16.0,0.9999942496299816,0.0552625870865909,0.9942721632766238,0.0527439155832002,-0.6610979525265438,train,0.8489425981873112,0.8761329305135952,0.9063444108761329,0.851963746223565,0.7885196374622356,0.851963746223565,0.027190332326283984,5
18385fe48224fbfa0cd6d17705d9305f857d70ef07b47b55502d04ff71359269,8.0,18.0,0.9999936340982628,0.0603145544268863,0.994491460203622,0.0576484106502326,-0.6651449194784325,train,0.8262839879154078,0.8459214501510574,0.9169184290030211,0.8308157099697885,0.7749244712990937,0.8308157099697885,0.01963746223564955,5
18385fe48224fbfa0cd6d17705d9305f857d70ef07b47b55502d04ff71359269,10.0,20.0,0.9999923800394168,0.0609932785849052,0.9990890471362674,0.0578223691994866,-0.6630919175917032,train,0.7749244712990937,0.8413897280966768,0.9652567975830816,0.8293051359516617,0.783987915407855,0.8293051359516617,0.05740181268882183,5
18385fe48224fbfa0cd6d17705d9305f857d70ef07b47b55502d04ff71359269,12.0,22.0,0.9999987964423716,0.0634660124550326,0.9975789801776248,0.0614841901609317,-0.6751462484828914,train,0.972809667673716,0.8262839879154078,0.9561933534743202,0.8187311178247734,0.7522658610271903,0.8262839879154078,0.13746223564954685,5
18385fe48224fbfa0cd6d17705d9305f857d70ef07b47b55502d04ff71359269,14.0,24.0,0.9999932126471932,0.0799140614036278,0.9818392868318808,0.0740568177182867,-0.6717441895572356,train,0.8111782477341389,0.7915407854984894,0.6012084592145015,0.7854984894259819,0.756797583081571,0.7854984894259819,0.03474320241691842,5
18385fe48224fbfa0cd6d17705d9305f857d70ef07b47b55502d04ff71359269,16.0,26.0,0.999996272066205,0.078300857693393,0.9644920288006636,0.0716516057817391,-0.660236606183288,train,0.9199395770392749,0.7930513595166163,0.3081570996978852,0.7915407854984894,0.7915407854984894,0.7915407854984894,0.0015105740181269312,5
18385fe48224fbfa0cd6d17705d9305f857d70ef07b47b55502d04ff71359269,18.0,28.0,0.9999894949957048,0.0823508386722335,0.9793726177680384,0.0748254638462111,-0.6623031856959487,train,0.7190332326283988,0.7809667673716012,0.5241691842900302,0.783987915407855,0.7854984894259819,0.7809667673716012,0.06495468277945615,5
18385fe48224fbfa0cd6d17705d9305f857d70ef07b47b55502d04ff71359269,20.0,30.0,0.999993408641047,0.075942291205091,0.982839013978326,0.0706921601578333,-0.6592216724321149,train,0.8202416918429003,0.7990936555891238,0.620845921450151,0.7945619335347432,0.7960725075528701,0.7960725075528701,0.004531722054380571,5
18385fe48224fbfa0cd6d17705d9305f857d70ef07b47b55502d04ff71359269,22.0,32.0,0.9999915304845872,0.0722230980854522,0.9837493768009364,0.0643347478264218,-0.6514837216911554,train,0.756797583081571,0.8081570996978852,0.6329305135951662,0.8051359516616314,0.8157099697885196,0.8051359516616314,0.051359516616314216,5
18385fe48224fbfa0cd6d17705d9305f857d70ef07b47b55502d04ff71359269,24.0,34.0,0.9999975337951904,0.0545207392834022,0.9944521849704844,0.0475128576749686,-0.6399711678573509,train,0.9486404833836858,0.8851963746223565,0.9138972809667674,0.8987915407854985,0.8338368580060423,0.8987915407854985,0.028700906344410915,5
18385fe48224fbfa0cd6d17705d9305f857d70ef07b47b55502d04ff71359269,26.0,36.0,0.9999968606682256,0.0682353586819668,0.9890544661385596,0.0611823630452607,-0.6061244862608862,train,0.9395770392749244,0.8141993957703928,0.770392749244713,0.8202416918429003,0.8625377643504532,0.8202416918429003,0.048338368580060354,5
18385fe48224fbfa0cd6d17705d9305f857d70ef07b47b55502d04ff71359269,28.0,38.0,0.9999817998132684,0.0630920865958683,0.9893398712134998,0.0551132750038566,-0.605837312497515,train,0.6072507552870091,0.8277945619335347,0.7764350453172205,0.8398791540785498,0.8640483383685801,0.8277945619335347,0.06344410876132933,5
18385fe48224fbfa0cd6d17705d9305f857d70ef07b47b55502d04ff71359269,30.0,40.0,0.9999106792942396,0.0800018545746124,0.9561891470597595,0.0710032812533959,-0.5558185359039552,train,0.3640483383685801,0.7900302114803626,0.24169184290030213,0.7930513595166163,0.9229607250755287,0.7900302114803626,0.42900302114803623,5
18385fe48224fbfa0cd6d17705d9305f857d70ef07b47b55502d04ff71359269,32.0,42.0,0.9940868873190424,0.1126380958270111,0.9138637456986812,0.1003142970870354,-0.4059043005815494,train,0.0513595166163142,0.7492447129909365,0.06042296072507553,0.7371601208459214,0.9848942598187311,0.7371601208459214,0.688821752265861,5
18385fe48224fbfa0cd6d17705d9305f857d70ef07b47b55502d04ff71359269,34.0,44.0,0.9952889124184654,0.1163083883292706,0.9157461186641592,0.1078067953923322,-0.3504052935534349,train,0.06646525679758308,0.743202416918429,0.06948640483383686,0.7205438066465257,0.9939577039274925,0.7205438066465257,0.6737160120845922,5
18385fe48224fbfa0cd6d17705d9305f857d70ef07b47b55502d04ff71359269,36.0,46.0,0.9939011040181036,0.1132769168265398,0.9444218286774052,0.1031976185997329,-0.3872586370724036,train,0.04984894259818731,0.7462235649546828,0.17220543806646527,0.7280966767371602,0.9879154078549849,0.7280966767371602,0.5740181268882175,5
18385fe48224fbfa0cd6d17705d9305f857d70ef07b47b55502d04ff71359269,38.0,48.0,0.9961769686789008,0.1206219806774088,0.9431219257758344,0.108492996621827,-0.3798751208836578,train,0.07250755287009064,0.7326283987915407,0.1661631419939577,0.7175226586102719,0.9909365558912386,0.7175226586102719,0.566465256797583,5
18385fe48224fbfa0cd6d17705d9305f857d70ef07b47b55502d04ff71359269,40.0,50.0,0.9901819647426484,0.1116316888785595,0.9411340923564616,0.1016616794306716,-0.3798772881439679,train,0.03625377643504532,0.7522658610271903,0.1555891238670695,0.7326283987915407,0.9894259818731118,0.7326283987915407,0.5966767371601208,5
18385fe48224fbfa0cd6d17705d9305f857d70ef07b47b55502d04ff71359269,42.0,52.0,0.9952115080260028,0.0866593885008096,0.8411125342992661,0.0805404434987942,-0.4772434698016041,train,0.0634441087613293,0.7719033232628398,0.012084592145015106,0.7673716012084593,0.9712990936555891,0.7673716012084593,0.7084592145015105,5
18385fe48224fbfa0cd6d17705d9305f857d70ef07b47b55502d04ff71359269,44.0,54.0,0.9998112631140542,0.0912502435114527,0.9339415139521656,0.084747746872212,-0.5742205498697487,train,0.27492447129909364,0.7643504531722054,0.12235649546827794,0.756797583081571,0.8972809667673716,0.756797583081571,0.48942598187311176,5
18385fe48224fbfa0cd6d17705d9305f857d70ef07b47b55502d04ff71359269,46.0,56.0,0.9999932896981654,0.0835783270821592,0.8578607978170568,0.0796065569553242,-0.6700148931144879,train,0.8157099697885196,0.7764350453172205,0.015105740181268883,0.7688821752265861,0.7628398791540786,0.7688821752265861,0.013595166163141936,5
18385fe48224fbfa0cd6d17705d9305f857d70ef07b47b55502d04ff71359269,48.0,58.0,0.9999894151836448,0.0857819446712517,0.887855803516639,0.0813868862841643,-0.7027699612442193,train,0.7175226586102719,0.7734138972809668,0.030211480362537766,0.7658610271903323,0.7099697885196374,0.7175226586102719,0.0558912386706949,5
18385fe48224fbfa0cd6d17705d9305f857d70ef07b47b55502d04ff71359269,50.0,60.0,0.9999931949776332,0.0827371069833063,0.9003853758256155,0.0779101156325324,-0.7024685321132593,train,0.8066465256797583,0.7779456193353474,0.04380664652567976,0.7734138972809668,0.7114803625377644,0.7734138972809668,0.06646525679758308,5
18385fe48224fbfa0cd6d17705d9305f857d70ef07b47b55502d04ff71359269,52.0,62.0,0.9999927984408122,0.0818974323880527,0.9234289441769548,0.076765666722532,-0.7031274751502784,train,0.7870090634441088,0.783987915407855,0.09063444108761329,0.7764350453172205,0.7084592145015106,0.7764350453172205,0.07552870090634434,5
18385fe48224fbfa0cd6d17705d9305f857d70ef07b47b55502d04ff71359269,54.0,64.0,0.9999942874450576,0.081625154529795,0.8904114246742452,0.076407472850688,-0.6406621632646209,train,0.8549848942598187,0.7870090634441088,0.03172205438066465,0.7794561933534743,0.8308157099697885,0.7870090634441088,0.051359516616314216,5
18385fe48224fbfa0cd6d17705d9305f857d70ef07b47b55502d04ff71359269,56.0,66.0,0.9999368239007762,0.0876349823125138,0.9730086426719814,0.0830161916071814,-0.6230824895280681,train,0.42749244712990936,0.770392749244713,0.4033232628398791,0.7613293051359517,0.8429003021148036,0.7613293051359517,0.34290030211480366,5
18385fe48224fbfa0cd6d17705d9305f857d70ef07b47b55502d04ff71359269,58.0,68.0,0.9974573417204424,0.1040435398995049,0.96999039431182,0.0935774413724836,-0.582899472760902,train,0.0891238670694864,0.7537764350453172,0.3595166163141994,0.7416918429003021,0.8851963746223565,0.7416918429003021,0.3942598187311178,5
18385fe48224fbfa0cd6d17705d9305f857d70ef07b47b55502d04ff71359269,60.0,70.0,0.9952115080260028,0.1139485326725595,0.9387051812630286,0.1004950290343357,-0.5070788340847339,train,0.0634441087613293,0.7447129909365559,0.13897280966767372,0.7341389728096677,0.9637462235649547,0.7341389728096677,0.6057401812688821,5
18385fe48224fbfa0cd6d17705d9305f857d70ef07b47b55502d04ff71359269,62.0,72.0,0.9937988708357288,0.1282714595672094,0.9523444118864096,0.1133624354631978,-0.4566845795941143,train,0.04833836858006042,0.7084592145015106,0.22205438066465258,0.7145015105740181,0.974320241691843,0.7084592145015106,0.49244712990936557,5
18385fe48224fbfa0cd6d17705d9305f857d70ef07b47b55502d04ff71359269,64.0,74.0,0.9942576843897888,0.1179774931966685,0.933520293526976,0.1052623531746281,-0.4756988306204372,train,0.055891238670694864,0.7401812688821753,0.11782477341389729,0.7250755287009063,0.972809667673716,0.7250755287009063,0.622356495468278,5
18385fe48224fbfa0cd6d17705d9305f857d70ef07b47b55502d04ff71359269,66.0,76.0,0.9932201752286828,0.1129480364022188,0.9483046646487168,0.1003472305958704,-0.4808526211433231,train,0.04682779456193353,0.7477341389728097,0.18580060422960726,0.7356495468277946,0.9697885196374623,0.7356495468277946,0.5619335347432024,5
18385fe48224fbfa0cd6d17705d9305f857d70ef07b47b55502d04ff71359269,68.0,78.0,0.9998247883082976,0.0919569735049557,0.9184297115833538,0.0815056308441751,-0.6140531123378095,train,0.2809667673716012,0.7628398791540786,0.07401812688821752,0.7643504531722054,0.850453172205438,0.7628398791540786,0.4833836858006042,5
18385fe48224fbfa0cd6d17705d9305f857d70ef07b47b55502d04ff71359269,70.0,80.0,0.9999903919530516,0.0767921737692933,0.9837493768009364,0.0688860851575641,-0.6512677622968932,train,0.7326283987915407,0.7960725075528701,0.6329305135951662,0.7990936555891238,0.8172205438066465,0.7960725075528701,0.06646525679758308,5
18385fe48224fbfa0cd6d17705d9305f857d70ef07b47b55502d04ff71359269,72.0,82.0,0.9999942496299816,0.0590919373583442,0.9990890471362674,0.0525197519734966,-0.65654310102189,train,0.8489425981873112,0.850453172205438,0.9652567975830816,0.8549848942598187,0.8006042296072508,0.850453172205438,0.0060422960725075026,5
18385fe48224fbfa0cd6d17705d9305f857d70ef07b47b55502d04ff71359269,74.0,84.0,0.9999917012434462,0.062229063568694,0.9941102447910238,0.0551589965144178,-0.6595836777185303,train,0.7643504531722054,0.8368580060422961,0.9033232628398792,0.8383685800604229,0.7930513595166163,0.8368580060422961,0.0453172205438066,5
18385fe48224fbfa0cd6d17705d9305f857d70ef07b47b55502d04ff71359269,76.0,86.0,0.9999942874450576,0.0622704511194421,0.9958969753365616,0.0574467962276123,-0.670004969711037,train,0.8549848942598187,0.8353474320241692,0.9335347432024169,0.8323262839879154,0.7643504531722054,0.8353474320241692,0.0226586102719033,5
18385fe48224fbfa0cd6d17705d9305f857d70ef07b47b55502d04ff71359269,78.0,88.0,0.99999435779989,0.0690830009412504,0.99573666895809,0.0642365938374623,-0.677345840459364,train,0.8640483383685801,0.8111782477341389,0.9274924471299094,0.8066465256797583,0.7477341389728097,0.8111782477341389,0.05740181268882183,5
18385fe48224fbfa0cd6d17705d9305f857d70ef07b47b55502d04ff71359269,80.0,90.0,0.999998552772029,0.072549002929005,0.9928308409835442,0.0677618947350382,-0.6855916606020311,train,0.9667673716012085,0.8066465256797583,0.8761329305135952,0.8021148036253777,0.7386706948640483,0.8066465256797583,0.07401812688821752,5
18385fe48224fbfa0cd6d17705d9305f857d70ef07b47b55502d04ff71359269,82.0,92.0,0.999999064342615,0.076701460100239,0.9805707571022272,0.0721672667178003,-0.6902700499371657,train,0.9818731117824774,0.797583081570997,0.56797583081571,0.7900302114803626,0.7311178247734139,0.7900302114803626,0.06646525679758308,5
18385fe48224fbfa0cd6d17705d9305f857d70ef07b47b55502d04ff71359269,84.0,94.0,0.9999923553247856,0.0805174707495761,0.9189694067905212,0.078557235084051,-0.6978749732735822,train,0.7734138972809668,0.7885196374622356,0.0755287009063444,0.770392749244713,0.7205438066465257,0.770392749244713,0.052870090634441036,5
18385fe48224fbfa0cd6d17705d9305f857d70ef07b47b55502d04ff71359269,86.0,96.0,0.9999916172113964,0.0756465366364625,0.9342447064202324,0.0729571264952371,-0.6989940031967625,train,0.7598187311178247,0.8006042296072508,0.12386706948640483,0.7885196374622356,0.7175226586102719,0.7598187311178247,0.07099697885196377,5
18385fe48224fbfa0cd6d17705d9305f857d70ef07b47b55502d04ff71359269,88.0,98.0,0.9999923428198584,0.0825927941195943,0.9295036274221378,0.0763220016036909,-0.7071070844420776,train,0.7719033232628398,0.7794561933534743,0.1027190332326284,0.7809667673716012,0.6993957703927492,0.7719033232628398,0.08006042296072502,5
18385fe48224fbfa0cd6d17705d9305f857d70ef07b47b55502d04ff71359269,90.0,100.0,0.999986718427707,0.0818464919513391,0.9371707447584916,0.0764443422085741,-0.7147772060164393,train,0.6691842900302115,0.7854984894259819,0.1283987915407855,0.7779456193353474,0.6873111782477341,0.6873111782477341,0.10876132930513593,5
18385fe48224fbfa0cd6d17705d9305f857d70ef07b47b55502d04ff71359269,92.0,102.0,0.9999921853791744,0.0780923742061093,0.968127153282066,0.0730870679034162,-0.7179029133382795,train,0.7688821752265861,0.7945619335347432,0.33987915407854985,0.7870090634441088,0.6858006042296072,0.7688821752265861,0.10120845921450161,5
18385fe48224fbfa0cd6d17705d9305f857d70ef07b47b55502d04ff71359269,94.0,104.0,0.9999903919530516,0.0709471537775119,0.9975789801776248,0.065706683017032,-0.7193371334255565,train,0.7326283987915407,0.8096676737160121,0.9561933534743202,0.8036253776435045,0.6812688821752266,0.8036253776435045,0.07703927492447138,5
18385fe48224fbfa0cd6d17705d9305f857d70ef07b47b55502d04ff71359269,96.0,106.0,0.9999987964423716,0.0743641868374405,0.9971300725112576,0.0689577166737797,-0.7262210366601053,train,0.972809667673716,0.8051359516616314,0.9516616314199395,0.797583081570997,0.6661631419939577,0.8051359516616314,0.15407854984894254,5
18385fe48224fbfa0cd6d17705d9305f857d70ef07b47b55502d04ff71359269,98.0,108.0,0.9999984508763302,0.0638847483183858,0.9962665075396774,0.059421976473635,-0.7309614087564172,train,0.9652567975830816,0.8202416918429003,0.9395770392749244,0.824773413897281,0.6616314199395771,0.824773413897281,0.11933534743202412,5
18385fe48224fbfa0cd6d17705d9305f857d70ef07b47b55502d04ff71359269,100.0,110.0,0.9999968606682256,0.0624257014677965,0.9944521849704844,0.0565164128293538,-0.7235003611808167,train,0.9395770392749244,0.8323262839879154,0.9138972809667674,0.8338368580060423,0.6722054380664653,0.8338368580060423,0.08157099697885195,5
18385fe48224fbfa0cd6d17705d9305f857d70ef07b47b55502d04ff71359269,102.0,112.0,0.999987934516258,0.0546839852871877,0.9845302255023276,0.0478839797312674,-0.6925596864849425,train,0.6842900302114804,0.879154078549849,0.6450151057401813,0.8912386706948641,0.7250755287009063,0.7250755287009063,0.19486404833836857,5
18385fe48224fbfa0cd6d17705d9305f857d70ef07b47b55502d04ff71359269,104.0,114.0,0.9999192891767492,0.3328550052866839,0.9486289091288188,0.1801945933902436,-0.936748461257106,train,0.37613293051359514,0.6027190332326284,0.19486404833836857,0.6540785498489426,0.5740181268882175,0.5740181268882175,0.2265861027190333,5
18385fe48224fbfa0cd6d17705d9305f857d70ef07b47b55502d04ff71359269,106.0,116.0,0.9999577950118884,0.8055633281992304,0.9884048026178642,0.4684636328150134,-1.1087080434144698,train,0.48338368580060426,0.49395770392749244,0.7507552870090635,0.554380664652568,0.5105740181268882,0.5105740181268882,0.060422960725075525,5
18385fe48224fbfa0cd6d17705d9305f857d70ef07b47b55502d04ff71359269,108.0,118.0,0.9984190345818864,1.3546001536983434,0.9909030758847636,0.6809835745080882,-0.6400908303452295,train,0.10876132930513595,0.4486404833836858,0.8126888217522659,0.5,0.8323262839879154,0.5,0.3640483383685801,5
18385fe48224fbfa0cd6d17705d9305f857d70ef07b47b55502d04ff71359269,110.0,120.0,0.9992062559418952,0.9413721222670272,0.9827641249127044,0.7105605285694688,-0.5596965882470775,train,0.14652567975830816,0.4818731117824773,0.6193353474320241,0.49244712990936557,0.9154078549848943,0.49244712990936557,0.1374622356495468,5
18385fe48224fbfa0cd6d17705d9305f857d70ef07b47b55502d04ff71359269,112.0,122.0,0.9992304176026242,0.6703299772717687,0.981626507234666,0.7221735633235765,-0.5583104434461881,train,0.15256797583081572,0.5241691842900302,0.5921450151057401,0.4879154078549849,0.9199395770392749,0.5241691842900302,0.10422960725075525,5
18385fe48224fbfa0cd6d17705d9305f857d70ef07b47b55502d04ff71359269,114.0,124.0,0.9852003597432206,0.7048555280222016,0.939367482625751,0.587265517526764,-0.5525356105092532,train,0.0256797583081571,0.5120845921450151,0.14652567975830816,0.525679758308157,0.9305135951661632,0.5120845921450151,0.3791540785498489,5
18385fe48224fbfa0cd6d17705d9305f857d70ef07b47b55502d04ff71359269,116.0,126.0,0.999749833492681,0.3114774318250678,0.9910327422981487,0.2962590424115786,-0.635917821196903,train,0.24924471299093656,0.6057401812688822,0.8187311178247734,0.5981873111782477,0.8368580060422961,0.6057401812688822,0.22054380664652562,5
18385fe48224fbfa0cd6d17705d9305f857d70ef07b47b55502d04ff71359269,118.0,128.0,0.9998247883082976,0.0899439877728789,0.8715915272503694,0.0826791723009492,-0.6512577560262278,train,0.2809667673716012,0.7673716012084593,0.021148036253776436,0.7628398791540786,0.8187311178247734,0.7628398791540786,0.48640483383685806,5
18385fe48224fbfa0cd6d17705d9305f857d70ef07b47b55502d04ff71359269,120.0,130.0,0.99999238133264,0.0651471408078596,0.9433830743492192,0.059516287101785,-0.723443723649913,train,0.7764350453172205,0.8157099697885196,0.16767371601208458,0.823262839879154,0.6737160120845922,0.7764350453172205,0.14199395770392742,5
18385fe48224fbfa0cd6d17705d9305f857d70ef07b47b55502d04ff71359269,122.0,132.0,0.9999959490977368,0.0588103804780117,0.9911377759048384,0.0518864320448593,-0.7306959371959125,train,0.9108761329305136,0.8534743202416919,0.8277945619335347,0.8625377643504532,0.6631419939577039,0.8534743202416919,0.03474320241691842,5
18385fe48224fbfa0cd6d17705d9305f857d70ef07b47b55502d04ff71359269,124.0,134.0,0.9999951195343904,0.0546146259824668,0.9921210147705416,0.0477358528374791,-0.7248156901199206,train,0.8851963746223565,0.8836858006042296,0.8489425981873112,0.8957703927492447,0.6706948640483383,0.8836858006042296,0.03625377643504524,5
18385fe48224fbfa0cd6d17705d9305f857d70ef07b47b55502d04ff71359269,126.0,136.0,0.999893847509169,0.2023523688134044,0.9904078374160292,0.1857200123103163,-0.8545515062603478,train,0.3413897280966767,0.6359516616314199,0.8051359516616314,0.6374622356495468,0.5996978851963746,0.6359516616314199,0.03776435045317228,5
18385fe48224fbfa0cd6d17705d9305f857d70ef07b47b55502d04ff71359269,128.0,138.0,0.99961062309621,4.238998175199804,0.9932582913284408,3.446841671613343,-2.5737456766474174,train,0.19637462235649547,0.38821752265861026,0.8806646525679759,0.4108761329305136,0.3066465256797583,0.38821752265861026,0.10422960725075531,5
18385fe48224fbfa0cd6d17705d9305f857d70ef07b47b55502d04ff71359269,130.0,140.0,0.9998422857234152,20.851969609017264,0.983664399774698,21.403778878889355,-3.5511107142696443,train,0.2930513595166163,0.30966767371601206,0.6299093655589124,0.3610271903323263,0.17371601208459214,0.30966767371601206,0.06797583081570996,5
18385fe48224fbfa0cd6d17705d9305f857d70ef07b47b55502d04ff71359269,132.0,142.0,0.999992828658157,21.087080461968387,0.9636436011607608,32.13890259869678,-4.210731237219158,train,0.7900302114803626,0.3066465256797583,0.30513595166163143,0.3413897280966767,0.1148036253776435,0.3066465256797583,0.03625377643504529,5
18385fe48224fbfa0cd6d17705d9305f857d70ef07b47b55502d04ff71359269,134.0,144.0,0.9999883707165734,26.581024194443422,0.9853432068547712,63.88315032518403,-2.953994385120531,train,0.6933534743202417,0.27492447129909364,0.6631419939577039,0.2673716012084592,0.24622356495468278,0.27492447129909364,0.3957703927492447,5
18385fe48224fbfa0cd6d17705d9305f857d70ef07b47b55502d04ff71359269,136.0,146.0,0.9999882188374548,41.47323218817837,0.9556991701436806,102.51314175811542,-1.490230481510046,train,0.6888217522658611,0.1797583081570997,0.23564954682779457,0.1510574018126888,0.4501510574018127,0.23564954682779457,0.270392749244713,5
18385fe48224fbfa0cd6d17705d9305f857d70ef07b47b55502d04ff71359269,138.0,148.0,0.9997304972234315,31.42872066622749,0.9979037340221432,112.78293909937312,-3.373223234128704,train,0.23716012084592145,0.24773413897280966,0.9577039274924471,0.11933534743202417,0.1903323262839879,0.23716012084592145,0.057401812688821746,5
18385fe48224fbfa0cd6d17705d9305f857d70ef07b47b55502d04ff71359269,140.0,150.0,0.9998880423951456,33.77179767788807,0.9938348919225876,129.66546506752871,-3.6537000849119616,train,0.3323262839879154,0.22658610271903323,0.9003021148036254,0.06797583081570997,0.15709969788519637,0.22658610271903323,0.17522658610271905,5
18385fe48224fbfa0cd6d17705d9305f857d70ef07b47b55502d04ff71359269,142.0,152.0,0.9999990617913784,48.45267744162871,0.9980899562157728,125.69378404293737,-2.695139049148121,train,0.9788519637462235,0.13141993957703926,0.9607250755287009,0.08006042296072508,0.283987915407855,0.283987915407855,0.8293051359516617,5
18385fe48224fbfa0cd6d17705d9305f857d70ef07b47b55502d04ff71359269,144.0,154.0,0.9999947241826476,46.52640574277559,0.992567058880496,100.6332093115672,-0.8891008334357515,train,0.8700906344410876,0.14350453172205438,0.8670694864048338,0.15709969788519637,0.5891238670694864,0.5891238670694864,0.7099697885196374,5
18385fe48224fbfa0cd6d17705d9305f857d70ef07b47b55502d04ff71359269,146.0,156.0,0.9999966499333754,54.31861852422082,0.9776231946206498,89.42783156503513,-2.2280642749438133,train,0.9290030211480362,0.10120845921450151,0.5090634441087614,0.1933534743202417,0.3595166163141994,0.3595166163141994,0.3157099697885197,5
18385fe48224fbfa0cd6d17705d9305f857d70ef07b47b55502d04ff71359269,148.0,158.0,0.998950550279046,34.53350551966707,0.9156869716859386,95.21128933270306,-5.223479104001483,train,0.13293051359516617,0.22205438066465258,0.06646525679758308,0.17371601208459214,0.04833836858006042,0.13293051359516617,0.10725075528700906,5
18385fe48224fbfa0cd6d17705d9305f857d70ef07b47b55502d04ff71359269,150.0,160.0,0.9998814975347174,56.3141970071903,0.966601934037173,80.64900023626178,-2.556889497020044,train,0.3293051359516616,0.09516616314199396,0.324773413897281,0.22205438066465258,0.30966767371601206,0.30966767371601206,0.1027190332326284,5
18385fe48224fbfa0cd6d17705d9305f857d70ef07b47b55502d04ff71359269,152.0,162.0,0.9999481975401688,38.43802709420894,0.9633865128435812,84.54208592539716,-2.239734207384508,train,0.45770392749244715,0.2039274924471299,0.30060422960725075,0.2084592145015106,0.3580060422960725,0.30060422960725075,0.14954682779456194,5
18385fe48224fbfa0cd6d17705d9305f857d70ef07b47b55502d04ff71359269,154.0,164.0,0.9999863178322632,49.51285319964848,0.9921757157028598,94.9360732870662,-1.7702170755001718,train,0.6601208459214502,0.12537764350453173,0.851963746223565,0.17673716012084592,0.42749244712990936,0.42749244712990936,0.4833836858006042,5
18385fe48224fbfa0cd6d17705d9305f857d70ef07b47b55502d04ff71359269,156.0,166.0,0.9999907306373202,33.691445573575606,0.986894841832594,85.1454270363235,-3.029119761463115,train,0.7371601208459214,0.2280966767371601,0.7099697885196374,0.2039274924471299,0.23716012084592145,0.23716012084592145,0.4818731117824773,5
18385fe48224fbfa0cd6d17705d9305f857d70ef07b47b55502d04ff71359269,158.0,168.0,0.9999764550627008,43.2599526577693,0.9969585910741608,90.8924923381521,-2.016954842736548,train,0.5709969788519638,0.1661631419939577,0.947129909365559,0.18731117824773413,0.3972809667673716,0.3972809667673716,0.38368580060422963,5
18385fe48224fbfa0cd6d17705d9305f857d70ef07b47b55502d04ff71359269,160.0,170.0,0.9999981184630892,61.62025006881664,0.9943443561682672,107.87194107003018,-1.9534448081962292,train,0.9577039274924471,0.055891238670694864,0.9108761329305136,0.13746223564954682,0.40634441087613293,0.40634441087613293,0.7734138972809668,5
18385fe48224fbfa0cd6d17705d9305f857d70ef07b47b55502d04ff71359269,162.0,172.0,0.9997480365285272,59.41125676471171,0.942820861642514,117.349739639299,-3.0568431026509435,train,0.24622356495468278,0.07250755287009064,0.1646525679758308,0.1027190332326284,0.22658610271903323,0.1646525679758308,0.12386706948640483,5
18385fe48224fbfa0cd6d17705d9305f857d70ef07b47b55502d04ff71359269,164.0,174.0,0.9998381817941444,110.71744213314098,0.9867521419247246,121.13424855098204,-2.830351976111197,train,0.28851963746223563,0.004531722054380665,0.7069486404833837,0.09063444108761329,0.2688821752265861,0.2688821752265861,0.19788519637462235,5
18385fe48224fbfa0cd6d17705d9305f857d70ef07b47b55502d04ff71359269,166.0,176.0,0.9950399918342956,40.00350882173169,0.9929856973604658,115.25229836240166,-4.22474213386775,train,0.06042296072507553,0.19184290030211482,0.879154078549849,0.1042296072507553,0.11329305135951662,0.11329305135951662,0.08761329305135952,5
18385fe48224fbfa0cd6d17705d9305f857d70ef07b47b55502d04ff71359269,168.0,178.0,0.9999953206321884,50.62472149236654,0.9804042769655984,128.40071569828288,-3.0299956451092838,train,0.8897280966767371,0.11933534743202417,0.5589123867069486,0.07099697885196375,0.23564954682779457,0.23564954682779457,0.4395770392749245,5
18385fe48224fbfa0cd6d17705d9305f857d70ef07b47b55502d04ff71359269,170.0,180.0,0.999995041330194,25.504188436011,0.9966977108809308,94.41388721789568,-4.644613400822522,train,0.8806646525679759,0.2809667673716012,0.9410876132930514,0.1797583081570997,0.08006042296072508,0.2809667673716012,0.7009063444108762,5
18385fe48224fbfa0cd6d17705d9305f857d70ef07b47b55502d04ff71359269,172.0,182.0,0.9999968868548484,20.509428498466374,0.9907543163675964,87.84875475178023,-5.377862322411189,train,0.9425981873111783,0.31419939577039274,0.8096676737160121,0.19486404833836857,0.045317220543806644,0.31419939577039274,0.6148036253776435,5
18385fe48224fbfa0cd6d17705d9305f857d70ef07b47b55502d04ff71359269,174.0,184.0,0.9990065805134548,17.198186740417373,0.9721040804783276,86.71971743449053,-3.4184158740813406,train,0.13746223564954682,0.3293051359516616,0.38368580060422963,0.19788519637462235,0.18731117824773413,0.19788519637462235,0.14199395770392748,5
18385fe48224fbfa0cd6d17705d9305f857d70ef07b47b55502d04ff71359269,176.0,186.0,0.999428965676746,14.780271599611307,0.9913517091806684,98.43088246136138,-3.19078384102358,train,0.1661631419939577,0.34441087613293053,0.8338368580060423,0.16314199395770393,0.20694864048338368,0.20694864048338368,0.17824773413897282,5
18385fe48224fbfa0cd6d17705d9305f857d70ef07b47b55502d04ff71359269,178.0,188.0,0.9851812360185388,20.062603848458924,0.968851978319911,82.86413609167093,-4.172728445561288,train,0.02416918429003021,0.3187311178247734,0.3504531722054381,0.21148036253776434,0.11933534743202417,0.21148036253776434,0.19939577039274925,5
18385fe48224fbfa0cd6d17705d9305f857d70ef07b47b55502d04ff71359269,180.0,190.0,0.9999670386898166,17.361004617625536,0.9457654785920075,95.14289490606409,-1.944413431014912,train,0.5241691842900302,0.32779456193353473,0.1782477341389728,0.17522658610271905,0.4108761329305136,0.32779456193353473,0.23262839879154082,5
18385fe48224fbfa0cd6d17705d9305f857d70ef07b47b55502d04ff71359269,182.0,192.0,0.99999015153196,31.46115259078153,0.945912156191481,96.00224277120104,-3.755540347735362,train,0.7250755287009063,0.24622356495468278,0.1797583081570997,0.17220543806646527,0.14350453172205438,0.1797583081570997,0.07401812688821752,5
18385fe48224fbfa0cd6d17705d9305f857d70ef07b47b55502d04ff71359269,184.0,194.0,0.9999942903107176,32.68206437602171,0.9897591721289418,81.78943213476543,-5.981029966395741,train,0.8564954682779456,0.24018126888217523,0.7885196374622356,0.2175226586102719,0.019637462235649546,0.24018126888217523,0.5709969788519638,5
18385fe48224fbfa0cd6d17705d9305f857d70ef07b47b55502d04ff71359269,186.0,196.0,0.999572755366124,28.12309213995976,0.9691187467268824,89.95559593529619,-2.719649153098433,train,0.1933534743202417,0.26586102719033233,0.35196374622356497,0.18882175226586104,0.2764350453172205,0.26586102719033233,0.08308157099697883,5
18385fe48224fbfa0cd6d17705d9305f857d70ef07b47b55502d04ff71359269,188.0,198.0,0.999991527651248,31.144911521328904,0.9851545254010664,76.04347170704513,-2.521886885024281,train,0.7552870090634441,0.24924471299093656,0.6616314199395771,0.23564954682779457,0.31419939577039274,0.31419939577039274,0.41238670694864055,5
18385fe48224fbfa0cd6d17705d9305f857d70ef07b47b55502d04ff71359269,190.0,200.0,0.9999967431144816,35.89874873207681,0.9940002514817836,67.85513901863737,-3.23483435362682,train,0.9350453172205438,0.2175226586102719,0.9018126888217523,0.2537764350453172,0.20241691842900303,0.2537764350453172,0.6842900302114804,5
18385fe48224fbfa0cd6d17705d9305f857d70ef07b47b55502d04ff71359269,192.0,202.0,0.9999986922338908,34.08970248156216,0.9847762914581184,75.33611395927399,-5.415904114869911,train,0.9697885196374623,0.22507552870090636,0.6510574018126888,0.23867069486404835,0.04229607250755287,0.23867069486404835,0.4259818731117824,5
18385fe48224fbfa0cd6d17705d9305f857d70ef07b47b55502d04ff71359269,194.0,204.0,0.9999944483764645,43.26822599978556,0.9858219504065502,86.64763624275784,-1.508129737045609,train,0.8655589123867069,0.1646525679758308,0.676737160120846,0.19939577039274925,0.4471299093655589,0.4471299093655589,0.4773413897280967,5
18385fe48224fbfa0cd6d17705d9305f857d70ef07b47b55502d04ff71359269,196.0,206.0,0.9971262490294848,56.32131333809333,0.9655350381401988,66.32189253493526,-4.83432498651382,train,0.08610271903323263,0.09365558912386707,0.31419939577039274,0.256797583081571,0.0634441087613293,0.09365558912386707,0.1706948640483384,5
18385fe48224fbfa0cd6d17705d9305f857d70ef07b47b55502d04ff71359269,198.0,208.0,0.99998024301615,77.39154861995793,0.9969585910741608,69.15898508692868,-1.823807046378488,train,0.595166163141994,0.03172205438066465,0.947129909365559,0.24924471299093656,0.4244712990936556,0.4244712990936556,0.34592145015105746,5
18385fe48224fbfa0cd6d17705d9305f857d70ef07b47b55502d04ff71359269,200.0,210.0,0.9999937125436836,57.77345355127498,0.9627996729195106,70.44368658186458,-2.16788804476881,train,0.8293051359516617,0.08459214501510574,0.297583081570997,0.24622356495468278,0.3731117824773414,0.297583081570997,0.1268882175226586,5
18385fe48224fbfa0cd6d17705d9305f857d70ef07b47b55502d04ff71359269,202.0,212.0,0.9999889060165283,50.10011738829364,0.9585983475003672,53.140134096060805,-2.654813124710392,train,0.7069486404833837,0.12084592145015106,0.26586102719033233,0.29607250755287007,0.2945619335347432,0.2945619335347432,0.030211480362537735,5
18385fe48224fbfa0cd6d17705d9305f857d70ef07b47b55502d04ff71359269,204.0,214.0,0.9999851499434508,20.88965829925095,0.9812707780605544,36.27284187232784,-3.578323648492459,train,0.6419939577039275,0.3081570996978852,0.5876132930513596,0.3338368580060423,0.1661631419939577,0.3338368580060423,0.2794561933534744,5
18385fe48224fbfa0cd6d17705d9305f857d70ef07b47b55502d04ff71359269,206.0,216.0,0.9999093026113076,17.047513184505885,0.9898050125388502,24.122599938893785,-4.720781608873439,train,0.3610271903323263,0.33081570996978854,0.7915407854984894,0.3549848942598187,0.07401812688821752,0.3549848942598187,0.030211480362537735,5
18385fe48224fbfa0cd6d17705d9305f857d70ef07b47b55502d04ff71359269,208.0,218.0,0.98951886785955,16.372961133446072,0.9326760326971094,13.217241322212084,-3.595192554409971,train,0.03474320241691843,0.3338368580060423,0.11178247734138973,0.3716012084592145,0.16314199395770393,0.16314199395770393,0.22205438066465255,5
18385fe48224fbfa0cd6d17705d9305f857d70ef07b47b55502d04ff71359269,210.0,220.0,0.999868288662981,3.0383533729718564,0.9730892340583016,3.0418704882489,-2.3098627889976404,train,0.31268882175226587,0.4033232628398791,0.40634441087613293,0.41389728096676737,0.34894259818731116,0.4033232628398791,0.057401812688821774,5
18385fe48224fbfa0cd6d17705d9305f857d70ef07b47b55502d04ff71359269,212.0,222.0,0.9999932104978616,2.127498922971826,0.994627085991493,1.996789814783124,-2.481486433034459,train,0.8096676737160121,0.4244712990936556,0.918429003021148,0.4229607250755287,0.3202416918429003,0.4244712990936556,0.38670694864048344,5
18385fe48224fbfa0cd6d17705d9305f857d70ef07b47b55502d04ff71359269,214.0,224.0,0.9999914073750512,1.1090469749642606,0.9914928411739892,1.195763157384497,-2.0074913128906093,train,0.7507552870090635,0.4652567975830816,0.8368580060422961,0.44561933534743203,0.3987915407854985,0.4652567975830816,0.30513595166163143,5
18385fe48224fbfa0cd6d17705d9305f857d70ef07b47b55502d04ff71359269,216.0,226.0,0.9999966455767056,1.574545408597802,0.9865953301049278,1.4813194343266816,-1.9610832160818816,train,0.9259818731117825,0.44108761329305135,0.6963746223564955,0.43655589123867067,0.40483383685800606,0.44108761329305135,0.25981873111782483,5
18385fe48224fbfa0cd6d17705d9305f857d70ef07b47b55502d04ff71359269,218.0,228.0,0.999942746534594,1.614919963556199,0.942475335914987,1.3725105965504716,-1.3152959192626532,train,0.44410876132930516,0.4395770392749245,0.16314199395770393,0.44108761329305135,0.46827794561933533,0.44108761329305135,0.004531722054380682,5
27937681c8199780c6cbce603f217d5a4457c351e84fa3cd7cfc62bfd270c550,0.0,10.0,0.9998990101642106,0.9509014453485022,0.9918829794289128,1.070633571895423,-1.068566849484807,train,0.34441087613293053,0.4788519637462236,0.8413897280966768,0.45317220543806647,0.5211480362537765,0.4788519637462236,0.06797583081571001,5
27937681c8199780c6cbce603f217d5a4457c351e84fa3cd7cfc62bfd270c550,2.0,12.0,0.9573627080844698,0.0751298528857321,0.8021847085245646,0.056444281513543,-0.48148568734522,train,0.006042296072507553,0.8036253776435045,0.0075528700906344415,0.8353474320241692,0.9682779456193353,0.8036253776435045,0.8277945619335347,5
27937681c8199780c6cbce603f217d5a4457c351e84fa3cd7cfc62bfd270c550,4.0,14.0,0.9999832046158796,0.025471508001904,0.9765486850019856,0.022289158717611,-0.5598926594913298,train,0.620845921450151,1.0,0.48489425981873113,1.0,0.9138972809667674,0.9138972809667674,0.37915407854984895,5
27937681c8199780c6cbce603f217d5a4457c351e84fa3cd7cfc62bfd270c550,6.0,16.0,0.9998849810985498,0.054672758987343,0.8861830146241161,0.0515177170920826,-0.5068642486828929,train,0.33081570996978854,0.8806646525679759,0.028700906344410877,0.8640483383685801,0.9652567975830816,0.8640483383685801,0.5498489425981874,5
27937681c8199780c6cbce603f217d5a4457c351e84fa3cd7cfc62bfd270c550,8.0,18.0,0.9949802261391024,0.1862202212150907,0.978669017533102,0.1675326920275532,-0.3727786309341661,train,0.05891238670694864,0.6616314199395771,0.5181268882175226,0.6722054380664653,0.9924471299093656,0.6616314199395771,0.15407854984894265,5
27937681c8199780c6cbce603f217d5a4457c351e84fa3cd7cfc62bfd270c550,10.0,20.0,0.9952889124184654,0.2239062295533364,0.985751704257416,0.1962892565600629,-0.3281701372208165,train,0.06646525679758308,0.622356495468278,0.675226586102719,0.6193353474320241,0.9969788519637462,0.622356495468278,0.0558912386706949,5
27937681c8199780c6cbce603f217d5a4457c351e84fa3cd7cfc62bfd270c550,12.0,22.0,0.9962934370290402,0.222462228333408,0.9818200405531156,0.190643418394882,-0.3110518076377674,train,0.07401812688821752,0.6238670694864048,0.5981873111782477,0.6299093655589124,0.9984894259818731,0.6238670694864048,0.031722054380664666,5
27937681c8199780c6cbce603f217d5a4457c351e84fa3cd7cfc62bfd270c550,14.0,24.0,0.9967721989093162,0.2133173148346037,0.9770002669276944,0.1882874048992535,-0.3081889983129042,train,0.08006042296072508,0.6253776435045317,0.49395770392749244,0.6344410876132931,1.0,0.6253776435045317,0.14048338368580066,5
27937681c8199780c6cbce603f217d5a4457c351e84fa3cd7cfc62bfd270c550,16.0,26.0,0.9982386030970162,0.1914419863061583,0.9241531668240844,0.1587096668832018,-0.3331172851756094,train,0.1042296072507553,0.6510574018126888,0.09214501510574018,0.6782477341389728,0.9954682779456193,0.6510574018126888,0.5740181268882175,5
27937681c8199780c6cbce603f217d5a4457c351e84fa3cd7cfc62bfd270c550,18.0,28.0,0.999230093741877,0.0518753511258468,0.957196763885136,0.0444282025781629,-0.4991474833592168,train,0.14954682779456194,0.9078549848942599,0.25226586102719034,0.9199395770392749,0.9667673716012085,0.9078549848942599,0.6676737160120845,5
27937681c8199780c6cbce603f217d5a4457c351e84fa3cd7cfc62bfd270c550,20.0,30.0,0.999869582165084,0.0289480425641901,0.9226541468524608,0.0245615581110551,-0.5250019571347856,train,0.3157099697885196,0.9909365558912386,0.0891238670694864,0.9969788519637462,0.9531722054380665,0.9531722054380665,0.675226586102719,5
27937681c8199780c6cbce603f217d5a4457c351e84fa3cd7cfc62bfd270c550,22.0,32.0,0.9999354516322182,0.0299502145086092,0.9475071051131316,0.0259090923944097,-0.5485284433065551,train,0.4259818731117825,0.986404833836858,0.18277945619335348,0.9879154078549849,0.9365558912386707,0.9365558912386707,0.5604229607250755,5
27937681c8199780c6cbce603f217d5a4457c351e84fa3cd7cfc62bfd270c550,24.0,34.0,0.9999666874036182,0.0316801114000022,0.9383380172370338,0.0276063616849278,-0.5491523111118928,train,0.5166163141993958,0.9818731117824774,0.13746223564954682,0.9818731117824774,0.9350453172205438,0.9350453172205438,0.4652567975830816,5
27937681c8199780c6cbce603f217d5a4457c351e84fa3cd7cfc62bfd270c550,26.0,36.0,0.9999423549392968,0.0370324688547561,0.9454103037850567,0.0342794170863692,-0.5425129466234054,train,0.4425981873111782,0.9637462235649547,0.17673716012084592,0.9607250755287009,0.945619335347432,0.945619335347432,0.5181268882175227,5
27937681c8199780c6cbce603f217d5a4457c351e84fa3cd7cfc62bfd270c550,28.0,38.0,0.9999564644033964,0.0404615147261525,0.9590357692923897,0.0382091765066745,-0.529789523721951,train,0.4743202416918429,0.959214501510574,0.27341389728096677,0.9501510574018127,0.9501510574018127,0.9501510574018127,0.4758308157099698,5
27937681c8199780c6cbce603f217d5a4457c351e84fa3cd7cfc62bfd270c550,30.0,40.0,0.999977777274208,0.045113671798567,0.9548913980414788,0.044270488795854,-0.5401911602690206,train,0.5876132930513596,0.945619335347432,0.2326283987915408,0.9214501510574018,0.947129909365559,0.9214501510574018,0.35800604229607247,5
27937681c8199780c6cbce603f217d5a4457c351e84fa3cd7cfc62bfd270c550,32.0,42.0,0.9999891341999918,0.0494003083346368,0.9602465987671898,0.0498063662690147,-0.5470818858381008,train,0.7145015105740181,0.9259818731117825,0.2809667673716012,0.8761329305135952,0.9425981873111783,0.8761329305135952,0.21148036253776437,5
27937681c8199780c6cbce603f217d5a4457c351e84fa3cd7cfc62bfd270c550,34.0,44.0,0.9999855881007034,0.0568958765140812,0.948506350311446,0.0554843886944529,-0.5614500631975771,train,0.648036253776435,0.8670694864048338,0.18882175226586104,0.8368580060422961,0.9123867069486404,0.8368580060422961,0.2190332326283988,5
27937681c8199780c6cbce603f217d5a4457c351e84fa3cd7cfc62bfd270c550,36.0,46.0,0.9999752437957828,0.05781448122993,0.9402369150786442,0.0578998502657806,-0.5709806520542823,train,0.5649546827794562,0.8610271903323263,0.14954682779456194,0.8277945619335347,0.9018126888217523,0.8277945619335347,0.2960725075528702,5
27937681c8199780c6cbce603f217d5a4457c351e84fa3cd7cfc62bfd270c550,38.0,48.0,0.999970634987717,0.0609357495026532,0.9596532837487792,0.0605109526509416,-0.607706749818966,train,0.540785498489426,0.8429003021148036,0.27492447129909364,0.8217522658610272,0.8595166163141994,0.8217522658610272,0.30211480362537757,5
27937681c8199780c6cbce603f217d5a4457c351e84fa3cd7cfc62bfd270c550,40.0,50.0,0.9999728396460772,0.0623229714876943,0.9588489894582378,0.0616573236130869,-0.6104780724364033,train,0.552870090634441,0.8338368580060423,0.2688821752265861,0.8172205438066465,0.8580060422960725,0.8172205438066465,0.2809667673716013,5
27937681c8199780c6cbce603f217d5a4457c351e84fa3cd7cfc62bfd270c550,42.0,52.0,0.999951998114506,0.0620718116028387,0.9216940094530968,0.0637419483094909,-0.6075773872728747,train,0.46676737160120846,0.8383685800604229,0.08308157099697885,0.8096676737160121,0.8610271903323263,0.8096676737160121,0.37160120845921446,5
27937681c8199780c6cbce603f217d5a4457c351e84fa3cd7cfc62bfd270c550,44.0,54.0,0.999992943568892,0.0610637522759493,0.9437260975199646,0.0619856392303859,-0.6019423604718903,train,0.7945619335347432,0.8398791540785498,0.1691842900302115,0.8157099697885196,0.8670694864048338,0.8157099697885196,0.0453172205438066,5
27937681c8199780c6cbce603f217d5a4457c351e84fa3cd7cfc62bfd270c550,46.0,56.0,0.9999933435697064,0.0635026031808258,0.9567434452249872,0.0625008324833925,-0.6010508063556464,train,0.8187311178247734,0.824773413897281,0.24622356495468278,0.8141993957703928,0.8685800604229608,0.8187311178247734,0.010574018126888185,5
27937681c8199780c6cbce603f217d5a4457c351e84fa3cd7cfc62bfd270c550,48.0,58.0,0.9999509908944338,0.0637737251202372,0.9602465987671898,0.0635661487548888,-0.5442784027763451,train,0.4637462235649547,0.8217522658610272,0.2809667673716012,0.8111782477341389,0.9441087613293051,0.8111782477341389,0.3580060422960725,5
27937681c8199780c6cbce603f217d5a4457c351e84fa3cd7cfc62bfd270c550,50.0,60.0,0.9770120913749964,0.1423915263361088,0.9904078374160292,0.1331541972246761,-0.5765767285543465,train,0.01812688821752266,0.7039274924471299,0.8051359516616314,0.6888217522658611,0.8942598187311178,0.7039274924471299,0.11631419939577037,5
27937681c8199780c6cbce603f217d5a4457c351e84fa3cd7cfc62bfd270c550,52.0,62.0,0.9691899249610578,0.1896109198262997,0.97956042379575,0.1758822862460373,-0.43360249780415,train,0.010574018126888218,0.6555891238670695,0.5332326283987915,0.6616314199395771,0.9758308157099698,0.6555891238670695,0.1283987915407856,5
27937681c8199780c6cbce603f217d5a4457c351e84fa3cd7cfc62bfd270c550,54.0,64.0,0.9701274205350005,0.1851290482700517,0.985751704257416,0.1743009133275972,-0.421525145001782,train,0.015105740181268883,0.6661631419939577,0.675226586102719,0.6646525679758308,0.9788519637462235,0.6661631419939577,0.010574018126888185,5
27937681c8199780c6cbce603f217d5a4457c351e84fa3cd7cfc62bfd270c550,56.0,66.0,0.9700746566828742,0.1862080956927888,0.9851288943928994,0.1694696201286476,-0.4146302151382668,train,0.012084592145015106,0.6631419939577039,0.6586102719033232,0.6691842900302115,0.9818731117824774,0.6631419939577039,0.010574018126888296,5
27937681c8199780c6cbce603f217d5a4457c351e84fa3cd7cfc62bfd270c550,58.0,68.0,0.9668919604958912,0.1762538379532691,0.9837651911673084,0.1620060612806529,-0.4266325095499545,train,0.00906344410876133,0.6797583081570997,0.6344410876132931,0.675226586102719,0.9773413897280967,0.675226586102719,0.0453172205438066,5
27937681c8199780c6cbce603f217d5a4457c351e84fa3cd7cfc62bfd270c550,60.0,70.0,0.9996829267171014,0.0897419525253477,0.8722021172322252,0.0863286245243682,-0.5677403018410162,train,0.21148036253776434,0.7688821752265861,0.022658610271903322,0.7552870090634441,0.9063444108761329,0.7552870090634441,0.5574018126888217,5
27937681c8199780c6cbce603f217d5a4457c351e84fa3cd7cfc62bfd270c550,62.0,72.0,0.9999720910679332,0.0443713082859729,0.9765486850019856,0.0417698659145998,-0.5650361468865538,train,0.5498489425981873,0.947129909365559,0.48489425981873113,0.93202416918429,0.9093655589123867,0.9093655589123867,0.3821752265861027,5
27937681c8199780c6cbce603f217d5a4457c351e84fa3cd7cfc62bfd270c550,64.0,74.0,0.9999656688199468,0.0410365001804485,0.9936383170062906,0.0400174065180635,-0.5849016670290743,train,0.5120845921450151,0.9577039274924471,0.8897280966767371,0.947129909365559,0.8821752265861027,0.8897280966767371,0.06495468277945626,5
27937681c8199780c6cbce603f217d5a4457c351e84fa3cd7cfc62bfd270c550,66.0,76.0,0.9999608427128622,0.0427521186730062,0.9899929193257164,0.041636096088877,-0.5906839962890529,train,0.4954682779456193,0.9516616314199395,0.7960725075528701,0.9335347432024169,0.8761329305135952,0.8761329305135952,0.13746223564954685,5
27937681c8199780c6cbce603f217d5a4457c351e84fa3cd7cfc62bfd270c550,68.0,78.0,0.9999933435697064,0.0425689110896067,0.9874955129046288,0.0410399795589171,-0.5914755821901144,train,0.8187311178247734,0.9531722054380665,0.7235649546827795,0.9380664652567976,0.8731117824773413,0.8731117824773413,0.11933534743202423,5
27937681c8199780c6cbce603f217d5a4457c351e84fa3cd7cfc62bfd270c550,70.0,80.0,0.999992943568892,0.0411776092360526,0.9872725679725018,0.0414562051168108,-0.5909460728344298,train,0.7945619335347432,0.9561933534743202,0.7190332326283988,0.9350453172205438,0.8746223564954683,0.8746223564954683,0.1404833836858006,5
27937681c8199780c6cbce603f217d5a4457c351e84fa3cd7cfc62bfd270c550,72.0,82.0,0.9999855881007034,0.0368422426960989,0.9938034080167548,0.03502254589542,-0.5714639313619366,train,0.648036253776435,0.9667673716012085,0.8972809667673716,0.9561933534743202,0.8987915407854985,0.8987915407854985,0.05891238670694865,5
27937681c8199780c6cbce603f217d5a4457c351e84fa3cd7cfc62bfd270c550,74.0,84.0,0.9999787973736504,0.0348846062035663,0.9894457273696156,0.0318231611870361,-0.5595833615103512,train,0.5921450151057401,0.9758308157099698,0.7779456193353474,0.9712990936555891,0.9169184290030211,0.9169184290030211,0.19335347432024164,5
27937681c8199780c6cbce603f217d5a4457c351e84fa3cd7cfc62bfd270c550,76.0,86.0,0.9999381165476848,0.0304184132665954,0.9890845904582316,0.0282939058723731,-0.5564751604837483,train,0.42900302114803623,0.9848942598187311,0.7719033232628398,0.9758308157099698,0.9214501510574018,0.9214501510574018,0.20392749244712993,5
27937681c8199780c6cbce603f217d5a4457c351e84fa3cd7cfc62bfd270c550,78.0,88.0,0.9999666874036182,0.0289091770406941,0.9936421919525602,0.0255988451909169,-0.5553481065373741,train,0.5166163141993958,0.9924471299093656,0.8927492447129909,0.9924471299093656,0.9244712990936556,0.9244712990936556,0.09969788519637468,5
27937681c8199780c6cbce603f217d5a4457c351e84fa3cd7cfc62bfd270c550,80.0,90.0,0.9999581372596084,0.0267274335937557,0.990362234575208,0.0232936673998857,-0.5518139905604732,train,0.4879154078549849,0.9984894259818731,0.8021148036253777,0.9984894259818731,0.93202416918429,0.93202416918429,0.1963746223564954,5
27937681c8199780c6cbce603f217d5a4457c351e84fa3cd7cfc62bfd270c550,82.0,92.0,0.999888884726754,0.0280355907734768,0.9863508405406142,0.0247564149237905,-0.5482164808975724,train,0.3338368580060423,0.9954682779456193,0.6903323262839879,0.9954682779456193,0.9395770392749244,0.9395770392749244,0.30513595166163143,5
27937681c8199780c6cbce603f217d5a4457c351e84fa3cd7cfc62bfd270c550,84.0,94.0,0.9999680176616368,0.0297188247539679,0.986662669954644,0.0258973352723324,-0.5482259798782938,train,0.5287009063444109,0.9879154078549849,0.7039274924471299,0.9894259818731118,0.9380664652567976,0.9380664652567976,0.28398791540785495,5
27937681c8199780c6cbce603f217d5a4457c351e84fa3cd7cfc62bfd270c550,86.0,96.0,0.9999891341999918,0.0274509038644198,0.9872387586386352,0.0249588262329147,-0.5513078042478583,train,0.7145015105740181,0.9969788519637462,0.7175226586102719,0.9939577039274925,0.9335347432024169,0.9335347432024169,0.27643504531722063,5
27937681c8199780c6cbce603f217d5a4457c351e84fa3cd7cfc62bfd270c550,88.0,98.0,0.999972221485428,0.0308205257125837,0.9938034080167548,0.0280823896205857,-0.5545853498460495,train,0.5513595166163142,0.9833836858006042,0.8972809667673716,0.9788519637462235,0.9259818731117825,0.9259818731117825,0.08157099697885195,5
27937681c8199780c6cbce603f217d5a4457c351e84fa3cd7cfc62bfd270c550,90.0,100.0,0.9999656688199468,0.0344745673712625,0.9885236181422627,0.0312905513530358,-0.5634555185298188,train,0.5120845921450151,0.9803625377643505,0.7552870090634441,0.972809667673716,0.9108761329305136,0.9108761329305136,0.21752265861027187,5
27937681c8199780c6cbce603f217d5a4457c351e84fa3cd7cfc62bfd270c550,92.0,102.0,0.9999331872493868,0.0369124465260271,0.993428655968548,0.0321218022143231,-0.5711046042967594,train,0.4214501510574018,0.9652567975830816,0.8851963746223565,0.9682779456193353,0.9003021148036254,0.9003021148036254,0.08006042296072513,5
27937681c8199780c6cbce603f217d5a4457c351e84fa3cd7cfc62bfd270c550,94.0,104.0,0.9999069751154636,0.0348266999403568,0.99252117112403,0.0318572210668846,-0.574843787896291,train,0.35347432024169184,0.9773413897280967,0.8625377643504532,0.9697885196374623,0.8957703927492447,0.8957703927492447,0.10725075528700911,5
27937681c8199780c6cbce603f217d5a4457c351e84fa3cd7cfc62bfd270c550,96.0,106.0,0.9999240466956876,0.0360265137404382,0.99326946693291,0.0330533761860585,-0.5794868348099448,train,0.39274924471299094,0.9712990936555891,0.8821752265861027,0.9652567975830816,0.8897280966767371,0.8897280966767371,0.08308157099697888,5
27937681c8199780c6cbce603f217d5a4457c351e84fa3cd7cfc62bfd270c550,98.0,108.0,0.9999720910679332,0.037709535465286,0.9936421919525602,0.0334979163357547,-0.5797342364043091,train,0.5498489425981873,0.9622356495468278,0.8927492447129909,0.9637462235649547,0.8882175226586103,0.8927492447129909,0.07401812688821752,5
27937681c8199780c6cbce603f217d5a4457c351e84fa3cd7cfc62bfd270c550,100.0,110.0,0.9999218777508456,0.0363395149213741,0.9926958768284724,0.0328911900014294,-0.5778818835308656,train,0.38821752265861026,0.9697885196374623,0.8731117824773413,0.9667673716012085,0.8927492447129909,0.8927492447129909,0.09365558912386718,5
27937681c8199780c6cbce603f217d5a4457c351e84fa3cd7cfc62bfd270c550,102.0,112.0,0.999960834964198,0.0474254361418887,0.9742449181456232,0.0439220521478366,-0.5188603807629182,train,0.49395770392749244,0.9350453172205438,0.4395770392749245,0.9259818731117825,0.9577039274924471,0.9259818731117825,0.4410876132930514,5
27937681c8199780c6cbce603f217d5a4457c351e84fa3cd7cfc62bfd270c550,104.0,114.0,0.999630693080844,0.1439786692916432,0.9327751658086054,0.1028637016061143,-0.603185694751185,train,0.20090634441087613,0.6993957703927492,0.11329305135951662,0.7311178247734139,0.8655589123867069,0.6993957703927492,0.5302114803625377,5
27937681c8199780c6cbce603f217d5a4457c351e84fa3cd7cfc62bfd270c550,106.0,116.0,0.999900660416142,0.4321142059076648,0.9884048026178642,0.2730977843115889,-1.044299307713078,train,0.3474320241691843,0.5845921450151057,0.7507552870090635,0.5996978851963746,0.5302114803625377,0.5845921450151057,0.06948640483383683,5
27937681c8199780c6cbce603f217d5a4457c351e84fa3cd7cfc62bfd270c550,108.0,118.0,0.9994078096377056,0.7554016353064462,0.9909030758847636,0.5987710121870242,-0.5527301838096117,train,0.16314199395770393,0.5045317220543807,0.8126888217522659,0.5196374622356495,0.9290030211480362,0.5196374622356495,0.3081570996978852,5
27937681c8199780c6cbce603f217d5a4457c351e84fa3cd7cfc62bfd270c550,110.0,120.0,0.982266390508688,0.7554875110278962,0.9855547102933891,0.6913001392727127,-0.405524141009177,train,0.021148036253776436,0.5030211480362538,0.6676737160120846,0.4954682779456193,0.986404833836858,0.5030211480362538,0.17220543806646527,5
27937681c8199780c6cbce603f217d5a4457c351e84fa3cd7cfc62bfd270c550,112.0,122.0,0.9891733167047136,0.6776063958878474,0.9866597599922344,0.6802983348765919,-0.4163644041381638,train,0.03323262839879154,0.5226586102719033,0.702416918429003,0.5015105740181269,0.9803625377643505,0.5226586102719033,0.20090634441087607,5
27937681c8199780c6cbce603f217d5a4457c351e84fa3cd7cfc62bfd270c550,114.0,124.0,0.987760935126604,0.5554177159605718,0.9805089079097172,0.6188090997717036,-0.4067909288102583,train,0.03172205438066465,0.5483383685800605,0.5634441087613293,0.5120845921450151,0.9833836858006042,0.5483383685800605,0.051359516616314216,5
27937681c8199780c6cbce603f217d5a4457c351e84fa3cd7cfc62bfd270c550,116.0,126.0,0.9999326341139272,0.4555138393431956,0.9773860364365612,0.4461156420773948,-0.7048330296307695,train,0.41842900302114805,0.5785498489425982,0.4984894259818731,0.5604229607250756,0.702416918429003,0.5604229607250756,0.08006042296072508,5
27937681c8199780c6cbce603f217d5a4457c351e84fa3cd7cfc62bfd270c550,118.0,128.0,0.9942576843897888,0.1198467910422859,0.8283860233518013,0.1084425052067281,-0.6201575054807038,train,0.055891238670694864,0.7386706948640483,0.010574018126888218,0.7190332326283988,0.8459214501510574,0.7190332326283988,0.6827794561933535,5
27937681c8199780c6cbce603f217d5a4457c351e84fa3cd7cfc62bfd270c550,120.0,130.0,0.9987052993220542,0.0290119405461385,0.8562815557115371,0.0263837557062557,-0.5987961443349982,train,0.11782477341389729,0.9894259818731118,0.013595166163141994,0.9848942598187311,0.8700906344410876,0.8700906344410876,0.8670694864048338,5
27937681c8199780c6cbce603f217d5a4457c351e84fa3cd7cfc62bfd270c550,122.0,132.0,0.9986276288772896,0.0287228700098787,0.8813955940824643,0.0277429759698437,-0.6112162644904076,train,0.11329305135951662,0.9939577039274925,0.027190332326283987,0.9803625377643505,0.8564954682779456,0.8564954682779456,0.8670694864048338,5
27937681c8199780c6cbce603f217d5a4457c351e84fa3cd7cfc62bfd270c550,124.0,134.0,0.9984657121668,0.0364039564010101,0.9004163819275823,0.03449968795608,-0.568616735317182,train,0.11027190332326284,0.9682779456193353,0.045317220543806644,0.9577039274924471,0.904833836858006,0.904833836858006,0.8474320241691843,5
27937681c8199780c6cbce603f217d5a4457c351e84fa3cd7cfc62bfd270c550,126.0,136.0,0.9958384260951908,1.9992005254404377,0.9970086652613196,1.7998377677592845,-1.952923239605747,train,0.07099697885196375,0.42900302114803623,0.9501510574018127,0.42900302114803623,0.4078549848942598,0.42900302114803623,0.021148036253776425,5
27937681c8199780c6cbce603f217d5a4457c351e84fa3cd7cfc62bfd270c550,128.0,138.0,0.9955819251339924,20.19639182645055,0.9954866604451876,13.964343473544732,-3.942691944001664,train,0.06797583081570997,0.31722054380664655,0.9259818731117825,0.3685800604229607,0.13141993957703926,0.31722054380664655,0.23716012084592145,5
27937681c8199780c6cbce603f217d5a4457c351e84fa3cd7cfc62bfd270c550,130.0,140.0,0.9999869086195128,27.96430799297315,0.9961415067007136,41.54938470351996,-4.337390976806413,train,0.6722054380664653,0.2673716012084592,0.9365558912386707,0.324773413897281,0.10120845921450151,0.324773413897281,0.40483383685800606,5
27937681c8199780c6cbce603f217d5a4457c351e84fa3cd7cfc62bfd270c550,132.0,142.0,0.9999887384319662,34.477039021558795,0.9801982134211124,79.92796073363398,-3.138347305539632,train,0.6963746223564955,0.22356495468277945,0.554380664652568,0.22507552870090636,0.21148036253776434,0.22507552870090636,0.3308157099697885,5
27937681c8199780c6cbce603f217d5a4457c351e84fa3cd7cfc62bfd270c550,134.0,144.0,0.9999901425794404,50.90508830658485,0.9760788022113688,108.00910651055172,-2.721051672786747,train,0.7235649546827795,0.11782477341389729,0.47583081570996977,0.13595166163141995,0.27492447129909364,0.27492447129909364,0.33987915407854985,5
27937681c8199780c6cbce603f217d5a4457c351e84fa3cd7cfc62bfd270c550,136.0,146.0,0.9968769554379002,53.272850166494,0.9642565606805568,136.1656469868836,-4.110464419173599,train,0.08157099697885196,0.10574018126888217,0.3066465256797583,0.055891238670694864,0.12537764350453173,0.10574018126888217,0.04380664652567977,5
27937681c8199780c6cbce603f217d5a4457c351e84fa3cd7cfc62bfd270c550,138.0,148.0,0.9999472289958292,38.662306606873344,0.958383767460974,153.05298107635093,-4.871157861000092,train,0.4561933534743202,0.19939577039274925,0.2628398791540785,0.013595166163141994,0.05740181268882175,0.19939577039274925,0.20543806646525678,5
27937681c8199780c6cbce603f217d5a4457c351e84fa3cd7cfc62bfd270c550,140.0,150.0,0.9999952885058184,57.13672304388727,0.9851545254010664,132.92968308749823,-3.243626921483131,train,0.8882175226586103,0.08761329305135952,0.6616314199395771,0.061933534743202415,0.19939577039274925,0.19939577039274925,0.5740181268882175,5
27937681c8199780c6cbce603f217d5a4457c351e84fa3cd7cfc62bfd270c550,142.0,152.0,0.9999772279460016,41.42380225327058,0.9769256027068716,126.93919854584398,-3.035167112043085,train,0.5785498489425982,0.18126888217522658,0.49244712990936557,0.07854984894259819,0.2326283987915408,0.2326283987915408,0.311178247734139,5
27937681c8199780c6cbce603f217d5a4457c351e84fa3cd7cfc62bfd270c550,144.0,154.0,0.9999838562300266,38.562210449658885,0.9486687864687284,118.5630124510036,-2.6462236972903983,train,0.6314199395770392,0.20241691842900303,0.19637462235649547,0.09818731117824774,0.29607250755287007,0.20241691842900303,0.0996978851963746,5
27937681c8199780c6cbce603f217d5a4457c351e84fa3cd7cfc62bfd270c550,146.0,156.0,0.9988132920393488,45.00203782575052,0.9703611444230246,111.33802403725691,-4.345673829165976,train,0.12537764350453173,0.15256797583081572,0.36555891238670696,0.12537764350453173,0.09969788519637462,0.12537764350453173,0.027190332326283984,5
27937681c8199780c6cbce603f217d5a4457c351e84fa3cd7cfc62bfd270c550,148.0,158.0,0.998642066408292,76.48449679202866,0.9301043747075004,121.82790540427736,-4.694533295080633,train,0.1163141993957704,0.03323262839879154,0.1042296072507553,0.08761329305135952,0.0770392749244713,0.08761329305135952,0.027190332326283997,5
27937681c8199780c6cbce603f217d5a4457c351e84fa3cd7cfc62bfd270c550,150.0,160.0,0.9999926846056684,85.12872633086768,0.9749900941912608,136.72275139488008,-2.458252617313299,train,0.783987915407855,0.01812688821752266,0.45770392749244715,0.054380664652567974,0.32326283987915405,0.32326283987915405,0.4033232628398792,5
27937681c8199780c6cbce603f217d5a4457c351e84fa3cd7cfc62bfd270c550,152.0,162.0,0.9999916656985562,61.00346814750991,0.9768299832684162,127.29440597392922,-3.521031704013064,train,0.7628398791540786,0.0649546827794562,0.4909365558912387,0.0755287009063444,0.1782477341389728,0.1782477341389728,0.4154078549848943,5
27937681c8199780c6cbce603f217d5a4457c351e84fa3cd7cfc62bfd270c550,154.0,164.0,0.9999953781265378,65.68512478197177,0.991334360645736,141.43917076713186,-3.6928467902129194,train,0.8912386706948641,0.04078549848942598,0.8323262839879154,0.04380664652567976,0.15256797583081572,0.15256797583081572,0.7885196374622356,5
27937681c8199780c6cbce603f217d5a4457c351e84fa3cd7cfc62bfd270c550,156.0,166.0,0.9999272457035284,81.47263356029978,0.9788586963763716,151.88403226868869,-2.691725832109412,train,0.3972809667673716,0.027190332326283987,0.5226586102719033,0.01812688821752266,0.28700906344410876,0.28700906344410876,0.37009063444108764,5
27937681c8199780c6cbce603f217d5a4457c351e84fa3cd7cfc62bfd270c550,158.0,168.0,0.9999117312378104,78.69368084283872,0.9768006031656178,149.7518284806371,-2.867580422680465,train,0.36555891238670696,0.030211480362537766,0.48942598187311176,0.021148036253776436,0.2598187311178248,0.2598187311178248,0.33534743202416917,5
27937681c8199780c6cbce603f217d5a4457c351e84fa3cd7cfc62bfd270c550,160.0,170.0,0.999908432267398,145.9304615416791,0.9163165423074976,161.13159613051556,-3.203840227639831,train,0.3564954682779456,0.0015105740181268882,0.07099697885196375,0.006042296072507553,0.2054380664652568,0.07099697885196375,0.19939577039274925,5
27937681c8199780c6cbce603f217d5a4457c351e84fa3cd7cfc62bfd270c550,162.0,172.0,0.9998894181314328,101.49321432358012,0.984634755832805,151.39872048731482,-3.4883707340787957,train,0.33534743202416917,0.010574018126888218,0.649546827794562,0.019637462235649546,0.1797583081570997,0.1797583081570997,0.3157099697885196,5
27937681c8199780c6cbce603f217d5a4457c351e84fa3cd7cfc62bfd270c550,164.0,174.0,0.9999877327779249,83.14884884305077,0.9678403112258788,180.2827695796949,-3.8555496037685137,train,0.6797583081570997,0.0256797583081571,0.338368580060423,0.0015105740181268882,0.13746223564954682,0.13746223564954682,0.31268882175226587,5
27937681c8199780c6cbce603f217d5a4457c351e84fa3cd7cfc62bfd270c550,166.0,176.0,0.9999863001961224,58.54744626753109,0.9695285041281132,160.7387209890415,-3.737018370473802,train,0.6586102719033232,0.0770392749244713,0.35347432024169184,0.0075528700906344415,0.14652567975830816,0.14652567975830816,0.2764350453172205,5
27937681c8199780c6cbce603f217d5a4457c351e84fa3cd7cfc62bfd270c550,168.0,178.0,0.99999400336972,58.50250623345413,0.9708665802686024,154.25127436787454,-3.640801477746802,train,0.8398791540785498,0.08006042296072508,0.3716012084592145,0.012084592145015106,0.15861027190332327,0.15861027190332327,0.29154078549848944,5
27937681c8199780c6cbce603f217d5a4457c351e84fa3cd7cfc62bfd270c550,170.0,180.0,0.9987314756182162,62.10106218678416,0.957093274218673,147.35908211242037,-4.207032795114144,train,0.12235649546827794,0.054380664652567974,0.25075528700906347,0.0256797583081571,0.1163141993957704,0.1163141993957704,0.06797583081570996,5
27937681c8199780c6cbce603f217d5a4457c351e84fa3cd7cfc62bfd270c550,172.0,182.0,0.999988746457324,67.44538394517605,0.9835469459204752,165.0754982576299,-3.013759547057428,train,0.6993957703927492,0.03625377643504532,0.6283987915407855,0.0030211480362537764,0.23867069486404835,0.23867069486404835,0.5921450151057401,5
27937681c8199780c6cbce603f217d5a4457c351e84fa3cd7cfc62bfd270c550,174.0,184.0,0.9996886811010514,67.23417878715979,0.9588726659968052,146.63587560992033,-3.6007329314753416,train,0.21450151057401812,0.0377643504531722,0.2719033232628399,0.027190332326283987,0.16163141993957703,0.16163141993957703,0.17673716012084592,5
27937681c8199780c6cbce603f217d5a4457c351e84fa3cd7cfc62bfd270c550,176.0,186.0,0.9999821026194056,39.8949643337701,0.9816876643890108,143.84447842605226,-2.21155727004751,train,0.6102719033232629,0.19637462235649547,0.5936555891238671,0.03474320241691843,0.3610271903323263,0.3610271903323263,0.39728096676737157,5
27937681c8199780c6cbce603f217d5a4457c351e84fa3cd7cfc62bfd270c550,178.0,188.0,0.9999975623418372,40.28285426442606,0.9794568417310702,131.93553147702852,-2.68362807360278,train,0.9516616314199395,0.18731117824773413,0.527190332326284,0.0649546827794562,0.29003021148036257,0.29003021148036257,0.33987915407854985,5
27937681c8199780c6cbce603f217d5a4457c351e84fa3cd7cfc62bfd270c550,180.0,190.0,0.9999786253090172,58.53853038341771,0.9414173513404236,152.51713457750526,-2.345250755430517,train,0.5906344410876133,0.07854984894259819,0.15709969788519637,0.01661631419939577,0.3429003021148036,0.15709969788519637,0.2643504531722054,5
27937681c8199780c6cbce603f217d5a4457c351e84fa3cd7cfc62bfd270c550,182.0,192.0,0.9999777310156508,57.66096463409823,0.9845536401693424,133.36603612803316,-4.422005062427453,train,0.5861027190332326,0.08610271903323263,0.6465256797583081,0.06042296072507553,0.09365558912386707,0.09365558912386707,0.5,5
27937681c8199780c6cbce603f217d5a4457c351e84fa3cd7cfc62bfd270c550,184.0,194.0,0.9999951792591204,51.12189210748989,0.988708690009816,107.71898829305496,-2.176459253091729,train,0.8867069486404834,0.1163141993957704,0.7613293051359517,0.1404833836858006,0.37009063444108764,0.37009063444108764,0.620845921450151,5
27937681c8199780c6cbce603f217d5a4457c351e84fa3cd7cfc62bfd270c550,186.0,196.0,0.9999950576397474,83.21077350446666,0.9801740688253964,143.60168486185174,-4.8553543011617295,train,0.8821752265861027,0.02416918429003021,0.5513595166163142,0.03625377643504532,0.05891238670694864,0.05891238670694864,0.5151057401812689,5
27937681c8199780c6cbce603f217d5a4457c351e84fa3cd7cfc62bfd270c550,188.0,198.0,0.9999889047732252,97.72976821256218,0.973359542500238,132.43474102487275,-2.9747762675454563,train,0.7039274924471299,0.012084592145015106,0.4123867069486405,0.0634441087613293,0.243202416918429,0.243202416918429,0.3489425981873112,5
27937681c8199780c6cbce603f217d5a4457c351e84fa3cd7cfc62bfd270c550,190.0,200.0,0.9987137018831532,80.6297191096594,0.9609073403882028,108.52773178352624,-3.745384054190184,train,0.11933534743202417,0.028700906344410877,0.283987915407855,0.13444108761329304,0.14501510574018128,0.13444108761329304,0.025679758308157108,5
27937681c8199780c6cbce603f217d5a4457c351e84fa3cd7cfc62bfd270c550,192.0,202.0,0.9999949056883268,64.5556396834813,0.9873800413123258,117.67965642738538,-3.242961430511424,train,0.8761329305135952,0.045317220543806644,0.7220543806646526,0.10120845921450151,0.20090634441087613,0.20090634441087613,0.620845921450151,5
27937681c8199780c6cbce603f217d5a4457c351e84fa3cd7cfc62bfd270c550,194.0,204.0,0.9998960852917462,95.79956620755496,0.938850435626956,112.3947748221736,-2.3816771230609994,train,0.3429003021148036,0.013595166163141994,0.1419939577039275,0.12084592145015106,0.3338368580060423,0.1419939577039275,0.21299093655589124,5
27937681c8199780c6cbce603f217d5a4457c351e84fa3cd7cfc62bfd270c550,196.0,206.0,0.9971262490294848,50.02776819792125,0.7703773694384409,85.14014428058883,-4.853219888303904,train,0.08610271903323263,0.12235649546827794,0.0030211480362537764,0.2054380664652568,0.06042296072507553,0.08610271903323263,0.06193353474320241,5
27937681c8199780c6cbce603f217d5a4457c351e84fa3cd7cfc62bfd270c550,198.0,208.0,0.9997021214856984,33.24407161499848,0.9845136846254736,78.12329534867224,-6.131617628568823,train,0.22356495468277945,0.2311178247734139,0.6435045317220544,0.229607250755287,0.012084592145015106,0.229607250755287,0.007552870090634434,5
27937681c8199780c6cbce603f217d5a4457c351e84fa3cd7cfc62bfd270c550,200.0,210.0,0.9999891636599996,42.161492533832806,0.961933102383446,63.90667809014463,-3.8795222694189664,train,0.716012084592145,0.17522658610271905,0.28851963746223563,0.26586102719033233,0.13595166163141995,0.26586102719033233,0.11329305135951659,5
27937681c8199780c6cbce603f217d5a4457c351e84fa3cd7cfc62bfd270c550,202.0,212.0,0.99998658836035,56.7877054207984,0.9799058907115864,76.27239766928253,-6.094808345722274,train,0.6676737160120846,0.09214501510574018,0.5453172205438066,0.23413897280966767,0.015105740181268883,0.23413897280966767,0.4531722054380664,5
27937681c8199780c6cbce603f217d5a4457c351e84fa3cd7cfc62bfd270c550,204.0,214.0,0.999977237661158,53.44234563591561,0.9911269485876846,63.53130966382775,-4.741092243127407,train,0.581570996978852,0.1042296072507553,0.8262839879154078,0.270392749244713,0.06797583081570997,0.270392749244713,0.47734138972809664,5
27937681c8199780c6cbce603f217d5a4457c351e84fa3cd7cfc62bfd270c550,206.0,216.0,0.9999510487447898,24.504498325247457,0.9877712901161938,44.96945069767048,-5.511072670581642,train,0.4652567975830816,0.2854984894259819,0.7341389728096677,0.3157099697885196,0.03625377643504532,0.3157099697885196,0.1797583081570997,5
27937681c8199780c6cbce603f217d5a4457c351e84fa3cd7cfc62bfd270c550,208.0,218.0,0.9999668416416606,10.434670292405372,0.9924967727278916,43.40594882810471,-5.52237054703377,train,0.5196374622356495,0.36555891238670696,0.8610271903323263,0.3187311178247734,0.03474320241691843,0.36555891238670696,0.20090634441087613,5
4975a35d789765b9299480af66d6a5af5166fef074cef80facbac97409b84d07,0.0,10.0,0.9999853906184912,0.6794242671214654,0.9922665379469898,0.7994297971647247,-1.396855897429922,train,0.6450151057401813,0.5196374622356495,0.8549848942598187,0.4773413897280967,0.4637462235649547,0.5196374622356495,0.16767371601208458,5
4975a35d789765b9299480af66d6a5af5166fef074cef80facbac97409b84d07,2.0,12.0,0.9999326341139272,0.3627236720286635,0.9918829794289128,0.3854287427673407,-0.6336926356727067,train,0.41842900302114805,0.5966767371601208,0.8413897280966768,0.5785498489425982,0.8383685800604229,0.5966767371601208,0.2598187311178247,5
4975a35d789765b9299480af66d6a5af5166fef074cef80facbac97409b84d07,4.0,14.0,0.9976028935956772,0.0922336325819489,0.8678239303275981,0.0678938517934979,-0.5538316440843157,train,0.09063444108761329,0.7613293051359517,0.019637462235649546,0.8006042296072508,0.9274924471299094,0.7613293051359517,0.7099697885196374,5
4975a35d789765b9299480af66d6a5af5166fef074cef80facbac97409b84d07,6.0,16.0,0.999943005397177,0.0353493040276627,0.9494684659849324,0.026147208839107,-0.6709818810790954,train,0.44561933534743203,0.972809667673716,0.20090634441087613,0.986404833836858,0.7583081570996979,0.7583081570996979,0.527190332326284,5
4975a35d789765b9299480af66d6a5af5166fef074cef80facbac97409b84d07,8.0,18.0,0.9999416124359004,0.0347408237891904,0.9481248460789308,0.0257370450365559,-0.6689033279402833,train,0.44108761329305135,0.9788519637462235,0.18429003021148035,0.9909365558912386,0.7673716012084593,0.7673716012084593,0.5377643504531722,5
4975a35d789765b9299480af66d6a5af5166fef074cef80facbac97409b84d07,10.0,20.0,0.9999589388575258,0.0477004874425776,0.9728826522127432,0.0399976579130042,-0.6543788162209547,train,0.48942598187311176,0.93202416918429,0.3972809667673716,0.9486404833836858,0.8051359516616314,0.8051359516616314,0.4425981873111782,5
4975a35d789765b9299480af66d6a5af5166fef074cef80facbac97409b84d07,12.0,22.0,0.9998112631140542,0.0627067274948321,0.9090652344528896,0.0513858705323716,-0.5671265415377595,train,0.27492447129909364,0.8293051359516617,0.05740181268882175,0.8685800604229608,0.9078549848942599,0.8293051359516617,0.5936555891238671,5
4975a35d789765b9299480af66d6a5af5166fef074cef80facbac97409b84d07,14.0,24.0,0.9943019221187652,0.1213851855270147,0.9157461186641592,0.0833790458922751,-0.5126857783515889,train,0.05740181268882175,0.729607250755287,0.06948640483383686,0.7598187311178247,0.959214501510574,0.729607250755287,0.6903323262839879,5
4975a35d789765b9299480af66d6a5af5166fef074cef80facbac97409b84d07,16.0,26.0,0.9990067394002348,0.1794818984363181,0.7983203775663332,0.1030021471650658,-0.5296717625433265,train,0.13897280966767372,0.675226586102719,0.006042296072507553,0.729607250755287,0.9516616314199395,0.675226586102719,0.5906344410876132,5
4975a35d789765b9299480af66d6a5af5166fef074cef80facbac97409b84d07,18.0,28.0,0.998942089911944,0.1947672944337317,0.7559422124984886,0.1121820462687662,-0.5328768576097513,train,0.13141993957703926,0.6465256797583081,0.0015105740181268882,0.716012084592145,0.9486404833836858,0.6465256797583081,0.5845921450151058,5
4975a35d789765b9299480af66d6a5af5166fef074cef80facbac97409b84d07,20.0,30.0,0.99875238933102,0.1434671095834896,0.7916689611205839,0.0996848261785582,-0.5477525341657095,train,0.12386706948640483,0.7009063444108762,0.004531722054380665,0.7386706948640483,0.9410876132930514,0.7009063444108762,0.6148036253776435,5
4975a35d789765b9299480af66d6a5af5166fef074cef80facbac97409b84d07,22.0,32.0,0.9994862481450238,0.1034224651525104,0.8961657936205896,0.0872279155173871,-0.6474773088563921,train,0.17673716012084592,0.7552870090634441,0.0377643504531722,0.7537764350453172,0.824773413897281,0.7537764350453172,0.5785498489425982,5
4975a35d789765b9299480af66d6a5af5166fef074cef80facbac97409b84d07,24.0,34.0,0.999807631960293,0.0754926766990003,0.897963249203763,0.0523543910295204,-0.7619309953968343,train,0.2719033232628399,0.8021148036253777,0.04078549848942598,0.8595166163141994,0.6268882175226587,0.6268882175226587,0.5302114803625377,5
4975a35d789765b9299480af66d6a5af5166fef074cef80facbac97409b84d07,26.0,36.0,0.9999817998132684,0.0443065929060685,0.9755424621949016,0.0343208213700246,-0.6923113476758178,train,0.6072507552870091,0.9486404833836858,0.46676737160120846,0.959214501510574,0.7280966767371602,0.7280966767371602,0.34138972809667667,5
4975a35d789765b9299480af66d6a5af5166fef074cef80facbac97409b84d07,28.0,38.0,0.999920348068186,0.0350093281316033,0.9734588770490248,0.0268000720272088,-0.7126489731128578,train,0.3776435045317221,0.974320241691843,0.41540785498489424,0.9833836858006042,0.6903323262839879,0.6903323262839879,0.5589123867069488,5
4975a35d789765b9299480af66d6a5af5166fef074cef80facbac97409b84d07,30.0,40.0,0.99983746899615,0.0383881196977986,0.9701969764340924,0.0282003860555253,-0.7261382550382918,train,0.2854984894259819,0.9607250755287009,0.3640483383685801,0.9773413897280967,0.6691842900302115,0.6691842900302115,0.5966767371601208,5
4975a35d789765b9299480af66d6a5af5166fef074cef80facbac97409b84d07,32.0,42.0,0.9999147349822743,0.0418293515941822,0.9649918370759836,0.030629438593206,-0.7512173042884956,train,0.3685800604229607,0.9546827794561934,0.311178247734139,0.974320241691843,0.6419939577039275,0.6419939577039275,0.5861027190332326,5
4975a35d789765b9299480af66d6a5af5166fef074cef80facbac97409b84d07,34.0,44.0,0.999831630355783,0.0473760907750027,0.9515784028398128,0.0338397669241469,-0.7735174355649272,train,0.283987915407855,0.9365558912386707,0.21601208459214502,0.9622356495468278,0.6148036253776435,0.6148036253776435,0.6525679758308156,5
4975a35d789765b9299480af66d6a5af5166fef074cef80facbac97409b84d07,36.0,46.0,0.9997773731613124,0.0494101682801158,0.945307185238786,0.0359067500833996,-0.7856858818511148,train,0.26435045317220546,0.9244712990936556,0.17522658610271905,0.9546827794561934,0.6087613293051359,0.6087613293051359,0.66012084592145,5
4975a35d789765b9299480af66d6a5af5166fef074cef80facbac97409b84d07,38.0,48.0,0.9997635892844826,0.0492166876336917,0.9484915737451832,0.0370442000314713,-0.7839768117065445,train,0.2583081570996979,0.9274924471299094,0.18731117824773413,0.9531722054380665,0.6102719033232629,0.6102719033232629,0.6691842900302115,5
4975a35d789765b9299480af66d6a5af5166fef074cef80facbac97409b84d07,40.0,50.0,0.9998381822740366,0.0530178524034989,0.9507189581236444,0.04081618516978,-0.7711329589496182,train,0.29003021148036257,0.8957703927492447,0.21148036253776434,0.9395770392749244,0.620845921450151,0.620845921450151,0.6057401812688822,5
4975a35d789765b9299480af66d6a5af5166fef074cef80facbac97409b84d07,42.0,52.0,0.9999456423364768,0.0968703172968255,0.9819316800617898,0.0782995836174019,-0.77668568162498,train,0.45468277945619334,0.7598187311178247,0.6072507552870091,0.7719033232628398,0.6117824773413897,0.6117824773413897,0.1525679758308156,5
4975a35d789765b9299480af66d6a5af5166fef074cef80facbac97409b84d07,44.0,54.0,0.9999577950118884,0.688476124041606,0.9858584754235238,0.3494030032841084,-1.2441649857364787,train,0.48338368580060426,0.513595166163142,0.6797583081570997,0.5876132930513596,0.4773413897280967,0.513595166163142,0.10422960725075531,5
4975a35d789765b9299480af66d6a5af5166fef074cef80facbac97409b84d07,46.0,56.0,0.9992304176026242,1.18964063452473,0.9859065380386398,0.7844521258952396,-0.6550207351888515,train,0.15256797583081572,0.4561933534743202,0.6812688821752266,0.48036253776435045,0.8036253776435045,0.48036253776435045,0.2250755287009064,5
4975a35d789765b9299480af66d6a5af5166fef074cef80facbac97409b84d07,48.0,58.0,0.9994078096377056,1.124530246913463,0.9894648227264768,0.8222678885186676,-0.5704416562257812,train,0.16314199395770393,0.4637462235649547,0.7824773413897281,0.472809667673716,0.9033232628398792,0.472809667673716,0.3187311178247734,5
4975a35d789765b9299480af66d6a5af5166fef074cef80facbac97409b84d07,50.0,60.0,0.999253099163057,1.2045805075836302,0.9866597599922344,0.8197330751764035,-0.5806749579349951,train,0.1540785498489426,0.45317220543806647,0.702416918429003,0.4743202416918429,0.8867069486404834,0.4743202416918429,0.24924471299093653,5
4975a35d789765b9299480af66d6a5af5166fef074cef80facbac97409b84d07,52.0,62.0,0.9976068035004788,0.8365446027526587,0.9805089079097172,0.78199087792305,-0.6139458026511672,train,0.09214501510574018,0.48942598187311176,0.5634441087613293,0.4818731117824773,0.851963746223565,0.48942598187311176,0.081570996978852,5
4975a35d789765b9299480af66d6a5af5166fef074cef80facbac97409b84d07,54.0,64.0,0.999890561610455,0.6269735682049608,0.9910327422981487,0.5098202395329756,-0.6551652393349123,train,0.33987915407854985,0.5332326283987915,0.8187311178247734,0.5422960725075529,0.8021148036253777,0.5422960725075529,0.2688821752265862,5
4975a35d789765b9299480af66d6a5af5166fef074cef80facbac97409b84d07,56.0,66.0,0.9999716835849696,0.0840543044386924,0.9451153260219782,0.0752828418118834,-0.7034446409513387,train,0.5438066465256798,0.7749244712990937,0.17371601208459214,0.7824773413897281,0.7069486404833837,0.7069486404833837,0.23111782477341392,5
4975a35d789765b9299480af66d6a5af5166fef074cef80facbac97409b84d07,58.0,68.0,0.999986912351328,0.0469578873415457,0.9804123955302262,0.0402638452864722,-0.7406219541529585,train,0.6737160120845922,0.9380664652567976,0.5604229607250756,0.9441087613293051,0.649546827794562,0.6737160120845922,0.28851963746223563,5
4975a35d789765b9299480af66d6a5af5166fef074cef80facbac97409b84d07,60.0,70.0,0.999995803781084,0.0455717415490388,0.9914431343700776,0.0403663034591436,-0.7380272541053821,train,0.9078549848942599,0.9425981873111783,0.8353474320241692,0.9425981873111783,0.6570996978851964,0.9078549848942599,0.10725075528700911,5
4975a35d789765b9299480af66d6a5af5166fef074cef80facbac97409b84d07,62.0,72.0,0.9999959490977368,0.0430190165736237,0.9912482015910642,0.037742422641623,-0.7324341990557316,train,0.9108761329305136,0.9501510574018127,0.8293051359516617,0.9516616314199395,0.6586102719033232,0.9108761329305136,0.12084592145015105,5
4975a35d789765b9299480af66d6a5af5166fef074cef80facbac97409b84d07,64.0,74.0,0.9999951195343904,0.0453656294781698,0.9921210147705416,0.0403782247782353,-0.7404643074496899,train,0.8851963746223565,0.9441087613293051,0.8489425981873112,0.9410876132930514,0.6510574018126888,0.8851963746223565,0.09214501510574014,5
4975a35d789765b9299480af66d6a5af5166fef074cef80facbac97409b84d07,66.0,76.0,0.9999942436067903,0.0460267475723295,0.9905136951615728,0.0402547556531143,-0.7402887465420868,train,0.8459214501510574,0.9395770392749244,0.8066465256797583,0.945619335347432,0.6525679758308157,0.8459214501510574,0.13293051359516617,5
4975a35d789765b9299480af66d6a5af5166fef074cef80facbac97409b84d07,68.0,78.0,0.9999902692773808,0.0516550287865208,0.9561891470597595,0.0452827336023661,-0.7188401714047508,train,0.7280966767371602,0.9093655589123867,0.24169184290030213,0.9169184290030211,0.6827794561933535,0.7280966767371602,0.22658610271903323,5
4975a35d789765b9299480af66d6a5af5166fef074cef80facbac97409b84d07,70.0,80.0,0.9988362401059352,2.117218241325339,0.9927594046388674,1.4936078756678484,-2.206536728446933,train,0.1283987915407855,0.4259818731117825,0.8746223564954683,0.4350453172205438,0.36253776435045315,0.4259818731117825,0.07250755287009064,5
4975a35d789765b9299480af66d6a5af5166fef074cef80facbac97409b84d07,72.0,82.0,0.9990397056663424,15.051987794853202,0.9954866604451876,11.044335264586657,-3.541661228919012,train,0.1404833836858006,0.3413897280966767,0.9259818731117825,0.37462235649546827,0.17522658610271905,0.3413897280966767,0.19939577039274922,5
4975a35d789765b9299480af66d6a5af5166fef074cef80facbac97409b84d07,74.0,84.0,0.999995606697311,22.134342999756377,0.9961415067007136,32.08757121574967,-4.302737609943746,train,0.8987915407854985,0.2990936555891239,0.9365558912386707,0.3429003021148036,0.10574018126888217,0.3429003021148036,0.5996978851963746,5
4975a35d789765b9299480af66d6a5af5166fef074cef80facbac97409b84d07,76.0,86.0,0.9999891274900566,25.1577645680511,0.9801982134211124,60.85848664981743,-2.8798907190910654,train,0.7114803625377644,0.2824773413897281,0.554380664652568,0.27492447129909364,0.2552870090634441,0.2824773413897281,0.2794561933534743,5
4975a35d789765b9299480af66d6a5af5166fef074cef80facbac97409b84d07,78.0,88.0,0.999991426748051,59.39732152178176,0.9749900941912608,98.773362583556,-1.8647313229526288,train,0.7537764350453172,0.07401812688821752,0.45770392749244715,0.16163141993957703,0.4214501510574018,0.4214501510574018,0.2960725075528701,5
4975a35d789765b9299480af66d6a5af5166fef074cef80facbac97409b84d07,80.0,90.0,0.9999578719148272,51.45111882703696,0.9877680609556464,109.2748061373212,-2.002870177654092,train,0.48489425981873113,0.1148036253776435,0.7326283987915407,0.13293051359516617,0.40181268882175225,0.40181268882175225,0.35196374622356497,5
4975a35d789765b9299480af66d6a5af5166fef074cef80facbac97409b84d07,82.0,92.0,0.9999386593863464,30.170588102323546,0.9938348919225876,135.85754928040996,-4.723830922289116,train,0.43051359516616317,0.2552870090634441,0.9003021148036254,0.05740181268882175,0.07099697885196375,0.2552870090634441,0.3595166163141994,5
4975a35d789765b9299480af66d6a5af5166fef074cef80facbac97409b84d07,84.0,94.0,0.9999989329105894,46.33104506109167,0.9980899562157728,120.56026747874944,-2.6917915847554488,train,0.9758308157099698,0.14803625377643503,0.9607250755287009,0.09214501510574018,0.2854984894259819,0.2854984894259819,0.8126888217522659,5
4975a35d789765b9299480af66d6a5af5166fef074cef80facbac97409b84d07,86.0,96.0,0.9999861904305092,46.42907604450741,0.992567058880496,110.45977395386858,-1.0665643426670908,train,0.6570996978851964,0.14501510574018128,0.8670694864048338,0.1283987915407855,0.5226586102719033,0.5226586102719033,0.5120845921450151,5
4975a35d789765b9299480af66d6a5af5166fef074cef80facbac97409b84d07,88.0,98.0,0.9999966499333754,61.51765963141863,0.9776231946206498,102.42720059267351,-2.1925972960230093,train,0.9290030211480362,0.05740181268882175,0.5090634441087614,0.15256797583081572,0.36706948640483383,0.36706948640483383,0.35649546827794565,5
4975a35d789765b9299480af66d6a5af5166fef074cef80facbac97409b84d07,90.0,100.0,0.9976243038175376,44.20824639888817,0.9156869716859386,114.31251051168522,-4.285491396371662,train,0.09516616314199396,0.15861027190332327,0.06646525679758308,0.11027190332326284,0.10876132930513595,0.10876132930513595,0.015105740181268881,5
4975a35d789765b9299480af66d6a5af5166fef074cef80facbac97409b84d07,92.0,102.0,0.9910225402057972,54.00434948164797,0.966600648713034,112.02215499626448,-4.330256616513562,train,0.03927492447129909,0.1027190332326284,0.32326283987915405,0.12235649546827794,0.1042296072507553,0.1042296072507553,0.019637462235649536,5
4975a35d789765b9299480af66d6a5af5166fef074cef80facbac97409b84d07,94.0,104.0,0.9999821026194056,54.39230317933063,0.984634755832805,111.37080474523532,-1.797985596401657,train,0.6102719033232629,0.09969788519637462,0.649546827794562,0.12386706948640483,0.4259818731117825,0.4259818731117825,0.48640483383685806,5
4975a35d789765b9299480af66d6a5af5166fef074cef80facbac97409b84d07,96.0,106.0,0.9999957230547504,63.86661566663366,0.9830412696392176,119.23930365812716,-3.56222734921102,train,0.904833836858006,0.04833836858006042,0.6238670694864048,0.09365558912386707,0.17069486404833836,0.17069486404833836,0.5302114803625377,5
4975a35d789765b9299480af66d6a5af5166fef074cef80facbac97409b84d07,98.0,108.0,0.9999962681199084,41.71089386528363,0.9921757157028598,113.92933800266972,-6.125745674129687,train,0.918429003021148,0.1782477341389728,0.851963746223565,0.1148036253776435,0.013595166163141994,0.1782477341389728,0.7371601208459214,5
4975a35d789765b9299480af66d6a5af5166fef074cef80facbac97409b84d07,100.0,110.0,0.9999822249742164,49.832290530555625,0.989300401706268,128.10803486615836,-2.15091647299247,train,0.6148036253776435,0.12386706948640483,0.7749244712990937,0.07250755287009064,0.37915407854984895,0.37915407854984895,0.49093655589123875,5
4975a35d789765b9299480af66d6a5af5166fef074cef80facbac97409b84d07,102.0,112.0,0.9999707510962252,44.81330288563633,0.9910668735232336,130.4229770887462,-2.158972858843969,train,0.5422960725075529,0.1540785498489426,0.823262839879154,0.06646525679758308,0.37613293051359514,0.37613293051359514,0.38821752265861026,5
4975a35d789765b9299480af66d6a5af5166fef074cef80facbac97409b84d07,104.0,114.0,0.9999954937334397,47.49449119781752,0.9926530621172605,161.41330054478016,-3.0393438998226383,train,0.8972809667673716,0.13746223564954682,0.8716012084592145,0.004531722054380665,0.229607250755287,0.229607250755287,0.7341389728096677,5
4975a35d789765b9299480af66d6a5af5166fef074cef80facbac97409b84d07,106.0,116.0,0.9980276252444344,47.81503765051143,0.9714018221947532,144.2254735109358,-4.635006031932825,train,0.09969788519637462,0.13293051359516617,0.3806646525679758,0.03323262839879154,0.08157099697885196,0.09969788519637462,0.0513595166163142,5
4975a35d789765b9299480af66d6a5af5166fef074cef80facbac97409b84d07,108.0,118.0,0.9990065805134548,47.03666018056921,0.982709366235915,148.28654046907403,-3.899780614110641,train,0.13746223564954682,0.1404833836858006,0.6178247734138973,0.022658610271903322,0.13293051359516617,0.13746223564954682,0.007552870090634434,5
4975a35d789765b9299480af66d6a5af5166fef074cef80facbac97409b84d07,110.0,120.0,0.9999926846056684,26.29064082745574,0.9804042769655984,134.11604677941136,-2.4355331010670342,train,0.783987915407855,0.27794561933534745,0.5589123867069486,0.05891238670694864,0.32779456193353473,0.32779456193353473,0.2809667673716012,5
4975a35d789765b9299480af66d6a5af5166fef074cef80facbac97409b84d07,112.0,122.0,0.9999969581253104,43.53083152345633,0.9907543163675964,109.3374181000377,-4.791187402307993,train,0.9441087613293051,0.16163141993957703,0.8096676737160121,0.1299093655589124,0.06646525679758308,0.16163141993957703,0.6797583081570997,5
4975a35d789765b9299480af66d6a5af5166fef074cef80facbac97409b84d07,114.0,124.0,0.9999209666765906,32.89282234616784,0.9719259637423406,97.26899738950934,-2.562582087175688,train,0.3806646525679758,0.23716012084592145,0.3821752265861027,0.1691842900302115,0.3081570996978852,0.3081570996978852,0.14350453172205438,5
4975a35d789765b9299480af66d6a5af5166fef074cef80facbac97409b84d07,116.0,126.0,0.9999414098112998,20.743420441896014,0.9863540093609402,113.590726386453,-2.607825028073473,train,0.4395770392749245,0.311178247734139,0.6918429003021148,0.1163141993957704,0.30060422960725075,0.311178247734139,0.13897280966767372,5
4975a35d789765b9299480af66d6a5af5166fef074cef80facbac97409b84d07,118.0,128.0,0.9996399935019632,23.79030387312077,0.9857065616382406,104.57266127271087,-2.7126138804317304,train,0.20241691842900303,0.29003021148036257,0.6722054380664653,0.14803625377643503,0.2794561933534743,0.2794561933534743,0.08761329305135954,5
4975a35d789765b9299480af66d6a5af5166fef074cef80facbac97409b84d07,120.0,130.0,0.9998381817941444,22.54464709587244,0.9870672918561824,104.2651028416322,-2.7091750012760336,train,0.28851963746223563,0.29607250755287007,0.7129909365558912,0.14954682779456194,0.2809667673716012,0.28851963746223563,0.015105740181268867,5
4975a35d789765b9299480af66d6a5af5166fef074cef80facbac97409b84d07,122.0,132.0,0.999991426748051,43.30022939880346,0.9684762206359322,114.2575646463971,-2.6904029649539654,train,0.7537764350453172,0.16314199395770393,0.3413897280966767,0.11178247734138973,0.28851963746223563,0.28851963746223563,0.1782477341389728,5
4975a35d789765b9299480af66d6a5af5166fef074cef80facbac97409b84d07,124.0,134.0,0.9999922162952616,39.97302676533423,0.9897591721289418,98.07823369379145,-4.845015004876613,train,0.770392749244713,0.1933534743202417,0.7885196374622356,0.1646525679758308,0.061933534743202415,0.1933534743202417,0.6057401812688822,5
4975a35d789765b9299480af66d6a5af5166fef074cef80facbac97409b84d07,126.0,136.0,0.9998303903945878,37.37531132885825,0.9794853232080808,106.752694905145,-2.8310395317542527,train,0.2824773413897281,0.20694864048338368,0.5287009063444109,0.14501510574018128,0.2673716012084592,0.2673716012084592,0.07552870090634439,5
4975a35d789765b9299480af66d6a5af5166fef074cef80facbac97409b84d07,128.0,138.0,0.9999772279460016,39.15078056896738,0.9770554162814904,94.11958958466374,-3.0704267500763494,train,0.5785498489425982,0.19788519637462235,0.4954682779456193,0.18126888217522658,0.22054380664652568,0.22054380664652568,0.297583081570997,5
4975a35d789765b9299480af66d6a5af5166fef074cef80facbac97409b84d07,130.0,140.0,0.9999981304313784,45.19362351903729,0.9942168293291116,81.79954768517086,-2.873508720456881,train,0.9607250755287009,0.1510574018126888,0.904833836858006,0.21601208459214502,0.256797583081571,0.256797583081571,0.688821752265861,5
4975a35d789765b9299480af66d6a5af5166fef074cef80facbac97409b84d07,132.0,142.0,0.9999967210388953,33.15929484567002,0.9947305169761256,77.32881879598033,-4.633235011947275,train,0.93202416918429,0.23413897280966767,0.9214501510574018,0.2326283987915408,0.08308157099697885,0.23413897280966767,0.6888217522658611,5
4975a35d789765b9299480af66d6a5af5166fef074cef80facbac97409b84d07,134.0,144.0,0.9999962453608298,37.482407092394105,0.9944811177206618,75.77401586021142,-1.6305421470953254,train,0.9154078549848943,0.2054380664652568,0.9154078549848943,0.23716012084592145,0.4380664652567976,0.4380664652567976,0.6782477341389729,5
4975a35d789765b9299480af66d6a5af5166fef074cef80facbac97409b84d07,136.0,146.0,0.997449904022766,42.28879905795591,0.9934690114660292,47.65028631421944,-4.801331495256632,train,0.08761329305135952,0.17371601208459214,0.8867069486404834,0.3081570996978852,0.0649546827794562,0.17371601208459214,0.22054380664652568,5
4975a35d789765b9299480af66d6a5af5166fef074cef80facbac97409b84d07,138.0,148.0,0.9999936098445604,40.52797703251889,0.9585983475003672,68.26203147563685,-2.864416437236484,train,0.824773413897281,0.18580060422960726,0.26586102719033233,0.25075528700906347,0.2628398791540785,0.2628398791540785,0.015105740181268867,5
4975a35d789765b9299480af66d6a5af5166fef074cef80facbac97409b84d07,140.0,150.0,0.9999937125436836,52.76498462748589,0.972727642007056,64.79629740986208,-1.7627575694640385,train,0.8293051359516617,0.10876132930513595,0.3942598187311178,0.2598187311178248,0.42900302114803623,0.3942598187311178,0.16918429003021146,5
4975a35d789765b9299480af66d6a5af5166fef074cef80facbac97409b84d07,142.0,152.0,0.9999719079012538,41.012365959509445,0.987230980415806,51.72401402698931,-2.703869789939955,train,0.5468277945619335,0.18429003021148035,0.716012084592145,0.2990936555891239,0.2824773413897281,0.2990936555891239,0.26435045317220546,5
4975a35d789765b9299480af66d6a5af5166fef074cef80facbac97409b84d07,144.0,154.0,0.9985194318469928,29.82852907248773,0.9845136846254736,53.76791596530097,-5.371874286900229,train,0.11178247734138973,0.2583081570996979,0.6435045317220544,0.2945619335347432,0.04682779456193353,0.2583081570996979,0.18277945619335345,5
4975a35d789765b9299480af66d6a5af5166fef074cef80facbac97409b84d07,146.0,156.0,0.9999652214768048,21.353589006026525,0.9598762488850652,52.049466725789934,-5.725618441172606,train,0.5090634441087614,0.3021148036253776,0.2764350453172205,0.297583081570997,0.027190332326283987,0.297583081570997,0.025679758308157108,5
4975a35d789765b9299480af66d6a5af5166fef074cef80facbac97409b84d07,148.0,158.0,0.9999822074099222,14.15532806609861,0.9799058907115864,23.22956506333367,-5.106049082819484,train,0.6117824773413897,0.3504531722054381,0.5453172205438066,0.3580060422960725,0.04984894259818731,0.3580060422960725,0.1948640483383685,5
4975a35d789765b9299480af66d6a5af5166fef074cef80facbac97409b84d07,150.0,160.0,0.9999692543872992,5.856068001742,0.988835082651824,17.058685732701704,-5.656035032271499,train,0.5362537764350453,0.37915407854984895,0.7643504531722054,0.36706948640483383,0.030211480362537766,0.37915407854984895,0.16918429003021151,5
4975a35d789765b9299480af66d6a5af5166fef074cef80facbac97409b84d07,152.0,162.0,0.999977237661158,5.42915015374255,0.9875521133780314,13.744337896719385,-4.721170277288999,train,0.581570996978852,0.3806646525679758,0.7311178247734139,0.37009063444108764,0.07250755287009064,0.3806646525679758,0.2114803625377643,5
4975a35d789765b9299480af66d6a5af5166fef074cef80facbac97409b84d07,154.0,164.0,0.9963352591176852,3.5446551917543907,0.8629178101850101,4.359328126873848,-1.5754726266108328,train,0.0755287009063444,0.3972809667673716,0.01812688821752266,0.40181268882175225,0.44108761329305135,0.3972809667673716,0.32628398791540786,5
4975a35d789765b9299480af66d6a5af5166fef074cef80facbac97409b84d07,156.0,166.0,0.999072706455188,4.535241226115944,0.8965329173891806,5.223084666369673,-1.8696972323506151,train,0.1419939577039275,0.3867069486404834,0.03927492447129909,0.39274924471299094,0.4199395770392749,0.3867069486404834,0.25075528700906347,5
4975a35d789765b9299480af66d6a5af5166fef074cef80facbac97409b84d07,158.0,168.0,0.9996753541024068,5.01976984359643,0.9381558451026502,6.547172550204759,-2.8730464234767563,train,0.20996978851963746,0.3821752265861027,0.13293051359516617,0.3851963746223565,0.2583081570996979,0.2583081570996979,0.17220543806646524,5
4975a35d789765b9299480af66d6a5af5166fef074cef80facbac97409b84d07,160.0,170.0,0.9997905140106284,3.12848000518321,0.9582753200154336,6.466598615751939,-3.1055108598904195,train,0.2688821752265861,0.40181268882175225,0.26132930513595165,0.3867069486404834,0.21299093655589124,0.2688821752265861,0.12537764350453173,5
4975a35d789765b9299480af66d6a5af5166fef074cef80facbac97409b84d07,162.0,172.0,0.9999438748651672,2.404950125612785,0.987214507546088,6.073423857297688,-3.6731969055100415,train,0.4486404833836858,0.4123867069486405,0.7145015105740181,0.38821752265861026,0.1540785498489426,0.4123867069486405,0.060422960725075525,5
4975a35d789765b9299480af66d6a5af5166fef074cef80facbac97409b84d07,164.0,174.0,0.999989686136596,2.4636807583568388,0.9897124440127956,5.224138759032007,-4.157676157860239,train,0.7220543806646526,0.4108761329305136,0.7854984894259819,0.39123867069486407,0.12235649546827794,0.4108761329305136,0.3308157099697885,5
4975a35d789765b9299480af66d6a5af5166fef074cef80facbac97409b84d07,166.0,176.0,0.999973902655652,1.353357384845548,0.9924967727278916,1.616956662190949,-2.2733219517303755,train,0.5589123867069486,0.4501510574018127,0.8610271903323263,0.43202416918429004,0.35347432024169184,0.4501510574018127,0.1268882175226586,5
4975a35d789765b9299480af66d6a5af5166fef074cef80facbac97409b84d07,168.0,178.0,0.999875842314076,0.3201515785792819,0.9509053424384344,0.1694020516355738,-1.163829373681625,train,0.3217522658610272,0.6042296072507553,0.21299093655589124,0.6706948640483383,0.5030211480362538,0.5030211480362538,0.2824773413897281,5
4975a35d789765b9299480af66d6a5af5166fef074cef80facbac97409b84d07,170.0,180.0,0.9997293002943268,0.0608545167290553,0.9805107302110504,0.0437326731001317,-1.031562894439359,train,0.23564954682779457,0.8444108761329305,0.5649546827794562,0.9290030211480362,0.5377643504531722,0.5649546827794562,0.30664652567975836,5
4975a35d789765b9299480af66d6a5af5166fef074cef80facbac97409b84d07,172.0,182.0,0.9997562529742708,0.064832965626265,0.980049739498006,0.0480573096870329,-1.0320107971960393,train,0.2537764350453172,0.8172205438066465,0.5483383685800605,0.8882175226586103,0.5362537764350453,0.5483383685800605,0.2809667673716012,5
4975a35d789765b9299480af66d6a5af5166fef074cef80facbac97409b84d07,174.0,184.0,0.9997708859834248,0.063753243872512,0.9809169236787868,0.0473489622986914,-1.0123588184196315,train,0.2628398791540785,0.823262839879154,0.5725075528700906,0.9018126888217523,0.5422960725075529,0.5725075528700906,0.2809667673716012,5
4975a35d789765b9299480af66d6a5af5166fef074cef80facbac97409b84d07,176.0,186.0,0.999768808028587,0.0625557529461982,0.9806807945775684,0.0469964543042837,-1.016582052633415,train,0.26132930513595165,0.8308157099697885,0.5694864048338368,0.9078549848942599,0.5392749244712991,0.5694864048338368,0.2915407854984894,5
4975a35d789765b9299480af66d6a5af5166fef074cef80facbac97409b84d07,178.0,188.0,0.9996891502291798,0.0578593089601714,0.9778943207784628,0.0441896763732047,-0.998549365661496,train,0.21601208459214502,0.8595166163141994,0.5120845921450151,0.9244712990936556,0.5468277945619335,0.5468277945619335,0.3474320241691843,5
4975a35d789765b9299480af66d6a5af5166fef074cef80facbac97409b84d07,180.0,190.0,0.9999100302087792,0.1022528123001378,0.9419401842503748,0.0641245780980805,-1.0429772766065528,train,0.36253776435045315,0.756797583081571,0.15861027190332327,0.8081570996978852,0.5332326283987915,0.5332326283987915,0.3942598187311178,5
4975a35d789765b9299480af66d6a5af5166fef074cef80facbac97409b84d07,182.0,192.0,0.9998468528155036,0.2001625690793205,0.8961657936205896,0.1190807561894124,-1.197624582595112,train,0.29607250755287007,0.6374622356495468,0.0377643504531722,0.7129909365558912,0.49697885196374625,0.49697885196374625,0.3413897280966768,5
4975a35d789765b9299480af66d6a5af5166fef074cef80facbac97409b84d07,184.0,194.0,0.9999001250737874,0.2966829590967182,0.9609783382492276,0.1999708556950404,-1.400146723312733,train,0.3459214501510574,0.6087613293051359,0.2854984894259819,0.6163141993957704,0.4622356495468278,0.4622356495468278,0.2628398791540785,5
4975a35d789765b9299480af66d6a5af5166fef074cef80facbac97409b84d07,186.0,196.0,0.9999836308672924,0.7520517756703139,0.9875521133780314,0.4875547019076982,-1.9125179635195304,train,0.6283987915407855,0.5060422960725075,0.7311178247734139,0.552870090634441,0.41540785498489424,0.552870090634441,0.12235649546827798,5
4975a35d789765b9299480af66d6a5af5166fef074cef80facbac97409b84d07,188.0,198.0,0.999986466999062,0.5361259266800005,0.9775085510963598,0.5399765283779885,-2.168460068509778,train,0.6631419939577039,0.5558912386706949,0.5060422960725075,0.5362537764350453,0.3716012084592145,0.5362537764350453,0.049848942598187396,5
4975a35d789765b9299480af66d6a5af5166fef074cef80facbac97409b84d07,190.0,200.0,0.9999833629703884,0.5759327203210989,0.9819719287481364,0.5284061174483016,-2.1662409137175684,train,0.6253776435045317,0.5422960725075529,0.6087613293051359,0.5392749244712991,0.37462235649546827,0.5422960725075529,0.06948640483383683,5
4975a35d789765b9299480af66d6a5af5166fef074cef80facbac97409b84d07,192.0,202.0,0.99998792460212,0.5489471835573728,0.9849966435384628,0.493717957827298,-2.0055754908775723,train,0.6827794561933535,0.5513595166163142,0.6570996978851964,0.5483383685800605,0.4003021148036254,0.5513595166163142,0.10876132930513593,5
4975a35d789765b9299480af66d6a5af5166fef074cef80facbac97409b84d07,194.0,204.0,0.9999843938736525,0.5849737189144917,0.9849292326835412,0.4336142168471267,-1.7532154564370503,train,0.6374622356495468,0.540785498489426,0.6555891238670695,0.5634441087613293,0.43051359516616317,0.5634441087613293,0.09667673716012082,5
4975a35d789765b9299480af66d6a5af5166fef074cef80facbac97409b84d07,196.0,206.0,0.999908670799986,0.2243867585669849,0.9653364086453966,0.1439526742838407,-1.1772573777536202,train,0.3580060422960725,0.620845921450151,0.31268882175226587,0.6858006042296072,0.5,0.5,0.2628398791540785,5
4975a35d789765b9299480af66d6a5af5166fef074cef80facbac97409b84d07,198.0,208.0,0.999944149521857,0.1168633389287697,0.9486289091288188,0.0918669456085141,-0.9666166873641948,train,0.4516616314199396,0.7416918429003021,0.19486404833836857,0.743202416918429,0.5634441087613293,0.5634441087613293,0.2900302114803625,5
4975a35d789765b9299480af66d6a5af5166fef074cef80facbac97409b84d07,200.0,210.0,0.9998558243294648,0.122160600410451,0.9670942956445868,0.0778261904487543,-0.9014186267303728,train,0.30513595166163143,0.7265861027190332,0.33081570996978854,0.7749244712990937,0.5845921450151057,0.5845921450151057,0.3957703927492447,5
5790cd1534b1de5ac4693367fe5d8ca6951cd36a7abcd3c778cee8923a932a75,0.0,10.0,0.9906091888939096,0.3583037006473841,0.9539223832699864,0.3258196413489559,-0.7608304239885536,train,0.0377643504531722,0.5996978851963746,0.22507552870090636,0.5906344410876133,0.6299093655589124,0.5906344410876133,0.3746223564954682,5
5790cd1534b1de5ac4693367fe5d8ca6951cd36a7abcd3c778cee8923a932a75,2.0,12.0,0.9994347058849128,0.3878426584252035,0.9774474904004214,0.3583256378897365,-0.7712141395774096,train,0.16767371601208458,0.5876132930513596,0.5045317220543807,0.5861027190332326,0.6193353474320241,0.5861027190332326,0.08308157099697888,5
5790cd1534b1de5ac4693367fe5d8ca6951cd36a7abcd3c778cee8923a932a75,4.0,14.0,0.9998588518616142,0.4337458641103315,0.9357026769787116,0.3865497058741952,-0.7662686985067372,train,0.3081570996978852,0.5830815709969789,0.1268882175226586,0.5755287009063444,0.6238670694864048,0.5755287009063444,0.2749244712990937,5
5790cd1534b1de5ac4693367fe5d8ca6951cd36a7abcd3c778cee8923a932a75,6.0,16.0,0.9995818833229144,0.1425633995259884,0.9047411676652336,0.1210842302163216,-0.510196858174214,train,0.19486404833836857,0.702416918429003,0.04682779456193353,0.702416918429003,0.9607250755287009,0.702416918429003,0.5075528700906344,5
5790cd1534b1de5ac4693367fe5d8ca6951cd36a7abcd3c778cee8923a932a75,8.0,18.0,0.999544915782026,0.1546711254830667,0.9084171046012892,0.1508652242612382,-0.5074347011598327,train,0.18731117824773413,0.6918429003021148,0.055891238670694864,0.6842900302114804,0.9622356495468278,0.6842900302114804,0.5045317220543807,5
5790cd1534b1de5ac4693367fe5d8ca6951cd36a7abcd3c778cee8923a932a75,10.0,20.0,0.9996501962419384,0.1857647256830151,0.938203912449044,0.1837724620780512,-0.5847377741019155,train,0.2054380664652568,0.6646525679758308,0.13444108761329304,0.648036253776435,0.8836858006042296,0.648036253776435,0.459214501510574,5
5790cd1534b1de5ac4693367fe5d8ca6951cd36a7abcd3c778cee8923a932a75,12.0,22.0,0.9915755138301654,0.1882859911868905,0.9461966514376032,0.1825274988230132,-0.6408471187345148,train,0.04229607250755287,0.6570996978851964,0.18126888217522658,0.649546827794562,0.8293051359516617,0.649546827794562,0.4758308157099698,5
5790cd1534b1de5ac4693367fe5d8ca6951cd36a7abcd3c778cee8923a932a75,14.0,24.0,0.9701274205350005,0.150650798620435,0.9686331801598932,0.1590008277137115,-0.6684977765584303,train,0.015105740181268883,0.6948640483383686,0.3459214501510574,0.676737160120846,0.770392749244713,0.676737160120846,0.34894259818731116,5
5790cd1534b1de5ac4693367fe5d8ca6951cd36a7abcd3c778cee8923a932a75,16.0,26.0,0.9612212530640528,0.127923692400225,0.9780665859842176,0.1309275357943193,-0.6531671357600409,train,0.0075528700906344415,0.7099697885196374,0.5151057401812689,0.6903323262839879,0.8066465256797583,0.6903323262839879,0.19486404833836857,5
5c12d7b5eff374be805bae6c5e2906f6c02b6bc3ad6ba70d3674bafd4f16fc15,0.0,10.0,0.9992026186304436,0.1010904687762857,0.9812594017102008,0.0839832727446009,-0.9835930796705792,train,0.14501510574018128,0.7583081570996979,0.5830815709969789,0.7583081570996979,0.5513595166163142,0.5830815709969789,0.20694864048338368,5
5c12d7b5eff374be805bae6c5e2906f6c02b6bc3ad6ba70d3674bafd4f16fc15,2.0,12.0,0.9992120847908478,0.1202468682414301,0.9818342058296722,0.1033278039614431,-0.9715630570451512,train,0.14803625377643503,0.7341389728096677,0.5996978851963746,0.7265861027190332,0.5574018126888217,0.5996978851963746,0.16918429003021151,5
5c12d7b5eff374be805bae6c5e2906f6c02b6bc3ad6ba70d3674bafd4f16fc15,4.0,14.0,0.9993019414735504,0.124243467010233,0.9821576039679684,0.1067969108593962,-0.979123716092652,train,0.15709969788519637,0.7205438066465257,0.6117824773413897,0.7220543806646526,0.5558912386706949,0.6117824773413897,0.16465256797583083,5
5c12d7b5eff374be805bae6c5e2906f6c02b6bc3ad6ba70d3674bafd4f16fc15,6.0,16.0,0.9997571666489268,0.1272278127298403,0.9731782653819678,0.1060890637906691,-0.98478270000984,train,0.256797583081571,0.7145015105740181,0.4093655589123867,0.7235649546827795,0.5483383685800605,0.5483383685800605,0.30513595166163143,5
5c12d7b5eff374be805bae6c5e2906f6c02b6bc3ad6ba70d3674bafd4f16fc15,8.0,18.0,0.9999573708922572,0.1467609470634276,0.9741788997377718,0.130880739536916,-1.052396890392736,train,0.4788519637462236,0.6963746223564955,0.4380664652567976,0.6918429003021148,0.527190332326284,0.527190332326284,0.21299093655589124,5
5c12d7b5eff374be805bae6c5e2906f6c02b6bc3ad6ba70d3674bafd4f16fc15,10.0,20.0,0.9999756660170144,0.2402611844136407,0.9658179244152418,0.2130620317280982,-1.2328850991617264,train,0.5664652567975831,0.6178247734138973,0.3187311178247734,0.6102719033232629,0.48338368580060426,0.5664652567975831,0.1268882175226586,5
5c12d7b5eff374be805bae6c5e2906f6c02b6bc3ad6ba70d3674bafd4f16fc15,12.0,22.0,0.9999930182065982,0.2975479258737092,0.967283906678946,0.2185533107464959,-1.2946775427135382,train,0.7990936555891238,0.6072507552870091,0.3323262839879154,0.6072507552870091,0.472809667673716,0.6072507552870091,0.1344410876132931,5
5c12d7b5eff374be805bae6c5e2906f6c02b6bc3ad6ba70d3674bafd4f16fc15,14.0,24.0,0.9999967809416238,0.9828023507834036,0.9972243953286856,0.7734744277153917,-2.104369108629749,train,0.9365558912386707,0.4743202416918429,0.9531722054380665,0.48338368580060426,0.38972809667673713,0.48338368580060426,0.4622356495468278,5
5c12d7b5eff374be805bae6c5e2906f6c02b6bc3ad6ba70d3674bafd4f16fc15,16.0,26.0,0.9999947599007176,0.7976179777765438,0.9920097142834,0.9634966598138296,-2.440169947699079,train,0.8731117824773413,0.4954682779456193,0.8459214501510574,0.4622356495468278,0.32628398791540786,0.4954682779456193,0.3836858006042296,5
5c12d7b5eff374be805bae6c5e2906f6c02b6bc3ad6ba70d3674bafd4f16fc15,18.0,28.0,0.999993733809337,0.7957722130348236,0.990341161697567,1.051592382616422,-2.4236332049717118,train,0.8308157099697885,0.49697885196374625,0.8006042296072508,0.45468277945619334,0.3293051359516616,0.49697885196374625,0.3459214501510574,5
5c12d7b5eff374be805bae6c5e2906f6c02b6bc3ad6ba70d3674bafd4f16fc15,20.0,30.0,0.9999930979447276,0.829501091222903,0.9811972795334636,0.9745592656969874,-2.11592100416386,train,0.8006042296072508,0.49244712990936557,0.5785498489425982,0.45770392749244715,0.3851963746223565,0.49244712990936557,0.12084592145015105,5
5c12d7b5eff374be805bae6c5e2906f6c02b6bc3ad6ba70d3674bafd4f16fc15,22.0,32.0,0.9999731123048604,0.8959400218293021,0.970877014152754,1.0756518135190989,-1.7276464875562658,train,0.554380664652568,0.486404833836858,0.37613293051359514,0.4516616314199396,0.4335347432024169,0.4516616314199396,0.05287009063444109,5
5c12d7b5eff374be805bae6c5e2906f6c02b6bc3ad6ba70d3674bafd4f16fc15,24.0,34.0,0.9996900345722332,0.6781088459306598,0.94223545934714,0.6075844649873808,-0.6780439418024675,train,0.2175226586102719,0.5211480362537765,0.16163141993957703,0.5181268882175226,0.7447129909365559,0.5181268882175226,0.3036253776435046,5
5c12d7b5eff374be805bae6c5e2906f6c02b6bc3ad6ba70d3674bafd4f16fc15,26.0,36.0,0.9982140997291382,0.4755613096434702,0.9839431696729454,0.4608590534146526,-0.6461545322670064,train,0.1027190332326284,0.56797583081571,0.6374622356495468,0.5574018126888217,0.8262839879154078,0.56797583081571,0.08006042296072513,5
5c12d7b5eff374be805bae6c5e2906f6c02b6bc3ad6ba70d3674bafd4f16fc15,28.0,38.0,0.999474479782416,0.3687937252446965,0.9667277536965834,0.3593188383212449,-0.8120561899113714,train,0.17220543806646527,0.5936555891238671,0.32779456193353473,0.5845921450151057,0.6042296072507553,0.5845921450151057,0.26586102719033233,5
5c12d7b5eff374be805bae6c5e2906f6c02b6bc3ad6ba70d3674bafd4f16fc15,30.0,40.0,0.9991282220672898,0.3867707204883702,0.9391840014824812,0.3863547952486419,-0.8717955834633816,train,0.14350453172205438,0.5891238670694864,0.14350453172205438,0.5770392749244713,0.595166163141994,0.5770392749244713,0.44561933534743203,5
5c12d7b5eff374be805bae6c5e2906f6c02b6bc3ad6ba70d3674bafd4f16fc15,32.0,42.0,0.9828862147987336,0.504289472224716,0.956558155342461,0.3960702390388111,-0.6393558150744743,train,0.022658610271903322,0.5619335347432024,0.24471299093655588,0.5725075528700906,0.8353474320241692,0.5619335347432024,0.32779456193353473,5
5c12d7b5eff374be805bae6c5e2906f6c02b6bc3ad6ba70d3674bafd4f16fc15,34.0,44.0,0.999957676090909,0.5495865831945741,0.8777785728100225,0.4932575656267255,-0.6419846090057822,train,0.48036253776435045,0.5498489425981873,0.0256797583081571,0.5498489425981873,0.8277945619335347,0.5498489425981873,0.06948640483383683,5
5c12d7b5eff374be805bae6c5e2906f6c02b6bc3ad6ba70d3674bafd4f16fc15,36.0,46.0,0.998728167609272,0.7587221076578152,0.949860359113122,0.6121718861027924,-0.5592543096187857,train,0.12084592145015106,0.5015105740181269,0.2039274924471299,0.5166163141993958,0.918429003021148,0.5015105740181269,0.31268882175226587,5
5c12d7b5eff374be805bae6c5e2906f6c02b6bc3ad6ba70d3674bafd4f16fc15,38.0,48.0,0.9966047623579782,1.0121700548755226,0.9557351682042364,0.8569983199007893,-0.8564058420780365,train,0.07854984894259819,0.4697885196374622,0.23716012084592145,0.4697885196374622,0.5981873111782477,0.4697885196374622,0.23262839879154076,5
5c12d7b5eff374be805bae6c5e2906f6c02b6bc3ad6ba70d3674bafd4f16fc15,40.0,50.0,0.998822637665678,0.872917790365206,0.9703833238160748,0.8608437802228414,-0.8915746774701936,train,0.1268882175226586,0.4879154078549849,0.36706948640483383,0.46827794561933533,0.5876132930513596,0.46827794561933533,0.12084592145015105,5
5c12d7b5eff374be805bae6c5e2906f6c02b6bc3ad6ba70d3674bafd4f16fc15,42.0,52.0,0.9984190345818864,0.7844611377308187,0.9664268573554368,0.7526691259023872,-0.8814350728332482,train,0.10876132930513595,0.5,0.3202416918429003,0.486404833836858,0.5921450151057401,0.486404833836858,0.1797583081570997,5
5c12d7b5eff374be805bae6c5e2906f6c02b6bc3ad6ba70d3674bafd4f16fc15,44.0,54.0,0.99969408595496,0.5935455559206259,0.9765335254244067,0.6133371155245373,-1.1029711499599597,train,0.2190332326283988,0.5362537764350453,0.4818731117824773,0.5151057401812689,0.5120845921450151,0.5120845921450151,0.03323262839879154,5
5c12d7b5eff374be805bae6c5e2906f6c02b6bc3ad6ba70d3674bafd4f16fc15,46.0,56.0,0.987760935126604,0.5599914731699701,0.972661830022004,0.4949335590224014,-0.7583142009497291,train,0.03172205438066465,0.5468277945619335,0.39123867069486407,0.5468277945619335,0.6314199395770392,0.5468277945619335,0.15558912386706947,5
5c12d7b5eff374be805bae6c5e2906f6c02b6bc3ad6ba70d3674bafd4f16fc15,48.0,58.0,0.999960487704596,0.3548894459688853,0.97299219311526,0.304153562414775,-0.7759748466264859,train,0.49244712990936557,0.6012084592145015,0.40181268882175225,0.5966767371601208,0.6132930513595166,0.5966767371601208,0.10876132930513593,5
5c12d7b5eff374be805bae6c5e2906f6c02b6bc3ad6ba70d3674bafd4f16fc15,50.0,60.0,0.9999573708922572,0.3621335754415301,0.9741788997377718,0.3076842296553568,-0.8355070001065521,train,0.4788519637462236,0.5981873111782477,0.4380664652567976,0.5936555891238671,0.6027190332326284,0.5936555891238671,0.11933534743202417,5
5c12d7b5eff374be805bae6c5e2906f6c02b6bc3ad6ba70d3674bafd4f16fc15,52.0,62.0,0.999990796696392,0.3763764400726656,0.9711040842186476,0.3210738648349115,-0.8789810477553843,train,0.7386706948640483,0.5921450151057401,0.37915407854984895,0.5921450151057401,0.5936555891238671,0.5921450151057401,0.0015105740181269312,5
5c12d7b5eff374be805bae6c5e2906f6c02b6bc3ad6ba70d3674bafd4f16fc15,54.0,64.0,0.9999947557952548,0.4519350384082035,0.9657785677516494,0.3751716654153982,-0.8815392179203574,train,0.8716012084592145,0.5800604229607251,0.3157099697885196,0.5830815709969789,0.5906344410876133,0.5830815709969789,0.010574018126888185,5
5c12d7b5eff374be805bae6c5e2906f6c02b6bc3ad6ba70d3674bafd4f16fc15,56.0,66.0,0.9999890951870491,0.480502394611608,0.974626923976109,0.4160115975130418,-0.9266384206904632,train,0.7099697885196374,0.5664652567975831,0.4486404833836858,0.5664652567975831,0.5785498489425982,0.5664652567975831,0.012084592145015116,5
5c12d7b5eff374be805bae6c5e2906f6c02b6bc3ad6ba70d3674bafd4f16fc15,58.0,68.0,0.9999832896502788,0.4502573968501563,0.9704067674856164,0.3986643823851534,-0.9441693944061762,train,0.622356495468278,0.581570996978852,0.3685800604229607,0.5709969788519638,0.5725075528700906,0.5725075528700906,0.010574018126888185,5
5c12d7b5eff374be805bae6c5e2906f6c02b6bc3ad6ba70d3674bafd4f16fc15,60.0,70.0,0.9999815625255346,0.4892424788294146,0.9701424977279284,0.4289637130892637,-0.9685997333781894,train,0.6042296072507553,0.5649546827794562,0.3610271903323263,0.5649546827794562,0.5604229607250756,0.5649546827794562,0.004531722054380571,5
5c12d7b5eff374be805bae6c5e2906f6c02b6bc3ad6ba70d3674bafd4f16fc15,62.0,72.0,0.9999625193915136,0.6837862720665658,0.9567632457375446,0.5763122639241346,-0.9145778933564864,train,0.4984894259818731,0.5166163141993958,0.24773413897280966,0.5287009063444109,0.581570996978852,0.5166163141993958,0.03021148036253779,5
5c12d7b5eff374be805bae6c5e2906f6c02b6bc3ad6ba70d3674bafd4f16fc15,64.0,74.0,0.9994474913189348,0.6850760141804658,0.9685554029860712,0.5952497630851603,-0.8377978175939195,train,0.17069486404833836,0.5151057401812689,0.34441087613293053,0.5226586102719033,0.6012084592145015,0.5151057401812689,0.17824773413897277,5
5c12d7b5eff374be805bae6c5e2906f6c02b6bc3ad6ba70d3674bafd4f16fc15,66.0,76.0,0.9753339293814968,0.6505028817707382,0.9738721897814236,0.5679030458303146,-0.895538520010686,train,0.01661631419939577,0.527190332326284,0.4259818731117825,0.5332326283987915,0.5861027190332326,0.527190332326284,0.107250755287009,5
5c12d7b5eff374be805bae6c5e2906f6c02b6bc3ad6ba70d3674bafd4f16fc15,68.0,78.0,0.9994870453219928,0.7513420838565724,0.9667277536965834,0.6477466378050493,-0.9828967539674268,train,0.1797583081570997,0.5075528700906344,0.32779456193353473,0.5030211480362538,0.552870090634441,0.5030211480362538,0.1797583081570997,5
5c12d7b5eff374be805bae6c5e2906f6c02b6bc3ad6ba70d3674bafd4f16fc15,70.0,80.0,0.9994862481450238,0.7292989741540032,0.9765335254244067,0.632951146196069,-1.0802275686121352,train,0.17673716012084592,0.5105740181268882,0.4818731117824773,0.5060422960725075,0.5196374622356495,0.5060422960725075,0.02870090634441086,5
5c12d7b5eff374be805bae6c5e2906f6c02b6bc3ad6ba70d3674bafd4f16fc15,72.0,82.0,0.9992604031879528,0.6227897740598071,0.972661830022004,0.5361679301223458,-1.058939708338129,train,0.1555891238670695,0.5347432024169184,0.39123867069486407,0.5377643504531722,0.525679758308157,0.525679758308157,0.14350453172205435,5
5c12d7b5eff374be805bae6c5e2906f6c02b6bc3ad6ba70d3674bafd4f16fc15,74.0,84.0,0.9924866199128812,0.5675927522171406,0.9602106042145778,0.4638463190895928,-0.98168953143056,train,0.045317220543806644,0.5453172205438066,0.27794561933534745,0.5558912386706949,0.554380664652568,0.5453172205438066,0.2764350453172205,5
5c12d7b5eff374be805bae6c5e2906f6c02b6bc3ad6ba70d3674bafd4f16fc15,76.0,86.0,0.9996290241637064,0.5701403873135307,0.9686621064829968,0.4557229107634226,-0.9303491005862994,train,0.19788519637462235,0.5438066465256798,0.34894259818731116,0.5589123867069486,0.5770392749244713,0.5438066465256798,0.2099697885196375,5
5c12d7b5eff374be805bae6c5e2906f6c02b6bc3ad6ba70d3674bafd4f16fc15,78.0,88.0,0.9999504565906044,0.4611106781978946,0.97299219311526,0.3896345426087784,-0.9708239762926412,train,0.4607250755287009,0.5755287009063444,0.40181268882175225,0.5740181268882175,0.5589123867069486,0.5589123867069486,0.11329305135951662,5
5c12d7b5eff374be805bae6c5e2906f6c02b6bc3ad6ba70d3674bafd4f16fc15,80.0,90.0,0.9999930182065982,0.4741890589276734,0.9675741426579484,0.4009346474119776,-1.1840642561209456,train,0.7990936555891238,0.5709969788519638,0.33534743202416917,0.5694864048338368,0.4984894259818731,0.5694864048338368,0.07250755287009064,5
5c8af6b8a89a449144e0ddf74414040b433d630e1fd3d3ddc138ec3c4284d97b,0.0,10.0,0.9999456423364768,0.1397264943044272,0.9819316800617898,0.1266847477559396,-0.913157622897838,train,0.45468277945619334,0.7054380664652568,0.6072507552870091,0.6963746223564955,0.5830815709969789,0.6072507552870091,0.11329305135951662,5
5c8af6b8a89a449144e0ddf74414040b433d630e1fd3d3ddc138ec3c4284d97b,2.0,12.0,0.9999186674900484,0.1454420076264753,0.9800895473276524,0.1302431561990272,-0.9541203593061712,train,0.3731117824773414,0.6978851963746223,0.5498489425981873,0.6933534743202417,0.56797583081571,0.56797583081571,0.14350453172205446,5
5c8af6b8a89a449144e0ddf74414040b433d630e1fd3d3ddc138ec3c4284d97b,4.0,14.0,0.9999078704952412,0.1512684355511132,0.9765955791801074,0.1376777064116782,-0.9541108083257498,train,0.3549848942598187,0.6933534743202417,0.486404833836858,0.6873111782477341,0.5694864048338368,0.5694864048338368,0.20090634441087613,5
5c8af6b8a89a449144e0ddf74414040b433d630e1fd3d3ddc138ec3c4284d97b,6.0,16.0,0.9998398813929767,0.2131881277832923,0.96205136985419,0.1935121917307722,-1.002028967724574,train,0.29154078549848944,0.6268882175226587,0.29003021148036257,0.6253776435045317,0.5453172205438066,0.5453172205438066,0.3338368580060423,5
5c8af6b8a89a449144e0ddf74414040b433d630e1fd3d3ddc138ec3c4284d97b,8.0,18.0,0.9998901321657484,0.1950825163072716,0.958153739737208,0.1743838386966781,-0.9305812352798633,train,0.338368580060423,0.6450151057401813,0.256797583081571,0.6631419939577039,0.5755287009063444,0.5755287009063444,0.3066465256797583,5
5c8af6b8a89a449144e0ddf74414040b433d630e1fd3d3ddc138ec3c4284d97b,10.0,20.0,0.999944149521857,0.4961341694328528,0.9502555331102984,0.3377574774454802,-1.1686413072910515,train,0.4516616314199396,0.5634441087613293,0.2084592145015106,0.5891238670694864,0.5015105740181269,0.5015105740181269,0.11178247734138974,5
5c8af6b8a89a449144e0ddf74414040b433d630e1fd3d3ddc138ec3c4284d97b,12.0,22.0,0.9999828426811278,1.3619995760023635,0.9858584754235238,0.9018315831241626,-1.8753452488226543,train,0.6163141993957704,0.4471299093655589,0.6797583081570997,0.46676737160120846,0.41842900302114805,0.46676737160120846,0.16918429003021146,5
5c8af6b8a89a449144e0ddf74414040b433d630e1fd3d3ddc138ec3c4284d97b,14.0,24.0,0.9999843938736525,1.1977747551489797,0.9676818154672104,0.9644712592852732,-1.945540980307676,train,0.6374622356495468,0.45468277945619334,0.3368580060422961,0.4607250755287009,0.4093655589123867,0.45468277945619334,0.051359516616314216,5
5c8af6b8a89a449144e0ddf74414040b433d630e1fd3d3ddc138ec3c4284d97b,16.0,26.0,0.999976390072844,0.9182788719225382,0.9848350142139708,0.9173023419518463,-1.884185734944672,train,0.5694864048338368,0.48489425981873113,0.6525679758308157,0.4652567975830816,0.4169184290030212,0.48489425981873113,0.10422960725075525,5
5c8af6b8a89a449144e0ddf74414040b433d630e1fd3d3ddc138ec3c4284d97b,18.0,28.0,0.9999912687957424,0.9265976488275448,0.9780429953693024,0.9716489936908298,-2.105490856502402,train,0.7477341389728097,0.48338368580060426,0.513595166163142,0.459214501510574,0.38821752265861026,0.48338368580060426,0.05438066465256802,5
5c8af6b8a89a449144e0ddf74414040b433d630e1fd3d3ddc138ec3c4284d97b,20.0,30.0,0.9999939056260893,1.6731616885414,0.9961821025000586,1.190718769453468,-2.5139856061048063,train,0.8338368580060423,0.4350453172205438,0.9380664652567976,0.4471299093655589,0.31722054380664655,0.4471299093655589,0.39879154078549855,5
5c8af6b8a89a449144e0ddf74414040b433d630e1fd3d3ddc138ec3c4284d97b,22.0,32.0,0.9999887723197828,1.045552626234333,0.9888131687186946,0.7906503130334308,-2.1031415756935097,train,0.7009063444108762,0.46827794561933533,0.7628398791540786,0.4788519637462236,0.39123867069486407,0.4788519637462236,0.23262839879154085,5
5c8af6b8a89a449144e0ddf74414040b433d630e1fd3d3ddc138ec3c4284d97b,24.0,34.0,0.999986466999062,0.7356942012468207,0.9844301352916468,0.8128002941241066,-2.2814873201018906,train,0.6631419939577039,0.5090634441087614,0.6404833836858006,0.47583081570996977,0.35196374622356497,0.5090634441087614,0.16465256797583083,5
6732a35a8f6343dcf041f1a3ad40d6760331513a2556c4fae4eea6cd59da89b2,0.0,10.0,0.9997782351394752,0.2591780348043443,0.953737662124271,0.2111674087314261,-1.146314073685315,train,0.26586102719033233,0.6148036253776435,0.22356495468277945,0.6132930513595166,0.5075528700906344,0.5075528700906344,0.3474320241691843,5
6732a35a8f6343dcf041f1a3ad40d6760331513a2556c4fae4eea6cd59da89b2,2.0,12.0,0.9982562316012112,0.1898460940224744,0.938225035391852,0.151671099055408,-0.9675909489635558,train,0.10574018126888217,0.6525679758308157,0.13595166163141995,0.6827794561933535,0.5619335347432024,0.5619335347432024,0.5166163141993958,5
6732a35a8f6343dcf041f1a3ad40d6760331513a2556c4fae4eea6cd59da89b2,4.0,14.0,0.9956668462159995,0.1562867406086578,0.9665428033612148,0.1244313257512606,-1.007647346179323,train,0.06948640483383686,0.6903323262839879,0.3217522658610272,0.6993957703927492,0.5438066465256798,0.5438066465256798,0.3685800604229607,5
6732a35a8f6343dcf041f1a3ad40d6760331513a2556c4fae4eea6cd59da89b2,6.0,16.0,0.9963836733200214,0.1727919365819142,0.9615384952653568,0.1294049454767725,-1.0598652569246525,train,0.0770392749244713,0.6827794561933535,0.28700906344410876,0.6948640483383686,0.5241691842900302,0.5241691842900302,0.3957703927492447,5
6732a35a8f6343dcf041f1a3ad40d6760331513a2556c4fae4eea6cd59da89b2,8.0,18.0,0.999630693080844,0.2499796729897712,0.9294823556686936,0.179775835518201,-1.09933702434265,train,0.20090634441087613,0.6163141993957704,0.10120845921450151,0.6586102719033232,0.513595166163142,0.513595166163142,0.41540785498489424,5
6732a35a8f6343dcf041f1a3ad40d6760331513a2556c4fae4eea6cd59da89b2,10.0,20.0,0.9995630865928972,0.279544900275285,0.9331641086109016,0.2115847837668609,-1.0927046308281247,train,0.1903323262839879,0.6132930513595166,0.1148036253776435,0.6117824773413897,0.5151057401812689,0.5151057401812689,0.4214501510574018,5
6732a35a8f6343dcf041f1a3ad40d6760331513a2556c4fae4eea6cd59da89b2,12.0,22.0,0.979508310680892,0.3657685769759312,0.9255439831173872,0.3068092739559909,-0.9601030350625536,train,0.019637462235649546,0.595166163141994,0.09365558912386707,0.595166163141994,0.5664652567975831,0.5664652567975831,0.5015105740181269,5
7208a43e77536a72e401c00f01a793130fb6688d28fb8080941e14cc5752b0ca,0.0,10.0,0.9999524261705928,0.1812331633501777,0.9705059802142114,0.1933624962271394,-0.6319636027929458,train,0.4697885196374622,0.6722054380664653,0.37009063444108764,0.6268882175226587,0.8398791540785498,0.6268882175226587,0.20241691842900306,5
73093667f33a7f710fc20059989a002071359119e1e9c0a4128b67729755da33,0.0,10.0,0.9997651643872596,0.2810470928753595,0.9756775398059552,0.2615604493081916,-0.5897694083762896,train,0.2598187311178248,0.6117824773413897,0.47129909365558914,0.6027190332326284,0.877643504531722,0.6027190332326284,0.14048338368580054,5
8f799d59c9b5348ece1e5671692ea783d6d5e450ccebe31b6db9ad4f9510f8c5,0.0,10.0,0.9999954201777572,57.07605993536168,0.9798307169610176,89.9398525226001,-2.6393738198643955,train,0.8942598187311178,0.09063444108761329,0.5422960725075529,0.1903323262839879,0.297583081570997,0.297583081570997,0.35196374622356497,5
8f799d59c9b5348ece1e5671692ea783d6d5e450ccebe31b6db9ad4f9510f8c5,2.0,12.0,0.9999931314957776,104.61765648114512,0.9485670175680206,114.8120469968858,-1.7160796288210571,train,0.8051359516616314,0.00906344410876133,0.19184290030211482,0.10574018126888217,0.4350453172205438,0.19184290030211482,0.3293051359516616,5
8f799d59c9b5348ece1e5671692ea783d6d5e450ccebe31b6db9ad4f9510f8c5,4.0,14.0,0.9993268433432672,109.92580213029288,0.9335475091625388,138.96966279698407,-4.529310630935062,train,0.16012084592145015,0.006042296072507553,0.11933534743202417,0.04833836858006042,0.08761329305135952,0.08761329305135952,0.07099697885196375,5
8f799d59c9b5348ece1e5671692ea783d6d5e450ccebe31b6db9ad4f9510f8c5,6.0,16.0,0.9999943486482236,87.80063959027987,0.988373553902964,152.8710346850953,-2.052411755338762,train,0.8625377643504532,0.01661631419939577,0.7477341389728097,0.015105740181268883,0.3942598187311178,0.3942598187311178,0.7311178247734139,5
8f799d59c9b5348ece1e5671692ea783d6d5e450ccebe31b6db9ad4f9510f8c5,8.0,18.0,0.9999836485103044,119.18239094802894,0.9628135577599648,139.06927477637777,-3.9939267358148713,train,0.6299093655589124,0.0030211480362537764,0.2990936555891239,0.04682779456193353,0.1283987915407855,0.1283987915407855,0.25226586102719034,5
8f799d59c9b5348ece1e5671692ea783d6d5e450ccebe31b6db9ad4f9510f8c5,10.0,20.0,0.99998672949125,83.4966427490992,0.9873675240392116,145.63169407443695,-2.3203714811955938,train,0.6706948640483383,0.022658610271903322,0.7205438066465257,0.03172205438066465,0.34441087613293053,0.34441087613293053,0.6389728096676737,5
8f799d59c9b5348ece1e5671692ea783d6d5e450ccebe31b6db9ad4f9510f8c5,12.0,22.0,0.9999889047732252,47.31654597508018,0.9900810453277474,147.994602463563,-2.552329958910902,train,0.7039274924471299,0.13897280966767372,0.797583081570997,0.02416918429003021,0.311178247734139,0.311178247734139,0.5649546827794563,5
8f799d59c9b5348ece1e5671692ea783d6d5e450ccebe31b6db9ad4f9510f8c5,14.0,24.0,0.9997564217005388,55.49845742542371,0.951828862072992,138.15391448249923,-3.708362046148142,train,0.2552870090634441,0.09818731117824774,0.2190332326283988,0.0513595166163142,0.14954682779456194,0.14954682779456194,0.12084592145015106,5
8f799d59c9b5348ece1e5671692ea783d6d5e450ccebe31b6db9ad4f9510f8c5,16.0,26.0,0.9981283808144792,62.78270798088131,0.9738081560818576,123.40463795869957,-4.168787501664831,train,0.10120845921450151,0.052870090634441085,0.4214501510574018,0.08459214501510574,0.12084592145015106,0.10120845921450151,0.03625377643504532,5
8f799d59c9b5348ece1e5671692ea783d6d5e450ccebe31b6db9ad4f9510f8c5,18.0,28.0,0.9999880626030516,64.58505078504966,0.949177142210068,128.66411398350408,-1.5223215060854514,train,0.6873111782477341,0.04380664652567976,0.19939577039274925,0.06948640483383686,0.44410876132930516,0.19939577039274925,0.37462235649546827,5
8f799d59c9b5348ece1e5671692ea783d6d5e450ccebe31b6db9ad4f9510f8c5,20.0,30.0,0.9999916656985562,59.58858819301576,0.9726338867592494,122.09450240230936,-3.248787839546479,train,0.7628398791540786,0.07099697885196375,0.38821752265861026,0.08610271903323263,0.19788519637462235,0.19788519637462235,0.3021148036253776,5
8f799d59c9b5348ece1e5671692ea783d6d5e450ccebe31b6db9ad4f9510f8c5,22.0,32.0,0.9999990704579396,42.908523460723394,0.9685036073922132,111.2468902700762,-5.567335056057431,train,0.9833836858006042,0.16767371601208458,0.3429003021148036,0.1268882175226586,0.03323262839879154,0.16767371601208458,0.216012084592145,5
8f799d59c9b5348ece1e5671692ea783d6d5e450ccebe31b6db9ad4f9510f8c5,24.0,34.0,0.9999931314957776,60.88819779672359,0.9886668267347845,124.80442859733604,-2.3715047591685057,train,0.8051359516616314,0.06646525679758308,0.7598187311178247,0.08308157099697885,0.338368580060423,0.338368580060423,0.6767371601208458,5
8f799d59c9b5348ece1e5671692ea783d6d5e450ccebe31b6db9ad4f9510f8c5,26.0,36.0,0.9999932728809928,60.37156485567087,0.9788586963763716,127.67193328039384,-2.1239974673723983,train,0.8141993957703928,0.06948640483383686,0.5226586102719033,0.07401812688821752,0.38368580060422963,0.38368580060422963,0.4486404833836858,5
8f799d59c9b5348ece1e5671692ea783d6d5e450ccebe31b6db9ad4f9510f8c5,28.0,38.0,0.999988746457324,57.812186024064566,0.9867521419247246,145.7782271431944,-2.666012942728816,train,0.6993957703927492,0.08308157099697885,0.7069486404833837,0.030211480362537766,0.2930513595166163,0.2930513595166163,0.6163141993957704,5
8f799d59c9b5348ece1e5671692ea783d6d5e450ccebe31b6db9ad4f9510f8c5,30.0,40.0,0.998642066408292,44.56080802624157,0.9748410467107416,125.27952703396764,-4.600251893898281,train,0.1163141993957704,0.15709969788519637,0.4516616314199396,0.08157099697885196,0.08610271903323263,0.1163141993957704,0.07099697885196374,5
8f799d59c9b5348ece1e5671692ea783d6d5e450ccebe31b6db9ad4f9510f8c5,32.0,42.0,0.9999218494881964,52.10349712437492,0.9788485851967328,143.53114370285738,-3.278691282514145,train,0.3867069486404834,0.11178247734138973,0.5196374622356495,0.0377643504531722,0.19486404833836857,0.19486404833836857,0.27492447129909364,5
8f799d59c9b5348ece1e5671692ea783d6d5e450ccebe31b6db9ad4f9510f8c5,34.0,44.0,0.9999926610110534,42.355284226627234,0.9570182172639284,142.64457753836112,-2.9427418242128813,train,0.7794561933534743,0.17069486404833836,0.24924471299093656,0.04078549848942598,0.24773413897280966,0.24773413897280966,0.0785498489425982,5
8f799d59c9b5348ece1e5671692ea783d6d5e450ccebe31b6db9ad4f9510f8c5,36.0,46.0,0.9999954201777572,51.61276400337249,0.9794568417310702,138.4153480225187,-3.797662105064256,train,0.8942598187311178,0.11329305135951662,0.527190332326284,0.04984894259818731,0.1404833836858006,0.1404833836858006,0.41389728096676737,5
8f799d59c9b5348ece1e5671692ea783d6d5e450ccebe31b6db9ad4f9510f8c5,38.0,48.0,0.9997345571230803,61.34405215484213,0.938850435626956,137.88763683022978,-2.813870254608899,train,0.24018126888217523,0.06042296072507553,0.1419939577039275,0.052870090634441085,0.2719033232628399,0.1419939577039275,0.1797583081570997,5
8f799d59c9b5348ece1e5671692ea783d6d5e450ccebe31b6db9ad4f9510f8c5,40.0,50.0,0.9999705282087852,46.74544659197979,0.9835469459204752,158.60885076575224,-2.5931380285272168,train,0.5392749244712991,0.1419939577039275,0.6283987915407855,0.00906344410876133,0.3021148036253776,0.3021148036253776,0.39728096676737157,5
8f799d59c9b5348ece1e5671692ea783d6d5e450ccebe31b6db9ad4f9510f8c5,42.0,52.0,0.9999677367946272,41.18344169161514,0.9588726659968052,156.60907291320163,-2.482881164316356,train,0.525679758308157,0.18277945619335348,0.2719033232628399,0.010574018126888218,0.3187311178247734,0.2719033232628399,0.13595166163141995,5
8f799d59c9b5348ece1e5671692ea783d6d5e450ccebe31b6db9ad4f9510f8c5,44.0,54.0,0.9999153894453268,44.0075712474882,0.9301349717443648,146.10331247258458,-2.5437206902877376,train,0.37009063444108764,0.16012084592145015,0.10574018126888217,0.028700906344410877,0.31268882175226587,0.16012084592145015,0.20694864048338368,5
8f799d59c9b5348ece1e5671692ea783d6d5e450ccebe31b6db9ad4f9510f8c5,46.0,56.0,0.99999400336972,64.11733557829082,0.9760788022113688,142.21855006916564,-4.369826979131028,train,0.8398791540785498,0.04682779456193353,0.47583081570996977,0.04229607250755287,0.09516616314199396,0.09516616314199396,0.42900302114803623,5
8f799d59c9b5348ece1e5671692ea783d6d5e450ccebe31b6db9ad4f9510f8c5,48.0,58.0,0.9999855905136906,61.21280206673418,0.9580374230058272,139.55793935806852,-3.404109435279917,train,0.649546827794562,0.0634441087613293,0.2552870090634441,0.045317220543806644,0.18882175226586104,0.18882175226586104,0.1918429003021148,5
8f799d59c9b5348ece1e5671692ea783d6d5e450ccebe31b6db9ad4f9510f8c5,50.0,60.0,0.9976243038175376,61.51730611076046,0.952207079630926,143.25233174329753,-5.038263036040539,train,0.09516616314199396,0.05891238670694864,0.22054380664652568,0.03927492447129909,0.052870090634441085,0.05891238670694864,0.04229607250755287,5
8f799d59c9b5348ece1e5671692ea783d6d5e450ccebe31b6db9ad4f9510f8c5,52.0,62.0,0.9999943486482236,60.72241348614618,0.977815404808649,121.4923873545224,-2.86654267364157,train,0.8625377643504532,0.06797583081570997,0.5105740181268882,0.0891238670694864,0.26132930513595165,0.26132930513595165,0.4214501510574018,5
8f799d59c9b5348ece1e5671692ea783d6d5e450ccebe31b6db9ad4f9510f8c5,54.0,64.0,0.99999613089479,83.88867122360837,0.9898518342492107,118.71587776038386,-4.348256534081232,train,0.9138972809667674,0.019637462235649546,0.7930513595166163,0.09516616314199396,0.09818731117824774,0.09818731117824774,0.6978851963746223,5
8f799d59c9b5348ece1e5671692ea783d6d5e450ccebe31b6db9ad4f9510f8c5,56.0,66.0,0.9999981304313784,92.25015816913906,0.9862850449147056,118.55076035764024,-4.443849034578092,train,0.9607250755287009,0.015105740181268883,0.6888217522658611,0.09969788519637462,0.09214501510574018,0.09969788519637462,0.5966767371601209,5
8f799d59c9b5348ece1e5671692ea783d6d5e450ccebe31b6db9ad4f9510f8c5,58.0,68.0,0.9999390970114574,107.99736024741388,0.9812669592748322,97.92409299531607,-3.5756304070378,train,0.43202416918429004,0.0075528700906344415,0.5861027190332326,0.16767371601208458,0.16767371601208458,0.16767371601208458,0.26435045317220546,5
8f799d59c9b5348ece1e5671692ea783d6d5e450ccebe31b6db9ad4f9510f8c5,60.0,70.0,0.99996797669729,73.24675153487921,0.9889311037560474,92.93782964689942,-1.919423940847641,train,0.527190332326284,0.03474320241691843,0.7688821752265861,0.18429003021148035,0.41389728096676737,0.41389728096676737,0.3429003021148036,5
8f799d59c9b5348ece1e5671692ea783d6d5e450ccebe31b6db9ad4f9510f8c5,62.0,72.0,0.9999949770288744,83.65125091526836,0.991334360645736,100.76102681285298,-3.2967679496592024,train,0.877643504531722,0.021148036253776436,0.8323262839879154,0.1555891238670695,0.1933534743202417,0.1933534743202417,0.676737160120846,5
8f799d59c9b5348ece1e5671692ea783d6d5e450ccebe31b6db9ad4f9510f8c5,64.0,74.0,0.9999936098445604,62.85593283383265,0.972727642007056,82.39694377273709,-2.1379995718801257,train,0.824773413897281,0.0513595166163142,0.3942598187311178,0.21299093655589124,0.3806646525679758,0.3806646525679758,0.18126888217522658,5
8f799d59c9b5348ece1e5671692ea783d6d5e450ccebe31b6db9ad4f9510f8c5,66.0,76.0,0.9999889060165283,29.877745956829,0.981868258348395,55.37674913394719,-3.038989003746173,train,0.7069486404833837,0.256797583081571,0.6027190332326284,0.29003021148036257,0.2311178247734139,0.29003021148036257,0.3459214501510574,5
8f799d59c9b5348ece1e5671692ea783d6d5e450ccebe31b6db9ad4f9510f8c5,68.0,78.0,0.9999717019884244,22.416264750895703,0.9898050125388502,48.110387431968185,-4.246562539961943,train,0.5453172205438066,0.297583081570997,0.7915407854984894,0.30513595166163143,0.11178247734138973,0.30513595166163143,0.2477341389728096,5
8f799d59c9b5348ece1e5671692ea783d6d5e450ccebe31b6db9ad4f9510f8c5,70.0,80.0,0.9969911429493168,23.839942245365737,0.9220653399918468,21.69390924259557,-4.361293273999955,train,0.08308157099697885,0.28851963746223563,0.08610271903323263,0.3595166163141994,0.09667673716012085,0.09667673716012085,0.202416918429003,5
8f799d59c9b5348ece1e5671692ea783d6d5e450ccebe31b6db9ad4f9510f8c5,72.0,82.0,0.9999843447000928,5.982044442765285,0.992373122489432,5.774660281136967,-3.4804270636105312,train,0.6344410876132931,0.37462235649546827,0.8580060422960725,0.38972809667673713,0.18277945619335348,0.38972809667673713,0.25981873111782483,5
8f799d59c9b5348ece1e5671692ea783d6d5e450ccebe31b6db9ad4f9510f8c5,74.0,84.0,0.9999932104978616,3.171837971467839,0.992634768295416,2.9057895071679885,-2.37524490147068,train,0.8096676737160121,0.4003021148036254,0.8685800604229608,0.4169184290030212,0.33534743202416917,0.4169184290030212,0.40936555891238674,5
8f799d59c9b5348ece1e5671692ea783d6d5e450ccebe31b6db9ad4f9510f8c5,76.0,86.0,0.9999911739681456,2.681259046474236,0.9950884528511224,2.750053873260449,-2.3915432203780957,train,0.7462235649546828,0.4078549848942598,0.9229607250755287,0.41842900302114805,0.3323262839879154,0.41842900302114805,0.338368580060423,5
8f799d59c9b5348ece1e5671692ea783d6d5e450ccebe31b6db9ad4f9510f8c5,78.0,88.0,0.9999941589262522,2.14590852366856,0.9865953301049278,2.9174479578893777,-2.1549697825610346,train,0.8444108761329305,0.4229607250755287,0.6963746223564955,0.41540785498489424,0.3776435045317221,0.4229607250755287,0.28096676737160126,5
8f799d59c9b5348ece1e5671692ea783d6d5e450ccebe31b6db9ad4f9510f8c5,80.0,90.0,0.9999829221082158,2.15361889426811,0.9539450409160602,1.9880020007223775,-1.3108691147814695,train,0.6193353474320241,0.4214501510574018,0.22658610271903323,0.4244712990936556,0.47129909365558914,0.4244712990936556,0.04984894259818734,5
8f799d59c9b5348ece1e5671692ea783d6d5e450ccebe31b6db9ad4f9510f8c5,82.0,92.0,0.9853365183165844,1.0850399908631088,0.9738721897814236,0.9327331155470652,-1.0430851276210384,train,0.027190332326283987,0.46676737160120846,0.4259818731117825,0.4637462235649547,0.5317220543806647,0.4637462235649547,0.040785498489425975,5
8f799d59c9b5348ece1e5671692ea783d6d5e450ccebe31b6db9ad4f9510f8c5,84.0,94.0,0.9994870453219928,1.1298069528334254,0.9696308500916198,0.9873549927193666,-1.0925264755223587,train,0.1797583081570997,0.4607250755287009,0.3549848942598187,0.4561933534743202,0.5166163141993958,0.4561933534743202,0.10574018126888218,5
8f799d59c9b5348ece1e5671692ea783d6d5e450ccebe31b6db9ad4f9510f8c5,86.0,96.0,0.9999192891767492,1.0103649699189294,0.9634651374188212,0.8293427159216121,-1.269613669944949,train,0.37613293051359514,0.47129909365558914,0.3021148036253776,0.47129909365558914,0.4743202416918429,0.47129909365558914,0.095166163141994,5
8f799d59c9b5348ece1e5671692ea783d6d5e450ccebe31b6db9ad4f9510f8c5,88.0,98.0,0.9525019409918686,0.6673718708950914,0.9555958303588208,0.5960942545473995,-1.0460562855214597,train,0.004531722054380665,0.525679758308157,0.23413897280966767,0.5211480362537765,0.5287009063444109,0.5211480362537765,0.2915407854984894,5
8f799d59c9b5348ece1e5671692ea783d6d5e450ccebe31b6db9ad4f9510f8c5,90.0,100.0,0.9995316962491556,0.647996223711277,0.9761276833660728,0.6454801496739067,-0.9844775776203012,train,0.18126888217522658,0.5287009063444109,0.4773413897280967,0.5045317220543807,0.5498489425981873,0.5045317220543807,0.051359516616314216,5
8f799d59c9b5348ece1e5671692ea783d6d5e450ccebe31b6db9ad4f9510f8c5,92.0,102.0,0.999876020890718,0.6385793118163224,0.939902631128672,0.6323310435292177,-1.08231382095958,train,0.32326283987915405,0.5302114803625377,0.14803625377643503,0.5075528700906344,0.5181268882175226,0.5075528700906344,0.19486404833836857,5
8f799d59c9b5348ece1e5671692ea783d6d5e450ccebe31b6db9ad4f9510f8c5,94.0,104.0,0.999927505894932,0.5852822306405581,0.9586634912806058,0.5777413096996753,-1.13347185523406,train,0.3987915407854985,0.5392749244712991,0.2673716012084592,0.527190332326284,0.5090634441087614,0.5090634441087614,0.12839879154078548,5
8f799d59c9b5348ece1e5671692ea783d6d5e450ccebe31b6db9ad4f9510f8c5,96.0,106.0,0.9999302526082228,0.5315295627501933,0.9667774836379036,0.5267771176303345,-1.230305358816513,train,0.4108761329305136,0.5589123867069486,0.3293051359516616,0.540785498489426,0.48489425981873113,0.48489425981873113,0.12990936555891242,5
8f799d59c9b5348ece1e5671692ea783d6d5e450ccebe31b6db9ad4f9510f8c5,98.0,108.0,0.9999746837130232,0.6369123410401886,0.970877014152754,0.7659128392739857,-1.5246079026905066,train,0.5619335347432024,0.5317220543806647,0.37613293051359514,0.48489425981873113,0.4425981873111782,0.48489425981873113,0.08912386706948644,5
9116cbf4be063f5be851f65778ddfb91d60bdd5aa52e7211426769a6b2ce6f86,0.0,10.0,0.999870970499468,0.1718420933771556,0.9967213054144975,0.151903274772862,-0.619274508382823,train,0.31722054380664655,0.6842900302114804,0.9441087613293051,0.6812688821752266,0.8474320241691843,0.6842900302114804,0.16616314199395765,5
9116cbf4be063f5be851f65778ddfb91d60bdd5aa52e7211426769a6b2ce6f86,2.0,12.0,0.9999039863098846,0.1804375039367327,0.9856711644692424,0.1641147842765913,-0.6504831412747846,train,0.35196374622356497,0.6737160120845922,0.6706948640483383,0.6737160120845922,0.8202416918429003,0.6737160120845922,0.0030211480362538623,5
9116cbf4be063f5be851f65778ddfb91d60bdd5aa52e7211426769a6b2ce6f86,4.0,14.0,0.999871857143782,0.1957745617058032,0.9881520761342716,0.1801067431088422,-0.6219656830826841,train,0.3187311178247734,0.6419939577039275,0.7462235649546828,0.6555891238670695,0.8444108761329305,0.6555891238670695,0.10422960725075525,5
9116cbf4be063f5be851f65778ddfb91d60bdd5aa52e7211426769a6b2ce6f86,6.0,16.0,0.9998617731631044,0.2085179781980411,0.9805626420785208,0.1954506413410504,-0.6138893128430838,train,0.30966767371601206,0.6329305135951662,0.5664652567975831,0.622356495468278,0.8534743202416919,0.622356495468278,0.06646525679758308,5
9116cbf4be063f5be851f65778ddfb91d60bdd5aa52e7211426769a6b2ce6f86,8.0,18.0,0.9997273733708136,0.236329505701962,0.9743284997549506,0.2187701344420663,-0.6177148234931881,train,0.2326283987915408,0.6193353474320241,0.4425981873111782,0.6057401812688822,0.8489425981873112,0.6057401812688822,0.1767371601208459,5
9116cbf4be063f5be851f65778ddfb91d60bdd5aa52e7211426769a6b2ce6f86,10.0,20.0,0.9999327559079592,0.1896593133808748,0.9799715230653318,0.1838115574069514,-0.6636052625542328,train,0.4199395770392749,0.6540785498489426,0.5468277945619335,0.6465256797583081,0.7794561933534743,0.6465256797583081,0.10725075528700911,5
9116cbf4be063f5be851f65778ddfb91d60bdd5aa52e7211426769a6b2ce6f86,12.0,22.0,0.999940893486748,0.1953873202887512,0.9809132818964,0.1918611338134471,-0.659293304222219,train,0.43655589123867067,0.6435045317220544,0.5709969788519638,0.6283987915407855,0.7945619335347432,0.6283987915407855,0.07250755287009059,5
9116cbf4be063f5be851f65778ddfb91d60bdd5aa52e7211426769a6b2ce6f86,14.0,24.0,0.9999017020842518,0.1977986240174698,0.9780924466207924,0.190014158011333,-0.660375537833361,train,0.34894259818731116,0.6389728096676737,0.5166163141993958,0.6314199395770392,0.7900302114803626,0.6314199395770392,0.12235649546827787,5
9116cbf4be063f5be851f65778ddfb91d60bdd5aa52e7211426769a6b2ce6f86,16.0,26.0,0.9998670296966484,0.205129508765456,0.9812460865377788,0.1985875841863834,-0.6893262695325055,train,0.311178247734139,0.6344410876132931,0.581570996978852,0.6178247734138973,0.7326283987915407,0.6178247734138973,0.05287009063444115,5
9116cbf4be063f5be851f65778ddfb91d60bdd5aa52e7211426769a6b2ce6f86,18.0,28.0,0.999856374901959,0.1940178265711513,0.9802737850597928,0.1872459786674149,-0.7008739723377867,train,0.3066465256797583,0.648036253776435,0.5558912386706949,0.6359516616314199,0.7129909365558912,0.6359516616314199,0.09214501510574014,5
9116cbf4be063f5be851f65778ddfb91d60bdd5aa52e7211426769a6b2ce6f86,20.0,30.0,0.9998550294535292,0.1922630185839358,0.9766730042133924,0.1886115958150238,-0.6998880585844856,train,0.30362537764350456,0.649546827794562,0.4879154078549849,0.6329305135951662,0.716012084592145,0.6329305135951662,0.16163141993957708,5
9116cbf4be063f5be851f65778ddfb91d60bdd5aa52e7211426769a6b2ce6f86,22.0,32.0,0.9997472512217564,0.1881671387434672,0.9722018168377684,0.1844210755221404,-0.6926642054171026,train,0.24471299093655588,0.6586102719033232,0.3851963746223565,0.6450151057401813,0.7235649546827795,0.6450151057401813,0.2734138972809667,5
9116cbf4be063f5be851f65778ddfb91d60bdd5aa52e7211426769a6b2ce6f86,24.0,34.0,0.9995399289641193,0.1838065993285629,0.9739194877040852,0.1850326087825847,-0.7106446146599666,train,0.18580060422960726,0.6676737160120846,0.43051359516616317,0.6389728096676737,0.6918429003021148,0.6389728096676737,0.23716012084592142,5
9116cbf4be063f5be851f65778ddfb91d60bdd5aa52e7211426769a6b2ce6f86,26.0,36.0,0.9997320210240872,0.1786667935174588,0.9774071180757986,0.1792954669618719,-0.7005191928763456,train,0.23867069486404835,0.676737160120846,0.5,0.6601208459214502,0.7145015105740181,0.6601208459214502,0.17673716012084595,5
9116cbf4be063f5be851f65778ddfb91d60bdd5aa52e7211426769a6b2ce6f86,28.0,38.0,0.9998896567278276,0.1833574089731002,0.9751012396094768,0.1848741746707577,-0.683992274077892,train,0.3368580060422961,0.6691842900302115,0.4607250755287009,0.6404833836858006,0.7416918429003021,0.6404833836858006,0.20845921450151061,5
9116cbf4be063f5be851f65778ddfb91d60bdd5aa52e7211426769a6b2ce6f86,30.0,40.0,0.9999224307869964,0.1828243993829273,0.9862826180103846,0.1847347083475067,-0.6876635277847674,train,0.39123867069486407,0.6706948640483383,0.6873111782477341,0.6419939577039275,0.7341389728096677,0.6706948640483383,0.0453172205438066,5
9116cbf4be063f5be851f65778ddfb91d60bdd5aa52e7211426769a6b2ce6f86,32.0,42.0,0.9999210110415157,0.1762270815872275,0.9818936406152194,0.1811330580309781,-0.6924900977327009,train,0.3821752265861027,0.6812688821752266,0.6042296072507553,0.6525679758308157,0.7265861027190332,0.6525679758308157,0.07703927492447138,5
9116cbf4be063f5be851f65778ddfb91d60bdd5aa52e7211426769a6b2ce6f86,34.0,44.0,0.9999670204578298,0.177140465606313,0.9855042082478392,0.1798018929985929,-0.6867021621196988,train,0.5226586102719033,0.6782477341389728,0.6661631419939577,0.6570996978851964,0.7371601208459214,0.6661631419939577,0.02114803625377637,5
9116cbf4be063f5be851f65778ddfb91d60bdd5aa52e7211426769a6b2ce6f86,36.0,46.0,0.9999539580424014,0.1709205963799412,0.9881520761342716,0.1741062528433329,-0.6873377124086476,train,0.47129909365558914,0.6858006042296072,0.7462235649546828,0.6661631419939577,0.7356495468277946,0.6858006042296072,0.06948640483383695,5
9116cbf4be063f5be851f65778ddfb91d60bdd5aa52e7211426769a6b2ce6f86,38.0,48.0,0.999940893486748,0.1695399162934087,0.9856711644692424,0.1725532810615254,-0.6982248188330737,train,0.43655589123867067,0.6873111782477341,0.6706948640483383,0.6676737160120846,0.7190332326283988,0.6706948640483383,0.01963746223564955,5
9116cbf4be063f5be851f65778ddfb91d60bdd5aa52e7211426769a6b2ce6f86,40.0,50.0,0.9996603518565028,0.2816745022765959,0.9774474904004214,0.2630203563067284,-0.8585221093512909,train,0.2084592145015106,0.6102719033232629,0.5045317220543807,0.6012084592145015,0.5966767371601208,0.5966767371601208,0.09667673716012082,5
9116cbf4be063f5be851f65778ddfb91d60bdd5aa52e7211426769a6b2ce6f86,42.0,52.0,0.999751967231811,0.4731911280944753,0.9812460865377788,0.4356623813896045,-0.7197385708011057,train,0.25226586102719034,0.5725075528700906,0.581570996978852,0.5619335347432024,0.6797583081570997,0.5725075528700906,0.01963746223564955,5
9116cbf4be063f5be851f65778ddfb91d60bdd5aa52e7211426769a6b2ce6f86,44.0,54.0,0.9995382789577242,0.5481339958779621,0.9895566167396572,0.5068076224762069,-0.6692535257610441,train,0.18429003021148035,0.554380664652568,0.783987915407855,0.5438066465256798,0.7658610271903323,0.554380664652568,0.22205438066465255,5
9116cbf4be063f5be851f65778ddfb91d60bdd5aa52e7211426769a6b2ce6f86,46.0,56.0,0.9995375933420524,0.5485193737776148,0.9884876702611048,0.500356637035413,-0.6659041019280483,train,0.18277945619335348,0.552870090634441,0.7537764350453172,0.5453172205438066,0.7719033232628398,0.552870090634441,0.20845921450151061,5
9116cbf4be063f5be851f65778ddfb91d60bdd5aa52e7211426769a6b2ce6f86,48.0,58.0,0.9997816080544902,0.5295446797635993,0.9743284997549506,0.4930699619711545,-0.6756492015601816,train,0.2673716012084592,0.5604229607250756,0.4425981873111782,0.5513595166163142,0.7492447129909365,0.5513595166163142,0.11782477341389735,5
9116cbf4be063f5be851f65778ddfb91d60bdd5aa52e7211426769a6b2ce6f86,50.0,60.0,0.9998225861572928,0.4037609792642342,0.9499378841456572,0.3817421433991435,-0.7917570877680087,train,0.27794561933534745,0.5861027190332326,0.20694864048338368,0.581570996978852,0.6072507552870091,0.581570996978852,0.3081570996978852,5
9116cbf4be063f5be851f65778ddfb91d60bdd5aa52e7211426769a6b2ce6f86,52.0,62.0,0.9999301487813598,0.2104065527392817,0.9738857637202972,0.2034199019297742,-0.6482090303037812,train,0.4078549848942598,0.6299093655589124,0.42749244712990936,0.6148036253776435,0.823262839879154,0.6148036253776435,0.20241691842900306,5
9116cbf4be063f5be851f65778ddfb91d60bdd5aa52e7211426769a6b2ce6f86,54.0,64.0,0.9999670204578298,0.123795353061943,0.9838261415287842,0.1238122745735751,-0.6709359945434911,train,0.5226586102719033,0.7220543806646526,0.6359516616314199,0.7009063444108762,0.7613293051359517,0.7009063444108762,0.08610271903323263,5
9116cbf4be063f5be851f65778ddfb91d60bdd5aa52e7211426769a6b2ce6f86,56.0,66.0,0.9999650426683095,0.1259578365251741,0.9888621165738178,0.1255618825346828,-0.6641186119846532,train,0.5075528700906344,0.7190332326283988,0.7658610271903323,0.6978851963746223,0.7779456193353474,0.7190332326283988,0.06797583081571001,5
9116cbf4be063f5be851f65778ddfb91d60bdd5aa52e7211426769a6b2ce6f86,58.0,68.0,0.9999572283879684,0.1201988041455364,0.9967213054144975,0.1210585269298951,-0.657243536326189,train,0.47583081570996977,0.7356495468277946,0.9441087613293051,0.7039274924471299,0.797583081570997,0.7356495468277946,0.09365558912386707,5
9116cbf4be063f5be851f65778ddfb91d60bdd5aa52e7211426769a6b2ce6f86,60.0,70.0,0.9999260130589191,0.1219531029578417,0.9922173781011452,0.120748973286912,-0.6520549469469645,train,0.3942598187311178,0.7280966767371602,0.8534743202416919,0.7069486404833837,0.8141993957703928,0.7280966767371602,0.10725075528700911,5
9116cbf4be063f5be851f65778ddfb91d60bdd5aa52e7211426769a6b2ce6f86,62.0,72.0,0.9999346025829036,0.1229253690552211,0.9811848954398956,0.1208665592604503,-0.6523969854010939,train,0.4244712990936556,0.7250755287009063,0.5755287009063444,0.7054380664652568,0.8126888217522659,0.7054380664652568,0.14954682779456185,5
9116cbf4be063f5be851f65778ddfb91d60bdd5aa52e7211426769a6b2ce6f86,64.0,74.0,0.9999221785139136,0.1231578325400632,0.97729243320711,0.1202552902385666,-0.6525712718852088,train,0.38972809667673713,0.7235649546827795,0.49697885196374625,0.7084592145015106,0.8111782477341389,0.7084592145015106,0.22658610271903323,5
9116cbf4be063f5be851f65778ddfb91d60bdd5aa52e7211426769a6b2ce6f86,66.0,76.0,0.999928101403724,0.1213314042120795,0.9723749019352322,0.1194615596729869,-0.6618307317931407,train,0.4003021148036254,0.7311178247734139,0.3867069486404834,0.7114803625377644,0.7870090634441088,0.7114803625377644,0.33081570996978854,5
9116cbf4be063f5be851f65778ddfb91d60bdd5aa52e7211426769a6b2ce6f86,68.0,78.0,0.9999301487813598,0.1201349623042636,0.9747377602927688,0.1196516804157995,-0.6634010840070862,train,0.4078549848942598,0.7371601208459214,0.4501510574018127,0.7099697885196374,0.7809667673716012,0.7099697885196374,0.2870090634441087,5
9116cbf4be063f5be851f65778ddfb91d60bdd5aa52e7211426769a6b2ce6f86,70.0,80.0,0.999751967231811,0.5903161164695538,0.9795772545329278,0.5705518368673591,-1.040206790769718,train,0.25226586102719034,0.5377643504531722,0.5362537764350453,0.5317220543806647,0.5347432024169184,0.5347432024169184,0.004531722054380682,5
9116cbf4be063f5be851f65778ddfb91d60bdd5aa52e7211426769a6b2ce6f86,72.0,82.0,0.8653875802610766,4.756662500735211,0.9988656177182954,3.269798999221971,-2.6223352487218863,train,0.0030211480362537764,0.3851963746223565,0.9622356495468278,0.4123867069486405,0.2990936555891239,0.3851963746223565,0.11329305135951662,5
9116cbf4be063f5be851f65778ddfb91d60bdd5aa52e7211426769a6b2ce6f86,74.0,84.0,0.9999020233917058,6.332345901740885,0.9813334647029353,10.801851654971156,-3.060714730247584,train,0.3504531722054381,0.37009063444108764,0.5891238670694864,0.37613293051359514,0.22507552870090636,0.37009063444108764,0.025679758308157052,5
9116cbf4be063f5be851f65778ddfb91d60bdd5aa52e7211426769a6b2ce6f86,76.0,86.0,0.9999956677760422,11.543633115840798,0.9636436011607608,23.43735840388692,-4.728281917056265,train,0.9018126888217523,0.3595166163141994,0.30513595166163143,0.3564954682779456,0.06948640483383686,0.3564954682779456,0.05438066465256797,5
9116cbf4be063f5be851f65778ddfb91d60bdd5aa52e7211426769a6b2ce6f86,78.0,88.0,0.999992863069038,19.94244659436521,0.9547597237405048,37.387395006888,-3.091345597483744,train,0.7915407854984894,0.3217522658610272,0.2311178247734139,0.3293051359516616,0.21601208459214502,0.3217522658610272,0.09818731117824772,5
9116cbf4be063f5be851f65778ddfb91d60bdd5aa52e7211426769a6b2ce6f86,80.0,90.0,0.999995041330194,36.10376619529866,0.9502870116553376,56.75558403522096,-2.941755459538084,train,0.8806646525679759,0.21601208459214502,0.20996978851963746,0.2854984894259819,0.24924471299093656,0.24924471299093656,0.06948640483383686,5
9116cbf4be063f5be851f65778ddfb91d60bdd5aa52e7211426769a6b2ce6f86,82.0,92.0,0.999985676467763,49.027319825890906,0.987503220725063,65.77959089579517,-2.134023338278117,train,0.6510574018126888,0.1299093655589124,0.7265861027190332,0.2583081570996979,0.3821752265861027,0.3821752265861027,0.3927492447129909,5
9116cbf4be063f5be851f65778ddfb91d60bdd5aa52e7211426769a6b2ce6f86,84.0,94.0,0.999739778431495,57.94538021932445,0.9735135122989464,80.21242935748357,-5.897501977829699,train,0.243202416918429,0.08157099697885196,0.41842900302114805,0.22356495468277945,0.021148036253776436,0.22356495468277945,0.16163141993957703,5
9116cbf4be063f5be851f65778ddfb91d60bdd5aa52e7211426769a6b2ce6f86,86.0,96.0,0.9999989329105894,56.26605373906792,0.9582005684805543,79.67206757828832,-1.4269489249721028,train,0.9758308157099698,0.09667673716012085,0.2598187311178248,0.22658610271903323,0.4561933534743202,0.2598187311178248,0.22960725075528698,5
9116cbf4be063f5be851f65778ddfb91d60bdd5aa52e7211426769a6b2ce6f86,88.0,98.0,0.9999974792969994,59.12171772352625,0.9738533487296698,71.73784848745373,-2.183324568934945,train,0.947129909365559,0.0755287009063444,0.4229607250755287,0.243202416918429,0.3685800604229607,0.3685800604229607,0.17975830815709967,5
9116cbf4be063f5be851f65778ddfb91d60bdd5aa52e7211426769a6b2ce6f86,90.0,100.0,0.9999856817511552,33.177081484089534,0.9741577594622146,56.17158784948308,-2.9085491333237568,train,0.6525679758308157,0.2326283987915408,0.4350453172205438,0.28851963746223563,0.25226586102719034,0.28851963746223563,0.18277945619335345,5
9116cbf4be063f5be851f65778ddfb91d60bdd5aa52e7211426769a6b2ce6f86,92.0,102.0,0.9999941019515914,22.93169664710343,0.9647694076611862,60.43881809925233,-3.217489201743568,train,0.8413897280966768,0.2945619335347432,0.30966767371601206,0.2794561933534743,0.2039274924471299,0.2945619335347432,0.030211480362537735,5
9116cbf4be063f5be851f65778ddfb91d60bdd5aa52e7211426769a6b2ce6f86,94.0,104.0,0.9940932514233924,40.19207079997831,0.9217242463309052,42.28951294537479,-4.882041775716549,train,0.052870090634441085,0.1903323262839879,0.08459214501510574,0.3202416918429003,0.055891238670694864,0.08459214501510574,0.13444108761329304,5
9116cbf4be063f5be851f65778ddfb91d60bdd5aa52e7211426769a6b2ce6f86,96.0,106.0,0.9999876330477891,20.65070636027088,0.8586208402690612,36.784090447440576,-3.063854944041194,train,0.6782477341389728,0.31268882175226587,0.01661631419939577,0.3323262839879154,0.22356495468277945,0.31268882175226587,0.10876132930513596,5
9116cbf4be063f5be851f65778ddfb91d60bdd5aa52e7211426769a6b2ce6f86,98.0,108.0,0.999990577552539,15.230917437094858,0.918008624862502,35.842948934098466,-3.2542031924014823,train,0.7356495468277946,0.33987915407854985,0.07250755287009064,0.33534743202416917,0.19637462235649547,0.33534743202416917,0.14350453172205438,5
9116cbf4be063f5be851f65778ddfb91d60bdd5aa52e7211426769a6b2ce6f86,100.0,110.0,0.9999316859181492,30.467183940739712,0.8942734880269692,45.91129770699159,-3.715066918488056,train,0.41389728096676737,0.25226586102719034,0.03474320241691843,0.31268882175226587,0.14803625377643503,0.25226586102719034,0.16465256797583083,5
9116cbf4be063f5be851f65778ddfb91d60bdd5aa52e7211426769a6b2ce6f86,102.0,112.0,0.9977927090361214,33.31509655045521,0.9624567761275252,35.06156049839892,-4.507836316146991,train,0.09667673716012085,0.229607250755287,0.29607250755287007,0.3368580060422961,0.0891238670694864,0.229607250755287,0.19939577039274922,5
9116cbf4be063f5be851f65778ddfb91d60bdd5aa52e7211426769a6b2ce6f86,104.0,114.0,0.9999748842168908,23.42104684214412,0.988536946121963,41.57916555136988,-2.480273138207937,train,0.5634441087613293,0.29154078549848944,0.756797583081571,0.32326283987915405,0.3217522658610272,0.32326283987915405,0.24169184290030216,5
9116cbf4be063f5be851f65778ddfb91d60bdd5aa52e7211426769a6b2ce6f86,106.0,116.0,0.9999939483072536,21.431348593188485,0.9624504251719898,42.27114043225536,-2.3707412369692165,train,0.8368580060422961,0.30060422960725075,0.2930513595166163,0.3217522658610272,0.33987915407854985,0.3217522658610272,0.0392749244712991,5
9116cbf4be063f5be851f65778ddfb91d60bdd5aa52e7211426769a6b2ce6f86,108.0,118.0,0.9999908510221754,21.333521156093138,0.9797649327978052,46.99324126342242,-3.0898398585338445,train,0.7401812688821753,0.30362537764350456,0.5392749244712991,0.311178247734139,0.2175226586102719,0.311178247734139,0.23564954682779454,5
9116cbf4be063f5be851f65778ddfb91d60bdd5aa52e7211426769a6b2ce6f86,110.0,120.0,0.9999859366744956,36.837149218444736,0.9774279441874296,47.5026030772,-5.994037918122358,train,0.6540785498489426,0.21299093655589124,0.5015105740181269,0.30966767371601206,0.01812688821752266,0.30966767371601206,0.2885196374622357,5
9116cbf4be063f5be851f65778ddfb91d60bdd5aa52e7211426769a6b2ce6f86,112.0,122.0,0.9999687527720732,29.37285223769104,0.9698093685542896,58.22860616416754,-2.1976925975597394,train,0.5332326283987915,0.26132930513595165,0.3580060422960725,0.2824773413897281,0.36555891238670696,0.3580060422960725,0.08308157099697888,5
9116cbf4be063f5be851f65778ddfb91d60bdd5aa52e7211426769a6b2ce6f86,114.0,124.0,0.9996412867561753,29.71418359826641,0.9942967998361718,64.18135296004037,-5.00022389744858,train,0.2039274924471299,0.2598187311178248,0.9078549848942599,0.26435045317220546,0.054380664652567974,0.2598187311178248,0.06042296072507555,5
9116cbf4be063f5be851f65778ddfb91d60bdd5aa52e7211426769a6b2ce6f86,116.0,126.0,0.9997351772259916,30.44861187522524,0.9875229964503884,63.5408044614534,-5.413874147450361,train,0.24169184290030213,0.2537764350453172,0.7280966767371602,0.2688821752265861,0.04380664652567976,0.2537764350453172,0.027190332326283956,5
9116cbf4be063f5be851f65778ddfb91d60bdd5aa52e7211426769a6b2ce6f86,118.0,128.0,0.999698751602518,46.39286643050028,0.9733109509389014,54.28478828077228,-5.49004278558101,train,0.22205438066465258,0.14652567975830816,0.4108761329305136,0.2930513595166163,0.0377643504531722,0.22205438066465258,0.14652567975830816,5
9116cbf4be063f5be851f65778ddfb91d60bdd5aa52e7211426769a6b2ce6f86,120.0,130.0,0.99984939538734,18.269406503064552,0.9405683255844456,64.79111512750532,-2.817722050973161,train,0.30060422960725075,0.32326283987915405,0.1510574018126888,0.26132930513595165,0.270392749244713,0.270392749244713,0.0392749244712991,5
9116cbf4be063f5be851f65778ddfb91d60bdd5aa52e7211426769a6b2ce6f86,122.0,132.0,0.9999873400521574,20.03292689083147,0.9541138752714378,62.93099917153364,-7.087034214160704,train,0.675226586102719,0.3202416918429003,0.2280966767371601,0.2719033232628399,0.004531722054380665,0.2719033232628399,0.09214501510574019,5
9116cbf4be063f5be851f65778ddfb91d60bdd5aa52e7211426769a6b2ce6f86,124.0,134.0,0.999981195942534,14.326974433319853,0.9421919768362956,49.043426810074834,-6.687643141568136,train,0.6012084592145015,0.34894259818731116,0.16012084592145015,0.3021148036253776,0.0075528700906344415,0.3021148036253776,0.188821752265861,5
9116cbf4be063f5be851f65778ddfb91d60bdd5aa52e7211426769a6b2ce6f86,126.0,136.0,0.9999939483072536,10.76848530382533,0.9729459882041676,54.81709113205246,-2.31027112349551,train,0.8368580060422961,0.3640483383685801,0.3987915407854985,0.29154078549848944,0.3474320241691843,0.3640483383685801,0.051359516616314216,5
9116cbf4be063f5be851f65778ddfb91d60bdd5aa52e7211426769a6b2ce6f86,128.0,138.0,0.9869037654491776,13.820270578523774,0.9314869685579192,67.29976457828994,-4.629162933436969,train,0.028700906344410877,0.35347432024169184,0.11027190332326284,0.2552870090634441,0.08459214501510574,0.11027190332326284,0.17069486404833834,5
9116cbf4be063f5be851f65778ddfb91d60bdd5aa52e7211426769a6b2ce6f86,130.0,140.0,0.999963532929283,16.81096065587754,0.9735135122989464,68.11670569152591,-5.821945897354819,train,0.5015105740181269,0.3323262839879154,0.41842900302114805,0.25226586102719034,0.02416918429003021,0.3323262839879154,0.1661631419939577,5
9116cbf4be063f5be851f65778ddfb91d60bdd5aa52e7211426769a6b2ce6f86,132.0,142.0,0.999552678226306,20.434878008656284,0.9749715830997484,70.43682116936174,-5.861438020497491,train,0.18882175226586104,0.3157099697885196,0.45468277945619334,0.24773413897280966,0.022658610271903322,0.24773413897280966,0.12688821752265858,5
9116cbf4be063f5be851f65778ddfb91d60bdd5aa52e7211426769a6b2ce6f86,134.0,144.0,0.9999316859181492,15.346417318987312,0.987503220725063,85.79178226509603,-2.202084675769623,train,0.41389728096676737,0.338368580060423,0.7265861027190332,0.20241691842900303,0.3640483383685801,0.3640483383685801,0.07552870090634439,5
9116cbf4be063f5be851f65778ddfb91d60bdd5aa52e7211426769a6b2ce6f86,136.0,146.0,0.999990577552539,24.0496270140318,0.9797649327978052,78.17769627447367,-4.3319925539611,train,0.7356495468277946,0.28700906344410876,0.5392749244712991,0.2280966767371601,0.1027190332326284,0.28700906344410876,0.311178247734139,5
9116cbf4be063f5be851f65778ddfb91d60bdd5aa52e7211426769a6b2ce6f86,138.0,148.0,0.9999833096612458,18.01242559476734,0.9560041474266848,64.76990159175195,-8.533110488771161,train,0.6238670694864048,0.32628398791540786,0.23867069486404835,0.2628398791540785,0.0015105740181268882,0.2628398791540785,0.08761329305135951,5
9116cbf4be063f5be851f65778ddfb91d60bdd5aa52e7211426769a6b2ce6f86,140.0,150.0,0.99999027476691,14.936107871928623,0.9739151154659696,49.23352857416191,-2.861556052833119,train,0.729607250755287,0.3429003021148036,0.42900302114803623,0.30060422960725075,0.26586102719033233,0.3429003021148036,0.12839879154078548,5
9116cbf4be063f5be851f65778ddfb91d60bdd5aa52e7211426769a6b2ce6f86,142.0,152.0,0.9998510502741206,14.121831771313213,0.970153629966898,56.20396507551385,-5.422205474795105,train,0.3021148036253776,0.35196374622356497,0.36253776435045315,0.28700906344410876,0.04078549848942598,0.3021148036253776,0.06495468277945621,5
9116cbf4be063f5be851f65778ddfb91d60bdd5aa52e7211426769a6b2ce6f86,144.0,154.0,0.9999957790056564,16.174774643549398,0.9834107030360096,45.00267838842864,-2.087088265272901,train,0.9063444108761329,0.33534743202416917,0.6253776435045317,0.31419939577039274,0.39274924471299094,0.39274924471299094,0.29003021148036257,5
9116cbf4be063f5be851f65778ddfb91d60bdd5aa52e7211426769a6b2ce6f86,146.0,156.0,0.999993107664834,21.114391482903148,0.9817074104570388,47.82653867420303,-3.55932031237502,train,0.8021148036253777,0.30513595166163143,0.5966767371601208,0.3066465256797583,0.17220543806646527,0.3066465256797583,0.2915407854984894,5
9116cbf4be063f5be851f65778ddfb91d60bdd5aa52e7211426769a6b2ce6f86,148.0,158.0,0.9999986922338908,24.5989035190012,0.9899833075805484,60.72165817033314,-4.033431434246713,train,0.9697885196374623,0.283987915407855,0.7945619335347432,0.2764350453172205,0.1268882175226586,0.283987915407855,0.5181268882175227,5
9116cbf4be063f5be851f65778ddfb91d60bdd5aa52e7211426769a6b2ce6f86,150.0,160.0,0.9999942731156676,27.02429760924423,0.990102220714489,58.24440368055315,-1.8294555691973453,train,0.850453172205438,0.2719033232628399,0.7990936555891238,0.2809667673716012,0.4229607250755287,0.4229607250755287,0.5181268882175226,5
9116cbf4be063f5be851f65778ddfb91d60bdd5aa52e7211426769a6b2ce6f86,152.0,162.0,0.999474734475182,32.73630274688619,0.921155027183531,37.958207466932784,-5.575485782730447,train,0.17371601208459214,0.23867069486404835,0.08157099697885196,0.32779456193353473,0.03172205438066465,0.17371601208459214,0.1570996978851964,5
9116cbf4be063f5be851f65778ddfb91d60bdd5aa52e7211426769a6b2ce6f86,154.0,164.0,0.9999680818059964,46.22420939333201,0.9060188432327012,33.38741323756312,-3.0340067631682555,train,0.5302114803625377,0.14954682779456194,0.052870090634441085,0.338368580060423,0.23413897280966767,0.23413897280966767,0.18882175226586104,5
9116cbf4be063f5be851f65778ddfb91d60bdd5aa52e7211426769a6b2ce6f86,156.0,166.0,0.9999948342539224,36.10584266280805,0.9542814630890788,44.09104366798288,-3.7959119479165593,train,0.8746223564954683,0.21450151057401812,0.229607250755287,0.31722054380664655,0.1419939577039275,0.229607250755287,0.10271903323262843,5
9116cbf4be063f5be851f65778ddfb91d60bdd5aa52e7211426769a6b2ce6f86,158.0,168.0,0.9999910053634552,14.495292689791516,0.9408889523752964,33.145867229255174,-3.5662468607834046,train,0.743202416918429,0.3459214501510574,0.15256797583081572,0.33987915407854985,0.1691842900302115,0.33987915407854985,0.17673716012084592,5
9116cbf4be063f5be851f65778ddfb91d60bdd5aa52e7211426769a6b2ce6f86,160.0,170.0,0.9999876278796382,13.475753226814303,0.933820295757651,28.966235971197825,-3.1778036803296907,train,0.676737160120846,0.3549848942598187,0.12084592145015106,0.34441087613293053,0.2084592145015106,0.34441087613293053,0.14652567975830813,5
9116cbf4be063f5be851f65778ddfb91d60bdd5aa52e7211426769a6b2ce6f86,162.0,172.0,0.9999883100308106,14.448554286687305,0.9052587143524398,27.53193919447313,-3.052275391354547,train,0.6918429003021148,0.3474320241691843,0.04833836858006042,0.34894259818731116,0.2280966767371601,0.3474320241691843,0.12084592145015105,5
9116cbf4be063f5be851f65778ddfb91d60bdd5aa52e7211426769a6b2ce6f86,164.0,174.0,0.9999901699129308,12.071301828250718,0.9373578097547108,28.038474037819768,-3.45721201188057,train,0.7265861027190332,0.3580060422960725,0.1299093655589124,0.3459214501510574,0.18429003021148035,0.3459214501510574,0.17371601208459217,5
9116cbf4be063f5be851f65778ddfb91d60bdd5aa52e7211426769a6b2ce6f86,166.0,176.0,0.9994124739123748,10.235133036821775,0.9485539529184192,11.079430512528525,-3.4284629778537767,train,0.1646525679758308,0.36706948640483383,0.1903323262839879,0.3731117824773414,0.18580060422960726,0.1903323262839879,0.18126888217522658,5
9116cbf4be063f5be851f65778ddfb91d60bdd5aa52e7211426769a6b2ce6f86,168.0,178.0,0.9999301860082884,6.061541025008887,0.9377734605672328,7.33317200281514,-3.588835332801409,train,0.4093655589123867,0.3731117824773414,0.13141993957703926,0.37915407854984895,0.1646525679758308,0.3731117824773414,0.21450151057401814,5
9116cbf4be063f5be851f65778ddfb91d60bdd5aa52e7211426769a6b2ce6f86,170.0,180.0,0.9999803210827656,3.2325610648587646,0.9284697687203262,4.775814106628867,-3.694743911523861,train,0.5966767371601208,0.3987915407854985,0.09667673716012085,0.3942598187311178,0.1510574018126888,0.3942598187311178,0.2477341389728097,5
9116cbf4be063f5be851f65778ddfb91d60bdd5aa52e7211426769a6b2ce6f86,172.0,182.0,0.999986175932303,2.1700730330890186,0.9658179244152418,3.6082712957581298,-2.9901422086563247,train,0.6555891238670695,0.4199395770392749,0.3187311178247734,0.4078549848942598,0.24018126888217523,0.4078549848942598,0.1012084592145015,5
9116cbf4be063f5be851f65778ddfb91d60bdd5aa52e7211426769a6b2ce6f86,174.0,184.0,0.9998044701436348,1.9063047551081085,0.939259500012216,1.418835315670249,-1.31193335301851,train,0.270392749244713,0.43051359516616317,0.14501510574018128,0.4380664652567976,0.4697885196374622,0.43051359516616317,0.16767371601208458,5
9116cbf4be063f5be851f65778ddfb91d60bdd5aa52e7211426769a6b2ce6f86,176.0,186.0,0.99780321940057,1.3833389578282778,0.956558155342461,1.1856245123102738,-1.214584237645233,train,0.09818731117824774,0.44410876132930516,0.24471299093655588,0.4486404833836858,0.49244712990936557,0.44410876132930516,0.2039274924471299,5
9116cbf4be063f5be851f65778ddfb91d60bdd5aa52e7211426769a6b2ce6f86,178.0,188.0,0.99147818056244,1.7262617208498687,0.9126221621773432,1.5010191552367718,-1.401054392993218,train,0.04078549848942598,0.4335347432024169,0.05891238670694864,0.4335347432024169,0.4607250755287009,0.4335347432024169,0.37462235649546827,5
9116cbf4be063f5be851f65778ddfb91d60bdd5aa52e7211426769a6b2ce6f86,180.0,190.0,0.9996876993616804,2.0231466970082925,0.8911292397296743,1.7216194808438618,-1.4646479312026608,train,0.21299093655589124,0.42749244712990936,0.03323262839879154,0.43051359516616317,0.45468277945619334,0.42749244712990936,0.21752265861027192,5
9116cbf4be063f5be851f65778ddfb91d60bdd5aa52e7211426769a6b2ce6f86,182.0,192.0,0.9999164069718316,2.23230295949492,0.9073927359168564,1.841472339355956,-1.478791196614743,train,0.3716012084592145,0.41842900302114805,0.054380664652567974,0.42749244712990936,0.4516616314199396,0.41842900302114805,0.05589123867069484,5
9116cbf4be063f5be851f65778ddfb91d60bdd5aa52e7211426769a6b2ce6f86,184.0,194.0,0.9999214724168124,1.5368071533202952,0.949860359113122,1.255804619702146,-1.1585832443010478,train,0.38368580060422963,0.4425981873111782,0.2039274924471299,0.4425981873111782,0.5045317220543807,0.4425981873111782,0.058912386706948594,5
9116cbf4be063f5be851f65778ddfb91d60bdd5aa52e7211426769a6b2ce6f86,186.0,196.0,0.999986531780496,1.6431432375252384,0.8767379439133124,1.2457026519516397,-1.5118626541780795,train,0.6661631419939577,0.4380664652567976,0.02416918429003021,0.44410876132930516,0.44561933534743203,0.44410876132930516,0.007552870090634434,5
9116cbf4be063f5be851f65778ddfb91d60bdd5aa52e7211426769a6b2ce6f86,188.0,198.0,0.9999918764830042,2.2759277440811303,0.9920097142834,3.478824245778931,-2.9886347152614974,train,0.7658610271903323,0.4169184290030212,0.8459214501510574,0.4093655589123867,0.24169184290030213,0.4169184290030212,0.35649546827794565,5
9116cbf4be063f5be851f65778ddfb91d60bdd5aa52e7211426769a6b2ce6f86,190.0,200.0,0.999992812388684,2.8046125393351167,0.9881367122926786,4.679694619244746,-3.338621495181831,train,0.7885196374622356,0.40483383685800606,0.743202416918429,0.3972809667673716,0.19184290030211482,0.40483383685800606,0.3459214501510574,5
9116cbf4be063f5be851f65778ddfb91d60bdd5aa52e7211426769a6b2ce6f86,192.0,202.0,0.9999927482513364,2.582695956772186,0.9841531731727104,4.464558219411553,-3.069692715058592,train,0.7854984894259819,0.4093655589123867,0.6389728096676737,0.4003021148036254,0.22205438066465258,0.4093655589123867,0.2386706948640483,5
9116cbf4be063f5be851f65778ddfb91d60bdd5aa52e7211426769a6b2ce6f86,194.0,204.0,0.9999941207256628,2.396811358343112,0.9848842471556384,4.229493072489199,-2.9571034143530923,train,0.8429003021148036,0.41389728096676737,0.6540785498489426,0.4033232628398791,0.24471299093655588,0.41389728096676737,0.2507552870090635,5
9116cbf4be063f5be851f65778ddfb91d60bdd5aa52e7211426769a6b2ce6f86,196.0,206.0,0.9999912768900836,1.895732631608597,0.9910884271719496,4.036267907344603,-2.5890376804680364,train,0.7492447129909365,0.43202416918429004,0.824773413897281,0.40483383685800606,0.30513595166163143,0.43202416918429004,0.3444108761329305,5
9116cbf4be063f5be851f65778ddfb91d60bdd5aa52e7211426769a6b2ce6f86,198.0,208.0,0.9999283066750786,1.6563170473548057,0.9866213383608766,1.3939555324418853,-1.1518681235431574,train,0.4033232628398791,0.43655589123867067,0.6993957703927492,0.4395770392749245,0.5060422960725075,0.4395770392749245,0.06948640483383683,5
9116cbf4be063f5be851f65778ddfb91d60bdd5aa52e7211426769a6b2ce6f86,200.0,210.0,0.9999771359247548,0.0524712371784486,0.9998292223487646,0.0487701389485825,-0.7095890850779685,train,0.5755287009063444,0.9003021148036254,0.9833836858006042,0.8821752265861027,0.6948640483383686,0.8821752265861027,0.20543806646525686,5
9116cbf4be063f5be851f65778ddfb91d60bdd5aa52e7211426769a6b2ce6f86,202.0,212.0,0.9999667834238,0.0511389677257323,0.9878296297327844,0.0477007803725813,-0.7044717779818012,train,0.5181268882175226,0.9169184290030211,0.7371601208459214,0.8972809667673716,0.7039274924471299,0.7371601208459214,0.19335347432024164,5
9116cbf4be063f5be851f65778ddfb91d60bdd5aa52e7211426769a6b2ce6f86,204.0,214.0,0.9999641882128844,0.0511817281469942,0.9859773529024518,0.0473534133686003,-0.7054623652287062,train,0.5045317220543807,0.9138972809667674,0.6842900302114804,0.9003021148036254,0.7009063444108762,0.7009063444108762,0.21601208459214505,5
9116cbf4be063f5be851f65778ddfb91d60bdd5aa52e7211426769a6b2ce6f86,206.0,216.0,0.9999684715572066,0.0514431504617445,0.985416539032,0.0480184751251747,-0.7073872732037074,train,0.5317220543806647,0.9123867069486404,0.6646525679758308,0.8897280966767371,0.6978851963746223,0.6978851963746223,0.2250755287009063,5
9116cbf4be063f5be851f65778ddfb91d60bdd5aa52e7211426769a6b2ce6f86,208.0,218.0,0.9999556674687706,0.0502442286755417,0.9824583041455373,0.0466480029558914,-0.7203613668804235,train,0.472809667673716,0.918429003021148,0.6163141993957704,0.9093655589123867,0.676737160120846,0.676737160120846,0.2930513595166163,5
9116cbf4be063f5be851f65778ddfb91d60bdd5aa52e7211426769a6b2ce6f86,210.0,220.0,0.9999639848668394,0.0502411289449117,0.982999158737286,0.0462241192909218,-0.7444335563731977,train,0.5030211480362538,0.9199395770392749,0.622356495468278,0.9108761329305136,0.648036253776435,0.648036253776435,0.28851963746223563,5
9116cbf4be063f5be851f65778ddfb91d60bdd5aa52e7211426769a6b2ce6f86,212.0,222.0,0.9999701437927632,0.0499214967818733,0.988121260367968,0.0455287689648726,-0.749335880917637,train,0.5377643504531722,0.9214501510574018,0.7401812688821753,0.9154078549848943,0.6450151057401813,0.7401812688821753,0.270392749244713,5
9116cbf4be063f5be851f65778ddfb91d60bdd5aa52e7211426769a6b2ce6f86,214.0,224.0,0.9999620391121836,0.0490150095031469,0.9878519626644676,0.0448778220361755,-0.7535600327107773,train,0.49697885196374625,0.9290030211480362,0.7386706948640483,0.918429003021148,0.6389728096676737,0.7386706948640483,0.2794561933534744,5
9116cbf4be063f5be851f65778ddfb91d60bdd5aa52e7211426769a6b2ce6f86,216.0,226.0,0.9999509299238452,0.0477954174442886,0.9998292223487646,0.0438391452286852,-0.7618111508410335,train,0.4622356495468278,0.9305135951661632,0.9833836858006042,0.9274924471299094,0.6283987915407855,0.9274924471299094,0.3021148036253777,5
9116cbf4be063f5be851f65778ddfb91d60bdd5aa52e7211426769a6b2ce6f86,218.0,228.0,0.9999658166310988,0.052599542274697,0.9878296297327844,0.0493930851780554,-0.713152906229429,train,0.513595166163142,0.8972809667673716,0.7371601208459214,0.879154078549849,0.6888217522658611,0.7371601208459214,0.19033232628398788,5
9116cbf4be063f5be851f65778ddfb91d60bdd5aa52e7211426769a6b2ce6f86,220.0,230.0,0.99988105310021,0.0819170852647017,0.9311041950109614,0.070025736526795,-0.7034983547649621,train,0.32779456193353473,0.7824773413897281,0.10876132930513595,0.7960725075528701,0.7054380664652568,0.7054380664652568,0.4546827794561934,5
9116cbf4be063f5be851f65778ddfb91d60bdd5aa52e7211426769a6b2ce6f86,222.0,232.0,0.9999283066750786,0.463454432589402,0.9444218286774052,0.2131542419759461,-0.9147507071406414,train,0.4033232628398791,0.5740181268882175,0.17220543806646527,0.6087613293051359,0.5800604229607251,0.5740181268882175,0.176737160120846,5
9116cbf4be063f5be851f65778ddfb91d60bdd5aa52e7211426769a6b2ce6f86,224.0,234.0,0.999976550257654,1.128073861180528,0.9710206188730276,0.7184389065847789,-1.229674168562788,train,0.5725075528700906,0.4622356495468278,0.3776435045317221,0.48942598187311176,0.4879154078549849,0.4879154078549849,0.027190332326283984,5
9116cbf4be063f5be851f65778ddfb91d60bdd5aa52e7211426769a6b2ce6f86,226.0,236.0,0.9999776427331972,1.134406231681098,0.9734029097253956,0.7171454684305228,-1.2264573982813205,train,0.5830815709969789,0.459214501510574,0.41389728096676737,0.4909365558912387,0.48942598187311176,0.48942598187311176,0.031722054380664666,5
9116cbf4be063f5be851f65778ddfb91d60bdd5aa52e7211426769a6b2ce6f86,228.0,238.0,0.9999804418888962,1.1475257867969555,0.9866213383608766,0.709398088933302,-1.2343715127140944,train,0.5981873111782477,0.45770392749244715,0.6993957703927492,0.49395770392749244,0.48036253776435045,0.49395770392749244,0.1178247734138973,5
9116cbf4be063f5be851f65778ddfb91d60bdd5aa52e7211426769a6b2ce6f86,230.0,240.0,0.9999829221082158,0.9535697201457142,0.9739405302882224,0.6874864790350356,-1.2044665381090955,train,0.6193353474320241,0.4773413897280967,0.43202416918429004,0.49697885196374625,0.4954682779456193,0.4954682779456193,0.01963746223564955,5
9116cbf4be063f5be851f65778ddfb91d60bdd5aa52e7211426769a6b2ce6f86,232.0,242.0,0.9999733916603972,0.8347628021649448,0.919304742696458,0.5482067803952323,-0.9469971122280766,train,0.5574018126888217,0.4909365558912387,0.07854984894259819,0.5347432024169184,0.5709969788519638,0.5347432024169184,0.06646525679758303,5
9116cbf4be063f5be851f65778ddfb91d60bdd5aa52e7211426769a6b2ce6f86,234.0,244.0,0.999990985023558,0.0459782435163925,0.9909900505607584,0.0410646956724706,-0.7556000379425916,train,0.7416918429003021,0.9410876132930514,0.8157099697885196,0.9365558912386707,0.6359516616314199,0.8157099697885196,0.19486404833836857,5
9116cbf4be063f5be851f65778ddfb91d60bdd5aa52e7211426769a6b2ce6f86,236.0,246.0,0.9999920315698534,0.0474993227072711,0.9910593490194756,0.0422444622666908,-0.7396050643198365,train,0.7673716012084593,0.9335347432024169,0.8202416918429003,0.9305135951661632,0.6540785498489426,0.8202416918429003,0.1631419939577039,5
9116cbf4be063f5be851f65778ddfb91d60bdd5aa52e7211426769a6b2ce6f86,238.0,248.0,0.999991016554136,0.0497460248185594,0.9917700161992484,0.0442641728739374,-0.7324320801739395,train,0.7447129909365559,0.9229607250755287,0.8383685800604229,0.9229607250755287,0.6601208459214502,0.8383685800604229,0.17824773413897288,5
9116cbf4be063f5be851f65778ddfb91d60bdd5aa52e7211426769a6b2ce6f86,240.0,250.0,0.9999943205464412,0.0514630345036137,0.992538368590106,0.04568168220903,-0.720214075788858,train,0.8595166163141994,0.9108761329305136,0.8640483383685801,0.9138972809667674,0.6782477341389728,0.8640483383685801,0.051359516616314216,5
9116cbf4be063f5be851f65778ddfb91d60bdd5aa52e7211426769a6b2ce6f86,242.0,252.0,0.9999942734900668,0.0538137268020502,0.993371450955591,0.0478032867957783,-0.7085473681174549,train,0.851963746223565,0.8897280966767371,0.8836858006042296,0.8927492447129909,0.6963746223564955,0.8836858006042296,0.03776435045317217,5
9116cbf4be063f5be851f65778ddfb91d60bdd5aa52e7211426769a6b2ce6f86,244.0,254.0,0.9999946067567173,0.0645803251757123,0.9892290326389824,0.0587356868924165,-0.5982043732572013,train,0.8685800604229608,0.8187311178247734,0.7734138972809668,0.8262839879154078,0.8716012084592145,0.8262839879154078,0.049848942598187396,5
9116cbf4be063f5be851f65778ddfb91d60bdd5aa52e7211426769a6b2ce6f86,246.0,256.0,0.9999591965328976,0.0684037146332785,0.9759546684518772,0.0629660730930003,-0.6116802541888388,train,0.4909365558912387,0.8126888217522659,0.472809667673716,0.8126888217522659,0.8549848942598187,0.8126888217522659,0.3217522658610272,5
9116cbf4be063f5be851f65778ddfb91d60bdd5aa52e7211426769a6b2ce6f86,248.0,258.0,0.999844840332042,0.090888955740658,0.989447983560524,0.0876823558952661,-0.6531323000667775,train,0.2945619335347432,0.7658610271903323,0.7809667673716012,0.7522658610271903,0.8081570996978852,0.7658610271903323,0.028700906344410915,5
9116cbf4be063f5be851f65778ddfb91d60bdd5aa52e7211426769a6b2ce6f86,250.0,260.0,0.9999346025829036,0.2113923059985998,0.9200289454173496,0.1960065021448647,-0.5217314964859552,train,0.4244712990936556,0.6283987915407855,0.08006042296072508,0.620845921450151,0.9561933534743202,0.620845921450151,0.20392749244712988,5
9116cbf4be063f5be851f65778ddfb91d60bdd5aa52e7211426769a6b2ce6f86,252.0,262.0,0.999912751456796,0.2089370737844152,0.9261960535313628,0.1954504467538979,-0.5247222003532984,train,0.36706948640483383,0.6314199395770392,0.09516616314199396,0.6238670694864048,0.9546827794561934,0.6238670694864048,0.2643504531722054,5
9116cbf4be063f5be851f65778ddfb91d60bdd5aa52e7211426769a6b2ce6f86,254.0,264.0,0.9998695536276816,0.1964112111145034,0.9410240948452522,0.1844304647782179,-0.5789403398302869,train,0.31419939577039274,0.6404833836858006,0.1540785498489426,0.6435045317220544,0.8912386706948641,0.6404833836858006,0.3293051359516616,5
9116cbf4be063f5be851f65778ddfb91d60bdd5aa52e7211426769a6b2ce6f86,256.0,266.0,0.9998800118050738,0.1879050110099332,0.9150897456564876,0.1812942535646159,-0.585907939363091,train,0.32628398791540786,0.6601208459214502,0.0634441087613293,0.6510574018126888,0.8806646525679759,0.6510574018126888,0.3338368580060423,5
9116cbf4be063f5be851f65778ddfb91d60bdd5aa52e7211426769a6b2ce6f86,258.0,268.0,0.9998171940965545,0.1667692847779224,0.9139873373102544,0.1563730901846368,-0.6641266124535717,train,0.2764350453172205,0.6888217522658611,0.061933534743202415,0.6797583081570997,0.7764350453172205,0.6797583081570997,0.41238670694864055,5
9116cbf4be063f5be851f65778ddfb91d60bdd5aa52e7211426769a6b2ce6f86,260.0,270.0,0.99999944352396,0.0538007759017096,0.9998576217840078,0.0483672844434584,-0.7578820851547098,train,0.9909365558912386,0.8912386706948641,0.9894259818731118,0.8851963746223565,0.6329305135951662,0.8912386706948641,0.10422960725075536,5
9116cbf4be063f5be851f65778ddfb91d60bdd5aa52e7211426769a6b2ce6f86,262.0,272.0,0.999999416563181,0.0522935529673871,0.9999173643886036,0.0470757597498608,-0.7547591696987387,train,0.9894259818731118,0.9033232628398792,0.9954682779456193,0.904833836858006,0.6374622356495468,0.904833836858006,0.08610271903323263,5
9116cbf4be063f5be851f65778ddfb91d60bdd5aa52e7211426769a6b2ce6f86,264.0,274.0,0.999999709970901,0.0511530554206262,0.99996044205421,0.0461552381554702,-0.750299493887205,train,1.0,0.9154078549848943,0.9969788519637462,0.9123867069486404,0.6435045317220544,0.9154078549848943,0.08459214501510581,5
9116cbf4be063f5be851f65778ddfb91d60bdd5aa52e7211426769a6b2ce6f86,266.0,276.0,0.9999995790740408,0.0520126829581961,0.999970283059016,0.0470125122224129,-0.7516513340728235,train,0.9969788519637462,0.9063444108761329,1.0,0.9063444108761329,0.6404833836858006,0.9063444108761329,0.09063444108761332,5
9116cbf4be063f5be851f65778ddfb91d60bdd5aa52e7211426769a6b2ce6f86,268.0,278.0,0.9999994754104424,0.0524147934816143,0.9999110236581904,0.0472210189096678,-0.7567831691431832,train,0.9939577039274925,0.9018126888217523,0.9939577039274925,0.9033232628398792,0.6344410876132931,0.9033232628398792,0.09214501510574025,5
9116cbf4be063f5be851f65778ddfb91d60bdd5aa52e7211426769a6b2ce6f86,270.0,280.0,0.9999943205464412,0.0546692558924785,0.9998702735153056,0.04924475199752,-0.7713193103910962,train,0.8595166163141994,0.8821752265861027,0.9909365558912386,0.8806646525679759,0.6178247734138973,0.8806646525679759,0.0226586102719033,5
9116cbf4be063f5be851f65778ddfb91d60bdd5aa52e7211426769a6b2ce6f86,272.0,282.0,0.9999946067567173,0.0573657763877604,0.9997506711901796,0.0514793640497235,-0.7697782517644941,train,0.8685800604229608,0.8640483383685801,0.9758308157099698,0.8655589123867069,0.622356495468278,0.8655589123867069,0.004531722054380682,5
9116cbf4be063f5be851f65778ddfb91d60bdd5aa52e7211426769a6b2ce6f86,274.0,284.0,0.9999878887285364,0.0592280654896474,0.9995065880841064,0.0531400992968473,-0.7629960432964474,train,0.6812688821752266,0.8489425981873112,0.9682779456193353,0.8474320241691843,0.6253776435045317,0.8474320241691843,0.16767371601208458,5
9116cbf4be063f5be851f65778ddfb91d60bdd5aa52e7211426769a6b2ce6f86,276.0,286.0,0.999993439092146,0.0582886898650261,0.9996412541857124,0.0524883174218208,-0.7466779732309989,train,0.8217522658610272,0.8564954682779456,0.9697885196374623,0.8564954682779456,0.6465256797583081,0.8564954682779456,0.03474320241691842,5
9116cbf4be063f5be851f65778ddfb91d60bdd5aa52e7211426769a6b2ce6f86,278.0,288.0,0.9999895945327116,0.0585808264157929,0.9996425318681412,0.0530251700570519,-0.7265478370930588,train,0.7205438066465257,0.8549848942598187,0.9712990936555891,0.8489425981873112,0.6646525679758308,0.8489425981873112,0.134441087613293,5
9116cbf4be063f5be851f65778ddfb91d60bdd5aa52e7211426769a6b2ce6f86,280.0,290.0,0.9999991406121336,0.0581707532970547,0.9996707701713242,0.0525250617950545,-0.6854728509644219,train,0.986404833836858,0.8580060422960725,0.972809667673716,0.8534743202416919,0.7401812688821753,0.8580060422960725,0.11933534743202412,5
9116cbf4be063f5be851f65778ddfb91d60bdd5aa52e7211426769a6b2ce6f86,282.0,292.0,0.9999977870585516,0.0568645706472287,0.9996946398744004,0.0520771928298098,-0.677747138480599,train,0.9531722054380665,0.8700906344410876,0.974320241691843,0.8610271903323263,0.7462235649546828,0.8700906344410876,0.09214501510574014,5
9116cbf4be063f5be851f65778ddfb91d60bdd5aa52e7211426769a6b2ce6f86,284.0,294.0,0.9999990205396144,0.0561945452990477,0.9998573124122544,0.0514062610725656,-0.674906719766919,train,0.9773413897280967,0.8731117824773413,0.986404833836858,0.8670694864048338,0.7537764350453172,0.8731117824773413,0.11027190332326287,5
9116cbf4be063f5be851f65778ddfb91d60bdd5aa52e7211426769a6b2ce6f86,286.0,296.0,0.999999416563181,0.0551302477526376,0.9998576217840078,0.0505403454716528,-0.6739845952338348,train,0.9894259818731118,0.877643504531722,0.9894259818731118,0.8731117824773413,0.7552870090634441,0.877643504531722,0.11631419939577048,5
9116cbf4be063f5be851f65778ddfb91d60bdd5aa52e7211426769a6b2ce6f86,288.0,298.0,0.999999709970901,0.0541393488950348,0.999970283059016,0.0496240537611359,-0.6685435269649531,train,1.0,0.8867069486404834,1.0,0.877643504531722,0.7688821752265861,0.8867069486404834,0.12235649546827798,5
9116cbf4be063f5be851f65778ddfb91d60bdd5aa52e7211426769a6b2ce6f86,290.0,300.0,0.9999970375323464,0.0525737258344552,0.9998180172340972,0.04807664175896,-0.681511316020474,train,0.945619335347432,0.8987915407854985,0.9803625377643505,0.8867069486404834,0.743202416918429,0.8987915407854985,0.05891238670694865,5
9116cbf4be063f5be851f65778ddfb91d60bdd5aa52e7211426769a6b2ce6f86,292.0,302.0,0.9999865223343732,0.0522435587646157,0.9994943397113788,0.0477667881569097,-0.6709518610064743,train,0.6646525679758308,0.904833836858006,0.9667673716012085,0.8942598187311178,0.7598187311178247,0.8942598187311178,0.14501510574018128,5
9116cbf4be063f5be851f65778ddfb91d60bdd5aa52e7211426769a6b2ce6f86,294.0,304.0,0.9999978630912648,0.0530326222949368,0.9997619289773724,0.0484825055267481,-0.6658192579883156,train,0.9546827794561934,0.8942598187311178,0.9773413897280967,0.8836858006042296,0.7734138972809668,0.8942598187311178,0.07099697885196377,5
9116cbf4be063f5be851f65778ddfb91d60bdd5aa52e7211426769a6b2ce6f86,296.0,306.0,0.9999995790740408,0.0561063494422157,0.9997638041150988,0.0510503061825766,-0.6530949007412404,train,0.9969788519637462,0.8746223564954683,0.9788519637462235,0.8700906344410876,0.8096676737160121,0.8746223564954683,0.10876132930513593,5
9116cbf4be063f5be851f65778ddfb91d60bdd5aa52e7211426769a6b2ce6f86,298.0,308.0,0.9999994754104424,0.0569603148055481,0.9999032545376316,0.052754095671228,-0.6567626390002584,train,0.9939577039274925,0.8655589123867069,0.9924471299093656,0.850453172205438,0.7990936555891238,0.8655589123867069,0.14199395770392753,5
9116cbf4be063f5be851f65778ddfb91d60bdd5aa52e7211426769a6b2ce6f86,300.0,310.0,0.9999991406121336,0.0594075300885202,0.9998573124122544,0.0546724131070548,-0.6497694225999684,train,0.986404833836858,0.8474320241691843,0.986404833836858,0.8429003021148036,0.8217522658610272,0.8474320241691843,0.14350453172205435,5
9116cbf4be063f5be851f65778ddfb91d60bdd5aa52e7211426769a6b2ce6f86,302.0,312.0,0.9998491927022604,0.1118246770232345,0.989447983560524,0.0987721595507123,-0.6631674261198107,train,0.2990936555891239,0.7507552870090635,0.7809667673716012,0.7401812688821753,0.7824773413897281,0.7507552870090635,0.04078549848942592,5
9116cbf4be063f5be851f65778ddfb91d60bdd5aa52e7211426769a6b2ce6f86,304.0,314.0,0.998965872941508,0.3867536882535688,0.9607558138492606,0.2599959892930107,-0.7964766419777701,train,0.13444108761329304,0.5906344410876133,0.2824773413897281,0.6042296072507553,0.6057401812688822,0.5906344410876133,0.3217522658610272,5
9116cbf4be063f5be851f65778ddfb91d60bdd5aa52e7211426769a6b2ce6f86,306.0,316.0,0.9999627704286288,0.9432074818534092,0.9001951156219071,0.6188869600058566,-0.6754783326018997,train,0.5,0.48036253776435045,0.04229607250755287,0.5105740181268882,0.7507552870090635,0.5,0.030211480362537735,5
9116cbf4be063f5be851f65778ddfb91d60bdd5aa52e7211426769a6b2ce6f86,308.0,318.0,0.9999691132316572,0.9665374690060694,0.9058226049794376,0.6187575306752071,-0.6915330268093575,train,0.5347432024169184,0.47583081570996977,0.04984894259818731,0.513595166163142,0.729607250755287,0.513595166163142,0.05891238670694865,5
9116cbf4be063f5be851f65778ddfb91d60bdd5aa52e7211426769a6b2ce6f86,310.0,320.0,0.9999733916603972,0.7859326389845963,0.905885509550158,0.6194173037052043,-0.6941599155001723,train,0.5574018126888217,0.4984894259818731,0.0513595166163142,0.5090634441087614,0.7220543806646526,0.5090634441087614,0.058912386706948594,5
9116cbf4be063f5be851f65778ddfb91d60bdd5aa52e7211426769a6b2ce6f86,312.0,322.0,0.9999524261705928,0.6800143805912158,0.9294125229439868,0.5746078660332143,-0.7724658021024877,train,0.4697885196374622,0.5181268882175226,0.09969788519637462,0.5302114803625377,0.6163141993957704,0.5181268882175226,0.060422960725075525,5
9116cbf4be063f5be851f65778ddfb91d60bdd5aa52e7211426769a6b2ce6f86,314.0,324.0,0.9998485596518384,0.5333928958206188,0.919304742696458,0.4127860837140998,-0.9653040819720602,train,0.297583081570997,0.5574018126888217,0.07854984894259819,0.56797583081571,0.5649546827794562,0.5574018126888217,0.26737160120845915,5
9116cbf4be063f5be851f65778ddfb91d60bdd5aa52e7211426769a6b2ce6f86,316.0,326.0,0.9999580240746688,0.0588676384218916,0.9795451158227853,0.0549098102236827,-0.7210912068033726,train,0.486404833836858,0.851963746223565,0.5317220543806647,0.8413897280966768,0.675226586102719,0.675226586102719,0.3096676737160121,5
9116cbf4be063f5be851f65778ddfb91d60bdd5aa52e7211426769a6b2ce6f86,318.0,328.0,0.9999216214685216,0.0576185820487657,0.979498227021667,0.0542025896438543,-0.7097885842303701,train,0.3851963746223565,0.8625377643504532,0.5302114803625377,0.8444108761329305,0.6933534743202417,0.6933534743202417,0.3141993957703928,5
9116cbf4be063f5be851f65778ddfb91d60bdd5aa52e7211426769a6b2ce6f86,320.0,330.0,0.9999089728993658,0.0564608736467477,0.9809593832965968,0.0524041916414849,-0.7181865492465143,train,0.3595166163141994,0.8716012084592145,0.5740181268882175,0.8580060422960725,0.6842900302114804,0.6842900302114804,0.28398791540785495,5
9116cbf4be063f5be851f65778ddfb91d60bdd5aa52e7211426769a6b2ce6f86,322.0,332.0,0.9998786575505916,0.0539097563326424,0.9824583041455373,0.0508984570598284,-0.7261417891331855,train,0.324773413897281,0.8882175226586103,0.6163141993957704,0.8716012084592145,0.6676737160120846,0.6676737160120846,0.25528700906344415,5
9116cbf4be063f5be851f65778ddfb91d60bdd5aa52e7211426769a6b2ce6f86,324.0,334.0,0.999874137204463,0.053378303571791,0.982451098067844,0.0499287908884889,-0.738325272722355,train,0.3202416918429003,0.8927492447129909,0.6132930513595166,0.8746223564954683,0.6555891238670695,0.6555891238670695,0.26132930513595165,5
9116cbf4be063f5be851f65778ddfb91d60bdd5aa52e7211426769a6b2ce6f86,326.0,336.0,0.9995679562931826,1.375953039969701,0.9795772545329278,1.1498339493529557,-1.4159168836483895,train,0.19184290030211482,0.44561933534743203,0.5362537764350453,0.4501510574018127,0.459214501510574,0.4501510574018127,0.013595166163141992,5
9116cbf4be063f5be851f65778ddfb91d60bdd5aa52e7211426769a6b2ce6f86,328.0,338.0,0.821037617866023,8.562054654124903,0.9970086652613196,6.5761210420759175,-3.539414026903509,train,0.0015105740181268882,0.3685800604229607,0.9501510574018127,0.38368580060422963,0.17673716012084592,0.3685800604229607,0.2069486404833837,5
9116cbf4be063f5be851f65778ddfb91d60bdd5aa52e7211426769a6b2ce6f86,330.0,340.0,0.9999812729277956,12.349308534712804,0.9862546539308454,27.821793631657624,-4.717549870023171,train,0.6027190332326284,0.3564954682779456,0.6858006042296072,0.3474320241691843,0.0755287009063444,0.3564954682779456,0.25528700906344415,5
9116cbf4be063f5be851f65778ddfb91d60bdd5aa52e7211426769a6b2ce6f86,332.0,342.0,0.9999956677760422,15.381224275644378,0.9730199781349508,37.18028340681201,-4.177262064808849,train,0.9018126888217523,0.3368580060422961,0.40483383685800606,0.33081570996978854,0.11782477341389729,0.3368580060422961,0.07401812688821752,5
9116cbf4be063f5be851f65778ddfb91d60bdd5aa52e7211426769a6b2ce6f86,334.0,344.0,0.9999926616048228,42.30288995364106,0.9581625943273504,60.96419144453067,-3.488317316143121,train,0.7809667673716012,0.17220543806646527,0.2583081570996979,0.27341389728096677,0.18126888217522658,0.2583081570996979,0.09214501510574019,5
9116cbf4be063f5be851f65778ddfb91d60bdd5aa52e7211426769a6b2ce6f86,336.0,346.0,0.9999957230547504,37.13567311613739,0.9754158035585796,77.54493414710169,-1.2335889194212246,train,0.904833836858006,0.20996978851963746,0.4637462235649547,0.2311178247734139,0.4818731117824773,0.4637462235649547,0.25075528700906347,5
9116cbf4be063f5be851f65778ddfb91d60bdd5aa52e7211426769a6b2ce6f86,338.0,348.0,0.999698751602518,64.72771138807398,0.9749715830997484,112.95706739198836,-6.044418219183159,train,0.22205438066465258,0.04229607250755287,0.45468277945619334,0.11782477341389729,0.01661631419939577,0.11782477341389729,0.1797583081570997,5
9116cbf4be063f5be851f65778ddfb91d60bdd5aa52e7211426769a6b2ce6f86,340.0,350.0,0.9999965337539886,40.2745393724267,0.9813528833859344,100.11129261107176,-1.6044572771655972,train,0.9229607250755287,0.18882175226586104,0.5906344410876133,0.15861027190332327,0.4395770392749245,0.4395770392749245,0.40181268882175225,5
9116cbf4be063f5be851f65778ddfb91d60bdd5aa52e7211426769a6b2ce6f86,342.0,352.0,0.9999929517402788,63.47435556331085,0.9864953922644608,96.95295364507724,-3.63515152717756,train,0.7960725075528701,0.04984894259818731,0.6933534743202417,0.17069486404833836,0.16012084592145015,0.17069486404833836,0.5332326283987916,5
9116cbf4be063f5be851f65778ddfb91d60bdd5aa52e7211426769a6b2ce6f86,344.0,354.0,0.9999965722889006,47.74866458267195,0.988409596697875,89.93348338094518,-1.3468213889321936,train,0.9244712990936556,0.13444108761329304,0.7522658610271903,0.19184290030211482,0.4652567975830816,0.4652567975830816,0.5604229607250755,5
9116cbf4be063f5be851f65778ddfb91d60bdd5aa52e7211426769a6b2ce6f86,346.0,356.0,0.9999889962429084,27.547899776454283,0.9816999347227856,81.7846067101162,-2.4175334785521247,train,0.7084592145015106,0.2688821752265861,0.595166163141994,0.2190332326283988,0.33081570996978854,0.33081570996978854,0.3262839879154079,5
9116cbf4be063f5be851f65778ddfb91d60bdd5aa52e7211426769a6b2ce6f86,348.0,358.0,0.9999915769108256,28.15129386982337,0.9798307169610176,58.14993242830593,-2.311853446673394,train,0.7583081570996979,0.26435045317220546,0.5422960725075529,0.283987915407855,0.3459214501510574,0.3459214501510574,0.25830815709969784,5
9116cbf4be063f5be851f65778ddfb91d60bdd5aa52e7211426769a6b2ce6f86,350.0,360.0,0.9988687772297626,44.81204065171809,0.9624567761275252,80.90168873586721,-4.292227248716357,train,0.1299093655589124,0.1555891238670695,0.29607250755287007,0.22054380664652568,0.10725075528700906,0.1555891238670695,0.09063444108761329,5
9116cbf4be063f5be851f65778ddfb91d60bdd5aa52e7211426769a6b2ce6f86,352.0,362.0,0.9999932728809928,47.50498725561812,0.9580374230058272,82.11206514845537,-1.492755738131601,train,0.8141993957703928,0.13595166163141995,0.2552870090634441,0.21450151057401812,0.4486404833836858,0.2552870090634441,0.23413897280966767,5
9116cbf4be063f5be851f65778ddfb91d60bdd5aa52e7211426769a6b2ce6f86,354.0,364.0,0.9999937899513288,39.95374752242971,0.9489359765463108,91.32895382443289,-2.668246201058203,train,0.8323262839879154,0.19486404833836857,0.19788519637462235,0.18580060422960726,0.29154078549848944,0.19788519637462235,0.09667673716012087,5
9116cbf4be063f5be851f65778ddfb91d60bdd5aa52e7211426769a6b2ce6f86,356.0,366.0,0.9999962681199084,38.63370955149784,0.9731358548226852,98.0317842059054,-5.658088486938564,train,0.918429003021148,0.20090634441087613,0.4078549848942598,0.1661631419939577,0.028700906344410877,0.20090634441087613,0.2416918429003021,5
9116cbf4be063f5be851f65778ddfb91d60bdd5aa52e7211426769a6b2ce6f86,358.0,368.0,0.9999963529238324,52.9468974474373,0.9943443561682672,114.0126998172818,-2.3483523702964275,train,0.9214501510574018,0.10725075528700906,0.9108761329305136,0.11329305135951662,0.3413897280966767,0.3413897280966767,0.797583081570997,5
9116cbf4be063f5be851f65778ddfb91d60bdd5aa52e7211426769a6b2ce6f86,360.0,370.0,0.9999981184630892,42.88679684353128,0.9886405361719004,114.66432506928342,-2.112590971115549,train,0.9577039274924471,0.1691842900302115,0.7583081570996979,0.10725075528700906,0.3867069486404834,0.3867069486404834,0.5891238670694864,5
9116cbf4be063f5be851f65778ddfb91d60bdd5aa52e7211426769a6b2ce6f86,362.0,372.0,0.9999954937334397,37.213805194105575,0.9926530621172605,127.23482295087751,-2.037622547215689,train,0.8972809667673716,0.2084592145015106,0.8716012084592145,0.0770392749244713,0.3957703927492447,0.3957703927492447,0.6631419939577039,5
9116cbf4be063f5be851f65778ddfb91d60bdd5aa52e7211426769a6b2ce6f86,364.0,374.0,0.9993268433432672,29.304402270192472,0.9929856973604658,106.77759757486288,-3.888160185228432,train,0.16012084592145015,0.2628398791540785,0.879154078549849,0.14350453172205438,0.13444108761329304,0.16012084592145015,0.11933534743202415,5
9116cbf4be063f5be851f65778ddfb91d60bdd5aa52e7211426769a6b2ce6f86,366.0,376.0,0.9999414098112998,41.93118783601036,0.9870672918561824,118.57564923050904,-2.936386923739549,train,0.4395770392749245,0.17673716012084592,0.7129909365558912,0.09667673716012085,0.25075528700906347,0.25075528700906347,0.2628398791540786,5
9116cbf4be063f5be851f65778ddfb91d60bdd5aa52e7211426769a6b2ce6f86,368.0,378.0,0.9999879800490522,27.191518134137937,0.9868436721789487,114.65068811033088,-2.718289733684584,train,0.6858006042296072,0.270392749244713,0.7084592145015106,0.10876132930513595,0.27794561933534745,0.27794561933534745,0.4154078549848942,5
9116cbf4be063f5be851f65778ddfb91d60bdd5aa52e7211426769a6b2ce6f86,370.0,380.0,0.9999968868548484,37.116240615527545,0.9755750802332498,94.812844505435,-5.075296160312343,train,0.9425981873111783,0.21148036253776434,0.46827794561933533,0.1782477341389728,0.0513595166163142,0.21148036253776434,0.29003021148036257,5
9116cbf4be063f5be851f65778ddfb91d60bdd5aa52e7211426769a6b2ce6f86,372.0,382.0,0.9999790258763708,33.12380694282665,0.9224042186281654,101.579884964341,-1.926277647842838,train,0.5936555891238671,0.23564954682779457,0.08761329305135952,0.1540785498489426,0.4123867069486405,0.23564954682779457,0.2583081570996979,5
9116cbf4be063f5be851f65778ddfb91d60bdd5aa52e7211426769a6b2ce6f86,374.0,384.0,0.999949298635739,25.873040741967053,0.974383146140981,109.31547909588804,-2.306681712047115,train,0.459214501510574,0.2794561933534743,0.44410876132930516,0.13141993957703926,0.3504531722054381,0.3504531722054381,0.16465256797583083,5
9116cbf4be063f5be851f65778ddfb91d60bdd5aa52e7211426769a6b2ce6f86,376.0,386.0,0.9999209666765906,31.56891608157749,0.9303550629884184,107.84167149306144,-2.2537921054800862,train,0.3806646525679758,0.24471299093655588,0.10725075528700906,0.13897280966767372,0.3549848942598187,0.24471299093655588,0.216012084592145,5
9116cbf4be063f5be851f65778ddfb91d60bdd5aa52e7211426769a6b2ce6f86,378.0,388.0,0.9999300395218764,26.90689103464785,0.9335150446801784,106.0184323342754,-3.0947264274999786,train,0.40483383685800606,0.27341389728096677,0.1163141993957704,0.14652567975830816,0.21450151057401812,0.21450151057401812,0.1268882175226586,5
9116cbf4be063f5be851f65778ddfb91d60bdd5aa52e7211426769a6b2ce6f86,380.0,390.0,0.9999975623418372,35.46373148342187,0.951087365357176,106.9813221556938,-2.5197162056042117,train,0.9516616314199395,0.2190332326283988,0.21450151057401812,0.1419939577039275,0.3157099697885196,0.2190332326283988,0.1012084592145015,5
9116cbf4be063f5be851f65778ddfb91d60bdd5aa52e7211426769a6b2ce6f86,382.0,392.0,0.9999982711736292,34.81460721272971,0.9290017988576568,84.74309162760981,-6.5085206212118365,train,0.9622356495468278,0.22054380664652568,0.09818731117824774,0.20694864048338368,0.010574018126888218,0.20694864048338368,0.12235649546827794,5
9116cbf4be063f5be851f65778ddfb91d60bdd5aa52e7211426769a6b2ce6f86,384.0,394.0,0.9999822249742164,30.912731660175396,0.9350564225020036,99.91218155552872,-1.014045919836884,train,0.6148036253776435,0.25075528700906347,0.12537764350453173,0.16012084592145015,0.540785498489426,0.25075528700906347,0.3806646525679759,5
9116cbf4be063f5be851f65778ddfb91d60bdd5aa52e7211426769a6b2ce6f86,386.0,396.0,0.9999777310156508,32.45020336173104,0.9744199106808472,87.32580324123816,-3.9613230292562034,train,0.5861027190332326,0.24169184290030213,0.44561933534743203,0.19637462235649547,0.1299093655589124,0.24169184290030213,0.24924471299093656,5
9116cbf4be063f5be851f65778ddfb91d60bdd5aa52e7211426769a6b2ce6f86,388.0,398.0,0.9999967431144816,32.4139063569711,0.9936711758810158,70.6892841312714,-2.863798959717164,train,0.9350453172205438,0.243202416918429,0.8942598187311178,0.24471299093655588,0.26435045317220546,0.26435045317220546,0.649546827794562,5
9116cbf4be063f5be851f65778ddfb91d60bdd5aa52e7211426769a6b2ce6f86,390.0,400.0,0.9999966812620894,49.25017897993314,0.9947305169761256,85.92874937407622,-4.458845372702189,train,0.9305135951661632,0.1283987915407855,0.9214501510574018,0.20090634441087613,0.09063444108761329,0.20090634441087613,0.7930513595166163,5
9116cbf4be063f5be851f65778ddfb91d60bdd5aa52e7211426769a6b2ce6f86,392.0,402.0,0.999998327525682,49.30851727170866,0.9958765293890736,93.16073715111074,-2.4467501329670154,train,0.9637462235649547,0.1268882175226586,0.93202416918429,0.18277945619335348,0.324773413897281,0.324773413897281,0.7492447129909365,5
9116cbf4be063f5be851f65778ddfb91d60bdd5aa52e7211426769a6b2ce6f86,394.0,404.0,0.999436430952766,61.32646500328502,0.9812669592748322,73.11209138134922,-5.45623558063897,train,0.1691842900302115,0.061933534743202415,0.5861027190332326,0.24169184290030213,0.03927492447129909,0.1691842900302115,0.1797583081570997,5
9116cbf4be063f5be851f65778ddfb91d60bdd5aa52e7211426769a6b2ce6f86,396.0,406.0,0.999985051856285,65.87252943110012,0.9889311037560474,74.22385395725178,-1.9851594205117769,train,0.6404833836858006,0.03927492447129909,0.7688821752265861,0.24018126888217523,0.4033232628398791,0.4033232628398791,0.4003021148036254,5
9116cbf4be063f5be851f65778ddfb91d60bdd5aa52e7211426769a6b2ce6f86,398.0,408.0,0.9999961302824588,57.08783133129193,0.9739540871985796,84.13596772141514,-3.07909596972532,train,0.9123867069486404,0.0891238670694864,0.4335347432024169,0.20996978851963746,0.2190332326283988,0.2190332326283988,0.22356495468277945,5
9116cbf4be063f5be851f65778ddfb91d60bdd5aa52e7211426769a6b2ce6f86,400.0,410.0,0.9999845127095026,52.67583760568404,0.9697225227657602,60.4505197922982,-2.3752026380118365,train,0.6389728096676737,0.11027190332326284,0.3564954682779456,0.27794561933534745,0.3368580060422961,0.3368580060422961,0.07854984894259814,5
9116cbf4be063f5be851f65778ddfb91d60bdd5aa52e7211426769a6b2ce6f86,402.0,412.0,0.9999924491591844,26.31003221212681,0.9727953513277584,48.60434639978901,-2.882795340713467,train,0.7779456193353474,0.2764350453172205,0.3957703927492447,0.30362537764350456,0.2537764350453172,0.30362537764350456,0.11933534743202417,5
9116cbf4be063f5be851f65778ddfb91d60bdd5aa52e7211426769a6b2ce6f86,404.0,414.0,0.999988735078476,18.26481900989145,0.9761519485868568,39.679253167803004,-3.673185716893503,train,0.6948640483383686,0.324773413897281,0.4788519637462236,0.32628398791540786,0.1555891238670695,0.32628398791540786,0.1540785498489426,5
9116cbf4be063f5be851f65778ddfb91d60bdd5aa52e7211426769a6b2ce6f86,406.0,416.0,0.9997159532321316,23.2021761374441,0.8230638689794644,24.568684025004718,-4.263660278959445,train,0.22658610271903323,0.2930513595166163,0.00906344410876133,0.35347432024169184,0.11027190332326284,0.22658610271903323,0.18277945619335348,5
9116cbf4be063f5be851f65778ddfb91d60bdd5aa52e7211426769a6b2ce6f86,408.0,418.0,0.9999843447000928,5.979672271241309,0.992373122489432,6.799652626077484,-3.846841270042219,train,0.6344410876132931,0.37613293051359514,0.8580060422960725,0.3821752265861027,0.13897280966767372,0.3821752265861027,0.25830815709969795,5
9116cbf4be063f5be851f65778ddfb91d60bdd5aa52e7211426769a6b2ce6f86,410.0,420.0,0.999940227403318,4.097292686588841,0.9708670553162068,4.709281580684082,-2.5891592170936866,train,0.4335347432024169,0.39274924471299094,0.3731117824773414,0.3957703927492447,0.30362537764350456,0.39274924471299094,0.0226586102719033,5
9116cbf4be063f5be851f65778ddfb91d60bdd5aa52e7211426769a6b2ce6f86,412.0,422.0,0.999980491572655,4.140776348319456,0.9621680520184364,4.653950749198536,-3.156858471054614,train,0.5996978851963746,0.38972809667673713,0.29154078549848944,0.3987915407854985,0.20996978851963746,0.38972809667673713,0.10725075528700906,5
9116cbf4be063f5be851f65778ddfb91d60bdd5aa52e7211426769a6b2ce6f86,414.0,424.0,0.9999434387317436,3.758593396072458,0.9675741426579484,3.719323140289912,-2.2440265916290527,train,0.4471299093655589,0.3942598187311178,0.33534743202416917,0.40634441087613293,0.3564954682779456,0.3942598187311178,0.04984894259818734,5
9116cbf4be063f5be851f65778ddfb91d60bdd5aa52e7211426769a6b2ce6f86,416.0,426.0,0.9996598778519112,2.699418502020187,0.9686621064829968,2.3885335951946773,-1.47172702398914,train,0.20694864048338368,0.40634441087613293,0.34894259818731116,0.4199395770392749,0.45317220543806647,0.40634441087613293,0.07099697885196377,5
9116cbf4be063f5be851f65778ddfb91d60bdd5aa52e7211426769a6b2ce6f86,418.0,428.0,0.9919566679965572,2.2932266627705022,0.9499045275621978,2.0927308831781897,-1.4182105172201591,train,0.04380664652567976,0.41540785498489424,0.2054380664652568,0.4214501510574018,0.45770392749244715,0.41540785498489424,0.216012084592145,5
9116cbf4be063f5be851f65778ddfb91d60bdd5aa52e7211426769a6b2ce6f86,420.0,430.0,0.9999318566846654,0.9836854968033352,0.9821576039679684,0.6831776777988499,-1.31580749870965,train,0.41540785498489424,0.472809667673716,0.6117824773413897,0.4984894259818731,0.46676737160120846,0.472809667673716,0.031722054380664666,5
9116cbf4be063f5be851f65778ddfb91d60bdd5aa52e7211426769a6b2ce6f86,422.0,432.0,0.9997284294564092,0.1265433415752516,0.9756775398059552,0.0888828428796068,-1.2084248204583037,train,0.23413897280966767,0.7175226586102719,0.47129909365558914,0.7492447129909365,0.49395770392749244,0.49395770392749244,0.24622356495468273,5
9116cbf4be063f5be851f65778ddfb91d60bdd5aa52e7211426769a6b2ce6f86,424.0,434.0,0.9997233931932727,0.1278866893953045,0.975473703843556,0.08953622387073,-1.214957727053645,train,0.2311178247734139,0.7114803625377644,0.4652567975830816,0.7447129909365559,0.4909365558912387,0.4909365558912387,0.24622356495468278,5
9116cbf4be063f5be851f65778ddfb91d60bdd5aa52e7211426769a6b2ce6f86,426.0,436.0,0.9997213375679704,0.127701813951445,0.9750708838503196,0.0892078577313709,-1.229814209956878,train,0.229607250755287,0.7129909365558912,0.459214501510574,0.7462235649546828,0.486404833836858,0.486404833836858,0.25377643504531716,5
9116cbf4be063f5be851f65778ddfb91d60bdd5aa52e7211426769a6b2ce6f86,428.0,438.0,0.9997155615596768,0.1271469629307278,0.9744384649675908,0.0882155666725643,-1.235471954607864,train,0.22507552870090636,0.716012084592145,0.4471299093655589,0.7507552870090635,0.4788519637462236,0.4788519637462236,0.26888217522658614,5
9116cbf4be063f5be851f65778ddfb91d60bdd5aa52e7211426769a6b2ce6f86,430.0,440.0,0.9997179182197414,0.1287321981128557,0.973591647658012,0.0889229376164963,-1.2527136710965996,train,0.2280966767371601,0.7069486404833837,0.4199395770392749,0.7477341389728097,0.47583081570996977,0.47583081570996977,0.28700906344410876,5
9116cbf4be063f5be851f65778ddfb91d60bdd5aa52e7211426769a6b2ce6f86,432.0,442.0,0.9999263294392446,0.4599175607446735,0.9517598922570064,0.5947831206457308,-1.661347882419191,train,0.3957703927492447,0.5770392749244713,0.2175226586102719,0.5241691842900302,0.43655589123867067,0.43655589123867067,0.12839879154078554,5
9116cbf4be063f5be851f65778ddfb91d60bdd5aa52e7211426769a6b2ce6f86,434.0,444.0,0.999978559708458,4.108243154354492,0.9811972795334636,17.450922333205174,-4.689180907104935,train,0.5891238670694864,0.39123867069486407,0.5785498489425982,0.36555891238670696,0.07854984894259819,0.39123867069486407,0.21299093655589124,5
9116cbf4be063f5be851f65778ddfb91d60bdd5aa52e7211426769a6b2ce6f86,436.0,446.0,0.9999882679708144,4.89036218249138,0.9881367122926786,19.601645048414277,-5.742005956109279,train,0.6903323262839879,0.38368580060422963,0.743202416918429,0.3640483383685801,0.0256797583081571,0.38368580060422963,0.3262839879154078,5
9116cbf4be063f5be851f65778ddfb91d60bdd5aa52e7211426769a6b2ce6f86,438.0,448.0,0.99998352520361,5.897792885883051,0.9910651572017996,20.826895727553698,-6.578247314702524,train,0.6268882175226587,0.3776435045317221,0.8217522658610272,0.36253776435045315,0.00906344410876133,0.3776435045317221,0.2643504531722055,5
9116cbf4be063f5be851f65778ddfb91d60bdd5aa52e7211426769a6b2ce6f86,440.0,450.0,0.9999743508910212,11.347921872923044,0.992005884606876,25.147378547483868,-7.501962183893725,train,0.5604229607250756,0.3610271903323263,0.8429003021148036,0.3504531722054381,0.0030211480362537764,0.3610271903323263,0.2099697885196375,5
9116cbf4be063f5be851f65778ddfb91d60bdd5aa52e7211426769a6b2ce6f86,442.0,452.0,0.9999768661654816,10.82926286623166,0.993482553368584,25.130789835106714,-6.834398858417682,train,0.5740181268882175,0.36253776435045315,0.8882175226586103,0.35196374622356497,0.006042296072507553,0.36253776435045315,0.22205438066465255,5
9116cbf4be063f5be851f65778ddfb91d60bdd5aa52e7211426769a6b2ce6f86,444.0,454.0,0.9999759891975089,6.2856647148201885,0.995855312389376,8.81561132189019,-4.135104874489795,train,0.56797583081571,0.3716012084592145,0.9305135951661632,0.3776435045317221,0.12386706948640483,0.3776435045317221,0.1963746223564955,5
9116cbf4be063f5be851f65778ddfb91d60bdd5aa52e7211426769a6b2ce6f86,446.0,456.0,0.9999642530020252,3.587649207175465,0.9752439321900984,7.021651588279656,-2.7962065924238884,train,0.5060422960725075,0.3957703927492447,0.4622356495468278,0.3806646525679758,0.27341389728096677,0.3957703927492447,0.08157099697885195,5
973ef84ffaa4e83d002ed655331eb305b340c0f3f25b57795f97a151bcc3490b,0.0,10.0,0.9999788875113936,5.052887032580943,0.9638653805109646,10.770392189465184,-4.418944124563011,validation,0.5921450151057401,0.3806646525679758,0.30513595166163143,0.37613293051359514,0.09365558912386707,0.37613293051359514,0.07552870090634439,5
973ef84ffaa4e83d002ed655331eb305b340c0f3f25b57795f97a151bcc3490b,2.0,12.0,0.999992812388684,3.8182693711503752,0.9725062669355268,10.388917542239437,-4.849196220284861,validation,0.7885196374622356,0.39274924471299094,0.3867069486404834,0.37613293051359514,0.06042296072507553,0.3867069486404834,0.0166163141993958,5
b185f43818b8ff3aba325752922bbbf37fd094f1e282887487651e0a5c8f6c7a,0.0,10.0,0.9747233446553896,0.2624920810058986,0.9895566167396572,0.2482085759115267,-0.53025658302689,validation,0.015105740181268883,0.6132930513595166,0.783987915407855,0.6042296072507553,0.9486404833836858,0.6132930513595166,0.1797583081570997,5
b185f43818b8ff3aba325752922bbbf37fd094f1e282887487651e0a5c8f6c7a,2.0,12.0,0.9710422498257278,0.2913089057733979,0.976156987192094,0.2786791516459755,-0.5232170819127112,validation,0.015105740181268883,0.6087613293051359,0.4788519637462236,0.5981873111782477,0.9546827794561934,0.5981873111782477,0.12990936555891236,5
b185f43818b8ff3aba325752922bbbf37fd094f1e282887487651e0a5c8f6c7a,4.0,14.0,0.9824127307022744,0.3256732028745785,0.9575923630184676,0.3166844138449469,-0.5936436207231834,validation,0.021148036253776436,0.6027190332326284,0.25226586102719034,0.5921450151057401,0.8716012084592145,0.5921450151057401,0.3504531722054381,5
b185f43818b8ff3aba325752922bbbf37fd094f1e282887487651e0a5c8f6c7a,6.0,16.0,0.9830372562226576,0.2776909799866964,0.9317733897930274,0.2813800311420105,-0.7252208546911928,validation,0.022658610271903322,0.6132930513595166,0.11027190332326284,0.5981873111782477,0.6691842900302115,0.5981873111782477,0.5030211480362538,5
b185f43818b8ff3aba325752922bbbf37fd094f1e282887487651e0a5c8f6c7a,8.0,18.0,0.959882007149228,0.2570943896878689,0.9499378841456572,0.2655524769630851,-0.8267629404767995,validation,0.006042296072507553,0.6148036253776435,0.20694864048338368,0.5996978851963746,0.6027190332326284,0.5996978851963746,0.39577039274924475,5
b185f43818b8ff3aba325752922bbbf37fd094f1e282887487651e0a5c8f6c7a,10.0,20.0,0.93522964577423,0.3409709372387483,0.9615267493864188,0.3369129060564572,-0.812590417247707,validation,0.0030211480362537764,0.6012084592145015,0.2854984894259819,0.5891238670694864,0.6027190332326284,0.5891238670694864,0.3157099697885196,5
b185f43818b8ff3aba325752922bbbf37fd094f1e282887487651e0a5c8f6c7a,12.0,22.0,0.99961062309621,3.438575019305525,0.9988656177182954,3.323144451852451,-2.6451439878388903,validation,0.19637462235649547,0.3972809667673716,0.9622356495468278,0.4108761329305136,0.29607250755287007,0.3972809667673716,0.11480362537764355,5
b185f43818b8ff3aba325752922bbbf37fd094f1e282887487651e0a5c8f6c7a,14.0,24.0,0.9998807392867036,31.79132166538697,0.9946456639572268,31.83999985617352,-4.642668774346254,validation,0.32628398791540786,0.243202416918429,0.918429003021148,0.3429003021148036,0.08006042296072508,0.32628398791540786,0.0996978851963746,5
b185f43818b8ff3aba325752922bbbf37fd094f1e282887487651e0a5c8f6c7a,16.0,26.0,0.9999916997302702,41.61384126743023,0.9773392405904858,61.450131462511,-4.19825256359745,validation,0.7628398791540786,0.1782477341389728,0.49697885196374625,0.2719033232628399,0.1163141993957704,0.2719033232628399,0.3187311178247735,5
b185f43818b8ff3aba325752922bbbf37fd094f1e282887487651e0a5c8f6c7a,18.0,28.0,0.999992863069038,64.18585565934045,0.971173507357517,75.55792773682879,-3.501426646528146,validation,0.7915407854984894,0.045317220543806644,0.37915407854984895,0.23716012084592145,0.1782477341389728,0.23716012084592145,0.20090634441087615,5
b185f43818b8ff3aba325752922bbbf37fd094f1e282887487651e0a5c8f6c7a,20.0,30.0,0.9999932817016096,86.94147295240187,0.9281365302301174,109.31247581451544,-3.227892084696972,validation,0.8141993957703928,0.01661631419939577,0.09516616314199396,0.13141993957703926,0.20241691842900303,0.13141993957703926,0.10725075528700907,5
b185f43818b8ff3aba325752922bbbf37fd094f1e282887487651e0a5c8f6c7a,22.0,32.0,0.9999673104796534,126.27065612518048,0.8102042085514976,125.31412354392414,-1.9408481502214523,validation,0.5241691842900302,0.0015105740181268882,0.0075528700906344415,0.08006042296072508,0.4108761329305136,0.08006042296072508,0.4033232628398792,5
b185f43818b8ff3aba325752922bbbf37fd094f1e282887487651e0a5c8f6c7a,24.0,34.0,0.9999472289958292,129.7569524755178,0.9752963209893124,150.55712157746507,-4.889019218807126,validation,0.4561933534743202,0.0015105740181268882,0.4622356495468278,0.019637462235649546,0.054380664652567974,0.054380664652567974,0.43655589123867067,5
b185f43818b8ff3aba325752922bbbf37fd094f1e282887487651e0a5c8f6c7a,26.0,36.0,0.9999947241826476,117.58226189954092,0.9873514444696956,133.08825385119135,-2.370747986958154,validation,0.8700906344410876,0.0030211480362537764,0.7190332326283988,0.06042296072507553,0.338368580060423,0.338368580060423,0.6586102719033232,5
b185f43818b8ff3aba325752922bbbf37fd094f1e282887487651e0a5c8f6c7a,28.0,38.0,0.9999901169242514,124.53539219897398,0.988373553902964,132.49759011033504,-3.273293099979572,validation,0.7220543806646526,0.0015105740181268882,0.7477341389728097,0.061933534743202415,0.19486404833836857,0.19486404833836857,0.6601208459214502,5
b185f43818b8ff3aba325752922bbbf37fd094f1e282887487651e0a5c8f6c7a,30.0,40.0,0.9999818660031392,80.70256377626522,0.9873675240392116,134.50657156642234,-2.2546329378947645,validation,0.6072507552870091,0.027190332326283987,0.7205438066465257,0.05740181268882175,0.35347432024169184,0.35347432024169184,0.5498489425981874,5
b185f43818b8ff3aba325752922bbbf37fd094f1e282887487651e0a5c8f6c7a,32.0,42.0,0.9999362549260804,91.72979161208951,0.9900810453277474,140.9314731823166,-3.802068401173929,validation,0.4259818731117825,0.015105740181268883,0.797583081570997,0.04380664652567976,0.13897280966767372,0.13897280966767372,0.3821752265861027,5
b185f43818b8ff3aba325752922bbbf37fd094f1e282887487651e0a5c8f6c7a,34.0,44.0,0.9999637685277682,88.42888057563117,0.971173507357517,108.49353049814184,-2.4300110372714103,validation,0.5015105740181269,0.015105740181268883,0.37915407854984895,0.13444108761329304,0.32779456193353473,0.32779456193353473,0.2447129909365559,5
b185f43818b8ff3aba325752922bbbf37fd094f1e282887487651e0a5c8f6c7a,36.0,46.0,0.9990099177644226,128.6597571391849,0.9738081560818576,126.00084810338213,-4.188786831816885,validation,0.13897280966767372,0.0015105740181268882,0.4214501510574018,0.07854984894259819,0.1163141993957704,0.1163141993957704,0.06042296072507554,5
b185f43818b8ff3aba325752922bbbf37fd094f1e282887487651e0a5c8f6c7a,38.0,48.0,0.9999880626030516,94.60771681556946,0.9726338867592494,126.26923919181117,-1.8617485794532012,validation,0.6873111782477341,0.013595166163141994,0.38821752265861026,0.07854984894259819,0.4214501510574018,0.38821752265861026,0.3429003021148036,5
b185f43818b8ff3aba325752922bbbf37fd094f1e282887487651e0a5c8f6c7a,40.0,50.0,0.9999848764303338,78.79992460538055,0.9691328567898688,121.20602996196406,-2.152035311210534,validation,0.6389728096676737,0.028700906344410877,0.35196374622356497,0.0891238670694864,0.3776435045317221,0.35196374622356497,0.2885196374622357,5
b185f43818b8ff3aba325752922bbbf37fd094f1e282887487651e0a5c8f6c7a,42.0,52.0,0.9999990704579396,60.50466138648895,0.9737621669348204,110.31823784680915,-4.479943518608201,validation,0.9833836858006042,0.06797583081570997,0.4199395770392749,0.1283987915407855,0.0891238670694864,0.1283987915407855,0.33081570996978854,5
b185f43818b8ff3aba325752922bbbf37fd094f1e282887487651e0a5c8f6c7a,44.0,54.0,0.9999943095111532,69.99165890748348,0.9886668267347845,111.68605055055284,-2.322000727916848,validation,0.8564954682779456,0.03474320241691843,0.7598187311178247,0.12235649546827794,0.3429003021148036,0.3429003021148036,0.6374622356495467,5
b185f43818b8ff3aba325752922bbbf37fd094f1e282887487651e0a5c8f6c7a,46.0,56.0,0.9999963529238324,51.52434351101298,0.9768889677973376,105.15244953310584,-2.48667628630121,validation,0.9214501510574018,0.11329305135951662,0.4909365558912387,0.14652567975830816,0.31722054380664655,0.31722054380664655,0.34441087613293053,5
b185f43818b8ff3aba325752922bbbf37fd094f1e282887487651e0a5c8f6c7a,48.0,58.0,0.9999218494881964,71.57328247214923,0.9877680609556464,116.04796577484456,-2.5322684300799825,validation,0.3867069486404834,0.03474320241691843,0.7326283987915407,0.1027190332326284,0.31268882175226587,0.31268882175226587,0.28398791540785495,5
b185f43818b8ff3aba325752922bbbf37fd094f1e282887487651e0a5c8f6c7a,50.0,60.0,0.9946632534836836,45.4570230751185,0.9748410467107416,103.61668250710056,-4.390038897426647,validation,0.05740181268882175,0.14954682779456194,0.4516616314199396,0.14954682779456194,0.09365558912386707,0.14954682779456194,0.05589123867069487,5
b185f43818b8ff3aba325752922bbbf37fd094f1e282887487651e0a5c8f6c7a,52.0,62.0,0.9986986404498188,61.816274734399855,0.9895575065619624,107.1904108286832,-3.8460999017842408,validation,0.1163141993957704,0.054380664652567974,0.783987915407855,0.1404833836858006,0.13897280966767372,0.13897280966767372,0.024169184290030205,5
b185f43818b8ff3aba325752922bbbf37fd094f1e282887487651e0a5c8f6c7a,54.0,64.0,0.9999870020440736,48.327203970372445,0.9588027825720916,115.04358715936073,-2.011319544689216,validation,0.6737160120845922,0.13141993957703926,0.2673716012084592,0.1042296072507553,0.3972809667673716,0.2673716012084592,0.26586102719033233,5
b185f43818b8ff3aba325752922bbbf37fd094f1e282887487651e0a5c8f6c7a,56.0,66.0,0.9999942903107176,60.439896614328624,0.951087365357176,103.29176894812136,-5.184146175688622,validation,0.8564954682779456,0.06797583081570997,0.21450151057401812,0.14954682779456194,0.04833836858006042,0.14954682779456194,0.14652567975830816,5
b185f43818b8ff3aba325752922bbbf37fd094f1e282887487651e0a5c8f6c7a,58.0,68.0,0.9999926654683768,52.78892667045392,0.9572996784170992,105.2051225685441,-1.771808328902159,validation,0.7809667673716012,0.10725075528700906,0.25226586102719034,0.14652567975830816,0.4259818731117825,0.25226586102719034,0.2794561933534743,5
b185f43818b8ff3aba325752922bbbf37fd094f1e282887487651e0a5c8f6c7a,60.0,70.0,0.9990099177644226,49.04155462098077,0.9553882991211216,107.89081794593804,-3.928233582790543,validation,0.13897280966767372,0.1283987915407855,0.2326283987915408,0.13595166163141995,0.13141993957703926,0.13595166163141995,0.0075528700906344615,5
b185f43818b8ff3aba325752922bbbf37fd094f1e282887487651e0a5c8f6c7a,62.0,72.0,0.999848150425363,52.40627963791317,0.9533837766707246,113.05512119758284,-3.146685976071623,validation,0.29607250755287007,0.11027190332326284,0.22205438066465258,0.1163141993957704,0.20996978851963746,0.20996978851963746,0.10574018126888218,5
b185f43818b8ff3aba325752922bbbf37fd094f1e282887487651e0a5c8f6c7a,64.0,74.0,0.9998606177394724,69.36756798374404,0.9319841317887364,126.38895882405154,-3.139408190721313,validation,0.3081570996978852,0.03474320241691843,0.11027190332326284,0.07854984894259819,0.20996978851963746,0.11027190332326284,0.1314199395770393,5
b185f43818b8ff3aba325752922bbbf37fd094f1e282887487651e0a5c8f6c7a,66.0,76.0,0.9999913130536532,54.59086595837677,0.9432667556939768,130.8773573797085,-2.051869672659433,validation,0.7492447129909365,0.09818731117824774,0.1661631419939577,0.0649546827794562,0.3942598187311178,0.1661631419939577,0.29607250755287007,5
b185f43818b8ff3aba325752922bbbf37fd094f1e282887487651e0a5c8f6c7a,68.0,78.0,0.9999969581253104,94.31712827076817,0.9853432068547712,137.18986995263515,-6.239902855255867,validation,0.9441087613293051,0.013595166163141994,0.6631419939577039,0.052870090634441085,0.010574018126888218,0.052870090634441085,0.6495468277945619,5
b185f43818b8ff3aba325752922bbbf37fd094f1e282887487651e0a5c8f6c7a,70.0,80.0,0.9999953734697038,79.47082733088988,0.9351230318805784,133.12600401098462,-4.156416775202447,validation,0.8897280966767371,0.028700906344410877,0.12537764350453173,0.06042296072507553,0.12235649546827794,0.12235649546827794,0.06495468277945621,5
b185f43818b8ff3aba325752922bbbf37fd094f1e282887487651e0a5c8f6c7a,72.0,82.0,0.9977458803483776,88.64205455832222,0.9845536401693424,135.40231050085796,-5.503534084490501,validation,0.09516616314199396,0.015105740181268883,0.6465256797583081,0.05740181268882175,0.03625377643504532,0.05740181268882175,0.058912386706948636,5
b185f43818b8ff3aba325752922bbbf37fd094f1e282887487651e0a5c8f6c7a,74.0,84.0,0.9999952885058184,78.10016421310311,0.9816999347227856,104.28830068587632,-2.3451229120446744,validation,0.8882175226586103,0.030211480362537766,0.595166163141994,0.14803625377643503,0.3429003021148036,0.3429003021148036,0.44712990936555896,5
b185f43818b8ff3aba325752922bbbf37fd094f1e282887487651e0a5c8f6c7a,76.0,86.0,0.9999924758276152,88.59998197260758,0.9958765293890736,109.86602906438378,-3.879504157831116,validation,0.7779456193353474,0.015105740181268883,0.93202416918429,0.1283987915407855,0.13595166163141995,0.13595166163141995,0.649546827794562,5
b185f43818b8ff3aba325752922bbbf37fd094f1e282887487651e0a5c8f6c7a,78.0,88.0,0.999998327525682,92.71128281193324,0.993433959297065,113.93945141254116,-3.52909096131257,validation,0.9637462235649547,0.013595166163141994,0.8851963746223565,0.11329305135951662,0.17673716012084592,0.17673716012084592,0.7719033232628398,5
b185f43818b8ff3aba325752922bbbf37fd094f1e282887487651e0a5c8f6c7a,80.0,90.0,0.9999739625738624,104.55658612356196,0.9725909102175468,106.4325933265457,-3.1581468717524923,validation,0.5589123867069486,0.00906344410876133,0.3867069486404834,0.14501510574018128,0.2084592145015106,0.2084592145015106,0.2416918429003021,5
b185f43818b8ff3aba325752922bbbf37fd094f1e282887487651e0a5c8f6c7a,82.0,92.0,0.9997131957423122,86.26496217429161,0.9934690114660292,94.0885583844955,-3.0713613087727785,validation,0.22356495468277945,0.01661631419939577,0.8867069486404834,0.18126888217522658,0.2190332326283988,0.2190332326283988,0.04229607250755288,5
b185f43818b8ff3aba325752922bbbf37fd094f1e282887487651e0a5c8f6c7a,84.0,94.0,0.9999949770288744,68.03747452471465,0.9873800413123258,103.17099863647712,-3.345874042592571,validation,0.877643504531722,0.03474320241691843,0.7220543806646526,0.14954682779456194,0.1903323262839879,0.1903323262839879,0.5725075528700906,5
b185f43818b8ff3aba325752922bbbf37fd094f1e282887487651e0a5c8f6c7a,86.0,96.0,0.9999822984172756,70.40907432346694,0.9536119896093056,88.22628654158281,-1.990126877835858,validation,0.6148036253776435,0.03474320241691843,0.22205438066465258,0.1933534743202417,0.40181268882175225,0.22205438066465258,0.20845921450151056,5
b185f43818b8ff3aba325752922bbbf37fd094f1e282887487651e0a5c8f6c7a,88.0,98.0,0.9999787902419434,40.2344519385999,0.980026820842654,52.83667706014454,-2.6902070475655044,validation,0.5906344410876133,0.18882175226586104,0.5468277945619335,0.29607250755287007,0.28851963746223563,0.29607250755287007,0.2583081570996979,5
b185f43818b8ff3aba325752922bbbf37fd094f1e282887487651e0a5c8f6c7a,90.0,100.0,0.999961446545645,21.53791208724867,0.9897147647026644,44.3967742100642,-4.113121777743637,validation,0.4954682779456193,0.2990936555891239,0.7854984894259819,0.3157099697885196,0.12386706948640483,0.3157099697885196,0.19637462235649544,5
b185f43818b8ff3aba325752922bbbf37fd094f1e282887487651e0a5c8f6c7a,92.0,102.0,0.9994124739123748,23.12181187389308,0.9326760326971094,31.02501910844053,-4.52812950232573,validation,0.1646525679758308,0.2930513595166163,0.11178247734138973,0.3429003021148036,0.08761329305135952,0.1646525679758308,0.18126888217522658,5
b185f43818b8ff3aba325752922bbbf37fd094f1e282887487651e0a5c8f6c7a,94.0,104.0,0.9269765148045568,8.39890061940227,0.9593604504718698,8.290076848050507,-4.159592512586976,validation,0.0030211480362537764,0.3685800604229607,0.27341389728096677,0.3776435045317221,0.12084592145015106,0.27341389728096677,0.24773413897280966,5
b185f43818b8ff3aba325752922bbbf37fd094f1e282887487651e0a5c8f6c7a,96.0,106.0,0.999940227403318,1.9880039954522983,0.992634768295416,2.4162325270662537,-2.372921302464777,validation,0.4335347432024169,0.42900302114803623,0.8685800604229608,0.41842900302114805,0.3368580060422961,0.42900302114803623,0.015105740181268867,5
b185f43818b8ff3aba325752922bbbf37fd094f1e282887487651e0a5c8f6c7a,98.0,108.0,0.999990691745613,1.4196139918035555,0.9985072747115136,1.5233088842335756,-3.037477352262304,validation,0.7356495468277946,0.4425981873111782,0.9607250755287009,0.43202416918429004,0.2311178247734139,0.4425981873111782,0.30362537764350456,5
b185f43818b8ff3aba325752922bbbf37fd094f1e282887487651e0a5c8f6c7a,100.0,110.0,0.9999928098794896,1.632984986239533,0.9972243953286856,1.6673647719584948,-2.6706990014761907,validation,0.7870090634441088,0.4380664652567976,0.9531722054380665,0.43051359516616317,0.29003021148036257,0.4380664652567976,0.35649546827794565,5
b185f43818b8ff3aba325752922bbbf37fd094f1e282887487651e0a5c8f6c7a,102.0,112.0,0.9999962995905572,2.5448694122385715,0.967573437048568,2.121682225681114,-2.08240286288754,validation,0.9199395770392749,0.4093655589123867,0.3323262839879154,0.4199395770392749,0.39274924471299094,0.4093655589123867,0.027190332326283984,5
b185f43818b8ff3aba325752922bbbf37fd094f1e282887487651e0a5c8f6c7a,104.0,114.0,0.9996900345722332,2.6549772879631344,0.9667252516135488,2.270886914928802,-1.3114075955397375,validation,0.2175226586102719,0.4078549848942598,0.324773413897281,0.4199395770392749,0.4697885196374622,0.4078549848942598,0.09516616314199394,5
b185f43818b8ff3aba325752922bbbf37fd094f1e282887487651e0a5c8f6c7a,106.0,116.0,0.6847497916257427,2.6122094850857374,0.9807072355398708,2.342183643365248,-1.299823667161385,validation,0.0,0.4078549848942598,0.5694864048338368,0.4199395770392749,0.47129909365558914,0.4199395770392749,0.06344410876132933,5
b185f43818b8ff3aba325752922bbbf37fd094f1e282887487651e0a5c8f6c7a,108.0,118.0,0.9642600643027368,2.5565619719943253,0.9839431696729454,2.291580183279631,-1.3063710351778086,validation,0.0075528700906344415,0.4093655589123867,0.6374622356495468,0.4199395770392749,0.47129909365558914,0.4199395770392749,0.061933534743202456,5
b185f43818b8ff3aba325752922bbbf37fd094f1e282887487651e0a5c8f6c7a,110.0,120.0,0.981072221330794,2.046978428271196,0.9761276833660728,1.9588176610276236,-1.1941348008150086,validation,0.019637462235649546,0.4259818731117825,0.4773413897280967,0.4244712990936556,0.49697885196374625,0.4259818731117825,0.05287009063444109,5
b185f43818b8ff3aba325752922bbbf37fd094f1e282887487651e0a5c8f6c7a,112.0,122.0,0.9998026600843936,1.5430732220871997,0.9066866409023664,1.4913371654045304,-1.086656533301203,validation,0.2688821752265861,0.44108761329305135,0.052870090634441085,0.4350453172205438,0.5166163141993958,0.4350453172205438,0.17220543806646527,5
b185f43818b8ff3aba325752922bbbf37fd094f1e282887487651e0a5c8f6c7a,114.0,124.0,0.999990573446169,1.119664218356227,0.9834904776688232,0.7972947754163496,-1.5255639196045785,validation,0.7326283987915407,0.4637462235649547,0.6253776435045317,0.4773413897280967,0.44108761329305135,0.4773413897280967,0.16163141993957703,5
b439fc5983a3a0db22239d5dcf8cbebf9104a8b71a93c2afd75e75fe87301e46,0.0,10.0,0.9998989816759202,0.3527606049361094,0.9778235897199689,0.3707546558398634,-0.971927262042652,validation,0.3429003021148036,0.6012084592145015,0.5105740181268882,0.5830815709969789,0.5558912386706949,0.5558912386706949,0.0725075528700907,5
bace0e92b25324e8afbd0e5f6698b01a921780a2385e02419965fa97e3e796c4,0.0,10.0,0.9999765330393828,0.0709137841375389,0.9779963483816752,0.0692816165381756,-0.7825424517973446,test,0.5709969788519638,0.8096676737160121,0.5120845921450151,0.7960725075528701,0.6102719033232629,0.6102719033232629,0.2250755287009063,5
bace0e92b25324e8afbd0e5f6698b01a921780a2385e02419965fa97e3e796c4,2.0,12.0,0.9999637765530148,0.1025308076925309,0.9968354091616576,0.1028795801341575,-0.8230426058996003,test,0.5015105740181269,0.7552870090634441,0.9441087613293051,0.729607250755287,0.6027190332326284,0.729607250755287,0.15256797583081572,5
bace0e92b25324e8afbd0e5f6698b01a921780a2385e02419965fa97e3e796c4,4.0,14.0,0.999984343638407,0.138969290824001,0.9987858416202204,0.1422646995829954,-0.82922456628683,test,0.6314199395770392,0.7054380664652568,0.9607250755287009,0.6858006042296072,0.6027190332326284,0.6858006042296072,0.07401812688821752,5
bace0e92b25324e8afbd0e5f6698b01a921780a2385e02419965fa97e3e796c4,6.0,16.0,0.9999458648237562,0.1749797192174134,0.9964470116089446,0.1744028387427391,-0.842142515589975,test,0.45468277945619334,0.6812688821752266,0.9395770392749244,0.6616314199395771,0.5996978851963746,0.6616314199395771,0.08157099697885206,5
bace0e92b25324e8afbd0e5f6698b01a921780a2385e02419965fa97e3e796c4,8.0,18.0,0.9999639581280784,0.1728335046379951,0.9966718833981252,0.1787042991595272,-0.8371717376299572,test,0.5015105740181269,0.6812688821752266,0.9395770392749244,0.6601208459214502,0.6012084592145015,0.6601208459214502,0.08006042296072513,5
bace0e92b25324e8afbd0e5f6698b01a921780a2385e02419965fa97e3e796c4,10.0,20.0,0.9999833587850926,0.1892930550720147,0.9948730594167312,0.1924496329934712,-0.8357889802907409,test,0.6238670694864048,0.6555891238670695,0.9214501510574018,0.6268882175226587,0.6012084592145015,0.6268882175226587,0.031722054380664666,5
bace0e92b25324e8afbd0e5f6698b01a921780a2385e02419965fa97e3e796c4,12.0,22.0,0.9999756790646074,0.1804835787214068,0.998340216671627,0.1829376787175736,-0.8445216385862373,test,0.5664652567975831,0.6722054380664653,0.9607250755287009,0.648036253776435,0.5996978851963746,0.648036253776435,0.0725075528700907,5
bace0e92b25324e8afbd0e5f6698b01a921780a2385e02419965fa97e3e796c4,14.0,24.0,0.99999532287172,0.168026877422432,0.9979770607604178,0.1679718239059066,-0.8502764317777957,test,0.8897280966767371,0.6873111782477341,0.9577039274924471,0.6706948640483383,0.5996978851963746,0.6873111782477341,0.2190332326283988,5
bace0e92b25324e8afbd0e5f6698b01a921780a2385e02419965fa97e3e796c4,16.0,26.0,0.9999991902504718,0.1492088960680365,0.99942356089524,0.1536169347542054,-0.8398219354983774,test,0.986404833836858,0.6948640483383686,0.9652567975830816,0.6797583081570997,0.5996978851963746,0.6948640483383686,0.2854984894259819,5
bace0e92b25324e8afbd0e5f6698b01a921780a2385e02419965fa97e3e796c4,18.0,28.0,0.9999977170830808,0.1572906329326651,0.9993612291568116,0.1569083650976383,-0.7882056462936842,test,0.9516616314199395,0.6888217522658611,0.9652567975830816,0.6782477341389728,0.6072507552870091,0.6888217522658611,0.27341389728096677,5
bace0e92b25324e8afbd0e5f6698b01a921780a2385e02419965fa97e3e796c4,20.0,30.0,0.9999976670576406,0.1369500457796598,0.9980417523723624,0.1371398356702335,-0.7522783343047854,test,0.9516616314199395,0.7054380664652568,0.9577039274924471,0.6873111782477341,0.6389728096676737,0.7054380664652568,0.2643504531722054,5
bace0e92b25324e8afbd0e5f6698b01a921780a2385e02419965fa97e3e796c4,22.0,32.0,0.999980716989982,0.1295599334055992,0.994980908978376,0.1287458637530767,-0.6823574666865163,test,0.5996978851963746,0.7054380664652568,0.9214501510574018,0.6948640483383686,0.7416918429003021,0.7054380664652568,0.04682779456193353,5
bace0e92b25324e8afbd0e5f6698b01a921780a2385e02419965fa97e3e796c4,24.0,34.0,0.9998308485249916,0.1205362817485831,0.974542821067894,0.1168203080757022,-0.6517285969570712,test,0.2824773413897281,0.7326283987915407,0.4471299093655589,0.7129909365558912,0.8141993957703928,0.7129909365558912,0.2854984894259818,5
bace0e92b25324e8afbd0e5f6698b01a921780a2385e02419965fa97e3e796c4,26.0,36.0,0.9999389737969896,0.1093909186780466,0.9866250857750294,0.1034558420908213,-0.5920612071705509,test,0.43051359516616317,0.7522658610271903,0.6993957703927492,0.7250755287009063,0.8716012084592145,0.7250755287009063,0.052870090634441036,5
bace0e92b25324e8afbd0e5f6698b01a921780a2385e02419965fa97e3e796c4,28.0,38.0,0.99994754067262,0.0938960205651248,0.9847378840157448,0.0844938418989992,-0.606200587314302,test,0.4561933534743202,0.7598187311178247,0.649546827794562,0.756797583081571,0.8610271903323263,0.756797583081571,0.11027190332326275,5
bace0e92b25324e8afbd0e5f6698b01a921780a2385e02419965fa97e3e796c4,30.0,40.0,0.9999642694418912,0.0950534639116652,0.9829734459004272,0.0877860044645012,-0.5906649980655159,test,0.5060422960725075,0.7598187311178247,0.620845921450151,0.7507552870090635,0.8761329305135952,0.7507552870090635,0.13897280966767367,5
bace0e92b25324e8afbd0e5f6698b01a921780a2385e02419965fa97e3e796c4,32.0,42.0,0.999967130662904,0.0899988948389679,0.9480740081009674,0.085771996956077,-0.6414560841315128,test,0.5241691842900302,0.7658610271903323,0.18277945619335348,0.7552870090634441,0.8277945619335347,0.7552870090634441,0.2416918429003021,5
bace0e92b25324e8afbd0e5f6698b01a921780a2385e02419965fa97e3e796c4,34.0,44.0,0.9999698265395242,0.0827351774606261,0.9809169236787868,0.0794343544382816,-0.7064638010352728,test,0.5362537764350453,0.7779456193353474,0.5725075528700906,0.7688821752265861,0.6993957703927492,0.6993957703927492,0.1963746223564955,5
bace0e92b25324e8afbd0e5f6698b01a921780a2385e02419965fa97e3e796c4,36.0,46.0,0.999953775812638,0.0860356445120887,0.9810216279288612,0.0832528100794057,-0.7332903720829532,test,0.4697885196374622,0.7719033232628398,0.5740181268882175,0.7598187311178247,0.6570996978851964,0.6570996978851964,0.1858006042296072,5
bace0e92b25324e8afbd0e5f6698b01a921780a2385e02419965fa97e3e796c4,38.0,48.0,0.9999868397674032,0.0899184556867458,0.9920438881908056,0.0885960221226951,-0.7537300184072442,test,0.6706948640483383,0.7673716012084593,0.8459214501510574,0.7492447129909365,0.6374622356495468,0.7492447129909365,0.09667673716012093,5
bace0e92b25324e8afbd0e5f6698b01a921780a2385e02419965fa97e3e796c4,40.0,50.0,0.999993768772268,0.0950735961126021,0.9968354091616576,0.0922025168754803,-0.7498856722320875,test,0.8308157099697885,0.7598187311178247,0.9441087613293051,0.7416918429003021,0.6435045317220544,0.7598187311178247,0.08912386706948638,5
bace0e92b25324e8afbd0e5f6698b01a921780a2385e02419965fa97e3e796c4,42.0,52.0,0.9999838984917582,0.1088542753287986,0.9953777604816838,0.1023939805277761,-0.7590848605496163,test,0.6314199395770392,0.7522658610271903,0.9229607250755287,0.7311178247734139,0.6299093655589124,0.7311178247734139,0.12084592145015105,5
bace0e92b25324e8afbd0e5f6698b01a921780a2385e02419965fa97e3e796c4,44.0,54.0,0.9999944132663018,0.1097118714139602,0.9981955740810534,0.107861872391245,-0.7502101609360361,test,0.8640483383685801,0.7522658610271903,0.9607250755287009,0.7190332326283988,0.6435045317220544,0.7522658610271903,0.14501510574018128,5
bace0e92b25324e8afbd0e5f6698b01a921780a2385e02419965fa97e3e796c4,46.0,56.0,0.9999976670576406,0.1223876558446623,0.998283882557339,0.1173838436660488,-0.7547538647225291,test,0.9516616314199395,0.7250755287009063,0.9607250755287009,0.7129909365558912,0.6374622356495468,0.7250755287009063,0.23867069486404835,5
bace0e92b25324e8afbd0e5f6698b01a921780a2385e02419965fa97e3e796c4,48.0,58.0,0.9999971410332396,0.1299707804582068,0.9988341053955888,0.1265277880371042,-0.7700194150038725,test,0.945619335347432,0.7054380664652568,0.9607250755287009,0.6963746223564955,0.620845921450151,0.7054380664652568,0.24924471299093653,5
bace0e92b25324e8afbd0e5f6698b01a921780a2385e02419965fa97e3e796c4,50.0,60.0,0.9999986545437032,0.1441098621165809,0.9986340021312456,0.143435563165745,-0.788944752720871,test,0.9667673716012085,0.6978851963746223,0.9607250755287009,0.6858006042296072,0.6072507552870091,0.6978851963746223,0.2749244712990937,5
bace0e92b25324e8afbd0e5f6698b01a921780a2385e02419965fa97e3e796c4,52.0,62.0,0.9999959912712046,0.1599014729863082,0.9982771904290828,0.1545349662813659,-0.8018031934976799,test,0.9108761329305136,0.6888217522658611,0.9607250755287009,0.6797583081570997,0.6042296072507553,0.6888217522658611,0.23111782477341392,5
bace0e92b25324e8afbd0e5f6698b01a921780a2385e02419965fa97e3e796c4,54.0,64.0,0.9999992641999724,0.1649150669791768,0.9989004674291484,0.1615974267742677,-0.8338968303468869,test,0.986404833836858,0.6888217522658611,0.9622356495468278,0.675226586102719,0.6027190332326284,0.6888217522658611,0.2870090634441088,5
bace0e92b25324e8afbd0e5f6698b01a921780a2385e02419965fa97e3e796c4,56.0,66.0,0.9999972819907428,0.1686674246734451,0.994629370745692,0.1610069640541662,-0.8315595756933265,test,0.945619335347432,0.6873111782477341,0.918429003021148,0.675226586102719,0.6027190332326284,0.6873111782477341,0.24320241691842903,5
bace0e92b25324e8afbd0e5f6698b01a921780a2385e02419965fa97e3e796c4,58.0,68.0,0.9999977170830808,0.1697522071257872,0.9864434157927972,0.1685226803222755,-0.8295977950059098,test,0.9516616314199395,0.6858006042296072,0.6918429003021148,0.6706948640483383,0.6027190332326284,0.6858006042296072,0.02114803625377648,5
bace0e92b25324e8afbd0e5f6698b01a921780a2385e02419965fa97e3e796c4,60.0,70.0,0.9999968464012102,0.1777741980201128,0.9981387248415504,0.1749889667715297,-0.8404490940043317,test,0.9365558912386707,0.676737160120846,0.9607250755287009,0.6616314199395771,0.5996978851963746,0.676737160120846,0.2749244712990936,5
bace0e92b25324e8afbd0e5f6698b01a921780a2385e02419965fa97e3e796c4,62.0,72.0,0.999998355457284,0.1683424952716029,0.9851619081073084,0.1682521381168724,-0.8515098859033693,test,0.9637462235649547,0.6873111782477341,0.6616314199395771,0.6706948640483383,0.5996978851963746,0.6706948640483383,0.025679758308157052,5
bace0e92b25324e8afbd0e5f6698b01a921780a2385e02419965fa97e3e796c4,64.0,74.0,0.9999954033245944,0.1748276924580373,0.986892391263323,0.1741817361372209,-0.8513093571251109,test,0.8912386706948641,0.6812688821752266,0.7084592145015106,0.6646525679758308,0.5996978851963746,0.6812688821752266,0.04380664652567978,5
bace0e92b25324e8afbd0e5f6698b01a921780a2385e02419965fa97e3e796c4,66.0,76.0,0.9999986545437032,0.1808479722604752,0.998340216671627,0.1776522241743668,-0.8729367646778572,test,0.9667673716012085,0.6722054380664653,0.9607250755287009,0.6601208459214502,0.5936555891238671,0.6722054380664653,0.30060422960725075,5
bace0e92b25324e8afbd0e5f6698b01a921780a2385e02419965fa97e3e796c4,68.0,78.0,0.99999532287172,0.1783283909706114,0.9981415026822128,0.1766252300217209,-0.881423213972258,test,0.8897280966767371,0.676737160120846,0.9607250755287009,0.6601208459214502,0.5921450151057401,0.676737160120846,0.22960725075528698,5
bace0e92b25324e8afbd0e5f6698b01a921780a2385e02419965fa97e3e796c4,70.0,80.0,0.9999992641999724,0.1698400162380277,0.998601898273242,0.1700182083731043,-0.8863549473428838,test,0.986404833836858,0.6858006042296072,0.9607250755287009,0.6676737160120846,0.5891238670694864,0.6858006042296072,0.2930513595166163,5
bace0e92b25324e8afbd0e5f6698b01a921780a2385e02419965fa97e3e796c4,72.0,82.0,0.999998327531346,0.1750666816855936,0.999341977488402,0.1736081767410192,-0.8816528397973069,test,0.9637462235649547,0.6812688821752266,0.9652567975830816,0.6661631419939577,0.5891238670694864,0.6812688821752266,0.297583081570997,5
bace0e92b25324e8afbd0e5f6698b01a921780a2385e02419965fa97e3e796c4,74.0,84.0,0.9999991902504718,0.1691726976416797,0.99942356089524,0.1697016959481855,-0.8815867482709911,test,0.986404833836858,0.6873111782477341,0.9652567975830816,0.6676737160120846,0.5891238670694864,0.6873111782477341,0.297583081570997,5
bace0e92b25324e8afbd0e5f6698b01a921780a2385e02419965fa97e3e796c4,76.0,86.0,0.9999987878862536,0.1721042207335006,0.9994697689548916,0.1698775839675095,-0.8851594791860673,test,0.9697885196374623,0.6827794561933535,0.9652567975830816,0.6676737160120846,0.5891238670694864,0.6827794561933535,0.297583081570997,5
bace0e92b25324e8afbd0e5f6698b01a921780a2385e02419965fa97e3e796c4,78.0,88.0,0.9999997829382486,0.1704203870652176,0.999765216556912,0.1725905586266775,-0.8837507511984045,test,1.0,0.6858006042296072,0.9788519637462235,0.6661631419939577,0.5891238670694864,0.6858006042296072,0.31268882175226587,5
bace0e92b25324e8afbd0e5f6698b01a921780a2385e02419965fa97e3e796c4,80.0,90.0,0.9999979131312834,0.1754758532639049,0.9993612291568116,0.1736673387485973,-0.8755919645829147,test,0.9546827794561934,0.6812688821752266,0.9652567975830816,0.6661631419939577,0.5936555891238671,0.6812688821752266,0.28851963746223575,5
bace0e92b25324e8afbd0e5f6698b01a921780a2385e02419965fa97e3e796c4,82.0,92.0,0.9999966749650304,0.1664374415331842,0.9989004674291484,0.1674971948785001,-0.8787594536003247,test,0.9290030211480362,0.6888217522658611,0.9622356495468278,0.6722054380664653,0.5936555891238671,0.6888217522658611,0.25679758308157097,5
bace0e92b25324e8afbd0e5f6698b01a921780a2385e02419965fa97e3e796c4,84.0,94.0,0.999998355457284,0.1689246086941583,0.9986340021312456,0.1668432240728467,-0.8827837321408535,test,0.9637462235649547,0.6873111782477341,0.9607250755287009,0.6722054380664653,0.5891238670694864,0.6873111782477341,0.28851963746223563,5
bace0e92b25324e8afbd0e5f6698b01a921780a2385e02419965fa97e3e796c4,86.0,96.0,0.9999923085699728,0.1628049051951506,0.9983635339781732,0.1613888920569503,-0.8770680301266454,test,0.770392749244713,0.6888217522658611,0.9607250755287009,0.675226586102719,0.5936555891238671,0.6888217522658611,0.095166163141994,5
bace0e92b25324e8afbd0e5f6698b01a921780a2385e02419965fa97e3e796c4,88.0,98.0,0.9999945450339291,0.1658311767747637,0.9986185372626648,0.1623932961628418,-0.874335036982178,test,0.8655589123867069,0.6888217522658611,0.9607250755287009,0.6737160120845922,0.5936555891238671,0.6888217522658611,0.1918429003021147,5
bace0e92b25324e8afbd0e5f6698b01a921780a2385e02419965fa97e3e796c4,90.0,100.0,0.9999973157771964,0.1644558237420184,0.9988341053955888,0.1622456570162894,-0.8868932801911541,test,0.945619335347432,0.6888217522658611,0.9607250755287009,0.6737160120845922,0.5891238670694864,0.6888217522658611,0.27190332326283984,5
bace0e92b25324e8afbd0e5f6698b01a921780a2385e02419965fa97e3e796c4,92.0,102.0,0.999998327531346,0.176922820774637,0.9966840835176144,0.1781671581832894,-0.8938656080651868,test,0.9637462235649547,0.6782477341389728,0.9395770392749244,0.6601208459214502,0.5861027190332326,0.6782477341389728,0.27945619335347427,5
bace0e92b25324e8afbd0e5f6698b01a921780a2385e02419965fa97e3e796c4,94.0,104.0,0.9999974361766332,0.1799911315092157,0.999765216556912,0.1765629949697363,-0.8919864454766872,test,0.945619335347432,0.6737160120845922,0.9788519637462235,0.6601208459214502,0.5861027190332326,0.6737160120845922,0.2854984894259819,5
bace0e92b25324e8afbd0e5f6698b01a921780a2385e02419965fa97e3e796c4,96.0,106.0,0.9999966518053328,0.1811883065328792,0.9992429996378152,0.1771450275353831,-0.8875760616953176,test,0.9290030211480362,0.6722054380664653,0.9652567975830816,0.6601208459214502,0.5891238670694864,0.6722054380664653,0.2688821752265861,5
bace0e92b25324e8afbd0e5f6698b01a921780a2385e02419965fa97e3e796c4,98.0,108.0,0.9999997829382486,0.1717877825133937,0.998997842801772,0.1716331392191835,-0.8729004752166829,test,1.0,0.6842900302114804,0.9622356495468278,0.6676737160120846,0.5936555891238671,0.6842900302114804,0.29456193353474325,5
bace0e92b25324e8afbd0e5f6698b01a921780a2385e02419965fa97e3e796c4,100.0,110.0,0.9999979131312834,0.1634883365308673,0.9985742700945088,0.162331535656373,-0.8010061230889954,test,0.9546827794561934,0.6888217522658611,0.9607250755287009,0.6737160120845922,0.6042296072507553,0.6888217522658611,0.2809667673716012,5
bace0e92b25324e8afbd0e5f6698b01a921780a2385e02419965fa97e3e796c4,102.0,112.0,0.999993768772268,0.1374470302102121,0.9981955740810534,0.1342061966001298,-0.7631852447477394,test,0.8308157099697885,0.7054380664652568,0.9607250755287009,0.6873111782477341,0.6238670694864048,0.7054380664652568,0.14350453172205435,5
bace0e92b25324e8afbd0e5f6698b01a921780a2385e02419965fa97e3e796c4,104.0,114.0,0.9999628037715056,0.1240148619110326,0.9909189006900918,0.1189398310492552,-0.7093184047736456,test,0.5,0.7205438066465257,0.8126888217522659,0.7129909365558912,0.6948640483383686,0.7129909365558912,0.025679758308157163,5
bace0e92b25324e8afbd0e5f6698b01a921780a2385e02419965fa97e3e796c4,106.0,116.0,0.9999501258195064,0.1475766528554526,0.9603651132874425,0.1366792051598689,-0.7345682894162989,test,0.459214501510574,0.6948640483383686,0.2809667673716012,0.6873111782477341,0.6570996978851964,0.6570996978851964,0.2280966767371601,5
bace0e92b25324e8afbd0e5f6698b01a921780a2385e02419965fa97e3e796c4,108.0,118.0,0.9997498321996356,0.1928669747149463,0.959965187435926,0.1648643542274796,-0.7154952141107325,test,0.24622356495468278,0.648036253776435,0.2764350453172205,0.6722054380664653,0.6858006042296072,0.648036253776435,0.39577039274924475,5
bace0e92b25324e8afbd0e5f6698b01a921780a2385e02419965fa97e3e796c4,110.0,120.0,0.999890119079738,0.2144643323597533,0.9127940793472984,0.1939030955485524,-0.711663029624925,test,0.3368580060422961,0.6238670694864048,0.05891238670694864,0.6238670694864048,0.6903323262839879,0.6238670694864048,0.2870090634441087,5
bace0e92b25324e8afbd0e5f6698b01a921780a2385e02419965fa97e3e796c4,112.0,122.0,0.999876842274712,0.2203922574759164,0.9148858755537806,0.1950257591257287,-0.7040717540718886,test,0.32326283987915405,0.6238670694864048,0.061933534743202415,0.6238670694864048,0.7039274924471299,0.6238670694864048,0.30060422960725075,5
bace0e92b25324e8afbd0e5f6698b01a921780a2385e02419965fa97e3e796c4,114.0,124.0,0.9999100302087792,0.2164224356070261,0.8735451228113668,0.2016265254708544,-0.7459726192393622,test,0.36253776435045315,0.6238670694864048,0.022658610271903322,0.6148036253776435,0.6465256797583081,0.6148036253776435,0.26132930513595165,5
bace0e92b25324e8afbd0e5f6698b01a921780a2385e02419965fa97e3e796c4,116.0,126.0,0.9998558243294648,0.1698184988566866,0.9509053424384344,0.1759540363713594,-0.8397342407587975,test,0.30513595166163143,0.6858006042296072,0.21299093655589124,0.6601208459214502,0.5996978851963746,0.5996978851963746,0.3549848942598187,5
bace0e92b25324e8afbd0e5f6698b01a921780a2385e02419965fa97e3e796c4,118.0,128.0,0.9999818378196615,0.1571698862974448,0.9022550220201084,0.1446247266346279,-0.7871497555462654,test,0.6072507552870091,0.6888217522658611,0.045317220543806644,0.6842900302114804,0.6072507552870091,0.6072507552870091,0.07703927492447127,5
bace0e92b25324e8afbd0e5f6698b01a921780a2385e02419965fa97e3e796c4,120.0,130.0,0.999953775812638,0.120961249872467,0.9922247890277656,0.1192552107735927,-0.7832478198374534,test,0.4697885196374622,0.7311178247734139,0.8534743202416919,0.7114803625377644,0.6102719033232629,0.7114803625377644,0.12084592145015105,5
bace0e92b25324e8afbd0e5f6698b01a921780a2385e02419965fa97e3e796c4,122.0,132.0,0.9999512991335948,0.1177860028723727,0.9891332323504296,0.115117379619098,-0.7794307279064404,test,0.4652567975830816,0.7401812688821753,0.7719033232628398,0.7129909365558912,0.6102719033232629,0.7129909365558912,0.12990936555891242,5
bace0e92b25324e8afbd0e5f6698b01a921780a2385e02419965fa97e3e796c4,124.0,134.0,0.9999658429487486,0.111403746551667,0.9929287338399964,0.1082319131796761,-0.7642725688753115,test,0.513595166163142,0.7522658610271903,0.8761329305135952,0.7190332326283988,0.6238670694864048,0.7190332326283988,0.12839879154078548,5
bace0e92b25324e8afbd0e5f6698b01a921780a2385e02419965fa97e3e796c4,126.0,136.0,0.9999698265395242,0.1029447707726889,0.9945651264010836,0.0995927968886859,-0.7404642797301317,test,0.5362537764350453,0.7552870090634441,0.9169184290030211,0.7386706948640483,0.6510574018126888,0.7386706948640483,0.10422960725075536,5
bace0e92b25324e8afbd0e5f6698b01a921780a2385e02419965fa97e3e796c4,128.0,138.0,0.9999380938690524,0.4207999341853236,0.945804255956076,0.3789430162090481,-0.9085637136255942,test,0.42749244712990936,0.5845921450151057,0.1782477341389728,0.581570996978852,0.5830815709969789,0.581570996978852,0.15558912386706952,5
bace0e92b25324e8afbd0e5f6698b01a921780a2385e02419965fa97e3e796c4,130.0,140.0,0.9999354907413605,0.3988246097651421,0.9336000493290388,0.3550602809346095,-0.8667338301980626,test,0.4259818731117825,0.5861027190332326,0.11933534743202417,0.5861027190332326,0.595166163141994,0.5861027190332326,0.16012084592145015,5
bace0e92b25324e8afbd0e5f6698b01a921780a2385e02419965fa97e3e796c4,132.0,142.0,0.999980716989982,0.3922444596565035,0.9301102133979786,0.3480540024490596,-0.8612933201262784,test,0.5996978851963746,0.5861027190332326,0.1042296072507553,0.5876132930513596,0.595166163141994,0.5876132930513596,0.009063444108761365,5
bace0e92b25324e8afbd0e5f6698b01a921780a2385e02419965fa97e3e796c4,134.0,144.0,0.9958600107538064,0.7689728946031494,0.9949514517592116,0.7148208043459904,-1.2371364738737112,test,0.07099697885196375,0.5,0.9214501510574018,0.4909365558912387,0.4773413897280967,0.4909365558912387,0.0226586102719033,5
bace0e92b25324e8afbd0e5f6698b01a921780a2385e02419965fa97e3e796c4,136.0,146.0,0.9969371226661116,6.981186742976768,0.9958380137826038,4.784143976199529,-2.8190694734318105,test,0.08157099697885196,0.3685800604229607,0.9274924471299094,0.39274924471299094,0.2688821752265861,0.3685800604229607,0.12386706948640486,5
bace0e92b25324e8afbd0e5f6698b01a921780a2385e02419965fa97e3e796c4,138.0,148.0,0.9981824273344312,12.340018806957689,0.9748295238453388,9.74966091225516,-2.5663157359055084,test,0.10120845921450151,0.3564954682779456,0.4501510574018127,0.37613293051359514,0.3066465256797583,0.3564954682779456,0.06948640483383683,5
bace0e92b25324e8afbd0e5f6698b01a921780a2385e02419965fa97e3e796c4,140.0,150.0,0.999992828658157,27.0021003476954,0.9159381117585784,28.418345040963622,-4.243571320530101,test,0.7900302114803626,0.2719033232628399,0.06948640483383686,0.34441087613293053,0.11178247734138973,0.2719033232628399,0.2326283987915408,5
bace0e92b25324e8afbd0e5f6698b01a921780a2385e02419965fa97e3e796c4,142.0,152.0,0.999993984676891,30.33659739209354,0.929507633852406,45.96780725829389,-3.065207464892006,test,0.8368580060422961,0.2537764350453172,0.1027190332326284,0.311178247734139,0.22205438066465258,0.2537764350453172,0.08912386706948641,5
bace0e92b25324e8afbd0e5f6698b01a921780a2385e02419965fa97e3e796c4,144.0,154.0,0.9999821443523428,54.235756535106816,0.9502870116553376,84.97128349263686,-2.5035703991780083,test,0.6102719033232629,0.10120845921450151,0.20996978851963746,0.2054380664652568,0.31722054380664655,0.20996978851963746,0.11178247734138974,5
bace0e92b25324e8afbd0e5f6698b01a921780a2385e02419965fa97e3e796c4,146.0,156.0,0.9999468393588226,86.98795851757944,0.9772734515538256,99.8496112445812,-2.2905514286190622,test,0.45468277945619334,0.01661631419939577,0.4954682779456193,0.16012084592145015,0.3504531722054381,0.3504531722054381,0.2945619335347432,5
bace0e92b25324e8afbd0e5f6698b01a921780a2385e02419965fa97e3e796c4,148.0,158.0,0.9998362086173392,82.24386211921359,0.9668251798242666,113.02576580624276,-5.698563664092529,test,0.283987915407855,0.0256797583081571,0.3293051359516616,0.1163141993957704,0.027190332326283987,0.1163141993957704,0.256797583081571,5
bace0e92b25324e8afbd0e5f6698b01a921780a2385e02419965fa97e3e796c4,150.0,160.0,0.9999941019515914,92.36465662856553,0.9752963209893124,120.34287594462508,-1.971980558398454,test,0.8413897280966768,0.013595166163141994,0.4622356495468278,0.09214501510574018,0.4033232628398791,0.4033232628398791,0.3700906344410876,5
bace0e92b25324e8afbd0e5f6698b01a921780a2385e02419965fa97e3e796c4,152.0,162.0,0.9999954338922148,95.7105185457336,0.9873514444696956,107.55492249678744,-2.611865650664115,test,0.8942598187311178,0.013595166163141994,0.7190332326283988,0.1404833836858006,0.2990936555891239,0.2990936555891239,0.5785498489425982,5
bace0e92b25324e8afbd0e5f6698b01a921780a2385e02419965fa97e3e796c4,154.0,164.0,0.9999974792969994,48.48008131057351,0.971901413755094,79.94853075038712,-1.70470198124068,test,0.947129909365559,0.1299093655589124,0.3806646525679758,0.22356495468277945,0.4350453172205438,0.3806646525679758,0.21148036253776434,5
bace0e92b25324e8afbd0e5f6698b01a921780a2385e02419965fa97e3e796c4,156.0,166.0,0.9999965337539886,31.3142846596796,0.9712888146208012,87.30896914114126,-2.14517029975672,test,0.9229607250755287,0.24773413897280966,0.37915407854984895,0.19637462235649547,0.37915407854984895,0.37915407854984895,0.1314199395770393,5
bace0e92b25324e8afbd0e5f6698b01a921780a2385e02419965fa97e3e796c4,158.0,168.0,0.9998087109845006,46.890932594434446,0.9495903324784186,81.89804996374272,-3.272245938714776,test,0.2719033232628399,0.1404833836858006,0.20090634441087613,0.21450151057401812,0.19486404833836857,0.20090634441087613,0.01963746223564955,5
bace0e92b25324e8afbd0e5f6698b01a921780a2385e02419965fa97e3e796c4,160.0,170.0,0.999958012554812,50.57461599626369,0.9588027825720916,66.59819459466581,-2.326567512672057,test,0.48489425981873113,0.11933534743202417,0.2673716012084592,0.2552870090634441,0.3429003021148036,0.2673716012084592,0.08761329305135951,5
bace0e92b25324e8afbd0e5f6698b01a921780a2385e02419965fa97e3e796c4,162.0,172.0,0.9999670386898166,42.169622769099966,0.9678979189517471,74.38094063255028,-2.4190222774593573,test,0.5241691842900302,0.17371601208459214,0.338368580060423,0.23867069486404835,0.3293051359516616,0.3293051359516616,0.09969788519637462,5
bace0e92b25324e8afbd0e5f6698b01a921780a2385e02419965fa97e3e796c4,164.0,174.0,0.9999790258763708,48.33563887544605,0.9816876643890108,73.79274982525484,-1.5691894374698383,test,0.5936555891238671,0.13141993957703926,0.5936555891238671,0.24018126888217523,0.44108761329305135,0.44108761329305135,0.35347432024169184,5
bace0e92b25324e8afbd0e5f6698b01a921780a2385e02419965fa97e3e796c4,166.0,176.0,0.9999843038784116,22.577494620843773,0.9834977398353936,63.01522123042159,-2.7729879621292994,test,0.6314199395770392,0.2945619335347432,0.6253776435045317,0.270392749244713,0.27341389728096677,0.2945619335347432,0.35196374622356497,5
bace0e92b25324e8afbd0e5f6698b01a921780a2385e02419965fa97e3e796c4,168.0,178.0,0.9999797580787948,41.87122646912633,0.9850963706633844,68.45758312513692,-1.5857629066587366,test,0.5936555891238671,0.17673716012084592,0.6570996978851964,0.24924471299093656,0.4395770392749245,0.4395770392749245,0.34441087613293053,5
bace0e92b25324e8afbd0e5f6698b01a921780a2385e02419965fa97e3e796c4,170.0,180.0,0.9999908510221754,50.15778248565434,0.9714083307390232,85.52708890023779,-3.3552253718150435,test,0.7401812688821753,0.11933534743202417,0.3806646525679758,0.20241691842900303,0.1903323262839879,0.20241691842900303,0.1903323262839879,5
bace0e92b25324e8afbd0e5f6698b01a921780a2385e02419965fa97e3e796c4,172.0,182.0,0.9999687527720732,54.7312614369051,0.9721860559901018,97.92449024489576,-2.1437432254099176,test,0.5332326283987915,0.09818731117824774,0.38368580060422963,0.1661631419939577,0.37915407854984895,0.37915407854984895,0.21752265861027192,5
bace0e92b25324e8afbd0e5f6698b01a921780a2385e02419965fa97e3e796c4,174.0,184.0,0.9968769554379002,54.71440559795271,0.9979037340221432,111.5904870335365,-3.612107987007029,test,0.08157099697885196,0.09818731117824774,0.9577039274924471,0.12235649546827794,0.16012084592145015,0.12235649546827794,0.061933534743202415,5
bace0e92b25324e8afbd0e5f6698b01a921780a2385e02419965fa97e3e796c4,176.0,186.0,0.9998362086173392,44.086755182554775,0.9694216816642192,107.16738122733577,-5.488444795385203,test,0.283987915407855,0.15861027190332327,0.35196374622356497,0.1404833836858006,0.0377643504531722,0.15861027190332327,0.1435045317220544,5
bace0e92b25324e8afbd0e5f6698b01a921780a2385e02419965fa97e3e796c4,178.0,188.0,0.9907740185015296,56.87362344251727,0.9697104497127956,100.02915661201544,-4.133970303273751,test,0.0377643504531722,0.09063444108761329,0.3549848942598187,0.15861027190332327,0.12386706948640483,0.12386706948640483,0.06797583081570999,5
bace0e92b25324e8afbd0e5f6698b01a921780a2385e02419965fa97e3e796c4,180.0,190.0,0.999975163618974,27.80968872426084,0.988536946121963,103.53762250618313,-1.4268463135368812,test,0.5634441087613293,0.2673716012084592,0.756797583081571,0.14954682779456194,0.4561933534743202,0.4561933534743202,0.2960725075528701,5
bace0e92b25324e8afbd0e5f6698b01a921780a2385e02419965fa97e3e796c4,182.0,192.0,0.9999980327420206,37.79484206297163,0.9802204460860776,82.49730466249429,-6.003592083924652,test,0.9546827794561934,0.2039274924471299,0.554380664652568,0.21148036253776434,0.01661631419939577,0.21148036253776434,0.35045317220543803,5
bace0e92b25324e8afbd0e5f6698b01a921780a2385e02419965fa97e3e796c4,184.0,194.0,0.999993984676891,21.290466673219115,0.9868436721789487,67.32119877769975,-3.101588163417336,test,0.8368580060422961,0.30362537764350456,0.7084592145015106,0.2537764350453172,0.21299093655589124,0.30362537764350456,0.4546827794561934,5
bace0e92b25324e8afbd0e5f6698b01a921780a2385e02419965fa97e3e796c4,186.0,196.0,0.999428965676746,16.973473844859104,0.9942967998361718,75.27534483614441,-3.466276847019944,test,0.1661631419939577,0.33081570996978854,0.9078549848942599,0.23867069486404835,0.18277945619335348,0.23867069486404835,0.14803625377643506,5
bace0e92b25324e8afbd0e5f6698b01a921780a2385e02419965fa97e3e796c4,188.0,198.0,0.9996412867561753,15.913196207473131,0.9875229964503884,74.62042793226,-4.331343429280881,test,0.2039274924471299,0.33534743202416917,0.7280966767371602,0.23867069486404835,0.1027190332326284,0.23867069486404835,0.13141993957703926,5
bace0e92b25324e8afbd0e5f6698b01a921780a2385e02419965fa97e3e796c4,190.0,200.0,0.999963532929283,17.889484418442976,0.961801767824286,61.04121014566704,-5.482651092030928,test,0.5015105740181269,0.32628398791540786,0.28700906344410876,0.2719033232628399,0.0377643504531722,0.28700906344410876,0.05438066465256797,5
bace0e92b25324e8afbd0e5f6698b01a921780a2385e02419965fa97e3e796c4,192.0,202.0,0.9996830607482704,12.033037598983135,0.9696433988495512,77.52858645770193,-2.214553862229596,test,0.21148036253776434,0.3580060422960725,0.3549848942598187,0.2311178247734139,0.3595166163141994,0.3549848942598187,0.12688821752265864,5
bace0e92b25324e8afbd0e5f6698b01a921780a2385e02419965fa97e3e796c4,194.0,204.0,0.9999907306373202,35.333496902214364,0.9556991701436806,91.25296123325728,-3.2460648938710266,test,0.7371601208459214,0.2190332326283988,0.23564954682779457,0.18580060422960726,0.19788519637462235,0.2190332326283988,0.037764350453172224,5
bace0e92b25324e8afbd0e5f6698b01a921780a2385e02419965fa97e3e796c4,196.0,206.0,0.9999982711736292,35.05660252132022,0.9966977108809308,77.67340731804043,-7.23645823862642,test,0.9622356495468278,0.2190332326283988,0.9410876132930514,0.229607250755287,0.0030211480362537764,0.229607250755287,0.7220543806646526,5
bace0e92b25324e8afbd0e5f6698b01a921780a2385e02419965fa97e3e796c4,198.0,208.0,0.999975023711348,33.961152462843586,0.9425936282122244,84.06810796184293,-1.7785233443985122,test,0.5634441087613293,0.22507552870090636,0.16314199395770393,0.20996978851963746,0.4259818731117825,0.22507552870090636,0.21601208459214502,5
bace0e92b25324e8afbd0e5f6698b01a921780a2385e02419965fa97e3e796c4,200.0,210.0,0.9999355187961108,34.40025234956106,0.9695671254391222,84.69287137332341,-4.972031904888394,test,0.4259818731117825,0.22356495468277945,0.35347432024169184,0.20694864048338368,0.054380664652567974,0.22356495468277945,0.14652567975830816,5
bace0e92b25324e8afbd0e5f6698b01a921780a2385e02419965fa97e3e796c4,202.0,212.0,0.9999980116804524,35.93274907620037,0.9834107030360096,68.94950220275149,-2.442474479942625,test,0.9546827794561934,0.21601208459214502,0.6253776435045317,0.24924471299093656,0.324773413897281,0.324773413897281,0.3761329305135952,5
bace0e92b25324e8afbd0e5f6698b01a921780a2385e02419965fa97e3e796c4,204.0,214.0,0.9999944395450068,55.65700507003714,0.9940002514817836,69.52111482741908,-2.9494900282372885,test,0.8640483383685801,0.09667673716012085,0.9018126888217523,0.24773413897280966,0.24622356495468278,0.24773413897280966,0.6178247734138973,5
bace0e92b25324e8afbd0e5f6698b01a921780a2385e02419965fa97e3e796c4,206.0,216.0,0.9999990617913784,92.00820141179264,0.9858219504065502,98.25230074700328,-2.480846167292305,test,0.9788519637462235,0.015105740181268883,0.676737160120846,0.16314199395770393,0.3202416918429003,0.3202416918429003,0.513595166163142,5
bace0e92b25324e8afbd0e5f6698b01a921780a2385e02419965fa97e3e796c4,208.0,218.0,0.9999736131234264,118.2139066405498,0.97577249555884,85.58578724444023,-2.303097983948553,test,0.5574018126888217,0.0030211480362537764,0.47129909365558914,0.20241691842900303,0.3504531722054381,0.3504531722054381,0.2688821752265861,5
bace0e92b25324e8afbd0e5f6698b01a921780a2385e02419965fa97e3e796c4,210.0,220.0,0.9995508308862748,84.47830900751086,0.9656395519318404,74.81802627032695,-3.447760223004873,test,0.18731117824773413,0.01812688821752266,0.31419939577039274,0.23867069486404835,0.18429003021148035,0.18731117824773413,0.054380664652567995,5
bace0e92b25324e8afbd0e5f6698b01a921780a2385e02419965fa97e3e796c4,212.0,222.0,0.9999907551517436,89.5969855369293,0.9797015095149572,78.2110998164556,-3.425656316655272,test,0.7371601208459214,0.015105740181268883,0.5362537764350453,0.22658610271903323,0.18580060422960726,0.22658610271903323,0.3504531722054381,5
bace0e92b25324e8afbd0e5f6698b01a921780a2385e02419965fa97e3e796c4,214.0,224.0,0.9999924491591844,63.29961664376224,0.966601934037173,56.55657177959687,-2.098951165659477,test,0.7779456193353474,0.04984894259818731,0.324773413897281,0.2854984894259819,0.39123867069486407,0.324773413897281,0.10574018126888218,5
bace0e92b25324e8afbd0e5f6698b01a921780a2385e02419965fa97e3e796c4,216.0,226.0,0.999989053187716,19.004696891839608,0.987230980415806,25.30951624595212,-3.072906956027864,test,0.7084592145015106,0.3217522658610272,0.716012084592145,0.34894259818731116,0.2190332326283988,0.34894259818731116,0.38670694864048344,5
bace0e92b25324e8afbd0e5f6698b01a921780a2385e02419965fa97e3e796c4,218.0,228.0,0.9999876278796382,11.592574621854483,0.9812707780605544,19.673620761469746,-3.865738274888437,test,0.676737160120846,0.3580060422960725,0.5876132930513596,0.36253776435045315,0.13595166163141995,0.36253776435045315,0.22960725075528704,5
bace0e92b25324e8afbd0e5f6698b01a921780a2385e02419965fa97e3e796c4,220.0,230.0,0.9992174056100244,7.802923971511891,0.9594237391264188,13.928905843292007,-3.914064624410587,test,0.14803625377643503,0.3685800604229607,0.27341389728096677,0.3685800604229607,0.13141993957703926,0.27341389728096677,0.22054380664652568,5
bace0e92b25324e8afbd0e5f6698b01a921780a2385e02419965fa97e3e796c4,222.0,232.0,0.9996135634022808,5.853596418095576,0.9296720308413452,5.070150753049935,-3.203229771759688,test,0.19637462235649547,0.37915407854984895,0.1027190332326284,0.39274924471299094,0.2054380664652568,0.2054380664652568,0.18277945619335348,5
bace0e92b25324e8afbd0e5f6698b01a921780a2385e02419965fa97e3e796c4,224.0,234.0,0.9991452401485144,2.0267762252632298,0.9405793876279546,2.4176538375462826,-1.973060621655738,test,0.14350453172205438,0.4259818731117825,0.1510574018126888,0.41842900302114805,0.4033232628398791,0.4033232628398791,0.26737160120845926,5
bace0e92b25324e8afbd0e5f6698b01a921780a2385e02419965fa97e3e796c4,226.0,236.0,0.9999827244001542,1.5969703340200556,0.994627085991493,1.835455221887208,-2.234683974804608,test,0.6148036253776435,0.4395770392749245,0.918429003021148,0.42749244712990936,0.3580060422960725,0.4395770392749245,0.1873111782477342,5
bace0e92b25324e8afbd0e5f6698b01a921780a2385e02419965fa97e3e796c4,228.0,238.0,0.9999947172755672,1.1911276188444868,0.9985072747115136,1.4583817860719512,-2.4526919619356486,test,0.8685800604229608,0.45468277945619334,0.9607250755287009,0.43655589123867067,0.32326283987915405,0.45468277945619334,0.4320241691842901,5
bace0e92b25324e8afbd0e5f6698b01a921780a2385e02419965fa97e3e796c4,230.0,240.0,0.9999967809416238,1.0718212756981929,0.9956281026606626,1.3296082249310144,-2.3895302964257024,test,0.9365558912386707,0.46676737160120846,0.9259818731117825,0.44108761329305135,0.3323262839879154,0.46676737160120846,0.48489425981873113,5
bace0e92b25324e8afbd0e5f6698b01a921780a2385e02419965fa97e3e796c4,232.0,242.0,0.9999861462034358,1.218414713427611,0.9797008192554704,1.2173077362236964,-1.795188411684631,test,0.6540785498489426,0.4516616314199396,0.5362537764350453,0.44410876132930516,0.4259818731117825,0.4516616314199396,0.09214501510574019,5
c3c503093a73b359d513d025d9185c7ada423099650828cbd4fdba12d1d7aafc,0.0,10.0,0.9997571666489268,0.707843622311344,0.959740931250678,0.5354033530618691,-0.8713202276984885,test,0.256797583081571,0.5105740181268882,0.27492447129909364,0.5377643504531722,0.595166163141994,0.5105740181268882,0.2628398791540785,5
c3c503093a73b359d513d025d9185c7ada423099650828cbd4fdba12d1d7aafc,2.0,12.0,0.9998454354540632,0.4678499939884652,0.9711040842186476,0.4263224134738405,-0.8470432007466259,test,0.2945619335347432,0.5725075528700906,0.37915407854984895,0.5649546827794562,0.5996978851963746,0.5649546827794562,0.19335347432024164,5
c3c503093a73b359d513d025d9185c7ada423099650828cbd4fdba12d1d7aafc,4.0,14.0,0.9999947557952548,0.5768261119078036,0.9616947616793404,0.5000462574985546,-0.9362038997314638,test,0.8716012084592145,0.540785498489426,0.28700906344410876,0.5453172205438066,0.5740181268882175,0.5453172205438066,0.033232628398791486,5
c3c503093a73b359d513d025d9185c7ada423099650828cbd4fdba12d1d7aafc,6.0,16.0,0.999980806486116,0.5598040093904927,0.9105096831134089,0.4942089262277827,-1.0146773827382962,test,0.5996978851963746,0.5468277945619335,0.05740181268882175,0.5468277945619335,0.5392749244712991,0.5468277945619335,0.007552870090634434,5
c3c503093a73b359d513d025d9185c7ada423099650828cbd4fdba12d1d7aafc,8.0,18.0,0.9999832896502788,0.5705647788559067,0.9083083675290275,0.513782534011724,-0.9985912179681538,test,0.622356495468278,0.5422960725075529,0.054380664652567974,0.540785498489426,0.5453172205438066,0.5422960725075529,0.004531722054380571,5
c3c503093a73b359d513d025d9185c7ada423099650828cbd4fdba12d1d7aafc,10.0,20.0,0.9999829499907472,0.7146691596043275,0.9208689139386544,0.6219095128063189,-0.9278311537487124,test,0.6193353474320241,0.5105740181268882,0.08006042296072508,0.5075528700906344,0.5770392749244713,0.5105740181268882,0.06948640483383683,5
db4d46d3c8abd3b8d2327e52a99599c63e7bd8ed5f1b122d3047d731fc6d2684,0.0,10.0,0.9999404795238872,0.2562644856223435,0.9705059802142114,0.2752576487685459,-0.6853895661184456,test,0.4335347432024169,0.6148036253776435,0.37009063444108764,0.5981873111782477,0.7401812688821753,0.5981873111782477,0.18126888217522663,5
db4d46d3c8abd3b8d2327e52a99599c63e7bd8ed5f1b122d3047d731fc6d2684,2.0,12.0,0.9998746684804094,0.1948857895237799,0.959894137678643,0.227234369844275,-0.6450652199515307,test,0.3202416918429003,0.6450151057401813,0.2764350453172205,0.6042296072507553,0.8262839879154078,0.6042296072507553,0.324773413897281,5
db4d46d3c8abd3b8d2327e52a99599c63e7bd8ed5f1b122d3047d731fc6d2684,4.0,14.0,0.9999055776936572,0.196915997545048,0.9797008192554704,0.1942570752799486,-0.6051763645583994,test,0.35196374622356497,0.6389728096676737,0.5362537764350453,0.6238670694864048,0.8640483383685801,0.6238670694864048,0.10271903323262832,5
db4d46d3c8abd3b8d2327e52a99599c63e7bd8ed5f1b122d3047d731fc6d2684,6.0,16.0,0.9997710402640628,0.2271912870340848,0.9778235897199689,0.196154766181205,-0.5435661113982813,test,0.2628398791540785,0.6193353474320241,0.5105740181268882,0.6193353474320241,0.9441087613293051,0.6193353474320241,0.10876132930513593,5
db4d46d3c8abd3b8d2327e52a99599c63e7bd8ed5f1b122d3047d731fc6d2684,8.0,18.0,0.9982386030970162,0.1182188293383016,0.9615384952653568,0.0958563814885111,-0.5540078789223832,test,0.1042296072507553,0.7386706948640483,0.28700906344410876,0.7401812688821753,0.9259818731117825,0.7386706948640483,0.4531722054380665,5
db4d46d3c8abd3b8d2327e52a99599c63e7bd8ed5f1b122d3047d731fc6d2684,10.0,20.0,0.988358177281268,0.0842440766813131,0.9665428033612148,0.0722515407866716,-0.6658214186107649,test,0.03172205438066465,0.7734138972809668,0.3217522658610272,0.7885196374622356,0.7719033232628398,0.7719033232628398,0.4516616314199396,5
dc8bf44eb4cc0becf1c5ebe252a515c98193744c2031498501de80e036899758,0.0,10.0,0.9998840510411175,0.031836283353721,0.9380987403234784,0.0275172937593523,-0.6097551205816031,test,0.3293051359516616,0.9803625377643505,0.13141993957703926,0.9818731117824774,0.8580060422960725,0.8580060422960725,0.6510574018126889,5
dc8bf44eb4cc0becf1c5ebe252a515c98193744c2031498501de80e036899758,2.0,12.0,0.9999493640967372,0.0368227793707113,0.9314071861996688,0.0304272733232261,-0.6162279118198443,test,0.459214501510574,0.9667673716012085,0.10876132930513595,0.974320241691843,0.8489425981873112,0.8489425981873112,0.5075528700906344,5
dc8bf44eb4cc0becf1c5ebe252a515c98193744c2031498501de80e036899758,4.0,14.0,0.9999447168580762,0.0334388450265505,0.8914087485082737,0.0285373942246216,-0.6309449399325192,test,0.4516616314199396,0.9803625377643505,0.03323262839879154,0.974320241691843,0.8413897280966768,0.8413897280966768,0.5226586102719033,5
dc8bf44eb4cc0becf1c5ebe252a515c98193744c2031498501de80e036899758,6.0,16.0,0.9999805826884288,0.0365090225500083,0.9204005187337564,0.0314031302969921,-0.6437391865033286,test,0.5996978851963746,0.9667673716012085,0.08006042296072508,0.9712990936555891,0.8262839879154078,0.8262839879154078,0.36706948640483394,5
dc8bf44eb4cc0becf1c5ebe252a515c98193744c2031498501de80e036899758,8.0,18.0,0.999972082247108,0.0383953735825028,0.9222764097366528,0.032558807898344,-0.6504918649638161,test,0.5468277945619335,0.959214501510574,0.08610271903323263,0.9667673716012085,0.8187311178247734,0.8187311178247734,0.41238670694864044,5
dc8bf44eb4cc0becf1c5ebe252a515c98193744c2031498501de80e036899758,10.0,20.0,0.9999592731071448,0.0415801992898697,0.9256888406858408,0.0363405984937192,-0.6539597684465925,test,0.4909365558912387,0.9546827794561934,0.09365558912386707,0.9531722054380665,0.8051359516616314,0.8051359516616314,0.4622356495468278,5
dc8bf44eb4cc0becf1c5ebe252a515c98193744c2031498501de80e036899758,12.0,22.0,0.999964084439358,0.0447004694758828,0.9158600166245072,0.0397532464137353,-0.6570274610208009,test,0.5030211480362538,0.945619335347432,0.06948640483383686,0.9486404833836858,0.797583081570997,0.797583081570997,0.4425981873111783,5
dc8bf44eb4cc0becf1c5ebe252a515c98193744c2031498501de80e036899758,14.0,24.0,0.9999721428021312,0.0479358849010944,0.9358636160092558,0.0442853042231862,-0.6536332657598244,test,0.5498489425981873,0.9290030211480362,0.1268882175226586,0.9199395770392749,0.8051359516616314,0.8051359516616314,0.3700906344410876,5
dc8bf44eb4cc0becf1c5ebe252a515c98193744c2031498501de80e036899758,16.0,26.0,0.9999803070660724,0.0549855395142738,0.9606940784771588,0.0517697686884441,-0.6614824444914396,test,0.595166163141994,0.877643504531722,0.2809667673716012,0.8625377643504532,0.7870090634441088,0.7870090634441088,0.26737160120845915,5
dc8bf44eb4cc0becf1c5ebe252a515c98193744c2031498501de80e036899758,18.0,28.0,0.9999866004763645,0.0611834155503132,0.975735521089848,0.0589506951026061,-0.6754469452394005,test,0.6676737160120846,0.8383685800604229,0.47129909365558914,0.824773413897281,0.7507552870090635,0.7507552870090635,0.1570996978851964,5
dc8bf44eb4cc0becf1c5ebe252a515c98193744c2031498501de80e036899758,20.0,30.0,0.9999935343313002,0.0714551458060233,0.9914070166522996,0.0695235324282689,-0.6896816263624863,test,0.8217522658610272,0.8081570996978852,0.8338368580060423,0.7960725075528701,0.7311178247734139,0.8081570996978852,0.025679758308157163,5
dc8bf44eb4cc0becf1c5ebe252a515c98193744c2031498501de80e036899758,22.0,32.0,0.9999990383699844,0.0804159820054127,0.9911982546860376,0.0771156202645619,-0.7022766416505812,test,0.9773413897280967,0.7885196374622356,0.8277945619335347,0.7749244712990937,0.7114803625377644,0.7885196374622356,0.052870090634441036,5
dc8bf44eb4cc0becf1c5ebe252a515c98193744c2031498501de80e036899758,24.0,34.0,0.9999989727358654,0.0842310896702509,0.9966566149197604,0.0827971917903113,-0.7133478699126699,test,0.9758308157099698,0.7734138972809668,0.9395770392749244,0.7613293051359517,0.6873111782477341,0.7734138972809668,0.17824773413897277,5
dc8bf44eb4cc0becf1c5ebe252a515c98193744c2031498501de80e036899758,26.0,36.0,0.9999985786236072,0.0841790086859885,0.9874397904937988,0.083916719421865,-0.7167569174025225,test,0.9667673716012085,0.7734138972809668,0.7220543806646526,0.7583081570996979,0.6858006042296072,0.7583081570996979,0.051359516616314216,5
dc8bf44eb4cc0becf1c5ebe252a515c98193744c2031498501de80e036899758,28.0,38.0,0.999998884766114,0.087606287903454,0.985396244074383,0.0857201274186469,-0.7182010668224256,test,0.972809667673716,0.770392749244713,0.6631419939577039,0.7552870090634441,0.6827794561933535,0.7552870090634441,0.08761329305135956,5
dc8bf44eb4cc0becf1c5ebe252a515c98193744c2031498501de80e036899758,30.0,40.0,0.999998471228379,0.0852030037606025,0.99156738517917,0.0851972599428878,-0.7201307777767109,test,0.9652567975830816,0.7734138972809668,0.8368580060422961,0.7552870090634441,0.6782477341389728,0.7734138972809668,0.08157099697885195,5
dc8bf44eb4cc0becf1c5ebe252a515c98193744c2031498501de80e036899758,32.0,42.0,0.9999994759226968,0.08821032479018,0.9886169489592664,0.0883260711504243,-0.7271517966723209,test,0.9939577039274925,0.7688821752265861,0.756797583081571,0.7492447129909365,0.6631419939577039,0.756797583081571,0.01963746223564955,5
dc8bf44eb4cc0becf1c5ebe252a515c98193744c2031498501de80e036899758,34.0,44.0,0.9999972093385172,0.0844290865346891,0.9899586118146924,0.0843742409867346,-0.7202780288158027,test,0.945619335347432,0.7734138972809668,0.7930513595166163,0.756797583081571,0.676737160120846,0.7734138972809668,0.03625377643504535,5
dc8bf44eb4cc0becf1c5ebe252a515c98193744c2031498501de80e036899758,36.0,46.0,0.9999867786096316,0.0876833135864685,0.9914070166522996,0.0869812646618892,-0.7268820753275254,test,0.6706948640483383,0.7688821752265861,0.8338368580060423,0.7537764350453172,0.6631419939577039,0.7537764350453172,0.09818731117824775,5
dc8bf44eb4cc0becf1c5ebe252a515c98193744c2031498501de80e036899758,38.0,48.0,0.9999866944327532,0.0868917860201933,0.9964737391255264,0.0896929327105958,-0.7288390678780491,test,0.6676737160120846,0.770392749244713,0.9395770392749244,0.743202416918429,0.6631419939577039,0.743202416918429,0.10271903323262843,5
dc8bf44eb4cc0becf1c5ebe252a515c98193744c2031498501de80e036899758,40.0,50.0,0.9999877507745952,0.0905693340031021,0.9970576000962862,0.0896700041067886,-0.7218447825880675,test,0.6797583081570997,0.7658610271903323,0.9501510574018127,0.743202416918429,0.6737160120845922,0.743202416918429,0.08610271903323263,5
dc8bf44eb4cc0becf1c5ebe252a515c98193744c2031498501de80e036899758,42.0,52.0,0.9999931903773098,0.0854120370147403,0.996999047095298,0.0842866929900344,-0.7177292803626828,test,0.8051359516616314,0.7734138972809668,0.947129909365559,0.756797583081571,0.6858006042296072,0.7734138972809668,0.048338368580060465,5
dc8bf44eb4cc0becf1c5ebe252a515c98193744c2031498501de80e036899758,44.0,54.0,0.9999989727358654,0.0908481857872777,0.9985109054313148,0.0880489012317522,-0.724305782770906,test,0.9758308157099698,0.7658610271903323,0.9607250755287009,0.7507552870090635,0.6706948640483383,0.7658610271903323,0.20996978851963743,5
dc8bf44eb4cc0becf1c5ebe252a515c98193744c2031498501de80e036899758,46.0,56.0,0.9999952647530744,0.0892983930972448,0.9931172521488985,0.0866848057297767,-0.7185478787421629,test,0.8867069486404834,0.7688821752265861,0.879154078549849,0.7537764350453172,0.6827794561933535,0.7688821752265861,0.12537764350453173,5
dc8bf44eb4cc0becf1c5ebe252a515c98193744c2031498501de80e036899758,48.0,58.0,0.9999990383699844,0.0905530654985261,0.9973239507477436,0.0892821204185015,-0.7216141206613694,test,0.9773413897280967,0.7658610271903323,0.9531722054380665,0.7447129909365559,0.6737160120845922,0.7658610271903323,0.20845921450151061,5
dc8bf44eb4cc0becf1c5ebe252a515c98193744c2031498501de80e036899758,50.0,60.0,0.999998884766114,0.0913698302818716,0.9981684468373874,0.0921752229555851,-0.7233676458506207,test,0.972809667673716,0.7628398791540786,0.9607250755287009,0.7416918429003021,0.6737160120845922,0.7628398791540786,0.2190332326283988,5
dc8bf44eb4cc0becf1c5ebe252a515c98193744c2031498501de80e036899758,52.0,62.0,0.9999994759226968,0.0971580548405148,0.9987249377547586,0.0956212164553376,-0.7256500055061958,test,0.9939577039274925,0.7583081570996979,0.9607250755287009,0.7401812688821753,0.6691842900302115,0.7583081570996979,0.22054380664652562,5
dc8bf44eb4cc0becf1c5ebe252a515c98193744c2031498501de80e036899758,54.0,64.0,0.9999970993165191,0.1047885988267416,0.9988215148845696,0.1015831254348629,-0.7183417386298124,test,0.945619335347432,0.7522658610271903,0.9607250755287009,0.7326283987915407,0.6827794561933535,0.7522658610271903,0.2129909365558913,5
dc8bf44eb4cc0becf1c5ebe252a515c98193744c2031498501de80e036899758,56.0,66.0,0.999991269493972,0.1030612878781925,0.9983235670159424,0.1027018619148719,-0.7125454196206608,test,0.7477341389728097,0.7552870090634441,0.9607250755287009,0.7311178247734139,0.6903323262839879,0.7477341389728097,0.024169184290030232,5
dc8bf44eb4cc0becf1c5ebe252a515c98193744c2031498501de80e036899758,58.0,68.0,0.999997971339714,0.1019739176956048,0.999651512867246,0.1014986346999542,-0.6946936565979807,test,0.9546827794561934,0.756797583081571,0.9712990936555891,0.7326283987915407,0.7205438066465257,0.756797583081571,0.22205438066465266,5
dc8bf44eb4cc0becf1c5ebe252a515c98193744c2031498501de80e036899758,60.0,70.0,0.9999980734377012,0.0955150432455941,0.9988537254469144,0.0940108335589693,-0.6865803248839668,test,0.9546827794561934,0.7598187311178247,0.9607250755287009,0.7401812688821753,0.7371601208459214,0.7598187311178247,0.21450151057401812,5
dc8bf44eb4cc0becf1c5ebe252a515c98193744c2031498501de80e036899758,62.0,72.0,0.9999955562102588,0.0949917984091893,0.9987857860362408,0.0940495262056051,-0.6875819497146184,test,0.8972809667673716,0.7598187311178247,0.9607250755287009,0.7401812688821753,0.7341389728096677,0.7598187311178247,0.1570996978851963,5
dc8bf44eb4cc0becf1c5ebe252a515c98193744c2031498501de80e036899758,64.0,74.0,0.9999969068017316,0.0973773667011238,0.9990236701848438,0.0972128646891853,-0.6892444309010983,test,0.9425981873111783,0.7583081570996979,0.9622356495468278,0.7401812688821753,0.7326283987915407,0.7583081570996979,0.202416918429003,5
dc8bf44eb4cc0becf1c5ebe252a515c98193744c2031498501de80e036899758,66.0,76.0,0.9999875059460088,0.1002742871663382,0.9993358792162216,0.0992567209255128,-0.6961992881984367,test,0.675226586102719,0.7583081570996979,0.9652567975830816,0.7386706948640483,0.7205438066465257,0.7386706948640483,0.03776435045317217,5
dc8bf44eb4cc0becf1c5ebe252a515c98193744c2031498501de80e036899758,68.0,78.0,0.999977004969036,0.1047762551276722,0.9976890925591908,0.1030847221746553,-0.7182435081990307,test,0.5740181268882175,0.7522658610271903,0.9561933534743202,0.7280966767371602,0.6827794561933535,0.7280966767371602,0.06948640483383683,5
dc8bf44eb4cc0becf1c5ebe252a515c98193744c2031498501de80e036899758,70.0,80.0,0.9999481527391684,0.1128644943025457,0.9982158232120608,0.1144260785376508,-0.7255872030013149,test,0.4561933534743202,0.7477341389728097,0.9607250755287009,0.7129909365558912,0.6691842900302115,0.7129909365558912,0.0785498489425982,5
dc8bf44eb4cc0becf1c5ebe252a515c98193744c2031498501de80e036899758,72.0,82.0,0.9999806906769132,0.1100307175087624,0.9989850721146276,0.1108579908564768,-0.7368326447830044,test,0.5996978851963746,0.7522658610271903,0.9622356495468278,0.716012084592145,0.6570996978851964,0.716012084592145,0.09516616314199389,5
dc8bf44eb4cc0becf1c5ebe252a515c98193744c2031498501de80e036899758,74.0,84.0,0.9999970993165191,0.100236473997671,0.9995281917316866,0.099877520166949,-0.7444227497154602,test,0.945619335347432,0.7583081570996979,0.9682779456193353,0.7371601208459214,0.648036253776435,0.7583081570996979,0.20845921450151061,5
dc8bf44eb4cc0becf1c5ebe252a515c98193744c2031498501de80e036899758,76.0,86.0,0.9999938158131172,0.0981850710796845,0.9995606683348384,0.0973252185043321,-0.7480617389681298,test,0.8323262839879154,0.7583081570996979,0.9682779456193353,0.7401812688821753,0.6450151057401813,0.7583081570996979,0.09214501510574014,5
dc8bf44eb4cc0becf1c5ebe252a515c98193744c2031498501de80e036899758,78.0,88.0,0.9999967609156089,0.0916509533361691,0.998706714242655,0.0893095328880506,-0.749101537971523,test,0.9350453172205438,0.7628398791540786,0.9607250755287009,0.7447129909365559,0.6450151057401813,0.7628398791540786,0.190332326283988,5
dc8bf44eb4cc0becf1c5ebe252a515c98193744c2031498501de80e036899758,80.0,90.0,0.9999928796082788,0.0819667285321895,0.9972572702626868,0.0816732568576641,-0.7505569231179536,test,0.7915407854984894,0.7809667673716012,0.9531722054380665,0.7628398791540786,0.6419939577039275,0.7809667673716012,0.028700906344410804,5
dc8bf44eb4cc0becf1c5ebe252a515c98193744c2031498501de80e036899758,82.0,92.0,0.9999951742687672,0.0886229678865515,0.9988992499407002,0.0881246493019461,-0.7563419562265699,test,0.8851963746223565,0.7688821752265861,0.9622356495468278,0.7507552870090635,0.6344410876132931,0.7688821752265861,0.134441087613293,5
dc8bf44eb4cc0becf1c5ebe252a515c98193744c2031498501de80e036899758,84.0,94.0,0.9999963928836072,0.0936903655953573,0.9992248013361132,0.0943203121707082,-0.7614544135439966,test,0.9214501510574018,0.7598187311178247,0.9652567975830816,0.7401812688821753,0.6283987915407855,0.7598187311178247,0.18126888217522652,5
dc8bf44eb4cc0becf1c5ebe252a515c98193744c2031498501de80e036899758,86.0,96.0,0.9999988999518786,0.1013245499593459,0.9996057068792644,0.1011718802747529,-0.7662028721190217,test,0.972809667673716,0.756797583081571,0.9682779456193353,0.7326283987915407,0.6238670694864048,0.756797583081571,0.2356495468277946,5
dc8bf44eb4cc0becf1c5ebe252a515c98193744c2031498501de80e036899758,88.0,98.0,0.9999977384133514,0.1025789607812937,0.998728964753802,0.101619716083745,-0.7663106228919933,test,0.9516616314199395,0.7552870090634441,0.9607250755287009,0.7326283987915407,0.622356495468278,0.7552870090634441,0.2190332326283988,5
dc8bf44eb4cc0becf1c5ebe252a515c98193744c2031498501de80e036899758,90.0,100.0,0.9999985817653512,0.1052252600184391,0.9988563559268052,0.1038140969856454,-0.7689980381301047,test,0.9667673716012085,0.7522658610271903,0.9607250755287009,0.7250755287009063,0.622356495468278,0.7522658610271903,0.2356495468277946,5
dc8bf44eb4cc0becf1c5ebe252a515c98193744c2031498501de80e036899758,92.0,102.0,0.9999980734377012,0.1010161562755232,0.999524720680647,0.0996715777832404,-0.7666723696591704,test,0.9546827794561934,0.7583081570996979,0.9682779456193353,0.7386706948640483,0.622356495468278,0.7583081570996979,0.21601208459214505,5
dc8bf44eb4cc0becf1c5ebe252a515c98193744c2031498501de80e036899758,94.0,104.0,0.999997492323916,0.1035655885739363,0.9995281917316866,0.1025869584501846,-0.7761557695978488,test,0.947129909365559,0.7537764350453172,0.9682779456193353,0.7311178247734139,0.6117824773413897,0.7537764350453172,0.21601208459214505,5
dc8bf44eb4cc0becf1c5ebe252a515c98193744c2031498501de80e036899758,96.0,106.0,0.9999955562102588,0.1030596619203849,0.9987949961111848,0.1048176103837331,-0.7844473926533644,test,0.8972809667673716,0.7552870090634441,0.9607250755287009,0.7250755287009063,0.6087613293051359,0.7552870090634441,0.17220543806646527,5
dc8bf44eb4cc0becf1c5ebe252a515c98193744c2031498501de80e036899758,98.0,108.0,0.9999916231096252,0.1139024886644359,0.9966512879167736,0.1158062568620318,-0.8035763135100248,test,0.7598187311178247,0.7447129909365559,0.9395770392749244,0.7129909365558912,0.6042296072507553,0.7447129909365559,0.04682779456193353,5
dc8bf44eb4cc0becf1c5ebe252a515c98193744c2031498501de80e036899758,100.0,110.0,0.9999932517793824,0.1167150615559797,0.9982025451145244,0.1185728719695762,-0.8140073444699486,test,0.8111782477341389,0.7416918429003021,0.9607250755287009,0.7129909365558912,0.6027190332326284,0.7416918429003021,0.09818731117824775,5
dc8bf44eb4cc0becf1c5ebe252a515c98193744c2031498501de80e036899758,102.0,112.0,0.9999927810718372,0.119652121146347,0.9983975019832012,0.1200639025003319,-0.8128877817321056,test,0.7854984894259819,0.7386706948640483,0.9607250755287009,0.7084592145015106,0.6027190332326284,0.7386706948640483,0.07703927492447127,5
dc8bf44eb4cc0becf1c5ebe252a515c98193744c2031498501de80e036899758,104.0,114.0,0.9999977384133514,0.1189135281831745,0.9989850721146276,0.1180720445816514,-0.8077875365492101,test,0.9516616314199395,0.7386706948640483,0.9622356495468278,0.7129909365558912,0.6042296072507553,0.7386706948640483,0.23867069486404835,5
dc8bf44eb4cc0becf1c5ebe252a515c98193744c2031498501de80e036899758,106.0,116.0,0.9999983985601149,0.1133442880556458,0.9972811851307438,0.1113334660707927,-0.8015092456520163,test,0.9637462235649547,0.7447129909365559,0.9531722054380665,0.716012084592145,0.6042296072507553,0.7447129909365559,0.23716012084592142,5
dc8bf44eb4cc0becf1c5ebe252a515c98193744c2031498501de80e036899758,108.0,118.0,0.9999985817653512,0.1069526237879597,0.9987035893585222,0.1053329168771099,-0.7993316836732925,test,0.9667673716012085,0.7522658610271903,0.9607250755287009,0.7235649546827795,0.6042296072507553,0.7522658610271903,0.23716012084592142,5
dc8bf44eb4cc0becf1c5ebe252a515c98193744c2031498501de80e036899758,110.0,120.0,0.9999975271086629,0.1026208015644575,0.9993358792162216,0.1022934556148085,-0.7980032697395805,test,0.947129909365559,0.7552870090634441,0.9652567975830816,0.7311178247734139,0.6042296072507553,0.7552870090634441,0.21601208459214505,5
dc8bf44eb4cc0becf1c5ebe252a515c98193744c2031498501de80e036899758,112.0,122.0,0.9999967609156089,0.098570331831276,0.998706714242655,0.0983466178586204,-0.8076811905644103,test,0.9350453172205438,0.7583081570996979,0.9607250755287009,0.7401812688821753,0.6042296072507553,0.7583081570996979,0.19486404833836857,5
dc8bf44eb4cc0becf1c5ebe252a515c98193744c2031498501de80e036899758,114.0,124.0,0.9999959955500112,0.1046960865322791,0.9992172776499396,0.1048074114654502,-0.8228481232312486,test,0.9108761329305136,0.7522658610271903,0.9652567975830816,0.7250755287009063,0.6027190332326284,0.7522658610271903,0.1858006042296073,5
dc8bf44eb4cc0becf1c5ebe252a515c98193744c2031498501de80e036899758,116.0,126.0,0.9999985510581256,0.1082251416584831,0.999651512867246,0.1079887347895041,-0.8235052295292308,test,0.9652567975830816,0.7522658610271903,0.9712990936555891,0.7190332326283988,0.6027190332326284,0.7522658610271903,0.24622356495468278,5
dc8bf44eb4cc0becf1c5ebe252a515c98193744c2031498501de80e036899758,118.0,128.0,0.9999988999518786,0.1052899215039413,0.9992480790779972,0.1070660457082954,-0.8243892551589377,test,0.972809667673716,0.7522658610271903,0.9652567975830816,0.7205438066465257,0.6027190332326284,0.7522658610271903,0.24471299093655585,5
dc8bf44eb4cc0becf1c5ebe252a515c98193744c2031498501de80e036899758,120.0,130.0,0.9999977466475928,0.1088752421864107,0.9996057068792644,0.1085913230561646,-0.8270630126488375,test,0.9516616314199395,0.7522658610271903,0.9682779456193353,0.716012084592145,0.6027190332326284,0.7522658610271903,0.2356495468277945,5
dc8bf44eb4cc0becf1c5ebe252a515c98193744c2031498501de80e036899758,122.0,132.0,0.9999874290991084,0.1147110044471336,0.9993832679136452,0.1124588862635861,-0.8406750869539917,test,0.675226586102719,0.743202416918429,0.9652567975830816,0.7145015105740181,0.5996978851963746,0.7145015105740181,0.06797583081571001,5
dc8bf44eb4cc0becf1c5ebe252a515c98193744c2031498501de80e036899758,124.0,134.0,0.9999928796082788,0.1025276795697583,0.9992248013361132,0.1018215473645663,-0.830506984251555,test,0.7915407854984894,0.7552870090634441,0.9652567975830816,0.7311178247734139,0.6027190332326284,0.7552870090634441,0.06042296072507547,5
dc8bf44eb4cc0becf1c5ebe252a515c98193744c2031498501de80e036899758,126.0,136.0,0.9999753110327828,0.1019697880184009,0.9988992499407002,0.1004691881424022,-0.8419074755922674,test,0.5649546827794562,0.756797583081571,0.9622356495468278,0.7341389728096677,0.5996978851963746,0.7341389728096677,0.1570996978851964,5
dc8bf44eb4cc0becf1c5ebe252a515c98193744c2031498501de80e036899758,128.0,138.0,0.9999626349682929,0.1081538778892958,0.9965799446294804,0.1080832713520711,-0.8416111108674257,test,0.4984894259818731,0.7522658610271903,0.9395770392749244,0.7190332326283988,0.5996978851963746,0.7190332326283988,0.15256797583081572,5
dc8bf44eb4cc0becf1c5ebe252a515c98193744c2031498501de80e036899758,130.0,140.0,0.999973325854328,0.1088282245514497,0.9935284047312896,0.1093576114766114,-0.8497254393224519,test,0.554380664652568,0.7522658610271903,0.8882175226586103,0.716012084592145,0.5996978851963746,0.716012084592145,0.15256797583081572,5
dc8bf44eb4cc0becf1c5ebe252a515c98193744c2031498501de80e036899758,132.0,142.0,0.999967130662904,0.1062874311939268,0.9912899877579984,0.105121533062325,-0.8318778661565314,test,0.5241691842900302,0.7522658610271903,0.8293051359516617,0.7250755287009063,0.6027190332326284,0.7250755287009063,0.14954682779456185,5
dc8bf44eb4cc0becf1c5ebe252a515c98193744c2031498501de80e036899758,134.0,144.0,0.9999457837338876,0.1116735901002305,0.9945651264010836,0.1104547441574416,-0.8374019839826736,test,0.45468277945619334,0.7507552870090635,0.9169184290030211,0.716012084592145,0.6012084592145015,0.716012084592145,0.14954682779456197,5
dc8bf44eb4cc0becf1c5ebe252a515c98193744c2031498501de80e036899758,136.0,146.0,0.999961057881222,0.105003709496518,0.9902223959244634,0.1037126853551579,-0.8110980964031694,test,0.4954682779456193,0.7522658610271903,0.7990936555891238,0.7250755287009063,0.6042296072507553,0.7250755287009063,0.14803625377643503,5
dc8bf44eb4cc0becf1c5ebe252a515c98193744c2031498501de80e036899758,138.0,148.0,0.9999302100658763,0.0982795306142247,0.9844341107261958,0.0959222689711218,-0.816597446646774,test,0.4093655589123867,0.7583081570996979,0.6404833836858006,0.7401812688821753,0.6027190332326284,0.6404833836858006,0.13746223564954685,5
dc8bf44eb4cc0becf1c5ebe252a515c98193744c2031498501de80e036899758,140.0,150.0,0.9998868180160956,0.1025437571671496,0.9874127874798448,0.1000296788904324,-0.8136844531577073,test,0.33081570996978854,0.7552870090634441,0.7220543806646526,0.7371601208459214,0.6027190332326284,0.7220543806646526,0.134441087613293,5
dc8bf44eb4cc0becf1c5ebe252a515c98193744c2031498501de80e036899758,142.0,152.0,0.9999605778350668,0.1039632373023261,0.9926229968287288,0.1028215246381569,-0.808117984654719,test,0.49244712990936557,0.7537764350453172,0.8670694864048338,0.7311178247734139,0.6042296072507553,0.7311178247734139,0.14954682779456197,5
dc8bf44eb4cc0becf1c5ebe252a515c98193744c2031498501de80e036899758,144.0,154.0,0.9999626349682929,0.1078937366053079,0.9896116423013056,0.1055786606440503,-0.8039719231714163,test,0.4984894259818731,0.7522658610271903,0.783987915407855,0.7235649546827795,0.6042296072507553,0.7235649546827795,0.14803625377643503,5
dc8bf44eb4cc0becf1c5ebe252a515c98193744c2031498501de80e036899758,146.0,156.0,0.999973325854328,0.1099759907931701,0.9904024436638856,0.1093276202216796,-0.8228921726703319,test,0.554380664652568,0.7522658610271903,0.8021148036253777,0.716012084592145,0.6027190332326284,0.716012084592145,0.14954682779456185,5
dc8bf44eb4cc0becf1c5ebe252a515c98193744c2031498501de80e036899758,148.0,158.0,0.9999337780313944,0.1234500773583489,0.9900879861340736,0.1243870364512681,-0.8013199739803246,test,0.4214501510574018,0.7220543806646526,0.797583081570997,0.6993957703927492,0.6042296072507553,0.6993957703927492,0.1178247734138973,5
dc8bf44eb4cc0becf1c5ebe252a515c98193744c2031498501de80e036899758,150.0,160.0,0.9999333179704872,0.1225495034807216,0.9878589827012804,0.1246462508613237,-0.8016582755482629,test,0.4214501510574018,0.7250755287009063,0.7386706948640483,0.6978851963746223,0.6042296072507553,0.6978851963746223,0.12084592145015105,5
dc8bf44eb4cc0becf1c5ebe252a515c98193744c2031498501de80e036899758,152.0,162.0,0.9998939695754948,0.1308726635786174,0.994980908978376,0.1289426367383414,-0.7383853645897275,test,0.3413897280966767,0.7054380664652568,0.9214501510574018,0.6948640483383686,0.6540785498489426,0.6948640483383686,0.051359516616314105,5
dc8bf44eb4cc0becf1c5ebe252a515c98193744c2031498501de80e036899758,154.0,164.0,0.999925748163198,0.1270737186515819,0.9865587607703366,0.1274631502391189,-0.6892587707891147,test,0.39274924471299094,0.716012084592145,0.6933534743202417,0.6948640483383686,0.7326283987915407,0.6948640483383686,0.0226586102719033,5
dc8bf44eb4cc0becf1c5ebe252a515c98193744c2031498501de80e036899758,156.0,166.0,0.9999389737969896,0.1175458887175492,0.9851619081073084,0.1171027090463952,-0.642433344170065,test,0.43051359516616317,0.7401812688821753,0.6616314199395771,0.7129909365558912,0.8262839879154078,0.7129909365558912,0.0785498489425982,5
dc8bf44eb4cc0becf1c5ebe252a515c98193744c2031498501de80e036899758,158.0,168.0,0.9998909842358756,0.4270268673895639,0.9515804814435324,0.2957406188628884,-0.9453331580324672,test,0.33987915407854985,0.5845921450151057,0.21601208459214502,0.5981873111782477,0.5709969788519638,0.5709969788519638,0.24471299093655585,5
dc8bf44eb4cc0becf1c5ebe252a515c98193744c2031498501de80e036899758,160.0,170.0,0.9999939056260893,2.247685583844817,0.994862203737814,1.7731962213648655,-2.3011074575714243,test,0.8338368580060423,0.4169184290030212,0.9214501510574018,0.42900302114803623,0.3504531722054381,0.42900302114803623,0.4169184290030212,5
dc8bf44eb4cc0becf1c5ebe252a515c98193744c2031498501de80e036899758,162.0,172.0,0.9999892686174776,2.46410683296926,0.989216919872613,2.838750908490089,-3.3933736977341726,test,0.716012084592145,0.4093655589123867,0.7719033232628398,0.4169184290030212,0.18882175226586104,0.4169184290030212,0.30664652567975836,5
dc8bf44eb4cc0becf1c5ebe252a515c98193744c2031498501de80e036899758,164.0,174.0,0.999989686136596,2.398450922952443,0.993499247098674,3.337969186006591,-4.142008758328158,test,0.7220543806646526,0.4123867069486405,0.8882175226586103,0.4108761329305136,0.12235649546827794,0.4123867069486405,0.31117824773413894,5
dc8bf44eb4cc0becf1c5ebe252a515c98193744c2031498501de80e036899758,166.0,176.0,0.9999861640695862,2.5170994602607317,0.9961821025000586,3.721194054288401,-4.815262471384504,test,0.6540785498489426,0.4093655589123867,0.9380664652567976,0.40483383685800606,0.0634441087613293,0.4093655589123867,0.2492447129909366,5
