Time,Motor RPM [Rpm],MC Duty Cycle [%],MC Volts [V],AC Current,DC Current [A],CellId,MC Temp [°C],Motor Temp [°C],Fault Code,MC Throttle [%],Drive Enable,RadIn_Temp [°C],RadOut_Tem [°C],Flowrate,Actual_FOC_id,Actual_FOC_iq,Actual_Brake [%],Rolling_Counter,Relay_State,CRC_Checksum,CRC_Checksum_22,Pack_Current,Pack_CCL,Pack_DCL,Pack_Open_Volta,TSB HighTemp,Pack_SOC,Cell Low,Therm1_Val [°C],Therm1_LowVal [°C],Therm1_HighVal [°C],Therm2_Val [°C],Therm2_LowVal [°C],Therm2_HighVal [°C],Therm1_ID,Therm1_ModNum,AN3 [V],AN6 [V],VBAT [V],Int Temp [°C],CAN1 Load [%],CAN1 ERRORS [hex],CAN2 ERRORS [decimal],ALARMS1 [decimal],uFLAGS1 [decimal],RTD,Energized,LV Low,Motor Temp High,MC Temp High,Logging,TSB Temp,Stop Logging,WATER T ALM
20:06:15.025,0,-0.4,339,0,0,0,44.9,47.9,0,0,1,50,47,0,0,0,0,0,0,0,0,0,13,190,1,33,33,15,33,15,33,32,32,33,-851583,8,4.863,0,14.516,40,0,16,0,0,35,1,1,0,0,0,1,0,0,0
20:06:15.125,0,-0.4,339,0,0,0,44.9,47.9,0,0,1,50,48,0,0,0,0,0,0,0,0,0,13,190,1,33,33,15,33,15,33,33,32,33,-851583,8,4.863,0,14.516,40,0,16,0,0,35,1,1,0,0,0,1,0,0,0
20:06:15.225,0,-0.4,339,0,0,0,44.9,47.9,0,0,1,50,48,0,0,0,0,0,0,0,0,0,13,190,1,33,33,15,33,15,33,33,32,33,-851583,8,4.863,0,14.516,40,0,16,0,0,35,1,1,0,0,0,1,0,0,0
20:06:15.325,0,-0.5,339,0,0,0,44.9,47.9,0,0,1,49,48,0,0,0,0,0,0,0,0,0,13,190,1,33,33,15,33,15,33,33,32,33,-851583,8,4.858,0.015,14.516,40,0,16,0,0,35,1,1,0,0,0,1,0,0,0
20:06:15.425,0,-0.4,339,0,0,0,44.9,47.9,0,0,1,50,48,0,0,0,0,0,0,0,0,0,13,190,1,33,33,15,33,15,33,33,32,33,-851583,8,4.858,0.015,14.516,40,0,16,0,0,35,1,1,0,0,0,1,0,0,0
20:06:15.525,0,-0.5,339,0,0,0,44.9,47.9,0,0,1,49,47,0,0,0,0,0,0,0,0,0,13,190,1,33,33,15,33,15,33,33,32,33,-851583,8,4.863,0.015,14.516,40,0,16,0,0,35,1,1,0,0,0,1,0,0,0
20:06:15.625,0,-0.4,338,0,0,0,44.9,47.9,0,0,1,49,46,0,0,0,0,0,0,0,0,0,13,190,1,33,33,15,32,15,33,33,32,33,-851583,8,4.863,0.015,14.516,40,0,16,0,0,35,1,1,0,0,0,1,0,0,0
20:06:15.725,0,-0.5,339,0,0,0,44.9,47.9,0,0,1,49,47,0,0,0,0,0,0,0,0,0,13,190,1,33,33,15,32,15,33,33,32,33,-851583,8,4.863,0.015,14.516,40,0,16,0,0,35,1,1,0,0,0,1,0,0,0
20:06:15.825,0,-0.5,339,0,0,0,44.9,47.9,0,0,1,49,48,0,0,0,0,0,0,0,0,0,13,190,1,33,33,15,33,15,33,33,32,33,-851583,8,4.863,0.015,14.516,40,0,16,0,0,35,1,1,0,0,0,1,0,0,0
20:06:15.925,0,-0.4,340,0,0,0,44.9,47.9,0,0,1,49,47,0,0,0,0,0,0,0,0,0,13,190,1,33,33,15,33,15,33,33,32,33,-851583,8,4.863,0.015,14.516,40,0,16,0,0,35,1,1,0,0,0,1,0,0,0
20:06:16.025,0,-0.5,338,0,0,0,44.9,47.9,0,0,1,49,47,0,0,0,0,0,0,0,0,0,13,190,1,33,33,15,15,15,33,33,32,33,-851583,8,4.858,0.015,14.516,40,0,16,0,0,35,1,1,0,0,0,1,0,0,0
20:06:16.125,0,-0.5,339,0,0,0,44.9,47.9,0,0,1,48,47,0,0,0,0,0,0,0,0,0,13,190,1,33,33,15,15,15,33,32,32,33,-851583,8,4.863,0.015,14.516,40,0,24,0,0,35,1,1,0,0,0,1,0,0,0
20:06:16.225,0,-0.6,339,0,0,0,44.9,47.9,0,0,1,49,47,0,0,0,0,0,0,0,0,0,13,190,1,33,33,15,33,15,33,32,32,33,-851583,8,4.863,0.015,14.516,40,0,24,0,0,35,1,1,0,0,0,1,0,0,0
20:06:16.325,0,-0.3,338,0,0,0,44.9,47.9,0,0,1,49,47,0,0,0,0,0,0,0,0,0,13,190,1,33,33,15,33,15,33,32,32,33,-851583,8,4.863,0.015,14.516,40,0,24,0,0,35,1,1,0,0,0,1,0,0,0
20:06:16.425,0,-0.5,340,0,0,0,44.9,47.9,0,0,1,49,47,0,0,0,0,0,0,0,0,0,13,190,1,33,33,15,33,15,33,32,32,33,-851583,8,4.863,0.015,14.516,40,0,24,0,0,35,1,1,0,0,0,1,0,0,0
20:06:16.525,0,-0.5,339,0,0,0,44.9,47.9,0,0,1,48,47,0,0,0,0,0,0,0,0,0,13,190,1,33,33,15,33,15,33,32,32,33,-851583,8,4.863,0.015,14.516,40,0,24,0,0,35,1,1,0,0,0,1,0,0,0
20:06:16.625,0,-0.5,339,0,0,0,44.9,47.9,0,0,1,48,46,0,0,0,0,0,0,0,0,0,13,190,1,33,33,15,33,15,33,32,32,33,-851583,8,4.863,0.015,14.516,40,0,24,0,0,35,1,1,0,0,0,1,0,0,0
20:06:16.725,0,-0.5,339,0,0,0,44.9,47.9,0,0,1,48,47,0,0,0,0,0,0,0,0,0,13,190,1,33,33,15,33,15,33,33,32,33,-851583,8,4.863,0.015,14.516,40,0,24,0,0,35,1,1,0,0,0,1,0,0,0
20:06:16.825,0,-0.5,339,0,0,0,44.9,47.9,0,0,1,48,47,0,0,0,0,0,0,0,0,0,13,190,1,33,33,15,33,15,33,33,32,33,-851583,8,4.863,0.015,14.516,40,0,24,0,0,35,1,1,0,0,0,1,0,0,0
20:06:16.925,0,-0.5,338,0,0,0,44.9,47.9,0,0,1,48,47,0,0,0,0,0,0,0,0,0,13,190,1,33,33,15,33,15,33,33,32,33,-851583,8,4.863,0.015,14.516,40,0,24,0,0,35,1,1,0,0,0,1,0,0,0
20:06:17.025,0,-0.2,339,0,0,0,44.9,47.9,0,0,1,48,46,0,0,0,0,0,0,0,0,0,13,190,1,33,33,15,32,15,33,33,32,33,-851583,8,4.863,0.015,14.516,40,0,24,0,0,35,1,1,0,0,0,1,0,0,0
20:06:17.125,0,-0.4,339,0,0,0,44.9,47.9,0,0,1,49,47,0,0,0,0,0,0,0,0,0,13,190,1,33,33,15,32,15,33,33,32,33,-851583,8,4.863,0.015,14.516,40,0,24,0,0,35,1,1,0,0,0,1,0,0,0
20:06:17.225,0,-0.4,338,0,0,0,44.9,47.9,0,0,1,48,47,0,0,0,0,0,0,0,0,0,13,190,1,33,33,15,32,15,33,33,32,33,-851583,8,4.863,0.015,14.516,40,0,24,0,0,35,1,1,0,0,0,1,0,0,0
20:06:17.325,0,-0.5,339,0,0,0,44.9,47.9,0,0,1,48,47,0,0,0,0,0,0,0,0,0,13,190,1,33,33,15,32,15,33,32,32,33,-851583,8,4.863,0.015,14.516,40,0,24,0,0,35,1,1,0,0,0,1,0,0,0
20:06:17.425,0,-0.3,339,0,0,0,44.9,47.9,0,0,1,48,46,0,0,0,0,0,0,0,0,0,13,190,1,33,33,15,33,15,33,32,32,33,-851583,8,4.863,0.015,14.516,40,0,24,0,0,35,1,1,0,0,0,1,0,0,0
20:06:17.525,0,-0.4,338,0,0,0,44.9,47.9,0,0,1,48,47,0,0,0,0,0,0,0,0,0,13,190,1,33,33,15,33,15,33,32,32,33,-851583,8,4.863,0.015,14.516,40,0,24,0,0,35,1,1,0,0,0,1,0,0,0
20:06:17.625,0,-0.4,339,0,0,0,44.9,47.9,0,0,1,48,46,0,0,0,0,0,0,0,0,0,13,190,1,33,33,15,33,15,33,32,32,33,-851583,8,4.863,0.015,14.516,40,0,24,0,0,35,1,1,0,0,0,1,0,0,0
20:06:17.725,0,-0.4,338,0,0,0,44.9,47.9,0,0,1,48,47,0,0,0,0,0,0,0,0,0,13,190,1,33,33,15,33,15,33,32,32,33,-851583,8,4.863,0.015,14.516,40,0,24,0,0,35,1,1,0,0,0,1,0,0,0
20:06:17.825,0,-0.4,340,0,0,0,44.9,47.9,0,0,1,48,47,0,0,0,0,0,0,0,0,0,13,190,1,33,33,15,33,15,33,32,32,33,-851583,8,4.858,0.015,14.516,40,0,24,0,0,35,1,1,0,0,0,1,0,0,0
20:06:17.925,0,-0.5,338,0,0,0,44.9,47.9,0,0,1,48,47,0,0,0,0,0,0,0,0,0,13,190,1,33,33,15,33,15,33,33,32,33,-851583,8,4.858,0.015,14.516,40,0,24,0,0,35,1,1,0,0,0,1,0,0,0
20:06:18.025,0,-0.5,338,0,0,0,44.9,47.9,0,0,1,48,47,0,0,0,0,0,0,0,0,0,13,190,1,33,33,15,33,15,33,33,32,33,-851583,8,4.863,0.015,14.516,40,0,24,0,0,35,1,1,0,0,0,1,0,0,0
20:06:18.125,0,-0.6,339,0,0,0,44.9,47.9,0,0,1,48,46,0,0,0,0,0,0,0,0,0,13,190,1,33,33,15,33,15,33,32,32,33,-851583,8,4.863,0.015,14.516,40,0,24,0,0,35,1,1,0,0,0,1,0,0,0
20:06:18.225,0,-0.3,339,0,0,0,44.9,47.9,0,0,1,48,47,0,0,0,0,0,0,0,0,0,13,190,1,33,33,15,33,15,33,32,32,33,-851583,8,4.863,0.015,14.516,40,0,24,0,0,35,1,1,0,0,0,1,0,0,0
20:06:18.325,0,-0.4,338,0,0,0,44.9,47.9,0,0,1,48,47,0,0,0,0,0,0,0,0,0,13,190,1,33,33,15,33,15,33,33,32,33,-851583,8,4.863,0.015,14.516,40,0,24,0,0,35,1,1,0,0,0,1,0,0,0
20:06:18.425,0,-0.5,339,0,0,0,44.9,47.9,0,0,1,48,47,0,0,0,0,0,0,0,0,0,13,190,1,33,33,15,33,15,33,33,32,33,-851583,8,4.863,0.015,14.516,40,0,24,0,0,35,1,1,0,0,0,1,0,0,0
20:06:18.525,0,-0.5,340,0,0,0,44.9,47.9,0,0,1,48,46,0,0,0,0,0,0,0,0,0,13,190,1,33,33,15,33,15,33,33,32,33,-851583,8,4.863,0.015,14.516,40,0,24,0,0,35,1,1,0,0,0,1,0,0,0
20:06:18.625,0,-0.6,339,0,0,0,44.9,47.9,0,0,1,51,46,0,0,0,0,0,0,0,0,0,13,190,1,33,33,15,33,15,33,33,32,33,-851583,8,4.858,0.015,14.516,40,0,24,0,0,35,1,1,0,0,0,1,0,0,0
20:06:18.725,0,-0.5,339,0,0,0,44.9,47.9,0,0,1,50,46,0,0,0,0,0,0,0,0,0,13,190,1,33,33,15,33,15,33,33,32,33,-851583,8,4.858,0.015,14.516,40,0,24,0,0,35,1,1,0,0,0,1,0,0,0
20:06:18.825,0,-0.4,339,0,0,0,44.9,47.9,0,0,1,50,47,0,0,0,0,0,0,0,0,0,13,190,1,33,33,15,33,15,33,33,32,33,-851583,8,4.863,0.015,14.516,40,0,24,0,0,35,1,1,0,0,0,1,0,0,0
20:06:18.925,0,-0.5,339,0,0,0,44.9,47.9,0,0,1,50,48,0,0,0,0,0,0,0,0,0,13,190,1,33,33,15,33,15,33,33,32,33,-851583,8,4.863,0.015,14.516,40,0,24,0,0,35,1,1,0,0,0,1,0,0,0
20:06:19.025,0,-0.5,338,0,0,0,44.9,47.9,0,0,1,50,47,0,0,0,0,0,0,0,0,0,13,190,1,33,33,15,33,15,33,33,32,33,-851583,8,4.863,0.015,14.516,40,0,24,0,0,35,1,1,0,0,0,1,0,0,0
20:06:19.125,0,-0.5,338,0,0,0,44.9,47.9,0,0,1,49,47,0,0,0,0,0,0,0,0,0,13,190,1,33,33,15,33,15,33,32,32,33,-851583,8,4.863,0.015,14.516,40,0,24,0,0,35,1,1,0,0,0,1,0,0,0
20:06:19.225,0,-0.5,338,0,0,0,44.9,47.9,0,0,1,50,47,0,0,0,0,0,0,0,0,0,13,190,1,33,33,15,33,15,33,32,32,33,-851583,8,4.863,0.015,14.516,40,0,24,0,0,35,1,1,0,0,0,1,0,0,0
20:06:19.325,0,-0.5,339,0,0,0,44.9,47.9,0,0,1,49,47,0,0,0,0,0,0,0,0,0,13,190,1,33,33,15,33,15,33,33,32,33,-851583,8,4.863,0.015,14.516,40,0,24,0,0,35,1,1,0,0,0,1,0,0,0
20:06:19.425,0,-0.3,339,0,0,0,44.9,47.9,0,0,1,49,47,0,0,0,0,0,0,0,0,0,13,190,1,33,33,15,33,15,33,33,32,33,-851583,8,4.863,0.015,14.516,40,0,24,0,0,35,1,1,0,0,0,1,0,0,0
20:06:19.525,0,-0.6,338,0,0,0,44.9,47.9,0,0,1,49,47,0,0,0,0,0,0,0,0,0,13,190,1,33,33,15,33,15,33,32,32,33,-851583,8,4.863,0.015,14.516,40,0,24,0,0,35,1,1,0,0,0,1,0,0,0
20:06:19.625,0,-0.5,338,0,0,0,44.9,47.9,0,0,1,49,47,0,0,0,0,0,0,0,0,0,13,190,1,33,33,15,32,15,33,32,32,33,-851583,8,4.863,0.015,14.516,40,0,24,0,0,35,1,1,0,0,0,1,0,0,0
20:06:19.725,0,-0.4,339,0,0,0,44.9,47.9,0,0,1,49,47,0,0,0,0,0,0,0,0,0,13,190,1,33,33,15,32,15,33,33,32,33,-851583,8,4.858,0.015,14.516,40,0,24,0,0,35,1,1,0,0,0,1,0,0,0
20:06:19.825,0,-0.4,338,0,0,0,44.9,47.9,0,0,1,49,47,0,0,0,0,0,0,0,0,0,13,190,1,33,33,15,32,15,33,33,32,33,-851583,8,4.863,0.015,14.516,40,0,24,0,0,35,1,1,0,0,0,1,0,0,0
20:06:19.925,0,-0.3,339,0,0,0,44.9,47.9,0,0,1,49,47,0,0,0,0,0,0,0,0,0,13,190,1,33,33,15,32,15,33,33,32,33,-851583,8,4.863,0.015,14.516,40,0,24,0,0,35,1,1,0,0,0,1,0,0,0
20:06:20.025,0,-0.5,338,0,0,0,44.9,47.9,0,0,1,49,47,0,0,0,0,0,0,0,0,0,13,190,1,33,33,15,32,15,33,33,32,33,-851583,8,4.863,0.015,14.516,40,0,24,0,0,35,1,1,0,0,0,1,0,0,0
20:06:20.125,0,-0.4,339,0,0,0,44.9,47.9,0,0,1,49,47,0,0,0,0,0,0,0,0,0,13,190,1,33,33,15,32,15,33,33,32,33,-851583,8,4.863,0.015,14.516,40,0,24,0,0,35,1,1,0,0,0,1,0,0,0
20:06:20.225,0,-0.5,339,0,0,0,44.9,47.9,0,0,1,48,47,0,0,0,0,0,0,0,0,0,13,190,1,33,33,15,33,15,33,33,32,33,-851583,8,4.863,0.015,14.516,40,0,24,0,0,35,1,1,0,0,0,1,0,0,0
20:06:20.325,0,-0.4,339,0,0,0,44.9,47.9,0,0,1,48,46,0,0,0,0,0,0,0,0,0,13,190,1,33,33,15,33,15,33,33,32,33,-851583,8,4.863,0.015,14.516,40,0,24,0,0,35,1,1,0,0,0,1,0,0,0
20:06:20.425,0,-0.4,338,0,0,0,44.9,47.9,0,0,1,49,47,0,0,0,0,0,0,0,0,0,13,190,1,33,33,15,32,15,33,33,32,33,-851583,8,4.863,0.015,14.516,40,0,24,0,0,35,1,1,0,0,0,1,0,0,0
20:06:20.525,0,-0.5,339,0,0,0,44.9,47.9,0,0,1,48,47,0,0,0,0,0,0,0,0,0,13,190,1,33,33,15,32,15,33,32,32,33,-851583,8,4.863,0.015,14.516,40,0,24,0,0,35,1,1,0,0,0,1,0,0,0
20:06:20.625,0,-0.4,339,0,0,0,44.9,47.9,0,0,1,49,46,0,0,0,0,0,0,0,0,0,13,190,1,33,33,15,32,15,33,32,32,33,-851583,8,4.863,0.015,14.516,40,0,24,0,0,35,1,1,0,0,0,1,0,0,0
20:06:20.725,0,-0.4,338,0,0,0,44.9,47.9,0,0,1,48,47,0,0,0,0,0,0,0,0,0,13,190,1,33,33,15,32,15,33,32,32,33,-851583,8,4.863,0.015,14.516,40,0,24,0,0,35,1,1,0,0,0,1,0,0,0
20:06:20.825,0,-0.5,339,0,0,0,44.9,47.9,0,0,1,48,47,0,0,0,0,0,0,0,0,0,13,190,1,33,33,15,33,15,33,32,32,33,-851583,8,4.858,0.015,14.516,40,0,24,0,0,35,1,1,0,0,0,1,0,0,0
20:06:20.925,0,-0.4,339,0,0,0,44.9,47.9,0,0,1,49,47,0,0,0,0,0,0,0,0,0,13,190,1,33,33,15,33,15,33,32,32,33,-851583,8,4.863,0.015,14.516,40,0,24,0,0,35,1,1,0,0,0,1,0,0,0
20:06:21.025,0,-0.4,339,0,0,0,44.9,47.9,0,0,1,48,47,0,0,0,0,0,0,0,0,0,13,190,1,33,33,15,33,15,33,32,32,33,-851583,8,4.863,0.015,14.516,40,0,24,0,0,35,1,1,0,0,0,1,0,0,0
20:06:21.125,0,-0.6,339,0,0,0,44.9,47.9,0,0,1,48,46,0,0,0,0,0,0,0,0,0,13,190,1,33,33,15,33,15,33,32,32,33,-851583,8,4.863,0.015,14.516,40,0,24,0,0,35,1,1,0,0,0,1,0,0,0
20:06:21.225,0,-0.5,338,0,0,0,44.9,47.9,0,0,1,48,47,0,0,0,0,0,0,0,0,0,13,190,1,33,33,15,33,15,33,32,32,33,-851583,8,4.863,0.015,14.516,40,0,24,0,0,35,1,1,0,0,0,1,0,0,0
20:06:21.325,0,-0.5,338,0,0,0,44.9,47.9,0,0,1,48,47,0,0,0,0,0,0,0,0,0,13,190,1,33,33,15,33,15,33,33,32,33,-851583,8,4.863,0.015,14.516,40,0,24,0,0,35,1,1,0,0,0,1,0,0,0
20:06:21.425,0,-0.5,339,0,0,0,44.9,47.9,0,0,1,48,47,0,0,0,0,0,0,0,0,0,13,190,1,33,33,15,33,15,33,33,32,33,-851583,8,4.858,0.015,14.516,41,0,24,0,0,35,1,1,0,0,0,1,0,0,0
20:06:21.525,0,-0.4,338,0,0,0,44.9,47.9,0,0,1,48,46,0,0,0,0,0,0,0,0,0,13,190,1,33,33,15,33,15,33,33,32,33,-851583,8,4.863,0.015,14.516,40,0,24,0,0,35,1,1,0,0,0,1,0,0,0
20:06:21.625,0,-0.3,338,0,0,0,44.9,47.9,0,0,1,48,47,0,0,0,0,0,0,0,0,0,13,190,1,33,33,15,32,15,33,33,32,33,-851583,8,4.863,0.015,14.516,40,0,24,0,0,35,1,1,0,0,0,1,0,0,0
20:06:21.725,0,-0.5,339,0,0,0,44.9,47.9,0,0,1,48,47,0,0,0,0,0,0,0,0,0,13,190,1,33,33,15,32,15,33,32,32,33,-851583,8,4.863,0.015,14.516,40,0,24,0,0,35,1,1,0,0,0,1,0,0,0
20:06:21.825,0,-0.4,338,0,0,0,44.9,47.9,0,0,1,48,47,0,0,0,0,0,0,0,0,0,13,190,1,33,33,15,33,15,33,32,32,33,-851583,8,4.863,0.015,14.516,40,0,24,0,0,35,1,1,0,0,0,1,0,0,0
20:06:21.925,0,-0.4,338,0,0,0,44.9,47.9,0,0,1,48,47,0,0,0,0,0,0,0,0,0,13,190,1,33,33,15,33,15,33,33,32,33,-851583,8,4.863,0.015,14.516,40,0,24,0,0,35,1,1,0,0,0,1,0,0,0
20:06:22.025,0,-0.4,339,0,0,0,44.9,47.9,0,0,1,48,47,0,0,0,0,0,0,0,0,0,13,190,1,33,33,15,15,15,33,33,32,33,-851583,8,4.863,0.015,14.516,40,0,24,0,0,35,1,1,0,0,0,1,0,0,0
20:06:22.125,0,-0.5,339,0,0,0,44.9,47.9,0,0,1,48,47,0,0,0,0,0,0,0,0,0,13,190,1,33,33,15,15,15,33,33,32,33,-851583,8,4.863,0.015,14.516,40,0,24,0,0,35,1,1,0,0,0,1,0,0,0
20:06:22.225,0,-0.4,339,0,0,0,44.9,47.9,0,0,1,48,47,0,0,0,0,0,0,0,0,0,13,190,1,33,33,15,33,15,33,33,32,33,-851583,8,4.863,0.015,14.516,40,0,24,0,0,35,1,1,0,0,0,1,0,0,0
20:06:22.325,0,-0.5,339,0,0,0,44.9,47.9,0,0,1,51,47,0,0,0,0,0,0,0,0,0,13,190,1,33,33,15,33,15,33,33,32,33,-851583,8,4.863,0.015,14.516,40,0,24,0,0,35,1,1,0,0,0,1,0,0,0
20:06:22.425,0,-0.5,338,0,0,0,44.9,47.9,0,0,1,51,47,0,0,0,0,0,0,0,0,0,13,190,1,33,33,15,33,15,33,33,32,33,-851583,8,4.863,0.015,14.516,40,0,24,0,0,35,1,1,0,0,0,1,0,0,0
20:06:22.525,0,-0.5,339,0,0,0,44.9,47.9,0,0,1,50,47,0,0,0,0,0,0,0,0,0,13,190,1,33,33,15,33,15,33,32,32,33,-851583,8,4.863,0.015,14.516,40,0,24,0,0,35,1,1,0,0,0,1,0,0,0
20:06:22.625,0,-0.5,339,0,0,0,44.9,47.9,0,0,1,50,47,0,0,0,0,0,0,0,0,0,13,190,1,33,33,15,33,15,33,32,32,33,-851583,8,4.863,0.015,14.516,40,0,24,0,0,35,1,1,0,0,0,1,0,0,0
20:06:22.725,0,-0.6,339,0,0,0,44.9,47.9,0,0,1,50,47,0,0,0,0,0,0,0,0,0,13,190,1,33,33,15,33,15,33,32,32,33,-851583,8,4.863,0.015,14.516,40,0,24,0,0,35,1,1,0,0,0,1,0,0,0
20:06:22.825,0,-0.5,339,0,0,0,44.9,47.9,0,0,1,50,48,0,0,0,0,0,0,0,0,0,13,190,1,33,33,15,33,15,33,32,32,33,-851583,8,4.863,0.015,14.516,40,0,24,0,0,35,1,1,0,0,0,1,0,0,0
20:06:22.925,0,-0.2,338,0,0,0,44.9,47.9,0,0,1,49,47,0,0,0,0,0,0,0,0,0,13,190,1,33,33,15,33,15,33,33,32,33,-851583,8,4.863,0.015,14.516,40,0,24,0,0,35,1,1,0,0,0,1,0,0,0
20:06:23.025,0,-0.4,339,0,0,0,44.9,47.9,0,0,1,49,47,0,0,0,0,0,0,0,0,0,13,190,1,33,33,15,32,15,33,33,32,33,-851583,8,4.863,0.015,14.516,40,0,24,0,0,35,1,1,0,0,0,1,0,0,0
20:06:23.125,0,-0.6,339,0,0,0,44.9,47.9,0,0,1,49,47,0,0,0,0,0,0,0,0,0,13,190,1,33,33,15,32,15,33,33,32,33,-851583,8,4.863,0.015,14.516,40,0,24,0,0,35,1,1,0,0,0,1,0,0,0
20:06:23.225,0,-0.4,339,0,0,0,44.9,47.9,0,0,1,48,48,0,0,0,0,0,0,0,0,0,13,190,1,33,33,15,32,15,33,33,32,33,-851583,8,4.858,0.015,14.516,40,0,24,0,0,35,1,1,0,0,0,1,0,0,0
20:06:23.325,0,-0.6,338,0,0,0,44.9,47.9,0,0,1,49,47,0,0,0,0,0,0,0,0,0,13,190,1,33,33,15,33,15,33,32,32,33,-851583,8,4.863,0.015,14.516,40,0,24,0,0,35,1,1,0,0,0,1,0,0,0
20:06:23.425,0,-0.5,339,0,0,0,44.9,47.9,0,0,1,49,47,0,0,0,0,0,0,0,0,0,13,190,1,33,33,15,33,15,33,33,32,33,-851583,8,4.863,0.015,14.516,40,0,24,0,0,35,1,1,0,0,0,1,0,0,0
20:06:23.525,0,-0.4,338,0,0,0,44.9,47.9,0,0,1,48,46,0,0,0,0,0,0,0,0,0,13,190,1,33,33,15,33,15,33,33,32,33,-851583,8,4.863,0.015,14.516,40,0,24,0,0,35,1,1,0,0,0,1,0,0,0
20:06:23.625,0,-0.4,339,0,0,0,44.9,47.9,0,0,1,49,47,0,0,0,0,0,0,0,0,0,13,190,1,33,33,15,33,15,33,33,32,33,-851583,8,4.863,0.015,14.516,40,0,24,0,0,35,1,1,0,0,0,1,0,0,0
20:06:23.725,0,-0.5,338,0,0,0,44.9,47.9,0,0,1,49,47,0,0,0,0,0,0,0,0,0,13,190,1,33,33,15,33,15,33,32,32,33,-851583,8,4.858,0.015,14.516,40,0,24,0,0,35,1,1,0,0,0,1,0,0,0
20:06:23.825,0,-0.5,339,0,0,0,44.9,47.9,0,0,1,49,47,0,0,0,0,0,0,0,0,0,13,190,1,33,33,15,33,15,33,33,32,33,-851583,8,4.863,0.015,14.516,40,0,24,0,0,35,1,1,0,0,0,1,0,0,0
20:06:23.925,0,-0.4,339,0,0,0,44.9,47.9,0,0,1,49,47,0,0,0,0,0,0,0,0,0,13,190,1,33,33,15,33,15,33,32,32,33,-851583,8,4.863,0.015,14.516,40,0,24,0,0,35,1,1,0,0,0,1,0,0,0
20:06:24.025,0,-0.5,339,0,0,0,44.9,47.9,0,0,1,48,47,0,0,0,0,0,0,0,0,0,13,190,1,33,33,15,33,15,33,32,32,33,-851583,8,4.863,0.015,14.516,40,0,24,0,0,35,1,1,0,0,0,1,0,0,0
20:06:24.125,0,-0.3,339,0,0,0,44.9,47.9,0,0,1,48,47,0,0,0,0,0,0,0,0,0,13,190,1,33,33,15,33,15,33,33,32,33,-851583,8,4.863,0.015,14.516,40,0,24,0,0,35,1,1,0,0,0,1,0,0,0
20:06:24.225,0,-0.5,338,0,0,0,44.9,47.9,0,0,1,48,47,0,0,0,0,0,0,0,0,0,13,190,1,33,33,15,33,15,33,33,32,33,-851583,8,4.863,0.015,14.516,40,0,24,0,0,35,1,1,0,0,0,1,0,0,0
20:06:24.325,0,-0.5,338,0,0,0,44.9,47.9,0,0,1,48,48,0,0,0,0,0,0,0,0,0,13,190,1,33,33,15,33,15,33,33,32,33,-851583,8,4.863,0.015,14.516,40,0,24,0,0,35,1,1,0,0,0,1,0,0,0
20:06:24.425,0,-0.5,338,0,0,0,44.9,47.9,0,0,1,48,47,0,0,0,0,0,0,0,0,0,13,190,1,33,33,15,33,15,33,33,32,33,-851583,8,4.863,0.015,14.516,40,0,24,0,0,35,1,1,0,0,0,1,0,0,0
20:06:24.525,0,-0.4,338,0,0,0,44.9,47.9,0,0,1,48,46,0,0,0,0,0,0,0,0,0,13,190,1,33,33,15,33,15,33,33,32,33,-851583,8,4.863,0.015,14.516,40,0,24,0,0,35,1,1,0,0,0,1,0,0,0
20:06:24.625,0,-0.4,338,0,0,0,44.9,47.9,0,0,1,48,46,0,0,0,0,0,0,0,0,0,13,190,1,33,33,15,33,15,33,33,32,33,-851583,8,4.863,0.015,14.516,40,0,24,0,0,35,1,1,0,0,0,1,0,0,0
20:06:24.725,0,-0.5,340,0,0,0,44.9,47.9,0,0,1,48,46,0,0,0,0,0,0,0,0,0,13,190,1,33,33,15,33,15,33,32,32,33,-851583,8,4.863,0.015,14.516,40,0,24,0,0,35,1,1,0,0,0,1,0,0,0
20:06:24.825,0,-0.5,338,0,0,0,44.9,47.9,0,0,1,48,48,0,0,0,0,0,0,0,0,0,13,190,1,33,33,15,33,15,33,32,32,33,-851583,8,4.858,0.015,14.516,40,0,24,0,0,35,1,1,0,0,0,1,0,0,0
20:06:24.925,0,-0.6,338,0,0,0,44.9,47.9,0,0,1,48,46,0,0,0,0,0,0,0,0,0,13,190,1,33,33,15,33,15,33,33,32,33,-851583,8,4.863,0.015,14.509,40,0,24,0,0,35,1,1,0,0,0,1,0,0,0
20:06:25.025,0,-0.4,339,0,0,0,44.9,47.9,0,0,1,49,47,0,0,0,0,0,0,0,0,0,13,190,1,33,33,15,33,15,33,33,32,33,-851583,8,4.863,0.015,14.372,41,0,24,0,0,35,1,1,0,0,0,1,0,0,0
20:06:25.125,0,-0.5,338,0,0,0,44.9,47.9,0,0,1,48,46,0,0,0,0,0,0,0,0,0,13,190,1,33,33,15,33,15,33,32,32,33,-851583,8,4.863,0.015,14.495,40,0,24,0,0,35,1,1,0,0,0,1,0,0,0
20:06:25.225,0,-0.5,339,0,0,0,44.9,47.9,0,0,1,48,47,0,0,0,0,0,0,0,0,0,13,190,1,33,33,15,33,15,33,33,32,33,-851583,8,4.863,0.015,14.482,40,0,24,0,0,35,1,1,0,0,0,1,0,0,0
20:06:25.325,0,-0.4,339,0,0,0,44.9,47.9,0,0,1,48,47,0,0,0,0,0,0,0,0,0,13,190,1,33,33,15,33,15,33,33,32,33,-851583,8,4.858,0.015,14.454,40,0,24,0,0,35,1,1,0,0,0,1,0,0,0
20:06:25.425,0,-0.5,340,0,0,0,44.9,47.9,0,0,1,49,47,0,0,0,0,0,0,0,0,0,13,190,1,33,33,15,33,15,33,33,32,33,-851583,8,4.863,0.015,14.42,40,0,24,0,0,35,1,1,0,0,0,1,0,0,0
20:06:25.525,0,-0.4,340,0,0,0,44.9,47.9,0,0,1,48,47,6,0,0,0,0,0,0,0,0,13,190,1,33,33,15,33,15,33,33,32,33,-851583,8,4.863,0.015,14.372,40,0,24,0,0,35,1,1,0,0,0,1,0,0,0
20:06:25.625,0,-0.5,339,0,0,0,44.9,47.9,0,0,1,48,46,8,0,0,0,0,0,0,0,0,13,190,1,33,33,15,32,15,33,33,32,33,-851583,8,4.863,0.015,14.283,40,0,24,0,0,35,1,1,0,0,0,1,0,0,0
20:06:25.725,0,-0.6,339,0,0,0,44.9,47.9,0,0,1,48,46,3,0,0,0,0,0,0,0,0,13,190,1,33,33,15,32,15,33,33,32,33,-851583,8,4.863,0.015,14.167,40,0,24,0,0,35,1,1,0,0,0,1,0,0,0
20:06:25.825,0,-0.5,340,0,0,0,44.9,47.9,0,0,1,48,47,5,0,0,0,0,0,0,0,0,13,190,1,33,33,15,32,15,33,33,32,33,-851583,8,4.863,0.015,13.996,40,0,24,0,0,35,1,1,0,0,0,1,0,0,0
20:06:25.925,0,-0.5,338,0,0,0,44.9,47.9,0,0,1,49,47,7,0,0,0,0,0,0,0,0,13,190,1,33,33,15,32,15,33,32,32,33,-851583,8,4.858,0.015,13.962,40,0,24,0,0,35,1,1,0,0,0,1,0,0,0
20:06:26.025,0,-0.4,338,0,0,0,44.9,47.9,0,0,1,49,46,7,0,0,0,0,0,0,0,0,13,190,1,33,33,15,32,15,33,32,32,33,-851583,8,4.858,0.015,13.894,40,0,24,0,0,35,1,1,0,0,0,1,0,0,0
20:06:26.125,0,-0.4,339,0,0,0,44.9,47.9,0,0,1,50,46,8,0,0,0,0,0,0,0,0,13,190,1,33,33,15,33,15,33,32,32,33,-851583,8,4.863,0.015,13.839,40,0,24,0,0,35,1,1,0,0,0,1,0,0,0
20:06:26.225,0,-0.4,339,0,0,0,44.9,47.9,0,0,1,50,47,7,0,0,0,0,0,0,0,0,13,190,1,33,33,15,33,15,33,33,32,33,-851583,8,4.858,0.015,13.887,40,0,24,0,0,35,1,1,0,0,0,1,0,0,0
20:06:26.325,0,-0.3,339,0,0,0,44.9,47.9,0,0,1,50,48,8,0,0,0,0,0,0,0,0,13,190,1,33,33,15,32,15,33,32,32,33,-851583,8,4.858,0.015,13.9,40,0,24,0,0,35,1,1,0,0,0,1,0,0,0
20:06:26.425,0,-0.5,339,0,0,0,44.9,47.9,0,0,1,49,48,7,0,0,0,0,0,0,0,0,13,190,1,33,33,15,32,15,33,33,32,33,-851583,8,4.858,0.015,13.894,40,0,24,0,0,35,1,1,0,0,0,1,0,0,0
20:06:26.525,0,-0.4,339,0,0,0,44.9,47.9,0,0,1,49,48,6,0,0,0,0,0,0,0,0,13,190,1,33,33,15,33,15,33,32,32,33,-851583,8,4.863,0.015,13.866,40,0,24,0,0,35,1,1,0,0,0,1,0,0,0
20:06:26.625,0,-0.5,339,0,0,0,44.9,47.9,0,0,1,49,48,7,0,0,0,0,0,0,0,0,13,190,1,33,33,15,32,15,33,33,32,33,-851583,8,4.858,0.015,13.887,40,0,24,0,0,35,1,1,0,0,0,1,0,0,0
20:06:26.725,0,-0.4,339,0,0,0,44.9,47.9,0,0,1,50,47,7,0,0,0,0,0,0,0,0,13,190,1,33,33,15,32,15,33,32,32,33,-851583,8,4.858,0.015,13.887,40,0,24,0,0,35,1,1,0,0,0,1,0,0,0
20:06:26.825,0,-0.4,338,0,0,0,44.9,47.9,0,0,1,49,47,7,0,0,0,0,0,0,0,0,13,190,1,33,33,15,33,15,33,33,32,33,-851583,8,4.863,0.015,13.88,40,0,24,0,0,35,1,1,0,0,0,1,0,0,0
20:06:26.925,0,-0.6,339,0,0,0,44.9,47.9,0,0,1,49,47,7,0,0,0,0,0,0,0,0,13,190,1,33,33,15,32,15,33,33,32,33,-851583,8,4.858,0.015,13.914,40,0,24,0,0,35,1,1,0,0,0,1,0,0,0
20:06:27.025,0,-0.4,340,0,0,0,44.9,47.9,0,0,1,48,47,7,0,0,0,0,0,0,0,0,13,190,1,33,33,15,33,15,33,33,32,33,-851583,8,4.863,0.015,13.846,40,0,24,0,0,35,1,1,0,0,0,1,0,0,0
20:06:27.125,0,-0.5,338,0,0,0,44.9,47.9,0,0,1,48,47,7,0,0,0,0,0,0,0,0,13,190,1,33,33,15,33,15,33,33,32,33,-851583,8,4.863,0.015,13.894,40,0,24,0,0,35,1,1,0,0,0,1,0,0,0
20:06:27.225,0,-0.4,339,0,0,0,44.9,47.9,0,0,1,48,46,7,0,0,0,0,0,0,0,0,13,190,1,33,33,15,33,15,33,32,32,33,-851583,8,4.863,0.015,13.866,40,0,24,0,0,35,1,1,0,0,0,1,0,0,0
20:06:27.325,0,-0.4,340,0,0,0,44.9,47.8,0,0,1,48,47,7,0,0,0,0,0,0,0,0,13,190,1,33,33,15,33,15,33,32,32,33,-851583,8,4.863,0.015,13.832,40,0,24,0,0,35,1,1,0,0,0,1,0,0,0
20:06:27.425,0,-0.5,339,0,0,0,44.9,47.5,0,0,1,47,46,7,0,0,0,0,0,0,0,0,13,190,1,33,33,15,33,15,33,32,32,33,-851583,8,4.863,0.015,13.832,40,0,24,0,0,35,1,1,0,0,0,1,0,0,0
20:06:27.525,0,-0.5,339,0,0,0,44.9,47.1,0,0,1,48,47,7,0,0,0,0,0,0,0,0,13,190,1,33,33,15,33,15,33,33,32,33,-851583,8,4.863,0.015,13.832,40,0,24,0,0,35,1,1,0,0,0,1,0,0,0
20:06:27.625,0,-0.6,339,0,0,0,44.9,47,0,0,1,48,46,8,0,0,0,0,0,0,0,0,13,190,1,33,33,15,32,15,33,32,32,33,-851583,8,4.863,0.015,13.846,40,0,24,0,0,35,1,1,0,0,0,1,0,0,0
20:06:27.725,0,-0.5,339,0,0,0,44.9,47,0,0,1,47,47,8,0,0,0,0,0,0,0,0,13,190,1,33,33,15,32,15,33,33,32,33,-851583,8,4.863,0.015,13.88,40,0,24,0,0,35,1,1,0,0,0,1,0,0,0
20:06:27.825,0,-0.4,339,0,0,0,44.9,47,0,0,1,48,47,8,0,0,0,0,0,0,0,0,13,190,1,33,33,15,33,15,33,33,32,33,-851583,8,4.863,0.015,13.839,40,0,24,0,0,35,1,1,0,0,0,1,0,0,0
20:06:27.925,0,-0.5,339,0,0,0,44.9,47,0,0,1,48,48,8,0,0,0,0,0,0,0,0,13,190,1,33,33,15,33,15,33,33,32,33,-851583,8,4.863,0.015,13.839,40,0,24,0,0,35,1,1,0,0,0,1,0,0,0
20:06:28.025,0,-0.3,337,2,0,0,44.9,46.9,0,0,1,48,48,8,0,0,0,0,0,0,0,0.1,13,190,1,33,33,15,15,15,33,33,32,33,-851583,8,4.863,0.015,13.839,40,0,24,0,0,35,1,1,0,0,0,1,0,0,0
20:06:28.125,7.9,4.8,338,6.9,0.2,0,44.9,46.9,0,0,1,48,48,8,0,0,0,0,0,0,0,0.2,13,190,1,33,33,15,33,15,33,32,32,33,-851583,8,4.863,0.015,13.798,40,0,24,0,0,35,1,1,0,0,0,1,0,0,0
20:06:28.225,8.5,6.1,337,25.4,1.3,0,44.9,46.9,0,0,1,48,48,8,0,0,0,0,0,0,0,0.6,13,190,1,33,33,15,33,15,33,33,32,33,-851583,8,4.863,0.015,13.825,40,0,24,0,0,35,1,1,0,0,0,1,0,0,0
20:06:28.325,1.1,6,337,25.5,1.3,0,44.9,46.9,0,0,1,48,48,8,0,0,0,0,0,0,0,0.5,13,190,1,33,33,15,33,15,33,32,32,33,-851583,8,4.863,0.015,13.805,40,0,24,0,0,35,1,1,0,0,0,1,0,0,0
20:06:28.425,1.4,6.3,337,34,1.9,0,44.9,46.9,0,0,1,49,49,8,0,0,0,0,0,0,0,0.8,13,190,1,33,33,15,33,15,33,32,32,33,-851583,8,4.863,0.015,13.812,40,0,24,0,0,35,1,1,0,0,0,1,0,0,0
20:06:28.525,1.6,6.6,336,49.6,2.9,0,44.9,46.9,0,0,1,47,48,8,0,0,0,0,0,0,0,1.1,13,190,1,33,33,15,33,15,33,33,32,33,-851583,8,4.863,0.015,13.791,40,0,24,0,0,35,1,1,0,0,0,1,0,0,0
20:06:28.625,13.7,7.5,337,137.1,8.9,0,44.9,46.2,0,0,1,48,48,8,0,0,0,0,0,0,0,3.9,13,190,1,33,33,15,33,15,33,32,32,33,-851583,8,4.863,0.015,13.798,40,0,24,0,0,35,1,1,0,0,0,1,0,0,0
20:06:28.725,11.3,8.7,336,204.6,14.9,0,44.9,46,0,0,1,48,48,8,0,0,0,0,0,0,0,6.7,13,190,1,33,33,15,33,15,33,33,32,33,-851583,8,4.863,0.015,13.791,40,0,24,0,0,35,1,1,0,0,0,1,0,0,0
20:06:28.825,34.6,9.9,334,272.7,23.8,0,44.9,46.9,0,0,1,49,49,8,0,0,0,0,0,0,0,11.5,13,190,1,33,33,15,33,15,33,32,32,33,-851583,8,4.863,0.015,13.798,40,0,24,0,0,35,1,1,0,0,0,1,0,0,0
20:06:28.925,94.1,12.2,333,358.3,33.4,0,44.9,46,0,0,1,47,48,8,0,0,0,0,0,0,0,19,13,190,1,33,33,15,33,15,33,33,32,33,-851583,8,4.863,0.015,13.791,40,0,24,0,0,35,1,1,0,0,0,1,0,0,0
20:06:29.025,171.4,14.2,331,363.2,35.4,0,44.9,46.1,0,0,1,47,49,7,0,0,0,0,0,0,0,20.1,13,190,1,33,33,15,32,15,33,33,32,33,-851583,8,4.863,0.015,13.784,40,0,24,0,0,35,1,1,0,0,0,1,0,0,0
20:06:29.125,259.8,15.9,329,346.3,37.8,0,44.9,46.3,0,0,1,47,49,8,0,0,0,0,0,0,0,24.9,13,190,1,33,33,15,33,15,33,33,32,33,-851583,8,4.863,0.015,13.832,40,0,32,0,0,35,1,1,0,0,0,1,0,0,0
20:06:29.225,348.1,18.6,329,355.3,39.9,0,44.9,46.1,0,0,1,48,48,8,0,0,0,0,0,0,0,33.7,13,190,1,33,33,15,32,15,33,32,32,33,-851583,8,4.863,0.015,13.743,40,0,32,0,0,35,1,1,0,0,0,1,0,0,0
20:06:29.325,438,20.7,328,350.3,44.2,0,44.9,46.3,0,0,1,48,48,8,0,0,0,0,0,0,0,32.2,13,190,1,33,33,15,33,15,33,33,32,33,-851583,8,4.863,0.015,13.764,40,0,32,0,0,35,1,1,0,0,0,1,0,0,0
20:06:29.425,525.5,21.7,326,343.8,48.2,0,45.7,46.1,0,0,1,48,48,8,0,0,0,0,0,0,0,40.3,13,190,1,33,33,15,33,15,33,33,32,33,-851583,8,4.863,0.015,13.839,40,0,32,0,0,35,1,1,0,0,0,1,0,0,0
20:06:29.525,614.3,25,326,322.3,55.1,0,45.9,46.1,0,0,1,49,49,7,0,0,0,0,0,0,0,45.2,13,190,1,33,33,15,33,15,33,32,32,33,-851583,8,4.863,0.015,13.818,40,0,32,0,0,35,1,1,0,0,0,1,0,0,0
20:06:29.625,699.9,27.2,324,337.4,52.5,0,45.9,46.1,0,0,1,49,50,8,0,0,0,0,0,0,0,41.6,13,190,1,33,33,15,33,15,33,33,32,33,-851583,8,4.863,0.015,13.818,40,0,32,0,0,35,1,1,0,0,0,1,0,0,0
20:06:29.725,791.9,29.3,320,329.7,58.3,0,45.9,45.9,0,0,1,48,50,8,0,0,0,0,0,0,0,52.5,12,190,1,33,33,15,33,15,33,33,32,33,-851583,8,4.863,0.015,13.798,40,0,32,0,0,35,1,1,0,0,0,1,0,0,0
20:06:29.825,877.3,31.8,322,346.5,56.8,0,45.9,45.8,0,0,1,49,50,8,0,0,0,0,0,0,0,56.4,12,190,1,33,33,15,33,15,33,33,32,33,-851583,8,4.863,0.015,13.777,40,0,32,0,0,35,1,1,0,0,0,1,0,0,0
20:06:29.925,962.4,33.7,320,323.5,67.7,0,45.9,45.7,0,0,1,52,50,8,0,0,0,0,0,0,0,60.2,12,190,1,33,33,15,33,15,33,33,32,33,-851583,8,4.863,0.015,13.818,40,0,32,0,0,35,1,1,0,0,0,1,0,0,0
20:06:30.025,1050.6,36,318,348.6,62.6,0,46.9,45.6,0,0,1,52,49,8,0,0,0,0,0,0,0,59.8,12,190,1,33,33,15,33,15,33,33,32,33,-851583,8,4.863,0.015,13.777,40,0,32,0,0,35,1,1,0,0,0,1,0,0,0
20:06:30.125,1138.7,38.6,315,341.1,69.8,0,46.9,45.5,0,0,1,51,50,8,0,0,0,0,0,0,0,62.8,12,190,1,33,33,15,33,15,33,33,32,33,-851583,8,4.863,0.015,13.839,40,0,32,0,0,35,1,1,0,0,0,1,0,0,0
20:06:30.225,1220.8,40.3,315,350.3,70,0,46.9,45.6,0,0,1,51,49,7,0,0,0,0,0,0,0,70.2,12,190,1,33,33,15,33,15,33,32,32,33,-851583,8,4.863,0.015,13.839,40,0,32,0,0,35,1,1,0,0,0,1,0,0,0
20:06:30.325,1306.8,43.1,313,335.3,77.5,0,46.9,45.7,0,0,1,49,49,8,0,0,0,0,0,0,0,76.4,12,190,1,33,33,15,33,15,33,32,32,33,-851583,8,4.858,0.015,13.88,40,0,32,0,0,35,1,1,0,0,0,1,0,0,0
20:06:30.425,1397.6,46,313,350,77.8,0,46.9,45.6,0,0,1,49,49,7,0,0,0,0,0,0,0,82.4,12,190,1,33,33,15,33,15,33,33,32,33,-851583,8,4.863,0.015,13.859,40,0,32,0,0,35,1,1,0,0,0,1,0,0,0
20:06:30.525,1480,48.8,311,339.1,76.8,0,47.9,45.5,0,0,1,52,50,7,0,0,0,0,0,0,0,80.1,12,190,1,33,33,15,33,15,33,33,32,33,-851583,8,4.863,0.015,13.805,40,0,32,0,0,35,1,1,0,0,0,1,0,0,0
20:06:30.625,1560,50.2,310,329.8,88,0,47.9,45.5,0,0,1,50,50,8,0,0,0,0,0,0,0,87.6,12,190,1,33,33,15,33,15,33,32,32,33,-851583,8,4.863,0.015,13.818,40,0,32,0,0,35,1,1,0,0,0,1,0,0,0
20:06:30.725,1641,53.2,310,341.6,95.7,0,47.9,45.5,0,0,1,50,49,8,0,0,0,0,0,0,0,90.5,12,190,1,33,33,15,33,15,33,33,32,33,-851583,8,4.863,0.015,13.832,40,0,32,0,0,35,1,1,0,0,0,1,0,0,0
20:06:30.825,1724.9,56.1,309,331.7,94,0,47.9,45.4,0,0,1,50,50,8,0,0,0,0,0,0,0,90.8,12,190,1,33,33,15,33,15,33,33,32,33,-851583,8,4.863,0.015,13.839,40,0,32,0,0,35,1,1,0,0,0,1,0,0,0
20:06:30.925,1807.3,57.5,304,330.5,96,0,47.9,45.5,0,0,1,50,49,8,0,0,0,0,0,0,0,97,12,190,1,33,33,15,33,15,33,33,32,33,-851583,8,4.863,0.015,13.839,40,0,32,0,0,35,1,1,0,0,0,1,0,0,0
20:06:31.025,1893.9,61.2,305,356.2,83.2,0,47.9,45.5,0,0,1,50,51,8,0,0,0,0,0,0,0,107.2,12,190,1,33,33,15,33,15,33,33,32,33,-851583,8,4.863,0.015,13.805,40,0,32,0,0,35,1,1,0,0,0,1,0,0,0
20:06:31.125,1967.8,63,304,337.1,86,0,48.9,45.3,0,0,1,50,49,8,0,0,0,0,0,0,0,105.3,12,190,1,33,33,15,33,15,33,33,32,33,-851583,8,4.863,0.015,13.839,40,0,32,0,0,35,1,1,0,0,0,1,0,0,0
20:06:31.225,2058.5,66.1,301,353.5,80.8,0,48.9,45.3,0,0,1,50,50,7,0,0,0,0,0,0,0,110.4,12,190,1,33,33,15,33,15,33,33,32,33,-851583,8,4.863,0.015,13.825,40,0,32,0,0,35,1,1,0,0,0,1,0,0,0
20:06:31.325,2128.6,67.8,300,339,87,0,48.9,45.4,0,0,1,50,50,7,0,0,0,0,0,0,0,110.8,12,190,1,33,33,15,33,15,33,33,32,33,-851583,8,4.863,0.015,13.812,40,0,32,0,0,35,1,1,0,0,0,1,0,0,0
20:06:31.425,2232.6,72.1,300,354.7,107.8,0,48.9,45.3,0,0,1,52,50,8,0,0,0,0,0,0,0,122.2,12,190,1,33,33,15,33,15,33,33,32,33,-851583,8,4.863,0.015,13.839,40,0,32,0,0,35,1,1,0,0,0,1,0,0,0
20:06:31.525,2292.4,72.6,298,325.5,88.8,0,48.9,45.3,0,0,1,50,49,7,0,0,0,0,0,0,0,119.6,12,190,1,33,33,15,33,15,33,32,32,33,-851583,8,4.863,0.015,13.832,40,0,32,0,0,35,1,1,0,0,0,1,0,0,0
20:06:31.625,2371.6,75.4,296,317.6,104.9,0,48.9,45.4,0,0,1,51,48,8,0,0,0,0,0,0,0,126,12,190,1,33,33,15,32,15,33,32,32,33,-851583,8,4.863,0.015,13.853,40,0,32,0,0,35,1,1,0,0,0,1,0,0,0
20:06:31.725,2458.5,79.4,295,347.6,100.4,0,49.8,45.3,0,0,1,51,49,7,0,0,0,0,0,0,0,138.8,11,190,1,33,33,15,33,15,33,33,32,33,-851583,8,4.858,0.015,13.887,40,0,32,0,0,35,1,1,0,0,0,1,0,0,0
20:06:31.825,2539.8,81.8,293,343.2,95.8,0,49.9,45.4,0,0,1,52,49,7,0,0,0,0,0,0,0,145.5,11,190,1,33,33,15,32,15,33,32,32,33,-851583,8,4.863,0.015,13.866,40,0,32,0,0,35,1,1,0,0,0,1,0,0,0
20:06:31.925,2618.8,84.8,291,349.3,113.1,0,49.9,45.4,0,0,1,50,49,7,0,0,0,0,0,0,0,144.4,11,190,1,33,33,15,33,15,33,33,32,33,-851583,8,4.863,0.015,13.812,40,0,32,0,0,35,1,1,0,0,0,1,0,0,0
20:06:32.025,2683.9,86.5,292,340.8,126.7,0,49.9,45.4,0,0,1,52,49,7,0,0,0,0,0,0,0,140.8,11,190,1,33,33,15,32,15,33,32,32,33,-851583,8,4.863,0.015,13.825,40,0,32,0,0,35,1,1,0,0,0,1,0,0,0
20:06:32.125,2765.9,89.6,287,326,125.2,0,49.9,45.4,0,0,1,51,50,7,0,0,0,0,0,0,0,150.4,11,190,1,33,33,15,32,15,33,32,32,33,-851583,8,4.863,0.015,13.853,40,0,32,0,0,35,1,1,0,0,0,1,0,0,0
20:06:32.225,2856.4,92.9,288,342.9,112.9,0,49.9,45.4,0,0,1,51,48,7,0,0,0,0,0,0,0,160.2,11,190,1,33,33,15,33,15,33,32,32,33,-851583,8,4.863,0.015,13.839,40,0,32,0,0,35,1,1,0,0,0,1,0,0,0
20:06:32.325,2927.1,94.8,283,331.3,116,0,50.5,45.3,0,0,1,50,49,7,0,0,0,0,0,0,0,158.3,11,190,1,33,33,15,32,15,33,33,32,33,-851583,8,4.863,0.015,13.812,40,0,32,0,0,35,1,1,0,0,0,1,0,0,0
20:06:32.425,2994.8,94.9,287,309.5,99.2,0,50.9,45.4,0,0,1,52,50,8,0,0,0,0,0,0,0,155.9,11,190,1,33,33,15,32,15,33,33,32,33,-851583,8,4.863,0.015,13.839,40,0,32,0,0,35,1,1,0,0,0,1,0,0,0
20:06:32.525,3067.5,94.9,292,276.4,95.7,0,50.9,45.3,0,0,1,50,48,7,0,0,0,0,0,0,0,140.8,11,190,1,33,33,15,32,15,33,33,32,33,-851583,8,4.863,0.015,13.832,40,0,32,0,0,35,1,1,0,0,0,1,0,0,0
20:06:32.625,3114.1,94.9,296,245.1,86.1,0,50.9,45.4,0,0,1,52,49,8,0,0,0,0,0,0,0,121.1,11,190,1,33,33,15,32,15,33,33,32,33,-851583,8,4.863,0.015,13.866,40,0,32,0,0,35,1,1,0,0,0,1,0,0,0
20:06:32.725,3156,95,301,218.8,79.5,0,50.9,45.5,0,0,1,52,49,7,0,0,0,0,0,0,0,112.8,11,190,1,33,33,15,32,15,33,32,32,33,-851583,8,4.863,0.015,13.846,40,0,32,0,0,35,1,1,0,0,0,1,0,0,0
20:06:32.825,3199.6,95,296,217.8,70.8,0,50.9,45.4,0,0,1,50,49,7,0,0,0,0,0,0,0,114.1,11,190,1,33,33,15,33,15,33,32,32,33,-851583,8,4.863,0.015,13.825,40,0,32,0,0,35,1,1,0,0,0,1,0,0,0
20:06:32.925,3267.1,95,296,208.3,84.2,0,50.9,45.5,0,0,1,50,49,8,0,0,0,0,0,0,0,114.1,11,190,1,33,33,15,33,15,33,33,32,33,-851583,8,4.863,0.015,13.839,40,0,32,0,0,35,1,1,0,0,0,1,0,0,0
20:06:33.025,3136,59.7,333,0,0,0,50.9,45.9,0,0,1,51,49,7,0,0,0,0,0,0,0,0,11,190,1,33,33,15,33,15,33,33,32,33,-851583,8,4.863,0.015,13.859,40,0,32,0,0,35,1,1,0,0,0,1,0,0,0
20:06:33.125,3165.3,58.5,332,0,0,0,51.9,45.9,0,0,1,51,48,7,0,0,0,0,0,0,0,0,11,190,1,33,33,15,33,15,33,33,32,33,-851583,8,4.863,0.015,13.866,40,0,32,0,0,35,1,1,0,0,0,1,0,0,0
20:06:33.225,3116.7,58.4,333,0,0,0,51.9,45.9,0,0,1,52,48,8,0,0,0,0,0,0,0,0,11,190,1,33,33,15,33,15,33,33,32,33,-851583,8,4.863,0.015,13.887,40,0,32,0,0,35,1,1,0,0,0,1,0,0,0
20:06:33.325,3046.9,56.8,334,0,0,0,51.9,45.9,0,0,1,50,48,8,0,0,0,0,0,0,0,0,11,190,1,33,33,15,33,15,33,33,32,33,-851583,8,4.863,0.015,13.846,40,0,32,0,0,35,1,1,0,0,0,1,0,0,0
20:06:33.425,2969.8,56.2,334,0,0,0,51.9,46,0,0,1,51,48,8,0,0,0,0,0,0,0,0,12,190,1,33,33,15,33,15,33,33,32,33,-851583,8,4.863,0.015,13.887,40,0,32,0,0,35,1,1,0,0,0,1,0,0,0
20:06:33.525,2913.8,54.4,334,0,0,0,51.9,46,0,0,1,51,49,8,0,0,0,0,0,0,0,0,12,190,1,33,33,15,33,15,33,32,32,33,-851583,8,4.863,0.015,13.853,40,0,32,0,0,35,1,1,0,0,0,1,0,0,0
20:06:33.625,2818.7,51.9,334,0,0,0,51.9,46,0,0,1,55,49,8,0,0,0,0,0,0,0,0,12,190,1,33,33,15,32,15,33,32,32,33,-851583,8,4.858,0.015,13.914,40,0,32,0,0,35,1,1,0,0,0,1,0,0,0
20:06:33.725,2644.5,50,334,0,0,0,51.9,46,0,0,1,55,48,7,0,0,0,0,0,0,0,0,12,190,1,33,33,15,32,15,33,33,32,33,-851583,8,4.863,0.015,13.88,40,0,32,0,0,35,1,1,0,0,0,1,0,0,0
20:06:33.825,2662.5,49.7,332,0,0,0,51.7,46,0,0,1,52,48,7,0,0,0,0,0,0,0,0,13,190,1,33,33,15,33,15,34,33,32,33,-851583,8,4.858,0.015,13.866,40,0,32,0,0,35,1,1,0,0,0,1,0,0,0
20:06:33.925,2647,48.7,334,0,0,0,51,46,0,0,1,54,49,7,0,0,0,0,0,0,0,0,13,190,1,33,33,15,33,15,34,33,32,33,-851583,8,4.863,0.015,13.873,40,0,32,0,0,35,1,1,0,0,0,1,0,0,0
20:06:34.025,2602.2,49,335,0,0,0,51,46,0,0,1,52,49,7,0,0,0,0,0,0,0,0,13,190,1,33,33,15,33,15,34,33,32,33,-851583,8,4.863,0.015,13.88,40,0,32,0,0,35,1,1,0,0,0,1,0,0,0
20:06:34.125,2555.5,47.7,334,0,0,0,51,45.9,0,0,1,52,49,8,0,0,0,0,0,0,0,0,13,190,1,33,33,15,15,15,34,33,32,33,-851583,8,4.858,0.015,13.88,40,0,32,0,0,35,1,1,0,0,0,1,0,0,0
20:06:34.225,2527,46.7,333,0,0,0,51,45.9,0,0,1,54,50,8,0,0,0,0,0,0,0,0,13,190,1,33,33,15,33,15,34,33,32,33,-851583,8,4.858,0.015,13.921,40,0,32,0,0,35,1,1,0,0,0,1,0,0,0
20:06:34.325,2499.1,47.5,334,0,0,0,51,46,0,0,1,51,49,7,0,0,0,0,0,0,0,0,13,190,1,33,33,15,33,15,34,33,32,33,-851583,8,4.858,0.015,13.928,40,0,32,0,0,35,1,1,0,0,0,1,0,0,0
20:06:34.425,2437.5,45.6,337,0,0,0,51,46,0,0,1,51,49,8,0,0,0,0,0,0,0,0,13,190,1,34,34,15,33,15,34,33,32,33,-851583,8,4.858,0.015,13.894,40,0,32,0,0,35,1,1,0,0,0,1,0,0,0
20:06:34.525,2403.4,44.8,335,0,0,0,51,46,0,0,1,51,49,7,0,0,0,0,0,0,0,0,13,190,1,34,34,15,33,15,34,33,32,33,-851583,8,4.858,0.015,13.914,40,0,32,0,0,35,1,1,0,0,0,1,0,0,0
20:06:34.625,2365.1,44.5,335,0,0,0,51,46,0,0,1,51,48,8,0,0,0,0,0,0,0,0,13,190,1,34,34,15,33,15,34,33,32,33,-851583,8,4.858,0.015,13.9,40,0,32,0,0,35,1,1,0,0,0,1,0,0,0
20:06:34.725,2304.4,42.4,335,0,0,0,51,46,0,0,1,50,47,7,0,0,0,0,0,0,0,0,13,190,1,34,34,15,33,15,34,33,32,33,-851583,8,4.858,0.015,13.88,40,0,32,0,0,35,1,1,0,0,0,1,0,0,0
20:06:34.825,2236,41.4,335,0,0,0,51,46,0,0,1,51,48,8,0,0,0,0,0,0,0,0,13,190,1,34,34,15,33,15,34,33,32,33,-851583,8,4.858,0.015,13.894,40,0,32,0,0,35,1,1,0,0,0,1,0,0,0
20:06:34.925,2186.9,40.8,335,0,0,0,51,46,0,0,1,50,48,8,0,0,0,0,0,0,0,0,13,190,1,34,34,15,33,15,34,33,32,33,-851583,8,4.858,0.015,13.928,40,0,32,0,0,35,1,1,0,0,0,1,0,0,0
20:06:35.025,2135.5,39.7,336,0,0,0,51,46,0,0,1,50,47,7,0,0,0,0,0,0,0,0,13,190,1,34,34,15,33,15,34,33,32,33,-851583,8,4.858,0.015,13.9,40,0,32,0,0,35,1,1,0,0,0,1,0,0,0
20:06:35.125,2074.6,38.1,336,0,0,0,51,46,0,0,1,50,48,7,0,0,0,0,0,0,0,0,13,190,1,34,34,15,33,15,34,33,32,33,-851583,8,4.863,0.015,13.859,40,0,32,0,0,35,1,1,0,0,0,1,0,0,0
20:06:35.225,2032,37.7,335,0,0,0,51,46,0,0,1,49,47,7,0,0,0,0,0,0,0,0,13,190,1,34,34,15,33,15,34,33,32,33,-851583,8,4.858,0.015,13.873,40,0,32,0,0,35,1,1,0,0,0,1,0,0,0
20:06:35.325,1988.1,36.4,334,0,0,0,51,46,0,0,1,49,48,7,0,0,0,0,0,0,0,0,13,190,1,34,34,15,33,15,34,33,32,33,-851583,8,4.858,0.015,13.9,40,0,32,0,0,35,1,1,0,0,0,1,0,0,0
20:06:35.425,1958.2,36.6,335,0,0,0,51,46,0,0,1,50,48,7,0,0,0,0,0,0,0,0,13,190,1,34,34,15,33,15,34,33,32,33,-851583,8,4.863,0.015,13.859,40,0,32,0,0,35,1,1,0,0,0,1,0,0,0
20:06:35.525,1915.2,36.3,334,0,0,0,51,46,0,0,1,49,47,7,0,0,0,0,0,0,0,0,13,190,1,34,34,15,33,15,34,33,32,33,-851583,8,4.863,0.015,13.866,40,0,32,0,0,35,1,1,0,0,0,1,0,0,0
20:06:35.625,1870.7,34.3,334,0,0,0,51,46,0,0,1,49,47,7,0,0,0,0,0,0,0,0,13,190,1,34,34,15,33,15,34,33,32,33,-851583,8,4.863,0.015,13.846,40,0,32,0,0,35,1,1,0,0,0,1,0,0,0
20:06:35.725,1841.8,34.5,336,0,0,0,51,46,0,0,1,50,48,8,0,0,0,0,0,0,0,0,13,190,1,34,34,15,33,15,34,33,32,33,-851583,8,4.858,0.015,13.914,40,0,32,0,0,35,1,1,0,0,0,1,0,0,0
20:06:35.825,1797.7,33.6,336,0,0,0,51,46,0,0,1,50,48,8,0,0,0,0,0,0,0,0,13,190,1,34,34,15,33,15,34,33,32,33,-851583,8,4.858,0.015,13.894,40,0,32,0,0,35,1,1,0,0,0,1,0,0,0
20:06:35.925,1767,32.5,335,0,0,0,51,46,0,0,1,49,49,7,0,0,0,0,0,0,0,0,13,190,1,34,34,15,33,15,34,33,32,33,-851583,8,4.858,0.015,13.9,40,0,32,0,0,35,1,1,0,0,0,1,0,0,0
20:06:36.025,1718.3,32.2,335,0,0,0,51,46,0,0,1,50,48,8,0,0,0,0,0,0,0,0,13,190,1,34,34,15,33,15,34,33,32,33,-851583,8,4.858,0.015,13.894,40,0,32,0,0,35,1,1,0,0,0,1,0,0,0
20:06:36.125,1659.4,30.9,335,0,0,0,51,46,0,0,1,49,47,8,0,0,0,0,0,0,0,0,13,190,1,34,34,15,33,15,34,33,32,33,-851583,8,4.863,0.015,13.866,40,0,32,0,0,35,1,1,0,0,0,1,0,0,0
20:06:36.225,1599.8,29.6,335,0,0,0,50.9,46,0,0,1,49,48,7,0,0,0,0,0,0,0,0,13,190,1,34,34,15,33,15,34,33,32,33,-851583,8,4.863,0.015,13.859,40,0,32,0,0,35,1,1,0,0,0,1,0,0,0
20:06:36.325,1550.7,29,336,0,0,0,50.9,46,0,0,1,50,49,8,0,0,0,0,0,0,0,0,13,190,1,34,34,15,33,15,34,33,32,33,-851583,8,4.863,0.015,13.928,40,0,32,0,0,35,1,1,0,0,0,1,0,0,0
20:06:36.425,1504.8,27,335,0,0,0,50.9,46,0,0,1,49,48,7,0,0,0,0,0,0,0,0,13,190,1,34,34,15,33,15,34,33,32,33,-851583,8,4.863,0.015,13.873,40,0,32,0,0,35,1,1,0,0,0,1,0,0,0
20:06:36.525,1455,26.4,337,0,0,0,50.3,46,0,0,1,50,48,7,0,0,0,0,0,0,0,0,13,190,1,34,34,15,33,15,34,33,32,33,-851583,8,4.858,0.015,13.907,40,0,32,0,0,35,1,1,0,0,0,1,0,0,0
20:06:36.625,1419.4,26.1,335,0,0,0,50,46,0,0,1,51,48,7,0,0,0,0,0,0,0,0,13,190,1,34,34,15,33,15,34,33,32,33,-851583,8,4.858,0.015,13.9,40,0,32,0,0,35,1,1,0,0,0,1,0,0,0
20:06:36.725,1353,25.6,336,0,0,0,50,46,0,0,1,50,48,7,0,0,0,0,0,0,0,0,13,190,1,34,34,15,33,15,34,33,32,33,-851583,8,4.863,0.015,13.873,40,0,32,0,0,35,1,1,0,0,0,1,0,0,0
20:06:36.825,1330.6,25,335,0,0,0,50,46,0,0,1,50,49,7,0,0,0,0,0,0,0,0,13,190,1,34,34,15,33,15,34,33,32,33,-851583,8,4.863,0.015,13.866,40,0,32,0,0,35,1,1,0,0,0,1,0,0,0
20:06:36.925,1302.3,24.7,335,0,0,0,50,46,0,0,1,49,47,7,0,0,0,0,0,0,0,0,13,190,1,34,34,15,33,15,34,33,32,33,-851583,8,4.863,0.015,13.859,40,0,32,0,0,35,1,1,0,0,0,1,0,0,0
20:06:37.025,1276.3,23.6,335,0,0,0,50,46,0,0,1,50,47,8,0,0,0,0,0,0,0,0,13,190,1,34,34,15,33,15,34,33,32,33,-851583,8,4.858,0.015,13.873,40,0,32,0,0,35,1,1,0,0,0,1,0,0,0
20:06:37.125,1233.6,23.2,336,0,0,0,50,46,0,0,1,48,47,7,0,0,0,0,0,0,0,0,13,190,1,34,34,15,33,15,34,33,32,33,-851583,8,4.863,0.015,13.853,40,0,32,0,0,35,1,1,0,0,0,1,0,0,0
20:06:37.225,1202.1,22.7,336,0,0,0,50,46,0,0,1,50,48,8,0,0,0,0,0,0,0,0,13,190,1,34,34,15,33,15,34,33,32,33,-851583,8,4.863,0.015,13.853,40,0,32,0,0,35,1,1,0,0,0,1,0,0,0
20:06:37.325,1166.4,21.2,336,0,0,0,50,46,0,0,1,49,48,7,0,0,0,0,0,0,0,0,13,190,1,34,34,15,33,15,34,33,32,33,-851583,8,4.863,0.015,13.839,40,0,32,0,0,35,1,1,0,0,0,1,0,0,0
20:06:37.425,1141.3,22.5,335,0,0,0,50,46,0,0,1,52,48,7,0,0,0,0,0,0,0,0,13,190,1,34,34,15,33,15,34,33,32,33,-851583,8,4.858,0.015,13.9,40,0,32,0,0,35,1,1,0,0,0,1,0,0,0
20:06:37.525,1126.4,21.3,335,0,0,0,50,46,0,0,1,54,49,8,0,0,0,0,0,0,0,0,13,190,1,34,34,15,33,15,34,33,32,33,-851583,8,4.858,0.015,13.887,40,0,32,0,0,35,1,1,0,0,0,1,0,0,0
20:06:37.625,1126.6,21.5,335,0,0,0,50,46,0,0,1,52,50,8,0,0,0,0,0,0,0,0,13,190,1,34,34,15,33,15,34,33,32,33,-851583,8,4.863,0.015,13.866,40,0,32,0,0,35,1,1,0,0,0,1,0,0,0
20:06:37.725,1104.9,19.9,335,0,0,0,50,46,0,0,1,52,50,7,0,0,0,0,0,0,0,0,13,190,1,34,34,15,33,15,34,33,32,33,-851583,8,4.858,0.015,13.9,40,0,32,0,0,35,1,1,0,0,0,1,0,0,0
20:06:37.825,1095.7,20.3,337,0,0,0,50,46,0,0,1,52,49,8,0,0,0,0,0,0,0,0,13,190,1,34,34,15,33,15,34,33,32,33,-851583,8,4.863,0.015,13.859,40,0,32,0,0,35,1,1,0,0,0,1,0,0,0
20:06:37.925,1082,20.5,337,0,0,0,50,46,0,0,1,52,49,8,0,0,0,0,0,0,0,0,13,190,1,34,34,15,33,15,34,33,32,33,-851583,8,4.858,0.015,13.887,40,0,32,0,0,35,1,1,0,0,0,1,0,0,0
20:06:38.025,1065.3,19.5,336,0,0,0,50,46,0,0,1,51,49,8,0,0,0,0,0,0,0,0,13,190,1,34,34,15,33,15,34,33,32,33,-851583,8,4.858,0.015,13.9,40,0,32,0,0,35,1,1,0,0,0,1,0,0,0
20:06:38.125,1060,20.1,335,0,0,0,50,46,0,0,1,51,49,8,0,0,0,0,0,0,0,0,13,190,1,34,34,15,33,15,34,32,32,33,-851583,8,4.863,0.015,13.921,40,0,32,0,0,35,1,1,0,0,0,1,0,0,0
20:06:38.225,1040.5,18.6,336,0,0,0,50,46,0,0,1,52,49,8,0,0,0,0,0,0,0,0,13,190,1,34,34,15,33,15,34,32,32,33,-851583,8,4.863,0.015,13.887,40,0,32,0,0,35,1,1,0,0,0,1,0,0,0
20:06:38.325,1031.8,19.2,336,0,0,0,50,46,0,0,1,50,49,7,0,0,0,0,0,0,0,0,13,190,1,34,34,15,33,15,34,33,32,33,-851583,8,4.858,0.015,13.887,40,0,32,0,0,35,1,1,0,0,0,1,0,0,0
20:06:38.425,1011.6,18.9,336,0,0,0,50,46,0,0,1,50,49,7,0,0,0,0,0,0,0,0,13,190,1,34,34,15,33,15,34,33,32,33,-851583,8,4.858,0.015,13.907,40,0,32,0,0,35,1,1,0,0,0,1,0,0,0
20:06:38.525,1004.5,18.4,336,0,0,0,50,46,0,0,1,51,49,7,0,0,0,0,0,0,0,0,13,190,1,34,34,15,33,15,34,33,32,33,-851583,8,4.863,0.015,13.907,40,0,32,0,0,35,1,1,0,0,0,1,0,0,0
20:06:38.625,991.9,19.2,336,0,0,0,50,46,0,0,1,49,49,7,0,0,0,0,0,0,0,0,13,190,1,34,34,15,32,15,34,33,32,33,-851583,8,4.858,0.015,13.907,40,0,32,0,0,35,1,1,0,0,0,1,0,0,0
20:06:38.725,981,18,336,0,0,0,50,46,0,0,1,51,49,7,0,0,0,0,0,0,0,0,13,190,1,34,34,15,32,15,34,33,32,33,-851583,8,4.858,0.015,13.88,40,0,32,0,0,35,1,1,0,0,0,1,0,0,0
20:06:38.825,973.2,17.6,336,0,0,0,50,46,0,0,1,51,49,7,0,0,0,0,0,0,0,0,13,190,1,34,34,15,33,15,34,33,32,33,-851583,8,4.863,0.015,13.914,40,0,32,0,0,35,1,1,0,0,0,1,0,0,0
20:06:38.925,957.4,17.7,336,0,0,0,50,46,0,0,1,50,49,7,0,0,0,0,0,0,0,0,13,190,1,34,34,15,33,15,34,33,32,33,-851583,8,4.863,0.015,13.832,40,0,32,0,0,35,1,1,0,0,0,1,0,0,0
20:06:39.025,949.1,18,335,1.6,0.2,0,50,46,0,0,1,49,48,8,0,0,0,0,0,0,0,0,13,190,1,34,34,15,33,15,34,33,32,33,-851583,8,4.863,0.015,13.839,40,0,32,0,0,35,1,1,0,0,0,1,0,0,0
20:06:39.125,938.9,20.1,336,5.1,1.4,0,49.1,46,0,0,1,50,49,7,0,0,0,0,0,0,0,0.7,13,190,1,34,34,15,33,15,34,33,32,33,-851583,8,4.863,0.015,13.825,40,0,32,0,0,35,1,1,0,0,0,1,0,0,0
20:06:39.225,956.4,25.3,333,38.3,7.9,0,49,46,0,0,1,49,48,7,0,0,0,0,0,0,0,6.3,13,190,1,34,34,15,33,15,34,33,32,33,-851583,8,4.863,0.015,13.812,40,0,32,0,0,35,1,1,0,0,0,1,0,0,0
20:06:39.325,947.4,24.4,333,44.5,9.3,0,49,46,0,0,1,49,48,7,0,0,0,0,0,0,0,7.6,13,190,1,34,34,15,33,15,34,33,32,33,-851583,8,4.863,0.015,13.791,40,0,32,0,0,35,1,1,0,0,0,1,0,0,0
20:06:39.425,936.4,24.5,332,41.3,8.3,0,49,46,0,0,1,50,48,7,0,0,0,0,0,0,0,7.3,13,190,1,34,34,15,33,15,34,33,32,33,-851583,8,4.863,0.015,13.818,40,0,32,0,0,35,1,1,0,0,0,1,0,0,0
20:06:39.525,952.8,25.4,333,54.4,11.4,0,49,45.9,0,0,1,50,48,7,0,0,0,0,0,0,0,9.4,13,190,1,34,34,15,33,15,34,33,32,33,-851583,8,4.863,0.015,13.839,40,0,32,0,0,35,1,1,0,0,0,1,0,0,0
20:06:39.625,955.3,25.6,333,54.6,11.7,0,49,45.9,0,0,1,50,48,7,0,0,0,0,0,0,0,9.3,13,190,1,34,34,15,33,15,34,33,32,33,-851583,8,4.863,0.015,13.832,40,0,32,0,0,35,1,1,0,0,0,1,0,0,0
20:06:39.725,979.8,26.9,331,85.3,18.6,0,49,45.9,0,0,1,51,49,7,0,0,0,0,0,0,0,15.4,13,190,1,34,34,15,33,15,34,33,32,33,-851583,8,4.863,0.015,13.839,40,0,32,0,0,35,1,1,0,0,0,1,0,0,0
20:06:39.825,993.8,27,331,83.9,18.9,0,49,46,0,0,1,51,50,7,0,0,0,0,0,0,0,16.2,12,190,1,34,34,15,33,15,34,33,32,33,-851583,8,4.863,0.015,13.832,40,0,32,0,0,35,1,1,0,0,0,1,0,0,0
20:06:39.925,1016.5,27.8,330,85,19,0,49,46,0,0,1,51,49,7,0,0,0,0,0,0,0,15.7,12,190,1,34,34,15,34,15,34,33,32,33,-851583,8,4.863,0.015,13.839,40,0,32,0,0,35,1,1,0,0,0,1,0,0,0
20:06:40.025,1043.1,28.3,330,96.8,21.3,0,49,46,0,0,1,50,49,7,0,0,0,0,0,0,0,18.4,12,190,1,34,34,15,33,15,34,33,32,33,-851583,8,4.863,0.015,13.818,40,0,32,0,0,35,1,1,0,0,0,1,0,0,0
20:06:40.125,1065.1,28.6,330,89.1,20.8,0,49,46,0,0,1,50,49,7,0,0,0,0,0,0,0,17.5,12,190,1,34,34,15,15,15,34,33,32,33,-851583,8,4.863,0.015,13.839,40,0,32,0,0,35,1,1,0,0,0,1,0,0,0
20:06:40.225,1089.6,29.2,331,90.2,21.8,0,49,46,0,0,1,50,49,7,0,0,0,0,0,0,0,19,12,190,1,34,34,15,33,15,34,33,32,33,-851583,8,4.863,0.015,13.832,40,0,32,0,0,35,1,1,0,0,0,1,0,0,0
20:06:40.325,1106.5,29.6,330,87.7,20.4,0,49,46,0,0,1,50,49,8,0,0,0,0,0,0,0,18.5,12,190,1,34,34,15,33,15,34,33,32,33,-851583,8,4.863,0.015,13.832,40,0,32,0,0,35,1,1,0,0,0,1,0,0,0
20:06:40.425,1127,29.9,330,80.4,18,0,49,46,0,0,1,51,48,7,0,0,0,0,0,0,0,16.2,12,190,1,34,34,15,34,15,34,33,32,33,-851583,8,4.863,0.015,13.832,40,0,32,0,0,35,1,1,0,0,0,1,0,0,0
20:06:40.525,1155.2,30.8,329,87.5,20.7,0,49,46,0,0,1,51,49,8,0,0,0,0,0,0,0,18.2,12,190,1,34,34,15,33,15,34,33,32,33,-851583,8,4.863,0.015,13.818,40,0,32,0,0,35,1,1,0,0,0,1,0,0,0
20:06:40.625,1174.5,30.3,330,82.2,19,0,49,45.9,0,0,1,52,49,7,0,0,0,0,0,0,0,18.2,12,190,1,34,34,15,33,15,34,33,32,33,-851583,8,4.863,0.015,13.839,40,0,32,0,0,35,1,1,0,0,0,1,0,0,0
20:06:40.725,1203.3,33.1,328,112.2,26.1,0,49,45.9,0,0,1,50,49,8,0,0,0,0,0,0,0,23.5,12,190,1,34,34,15,34,15,34,33,32,33,-851583,8,4.863,0.015,13.839,40,0,32,0,0,35,1,1,0,0,0,1,0,0,0
20:06:40.825,1219.1,31.9,331,82.7,21.1,0,49,45.9,0,0,1,51,49,7,0,0,0,0,0,0,0,19,12,190,1,34,34,15,33,15,34,33,32,33,-851583,8,4.863,0.015,13.853,40,0,32,0,0,35,1,1,0,0,0,1,0,0,0
20:06:40.925,1235.3,31.8,329,75,18.8,0,49,45.9,0,0,1,51,48,7,0,0,0,0,0,0,0,16.9,12,190,1,34,34,15,33,15,34,33,32,33,-851583,8,4.863,0.015,13.846,40,0,32,0,0,35,1,1,0,0,0,1,0,0,0
20:06:41.025,1260.3,32.7,330,82.7,21.7,0,49,45.9,0,0,1,51,48,7,0,0,0,0,0,0,0,17.5,12,190,1,34,34,15,34,15,34,33,32,33,-851583,8,4.863,0.015,13.853,40,0,32,0,0,35,1,1,0,0,0,1,0,0,0
20:06:41.125,1280,33.3,327,92.1,24.7,0,49,45.9,0,0,1,50,48,7,0,0,0,0,0,0,0,21.3,12,190,1,34,34,15,33,15,34,33,32,33,-851583,8,4.863,0.015,13.846,40,0,32,0,0,35,1,1,0,0,0,1,0,0,0
20:06:41.225,1302,33.7,329,90.4,23.8,0,49,45.9,0,0,1,54,50,7,0,0,0,0,0,0,0,22.3,12,190,1,34,34,15,33,15,34,33,32,33,-851583,8,4.863,0.015,13.825,40,0,32,0,0,35,1,1,0,0,0,1,0,0,0
20:06:41.325,1323.6,33.9,328,94,25.3,0,49,45.9,0,0,1,54,49,7,0,0,0,0,0,0,0,22.7,12,190,1,34,34,15,33,15,34,33,32,33,-851583,8,4.863,0.015,13.859,40,0,32,0,0,35,1,1,0,0,0,1,0,0,0
20:06:41.425,1346.7,34.2,329,80.4,21.3,0,49,45.9,0,0,1,54,49,7,0,0,0,0,0,0,0,19.7,12,190,1,34,34,15,33,15,34,33,32,33,-851583,8,4.863,0.015,13.805,40,0,32,0,0,35,1,1,0,0,0,1,0,0,0
20:06:41.525,1352.2,32.8,332,53.7,14.6,0,49,45.9,0,0,1,54,50,7,0,0,0,0,0,0,0,13.2,12,190,1,34,34,15,33,15,34,33,32,33,-851583,8,4.863,0.015,13.812,40,0,32,0,0,35,1,1,0,0,0,1,0,0,0
20:06:41.625,1364.7,33.5,332,53.5,14.5,0,49,45.9,0,0,1,54,50,7,0,0,0,0,0,0,0,13.9,12,190,1,34,34,15,33,15,34,33,32,33,-851583,8,4.863,0.015,13.832,40,0,32,0,0,35,1,1,0,0,0,1,0,0,0
20:06:41.725,1375.8,33.5,330,59.5,16.3,0,49,45.9,0,0,1,52,49,7,0,0,0,0,0,0,0,14.6,12,190,1,34,34,15,33,15,34,33,32,33,-851583,8,4.863,0.015,13.853,40,0,32,0,0,35,1,1,0,0,0,1,0,0,0
20:06:41.825,1380,32.3,333,32.2,8.4,0,49,45.9,0,0,1,52,50,7,0,0,0,0,0,0,0,8.6,12,190,1,34,34,15,33,15,34,33,32,33,-851583,8,4.858,0.015,13.859,40,0,32,0,0,35,1,1,0,0,0,1,0,0,0
20:06:41.925,1325.9,24.3,335,0,0,0,49,45.9,0,0,1,51,48,7,0,0,0,0,0,0,0,0,12,190,1,34,34,15,33,15,34,33,32,33,-851583,8,4.863,0.015,13.873,40,0,32,0,0,35,1,1,0,0,0,1,0,0,0
20:06:42.025,1375.9,25.6,336,0,0,0,49,45.9,0,0,1,51,48,7,0,0,0,0,0,0,0,0,12,190,1,34,34,15,33,15,34,33,32,33,-851583,8,4.863,0.015,13.88,40,0,32,0,0,35,1,1,0,0,0,1,0,0,0
20:06:42.125,1355,25.3,336,0,0,0,49,45.9,0,0,1,50,49,7,0,0,0,0,0,0,0,0,12,190,1,34,34,15,33,15,34,33,32,33,-851583,8,4.863,0.015,13.887,40,0,32,0,0,35,1,1,0,0,0,1,0,0,0
20:06:42.225,1345.3,26.1,336,0,0,0,49,45.9,0,0,1,51,48,7,0,0,0,0,0,0,0,0,13,190,1,34,34,15,33,15,34,33,32,33,-851583,8,4.858,0.015,13.914,40,0,32,0,0,35,1,1,0,0,0,1,0,0,0
20:06:42.325,1331.8,24.9,336,0,0,0,49,45.9,0,0,1,52,49,7,0,0,0,0,0,0,0,0,13,190,1,34,34,15,33,15,34,33,32,33,-851583,8,4.863,0.015,13.941,40,0,32,0,0,35,1,1,0,0,0,1,0,0,0
20:06:42.425,1324.5,24,336,0,0,0,49,45.9,0,0,1,50,49,7,0,0,0,0,0,0,0,0,13,190,1,34,34,15,33,15,34,33,32,33,-851583,8,4.863,0.015,13.948,40,0,32,0,0,35,1,1,0,0,0,1,0,0,0
20:06:42.525,1317.5,24.6,336,0,0,0,49,45.9,0,0,1,51,49,7,0,0,0,0,0,0,0,0,13,190,1,34,34,15,33,15,34,32,32,33,-851583,8,4.863,0.015,13.996,40,0,32,0,0,35,1,1,0,0,0,1,0,0,0
20:06:42.625,1301.9,25.2,336,0,0,0,49,45.9,0,0,1,51,49,6,0,0,0,0,0,0,0,0,13,190,1,34,34,15,33,15,34,32,32,33,-851583,8,4.863,0.015,14.017,40,0,32,0,0,35,1,1,0,0,0,1,0,0,0
20:06:42.725,1287.6,23.7,335,0,0,0,49,45.9,0,0,1,52,49,6,0,0,0,0,0,0,0,0,13,190,1,34,34,15,33,15,34,33,32,33,-851583,8,4.863,0.015,14.051,40,0,32,0,0,35,1,1,0,0,0,1,0,0,0
20:06:42.825,1282.1,24,337,0,0,0,49,45.9,0,0,1,51,49,6,0,0,0,0,0,0,0,0,13,190,1,34,34,15,33,15,34,33,32,33,-851583,8,4.863,0.015,14.071,40,0,32,0,0,35,1,1,0,0,0,1,0,0,0
20:06:42.925,1271.9,24,336,0,0,0,49,45.9,0,0,1,50,48,5,0,0,0,0,0,0,0,0,13,190,1,34,34,15,33,15,34,33,32,33,-851583,8,4.863,0.015,14.071,41,0,32,0,0,35,1,1,0,0,0,1,0,0,0
20:06:43.025,1257.2,23.9,336,0,0,0,49,45.9,0,0,1,51,48,5,0,0,0,0,0,0,0,0,13,190,1,34,34,15,33,15,34,33,32,33,-851583,8,4.863,0.015,14.085,40,0,32,0,0,35,1,1,0,0,0,1,0,0,0
20:06:43.125,1247.6,23.6,336,0,0,0,49,45.9,0,0,1,51,48,5,0,0,0,0,0,0,0,0,13,190,1,34,34,15,33,15,34,33,32,33,-851583,8,4.863,0.015,14.099,40,0,32,0,0,35,1,1,0,0,0,1,0,0,0
20:06:43.225,1239.9,22.5,336,0,0,0,49,45.9,0,0,1,51,48,4,0,0,0,0,0,0,0,0,13,190,1,34,34,15,33,15,34,33,32,33,-851583,8,4.863,0.015,14.119,40,0,32,0,0,35,1,1,0,0,0,1,0,0,0
20:06:43.325,1226.7,23.4,337,0,0,0,49,45.9,0,0,1,51,49,4,0,0,0,0,0,0,0,0,13,190,1,34,34,15,33,15,34,33,32,33,-851583,8,4.863,0.015,14.112,40,0,32,0,0,35,1,1,0,0,0,1,0,0,0
20:06:43.425,1215.7,22.7,336,0,0,0,49,45.9,0,0,1,50,48,4,0,0,0,0,0,0,0,0,13,190,1,34,34,15,33,15,34,33,32,33,-851583,8,4.863,0.015,14.126,40,0,32,0,0,35,1,1,0,0,0,1,0,0,0
20:06:43.525,1206.2,22.9,336,0,0,0,49,45.9,0,0,1,51,49,4,0,0,0,0,0,0,0,0,13,190,1,34,34,15,33,15,34,33,32,33,-851583,8,4.863,0.015,14.126,40,0,32,0,0,35,1,1,0,0,0,1,0,0,0
20:06:43.625,1197.5,26.5,335,8.4,1.7,0,49,45.5,0,0,1,50,48,4,0,0,0,0,0,0,0,1.3,13,190,1,34,34,15,33,15,34,33,32,33,-851583,8,4.863,0.015,14.058,40,0,32,0,0,35,1,1,0,0,0,1,0,0,0
20:06:43.725,1223.1,31.3,330,61,13.8,0,49,45.5,0,0,1,51,49,4,0,0,0,0,0,0,0,13,13,190,1,34,34,15,33,15,34,32,32,33,-851583,8,4.863,0.015,14.092,40,0,32,0,0,35,1,1,0,0,0,1,0,0,0
20:06:43.825,1208,30.1,333,52.4,12.9,0,49,45.5,0,0,1,51,49,4,0,0,0,0,0,0,0,11.2,13,190,1,34,34,15,33,15,34,32,32,33,-851583,8,4.863,0.015,14.078,40,0,32,0,0,35,1,1,0,0,0,1,0,0,0
20:06:43.925,1218.8,30.8,332,56.3,14,0,49,45.6,0,0,1,50,49,4,0,0,0,0,0,0,0,12.4,13,190,1,34,34,15,33,15,34,33,32,33,-851583,8,4.863,0.015,14.065,40,0,32,0,0,35,1,1,0,0,0,1,0,0,0
20:06:44.025,1228.8,31.3,332,64.5,16.2,0,49,45.7,0,0,1,51,49,4,0,0,0,0,0,0,0,13.5,13,190,1,34,34,15,33,15,34,33,32,33,-851583,8,4.863,0.015,14.078,40,0,32,0,0,35,1,1,0,0,0,1,0,0,0
20:06:44.125,1245.3,32.6,328,95.1,24.4,0,49,45.6,0,0,1,50,48,4,0,0,0,0,0,0,0,21,13,190,1,34,34,15,33,15,34,33,32,33,-851583,8,4.863,0.015,14.085,40,0,32,0,0,35,1,1,0,0,0,1,0,0,0
20:06:44.225,1273.9,34.7,327,115.6,29.6,0,49,45.5,0,0,1,50,48,4,0,0,0,0,0,0,0,26.4,13,190,1,34,34,15,33,15,34,33,32,33,-851583,8,4.863,0.015,14.085,40,0,32,0,0,35,1,1,0,0,0,1,0,0,0
20:06:44.325,1301.7,36,326,127.7,32.9,0,49,45.5,0,0,1,51,49,4,0,0,0,0,0,0,0,29.7,12,190,1,34,34,15,33,15,34,33,32,33,-851583,8,4.863,0.015,14.085,40,0,32,0,0,35,1,1,0,0,0,1,0,0,0
20:06:44.425,1339.7,36.9,324,151.3,39.2,0,49,45.5,0,0,1,51,49,4,0,0,0,0,0,0,0,37.1,12,190,1,34,34,15,33,15,34,33,32,33,-851583,8,4.863,0.015,14.092,40,0,32,0,0,35,1,1,0,0,0,1,0,0,0
20:06:44.525,1383.9,37.8,325,142.8,39.9,0,49,45.4,0,0,1,50,49,4,0,0,0,0,0,0,0,35.6,12,190,1,34,34,15,33,15,34,33,32,33,-851583,8,4.863,0.015,14.071,40,0,32,0,0,35,1,1,0,0,0,1,0,0,0
20:06:44.625,1419.5,38.3,325,135.6,37,0,49,45.5,0,0,1,50,48,4,0,0,0,0,0,0,0,35.4,12,190,1,34,34,15,33,15,34,33,32,33,-851583,8,4.863,0.015,14.085,40,0,32,0,0,35,1,1,0,0,0,1,0,0,0
20:06:44.725,1485.7,45.2,314,254.2,67.3,0,49,45.5,0,0,1,51,48,4,0,0,0,0,0,0,0,64.9,12,190,1,34,34,15,33,15,34,33,32,33,-851583,8,4.863,0.015,14.085,40,0,32,0,0,35,1,1,0,0,0,1,0,0,0
20:06:44.825,1539,46.9,317,244.3,63,0,49,45.5,0,0,1,50,49,4,0,0,0,0,0,0,0,64.3,12,190,1,34,34,15,33,15,34,33,32,33,-851583,8,4.863,0.015,14.071,40,0,32,0,0,35,1,1,0,0,0,1,0,0,0
20:06:44.925,1602.6,47.8,316,234,67.8,0,49,45.5,0,0,1,54,48,4,0,0,0,0,0,0,0,68.5,12,190,1,34,34,15,33,15,34,33,32,33,-851583,8,4.863,0.015,14.092,40,0,32,0,0,35,1,1,0,0,0,1,0,0,0
20:06:45.025,1666.8,49.8,314,229.5,70,0,49,45.5,0,0,1,55,49,4,0,0,0,0,0,0,0,70.9,12,190,1,34,34,15,33,15,34,33,32,33,-851583,8,4.863,0.015,14.078,40,0,32,0,0,35,1,1,0,0,0,1,0,0,0
20:06:45.125,1730,51.2,311,248.3,67.2,0,49,45.6,0,0,1,52,48,4,0,0,0,0,0,0,0,72.6,12,190,1,34,34,15,33,15,34,33,32,33,-851583,8,4.863,0.015,14.112,40,0,32,0,0,35,1,1,0,0,0,1,0,0,0
20:06:45.225,1794.4,52.9,311,245.8,69,0,49,45.6,0,0,1,52,49,4,0,0,0,0,0,0,0,76.4,12,190,1,34,34,15,33,15,34,33,32,33,-851583,8,4.863,0.015,14.092,40,0,32,0,0,35,1,1,0,0,0,1,0,0,0
20:06:45.325,1859.4,54.4,309,235.6,77.1,0,49,45.6,0,0,1,52,49,4,0,0,0,0,0,0,0,78.4,12,190,1,34,34,15,33,15,34,33,32,33,-851583,8,4.863,0.015,14.106,40,0,32,0,0,35,1,1,0,0,0,1,0,0,0
20:06:45.425,1924,56.1,310,223.3,77.8,0,49,45.4,0,0,1,54,50,4,0,0,0,0,0,0,0,76.2,12,190,1,34,34,15,33,15,34,33,32,33,-851583,8,4.863,0.015,14.092,40,0,32,0,0,35,1,1,0,0,0,1,0,0,0
20:06:45.525,1980.9,55.7,312,206.5,66.4,0,49,45.3,0,0,1,52,50,4,0,0,0,0,0,0,0,67.9,12,190,1,34,34,15,33,15,34,33,32,33,-851583,8,4.863,0.015,14.092,40,0,32,0,0,35,1,1,0,0,0,1,0,0,0
20:06:45.625,2044.8,58.9,312,224.9,76.1,0,49,45.5,0,0,1,52,48,4,0,0,0,0,0,0,0,79.7,12,190,1,34,34,15,33,15,34,33,32,33,-851583,8,4.863,0.015,14.092,40,0,32,0,0,35,1,1,0,0,0,1,0,0,0
20:06:45.725,2098.8,59.4,311,212.9,65.5,0,49.9,45.6,0,0,1,52,49,4,0,0,0,0,0,0,0,73.5,12,190,1,34,34,15,33,15,34,33,32,33,-851583,8,4.858,0.015,14.085,40,0,32,0,0,35,1,1,0,0,0,1,0,0,0
20:06:45.825,2159.4,61.5,307,225.6,75.6,0,49.9,45.5,0,0,1,51,49,4,0,0,0,0,0,0,0,83.7,12,190,1,34,34,15,33,15,34,33,32,33,-851583,8,4.858,0.015,14.058,40,0,32,0,0,35,1,1,0,0,0,1,0,0,0
20:06:45.925,2205.5,61,312,195.9,73.4,0,49.9,45.7,0,0,1,51,49,4,0,0,0,0,0,0,0,76.9,12,190,1,34,34,15,34,15,34,33,32,33,-851583,8,4.863,0.015,14.071,40,0,32,0,0,35,1,1,0,0,0,1,0,0,0
20:06:46.025,2252.8,56.9,315,145.9,60.3,0,49.9,45.7,0,0,1,51,48,4,0,0,0,0,0,0,0,63.8,12,190,1,34,34,15,33,15,34,33,32,33,-851583,8,4.863,0.015,14.078,40,0,32,0,0,35,1,1,0,0,0,1,0,0,0
20:06:46.125,2282.7,56.9,318,126.9,53,0,49.9,45.9,0,0,1,51,49,4,0,0,0,0,0,0,0,51.2,12,190,1,34,34,15,15,15,34,33,32,33,-851583,8,4.863,0.015,14.085,40,0,32,0,0,35,1,1,0,0,0,1,0,0,0
20:06:46.225,2297.6,41.7,326,54.7,29.2,0,49.9,45.9,0,0,1,50,49,4,0,0,0,0,0,0,0,28.5,12,190,1,34,34,15,33,15,34,33,32,33,-851583,8,4.863,0.015,14.078,40,0,32,0,0,35,1,1,0,0,0,1,0,0,0
20:06:46.325,2217.6,36.7,334,-2.1,1.6,0,49.9,45.9,0,0,1,52,49,4,0,0,0,0,0,0,0,-1.9,12,190,1,34,34,15,34,15,34,33,32,33,-851583,8,4.863,0.015,14.071,40,0,32,0,0,35,1,1,0,0,0,1,0,0,0
20:06:46.425,2268.7,49.7,332,21.4,7.4,0,49.9,45.9,0,0,1,50,48,4,0,0,0,0,0,0,0,5.8,12,190,1,34,34,15,34,15,34,33,32,33,-851583,8,4.863,0.015,14.085,40,0,32,0,0,35,1,1,0,0,0,1,0,0,0
20:06:46.525,2284,53.9,328,47.1,19.2,0,49.9,45.9,0,0,1,50,48,4,0,0,0,0,0,0,0,17.2,12,190,1,34,34,15,33,15,34,33,32,33,-851583,8,4.863,0.015,14.058,40,0,32,0,0,35,1,1,0,0,0,1,0,0,0
20:06:46.625,2280,53.3,327,66.3,27.5,0,49.9,45.9,0,0,1,51,49,4,0,0,0,0,0,0,0,24.7,12,190,1,34,34,15,34,15,34,33,32,33,-851583,8,4.863,0.015,14.065,40,0,32,0,0,35,1,1,0,0,0,1,0,0,0
20:06:46.725,2285.6,56.4,322,89.9,33.8,0,49.9,45.9,0,0,1,51,49,4,0,0,0,0,0,0,0,35.8,12,190,1,34,34,15,34,15,34,33,32,33,-851583,8,4.863,0.015,14.058,40,0,32,0,0,35,1,1,0,0,0,1,0,0,0
20:06:46.825,2313,58.1,319,124.5,47.9,0,49.9,45.9,0,0,1,50,49,4,0,0,0,0,0,0,0,47.4,12,190,1,34,34,15,34,15,34,33,32,33,-851583,8,4.863,0.015,14.037,40,0,32,0,0,35,1,1,0,0,0,1,0,0,0
20:06:46.925,2333.1,55.9,321,107.4,47.7,0,49.9,45.9,0,0,1,51,48,5,0,0,0,0,0,0,0,47,12,190,1,34,34,15,33,15,34,33,32,33,-851583,8,4.863,0.015,14.078,40,0,32,0,0,35,1,1,0,0,0,1,0,0,0
20:06:47.025,2332.7,52.6,326,63.5,27.8,0,49.9,45.9,0,0,1,50,48,5,0,0,0,0,0,0,0,27.5,12,190,1,34,34,15,34,15,34,33,32,33,-851583,8,4.863,0.015,14.044,40,0,32,0,0,35,1,1,0,0,0,1,0,0,0
20:06:47.125,2348.4,56.5,325,69,30,0,49.9,45.9,0,0,1,51,49,5,0,0,0,0,0,0,0,26.6,12,190,1,34,34,15,33,15,34,33,32,33,-851583,8,4.863,0.015,14.058,40,0,32,0,0,35,1,1,0,0,0,1,0,0,0
20:06:47.225,2368.7,57.2,321,92.7,36.7,0,49.9,45.9,0,0,1,50,48,5,0,0,0,0,0,0,0,41.8,12,190,1,34,34,15,33,15,34,33,32,33,-851583,8,4.863,0.015,13.996,40,0,32,0,0,35,1,1,0,0,0,1,0,0,0
20:06:47.325,2351.5,41.7,330,18.3,11.2,0,49.9,45.9,0,0,1,51,49,5,0,0,0,0,0,0,0,6.8,12,190,1,34,34,15,33,15,34,33,32,33,-851583,8,4.863,0.015,13.996,40,0,32,0,0,35,1,1,0,0,0,1,0,0,0
20:06:47.425,2327.1,47.8,333,11.5,3.7,0,49.9,45.9,0,0,1,50,48,5,0,0,0,0,0,0,0,3.4,12,190,1,34,34,15,33,15,34,33,32,33,-851583,8,4.863,0.015,13.982,40,0,32,0,0,35,1,1,0,0,0,1,0,0,0
20:06:47.525,2342.7,53.4,331,33.3,13.4,0,49.9,45.9,0,0,1,51,50,6,0,0,0,0,0,0,0,13.3,12,190,1,34,34,15,33,15,34,33,32,33,-851583,8,4.863,0.015,13.941,40,0,32,0,0,35,1,1,0,0,0,1,0,0,0
20:06:47.625,2337.6,50.8,329,27.1,12.1,0,49.9,45.9,0,0,1,52,49,6,0,0,0,0,0,0,0,13.1,12,190,1,34,34,15,33,15,34,33,32,33,-851583,8,4.858,0.015,13.921,40,0,32,0,0,35,1,1,0,0,0,1,0,0,0
20:06:47.725,2318.5,48.8,331,23.5,9.4,0,49.9,45.9,0,0,1,51,48,6,0,0,0,0,0,0,0,7.7,12,190,1,34,34,15,33,15,34,33,32,33,-851583,8,4.863,0.015,13.866,40,0,32,0,0,35,1,1,0,0,0,1,0,0,0
20:06:47.825,2297.7,49,332,20,9,0,49.9,45.9,0,0,1,48,48,7,0,0,0,0,0,0,0,4.6,12,190,1,34,34,15,33,15,34,33,32,33,-851583,8,4.863,0.015,13.812,40,0,32,0,0,35,1,1,0,0,0,1,0,0,0
20:06:47.925,2272.2,42.2,335,0,0,0,49.9,45.9,0,0,1,50,48,7,0,0,0,0,0,0,0,0,12,190,1,34,34,15,33,15,34,33,32,33,-851583,8,4.863,0.015,13.839,40,0,32,0,0,35,1,1,0,0,0,1,0,0,0
20:06:48.025,2262.4,42.6,335,0,0,0,49.9,46,0,0,1,50,49,7,0,0,0,0,0,0,0,0,12,190,1,34,34,15,33,15,34,33,32,33,-851583,8,4.858,0.015,13.914,40,0,32,0,0,35,1,1,0,0,0,1,0,0,0
20:06:48.125,2309.1,60,326,73.2,22.7,0,49.9,46,0,0,1,50,49,7,0,0,0,0,0,0,0,29.6,12,190,1,34,34,15,33,15,34,32,32,33,-851583,8,4.863,0.015,13.859,40,0,32,0,0,35,1,1,0,0,0,1,0,0,0
20:06:48.225,2335.1,62.1,316,150.6,57.7,0,49.9,46,0,0,1,50,48,7,0,0,0,0,0,0,0,63.8,13,190,1,34,34,15,33,15,34,33,32,33,-851583,8,4.863,0.015,13.832,40,0,32,0,0,35,1,1,0,0,0,1,0,0,0
20:06:48.325,2337.4,48.8,322,85.8,39,0,49.9,46,0,0,1,50,49,7,0,0,0,0,0,0,0,35.6,13,190,1,34,34,15,33,15,34,33,32,33,-851583,8,4.863,0.015,13.859,40,0,32,0,0,35,1,1,0,0,0,1,0,0,0
20:06:48.425,2325.8,52.2,326,63.3,26.2,0,49.9,46,0,0,1,49,49,7,0,0,0,0,0,0,0,23.3,13,190,1,34,34,15,33,15,34,33,32,33,-851583,8,4.863,0.015,13.846,40,0,32,0,0,35,1,1,0,0,0,1,0,0,0
20:06:48.525,2283.5,41.2,335,0,0,0,49.9,46,0,0,1,49,48,7,0,0,0,0,0,0,0,0,13,190,1,34,34,15,33,15,34,33,32,33,-851583,8,4.863,0.015,13.88,40,0,32,0,0,35,1,1,0,0,0,1,0,0,0
20:06:48.625,2300.9,43.6,334,0,0,0,49.9,46.1,0,0,1,49,48,7,0,0,0,0,0,0,0,0,13,190,1,34,34,15,33,15,34,33,32,33,-851583,8,4.858,0.015,13.914,40,0,32,0,0,35,1,1,0,0,0,1,0,0,0
20:06:48.725,2276.8,43,336,0,0,0,49.9,46.1,0,0,1,54,49,7,0,0,0,0,0,0,0,0,12,190,1,34,34,15,33,15,34,33,32,33,-851583,8,4.863,0.015,13.907,40,0,32,0,0,35,1,1,0,0,0,1,0,0,0
20:06:48.825,2259.6,41.9,335,0,0,0,49.9,46,0,0,1,54,49,7,0,0,0,0,0,0,0,0,13,190,1,34,34,15,33,15,34,33,32,33,-851583,8,4.863,0.015,13.928,40,0,32,0,0,35,1,1,0,0,0,1,0,0,0
20:06:48.925,2239.5,41.8,336,0,0,0,49.9,46,0,0,1,52,50,7,0,0,0,0,0,0,0,0,13,190,1,34,34,15,33,15,34,33,32,33,-851583,8,4.858,0.015,13.907,40,0,32,0,0,35,1,1,0,0,0,1,0,0,0
20:06:49.025,2208.5,40.4,336,0,0,0,49.9,46,0,0,1,50,49,7,0,0,0,0,0,0,0,0,13,190,1,34,34,15,33,15,34,33,32,33,-851583,8,4.858,0.015,13.88,40,0,32,0,0,35,1,1,0,0,0,1,0,0,0
20:06:49.125,2171.8,40.8,336,0,0,0,49.9,46,0,0,1,52,49,7,0,0,0,0,0,0,0,0,13,190,1,34,34,15,33,15,34,33,32,33,-851583,8,4.858,0.015,13.88,40,0,32,0,0,35,1,1,0,0,0,1,0,0,0
20:06:49.225,2132,39.1,336,0,0,0,49.9,46,0,0,1,51,49,7,0,0,0,0,0,0,0,0,13,190,1,34,34,15,33,15,34,33,32,33,-851583,8,4.863,0.015,13.866,40,0,32,0,0,35,1,1,0,0,0,1,0,0,0
20:06:49.325,2095.1,38.1,335,0,0,0,49.9,46,0,0,1,51,49,7,0,0,0,0,0,0,0,0,13,190,1,34,34,15,33,15,34,33,33,33,-851583,8,4.863,0.015,13.859,40,0,32,0,0,35,1,1,0,0,0,1,0,0,0
20:06:49.425,2047.2,38,336,0,0,0,49.9,46,0,0,1,52,50,7,0,0,0,0,0,0,0,0,13,190,1,34,34,15,34,15,34,33,32,33,-851583,8,4.858,0.015,13.9,40,0,32,0,0,35,1,1,0,0,0,1,0,0,0
20:06:49.525,1997.8,37.5,336,0,0,0,49.9,46.1,0,0,1,50,49,7,0,0,0,0,0,0,0,0,13,190,1,34,34,15,33,15,34,33,32,33,-851583,8,4.858,0.015,13.921,40,0,32,0,0,35,1,1,0,0,0,1,0,0,0
20:06:49.625,1947.4,35.9,335,0,0,0,49.9,46.1,0,0,1,51,49,7,0,0,0,0,0,0,0,0,13,190,1,34,34,15,33,15,34,33,32,33,-851583,8,4.858,0.015,13.88,40,0,32,0,0,35,1,1,0,0,0,1,0,0,0
20:06:49.725,1901.3,35.4,335,0,0,0,49.9,46,0,0,1,50,49,7,0,0,0,0,0,0,0,0,13,190,1,34,34,15,33,15,34,33,32,33,-851583,8,4.858,0.015,13.894,40,0,32,0,0,35,1,1,0,0,0,1,0,0,0
20:06:49.825,1867.4,34.6,335,0,0,0,49.9,46,0,0,1,50,49,7,0,0,0,0,0,0,0,0,13,190,1,34,34,15,33,15,34,33,32,33,-851583,8,4.858,0.015,13.9,40,0,32,0,0,35,1,1,0,0,0,1,0,0,0
20:06:49.925,1798.2,33.6,336,0,0,0,49.9,46,0,0,1,50,49,7,0,0,0,0,0,0,0,0,13,190,1,34,34,15,33,15,34,33,33,33,-851583,8,4.858,0.015,13.894,40,0,32,0,0,35,1,1,0,0,0,1,0,0,0
20:06:50.025,1785.6,33.6,336,0,0,0,49.9,46,0,0,1,50,48,7,0,0,0,0,0,0,0,0,13,190,1,34,34,15,33,15,34,33,32,33,-851583,8,4.858,0.015,13.914,40,0,32,0,0,35,1,1,0,0,0,1,0,0,0
20:06:50.125,1755.3,33.4,336,0,0,0,49.9,46,0,0,1,50,49,7,0,0,0,0,0,0,0,0,13,190,1,34,34,15,33,15,34,33,32,33,-851583,8,4.858,0.015,13.914,40,0,32,0,0,35,1,1,0,0,0,1,0,0,0
20:06:50.225,1737.2,33,336,0,0,0,49.9,46,0,0,1,50,49,7,0,0,0,0,0,0,0,0,13,190,1,34,34,15,33,15,34,33,32,33,-851583,8,4.863,0.015,13.941,40,0,32,0,0,35,1,1,0,0,0,1,0,0,0
20:06:50.325,1691.7,30.7,336,0,0,0,49.9,46,0,0,1,51,49,7,0,0,0,0,0,0,0,0,13,190,1,34,34,15,33,15,34,33,33,33,-851583,8,4.858,0.015,13.914,40,0,32,0,0,35,1,1,0,0,0,1,0,0,0
20:06:50.425,1663.1,31.1,336,0,0,0,49.9,46,0,0,1,49,49,7,0,0,0,0,0,0,0,0,13,190,1,34,34,15,33,15,34,33,33,33,-851583,8,4.858,0.015,13.9,40,0,32,0,0,35,1,1,0,0,0,1,0,0,0
20:06:50.525,1633.5,30.6,334,0.7,0,0,49.2,46,0,0,1,50,48,7,0,0,0,0,0,0,0,0,13,190,1,34,34,15,33,15,34,33,32,33,-851583,8,4.858,0.015,13.941,40,0,32,0,0,35,1,1,0,0,0,1,0,0,0
20:06:50.625,1635.5,39.5,332,43.3,12.2,0,49,46,0,0,1,49,49,7,0,0,0,0,0,0,0,11.5,13,190,1,34,34,15,33,15,34,33,32,33,-851583,8,4.858,0.015,13.941,40,0,32,0,0,35,1,1,0,0,0,1,0,0,0
20:06:50.725,1630.9,38.9,329,59.5,18.6,0,49,46,0,0,1,49,48,7,0,0,0,0,0,0,0,16.9,13,190,1,34,34,15,33,15,34,33,33,33,-851583,8,4.858,0.015,13.948,40,0,32,0,0,35,1,1,0,0,0,1,0,0,0
20:06:50.825,1629.3,37.7,330,47,15.3,0,49,46,0,0,1,49,49,6,0,0,0,0,0,0,0,11.5,12,190,1,34,34,15,33,15,34,33,33,33,-851583,8,4.863,0.015,13.955,40,0,32,0,0,35,1,1,0,0,0,1,0,0,0
20:06:50.925,1563.8,29,336,0,0,0,49,46,0,0,1,49,49,6,0,0,0,0,0,0,0,0,12,190,1,34,34,15,33,15,34,33,33,33,-851583,8,4.863,0.015,14.051,40,0,32,0,0,35,1,1,0,0,0,1,0,0,0
20:06:51.025,1601.2,30.2,336,0,0,0,49,46,0,0,1,49,48,6,0,0,0,0,0,0,0,0,12,190,1,34,34,15,33,15,34,33,33,33,-851583,8,4.863,0.015,14.058,40,0,32,0,0,35,1,1,0,0,0,1,0,0,0
20:06:51.125,1568.2,30,336,0,0,0,49,46,0,0,1,50,49,6,0,0,0,0,0,0,0,0,12,190,1,34,34,15,33,15,34,33,33,33,-851583,8,4.863,0.015,14.044,40,0,32,0,0,35,1,1,0,0,0,1,0,0,0
20:06:51.225,1548.2,28.7,336,0,0,0,49,46,0,0,1,49,49,5,0,0,0,0,0,0,0,0,13,190,1,34,34,15,33,15,34,33,33,33,-851583,8,4.863,0.015,14.085,40,0,32,0,0,35,1,1,0,0,0,1,0,0,0
20:06:51.325,1521.9,28.7,336,0,0,0,49,46,0,0,1,49,48,5,0,0,0,0,0,0,0,0,13,190,1,34,34,15,33,15,34,33,33,33,-851583,8,4.863,0.015,14.112,40,0,32,0,0,35,1,1,0,0,0,1,0,0,0
20:06:51.425,1497.2,28.2,336,0,0,0,49,46,0,0,1,50,48,5,0,0,0,0,0,0,0,0,13,190,1,34,34,15,33,15,34,33,33,33,-851583,8,4.863,0.015,14.071,40,0,32,0,0,35,1,1,0,0,0,1,0,0,0
20:06:51.525,1474.2,27.3,336,0,0,0,49,46,0,0,1,50,48,5,0,0,0,0,0,0,0,0,13,190,1,34,34,15,33,15,34,33,33,33,-851583,8,4.863,0.015,14.085,40,0,32,0,0,35,1,1,0,0,0,1,0,0,0
20:06:51.625,1452,27.5,337,0,0,0,49,46,0,0,1,49,48,5,0,0,0,0,0,0,0,0,13,190,1,34,34,15,33,15,34,33,33,33,-851583,8,4.863,0.015,14.092,40,0,32,0,0,35,1,1,0,0,0,1,0,0,0
20:06:51.725,1427.1,26,336,0,0,0,49,46,0,0,1,50,49,4,0,0,0,0,0,0,0,0,13,190,1,34,34,15,33,15,34,33,33,33,-851583,8,4.863,0.015,14.106,40,0,32,0,0,35,1,1,0,0,0,1,0,0,0
20:06:51.825,1407.6,26.1,336,0,0,0,49,46,0,0,1,49,49,5,0,0,0,0,0,0,0,0,13,190,1,34,34,15,33,15,34,33,33,33,-851583,8,4.863,0.015,14.092,40,0,32,0,0,35,1,1,0,0,0,1,0,0,0
20:06:51.925,1382.3,25.9,335,0,0,0,49,46,0,0,1,49,48,4,0,0,0,0,0,0,0,0,13,190,1,34,34,15,34,15,34,33,33,33,-851583,8,4.863,0.015,14.112,40,0,32,0,0,35,1,1,0,0,0,1,0,0,0
20:06:52.025,1367.4,25.7,336,0,0,0,49,46,0,0,1,50,49,4,0,0,0,0,0,0,0,0,13,190,1,34,34,15,33,15,34,33,33,33,-851583,8,4.863,0.015,14.106,40,0,32,0,0,35,1,1,0,0,0,1,0,0,0
20:06:52.125,1344.9,25,337,0,0,0,49,46,0,0,1,49,48,4,0,0,0,0,0,0,0,0,13,190,1,34,34,15,15,15,34,33,33,33,-851583,8,4.863,0.015,14.112,40,0,32,0,0,35,1,1,0,0,0,1,0,0,0
20:06:52.225,1321.9,24,335,0,0,0,49,46,0,0,1,49,49,4,0,0,0,0,0,0,0,0,13,190,1,34,34,15,33,15,34,33,33,33,-851583,8,4.863,0.015,14.099,40,0,32,0,0,35,1,1,0,0,0,1,0,0,0
20:06:52.325,1299.7,24.5,336,0,0,0,49,46,0,0,1,50,49,4,0,0,0,0,0,0,0,0,13,190,1,34,34,15,34,15,34,33,33,33,-851583,8,4.863,0.015,14.071,40,0,32,0,0,35,1,1,0,0,0,1,0,0,0
20:06:52.425,1282.4,23.5,336,0,0,0,49,46,0,0,1,54,49,4,0,0,0,0,0,0,0,0,13,190,1,34,34,15,34,15,34,33,33,33,-851583,8,4.863,0.015,14.065,40,0,32,0,0,35,1,1,0,0,0,1,0,0,0
20:06:52.525,1262.3,22.5,336,0,0,0,49,46,0,0,1,52,49,5,0,0,0,0,0,0,0,0,13,190,1,34,34,15,33,15,34,33,33,33,-851583,8,4.863,0.015,14.099,40,0,32,0,0,35,1,1,0,0,0,1,0,0,0
20:06:52.625,1249.7,23.3,336,-0.1,0,0,49,46,0,0,1,52,49,5,0,0,0,0,0,0,0,0,13,190,1,34,34,15,34,15,34,33,33,33,-851583,8,4.863,0.015,14.065,40,0,32,0,0,35,1,1,0,0,0,1,0,0,0
20:06:52.725,1236.8,25.3,334,5.7,0.8,0,49,46,0,0,1,50,50,5,0,0,0,0,0,0,0,1,13,190,1,34,34,15,34,15,34,33,33,33,-851583,8,4.863,0.015,14.03,40,0,32,0,0,35,1,1,0,0,0,1,0,0,0
20:06:52.825,1197.8,27.2,334,9.5,2.6,0,49,46,0,0,1,52,50,5,0,0,0,0,0,0,0,1.6,13,190,1,34,34,15,34,15,34,33,33,33,-851583,8,4.863,0.015,14.01,40,0,32,0,0,35,1,1,0,0,0,1,0,0,0
20:06:52.925,1195.7,28.4,336,13.1,3.3,0,49,46,0,0,1,52,50,5,0,0,0,0,0,0,0,2.6,13,190,1,34,34,15,34,15,34,33,33,33,-851583,8,4.863,0.015,14.017,40,0,32,0,0,35,1,1,0,0,0,1,0,0,0
20:06:53.025,1230.5,31.9,331,53.9,13.1,0,49,46,0,0,1,52,49,5,0,0,0,0,0,0,0,11.2,13,190,1,34,34,15,34,15,34,33,33,33,-851583,8,4.863,0.015,14.01,40,0,32,0,0,35,1,1,0,0,0,1,0,0,0
20:06:53.125,1192.6,29.2,332,41.9,9.7,0,49,46,0,0,1,50,49,5,0,0,0,0,0,0,0,8.5,13,190,1,34,34,15,33,15,34,33,33,33,-851583,8,4.863,0.015,13.962,40,0,32,0,0,35,1,1,0,0,0,1,0,0,0
20:06:53.225,1181.6,29.5,332,52.6,12.4,0,49,46,0,0,1,50,48,5,0,0,0,0,0,0,0,11.1,13,190,1,34,34,15,33,15,34,33,33,33,-851583,8,4.863,0.015,13.941,40,0,32,0,0,35,1,1,0,0,0,1,0,0,0
20:06:53.325,1183.7,29.6,331,57.9,13.1,0,49,45.9,0,0,1,50,50,6,0,0,0,0,0,0,0,11.8,13,190,1,34,34,15,33,15,34,33,33,33,-851583,8,4.858,0.015,13.928,40,0,32,0,0,35,1,1,0,0,0,1,0,0,0
20:06:53.425,1181.3,30.2,331,69.8,16.1,0,48.9,45.9,0,0,1,50,50,6,0,0,0,0,0,0,0,14.5,13,190,1,34,34,15,33,15,34,33,33,33,-851583,8,4.863,0.015,13.914,40,0,32,0,0,35,1,1,0,0,0,1,0,0,0
20:06:53.525,1183.5,30.4,331,69.6,17,0,48.9,45.9,0,0,1,52,49,6,0,0,0,0,0,0,0,15.2,12,190,1,34,34,15,33,15,34,33,33,33,-851583,8,4.863,0.015,13.805,40,0,32,0,0,35,1,1,0,0,0,1,0,0,0
20:06:53.625,1189.4,30.9,330,82.7,20.6,0,48.9,45.9,0,0,1,50,50,7,0,0,0,0,0,0,0,17.7,12,190,1,34,34,15,33,15,34,33,33,33,-851583,8,4.863,0.015,13.825,40,0,32,0,0,35,1,1,0,0,0,1,0,0,0
20:06:53.725,1200.8,31,330,78.1,19.5,0,48.7,45.9,0,0,1,50,48,7,0,0,0,0,0,0,0,17.4,12,190,1,34,34,15,33,15,34,33,33,33,-851583,8,4.863,0.015,13.812,40,0,32,0,0,35,1,1,0,0,0,1,0,0,0
20:06:53.825,1209.5,30.8,329,71.4,18,0,48.5,45.9,0,0,1,49,49,7,0,0,0,0,0,0,0,15.3,12,190,1,34,34,15,33,15,34,33,33,33,-851583,8,4.863,0.015,13.805,40,0,32,0,0,35,1,1,0,0,0,1,0,0,0
20:06:53.925,1220.6,30.9,331,73.9,17.8,0,48.7,45.9,0,0,1,51,49,7,0,0,0,0,0,0,0,16.1,12,190,1,34,34,15,33,15,34,33,33,33,-851583,8,4.863,0.015,13.866,40,0,32,0,0,35,1,1,0,0,0,1,0,0,0
20:06:54.025,1215.9,29.1,333,36.7,8.8,0,48.8,45.9,0,0,1,51,50,7,0,0,0,0,0,0,0,7.9,12,190,1,34,34,15,33,15,34,33,33,33,-851583,8,4.863,0.015,13.805,40,0,32,0,0,35,1,1,0,0,0,1,0,0,0
20:06:54.125,1223.2,30.6,332,44.1,11.2,0,48.9,45.9,0,0,1,49,48,7,0,0,0,0,0,0,0,9.6,12,190,1,34,34,15,33,15,34,33,33,33,-851583,8,4.863,0.015,13.859,40,0,32,0,0,35,1,1,0,0,0,1,0,0,0
20:06:54.225,1221.9,30.1,332,45.1,11,0,48.9,45.8,0,0,1,49,48,7,0,0,0,0,0,0,0,10.2,13,190,1,34,34,15,33,15,34,33,33,33,-851583,8,4.863,0.015,13.777,40,0,32,0,0,35,1,1,0,0,0,1,0,0,0
20:06:54.325,1219.1,30.1,333,42.7,10.2,0,48.9,45.9,0,0,1,50,49,7,0,0,0,0,0,0,0,9.1,13,190,1,34,34,15,33,15,34,33,33,33,-851583,8,4.863,0.015,13.812,40,0,32,0,0,35,1,1,0,0,0,1,0,0,0
20:06:54.425,1218.8,30.2,332,43.7,10.7,0,48.6,45.9,0,0,1,49,48,7,0,0,0,0,0,0,0,9.7,13,190,1,34,34,15,33,15,34,33,33,33,-851583,8,4.863,0.015,13.818,40,0,32,0,0,35,1,1,0,0,0,1,0,0,0
20:06:54.525,1215.7,30,331,42.7,10.2,0,48.4,45.9,0,0,1,51,49,7,0,0,0,0,0,0,0,8.9,13,190,1,34,34,15,33,15,34,33,33,33,-851583,8,4.863,0.015,13.784,40,0,32,0,0,35,1,1,0,0,0,1,0,0,0
20:06:54.625,1210.7,29.6,332,35.9,8.1,0,48.2,45.9,0,0,1,51,48,8,0,0,0,0,0,0,0,7.8,13,190,1,34,34,15,33,15,34,33,33,33,-851583,8,4.863,0.015,13.812,40,0,32,0,0,35,1,1,0,0,0,1,0,0,0
20:06:54.725,1189.3,28.6,334,22.4,4.9,0,48,45.9,0,0,1,50,50,7,0,0,0,0,0,0,0,4.4,13,190,1,34,34,15,33,15,34,33,33,33,-851583,8,4.863,0.015,13.791,40,0,32,0,0,35,1,1,0,0,0,1,0,0,0
20:06:54.825,1213.2,31.8,332,51,12,0,48,45.7,0,0,1,50,49,7,0,0,0,0,0,0,0,10.8,13,190,1,34,34,15,33,15,34,33,33,33,-851583,8,4.863,0.015,13.825,40,0,32,0,0,35,1,1,0,0,0,1,0,0,0
20:06:54.925,1217,29.7,332,45.8,12.3,0,48,45.9,0,0,1,51,49,7,0,0,0,0,0,0,0,9.7,12,190,1,34,34,15,33,15,34,33,33,33,-851583,8,4.863,0.015,13.805,40,0,32,0,0,35,1,1,0,0,0,1,0,0,0
20:06:55.025,1219.5,30.8,331,50.8,13,0,48,45.8,0,0,1,51,49,7,0,0,0,0,0,0,0,11.6,12,190,1,34,34,15,33,15,34,33,33,33,-851583,8,4.863,0.015,13.784,40,0,32,0,0,35,1,1,0,0,0,1,0,0,0
20:06:55.125,1223.6,30.3,332,41.7,10.1,0,48,45.9,0,0,1,50,50,7,0,0,0,0,0,0,0,8.8,12,190,1,34,34,15,33,15,34,33,33,33,-851583,8,4.863,0.015,13.791,40,0,32,0,0,35,1,1,0,0,0,1,0,0,0
20:06:55.225,1220.9,30.3,332,40.9,10.3,0,48,45.7,0,0,1,49,48,7,0,0,0,0,0,0,0,8.4,12,190,1,34,34,15,33,15,34,33,33,33,-851583,8,4.863,0.015,13.798,40,0,32,0,0,35,1,1,0,0,0,1,0,0,0
20:06:55.325,1221.7,31.6,331,60.4,15.9,0,48,45.5,0,0,1,51,50,8,0,0,0,0,0,0,0,14.1,13,190,1,34,34,15,33,15,34,33,33,33,-851583,8,4.863,0.015,13.812,40,0,32,0,0,35,1,1,0,0,0,1,0,0,0
20:06:55.425,1236.2,30.6,331,51.3,13.6,0,48,45.6,0,0,1,50,49,7,0,0,0,0,0,0,0,10.1,13,190,1,34,34,15,34,15,34,33,33,33,-851583,8,4.863,0.015,13.839,40,0,32,0,0,35,1,1,0,0,0,1,0,0,0
20:06:55.525,1252.8,28.2,332,47.3,12.5,0,48,45.6,0,0,1,50,49,7,0,0,0,0,0,0,0,10.1,13,190,1,34,34,15,33,15,34,33,33,33,-851583,8,4.863,0.015,13.818,40,0,32,0,0,35,1,1,0,0,0,1,0,0,0
20:06:55.625,1239.9,28.3,334,25.9,6.9,0,48,45.6,0,0,1,51,49,7,0,0,0,0,0,0,0,6.4,13,190,1,34,34,15,33,15,34,33,33,33,-851583,8,4.863,0.015,13.818,40,0,32,0,0,35,1,1,0,0,0,1,0,0,0
20:06:55.725,1238.8,28,334,11.7,2.7,0,48,45.6,0,0,1,51,49,7,0,0,0,0,0,0,0,2.1,13,190,1,34,34,15,33,15,34,33,33,33,-851583,8,4.863,0.015,13.839,40,0,32,0,0,35,1,1,0,0,0,1,0,0,0
20:06:55.825,1226.1,27.5,334,8.4,2.1,0,48,45.6,0,0,1,51,49,7,0,0,0,0,0,0,0,1.7,13,190,1,34,34,15,33,15,34,33,33,33,-851583,8,4.863,0.015,13.853,40,0,32,0,0,35,1,1,0,0,0,1,0,0,0
20:06:55.925,1232,29.9,332,44.9,10.6,0,48,45.5,0,0,1,50,48,7,0,0,0,0,0,0,0,8.8,13,190,1,34,34,15,33,15,34,33,33,33,-851583,8,4.863,0.015,13.853,40,0,32,0,0,35,1,1,0,0,0,1,0,0,0
20:06:56.025,1247,31.8,332,56.2,14.4,0,48,45.3,0,0,1,51,49,7,0,0,0,0,0,0,0,12.3,13,190,1,34,34,15,33,15,34,33,33,33,-851583,8,4.863,0.015,13.859,40,0,32,0,0,35,1,1,0,0,0,1,0,0,0
20:06:56.125,1255.6,30.3,330,66.9,16.7,0,48,45.4,0,0,1,51,49,7,0,0,0,0,0,0,0,14.8,12,190,1,34,34,15,33,15,34,33,33,33,-851583,8,4.863,0.015,13.88,40,0,32,0,0,35,1,1,0,0,0,1,0,0,0
20:06:56.225,1242.1,28.3,334,22.9,5.3,0,48,45.4,0,0,1,52,48,7,0,0,0,0,0,0,0,5.3,12,190,1,34,34,15,33,15,34,33,33,33,-851583,8,4.858,0.015,13.894,40,0,32,0,0,35,1,1,0,0,0,1,0,0,0
20:06:56.325,1242.3,29.6,333,23.2,5.4,0,48,45.3,0,0,1,52,48,6,0,0,0,0,0,0,0,4.4,12,190,1,34,34,15,33,15,34,33,33,33,-851583,8,4.863,0.015,13.907,40,0,32,0,0,35,1,1,0,0,0,1,0,0,0
20:06:56.425,1234.2,24.2,336,0.3,0,0,48,45.3,0,0,1,52,48,6,0,0,0,0,0,0,0,-0.3,12,190,1,34,34,15,33,15,34,33,33,33,-851583,8,4.858,0.015,13.941,40,0,32,0,0,35,1,1,0,0,0,1,0,0,0
20:06:56.525,1228.6,25.2,334,3.9,0.5,0,48,45.2,0,0,1,52,50,6,0,0,0,0,0,0,0,0.6,13,190,1,34,34,15,33,15,34,33,33,33,-851583,8,4.863,0.015,13.989,40,0,32,0,0,35,1,1,0,0,0,1,0,0,0
20:06:56.625,1219.3,25.7,334,7.1,1.1,0,48,45.2,0,0,1,52,49,6,0,0,0,0,0,0,0,1.1,13,190,1,34,34,15,33,15,34,33,33,33,-851583,8,4.863,0.015,13.976,40,0,32,0,0,35,1,1,0,0,0,1,0,0,0
20:06:56.725,1212.1,26.6,334,7.9,1.4,0,48,45.2,0,0,1,54,50,5,0,0,0,0,0,0,0,1.3,13,190,1,34,34,15,33,15,34,33,33,33,-851583,8,4.863,0.015,14.003,40,0,32,0,0,35,1,1,0,0,0,1,0,0,0
20:06:56.825,1194.4,27.1,333,9.2,2,0,48,45.2,0,0,1,52,49,5,0,0,0,0,0,0,0,1.6,13,190,1,34,34,15,33,15,34,33,33,33,-851583,8,4.863,0.015,14.003,40,0,32,0,0,35,1,1,0,0,0,1,0,0,0
20:06:56.925,1185.9,27.6,334,10.9,2.3,0,48,45.2,0,0,1,52,49,5,0,0,0,0,0,0,0,1.9,13,190,1,34,34,15,33,15,34,33,33,33,-851583,8,4.863,0.015,14.017,40,0,32,0,0,35,1,1,0,0,0,1,0,0,0
20:06:57.025,1178.8,28.1,334,13.5,2.8,0,48,45.2,0,0,1,51,49,5,0,0,0,0,0,0,0,3,13,190,1,34,34,15,33,15,34,33,33,33,-851583,8,4.863,0.015,14.044,40,0,32,0,0,35,1,1,0,0,0,1,0,0,0
20:06:57.125,1193.4,32.3,332,61.8,13.5,0,48,45.3,0,0,1,52,50,4,0,0,0,0,0,0,0,13.4,13,190,1,34,34,15,33,15,34,33,33,33,-851583,8,4.863,0.015,14.065,40,0,32,0,0,35,1,1,0,0,0,1,0,0,0
20:06:57.225,1225.2,31.1,329,103,25.5,0,48,45.3,0,0,1,51,49,4,0,0,0,0,0,0,0,25.1,13,190,1,34,34,15,33,15,34,33,33,33,-851583,8,4.863,0.015,14.051,40,0,32,0,0,35,1,1,0,0,0,1,0,0,0
20:06:57.325,1209.9,29.8,332,52.4,12.7,0,48,45,0,0,1,50,48,4,0,0,0,0,0,0,0,11.2,13,190,1,34,34,15,33,15,34,33,33,33,-851583,8,4.863,0.015,14.078,40,0,32,0,0,35,1,1,0,0,0,1,0,0,0
20:06:57.425,1220.2,30.1,332,40.1,9.8,0,48,45,0,0,1,51,49,4,0,0,0,0,0,0,0,9.5,12,190,1,34,34,15,33,15,34,33,33,33,-851583,8,4.858,0.015,14.065,40,0,32,0,0,35,1,1,0,0,0,1,0,0,0
20:06:57.525,1168.2,22.6,336,0,0,0,48,45.9,0,0,1,51,49,4,0,0,0,0,0,0,0,0,12,190,1,34,34,15,33,15,34,33,33,33,-851583,8,4.863,0.015,14.112,40,0,32,0,0,35,1,1,0,0,0,1,0,0,0
20:06:57.625,1189.7,22.6,336,0,0,0,48,45.9,0,0,1,51,49,4,0,0,0,0,0,0,0,0,12,190,1,34,34,15,33,15,34,33,33,33,-851583,8,4.863,0.015,14.099,40,0,32,0,0,35,1,1,0,0,0,1,0,0,0
20:06:57.725,1178.9,22.3,336,0,0,0,48,45.9,0,0,1,51,48,4,0,0,0,0,0,0,0,0,13,190,1,34,34,15,33,15,34,33,33,33,-851583,8,4.863,0.015,14.106,40,0,32,0,0,35,1,1,0,0,0,1,0,0,0
20:06:57.825,1171.2,20.8,336,0,0,0,48,45.9,0,0,1,51,49,4,0,0,0,0,0,0,0,0,13,190,1,34,34,15,33,15,34,33,33,33,-851583,8,4.863,0.015,14.112,40,0,32,0,0,35,1,1,0,0,0,1,0,0,0
20:06:57.925,1164.4,22.1,337,0,0,0,48,45.9,0,0,1,50,48,4,0,0,0,0,0,0,0,0,13,190,1,34,34,15,34,15,34,33,33,33,-851583,8,4.863,0.015,14.106,40,0,32,0,0,35,1,1,0,0,0,1,0,0,0
20:06:58.025,1141.4,21.5,338,0,0,0,48,45.8,0,0,1,51,48,4,0,0,0,0,0,0,0,0,13,190,1,34,34,15,33,15,34,33,33,33,-851583,8,4.863,0.015,14.085,41,0,32,0,0,35,1,1,0,0,0,1,0,0,0
20:06:58.125,1125,21,337,0,0,0,48,45.9,0,0,1,49,49,4,0,0,0,0,0,0,0,0,13,190,1,34,34,15,15,15,34,33,33,33,-851583,8,4.863,0.015,14.106,40,0,32,0,0,35,1,1,0,0,0,1,0,0,0
20:06:58.225,1115.8,21,336,0,0,0,48,45.9,0,0,1,51,48,4,0,0,0,0,0,0,0,0,13,190,1,34,34,15,33,15,34,33,33,33,-851583,8,4.863,0.015,14.119,40,0,32,0,0,35,1,1,0,0,0,1,0,0,0
20:06:58.325,1097.1,20.2,337,0,0,0,48,45.8,0,0,1,50,49,4,0,0,0,0,0,0,0,0,13,190,1,34,34,15,34,15,34,33,33,33,-851583,8,4.863,0.015,14.099,40,0,32,0,0,35,1,1,0,0,0,1,0,0,0
20:06:58.425,1085.6,19.5,336,0,0,0,48,45.9,0,0,1,50,48,4,0,0,0,0,0,0,0,0,13,190,1,34,34,15,34,15,34,33,33,33,-851583,8,4.863,0.015,14.112,40,0,32,0,0,35,1,1,0,0,0,1,0,0,0
20:06:58.525,1062,19.4,336,0,0,0,48,45.9,0,0,1,51,49,4,0,0,0,0,0,0,0,0,13,190,1,34,34,15,33,15,34,33,33,33,-851583,8,4.863,0.015,14.112,40,0,32,0,0,35,1,1,0,0,0,1,0,0,0
20:06:58.625,1052.8,19.8,336,0,0,0,48,45.9,0,0,1,50,49,4,0,0,0,0,0,0,0,0,13,190,1,34,34,15,34,15,34,33,33,33,-851583,8,4.863,0.015,14.106,40,0,32,0,0,35,1,1,0,0,0,1,0,0,0
20:06:58.725,1043.7,19.1,336,0,0,0,48,45.9,0,0,1,51,49,4,0,0,0,0,0,0,0,0,13,190,1,34,34,15,34,15,34,33,33,33,-851583,8,4.863,0.015,14.106,40,0,32,0,0,35,1,1,0,0,0,1,0,0,0
20:06:58.825,1021.8,18.8,336,0,0,0,48,45.9,0,0,1,50,49,4,0,0,0,0,0,0,0,0,13,190,1,34,34,15,34,15,34,33,33,33,-851583,8,4.863,0.015,14.106,40,0,32,0,0,35,1,1,0,0,0,1,0,0,0
20:06:58.925,1015,18.9,336,0,0,0,48,45.9,0,0,1,51,49,4,0,0,0,0,0,0,0,0,13,190,1,34,34,15,34,15,34,33,33,33,-851583,8,4.863,0.015,14.119,40,0,32,0,0,35,1,1,0,0,0,1,0,0,0
20:06:59.025,992.4,18.3,336,0,0,0,48,45.9,0,0,1,50,48,4,0,0,0,0,0,0,0,0,13,190,1,34,34,15,34,15,34,33,33,33,-851583,8,4.863,0.015,14.092,40,0,32,0,0,35,1,1,0,0,0,1,0,0,0
20:06:59.125,983,18.1,336,0,0,0,47.9,45.9,0,0,1,50,48,4,0,0,0,0,0,0,0,0,13,190,1,34,34,15,33,15,34,33,33,33,-851583,8,4.863,0.015,14.106,40,0,32,0,0,35,1,1,0,0,0,1,0,0,0
20:06:59.225,957.7,17.6,335,0,0,0,47.9,45.9,0,0,1,50,48,4,0,0,0,0,0,0,0,0,13,190,1,34,34,15,33,15,34,33,33,33,-851583,8,4.863,0.015,14.112,40,0,32,0,0,35,1,1,0,0,0,1,0,0,0
20:06:59.325,946.7,17.6,336,0,0,0,47.9,45.8,0,0,1,50,48,4,0,0,0,0,0,0,0,0,13,190,1,34,34,15,33,15,34,33,33,33,-851583,8,4.863,0.015,14.112,40,0,32,0,0,35,1,1,0,0,0,1,0,0,0
20:06:59.425,918.4,16.7,336,0,0,0,47.9,45.9,0,0,1,50,49,4,0,0,0,0,0,0,0,0,13,190,1,34,34,15,33,15,34,33,33,33,-851583,8,4.863,0.015,14.112,40,0,32,0,0,35,1,1,0,0,0,1,0,0,0
20:06:59.525,898.3,16.4,335,0,0,0,47.2,45.8,0,0,1,50,48,4,0,0,0,0,0,0,0,0,13,190,1,34,34,15,33,15,34,33,33,33,-851583,8,4.863,0.015,14.133,40,0,32,0,0,35,1,1,0,0,0,1,0,0,0
20:06:59.625,865.2,16.3,336,0,0,0,47,45.9,0,0,1,50,48,4,0,0,0,0,0,0,0,0,13,190,1,34,34,15,33,15,34,33,33,33,-851583,8,4.863,0.015,14.14,40,0,32,0,0,35,1,1,0,0,0,1,0,0,0
20:06:59.725,853.2,16,337,0,0,0,47,45.9,0,0,1,51,49,4,0,0,0,0,0,0,0,0,13,190,1,34,34,15,33,15,34,33,33,33,-851583,8,4.863,0.015,14.106,40,0,32,0,0,35,1,1,0,0,0,1,0,0,0
20:06:59.825,823,15.8,337,0,0,0,47,45.8,0,0,1,50,48,4,0,0,0,0,0,0,0,0,13,190,1,34,34,15,33,15,34,33,33,33,-851583,8,4.863,0.015,14.119,40,0,32,0,0,35,1,1,0,0,0,1,0,0,0
20:06:59.925,821.4,14.8,337,0,0,0,47,45.9,0,0,1,50,49,4,0,0,0,0,0,0,0,0,13,190,1,34,34,15,33,15,34,33,33,33,-851583,8,4.863,0.015,14.106,40,0,32,0,0,35,1,1,0,0,0,1,0,0,0
20:07:00.025,807.2,15.4,336,0,0,0,47,45.8,0,0,1,54,48,4,0,0,0,0,0,0,0,0,13,190,1,34,34,15,33,15,34,33,33,33,-851583,8,4.858,0.015,14.126,40,0,32,0,0,35,1,1,0,0,0,1,0,0,0
20:07:00.125,802.8,14.2,336,0,0,0,47,45.8,0,0,1,52,48,4,0,0,0,0,0,0,0,0,13,190,1,34,34,15,33,15,34,33,33,33,-851583,8,4.863,0.015,14.112,40,0,32,0,0,35,1,1,0,0,0,1,0,0,0
20:07:00.225,788.4,14.3,337,0,0,0,47,45.9,0,0,1,54,49,4,0,0,0,0,0,0,0,0,13,190,1,34,34,15,33,15,34,33,33,33,-851583,8,4.863,0.015,14.106,40,0,32,0,0,35,1,1,0,0,0,1,0,0,0
20:07:00.325,786.1,14.7,336,0,0,0,47,45.9,0,0,1,52,49,4,0,0,0,0,0,0,0,0,13,190,1,34,34,15,33,15,34,33,33,33,-851583,8,4.863,0.015,14.106,40,0,32,0,0,35,1,1,0,0,0,1,0,0,0
20:07:00.425,768.8,13.8,337,0,0,0,47,45.8,0,0,1,51,49,4,0,0,0,0,0,0,0,0,13,190,1,34,34,15,33,15,34,33,33,33,-851583,8,4.863,0.015,14.078,40,0,32,0,0,35,1,1,0,0,0,1,0,0,0
20:07:00.525,755.5,14.5,337,0,0,0,47,45.8,0,0,1,52,50,4,0,0,0,0,0,0,0,0,13,190,1,34,34,15,33,15,34,33,33,33,-851583,8,4.863,0.015,14.112,40,0,32,0,0,35,1,1,0,0,0,1,0,0,0
20:07:00.625,736.5,13.3,336,0,0,0,47,45.7,0,0,1,51,49,4,0,0,0,0,0,0,0,0,13,190,1,34,34,15,33,15,34,33,33,33,-851583,8,4.863,0.015,14.126,40,0,32,0,0,35,1,1,0,0,0,1,0,0,0
20:07:00.725,717.2,12.9,337,0,0,0,47,45.7,0,0,1,52,48,4,0,0,0,0,0,0,0,0,13,190,1,34,34,15,33,15,34,33,33,33,-851583,8,4.863,0.015,14.085,40,0,32,0,0,35,1,1,0,0,0,1,0,0,0
20:07:00.825,696.9,12.9,337,0,0,0,47,45.8,0,0,1,51,48,4,0,0,0,0,0,0,0,0,13,190,1,34,34,15,33,15,34,33,33,33,-851583,8,4.863,0.015,14.092,40,0,32,0,0,35,1,1,0,0,0,1,0,0,0
20:07:00.925,673.1,12.8,336,0,0,0,47,45.7,0,0,1,51,49,4,0,0,0,0,0,0,0,0,13,190,1,34,34,15,33,15,34,33,33,33,-851583,8,4.863,0.015,14.092,40,0,32,0,0,35,1,1,0,0,0,1,0,0,0
20:07:01.025,649.5,12.8,336,0,0,0,47,45.7,0,0,1,51,49,4,0,0,0,0,0,0,0,0,13,190,1,34,34,15,33,15,34,33,33,33,-851583,8,4.863,0.015,14.078,40,0,32,0,0,35,1,1,0,0,0,1,0,0,0
20:07:01.125,630.8,11.2,337,0,0,0,47,45.8,0,0,1,51,48,4,0,0,0,0,0,0,0,0,13,190,1,34,34,15,33,15,34,33,33,33,-851583,8,4.863,0.015,14.092,40,0,32,0,0,35,1,1,0,0,0,1,0,0,0
20:07:01.225,616.5,11.8,338,0,0,0,47,45.8,0,0,1,50,48,4,0,0,0,0,0,0,0,0,13,190,1,34,34,15,33,15,34,33,33,33,-851583,8,4.863,0.015,14.092,40,0,32,0,0,35,1,1,0,0,0,1,0,0,0
20:07:01.325,593.6,11.2,337,0,0,0,47,45.8,0,0,1,51,49,4,0,0,0,0,0,0,0,0,13,190,1,34,34,15,33,15,34,33,33,33,-851583,8,4.863,0.015,14.071,40,0,32,0,0,35,1,1,0,0,0,1,0,0,0
20:07:01.425,578,10.2,337,0,0,0,47,45.7,0,0,1,50,48,4,0,0,0,0,0,0,0,0,13,190,1,34,34,15,34,15,34,33,33,33,-851583,8,4.863,0.015,14.085,40,0,32,0,0,35,1,1,0,0,0,1,0,0,0
20:07:01.525,555.8,10.1,337,0,0,0,47,45.8,0,0,1,51,48,4,0,0,0,0,0,0,0,0,13,190,1,34,34,15,33,15,34,33,33,33,-851583,8,4.863,0.015,14.051,40,0,32,0,0,35,1,1,0,0,0,1,0,0,0
20:07:01.625,529.7,9.4,337,0,0,0,47,45.6,0,0,1,51,48,4,0,0,0,0,0,0,0,0,13,190,1,34,34,15,33,15,34,33,33,33,-851583,8,4.863,0.015,14.085,40,0,32,0,0,35,1,1,0,0,0,1,0,0,0
20:07:01.725,510.2,9.9,337,0,0,0,47,45.6,0,0,1,50,48,4,0,0,0,0,0,0,0,0,13,190,1,34,34,15,33,15,34,33,33,33,-851583,8,4.863,0.015,14.037,40,0,32,0,0,35,1,1,0,0,0,1,0,0,0
20:07:01.825,475.2,9.2,336,0,0,0,47,45.7,0,0,1,51,49,4,0,0,0,0,0,0,0,0,13,190,1,34,34,15,33,15,34,33,33,33,-851583,8,4.863,0.015,14.044,40,0,32,0,0,35,1,1,0,0,0,1,0,0,0
20:07:01.925,441.2,7.3,336,0,0,0,47,45.6,0,0,1,50,48,5,0,0,0,0,0,0,0,0,13,190,1,34,34,15,33,15,34,33,33,33,-851583,8,4.863,0.015,14.024,40,0,32,0,0,35,1,1,0,0,0,1,0,0,0
20:07:02.025,400.8,7.5,337,0,0,0,47,45.7,0,0,1,51,48,5,0,0,0,0,0,0,0,0,13,190,1,34,34,15,33,15,34,33,33,33,-851583,8,4.863,0.015,14.024,40,0,32,0,0,35,1,1,0,0,0,1,0,0,0
20:07:02.125,362.7,6.6,336,0,0,0,47,45.7,0,0,1,50,48,5,0,0,0,0,0,0,0,0,13,190,1,34,34,15,33,15,34,33,33,33,-851583,8,4.863,0.015,14.01,40,0,32,0,0,35,1,1,0,0,0,1,0,0,0
20:07:02.225,313.6,4.8,337,0,0,0,47,45.7,0,0,1,50,48,5,0,0,0,0,0,0,0,0,13,190,1,34,34,15,33,15,34,33,33,33,-851583,8,4.863,0.015,13.976,40,0,32,0,0,35,1,1,0,0,0,1,0,0,0
20:07:02.325,263.5,5,336,0,0,0,46.9,45.8,0,0,1,50,47,5,0,0,0,0,0,0,0,0,13,190,1,34,34,15,33,15,34,33,33,33,-851583,8,4.863,0.015,13.996,40,0,32,0,0,35,1,1,0,0,0,1,0,0,0
20:07:02.425,216.7,3.1,337,0,0,0,46.9,45.5,0,0,1,51,49,5,0,0,0,0,0,0,0,0,13,190,1,34,34,15,33,15,34,33,33,33,-851583,8,4.863,0.015,13.969,40,0,32,0,0,35,1,1,0,0,0,1,0,0,0
20:07:02.525,168.1,2.6,337,0,0,0,46.9,45.6,0,0,1,51,49,6,0,0,0,0,0,0,0,0,13,190,1,34,34,15,33,15,34,33,33,33,-851583,8,4.858,0.015,13.969,40,0,32,0,0,35,1,1,0,0,0,1,0,0,0
20:07:02.625,130,1.5,337,0,0,0,46.9,45.5,0,0,1,50,48,6,0,0,0,0,0,0,0,0,13,190,1,34,34,15,33,15,34,33,33,33,-851583,8,4.863,0.015,13.989,40,0,32,0,0,35,1,1,0,0,0,1,0,0,0
20:07:02.725,104.6,2.1,337,0,0,0,46.9,45.8,0,0,1,50,49,6,0,0,0,0,0,0,0,0,13,190,1,34,34,15,33,15,34,33,33,33,-851583,8,4.858,0.015,13.962,40,0,32,0,0,35,1,1,0,0,0,1,0,0,0
20:07:02.825,86.6,1.1,337,0,0,0,46.9,45.5,0,0,1,51,48,6,0,0,0,0,0,0,0,0,13,190,1,34,34,15,33,15,34,33,33,33,-851583,8,4.858,0.015,13.941,40,0,32,0,0,35,1,1,0,0,0,1,0,0,0
20:07:02.925,71.2,1.2,337,0,0,0,46.7,45.8,0,0,1,51,50,6,0,0,0,0,0,0,0,0,13,190,1,34,34,15,33,15,34,33,33,33,-851583,8,4.863,0.015,13.866,40,0,32,0,0,35,1,1,0,0,0,1,0,0,0
20:07:03.025,56.8,1.1,336,0,0,0,46,45.8,0,0,1,51,49,7,0,0,0,0,0,0,0,0,13,190,1,34,34,15,33,15,34,33,33,33,-851583,8,4.863,0.015,13.846,40,0,32,0,0,35,1,1,0,0,0,1,0,0,0
20:07:03.125,43.4,0.2,337,0,0,0,46,45.5,0,0,1,50,48,7,0,0,0,0,0,0,0,0,13,190,1,34,34,15,33,15,34,33,33,33,-851583,8,4.863,0.015,13.812,40,0,32,0,0,35,1,1,0,0,0,1,0,0,0
20:07:03.225,30.8,0.9,336,0,0,0,46,45.5,0,0,1,50,48,7,0,0,0,0,0,0,0,0,13,190,1,34,34,15,33,15,34,33,33,33,-851583,8,4.863,0.015,13.839,40,0,32,0,0,35,1,1,0,0,0,1,0,0,0
20:07:03.325,21.1,0.6,337,0,0,0,46,45.4,0,0,1,49,48,7,0,0,0,0,0,0,0,0,13,190,1,34,34,15,33,15,34,33,33,33,-851583,8,4.863,0.015,13.859,40,0,32,0,0,35,1,1,0,0,0,1,0,0,0
20:07:03.425,12.6,-0.4,336,0,0,0,46,45.5,0,0,1,50,49,7,0,0,0,0,0,0,0,0,13,190,1,34,34,15,33,15,34,33,33,33,-851583,8,4.863,0.015,13.839,40,0,32,0,0,35,1,1,0,0,0,1,0,0,0
20:07:03.525,4.2,-0.3,336,0,0,0,46,45.2,0,0,1,50,48,7,0,0,0,0,0,0,0,0,13,190,1,34,34,15,33,15,34,33,33,33,-851583,8,4.863,0.015,13.866,40,0,32,0,0,35,1,1,0,0,0,1,0,0,0
20:07:03.625,-0.2,-0.5,337,0,0,0,46,45.6,0,0,1,50,48,7,0,0,0,0,0,0,0,0,13,190,1,34,34,15,33,15,34,33,33,33,-851583,8,4.863,0.015,13.846,40,0,32,0,0,35,1,1,0,0,0,1,0,0,0
20:07:03.725,-0.2,-0.4,337,0,0,0,46,45.4,0,0,1,54,49,7,0,0,0,0,0,0,0,0,13,190,1,34,34,15,33,15,34,33,33,33,-851583,8,4.863,0.015,13.859,40,0,32,0,0,35,1,1,0,0,0,1,0,0,0
20:07:03.825,0.1,-0.3,337,0,0,0,46,45.2,0,0,1,52,49,7,0,0,0,0,0,0,0,0,13,190,1,34,34,15,33,15,34,33,33,33,-851583,8,4.863,0.015,13.825,40,0,32,0,0,35,1,1,0,0,0,1,0,0,0
20:07:03.925,0,-0.3,336,0,0,0,46,45.3,0,0,1,52,48,7,0,0,0,0,0,0,0,0,13,190,1,34,34,15,34,15,34,33,33,33,-851583,8,4.863,0.015,13.839,40,0,32,0,0,35,1,1,0,0,0,1,0,0,0
20:07:04.025,0,-0.5,337,0,0,0,46,45.2,0,0,1,52,49,7,0,0,0,0,0,0,0,0,13,190,1,34,34,15,33,15,34,33,33,33,-851583,8,4.858,0.015,13.887,40,0,32,0,0,35,1,1,0,0,0,1,0,0,0
20:07:04.125,0,-0.4,336,0,0,0,46,45.1,0,0,1,54,49,7,0,0,0,0,0,0,0,0,13,190,1,34,34,15,15,15,34,33,33,33,-851583,8,4.863,0.015,13.88,40,0,32,0,0,35,1,1,0,0,0,1,0,0,0
20:07:04.225,0,-0.4,337,0,0,0,46,45.1,0,0,1,52,50,7,0,0,0,0,0,0,0,0,13,190,1,34,34,15,33,15,34,33,33,33,-851583,8,4.863,0.015,13.853,40,0,32,0,0,35,1,1,0,0,0,1,0,0,0
20:07:04.325,0,-0.6,337,0,0,0,46,45.2,0,0,1,52,49,7,0,0,0,0,0,0,0,0,13,190,1,34,34,15,34,15,34,33,33,33,-851583,8,4.858,0.015,13.914,40,0,32,0,0,35,1,1,0,0,0,1,0,0,0
20:07:04.425,0,-0.4,336,0,0,0,46,45,0,0,1,52,50,7,0,0,0,0,0,0,0,0,13,190,1,34,34,15,34,15,34,33,33,33,-851583,8,4.863,0.015,13.887,40,0,32,0,0,35,1,1,0,0,0,1,0,0,0
20:07:04.525,0,-0.6,336,0,0,0,46,45,0,0,1,52,49,7,0,0,0,0,0,0,0,0,13,190,1,34,34,15,33,15,34,33,33,33,-851583,8,4.858,0.015,13.928,40,0,32,0,0,35,1,1,0,0,0,1,0,0,0
20:07:04.625,0,-0.4,337,0,0,0,46,45,0,0,1,50,48,7,0,0,0,0,0,0,0,0,13,190,1,34,34,15,34,15,34,33,33,33,-851583,8,4.858,0.015,13.941,40,0,32,0,0,35,1,1,0,0,0,1,0,0,0
20:07:04.725,0,-0.4,337,0,0,0,46,45,0,0,1,51,50,6,0,0,0,0,0,0,0,0,13,190,1,34,34,15,34,15,34,33,33,33,-851583,8,4.863,0.015,13.982,40,0,32,0,0,35,1,1,0,0,0,1,0,0,0
20:07:04.825,0,-0.5,337,0,0,0,46,45,0,0,1,51,49,6,0,0,0,0,0,0,0,0,13,190,1,34,34,15,34,15,34,33,33,33,-851583,8,4.863,0.015,14.037,40,0,32,0,0,35,1,1,0,0,0,1,0,0,0
20:07:04.925,0,-0.4,337,0,0,0,46,45,0,0,1,51,48,6,0,0,0,0,0,0,0,0,13,190,1,34,34,15,34,15,34,33,33,33,-851583,8,4.863,0.015,14.044,40,0,32,0,0,35,1,1,0,0,0,1,0,0,0
20:07:05.025,0,-0.5,337,0,0,0,46,45,0,0,1,51,48,5,0,0,0,0,0,0,0,0,13,190,1,34,34,15,34,15,34,33,33,33,-851583,8,4.863,0.015,14.065,40,0,32,0,0,35,1,1,0,0,0,1,0,0,0
20:07:05.125,0,-0.4,337,0,0,0,46,45,0,0,1,50,48,5,0,0,0,0,0,0,0,0,13,190,1,34,34,15,33,15,34,33,33,33,-851583,8,4.863,0.015,14.058,40,0,32,0,0,35,1,1,0,0,0,1,0,0,0
20:07:05.225,0,-0.5,337,0,0,0,46,45,0,0,1,50,48,5,0,0,0,0,0,0,0,0,13,190,1,34,34,15,33,15,34,33,33,33,-851583,8,4.863,0.015,14.058,40,0,32,0,0,35,1,1,0,0,0,1,0,0,0
20:07:05.325,0,-0.4,337,0,0,0,46,45,0,0,1,51,48,4,0,0,0,0,0,0,0,0,13,190,1,34,34,15,33,15,34,33,33,33,-851583,8,4.863,0.015,14.092,41,0,32,0,0,35,1,1,0,0,0,1,0,0,0
20:07:05.425,0,-0.4,338,0,0,0,46,45,0,0,1,51,49,4,0,0,0,0,0,0,0,0,13,190,1,34,34,15,33,15,34,33,33,33,-851583,8,4.863,0.015,14.099,40,0,32,0,0,35,1,1,0,0,0,1,0,0,0
20:07:05.525,0,-0.5,337,0,0,0,46,45,0,0,1,50,48,4,0,0,0,0,0,0,0,0,13,190,1,34,34,15,33,15,34,33,33,33,-851583,8,4.863,0.015,14.085,40,0,32,0,0,35,1,1,0,0,0,1,0,0,0
20:07:05.625,0,-0.3,337,0,0,0,46,45,0,0,1,50,48,4,0,0,0,0,0,0,0,0,13,190,1,34,34,15,33,15,34,33,33,33,-851583,8,4.863,0.015,14.099,40,0,32,0,0,35,1,1,0,0,0,1,0,0,0
20:07:05.725,0,-0.5,337,0,0,0,46,45,0,0,1,51,48,4,0,0,0,0,0,0,0,0,13,190,1,34,34,15,34,15,34,33,33,33,-851583,8,4.863,0.015,14.112,40,0,32,0,0,35,1,1,0,0,0,1,0,0,0
20:07:05.825,0,-0.5,337,0,0,0,46,45,0,0,1,51,49,4,0,0,0,0,0,0,0,0,13,190,1,34,34,15,33,15,34,33,33,33,-851583,8,4.863,0.015,14.112,40,0,32,0,0,35,1,1,0,0,0,1,0,0,0
20:07:05.925,0,-0.5,336,0,0,0,46,45,0,0,1,50,48,4,0,0,0,0,0,0,0,0,13,190,1,34,34,15,33,15,34,33,33,33,-851583,8,4.863,0.015,14.119,40,0,32,0,0,35,1,1,0,0,0,1,0,0,0
20:07:06.025,0,-0.5,337,0,0,0,46,45,0,0,1,51,48,4,0,0,0,0,0,0,0,0,13,190,1,34,34,15,33,15,34,33,33,33,-851583,8,4.863,0.015,14.119,40,0,32,0,0,35,1,1,0,0,0,1,0,0,0
20:07:06.125,0,-0.4,337,0,0,0,46,45,0,0,1,50,48,4,0,0,0,0,0,0,0,0,13,190,1,34,34,15,33,15,34,33,33,33,-851583,8,4.863,0.015,14.112,40,0,32,0,0,35,1,1,0,0,0,1,0,0,0
20:07:06.225,0,-0.4,338,0,0,0,46,45,0,0,1,51,49,4,0,0,0,0,0,0,0,0,13,190,1,34,34,15,33,15,34,33,33,33,-851583,8,4.863,0.015,14.112,40,0,32,0,0,35,1,1,0,0,0,1,0,0,0
20:07:06.325,0,-0.5,337,0,0,0,46,45.1,0,0,1,51,48,4,0,0,0,0,0,0,0,0,13,190,1,34,34,15,33,15,34,33,33,33,-851583,8,4.863,0.015,14.078,40,0,32,0,0,35,1,1,0,0,0,1,0,0,0
20:07:06.425,0,-0.4,337,0,0,0,46,45,0,0,1,51,48,4,0,0,0,0,0,0,0,0,13,190,1,34,34,15,33,15,34,33,33,33,-851583,8,4.863,0.015,14.126,40,0,32,0,0,35,1,1,0,0,0,1,0,0,0
20:07:06.525,0,-0.2,337,0,0,0,46,45,0,0,1,50,48,4,0,0,0,0,0,0,0,0,13,190,1,34,34,15,33,15,34,33,33,33,-851583,8,4.863,0.015,14.085,40,0,32,0,0,35,1,1,0,0,0,1,0,0,0
20:07:06.625,0.1,-0.5,337,0,0,0,46,45,0,0,1,51,48,4,0,0,0,0,0,0,0,0,13,190,1,34,34,15,33,15,34,33,33,33,-851583,8,4.863,0.015,14.099,40,0,32,0,0,35,1,1,0,0,0,1,0,0,0
20:07:06.725,-0.1,-0.6,337,0,0,0,45.9,45,0,0,1,51,48,4,0,0,0,0,0,0,0,0,13,190,1,34,34,15,33,15,34,33,33,33,-851583,8,4.863,0.015,14.085,40,0,32,0,0,35,1,1,0,0,0,1,0,0,0
20:07:06.825,0,-0.5,338,0,0,0,45.8,45,0,0,1,50,48,4,0,0,0,0,0,0,0,0,13,190,1,34,34,15,33,15,34,33,33,33,-851583,8,4.863,0.015,14.092,40,0,32,0,0,35,1,1,0,0,0,1,0,0,0
20:07:06.925,0,-0.4,337,0,0,0,45.1,45,0,0,1,51,48,4,0,0,0,0,0,0,0,0,13,190,1,34,34,15,33,15,34,33,33,33,-851583,8,4.863,0.015,14.099,40,0,32,0,0,35,1,1,0,0,0,1,0,0,0
20:07:07.025,0,-0.4,337,0,0,0,45,45,0,0,1,51,48,4,0,0,0,0,0,0,0,0,13,190,1,34,34,15,33,15,34,33,33,33,-851583,8,4.863,0.015,14.092,40,0,32,0,0,35,1,1,0,0,0,1,0,0,0
20:07:07.125,0,-0.6,336,0,0,0,45,45,0,0,1,51,48,4,0,0,0,0,0,0,0,0,13,190,1,34,34,15,33,15,34,33,33,33,-851583,8,4.863,0.015,14.085,40,0,32,0,0,35,1,1,0,0,0,1,0,0,0
20:07:07.225,0,-0.3,337,0,0,0,45,45,0,0,1,51,48,4,0,0,0,0,0,0,0,0,13,190,1,34,34,15,33,15,34,33,33,33,-851583,8,4.863,0.015,14.106,40,0,32,0,0,35,1,1,0,0,0,1,0,0,0
20:07:07.325,0,-0.4,337,0,0,0,45,45,0,0,1,51,48,4,0,0,0,0,0,0,0,0,13,190,1,34,34,15,33,15,34,33,33,33,-851583,8,4.863,0.015,14.099,40,0,32,0,0,35,1,1,0,0,0,1,0,0,0
20:07:07.425,0,-0.6,335,0,0,0,45,45,0,0,1,51,48,4,0,0,0,0,0,0,0,0,13,190,1,34,34,15,34,15,34,33,33,33,-851583,8,4.863,0.015,14.133,40,0,32,0,0,35,1,1,0,0,0,1,0,0,0
20:07:07.525,0,-0.6,336,0,0,0,45,45,0,0,1,51,48,4,0,0,0,0,0,0,0,0,13,190,1,34,34,15,33,15,34,33,33,33,-851583,8,4.858,0.015,14.106,40,0,32,0,0,35,1,1,0,0,0,1,0,0,0
20:07:07.625,0,-0.6,337,0,0,0,45,45,0,0,1,54,48,4,0,0,0,0,0,0,0,0,13,190,1,34,34,15,33,15,34,33,33,33,-851583,8,4.863,0.015,14.099,40,0,32,0,0,35,1,1,0,0,0,1,0,0,0
20:07:07.725,0,-0.4,338,0,0,0,45,45,0,0,1,54,49,4,0,0,0,0,0,0,0,0,13,190,1,34,34,15,33,15,34,33,33,33,-851583,8,4.863,0.015,14.126,40,0,32,0,0,35,1,1,0,0,0,1,0,0,0
20:07:07.825,0,-0.6,336,0,0,0,45,45,0,0,1,54,49,4,0,0,0,0,0,0,0,0,13,190,1,34,34,15,33,15,34,33,33,33,-851583,8,4.863,0.015,14.078,40,0,32,0,0,35,1,1,0,0,0,1,0,0,0
20:07:07.925,0,-0.5,337,0,0,0,45,45,0,0,1,54,49,4,0,0,0,0,0,0,0,0,13,190,1,34,34,15,33,15,34,33,33,33,-851583,8,4.863,0.015,14.106,40,0,32,0,0,35,1,1,0,0,0,1,0,0,0
20:07:08.025,0,-0.5,338,0,0,0,45,45,0,0,1,52,49,4,0,0,0,0,0,0,0,0,13,190,1,34,34,15,33,15,34,33,33,33,-851583,8,4.863,0.015,14.078,40,0,32,0,0,35,1,1,0,0,0,1,0,0,0
20:07:08.125,0,-0.5,337,0,0,0,45,45,0,0,1,54,49,4,0,0,0,0,0,0,0,0,13,190,1,34,34,15,33,15,34,33,33,33,-851583,8,4.863,0.015,14.085,40,0,32,0,0,35,1,1,0,0,0,1,0,0,0
20:07:08.225,0,-0.5,336,0,0,0,45,45,0,0,1,52,50,4,0,0,0,0,0,0,0,0,13,190,1,34,34,15,33,15,34,33,33,33,-851583,8,4.863,0.015,14.085,40,0,32,0,0,35,1,1,0,0,0,1,0,0,0
20:07:08.325,0,-0.4,337,0,0,0,45,45,0,0,1,52,49,4,0,0,0,0,0,0,0,0,13,190,1,34,34,15,33,15,34,33,33,33,-851583,8,4.863,0.015,14.071,40,0,32,0,0,35,1,1,0,0,0,1,0,0,0
20:07:08.425,0,-0.5,338,0,0,0,45,45,0,0,1,52,50,4,0,0,0,0,0,0,0,0,13,190,1,34,34,15,33,15,34,33,33,33,-851583,8,4.863,0.015,14.071,40,0,32,0,0,35,1,1,0,0,0,1,0,0,0
20:07:08.525,0,-0.4,336,0,0,0,45,45,0,0,1,52,48,4,0,0,0,0,0,0,0,0,13,190,1,34,34,15,33,15,34,33,33,33,-851583,8,4.863,0.015,14.044,40,0,32,0,0,35,1,1,0,0,0,1,0,0,0
20:07:08.625,0,-0.4,338,0,0,0,45,45,0,0,1,51,49,4,0,0,0,0,0,0,0,0,13,190,1,34,34,15,33,15,34,33,33,33,-851583,8,4.858,0.015,14.037,40,0,32,0,0,35,1,1,0,0,0,1,0,0,0
20:07:08.725,0,-0.4,337,0,0,0,45,45,0,0,1,51,49,4,0,0,0,0,0,0,0,0,13,190,1,34,34,15,33,15,34,33,33,33,-851583,8,4.863,0.015,14.044,40,0,32,0,0,35,1,1,0,0,0,1,0,0,0
20:07:08.825,0,-0.5,338,0,0,0,45,45,0,0,1,51,49,5,0,0,0,0,0,0,0,0,13,190,1,34,34,15,33,15,34,33,33,33,-851583,8,4.863,0.015,14.051,40,0,32,0,0,35,1,1,0,0,0,1,0,0,0
20:07:08.925,0,-0.5,337,0,0,0,45,45,0,0,1,51,49,5,0,0,0,0,0,0,0,0,13,190,1,34,34,15,33,15,34,33,33,33,-851583,8,4.863,0.015,14.003,40,0,32,0,0,35,1,1,0,0,0,1,0,0,0
20:07:09.025,0,-0.6,337,0,0,0,45,45,0,0,1,51,48,5,0,0,0,0,0,0,0,0,13,190,1,34,34,15,33,15,34,33,33,33,-851583,8,4.858,0.015,14.003,40,0,32,0,0,35,1,1,0,0,0,1,0,0,0
20:07:09.125,0,-0.4,337,0,0,0,45,45,0,0,1,52,49,5,0,0,0,0,0,0,0,0,13,190,1,34,34,15,33,15,34,33,33,33,-851583,8,4.858,0.015,13.969,40,0,32,0,0,35,1,1,0,0,0,1,0,0,0
20:07:09.225,0,-0.4,337,0,0,0,45,45,0,0,1,51,48,6,0,0,0,0,0,0,0,0,13,190,1,34,34,15,33,15,34,33,33,33,-851583,8,4.863,0.015,13.935,40,0,32,0,0,35,1,1,0,0,0,1,0,0,0
20:07:09.325,0,-0.4,338,0,0,0,45,45,0,0,1,51,49,6,0,0,0,0,0,0,0,0,13,190,1,34,34,15,33,15,34,33,33,33,-851583,8,4.858,0.015,13.928,40,0,32,0,0,35,1,1,0,0,0,1,0,0,0
20:07:09.425,0,-0.5,338,0,0,0,45,45,0,0,1,51,48,6,0,0,0,0,0,0,0,0,13,190,1,34,34,15,33,15,34,33,33,33,-851583,8,4.863,0.015,13.839,40,0,32,0,0,35,1,1,0,0,0,1,0,0,0
20:07:09.525,0,-0.4,336,0,0,0,45,45,0,0,1,52,48,7,0,0,0,0,0,0,0,0,13,190,1,34,34,15,33,15,34,33,33,33,-851583,8,4.863,0.015,13.805,40,0,32,0,0,35,1,1,0,0,0,1,0,0,0
20:07:09.625,0,-0.4,337,0,0,0,45,45,0,0,1,51,48,7,0,0,0,0,0,0,0,0,13,190,1,34,34,15,33,15,34,33,33,33,-851583,8,4.863,0.015,13.832,40,0,32,0,0,35,1,1,0,0,0,1,0,0,0
20:07:09.725,0,-0.7,337,0,0,0,45,45,0,0,1,52,49,7,0,0,0,0,0,0,0,0,13,190,1,34,34,15,33,15,34,33,33,33,-851583,8,4.863,0.015,13.859,40,0,32,0,0,35,1,1,0,0,0,1,0,0,0
20:07:09.825,0,-0.4,337,0,0,0,45,45,0,0,1,51,47,7,0,0,0,0,0,0,0,0,13,190,1,34,34,15,33,15,34,33,33,33,-851583,8,4.863,0.015,13.825,40,0,32,0,0,35,1,1,0,0,0,1,0,0,0
20:07:09.925,0,-0.5,337,0,0,0,45,45,0,0,1,51,48,7,0,0,0,0,0,0,0,0,13,190,1,34,34,15,34,15,34,33,33,33,-851583,8,4.863,0.015,13.825,40,0,32,0,0,35,1,1,0,0,0,1,0,0,0
20:07:10.025,0,-0.4,338,0,0,0,45,45,0,0,1,52,48,7,0,0,0,0,0,0,0,0,13,190,1,34,34,15,34,15,34,33,33,33,-851583,8,4.863,0.015,13.832,40,0,32,0,0,35,1,1,0,0,0,1,0,0,0
20:07:10.125,0,-0.5,337,0,0,0,45,45,0,0,1,51,48,7,0,0,0,0,0,0,0,0,13,190,1,34,34,15,15,15,34,33,33,33,-851583,8,4.863,0.015,13.839,40,0,32,0,0,35,1,1,0,0,0,1,0,0,0
20:07:10.225,0,-0.5,337,0,0,0,45,45,0,0,1,50,47,7,0,0,0,0,0,0,0,0,13,190,1,34,34,15,33,15,34,33,33,33,-851583,8,4.863,0.015,13.791,40,0,32,0,0,35,1,1,0,0,0,1,0,0,0
20:07:10.325,0,-0.5,337,0,0,0,45,45,0,0,1,51,49,7,0,0,0,0,0,0,0,0,13,190,1,34,34,15,34,15,34,33,33,33,-851583,8,4.863,0.015,13.818,40,0,32,0,0,35,1,1,0,0,0,1,0,0,0
20:07:10.425,0,-0.5,337,0,0,0,45,45,0,0,1,51,49,7,0,0,0,0,0,0,0,0,13,190,1,34,34,15,34,15,34,33,33,33,-851583,8,4.863,0.015,13.791,40,0,32,0,0,35,1,1,0,0,0,1,0,0,0
20:07:10.525,0,-0.5,337,0,0,0,45,45,0,0,1,51,47,7,0,0,0,0,0,0,0,0,13,190,1,34,34,15,33,15,34,33,33,33,-851583,8,4.863,0.015,13.832,40,0,32,0,0,35,1,1,0,0,0,1,0,0,0
20:07:10.625,0,-0.5,338,0,0,0,45,44.9,0,0,1,51,47,7,0,0,0,0,0,0,0,0,13,190,1,34,34,15,34,15,34,33,33,33,-851583,8,4.863,0.015,13.825,40,0,32,0,0,35,1,1,0,0,0,1,0,0,0
20:07:10.725,0,-0.5,337,0,0,0,45,44.9,0,0,0,51,49,7,0,0,0,0,0,0,0,0,13,190,1,34,34,15,34,15,34,33,33,33,-851583,8,4.863,0.015,13.859,40,0,32,0,0,34,0,1,0,0,0,1,0,0,0
20:07:10.825,0,-0.5,335,0,0,0,45,44.9,0,0,0,52,49,8,0,0,0,0,0,0,0,0,13,190,1,34,34,15,34,15,34,33,33,33,-851583,8,4.863,0.015,13.818,40,0,32,0,0,34,0,1,0,0,0,1,0,0,0
20:07:10.925,0,-0.6,338,0,0,0,45,44.9,0,0,0,52,49,7,0,0,0,0,0,0,0,0,13,190,1,34,34,15,34,15,34,33,33,33,-851583,8,4.863,0.015,13.873,40,0,32,0,0,34,0,1,0,0,0,1,0,0,0
20:07:11.025,0,-0.4,337,0,0,0,45,44.9,0,0,0,52,50,7,0,0,0,0,0,0,0,0,13,190,1,34,34,15,34,15,34,33,33,33,-851583,8,4.863,0.015,13.825,40,0,32,0,0,34,0,1,0,0,0,1,0,0,0
20:07:11.125,0,-0.5,337,0,0,0,45,44.9,0,0,0,51,49,7,0,0,0,0,0,0,0,0,13,190,1,34,34,15,33,15,34,33,33,33,-851583,8,4.863,0.015,13.846,40,0,32,0,0,34,0,1,0,0,0,1,0,0,0
20:07:11.225,0,-0.4,338,0,0,0,45,44.9,0,0,0,52,49,7,0,0,0,0,0,0,0,0,13,190,1,34,34,15,33,15,34,33,33,33,-851583,8,4.863,0.015,13.859,40,0,32,0,0,34,0,1,0,0,0,1,0,0,0
20:07:11.325,0,-0.6,337,0,0,0,45,44.9,0,0,0,51,49,7,0,0,0,0,0,0,0,0,13,190,1,34,34,15,33,15,34,33,33,33,-851583,8,4.863,0.015,13.859,40,0,32,0,0,34,0,1,0,0,0,1,0,0,0
20:07:11.425,0,-0.4,337,0,0,0,45,44.9,0,0,0,52,48,7,0,0,0,0,0,0,0,0,13,190,1,34,34,15,33,15,34,33,33,33,-851583,8,4.863,0.015,13.853,40,0,32,0,0,34,0,1,0,0,0,1,0,0,0
20:07:11.525,0,-0.5,336,0,0,0,45,44.9,0,0,0,55,49,7,0,0,0,0,0,0,0,0,13,190,1,34,34,15,33,15,34,33,33,33,-851583,8,4.863,0.015,13.866,40,0,32,0,0,34,0,1,0,0,0,1,0,0,0
20:07:11.625,0,-0.4,337,0,0,0,45,44.9,0,0,0,55,50,7,0,0,0,0,0,0,0,0,13,190,1,34,34,15,33,15,34,33,33,33,-851583,8,4.863,0.015,13.846,40,0,32,0,0,34,0,1,0,0,0,1,0,0,0
20:07:11.725,0,-0.5,337,0,0,0,45,45,0,0,0,55,48,7,0,0,0,0,0,0,0,0,13,190,1,34,34,15,34,15,34,33,33,33,-851583,8,4.863,0.015,13.859,40,0,32,0,0,34,0,1,0,0,0,1,0,0,0
20:07:11.825,0,-0.4,338,0,0,0,45,45,0,0,0,55,50,7,0,0,0,0,0,0,0,0,13,190,1,34,34,15,33,15,34,33,33,33,-851583,8,4.863,0.015,13.873,40,0,32,0,0,34,0,1,0,0,0,1,0,0,0
20:07:11.925,0,-0.5,337,0,0,0,45,45,0,0,0,54,50,7,0,0,0,0,0,0,0,0,13,190,1,34,34,15,33,15,34,33,33,33,-851583,8,4.863,0.015,13.873,40,0,32,0,0,34,0,1,0,0,0,1,0,0,0
20:07:12.025,0,-0.5,338,0,0,0,45,45,0,0,0,52,48,7,0,0,0,0,0,0,0,0,13,190,1,34,34,15,33,15,34,33,33,33,-851583,8,4.863,0.015,13.853,40,0,32,0,0,34,0,1,0,0,0,1,0,0,0
20:07:12.125,0,-0.5,337,0,0,0,44.9,45,0,0,0,54,49,7,0,0,0,0,0,0,0,0,13,190,1,34,34,15,33,15,34,33,33,33,-851583,8,4.863,0.015,13.88,40,0,32,0,0,34,0,1,0,0,0,1,0,0,0
20:07:12.225,0,-0.6,338,0,0,0,44.8,45,0,0,0,54,48,7,0,0,0,0,0,0,0,0,13,190,1,34,34,15,33,15,34,33,33,33,-851583,8,4.863,0.015,13.88,40,0,32,0,0,34,0,1,0,0,0,1,0,0,0
20:07:12.325,0,-0.4,337,0,0,0,44.2,45,0,0,0,54,48,7,0,0,0,0,0,0,0,0,13,190,1,34,34,15,33,15,34,33,33,33,-851583,8,4.863,0.015,13.866,40,0,32,0,0,34,0,1,0,0,0,1,0,0,0
20:07:12.425,0,-0.6,338,0,0,0,44,45,0,0,0,51,49,7,0,0,0,0,0,0,0,0,13,190,1,34,34,15,33,15,34,33,33,33,-851583,8,4.863,0.015,13.832,40,0,32,0,0,34,0,1,0,0,0,1,0,0,0
20:07:12.525,0,-0.3,337,0,0,0,44,45,0,0,0,51,48,7,0,0,0,0,0,0,0,0,13,190,1,34,34,15,33,15,34,33,33,33,-851583,8,4.863,0.015,13.818,40,0,32,0,0,34,0,1,0,0,0,1,0,0,0
20:07:12.625,0,-0.4,337,0,0,0,44,45,0,0,0,52,48,7,0,0,0,0,0,0,0,0,13,190,1,34,34,15,33,15,34,33,33,33,-851583,8,4.863,0.015,13.859,40,0,32,0,0,34,0,1,0,0,0,1,0,0,0
20:07:12.725,0,-0.5,337,0,0,0,44,45,0,0,0,52,48,8,0,0,0,0,0,0,0,0,13,190,1,34,34,15,33,15,34,33,33,33,-851583,8,4.863,0.015,13.818,40,0,32,0,0,34,0,1,0,0,0,1,0,0,0
20:07:12.825,0,-0.4,337,0,0,0,44,45,0,0,0,51,48,8,0,0,0,0,0,0,0,0,13,190,1,34,34,15,33,15,34,33,33,33,-851583,8,4.863,0.015,13.798,40,0,32,0,0,34,0,1,0,0,0,1,0,0,0
20:07:12.925,0,-0.4,338,0,0,0,44,45,0,0,0,51,48,7,0,0,0,0,0,0,0,0,13,190,1,34,34,15,33,15,34,33,33,33,-851583,8,4.863,0.015,13.859,40,0,32,0,0,34,0,1,0,0,0,1,0,0,0
20:07:13.025,0,-0.6,337,0,0,0,44,45,0,0,0,52,49,7,0,0,0,0,0,0,0,0,13,190,1,34,34,15,33,15,34,33,33,33,-851583,8,4.863,0.015,13.859,40,0,32,0,0,34,0,1,0,0,0,1,0,0,0
20:07:13.125,0,-0.5,337,0,0,0,44,45,0,0,0,51,48,7,0,0,0,0,0,0,0,0,13,190,1,34,34,15,33,15,34,33,33,33,-851583,8,4.863,0.015,13.859,40,0,32,0,0,34,0,1,0,0,0,1,0,0,0
20:07:13.225,0,-0.5,337,0,0,0,44,45,0,0,0,52,48,7,0,0,0,0,0,0,0,0,13,190,1,34,34,15,33,15,34,33,33,33,-851583,8,4.863,0.015,13.805,40,0,32,0,0,34,0,1,0,0,0,1,0,0,0
20:07:13.325,0,-0.4,337,0,0,0,44,45,0,0,0,54,48,7,0,0,0,0,0,0,0,0,13,190,1,34,34,15,33,15,34,33,33,33,-851583,8,4.863,0.015,13.818,40,0,32,0,0,34,0,1,0,0,0,1,0,0,0
20:07:13.425,0,-0.4,337,0,0,0,44,45,0,0,0,51,49,7,0,0,0,0,0,0,0,0,13,190,1,34,34,15,34,15,34,33,33,33,-851583,8,4.863,0.015,13.846,40,0,32,0,0,34,0,1,0,0,0,1,0,0,0
20:07:13.525,0,-0.4,337,0,0,0,44,45,0,0,0,51,48,7,0,0,0,0,0,0,0,0,13,190,1,34,34,15,33,15,34,33,33,33,-851583,8,4.858,0.015,13.887,40,0,32,0,0,34,0,1,0,0,0,1,0,0,0
20:07:13.625,0,-0.6,337,0,0,0,44,45,0,0,0,52,48,7,0,0,0,0,0,0,0,0,13,190,1,34,34,15,33,15,34,33,33,33,-851583,8,4.863,0.015,13.825,40,0,32,0,0,34,0,1,0,0,0,1,0,0,0
20:07:13.725,0,-0.4,336,0,0,0,44,45,0,0,0,54,49,7,0,0,0,0,0,0,0,0,13,190,1,34,34,15,33,15,34,33,33,33,-851583,8,4.863,0.015,13.839,40,0,32,0,0,34,0,1,0,0,0,1,0,0,0
20:07:13.825,0,-0.3,338,0,0,0,44,45,0,0,0,52,48,7,0,0,0,0,0,0,0,0,13,190,1,34,34,15,33,15,34,33,33,33,-851583,8,4.863,0.015,13.832,41,0,32,0,0,34,0,1,0,0,0,1,0,0,0
20:07:13.925,0,-0.4,337,0,0,0,44,45,0,0,0,51,49,7,0,0,0,0,0,0,0,0,13,190,1,34,34,15,33,15,34,33,33,33,-851583,8,4.863,0.015,13.846,40,0,32,0,0,34,0,1,0,0,0,1,0,0,0
20:07:14.025,0,-0.5,337,0,0,0,44,45,0,0,0,52,48,7,0,0,0,0,0,0,0,0,13,190,1,34,34,15,33,15,34,33,33,33,-851583,8,4.863,0.015,13.798,40,0,32,0,0,34,0,1,0,0,0,1,0,0,0
20:07:14.125,0,-0.5,337,0,0,0,44,45,0,0,0,52,49,7,0,0,0,0,0,0,0,0,13,190,1,34,34,15,33,15,34,33,33,33,-851583,8,4.863,0.015,13.839,40,0,32,0,0,34,0,1,0,0,0,1,0,0,0
20:07:14.225,0,-0.5,337,0,0,0,44,45,0,0,0,50,48,7,0,0,0,0,0,0,0,0,13,190,1,34,34,15,33,15,34,33,33,33,-851583,8,4.863,0.015,13.805,40,0,32,0,0,34,0,1,0,0,0,1,0,0,0
20:07:14.325,0,-0.5,338,0,0,0,44,45,0,0,0,52,48,8,0,0,0,0,0,0,0,0,13,190,1,34,34,15,33,15,34,33,33,33,-851583,8,4.863,0.015,13.798,40,0,32,0,0,34,0,1,0,0,0,1,0,0,0
20:07:14.425,0,-0.4,336,0,0,0,44,45,0,0,0,50,48,7,0,0,0,0,0,0,0,0,13,190,1,34,34,15,33,15,34,33,33,33,-851583,8,4.863,0.015,13.846,40,0,32,0,0,34,0,1,0,0,0,1,0,0,0
20:07:14.525,0,-0.4,338,0,0,0,44,45,0,0,0,51,47,7,0,0,0,0,0,0,0,0,13,190,1,34,34,15,33,15,34,33,33,33,-851583,8,4.863,0.015,13.859,40,0,32,0,0,34,0,1,0,0,0,1,0,0,0
20:07:14.625,0,-0.4,337,0,0,0,44,45,0,0,0,50,48,7,0,0,0,0,0,0,0,0,13,190,1,34,34,15,33,15,34,33,33,33,-851583,8,4.863,0.015,13.818,40,0,32,0,0,34,0,1,0,0,0,1,0,0,0
20:07:14.725,0,-0.4,337,0,0,0,44,45,0,0,0,52,48,7,0,0,0,0,0,0,0,0,13,190,1,34,34,15,33,15,34,33,33,33,-851583,8,4.863,0.015,13.818,40,0,32,0,0,34,0,1,0,0,0,1,0,0,0
20:07:14.825,0,-0.5,337,0,0,0,44,45,0,0,0,51,48,7,0,0,0,0,0,0,0,0,13,190,1,34,34,15,33,15,34,33,33,33,-851583,8,4.863,0.015,13.853,40,0,32,0,0,34,0,1,0,0,0,1,0,0,0
20:07:14.925,0,-0.4,337,0,0,0,44,45,0,0,0,51,47,7,0,0,0,0,0,0,0,0,13,190,1,34,34,15,33,15,34,33,33,33,-851583,8,4.863,0.015,13.839,40,0,32,0,0,34,0,1,0,0,0,1,0,0,0
20:07:15.025,0,-0.5,338,0,0,0,44,45,0,0,0,52,48,8,0,0,0,0,0,0,0,0,13,190,1,34,34,15,33,15,34,33,33,33,-851583,8,4.863,0.015,13.846,40,0,32,0,0,34,0,1,0,0,0,1,0,0,0
20:07:15.125,0,-0.6,337,0,0,0,44,45,0,0,0,52,49,8,0,0,0,0,0,0,0,0,13,190,1,34,34,15,33,15,34,33,33,33,-851583,8,4.863,0.015,13.839,40,0,32,0,0,34,0,1,0,0,0,1,0,0,0
20:07:15.225,0,-0.5,338,0,0,0,44,45,0,0,0,52,49,8,0,0,0,0,0,0,0,0,13,190,1,34,34,15,33,15,34,33,33,33,-851583,8,4.863,0.015,13.805,40,0,32,0,0,34,0,1,0,0,0,1,0,0,0
20:07:15.325,0,-0.3,337,0,0,0,44,44.9,0,0,0,52,48,7,0,0,0,0,0,0,0,0,13,190,1,34,34,15,33,15,34,33,33,33,-851583,8,4.863,0.015,13.805,40,0,32,0,0,34,0,1,0,0,0,1,0,0,0
20:07:15.425,0,-0.4,337,0,0,0,44,44.9,0,0,0,55,49,7,0,0,0,0,0,0,0,0,13,190,1,34,34,15,33,15,34,33,33,33,-851583,8,4.863,0.015,13.818,40,0,32,0,0,34,0,1,0,0,0,1,0,0,0
20:07:15.525,0,-0.4,337,0,0,0,44,44.9,0,0,0,55,49,7,0,0,0,0,0,0,0,0,13,190,1,34,34,15,33,15,34,33,33,33,-851583,8,4.863,0.015,13.812,40,0,32,0,0,34,0,1,0,0,0,1,0,0,0
20:07:15.625,0,-0.4,337,0,0,0,44,44.9,0,0,0,55,49,7,0,0,0,0,0,0,0,0,13,190,1,34,34,15,33,15,34,33,33,33,-851583,8,4.863,0.015,13.798,40,0,32,0,0,34,0,1,0,0,0,1,0,0,0
20:07:15.725,0,-0.4,338,0,0,0,44,44.9,0,0,0,54,50,7,0,0,0,0,0,0,0,0,13,190,1,34,34,15,33,15,34,33,33,33,-851583,8,4.863,0.015,13.832,40,0,32,0,0,34,0,1,0,0,0,1,0,0,0
20:07:15.825,0,-0.6,338,0,0,0,44,44.9,0,0,0,54,50,7,0,0,0,0,0,0,0,0,13,190,1,34,34,15,33,15,34,33,33,33,-851583,8,4.863,0.015,13.791,40,0,32,0,0,34,0,1,0,0,0,1,0,0,0
20:07:15.925,0,-0.5,337,0,0,0,44,44.9,0,0,0,52,49,7,0,0,0,0,0,0,0,0,13,190,1,34,34,15,34,15,34,33,33,33,-851583,8,4.863,0.015,13.859,40,0,32,0,0,34,0,1,0,0,0,1,0,0,0
20:07:16.025,0,-0.5,338,0,0,0,44,44.9,0,0,0,52,49,7,0,0,0,0,0,0,0,0,13,190,1,34,34,15,34,15,34,33,33,33,-851583,8,4.863,0.015,13.832,40,0,32,0,0,34,0,1,0,0,0,1,0,0,0
20:07:16.125,0,-0.4,338,0,0,0,44,44.9,0,0,0,54,50,7,0,0,0,0,0,0,0,0,13,190,1,34,34,15,15,15,34,33,33,33,-851583,8,4.863,0.015,13.825,40,0,32,0,0,34,0,1,0,0,0,1,0,0,0
20:07:16.225,0,-0.4,338,0,0,0,44,44.9,0,0,0,52,49,8,0,0,0,0,0,0,0,0,13,190,1,34,34,15,33,15,34,33,33,33,-851583,8,4.863,0.015,13.853,40,0,32,0,0,34,0,1,0,0,0,1,0,0,0
20:07:16.325,0,-0.6,337,0,0,0,44,44.9,0,0,0,52,49,8,0,0,0,0,0,0,0,0,13,190,1,34,34,15,34,15,34,33,33,33,-851583,8,4.863,0.015,13.832,40,0,32,0,0,34,0,1,0,0,0,1,0,0,0
20:07:16.425,0,-0.6,337,0,0,0,44,44.9,0,0,0,52,49,7,0,0,0,0,0,0,0,0,13,190,1,34,34,15,34,15,34,33,33,33,-851583,8,4.863,0.015,13.839,40,0,32,0,0,34,0,1,0,0,0,1,0,0,0
20:07:16.525,0,-0.3,337,0,0,0,44,44.9,0,0,0,54,49,7,0,0,0,0,0,0,0,0,13,190,1,34,34,15,34,15,34,33,33,33,-851583,8,4.863,0.015,13.846,40,0,32,0,0,34,0,1,0,0,0,1,0,0,0
20:07:16.625,0,-0.4,338,0,0,0,44,44.9,0,0,0,52,48,7,0,0,0,0,0,0,0,0,13,190,1,34,34,15,34,15,34,33,33,33,-851583,8,4.863,0.015,13.839,40,0,32,0,0,34,0,1,0,0,0,1,0,0,0
20:07:16.725,0,-0.5,337,0,0,0,44,44.9,0,0,0,54,49,7,0,0,0,0,0,0,0,0,13,190,1,34,34,15,34,15,34,33,33,33,-851583,8,4.863,0.015,13.825,40,0,32,0,0,34,0,1,0,0,0,1,0,0,0
20:07:16.825,0,-0.6,338,0,0,0,44,44.9,0,0,0,54,48,7,0,0,0,0,0,0,0,0,13,190,1,34,34,15,34,15,34,33,33,33,-851583,8,4.863,0.015,13.832,40,0,32,0,0,34,0,1,0,0,0,1,0,0,0
20:07:16.925,0,-0.4,337,0,0,0,44,44.9,0,0,0,54,50,7,0,0,0,0,0,0,0,0,13,190,1,34,34,15,34,15,34,33,33,33,-851583,8,4.863,0.015,13.825,40,0,32,0,0,34,0,1,0,0,0,1,0,0,0
20:07:17.025,0,-0.4,337,0,0,0,44,44.9,0,0,0,54,49,7,0,0,0,0,0,0,0,0,13,190,1,34,34,15,34,15,34,33,33,33,-851583,8,4.863,0.015,13.805,40,0,32,0,0,34,0,1,0,0,0,1,0,0,0
20:07:17.125,0,-0.5,338,0,0,0,44,44.9,0,0,0,52,49,7,0,0,0,0,0,0,0,0,13,190,1,34,34,15,33,15,34,33,33,33,-851583,8,4.863,0.015,13.859,40,0,32,0,0,34,0,1,0,0,0,1,0,0,0
20:07:17.225,0,-0.5,337,0,0,0,44,44.9,0,0,0,52,49,7,0,0,0,0,0,0,0,0,13,190,1,34,34,15,33,15,34,33,33,33,-851583,8,4.863,0.015,13.853,40,0,32,0,0,34,0,1,0,0,0,1,0,0,0
20:07:17.325,0,-0.6,337,0,0,0,44,44.9,0,0,0,51,49,7,0,0,0,0,0,0,0,0,13,190,1,34,34,15,33,15,34,33,33,33,-851583,8,4.863,0.015,13.832,40,0,32,0,0,34,0,1,0,0,0,1,0,0,0
20:07:17.425,0,-0.6,337,0,0,0,44,44.9,0,0,0,51,49,7,0,0,0,0,0,0,0,0,13,190,1,34,34,15,33,15,34,33,33,33,-851583,8,4.863,0.015,13.853,40,0,32,0,0,34,0,1,0,0,0,1,0,0,0
20:07:17.525,0,-0.5,337,0,0,0,44,44.9,0,0,0,52,50,7,0,0,0,0,0,0,0,0,13,190,1,34,34,15,33,15,34,33,33,33,-851583,8,4.863,0.015,13.859,40,0,32,0,0,34,0,1,0,0,0,1,0,0,0
20:07:17.625,0,-0.4,337,0,0,0,44,44.9,0,0,0,50,48,7,0,0,0,0,0,0,0,0,13,190,1,34,34,15,33,15,34,33,33,33,-851583,8,4.863,0.015,13.798,40,0,32,0,0,34,0,1,0,0,0,1,0,0,0
20:07:17.725,0,-0.4,338,0,0,0,44,44.9,0,0,0,52,48,7,0,0,0,0,0,0,0,0,13,190,1,34,34,15,34,15,34,33,33,33,-851583,8,4.863,0.015,13.818,40,0,32,0,0,34,0,1,0,0,0,1,0,0,0
20:07:17.825,0,-0.5,337,0,0,0,44,44.9,0,0,0,51,48,8,0,0,0,0,0,0,0,0,13,190,1,34,34,15,33,15,34,33,33,33,-851583,8,4.863,0.015,13.846,40,0,32,0,0,34,0,1,0,0,0,1,0,0,0
20:07:17.925,0,-0.4,337,0,0,0,44,44.9,0,0,0,51,49,8,0,0,0,0,0,0,0,0,13,190,1,34,34,15,33,15,34,33,33,33,-851583,8,4.863,0.015,13.839,40,0,32,0,0,34,0,1,0,0,0,1,0,0,0
20:07:18.025,0,-0.4,337,0,0,0,44,44.9,0,0,0,52,48,7,0,0,0,0,0,0,0,0,13,190,1,34,34,15,33,15,34,33,33,33,-851583,8,4.863,0.015,13.805,40,0,32,0,0,34,0,1,0,0,0,1,0,0,0
20:07:18.125,0,-0.5,337,0,0,0,44,44.9,0,0,0,50,49,7,0,0,0,0,0,0,0,0,13,190,1,34,34,15,33,15,34,33,33,33,-851583,8,4.863,0.015,13.839,40,0,32,0,0,34,0,1,0,0,0,1,0,0,0
20:07:18.225,0,-0.5,338,0,0,0,44,44.9,0,0,0,54,50,7,0,0,0,0,0,0,0,0,13,190,1,34,34,15,33,15,34,33,33,33,-851583,8,4.863,0.015,13.839,40,0,32,0,0,34,0,1,0,0,0,1,0,0,0
20:07:18.325,0,-0.6,338,0,0,0,44,44.9,0,0,0,52,48,7,0,0,0,0,0,0,0,0,13,190,1,34,34,15,33,15,34,33,33,33,-851583,8,4.863,0.015,13.825,40,0,32,0,0,34,0,1,0,0,0,1,0,0,0
20:07:18.425,0,-0.5,337,0,0,0,44,44.8,0,0,0,52,48,7,0,0,0,0,0,0,0,0,13,190,1,34,34,15,33,15,34,33,33,33,-851583,8,4.863,0.015,13.825,40,0,32,0,0,34,0,1,0,0,0,1,0,0,0
20:07:18.525,0,-0.6,338,0,0,0,44,44.9,0,0,0,52,49,7,0,0,0,0,0,0,0,0,13,190,1,34,34,15,33,15,34,33,33,33,-851583,8,4.863,0.015,13.846,40,0,32,0,0,34,0,1,0,0,0,1,0,0,0
20:07:18.625,0,-0.5,337,0,0,0,44,44.9,0,0,0,52,50,8,0,0,0,0,0,0,0,0,13,190,1,34,34,15,33,15,34,33,33,33,-851583,8,4.863,0.015,13.853,40,0,32,0,0,34,0,1,0,0,0,1,0,0,0
20:07:18.725,0,-0.4,337,0,0,0,44,44.9,0,0,0,51,48,8,0,0,0,0,0,0,0,0,13,190,1,34,34,15,33,15,34,33,33,33,-851583,8,4.863,0.015,13.832,40,0,32,0,0,34,0,1,0,0,0,1,0,0,0
20:07:18.825,0,-0.3,337,0,0,0,44,44.9,0,0,0,54,50,7,0,0,0,0,0,0,0,0,13,190,1,34,34,15,33,15,34,33,33,33,-851583,8,4.863,0.015,13.832,40,0,32,0,0,34,0,1,0,0,0,1,0,0,0
20:07:18.925,0,-0.5,338,0,0,0,44,44.9,0,0,0,52,48,7,0,0,0,0,0,0,0,0,13,190,1,34,34,15,33,15,34,33,33,33,-851583,8,4.863,0.015,13.825,40,0,32,0,0,34,0,1,0,0,0,1,0,0,0
20:07:19.025,0.1,-0.5,338,0,0,0,44,44.9,0,0,0,55,50,8,0,0,0,0,0,0,0,0,13,190,1,34,34,15,33,15,34,33,33,33,-851583,8,4.863,0.015,13.825,40,0,32,0,0,34,0,1,0,0,0,1,0,0,0
20:07:19.125,-0.2,-0.5,337,0,0,0,44,44.9,0,0,0,55,50,8,0,0,0,0,0,0,0,0,13,190,1,34,34,15,33,15,34,33,33,33,-851583,8,4.863,0.015,13.798,40,0,32,0,0,34,0,1,0,0,0,1,0,0,0
20:07:19.225,0,-0.5,337,0,0,0,44,44.9,0,0,0,55,50,7,0,0,0,0,0,0,0,0,13,190,1,34,34,15,33,15,34,33,33,33,-851583,8,4.863,0.015,13.839,40,0,32,0,0,34,0,1,0,0,0,1,0,0,0
20:07:19.325,0,-0.4,339,0,0,0,44,44.9,0,0,0,54,49,7,0,0,0,0,0,0,0,0,13,190,1,34,34,15,33,15,34,33,33,33,-851583,8,4.863,0.015,13.825,40,0,32,0,0,34,0,1,0,0,0,1,0,0,0
20:07:19.425,0,-0.6,338,0,0,0,44,44.9,0,0,0,55,48,7,0,0,0,0,0,0,0,0,13,190,1,34,34,15,34,15,34,33,33,33,-851583,8,4.863,0.015,13.839,40,0,32,0,0,34,0,1,0,0,0,1,0,0,0
20:07:19.525,0,-0.5,337,0,0,0,44,44.9,0,0,0,55,49,7,0,0,0,0,0,0,0,0,13,190,1,34,34,15,33,15,34,33,33,33,-851583,8,4.863,0.015,13.839,40,0,32,0,0,34,0,1,0,0,0,1,0,0,0
20:07:19.625,0,-0.4,338,0,0,0,44,44.9,0,0,0,54,50,7,0,0,0,0,0,0,0,0,13,190,1,34,34,15,33,15,34,33,33,33,-851583,8,4.863,0.015,13.798,40,0,32,0,0,34,0,1,0,0,0,1,0,0,0
20:07:19.725,0,-0.5,337,0,0,0,44,44.9,0,0,0,54,49,8,0,0,0,0,0,0,0,0,13,190,1,34,34,15,33,15,34,33,33,33,-851583,8,4.863,0.015,13.839,40,0,32,0,0,34,0,1,0,0,0,1,0,0,0
20:07:19.825,0,-0.4,338,0,0,0,44,44.9,0,0,0,54,50,7,0,0,0,0,0,0,0,0,13,190,1,34,34,15,33,15,34,33,33,33,-851583,8,4.863,0.015,13.812,40,0,32,0,0,34,0,1,0,0,0,1,0,0,0
20:07:19.925,0,-0.4,337,0,0,0,44,44.9,0,0,0,52,49,7,0,0,0,0,0,0,0,0,13,190,1,34,34,15,33,15,34,33,33,33,-851583,8,4.863,0.015,13.846,40,0,32,0,0,34,0,1,0,0,0,1,0,0,0
20:07:20.025,0,-0.5,338,0,0,0,44,44.9,0,0,0,54,49,7,0,0,0,0,0,0,0,0,13,190,1,34,34,15,33,15,34,33,33,33,-851583,8,4.863,0.015,13.839,40,0,32,0,0,34,0,1,0,0,0,1,0,0,0
20:07:20.125,0,-0.4,338,0,0,0,44,44.9,0,0,0,54,49,7,0,0,0,0,0,0,0,0,13,190,1,34,34,15,33,15,34,33,33,33,-851583,8,4.863,0.015,13.825,40,0,32,0,0,34,0,1,0,0,0,1,0,0,0
20:07:20.225,0,-0.7,303,0,0,0,44,44.9,0,0,0,54,49,8,0,0,0,0,0,0,0,0,13,190,1,34,34,15,33,15,34,33,33,33,-851583,8,4.863,0.015,13.955,40,0,32,0,0,34,0,1,0,0,0,1,0,0,0
20:07:20.325,0,-0.5,249,0,0,0,44,44.9,0,0,0,52,49,7,0,0,0,0,0,0,0,0,13,190,1,34,34,15,33,15,34,33,33,33,-851583,8,4.858,0.015,13.955,40,0,32,0,0,34,0,1,0,0,0,1,0,0,0
20:07:20.425,0,-0.4,205,0,0,0,44,44.9,0,0,0,52,49,7,0,0,0,0,0,0,0,0,13,190,1,34,34,15,33,15,34,33,33,33,-851583,8,4.863,0.015,13.948,40,0,32,0,0,34,0,1,0,0,0,1,0,0,0
20:07:20.525,0,-1.1,169,0,0,0,44,44.9,0,0,0,52,48,7,0,0,0,0,0,0,0,0,13,190,1,34,34,15,33,15,34,33,33,33,-851583,8,4.858,0.015,13.928,40,0,32,0,0,34,0,1,0,0,0,1,0,0,0
20:07:20.625,0,-1.4,141,0,0,0,44,44.9,0,0,0,54,50,7,0,0,0,0,0,0,0,0,13,190,1,34,34,15,33,15,34,33,33,33,-851583,8,4.863,0.015,13.907,40,0,32,0,0,34,0,1,0,0,0,1,0,0,0
20:07:20.725,0,-1.1,116,0,0,0,44,44.9,0,0,0,54,49,7,0,0,0,0,0,0,0,0,13,190,1,34,34,15,33,15,34,33,33,33,-851583,8,4.858,0.015,13.914,40,0,32,0,0,34,0,1,0,0,0,1,0,0,0
20:07:20.825,0,-1.5,97,0,0,0,44,44.9,2,0,0,52,49,7,0,0,0,0,0,0,0,0,13,190,1,34,34,15,33,15,34,33,33,33,-851583,8,4.858,0.015,13.9,40,0,32,0,0,34,0,1,0,0,0,1,0,0,0
20:07:20.925,0,-1.9,80,0,0,0,44,44.9,2,0,0,52,50,7,0,0,0,0,0,0,0,0,13,190,1,34,34,15,33,15,34,33,33,33,-851583,8,4.858,0.015,13.928,40,0,32,0,0,34,0,1,0,0,0,1,0,0,0
20:07:21.025,0,-2.6,66,0,0,0,44,44.9,2,0,0,52,50,7,0,0,0,0,0,0,0,0,13,190,1,34,34,15,33,15,34,33,33,33,-851583,8,4.863,0.015,13.948,40,0,32,0,0,34,0,1,0,0,0,1,0,0,0
20:07:21.125,0,-2.1,54,0,0,0,44,44.9,2,0,0,52,49,7,0,0,0,0,0,0,0,0,13,190,1,34,34,15,33,15,34,33,33,33,-851583,8,4.858,0.015,13.921,40,0,32,0,0,32,0,0,0,0,0,1,0,0,0
20:07:21.225,0,-3,45,0,0,0,44,44.9,2,0,0,52,49,7,0,0,0,0,0,0,0,0,13,190,1,34,34,15,33,15,34,33,33,33,-851583,8,4.858,0.015,13.941,40,0,32,0,0,32,0,0,0,0,0,1,0,0,0
20:07:21.325,0,-3.9,38,0,0,0,44,44.9,2,0,0,52,48,8,0,0,0,0,0,0,0,0,13,190,1,34,34,15,33,15,34,33,33,33,-851583,8,4.863,0.015,13.955,40,0,32,0,0,32,0,0,0,0,0,1,0,0,0
20:07:21.425,0,-5,31,0,0,0,44,44.9,2,0,0,51,48,8,0,0,0,0,0,0,0,0,13,190,1,34,34,15,33,15,34,33,33,33,-851583,8,4.858,0.015,13.914,41,0,32,0,0,32,0,0,0,0,0,1,0,0,0
20:07:21.525,0,-4.5,25,0,0,0,44,44.9,2,0,0,51,47,7,0,0,0,0,0,0,0,0,13,190,1,34,34,15,33,15,34,33,33,33,-851583,8,4.858,0.015,13.928,40,0,32,0,0,32,0,0,0,0,0,1,0,0,0
20:07:21.625,0,-7.8,22,0,0,0,44,44.9,2,0,0,52,49,7,0,0,0,0,0,0,0,0,13,190,1,34,34,15,33,15,34,33,33,33,-851583,8,4.863,0.015,13.928,40,0,32,0,0,32,0,0,0,0,0,1,0,0,0
20:07:21.725,0,-6.9,18,0,0,0,44,44.9,2,0,0,51,48,7,0,0,0,0,0,0,0,0,13,190,1,34,34,15,33,15,34,33,33,33,-851583,8,4.863,0.015,13.955,40,0,32,0,0,32,0,0,0,0,0,1,0,0,0
20:07:21.825,0,-10,15,0,0,0,44,44.9,2,0,0,51,48,7,0,0,0,0,0,0,0,0,13,190,1,34,34,15,33,15,34,33,33,33,-851583,8,4.863,0.015,13.9,40,0,32,0,0,32,0,0,0,0,0,1,0,0,0
20:07:21.925,0,-8.5,13,0,0,0,44,44.9,2,0,0,54,49,7,0,0,0,0,0,0,0,0,13,190,1,34,34,15,34,15,34,33,33,33,-851583,8,4.858,0.015,13.928,40,0,32,0,0,32,0,0,0,0,0,1,0,0,0
20:07:22.025,0,-13,11,0,0,0,44,44.9,2,0,0,51,48,7,0,0,0,0,0,0,0,0,13,190,1,34,34,15,34,15,34,33,33,33,-851583,8,4.863,0.015,13.928,40,0,32,0,0,32,0,0,0,0,0,1,0,0,0
20:07:22.125,0,-13.6,10,0,0,0,44,44.9,2,0,0,52,49,7,0,0,0,0,0,0,0,0,13,190,1,34,34,15,15,15,34,33,33,33,-851583,8,4.858,0.015,13.935,40,0,32,0,0,32,0,0,0,0,0,1,0,0,0
20:07:22.225,0,-11.4,7,0,0,0,44,44.9,2,0,0,52,49,7,0,0,0,0,0,0,0,0,13,190,1,34,34,15,33,15,34,33,33,33,-851583,8,4.858,0.015,13.887,40,0,32,0,0,32,0,0,0,0,0,1,0,0,0
20:07:22.325,0,-33.7,6,0,0,0,44,44.9,2,0,0,52,49,7,0,0,0,0,0,0,0,0,13,190,1,34,34,15,34,15,34,33,33,33,-851583,8,4.863,0.015,13.941,40,0,32,0,0,32,0,0,0,0,0,1,0,0,0
20:07:22.425,0,-25.1,5,0,0,0,44,44.9,2,0,0,52,49,7,0,0,0,0,0,0,0,0,13,190,1,34,34,15,34,15,34,33,33,33,-851583,8,4.863,0.015,13.935,40,0,32,0,0,32,0,0,0,0,0,1,0,0,0
20:07:22.525,0,-27.9,6,0,0,0,44,44.9,2,0,0,55,49,8,0,0,0,0,0,0,0,0,13,190,1,34,34,15,34,15,34,33,33,33,-851583,8,4.858,0.015,13.9,40,0,32,0,0,32,0,0,0,0,0,1,0,0,0
20:07:22.625,0,-33.8,5,0,0,0,44,44.9,2,0,0,54,48,7,0,0,0,0,0,0,0,0,13,190,1,34,34,15,34,15,34,33,33,33,-851583,8,4.858,0.015,13.941,40,0,32,0,0,32,0,0,0,0,0,1,0,0,0
20:07:22.725,0,-26.9,4,0,0,0,44,44.9,2,0,0,55,49,8,0,0,0,0,0,0,0,0,13,190,1,34,34,15,34,15,34,33,33,33,-851583,8,4.863,0.015,13.907,40,0,32,0,0,32,0,0,0,0,0,1,0,0,0
20:07:22.825,0,-24.7,3,0,0,0,44,44.9,2,0,0,51,48,7,0,0,0,0,0,0,0,0,13,190,1,34,34,15,34,15,34,33,33,33,-851583,8,4.863,0.015,13.859,40,0,32,0,0,32,0,0,0,0,0,1,0,0,0
20:07:22.925,0,-18,3,0,0,0,44,44.9,2,0,0,55,49,8,0,0,0,0,0,0,0,0,13,190,1,34,34,15,34,15,34,33,33,33,-851583,8,4.863,0.015,13.921,40,0,32,0,0,32,0,0,0,0,0,1,0,0,0
20:07:23.025,0,-26.1,2,0,0,0,43.9,44.9,2,0,0,55,49,7,0,0,0,0,0,0,0,0,13,190,1,34,34,15,34,15,34,33,33,33,-851583,8,4.858,0.015,13.921,40,0,32,0,0,32,0,0,0,0,0,1,0,0,0
20:07:23.125,0,-15.8,3,0,0,0,43.8,44.9,2,0,0,54,49,7,0,0,0,0,0,0,0,0,13,190,1,34,34,15,33,15,34,33,33,33,-851583,8,4.858,0.015,13.935,40,0,32,0,0,32,0,0,0,0,0,1,0,0,0
20:07:23.225,0,-16,2,0,0,0,43.9,44.9,2,0,0,54,49,7,0,0,0,0,0,0,0,0,13,190,1,34,34,15,33,15,34,33,33,33,-851583,8,4.863,0.015,13.914,40,0,32,0,0,32,0,0,0,0,0,1,0,0,0
20:07:23.325,0,-20.2,2,0,0,0,43.8,44.9,2,0,0,55,49,7,0,0,0,0,0,0,0,0,13,190,1,34,34,15,33,15,34,33,33,33,-851583,8,4.858,0.015,13.928,40,0,32,0,0,32,0,0,0,0,0,1,0,0,0
20:07:23.425,0,-9.5,2,0,0,0,43.4,44.9,2,0,0,55,49,7,0,0,0,0,0,0,0,0,13,190,1,34,34,15,33,15,34,33,33,33,-851583,8,4.863,0.015,13.921,40,0,32,0,0,32,0,0,0,0,0,1,0,0,0
20:07:23.525,0,-18.2,2,0,0,0,43.5,44.9,2,0,0,54,49,7,0,0,0,0,0,0,0,0,13,190,1,34,34,15,33,15,34,33,33,33,-851583,8,4.863,0.015,13.668,40,0,32,0,0,32,0,0,0,0,0,1,0,0,0
20:07:23.625,0,-10.1,2,0,0,0,43.4,44.9,2,0,0,52,48,7,0,0,0,0,0,0,0,0,13,190,1,34,34,15,33,15,34,33,33,33,-851583,8,4.863,0.015,13.839,40,0,32,0,0,32,0,0,0,0,0,1,0,0,0
20:07:23.725,0,-12.3,2,0,0,0,43.1,44.9,2,0,0,52,47,7,0,0,0,0,0,0,0,0,13,190,1,34,34,15,34,15,34,33,33,33,-851583,8,4.863,0.015,13.839,40,0,32,0,0,32,0,0,0,0,0,1,0,0,0
20:07:23.825,0,23.7,2,0,0,0,43.1,44.9,2,0,0,52,49,7,0,0,0,0,0,0,0,0,13,190,1,34,34,15,33,15,34,33,33,33,-851583,8,4.863,0.015,13.866,40,0,32,0,0,32,0,0,0,0,0,1,0,0,0
20:07:23.925,0,16.7,1,0,0,0,43,44.9,2,0,0,52,48,8,0,0,0,0,0,0,0,0,13,190,1,34,34,15,33,15,34,33,33,33,-851583,8,4.863,0.015,13.825,40,0,32,0,0,32,0,0,0,0,0,1,0,0,0
20:07:24.025,0,-7.2,2,0,0,0,43,44.9,2,0,0,51,49,7,0,0,0,0,0,0,0,0,13,190,1,34,34,15,33,15,34,33,33,33,-851583,8,4.863,0.015,13.832,40,0,32,0,0,32,0,0,0,0,0,1,0,0,0
20:07:24.125,0,-16.4,3,0,0,0,43,44.9,2,0,0,52,48,7,0,0,0,0,0,0,0,0,13,190,1,34,34,15,33,15,34,33,33,33,-851583,8,4.858,0.015,13.887,40,0,32,0,0,32,0,0,0,0,0,1,0,0,0
20:07:24.225,0,-13.7,2,0,0,0,43,44.9,2,0,0,52,48,7,0,0,0,0,0,0,0,0,13,190,1,34,34,15,33,15,34,33,33,33,-851583,8,4.858,0.015,13.894,40,0,32,0,0,32,0,0,0,0,0,1,0,0,0
20:07:24.325,0,-16.4,2,0,0,0,43,44.9,2,0,0,51,48,7,0,0,0,0,0,0,0,0,13,190,1,34,34,15,33,15,34,33,33,33,-851583,8,4.863,0.015,13.866,40,0,32,0,0,32,0,0,0,0,0,1,0,0,0
20:07:24.425,0,-10.2,2,0,0,0,43,44.9,2,0,0,52,48,7,0,0,0,0,0,0,0,0,13,190,1,34,34,15,33,15,34,33,33,33,-851583,8,4.863,0.015,13.859,40,0,32,0,0,32,0,0,0,0,0,1,0,0,0
20:07:24.525,0,-15.5,1,0,0,0,43,44.9,2,0,0,54,49,8,0,0,0,0,0,0,0,0,13,190,1,34,34,15,33,15,34,33,33,33,-851583,8,4.863,0.015,13.832,40,0,32,0,0,32,0,0,0,0,0,1,0,0,0
20:07:24.625,0,-15,2,0,0,0,43,44.9,2,0,0,52,48,7,0,0,0,0,0,0,0,0,13,190,1,34,34,15,33,15,34,33,33,33,-851583,8,4.863,0.015,13.873,40,0,32,0,0,32,0,0,0,0,0,1,0,0,0
20:07:24.725,0,-15.2,2,0,0,0,43,44.9,2,0,0,51,48,7,0,0,0,0,0,0,0,0,13,190,1,34,34,15,33,15,34,33,33,33,-851583,8,4.858,0.015,13.894,40,0,32,0,0,32,0,0,0,0,0,1,0,0,0
20:07:24.825,0,-15,2,0,0,0,43,44.9,2,0,0,52,48,7,0,0,0,0,0,0,0,0,13,190,1,34,34,15,33,15,34,33,33,33,-851583,8,4.863,0.015,13.859,40,0,32,0,0,32,0,0,0,0,0,1,0,0,0
20:07:24.925,0,-14.9,2,0,0,0,43,44.9,2,0,0,54,50,7,0,0,0,0,0,0,0,0,13,190,1,34,34,15,33,15,34,33,33,33,-851583,8,4.863,0.015,13.866,40,0,32,0,0,32,0,0,0,0,0,1,0,0,0
20:07:25.025,0,19,1,0,0,0,43,44.9,2,0,0,51,48,7,0,0,0,0,0,0,0,0,13,190,1,34,34,15,33,15,34,33,33,33,-851583,8,4.863,0.015,13.88,40,0,32,0,0,32,0,0,0,0,0,1,0,0,0
20:07:25.125,0,11.6,2,0,0,0,43,44.9,2,0,0,54,50,7,0,0,0,0,0,0,0,0,13,190,1,34,34,15,33,15,34,33,33,33,-851583,8,4.863,0.015,13.873,40,0,32,0,0,32,0,0,0,0,0,1,0,0,0
20:07:25.225,0,-16.8,2,0,0,0,43,44.9,2,0,0,51,49,8,0,0,0,0,0,0,0,0,13,190,1,34,34,15,33,15,34,33,33,33,-851583,8,4.863,0.015,13.846,40,0,32,0,0,32,0,0,0,0,0,1,0,0,0
20:07:25.325,0,-12.9,1,0,0,0,43,44.9,2,0,0,51,49,8,0,0,0,0,0,0,0,0,13,190,1,34,34,15,33,15,34,33,33,33,-851583,8,4.863,0.015,13.853,40,0,32,0,0,32,0,0,0,0,0,1,0,0,0
20:07:25.425,0,14,1,0,0,0,43,44.9,2,0,0,51,47,8,0,0,0,0,0,0,0,0,13,190,1,34,34,15,34,15,34,33,33,33,-851583,8,4.863,0.015,13.866,40,0,32,0,0,32,0,0,0,0,0,1,0,0,0
20:07:25.525,0,-16.2,1,0,0,0,43,44.9,2,0,0,52,49,8,0,0,0,0,0,0,0,0,13,190,1,34,34,15,33,15,34,33,33,33,-851583,8,4.863,0.015,13.866,40,0,32,0,0,32,0,0,0,0,0,1,0,0,0
20:07:25.625,0,-11.4,2,0,0,0,43,44.9,2,0,0,51,48,8,0,0,0,0,0,0,0,0,13,190,1,34,34,15,33,15,34,33,33,33,-851583,8,4.863,0.015,13.873,40,0,32,0,0,32,0,0,0,0,0,1,0,0,0
20:07:25.725,0,-14.9,1,0,0,0,43,44.9,2,0,0,52,48,8,0,0,0,0,0,0,0,0,13,190,1,34,34,15,33,15,34,33,33,33,-851583,8,4.863,0.015,13.873,40,0,32,0,0,32,0,0,0,0,0,1,0,0,0
20:07:25.825,0,-15.3,1,0,0,0,43,44.9,2,0,0,52,48,7,0,0,0,0,0,0,0,0,13,190,1,34,34,15,33,15,34,33,33,33,-851583,8,4.858,0.015,13.88,40,0,32,0,0,32,0,0,0,0,0,1,0,0,0
20:07:25.925,0,-1.4,86,0,0,0,43,44.9,2,0,0,52,49,7,0,0,0,0,0,0,0,0.1,13,190,1,34,34,15,33,15,34,33,33,33,-851583,8,4.863,0.015,13.832,40,0,32,0,0,32,0,0,0,0,0,1,0,0,0
20:07:26.025,0,-1,153,0,0,0,43,44.9,2,0,0,52,49,7,0,0,0,0,0,0,0,0.1,13,190,1,34,34,15,33,15,34,33,33,33,-851583,8,4.863,0.015,13.859,40,0,32,0,0,34,0,1,0,0,0,1,0,0,0
20:07:26.125,0,-0.8,201,0,0,0,43,44.9,0,0,0,52,49,7,0,0,0,0,0,0,0,0.1,13,190,1,34,34,15,33,15,34,33,33,33,-851583,8,4.863,0.015,13.846,40,0,32,0,0,34,0,1,0,0,0,1,0,0,0
20:07:26.225,0,-0.6,236,0,0,0,43,44.9,0,0,0,52,49,8,0,0,0,0,0,0,0,0,13,190,1,34,34,15,33,15,34,33,33,33,-851583,8,4.863,0.015,13.859,40,0,32,0,0,34,0,1,0,0,0,1,0,0,0
20:07:26.325,0,-0.6,260,0,0,0,43,44.9,0,0,0,55,49,8,0,0,0,0,0,0,0,0,13,190,1,34,34,15,33,15,34,33,33,34,-851583,8,4.863,0.015,13.839,40,0,32,0,0,34,0,1,0,0,0,1,0,0,0
20:07:26.425,0,-0.5,276,0,0,0,43,44.9,0,0,0,55,50,7,0,0,0,0,0,0,0,0,13,190,1,34,34,15,33,15,34,33,33,33,-851583,8,4.863,0.015,13.839,40,0,32,0,0,34,0,1,0,0,0,1,0,0,0
20:07:26.525,0,-0.4,287,0,0,0,43,44.9,0,0,0,55,49,8,0,0,0,0,0,0,0,0,13,190,1,34,34,15,33,15,34,33,33,33,-851583,8,4.863,0.015,13.846,40,0,32,0,0,34,0,1,0,0,0,1,0,0,0
20:07:26.625,0,-0.6,295,0,0,0,43,44.9,0,0,0,55,50,7,0,0,0,0,0,0,0,0,13,190,1,34,34,15,33,15,34,33,33,33,-851583,8,4.863,0.015,13.839,40,0,32,0,0,34,0,1,0,0,0,1,0,0,0
20:07:26.725,0,-0.4,300,0,0,0,43,44.9,0,0,0,54,50,7,0,0,0,0,0,0,0,0,13,190,1,34,34,15,33,15,34,33,33,33,-851583,8,4.863,0.015,13.825,40,0,32,0,0,34,0,1,0,0,0,1,0,0,0
20:07:26.825,0,-0.5,303,0,0,0,43,44.9,0,0,0,54,50,7,0,0,0,0,0,0,0,0,13,190,1,34,34,15,33,15,34,33,33,33,-851583,8,4.863,0.015,13.859,40,0,32,0,0,34,0,1,0,0,0,1,0,0,0
20:07:26.925,0,-0.5,337,0,0,0,43,44.9,0,0,0,52,49,7,0,0,0,0,0,0,0,0,13,190,1,34,34,15,33,15,34,33,33,33,-851583,8,4.863,0.015,13.695,40,0,32,0,0,34,0,1,0,0,0,1,0,0,0
20:07:27.025,0,-0.4,338,0,0,0,43,44.9,0,0,0,54,49,7,0,0,0,0,0,0,0,0,13,190,1,34,34,15,33,15,34,33,33,33,-851583,8,4.863,0.015,13.846,40,0,32,0,0,34,0,1,0,0,0,1,0,0,0
20:07:27.125,0,-0.2,337,0,0,0,43,44.9,0,0,0,54,49,7,0,0,0,0,0,0,0,0,13,190,1,34,34,15,33,15,34,33,33,33,-851583,8,4.863,0.015,13.771,40,0,32,0,0,34,0,1,0,0,0,1,0,0,0
20:07:27.225,0,-0.5,337,0,0,0,43,44.9,0,0,0,54,49,8,0,0,0,0,0,0,0,0,13,190,1,34,34,15,33,15,34,33,33,34,-851583,8,4.863,0.015,13.791,40,0,32,0,0,34,0,1,0,0,0,1,0,0,0
20:07:27.325,0,-0.6,337,0,0,0,43,44.9,0,0,0,52,50,7,0,0,0,0,0,0,0,0,13,190,1,34,34,15,33,15,34,33,33,33,-851583,8,4.863,0.015,13.784,40,0,32,0,0,34,0,1,0,0,0,1,0,0,0
20:07:27.425,0,-0.6,338,0,0,0,43,44.9,0,0,0,52,50,7,0,0,0,0,0,0,0,0,13,190,1,34,34,15,33,15,34,33,33,33,-851583,8,4.863,0.015,13.812,40,0,32,0,0,34,0,1,0,0,0,1,0,0,0
20:07:27.525,0,-0.5,337,0,0,0,43,44.9,0,0,0,52,50,8,0,0,0,0,0,0,0,0,13,190,1,34,34,15,33,15,34,33,33,33,-851583,8,4.863,0.015,13.825,40,0,32,0,0,34,0,1,0,0,0,1,0,0,0
20:07:27.625,0,-0.3,337,0,0,0,43,44.9,0,0,0,52,49,7,0,0,0,0,0,0,0,0,13,190,1,34,34,15,33,15,34,33,33,33,-851583,8,4.863,0.015,13.818,40,0,32,0,0,34,0,1,0,0,0,1,0,0,0
20:07:27.725,0,-0.4,337,0,0,0,43,44.9,0,0,0,52,49,7,0,0,0,0,0,0,0,0,13,190,1,34,34,15,33,15,34,33,33,33,-851583,8,4.863,0.015,13.805,40,0,32,0,0,34,0,1,0,0,0,1,0,0,0
20:07:27.825,0,-0.5,337,0,0,0,43,44.9,0,0,0,51,48,7,0,0,0,0,0,0,0,0,13,190,1,34,34,15,33,15,34,33,33,33,-851583,8,4.863,0.015,13.839,40,0,32,0,0,34,0,1,0,0,0,1,0,0,0
20:07:27.925,0,-0.4,337,0,0,0,43,44.9,0,0,0,52,50,7,0,0,0,0,0,0,0,0,13,190,1,34,34,15,34,15,34,33,33,33,-851583,8,4.863,0.015,13.825,40,0,32,0,0,34,0,1,0,0,0,1,0,0,0
20:07:28.025,0,-0.5,338,0,0,0,43,44.9,0,0,0,52,48,7,0,0,0,0,0,0,0,0,13,190,1,34,34,15,34,15,34,33,33,33,-851583,8,4.863,0.015,13.812,40,0,32,0,0,34,0,1,0,0,0,1,0,0,0
20:07:28.125,0,-0.5,337,0,0,0,43,44.9,0,0,0,52,48,7,0,0,0,0,0,0,0,0,13,190,1,34,34,15,15,15,34,33,33,33,-851583,8,4.863,0.015,13.832,40,0,32,0,0,34,0,1,0,0,0,1,0,0,0
20:07:28.225,0,-0.5,337,0,0,0,43,44.9,0,0,0,54,50,7,0,0,0,0,0,0,0,0,13,190,1,34,34,15,33,15,34,33,33,34,-851583,8,4.863,0.015,13.818,40,0,32,0,0,34,0,1,0,0,0,1,0,0,0
20:07:28.325,0,-0.4,338,0,0,0,43,44.9,0,0,0,52,48,8,0,0,0,0,0,0,0,0,13,190,1,34,34,15,34,15,34,33,33,33,-851583,8,4.863,0.015,13.818,40,0,32,0,0,34,0,1,0,0,0,1,0,0,0
20:07:28.425,0,-0.5,338,0,0,0,43,44.9,0,0,0,52,50,7,0,0,0,0,0,0,0,0,13,190,1,34,34,15,34,15,34,33,33,33,-851583,8,4.863,0.015,13.812,40,0,32,0,0,34,0,1,0,0,0,1,0,0,0
20:07:28.525,0,-0.4,337,0,0,0,43,44.9,0,0,0,52,49,7,0,0,0,0,0,0,0,0,13,190,1,34,34,15,34,15,34,33,33,33,-851583,8,4.863,0.015,13.805,40,0,32,0,0,34,0,1,0,0,0,1,0,0,0
20:07:28.625,0,-0.6,338,0,0,0,43,44.9,0,0,0,52,49,7,0,0,0,0,0,0,0,0,13,190,1,34,34,15,34,15,34,33,33,33,-851583,8,4.863,0.015,13.846,40,0,32,0,0,34,0,1,0,0,0,1,0,0,0
20:07:28.725,0,-0.3,337,0,0,0,43,44.9,0,0,0,51,49,7,0,0,0,0,0,0,0,0,13,190,1,34,34,15,34,15,34,33,33,33,-851583,8,4.863,0.015,13.812,40,0,32,0,0,34,0,1,0,0,0,1,0,0,0
