recording_id,segment_id,start_s,end_s,prediction_kind,score,label_status,neighbor_recording_id,neighbor_start_s,temporal_separation_s
07173121b1534f1eadb8b127005d4eff70872388074c2bbe0c93061527d89f40,window_0,0.0,10.0,contrastive_embedding_neighbor,0.9959328884209623,provisional_unverified,6faa006353747cbeb4e6d2e90954728110cb94fabfcd41e319270d4cde22f117,54.0,54.0
07173121b1534f1eadb8b127005d4eff70872388074c2bbe0c93061527d89f40,window_1,2.0,12.0,contrastive_embedding_neighbor,0.9969525149895158,provisional_unverified,25aa01e1dcbaea32c062e01b0f782c938c34163fc58af14087dfe2f77906c06e,26.0,24.0
07173121b1534f1eadb8b127005d4eff70872388074c2bbe0c93061527d89f40,window_2,4.0,14.0,contrastive_embedding_neighbor,0.9826158092741687,provisional_unverified,5e9e04831922d971561f6ffb53b2c77744d905cca01dcc2fe043d10b2f63c613,12.0,8.0
07173121b1534f1eadb8b127005d4eff70872388074c2bbe0c93061527d89f40,window_3,6.0,16.0,contrastive_embedding_neighbor,0.9959311317694319,provisional_unverified,667a6e15a4394db30d7cce7a4db319041453bfa306b566a87e84b213d81efb29,204.0,198.0
07173121b1534f1eadb8b127005d4eff70872388074c2bbe0c93061527d89f40,window_4,8.0,18.0,contrastive_embedding_neighbor,0.9474198905664812,provisional_unverified,667a6e15a4394db30d7cce7a4db319041453bfa306b566a87e84b213d81efb29,204.0,196.0
07173121b1534f1eadb8b127005d4eff70872388074c2bbe0c93061527d89f40,window_5,10.0,20.0,contrastive_embedding_neighbor,0.9641007969512888,provisional_unverified,5e9e04831922d971561f6ffb53b2c77744d905cca01dcc2fe043d10b2f63c613,16.0,6.0
07173121b1534f1eadb8b127005d4eff70872388074c2bbe0c93061527d89f40,window_6,12.0,22.0,contrastive_embedding_neighbor,0.9924694364504397,provisional_unverified,f26c5b91a912f9e98e0205e2518d5b3de0314b04b69c3bc6d0148fa8ea3e842b,8.0,4.0
1a8433bf1168531d6f7c2deb5c37b27de5ddf1d9f65316416ecbf000289fd40a,window_7,0.0,10.0,contrastive_embedding_neighbor,0.9628637217293734,provisional_unverified,667a6e15a4394db30d7cce7a4db319041453bfa306b566a87e84b213d81efb29,128.0,128.0
1a8433bf1168531d6f7c2deb5c37b27de5ddf1d9f65316416ecbf000289fd40a,window_8,2.0,12.0,contrastive_embedding_neighbor,0.9505225459042711,provisional_unverified,67460352e955edbaf8a0e73406f2aa4726aa14abea0a93abbe0484dccf14d5c3,18.0,16.0
1a8433bf1168531d6f7c2deb5c37b27de5ddf1d9f65316416ecbf000289fd40a,window_9,4.0,14.0,contrastive_embedding_neighbor,0.9586070070633244,provisional_unverified,667a6e15a4394db30d7cce7a4db319041453bfa306b566a87e84b213d81efb29,138.0,134.0
1a8433bf1168531d6f7c2deb5c37b27de5ddf1d9f65316416ecbf000289fd40a,window_10,6.0,16.0,contrastive_embedding_neighbor,0.9431126196740345,provisional_unverified,2f775054c4e7bb342cf49e0ee66406e82353c274c103fc7f7d6a93ea329aea86,10.0,4.0
1a8433bf1168531d6f7c2deb5c37b27de5ddf1d9f65316416ecbf000289fd40a,window_11,8.0,18.0,contrastive_embedding_neighbor,0.9559776925363094,provisional_unverified,667a6e15a4394db30d7cce7a4db319041453bfa306b566a87e84b213d81efb29,204.0,196.0
1a8433bf1168531d6f7c2deb5c37b27de5ddf1d9f65316416ecbf000289fd40a,window_12,10.0,20.0,contrastive_embedding_neighbor,0.9029019717103336,provisional_unverified,667a6e15a4394db30d7cce7a4db319041453bfa306b566a87e84b213d81efb29,204.0,194.0
1a8433bf1168531d6f7c2deb5c37b27de5ddf1d9f65316416ecbf000289fd40a,window_13,12.0,22.0,contrastive_embedding_neighbor,0.9768698274963297,provisional_unverified,5e9e04831922d971561f6ffb53b2c77744d905cca01dcc2fe043d10b2f63c613,10.0,2.0
1cca7c275163fc193899535ebb0c13f26676e8568d3c8adac48dbcc224812b0c,window_14,0.0,10.0,contrastive_embedding_neighbor,0.9998240739193883,provisional_unverified,6939b3836a088e9113eb3bffcf362bed963a71bbd9012ecb56dc61e6d500da39,42.0,42.0
1cca7c275163fc193899535ebb0c13f26676e8568d3c8adac48dbcc224812b0c,window_15,2.0,12.0,contrastive_embedding_neighbor,0.9992567076332064,provisional_unverified,667a6e15a4394db30d7cce7a4db319041453bfa306b566a87e84b213d81efb29,26.0,24.0
1cca7c275163fc193899535ebb0c13f26676e8568d3c8adac48dbcc224812b0c,window_16,4.0,14.0,contrastive_embedding_neighbor,0.9987540650940155,provisional_unverified,6939b3836a088e9113eb3bffcf362bed963a71bbd9012ecb56dc61e6d500da39,50.0,46.0
1cca7c275163fc193899535ebb0c13f26676e8568d3c8adac48dbcc224812b0c,window_17,6.0,16.0,contrastive_embedding_neighbor,0.998976371263672,provisional_unverified,6939b3836a088e9113eb3bffcf362bed963a71bbd9012ecb56dc61e6d500da39,54.0,48.0
1cca7c275163fc193899535ebb0c13f26676e8568d3c8adac48dbcc224812b0c,window_18,8.0,18.0,contrastive_embedding_neighbor,0.9966587280225808,provisional_unverified,67460352e955edbaf8a0e73406f2aa4726aa14abea0a93abbe0484dccf14d5c3,24.0,16.0
1cca7c275163fc193899535ebb0c13f26676e8568d3c8adac48dbcc224812b0c,window_19,10.0,20.0,contrastive_embedding_neighbor,0.9911148031356317,provisional_unverified,1cca7c275163fc193899535ebb0c13f26676e8568d3c8adac48dbcc224812b0c,26.0,16.0
1cca7c275163fc193899535ebb0c13f26676e8568d3c8adac48dbcc224812b0c,window_20,12.0,22.0,contrastive_embedding_neighbor,0.9784081634285252,provisional_unverified,1cca7c275163fc193899535ebb0c13f26676e8568d3c8adac48dbcc224812b0c,28.0,16.0
1cca7c275163fc193899535ebb0c13f26676e8568d3c8adac48dbcc224812b0c,window_21,14.0,24.0,contrastive_embedding_neighbor,0.9538842762524765,provisional_unverified,67460352e955edbaf8a0e73406f2aa4726aa14abea0a93abbe0484dccf14d5c3,24.0,10.0
1cca7c275163fc193899535ebb0c13f26676e8568d3c8adac48dbcc224812b0c,window_22,16.0,26.0,contrastive_embedding_neighbor,0.9482408191937731,provisional_unverified,67460352e955edbaf8a0e73406f2aa4726aa14abea0a93abbe0484dccf14d5c3,24.0,8.0
1cca7c275163fc193899535ebb0c13f26676e8568d3c8adac48dbcc224812b0c,window_23,18.0,28.0,contrastive_embedding_neighbor,0.9568371325120365,provisional_unverified,67460352e955edbaf8a0e73406f2aa4726aa14abea0a93abbe0484dccf14d5c3,24.0,6.0
1cca7c275163fc193899535ebb0c13f26676e8568d3c8adac48dbcc224812b0c,window_24,20.0,30.0,contrastive_embedding_neighbor,0.9567009471513395,provisional_unverified,6939b3836a088e9113eb3bffcf362bed963a71bbd9012ecb56dc61e6d500da39,54.0,34.0
1cca7c275163fc193899535ebb0c13f26676e8568d3c8adac48dbcc224812b0c,window_25,22.0,32.0,contrastive_embedding_neighbor,0.9699325319881175,provisional_unverified,1cca7c275163fc193899535ebb0c13f26676e8568d3c8adac48dbcc224812b0c,6.0,16.0
1cca7c275163fc193899535ebb0c13f26676e8568d3c8adac48dbcc224812b0c,window_26,24.0,34.0,contrastive_embedding_neighbor,0.9839661563254313,provisional_unverified,1cca7c275163fc193899535ebb0c13f26676e8568d3c8adac48dbcc224812b0c,8.0,16.0
1cca7c275163fc193899535ebb0c13f26676e8568d3c8adac48dbcc224812b0c,window_27,26.0,36.0,contrastive_embedding_neighbor,0.9911148031356317,provisional_unverified,1cca7c275163fc193899535ebb0c13f26676e8568d3c8adac48dbcc224812b0c,10.0,16.0
1cca7c275163fc193899535ebb0c13f26676e8568d3c8adac48dbcc224812b0c,window_28,28.0,38.0,contrastive_embedding_neighbor,0.9941442133725386,provisional_unverified,667a6e15a4394db30d7cce7a4db319041453bfa306b566a87e84b213d81efb29,28.0,0.0
200a690cbeb5a4d9f415d6a933e60aa13a0cf5ee5c03c71731d7739c8ecbda5e,window_29,0.0,10.0,contrastive_embedding_neighbor,0.9999995563359776,provisional_unverified,629d7d57091b71c5c0c2c6f42218702e454b4ae60e20636885741c7c22fe1bb4,26.0,26.0
200a690cbeb5a4d9f415d6a933e60aa13a0cf5ee5c03c71731d7739c8ecbda5e,window_30,2.0,12.0,contrastive_embedding_neighbor,0.9998678420026729,provisional_unverified,382db1f8ede73f956341d7b461790125339762ec9d7cc96480f20aefe04d77e1,12.0,10.0
200a690cbeb5a4d9f415d6a933e60aa13a0cf5ee5c03c71731d7739c8ecbda5e,window_31,4.0,14.0,contrastive_embedding_neighbor,0.9756739119817224,provisional_unverified,629d7d57091b71c5c0c2c6f42218702e454b4ae60e20636885741c7c22fe1bb4,32.0,28.0
200a690cbeb5a4d9f415d6a933e60aa13a0cf5ee5c03c71731d7739c8ecbda5e,window_32,6.0,16.0,contrastive_embedding_neighbor,0.9820783068084902,provisional_unverified,6faa006353747cbeb4e6d2e90954728110cb94fabfcd41e319270d4cde22f117,42.0,36.0
200a690cbeb5a4d9f415d6a933e60aa13a0cf5ee5c03c71731d7739c8ecbda5e,window_33,8.0,18.0,contrastive_embedding_neighbor,0.9783989556536691,provisional_unverified,6faa006353747cbeb4e6d2e90954728110cb94fabfcd41e319270d4cde22f117,42.0,34.0
200a690cbeb5a4d9f415d6a933e60aa13a0cf5ee5c03c71731d7739c8ecbda5e,window_34,10.0,20.0,contrastive_embedding_neighbor,0.9795847362734925,provisional_unverified,6faa006353747cbeb4e6d2e90954728110cb94fabfcd41e319270d4cde22f117,42.0,32.0
200a690cbeb5a4d9f415d6a933e60aa13a0cf5ee5c03c71731d7739c8ecbda5e,window_35,12.0,22.0,contrastive_embedding_neighbor,0.9840879126498222,provisional_unverified,6faa006353747cbeb4e6d2e90954728110cb94fabfcd41e319270d4cde22f117,42.0,30.0
200a690cbeb5a4d9f415d6a933e60aa13a0cf5ee5c03c71731d7739c8ecbda5e,window_36,14.0,24.0,contrastive_embedding_neighbor,0.9963109177892431,provisional_unverified,e57d3de89d6f2a3165aa05beee7b611f60923e090254337c1b48f744c78db52d,38.0,24.0
200a690cbeb5a4d9f415d6a933e60aa13a0cf5ee5c03c71731d7739c8ecbda5e,window_37,16.0,26.0,contrastive_embedding_neighbor,0.9997715820189307,provisional_unverified,667a6e15a4394db30d7cce7a4db319041453bfa306b566a87e84b213d81efb29,110.0,94.0
200a690cbeb5a4d9f415d6a933e60aa13a0cf5ee5c03c71731d7739c8ecbda5e,window_38,18.0,28.0,contrastive_embedding_neighbor,0.9890286704874419,provisional_unverified,f8a2dfe19bc591bed40778fcb493d9a34a3261518b2f4b416ba15a9402ec6dd7,8.0,10.0
200a690cbeb5a4d9f415d6a933e60aa13a0cf5ee5c03c71731d7739c8ecbda5e,window_39,20.0,30.0,contrastive_embedding_neighbor,0.9953871172676287,provisional_unverified,67460352e955edbaf8a0e73406f2aa4726aa14abea0a93abbe0484dccf14d5c3,2.0,18.0
200a690cbeb5a4d9f415d6a933e60aa13a0cf5ee5c03c71731d7739c8ecbda5e,window_40,22.0,32.0,contrastive_embedding_neighbor,0.996490492790734,provisional_unverified,67460352e955edbaf8a0e73406f2aa4726aa14abea0a93abbe0484dccf14d5c3,4.0,18.0
200a690cbeb5a4d9f415d6a933e60aa13a0cf5ee5c03c71731d7739c8ecbda5e,window_41,24.0,34.0,contrastive_embedding_neighbor,0.9996341559849301,provisional_unverified,67460352e955edbaf8a0e73406f2aa4726aa14abea0a93abbe0484dccf14d5c3,6.0,18.0
200a690cbeb5a4d9f415d6a933e60aa13a0cf5ee5c03c71731d7739c8ecbda5e,window_42,26.0,36.0,contrastive_embedding_neighbor,0.996109166840907,provisional_unverified,5e9e04831922d971561f6ffb53b2c77744d905cca01dcc2fe043d10b2f63c613,0.0,26.0
200a690cbeb5a4d9f415d6a933e60aa13a0cf5ee5c03c71731d7739c8ecbda5e,window_43,28.0,38.0,contrastive_embedding_neighbor,0.9959836361174185,provisional_unverified,5e9e04831922d971561f6ffb53b2c77744d905cca01dcc2fe043d10b2f63c613,4.0,24.0
200a690cbeb5a4d9f415d6a933e60aa13a0cf5ee5c03c71731d7739c8ecbda5e,window_44,30.0,40.0,contrastive_embedding_neighbor,0.9945695082777143,provisional_unverified,6faa006353747cbeb4e6d2e90954728110cb94fabfcd41e319270d4cde22f117,12.0,18.0
200a690cbeb5a4d9f415d6a933e60aa13a0cf5ee5c03c71731d7739c8ecbda5e,window_45,32.0,42.0,contrastive_embedding_neighbor,0.9948866526147159,provisional_unverified,6faa006353747cbeb4e6d2e90954728110cb94fabfcd41e319270d4cde22f117,26.0,6.0
200a690cbeb5a4d9f415d6a933e60aa13a0cf5ee5c03c71731d7739c8ecbda5e,window_46,34.0,44.0,contrastive_embedding_neighbor,0.9889123982496354,provisional_unverified,6faa006353747cbeb4e6d2e90954728110cb94fabfcd41e319270d4cde22f117,62.0,28.0
200a690cbeb5a4d9f415d6a933e60aa13a0cf5ee5c03c71731d7739c8ecbda5e,window_47,36.0,46.0,contrastive_embedding_neighbor,0.991897086693947,provisional_unverified,6faa006353747cbeb4e6d2e90954728110cb94fabfcd41e319270d4cde22f117,24.0,12.0
200a690cbeb5a4d9f415d6a933e60aa13a0cf5ee5c03c71731d7739c8ecbda5e,window_48,38.0,48.0,contrastive_embedding_neighbor,0.992157276344307,provisional_unverified,629d7d57091b71c5c0c2c6f42218702e454b4ae60e20636885741c7c22fe1bb4,10.0,28.0
200a690cbeb5a4d9f415d6a933e60aa13a0cf5ee5c03c71731d7739c8ecbda5e,window_49,40.0,50.0,contrastive_embedding_neighbor,0.9884768868290795,provisional_unverified,5e9e04831922d971561f6ffb53b2c77744d905cca01dcc2fe043d10b2f63c613,20.0,20.0
200a690cbeb5a4d9f415d6a933e60aa13a0cf5ee5c03c71731d7739c8ecbda5e,window_50,42.0,52.0,contrastive_embedding_neighbor,0.9982242140232148,provisional_unverified,5e9e04831922d971561f6ffb53b2c77744d905cca01dcc2fe043d10b2f63c613,20.0,22.0
200a690cbeb5a4d9f415d6a933e60aa13a0cf5ee5c03c71731d7739c8ecbda5e,window_51,44.0,54.0,contrastive_embedding_neighbor,0.9865109864589491,provisional_unverified,5e9e04831922d971561f6ffb53b2c77744d905cca01dcc2fe043d10b2f63c613,20.0,24.0
200a690cbeb5a4d9f415d6a933e60aa13a0cf5ee5c03c71731d7739c8ecbda5e,window_52,46.0,56.0,contrastive_embedding_neighbor,0.9944274279630992,provisional_unverified,5e9e04831922d971561f6ffb53b2c77744d905cca01dcc2fe043d10b2f63c613,24.0,22.0
25aa01e1dcbaea32c062e01b0f782c938c34163fc58af14087dfe2f77906c06e,window_53,0.0,10.0,contrastive_embedding_neighbor,0.9999991011485373,provisional_unverified,25aa01e1dcbaea32c062e01b0f782c938c34163fc58af14087dfe2f77906c06e,50.0,50.0
25aa01e1dcbaea32c062e01b0f782c938c34163fc58af14087dfe2f77906c06e,window_54,2.0,12.0,contrastive_embedding_neighbor,0.9999990691374959,provisional_unverified,25aa01e1dcbaea32c062e01b0f782c938c34163fc58af14087dfe2f77906c06e,50.0,48.0
25aa01e1dcbaea32c062e01b0f782c938c34163fc58af14087dfe2f77906c06e,window_55,4.0,14.0,contrastive_embedding_neighbor,0.9585425165581202,provisional_unverified,667a6e15a4394db30d7cce7a4db319041453bfa306b566a87e84b213d81efb29,22.0,18.0
25aa01e1dcbaea32c062e01b0f782c938c34163fc58af14087dfe2f77906c06e,window_56,6.0,16.0,contrastive_embedding_neighbor,0.9937710957513274,provisional_unverified,6faa006353747cbeb4e6d2e90954728110cb94fabfcd41e319270d4cde22f117,44.0,38.0
25aa01e1dcbaea32c062e01b0f782c938c34163fc58af14087dfe2f77906c06e,window_57,8.0,18.0,contrastive_embedding_neighbor,0.9941921956153478,provisional_unverified,6faa006353747cbeb4e6d2e90954728110cb94fabfcd41e319270d4cde22f117,46.0,38.0
25aa01e1dcbaea32c062e01b0f782c938c34163fc58af14087dfe2f77906c06e,window_58,10.0,20.0,contrastive_embedding_neighbor,0.994111727191679,provisional_unverified,6faa006353747cbeb4e6d2e90954728110cb94fabfcd41e319270d4cde22f117,48.0,38.0
25aa01e1dcbaea32c062e01b0f782c938c34163fc58af14087dfe2f77906c06e,window_59,12.0,22.0,contrastive_embedding_neighbor,0.9973012154088702,provisional_unverified,6faa006353747cbeb4e6d2e90954728110cb94fabfcd41e319270d4cde22f117,50.0,38.0
25aa01e1dcbaea32c062e01b0f782c938c34163fc58af14087dfe2f77906c06e,window_60,14.0,24.0,contrastive_embedding_neighbor,0.9947595577258224,provisional_unverified,6faa006353747cbeb4e6d2e90954728110cb94fabfcd41e319270d4cde22f117,52.0,38.0
25aa01e1dcbaea32c062e01b0f782c938c34163fc58af14087dfe2f77906c06e,window_61,16.0,26.0,contrastive_embedding_neighbor,0.9954725716058868,provisional_unverified,67460352e955edbaf8a0e73406f2aa4726aa14abea0a93abbe0484dccf14d5c3,10.0,6.0
25aa01e1dcbaea32c062e01b0f782c938c34163fc58af14087dfe2f77906c06e,window_62,18.0,28.0,contrastive_embedding_neighbor,0.9965883732588598,provisional_unverified,e57d3de89d6f2a3165aa05beee7b611f60923e090254337c1b48f744c78db52d,28.0,10.0
25aa01e1dcbaea32c062e01b0f782c938c34163fc58af14087dfe2f77906c06e,window_63,20.0,30.0,contrastive_embedding_neighbor,0.9880149100146954,provisional_unverified,6faa006353747cbeb4e6d2e90954728110cb94fabfcd41e319270d4cde22f117,70.0,50.0
25aa01e1dcbaea32c062e01b0f782c938c34163fc58af14087dfe2f77906c06e,window_64,22.0,32.0,contrastive_embedding_neighbor,0.9597733399980936,provisional_unverified,6faa006353747cbeb4e6d2e90954728110cb94fabfcd41e319270d4cde22f117,18.0,4.0
25aa01e1dcbaea32c062e01b0f782c938c34163fc58af14087dfe2f77906c06e,window_65,24.0,34.0,contrastive_embedding_neighbor,0.9484611521051539,provisional_unverified,6faa006353747cbeb4e6d2e90954728110cb94fabfcd41e319270d4cde22f117,22.0,2.0
25aa01e1dcbaea32c062e01b0f782c938c34163fc58af14087dfe2f77906c06e,window_66,26.0,36.0,contrastive_embedding_neighbor,0.9969525149895158,provisional_unverified,07173121b1534f1eadb8b127005d4eff70872388074c2bbe0c93061527d89f40,2.0,24.0
25aa01e1dcbaea32c062e01b0f782c938c34163fc58af14087dfe2f77906c06e,window_67,28.0,38.0,contrastive_embedding_neighbor,0.9963929869568945,provisional_unverified,07173121b1534f1eadb8b127005d4eff70872388074c2bbe0c93061527d89f40,2.0,26.0
25aa01e1dcbaea32c062e01b0f782c938c34163fc58af14087dfe2f77906c06e,window_68,30.0,40.0,contrastive_embedding_neighbor,0.9925775186055201,provisional_unverified,5e9e04831922d971561f6ffb53b2c77744d905cca01dcc2fe043d10b2f63c613,6.0,24.0
25aa01e1dcbaea32c062e01b0f782c938c34163fc58af14087dfe2f77906c06e,window_69,32.0,42.0,contrastive_embedding_neighbor,0.9978441246817296,provisional_unverified,6faa006353747cbeb4e6d2e90954728110cb94fabfcd41e319270d4cde22f117,64.0,32.0
25aa01e1dcbaea32c062e01b0f782c938c34163fc58af14087dfe2f77906c06e,window_70,34.0,44.0,contrastive_embedding_neighbor,0.9987435038810615,provisional_unverified,6faa006353747cbeb4e6d2e90954728110cb94fabfcd41e319270d4cde22f117,68.0,34.0
25aa01e1dcbaea32c062e01b0f782c938c34163fc58af14087dfe2f77906c06e,window_71,36.0,46.0,contrastive_embedding_neighbor,0.9992190956507693,provisional_unverified,6faa006353747cbeb4e6d2e90954728110cb94fabfcd41e319270d4cde22f117,72.0,36.0
25aa01e1dcbaea32c062e01b0f782c938c34163fc58af14087dfe2f77906c06e,window_72,38.0,48.0,contrastive_embedding_neighbor,0.9948753021177139,provisional_unverified,667a6e15a4394db30d7cce7a4db319041453bfa306b566a87e84b213d81efb29,12.0,26.0
25aa01e1dcbaea32c062e01b0f782c938c34163fc58af14087dfe2f77906c06e,window_73,40.0,50.0,contrastive_embedding_neighbor,0.9944942103397543,provisional_unverified,629d7d57091b71c5c0c2c6f42218702e454b4ae60e20636885741c7c22fe1bb4,62.0,22.0
25aa01e1dcbaea32c062e01b0f782c938c34163fc58af14087dfe2f77906c06e,window_74,42.0,52.0,contrastive_embedding_neighbor,0.9989986005992246,provisional_unverified,667a6e15a4394db30d7cce7a4db319041453bfa306b566a87e84b213d81efb29,102.0,60.0
25aa01e1dcbaea32c062e01b0f782c938c34163fc58af14087dfe2f77906c06e,window_75,44.0,54.0,contrastive_embedding_neighbor,0.9911178054861666,provisional_unverified,667a6e15a4394db30d7cce7a4db319041453bfa306b566a87e84b213d81efb29,104.0,60.0
25aa01e1dcbaea32c062e01b0f782c938c34163fc58af14087dfe2f77906c06e,window_76,46.0,56.0,contrastive_embedding_neighbor,0.988011110869938,provisional_unverified,629d7d57091b71c5c0c2c6f42218702e454b4ae60e20636885741c7c22fe1bb4,22.0,24.0
25aa01e1dcbaea32c062e01b0f782c938c34163fc58af14087dfe2f77906c06e,window_77,48.0,58.0,contrastive_embedding_neighbor,0.9999873261960796,provisional_unverified,25aa01e1dcbaea32c062e01b0f782c938c34163fc58af14087dfe2f77906c06e,2.0,46.0
25aa01e1dcbaea32c062e01b0f782c938c34163fc58af14087dfe2f77906c06e,window_78,50.0,60.0,contrastive_embedding_neighbor,0.9999997843514017,provisional_unverified,554af5ad576c1c1d069356649e3bd1e2699a5801f6a0fa703e0c50db726bae3b,0.0,50.0
25aa01e1dcbaea32c062e01b0f782c938c34163fc58af14087dfe2f77906c06e,window_79,52.0,62.0,contrastive_embedding_neighbor,0.9999999737630275,provisional_unverified,554af5ad576c1c1d069356649e3bd1e2699a5801f6a0fa703e0c50db726bae3b,0.0,52.0
25aa01e1dcbaea32c062e01b0f782c938c34163fc58af14087dfe2f77906c06e,window_80,54.0,64.0,contrastive_embedding_neighbor,0.999999982039003,provisional_unverified,554af5ad576c1c1d069356649e3bd1e2699a5801f6a0fa703e0c50db726bae3b,0.0,54.0
25aa01e1dcbaea32c062e01b0f782c938c34163fc58af14087dfe2f77906c06e,window_81,56.0,66.0,contrastive_embedding_neighbor,0.9999998999829831,provisional_unverified,554af5ad576c1c1d069356649e3bd1e2699a5801f6a0fa703e0c50db726bae3b,8.0,48.0
25aa01e1dcbaea32c062e01b0f782c938c34163fc58af14087dfe2f77906c06e,window_82,58.0,68.0,contrastive_embedding_neighbor,0.9997834307989308,provisional_unverified,564a12f3d813c10242613a907d2b4981e7296739ba9a560571b3547dab1daa7f,20.0,38.0
25aa01e1dcbaea32c062e01b0f782c938c34163fc58af14087dfe2f77906c06e,window_83,60.0,70.0,contrastive_embedding_neighbor,0.988826115764841,provisional_unverified,564a12f3d813c10242613a907d2b4981e7296739ba9a560571b3547dab1daa7f,42.0,18.0
25aa01e1dcbaea32c062e01b0f782c938c34163fc58af14087dfe2f77906c06e,window_84,62.0,72.0,contrastive_embedding_neighbor,0.982335094160435,provisional_unverified,564a12f3d813c10242613a907d2b4981e7296739ba9a560571b3547dab1daa7f,42.0,20.0
2f775054c4e7bb342cf49e0ee66406e82353c274c103fc7f7d6a93ea329aea86,window_85,0.0,10.0,contrastive_embedding_neighbor,0.9825918080111301,provisional_unverified,67460352e955edbaf8a0e73406f2aa4726aa14abea0a93abbe0484dccf14d5c3,28.0,28.0
2f775054c4e7bb342cf49e0ee66406e82353c274c103fc7f7d6a93ea329aea86,window_86,2.0,12.0,contrastive_embedding_neighbor,0.9407372989519914,provisional_unverified,f26c5b91a912f9e98e0205e2518d5b3de0314b04b69c3bc6d0148fa8ea3e842b,0.0,2.0
2f775054c4e7bb342cf49e0ee66406e82353c274c103fc7f7d6a93ea329aea86,window_87,4.0,14.0,contrastive_embedding_neighbor,0.9374088191673967,provisional_unverified,667a6e15a4394db30d7cce7a4db319041453bfa306b566a87e84b213d81efb29,138.0,134.0
2f775054c4e7bb342cf49e0ee66406e82353c274c103fc7f7d6a93ea329aea86,window_88,6.0,16.0,contrastive_embedding_neighbor,0.9310339043810918,provisional_unverified,667a6e15a4394db30d7cce7a4db319041453bfa306b566a87e84b213d81efb29,200.0,194.0
2f775054c4e7bb342cf49e0ee66406e82353c274c103fc7f7d6a93ea329aea86,window_89,8.0,18.0,contrastive_embedding_neighbor,0.9381254921256,provisional_unverified,1a8433bf1168531d6f7c2deb5c37b27de5ddf1d9f65316416ecbf000289fd40a,2.0,6.0
2f775054c4e7bb342cf49e0ee66406e82353c274c103fc7f7d6a93ea329aea86,window_90,10.0,20.0,contrastive_embedding_neighbor,0.9520900748960134,provisional_unverified,1a8433bf1168531d6f7c2deb5c37b27de5ddf1d9f65316416ecbf000289fd40a,4.0,6.0
2f775054c4e7bb342cf49e0ee66406e82353c274c103fc7f7d6a93ea329aea86,window_91,12.0,22.0,contrastive_embedding_neighbor,0.9647997727896418,provisional_unverified,667a6e15a4394db30d7cce7a4db319041453bfa306b566a87e84b213d81efb29,82.0,70.0
2f775054c4e7bb342cf49e0ee66406e82353c274c103fc7f7d6a93ea329aea86,window_92,14.0,24.0,contrastive_embedding_neighbor,0.9766133296207418,provisional_unverified,667a6e15a4394db30d7cce7a4db319041453bfa306b566a87e84b213d81efb29,70.0,56.0
2f775054c4e7bb342cf49e0ee66406e82353c274c103fc7f7d6a93ea329aea86,window_93,16.0,26.0,contrastive_embedding_neighbor,0.968745279040328,provisional_unverified,667a6e15a4394db30d7cce7a4db319041453bfa306b566a87e84b213d81efb29,182.0,166.0
382db1f8ede73f956341d7b461790125339762ec9d7cc96480f20aefe04d77e1,window_94,0.0,10.0,contrastive_embedding_neighbor,0.9999983261647094,provisional_unverified,953f71ef131b4c5ce7211560abcbafbfe0079e72cf2190c2908d3ff00cf5db12,28.0,28.0
382db1f8ede73f956341d7b461790125339762ec9d7cc96480f20aefe04d77e1,window_95,2.0,12.0,contrastive_embedding_neighbor,0.9999935297038375,provisional_unverified,953f71ef131b4c5ce7211560abcbafbfe0079e72cf2190c2908d3ff00cf5db12,58.0,56.0
382db1f8ede73f956341d7b461790125339762ec9d7cc96480f20aefe04d77e1,window_96,4.0,14.0,contrastive_embedding_neighbor,0.9999600858057203,provisional_unverified,953f71ef131b4c5ce7211560abcbafbfe0079e72cf2190c2908d3ff00cf5db12,58.0,54.0
382db1f8ede73f956341d7b461790125339762ec9d7cc96480f20aefe04d77e1,window_97,6.0,16.0,contrastive_embedding_neighbor,0.9999803959806371,provisional_unverified,953f71ef131b4c5ce7211560abcbafbfe0079e72cf2190c2908d3ff00cf5db12,54.0,48.0
382db1f8ede73f956341d7b461790125339762ec9d7cc96480f20aefe04d77e1,window_98,8.0,18.0,contrastive_embedding_neighbor,0.9999978392059791,provisional_unverified,953f71ef131b4c5ce7211560abcbafbfe0079e72cf2190c2908d3ff00cf5db12,70.0,62.0
382db1f8ede73f956341d7b461790125339762ec9d7cc96480f20aefe04d77e1,window_99,10.0,20.0,contrastive_embedding_neighbor,0.9999985912216471,provisional_unverified,953f71ef131b4c5ce7211560abcbafbfe0079e72cf2190c2908d3ff00cf5db12,52.0,42.0
382db1f8ede73f956341d7b461790125339762ec9d7cc96480f20aefe04d77e1,window_100,12.0,22.0,contrastive_embedding_neighbor,0.9999993383153515,provisional_unverified,953f71ef131b4c5ce7211560abcbafbfe0079e72cf2190c2908d3ff00cf5db12,22.0,10.0
382db1f8ede73f956341d7b461790125339762ec9d7cc96480f20aefe04d77e1,window_101,14.0,24.0,contrastive_embedding_neighbor,0.9999401174665011,provisional_unverified,953f71ef131b4c5ce7211560abcbafbfe0079e72cf2190c2908d3ff00cf5db12,58.0,44.0
382db1f8ede73f956341d7b461790125339762ec9d7cc96480f20aefe04d77e1,window_102,16.0,26.0,contrastive_embedding_neighbor,0.9999998282224885,provisional_unverified,953f71ef131b4c5ce7211560abcbafbfe0079e72cf2190c2908d3ff00cf5db12,16.0,0.0
382db1f8ede73f956341d7b461790125339762ec9d7cc96480f20aefe04d77e1,window_103,18.0,28.0,contrastive_embedding_neighbor,0.999999733061451,provisional_unverified,953f71ef131b4c5ce7211560abcbafbfe0079e72cf2190c2908d3ff00cf5db12,68.0,50.0
382db1f8ede73f956341d7b461790125339762ec9d7cc96480f20aefe04d77e1,window_104,20.0,30.0,contrastive_embedding_neighbor,0.9999964415347172,provisional_unverified,382db1f8ede73f956341d7b461790125339762ec9d7cc96480f20aefe04d77e1,44.0,24.0
382db1f8ede73f956341d7b461790125339762ec9d7cc96480f20aefe04d77e1,window_105,22.0,32.0,contrastive_embedding_neighbor,0.9999953761886384,provisional_unverified,382db1f8ede73f956341d7b461790125339762ec9d7cc96480f20aefe04d77e1,42.0,20.0
382db1f8ede73f956341d7b461790125339762ec9d7cc96480f20aefe04d77e1,window_106,24.0,34.0,contrastive_embedding_neighbor,0.9999943928927324,provisional_unverified,953f71ef131b4c5ce7211560abcbafbfe0079e72cf2190c2908d3ff00cf5db12,36.0,12.0
382db1f8ede73f956341d7b461790125339762ec9d7cc96480f20aefe04d77e1,window_107,26.0,36.0,contrastive_embedding_neighbor,0.9999954702830498,provisional_unverified,953f71ef131b4c5ce7211560abcbafbfe0079e72cf2190c2908d3ff00cf5db12,70.0,44.0
382db1f8ede73f956341d7b461790125339762ec9d7cc96480f20aefe04d77e1,window_108,28.0,38.0,contrastive_embedding_neighbor,0.9999985999432259,provisional_unverified,953f71ef131b4c5ce7211560abcbafbfe0079e72cf2190c2908d3ff00cf5db12,60.0,32.0
382db1f8ede73f956341d7b461790125339762ec9d7cc96480f20aefe04d77e1,window_109,30.0,40.0,contrastive_embedding_neighbor,0.9999978241806537,provisional_unverified,953f71ef131b4c5ce7211560abcbafbfe0079e72cf2190c2908d3ff00cf5db12,14.0,16.0
382db1f8ede73f956341d7b461790125339762ec9d7cc96480f20aefe04d77e1,window_110,32.0,42.0,contrastive_embedding_neighbor,0.9999975058436499,provisional_unverified,953f71ef131b4c5ce7211560abcbafbfe0079e72cf2190c2908d3ff00cf5db12,6.0,26.0
382db1f8ede73f956341d7b461790125339762ec9d7cc96480f20aefe04d77e1,window_111,34.0,44.0,contrastive_embedding_neighbor,0.9999988252949772,provisional_unverified,953f71ef131b4c5ce7211560abcbafbfe0079e72cf2190c2908d3ff00cf5db12,62.0,28.0
382db1f8ede73f956341d7b461790125339762ec9d7cc96480f20aefe04d77e1,window_112,36.0,46.0,contrastive_embedding_neighbor,0.9999986522971518,provisional_unverified,953f71ef131b4c5ce7211560abcbafbfe0079e72cf2190c2908d3ff00cf5db12,66.0,30.0
382db1f8ede73f956341d7b461790125339762ec9d7cc96480f20aefe04d77e1,window_113,38.0,48.0,contrastive_embedding_neighbor,0.99999967125185,provisional_unverified,953f71ef131b4c5ce7211560abcbafbfe0079e72cf2190c2908d3ff00cf5db12,16.0,22.0
382db1f8ede73f956341d7b461790125339762ec9d7cc96480f20aefe04d77e1,window_114,40.0,50.0,contrastive_embedding_neighbor,0.9999995404041367,provisional_unverified,953f71ef131b4c5ce7211560abcbafbfe0079e72cf2190c2908d3ff00cf5db12,70.0,30.0
382db1f8ede73f956341d7b461790125339762ec9d7cc96480f20aefe04d77e1,window_115,42.0,52.0,contrastive_embedding_neighbor,0.9999953761886384,provisional_unverified,382db1f8ede73f956341d7b461790125339762ec9d7cc96480f20aefe04d77e1,22.0,20.0
382db1f8ede73f956341d7b461790125339762ec9d7cc96480f20aefe04d77e1,window_116,44.0,54.0,contrastive_embedding_neighbor,0.9999964415347172,provisional_unverified,382db1f8ede73f956341d7b461790125339762ec9d7cc96480f20aefe04d77e1,20.0,24.0
382db1f8ede73f956341d7b461790125339762ec9d7cc96480f20aefe04d77e1,window_117,46.0,56.0,contrastive_embedding_neighbor,0.9999983711717372,provisional_unverified,953f71ef131b4c5ce7211560abcbafbfe0079e72cf2190c2908d3ff00cf5db12,2.0,44.0
4c8d0190b666e26315ce16c862ca2e968d576e14537487162bbd73b9a47d0c07,window_118,0.0,10.0,contrastive_embedding_neighbor,0.9705314868252352,provisional_unverified,f8a2dfe19bc591bed40778fcb493d9a34a3261518b2f4b416ba15a9402ec6dd7,22.0,22.0
4c8d0190b666e26315ce16c862ca2e968d576e14537487162bbd73b9a47d0c07,window_119,2.0,12.0,contrastive_embedding_neighbor,0.9840330529429567,provisional_unverified,f8a2dfe19bc591bed40778fcb493d9a34a3261518b2f4b416ba15a9402ec6dd7,22.0,20.0
4c8d0190b666e26315ce16c862ca2e968d576e14537487162bbd73b9a47d0c07,window_120,4.0,14.0,contrastive_embedding_neighbor,0.9728792552300887,provisional_unverified,f8a2dfe19bc591bed40778fcb493d9a34a3261518b2f4b416ba15a9402ec6dd7,22.0,18.0
4c8d0190b666e26315ce16c862ca2e968d576e14537487162bbd73b9a47d0c07,window_121,6.0,16.0,contrastive_embedding_neighbor,0.9961946622818056,provisional_unverified,f8a2dfe19bc591bed40778fcb493d9a34a3261518b2f4b416ba15a9402ec6dd7,24.0,18.0
4c8d0190b666e26315ce16c862ca2e968d576e14537487162bbd73b9a47d0c07,window_122,8.0,18.0,contrastive_embedding_neighbor,0.9860281424138166,provisional_unverified,667a6e15a4394db30d7cce7a4db319041453bfa306b566a87e84b213d81efb29,182.0,174.0
4c8d0190b666e26315ce16c862ca2e968d576e14537487162bbd73b9a47d0c07,window_123,10.0,20.0,contrastive_embedding_neighbor,0.9003314868243456,provisional_unverified,667a6e15a4394db30d7cce7a4db319041453bfa306b566a87e84b213d81efb29,138.0,128.0
4c8d0190b666e26315ce16c862ca2e968d576e14537487162bbd73b9a47d0c07,window_124,12.0,22.0,contrastive_embedding_neighbor,0.9598780269012461,provisional_unverified,6939b3836a088e9113eb3bffcf362bed963a71bbd9012ecb56dc61e6d500da39,0.0,12.0
554af5ad576c1c1d069356649e3bd1e2699a5801f6a0fa703e0c50db726bae3b,window_125,0.0,10.0,contrastive_embedding_neighbor,0.999999982039003,provisional_unverified,25aa01e1dcbaea32c062e01b0f782c938c34163fc58af14087dfe2f77906c06e,54.0,54.0
554af5ad576c1c1d069356649e3bd1e2699a5801f6a0fa703e0c50db726bae3b,window_126,2.0,12.0,contrastive_embedding_neighbor,0.9999996888760401,provisional_unverified,f8a2dfe19bc591bed40778fcb493d9a34a3261518b2f4b416ba15a9402ec6dd7,2.0,0.0
554af5ad576c1c1d069356649e3bd1e2699a5801f6a0fa703e0c50db726bae3b,window_127,4.0,14.0,contrastive_embedding_neighbor,0.9999999630243211,provisional_unverified,f8a2dfe19bc591bed40778fcb493d9a34a3261518b2f4b416ba15a9402ec6dd7,2.0,2.0
554af5ad576c1c1d069356649e3bd1e2699a5801f6a0fa703e0c50db726bae3b,window_128,6.0,16.0,contrastive_embedding_neighbor,0.9999999997347279,provisional_unverified,f8a2dfe19bc591bed40778fcb493d9a34a3261518b2f4b416ba15a9402ec6dd7,2.0,4.0
554af5ad576c1c1d069356649e3bd1e2699a5801f6a0fa703e0c50db726bae3b,window_129,8.0,18.0,contrastive_embedding_neighbor,0.9999999921148083,provisional_unverified,f8a2dfe19bc591bed40778fcb493d9a34a3261518b2f4b416ba15a9402ec6dd7,4.0,4.0
564a12f3d813c10242613a907d2b4981e7296739ba9a560571b3547dab1daa7f,window_130,0.0,10.0,contrastive_embedding_neighbor,0.9999993287908082,provisional_unverified,564a12f3d813c10242613a907d2b4981e7296739ba9a560571b3547dab1daa7f,30.0,30.0
564a12f3d813c10242613a907d2b4981e7296739ba9a560571b3547dab1daa7f,window_131,2.0,12.0,contrastive_embedding_neighbor,0.9999996975688301,provisional_unverified,564a12f3d813c10242613a907d2b4981e7296739ba9a560571b3547dab1daa7f,38.0,36.0
564a12f3d813c10242613a907d2b4981e7296739ba9a560571b3547dab1daa7f,window_132,4.0,14.0,contrastive_embedding_neighbor,0.9999991897999023,provisional_unverified,564a12f3d813c10242613a907d2b4981e7296739ba9a560571b3547dab1daa7f,40.0,36.0
564a12f3d813c10242613a907d2b4981e7296739ba9a560571b3547dab1daa7f,window_133,6.0,16.0,contrastive_embedding_neighbor,0.9999985860901953,provisional_unverified,564a12f3d813c10242613a907d2b4981e7296739ba9a560571b3547dab1daa7f,46.0,40.0
564a12f3d813c10242613a907d2b4981e7296739ba9a560571b3547dab1daa7f,window_134,8.0,18.0,contrastive_embedding_neighbor,0.999999465041722,provisional_unverified,564a12f3d813c10242613a907d2b4981e7296739ba9a560571b3547dab1daa7f,40.0,32.0
564a12f3d813c10242613a907d2b4981e7296739ba9a560571b3547dab1daa7f,window_135,10.0,20.0,contrastive_embedding_neighbor,0.9999956869897003,provisional_unverified,564a12f3d813c10242613a907d2b4981e7296739ba9a560571b3547dab1daa7f,46.0,36.0
564a12f3d813c10242613a907d2b4981e7296739ba9a560571b3547dab1daa7f,window_136,12.0,22.0,contrastive_embedding_neighbor,0.9999913646432599,provisional_unverified,564a12f3d813c10242613a907d2b4981e7296739ba9a560571b3547dab1daa7f,46.0,34.0
564a12f3d813c10242613a907d2b4981e7296739ba9a560571b3547dab1daa7f,window_137,14.0,24.0,contrastive_embedding_neighbor,0.9999958859139286,provisional_unverified,564a12f3d813c10242613a907d2b4981e7296739ba9a560571b3547dab1daa7f,46.0,32.0
564a12f3d813c10242613a907d2b4981e7296739ba9a560571b3547dab1daa7f,window_138,16.0,26.0,contrastive_embedding_neighbor,0.9999996536022554,provisional_unverified,564a12f3d813c10242613a907d2b4981e7296739ba9a560571b3547dab1daa7f,40.0,24.0
564a12f3d813c10242613a907d2b4981e7296739ba9a560571b3547dab1daa7f,window_139,18.0,28.0,contrastive_embedding_neighbor,0.9999958411800012,provisional_unverified,564a12f3d813c10242613a907d2b4981e7296739ba9a560571b3547dab1daa7f,34.0,16.0
564a12f3d813c10242613a907d2b4981e7296739ba9a560571b3547dab1daa7f,window_140,20.0,30.0,contrastive_embedding_neighbor,0.9999952378415531,provisional_unverified,564a12f3d813c10242613a907d2b4981e7296739ba9a560571b3547dab1daa7f,0.0,20.0
564a12f3d813c10242613a907d2b4981e7296739ba9a560571b3547dab1daa7f,window_141,22.0,32.0,contrastive_embedding_neighbor,0.9998824187675434,provisional_unverified,564a12f3d813c10242613a907d2b4981e7296739ba9a560571b3547dab1daa7f,0.0,22.0
564a12f3d813c10242613a907d2b4981e7296739ba9a560571b3547dab1daa7f,window_142,24.0,34.0,contrastive_embedding_neighbor,0.9999413443386612,provisional_unverified,564a12f3d813c10242613a907d2b4981e7296739ba9a560571b3547dab1daa7f,0.0,24.0
564a12f3d813c10242613a907d2b4981e7296739ba9a560571b3547dab1daa7f,window_143,26.0,36.0,contrastive_embedding_neighbor,0.999723503969086,provisional_unverified,564a12f3d813c10242613a907d2b4981e7296739ba9a560571b3547dab1daa7f,0.0,26.0
564a12f3d813c10242613a907d2b4981e7296739ba9a560571b3547dab1daa7f,window_144,28.0,38.0,contrastive_embedding_neighbor,0.9998801047073014,provisional_unverified,564a12f3d813c10242613a907d2b4981e7296739ba9a560571b3547dab1daa7f,0.0,28.0
564a12f3d813c10242613a907d2b4981e7296739ba9a560571b3547dab1daa7f,window_145,30.0,40.0,contrastive_embedding_neighbor,0.9999993287908082,provisional_unverified,564a12f3d813c10242613a907d2b4981e7296739ba9a560571b3547dab1daa7f,0.0,30.0
564a12f3d813c10242613a907d2b4981e7296739ba9a560571b3547dab1daa7f,window_146,32.0,42.0,contrastive_embedding_neighbor,0.999996093403927,provisional_unverified,564a12f3d813c10242613a907d2b4981e7296739ba9a560571b3547dab1daa7f,0.0,32.0
564a12f3d813c10242613a907d2b4981e7296739ba9a560571b3547dab1daa7f,window_147,34.0,44.0,contrastive_embedding_neighbor,0.9999958411800012,provisional_unverified,564a12f3d813c10242613a907d2b4981e7296739ba9a560571b3547dab1daa7f,18.0,16.0
564a12f3d813c10242613a907d2b4981e7296739ba9a560571b3547dab1daa7f,window_148,36.0,46.0,contrastive_embedding_neighbor,0.9999889785807101,provisional_unverified,564a12f3d813c10242613a907d2b4981e7296739ba9a560571b3547dab1daa7f,12.0,24.0
564a12f3d813c10242613a907d2b4981e7296739ba9a560571b3547dab1daa7f,window_149,38.0,48.0,contrastive_embedding_neighbor,0.9999996975688301,provisional_unverified,564a12f3d813c10242613a907d2b4981e7296739ba9a560571b3547dab1daa7f,2.0,36.0
564a12f3d813c10242613a907d2b4981e7296739ba9a560571b3547dab1daa7f,window_150,40.0,50.0,contrastive_embedding_neighbor,0.9999996536022554,provisional_unverified,564a12f3d813c10242613a907d2b4981e7296739ba9a560571b3547dab1daa7f,16.0,24.0
564a12f3d813c10242613a907d2b4981e7296739ba9a560571b3547dab1daa7f,window_151,42.0,52.0,contrastive_embedding_neighbor,0.9997520074974507,provisional_unverified,564a12f3d813c10242613a907d2b4981e7296739ba9a560571b3547dab1daa7f,16.0,26.0
564a12f3d813c10242613a907d2b4981e7296739ba9a560571b3547dab1daa7f,window_152,44.0,54.0,contrastive_embedding_neighbor,0.9999108861479286,provisional_unverified,564a12f3d813c10242613a907d2b4981e7296739ba9a560571b3547dab1daa7f,16.0,28.0
564a12f3d813c10242613a907d2b4981e7296739ba9a560571b3547dab1daa7f,window_153,46.0,56.0,contrastive_embedding_neighbor,0.9999985860901953,provisional_unverified,564a12f3d813c10242613a907d2b4981e7296739ba9a560571b3547dab1daa7f,6.0,40.0
5e9e04831922d971561f6ffb53b2c77744d905cca01dcc2fe043d10b2f63c613,window_154,0.0,10.0,contrastive_embedding_neighbor,0.996109166840907,provisional_unverified,200a690cbeb5a4d9f415d6a933e60aa13a0cf5ee5c03c71731d7739c8ecbda5e,26.0,26.0
5e9e04831922d971561f6ffb53b2c77744d905cca01dcc2fe043d10b2f63c613,window_155,2.0,12.0,contrastive_embedding_neighbor,0.9950685744304708,provisional_unverified,200a690cbeb5a4d9f415d6a933e60aa13a0cf5ee5c03c71731d7739c8ecbda5e,26.0,24.0
5e9e04831922d971561f6ffb53b2c77744d905cca01dcc2fe043d10b2f63c613,window_156,4.0,14.0,contrastive_embedding_neighbor,0.9959836361174185,provisional_unverified,200a690cbeb5a4d9f415d6a933e60aa13a0cf5ee5c03c71731d7739c8ecbda5e,28.0,24.0
5e9e04831922d971561f6ffb53b2c77744d905cca01dcc2fe043d10b2f63c613,window_157,6.0,16.0,contrastive_embedding_neighbor,0.9940995578792536,provisional_unverified,25aa01e1dcbaea32c062e01b0f782c938c34163fc58af14087dfe2f77906c06e,26.0,20.0
5e9e04831922d971561f6ffb53b2c77744d905cca01dcc2fe043d10b2f63c613,window_158,8.0,18.0,contrastive_embedding_neighbor,0.9718279108550387,provisional_unverified,07173121b1534f1eadb8b127005d4eff70872388074c2bbe0c93061527d89f40,4.0,4.0
5e9e04831922d971561f6ffb53b2c77744d905cca01dcc2fe043d10b2f63c613,window_159,10.0,20.0,contrastive_embedding_neighbor,0.9768698274963297,provisional_unverified,1a8433bf1168531d6f7c2deb5c37b27de5ddf1d9f65316416ecbf000289fd40a,12.0,2.0
5e9e04831922d971561f6ffb53b2c77744d905cca01dcc2fe043d10b2f63c613,window_160,12.0,22.0,contrastive_embedding_neighbor,0.9826158092741687,provisional_unverified,07173121b1534f1eadb8b127005d4eff70872388074c2bbe0c93061527d89f40,4.0,8.0
5e9e04831922d971561f6ffb53b2c77744d905cca01dcc2fe043d10b2f63c613,window_161,14.0,24.0,contrastive_embedding_neighbor,0.9196383226245247,provisional_unverified,f26c5b91a912f9e98e0205e2518d5b3de0314b04b69c3bc6d0148fa8ea3e842b,4.0,10.0
5e9e04831922d971561f6ffb53b2c77744d905cca01dcc2fe043d10b2f63c613,window_162,16.0,26.0,contrastive_embedding_neighbor,0.9641007969512888,provisional_unverified,07173121b1534f1eadb8b127005d4eff70872388074c2bbe0c93061527d89f40,10.0,6.0
5e9e04831922d971561f6ffb53b2c77744d905cca01dcc2fe043d10b2f63c613,window_163,18.0,28.0,contrastive_embedding_neighbor,0.9893620728100131,provisional_unverified,f26c5b91a912f9e98e0205e2518d5b3de0314b04b69c3bc6d0148fa8ea3e842b,12.0,6.0
5e9e04831922d971561f6ffb53b2c77744d905cca01dcc2fe043d10b2f63c613,window_164,20.0,30.0,contrastive_embedding_neighbor,0.9982242140232148,provisional_unverified,200a690cbeb5a4d9f415d6a933e60aa13a0cf5ee5c03c71731d7739c8ecbda5e,42.0,22.0
5e9e04831922d971561f6ffb53b2c77744d905cca01dcc2fe043d10b2f63c613,window_165,22.0,32.0,contrastive_embedding_neighbor,0.9920486114554686,provisional_unverified,200a690cbeb5a4d9f415d6a933e60aa13a0cf5ee5c03c71731d7739c8ecbda5e,42.0,20.0
5e9e04831922d971561f6ffb53b2c77744d905cca01dcc2fe043d10b2f63c613,window_166,24.0,34.0,contrastive_embedding_neighbor,0.9944274279630992,provisional_unverified,200a690cbeb5a4d9f415d6a933e60aa13a0cf5ee5c03c71731d7739c8ecbda5e,46.0,22.0
5e9e04831922d971561f6ffb53b2c77744d905cca01dcc2fe043d10b2f63c613,window_167,26.0,36.0,contrastive_embedding_neighbor,0.9531125832768275,provisional_unverified,629d7d57091b71c5c0c2c6f42218702e454b4ae60e20636885741c7c22fe1bb4,48.0,22.0
5e9e04831922d971561f6ffb53b2c77744d905cca01dcc2fe043d10b2f63c613,window_168,28.0,38.0,contrastive_embedding_neighbor,0.9818197301016203,provisional_unverified,629d7d57091b71c5c0c2c6f42218702e454b4ae60e20636885741c7c22fe1bb4,50.0,22.0
5e9e04831922d971561f6ffb53b2c77744d905cca01dcc2fe043d10b2f63c613,window_169,30.0,40.0,contrastive_embedding_neighbor,0.9782841431763747,provisional_unverified,629d7d57091b71c5c0c2c6f42218702e454b4ae60e20636885741c7c22fe1bb4,50.0,20.0
629d7d57091b71c5c0c2c6f42218702e454b4ae60e20636885741c7c22fe1bb4,window_170,0.0,10.0,contrastive_embedding_neighbor,0.9923699924378089,provisional_unverified,629d7d57091b71c5c0c2c6f42218702e454b4ae60e20636885741c7c22fe1bb4,54.0,54.0
629d7d57091b71c5c0c2c6f42218702e454b4ae60e20636885741c7c22fe1bb4,window_171,2.0,12.0,contrastive_embedding_neighbor,0.9863540026085851,provisional_unverified,629d7d57091b71c5c0c2c6f42218702e454b4ae60e20636885741c7c22fe1bb4,52.0,50.0
629d7d57091b71c5c0c2c6f42218702e454b4ae60e20636885741c7c22fe1bb4,window_172,4.0,14.0,contrastive_embedding_neighbor,0.9939055601563862,provisional_unverified,25aa01e1dcbaea32c062e01b0f782c938c34163fc58af14087dfe2f77906c06e,36.0,32.0
629d7d57091b71c5c0c2c6f42218702e454b4ae60e20636885741c7c22fe1bb4,window_173,6.0,16.0,contrastive_embedding_neighbor,0.9893120365065733,provisional_unverified,25aa01e1dcbaea32c062e01b0f782c938c34163fc58af14087dfe2f77906c06e,36.0,30.0
629d7d57091b71c5c0c2c6f42218702e454b4ae60e20636885741c7c22fe1bb4,window_174,8.0,18.0,contrastive_embedding_neighbor,0.9822086721983526,provisional_unverified,25aa01e1dcbaea32c062e01b0f782c938c34163fc58af14087dfe2f77906c06e,36.0,28.0
629d7d57091b71c5c0c2c6f42218702e454b4ae60e20636885741c7c22fe1bb4,window_175,10.0,20.0,contrastive_embedding_neighbor,0.999798578261017,provisional_unverified,6faa006353747cbeb4e6d2e90954728110cb94fabfcd41e319270d4cde22f117,66.0,56.0
629d7d57091b71c5c0c2c6f42218702e454b4ae60e20636885741c7c22fe1bb4,window_176,12.0,22.0,contrastive_embedding_neighbor,0.997062894278987,provisional_unverified,25aa01e1dcbaea32c062e01b0f782c938c34163fc58af14087dfe2f77906c06e,34.0,22.0
629d7d57091b71c5c0c2c6f42218702e454b4ae60e20636885741c7c22fe1bb4,window_177,14.0,24.0,contrastive_embedding_neighbor,0.9943342603895181,provisional_unverified,25aa01e1dcbaea32c062e01b0f782c938c34163fc58af14087dfe2f77906c06e,36.0,22.0
629d7d57091b71c5c0c2c6f42218702e454b4ae60e20636885741c7c22fe1bb4,window_178,16.0,26.0,contrastive_embedding_neighbor,0.9927224589772811,provisional_unverified,629d7d57091b71c5c0c2c6f42218702e454b4ae60e20636885741c7c22fe1bb4,64.0,48.0
629d7d57091b71c5c0c2c6f42218702e454b4ae60e20636885741c7c22fe1bb4,window_179,18.0,28.0,contrastive_embedding_neighbor,0.9850032334392315,provisional_unverified,25aa01e1dcbaea32c062e01b0f782c938c34163fc58af14087dfe2f77906c06e,42.0,24.0
629d7d57091b71c5c0c2c6f42218702e454b4ae60e20636885741c7c22fe1bb4,window_180,20.0,30.0,contrastive_embedding_neighbor,0.9822841879661753,provisional_unverified,25aa01e1dcbaea32c062e01b0f782c938c34163fc58af14087dfe2f77906c06e,44.0,24.0
629d7d57091b71c5c0c2c6f42218702e454b4ae60e20636885741c7c22fe1bb4,window_181,22.0,32.0,contrastive_embedding_neighbor,0.9974962478421886,provisional_unverified,667a6e15a4394db30d7cce7a4db319041453bfa306b566a87e84b213d81efb29,108.0,86.0
629d7d57091b71c5c0c2c6f42218702e454b4ae60e20636885741c7c22fe1bb4,window_182,24.0,34.0,contrastive_embedding_neighbor,0.9999999544240568,provisional_unverified,6939b3836a088e9113eb3bffcf362bed963a71bbd9012ecb56dc61e6d500da39,36.0,12.0
629d7d57091b71c5c0c2c6f42218702e454b4ae60e20636885741c7c22fe1bb4,window_183,26.0,36.0,contrastive_embedding_neighbor,0.9999995563359776,provisional_unverified,200a690cbeb5a4d9f415d6a933e60aa13a0cf5ee5c03c71731d7739c8ecbda5e,0.0,26.0
629d7d57091b71c5c0c2c6f42218702e454b4ae60e20636885741c7c22fe1bb4,window_184,28.0,38.0,contrastive_embedding_neighbor,0.9999995559640457,provisional_unverified,200a690cbeb5a4d9f415d6a933e60aa13a0cf5ee5c03c71731d7739c8ecbda5e,0.0,28.0
629d7d57091b71c5c0c2c6f42218702e454b4ae60e20636885741c7c22fe1bb4,window_185,30.0,40.0,contrastive_embedding_neighbor,0.9827209173886949,provisional_unverified,6faa006353747cbeb4e6d2e90954728110cb94fabfcd41e319270d4cde22f117,42.0,12.0
629d7d57091b71c5c0c2c6f42218702e454b4ae60e20636885741c7c22fe1bb4,window_186,32.0,42.0,contrastive_embedding_neighbor,0.9875746864651471,provisional_unverified,f8a2dfe19bc591bed40778fcb493d9a34a3261518b2f4b416ba15a9402ec6dd7,10.0,22.0
629d7d57091b71c5c0c2c6f42218702e454b4ae60e20636885741c7c22fe1bb4,window_187,34.0,44.0,contrastive_embedding_neighbor,0.9932569304872517,provisional_unverified,f8a2dfe19bc591bed40778fcb493d9a34a3261518b2f4b416ba15a9402ec6dd7,10.0,24.0
629d7d57091b71c5c0c2c6f42218702e454b4ae60e20636885741c7c22fe1bb4,window_188,36.0,46.0,contrastive_embedding_neighbor,0.9934953830166232,provisional_unverified,f8a2dfe19bc591bed40778fcb493d9a34a3261518b2f4b416ba15a9402ec6dd7,10.0,26.0
629d7d57091b71c5c0c2c6f42218702e454b4ae60e20636885741c7c22fe1bb4,window_189,38.0,48.0,contrastive_embedding_neighbor,0.9868938189812138,provisional_unverified,667a6e15a4394db30d7cce7a4db319041453bfa306b566a87e84b213d81efb29,154.0,116.0
629d7d57091b71c5c0c2c6f42218702e454b4ae60e20636885741c7c22fe1bb4,window_190,40.0,50.0,contrastive_embedding_neighbor,0.9983032967039296,provisional_unverified,667a6e15a4394db30d7cce7a4db319041453bfa306b566a87e84b213d81efb29,152.0,112.0
629d7d57091b71c5c0c2c6f42218702e454b4ae60e20636885741c7c22fe1bb4,window_191,42.0,52.0,contrastive_embedding_neighbor,0.9931130358568442,provisional_unverified,67460352e955edbaf8a0e73406f2aa4726aa14abea0a93abbe0484dccf14d5c3,22.0,20.0
629d7d57091b71c5c0c2c6f42218702e454b4ae60e20636885741c7c22fe1bb4,window_192,44.0,54.0,contrastive_embedding_neighbor,0.9921782339160582,provisional_unverified,667a6e15a4394db30d7cce7a4db319041453bfa306b566a87e84b213d81efb29,32.0,12.0
629d7d57091b71c5c0c2c6f42218702e454b4ae60e20636885741c7c22fe1bb4,window_193,46.0,56.0,contrastive_embedding_neighbor,0.9796296749925458,provisional_unverified,67460352e955edbaf8a0e73406f2aa4726aa14abea0a93abbe0484dccf14d5c3,22.0,24.0
629d7d57091b71c5c0c2c6f42218702e454b4ae60e20636885741c7c22fe1bb4,window_194,48.0,58.0,contrastive_embedding_neighbor,0.9531125832768275,provisional_unverified,5e9e04831922d971561f6ffb53b2c77744d905cca01dcc2fe043d10b2f63c613,26.0,22.0
629d7d57091b71c5c0c2c6f42218702e454b4ae60e20636885741c7c22fe1bb4,window_195,50.0,60.0,contrastive_embedding_neighbor,0.9818197301016203,provisional_unverified,5e9e04831922d971561f6ffb53b2c77744d905cca01dcc2fe043d10b2f63c613,28.0,22.0
629d7d57091b71c5c0c2c6f42218702e454b4ae60e20636885741c7c22fe1bb4,window_196,52.0,62.0,contrastive_embedding_neighbor,0.992122255061475,provisional_unverified,629d7d57091b71c5c0c2c6f42218702e454b4ae60e20636885741c7c22fe1bb4,0.0,52.0
629d7d57091b71c5c0c2c6f42218702e454b4ae60e20636885741c7c22fe1bb4,window_197,54.0,64.0,contrastive_embedding_neighbor,0.9923699924378089,provisional_unverified,629d7d57091b71c5c0c2c6f42218702e454b4ae60e20636885741c7c22fe1bb4,0.0,54.0
629d7d57091b71c5c0c2c6f42218702e454b4ae60e20636885741c7c22fe1bb4,window_198,56.0,66.0,contrastive_embedding_neighbor,0.9864498962038011,provisional_unverified,629d7d57091b71c5c0c2c6f42218702e454b4ae60e20636885741c7c22fe1bb4,0.0,56.0
629d7d57091b71c5c0c2c6f42218702e454b4ae60e20636885741c7c22fe1bb4,window_199,58.0,68.0,contrastive_embedding_neighbor,0.9901112224187483,provisional_unverified,629d7d57091b71c5c0c2c6f42218702e454b4ae60e20636885741c7c22fe1bb4,0.0,58.0
629d7d57091b71c5c0c2c6f42218702e454b4ae60e20636885741c7c22fe1bb4,window_200,60.0,70.0,contrastive_embedding_neighbor,0.9946933575051915,provisional_unverified,25aa01e1dcbaea32c062e01b0f782c938c34163fc58af14087dfe2f77906c06e,38.0,22.0
629d7d57091b71c5c0c2c6f42218702e454b4ae60e20636885741c7c22fe1bb4,window_201,62.0,72.0,contrastive_embedding_neighbor,0.9945703371011482,provisional_unverified,6faa006353747cbeb4e6d2e90954728110cb94fabfcd41e319270d4cde22f117,72.0,10.0
629d7d57091b71c5c0c2c6f42218702e454b4ae60e20636885741c7c22fe1bb4,window_202,64.0,74.0,contrastive_embedding_neighbor,0.9982870349016031,provisional_unverified,6faa006353747cbeb4e6d2e90954728110cb94fabfcd41e319270d4cde22f117,36.0,28.0
629d7d57091b71c5c0c2c6f42218702e454b4ae60e20636885741c7c22fe1bb4,window_203,66.0,76.0,contrastive_embedding_neighbor,0.9964567003749218,provisional_unverified,6faa006353747cbeb4e6d2e90954728110cb94fabfcd41e319270d4cde22f117,36.0,30.0
629d7d57091b71c5c0c2c6f42218702e454b4ae60e20636885741c7c22fe1bb4,window_204,68.0,78.0,contrastive_embedding_neighbor,0.9928678474753306,provisional_unverified,6faa006353747cbeb4e6d2e90954728110cb94fabfcd41e319270d4cde22f117,38.0,30.0
629d7d57091b71c5c0c2c6f42218702e454b4ae60e20636885741c7c22fe1bb4,window_205,70.0,80.0,contrastive_embedding_neighbor,0.9987070740285982,provisional_unverified,667a6e15a4394db30d7cce7a4db319041453bfa306b566a87e84b213d81efb29,16.0,54.0
629d7d57091b71c5c0c2c6f42218702e454b4ae60e20636885741c7c22fe1bb4,window_206,72.0,82.0,contrastive_embedding_neighbor,0.9517823241728124,provisional_unverified,667a6e15a4394db30d7cce7a4db319041453bfa306b566a87e84b213d81efb29,18.0,54.0
629d7d57091b71c5c0c2c6f42218702e454b4ae60e20636885741c7c22fe1bb4,window_207,74.0,84.0,contrastive_embedding_neighbor,0.9819255952137041,provisional_unverified,667a6e15a4394db30d7cce7a4db319041453bfa306b566a87e84b213d81efb29,18.0,56.0
667a6e15a4394db30d7cce7a4db319041453bfa306b566a87e84b213d81efb29,window_208,0.0,10.0,contrastive_embedding_neighbor,0.9685743336454377,provisional_unverified,667a6e15a4394db30d7cce7a4db319041453bfa306b566a87e84b213d81efb29,194.0,194.0
667a6e15a4394db30d7cce7a4db319041453bfa306b566a87e84b213d81efb29,window_209,2.0,12.0,contrastive_embedding_neighbor,0.9537914912988146,provisional_unverified,667a6e15a4394db30d7cce7a4db319041453bfa306b566a87e84b213d81efb29,194.0,192.0
667a6e15a4394db30d7cce7a4db319041453bfa306b566a87e84b213d81efb29,window_210,4.0,14.0,contrastive_embedding_neighbor,0.9324070790890661,provisional_unverified,e57d3de89d6f2a3165aa05beee7b611f60923e090254337c1b48f744c78db52d,6.0,2.0
667a6e15a4394db30d7cce7a4db319041453bfa306b566a87e84b213d81efb29,window_211,6.0,16.0,contrastive_embedding_neighbor,0.960697246200916,provisional_unverified,07173121b1534f1eadb8b127005d4eff70872388074c2bbe0c93061527d89f40,12.0,6.0
667a6e15a4394db30d7cce7a4db319041453bfa306b566a87e84b213d81efb29,window_212,8.0,18.0,contrastive_embedding_neighbor,0.959501981025619,provisional_unverified,5e9e04831922d971561f6ffb53b2c77744d905cca01dcc2fe043d10b2f63c613,18.0,10.0
667a6e15a4394db30d7cce7a4db319041453bfa306b566a87e84b213d81efb29,window_213,10.0,20.0,contrastive_embedding_neighbor,0.9806163257325691,provisional_unverified,629d7d57091b71c5c0c2c6f42218702e454b4ae60e20636885741c7c22fe1bb4,2.0,8.0
667a6e15a4394db30d7cce7a4db319041453bfa306b566a87e84b213d81efb29,window_214,12.0,22.0,contrastive_embedding_neighbor,0.9948753021177139,provisional_unverified,25aa01e1dcbaea32c062e01b0f782c938c34163fc58af14087dfe2f77906c06e,38.0,26.0
667a6e15a4394db30d7cce7a4db319041453bfa306b566a87e84b213d81efb29,window_215,14.0,24.0,contrastive_embedding_neighbor,0.9628529386457492,provisional_unverified,6faa006353747cbeb4e6d2e90954728110cb94fabfcd41e319270d4cde22f117,38.0,24.0
667a6e15a4394db30d7cce7a4db319041453bfa306b566a87e84b213d81efb29,window_216,16.0,26.0,contrastive_embedding_neighbor,0.9987070740285982,provisional_unverified,629d7d57091b71c5c0c2c6f42218702e454b4ae60e20636885741c7c22fe1bb4,70.0,54.0
667a6e15a4394db30d7cce7a4db319041453bfa306b566a87e84b213d81efb29,window_217,18.0,28.0,contrastive_embedding_neighbor,0.9819255952137041,provisional_unverified,629d7d57091b71c5c0c2c6f42218702e454b4ae60e20636885741c7c22fe1bb4,74.0,56.0
667a6e15a4394db30d7cce7a4db319041453bfa306b566a87e84b213d81efb29,window_218,20.0,30.0,contrastive_embedding_neighbor,0.9841864392535679,provisional_unverified,953f71ef131b4c5ce7211560abcbafbfe0079e72cf2190c2908d3ff00cf5db12,56.0,36.0
667a6e15a4394db30d7cce7a4db319041453bfa306b566a87e84b213d81efb29,window_219,22.0,32.0,contrastive_embedding_neighbor,0.9745559546709561,provisional_unverified,667a6e15a4394db30d7cce7a4db319041453bfa306b566a87e84b213d81efb29,118.0,96.0
667a6e15a4394db30d7cce7a4db319041453bfa306b566a87e84b213d81efb29,window_220,24.0,34.0,contrastive_embedding_neighbor,0.9825283665037607,provisional_unverified,6939b3836a088e9113eb3bffcf362bed963a71bbd9012ecb56dc61e6d500da39,38.0,14.0
667a6e15a4394db30d7cce7a4db319041453bfa306b566a87e84b213d81efb29,window_221,26.0,36.0,contrastive_embedding_neighbor,0.9992567076332064,provisional_unverified,1cca7c275163fc193899535ebb0c13f26676e8568d3c8adac48dbcc224812b0c,2.0,24.0
667a6e15a4394db30d7cce7a4db319041453bfa306b566a87e84b213d81efb29,window_222,28.0,38.0,contrastive_embedding_neighbor,0.9983243616826433,provisional_unverified,6939b3836a088e9113eb3bffcf362bed963a71bbd9012ecb56dc61e6d500da39,52.0,24.0
667a6e15a4394db30d7cce7a4db319041453bfa306b566a87e84b213d81efb29,window_223,30.0,40.0,contrastive_embedding_neighbor,0.9955165677300889,provisional_unverified,667a6e15a4394db30d7cce7a4db319041453bfa306b566a87e84b213d81efb29,150.0,120.0
667a6e15a4394db30d7cce7a4db319041453bfa306b566a87e84b213d81efb29,window_224,32.0,42.0,contrastive_embedding_neighbor,0.9921782339160582,provisional_unverified,629d7d57091b71c5c0c2c6f42218702e454b4ae60e20636885741c7c22fe1bb4,44.0,12.0
667a6e15a4394db30d7cce7a4db319041453bfa306b566a87e84b213d81efb29,window_225,34.0,44.0,contrastive_embedding_neighbor,0.9835385626501385,provisional_unverified,e57d3de89d6f2a3165aa05beee7b611f60923e090254337c1b48f744c78db52d,18.0,16.0
667a6e15a4394db30d7cce7a4db319041453bfa306b566a87e84b213d81efb29,window_226,36.0,46.0,contrastive_embedding_neighbor,0.9844817749525706,provisional_unverified,667a6e15a4394db30d7cce7a4db319041453bfa306b566a87e84b213d81efb29,54.0,18.0
667a6e15a4394db30d7cce7a4db319041453bfa306b566a87e84b213d81efb29,window_227,38.0,48.0,contrastive_embedding_neighbor,0.973524315886614,provisional_unverified,67460352e955edbaf8a0e73406f2aa4726aa14abea0a93abbe0484dccf14d5c3,16.0,22.0
667a6e15a4394db30d7cce7a4db319041453bfa306b566a87e84b213d81efb29,window_228,40.0,50.0,contrastive_embedding_neighbor,0.9679227698101888,provisional_unverified,67460352e955edbaf8a0e73406f2aa4726aa14abea0a93abbe0484dccf14d5c3,16.0,24.0
667a6e15a4394db30d7cce7a4db319041453bfa306b566a87e84b213d81efb29,window_229,42.0,52.0,contrastive_embedding_neighbor,0.9925064260674542,provisional_unverified,6faa006353747cbeb4e6d2e90954728110cb94fabfcd41e319270d4cde22f117,46.0,4.0
667a6e15a4394db30d7cce7a4db319041453bfa306b566a87e84b213d81efb29,window_230,44.0,54.0,contrastive_embedding_neighbor,0.9949532533993671,provisional_unverified,6faa006353747cbeb4e6d2e90954728110cb94fabfcd41e319270d4cde22f117,46.0,2.0
667a6e15a4394db30d7cce7a4db319041453bfa306b566a87e84b213d81efb29,window_231,46.0,56.0,contrastive_embedding_neighbor,0.9908909285938363,provisional_unverified,667a6e15a4394db30d7cce7a4db319041453bfa306b566a87e84b213d81efb29,160.0,114.0
667a6e15a4394db30d7cce7a4db319041453bfa306b566a87e84b213d81efb29,window_232,48.0,58.0,contrastive_embedding_neighbor,0.9933074145987909,provisional_unverified,667a6e15a4394db30d7cce7a4db319041453bfa306b566a87e84b213d81efb29,160.0,112.0
667a6e15a4394db30d7cce7a4db319041453bfa306b566a87e84b213d81efb29,window_233,50.0,60.0,contrastive_embedding_neighbor,0.9858310766705801,provisional_unverified,667a6e15a4394db30d7cce7a4db319041453bfa306b566a87e84b213d81efb29,128.0,78.0
667a6e15a4394db30d7cce7a4db319041453bfa306b566a87e84b213d81efb29,window_234,52.0,62.0,contrastive_embedding_neighbor,0.9832615905070524,provisional_unverified,67460352e955edbaf8a0e73406f2aa4726aa14abea0a93abbe0484dccf14d5c3,16.0,36.0
667a6e15a4394db30d7cce7a4db319041453bfa306b566a87e84b213d81efb29,window_235,54.0,64.0,contrastive_embedding_neighbor,0.9844817749525706,provisional_unverified,667a6e15a4394db30d7cce7a4db319041453bfa306b566a87e84b213d81efb29,36.0,18.0
667a6e15a4394db30d7cce7a4db319041453bfa306b566a87e84b213d81efb29,window_236,56.0,66.0,contrastive_embedding_neighbor,0.9860325932385945,provisional_unverified,667a6e15a4394db30d7cce7a4db319041453bfa306b566a87e84b213d81efb29,128.0,72.0
667a6e15a4394db30d7cce7a4db319041453bfa306b566a87e84b213d81efb29,window_237,58.0,68.0,contrastive_embedding_neighbor,0.9945520391776133,provisional_unverified,667a6e15a4394db30d7cce7a4db319041453bfa306b566a87e84b213d81efb29,140.0,82.0
667a6e15a4394db30d7cce7a4db319041453bfa306b566a87e84b213d81efb29,window_238,60.0,70.0,contrastive_embedding_neighbor,0.9745037175410827,provisional_unverified,667a6e15a4394db30d7cce7a4db319041453bfa306b566a87e84b213d81efb29,142.0,82.0
667a6e15a4394db30d7cce7a4db319041453bfa306b566a87e84b213d81efb29,window_239,62.0,72.0,contrastive_embedding_neighbor,0.9731658667788026,provisional_unverified,e57d3de89d6f2a3165aa05beee7b611f60923e090254337c1b48f744c78db52d,12.0,50.0
667a6e15a4394db30d7cce7a4db319041453bfa306b566a87e84b213d81efb29,window_240,64.0,74.0,contrastive_embedding_neighbor,0.9831076260187459,provisional_unverified,e57d3de89d6f2a3165aa05beee7b611f60923e090254337c1b48f744c78db52d,8.0,56.0
667a6e15a4394db30d7cce7a4db319041453bfa306b566a87e84b213d81efb29,window_241,66.0,76.0,contrastive_embedding_neighbor,0.9480558004067791,provisional_unverified,2f775054c4e7bb342cf49e0ee66406e82353c274c103fc7f7d6a93ea329aea86,16.0,50.0
667a6e15a4394db30d7cce7a4db319041453bfa306b566a87e84b213d81efb29,window_242,68.0,78.0,contrastive_embedding_neighbor,0.9564508932388793,provisional_unverified,1a8433bf1168531d6f7c2deb5c37b27de5ddf1d9f65316416ecbf000289fd40a,0.0,68.0
667a6e15a4394db30d7cce7a4db319041453bfa306b566a87e84b213d81efb29,window_243,70.0,80.0,contrastive_embedding_neighbor,0.9766133296207418,provisional_unverified,2f775054c4e7bb342cf49e0ee66406e82353c274c103fc7f7d6a93ea329aea86,14.0,56.0
667a6e15a4394db30d7cce7a4db319041453bfa306b566a87e84b213d81efb29,window_244,72.0,82.0,contrastive_embedding_neighbor,0.884681583713199,provisional_unverified,2f775054c4e7bb342cf49e0ee66406e82353c274c103fc7f7d6a93ea329aea86,14.0,58.0
667a6e15a4394db30d7cce7a4db319041453bfa306b566a87e84b213d81efb29,window_245,74.0,84.0,contrastive_embedding_neighbor,0.9425431829157703,provisional_unverified,667a6e15a4394db30d7cce7a4db319041453bfa306b566a87e84b213d81efb29,142.0,68.0
667a6e15a4394db30d7cce7a4db319041453bfa306b566a87e84b213d81efb29,window_246,76.0,86.0,contrastive_embedding_neighbor,0.9834176004811419,provisional_unverified,e57d3de89d6f2a3165aa05beee7b611f60923e090254337c1b48f744c78db52d,8.0,68.0
667a6e15a4394db30d7cce7a4db319041453bfa306b566a87e84b213d81efb29,window_247,78.0,88.0,contrastive_embedding_neighbor,0.9679125458271199,provisional_unverified,4c8d0190b666e26315ce16c862ca2e968d576e14537487162bbd73b9a47d0c07,8.0,70.0
667a6e15a4394db30d7cce7a4db319041453bfa306b566a87e84b213d81efb29,window_248,80.0,90.0,contrastive_embedding_neighbor,0.9486768615433762,provisional_unverified,4c8d0190b666e26315ce16c862ca2e968d576e14537487162bbd73b9a47d0c07,8.0,72.0
667a6e15a4394db30d7cce7a4db319041453bfa306b566a87e84b213d81efb29,window_249,82.0,92.0,contrastive_embedding_neighbor,0.9647997727896418,provisional_unverified,2f775054c4e7bb342cf49e0ee66406e82353c274c103fc7f7d6a93ea329aea86,12.0,70.0
667a6e15a4394db30d7cce7a4db319041453bfa306b566a87e84b213d81efb29,window_250,84.0,94.0,contrastive_embedding_neighbor,0.9508828675099922,provisional_unverified,2f775054c4e7bb342cf49e0ee66406e82353c274c103fc7f7d6a93ea329aea86,12.0,72.0
667a6e15a4394db30d7cce7a4db319041453bfa306b566a87e84b213d81efb29,window_251,86.0,96.0,contrastive_embedding_neighbor,0.9571574035274759,provisional_unverified,4c8d0190b666e26315ce16c862ca2e968d576e14537487162bbd73b9a47d0c07,8.0,78.0
667a6e15a4394db30d7cce7a4db319041453bfa306b566a87e84b213d81efb29,window_252,88.0,98.0,contrastive_embedding_neighbor,0.9137650731728131,provisional_unverified,4c8d0190b666e26315ce16c862ca2e968d576e14537487162bbd73b9a47d0c07,8.0,80.0
667a6e15a4394db30d7cce7a4db319041453bfa306b566a87e84b213d81efb29,window_253,90.0,100.0,contrastive_embedding_neighbor,0.8867551741547073,provisional_unverified,4c8d0190b666e26315ce16c862ca2e968d576e14537487162bbd73b9a47d0c07,8.0,82.0
667a6e15a4394db30d7cce7a4db319041453bfa306b566a87e84b213d81efb29,window_254,92.0,102.0,contrastive_embedding_neighbor,0.9776528910993587,provisional_unverified,667a6e15a4394db30d7cce7a4db319041453bfa306b566a87e84b213d81efb29,148.0,56.0
667a6e15a4394db30d7cce7a4db319041453bfa306b566a87e84b213d81efb29,window_255,94.0,104.0,contrastive_embedding_neighbor,0.9845080840378168,provisional_unverified,629d7d57091b71c5c0c2c6f42218702e454b4ae60e20636885741c7c22fe1bb4,34.0,60.0
667a6e15a4394db30d7cce7a4db319041453bfa306b566a87e84b213d81efb29,window_256,96.0,106.0,contrastive_embedding_neighbor,0.8820885148507122,provisional_unverified,200a690cbeb5a4d9f415d6a933e60aa13a0cf5ee5c03c71731d7739c8ecbda5e,8.0,88.0
667a6e15a4394db30d7cce7a4db319041453bfa306b566a87e84b213d81efb29,window_257,98.0,108.0,contrastive_embedding_neighbor,0.8034409111444962,provisional_unverified,629d7d57091b71c5c0c2c6f42218702e454b4ae60e20636885741c7c22fe1bb4,48.0,50.0
667a6e15a4394db30d7cce7a4db319041453bfa306b566a87e84b213d81efb29,window_258,100.0,110.0,contrastive_embedding_neighbor,0.8348260948887247,provisional_unverified,629d7d57091b71c5c0c2c6f42218702e454b4ae60e20636885741c7c22fe1bb4,50.0,50.0
667a6e15a4394db30d7cce7a4db319041453bfa306b566a87e84b213d81efb29,window_259,102.0,112.0,contrastive_embedding_neighbor,0.9989986005992246,provisional_unverified,25aa01e1dcbaea32c062e01b0f782c938c34163fc58af14087dfe2f77906c06e,42.0,60.0
667a6e15a4394db30d7cce7a4db319041453bfa306b566a87e84b213d81efb29,window_260,104.0,114.0,contrastive_embedding_neighbor,0.9911178054861666,provisional_unverified,25aa01e1dcbaea32c062e01b0f782c938c34163fc58af14087dfe2f77906c06e,44.0,60.0
667a6e15a4394db30d7cce7a4db319041453bfa306b566a87e84b213d81efb29,window_261,106.0,116.0,contrastive_embedding_neighbor,0.9994326076886303,provisional_unverified,6939b3836a088e9113eb3bffcf362bed963a71bbd9012ecb56dc61e6d500da39,30.0,76.0
667a6e15a4394db30d7cce7a4db319041453bfa306b566a87e84b213d81efb29,window_262,108.0,118.0,contrastive_embedding_neighbor,0.9979835037967232,provisional_unverified,6939b3836a088e9113eb3bffcf362bed963a71bbd9012ecb56dc61e6d500da39,32.0,76.0
667a6e15a4394db30d7cce7a4db319041453bfa306b566a87e84b213d81efb29,window_263,110.0,120.0,contrastive_embedding_neighbor,0.9999891263585934,provisional_unverified,953f71ef131b4c5ce7211560abcbafbfe0079e72cf2190c2908d3ff00cf5db12,46.0,64.0
667a6e15a4394db30d7cce7a4db319041453bfa306b566a87e84b213d81efb29,window_264,112.0,122.0,contrastive_embedding_neighbor,0.9999982795024419,provisional_unverified,382db1f8ede73f956341d7b461790125339762ec9d7cc96480f20aefe04d77e1,36.0,76.0
667a6e15a4394db30d7cce7a4db319041453bfa306b566a87e84b213d81efb29,window_265,114.0,124.0,contrastive_embedding_neighbor,0.9999968422607102,provisional_unverified,953f71ef131b4c5ce7211560abcbafbfe0079e72cf2190c2908d3ff00cf5db12,30.0,84.0
667a6e15a4394db30d7cce7a4db319041453bfa306b566a87e84b213d81efb29,window_266,116.0,126.0,contrastive_embedding_neighbor,0.9999845596113652,provisional_unverified,382db1f8ede73f956341d7b461790125339762ec9d7cc96480f20aefe04d77e1,42.0,74.0
667a6e15a4394db30d7cce7a4db319041453bfa306b566a87e84b213d81efb29,window_267,118.0,128.0,contrastive_embedding_neighbor,0.9809851827308885,provisional_unverified,6939b3836a088e9113eb3bffcf362bed963a71bbd9012ecb56dc61e6d500da39,38.0,80.0
667a6e15a4394db30d7cce7a4db319041453bfa306b566a87e84b213d81efb29,window_268,120.0,130.0,contrastive_embedding_neighbor,0.993536137246429,provisional_unverified,6939b3836a088e9113eb3bffcf362bed963a71bbd9012ecb56dc61e6d500da39,40.0,80.0
667a6e15a4394db30d7cce7a4db319041453bfa306b566a87e84b213d81efb29,window_269,122.0,132.0,contrastive_embedding_neighbor,0.9881803981136799,provisional_unverified,667a6e15a4394db30d7cce7a4db319041453bfa306b566a87e84b213d81efb29,150.0,28.0
667a6e15a4394db30d7cce7a4db319041453bfa306b566a87e84b213d81efb29,window_270,124.0,134.0,contrastive_embedding_neighbor,0.9964359026474898,provisional_unverified,667a6e15a4394db30d7cce7a4db319041453bfa306b566a87e84b213d81efb29,152.0,28.0
667a6e15a4394db30d7cce7a4db319041453bfa306b566a87e84b213d81efb29,window_271,126.0,136.0,contrastive_embedding_neighbor,0.9895891520878611,provisional_unverified,667a6e15a4394db30d7cce7a4db319041453bfa306b566a87e84b213d81efb29,170.0,44.0
667a6e15a4394db30d7cce7a4db319041453bfa306b566a87e84b213d81efb29,window_272,128.0,138.0,contrastive_embedding_neighbor,0.9865848806094116,provisional_unverified,667a6e15a4394db30d7cce7a4db319041453bfa306b566a87e84b213d81efb29,42.0,86.0
667a6e15a4394db30d7cce7a4db319041453bfa306b566a87e84b213d81efb29,window_273,130.0,140.0,contrastive_embedding_neighbor,0.9792364934952368,provisional_unverified,67460352e955edbaf8a0e73406f2aa4726aa14abea0a93abbe0484dccf14d5c3,16.0,114.0
667a6e15a4394db30d7cce7a4db319041453bfa306b566a87e84b213d81efb29,window_274,132.0,142.0,contrastive_embedding_neighbor,0.9697868759077473,provisional_unverified,667a6e15a4394db30d7cce7a4db319041453bfa306b566a87e84b213d81efb29,190.0,58.0
667a6e15a4394db30d7cce7a4db319041453bfa306b566a87e84b213d81efb29,window_275,134.0,144.0,contrastive_embedding_neighbor,0.9877637909863172,provisional_unverified,667a6e15a4394db30d7cce7a4db319041453bfa306b566a87e84b213d81efb29,190.0,56.0
667a6e15a4394db30d7cce7a4db319041453bfa306b566a87e84b213d81efb29,window_276,136.0,146.0,contrastive_embedding_neighbor,0.9763311575708131,provisional_unverified,667a6e15a4394db30d7cce7a4db319041453bfa306b566a87e84b213d81efb29,190.0,54.0
667a6e15a4394db30d7cce7a4db319041453bfa306b566a87e84b213d81efb29,window_277,138.0,148.0,contrastive_embedding_neighbor,0.9586070070633244,provisional_unverified,1a8433bf1168531d6f7c2deb5c37b27de5ddf1d9f65316416ecbf000289fd40a,4.0,134.0
667a6e15a4394db30d7cce7a4db319041453bfa306b566a87e84b213d81efb29,window_278,140.0,150.0,contrastive_embedding_neighbor,0.9945520391776133,provisional_unverified,667a6e15a4394db30d7cce7a4db319041453bfa306b566a87e84b213d81efb29,58.0,82.0
667a6e15a4394db30d7cce7a4db319041453bfa306b566a87e84b213d81efb29,window_279,142.0,152.0,contrastive_embedding_neighbor,0.9862360689762228,provisional_unverified,667a6e15a4394db30d7cce7a4db319041453bfa306b566a87e84b213d81efb29,58.0,84.0
667a6e15a4394db30d7cce7a4db319041453bfa306b566a87e84b213d81efb29,window_280,144.0,154.0,contrastive_embedding_neighbor,0.9843787618969523,provisional_unverified,667a6e15a4394db30d7cce7a4db319041453bfa306b566a87e84b213d81efb29,58.0,86.0
667a6e15a4394db30d7cce7a4db319041453bfa306b566a87e84b213d81efb29,window_281,146.0,156.0,contrastive_embedding_neighbor,0.9605905054414302,provisional_unverified,667a6e15a4394db30d7cce7a4db319041453bfa306b566a87e84b213d81efb29,60.0,86.0
667a6e15a4394db30d7cce7a4db319041453bfa306b566a87e84b213d81efb29,window_282,148.0,158.0,contrastive_embedding_neighbor,0.9776528910993587,provisional_unverified,667a6e15a4394db30d7cce7a4db319041453bfa306b566a87e84b213d81efb29,92.0,56.0
667a6e15a4394db30d7cce7a4db319041453bfa306b566a87e84b213d81efb29,window_283,150.0,160.0,contrastive_embedding_neighbor,0.9955165677300889,provisional_unverified,667a6e15a4394db30d7cce7a4db319041453bfa306b566a87e84b213d81efb29,30.0,120.0
667a6e15a4394db30d7cce7a4db319041453bfa306b566a87e84b213d81efb29,window_284,152.0,162.0,contrastive_embedding_neighbor,0.9983032967039296,provisional_unverified,629d7d57091b71c5c0c2c6f42218702e454b4ae60e20636885741c7c22fe1bb4,40.0,112.0
667a6e15a4394db30d7cce7a4db319041453bfa306b566a87e84b213d81efb29,window_285,154.0,164.0,contrastive_embedding_neighbor,0.9878677984074479,provisional_unverified,f8a2dfe19bc591bed40778fcb493d9a34a3261518b2f4b416ba15a9402ec6dd7,12.0,142.0
667a6e15a4394db30d7cce7a4db319041453bfa306b566a87e84b213d81efb29,window_286,156.0,166.0,contrastive_embedding_neighbor,0.9902878226547178,provisional_unverified,6939b3836a088e9113eb3bffcf362bed963a71bbd9012ecb56dc61e6d500da39,18.0,138.0
667a6e15a4394db30d7cce7a4db319041453bfa306b566a87e84b213d81efb29,window_287,158.0,168.0,contrastive_embedding_neighbor,0.9888622865308889,provisional_unverified,25aa01e1dcbaea32c062e01b0f782c938c34163fc58af14087dfe2f77906c06e,8.0,150.0
667a6e15a4394db30d7cce7a4db319041453bfa306b566a87e84b213d81efb29,window_288,160.0,170.0,contrastive_embedding_neighbor,0.9933074145987909,provisional_unverified,667a6e15a4394db30d7cce7a4db319041453bfa306b566a87e84b213d81efb29,48.0,112.0
667a6e15a4394db30d7cce7a4db319041453bfa306b566a87e84b213d81efb29,window_289,162.0,172.0,contrastive_embedding_neighbor,0.9911750515672302,provisional_unverified,67460352e955edbaf8a0e73406f2aa4726aa14abea0a93abbe0484dccf14d5c3,2.0,160.0
667a6e15a4394db30d7cce7a4db319041453bfa306b566a87e84b213d81efb29,window_290,164.0,174.0,contrastive_embedding_neighbor,0.9925625644210699,provisional_unverified,67460352e955edbaf8a0e73406f2aa4726aa14abea0a93abbe0484dccf14d5c3,2.0,162.0
667a6e15a4394db30d7cce7a4db319041453bfa306b566a87e84b213d81efb29,window_291,166.0,176.0,contrastive_embedding_neighbor,0.9918836530779557,provisional_unverified,6939b3836a088e9113eb3bffcf362bed963a71bbd9012ecb56dc61e6d500da39,20.0,146.0
667a6e15a4394db30d7cce7a4db319041453bfa306b566a87e84b213d81efb29,window_292,168.0,178.0,contrastive_embedding_neighbor,0.993360523955858,provisional_unverified,6faa006353747cbeb4e6d2e90954728110cb94fabfcd41e319270d4cde22f117,2.0,166.0
667a6e15a4394db30d7cce7a4db319041453bfa306b566a87e84b213d81efb29,window_293,170.0,180.0,contrastive_embedding_neighbor,0.9895891520878611,provisional_unverified,667a6e15a4394db30d7cce7a4db319041453bfa306b566a87e84b213d81efb29,126.0,44.0
667a6e15a4394db30d7cce7a4db319041453bfa306b566a87e84b213d81efb29,window_294,172.0,182.0,contrastive_embedding_neighbor,0.9822948390277357,provisional_unverified,667a6e15a4394db30d7cce7a4db319041453bfa306b566a87e84b213d81efb29,154.0,18.0
667a6e15a4394db30d7cce7a4db319041453bfa306b566a87e84b213d81efb29,window_295,174.0,184.0,contrastive_embedding_neighbor,0.9845609002443027,provisional_unverified,67460352e955edbaf8a0e73406f2aa4726aa14abea0a93abbe0484dccf14d5c3,20.0,154.0
667a6e15a4394db30d7cce7a4db319041453bfa306b566a87e84b213d81efb29,window_296,176.0,186.0,contrastive_embedding_neighbor,0.989603189927067,provisional_unverified,e57d3de89d6f2a3165aa05beee7b611f60923e090254337c1b48f744c78db52d,14.0,162.0
667a6e15a4394db30d7cce7a4db319041453bfa306b566a87e84b213d81efb29,window_297,178.0,188.0,contrastive_embedding_neighbor,0.9754982670770341,provisional_unverified,6939b3836a088e9113eb3bffcf362bed963a71bbd9012ecb56dc61e6d500da39,12.0,166.0
667a6e15a4394db30d7cce7a4db319041453bfa306b566a87e84b213d81efb29,window_298,180.0,190.0,contrastive_embedding_neighbor,0.9817679576455518,provisional_unverified,4c8d0190b666e26315ce16c862ca2e968d576e14537487162bbd73b9a47d0c07,6.0,174.0
667a6e15a4394db30d7cce7a4db319041453bfa306b566a87e84b213d81efb29,window_299,182.0,192.0,contrastive_embedding_neighbor,0.9860281424138166,provisional_unverified,4c8d0190b666e26315ce16c862ca2e968d576e14537487162bbd73b9a47d0c07,8.0,174.0
667a6e15a4394db30d7cce7a4db319041453bfa306b566a87e84b213d81efb29,window_300,184.0,194.0,contrastive_embedding_neighbor,0.9760382962019465,provisional_unverified,667a6e15a4394db30d7cce7a4db319041453bfa306b566a87e84b213d81efb29,76.0,108.0
667a6e15a4394db30d7cce7a4db319041453bfa306b566a87e84b213d81efb29,window_301,186.0,196.0,contrastive_embedding_neighbor,0.9860997735988787,provisional_unverified,e57d3de89d6f2a3165aa05beee7b611f60923e090254337c1b48f744c78db52d,6.0,180.0
667a6e15a4394db30d7cce7a4db319041453bfa306b566a87e84b213d81efb29,window_302,188.0,198.0,contrastive_embedding_neighbor,0.9755532616652303,provisional_unverified,667a6e15a4394db30d7cce7a4db319041453bfa306b566a87e84b213d81efb29,52.0,136.0
667a6e15a4394db30d7cce7a4db319041453bfa306b566a87e84b213d81efb29,window_303,190.0,200.0,contrastive_embedding_neighbor,0.9877637909863172,provisional_unverified,667a6e15a4394db30d7cce7a4db319041453bfa306b566a87e84b213d81efb29,134.0,56.0
667a6e15a4394db30d7cce7a4db319041453bfa306b566a87e84b213d81efb29,window_304,192.0,202.0,contrastive_embedding_neighbor,0.9614586051315573,provisional_unverified,667a6e15a4394db30d7cce7a4db319041453bfa306b566a87e84b213d81efb29,134.0,58.0
667a6e15a4394db30d7cce7a4db319041453bfa306b566a87e84b213d81efb29,window_305,194.0,204.0,contrastive_embedding_neighbor,0.9685743336454377,provisional_unverified,667a6e15a4394db30d7cce7a4db319041453bfa306b566a87e84b213d81efb29,0.0,194.0
667a6e15a4394db30d7cce7a4db319041453bfa306b566a87e84b213d81efb29,window_306,196.0,206.0,contrastive_embedding_neighbor,0.9733825299803388,provisional_unverified,67460352e955edbaf8a0e73406f2aa4726aa14abea0a93abbe0484dccf14d5c3,14.0,182.0
667a6e15a4394db30d7cce7a4db319041453bfa306b566a87e84b213d81efb29,window_307,198.0,208.0,contrastive_embedding_neighbor,0.9666501338255561,provisional_unverified,67460352e955edbaf8a0e73406f2aa4726aa14abea0a93abbe0484dccf14d5c3,12.0,186.0
667a6e15a4394db30d7cce7a4db319041453bfa306b566a87e84b213d81efb29,window_308,200.0,210.0,contrastive_embedding_neighbor,0.9776889360501771,provisional_unverified,07173121b1534f1eadb8b127005d4eff70872388074c2bbe0c93061527d89f40,4.0,196.0
667a6e15a4394db30d7cce7a4db319041453bfa306b566a87e84b213d81efb29,window_309,202.0,212.0,contrastive_embedding_neighbor,0.989131058079435,provisional_unverified,07173121b1534f1eadb8b127005d4eff70872388074c2bbe0c93061527d89f40,6.0,196.0
667a6e15a4394db30d7cce7a4db319041453bfa306b566a87e84b213d81efb29,window_310,204.0,214.0,contrastive_embedding_neighbor,0.9959311317694319,provisional_unverified,07173121b1534f1eadb8b127005d4eff70872388074c2bbe0c93061527d89f40,6.0,198.0
667a6e15a4394db30d7cce7a4db319041453bfa306b566a87e84b213d81efb29,window_311,206.0,216.0,contrastive_embedding_neighbor,0.985334342336674,provisional_unverified,f26c5b91a912f9e98e0205e2518d5b3de0314b04b69c3bc6d0148fa8ea3e842b,10.0,196.0
667a6e15a4394db30d7cce7a4db319041453bfa306b566a87e84b213d81efb29,window_312,208.0,218.0,contrastive_embedding_neighbor,0.9397032675438094,provisional_unverified,6939b3836a088e9113eb3bffcf362bed963a71bbd9012ecb56dc61e6d500da39,8.0,200.0
667a6e15a4394db30d7cce7a4db319041453bfa306b566a87e84b213d81efb29,window_313,210.0,220.0,contrastive_embedding_neighbor,0.9516138675241768,provisional_unverified,200a690cbeb5a4d9f415d6a933e60aa13a0cf5ee5c03c71731d7739c8ecbda5e,46.0,164.0
667a6e15a4394db30d7cce7a4db319041453bfa306b566a87e84b213d81efb29,window_314,212.0,222.0,contrastive_embedding_neighbor,0.9829738557068247,provisional_unverified,f8a2dfe19bc591bed40778fcb493d9a34a3261518b2f4b416ba15a9402ec6dd7,20.0,192.0
667a6e15a4394db30d7cce7a4db319041453bfa306b566a87e84b213d81efb29,window_315,214.0,224.0,contrastive_embedding_neighbor,0.9164956529673051,provisional_unverified,1a8433bf1168531d6f7c2deb5c37b27de5ddf1d9f65316416ecbf000289fd40a,6.0,208.0
667a6e15a4394db30d7cce7a4db319041453bfa306b566a87e84b213d81efb29,window_316,216.0,226.0,contrastive_embedding_neighbor,0.9305663498195967,provisional_unverified,667a6e15a4394db30d7cce7a4db319041453bfa306b566a87e84b213d81efb29,190.0,26.0
667a6e15a4394db30d7cce7a4db319041453bfa306b566a87e84b213d81efb29,window_317,218.0,228.0,contrastive_embedding_neighbor,0.8856869262636201,provisional_unverified,667a6e15a4394db30d7cce7a4db319041453bfa306b566a87e84b213d81efb29,40.0,178.0
67460352e955edbaf8a0e73406f2aa4726aa14abea0a93abbe0484dccf14d5c3,window_318,0.0,10.0,contrastive_embedding_neighbor,0.9965243434010035,provisional_unverified,f8a2dfe19bc591bed40778fcb493d9a34a3261518b2f4b416ba15a9402ec6dd7,8.0,8.0
67460352e955edbaf8a0e73406f2aa4726aa14abea0a93abbe0484dccf14d5c3,window_319,2.0,12.0,contrastive_embedding_neighbor,0.9953871172676287,provisional_unverified,200a690cbeb5a4d9f415d6a933e60aa13a0cf5ee5c03c71731d7739c8ecbda5e,20.0,18.0
67460352e955edbaf8a0e73406f2aa4726aa14abea0a93abbe0484dccf14d5c3,window_320,4.0,14.0,contrastive_embedding_neighbor,0.996490492790734,provisional_unverified,200a690cbeb5a4d9f415d6a933e60aa13a0cf5ee5c03c71731d7739c8ecbda5e,22.0,18.0
67460352e955edbaf8a0e73406f2aa4726aa14abea0a93abbe0484dccf14d5c3,window_321,6.0,16.0,contrastive_embedding_neighbor,0.9996341559849301,provisional_unverified,200a690cbeb5a4d9f415d6a933e60aa13a0cf5ee5c03c71731d7739c8ecbda5e,24.0,18.0
67460352e955edbaf8a0e73406f2aa4726aa14abea0a93abbe0484dccf14d5c3,window_322,8.0,18.0,contrastive_embedding_neighbor,0.9882654163502906,provisional_unverified,6faa006353747cbeb4e6d2e90954728110cb94fabfcd41e319270d4cde22f117,8.0,0.0
67460352e955edbaf8a0e73406f2aa4726aa14abea0a93abbe0484dccf14d5c3,window_323,10.0,20.0,contrastive_embedding_neighbor,0.9954725716058868,provisional_unverified,25aa01e1dcbaea32c062e01b0f782c938c34163fc58af14087dfe2f77906c06e,16.0,6.0
67460352e955edbaf8a0e73406f2aa4726aa14abea0a93abbe0484dccf14d5c3,window_324,12.0,22.0,contrastive_embedding_neighbor,0.9936960324049207,provisional_unverified,6faa006353747cbeb4e6d2e90954728110cb94fabfcd41e319270d4cde22f117,54.0,42.0
67460352e955edbaf8a0e73406f2aa4726aa14abea0a93abbe0484dccf14d5c3,window_325,14.0,24.0,contrastive_embedding_neighbor,0.9733825299803388,provisional_unverified,667a6e15a4394db30d7cce7a4db319041453bfa306b566a87e84b213d81efb29,196.0,182.0
67460352e955edbaf8a0e73406f2aa4726aa14abea0a93abbe0484dccf14d5c3,window_326,16.0,26.0,contrastive_embedding_neighbor,0.9832615905070524,provisional_unverified,667a6e15a4394db30d7cce7a4db319041453bfa306b566a87e84b213d81efb29,52.0,36.0
67460352e955edbaf8a0e73406f2aa4726aa14abea0a93abbe0484dccf14d5c3,window_327,18.0,28.0,contrastive_embedding_neighbor,0.9505225459042711,provisional_unverified,1a8433bf1168531d6f7c2deb5c37b27de5ddf1d9f65316416ecbf000289fd40a,2.0,16.0
67460352e955edbaf8a0e73406f2aa4726aa14abea0a93abbe0484dccf14d5c3,window_328,20.0,30.0,contrastive_embedding_neighbor,0.9845609002443027,provisional_unverified,667a6e15a4394db30d7cce7a4db319041453bfa306b566a87e84b213d81efb29,174.0,154.0
67460352e955edbaf8a0e73406f2aa4726aa14abea0a93abbe0484dccf14d5c3,window_329,22.0,32.0,contrastive_embedding_neighbor,0.995288490156512,provisional_unverified,1cca7c275163fc193899535ebb0c13f26676e8568d3c8adac48dbcc224812b0c,6.0,16.0
67460352e955edbaf8a0e73406f2aa4726aa14abea0a93abbe0484dccf14d5c3,window_330,24.0,34.0,contrastive_embedding_neighbor,0.9977177773364996,provisional_unverified,1cca7c275163fc193899535ebb0c13f26676e8568d3c8adac48dbcc224812b0c,6.0,18.0
67460352e955edbaf8a0e73406f2aa4726aa14abea0a93abbe0484dccf14d5c3,window_331,26.0,36.0,contrastive_embedding_neighbor,0.9917041861296272,provisional_unverified,1cca7c275163fc193899535ebb0c13f26676e8568d3c8adac48dbcc224812b0c,6.0,20.0
67460352e955edbaf8a0e73406f2aa4726aa14abea0a93abbe0484dccf14d5c3,window_332,28.0,38.0,contrastive_embedding_neighbor,0.9825918080111301,provisional_unverified,2f775054c4e7bb342cf49e0ee66406e82353c274c103fc7f7d6a93ea329aea86,0.0,28.0
6939b3836a088e9113eb3bffcf362bed963a71bbd9012ecb56dc61e6d500da39,window_333,0.0,10.0,contrastive_embedding_neighbor,0.9957765581524289,provisional_unverified,5e9e04831922d971561f6ffb53b2c77744d905cca01dcc2fe043d10b2f63c613,4.0,4.0
6939b3836a088e9113eb3bffcf362bed963a71bbd9012ecb56dc61e6d500da39,window_334,2.0,12.0,contrastive_embedding_neighbor,0.9816190806367041,provisional_unverified,200a690cbeb5a4d9f415d6a933e60aa13a0cf5ee5c03c71731d7739c8ecbda5e,28.0,26.0
6939b3836a088e9113eb3bffcf362bed963a71bbd9012ecb56dc61e6d500da39,window_335,4.0,14.0,contrastive_embedding_neighbor,0.9721604450264647,provisional_unverified,e57d3de89d6f2a3165aa05beee7b611f60923e090254337c1b48f744c78db52d,20.0,16.0
6939b3836a088e9113eb3bffcf362bed963a71bbd9012ecb56dc61e6d500da39,window_336,6.0,16.0,contrastive_embedding_neighbor,0.957907034638047,provisional_unverified,07173121b1534f1eadb8b127005d4eff70872388074c2bbe0c93061527d89f40,4.0,2.0
6939b3836a088e9113eb3bffcf362bed963a71bbd9012ecb56dc61e6d500da39,window_337,8.0,18.0,contrastive_embedding_neighbor,0.9841708557776884,provisional_unverified,f8a2dfe19bc591bed40778fcb493d9a34a3261518b2f4b416ba15a9402ec6dd7,26.0,18.0
6939b3836a088e9113eb3bffcf362bed963a71bbd9012ecb56dc61e6d500da39,window_338,10.0,20.0,contrastive_embedding_neighbor,0.9969536440141378,provisional_unverified,f8a2dfe19bc591bed40778fcb493d9a34a3261518b2f4b416ba15a9402ec6dd7,24.0,14.0
6939b3836a088e9113eb3bffcf362bed963a71bbd9012ecb56dc61e6d500da39,window_339,12.0,22.0,contrastive_embedding_neighbor,0.9754982670770341,provisional_unverified,667a6e15a4394db30d7cce7a4db319041453bfa306b566a87e84b213d81efb29,178.0,166.0
6939b3836a088e9113eb3bffcf362bed963a71bbd9012ecb56dc61e6d500da39,window_340,14.0,24.0,contrastive_embedding_neighbor,0.9870511279194839,provisional_unverified,e57d3de89d6f2a3165aa05beee7b611f60923e090254337c1b48f744c78db52d,18.0,4.0
6939b3836a088e9113eb3bffcf362bed963a71bbd9012ecb56dc61e6d500da39,window_341,16.0,26.0,contrastive_embedding_neighbor,0.9898700909587868,provisional_unverified,667a6e15a4394db30d7cce7a4db319041453bfa306b566a87e84b213d81efb29,156.0,140.0
6939b3836a088e9113eb3bffcf362bed963a71bbd9012ecb56dc61e6d500da39,window_342,18.0,28.0,contrastive_embedding_neighbor,0.9904311278397497,provisional_unverified,667a6e15a4394db30d7cce7a4db319041453bfa306b566a87e84b213d81efb29,166.0,148.0
6939b3836a088e9113eb3bffcf362bed963a71bbd9012ecb56dc61e6d500da39,window_343,20.0,30.0,contrastive_embedding_neighbor,0.9918836530779557,provisional_unverified,667a6e15a4394db30d7cce7a4db319041453bfa306b566a87e84b213d81efb29,166.0,146.0
6939b3836a088e9113eb3bffcf362bed963a71bbd9012ecb56dc61e6d500da39,window_344,22.0,32.0,contrastive_embedding_neighbor,0.9845573427797873,provisional_unverified,667a6e15a4394db30d7cce7a4db319041453bfa306b566a87e84b213d81efb29,166.0,144.0
6939b3836a088e9113eb3bffcf362bed963a71bbd9012ecb56dc61e6d500da39,window_345,24.0,34.0,contrastive_embedding_neighbor,0.9786773530275212,provisional_unverified,6faa006353747cbeb4e6d2e90954728110cb94fabfcd41e319270d4cde22f117,2.0,22.0
6939b3836a088e9113eb3bffcf362bed963a71bbd9012ecb56dc61e6d500da39,window_346,26.0,36.0,contrastive_embedding_neighbor,0.8104338650382316,provisional_unverified,667a6e15a4394db30d7cce7a4db319041453bfa306b566a87e84b213d81efb29,94.0,68.0
6939b3836a088e9113eb3bffcf362bed963a71bbd9012ecb56dc61e6d500da39,window_347,28.0,38.0,contrastive_embedding_neighbor,0.9784689156987831,provisional_unverified,6faa006353747cbeb4e6d2e90954728110cb94fabfcd41e319270d4cde22f117,40.0,12.0
6939b3836a088e9113eb3bffcf362bed963a71bbd9012ecb56dc61e6d500da39,window_348,30.0,40.0,contrastive_embedding_neighbor,0.9994326076886303,provisional_unverified,667a6e15a4394db30d7cce7a4db319041453bfa306b566a87e84b213d81efb29,106.0,76.0
6939b3836a088e9113eb3bffcf362bed963a71bbd9012ecb56dc61e6d500da39,window_349,32.0,42.0,contrastive_embedding_neighbor,0.9998916327007584,provisional_unverified,e57d3de89d6f2a3165aa05beee7b611f60923e090254337c1b48f744c78db52d,40.0,8.0
6939b3836a088e9113eb3bffcf362bed963a71bbd9012ecb56dc61e6d500da39,window_350,34.0,44.0,contrastive_embedding_neighbor,0.9999996745606726,provisional_unverified,629d7d57091b71c5c0c2c6f42218702e454b4ae60e20636885741c7c22fe1bb4,24.0,10.0
6939b3836a088e9113eb3bffcf362bed963a71bbd9012ecb56dc61e6d500da39,window_351,36.0,46.0,contrastive_embedding_neighbor,0.9999999544240568,provisional_unverified,629d7d57091b71c5c0c2c6f42218702e454b4ae60e20636885741c7c22fe1bb4,24.0,12.0
6939b3836a088e9113eb3bffcf362bed963a71bbd9012ecb56dc61e6d500da39,window_352,38.0,48.0,contrastive_embedding_neighbor,0.9825283665037607,provisional_unverified,667a6e15a4394db30d7cce7a4db319041453bfa306b566a87e84b213d81efb29,24.0,14.0
6939b3836a088e9113eb3bffcf362bed963a71bbd9012ecb56dc61e6d500da39,window_353,40.0,50.0,contrastive_embedding_neighbor,0.9997437812364606,provisional_unverified,1cca7c275163fc193899535ebb0c13f26676e8568d3c8adac48dbcc224812b0c,0.0,40.0
6939b3836a088e9113eb3bffcf362bed963a71bbd9012ecb56dc61e6d500da39,window_354,42.0,52.0,contrastive_embedding_neighbor,0.9998240739193883,provisional_unverified,1cca7c275163fc193899535ebb0c13f26676e8568d3c8adac48dbcc224812b0c,0.0,42.0
6939b3836a088e9113eb3bffcf362bed963a71bbd9012ecb56dc61e6d500da39,window_355,44.0,54.0,contrastive_embedding_neighbor,0.9997195851811684,provisional_unverified,1cca7c275163fc193899535ebb0c13f26676e8568d3c8adac48dbcc224812b0c,0.0,44.0
6939b3836a088e9113eb3bffcf362bed963a71bbd9012ecb56dc61e6d500da39,window_356,46.0,56.0,contrastive_embedding_neighbor,0.9989367961421256,provisional_unverified,667a6e15a4394db30d7cce7a4db319041453bfa306b566a87e84b213d81efb29,26.0,20.0
6939b3836a088e9113eb3bffcf362bed963a71bbd9012ecb56dc61e6d500da39,window_357,48.0,58.0,contrastive_embedding_neighbor,0.9973709664086805,provisional_unverified,1cca7c275163fc193899535ebb0c13f26676e8568d3c8adac48dbcc224812b0c,2.0,46.0
6939b3836a088e9113eb3bffcf362bed963a71bbd9012ecb56dc61e6d500da39,window_358,50.0,60.0,contrastive_embedding_neighbor,0.9987540650940155,provisional_unverified,1cca7c275163fc193899535ebb0c13f26676e8568d3c8adac48dbcc224812b0c,4.0,46.0
6939b3836a088e9113eb3bffcf362bed963a71bbd9012ecb56dc61e6d500da39,window_359,52.0,62.0,contrastive_embedding_neighbor,0.9985593935480447,provisional_unverified,1cca7c275163fc193899535ebb0c13f26676e8568d3c8adac48dbcc224812b0c,4.0,48.0
6939b3836a088e9113eb3bffcf362bed963a71bbd9012ecb56dc61e6d500da39,window_360,54.0,64.0,contrastive_embedding_neighbor,0.998976371263672,provisional_unverified,1cca7c275163fc193899535ebb0c13f26676e8568d3c8adac48dbcc224812b0c,6.0,48.0
6faa006353747cbeb4e6d2e90954728110cb94fabfcd41e319270d4cde22f117,window_361,0.0,10.0,contrastive_embedding_neighbor,0.9928423119039703,provisional_unverified,6939b3836a088e9113eb3bffcf362bed963a71bbd9012ecb56dc61e6d500da39,46.0,46.0
6faa006353747cbeb4e6d2e90954728110cb94fabfcd41e319270d4cde22f117,window_362,2.0,12.0,contrastive_embedding_neighbor,0.993360523955858,provisional_unverified,667a6e15a4394db30d7cce7a4db319041453bfa306b566a87e84b213d81efb29,168.0,166.0
6faa006353747cbeb4e6d2e90954728110cb94fabfcd41e319270d4cde22f117,window_363,4.0,14.0,contrastive_embedding_neighbor,0.9846427831146648,provisional_unverified,667a6e15a4394db30d7cce7a4db319041453bfa306b566a87e84b213d81efb29,160.0,156.0
6faa006353747cbeb4e6d2e90954728110cb94fabfcd41e319270d4cde22f117,window_364,6.0,16.0,contrastive_embedding_neighbor,0.9926920386752622,provisional_unverified,67460352e955edbaf8a0e73406f2aa4726aa14abea0a93abbe0484dccf14d5c3,4.0,2.0
6faa006353747cbeb4e6d2e90954728110cb94fabfcd41e319270d4cde22f117,window_365,8.0,18.0,contrastive_embedding_neighbor,0.9989569325537936,provisional_unverified,200a690cbeb5a4d9f415d6a933e60aa13a0cf5ee5c03c71731d7739c8ecbda5e,24.0,16.0
6faa006353747cbeb4e6d2e90954728110cb94fabfcd41e319270d4cde22f117,window_366,10.0,20.0,contrastive_embedding_neighbor,0.9918041420105688,provisional_unverified,e57d3de89d6f2a3165aa05beee7b611f60923e090254337c1b48f744c78db52d,26.0,16.0
6faa006353747cbeb4e6d2e90954728110cb94fabfcd41e319270d4cde22f117,window_367,12.0,22.0,contrastive_embedding_neighbor,0.9945695082777143,provisional_unverified,200a690cbeb5a4d9f415d6a933e60aa13a0cf5ee5c03c71731d7739c8ecbda5e,30.0,18.0
6faa006353747cbeb4e6d2e90954728110cb94fabfcd41e319270d4cde22f117,window_368,14.0,24.0,contrastive_embedding_neighbor,0.9816174544107987,provisional_unverified,6faa006353747cbeb4e6d2e90954728110cb94fabfcd41e319270d4cde22f117,56.0,42.0
6faa006353747cbeb4e6d2e90954728110cb94fabfcd41e319270d4cde22f117,window_369,16.0,26.0,contrastive_embedding_neighbor,0.9559861300755553,provisional_unverified,25aa01e1dcbaea32c062e01b0f782c938c34163fc58af14087dfe2f77906c06e,22.0,6.0
6faa006353747cbeb4e6d2e90954728110cb94fabfcd41e319270d4cde22f117,window_370,18.0,28.0,contrastive_embedding_neighbor,0.9597733399980936,provisional_unverified,25aa01e1dcbaea32c062e01b0f782c938c34163fc58af14087dfe2f77906c06e,22.0,4.0
6faa006353747cbeb4e6d2e90954728110cb94fabfcd41e319270d4cde22f117,window_371,20.0,30.0,contrastive_embedding_neighbor,0.888851654749811,provisional_unverified,629d7d57091b71c5c0c2c6f42218702e454b4ae60e20636885741c7c22fe1bb4,48.0,28.0
6faa006353747cbeb4e6d2e90954728110cb94fabfcd41e319270d4cde22f117,window_372,22.0,32.0,contrastive_embedding_neighbor,0.9514046119479528,provisional_unverified,200a690cbeb5a4d9f415d6a933e60aa13a0cf5ee5c03c71731d7739c8ecbda5e,34.0,12.0
6faa006353747cbeb4e6d2e90954728110cb94fabfcd41e319270d4cde22f117,window_373,24.0,34.0,contrastive_embedding_neighbor,0.9965201688897664,provisional_unverified,25aa01e1dcbaea32c062e01b0f782c938c34163fc58af14087dfe2f77906c06e,32.0,8.0
6faa006353747cbeb4e6d2e90954728110cb94fabfcd41e319270d4cde22f117,window_374,26.0,36.0,contrastive_embedding_neighbor,0.9961335317838167,provisional_unverified,e57d3de89d6f2a3165aa05beee7b611f60923e090254337c1b48f744c78db52d,28.0,2.0
6faa006353747cbeb4e6d2e90954728110cb94fabfcd41e319270d4cde22f117,window_375,28.0,38.0,contrastive_embedding_neighbor,0.9987859126454955,provisional_unverified,e57d3de89d6f2a3165aa05beee7b611f60923e090254337c1b48f744c78db52d,28.0,0.0
6faa006353747cbeb4e6d2e90954728110cb94fabfcd41e319270d4cde22f117,window_376,30.0,40.0,contrastive_embedding_neighbor,0.9983251079207238,provisional_unverified,e57d3de89d6f2a3165aa05beee7b611f60923e090254337c1b48f744c78db52d,28.0,2.0
6faa006353747cbeb4e6d2e90954728110cb94fabfcd41e319270d4cde22f117,window_377,32.0,42.0,contrastive_embedding_neighbor,0.9973745138442082,provisional_unverified,e57d3de89d6f2a3165aa05beee7b611f60923e090254337c1b48f744c78db52d,30.0,2.0
6faa006353747cbeb4e6d2e90954728110cb94fabfcd41e319270d4cde22f117,window_378,34.0,44.0,contrastive_embedding_neighbor,0.9973315476537143,provisional_unverified,e57d3de89d6f2a3165aa05beee7b611f60923e090254337c1b48f744c78db52d,32.0,2.0
6faa006353747cbeb4e6d2e90954728110cb94fabfcd41e319270d4cde22f117,window_379,36.0,46.0,contrastive_embedding_neighbor,0.9982870349016031,provisional_unverified,629d7d57091b71c5c0c2c6f42218702e454b4ae60e20636885741c7c22fe1bb4,64.0,28.0
6faa006353747cbeb4e6d2e90954728110cb94fabfcd41e319270d4cde22f117,window_380,38.0,48.0,contrastive_embedding_neighbor,0.9928678474753306,provisional_unverified,629d7d57091b71c5c0c2c6f42218702e454b4ae60e20636885741c7c22fe1bb4,68.0,30.0
6faa006353747cbeb4e6d2e90954728110cb94fabfcd41e319270d4cde22f117,window_381,40.0,50.0,contrastive_embedding_neighbor,0.994242388884929,provisional_unverified,667a6e15a4394db30d7cce7a4db319041453bfa306b566a87e84b213d81efb29,16.0,24.0
6faa006353747cbeb4e6d2e90954728110cb94fabfcd41e319270d4cde22f117,window_382,42.0,52.0,contrastive_embedding_neighbor,0.9840879126498222,provisional_unverified,200a690cbeb5a4d9f415d6a933e60aa13a0cf5ee5c03c71731d7739c8ecbda5e,12.0,30.0
6faa006353747cbeb4e6d2e90954728110cb94fabfcd41e319270d4cde22f117,window_383,44.0,54.0,contrastive_embedding_neighbor,0.9937710957513274,provisional_unverified,25aa01e1dcbaea32c062e01b0f782c938c34163fc58af14087dfe2f77906c06e,6.0,38.0
6faa006353747cbeb4e6d2e90954728110cb94fabfcd41e319270d4cde22f117,window_384,46.0,56.0,contrastive_embedding_neighbor,0.9949532533993671,provisional_unverified,667a6e15a4394db30d7cce7a4db319041453bfa306b566a87e84b213d81efb29,44.0,2.0
6faa006353747cbeb4e6d2e90954728110cb94fabfcd41e319270d4cde22f117,window_385,48.0,58.0,contrastive_embedding_neighbor,0.994111727191679,provisional_unverified,25aa01e1dcbaea32c062e01b0f782c938c34163fc58af14087dfe2f77906c06e,10.0,38.0
6faa006353747cbeb4e6d2e90954728110cb94fabfcd41e319270d4cde22f117,window_386,50.0,60.0,contrastive_embedding_neighbor,0.9973012154088702,provisional_unverified,25aa01e1dcbaea32c062e01b0f782c938c34163fc58af14087dfe2f77906c06e,12.0,38.0
6faa006353747cbeb4e6d2e90954728110cb94fabfcd41e319270d4cde22f117,window_387,52.0,62.0,contrastive_embedding_neighbor,0.9947595577258224,provisional_unverified,25aa01e1dcbaea32c062e01b0f782c938c34163fc58af14087dfe2f77906c06e,14.0,38.0
6faa006353747cbeb4e6d2e90954728110cb94fabfcd41e319270d4cde22f117,window_388,54.0,64.0,contrastive_embedding_neighbor,0.9959328884209623,provisional_unverified,07173121b1534f1eadb8b127005d4eff70872388074c2bbe0c93061527d89f40,0.0,54.0
6faa006353747cbeb4e6d2e90954728110cb94fabfcd41e319270d4cde22f117,window_389,56.0,66.0,contrastive_embedding_neighbor,0.9952694224048418,provisional_unverified,25aa01e1dcbaea32c062e01b0f782c938c34163fc58af14087dfe2f77906c06e,18.0,38.0
6faa006353747cbeb4e6d2e90954728110cb94fabfcd41e319270d4cde22f117,window_390,58.0,68.0,contrastive_embedding_neighbor,0.9867907803619651,provisional_unverified,25aa01e1dcbaea32c062e01b0f782c938c34163fc58af14087dfe2f77906c06e,20.0,38.0
6faa006353747cbeb4e6d2e90954728110cb94fabfcd41e319270d4cde22f117,window_391,60.0,70.0,contrastive_embedding_neighbor,0.9768451285496104,provisional_unverified,629d7d57091b71c5c0c2c6f42218702e454b4ae60e20636885741c7c22fe1bb4,2.0,58.0
6faa006353747cbeb4e6d2e90954728110cb94fabfcd41e319270d4cde22f117,window_392,62.0,72.0,contrastive_embedding_neighbor,0.9943977841850314,provisional_unverified,629d7d57091b71c5c0c2c6f42218702e454b4ae60e20636885741c7c22fe1bb4,10.0,52.0
6faa006353747cbeb4e6d2e90954728110cb94fabfcd41e319270d4cde22f117,window_393,64.0,74.0,contrastive_embedding_neighbor,0.9978441246817296,provisional_unverified,25aa01e1dcbaea32c062e01b0f782c938c34163fc58af14087dfe2f77906c06e,32.0,32.0
6faa006353747cbeb4e6d2e90954728110cb94fabfcd41e319270d4cde22f117,window_394,66.0,76.0,contrastive_embedding_neighbor,0.999798578261017,provisional_unverified,629d7d57091b71c5c0c2c6f42218702e454b4ae60e20636885741c7c22fe1bb4,10.0,56.0
6faa006353747cbeb4e6d2e90954728110cb94fabfcd41e319270d4cde22f117,window_395,68.0,78.0,contrastive_embedding_neighbor,0.9987435038810615,provisional_unverified,25aa01e1dcbaea32c062e01b0f782c938c34163fc58af14087dfe2f77906c06e,34.0,34.0
6faa006353747cbeb4e6d2e90954728110cb94fabfcd41e319270d4cde22f117,window_396,70.0,80.0,contrastive_embedding_neighbor,0.9982107856588286,provisional_unverified,25aa01e1dcbaea32c062e01b0f782c938c34163fc58af14087dfe2f77906c06e,34.0,36.0
6faa006353747cbeb4e6d2e90954728110cb94fabfcd41e319270d4cde22f117,window_397,72.0,82.0,contrastive_embedding_neighbor,0.9992190956507693,provisional_unverified,25aa01e1dcbaea32c062e01b0f782c938c34163fc58af14087dfe2f77906c06e,36.0,36.0
6faa006353747cbeb4e6d2e90954728110cb94fabfcd41e319270d4cde22f117,window_398,74.0,84.0,contrastive_embedding_neighbor,0.9939995087724097,provisional_unverified,25aa01e1dcbaea32c062e01b0f782c938c34163fc58af14087dfe2f77906c06e,36.0,38.0
6faa006353747cbeb4e6d2e90954728110cb94fabfcd41e319270d4cde22f117,window_399,76.0,86.0,contrastive_embedding_neighbor,0.9945974478882906,provisional_unverified,667a6e15a4394db30d7cce7a4db319041453bfa306b566a87e84b213d81efb29,12.0,64.0
6faa006353747cbeb4e6d2e90954728110cb94fabfcd41e319270d4cde22f117,window_400,78.0,88.0,contrastive_embedding_neighbor,0.987892783610787,provisional_unverified,667a6e15a4394db30d7cce7a4db319041453bfa306b566a87e84b213d81efb29,12.0,66.0
953f71ef131b4c5ce7211560abcbafbfe0079e72cf2190c2908d3ff00cf5db12,window_401,0.0,10.0,contrastive_embedding_neighbor,0.9999908105202813,provisional_unverified,953f71ef131b4c5ce7211560abcbafbfe0079e72cf2190c2908d3ff00cf5db12,48.0,48.0
953f71ef131b4c5ce7211560abcbafbfe0079e72cf2190c2908d3ff00cf5db12,window_402,2.0,12.0,contrastive_embedding_neighbor,0.9999983711717372,provisional_unverified,382db1f8ede73f956341d7b461790125339762ec9d7cc96480f20aefe04d77e1,46.0,44.0
953f71ef131b4c5ce7211560abcbafbfe0079e72cf2190c2908d3ff00cf5db12,window_403,4.0,14.0,contrastive_embedding_neighbor,0.9999992684566438,provisional_unverified,953f71ef131b4c5ce7211560abcbafbfe0079e72cf2190c2908d3ff00cf5db12,62.0,58.0
953f71ef131b4c5ce7211560abcbafbfe0079e72cf2190c2908d3ff00cf5db12,window_404,6.0,16.0,contrastive_embedding_neighbor,0.9999975058436499,provisional_unverified,382db1f8ede73f956341d7b461790125339762ec9d7cc96480f20aefe04d77e1,32.0,26.0
953f71ef131b4c5ce7211560abcbafbfe0079e72cf2190c2908d3ff00cf5db12,window_405,8.0,18.0,contrastive_embedding_neighbor,0.999998382324319,provisional_unverified,953f71ef131b4c5ce7211560abcbafbfe0079e72cf2190c2908d3ff00cf5db12,62.0,54.0
953f71ef131b4c5ce7211560abcbafbfe0079e72cf2190c2908d3ff00cf5db12,window_406,10.0,20.0,contrastive_embedding_neighbor,0.9999961261329534,provisional_unverified,667a6e15a4394db30d7cce7a4db319041453bfa306b566a87e84b213d81efb29,112.0,102.0
953f71ef131b4c5ce7211560abcbafbfe0079e72cf2190c2908d3ff00cf5db12,window_407,12.0,22.0,contrastive_embedding_neighbor,0.9999995607146253,provisional_unverified,953f71ef131b4c5ce7211560abcbafbfe0079e72cf2190c2908d3ff00cf5db12,36.0,24.0
953f71ef131b4c5ce7211560abcbafbfe0079e72cf2190c2908d3ff00cf5db12,window_408,14.0,24.0,contrastive_embedding_neighbor,0.9999978241806537,provisional_unverified,382db1f8ede73f956341d7b461790125339762ec9d7cc96480f20aefe04d77e1,30.0,16.0
953f71ef131b4c5ce7211560abcbafbfe0079e72cf2190c2908d3ff00cf5db12,window_409,16.0,26.0,contrastive_embedding_neighbor,0.9999998282224885,provisional_unverified,382db1f8ede73f956341d7b461790125339762ec9d7cc96480f20aefe04d77e1,16.0,0.0
953f71ef131b4c5ce7211560abcbafbfe0079e72cf2190c2908d3ff00cf5db12,window_410,18.0,28.0,contrastive_embedding_neighbor,0.9999991202352811,provisional_unverified,953f71ef131b4c5ce7211560abcbafbfe0079e72cf2190c2908d3ff00cf5db12,76.0,58.0
953f71ef131b4c5ce7211560abcbafbfe0079e72cf2190c2908d3ff00cf5db12,window_411,20.0,30.0,contrastive_embedding_neighbor,0.9999967428510453,provisional_unverified,382db1f8ede73f956341d7b461790125339762ec9d7cc96480f20aefe04d77e1,12.0,8.0
953f71ef131b4c5ce7211560abcbafbfe0079e72cf2190c2908d3ff00cf5db12,window_412,22.0,32.0,contrastive_embedding_neighbor,0.9999993383153515,provisional_unverified,382db1f8ede73f956341d7b461790125339762ec9d7cc96480f20aefe04d77e1,12.0,10.0
953f71ef131b4c5ce7211560abcbafbfe0079e72cf2190c2908d3ff00cf5db12,window_413,24.0,34.0,contrastive_embedding_neighbor,0.9999983728648538,provisional_unverified,953f71ef131b4c5ce7211560abcbafbfe0079e72cf2190c2908d3ff00cf5db12,72.0,48.0
953f71ef131b4c5ce7211560abcbafbfe0079e72cf2190c2908d3ff00cf5db12,window_414,26.0,36.0,contrastive_embedding_neighbor,0.9999990313158262,provisional_unverified,382db1f8ede73f956341d7b461790125339762ec9d7cc96480f20aefe04d77e1,12.0,14.0
953f71ef131b4c5ce7211560abcbafbfe0079e72cf2190c2908d3ff00cf5db12,window_415,28.0,38.0,contrastive_embedding_neighbor,0.9999998376402708,provisional_unverified,953f71ef131b4c5ce7211560abcbafbfe0079e72cf2190c2908d3ff00cf5db12,50.0,22.0
953f71ef131b4c5ce7211560abcbafbfe0079e72cf2190c2908d3ff00cf5db12,window_416,30.0,40.0,contrastive_embedding_neighbor,0.9999968422607102,provisional_unverified,667a6e15a4394db30d7cce7a4db319041453bfa306b566a87e84b213d81efb29,114.0,84.0
953f71ef131b4c5ce7211560abcbafbfe0079e72cf2190c2908d3ff00cf5db12,window_417,32.0,42.0,contrastive_embedding_neighbor,0.9999988394924029,provisional_unverified,953f71ef131b4c5ce7211560abcbafbfe0079e72cf2190c2908d3ff00cf5db12,78.0,46.0
953f71ef131b4c5ce7211560abcbafbfe0079e72cf2190c2908d3ff00cf5db12,window_418,34.0,44.0,contrastive_embedding_neighbor,0.9999985514740327,provisional_unverified,953f71ef131b4c5ce7211560abcbafbfe0079e72cf2190c2908d3ff00cf5db12,70.0,36.0
953f71ef131b4c5ce7211560abcbafbfe0079e72cf2190c2908d3ff00cf5db12,window_419,36.0,46.0,contrastive_embedding_neighbor,0.9999995607146253,provisional_unverified,953f71ef131b4c5ce7211560abcbafbfe0079e72cf2190c2908d3ff00cf5db12,12.0,24.0
953f71ef131b4c5ce7211560abcbafbfe0079e72cf2190c2908d3ff00cf5db12,window_420,38.0,48.0,contrastive_embedding_neighbor,0.9999979745277905,provisional_unverified,382db1f8ede73f956341d7b461790125339762ec9d7cc96480f20aefe04d77e1,38.0,0.0
953f71ef131b4c5ce7211560abcbafbfe0079e72cf2190c2908d3ff00cf5db12,window_421,40.0,50.0,contrastive_embedding_neighbor,0.9999995484883627,provisional_unverified,953f71ef131b4c5ce7211560abcbafbfe0079e72cf2190c2908d3ff00cf5db12,12.0,28.0
953f71ef131b4c5ce7211560abcbafbfe0079e72cf2190c2908d3ff00cf5db12,window_422,42.0,52.0,contrastive_embedding_neighbor,0.9999992128242415,provisional_unverified,953f71ef131b4c5ce7211560abcbafbfe0079e72cf2190c2908d3ff00cf5db12,4.0,38.0
953f71ef131b4c5ce7211560abcbafbfe0079e72cf2190c2908d3ff00cf5db12,window_423,44.0,54.0,contrastive_embedding_neighbor,0.9999182874382285,provisional_unverified,953f71ef131b4c5ce7211560abcbafbfe0079e72cf2190c2908d3ff00cf5db12,2.0,42.0
953f71ef131b4c5ce7211560abcbafbfe0079e72cf2190c2908d3ff00cf5db12,window_424,46.0,56.0,contrastive_embedding_neighbor,0.9999903248174875,provisional_unverified,382db1f8ede73f956341d7b461790125339762ec9d7cc96480f20aefe04d77e1,32.0,14.0
953f71ef131b4c5ce7211560abcbafbfe0079e72cf2190c2908d3ff00cf5db12,window_425,48.0,58.0,contrastive_embedding_neighbor,0.9999946012549161,provisional_unverified,953f71ef131b4c5ce7211560abcbafbfe0079e72cf2190c2908d3ff00cf5db12,10.0,38.0
953f71ef131b4c5ce7211560abcbafbfe0079e72cf2190c2908d3ff00cf5db12,window_426,50.0,60.0,contrastive_embedding_neighbor,0.9999998376402708,provisional_unverified,953f71ef131b4c5ce7211560abcbafbfe0079e72cf2190c2908d3ff00cf5db12,28.0,22.0
953f71ef131b4c5ce7211560abcbafbfe0079e72cf2190c2908d3ff00cf5db12,window_427,52.0,62.0,contrastive_embedding_neighbor,0.9999985912216471,provisional_unverified,382db1f8ede73f956341d7b461790125339762ec9d7cc96480f20aefe04d77e1,10.0,42.0
953f71ef131b4c5ce7211560abcbafbfe0079e72cf2190c2908d3ff00cf5db12,window_428,54.0,64.0,contrastive_embedding_neighbor,0.9999803959806371,provisional_unverified,382db1f8ede73f956341d7b461790125339762ec9d7cc96480f20aefe04d77e1,6.0,48.0
953f71ef131b4c5ce7211560abcbafbfe0079e72cf2190c2908d3ff00cf5db12,window_429,56.0,66.0,contrastive_embedding_neighbor,0.9997537998976239,provisional_unverified,382db1f8ede73f956341d7b461790125339762ec9d7cc96480f20aefe04d77e1,6.0,50.0
953f71ef131b4c5ce7211560abcbafbfe0079e72cf2190c2908d3ff00cf5db12,window_430,58.0,68.0,contrastive_embedding_neighbor,0.9999945471260802,provisional_unverified,953f71ef131b4c5ce7211560abcbafbfe0079e72cf2190c2908d3ff00cf5db12,22.0,36.0
953f71ef131b4c5ce7211560abcbafbfe0079e72cf2190c2908d3ff00cf5db12,window_431,60.0,70.0,contrastive_embedding_neighbor,0.9999985999432259,provisional_unverified,382db1f8ede73f956341d7b461790125339762ec9d7cc96480f20aefe04d77e1,28.0,32.0
953f71ef131b4c5ce7211560abcbafbfe0079e72cf2190c2908d3ff00cf5db12,window_432,62.0,72.0,contrastive_embedding_neighbor,0.9999992684566438,provisional_unverified,953f71ef131b4c5ce7211560abcbafbfe0079e72cf2190c2908d3ff00cf5db12,4.0,58.0
953f71ef131b4c5ce7211560abcbafbfe0079e72cf2190c2908d3ff00cf5db12,window_433,64.0,74.0,contrastive_embedding_neighbor,0.9999978129943007,provisional_unverified,953f71ef131b4c5ce7211560abcbafbfe0079e72cf2190c2908d3ff00cf5db12,42.0,22.0
953f71ef131b4c5ce7211560abcbafbfe0079e72cf2190c2908d3ff00cf5db12,window_434,66.0,76.0,contrastive_embedding_neighbor,0.9999986522971518,provisional_unverified,382db1f8ede73f956341d7b461790125339762ec9d7cc96480f20aefe04d77e1,36.0,30.0
953f71ef131b4c5ce7211560abcbafbfe0079e72cf2190c2908d3ff00cf5db12,window_435,68.0,78.0,contrastive_embedding_neighbor,0.999999733061451,provisional_unverified,382db1f8ede73f956341d7b461790125339762ec9d7cc96480f20aefe04d77e1,18.0,50.0
953f71ef131b4c5ce7211560abcbafbfe0079e72cf2190c2908d3ff00cf5db12,window_436,70.0,80.0,contrastive_embedding_neighbor,0.9999995404041367,provisional_unverified,382db1f8ede73f956341d7b461790125339762ec9d7cc96480f20aefe04d77e1,40.0,30.0
953f71ef131b4c5ce7211560abcbafbfe0079e72cf2190c2908d3ff00cf5db12,window_437,72.0,82.0,contrastive_embedding_neighbor,0.9999983728648538,provisional_unverified,953f71ef131b4c5ce7211560abcbafbfe0079e72cf2190c2908d3ff00cf5db12,24.0,48.0
953f71ef131b4c5ce7211560abcbafbfe0079e72cf2190c2908d3ff00cf5db12,window_438,74.0,84.0,contrastive_embedding_neighbor,0.999999115447834,provisional_unverified,953f71ef131b4c5ce7211560abcbafbfe0079e72cf2190c2908d3ff00cf5db12,18.0,56.0
953f71ef131b4c5ce7211560abcbafbfe0079e72cf2190c2908d3ff00cf5db12,window_439,76.0,86.0,contrastive_embedding_neighbor,0.9999991202352811,provisional_unverified,953f71ef131b4c5ce7211560abcbafbfe0079e72cf2190c2908d3ff00cf5db12,18.0,58.0
953f71ef131b4c5ce7211560abcbafbfe0079e72cf2190c2908d3ff00cf5db12,window_440,78.0,88.0,contrastive_embedding_neighbor,0.9999991831604993,provisional_unverified,6939b3836a088e9113eb3bffcf362bed963a71bbd9012ecb56dc61e6d500da39,36.0,42.0
c5c639ca1fa3038e565a432a960cb53f6ce533ad9612d27f229f6527fcf0edac,window_441,0.0,10.0,contrastive_embedding_neighbor,0.9993070274139311,provisional_unverified,c5c639ca1fa3038e565a432a960cb53f6ce533ad9612d27f229f6527fcf0edac,22.0,22.0
c5c639ca1fa3038e565a432a960cb53f6ce533ad9612d27f229f6527fcf0edac,window_442,2.0,12.0,contrastive_embedding_neighbor,0.9993287606436891,provisional_unverified,25aa01e1dcbaea32c062e01b0f782c938c34163fc58af14087dfe2f77906c06e,56.0,54.0
c5c639ca1fa3038e565a432a960cb53f6ce533ad9612d27f229f6527fcf0edac,window_443,4.0,14.0,contrastive_embedding_neighbor,0.9999843561403022,provisional_unverified,c5c639ca1fa3038e565a432a960cb53f6ce533ad9612d27f229f6527fcf0edac,22.0,18.0
c5c639ca1fa3038e565a432a960cb53f6ce533ad9612d27f229f6527fcf0edac,window_444,6.0,16.0,contrastive_embedding_neighbor,0.9999068241880223,provisional_unverified,c5c639ca1fa3038e565a432a960cb53f6ce533ad9612d27f229f6527fcf0edac,22.0,16.0
c5c639ca1fa3038e565a432a960cb53f6ce533ad9612d27f229f6527fcf0edac,window_445,8.0,18.0,contrastive_embedding_neighbor,0.9980000217798192,provisional_unverified,25aa01e1dcbaea32c062e01b0f782c938c34163fc58af14087dfe2f77906c06e,56.0,48.0
c5c639ca1fa3038e565a432a960cb53f6ce533ad9612d27f229f6527fcf0edac,window_446,10.0,20.0,contrastive_embedding_neighbor,0.9966312040303676,provisional_unverified,25aa01e1dcbaea32c062e01b0f782c938c34163fc58af14087dfe2f77906c06e,56.0,46.0
c5c639ca1fa3038e565a432a960cb53f6ce533ad9612d27f229f6527fcf0edac,window_447,12.0,22.0,contrastive_embedding_neighbor,0.9967712992922122,provisional_unverified,25aa01e1dcbaea32c062e01b0f782c938c34163fc58af14087dfe2f77906c06e,56.0,44.0
c5c639ca1fa3038e565a432a960cb53f6ce533ad9612d27f229f6527fcf0edac,window_448,14.0,24.0,contrastive_embedding_neighbor,0.9985356341635114,provisional_unverified,25aa01e1dcbaea32c062e01b0f782c938c34163fc58af14087dfe2f77906c06e,56.0,42.0
c5c639ca1fa3038e565a432a960cb53f6ce533ad9612d27f229f6527fcf0edac,window_449,16.0,26.0,contrastive_embedding_neighbor,0.9992700706027159,provisional_unverified,c5c639ca1fa3038e565a432a960cb53f6ce533ad9612d27f229f6527fcf0edac,0.0,16.0
c5c639ca1fa3038e565a432a960cb53f6ce533ad9612d27f229f6527fcf0edac,window_450,18.0,28.0,contrastive_embedding_neighbor,0.9982224938387889,provisional_unverified,c5c639ca1fa3038e565a432a960cb53f6ce533ad9612d27f229f6527fcf0edac,0.0,18.0
c5c639ca1fa3038e565a432a960cb53f6ce533ad9612d27f229f6527fcf0edac,window_451,20.0,30.0,contrastive_embedding_neighbor,0.9995742186507509,provisional_unverified,c5c639ca1fa3038e565a432a960cb53f6ce533ad9612d27f229f6527fcf0edac,4.0,16.0
c5c639ca1fa3038e565a432a960cb53f6ce533ad9612d27f229f6527fcf0edac,window_452,22.0,32.0,contrastive_embedding_neighbor,0.9999843561403022,provisional_unverified,c5c639ca1fa3038e565a432a960cb53f6ce533ad9612d27f229f6527fcf0edac,4.0,18.0
e57d3de89d6f2a3165aa05beee7b611f60923e090254337c1b48f744c78db52d,window_453,0.0,10.0,contrastive_embedding_neighbor,0.9900750026078303,provisional_unverified,667a6e15a4394db30d7cce7a4db319041453bfa306b566a87e84b213d81efb29,166.0,166.0
e57d3de89d6f2a3165aa05beee7b611f60923e090254337c1b48f744c78db52d,window_454,2.0,12.0,contrastive_embedding_neighbor,0.9787559697313484,provisional_unverified,667a6e15a4394db30d7cce7a4db319041453bfa306b566a87e84b213d81efb29,34.0,32.0
e57d3de89d6f2a3165aa05beee7b611f60923e090254337c1b48f744c78db52d,window_455,4.0,14.0,contrastive_embedding_neighbor,0.95309042450464,provisional_unverified,667a6e15a4394db30d7cce7a4db319041453bfa306b566a87e84b213d81efb29,36.0,32.0
e57d3de89d6f2a3165aa05beee7b611f60923e090254337c1b48f744c78db52d,window_456,6.0,16.0,contrastive_embedding_neighbor,0.9860997735988787,provisional_unverified,667a6e15a4394db30d7cce7a4db319041453bfa306b566a87e84b213d81efb29,186.0,180.0
e57d3de89d6f2a3165aa05beee7b611f60923e090254337c1b48f744c78db52d,window_457,8.0,18.0,contrastive_embedding_neighbor,0.9834176004811419,provisional_unverified,667a6e15a4394db30d7cce7a4db319041453bfa306b566a87e84b213d81efb29,76.0,68.0
e57d3de89d6f2a3165aa05beee7b611f60923e090254337c1b48f744c78db52d,window_458,10.0,20.0,contrastive_embedding_neighbor,0.9796474276587265,provisional_unverified,6939b3836a088e9113eb3bffcf362bed963a71bbd9012ecb56dc61e6d500da39,14.0,4.0
e57d3de89d6f2a3165aa05beee7b611f60923e090254337c1b48f744c78db52d,window_459,12.0,22.0,contrastive_embedding_neighbor,0.986525414853587,provisional_unverified,6939b3836a088e9113eb3bffcf362bed963a71bbd9012ecb56dc61e6d500da39,14.0,2.0
e57d3de89d6f2a3165aa05beee7b611f60923e090254337c1b48f744c78db52d,window_460,14.0,24.0,contrastive_embedding_neighbor,0.989603189927067,provisional_unverified,667a6e15a4394db30d7cce7a4db319041453bfa306b566a87e84b213d81efb29,176.0,162.0
e57d3de89d6f2a3165aa05beee7b611f60923e090254337c1b48f744c78db52d,window_461,16.0,26.0,contrastive_embedding_neighbor,0.9872082820621331,provisional_unverified,f8a2dfe19bc591bed40778fcb493d9a34a3261518b2f4b416ba15a9402ec6dd7,30.0,14.0
e57d3de89d6f2a3165aa05beee7b611f60923e090254337c1b48f744c78db52d,window_462,18.0,28.0,contrastive_embedding_neighbor,0.9870511279194839,provisional_unverified,6939b3836a088e9113eb3bffcf362bed963a71bbd9012ecb56dc61e6d500da39,14.0,4.0
e57d3de89d6f2a3165aa05beee7b611f60923e090254337c1b48f744c78db52d,window_463,20.0,30.0,contrastive_embedding_neighbor,0.9721604450264647,provisional_unverified,6939b3836a088e9113eb3bffcf362bed963a71bbd9012ecb56dc61e6d500da39,4.0,16.0
e57d3de89d6f2a3165aa05beee7b611f60923e090254337c1b48f744c78db52d,window_464,22.0,32.0,contrastive_embedding_neighbor,0.9193420805362378,provisional_unverified,6faa006353747cbeb4e6d2e90954728110cb94fabfcd41e319270d4cde22f117,6.0,16.0
e57d3de89d6f2a3165aa05beee7b611f60923e090254337c1b48f744c78db52d,window_465,24.0,34.0,contrastive_embedding_neighbor,0.9822072607325658,provisional_unverified,6faa006353747cbeb4e6d2e90954728110cb94fabfcd41e319270d4cde22f117,10.0,14.0
e57d3de89d6f2a3165aa05beee7b611f60923e090254337c1b48f744c78db52d,window_466,26.0,36.0,contrastive_embedding_neighbor,0.9918041420105688,provisional_unverified,6faa006353747cbeb4e6d2e90954728110cb94fabfcd41e319270d4cde22f117,10.0,16.0
e57d3de89d6f2a3165aa05beee7b611f60923e090254337c1b48f744c78db52d,window_467,28.0,38.0,contrastive_embedding_neighbor,0.9987859126454955,provisional_unverified,6faa006353747cbeb4e6d2e90954728110cb94fabfcd41e319270d4cde22f117,28.0,0.0
e57d3de89d6f2a3165aa05beee7b611f60923e090254337c1b48f744c78db52d,window_468,30.0,40.0,contrastive_embedding_neighbor,0.9973745138442082,provisional_unverified,6faa006353747cbeb4e6d2e90954728110cb94fabfcd41e319270d4cde22f117,32.0,2.0
e57d3de89d6f2a3165aa05beee7b611f60923e090254337c1b48f744c78db52d,window_469,32.0,42.0,contrastive_embedding_neighbor,0.9973315476537143,provisional_unverified,6faa006353747cbeb4e6d2e90954728110cb94fabfcd41e319270d4cde22f117,34.0,2.0
e57d3de89d6f2a3165aa05beee7b611f60923e090254337c1b48f744c78db52d,window_470,34.0,44.0,contrastive_embedding_neighbor,0.9963409868912141,provisional_unverified,6faa006353747cbeb4e6d2e90954728110cb94fabfcd41e319270d4cde22f117,36.0,2.0
e57d3de89d6f2a3165aa05beee7b611f60923e090254337c1b48f744c78db52d,window_471,36.0,46.0,contrastive_embedding_neighbor,0.9792048099446085,provisional_unverified,667a6e15a4394db30d7cce7a4db319041453bfa306b566a87e84b213d81efb29,102.0,66.0
e57d3de89d6f2a3165aa05beee7b611f60923e090254337c1b48f744c78db52d,window_472,38.0,48.0,contrastive_embedding_neighbor,0.9980820663237122,provisional_unverified,6939b3836a088e9113eb3bffcf362bed963a71bbd9012ecb56dc61e6d500da39,30.0,8.0
e57d3de89d6f2a3165aa05beee7b611f60923e090254337c1b48f744c78db52d,window_473,40.0,50.0,contrastive_embedding_neighbor,0.9998916327007584,provisional_unverified,6939b3836a088e9113eb3bffcf362bed963a71bbd9012ecb56dc61e6d500da39,32.0,8.0
e57d3de89d6f2a3165aa05beee7b611f60923e090254337c1b48f744c78db52d,window_474,42.0,52.0,contrastive_embedding_neighbor,0.9999983083880123,provisional_unverified,629d7d57091b71c5c0c2c6f42218702e454b4ae60e20636885741c7c22fe1bb4,24.0,18.0
e57d3de89d6f2a3165aa05beee7b611f60923e090254337c1b48f744c78db52d,window_475,44.0,54.0,contrastive_embedding_neighbor,0.9999995176742459,provisional_unverified,200a690cbeb5a4d9f415d6a933e60aa13a0cf5ee5c03c71731d7739c8ecbda5e,0.0,44.0
e57d3de89d6f2a3165aa05beee7b611f60923e090254337c1b48f744c78db52d,window_476,46.0,56.0,contrastive_embedding_neighbor,0.9999988739173197,provisional_unverified,953f71ef131b4c5ce7211560abcbafbfe0079e72cf2190c2908d3ff00cf5db12,74.0,28.0
f26c5b91a912f9e98e0205e2518d5b3de0314b04b69c3bc6d0148fa8ea3e842b,window_477,0.0,10.0,contrastive_embedding_neighbor,0.9407372989519914,provisional_unverified,2f775054c4e7bb342cf49e0ee66406e82353c274c103fc7f7d6a93ea329aea86,2.0,2.0
f26c5b91a912f9e98e0205e2518d5b3de0314b04b69c3bc6d0148fa8ea3e842b,window_478,2.0,12.0,contrastive_embedding_neighbor,0.9650245386753539,provisional_unverified,07173121b1534f1eadb8b127005d4eff70872388074c2bbe0c93061527d89f40,12.0,10.0
f26c5b91a912f9e98e0205e2518d5b3de0314b04b69c3bc6d0148fa8ea3e842b,window_479,4.0,14.0,contrastive_embedding_neighbor,0.9705011436045439,provisional_unverified,5e9e04831922d971561f6ffb53b2c77744d905cca01dcc2fe043d10b2f63c613,18.0,14.0
f26c5b91a912f9e98e0205e2518d5b3de0314b04b69c3bc6d0148fa8ea3e842b,window_480,6.0,16.0,contrastive_embedding_neighbor,0.9876751596261494,provisional_unverified,07173121b1534f1eadb8b127005d4eff70872388074c2bbe0c93061527d89f40,12.0,6.0
f26c5b91a912f9e98e0205e2518d5b3de0314b04b69c3bc6d0148fa8ea3e842b,window_481,8.0,18.0,contrastive_embedding_neighbor,0.9924694364504397,provisional_unverified,07173121b1534f1eadb8b127005d4eff70872388074c2bbe0c93061527d89f40,12.0,4.0
f26c5b91a912f9e98e0205e2518d5b3de0314b04b69c3bc6d0148fa8ea3e842b,window_482,10.0,20.0,contrastive_embedding_neighbor,0.985334342336674,provisional_unverified,667a6e15a4394db30d7cce7a4db319041453bfa306b566a87e84b213d81efb29,206.0,196.0
f26c5b91a912f9e98e0205e2518d5b3de0314b04b69c3bc6d0148fa8ea3e842b,window_483,12.0,22.0,contrastive_embedding_neighbor,0.9893620728100131,provisional_unverified,5e9e04831922d971561f6ffb53b2c77744d905cca01dcc2fe043d10b2f63c613,18.0,6.0
f8a2dfe19bc591bed40778fcb493d9a34a3261518b2f4b416ba15a9402ec6dd7,window_484,0.0,10.0,contrastive_embedding_neighbor,0.9999998983547588,provisional_unverified,554af5ad576c1c1d069356649e3bd1e2699a5801f6a0fa703e0c50db726bae3b,6.0,6.0
f8a2dfe19bc591bed40778fcb493d9a34a3261518b2f4b416ba15a9402ec6dd7,window_485,2.0,12.0,contrastive_embedding_neighbor,0.9999999997347279,provisional_unverified,554af5ad576c1c1d069356649e3bd1e2699a5801f6a0fa703e0c50db726bae3b,6.0,4.0
f8a2dfe19bc591bed40778fcb493d9a34a3261518b2f4b416ba15a9402ec6dd7,window_486,4.0,14.0,contrastive_embedding_neighbor,0.9999999921148083,provisional_unverified,554af5ad576c1c1d069356649e3bd1e2699a5801f6a0fa703e0c50db726bae3b,8.0,4.0
f8a2dfe19bc591bed40778fcb493d9a34a3261518b2f4b416ba15a9402ec6dd7,window_487,6.0,16.0,contrastive_embedding_neighbor,0.9475546893687733,provisional_unverified,25aa01e1dcbaea32c062e01b0f782c938c34163fc58af14087dfe2f77906c06e,4.0,2.0
f8a2dfe19bc591bed40778fcb493d9a34a3261518b2f4b416ba15a9402ec6dd7,window_488,8.0,18.0,contrastive_embedding_neighbor,0.9965243434010035,provisional_unverified,67460352e955edbaf8a0e73406f2aa4726aa14abea0a93abbe0484dccf14d5c3,0.0,8.0
f8a2dfe19bc591bed40778fcb493d9a34a3261518b2f4b416ba15a9402ec6dd7,window_489,10.0,20.0,contrastive_embedding_neighbor,0.9934953830166232,provisional_unverified,629d7d57091b71c5c0c2c6f42218702e454b4ae60e20636885741c7c22fe1bb4,36.0,26.0
f8a2dfe19bc591bed40778fcb493d9a34a3261518b2f4b416ba15a9402ec6dd7,window_490,12.0,22.0,contrastive_embedding_neighbor,0.9878677984074479,provisional_unverified,667a6e15a4394db30d7cce7a4db319041453bfa306b566a87e84b213d81efb29,154.0,142.0
f8a2dfe19bc591bed40778fcb493d9a34a3261518b2f4b416ba15a9402ec6dd7,window_491,14.0,24.0,contrastive_embedding_neighbor,0.9820346784958132,provisional_unverified,6939b3836a088e9113eb3bffcf362bed963a71bbd9012ecb56dc61e6d500da39,16.0,2.0
f8a2dfe19bc591bed40778fcb493d9a34a3261518b2f4b416ba15a9402ec6dd7,window_492,16.0,26.0,contrastive_embedding_neighbor,0.962944722141272,provisional_unverified,6939b3836a088e9113eb3bffcf362bed963a71bbd9012ecb56dc61e6d500da39,14.0,2.0
f8a2dfe19bc591bed40778fcb493d9a34a3261518b2f4b416ba15a9402ec6dd7,window_493,18.0,28.0,contrastive_embedding_neighbor,0.9582061040482089,provisional_unverified,667a6e15a4394db30d7cce7a4db319041453bfa306b566a87e84b213d81efb29,212.0,194.0
f8a2dfe19bc591bed40778fcb493d9a34a3261518b2f4b416ba15a9402ec6dd7,window_494,20.0,30.0,contrastive_embedding_neighbor,0.9829738557068247,provisional_unverified,667a6e15a4394db30d7cce7a4db319041453bfa306b566a87e84b213d81efb29,212.0,192.0
f8a2dfe19bc591bed40778fcb493d9a34a3261518b2f4b416ba15a9402ec6dd7,window_495,22.0,32.0,contrastive_embedding_neighbor,0.9840330529429567,provisional_unverified,4c8d0190b666e26315ce16c862ca2e968d576e14537487162bbd73b9a47d0c07,2.0,20.0
f8a2dfe19bc591bed40778fcb493d9a34a3261518b2f4b416ba15a9402ec6dd7,window_496,24.0,34.0,contrastive_embedding_neighbor,0.9969536440141378,provisional_unverified,6939b3836a088e9113eb3bffcf362bed963a71bbd9012ecb56dc61e6d500da39,10.0,14.0
f8a2dfe19bc591bed40778fcb493d9a34a3261518b2f4b416ba15a9402ec6dd7,window_497,26.0,36.0,contrastive_embedding_neighbor,0.9841708557776884,provisional_unverified,6939b3836a088e9113eb3bffcf362bed963a71bbd9012ecb56dc61e6d500da39,8.0,18.0
f8a2dfe19bc591bed40778fcb493d9a34a3261518b2f4b416ba15a9402ec6dd7,window_498,28.0,38.0,contrastive_embedding_neighbor,0.9724738968367382,provisional_unverified,67460352e955edbaf8a0e73406f2aa4726aa14abea0a93abbe0484dccf14d5c3,28.0,0.0
f8a2dfe19bc591bed40778fcb493d9a34a3261518b2f4b416ba15a9402ec6dd7,window_499,30.0,40.0,contrastive_embedding_neighbor,0.9892735581751056,provisional_unverified,e57d3de89d6f2a3165aa05beee7b611f60923e090254337c1b48f744c78db52d,14.0,16.0
