recording_id,segment_id,start_s,end_s,prediction_kind,score,label_status,neighbor_recording_id,neighbor_start_s,temporal_separation_s
07173121b1534f1eadb8b127005d4eff70872388074c2bbe0c93061527d89f40,window_0,0.0,10.0,masked_prediction_embedding_neighbor,0.999995585666508,provisional_unverified,5e9e04831922d971561f6ffb53b2c77744d905cca01dcc2fe043d10b2f63c613,4.0,4.0
07173121b1534f1eadb8b127005d4eff70872388074c2bbe0c93061527d89f40,window_1,2.0,12.0,masked_prediction_embedding_neighbor,0.9999569577399717,provisional_unverified,5e9e04831922d971561f6ffb53b2c77744d905cca01dcc2fe043d10b2f63c613,12.0,10.0
07173121b1534f1eadb8b127005d4eff70872388074c2bbe0c93061527d89f40,window_2,4.0,14.0,masked_prediction_embedding_neighbor,0.9999990277045528,provisional_unverified,5e9e04831922d971561f6ffb53b2c77744d905cca01dcc2fe043d10b2f63c613,10.0,6.0
07173121b1534f1eadb8b127005d4eff70872388074c2bbe0c93061527d89f40,window_3,6.0,16.0,masked_prediction_embedding_neighbor,0.9999975045031702,provisional_unverified,1a8433bf1168531d6f7c2deb5c37b27de5ddf1d9f65316416ecbf000289fd40a,8.0,2.0
07173121b1534f1eadb8b127005d4eff70872388074c2bbe0c93061527d89f40,window_4,8.0,18.0,masked_prediction_embedding_neighbor,0.999995394261083,provisional_unverified,5e9e04831922d971561f6ffb53b2c77744d905cca01dcc2fe043d10b2f63c613,10.0,2.0
07173121b1534f1eadb8b127005d4eff70872388074c2bbe0c93061527d89f40,window_5,10.0,20.0,masked_prediction_embedding_neighbor,0.999992092811568,provisional_unverified,5e9e04831922d971561f6ffb53b2c77744d905cca01dcc2fe043d10b2f63c613,12.0,2.0
07173121b1534f1eadb8b127005d4eff70872388074c2bbe0c93061527d89f40,window_6,12.0,22.0,masked_prediction_embedding_neighbor,0.9999887460515028,provisional_unverified,f26c5b91a912f9e98e0205e2518d5b3de0314b04b69c3bc6d0148fa8ea3e842b,6.0,6.0
1a8433bf1168531d6f7c2deb5c37b27de5ddf1d9f65316416ecbf000289fd40a,window_7,0.0,10.0,masked_prediction_embedding_neighbor,0.9999993532958967,provisional_unverified,667a6e15a4394db30d7cce7a4db319041453bfa306b566a87e84b213d81efb29,74.0,74.0
1a8433bf1168531d6f7c2deb5c37b27de5ddf1d9f65316416ecbf000289fd40a,window_8,2.0,12.0,masked_prediction_embedding_neighbor,0.9999967159899276,provisional_unverified,667a6e15a4394db30d7cce7a4db319041453bfa306b566a87e84b213d81efb29,82.0,80.0
1a8433bf1168531d6f7c2deb5c37b27de5ddf1d9f65316416ecbf000289fd40a,window_9,4.0,14.0,masked_prediction_embedding_neighbor,0.9999975786800634,provisional_unverified,667a6e15a4394db30d7cce7a4db319041453bfa306b566a87e84b213d81efb29,138.0,134.0
1a8433bf1168531d6f7c2deb5c37b27de5ddf1d9f65316416ecbf000289fd40a,window_10,6.0,16.0,masked_prediction_embedding_neighbor,0.9999945356073018,provisional_unverified,2f775054c4e7bb342cf49e0ee66406e82353c274c103fc7f7d6a93ea329aea86,10.0,4.0
1a8433bf1168531d6f7c2deb5c37b27de5ddf1d9f65316416ecbf000289fd40a,window_11,8.0,18.0,masked_prediction_embedding_neighbor,0.9999975045031702,provisional_unverified,07173121b1534f1eadb8b127005d4eff70872388074c2bbe0c93061527d89f40,6.0,2.0
1a8433bf1168531d6f7c2deb5c37b27de5ddf1d9f65316416ecbf000289fd40a,window_12,10.0,20.0,masked_prediction_embedding_neighbor,0.9999954907843196,provisional_unverified,07173121b1534f1eadb8b127005d4eff70872388074c2bbe0c93061527d89f40,6.0,4.0
1a8433bf1168531d6f7c2deb5c37b27de5ddf1d9f65316416ecbf000289fd40a,window_13,12.0,22.0,masked_prediction_embedding_neighbor,0.9999914914668893,provisional_unverified,f26c5b91a912f9e98e0205e2518d5b3de0314b04b69c3bc6d0148fa8ea3e842b,2.0,10.0
1cca7c275163fc193899535ebb0c13f26676e8568d3c8adac48dbcc224812b0c,window_14,0.0,10.0,masked_prediction_embedding_neighbor,0.9998204477080365,provisional_unverified,6939b3836a088e9113eb3bffcf362bed963a71bbd9012ecb56dc61e6d500da39,44.0,44.0
1cca7c275163fc193899535ebb0c13f26676e8568d3c8adac48dbcc224812b0c,window_15,2.0,12.0,masked_prediction_embedding_neighbor,0.9941797466440141,provisional_unverified,6faa006353747cbeb4e6d2e90954728110cb94fabfcd41e319270d4cde22f117,0.0,2.0
1cca7c275163fc193899535ebb0c13f26676e8568d3c8adac48dbcc224812b0c,window_16,4.0,14.0,masked_prediction_embedding_neighbor,0.9976903303530729,provisional_unverified,6939b3836a088e9113eb3bffcf362bed963a71bbd9012ecb56dc61e6d500da39,54.0,50.0
1cca7c275163fc193899535ebb0c13f26676e8568d3c8adac48dbcc224812b0c,window_17,6.0,16.0,masked_prediction_embedding_neighbor,0.9952967170465187,provisional_unverified,667a6e15a4394db30d7cce7a4db319041453bfa306b566a87e84b213d81efb29,28.0,22.0
1cca7c275163fc193899535ebb0c13f26676e8568d3c8adac48dbcc224812b0c,window_18,8.0,18.0,masked_prediction_embedding_neighbor,0.9938488370366095,provisional_unverified,667a6e15a4394db30d7cce7a4db319041453bfa306b566a87e84b213d81efb29,98.0,90.0
1cca7c275163fc193899535ebb0c13f26676e8568d3c8adac48dbcc224812b0c,window_19,10.0,20.0,masked_prediction_embedding_neighbor,0.9978477320677188,provisional_unverified,67460352e955edbaf8a0e73406f2aa4726aa14abea0a93abbe0484dccf14d5c3,22.0,12.0
1cca7c275163fc193899535ebb0c13f26676e8568d3c8adac48dbcc224812b0c,window_20,12.0,22.0,masked_prediction_embedding_neighbor,0.9983561278752245,provisional_unverified,67460352e955edbaf8a0e73406f2aa4726aa14abea0a93abbe0484dccf14d5c3,22.0,10.0
1cca7c275163fc193899535ebb0c13f26676e8568d3c8adac48dbcc224812b0c,window_21,14.0,24.0,masked_prediction_embedding_neighbor,0.9958278438916557,provisional_unverified,67460352e955edbaf8a0e73406f2aa4726aa14abea0a93abbe0484dccf14d5c3,22.0,8.0
1cca7c275163fc193899535ebb0c13f26676e8568d3c8adac48dbcc224812b0c,window_22,16.0,26.0,masked_prediction_embedding_neighbor,0.9931703962613564,provisional_unverified,667a6e15a4394db30d7cce7a4db319041453bfa306b566a87e84b213d81efb29,100.0,84.0
1cca7c275163fc193899535ebb0c13f26676e8568d3c8adac48dbcc224812b0c,window_23,18.0,28.0,masked_prediction_embedding_neighbor,0.9927147079878403,provisional_unverified,667a6e15a4394db30d7cce7a4db319041453bfa306b566a87e84b213d81efb29,28.0,10.0
1cca7c275163fc193899535ebb0c13f26676e8568d3c8adac48dbcc224812b0c,window_24,20.0,30.0,masked_prediction_embedding_neighbor,0.9949997549945548,provisional_unverified,6939b3836a088e9113eb3bffcf362bed963a71bbd9012ecb56dc61e6d500da39,54.0,34.0
1cca7c275163fc193899535ebb0c13f26676e8568d3c8adac48dbcc224812b0c,window_25,22.0,32.0,masked_prediction_embedding_neighbor,0.9909621695586116,provisional_unverified,6939b3836a088e9113eb3bffcf362bed963a71bbd9012ecb56dc61e6d500da39,50.0,28.0
1cca7c275163fc193899535ebb0c13f26676e8568d3c8adac48dbcc224812b0c,window_26,24.0,34.0,masked_prediction_embedding_neighbor,0.9895827440120976,provisional_unverified,1cca7c275163fc193899535ebb0c13f26676e8568d3c8adac48dbcc224812b0c,2.0,22.0
1cca7c275163fc193899535ebb0c13f26676e8568d3c8adac48dbcc224812b0c,window_27,26.0,36.0,masked_prediction_embedding_neighbor,0.9909909075561939,provisional_unverified,1cca7c275163fc193899535ebb0c13f26676e8568d3c8adac48dbcc224812b0c,2.0,24.0
1cca7c275163fc193899535ebb0c13f26676e8568d3c8adac48dbcc224812b0c,window_28,28.0,38.0,masked_prediction_embedding_neighbor,0.9931079977235783,provisional_unverified,6939b3836a088e9113eb3bffcf362bed963a71bbd9012ecb56dc61e6d500da39,46.0,18.0
200a690cbeb5a4d9f415d6a933e60aa13a0cf5ee5c03c71731d7739c8ecbda5e,window_29,0.0,10.0,masked_prediction_embedding_neighbor,0.9999999957385446,provisional_unverified,e57d3de89d6f2a3165aa05beee7b611f60923e090254337c1b48f744c78db52d,42.0,42.0
200a690cbeb5a4d9f415d6a933e60aa13a0cf5ee5c03c71731d7739c8ecbda5e,window_30,2.0,12.0,masked_prediction_embedding_neighbor,0.9999996881462802,provisional_unverified,382db1f8ede73f956341d7b461790125339762ec9d7cc96480f20aefe04d77e1,22.0,20.0
200a690cbeb5a4d9f415d6a933e60aa13a0cf5ee5c03c71731d7739c8ecbda5e,window_31,4.0,14.0,masked_prediction_embedding_neighbor,0.9834437150919122,provisional_unverified,667a6e15a4394db30d7cce7a4db319041453bfa306b566a87e84b213d81efb29,26.0,22.0
200a690cbeb5a4d9f415d6a933e60aa13a0cf5ee5c03c71731d7739c8ecbda5e,window_32,6.0,16.0,masked_prediction_embedding_neighbor,0.9862861602778934,provisional_unverified,1cca7c275163fc193899535ebb0c13f26676e8568d3c8adac48dbcc224812b0c,4.0,2.0
200a690cbeb5a4d9f415d6a933e60aa13a0cf5ee5c03c71731d7739c8ecbda5e,window_33,8.0,18.0,masked_prediction_embedding_neighbor,0.9886537463855309,provisional_unverified,1cca7c275163fc193899535ebb0c13f26676e8568d3c8adac48dbcc224812b0c,4.0,4.0
200a690cbeb5a4d9f415d6a933e60aa13a0cf5ee5c03c71731d7739c8ecbda5e,window_34,10.0,20.0,masked_prediction_embedding_neighbor,0.9879623356949881,provisional_unverified,1cca7c275163fc193899535ebb0c13f26676e8568d3c8adac48dbcc224812b0c,4.0,6.0
200a690cbeb5a4d9f415d6a933e60aa13a0cf5ee5c03c71731d7739c8ecbda5e,window_35,12.0,22.0,masked_prediction_embedding_neighbor,0.9852319319460789,provisional_unverified,1cca7c275163fc193899535ebb0c13f26676e8568d3c8adac48dbcc224812b0c,4.0,8.0
200a690cbeb5a4d9f415d6a933e60aa13a0cf5ee5c03c71731d7739c8ecbda5e,window_36,14.0,24.0,masked_prediction_embedding_neighbor,0.9998605850897022,provisional_unverified,667a6e15a4394db30d7cce7a4db319041453bfa306b566a87e84b213d81efb29,18.0,4.0
200a690cbeb5a4d9f415d6a933e60aa13a0cf5ee5c03c71731d7739c8ecbda5e,window_37,16.0,26.0,masked_prediction_embedding_neighbor,0.9999985574844591,provisional_unverified,382db1f8ede73f956341d7b461790125339762ec9d7cc96480f20aefe04d77e1,32.0,16.0
200a690cbeb5a4d9f415d6a933e60aa13a0cf5ee5c03c71731d7739c8ecbda5e,window_38,18.0,28.0,masked_prediction_embedding_neighbor,0.9787997768586615,provisional_unverified,629d7d57091b71c5c0c2c6f42218702e454b4ae60e20636885741c7c22fe1bb4,16.0,2.0
200a690cbeb5a4d9f415d6a933e60aa13a0cf5ee5c03c71731d7739c8ecbda5e,window_39,20.0,30.0,masked_prediction_embedding_neighbor,0.9998517969679742,provisional_unverified,667a6e15a4394db30d7cce7a4db319041453bfa306b566a87e84b213d81efb29,92.0,72.0
200a690cbeb5a4d9f415d6a933e60aa13a0cf5ee5c03c71731d7739c8ecbda5e,window_40,22.0,32.0,masked_prediction_embedding_neighbor,0.9999157794531595,provisional_unverified,6faa006353747cbeb4e6d2e90954728110cb94fabfcd41e319270d4cde22f117,4.0,18.0
200a690cbeb5a4d9f415d6a933e60aa13a0cf5ee5c03c71731d7739c8ecbda5e,window_41,24.0,34.0,masked_prediction_embedding_neighbor,0.9999636068522659,provisional_unverified,5e9e04831922d971561f6ffb53b2c77744d905cca01dcc2fe043d10b2f63c613,0.0,24.0
200a690cbeb5a4d9f415d6a933e60aa13a0cf5ee5c03c71731d7739c8ecbda5e,window_42,26.0,36.0,masked_prediction_embedding_neighbor,0.9999600732412819,provisional_unverified,e57d3de89d6f2a3165aa05beee7b611f60923e090254337c1b48f744c78db52d,24.0,2.0
200a690cbeb5a4d9f415d6a933e60aa13a0cf5ee5c03c71731d7739c8ecbda5e,window_43,28.0,38.0,masked_prediction_embedding_neighbor,0.9999883569572579,provisional_unverified,6faa006353747cbeb4e6d2e90954728110cb94fabfcd41e319270d4cde22f117,54.0,26.0
200a690cbeb5a4d9f415d6a933e60aa13a0cf5ee5c03c71731d7739c8ecbda5e,window_44,30.0,40.0,masked_prediction_embedding_neighbor,0.9999508415441659,provisional_unverified,6faa006353747cbeb4e6d2e90954728110cb94fabfcd41e319270d4cde22f117,24.0,6.0
200a690cbeb5a4d9f415d6a933e60aa13a0cf5ee5c03c71731d7739c8ecbda5e,window_45,32.0,42.0,masked_prediction_embedding_neighbor,0.9999451704182928,provisional_unverified,25aa01e1dcbaea32c062e01b0f782c938c34163fc58af14087dfe2f77906c06e,30.0,2.0
200a690cbeb5a4d9f415d6a933e60aa13a0cf5ee5c03c71731d7739c8ecbda5e,window_46,34.0,44.0,masked_prediction_embedding_neighbor,0.9999698300752243,provisional_unverified,6faa006353747cbeb4e6d2e90954728110cb94fabfcd41e319270d4cde22f117,60.0,26.0
200a690cbeb5a4d9f415d6a933e60aa13a0cf5ee5c03c71731d7739c8ecbda5e,window_47,36.0,46.0,masked_prediction_embedding_neighbor,0.9999641861290102,provisional_unverified,25aa01e1dcbaea32c062e01b0f782c938c34163fc58af14087dfe2f77906c06e,30.0,6.0
200a690cbeb5a4d9f415d6a933e60aa13a0cf5ee5c03c71731d7739c8ecbda5e,window_48,38.0,48.0,masked_prediction_embedding_neighbor,0.9999923693629359,provisional_unverified,6faa006353747cbeb4e6d2e90954728110cb94fabfcd41e319270d4cde22f117,62.0,24.0
200a690cbeb5a4d9f415d6a933e60aa13a0cf5ee5c03c71731d7739c8ecbda5e,window_49,40.0,50.0,masked_prediction_embedding_neighbor,0.9999552182596906,provisional_unverified,5e9e04831922d971561f6ffb53b2c77744d905cca01dcc2fe043d10b2f63c613,20.0,20.0
200a690cbeb5a4d9f415d6a933e60aa13a0cf5ee5c03c71731d7739c8ecbda5e,window_50,42.0,52.0,masked_prediction_embedding_neighbor,0.9999494506322726,provisional_unverified,5e9e04831922d971561f6ffb53b2c77744d905cca01dcc2fe043d10b2f63c613,20.0,22.0
200a690cbeb5a4d9f415d6a933e60aa13a0cf5ee5c03c71731d7739c8ecbda5e,window_51,44.0,54.0,masked_prediction_embedding_neighbor,0.9999723228392452,provisional_unverified,6faa006353747cbeb4e6d2e90954728110cb94fabfcd41e319270d4cde22f117,62.0,18.0
200a690cbeb5a4d9f415d6a933e60aa13a0cf5ee5c03c71731d7739c8ecbda5e,window_52,46.0,56.0,masked_prediction_embedding_neighbor,0.9999759163064416,provisional_unverified,5e9e04831922d971561f6ffb53b2c77744d905cca01dcc2fe043d10b2f63c613,24.0,22.0
25aa01e1dcbaea32c062e01b0f782c938c34163fc58af14087dfe2f77906c06e,window_53,0.0,10.0,masked_prediction_embedding_neighbor,0.9999999866349358,provisional_unverified,25aa01e1dcbaea32c062e01b0f782c938c34163fc58af14087dfe2f77906c06e,50.0,50.0
25aa01e1dcbaea32c062e01b0f782c938c34163fc58af14087dfe2f77906c06e,window_54,2.0,12.0,masked_prediction_embedding_neighbor,0.9999999862491712,provisional_unverified,25aa01e1dcbaea32c062e01b0f782c938c34163fc58af14087dfe2f77906c06e,50.0,48.0
25aa01e1dcbaea32c062e01b0f782c938c34163fc58af14087dfe2f77906c06e,window_55,4.0,14.0,masked_prediction_embedding_neighbor,0.9992541887142903,provisional_unverified,6939b3836a088e9113eb3bffcf362bed963a71bbd9012ecb56dc61e6d500da39,38.0,34.0
25aa01e1dcbaea32c062e01b0f782c938c34163fc58af14087dfe2f77906c06e,window_56,6.0,16.0,masked_prediction_embedding_neighbor,0.9991094207479119,provisional_unverified,629d7d57091b71c5c0c2c6f42218702e454b4ae60e20636885741c7c22fe1bb4,32.0,26.0
25aa01e1dcbaea32c062e01b0f782c938c34163fc58af14087dfe2f77906c06e,window_57,8.0,18.0,masked_prediction_embedding_neighbor,0.9999625489114055,provisional_unverified,6faa006353747cbeb4e6d2e90954728110cb94fabfcd41e319270d4cde22f117,46.0,38.0
25aa01e1dcbaea32c062e01b0f782c938c34163fc58af14087dfe2f77906c06e,window_58,10.0,20.0,masked_prediction_embedding_neighbor,0.9999631145443147,provisional_unverified,6faa006353747cbeb4e6d2e90954728110cb94fabfcd41e319270d4cde22f117,48.0,38.0
25aa01e1dcbaea32c062e01b0f782c938c34163fc58af14087dfe2f77906c06e,window_59,12.0,22.0,masked_prediction_embedding_neighbor,0.9999794967763567,provisional_unverified,6faa006353747cbeb4e6d2e90954728110cb94fabfcd41e319270d4cde22f117,50.0,38.0
25aa01e1dcbaea32c062e01b0f782c938c34163fc58af14087dfe2f77906c06e,window_60,14.0,24.0,masked_prediction_embedding_neighbor,0.9999716405095306,provisional_unverified,6faa006353747cbeb4e6d2e90954728110cb94fabfcd41e319270d4cde22f117,50.0,36.0
25aa01e1dcbaea32c062e01b0f782c938c34163fc58af14087dfe2f77906c06e,window_61,16.0,26.0,masked_prediction_embedding_neighbor,0.9999906874132762,provisional_unverified,6faa006353747cbeb4e6d2e90954728110cb94fabfcd41e319270d4cde22f117,10.0,6.0
25aa01e1dcbaea32c062e01b0f782c938c34163fc58af14087dfe2f77906c06e,window_62,18.0,28.0,masked_prediction_embedding_neighbor,0.9997805532008229,provisional_unverified,25aa01e1dcbaea32c062e01b0f782c938c34163fc58af14087dfe2f77906c06e,34.0,16.0
25aa01e1dcbaea32c062e01b0f782c938c34163fc58af14087dfe2f77906c06e,window_63,20.0,30.0,masked_prediction_embedding_neighbor,0.9998850658127421,provisional_unverified,e57d3de89d6f2a3165aa05beee7b611f60923e090254337c1b48f744c78db52d,28.0,8.0
25aa01e1dcbaea32c062e01b0f782c938c34163fc58af14087dfe2f77906c06e,window_64,22.0,32.0,masked_prediction_embedding_neighbor,0.9999754762414869,provisional_unverified,6faa006353747cbeb4e6d2e90954728110cb94fabfcd41e319270d4cde22f117,18.0,4.0
25aa01e1dcbaea32c062e01b0f782c938c34163fc58af14087dfe2f77906c06e,window_65,24.0,34.0,masked_prediction_embedding_neighbor,0.9999831693933463,provisional_unverified,f26c5b91a912f9e98e0205e2518d5b3de0314b04b69c3bc6d0148fa8ea3e842b,0.0,24.0
25aa01e1dcbaea32c062e01b0f782c938c34163fc58af14087dfe2f77906c06e,window_66,26.0,36.0,masked_prediction_embedding_neighbor,0.9999570713572535,provisional_unverified,5e9e04831922d971561f6ffb53b2c77744d905cca01dcc2fe043d10b2f63c613,8.0,18.0
25aa01e1dcbaea32c062e01b0f782c938c34163fc58af14087dfe2f77906c06e,window_67,28.0,38.0,masked_prediction_embedding_neighbor,0.9999227071758678,provisional_unverified,07173121b1534f1eadb8b127005d4eff70872388074c2bbe0c93061527d89f40,2.0,26.0
25aa01e1dcbaea32c062e01b0f782c938c34163fc58af14087dfe2f77906c06e,window_68,30.0,40.0,masked_prediction_embedding_neighbor,0.9999641861290102,provisional_unverified,200a690cbeb5a4d9f415d6a933e60aa13a0cf5ee5c03c71731d7739c8ecbda5e,36.0,6.0
25aa01e1dcbaea32c062e01b0f782c938c34163fc58af14087dfe2f77906c06e,window_69,32.0,42.0,masked_prediction_embedding_neighbor,0.9997337198416609,provisional_unverified,6faa006353747cbeb4e6d2e90954728110cb94fabfcd41e319270d4cde22f117,64.0,32.0
25aa01e1dcbaea32c062e01b0f782c938c34163fc58af14087dfe2f77906c06e,window_70,34.0,44.0,masked_prediction_embedding_neighbor,0.999876770802787,provisional_unverified,6faa006353747cbeb4e6d2e90954728110cb94fabfcd41e319270d4cde22f117,68.0,34.0
25aa01e1dcbaea32c062e01b0f782c938c34163fc58af14087dfe2f77906c06e,window_71,36.0,46.0,masked_prediction_embedding_neighbor,0.9990834618377871,provisional_unverified,629d7d57091b71c5c0c2c6f42218702e454b4ae60e20636885741c7c22fe1bb4,54.0,18.0
25aa01e1dcbaea32c062e01b0f782c938c34163fc58af14087dfe2f77906c06e,window_72,38.0,48.0,masked_prediction_embedding_neighbor,0.9993859336288545,provisional_unverified,629d7d57091b71c5c0c2c6f42218702e454b4ae60e20636885741c7c22fe1bb4,60.0,22.0
25aa01e1dcbaea32c062e01b0f782c938c34163fc58af14087dfe2f77906c06e,window_73,40.0,50.0,masked_prediction_embedding_neighbor,0.9809366625244822,provisional_unverified,6faa006353747cbeb4e6d2e90954728110cb94fabfcd41e319270d4cde22f117,76.0,36.0
25aa01e1dcbaea32c062e01b0f782c938c34163fc58af14087dfe2f77906c06e,window_74,42.0,52.0,masked_prediction_embedding_neighbor,0.9983655481892805,provisional_unverified,6939b3836a088e9113eb3bffcf362bed963a71bbd9012ecb56dc61e6d500da39,28.0,14.0
25aa01e1dcbaea32c062e01b0f782c938c34163fc58af14087dfe2f77906c06e,window_75,44.0,54.0,masked_prediction_embedding_neighbor,0.9997957772305229,provisional_unverified,629d7d57091b71c5c0c2c6f42218702e454b4ae60e20636885741c7c22fe1bb4,20.0,24.0
25aa01e1dcbaea32c062e01b0f782c938c34163fc58af14087dfe2f77906c06e,window_76,46.0,56.0,masked_prediction_embedding_neighbor,0.9999769167300756,provisional_unverified,629d7d57091b71c5c0c2c6f42218702e454b4ae60e20636885741c7c22fe1bb4,22.0,24.0
25aa01e1dcbaea32c062e01b0f782c938c34163fc58af14087dfe2f77906c06e,window_77,48.0,58.0,masked_prediction_embedding_neighbor,0.9999997991831413,provisional_unverified,25aa01e1dcbaea32c062e01b0f782c938c34163fc58af14087dfe2f77906c06e,2.0,46.0
25aa01e1dcbaea32c062e01b0f782c938c34163fc58af14087dfe2f77906c06e,window_78,50.0,60.0,masked_prediction_embedding_neighbor,0.9999999969779647,provisional_unverified,554af5ad576c1c1d069356649e3bd1e2699a5801f6a0fa703e0c50db726bae3b,0.0,50.0
25aa01e1dcbaea32c062e01b0f782c938c34163fc58af14087dfe2f77906c06e,window_79,52.0,62.0,masked_prediction_embedding_neighbor,0.9999999996425698,provisional_unverified,554af5ad576c1c1d069356649e3bd1e2699a5801f6a0fa703e0c50db726bae3b,0.0,52.0
25aa01e1dcbaea32c062e01b0f782c938c34163fc58af14087dfe2f77906c06e,window_80,54.0,64.0,masked_prediction_embedding_neighbor,0.9999999997413598,provisional_unverified,554af5ad576c1c1d069356649e3bd1e2699a5801f6a0fa703e0c50db726bae3b,0.0,54.0
25aa01e1dcbaea32c062e01b0f782c938c34163fc58af14087dfe2f77906c06e,window_81,56.0,66.0,masked_prediction_embedding_neighbor,0.999999998863596,provisional_unverified,554af5ad576c1c1d069356649e3bd1e2699a5801f6a0fa703e0c50db726bae3b,8.0,48.0
25aa01e1dcbaea32c062e01b0f782c938c34163fc58af14087dfe2f77906c06e,window_82,58.0,68.0,masked_prediction_embedding_neighbor,0.9999905805692952,provisional_unverified,564a12f3d813c10242613a907d2b4981e7296739ba9a560571b3547dab1daa7f,26.0,32.0
25aa01e1dcbaea32c062e01b0f782c938c34163fc58af14087dfe2f77906c06e,window_83,60.0,70.0,masked_prediction_embedding_neighbor,0.9997830899674818,provisional_unverified,564a12f3d813c10242613a907d2b4981e7296739ba9a560571b3547dab1daa7f,42.0,18.0
25aa01e1dcbaea32c062e01b0f782c938c34163fc58af14087dfe2f77906c06e,window_84,62.0,72.0,masked_prediction_embedding_neighbor,0.9995914439168628,provisional_unverified,564a12f3d813c10242613a907d2b4981e7296739ba9a560571b3547dab1daa7f,42.0,20.0
2f775054c4e7bb342cf49e0ee66406e82353c274c103fc7f7d6a93ea329aea86,window_85,0.0,10.0,masked_prediction_embedding_neighbor,0.999975511276049,provisional_unverified,f8a2dfe19bc591bed40778fcb493d9a34a3261518b2f4b416ba15a9402ec6dd7,28.0,28.0
2f775054c4e7bb342cf49e0ee66406e82353c274c103fc7f7d6a93ea329aea86,window_86,2.0,12.0,masked_prediction_embedding_neighbor,0.9999890364328128,provisional_unverified,6faa006353747cbeb4e6d2e90954728110cb94fabfcd41e319270d4cde22f117,20.0,18.0
2f775054c4e7bb342cf49e0ee66406e82353c274c103fc7f7d6a93ea329aea86,window_87,4.0,14.0,masked_prediction_embedding_neighbor,0.9999843963068783,provisional_unverified,667a6e15a4394db30d7cce7a4db319041453bfa306b566a87e84b213d81efb29,66.0,62.0
2f775054c4e7bb342cf49e0ee66406e82353c274c103fc7f7d6a93ea329aea86,window_88,6.0,16.0,masked_prediction_embedding_neighbor,0.9999926803107804,provisional_unverified,1a8433bf1168531d6f7c2deb5c37b27de5ddf1d9f65316416ecbf000289fd40a,4.0,2.0
2f775054c4e7bb342cf49e0ee66406e82353c274c103fc7f7d6a93ea329aea86,window_89,8.0,18.0,masked_prediction_embedding_neighbor,0.9999942824499318,provisional_unverified,1a8433bf1168531d6f7c2deb5c37b27de5ddf1d9f65316416ecbf000289fd40a,6.0,2.0
2f775054c4e7bb342cf49e0ee66406e82353c274c103fc7f7d6a93ea329aea86,window_90,10.0,20.0,masked_prediction_embedding_neighbor,0.9999945356073018,provisional_unverified,1a8433bf1168531d6f7c2deb5c37b27de5ddf1d9f65316416ecbf000289fd40a,6.0,4.0
2f775054c4e7bb342cf49e0ee66406e82353c274c103fc7f7d6a93ea329aea86,window_91,12.0,22.0,masked_prediction_embedding_neighbor,0.999996217927302,provisional_unverified,667a6e15a4394db30d7cce7a4db319041453bfa306b566a87e84b213d81efb29,84.0,72.0
2f775054c4e7bb342cf49e0ee66406e82353c274c103fc7f7d6a93ea329aea86,window_92,14.0,24.0,masked_prediction_embedding_neighbor,0.9999945468944077,provisional_unverified,667a6e15a4394db30d7cce7a4db319041453bfa306b566a87e84b213d81efb29,70.0,56.0
2f775054c4e7bb342cf49e0ee66406e82353c274c103fc7f7d6a93ea329aea86,window_93,16.0,26.0,masked_prediction_embedding_neighbor,0.999996855586607,provisional_unverified,6939b3836a088e9113eb3bffcf362bed963a71bbd9012ecb56dc61e6d500da39,12.0,4.0
382db1f8ede73f956341d7b461790125339762ec9d7cc96480f20aefe04d77e1,window_94,0.0,10.0,masked_prediction_embedding_neighbor,0.999999984777224,provisional_unverified,953f71ef131b4c5ce7211560abcbafbfe0079e72cf2190c2908d3ff00cf5db12,28.0,28.0
382db1f8ede73f956341d7b461790125339762ec9d7cc96480f20aefe04d77e1,window_95,2.0,12.0,masked_prediction_embedding_neighbor,0.9999997959531524,provisional_unverified,953f71ef131b4c5ce7211560abcbafbfe0079e72cf2190c2908d3ff00cf5db12,22.0,20.0
382db1f8ede73f956341d7b461790125339762ec9d7cc96480f20aefe04d77e1,window_96,4.0,14.0,masked_prediction_embedding_neighbor,0.9999996461876589,provisional_unverified,6939b3836a088e9113eb3bffcf362bed963a71bbd9012ecb56dc61e6d500da39,32.0,28.0
382db1f8ede73f956341d7b461790125339762ec9d7cc96480f20aefe04d77e1,window_97,6.0,16.0,masked_prediction_embedding_neighbor,0.9999996094991135,provisional_unverified,953f71ef131b4c5ce7211560abcbafbfe0079e72cf2190c2908d3ff00cf5db12,54.0,48.0
382db1f8ede73f956341d7b461790125339762ec9d7cc96480f20aefe04d77e1,window_98,8.0,18.0,masked_prediction_embedding_neighbor,0.9999999228717543,provisional_unverified,382db1f8ede73f956341d7b461790125339762ec9d7cc96480f20aefe04d77e1,26.0,18.0
382db1f8ede73f956341d7b461790125339762ec9d7cc96480f20aefe04d77e1,window_99,10.0,20.0,masked_prediction_embedding_neighbor,0.9999997678090128,provisional_unverified,953f71ef131b4c5ce7211560abcbafbfe0079e72cf2190c2908d3ff00cf5db12,52.0,42.0
382db1f8ede73f956341d7b461790125339762ec9d7cc96480f20aefe04d77e1,window_100,12.0,22.0,masked_prediction_embedding_neighbor,0.9999999924716808,provisional_unverified,953f71ef131b4c5ce7211560abcbafbfe0079e72cf2190c2908d3ff00cf5db12,26.0,14.0
382db1f8ede73f956341d7b461790125339762ec9d7cc96480f20aefe04d77e1,window_101,14.0,24.0,masked_prediction_embedding_neighbor,0.9999995708925633,provisional_unverified,6939b3836a088e9113eb3bffcf362bed963a71bbd9012ecb56dc61e6d500da39,32.0,18.0
382db1f8ede73f956341d7b461790125339762ec9d7cc96480f20aefe04d77e1,window_102,16.0,26.0,masked_prediction_embedding_neighbor,0.9999999776715593,provisional_unverified,953f71ef131b4c5ce7211560abcbafbfe0079e72cf2190c2908d3ff00cf5db12,16.0,0.0
382db1f8ede73f956341d7b461790125339762ec9d7cc96480f20aefe04d77e1,window_103,18.0,28.0,masked_prediction_embedding_neighbor,0.9999999893161157,provisional_unverified,953f71ef131b4c5ce7211560abcbafbfe0079e72cf2190c2908d3ff00cf5db12,68.0,50.0
382db1f8ede73f956341d7b461790125339762ec9d7cc96480f20aefe04d77e1,window_104,20.0,30.0,masked_prediction_embedding_neighbor,0.9999999676464705,provisional_unverified,382db1f8ede73f956341d7b461790125339762ec9d7cc96480f20aefe04d77e1,44.0,24.0
382db1f8ede73f956341d7b461790125339762ec9d7cc96480f20aefe04d77e1,window_105,22.0,32.0,masked_prediction_embedding_neighbor,0.9999998998553606,provisional_unverified,382db1f8ede73f956341d7b461790125339762ec9d7cc96480f20aefe04d77e1,0.0,22.0
382db1f8ede73f956341d7b461790125339762ec9d7cc96480f20aefe04d77e1,window_106,24.0,34.0,masked_prediction_embedding_neighbor,0.9999999164567794,provisional_unverified,667a6e15a4394db30d7cce7a4db319041453bfa306b566a87e84b213d81efb29,114.0,90.0
382db1f8ede73f956341d7b461790125339762ec9d7cc96480f20aefe04d77e1,window_107,26.0,36.0,masked_prediction_embedding_neighbor,0.9999999556189062,provisional_unverified,953f71ef131b4c5ce7211560abcbafbfe0079e72cf2190c2908d3ff00cf5db12,70.0,44.0
382db1f8ede73f956341d7b461790125339762ec9d7cc96480f20aefe04d77e1,window_108,28.0,38.0,masked_prediction_embedding_neighbor,0.9999999673465718,provisional_unverified,953f71ef131b4c5ce7211560abcbafbfe0079e72cf2190c2908d3ff00cf5db12,76.0,48.0
382db1f8ede73f956341d7b461790125339762ec9d7cc96480f20aefe04d77e1,window_109,30.0,40.0,masked_prediction_embedding_neighbor,0.9999999379495799,provisional_unverified,953f71ef131b4c5ce7211560abcbafbfe0079e72cf2190c2908d3ff00cf5db12,8.0,22.0
382db1f8ede73f956341d7b461790125339762ec9d7cc96480f20aefe04d77e1,window_110,32.0,42.0,masked_prediction_embedding_neighbor,0.9999999052662134,provisional_unverified,953f71ef131b4c5ce7211560abcbafbfe0079e72cf2190c2908d3ff00cf5db12,46.0,14.0
382db1f8ede73f956341d7b461790125339762ec9d7cc96480f20aefe04d77e1,window_111,34.0,44.0,masked_prediction_embedding_neighbor,0.9999999784611627,provisional_unverified,953f71ef131b4c5ce7211560abcbafbfe0079e72cf2190c2908d3ff00cf5db12,42.0,8.0
382db1f8ede73f956341d7b461790125339762ec9d7cc96480f20aefe04d77e1,window_112,36.0,46.0,masked_prediction_embedding_neighbor,0.9999999791921941,provisional_unverified,953f71ef131b4c5ce7211560abcbafbfe0079e72cf2190c2908d3ff00cf5db12,66.0,30.0
382db1f8ede73f956341d7b461790125339762ec9d7cc96480f20aefe04d77e1,window_113,38.0,48.0,masked_prediction_embedding_neighbor,0.9999999854607576,provisional_unverified,953f71ef131b4c5ce7211560abcbafbfe0079e72cf2190c2908d3ff00cf5db12,16.0,22.0
382db1f8ede73f956341d7b461790125339762ec9d7cc96480f20aefe04d77e1,window_114,40.0,50.0,masked_prediction_embedding_neighbor,0.9999999977749497,provisional_unverified,953f71ef131b4c5ce7211560abcbafbfe0079e72cf2190c2908d3ff00cf5db12,70.0,30.0
382db1f8ede73f956341d7b461790125339762ec9d7cc96480f20aefe04d77e1,window_115,42.0,52.0,masked_prediction_embedding_neighbor,0.9999998649483571,provisional_unverified,382db1f8ede73f956341d7b461790125339762ec9d7cc96480f20aefe04d77e1,22.0,20.0
382db1f8ede73f956341d7b461790125339762ec9d7cc96480f20aefe04d77e1,window_116,44.0,54.0,masked_prediction_embedding_neighbor,0.9999999676464705,provisional_unverified,382db1f8ede73f956341d7b461790125339762ec9d7cc96480f20aefe04d77e1,20.0,24.0
382db1f8ede73f956341d7b461790125339762ec9d7cc96480f20aefe04d77e1,window_117,46.0,56.0,masked_prediction_embedding_neighbor,0.9999998594171672,provisional_unverified,953f71ef131b4c5ce7211560abcbafbfe0079e72cf2190c2908d3ff00cf5db12,2.0,44.0
4c8d0190b666e26315ce16c862ca2e968d576e14537487162bbd73b9a47d0c07,window_118,0.0,10.0,masked_prediction_embedding_neighbor,0.9999890719749192,provisional_unverified,f8a2dfe19bc591bed40778fcb493d9a34a3261518b2f4b416ba15a9402ec6dd7,20.0,20.0
4c8d0190b666e26315ce16c862ca2e968d576e14537487162bbd73b9a47d0c07,window_119,2.0,12.0,masked_prediction_embedding_neighbor,0.9999872066693747,provisional_unverified,f8a2dfe19bc591bed40778fcb493d9a34a3261518b2f4b416ba15a9402ec6dd7,22.0,20.0
4c8d0190b666e26315ce16c862ca2e968d576e14537487162bbd73b9a47d0c07,window_120,4.0,14.0,masked_prediction_embedding_neighbor,0.9999975848328403,provisional_unverified,f8a2dfe19bc591bed40778fcb493d9a34a3261518b2f4b416ba15a9402ec6dd7,22.0,18.0
4c8d0190b666e26315ce16c862ca2e968d576e14537487162bbd73b9a47d0c07,window_121,6.0,16.0,masked_prediction_embedding_neighbor,0.9999962712455102,provisional_unverified,6939b3836a088e9113eb3bffcf362bed963a71bbd9012ecb56dc61e6d500da39,10.0,4.0
4c8d0190b666e26315ce16c862ca2e968d576e14537487162bbd73b9a47d0c07,window_122,8.0,18.0,masked_prediction_embedding_neighbor,0.999993220772697,provisional_unverified,667a6e15a4394db30d7cce7a4db319041453bfa306b566a87e84b213d81efb29,80.0,72.0
4c8d0190b666e26315ce16c862ca2e968d576e14537487162bbd73b9a47d0c07,window_123,10.0,20.0,masked_prediction_embedding_neighbor,0.9999963564568708,provisional_unverified,e57d3de89d6f2a3165aa05beee7b611f60923e090254337c1b48f744c78db52d,20.0,10.0
4c8d0190b666e26315ce16c862ca2e968d576e14537487162bbd73b9a47d0c07,window_124,12.0,22.0,masked_prediction_embedding_neighbor,0.9999535991766877,provisional_unverified,25aa01e1dcbaea32c062e01b0f782c938c34163fc58af14087dfe2f77906c06e,22.0,10.0
554af5ad576c1c1d069356649e3bd1e2699a5801f6a0fa703e0c50db726bae3b,window_125,0.0,10.0,masked_prediction_embedding_neighbor,0.9999999997413598,provisional_unverified,25aa01e1dcbaea32c062e01b0f782c938c34163fc58af14087dfe2f77906c06e,54.0,54.0
554af5ad576c1c1d069356649e3bd1e2699a5801f6a0fa703e0c50db726bae3b,window_126,2.0,12.0,masked_prediction_embedding_neighbor,0.9999999954566128,provisional_unverified,f8a2dfe19bc591bed40778fcb493d9a34a3261518b2f4b416ba15a9402ec6dd7,2.0,0.0
554af5ad576c1c1d069356649e3bd1e2699a5801f6a0fa703e0c50db726bae3b,window_127,4.0,14.0,masked_prediction_embedding_neighbor,0.999999999453109,provisional_unverified,f8a2dfe19bc591bed40778fcb493d9a34a3261518b2f4b416ba15a9402ec6dd7,2.0,2.0
554af5ad576c1c1d069356649e3bd1e2699a5801f6a0fa703e0c50db726bae3b,window_128,6.0,16.0,masked_prediction_embedding_neighbor,0.9999999999972826,provisional_unverified,f8a2dfe19bc591bed40778fcb493d9a34a3261518b2f4b416ba15a9402ec6dd7,2.0,4.0
554af5ad576c1c1d069356649e3bd1e2699a5801f6a0fa703e0c50db726bae3b,window_129,8.0,18.0,masked_prediction_embedding_neighbor,0.9999999996900083,provisional_unverified,f8a2dfe19bc591bed40778fcb493d9a34a3261518b2f4b416ba15a9402ec6dd7,4.0,4.0
564a12f3d813c10242613a907d2b4981e7296739ba9a560571b3547dab1daa7f,window_130,0.0,10.0,masked_prediction_embedding_neighbor,0.9999999729411568,provisional_unverified,564a12f3d813c10242613a907d2b4981e7296739ba9a560571b3547dab1daa7f,30.0,30.0
564a12f3d813c10242613a907d2b4981e7296739ba9a560571b3547dab1daa7f,window_131,2.0,12.0,masked_prediction_embedding_neighbor,0.9999999789844063,provisional_unverified,564a12f3d813c10242613a907d2b4981e7296739ba9a560571b3547dab1daa7f,38.0,36.0
564a12f3d813c10242613a907d2b4981e7296739ba9a560571b3547dab1daa7f,window_132,4.0,14.0,masked_prediction_embedding_neighbor,0.9999999848556821,provisional_unverified,564a12f3d813c10242613a907d2b4981e7296739ba9a560571b3547dab1daa7f,40.0,36.0
564a12f3d813c10242613a907d2b4981e7296739ba9a560571b3547dab1daa7f,window_133,6.0,16.0,masked_prediction_embedding_neighbor,0.9999999740299814,provisional_unverified,564a12f3d813c10242613a907d2b4981e7296739ba9a560571b3547dab1daa7f,46.0,40.0
564a12f3d813c10242613a907d2b4981e7296739ba9a560571b3547dab1daa7f,window_134,8.0,18.0,masked_prediction_embedding_neighbor,0.9999999929042195,provisional_unverified,564a12f3d813c10242613a907d2b4981e7296739ba9a560571b3547dab1daa7f,40.0,32.0
564a12f3d813c10242613a907d2b4981e7296739ba9a560571b3547dab1daa7f,window_135,10.0,20.0,masked_prediction_embedding_neighbor,0.999999883917891,provisional_unverified,564a12f3d813c10242613a907d2b4981e7296739ba9a560571b3547dab1daa7f,46.0,36.0
564a12f3d813c10242613a907d2b4981e7296739ba9a560571b3547dab1daa7f,window_136,12.0,22.0,masked_prediction_embedding_neighbor,0.9999997907448613,provisional_unverified,564a12f3d813c10242613a907d2b4981e7296739ba9a560571b3547dab1daa7f,46.0,34.0
564a12f3d813c10242613a907d2b4981e7296739ba9a560571b3547dab1daa7f,window_137,14.0,24.0,masked_prediction_embedding_neighbor,0.9999999275340719,provisional_unverified,564a12f3d813c10242613a907d2b4981e7296739ba9a560571b3547dab1daa7f,46.0,32.0
564a12f3d813c10242613a907d2b4981e7296739ba9a560571b3547dab1daa7f,window_138,16.0,26.0,masked_prediction_embedding_neighbor,0.9999999729984193,provisional_unverified,564a12f3d813c10242613a907d2b4981e7296739ba9a560571b3547dab1daa7f,40.0,24.0
564a12f3d813c10242613a907d2b4981e7296739ba9a560571b3547dab1daa7f,window_139,18.0,28.0,masked_prediction_embedding_neighbor,0.9999999213129969,provisional_unverified,564a12f3d813c10242613a907d2b4981e7296739ba9a560571b3547dab1daa7f,34.0,16.0
564a12f3d813c10242613a907d2b4981e7296739ba9a560571b3547dab1daa7f,window_140,20.0,30.0,masked_prediction_embedding_neighbor,0.999999773409272,provisional_unverified,564a12f3d813c10242613a907d2b4981e7296739ba9a560571b3547dab1daa7f,0.0,20.0
564a12f3d813c10242613a907d2b4981e7296739ba9a560571b3547dab1daa7f,window_141,22.0,32.0,masked_prediction_embedding_neighbor,0.9999971522740362,provisional_unverified,564a12f3d813c10242613a907d2b4981e7296739ba9a560571b3547dab1daa7f,0.0,22.0
564a12f3d813c10242613a907d2b4981e7296739ba9a560571b3547dab1daa7f,window_142,24.0,34.0,masked_prediction_embedding_neighbor,0.9999984450896314,provisional_unverified,564a12f3d813c10242613a907d2b4981e7296739ba9a560571b3547dab1daa7f,0.0,24.0
564a12f3d813c10242613a907d2b4981e7296739ba9a560571b3547dab1daa7f,window_143,26.0,36.0,masked_prediction_embedding_neighbor,0.9999933022991155,provisional_unverified,564a12f3d813c10242613a907d2b4981e7296739ba9a560571b3547dab1daa7f,0.0,26.0
564a12f3d813c10242613a907d2b4981e7296739ba9a560571b3547dab1daa7f,window_144,28.0,38.0,masked_prediction_embedding_neighbor,0.9999967550977257,provisional_unverified,564a12f3d813c10242613a907d2b4981e7296739ba9a560571b3547dab1daa7f,0.0,28.0
564a12f3d813c10242613a907d2b4981e7296739ba9a560571b3547dab1daa7f,window_145,30.0,40.0,masked_prediction_embedding_neighbor,0.9999999729411568,provisional_unverified,564a12f3d813c10242613a907d2b4981e7296739ba9a560571b3547dab1daa7f,0.0,30.0
564a12f3d813c10242613a907d2b4981e7296739ba9a560571b3547dab1daa7f,window_146,32.0,42.0,masked_prediction_embedding_neighbor,0.9999998326452478,provisional_unverified,564a12f3d813c10242613a907d2b4981e7296739ba9a560571b3547dab1daa7f,0.0,32.0
564a12f3d813c10242613a907d2b4981e7296739ba9a560571b3547dab1daa7f,window_147,34.0,44.0,masked_prediction_embedding_neighbor,0.9999999213129969,provisional_unverified,564a12f3d813c10242613a907d2b4981e7296739ba9a560571b3547dab1daa7f,18.0,16.0
564a12f3d813c10242613a907d2b4981e7296739ba9a560571b3547dab1daa7f,window_148,36.0,46.0,masked_prediction_embedding_neighbor,0.9999997605924058,provisional_unverified,564a12f3d813c10242613a907d2b4981e7296739ba9a560571b3547dab1daa7f,12.0,24.0
564a12f3d813c10242613a907d2b4981e7296739ba9a560571b3547dab1daa7f,window_149,38.0,48.0,masked_prediction_embedding_neighbor,0.9999999789844063,provisional_unverified,564a12f3d813c10242613a907d2b4981e7296739ba9a560571b3547dab1daa7f,2.0,36.0
564a12f3d813c10242613a907d2b4981e7296739ba9a560571b3547dab1daa7f,window_150,40.0,50.0,masked_prediction_embedding_neighbor,0.9999999929042195,provisional_unverified,564a12f3d813c10242613a907d2b4981e7296739ba9a560571b3547dab1daa7f,8.0,32.0
564a12f3d813c10242613a907d2b4981e7296739ba9a560571b3547dab1daa7f,window_151,42.0,52.0,masked_prediction_embedding_neighbor,0.999993972616696,provisional_unverified,564a12f3d813c10242613a907d2b4981e7296739ba9a560571b3547dab1daa7f,16.0,26.0
564a12f3d813c10242613a907d2b4981e7296739ba9a560571b3547dab1daa7f,window_152,44.0,54.0,masked_prediction_embedding_neighbor,0.9999978241410064,provisional_unverified,564a12f3d813c10242613a907d2b4981e7296739ba9a560571b3547dab1daa7f,16.0,28.0
564a12f3d813c10242613a907d2b4981e7296739ba9a560571b3547dab1daa7f,window_153,46.0,56.0,masked_prediction_embedding_neighbor,0.9999999740299814,provisional_unverified,564a12f3d813c10242613a907d2b4981e7296739ba9a560571b3547dab1daa7f,6.0,40.0
5e9e04831922d971561f6ffb53b2c77744d905cca01dcc2fe043d10b2f63c613,window_154,0.0,10.0,masked_prediction_embedding_neighbor,0.9999819128431037,provisional_unverified,67460352e955edbaf8a0e73406f2aa4726aa14abea0a93abbe0484dccf14d5c3,6.0,6.0
5e9e04831922d971561f6ffb53b2c77744d905cca01dcc2fe043d10b2f63c613,window_155,2.0,12.0,masked_prediction_embedding_neighbor,0.999991779942213,provisional_unverified,e57d3de89d6f2a3165aa05beee7b611f60923e090254337c1b48f744c78db52d,24.0,22.0
5e9e04831922d971561f6ffb53b2c77744d905cca01dcc2fe043d10b2f63c613,window_156,4.0,14.0,masked_prediction_embedding_neighbor,0.999995585666508,provisional_unverified,07173121b1534f1eadb8b127005d4eff70872388074c2bbe0c93061527d89f40,0.0,4.0
5e9e04831922d971561f6ffb53b2c77744d905cca01dcc2fe043d10b2f63c613,window_157,6.0,16.0,masked_prediction_embedding_neighbor,0.9999270545950386,provisional_unverified,07173121b1534f1eadb8b127005d4eff70872388074c2bbe0c93061527d89f40,2.0,4.0
5e9e04831922d971561f6ffb53b2c77744d905cca01dcc2fe043d10b2f63c613,window_158,8.0,18.0,masked_prediction_embedding_neighbor,0.9999851880083919,provisional_unverified,07173121b1534f1eadb8b127005d4eff70872388074c2bbe0c93061527d89f40,4.0,4.0
5e9e04831922d971561f6ffb53b2c77744d905cca01dcc2fe043d10b2f63c613,window_159,10.0,20.0,masked_prediction_embedding_neighbor,0.9999990277045528,provisional_unverified,07173121b1534f1eadb8b127005d4eff70872388074c2bbe0c93061527d89f40,4.0,6.0
5e9e04831922d971561f6ffb53b2c77744d905cca01dcc2fe043d10b2f63c613,window_160,12.0,22.0,masked_prediction_embedding_neighbor,0.999992092811568,provisional_unverified,07173121b1534f1eadb8b127005d4eff70872388074c2bbe0c93061527d89f40,10.0,2.0
5e9e04831922d971561f6ffb53b2c77744d905cca01dcc2fe043d10b2f63c613,window_161,14.0,24.0,masked_prediction_embedding_neighbor,0.9999674815859517,provisional_unverified,f26c5b91a912f9e98e0205e2518d5b3de0314b04b69c3bc6d0148fa8ea3e842b,8.0,6.0
5e9e04831922d971561f6ffb53b2c77744d905cca01dcc2fe043d10b2f63c613,window_162,16.0,26.0,masked_prediction_embedding_neighbor,0.9999856380129386,provisional_unverified,f26c5b91a912f9e98e0205e2518d5b3de0314b04b69c3bc6d0148fa8ea3e842b,4.0,12.0
5e9e04831922d971561f6ffb53b2c77744d905cca01dcc2fe043d10b2f63c613,window_163,18.0,28.0,masked_prediction_embedding_neighbor,0.9999956509741957,provisional_unverified,f26c5b91a912f9e98e0205e2518d5b3de0314b04b69c3bc6d0148fa8ea3e842b,12.0,6.0
5e9e04831922d971561f6ffb53b2c77744d905cca01dcc2fe043d10b2f63c613,window_164,20.0,30.0,masked_prediction_embedding_neighbor,0.999985010049388,provisional_unverified,6faa006353747cbeb4e6d2e90954728110cb94fabfcd41e319270d4cde22f117,60.0,40.0
5e9e04831922d971561f6ffb53b2c77744d905cca01dcc2fe043d10b2f63c613,window_165,22.0,32.0,masked_prediction_embedding_neighbor,0.9999384091005222,provisional_unverified,200a690cbeb5a4d9f415d6a933e60aa13a0cf5ee5c03c71731d7739c8ecbda5e,46.0,24.0
5e9e04831922d971561f6ffb53b2c77744d905cca01dcc2fe043d10b2f63c613,window_166,24.0,34.0,masked_prediction_embedding_neighbor,0.9999759163064416,provisional_unverified,200a690cbeb5a4d9f415d6a933e60aa13a0cf5ee5c03c71731d7739c8ecbda5e,46.0,22.0
5e9e04831922d971561f6ffb53b2c77744d905cca01dcc2fe043d10b2f63c613,window_167,26.0,36.0,masked_prediction_embedding_neighbor,0.999918807614103,provisional_unverified,6faa006353747cbeb4e6d2e90954728110cb94fabfcd41e319270d4cde22f117,18.0,8.0
5e9e04831922d971561f6ffb53b2c77744d905cca01dcc2fe043d10b2f63c613,window_168,28.0,38.0,masked_prediction_embedding_neighbor,0.9999150905955919,provisional_unverified,6faa006353747cbeb4e6d2e90954728110cb94fabfcd41e319270d4cde22f117,16.0,12.0
5e9e04831922d971561f6ffb53b2c77744d905cca01dcc2fe043d10b2f63c613,window_169,30.0,40.0,masked_prediction_embedding_neighbor,0.9998252993491988,provisional_unverified,667a6e15a4394db30d7cce7a4db319041453bfa306b566a87e84b213d81efb29,10.0,20.0
629d7d57091b71c5c0c2c6f42218702e454b4ae60e20636885741c7c22fe1bb4,window_170,0.0,10.0,masked_prediction_embedding_neighbor,0.9995415502697497,provisional_unverified,25aa01e1dcbaea32c062e01b0f782c938c34163fc58af14087dfe2f77906c06e,20.0,20.0
629d7d57091b71c5c0c2c6f42218702e454b4ae60e20636885741c7c22fe1bb4,window_171,2.0,12.0,masked_prediction_embedding_neighbor,0.9998330531452556,provisional_unverified,5e9e04831922d971561f6ffb53b2c77744d905cca01dcc2fe043d10b2f63c613,24.0,22.0
629d7d57091b71c5c0c2c6f42218702e454b4ae60e20636885741c7c22fe1bb4,window_172,4.0,14.0,masked_prediction_embedding_neighbor,0.9998742135557612,provisional_unverified,6faa006353747cbeb4e6d2e90954728110cb94fabfcd41e319270d4cde22f117,12.0,8.0
629d7d57091b71c5c0c2c6f42218702e454b4ae60e20636885741c7c22fe1bb4,window_173,6.0,16.0,masked_prediction_embedding_neighbor,0.9999177782057089,provisional_unverified,6faa006353747cbeb4e6d2e90954728110cb94fabfcd41e319270d4cde22f117,56.0,50.0
629d7d57091b71c5c0c2c6f42218702e454b4ae60e20636885741c7c22fe1bb4,window_174,8.0,18.0,masked_prediction_embedding_neighbor,0.9999842067011168,provisional_unverified,200a690cbeb5a4d9f415d6a933e60aa13a0cf5ee5c03c71731d7739c8ecbda5e,38.0,30.0
629d7d57091b71c5c0c2c6f42218702e454b4ae60e20636885741c7c22fe1bb4,window_175,10.0,20.0,masked_prediction_embedding_neighbor,0.9998411240482351,provisional_unverified,6faa006353747cbeb4e6d2e90954728110cb94fabfcd41e319270d4cde22f117,28.0,18.0
629d7d57091b71c5c0c2c6f42218702e454b4ae60e20636885741c7c22fe1bb4,window_176,12.0,22.0,masked_prediction_embedding_neighbor,0.9995091914825903,provisional_unverified,6faa006353747cbeb4e6d2e90954728110cb94fabfcd41e319270d4cde22f117,68.0,56.0
629d7d57091b71c5c0c2c6f42218702e454b4ae60e20636885741c7c22fe1bb4,window_177,14.0,24.0,masked_prediction_embedding_neighbor,0.9975380145198746,provisional_unverified,629d7d57091b71c5c0c2c6f42218702e454b4ae60e20636885741c7c22fe1bb4,58.0,44.0
629d7d57091b71c5c0c2c6f42218702e454b4ae60e20636885741c7c22fe1bb4,window_178,16.0,26.0,masked_prediction_embedding_neighbor,0.989814569186852,provisional_unverified,e57d3de89d6f2a3165aa05beee7b611f60923e090254337c1b48f744c78db52d,32.0,16.0
629d7d57091b71c5c0c2c6f42218702e454b4ae60e20636885741c7c22fe1bb4,window_179,18.0,28.0,masked_prediction_embedding_neighbor,0.9965756373533797,provisional_unverified,6faa006353747cbeb4e6d2e90954728110cb94fabfcd41e319270d4cde22f117,38.0,20.0
629d7d57091b71c5c0c2c6f42218702e454b4ae60e20636885741c7c22fe1bb4,window_180,20.0,30.0,masked_prediction_embedding_neighbor,0.9997985674543982,provisional_unverified,200a690cbeb5a4d9f415d6a933e60aa13a0cf5ee5c03c71731d7739c8ecbda5e,14.0,6.0
629d7d57091b71c5c0c2c6f42218702e454b4ae60e20636885741c7c22fe1bb4,window_181,22.0,32.0,masked_prediction_embedding_neighbor,0.9999863812465234,provisional_unverified,953f71ef131b4c5ce7211560abcbafbfe0079e72cf2190c2908d3ff00cf5db12,56.0,34.0
629d7d57091b71c5c0c2c6f42218702e454b4ae60e20636885741c7c22fe1bb4,window_182,24.0,34.0,masked_prediction_embedding_neighbor,0.9999999993502784,provisional_unverified,6939b3836a088e9113eb3bffcf362bed963a71bbd9012ecb56dc61e6d500da39,36.0,12.0
629d7d57091b71c5c0c2c6f42218702e454b4ae60e20636885741c7c22fe1bb4,window_183,26.0,36.0,masked_prediction_embedding_neighbor,0.9999999939945392,provisional_unverified,200a690cbeb5a4d9f415d6a933e60aa13a0cf5ee5c03c71731d7739c8ecbda5e,0.0,26.0
629d7d57091b71c5c0c2c6f42218702e454b4ae60e20636885741c7c22fe1bb4,window_184,28.0,38.0,masked_prediction_embedding_neighbor,0.9999999939175591,provisional_unverified,200a690cbeb5a4d9f415d6a933e60aa13a0cf5ee5c03c71731d7739c8ecbda5e,0.0,28.0
629d7d57091b71c5c0c2c6f42218702e454b4ae60e20636885741c7c22fe1bb4,window_185,30.0,40.0,masked_prediction_embedding_neighbor,0.9978889794598537,provisional_unverified,6faa006353747cbeb4e6d2e90954728110cb94fabfcd41e319270d4cde22f117,42.0,12.0
629d7d57091b71c5c0c2c6f42218702e454b4ae60e20636885741c7c22fe1bb4,window_186,32.0,42.0,masked_prediction_embedding_neighbor,0.9994193175997537,provisional_unverified,667a6e15a4394db30d7cce7a4db319041453bfa306b566a87e84b213d81efb29,94.0,62.0
629d7d57091b71c5c0c2c6f42218702e454b4ae60e20636885741c7c22fe1bb4,window_187,34.0,44.0,masked_prediction_embedding_neighbor,0.9995552258185426,provisional_unverified,667a6e15a4394db30d7cce7a4db319041453bfa306b566a87e84b213d81efb29,92.0,58.0
629d7d57091b71c5c0c2c6f42218702e454b4ae60e20636885741c7c22fe1bb4,window_188,36.0,46.0,masked_prediction_embedding_neighbor,0.9995375591242237,provisional_unverified,667a6e15a4394db30d7cce7a4db319041453bfa306b566a87e84b213d81efb29,92.0,56.0
629d7d57091b71c5c0c2c6f42218702e454b4ae60e20636885741c7c22fe1bb4,window_189,38.0,48.0,masked_prediction_embedding_neighbor,0.9999402983665554,provisional_unverified,67460352e955edbaf8a0e73406f2aa4726aa14abea0a93abbe0484dccf14d5c3,20.0,18.0
629d7d57091b71c5c0c2c6f42218702e454b4ae60e20636885741c7c22fe1bb4,window_190,40.0,50.0,masked_prediction_embedding_neighbor,0.9999272628596932,provisional_unverified,67460352e955edbaf8a0e73406f2aa4726aa14abea0a93abbe0484dccf14d5c3,20.0,20.0
629d7d57091b71c5c0c2c6f42218702e454b4ae60e20636885741c7c22fe1bb4,window_191,42.0,52.0,masked_prediction_embedding_neighbor,0.9996420706309128,provisional_unverified,667a6e15a4394db30d7cce7a4db319041453bfa306b566a87e84b213d81efb29,30.0,12.0
629d7d57091b71c5c0c2c6f42218702e454b4ae60e20636885741c7c22fe1bb4,window_192,44.0,54.0,masked_prediction_embedding_neighbor,0.9999098442265264,provisional_unverified,67460352e955edbaf8a0e73406f2aa4726aa14abea0a93abbe0484dccf14d5c3,20.0,24.0
629d7d57091b71c5c0c2c6f42218702e454b4ae60e20636885741c7c22fe1bb4,window_193,46.0,56.0,masked_prediction_embedding_neighbor,0.9997953526136949,provisional_unverified,667a6e15a4394db30d7cce7a4db319041453bfa306b566a87e84b213d81efb29,32.0,14.0
629d7d57091b71c5c0c2c6f42218702e454b4ae60e20636885741c7c22fe1bb4,window_194,48.0,58.0,masked_prediction_embedding_neighbor,0.9997059499274299,provisional_unverified,5e9e04831922d971561f6ffb53b2c77744d905cca01dcc2fe043d10b2f63c613,28.0,20.0
629d7d57091b71c5c0c2c6f42218702e454b4ae60e20636885741c7c22fe1bb4,window_195,50.0,60.0,masked_prediction_embedding_neighbor,0.9996836217236951,provisional_unverified,5e9e04831922d971561f6ffb53b2c77744d905cca01dcc2fe043d10b2f63c613,30.0,20.0
629d7d57091b71c5c0c2c6f42218702e454b4ae60e20636885741c7c22fe1bb4,window_196,52.0,62.0,masked_prediction_embedding_neighbor,0.9994345569941815,provisional_unverified,e57d3de89d6f2a3165aa05beee7b611f60923e090254337c1b48f744c78db52d,30.0,22.0
629d7d57091b71c5c0c2c6f42218702e454b4ae60e20636885741c7c22fe1bb4,window_197,54.0,64.0,masked_prediction_embedding_neighbor,0.9990834618377871,provisional_unverified,25aa01e1dcbaea32c062e01b0f782c938c34163fc58af14087dfe2f77906c06e,36.0,18.0
629d7d57091b71c5c0c2c6f42218702e454b4ae60e20636885741c7c22fe1bb4,window_198,56.0,66.0,masked_prediction_embedding_neighbor,0.9986259703978422,provisional_unverified,25aa01e1dcbaea32c062e01b0f782c938c34163fc58af14087dfe2f77906c06e,36.0,20.0
629d7d57091b71c5c0c2c6f42218702e454b4ae60e20636885741c7c22fe1bb4,window_199,58.0,68.0,masked_prediction_embedding_neighbor,0.9981516456796637,provisional_unverified,6faa006353747cbeb4e6d2e90954728110cb94fabfcd41e319270d4cde22f117,72.0,14.0
629d7d57091b71c5c0c2c6f42218702e454b4ae60e20636885741c7c22fe1bb4,window_200,60.0,70.0,masked_prediction_embedding_neighbor,0.9993859336288545,provisional_unverified,25aa01e1dcbaea32c062e01b0f782c938c34163fc58af14087dfe2f77906c06e,38.0,22.0
629d7d57091b71c5c0c2c6f42218702e454b4ae60e20636885741c7c22fe1bb4,window_201,62.0,72.0,masked_prediction_embedding_neighbor,0.9932047576805157,provisional_unverified,e57d3de89d6f2a3165aa05beee7b611f60923e090254337c1b48f744c78db52d,32.0,30.0
629d7d57091b71c5c0c2c6f42218702e454b4ae60e20636885741c7c22fe1bb4,window_202,64.0,74.0,masked_prediction_embedding_neighbor,0.9932964773384924,provisional_unverified,6faa006353747cbeb4e6d2e90954728110cb94fabfcd41e319270d4cde22f117,78.0,14.0
629d7d57091b71c5c0c2c6f42218702e454b4ae60e20636885741c7c22fe1bb4,window_203,66.0,76.0,masked_prediction_embedding_neighbor,0.9902859173939529,provisional_unverified,25aa01e1dcbaea32c062e01b0f782c938c34163fc58af14087dfe2f77906c06e,42.0,24.0
629d7d57091b71c5c0c2c6f42218702e454b4ae60e20636885741c7c22fe1bb4,window_204,68.0,78.0,masked_prediction_embedding_neighbor,0.9997876177948649,provisional_unverified,667a6e15a4394db30d7cce7a4db319041453bfa306b566a87e84b213d81efb29,102.0,34.0
629d7d57091b71c5c0c2c6f42218702e454b4ae60e20636885741c7c22fe1bb4,window_205,70.0,80.0,masked_prediction_embedding_neighbor,0.99961679336453,provisional_unverified,6faa006353747cbeb4e6d2e90954728110cb94fabfcd41e319270d4cde22f117,40.0,30.0
629d7d57091b71c5c0c2c6f42218702e454b4ae60e20636885741c7c22fe1bb4,window_206,72.0,82.0,masked_prediction_embedding_neighbor,0.9997857236741432,provisional_unverified,667a6e15a4394db30d7cce7a4db319041453bfa306b566a87e84b213d81efb29,104.0,32.0
629d7d57091b71c5c0c2c6f42218702e454b4ae60e20636885741c7c22fe1bb4,window_207,74.0,84.0,masked_prediction_embedding_neighbor,0.9998088740460586,provisional_unverified,e57d3de89d6f2a3165aa05beee7b611f60923e090254337c1b48f744c78db52d,38.0,36.0
667a6e15a4394db30d7cce7a4db319041453bfa306b566a87e84b213d81efb29,window_208,0.0,10.0,masked_prediction_embedding_neighbor,0.9999938580302229,provisional_unverified,07173121b1534f1eadb8b127005d4eff70872388074c2bbe0c93061527d89f40,0.0,0.0
667a6e15a4394db30d7cce7a4db319041453bfa306b566a87e84b213d81efb29,window_209,2.0,12.0,masked_prediction_embedding_neighbor,0.9999868773322252,provisional_unverified,07173121b1534f1eadb8b127005d4eff70872388074c2bbe0c93061527d89f40,0.0,2.0
667a6e15a4394db30d7cce7a4db319041453bfa306b566a87e84b213d81efb29,window_210,4.0,14.0,masked_prediction_embedding_neighbor,0.9999875695633723,provisional_unverified,667a6e15a4394db30d7cce7a4db319041453bfa306b566a87e84b213d81efb29,138.0,134.0
667a6e15a4394db30d7cce7a4db319041453bfa306b566a87e84b213d81efb29,window_211,6.0,16.0,masked_prediction_embedding_neighbor,0.9999689326300597,provisional_unverified,6faa006353747cbeb4e6d2e90954728110cb94fabfcd41e319270d4cde22f117,22.0,16.0
667a6e15a4394db30d7cce7a4db319041453bfa306b566a87e84b213d81efb29,window_212,8.0,18.0,masked_prediction_embedding_neighbor,0.9999671452437007,provisional_unverified,6faa006353747cbeb4e6d2e90954728110cb94fabfcd41e319270d4cde22f117,18.0,10.0
667a6e15a4394db30d7cce7a4db319041453bfa306b566a87e84b213d81efb29,window_213,10.0,20.0,masked_prediction_embedding_neighbor,0.9998252993491988,provisional_unverified,5e9e04831922d971561f6ffb53b2c77744d905cca01dcc2fe043d10b2f63c613,30.0,20.0
667a6e15a4394db30d7cce7a4db319041453bfa306b566a87e84b213d81efb29,window_214,12.0,22.0,masked_prediction_embedding_neighbor,0.9962402560462149,provisional_unverified,667a6e15a4394db30d7cce7a4db319041453bfa306b566a87e84b213d81efb29,100.0,88.0
667a6e15a4394db30d7cce7a4db319041453bfa306b566a87e84b213d81efb29,window_215,14.0,24.0,masked_prediction_embedding_neighbor,0.9860301335395308,provisional_unverified,6939b3836a088e9113eb3bffcf362bed963a71bbd9012ecb56dc61e6d500da39,48.0,34.0
667a6e15a4394db30d7cce7a4db319041453bfa306b566a87e84b213d81efb29,window_216,16.0,26.0,masked_prediction_embedding_neighbor,0.9996411775597468,provisional_unverified,e57d3de89d6f2a3165aa05beee7b611f60923e090254337c1b48f744c78db52d,36.0,20.0
667a6e15a4394db30d7cce7a4db319041453bfa306b566a87e84b213d81efb29,window_217,18.0,28.0,masked_prediction_embedding_neighbor,0.9998605850897022,provisional_unverified,200a690cbeb5a4d9f415d6a933e60aa13a0cf5ee5c03c71731d7739c8ecbda5e,14.0,4.0
667a6e15a4394db30d7cce7a4db319041453bfa306b566a87e84b213d81efb29,window_218,20.0,30.0,masked_prediction_embedding_neighbor,0.9999647965001194,provisional_unverified,629d7d57091b71c5c0c2c6f42218702e454b4ae60e20636885741c7c22fe1bb4,22.0,2.0
667a6e15a4394db30d7cce7a4db319041453bfa306b566a87e84b213d81efb29,window_219,22.0,32.0,masked_prediction_embedding_neighbor,0.9998509098611281,provisional_unverified,667a6e15a4394db30d7cce7a4db319041453bfa306b566a87e84b213d81efb29,106.0,84.0
667a6e15a4394db30d7cce7a4db319041453bfa306b566a87e84b213d81efb29,window_220,24.0,34.0,masked_prediction_embedding_neighbor,0.9996338180068796,provisional_unverified,6939b3836a088e9113eb3bffcf362bed963a71bbd9012ecb56dc61e6d500da39,38.0,14.0
667a6e15a4394db30d7cce7a4db319041453bfa306b566a87e84b213d81efb29,window_221,26.0,36.0,masked_prediction_embedding_neighbor,0.9973767264287943,provisional_unverified,6939b3836a088e9113eb3bffcf362bed963a71bbd9012ecb56dc61e6d500da39,48.0,22.0
667a6e15a4394db30d7cce7a4db319041453bfa306b566a87e84b213d81efb29,window_222,28.0,38.0,masked_prediction_embedding_neighbor,0.9967702373997056,provisional_unverified,667a6e15a4394db30d7cce7a4db319041453bfa306b566a87e84b213d81efb29,122.0,94.0
667a6e15a4394db30d7cce7a4db319041453bfa306b566a87e84b213d81efb29,window_223,30.0,40.0,masked_prediction_embedding_neighbor,0.9998828759366203,provisional_unverified,629d7d57091b71c5c0c2c6f42218702e454b4ae60e20636885741c7c22fe1bb4,38.0,8.0
667a6e15a4394db30d7cce7a4db319041453bfa306b566a87e84b213d81efb29,window_224,32.0,42.0,masked_prediction_embedding_neighbor,0.9997953526136949,provisional_unverified,629d7d57091b71c5c0c2c6f42218702e454b4ae60e20636885741c7c22fe1bb4,46.0,14.0
667a6e15a4394db30d7cce7a4db319041453bfa306b566a87e84b213d81efb29,window_225,34.0,44.0,masked_prediction_embedding_neighbor,0.9999905208830135,provisional_unverified,e57d3de89d6f2a3165aa05beee7b611f60923e090254337c1b48f744c78db52d,2.0,32.0
667a6e15a4394db30d7cce7a4db319041453bfa306b566a87e84b213d81efb29,window_226,36.0,46.0,masked_prediction_embedding_neighbor,0.9999929640001244,provisional_unverified,667a6e15a4394db30d7cce7a4db319041453bfa306b566a87e84b213d81efb29,58.0,22.0
667a6e15a4394db30d7cce7a4db319041453bfa306b566a87e84b213d81efb29,window_227,38.0,48.0,masked_prediction_embedding_neighbor,0.999927345933521,provisional_unverified,6faa006353747cbeb4e6d2e90954728110cb94fabfcd41e319270d4cde22f117,48.0,10.0
667a6e15a4394db30d7cce7a4db319041453bfa306b566a87e84b213d81efb29,window_228,40.0,50.0,masked_prediction_embedding_neighbor,0.999875162690107,provisional_unverified,667a6e15a4394db30d7cce7a4db319041453bfa306b566a87e84b213d81efb29,144.0,104.0
667a6e15a4394db30d7cce7a4db319041453bfa306b566a87e84b213d81efb29,window_229,42.0,52.0,masked_prediction_embedding_neighbor,0.9999520364846298,provisional_unverified,25aa01e1dcbaea32c062e01b0f782c938c34163fc58af14087dfe2f77906c06e,10.0,32.0
667a6e15a4394db30d7cce7a4db319041453bfa306b566a87e84b213d81efb29,window_230,44.0,54.0,masked_prediction_embedding_neighbor,0.999930142346287,provisional_unverified,6faa006353747cbeb4e6d2e90954728110cb94fabfcd41e319270d4cde22f117,46.0,2.0
667a6e15a4394db30d7cce7a4db319041453bfa306b566a87e84b213d81efb29,window_231,46.0,56.0,masked_prediction_embedding_neighbor,0.9998840560254848,provisional_unverified,67460352e955edbaf8a0e73406f2aa4726aa14abea0a93abbe0484dccf14d5c3,4.0,42.0
667a6e15a4394db30d7cce7a4db319041453bfa306b566a87e84b213d81efb29,window_232,48.0,58.0,masked_prediction_embedding_neighbor,0.9999768689441123,provisional_unverified,6faa006353747cbeb4e6d2e90954728110cb94fabfcd41e319270d4cde22f117,50.0,2.0
667a6e15a4394db30d7cce7a4db319041453bfa306b566a87e84b213d81efb29,window_233,50.0,60.0,masked_prediction_embedding_neighbor,0.9999949677802413,provisional_unverified,667a6e15a4394db30d7cce7a4db319041453bfa306b566a87e84b213d81efb29,130.0,80.0
667a6e15a4394db30d7cce7a4db319041453bfa306b566a87e84b213d81efb29,window_234,52.0,62.0,masked_prediction_embedding_neighbor,0.9999965458990815,provisional_unverified,667a6e15a4394db30d7cce7a4db319041453bfa306b566a87e84b213d81efb29,134.0,82.0
667a6e15a4394db30d7cce7a4db319041453bfa306b566a87e84b213d81efb29,window_235,54.0,64.0,masked_prediction_embedding_neighbor,0.9999928317401634,provisional_unverified,667a6e15a4394db30d7cce7a4db319041453bfa306b566a87e84b213d81efb29,140.0,86.0
667a6e15a4394db30d7cce7a4db319041453bfa306b566a87e84b213d81efb29,window_236,56.0,66.0,masked_prediction_embedding_neighbor,0.9999879197437138,provisional_unverified,667a6e15a4394db30d7cce7a4db319041453bfa306b566a87e84b213d81efb29,36.0,20.0
667a6e15a4394db30d7cce7a4db319041453bfa306b566a87e84b213d81efb29,window_237,58.0,68.0,masked_prediction_embedding_neighbor,0.9999929640001244,provisional_unverified,667a6e15a4394db30d7cce7a4db319041453bfa306b566a87e84b213d81efb29,36.0,22.0
667a6e15a4394db30d7cce7a4db319041453bfa306b566a87e84b213d81efb29,window_238,60.0,70.0,masked_prediction_embedding_neighbor,0.9999885936240734,provisional_unverified,667a6e15a4394db30d7cce7a4db319041453bfa306b566a87e84b213d81efb29,36.0,24.0
667a6e15a4394db30d7cce7a4db319041453bfa306b566a87e84b213d81efb29,window_239,62.0,72.0,masked_prediction_embedding_neighbor,0.9999943781211775,provisional_unverified,e57d3de89d6f2a3165aa05beee7b611f60923e090254337c1b48f744c78db52d,18.0,44.0
667a6e15a4394db30d7cce7a4db319041453bfa306b566a87e84b213d81efb29,window_240,64.0,74.0,masked_prediction_embedding_neighbor,0.9999913263785575,provisional_unverified,667a6e15a4394db30d7cce7a4db319041453bfa306b566a87e84b213d81efb29,82.0,18.0
667a6e15a4394db30d7cce7a4db319041453bfa306b566a87e84b213d81efb29,window_241,66.0,76.0,masked_prediction_embedding_neighbor,0.9999942891086624,provisional_unverified,f8a2dfe19bc591bed40778fcb493d9a34a3261518b2f4b416ba15a9402ec6dd7,18.0,48.0
667a6e15a4394db30d7cce7a4db319041453bfa306b566a87e84b213d81efb29,window_242,68.0,78.0,masked_prediction_embedding_neighbor,0.9999970542223907,provisional_unverified,667a6e15a4394db30d7cce7a4db319041453bfa306b566a87e84b213d81efb29,182.0,114.0
667a6e15a4394db30d7cce7a4db319041453bfa306b566a87e84b213d81efb29,window_243,70.0,80.0,masked_prediction_embedding_neighbor,0.9999946251888419,provisional_unverified,1a8433bf1168531d6f7c2deb5c37b27de5ddf1d9f65316416ecbf000289fd40a,4.0,66.0
667a6e15a4394db30d7cce7a4db319041453bfa306b566a87e84b213d81efb29,window_244,72.0,82.0,masked_prediction_embedding_neighbor,0.9999953277860956,provisional_unverified,f8a2dfe19bc591bed40778fcb493d9a34a3261518b2f4b416ba15a9402ec6dd7,18.0,54.0
667a6e15a4394db30d7cce7a4db319041453bfa306b566a87e84b213d81efb29,window_245,74.0,84.0,masked_prediction_embedding_neighbor,0.9999993532958967,provisional_unverified,1a8433bf1168531d6f7c2deb5c37b27de5ddf1d9f65316416ecbf000289fd40a,0.0,74.0
667a6e15a4394db30d7cce7a4db319041453bfa306b566a87e84b213d81efb29,window_246,76.0,86.0,masked_prediction_embedding_neighbor,0.9999969970432544,provisional_unverified,1a8433bf1168531d6f7c2deb5c37b27de5ddf1d9f65316416ecbf000289fd40a,0.0,76.0
667a6e15a4394db30d7cce7a4db319041453bfa306b566a87e84b213d81efb29,window_247,78.0,88.0,masked_prediction_embedding_neighbor,0.9999915789102848,provisional_unverified,1a8433bf1168531d6f7c2deb5c37b27de5ddf1d9f65316416ecbf000289fd40a,2.0,76.0
667a6e15a4394db30d7cce7a4db319041453bfa306b566a87e84b213d81efb29,window_248,80.0,90.0,masked_prediction_embedding_neighbor,0.9999968745401082,provisional_unverified,1a8433bf1168531d6f7c2deb5c37b27de5ddf1d9f65316416ecbf000289fd40a,0.0,80.0
667a6e15a4394db30d7cce7a4db319041453bfa306b566a87e84b213d81efb29,window_249,82.0,92.0,masked_prediction_embedding_neighbor,0.9999967159899276,provisional_unverified,1a8433bf1168531d6f7c2deb5c37b27de5ddf1d9f65316416ecbf000289fd40a,2.0,80.0
667a6e15a4394db30d7cce7a4db319041453bfa306b566a87e84b213d81efb29,window_250,84.0,94.0,masked_prediction_embedding_neighbor,0.999996217927302,provisional_unverified,2f775054c4e7bb342cf49e0ee66406e82353c274c103fc7f7d6a93ea329aea86,12.0,72.0
667a6e15a4394db30d7cce7a4db319041453bfa306b566a87e84b213d81efb29,window_251,86.0,96.0,masked_prediction_embedding_neighbor,0.9999884421585032,provisional_unverified,667a6e15a4394db30d7cce7a4db319041453bfa306b566a87e84b213d81efb29,142.0,56.0
667a6e15a4394db30d7cce7a4db319041453bfa306b566a87e84b213d81efb29,window_252,88.0,98.0,masked_prediction_embedding_neighbor,0.9999612456767533,provisional_unverified,667a6e15a4394db30d7cce7a4db319041453bfa306b566a87e84b213d81efb29,144.0,56.0
667a6e15a4394db30d7cce7a4db319041453bfa306b566a87e84b213d81efb29,window_253,90.0,100.0,masked_prediction_embedding_neighbor,0.9997672699718313,provisional_unverified,667a6e15a4394db30d7cce7a4db319041453bfa306b566a87e84b213d81efb29,216.0,126.0
667a6e15a4394db30d7cce7a4db319041453bfa306b566a87e84b213d81efb29,window_254,92.0,102.0,masked_prediction_embedding_neighbor,0.9998517969679742,provisional_unverified,200a690cbeb5a4d9f415d6a933e60aa13a0cf5ee5c03c71731d7739c8ecbda5e,20.0,72.0
667a6e15a4394db30d7cce7a4db319041453bfa306b566a87e84b213d81efb29,window_255,94.0,104.0,masked_prediction_embedding_neighbor,0.9994193175997537,provisional_unverified,629d7d57091b71c5c0c2c6f42218702e454b4ae60e20636885741c7c22fe1bb4,32.0,62.0
667a6e15a4394db30d7cce7a4db319041453bfa306b566a87e84b213d81efb29,window_256,96.0,106.0,masked_prediction_embedding_neighbor,0.9983131233579474,provisional_unverified,f8a2dfe19bc591bed40778fcb493d9a34a3261518b2f4b416ba15a9402ec6dd7,8.0,88.0
667a6e15a4394db30d7cce7a4db319041453bfa306b566a87e84b213d81efb29,window_257,98.0,108.0,masked_prediction_embedding_neighbor,0.9974054864391975,provisional_unverified,629d7d57091b71c5c0c2c6f42218702e454b4ae60e20636885741c7c22fe1bb4,32.0,66.0
667a6e15a4394db30d7cce7a4db319041453bfa306b566a87e84b213d81efb29,window_258,100.0,110.0,masked_prediction_embedding_neighbor,0.9978348221806128,provisional_unverified,667a6e15a4394db30d7cce7a4db319041453bfa306b566a87e84b213d81efb29,122.0,22.0
667a6e15a4394db30d7cce7a4db319041453bfa306b566a87e84b213d81efb29,window_259,102.0,112.0,masked_prediction_embedding_neighbor,0.9997876177948649,provisional_unverified,629d7d57091b71c5c0c2c6f42218702e454b4ae60e20636885741c7c22fe1bb4,68.0,34.0
667a6e15a4394db30d7cce7a4db319041453bfa306b566a87e84b213d81efb29,window_260,104.0,114.0,masked_prediction_embedding_neighbor,0.9997857236741432,provisional_unverified,629d7d57091b71c5c0c2c6f42218702e454b4ae60e20636885741c7c22fe1bb4,72.0,32.0
667a6e15a4394db30d7cce7a4db319041453bfa306b566a87e84b213d81efb29,window_261,106.0,116.0,masked_prediction_embedding_neighbor,0.9999916955372186,provisional_unverified,6939b3836a088e9113eb3bffcf362bed963a71bbd9012ecb56dc61e6d500da39,30.0,76.0
667a6e15a4394db30d7cce7a4db319041453bfa306b566a87e84b213d81efb29,window_262,108.0,118.0,masked_prediction_embedding_neighbor,0.9999977423969669,provisional_unverified,382db1f8ede73f956341d7b461790125339762ec9d7cc96480f20aefe04d77e1,10.0,98.0
667a6e15a4394db30d7cce7a4db319041453bfa306b566a87e84b213d81efb29,window_263,110.0,120.0,masked_prediction_embedding_neighbor,0.9999999014148077,provisional_unverified,953f71ef131b4c5ce7211560abcbafbfe0079e72cf2190c2908d3ff00cf5db12,46.0,64.0
667a6e15a4394db30d7cce7a4db319041453bfa306b566a87e84b213d81efb29,window_264,112.0,122.0,masked_prediction_embedding_neighbor,0.9999999686510898,provisional_unverified,953f71ef131b4c5ce7211560abcbafbfe0079e72cf2190c2908d3ff00cf5db12,48.0,64.0
667a6e15a4394db30d7cce7a4db319041453bfa306b566a87e84b213d81efb29,window_265,114.0,124.0,masked_prediction_embedding_neighbor,0.9999999369997338,provisional_unverified,382db1f8ede73f956341d7b461790125339762ec9d7cc96480f20aefe04d77e1,20.0,94.0
667a6e15a4394db30d7cce7a4db319041453bfa306b566a87e84b213d81efb29,window_266,116.0,126.0,masked_prediction_embedding_neighbor,0.999999989978966,provisional_unverified,953f71ef131b4c5ce7211560abcbafbfe0079e72cf2190c2908d3ff00cf5db12,78.0,38.0
667a6e15a4394db30d7cce7a4db319041453bfa306b566a87e84b213d81efb29,window_267,118.0,128.0,masked_prediction_embedding_neighbor,0.9997882813708151,provisional_unverified,667a6e15a4394db30d7cce7a4db319041453bfa306b566a87e84b213d81efb29,18.0,100.0
667a6e15a4394db30d7cce7a4db319041453bfa306b566a87e84b213d81efb29,window_268,120.0,130.0,masked_prediction_embedding_neighbor,0.9890606763213549,provisional_unverified,6939b3836a088e9113eb3bffcf362bed963a71bbd9012ecb56dc61e6d500da39,28.0,92.0
667a6e15a4394db30d7cce7a4db319041453bfa306b566a87e84b213d81efb29,window_269,122.0,132.0,masked_prediction_embedding_neighbor,0.9978492903485636,provisional_unverified,667a6e15a4394db30d7cce7a4db319041453bfa306b566a87e84b213d81efb29,96.0,26.0
667a6e15a4394db30d7cce7a4db319041453bfa306b566a87e84b213d81efb29,window_270,124.0,134.0,masked_prediction_embedding_neighbor,0.9995335561574654,provisional_unverified,629d7d57091b71c5c0c2c6f42218702e454b4ae60e20636885741c7c22fe1bb4,36.0,88.0
667a6e15a4394db30d7cce7a4db319041453bfa306b566a87e84b213d81efb29,window_271,126.0,136.0,masked_prediction_embedding_neighbor,0.9998079433075876,provisional_unverified,667a6e15a4394db30d7cce7a4db319041453bfa306b566a87e84b213d81efb29,166.0,40.0
667a6e15a4394db30d7cce7a4db319041453bfa306b566a87e84b213d81efb29,window_272,128.0,138.0,masked_prediction_embedding_neighbor,0.9999787705683391,provisional_unverified,6939b3836a088e9113eb3bffcf362bed963a71bbd9012ecb56dc61e6d500da39,20.0,108.0
667a6e15a4394db30d7cce7a4db319041453bfa306b566a87e84b213d81efb29,window_273,130.0,140.0,masked_prediction_embedding_neighbor,0.9999949677802413,provisional_unverified,667a6e15a4394db30d7cce7a4db319041453bfa306b566a87e84b213d81efb29,50.0,80.0
667a6e15a4394db30d7cce7a4db319041453bfa306b566a87e84b213d81efb29,window_274,132.0,142.0,masked_prediction_embedding_neighbor,0.9999905793374195,provisional_unverified,667a6e15a4394db30d7cce7a4db319041453bfa306b566a87e84b213d81efb29,52.0,80.0
667a6e15a4394db30d7cce7a4db319041453bfa306b566a87e84b213d81efb29,window_275,134.0,144.0,masked_prediction_embedding_neighbor,0.9999965458990815,provisional_unverified,667a6e15a4394db30d7cce7a4db319041453bfa306b566a87e84b213d81efb29,52.0,82.0
667a6e15a4394db30d7cce7a4db319041453bfa306b566a87e84b213d81efb29,window_276,136.0,146.0,masked_prediction_embedding_neighbor,0.9999950072618745,provisional_unverified,e57d3de89d6f2a3165aa05beee7b611f60923e090254337c1b48f744c78db52d,6.0,130.0
667a6e15a4394db30d7cce7a4db319041453bfa306b566a87e84b213d81efb29,window_277,138.0,148.0,masked_prediction_embedding_neighbor,0.9999975786800634,provisional_unverified,1a8433bf1168531d6f7c2deb5c37b27de5ddf1d9f65316416ecbf000289fd40a,4.0,134.0
667a6e15a4394db30d7cce7a4db319041453bfa306b566a87e84b213d81efb29,window_278,140.0,150.0,masked_prediction_embedding_neighbor,0.999995818572847,provisional_unverified,667a6e15a4394db30d7cce7a4db319041453bfa306b566a87e84b213d81efb29,76.0,64.0
667a6e15a4394db30d7cce7a4db319041453bfa306b566a87e84b213d81efb29,window_279,142.0,152.0,masked_prediction_embedding_neighbor,0.9999947054508421,provisional_unverified,67460352e955edbaf8a0e73406f2aa4726aa14abea0a93abbe0484dccf14d5c3,16.0,126.0
667a6e15a4394db30d7cce7a4db319041453bfa306b566a87e84b213d81efb29,window_280,144.0,154.0,masked_prediction_embedding_neighbor,0.9999612456767533,provisional_unverified,667a6e15a4394db30d7cce7a4db319041453bfa306b566a87e84b213d81efb29,88.0,56.0
667a6e15a4394db30d7cce7a4db319041453bfa306b566a87e84b213d81efb29,window_281,146.0,156.0,masked_prediction_embedding_neighbor,0.9997171632594268,provisional_unverified,667a6e15a4394db30d7cce7a4db319041453bfa306b566a87e84b213d81efb29,90.0,56.0
667a6e15a4394db30d7cce7a4db319041453bfa306b566a87e84b213d81efb29,window_282,148.0,158.0,masked_prediction_embedding_neighbor,0.9999349919683778,provisional_unverified,67460352e955edbaf8a0e73406f2aa4726aa14abea0a93abbe0484dccf14d5c3,2.0,146.0
667a6e15a4394db30d7cce7a4db319041453bfa306b566a87e84b213d81efb29,window_283,150.0,160.0,masked_prediction_embedding_neighbor,0.9997668061884531,provisional_unverified,f8a2dfe19bc591bed40778fcb493d9a34a3261518b2f4b416ba15a9402ec6dd7,10.0,140.0
667a6e15a4394db30d7cce7a4db319041453bfa306b566a87e84b213d81efb29,window_284,152.0,162.0,masked_prediction_embedding_neighbor,0.9995861737164694,provisional_unverified,667a6e15a4394db30d7cce7a4db319041453bfa306b566a87e84b213d81efb29,30.0,122.0
667a6e15a4394db30d7cce7a4db319041453bfa306b566a87e84b213d81efb29,window_285,154.0,164.0,masked_prediction_embedding_neighbor,0.9999557603589396,provisional_unverified,f8a2dfe19bc591bed40778fcb493d9a34a3261518b2f4b416ba15a9402ec6dd7,14.0,140.0
667a6e15a4394db30d7cce7a4db319041453bfa306b566a87e84b213d81efb29,window_286,156.0,166.0,masked_prediction_embedding_neighbor,0.9999858097051202,provisional_unverified,667a6e15a4394db30d7cce7a4db319041453bfa306b566a87e84b213d81efb29,34.0,122.0
667a6e15a4394db30d7cce7a4db319041453bfa306b566a87e84b213d81efb29,window_287,158.0,168.0,masked_prediction_embedding_neighbor,0.9999836724589249,provisional_unverified,6939b3836a088e9113eb3bffcf362bed963a71bbd9012ecb56dc61e6d500da39,16.0,142.0
667a6e15a4394db30d7cce7a4db319041453bfa306b566a87e84b213d81efb29,window_288,160.0,170.0,masked_prediction_embedding_neighbor,0.9999826106790649,provisional_unverified,6939b3836a088e9113eb3bffcf362bed963a71bbd9012ecb56dc61e6d500da39,18.0,142.0
667a6e15a4394db30d7cce7a4db319041453bfa306b566a87e84b213d81efb29,window_289,162.0,172.0,masked_prediction_embedding_neighbor,0.9999835474763265,provisional_unverified,6939b3836a088e9113eb3bffcf362bed963a71bbd9012ecb56dc61e6d500da39,20.0,142.0
667a6e15a4394db30d7cce7a4db319041453bfa306b566a87e84b213d81efb29,window_290,164.0,174.0,masked_prediction_embedding_neighbor,0.9999118938548588,provisional_unverified,25aa01e1dcbaea32c062e01b0f782c938c34163fc58af14087dfe2f77906c06e,10.0,154.0
667a6e15a4394db30d7cce7a4db319041453bfa306b566a87e84b213d81efb29,window_291,166.0,176.0,masked_prediction_embedding_neighbor,0.9998926626501423,provisional_unverified,6faa006353747cbeb4e6d2e90954728110cb94fabfcd41e319270d4cde22f117,46.0,120.0
667a6e15a4394db30d7cce7a4db319041453bfa306b566a87e84b213d81efb29,window_292,168.0,178.0,masked_prediction_embedding_neighbor,0.99994915115768,provisional_unverified,6939b3836a088e9113eb3bffcf362bed963a71bbd9012ecb56dc61e6d500da39,24.0,144.0
667a6e15a4394db30d7cce7a4db319041453bfa306b566a87e84b213d81efb29,window_293,170.0,180.0,masked_prediction_embedding_neighbor,0.9999700714717258,provisional_unverified,6939b3836a088e9113eb3bffcf362bed963a71bbd9012ecb56dc61e6d500da39,24.0,146.0
667a6e15a4394db30d7cce7a4db319041453bfa306b566a87e84b213d81efb29,window_294,172.0,182.0,masked_prediction_embedding_neighbor,0.9999549625164781,provisional_unverified,f8a2dfe19bc591bed40778fcb493d9a34a3261518b2f4b416ba15a9402ec6dd7,12.0,160.0
667a6e15a4394db30d7cce7a4db319041453bfa306b566a87e84b213d81efb29,window_295,174.0,184.0,masked_prediction_embedding_neighbor,0.9999453080763184,provisional_unverified,f8a2dfe19bc591bed40778fcb493d9a34a3261518b2f4b416ba15a9402ec6dd7,14.0,160.0
667a6e15a4394db30d7cce7a4db319041453bfa306b566a87e84b213d81efb29,window_296,176.0,186.0,masked_prediction_embedding_neighbor,0.9999911752178378,provisional_unverified,e57d3de89d6f2a3165aa05beee7b611f60923e090254337c1b48f744c78db52d,14.0,162.0
667a6e15a4394db30d7cce7a4db319041453bfa306b566a87e84b213d81efb29,window_297,178.0,188.0,masked_prediction_embedding_neighbor,0.9999915668219368,provisional_unverified,f8a2dfe19bc591bed40778fcb493d9a34a3261518b2f4b416ba15a9402ec6dd7,30.0,148.0
667a6e15a4394db30d7cce7a4db319041453bfa306b566a87e84b213d81efb29,window_298,180.0,190.0,masked_prediction_embedding_neighbor,0.9999907980883301,provisional_unverified,6939b3836a088e9113eb3bffcf362bed963a71bbd9012ecb56dc61e6d500da39,12.0,168.0
667a6e15a4394db30d7cce7a4db319041453bfa306b566a87e84b213d81efb29,window_299,182.0,192.0,masked_prediction_embedding_neighbor,0.9999970542223907,provisional_unverified,667a6e15a4394db30d7cce7a4db319041453bfa306b566a87e84b213d81efb29,68.0,114.0
667a6e15a4394db30d7cce7a4db319041453bfa306b566a87e84b213d81efb29,window_300,184.0,194.0,masked_prediction_embedding_neighbor,0.9999958447895932,provisional_unverified,667a6e15a4394db30d7cce7a4db319041453bfa306b566a87e84b213d81efb29,82.0,102.0
667a6e15a4394db30d7cce7a4db319041453bfa306b566a87e84b213d81efb29,window_301,186.0,196.0,masked_prediction_embedding_neighbor,0.9999940640091897,provisional_unverified,667a6e15a4394db30d7cce7a4db319041453bfa306b566a87e84b213d81efb29,52.0,134.0
667a6e15a4394db30d7cce7a4db319041453bfa306b566a87e84b213d81efb29,window_302,188.0,198.0,masked_prediction_embedding_neighbor,0.9999894101142555,provisional_unverified,667a6e15a4394db30d7cce7a4db319041453bfa306b566a87e84b213d81efb29,132.0,56.0
667a6e15a4394db30d7cce7a4db319041453bfa306b566a87e84b213d81efb29,window_303,190.0,200.0,masked_prediction_embedding_neighbor,0.9999857387526546,provisional_unverified,667a6e15a4394db30d7cce7a4db319041453bfa306b566a87e84b213d81efb29,132.0,58.0
667a6e15a4394db30d7cce7a4db319041453bfa306b566a87e84b213d81efb29,window_304,192.0,202.0,masked_prediction_embedding_neighbor,0.999951145325542,provisional_unverified,67460352e955edbaf8a0e73406f2aa4726aa14abea0a93abbe0484dccf14d5c3,12.0,180.0
667a6e15a4394db30d7cce7a4db319041453bfa306b566a87e84b213d81efb29,window_305,194.0,204.0,masked_prediction_embedding_neighbor,0.9999705155279556,provisional_unverified,67460352e955edbaf8a0e73406f2aa4726aa14abea0a93abbe0484dccf14d5c3,12.0,182.0
667a6e15a4394db30d7cce7a4db319041453bfa306b566a87e84b213d81efb29,window_306,196.0,206.0,masked_prediction_embedding_neighbor,0.999955290768157,provisional_unverified,67460352e955edbaf8a0e73406f2aa4726aa14abea0a93abbe0484dccf14d5c3,12.0,184.0
667a6e15a4394db30d7cce7a4db319041453bfa306b566a87e84b213d81efb29,window_307,198.0,208.0,masked_prediction_embedding_neighbor,0.9999793593767499,provisional_unverified,5e9e04831922d971561f6ffb53b2c77744d905cca01dcc2fe043d10b2f63c613,12.0,186.0
667a6e15a4394db30d7cce7a4db319041453bfa306b566a87e84b213d81efb29,window_308,200.0,210.0,masked_prediction_embedding_neighbor,0.9999938992593508,provisional_unverified,5e9e04831922d971561f6ffb53b2c77744d905cca01dcc2fe043d10b2f63c613,10.0,190.0
667a6e15a4394db30d7cce7a4db319041453bfa306b566a87e84b213d81efb29,window_309,202.0,212.0,masked_prediction_embedding_neighbor,0.999995436695119,provisional_unverified,1a8433bf1168531d6f7c2deb5c37b27de5ddf1d9f65316416ecbf000289fd40a,10.0,192.0
667a6e15a4394db30d7cce7a4db319041453bfa306b566a87e84b213d81efb29,window_310,204.0,214.0,masked_prediction_embedding_neighbor,0.9999940995933851,provisional_unverified,1a8433bf1168531d6f7c2deb5c37b27de5ddf1d9f65316416ecbf000289fd40a,10.0,194.0
667a6e15a4394db30d7cce7a4db319041453bfa306b566a87e84b213d81efb29,window_311,206.0,216.0,masked_prediction_embedding_neighbor,0.9999845010949169,provisional_unverified,07173121b1534f1eadb8b127005d4eff70872388074c2bbe0c93061527d89f40,12.0,194.0
667a6e15a4394db30d7cce7a4db319041453bfa306b566a87e84b213d81efb29,window_312,208.0,218.0,masked_prediction_embedding_neighbor,0.9999461632567531,provisional_unverified,5e9e04831922d971561f6ffb53b2c77744d905cca01dcc2fe043d10b2f63c613,16.0,192.0
667a6e15a4394db30d7cce7a4db319041453bfa306b566a87e84b213d81efb29,window_313,210.0,220.0,masked_prediction_embedding_neighbor,0.9999459355735931,provisional_unverified,5e9e04831922d971561f6ffb53b2c77744d905cca01dcc2fe043d10b2f63c613,16.0,194.0
667a6e15a4394db30d7cce7a4db319041453bfa306b566a87e84b213d81efb29,window_314,212.0,222.0,masked_prediction_embedding_neighbor,0.999986478614815,provisional_unverified,6939b3836a088e9113eb3bffcf362bed963a71bbd9012ecb56dc61e6d500da39,6.0,206.0
667a6e15a4394db30d7cce7a4db319041453bfa306b566a87e84b213d81efb29,window_315,214.0,224.0,masked_prediction_embedding_neighbor,0.9998434469085798,provisional_unverified,667a6e15a4394db30d7cce7a4db319041453bfa306b566a87e84b213d81efb29,88.0,126.0
667a6e15a4394db30d7cce7a4db319041453bfa306b566a87e84b213d81efb29,window_316,216.0,226.0,masked_prediction_embedding_neighbor,0.9997672699718313,provisional_unverified,667a6e15a4394db30d7cce7a4db319041453bfa306b566a87e84b213d81efb29,90.0,126.0
667a6e15a4394db30d7cce7a4db319041453bfa306b566a87e84b213d81efb29,window_317,218.0,228.0,masked_prediction_embedding_neighbor,0.9987823569294959,provisional_unverified,25aa01e1dcbaea32c062e01b0f782c938c34163fc58af14087dfe2f77906c06e,6.0,212.0
67460352e955edbaf8a0e73406f2aa4726aa14abea0a93abbe0484dccf14d5c3,window_318,0.0,10.0,masked_prediction_embedding_neighbor,0.9999352841612847,provisional_unverified,f8a2dfe19bc591bed40778fcb493d9a34a3261518b2f4b416ba15a9402ec6dd7,8.0,8.0
67460352e955edbaf8a0e73406f2aa4726aa14abea0a93abbe0484dccf14d5c3,window_319,2.0,12.0,masked_prediction_embedding_neighbor,0.9999349919683778,provisional_unverified,667a6e15a4394db30d7cce7a4db319041453bfa306b566a87e84b213d81efb29,148.0,146.0
67460352e955edbaf8a0e73406f2aa4726aa14abea0a93abbe0484dccf14d5c3,window_320,4.0,14.0,masked_prediction_embedding_neighbor,0.9999111177596568,provisional_unverified,667a6e15a4394db30d7cce7a4db319041453bfa306b566a87e84b213d81efb29,44.0,40.0
67460352e955edbaf8a0e73406f2aa4726aa14abea0a93abbe0484dccf14d5c3,window_321,6.0,16.0,masked_prediction_embedding_neighbor,0.9999819128431037,provisional_unverified,5e9e04831922d971561f6ffb53b2c77744d905cca01dcc2fe043d10b2f63c613,0.0,6.0
67460352e955edbaf8a0e73406f2aa4726aa14abea0a93abbe0484dccf14d5c3,window_322,8.0,18.0,masked_prediction_embedding_neighbor,0.9999865241348701,provisional_unverified,6faa006353747cbeb4e6d2e90954728110cb94fabfcd41e319270d4cde22f117,52.0,44.0
67460352e955edbaf8a0e73406f2aa4726aa14abea0a93abbe0484dccf14d5c3,window_323,10.0,20.0,masked_prediction_embedding_neighbor,0.9999897101610671,provisional_unverified,5e9e04831922d971561f6ffb53b2c77744d905cca01dcc2fe043d10b2f63c613,4.0,6.0
67460352e955edbaf8a0e73406f2aa4726aa14abea0a93abbe0484dccf14d5c3,window_324,12.0,22.0,masked_prediction_embedding_neighbor,0.9999760924626899,provisional_unverified,07173121b1534f1eadb8b127005d4eff70872388074c2bbe0c93061527d89f40,0.0,12.0
67460352e955edbaf8a0e73406f2aa4726aa14abea0a93abbe0484dccf14d5c3,window_325,14.0,24.0,masked_prediction_embedding_neighbor,0.9999781636334165,provisional_unverified,2f775054c4e7bb342cf49e0ee66406e82353c274c103fc7f7d6a93ea329aea86,4.0,10.0
67460352e955edbaf8a0e73406f2aa4726aa14abea0a93abbe0484dccf14d5c3,window_326,16.0,26.0,masked_prediction_embedding_neighbor,0.9999947054508421,provisional_unverified,667a6e15a4394db30d7cce7a4db319041453bfa306b566a87e84b213d81efb29,142.0,126.0
67460352e955edbaf8a0e73406f2aa4726aa14abea0a93abbe0484dccf14d5c3,window_327,18.0,28.0,masked_prediction_embedding_neighbor,0.999837057181761,provisional_unverified,667a6e15a4394db30d7cce7a4db319041453bfa306b566a87e84b213d81efb29,172.0,154.0
67460352e955edbaf8a0e73406f2aa4726aa14abea0a93abbe0484dccf14d5c3,window_328,20.0,30.0,masked_prediction_embedding_neighbor,0.9999402983665554,provisional_unverified,629d7d57091b71c5c0c2c6f42218702e454b4ae60e20636885741c7c22fe1bb4,38.0,18.0
67460352e955edbaf8a0e73406f2aa4726aa14abea0a93abbe0484dccf14d5c3,window_329,22.0,32.0,masked_prediction_embedding_neighbor,0.9983561278752245,provisional_unverified,1cca7c275163fc193899535ebb0c13f26676e8568d3c8adac48dbcc224812b0c,12.0,10.0
67460352e955edbaf8a0e73406f2aa4726aa14abea0a93abbe0484dccf14d5c3,window_330,24.0,34.0,masked_prediction_embedding_neighbor,0.9988842285012063,provisional_unverified,629d7d57091b71c5c0c2c6f42218702e454b4ae60e20636885741c7c22fe1bb4,42.0,18.0
67460352e955edbaf8a0e73406f2aa4726aa14abea0a93abbe0484dccf14d5c3,window_331,26.0,36.0,masked_prediction_embedding_neighbor,0.9997051058479455,provisional_unverified,629d7d57091b71c5c0c2c6f42218702e454b4ae60e20636885741c7c22fe1bb4,44.0,18.0
67460352e955edbaf8a0e73406f2aa4726aa14abea0a93abbe0484dccf14d5c3,window_332,28.0,38.0,masked_prediction_embedding_neighbor,0.9998608241800298,provisional_unverified,e57d3de89d6f2a3165aa05beee7b611f60923e090254337c1b48f744c78db52d,16.0,12.0
6939b3836a088e9113eb3bffcf362bed963a71bbd9012ecb56dc61e6d500da39,window_333,0.0,10.0,masked_prediction_embedding_neighbor,0.9999902189609675,provisional_unverified,6faa006353747cbeb4e6d2e90954728110cb94fabfcd41e319270d4cde22f117,54.0,54.0
6939b3836a088e9113eb3bffcf362bed963a71bbd9012ecb56dc61e6d500da39,window_334,2.0,12.0,masked_prediction_embedding_neighbor,0.9999980665761441,provisional_unverified,e57d3de89d6f2a3165aa05beee7b611f60923e090254337c1b48f744c78db52d,24.0,22.0
6939b3836a088e9113eb3bffcf362bed963a71bbd9012ecb56dc61e6d500da39,window_335,4.0,14.0,masked_prediction_embedding_neighbor,0.9999956326993,provisional_unverified,e57d3de89d6f2a3165aa05beee7b611f60923e090254337c1b48f744c78db52d,20.0,16.0
6939b3836a088e9113eb3bffcf362bed963a71bbd9012ecb56dc61e6d500da39,window_336,6.0,16.0,masked_prediction_embedding_neighbor,0.999986478614815,provisional_unverified,667a6e15a4394db30d7cce7a4db319041453bfa306b566a87e84b213d81efb29,212.0,206.0
6939b3836a088e9113eb3bffcf362bed963a71bbd9012ecb56dc61e6d500da39,window_337,8.0,18.0,masked_prediction_embedding_neighbor,0.9999880303227884,provisional_unverified,f26c5b91a912f9e98e0205e2518d5b3de0314b04b69c3bc6d0148fa8ea3e842b,0.0,8.0
6939b3836a088e9113eb3bffcf362bed963a71bbd9012ecb56dc61e6d500da39,window_338,10.0,20.0,masked_prediction_embedding_neighbor,0.999997930228697,provisional_unverified,f8a2dfe19bc591bed40778fcb493d9a34a3261518b2f4b416ba15a9402ec6dd7,24.0,14.0
6939b3836a088e9113eb3bffcf362bed963a71bbd9012ecb56dc61e6d500da39,window_339,12.0,22.0,masked_prediction_embedding_neighbor,0.999996855586607,provisional_unverified,2f775054c4e7bb342cf49e0ee66406e82353c274c103fc7f7d6a93ea329aea86,16.0,4.0
6939b3836a088e9113eb3bffcf362bed963a71bbd9012ecb56dc61e6d500da39,window_340,14.0,24.0,masked_prediction_embedding_neighbor,0.9999921622043783,provisional_unverified,e57d3de89d6f2a3165aa05beee7b611f60923e090254337c1b48f744c78db52d,18.0,4.0
6939b3836a088e9113eb3bffcf362bed963a71bbd9012ecb56dc61e6d500da39,window_341,16.0,26.0,masked_prediction_embedding_neighbor,0.9999836724589249,provisional_unverified,667a6e15a4394db30d7cce7a4db319041453bfa306b566a87e84b213d81efb29,158.0,142.0
6939b3836a088e9113eb3bffcf362bed963a71bbd9012ecb56dc61e6d500da39,window_342,18.0,28.0,masked_prediction_embedding_neighbor,0.9999826106790649,provisional_unverified,667a6e15a4394db30d7cce7a4db319041453bfa306b566a87e84b213d81efb29,160.0,142.0
6939b3836a088e9113eb3bffcf362bed963a71bbd9012ecb56dc61e6d500da39,window_343,20.0,30.0,masked_prediction_embedding_neighbor,0.9999835474763265,provisional_unverified,667a6e15a4394db30d7cce7a4db319041453bfa306b566a87e84b213d81efb29,162.0,142.0
6939b3836a088e9113eb3bffcf362bed963a71bbd9012ecb56dc61e6d500da39,window_344,22.0,32.0,masked_prediction_embedding_neighbor,0.999969870264198,provisional_unverified,e57d3de89d6f2a3165aa05beee7b611f60923e090254337c1b48f744c78db52d,0.0,22.0
6939b3836a088e9113eb3bffcf362bed963a71bbd9012ecb56dc61e6d500da39,window_345,24.0,34.0,masked_prediction_embedding_neighbor,0.9999700714717258,provisional_unverified,667a6e15a4394db30d7cce7a4db319041453bfa306b566a87e84b213d81efb29,170.0,146.0
6939b3836a088e9113eb3bffcf362bed963a71bbd9012ecb56dc61e6d500da39,window_346,26.0,36.0,masked_prediction_embedding_neighbor,0.9990041313909718,provisional_unverified,629d7d57091b71c5c0c2c6f42218702e454b4ae60e20636885741c7c22fe1bb4,32.0,6.0
6939b3836a088e9113eb3bffcf362bed963a71bbd9012ecb56dc61e6d500da39,window_347,28.0,38.0,masked_prediction_embedding_neighbor,0.9983655481892805,provisional_unverified,25aa01e1dcbaea32c062e01b0f782c938c34163fc58af14087dfe2f77906c06e,42.0,14.0
6939b3836a088e9113eb3bffcf362bed963a71bbd9012ecb56dc61e6d500da39,window_348,30.0,40.0,masked_prediction_embedding_neighbor,0.9999916955372186,provisional_unverified,667a6e15a4394db30d7cce7a4db319041453bfa306b566a87e84b213d81efb29,106.0,76.0
6939b3836a088e9113eb3bffcf362bed963a71bbd9012ecb56dc61e6d500da39,window_349,32.0,42.0,masked_prediction_embedding_neighbor,0.9999996461876589,provisional_unverified,382db1f8ede73f956341d7b461790125339762ec9d7cc96480f20aefe04d77e1,4.0,28.0
6939b3836a088e9113eb3bffcf362bed963a71bbd9012ecb56dc61e6d500da39,window_350,34.0,44.0,masked_prediction_embedding_neighbor,0.9999999952618798,provisional_unverified,629d7d57091b71c5c0c2c6f42218702e454b4ae60e20636885741c7c22fe1bb4,24.0,10.0
6939b3836a088e9113eb3bffcf362bed963a71bbd9012ecb56dc61e6d500da39,window_351,36.0,46.0,masked_prediction_embedding_neighbor,0.9999999993502784,provisional_unverified,629d7d57091b71c5c0c2c6f42218702e454b4ae60e20636885741c7c22fe1bb4,24.0,12.0
6939b3836a088e9113eb3bffcf362bed963a71bbd9012ecb56dc61e6d500da39,window_352,38.0,48.0,masked_prediction_embedding_neighbor,0.9996338180068796,provisional_unverified,667a6e15a4394db30d7cce7a4db319041453bfa306b566a87e84b213d81efb29,24.0,14.0
6939b3836a088e9113eb3bffcf362bed963a71bbd9012ecb56dc61e6d500da39,window_353,40.0,50.0,masked_prediction_embedding_neighbor,0.9996270781053626,provisional_unverified,1cca7c275163fc193899535ebb0c13f26676e8568d3c8adac48dbcc224812b0c,0.0,40.0
6939b3836a088e9113eb3bffcf362bed963a71bbd9012ecb56dc61e6d500da39,window_354,42.0,52.0,masked_prediction_embedding_neighbor,0.9997273229371351,provisional_unverified,1cca7c275163fc193899535ebb0c13f26676e8568d3c8adac48dbcc224812b0c,0.0,42.0
6939b3836a088e9113eb3bffcf362bed963a71bbd9012ecb56dc61e6d500da39,window_355,44.0,54.0,masked_prediction_embedding_neighbor,0.9998204477080365,provisional_unverified,1cca7c275163fc193899535ebb0c13f26676e8568d3c8adac48dbcc224812b0c,0.0,44.0
6939b3836a088e9113eb3bffcf362bed963a71bbd9012ecb56dc61e6d500da39,window_356,46.0,56.0,masked_prediction_embedding_neighbor,0.9931079977235783,provisional_unverified,1cca7c275163fc193899535ebb0c13f26676e8568d3c8adac48dbcc224812b0c,28.0,18.0
6939b3836a088e9113eb3bffcf362bed963a71bbd9012ecb56dc61e6d500da39,window_357,48.0,58.0,masked_prediction_embedding_neighbor,0.9973767264287943,provisional_unverified,667a6e15a4394db30d7cce7a4db319041453bfa306b566a87e84b213d81efb29,26.0,22.0
6939b3836a088e9113eb3bffcf362bed963a71bbd9012ecb56dc61e6d500da39,window_358,50.0,60.0,masked_prediction_embedding_neighbor,0.9909621695586116,provisional_unverified,1cca7c275163fc193899535ebb0c13f26676e8568d3c8adac48dbcc224812b0c,22.0,28.0
6939b3836a088e9113eb3bffcf362bed963a71bbd9012ecb56dc61e6d500da39,window_359,52.0,62.0,masked_prediction_embedding_neighbor,0.9961437024511643,provisional_unverified,1cca7c275163fc193899535ebb0c13f26676e8568d3c8adac48dbcc224812b0c,4.0,48.0
6939b3836a088e9113eb3bffcf362bed963a71bbd9012ecb56dc61e6d500da39,window_360,54.0,64.0,masked_prediction_embedding_neighbor,0.9976903303530729,provisional_unverified,1cca7c275163fc193899535ebb0c13f26676e8568d3c8adac48dbcc224812b0c,4.0,50.0
6faa006353747cbeb4e6d2e90954728110cb94fabfcd41e319270d4cde22f117,window_361,0.0,10.0,masked_prediction_embedding_neighbor,0.9974168119264931,provisional_unverified,629d7d57091b71c5c0c2c6f42218702e454b4ae60e20636885741c7c22fe1bb4,30.0,30.0
6faa006353747cbeb4e6d2e90954728110cb94fabfcd41e319270d4cde22f117,window_362,2.0,12.0,masked_prediction_embedding_neighbor,0.999902976604757,provisional_unverified,6faa006353747cbeb4e6d2e90954728110cb94fabfcd41e319270d4cde22f117,44.0,42.0
6faa006353747cbeb4e6d2e90954728110cb94fabfcd41e319270d4cde22f117,window_363,4.0,14.0,masked_prediction_embedding_neighbor,0.9999157794531595,provisional_unverified,200a690cbeb5a4d9f415d6a933e60aa13a0cf5ee5c03c71731d7739c8ecbda5e,22.0,18.0
6faa006353747cbeb4e6d2e90954728110cb94fabfcd41e319270d4cde22f117,window_364,6.0,16.0,masked_prediction_embedding_neighbor,0.9999351152427998,provisional_unverified,200a690cbeb5a4d9f415d6a933e60aa13a0cf5ee5c03c71731d7739c8ecbda5e,24.0,18.0
6faa006353747cbeb4e6d2e90954728110cb94fabfcd41e319270d4cde22f117,window_365,8.0,18.0,masked_prediction_embedding_neighbor,0.9999461368822816,provisional_unverified,6faa006353747cbeb4e6d2e90954728110cb94fabfcd41e319270d4cde22f117,50.0,42.0
6faa006353747cbeb4e6d2e90954728110cb94fabfcd41e319270d4cde22f117,window_366,10.0,20.0,masked_prediction_embedding_neighbor,0.9999906874132762,provisional_unverified,25aa01e1dcbaea32c062e01b0f782c938c34163fc58af14087dfe2f77906c06e,16.0,6.0
6faa006353747cbeb4e6d2e90954728110cb94fabfcd41e319270d4cde22f117,window_367,12.0,22.0,masked_prediction_embedding_neighbor,0.99992297272589,provisional_unverified,e57d3de89d6f2a3165aa05beee7b611f60923e090254337c1b48f744c78db52d,28.0,16.0
6faa006353747cbeb4e6d2e90954728110cb94fabfcd41e319270d4cde22f117,window_368,14.0,24.0,masked_prediction_embedding_neighbor,0.9998399448563904,provisional_unverified,5e9e04831922d971561f6ffb53b2c77744d905cca01dcc2fe043d10b2f63c613,26.0,12.0
6faa006353747cbeb4e6d2e90954728110cb94fabfcd41e319270d4cde22f117,window_369,16.0,26.0,masked_prediction_embedding_neighbor,0.9999635731784884,provisional_unverified,25aa01e1dcbaea32c062e01b0f782c938c34163fc58af14087dfe2f77906c06e,22.0,6.0
6faa006353747cbeb4e6d2e90954728110cb94fabfcd41e319270d4cde22f117,window_370,18.0,28.0,masked_prediction_embedding_neighbor,0.9999754762414869,provisional_unverified,25aa01e1dcbaea32c062e01b0f782c938c34163fc58af14087dfe2f77906c06e,22.0,4.0
6faa006353747cbeb4e6d2e90954728110cb94fabfcd41e319270d4cde22f117,window_371,20.0,30.0,masked_prediction_embedding_neighbor,0.9999890364328128,provisional_unverified,2f775054c4e7bb342cf49e0ee66406e82353c274c103fc7f7d6a93ea329aea86,2.0,18.0
6faa006353747cbeb4e6d2e90954728110cb94fabfcd41e319270d4cde22f117,window_372,22.0,32.0,masked_prediction_embedding_neighbor,0.9999803283586762,provisional_unverified,f26c5b91a912f9e98e0205e2518d5b3de0314b04b69c3bc6d0148fa8ea3e842b,2.0,20.0
6faa006353747cbeb4e6d2e90954728110cb94fabfcd41e319270d4cde22f117,window_373,24.0,34.0,masked_prediction_embedding_neighbor,0.9999508415441659,provisional_unverified,200a690cbeb5a4d9f415d6a933e60aa13a0cf5ee5c03c71731d7739c8ecbda5e,30.0,6.0
6faa006353747cbeb4e6d2e90954728110cb94fabfcd41e319270d4cde22f117,window_374,26.0,36.0,masked_prediction_embedding_neighbor,0.9997959322935476,provisional_unverified,200a690cbeb5a4d9f415d6a933e60aa13a0cf5ee5c03c71731d7739c8ecbda5e,30.0,4.0
6faa006353747cbeb4e6d2e90954728110cb94fabfcd41e319270d4cde22f117,window_375,28.0,38.0,masked_prediction_embedding_neighbor,0.9998411240482351,provisional_unverified,629d7d57091b71c5c0c2c6f42218702e454b4ae60e20636885741c7c22fe1bb4,10.0,18.0
6faa006353747cbeb4e6d2e90954728110cb94fabfcd41e319270d4cde22f117,window_376,30.0,40.0,masked_prediction_embedding_neighbor,0.9986639166216537,provisional_unverified,6faa006353747cbeb4e6d2e90954728110cb94fabfcd41e319270d4cde22f117,70.0,40.0
6faa006353747cbeb4e6d2e90954728110cb94fabfcd41e319270d4cde22f117,window_377,32.0,42.0,masked_prediction_embedding_neighbor,0.9790790058277199,provisional_unverified,629d7d57091b71c5c0c2c6f42218702e454b4ae60e20636885741c7c22fe1bb4,62.0,30.0
6faa006353747cbeb4e6d2e90954728110cb94fabfcd41e319270d4cde22f117,window_378,34.0,44.0,masked_prediction_embedding_neighbor,0.9802226322708261,provisional_unverified,25aa01e1dcbaea32c062e01b0f782c938c34163fc58af14087dfe2f77906c06e,40.0,6.0
6faa006353747cbeb4e6d2e90954728110cb94fabfcd41e319270d4cde22f117,window_379,36.0,46.0,masked_prediction_embedding_neighbor,0.9955713848339649,provisional_unverified,e57d3de89d6f2a3165aa05beee7b611f60923e090254337c1b48f744c78db52d,34.0,2.0
6faa006353747cbeb4e6d2e90954728110cb94fabfcd41e319270d4cde22f117,window_380,38.0,48.0,masked_prediction_embedding_neighbor,0.996772631790776,provisional_unverified,25aa01e1dcbaea32c062e01b0f782c938c34163fc58af14087dfe2f77906c06e,42.0,4.0
6faa006353747cbeb4e6d2e90954728110cb94fabfcd41e319270d4cde22f117,window_381,40.0,50.0,masked_prediction_embedding_neighbor,0.9997836443017712,provisional_unverified,667a6e15a4394db30d7cce7a4db319041453bfa306b566a87e84b213d81efb29,104.0,64.0
6faa006353747cbeb4e6d2e90954728110cb94fabfcd41e319270d4cde22f117,window_382,42.0,52.0,masked_prediction_embedding_neighbor,0.9978889794598537,provisional_unverified,629d7d57091b71c5c0c2c6f42218702e454b4ae60e20636885741c7c22fe1bb4,30.0,12.0
6faa006353747cbeb4e6d2e90954728110cb94fabfcd41e319270d4cde22f117,window_383,44.0,54.0,masked_prediction_embedding_neighbor,0.999902976604757,provisional_unverified,6faa006353747cbeb4e6d2e90954728110cb94fabfcd41e319270d4cde22f117,2.0,42.0
6faa006353747cbeb4e6d2e90954728110cb94fabfcd41e319270d4cde22f117,window_384,46.0,56.0,masked_prediction_embedding_neighbor,0.9999625489114055,provisional_unverified,25aa01e1dcbaea32c062e01b0f782c938c34163fc58af14087dfe2f77906c06e,8.0,38.0
6faa006353747cbeb4e6d2e90954728110cb94fabfcd41e319270d4cde22f117,window_385,48.0,58.0,masked_prediction_embedding_neighbor,0.9999631145443147,provisional_unverified,25aa01e1dcbaea32c062e01b0f782c938c34163fc58af14087dfe2f77906c06e,10.0,38.0
6faa006353747cbeb4e6d2e90954728110cb94fabfcd41e319270d4cde22f117,window_386,50.0,60.0,masked_prediction_embedding_neighbor,0.9999794967763567,provisional_unverified,25aa01e1dcbaea32c062e01b0f782c938c34163fc58af14087dfe2f77906c06e,12.0,38.0
6faa006353747cbeb4e6d2e90954728110cb94fabfcd41e319270d4cde22f117,window_387,52.0,62.0,masked_prediction_embedding_neighbor,0.9999865241348701,provisional_unverified,67460352e955edbaf8a0e73406f2aa4726aa14abea0a93abbe0484dccf14d5c3,8.0,44.0
6faa006353747cbeb4e6d2e90954728110cb94fabfcd41e319270d4cde22f117,window_388,54.0,64.0,masked_prediction_embedding_neighbor,0.9999902189609675,provisional_unverified,6939b3836a088e9113eb3bffcf362bed963a71bbd9012ecb56dc61e6d500da39,0.0,54.0
6faa006353747cbeb4e6d2e90954728110cb94fabfcd41e319270d4cde22f117,window_389,56.0,66.0,masked_prediction_embedding_neighbor,0.9999670832639442,provisional_unverified,200a690cbeb5a4d9f415d6a933e60aa13a0cf5ee5c03c71731d7739c8ecbda5e,38.0,18.0
6faa006353747cbeb4e6d2e90954728110cb94fabfcd41e319270d4cde22f117,window_390,58.0,68.0,masked_prediction_embedding_neighbor,0.9999383404886427,provisional_unverified,5e9e04831922d971561f6ffb53b2c77744d905cca01dcc2fe043d10b2f63c613,22.0,36.0
6faa006353747cbeb4e6d2e90954728110cb94fabfcd41e319270d4cde22f117,window_391,60.0,70.0,masked_prediction_embedding_neighbor,0.999985010049388,provisional_unverified,5e9e04831922d971561f6ffb53b2c77744d905cca01dcc2fe043d10b2f63c613,20.0,40.0
6faa006353747cbeb4e6d2e90954728110cb94fabfcd41e319270d4cde22f117,window_392,62.0,72.0,masked_prediction_embedding_neighbor,0.9999923693629359,provisional_unverified,200a690cbeb5a4d9f415d6a933e60aa13a0cf5ee5c03c71731d7739c8ecbda5e,38.0,24.0
6faa006353747cbeb4e6d2e90954728110cb94fabfcd41e319270d4cde22f117,window_393,64.0,74.0,masked_prediction_embedding_neighbor,0.9997337198416609,provisional_unverified,25aa01e1dcbaea32c062e01b0f782c938c34163fc58af14087dfe2f77906c06e,32.0,32.0
6faa006353747cbeb4e6d2e90954728110cb94fabfcd41e319270d4cde22f117,window_394,66.0,76.0,masked_prediction_embedding_neighbor,0.9997978325545201,provisional_unverified,629d7d57091b71c5c0c2c6f42218702e454b4ae60e20636885741c7c22fe1bb4,10.0,56.0
6faa006353747cbeb4e6d2e90954728110cb94fabfcd41e319270d4cde22f117,window_395,68.0,78.0,masked_prediction_embedding_neighbor,0.999876770802787,provisional_unverified,25aa01e1dcbaea32c062e01b0f782c938c34163fc58af14087dfe2f77906c06e,34.0,34.0
6faa006353747cbeb4e6d2e90954728110cb94fabfcd41e319270d4cde22f117,window_396,70.0,80.0,masked_prediction_embedding_neighbor,0.9989577011914719,provisional_unverified,25aa01e1dcbaea32c062e01b0f782c938c34163fc58af14087dfe2f77906c06e,36.0,34.0
6faa006353747cbeb4e6d2e90954728110cb94fabfcd41e319270d4cde22f117,window_397,72.0,82.0,masked_prediction_embedding_neighbor,0.9981516456796637,provisional_unverified,629d7d57091b71c5c0c2c6f42218702e454b4ae60e20636885741c7c22fe1bb4,58.0,14.0
6faa006353747cbeb4e6d2e90954728110cb94fabfcd41e319270d4cde22f117,window_398,74.0,84.0,masked_prediction_embedding_neighbor,0.9952916856152204,provisional_unverified,25aa01e1dcbaea32c062e01b0f782c938c34163fc58af14087dfe2f77906c06e,38.0,36.0
6faa006353747cbeb4e6d2e90954728110cb94fabfcd41e319270d4cde22f117,window_399,76.0,86.0,masked_prediction_embedding_neighbor,0.9864623265634451,provisional_unverified,629d7d57091b71c5c0c2c6f42218702e454b4ae60e20636885741c7c22fe1bb4,16.0,60.0
6faa006353747cbeb4e6d2e90954728110cb94fabfcd41e319270d4cde22f117,window_400,78.0,88.0,masked_prediction_embedding_neighbor,0.9932964773384924,provisional_unverified,629d7d57091b71c5c0c2c6f42218702e454b4ae60e20636885741c7c22fe1bb4,64.0,14.0
953f71ef131b4c5ce7211560abcbafbfe0079e72cf2190c2908d3ff00cf5db12,window_401,0.0,10.0,masked_prediction_embedding_neighbor,0.9999999388165581,provisional_unverified,667a6e15a4394db30d7cce7a4db319041453bfa306b566a87e84b213d81efb29,112.0,112.0
953f71ef131b4c5ce7211560abcbafbfe0079e72cf2190c2908d3ff00cf5db12,window_402,2.0,12.0,masked_prediction_embedding_neighbor,0.9999998594171672,provisional_unverified,382db1f8ede73f956341d7b461790125339762ec9d7cc96480f20aefe04d77e1,46.0,44.0
953f71ef131b4c5ce7211560abcbafbfe0079e72cf2190c2908d3ff00cf5db12,window_403,4.0,14.0,masked_prediction_embedding_neighbor,0.9999999767882821,provisional_unverified,953f71ef131b4c5ce7211560abcbafbfe0079e72cf2190c2908d3ff00cf5db12,66.0,62.0
953f71ef131b4c5ce7211560abcbafbfe0079e72cf2190c2908d3ff00cf5db12,window_404,6.0,16.0,masked_prediction_embedding_neighbor,0.9999998639845442,provisional_unverified,953f71ef131b4c5ce7211560abcbafbfe0079e72cf2190c2908d3ff00cf5db12,46.0,40.0
953f71ef131b4c5ce7211560abcbafbfe0079e72cf2190c2908d3ff00cf5db12,window_405,8.0,18.0,masked_prediction_embedding_neighbor,0.9999999988886406,provisional_unverified,953f71ef131b4c5ce7211560abcbafbfe0079e72cf2190c2908d3ff00cf5db12,62.0,54.0
953f71ef131b4c5ce7211560abcbafbfe0079e72cf2190c2908d3ff00cf5db12,window_406,10.0,20.0,masked_prediction_embedding_neighbor,0.9999998126454412,provisional_unverified,953f71ef131b4c5ce7211560abcbafbfe0079e72cf2190c2908d3ff00cf5db12,64.0,54.0
953f71ef131b4c5ce7211560abcbafbfe0079e72cf2190c2908d3ff00cf5db12,window_407,12.0,22.0,masked_prediction_embedding_neighbor,0.9999999868614714,provisional_unverified,953f71ef131b4c5ce7211560abcbafbfe0079e72cf2190c2908d3ff00cf5db12,40.0,28.0
953f71ef131b4c5ce7211560abcbafbfe0079e72cf2190c2908d3ff00cf5db12,window_408,14.0,24.0,masked_prediction_embedding_neighbor,0.9999999425145929,provisional_unverified,953f71ef131b4c5ce7211560abcbafbfe0079e72cf2190c2908d3ff00cf5db12,62.0,48.0
953f71ef131b4c5ce7211560abcbafbfe0079e72cf2190c2908d3ff00cf5db12,window_409,16.0,26.0,masked_prediction_embedding_neighbor,0.9999999895962183,provisional_unverified,953f71ef131b4c5ce7211560abcbafbfe0079e72cf2190c2908d3ff00cf5db12,38.0,22.0
953f71ef131b4c5ce7211560abcbafbfe0079e72cf2190c2908d3ff00cf5db12,window_410,18.0,28.0,masked_prediction_embedding_neighbor,0.9999999816193965,provisional_unverified,953f71ef131b4c5ce7211560abcbafbfe0079e72cf2190c2908d3ff00cf5db12,76.0,58.0
953f71ef131b4c5ce7211560abcbafbfe0079e72cf2190c2908d3ff00cf5db12,window_411,20.0,30.0,masked_prediction_embedding_neighbor,0.999999923607848,provisional_unverified,382db1f8ede73f956341d7b461790125339762ec9d7cc96480f20aefe04d77e1,12.0,8.0
953f71ef131b4c5ce7211560abcbafbfe0079e72cf2190c2908d3ff00cf5db12,window_412,22.0,32.0,masked_prediction_embedding_neighbor,0.999999984268875,provisional_unverified,382db1f8ede73f956341d7b461790125339762ec9d7cc96480f20aefe04d77e1,12.0,10.0
953f71ef131b4c5ce7211560abcbafbfe0079e72cf2190c2908d3ff00cf5db12,window_413,24.0,34.0,masked_prediction_embedding_neighbor,0.9999999778567995,provisional_unverified,953f71ef131b4c5ce7211560abcbafbfe0079e72cf2190c2908d3ff00cf5db12,72.0,48.0
953f71ef131b4c5ce7211560abcbafbfe0079e72cf2190c2908d3ff00cf5db12,window_414,26.0,36.0,masked_prediction_embedding_neighbor,0.9999999924716808,provisional_unverified,382db1f8ede73f956341d7b461790125339762ec9d7cc96480f20aefe04d77e1,12.0,14.0
953f71ef131b4c5ce7211560abcbafbfe0079e72cf2190c2908d3ff00cf5db12,window_415,28.0,38.0,masked_prediction_embedding_neighbor,0.999999984777224,provisional_unverified,382db1f8ede73f956341d7b461790125339762ec9d7cc96480f20aefe04d77e1,0.0,28.0
953f71ef131b4c5ce7211560abcbafbfe0079e72cf2190c2908d3ff00cf5db12,window_416,30.0,40.0,masked_prediction_embedding_neighbor,0.9999999403958051,provisional_unverified,382db1f8ede73f956341d7b461790125339762ec9d7cc96480f20aefe04d77e1,38.0,8.0
953f71ef131b4c5ce7211560abcbafbfe0079e72cf2190c2908d3ff00cf5db12,window_417,32.0,42.0,masked_prediction_embedding_neighbor,0.9999999707844103,provisional_unverified,953f71ef131b4c5ce7211560abcbafbfe0079e72cf2190c2908d3ff00cf5db12,78.0,46.0
953f71ef131b4c5ce7211560abcbafbfe0079e72cf2190c2908d3ff00cf5db12,window_418,34.0,44.0,masked_prediction_embedding_neighbor,0.9999999771387267,provisional_unverified,382db1f8ede73f956341d7b461790125339762ec9d7cc96480f20aefe04d77e1,40.0,6.0
953f71ef131b4c5ce7211560abcbafbfe0079e72cf2190c2908d3ff00cf5db12,window_419,36.0,46.0,masked_prediction_embedding_neighbor,0.999999968539686,provisional_unverified,953f71ef131b4c5ce7211560abcbafbfe0079e72cf2190c2908d3ff00cf5db12,12.0,24.0
953f71ef131b4c5ce7211560abcbafbfe0079e72cf2190c2908d3ff00cf5db12,window_420,38.0,48.0,masked_prediction_embedding_neighbor,0.9999999895962183,provisional_unverified,953f71ef131b4c5ce7211560abcbafbfe0079e72cf2190c2908d3ff00cf5db12,16.0,22.0
953f71ef131b4c5ce7211560abcbafbfe0079e72cf2190c2908d3ff00cf5db12,window_421,40.0,50.0,masked_prediction_embedding_neighbor,0.9999999868614714,provisional_unverified,953f71ef131b4c5ce7211560abcbafbfe0079e72cf2190c2908d3ff00cf5db12,12.0,28.0
953f71ef131b4c5ce7211560abcbafbfe0079e72cf2190c2908d3ff00cf5db12,window_422,42.0,52.0,masked_prediction_embedding_neighbor,0.9999999787864216,provisional_unverified,953f71ef131b4c5ce7211560abcbafbfe0079e72cf2190c2908d3ff00cf5db12,64.0,22.0
953f71ef131b4c5ce7211560abcbafbfe0079e72cf2190c2908d3ff00cf5db12,window_423,44.0,54.0,masked_prediction_embedding_neighbor,0.9999990842170379,provisional_unverified,382db1f8ede73f956341d7b461790125339762ec9d7cc96480f20aefe04d77e1,46.0,2.0
953f71ef131b4c5ce7211560abcbafbfe0079e72cf2190c2908d3ff00cf5db12,window_424,46.0,56.0,masked_prediction_embedding_neighbor,0.9999999052662134,provisional_unverified,382db1f8ede73f956341d7b461790125339762ec9d7cc96480f20aefe04d77e1,32.0,14.0
953f71ef131b4c5ce7211560abcbafbfe0079e72cf2190c2908d3ff00cf5db12,window_425,48.0,58.0,masked_prediction_embedding_neighbor,0.9999999686510898,provisional_unverified,667a6e15a4394db30d7cce7a4db319041453bfa306b566a87e84b213d81efb29,112.0,64.0
953f71ef131b4c5ce7211560abcbafbfe0079e72cf2190c2908d3ff00cf5db12,window_426,50.0,60.0,masked_prediction_embedding_neighbor,0.9999999779948193,provisional_unverified,953f71ef131b4c5ce7211560abcbafbfe0079e72cf2190c2908d3ff00cf5db12,28.0,22.0
953f71ef131b4c5ce7211560abcbafbfe0079e72cf2190c2908d3ff00cf5db12,window_427,52.0,62.0,masked_prediction_embedding_neighbor,0.9999997678090128,provisional_unverified,382db1f8ede73f956341d7b461790125339762ec9d7cc96480f20aefe04d77e1,10.0,42.0
953f71ef131b4c5ce7211560abcbafbfe0079e72cf2190c2908d3ff00cf5db12,window_428,54.0,64.0,masked_prediction_embedding_neighbor,0.9999996094991135,provisional_unverified,382db1f8ede73f956341d7b461790125339762ec9d7cc96480f20aefe04d77e1,6.0,48.0
953f71ef131b4c5ce7211560abcbafbfe0079e72cf2190c2908d3ff00cf5db12,window_429,56.0,66.0,masked_prediction_embedding_neighbor,0.9999964901905564,provisional_unverified,382db1f8ede73f956341d7b461790125339762ec9d7cc96480f20aefe04d77e1,6.0,50.0
953f71ef131b4c5ce7211560abcbafbfe0079e72cf2190c2908d3ff00cf5db12,window_430,58.0,68.0,masked_prediction_embedding_neighbor,0.9999998024128076,provisional_unverified,953f71ef131b4c5ce7211560abcbafbfe0079e72cf2190c2908d3ff00cf5db12,22.0,36.0
953f71ef131b4c5ce7211560abcbafbfe0079e72cf2190c2908d3ff00cf5db12,window_431,60.0,70.0,masked_prediction_embedding_neighbor,0.9999999623793847,provisional_unverified,382db1f8ede73f956341d7b461790125339762ec9d7cc96480f20aefe04d77e1,28.0,32.0
953f71ef131b4c5ce7211560abcbafbfe0079e72cf2190c2908d3ff00cf5db12,window_432,62.0,72.0,masked_prediction_embedding_neighbor,0.9999999988886406,provisional_unverified,953f71ef131b4c5ce7211560abcbafbfe0079e72cf2190c2908d3ff00cf5db12,8.0,54.0
953f71ef131b4c5ce7211560abcbafbfe0079e72cf2190c2908d3ff00cf5db12,window_433,64.0,74.0,masked_prediction_embedding_neighbor,0.9999999787864216,provisional_unverified,953f71ef131b4c5ce7211560abcbafbfe0079e72cf2190c2908d3ff00cf5db12,42.0,22.0
953f71ef131b4c5ce7211560abcbafbfe0079e72cf2190c2908d3ff00cf5db12,window_434,66.0,76.0,masked_prediction_embedding_neighbor,0.9999999791921941,provisional_unverified,382db1f8ede73f956341d7b461790125339762ec9d7cc96480f20aefe04d77e1,36.0,30.0
953f71ef131b4c5ce7211560abcbafbfe0079e72cf2190c2908d3ff00cf5db12,window_435,68.0,78.0,masked_prediction_embedding_neighbor,0.9999999893161157,provisional_unverified,382db1f8ede73f956341d7b461790125339762ec9d7cc96480f20aefe04d77e1,18.0,50.0
953f71ef131b4c5ce7211560abcbafbfe0079e72cf2190c2908d3ff00cf5db12,window_436,70.0,80.0,masked_prediction_embedding_neighbor,0.9999999977749497,provisional_unverified,382db1f8ede73f956341d7b461790125339762ec9d7cc96480f20aefe04d77e1,40.0,30.0
953f71ef131b4c5ce7211560abcbafbfe0079e72cf2190c2908d3ff00cf5db12,window_437,72.0,82.0,masked_prediction_embedding_neighbor,0.9999999824063768,provisional_unverified,382db1f8ede73f956341d7b461790125339762ec9d7cc96480f20aefe04d77e1,40.0,32.0
953f71ef131b4c5ce7211560abcbafbfe0079e72cf2190c2908d3ff00cf5db12,window_438,74.0,84.0,masked_prediction_embedding_neighbor,0.999999993006898,provisional_unverified,629d7d57091b71c5c0c2c6f42218702e454b4ae60e20636885741c7c22fe1bb4,24.0,50.0
953f71ef131b4c5ce7211560abcbafbfe0079e72cf2190c2908d3ff00cf5db12,window_439,76.0,86.0,masked_prediction_embedding_neighbor,0.9999999831680132,provisional_unverified,e57d3de89d6f2a3165aa05beee7b611f60923e090254337c1b48f744c78db52d,42.0,34.0
953f71ef131b4c5ce7211560abcbafbfe0079e72cf2190c2908d3ff00cf5db12,window_440,78.0,88.0,masked_prediction_embedding_neighbor,0.999999989978966,provisional_unverified,667a6e15a4394db30d7cce7a4db319041453bfa306b566a87e84b213d81efb29,116.0,38.0
c5c639ca1fa3038e565a432a960cb53f6ce533ad9612d27f229f6527fcf0edac,window_441,0.0,10.0,masked_prediction_embedding_neighbor,0.9999892262548766,provisional_unverified,c5c639ca1fa3038e565a432a960cb53f6ce533ad9612d27f229f6527fcf0edac,22.0,22.0
c5c639ca1fa3038e565a432a960cb53f6ce533ad9612d27f229f6527fcf0edac,window_442,2.0,12.0,masked_prediction_embedding_neighbor,0.9999913940305845,provisional_unverified,25aa01e1dcbaea32c062e01b0f782c938c34163fc58af14087dfe2f77906c06e,56.0,54.0
c5c639ca1fa3038e565a432a960cb53f6ce533ad9612d27f229f6527fcf0edac,window_443,4.0,14.0,masked_prediction_embedding_neighbor,0.999999832524476,provisional_unverified,c5c639ca1fa3038e565a432a960cb53f6ce533ad9612d27f229f6527fcf0edac,22.0,18.0
c5c639ca1fa3038e565a432a960cb53f6ce533ad9612d27f229f6527fcf0edac,window_444,6.0,16.0,masked_prediction_embedding_neighbor,0.9999986535910991,provisional_unverified,c5c639ca1fa3038e565a432a960cb53f6ce533ad9612d27f229f6527fcf0edac,22.0,16.0
c5c639ca1fa3038e565a432a960cb53f6ce533ad9612d27f229f6527fcf0edac,window_445,8.0,18.0,masked_prediction_embedding_neighbor,0.9999728101550825,provisional_unverified,25aa01e1dcbaea32c062e01b0f782c938c34163fc58af14087dfe2f77906c06e,56.0,48.0
c5c639ca1fa3038e565a432a960cb53f6ce533ad9612d27f229f6527fcf0edac,window_446,10.0,20.0,masked_prediction_embedding_neighbor,0.9999529300541222,provisional_unverified,25aa01e1dcbaea32c062e01b0f782c938c34163fc58af14087dfe2f77906c06e,56.0,46.0
c5c639ca1fa3038e565a432a960cb53f6ce533ad9612d27f229f6527fcf0edac,window_447,12.0,22.0,masked_prediction_embedding_neighbor,0.9999553737206818,provisional_unverified,25aa01e1dcbaea32c062e01b0f782c938c34163fc58af14087dfe2f77906c06e,56.0,44.0
c5c639ca1fa3038e565a432a960cb53f6ce533ad9612d27f229f6527fcf0edac,window_448,14.0,24.0,masked_prediction_embedding_neighbor,0.9999808242862941,provisional_unverified,25aa01e1dcbaea32c062e01b0f782c938c34163fc58af14087dfe2f77906c06e,56.0,42.0
c5c639ca1fa3038e565a432a960cb53f6ce533ad9612d27f229f6527fcf0edac,window_449,16.0,26.0,masked_prediction_embedding_neighbor,0.9999886292716099,provisional_unverified,c5c639ca1fa3038e565a432a960cb53f6ce533ad9612d27f229f6527fcf0edac,0.0,16.0
c5c639ca1fa3038e565a432a960cb53f6ce533ad9612d27f229f6527fcf0edac,window_450,18.0,28.0,masked_prediction_embedding_neighbor,0.9999717892096702,provisional_unverified,c5c639ca1fa3038e565a432a960cb53f6ce533ad9612d27f229f6527fcf0edac,0.0,18.0
c5c639ca1fa3038e565a432a960cb53f6ce533ad9612d27f229f6527fcf0edac,window_451,20.0,30.0,masked_prediction_embedding_neighbor,0.9999937102951241,provisional_unverified,c5c639ca1fa3038e565a432a960cb53f6ce533ad9612d27f229f6527fcf0edac,4.0,16.0
c5c639ca1fa3038e565a432a960cb53f6ce533ad9612d27f229f6527fcf0edac,window_452,22.0,32.0,masked_prediction_embedding_neighbor,0.999999832524476,provisional_unverified,c5c639ca1fa3038e565a432a960cb53f6ce533ad9612d27f229f6527fcf0edac,4.0,18.0
e57d3de89d6f2a3165aa05beee7b611f60923e090254337c1b48f744c78db52d,window_453,0.0,10.0,masked_prediction_embedding_neighbor,0.999969870264198,provisional_unverified,6939b3836a088e9113eb3bffcf362bed963a71bbd9012ecb56dc61e6d500da39,22.0,22.0
e57d3de89d6f2a3165aa05beee7b611f60923e090254337c1b48f744c78db52d,window_454,2.0,12.0,masked_prediction_embedding_neighbor,0.9999905208830135,provisional_unverified,667a6e15a4394db30d7cce7a4db319041453bfa306b566a87e84b213d81efb29,34.0,32.0
e57d3de89d6f2a3165aa05beee7b611f60923e090254337c1b48f744c78db52d,window_455,4.0,14.0,masked_prediction_embedding_neighbor,0.9999897230262024,provisional_unverified,667a6e15a4394db30d7cce7a4db319041453bfa306b566a87e84b213d81efb29,140.0,136.0
e57d3de89d6f2a3165aa05beee7b611f60923e090254337c1b48f744c78db52d,window_456,6.0,16.0,masked_prediction_embedding_neighbor,0.9999950072618745,provisional_unverified,667a6e15a4394db30d7cce7a4db319041453bfa306b566a87e84b213d81efb29,136.0,130.0
e57d3de89d6f2a3165aa05beee7b611f60923e090254337c1b48f744c78db52d,window_457,8.0,18.0,masked_prediction_embedding_neighbor,0.999991976377831,provisional_unverified,6939b3836a088e9113eb3bffcf362bed963a71bbd9012ecb56dc61e6d500da39,4.0,4.0
e57d3de89d6f2a3165aa05beee7b611f60923e090254337c1b48f744c78db52d,window_458,10.0,20.0,masked_prediction_embedding_neighbor,0.9999849856283238,provisional_unverified,667a6e15a4394db30d7cce7a4db319041453bfa306b566a87e84b213d81efb29,62.0,52.0
e57d3de89d6f2a3165aa05beee7b611f60923e090254337c1b48f744c78db52d,window_459,12.0,22.0,masked_prediction_embedding_neighbor,0.9999772068937832,provisional_unverified,667a6e15a4394db30d7cce7a4db319041453bfa306b566a87e84b213d81efb29,156.0,144.0
e57d3de89d6f2a3165aa05beee7b611f60923e090254337c1b48f744c78db52d,window_460,14.0,24.0,masked_prediction_embedding_neighbor,0.9999962957656394,provisional_unverified,f8a2dfe19bc591bed40778fcb493d9a34a3261518b2f4b416ba15a9402ec6dd7,30.0,16.0
e57d3de89d6f2a3165aa05beee7b611f60923e090254337c1b48f744c78db52d,window_461,16.0,26.0,masked_prediction_embedding_neighbor,0.9999582981611503,provisional_unverified,667a6e15a4394db30d7cce7a4db319041453bfa306b566a87e84b213d81efb29,176.0,160.0
e57d3de89d6f2a3165aa05beee7b611f60923e090254337c1b48f744c78db52d,window_462,18.0,28.0,masked_prediction_embedding_neighbor,0.9999943781211775,provisional_unverified,667a6e15a4394db30d7cce7a4db319041453bfa306b566a87e84b213d81efb29,62.0,44.0
e57d3de89d6f2a3165aa05beee7b611f60923e090254337c1b48f744c78db52d,window_463,20.0,30.0,masked_prediction_embedding_neighbor,0.9999963564568708,provisional_unverified,4c8d0190b666e26315ce16c862ca2e968d576e14537487162bbd73b9a47d0c07,10.0,10.0
e57d3de89d6f2a3165aa05beee7b611f60923e090254337c1b48f744c78db52d,window_464,22.0,32.0,masked_prediction_embedding_neighbor,0.9999866421163353,provisional_unverified,6939b3836a088e9113eb3bffcf362bed963a71bbd9012ecb56dc61e6d500da39,4.0,18.0
e57d3de89d6f2a3165aa05beee7b611f60923e090254337c1b48f744c78db52d,window_465,24.0,34.0,masked_prediction_embedding_neighbor,0.9999980665761441,provisional_unverified,6939b3836a088e9113eb3bffcf362bed963a71bbd9012ecb56dc61e6d500da39,2.0,22.0
e57d3de89d6f2a3165aa05beee7b611f60923e090254337c1b48f744c78db52d,window_466,26.0,36.0,masked_prediction_embedding_neighbor,0.9999930824474169,provisional_unverified,6939b3836a088e9113eb3bffcf362bed963a71bbd9012ecb56dc61e6d500da39,2.0,24.0
e57d3de89d6f2a3165aa05beee7b611f60923e090254337c1b48f744c78db52d,window_467,28.0,38.0,masked_prediction_embedding_neighbor,0.99992297272589,provisional_unverified,6faa006353747cbeb4e6d2e90954728110cb94fabfcd41e319270d4cde22f117,12.0,16.0
e57d3de89d6f2a3165aa05beee7b611f60923e090254337c1b48f744c78db52d,window_468,30.0,40.0,masked_prediction_embedding_neighbor,0.9996003488443191,provisional_unverified,667a6e15a4394db30d7cce7a4db319041453bfa306b566a87e84b213d81efb29,10.0,20.0
e57d3de89d6f2a3165aa05beee7b611f60923e090254337c1b48f744c78db52d,window_469,32.0,42.0,masked_prediction_embedding_neighbor,0.9932047576805157,provisional_unverified,629d7d57091b71c5c0c2c6f42218702e454b4ae60e20636885741c7c22fe1bb4,62.0,30.0
e57d3de89d6f2a3165aa05beee7b611f60923e090254337c1b48f744c78db52d,window_470,34.0,44.0,masked_prediction_embedding_neighbor,0.9955713848339649,provisional_unverified,6faa006353747cbeb4e6d2e90954728110cb94fabfcd41e319270d4cde22f117,36.0,2.0
e57d3de89d6f2a3165aa05beee7b611f60923e090254337c1b48f744c78db52d,window_471,36.0,46.0,masked_prediction_embedding_neighbor,0.9996411775597468,provisional_unverified,667a6e15a4394db30d7cce7a4db319041453bfa306b566a87e84b213d81efb29,16.0,20.0
e57d3de89d6f2a3165aa05beee7b611f60923e090254337c1b48f744c78db52d,window_472,38.0,48.0,masked_prediction_embedding_neighbor,0.9999904697566767,provisional_unverified,6939b3836a088e9113eb3bffcf362bed963a71bbd9012ecb56dc61e6d500da39,30.0,8.0
e57d3de89d6f2a3165aa05beee7b611f60923e090254337c1b48f744c78db52d,window_473,40.0,50.0,masked_prediction_embedding_neighbor,0.9999998761172482,provisional_unverified,382db1f8ede73f956341d7b461790125339762ec9d7cc96480f20aefe04d77e1,8.0,32.0
e57d3de89d6f2a3165aa05beee7b611f60923e090254337c1b48f744c78db52d,window_474,42.0,52.0,masked_prediction_embedding_neighbor,0.9999999957385446,provisional_unverified,200a690cbeb5a4d9f415d6a933e60aa13a0cf5ee5c03c71731d7739c8ecbda5e,0.0,42.0
e57d3de89d6f2a3165aa05beee7b611f60923e090254337c1b48f744c78db52d,window_475,44.0,54.0,masked_prediction_embedding_neighbor,0.9999999910185343,provisional_unverified,200a690cbeb5a4d9f415d6a933e60aa13a0cf5ee5c03c71731d7739c8ecbda5e,0.0,44.0
e57d3de89d6f2a3165aa05beee7b611f60923e090254337c1b48f744c78db52d,window_476,46.0,56.0,masked_prediction_embedding_neighbor,0.9999999667357428,provisional_unverified,953f71ef131b4c5ce7211560abcbafbfe0079e72cf2190c2908d3ff00cf5db12,68.0,22.0
f26c5b91a912f9e98e0205e2518d5b3de0314b04b69c3bc6d0148fa8ea3e842b,window_477,0.0,10.0,masked_prediction_embedding_neighbor,0.9999880303227884,provisional_unverified,6939b3836a088e9113eb3bffcf362bed963a71bbd9012ecb56dc61e6d500da39,8.0,8.0
f26c5b91a912f9e98e0205e2518d5b3de0314b04b69c3bc6d0148fa8ea3e842b,window_478,2.0,12.0,masked_prediction_embedding_neighbor,0.9999914914668893,provisional_unverified,1a8433bf1168531d6f7c2deb5c37b27de5ddf1d9f65316416ecbf000289fd40a,12.0,10.0
f26c5b91a912f9e98e0205e2518d5b3de0314b04b69c3bc6d0148fa8ea3e842b,window_479,4.0,14.0,masked_prediction_embedding_neighbor,0.9999856380129386,provisional_unverified,5e9e04831922d971561f6ffb53b2c77744d905cca01dcc2fe043d10b2f63c613,16.0,12.0
f26c5b91a912f9e98e0205e2518d5b3de0314b04b69c3bc6d0148fa8ea3e842b,window_480,6.0,16.0,masked_prediction_embedding_neighbor,0.9999887460515028,provisional_unverified,07173121b1534f1eadb8b127005d4eff70872388074c2bbe0c93061527d89f40,12.0,6.0
f26c5b91a912f9e98e0205e2518d5b3de0314b04b69c3bc6d0148fa8ea3e842b,window_481,8.0,18.0,masked_prediction_embedding_neighbor,0.9999798291864948,provisional_unverified,07173121b1534f1eadb8b127005d4eff70872388074c2bbe0c93061527d89f40,12.0,4.0
f26c5b91a912f9e98e0205e2518d5b3de0314b04b69c3bc6d0148fa8ea3e842b,window_482,10.0,20.0,masked_prediction_embedding_neighbor,0.9999847175472201,provisional_unverified,07173121b1534f1eadb8b127005d4eff70872388074c2bbe0c93061527d89f40,12.0,2.0
f26c5b91a912f9e98e0205e2518d5b3de0314b04b69c3bc6d0148fa8ea3e842b,window_483,12.0,22.0,masked_prediction_embedding_neighbor,0.9999956509741957,provisional_unverified,5e9e04831922d971561f6ffb53b2c77744d905cca01dcc2fe043d10b2f63c613,18.0,6.0
f8a2dfe19bc591bed40778fcb493d9a34a3261518b2f4b416ba15a9402ec6dd7,window_484,0.0,10.0,masked_prediction_embedding_neighbor,0.9999999985870546,provisional_unverified,554af5ad576c1c1d069356649e3bd1e2699a5801f6a0fa703e0c50db726bae3b,6.0,6.0
f8a2dfe19bc591bed40778fcb493d9a34a3261518b2f4b416ba15a9402ec6dd7,window_485,2.0,12.0,masked_prediction_embedding_neighbor,0.9999999999972826,provisional_unverified,554af5ad576c1c1d069356649e3bd1e2699a5801f6a0fa703e0c50db726bae3b,6.0,4.0
f8a2dfe19bc591bed40778fcb493d9a34a3261518b2f4b416ba15a9402ec6dd7,window_486,4.0,14.0,masked_prediction_embedding_neighbor,0.9999999996900083,provisional_unverified,554af5ad576c1c1d069356649e3bd1e2699a5801f6a0fa703e0c50db726bae3b,8.0,4.0
f8a2dfe19bc591bed40778fcb493d9a34a3261518b2f4b416ba15a9402ec6dd7,window_487,6.0,16.0,masked_prediction_embedding_neighbor,0.9954325863644569,provisional_unverified,6939b3836a088e9113eb3bffcf362bed963a71bbd9012ecb56dc61e6d500da39,28.0,22.0
f8a2dfe19bc591bed40778fcb493d9a34a3261518b2f4b416ba15a9402ec6dd7,window_488,8.0,18.0,masked_prediction_embedding_neighbor,0.9999352841612847,provisional_unverified,67460352e955edbaf8a0e73406f2aa4726aa14abea0a93abbe0484dccf14d5c3,0.0,8.0
f8a2dfe19bc591bed40778fcb493d9a34a3261518b2f4b416ba15a9402ec6dd7,window_489,10.0,20.0,masked_prediction_embedding_neighbor,0.9997668061884531,provisional_unverified,667a6e15a4394db30d7cce7a4db319041453bfa306b566a87e84b213d81efb29,150.0,140.0
f8a2dfe19bc591bed40778fcb493d9a34a3261518b2f4b416ba15a9402ec6dd7,window_490,12.0,22.0,masked_prediction_embedding_neighbor,0.9999549625164781,provisional_unverified,667a6e15a4394db30d7cce7a4db319041453bfa306b566a87e84b213d81efb29,172.0,160.0
f8a2dfe19bc591bed40778fcb493d9a34a3261518b2f4b416ba15a9402ec6dd7,window_491,14.0,24.0,masked_prediction_embedding_neighbor,0.999965322787809,provisional_unverified,e57d3de89d6f2a3165aa05beee7b611f60923e090254337c1b48f744c78db52d,0.0,14.0
f8a2dfe19bc591bed40778fcb493d9a34a3261518b2f4b416ba15a9402ec6dd7,window_492,16.0,26.0,masked_prediction_embedding_neighbor,0.9999888528499759,provisional_unverified,e57d3de89d6f2a3165aa05beee7b611f60923e090254337c1b48f744c78db52d,18.0,2.0
f8a2dfe19bc591bed40778fcb493d9a34a3261518b2f4b416ba15a9402ec6dd7,window_493,18.0,28.0,masked_prediction_embedding_neighbor,0.9999953277860956,provisional_unverified,667a6e15a4394db30d7cce7a4db319041453bfa306b566a87e84b213d81efb29,72.0,54.0
f8a2dfe19bc591bed40778fcb493d9a34a3261518b2f4b416ba15a9402ec6dd7,window_494,20.0,30.0,masked_prediction_embedding_neighbor,0.9999896939021523,provisional_unverified,667a6e15a4394db30d7cce7a4db319041453bfa306b566a87e84b213d81efb29,66.0,46.0
f8a2dfe19bc591bed40778fcb493d9a34a3261518b2f4b416ba15a9402ec6dd7,window_495,22.0,32.0,masked_prediction_embedding_neighbor,0.9999975848328403,provisional_unverified,4c8d0190b666e26315ce16c862ca2e968d576e14537487162bbd73b9a47d0c07,4.0,18.0
f8a2dfe19bc591bed40778fcb493d9a34a3261518b2f4b416ba15a9402ec6dd7,window_496,24.0,34.0,masked_prediction_embedding_neighbor,0.999997930228697,provisional_unverified,6939b3836a088e9113eb3bffcf362bed963a71bbd9012ecb56dc61e6d500da39,10.0,14.0
f8a2dfe19bc591bed40778fcb493d9a34a3261518b2f4b416ba15a9402ec6dd7,window_497,26.0,36.0,masked_prediction_embedding_neighbor,0.9999664099977552,provisional_unverified,6939b3836a088e9113eb3bffcf362bed963a71bbd9012ecb56dc61e6d500da39,8.0,18.0
f8a2dfe19bc591bed40778fcb493d9a34a3261518b2f4b416ba15a9402ec6dd7,window_498,28.0,38.0,masked_prediction_embedding_neighbor,0.999975511276049,provisional_unverified,2f775054c4e7bb342cf49e0ee66406e82353c274c103fc7f7d6a93ea329aea86,0.0,28.0
f8a2dfe19bc591bed40778fcb493d9a34a3261518b2f4b416ba15a9402ec6dd7,window_499,30.0,40.0,masked_prediction_embedding_neighbor,0.9999962957656394,provisional_unverified,e57d3de89d6f2a3165aa05beee7b611f60923e090254337c1b48f744c78db52d,14.0,16.0
