Time,Motor RPM [Rpm],MC Duty Cycle [%],MC Volts [V],AC Current,DC Current [A],CellId,MC Temp [°C],Motor Temp [°C],Fault Code,MC Throttle [%],Drive Enable,RadIn_Temp [°C],RadOut_Tem [°C],Flowrate,Actual_FOC_id,Actual_FOC_iq,Actual_Brake [%],Rolling_Counter,Relay_State,CRC_Checksum,CRC_Checksum_22,Pack_Current,Pack_CCL,Pack_DCL,Pack_Open_Volta,TSB HighTemp,Pack_SOC,Cell Low,Therm1_Val [°C],Therm1_LowVal [°C],Therm1_HighVal [°C],Therm2_Val [°C],Therm2_LowVal [°C],Therm2_HighVal [°C],Therm1_ID,Therm1_ModNum,AN3 [V],AN6 [V],VBAT [V],Int Temp [°C],CAN1 Load [%],CAN1 ERRORS [hex],CAN2 ERRORS [decimal],ALARMS1 [decimal],uFLAGS1 [decimal],RTD,Energized,LV Low,Motor Temp High,MC Temp High,Logging,TSB Temp,Stop Logging,WATER T ALM
20:02:21.025,0,4.7,339,11.2,0.4,0,45,42,0,0,1,50,47,4,0,0,0,0,0,0,0,0.2,13,190,0.9,32,32,14,32,14,32,32,31,32,-851583,8,4.863,0,14.488,41,0,32,0,0,35,1,1,0,0,0,1,0,0,0
20:02:21.125,0,4.8,338,11.4,0.4,0,45,42,0,0,1,52,47,4,0,0,0,0,0,0,0,0.2,13,190,0.9,32,32,14,31,14,32,32,31,32,-851583,8,4.858,0,14.488,40,0,32,0,0,35,1,1,0,0,0,1,0,0,0
20:02:21.225,0,4.8,339,11.3,0.4,0,45,42,0,0,1,52,47,4,0,0,0,0,0,0,0,0.2,13,190,0.9,32,32,14,32,14,32,32,31,32,-851583,8,4.863,0.015,14.488,40,0,32,0,0,35,1,1,0,0,0,1,0,0,0
20:02:21.325,0,4.7,340,11.3,0.3,0,45,42,0,0,1,52,48,4,0,0,0,0,0,0,0,0.2,13,190,0.9,32,32,14,32,14,32,32,31,32,-851583,8,4.863,0.015,14.488,40,0,32,0,0,35,1,1,0,0,0,1,0,0,0
20:02:21.425,0,4.7,339,11,0.4,0,45,42,0,0,1,51,48,4,0,0,0,0,0,0,0,0.2,13,190,0.9,32,32,14,32,14,32,31,31,32,-851583,8,4.863,0.015,14.488,40,0,32,0,0,35,1,1,0,0,0,1,0,0,0
20:02:21.525,0,4.7,339,11.3,0.4,0,45,42,0,0,1,51,49,4,0,0,0,0,0,0,0,0.2,13,190,0.9,32,32,14,14,14,32,32,31,32,-851583,8,4.863,0.015,14.488,40,0,32,0,0,35,1,1,0,0,0,1,0,0,0
20:02:21.625,0,4.7,338,11,0.4,0,45,42,0,0,1,51,48,4,0,0,0,0,0,0,0,0.2,13,190,0.9,32,32,14,32,14,32,32,31,32,-851583,8,4.863,0.015,14.495,40,0,32,0,0,35,1,1,0,0,0,1,0,0,0
20:02:21.725,0,4.7,338,11.5,0.4,0,45,42,0,0,1,51,48,4,0,0,0,0,0,0,0,0.2,13,190,0.9,32,32,14,32,14,32,32,31,32,-851583,8,4.863,0.015,14.488,40,0,32,0,0,35,1,1,0,0,0,1,0,0,0
20:02:21.825,0,4.7,338,11.5,0.4,0,45,42,0,0,1,51,48,4,0,0,0,0,0,0,0,0.2,13,190,0.9,32,32,14,32,14,32,32,31,32,-851583,8,4.863,0.015,14.488,40,0,32,0,0,35,1,1,0,0,0,1,0,0,0
20:02:21.925,0,4.8,338,11.1,0.4,0,45,42,0,0,1,50,48,0,0,0,0,0,0,0,0,0.2,13,190,0.9,32,32,14,32,14,32,32,31,32,-851583,8,4.858,0.015,14.488,40,0,32,0,0,35,1,1,0,0,0,1,0,0,0
20:02:22.025,0,4.7,339,11.2,0.4,0,45,42,0,0,1,50,48,0,0,0,0,0,0,0,0,0.2,13,190,0.9,32,32,14,32,14,32,32,31,32,-851583,8,4.863,0.015,14.488,40,0,32,0,0,35,1,1,0,0,0,1,0,0,0
20:02:22.125,0,4.7,339,11.3,0.4,0,45,42,0,0,1,50,47,0,0,0,0,0,0,0,0,0.2,13,190,0.9,32,32,14,32,14,32,32,31,32,-851583,8,4.863,0.015,14.488,40,0,32,0,0,35,1,1,0,0,0,1,0,0,0
20:02:22.225,0,4.8,339,11.5,0.4,0,45,42,0,0,1,50,47,0,0,0,0,0,0,0,0,0.2,13,190,0.9,32,32,14,32,14,32,32,31,32,-851583,8,4.863,0.015,14.495,40,0,32,0,0,35,1,1,0,0,0,1,0,0,0
20:02:22.325,0,4.7,339,10.7,0.3,0,45,42,0,0,1,50,47,0,0,0,0,0,0,0,0,0.2,13,190,0.9,32,32,14,32,14,32,32,31,32,-851583,8,4.863,0.015,14.488,41,0,32,0,0,35,1,1,0,0,0,1,0,0,0
20:02:22.425,0,4.7,339,11.2,0.4,0,45,42,0,0,1,50,47,0,0,0,0,0,0,0,0,0.2,13,190,0.9,32,32,14,32,14,32,32,31,32,-851583,8,4.863,0.015,14.488,40,0,32,0,0,35,1,1,0,0,0,1,0,0,0
20:02:22.525,0,4.7,338,11.2,0.4,0,45,42,0,0,1,50,48,0,0,0,0,0,0,0,0,0.3,13,190,0.9,32,32,14,32,14,32,32,31,32,-851583,8,4.863,0.015,14.488,40,0,32,0,0,35,1,1,0,0,0,1,0,0,0
20:02:22.625,0,4.8,339,11,0.4,0,45,42,0,0,1,50,47,0,0,0,0,0,0,0,0,0.2,13,190,0.9,32,32,14,32,14,32,32,31,32,-851583,8,4.863,0.015,14.488,40,0,32,0,0,35,1,1,0,0,0,1,0,0,0
20:02:22.725,0,4.7,337,11.1,0.4,0,45,42,0,0,1,49,47,0,0,0,0,0,0,0,0,0.2,13,190,0.9,32,32,14,32,14,32,32,31,32,-851583,8,4.863,0.015,14.488,40,0,32,0,0,35,1,1,0,0,0,1,0,0,0
20:02:22.825,0,4.8,339,11.2,0.4,0,45,42,0,0,1,51,47,0,0,0,0,0,0,0,0,0.2,13,190,0.9,32,32,14,32,14,32,32,31,32,-851583,8,4.863,0.015,14.488,40,0,32,0,0,35,1,1,0,0,0,1,0,0,0
20:02:22.925,0,4.8,339,11.2,0.4,0,45,42,0,0,1,50,47,0,0,0,0,0,0,0,0,0.2,13,190,0.9,32,32,14,32,14,32,32,31,32,-851583,8,4.863,0.015,14.488,40,0,32,0,0,35,1,1,0,0,0,1,0,0,0
20:02:23.025,0,4.7,338,11.2,0.4,0,45,42,0,0,1,50,47,0,0,0,0,0,0,0,0,0.2,13,190,0.9,32,32,14,32,14,32,32,31,32,-851583,8,4.863,0.015,14.488,40,0,32,0,0,35,1,1,0,0,0,1,0,0,0
20:02:23.125,0,4.7,339,11.3,0.4,0,45,42,0,0,1,50,47,0,0,0,0,0,0,0,0,0.2,13,190,0.9,32,32,14,32,14,32,32,31,32,-851583,8,4.863,0.015,14.488,40,0,32,0,0,35,1,1,0,0,0,1,0,0,0
20:02:23.225,0,4.7,339,11.3,0.4,0,45,42,0,0,1,50,47,0,0,0,0,0,0,0,0,0.2,13,190,0.9,32,32,14,32,14,32,32,31,32,-851583,8,4.863,0.015,14.488,40,0,32,0,0,35,1,1,0,0,0,1,0,0,0
20:02:23.325,0,4.7,338,11.1,0.4,0,45,42,0,0,1,50,47,0,0,0,0,0,0,0,0,0.2,13,190,0.9,32,32,14,32,14,32,32,31,32,-851583,8,4.858,0.015,14.488,40,0,32,0,0,35,1,1,0,0,0,1,0,0,0
20:02:23.425,0,4.7,339,11.1,0.4,0,45,42,0,0,1,50,47,0,0,0,0,0,0,0,0,0.2,13,190,0.9,32,32,14,32,14,32,31,31,32,-851583,8,4.863,0.015,14.488,41,0,32,0,0,35,1,1,0,0,0,1,0,0,0
20:02:23.525,0,4.7,338,10.8,0.3,0,45,42,0,0,1,50,47,0,0,0,0,0,0,0,0,0.2,13,190,0.9,32,32,14,32,14,32,31,31,32,-851583,8,4.863,0.015,14.488,40,0,32,0,0,35,1,1,0,0,0,1,0,0,0
20:02:23.625,0,4.7,339,10.8,0.4,0,45,42,0,0,1,50,47,0,0,0,0,0,0,0,0,0.2,13,190,0.9,32,32,14,32,14,32,32,31,32,-851583,8,4.858,0.015,14.488,41,0,32,0,0,35,1,1,0,0,0,1,0,0,0
20:02:23.725,0,4.7,339,10.5,0.4,0,45,42,0,0,1,50,47,0,0,0,0,0,0,0,0,0.2,13,190,0.9,32,32,14,32,14,32,32,31,32,-851583,8,4.863,0.015,14.488,40,0,32,0,0,35,1,1,0,0,0,1,0,0,0
20:02:23.825,0,4.7,339,10.9,0.4,0,45,42,0,0,1,49,47,0,0,0,0,0,0,0,0,0.2,13,190,0.9,32,32,14,32,14,32,32,31,32,-851583,8,4.863,0.015,14.488,41,0,32,0,0,35,1,1,0,0,0,1,0,0,0
20:02:23.925,0,4.7,339,11.2,0.4,0,45,42,0,0,1,49,47,0,0,0,0,0,0,0,0,0.2,13,190,0.9,32,32,14,32,14,32,32,31,32,-851583,8,4.863,0.015,14.488,40,0,32,0,0,35,1,1,0,0,0,1,0,0,0
20:02:24.025,0,4.7,339,10.9,0.4,0,45,42,0,0,1,50,47,0,0,0,0,0,0,0,0,0.2,13,190,0.9,32,32,14,32,14,32,32,31,32,-851583,8,4.863,0.015,14.488,40,0,32,0,0,35,1,1,0,0,0,1,0,0,0
20:02:24.125,0,4.7,339,11.2,0.4,0,45,42,0,0,1,49,47,0,0,0,0,0,0,0,0,0.2,13,190,0.9,32,32,14,32,14,32,32,31,32,-851583,8,4.858,0.015,14.495,40,0,32,0,0,35,1,1,0,0,0,1,0,0,0
20:02:24.225,0,4.7,339,11.2,0.4,0,45,42,0,0,1,49,47,0,0,0,0,0,0,0,0,0.2,13,190,0.9,32,32,14,32,14,32,32,31,32,-851583,8,4.863,0.015,14.488,40,0,32,0,0,35,1,1,0,0,0,1,0,0,0
20:02:24.325,0,4.6,340,10.9,0.4,0,45,42,0,0,1,49,47,0,0,0,0,0,0,0,0,0.2,13,190,0.9,32,32,14,32,14,32,32,31,32,-851583,8,4.863,0.015,14.488,40,0,32,0,0,35,1,1,0,0,0,1,0,0,0
20:02:24.425,0,4.7,339,11.1,0.4,0,45,42,0,0,1,50,47,0,0,0,0,0,0,0,0,0.2,13,190,0.9,32,32,14,32,14,32,32,31,32,-851583,8,4.863,0.015,14.488,41,0,32,0,0,35,1,1,0,0,0,1,0,0,0
20:02:24.525,0,4.7,338,11.2,0.4,0,45,42,0,0,1,50,47,0,0,0,0,0,0,0,0,0.2,13,190,0.9,32,32,14,32,14,32,32,31,32,-851583,8,4.858,0.015,14.495,40,0,32,0,0,35,1,1,0,0,0,1,0,0,0
20:02:24.625,0,4.7,338,11,0.4,0,45,42,0,0,1,49,47,0,0,0,0,0,0,0,0,0.2,13,190,0.9,32,32,14,32,14,32,31,31,32,-851583,8,4.863,0.015,14.488,40,0,32,0,0,35,1,1,0,0,0,1,0,0,0
20:02:24.725,0,4.8,338,10.9,0.3,0,45,42,0,0,1,49,47,0,0,0,0,0,0,0,0,0.2,13,190,0.9,32,32,14,32,14,32,31,31,32,-851583,8,4.863,0.015,14.495,40,0,32,0,0,35,1,1,0,0,0,1,0,0,0
20:02:24.825,0,4.7,339,11.2,0.3,0,45,42,0,0,1,52,47,0,0,0,0,0,0,0,0,0.2,13,190,0.9,32,32,14,32,14,32,31,31,32,-851583,8,4.863,0.015,14.495,41,0,32,0,0,35,1,1,0,0,0,1,0,0,0
20:02:24.925,0,4.8,338,10.9,0.3,0,45,42,0,0,1,52,47,0,0,0,0,0,0,0,0,0.2,13,190,0.9,32,32,14,32,14,32,32,31,32,-851583,8,4.863,0.015,14.495,41,0,32,0,0,35,1,1,0,0,0,1,0,0,0
20:02:25.025,0,4.7,338,10.9,0.4,0,45,42,0,0,1,51,47,0,0,0,0,0,0,0,0,0.2,13,190,0.9,32,32,14,32,14,32,31,31,32,-851583,8,4.863,0.015,14.488,41,0,32,0,0,35,1,1,0,0,0,1,0,0,0
20:02:25.125,0,4.7,338,10.9,0.3,0,45,42,0,0,1,51,48,0,0,0,0,0,0,0,0,0.2,13,190,0.9,32,32,14,31,14,32,32,31,32,-851583,8,4.858,0.015,14.495,41,0,32,0,0,35,1,1,0,0,0,1,0,0,0
20:02:25.225,0,4.7,339,10.6,0.3,0,45,42,0,0,1,51,48,0,0,0,0,0,0,0,0,0.2,13,190,0.9,32,32,14,32,14,32,32,31,32,-851583,8,4.863,0.015,14.488,41,0,32,0,0,35,1,1,0,0,0,1,0,0,0
20:02:25.325,0,4.7,339,10.5,0.3,0,45,42,0,0,1,51,48,0,0,0,0,0,0,0,0,0.2,13,190,0.9,32,32,14,32,14,32,32,31,32,-851583,8,4.863,0.015,14.488,40,0,32,0,0,35,1,1,0,0,0,1,0,0,0
20:02:25.425,0,4.7,338,10.7,0.4,0,45,42,0,0,1,51,48,0,0,0,0,0,0,0,0,0.2,13,190,0.9,32,32,14,32,14,32,32,31,32,-851583,8,4.863,0.015,14.488,41,0,32,0,0,35,1,1,0,0,0,1,0,0,0
20:02:25.525,0,4.7,339,10.8,0.4,0,45,42,0,0,1,50,47,0,0,0,0,0,0,0,0,0.2,13,190,0.9,32,32,14,32,14,32,31,31,32,-851583,8,4.863,0.015,14.488,40,0,32,0,0,35,1,1,0,0,0,1,0,0,0
20:02:25.625,0,4.7,339,10.8,0.3,0,45,42,0,0,1,51,48,0,0,0,0,0,0,0,0,0.2,13,190,0.9,32,32,14,32,14,32,32,31,32,-851583,8,4.863,0.015,14.495,41,0,32,0,0,35,1,1,0,0,0,1,0,0,0
20:02:25.725,0,4.7,338,10.9,0.3,0,45,42,0,0,1,50,48,0,0,0,0,0,0,0,0,0.2,13,190,0.9,32,32,14,32,14,32,32,31,32,-851583,8,4.863,0.015,14.495,41,0,32,0,0,35,1,1,0,0,0,1,0,0,0
20:02:25.825,0,4.7,339,10.8,0.4,0,45,42,0,0,1,50,48,0,0,0,0,0,0,0,0,0.2,13,190,0.9,32,32,14,32,14,32,32,31,32,-851583,8,4.863,0.015,14.495,41,0,32,0,0,35,1,1,0,0,0,1,0,0,0
20:02:25.925,0,4.7,338,10.6,0.3,0,45,42,0,0,1,50,47,0,0,0,0,0,0,0,0,0.2,13,190,0.9,32,32,14,32,14,32,32,31,32,-851583,8,4.863,0.015,14.495,40,0,32,0,0,35,1,1,0,0,0,1,0,0,0
20:02:26.025,0,4.7,339,11.3,0.4,0,45,42,0,0,1,50,47,0,0,0,0,0,0,0,0,0.2,13,190,0.9,32,32,14,32,14,32,32,31,32,-851583,8,4.863,0.015,14.488,40,0,32,0,0,35,1,1,0,0,0,1,0,0,0
20:02:26.125,0,4.7,338,11.4,0.4,0,45,42,0,0,1,50,47,0,0,0,0,0,0,0,0,0.2,13,190,0.9,32,32,14,31,14,32,32,31,32,-851583,8,4.863,0.015,14.488,40,0,32,0,0,35,1,1,0,0,0,1,0,0,0
20:02:26.225,0,4.7,339,11.3,0.4,0,45,42,0,0,1,50,48,0,0,0,0,0,0,0,0,0.2,13,190,0.9,32,32,14,32,14,32,32,31,32,-851583,8,4.863,0.015,14.488,41,0,32,0,0,35,1,1,0,0,0,1,0,0,0
20:02:26.325,0,4.7,338,11,0.4,0,45,42,0,0,1,50,48,0,0,0,0,0,0,0,0,0.2,13,190,0.9,32,32,14,32,14,32,32,31,32,-851583,8,4.863,0.015,14.488,41,0,32,0,0,35,1,1,0,0,0,1,0,0,0
20:02:26.425,0,4.7,339,10.9,0.4,0,45,42,0,0,1,50,47,0,0,0,0,0,0,0,0,0.2,13,190,0.9,32,32,14,31,14,32,32,31,32,-851583,8,4.863,0.015,14.488,40,0,32,0,0,35,1,1,0,0,0,1,0,0,0
20:02:26.525,0,4.7,339,10.8,0.4,0,45,42,0,0,1,50,48,0,0,0,0,0,0,0,0,0.2,13,190,0.9,32,32,14,32,14,32,32,31,32,-851583,8,4.863,0.015,14.488,40,0,32,0,0,35,1,1,0,0,0,1,0,0,0
20:02:26.625,0,4.7,339,11.1,0.4,0,45,42,0,0,1,50,47,0,0,0,0,0,0,0,0,0.2,13,190,0.9,32,32,14,32,14,32,32,31,32,-851583,8,4.863,0.015,14.488,40,0,32,0,0,35,1,1,0,0,0,1,0,0,0
20:02:26.725,0,4.8,338,11,0.3,0,45,42,0,0,1,50,47,0,0,0,0,0,0,0,0,0.2,13,190,0.9,32,32,14,32,14,32,32,31,32,-851583,8,4.863,0.015,14.488,41,0,32,0,0,35,1,1,0,0,0,1,0,0,0
20:02:26.825,0,4.7,339,11.4,0.4,0,45,42,0,0,1,50,47,0,0,0,0,0,0,0,0,0.2,13,190,0.9,32,32,14,32,14,32,32,31,32,-851583,8,4.863,0.015,14.488,40,0,32,0,0,35,1,1,0,0,0,1,0,0,0
20:02:26.925,0,4.7,339,11.2,0.4,0,45,42,0,0,1,49,47,0,0,0,0,0,0,0,0,0.2,13,190,0.9,32,32,14,32,14,32,31,31,32,-851583,8,4.858,0.015,14.488,41,0,32,0,0,35,1,1,0,0,0,1,0,0,0
20:02:27.025,0,4.7,339,11.2,0.4,0,45,42,0,0,1,50,47,0,0,0,0,0,0,0,0,0.2,13,190,0.9,32,32,14,32,14,32,32,31,32,-851583,8,4.863,0.015,14.372,41,0,32,0,0,35,1,1,0,0,0,1,0,0,0
20:02:27.125,0,4.7,339,10.7,0.3,0,45,42,0,0,1,49,47,0,0,0,0,0,0,0,0,0.2,13,190,0.9,32,32,14,31,14,32,32,31,32,-851583,8,4.863,0.015,14.461,40,0,32,0,0,35,1,1,0,0,0,1,0,0,0
20:02:27.225,0,4.7,339,10.9,0.3,0,45,42,0,0,1,50,47,0,0,0,0,0,0,0,0,0.2,13,190,0.9,32,32,14,32,14,32,32,31,32,-851583,8,4.863,0.015,14.461,41,0,32,0,0,35,1,1,0,0,0,1,0,0,0
20:02:27.325,0,4.7,339,10.7,0.3,0,45,42,0,0,1,50,47,0,0,0,0,0,0,0,0,0.2,13,190,0.9,32,32,14,32,14,32,32,31,32,-851583,8,4.863,0.015,14.447,40,0,32,0,0,35,1,1,0,0,0,1,0,0,0
20:02:27.425,0,4.7,339,11.2,0.4,0,45,42,0,0,1,50,47,0,0,0,0,0,0,0,0,0.2,13,190,0.9,32,32,14,32,14,32,32,31,32,-851583,8,4.863,0.015,14.413,40,0,32,0,0,35,1,1,0,0,0,1,0,0,0
20:02:27.525,0,4.6,340,10.8,0.3,0,45,42,0,0,1,49,47,0,0,0,0,0,0,0,0,0.2,13,190,0.9,32,32,14,14,14,32,32,31,32,-851583,8,4.863,0.015,14.352,40,0,32,0,0,35,1,1,0,0,0,1,0,0,0
20:02:27.625,0,4.7,339,10.9,0.4,0,45,42,0,0,1,50,47,172,0,0,0,0,0,0,0,0.2,13,190,0.9,32,32,14,32,14,32,32,31,32,-851583,8,4.863,0.015,14.283,41,0,32,0,0,35,1,1,0,0,0,1,0,0,0
20:02:27.725,0,4.7,339,10.9,0.4,0,45,42,0,0,1,49,47,3,0,0,0,0,0,0,0,0.2,13,190,0.9,32,32,14,32,14,32,32,31,32,-851583,8,4.863,0.015,14.188,40,0,32,0,0,35,1,1,0,0,0,1,0,0,0
20:02:27.825,0,4.7,339,10.7,0.4,0,45,42,0,0,1,50,47,4,0,0,0,0,0,0,0,0.2,13,190,0.9,32,32,14,32,14,32,32,31,32,-851583,8,4.863,0.015,14.037,40,0,32,0,0,35,1,1,0,0,0,1,0,0,0
20:02:27.925,0,4.6,339,10.8,0.4,0,45,42,0,0,1,50,47,6,0,0,0,0,0,0,0,0.2,13,190,0.9,32,32,14,32,14,32,32,31,32,-851583,8,4.858,0.015,13.948,41,0,32,0,0,35,1,1,0,0,0,1,0,0,0
20:02:28.025,0,4.6,340,10.9,0.3,0,45,42,0,0,1,50,47,7,0,0,0,0,0,0,0,0.2,13,190,0.9,32,32,14,32,14,32,32,31,32,-851583,8,4.858,0.015,13.928,41,0,32,0,0,35,1,1,0,0,0,1,0,0,0
20:02:28.125,0,4.6,339,10.7,0.4,0,45,42,0,0,1,49,47,7,0,0,0,0,0,0,0,0.2,13,190,0.9,32,32,14,32,14,32,32,31,32,-851583,8,4.863,0.015,13.866,40,0,32,0,0,35,1,1,0,0,0,1,0,0,0
20:02:28.225,0,4.7,338,10.7,0.3,0,45,42,0,0,1,48,47,7,0,0,0,0,0,0,0,0.2,13,190,0.9,32,32,14,32,14,32,32,31,32,-851583,8,4.858,0.015,13.9,40,0,32,0,0,35,1,1,0,0,0,1,0,0,0
20:02:28.325,0,4.7,338,10.7,0.3,0,45,42,0,0,1,49,46,7,0,0,0,0,0,0,0,0.2,13,190,0.9,32,32,14,32,14,32,32,31,32,-851583,8,4.863,0.015,13.914,40,0,32,0,0,35,1,1,0,0,0,1,0,0,0
20:02:28.425,0,4.5,340,10.8,0.4,0,45,42,0,0,1,49,47,7,0,0,0,0,0,0,0,0.2,13,190,0.9,32,32,14,32,14,32,32,31,32,-851583,8,4.863,0.015,13.976,40,0,32,0,0,35,1,1,0,0,0,1,0,0,0
20:02:28.525,-1,0.5,340,0,0,0,45,42.9,0,0,1,49,47,6,0,0,0,0,0,0,0,0,13,190,0.9,32,32,14,32,14,32,32,31,32,-851583,8,4.863,0.015,14.085,40,0,32,0,0,35,1,1,0,0,0,1,0,0,0
20:02:28.625,-0.2,0.4,341,0,0,0,45,42.9,0,0,1,52,47,6,0,0,0,0,0,0,0,0,13,190,0.9,32,32,14,32,14,32,32,31,32,-851583,8,4.863,0.015,14.119,41,0,32,0,0,35,1,1,0,0,0,1,0,0,0
20:02:28.725,0,0.5,341,0,0,0,45,42.9,0,0,1,52,47,5,0,0,0,0,0,0,0,0,13,190,0.9,32,32,14,32,14,32,32,31,32,-851583,8,4.863,0.015,14.14,41,0,32,0,0,35,1,1,0,0,0,1,0,0,0
20:02:28.825,0,0.4,340,0,0,0,45,42.9,0,0,1,52,48,5,0,0,0,0,0,0,0,0,13,190,0.9,32,32,14,32,14,32,32,31,32,-851583,8,4.863,0.015,14.112,40,0,32,0,0,35,1,1,0,0,0,1,0,0,0
20:02:28.925,0,0.5,341,0,0,0,45,42.8,0,0,1,52,48,5,0,0,0,0,0,0,0,0,13,190,0.9,32,32,14,32,14,32,31,31,32,-851583,8,4.863,0.015,14.126,40,0,32,0,0,35,1,1,0,0,0,1,0,0,0
20:02:29.025,0,0.5,340,0,0,0,45,42.8,0,0,1,51,48,5,0,0,0,0,0,0,0,0,13,190,0.9,32,32,14,32,14,32,31,31,32,-851583,8,4.863,0.015,14.106,40,0,32,0,0,35,1,1,0,0,0,1,0,0,0
20:02:29.125,0,0.4,341,0,0,0,45,42.7,0,0,1,50,48,5,0,0,0,0,0,0,0,0,13,190,0.9,32,32,14,32,14,32,32,31,32,-851583,8,4.863,0.015,14.106,41,0,32,0,0,35,1,1,0,0,0,1,0,0,0
20:02:29.225,0,0.5,340,0,0,0,45,42.7,0,0,1,51,49,5,0,0,0,0,0,0,0,0,13,190,0.9,32,32,14,32,14,32,32,31,32,-851583,8,4.863,0.015,14.106,41,0,32,0,0,35,1,1,0,0,0,1,0,0,0
20:02:29.325,0,0.4,341,0,0,0,45,42.6,0,0,1,51,48,5,0,0,0,0,0,0,0,0,13,190,0.9,32,32,14,32,14,32,32,31,32,-851583,8,4.863,0.015,14.058,40,0,32,0,0,35,1,1,0,0,0,1,0,0,0
20:02:29.425,0,0.5,341,0,0,0,45,42.5,0,0,1,50,47,5,0,0,0,0,0,0,0,0,13,190,0.9,32,32,14,32,14,32,32,31,32,-851583,8,4.863,0.015,14.003,40,0,32,0,0,35,1,1,0,0,0,1,0,0,0
20:02:29.525,0.3,1.9,340,3.5,0,0,45,42,0,0,1,50,47,6,0,0,0,0,0,0,0,0.1,13,190,0.9,32,32,14,32,14,32,32,31,32,-851583,8,4.858,0.015,13.914,40,0,32,0,0,35,1,1,0,0,0,1,0,0,0
20:02:29.625,9.3,6.2,339,22.4,1.1,0,45,42,0,0,1,50,47,6,0,0,0,0,0,0,0,0.6,13,190,0.9,32,32,14,32,14,32,32,31,32,-851583,8,4.863,0.015,13.866,40,0,32,0,0,35,1,1,0,0,0,1,0,0,0
20:02:29.725,22.2,6.3,338,67.1,3.7,0,45,42,0,0,1,50,47,7,0,0,0,0,0,0,0,1.4,13,190,0.9,32,32,14,32,14,32,32,31,32,-851583,8,4.863,0.015,13.866,40,0,32,0,0,35,1,1,0,0,0,1,0,0,0
20:02:29.825,2.6,6.6,339,65,3.4,0,45,42,0,0,1,50,47,7,0,0,0,0,0,0,0,1.3,13,190,0.9,32,32,14,32,14,32,32,31,32,-851583,8,4.863,0.015,13.839,40,0,32,0,0,35,1,1,0,0,0,1,0,0,0
20:02:29.925,1,6.8,338,69.9,3.9,0,45,42,0,0,1,50,47,8,0,0,0,0,0,0,0,1.5,13,190,0.9,32,32,14,32,14,32,32,31,32,-851583,8,4.863,0.015,13.859,40,0,32,0,0,35,1,1,0,0,0,1,0,0,0
20:02:30.025,0.4,6.9,339,74.6,4.3,0,45,42,0,0,1,51,47,8,0,0,0,0,0,0,0,1.7,13,190,0.9,32,32,14,32,14,32,32,31,32,-851583,8,4.863,0.015,13.866,40,0,32,0,0,35,1,1,0,0,0,1,0,0,0
20:02:30.125,5.8,7.4,338,108.6,7,0,45,42,0,0,1,50,47,8,0,0,0,0,0,0,0,2.8,13,190,0.9,32,32,14,32,14,32,31,31,32,-851583,8,4.863,0.015,13.853,40,0,32,0,0,35,1,1,0,0,0,1,0,0,0
20:02:30.225,4.1,6.8,338,121,7.2,0,45,42,0,0,1,51,47,8,0,0,0,0,0,0,0,2.9,13,190,0.9,32,32,14,32,14,32,31,31,32,-851583,8,4.863,0.015,13.846,40,0,32,0,0,35,1,1,0,0,0,1,0,0,0
20:02:30.325,13.4,8.4,337,170.5,11.8,0,45,42,0,0,1,50,47,8,0,0,0,0,0,0,0,4.9,13,190,0.9,32,32,14,32,14,32,31,31,32,-851583,8,4.863,0.015,13.832,41,0,32,0,0,35,1,1,0,0,0,1,0,0,0
20:02:30.425,56.7,9.1,336,207.4,17.2,0,45.8,42,0,0,1,51,47,8,0,0,0,0,0,0,0,10.2,13,190,0.9,32,32,14,32,14,32,32,31,32,-851583,8,4.863,0.015,13.832,41,0,32,0,0,35,1,1,0,0,0,1,0,0,0
20:02:30.525,124.7,13.3,333,349,31.9,0,45.9,41.9,0,0,1,50,47,8,0,0,0,0,0,0,0,19.3,13,190,0.9,32,32,14,32,14,32,31,31,32,-851583,8,4.863,0.015,13.839,40,0,32,0,0,35,1,1,0,0,0,1,0,0,0
20:02:30.625,203.3,14.6,332,315.5,39,0,45.9,42,0,0,1,51,48,8,0,0,0,0,0,0,0,21.5,13,190,0.9,32,32,14,32,14,32,32,31,32,-851583,8,4.863,0.015,13.812,40,0,32,0,0,35,1,1,0,0,0,1,0,0,0
20:02:30.725,291.9,15.8,330,361.8,38.9,0,45.9,42.2,0,0,1,50,47,8,0,0,0,0,0,0,0,30.9,13,190,0.9,32,32,14,32,14,32,32,31,32,-851583,8,4.863,0.015,13.839,40,0,32,0,0,35,1,1,0,0,0,1,0,0,0
20:02:30.825,381.9,18,329,318.1,44.5,0,45.9,42,0,0,1,51,49,8,0,0,0,0,0,0,0,30.1,13,190,0.9,32,32,14,32,14,32,32,31,32,-851583,8,4.863,0.015,13.839,40,0,32,0,0,35,1,1,0,0,0,1,0,0,0
20:02:30.925,470.6,20.5,329,352.2,46.7,0,45.9,42.2,0,0,1,50,48,8,0,0,0,0,0,0,0,35.2,13,190,0.9,32,32,14,32,14,32,32,31,32,-851583,8,4.863,0.015,13.846,41,0,32,0,0,35,1,1,0,0,0,1,0,0,0
20:02:31.025,562.1,23.2,328,322.3,52.8,0,45.9,42.1,0,0,1,50,48,7,0,0,0,0,0,0,0,37.8,13,190,0.9,32,32,14,32,14,32,31,31,32,-851583,8,4.863,0.015,13.805,40,0,32,0,0,35,1,1,0,0,0,1,0,0,0
20:02:31.125,650,25.3,327,330.6,57.1,0,45.9,42,0,0,1,50,47,8,0,0,0,0,0,0,0,42.7,13,190,0.9,32,32,14,31,14,32,32,31,32,-851583,8,4.863,0.015,13.832,40,0,32,0,0,35,1,1,0,0,0,1,0,0,0
20:02:31.225,750.8,28.8,325,331.1,56.1,0,46.9,42,0,0,1,50,48,8,0,0,0,0,0,0,0,50.2,12,190,0.9,32,32,14,32,14,32,32,31,32,-851583,8,4.863,0.015,13.866,40,0,32,0,0,35,1,1,0,0,0,1,0,0,0
20:02:31.325,830.2,29.7,323,320.7,62.7,0,46.9,42.1,0,0,1,49,48,8,0,0,0,0,0,0,0,47,12,190,0.9,32,32,14,32,14,32,32,31,32,-851583,8,4.863,0.015,13.866,41,0,32,0,0,35,1,1,0,0,0,1,0,0,0
20:02:31.425,910.2,32,320,343.7,59.3,0,46.9,42.2,0,0,1,50,48,8,0,0,0,0,0,0,0,56.1,12,190,0.9,32,32,14,32,14,32,32,31,32,-851583,8,4.863,0.015,13.839,40,0,32,0,0,35,1,1,0,0,0,1,0,0,0
20:02:31.525,999.8,34.5,319,345.5,59.9,0,46.9,42.1,0,0,1,49,48,8,0,0,0,0,0,0,0,57.2,12,190,0.9,32,32,14,31,14,32,32,31,32,-851583,8,4.858,0.015,13.818,41,0,32,0,0,35,1,1,0,0,0,1,0,0,0
20:02:31.625,1085.2,37,319,331.6,69,0,46.9,42,0,0,1,50,49,8,0,0,0,0,0,0,0,58.5,12,190,0.9,32,32,14,32,14,32,32,31,32,-851583,8,4.863,0.015,13.812,41,0,32,0,0,35,1,1,0,0,0,1,0,0,0
20:02:31.725,1165.2,39,318,333.6,71.2,0,47.8,42.1,0,0,1,50,48,7,0,0,0,0,0,0,0,67.9,12,190,0.9,32,32,14,32,14,32,31,31,32,-851583,8,4.863,0.015,13.859,40,0,32,0,0,35,1,1,0,0,0,1,0,0,0
20:02:31.825,1261.4,42.7,318,321.7,78,0,47.9,42.1,0,0,1,49,48,8,0,0,0,0,0,0,0,67.7,12,190,0.9,32,32,14,32,14,32,32,31,32,-851583,8,4.858,0.015,13.839,41,0,32,0,0,35,1,1,0,0,0,1,0,0,0
20:02:31.925,1340.6,44,315,330.4,78.5,0,47.9,42,0,0,1,50,48,8,0,0,0,0,0,0,0,75.2,12,190,0.9,32,32,14,32,14,32,32,31,32,-851583,8,4.863,0.015,13.859,40,0,32,0,0,35,1,1,0,0,0,1,0,0,0
20:02:32.025,1430.3,47.1,315,338.3,83,0,47.9,42,0,0,1,50,48,7,0,0,0,0,0,0,0,76.2,12,190,1,32,32,14,32,14,32,32,31,32,-851583,8,4.863,0.015,13.846,40,0,32,0,0,35,1,1,0,0,0,1,0,0,0
20:02:32.125,1511.6,48.8,311,326.8,74.7,0,47.9,42,0,0,1,50,48,8,0,0,0,0,0,0,0,82.2,12,190,1,32,32,14,31,14,32,32,31,32,-851583,8,4.863,0.015,13.853,40,0,32,0,0,35,1,1,0,0,0,1,0,0,0
20:02:32.225,1598.8,51.6,311,342.9,88.7,0,47.9,42.2,0,0,1,49,48,8,0,0,0,0,0,0,0,86.3,12,190,1,32,32,14,32,14,32,32,31,32,-851583,8,4.863,0.015,13.832,40,0,32,0,0,35,1,1,0,0,0,1,0,0,0
20:02:32.325,1683.1,54,307,321.9,90.8,0,48.9,42.2,0,0,1,50,48,8,0,0,0,0,0,0,0,91.2,12,190,1,32,32,14,32,14,32,32,31,32,-851583,8,4.863,0.015,13.853,40,0,32,0,0,35,1,1,0,0,0,1,0,0,0
20:02:32.425,1765.4,56.4,310,358.8,85.2,0,48.9,42.1,0,0,1,54,49,8,0,0,0,0,0,0,0,98,12,190,1,32,32,14,31,14,32,31,31,32,-851583,8,4.863,0.015,13.818,40,0,32,0,0,35,1,1,0,0,0,1,0,0,0
20:02:32.525,1848.8,59.7,308,335.5,81.6,0,48.9,42.2,0,0,1,52,48,8,0,0,0,0,0,0,0,100.2,12,190,1,32,32,14,32,14,32,32,31,32,-851583,8,4.863,0.015,13.839,40,0,32,0,0,35,1,1,0,0,0,1,0,0,0
20:02:32.625,1932.3,62,305,341.3,84.7,0,48.9,42.2,0,0,1,54,47,8,0,0,0,0,0,0,0,107.9,12,190,1,32,32,14,32,14,32,32,31,32,-851583,8,4.863,0.015,13.859,41,0,32,0,0,35,1,1,0,0,0,1,0,0,0
20:02:32.725,2010.9,63,301,321.6,85.4,0,48.9,42.2,0,0,1,52,49,7,0,0,0,0,0,0,0,104.7,12,190,1,32,32,14,32,14,32,32,31,32,-851583,8,4.863,0.015,13.859,40,0,32,0,0,35,1,1,0,0,0,1,0,0,0
20:02:32.825,2100.4,66.5,302,332.4,91.9,0,48.9,42.1,0,0,1,52,48,7,0,0,0,0,0,0,0,110.8,12,190,1,32,32,14,32,14,32,32,31,32,-851583,8,4.863,0.015,13.839,41,0,32,0,0,35,1,1,0,0,0,1,0,0,0
20:02:32.925,2173.4,69.1,301,330.2,104.3,0,49.9,42.2,0,0,1,51,48,8,0,0,0,0,0,0,0,122.8,12,190,1,32,32,14,32,14,32,32,31,32,-851583,8,4.863,0.015,13.853,40,0,32,0,0,35,1,1,0,0,0,1,0,0,0
20:02:33.025,2265.7,72,297,344.6,97.5,0,49.9,42.2,0,0,1,52,49,7,0,0,0,0,0,0,0,121.7,12,190,1,32,32,14,32,14,32,32,31,32,-851583,8,4.863,0.015,13.866,40,0,32,0,0,35,1,1,0,0,0,1,0,0,0
20:02:33.125,2335,75,298,355.6,95.8,0,49.9,42.2,0,0,1,52,48,8,0,0,0,0,0,0,0,130.5,12,190,1,32,32,14,32,14,32,32,31,32,-851583,8,4.863,0.015,13.853,40,0,32,0,0,35,1,1,0,0,0,1,0,0,0
20:02:33.225,2433.4,78.2,296,347.6,112.2,0,49.9,42.3,0,0,1,52,49,7,0,0,0,0,0,0,0,128.8,11,190,1,32,32,14,32,14,32,32,31,32,-851583,8,4.863,0.015,13.805,41,0,32,0,0,35,1,1,0,0,0,1,0,0,0
20:02:33.325,2500.7,78.5,292,336.2,87.1,0,49.9,42.3,0,0,1,51,49,8,0,0,0,0,0,0,0,127.9,11,190,1,32,32,14,32,14,32,32,31,32,-851583,8,4.863,0.015,13.818,40,0,32,0,0,35,1,1,0,0,0,1,0,0,0
20:02:33.425,2578.8,82.4,291,348.3,122.6,0,49.9,42.3,0,0,1,52,49,8,0,0,0,0,0,0,0,133.9,11,190,1,32,32,14,32,14,32,32,31,32,-851583,8,4.863,0.015,13.846,40,0,32,0,0,35,1,1,0,0,0,1,0,0,0
20:02:33.525,2519.2,42.6,335,0,0,0,50.9,42.8,4,0,1,51,49,8,0,0,0,0,0,0,0,0.1,11,190,1,32,32,14,14,14,32,32,31,32,-851583,8,4.858,0.015,13.907,41,0,32,0,0,35,1,1,0,0,0,1,0,0,0
20:02:33.625,2595,81.5,308,114.6,16.8,0,50.9,42.4,0,0,1,51,47,8,0,0,0,0,0,0,0,60.8,11,190,1,32,32,14,32,14,32,32,31,32,-851583,8,4.863,0.015,13.832,40,0,32,0,0,35,1,1,0,0,0,1,0,0,0
20:02:33.725,2559.3,49.2,336,0,0,0,50.9,42.9,4,0,1,51,47,8,0,0,0,0,0,0,0,0,11,190,1,32,32,14,32,14,32,32,31,32,-851583,8,4.858,0.015,13.914,40,0,32,0,0,35,1,1,0,0,0,1,0,0,0
20:02:33.825,2499.2,49.4,336,0,0,0,50.9,42.9,4,0,1,52,48,7,0,0,0,0,0,0,0,0,11,190,1,32,32,14,32,14,32,32,31,32,-851583,8,4.863,0.015,13.866,40,0,32,0,0,35,1,1,0,0,0,1,0,0,0
20:02:33.925,2528.6,45.1,336,0,0,0,50.9,42.9,4,0,1,51,48,8,0,0,0,0,0,0,0,0,13,190,1,32,32,14,32,14,32,32,31,32,-851583,8,4.863,0.015,13.894,40,0,32,0,0,35,1,1,0,0,0,1,0,0,0
20:02:34.025,2622.9,49.8,335,157.5,20.6,0,50.9,42.5,0,0,1,51,49,7,0,0,0,0,0,0,0,90.8,13,190,1,32,32,14,32,14,32,32,31,32,-851583,8,4.863,0.015,13.873,40,0,32,0,0,35,1,1,0,0,0,1,0,0,0
20:02:34.125,2575.1,59.8,336,0,0,0,50.9,42.9,4,0,1,51,48,8,0,0,0,0,0,0,0,0,13,190,1,32,32,14,32,14,32,32,31,32,-851583,8,4.858,0.015,13.894,40,0,32,0,0,35,1,1,0,0,0,1,0,0,0
20:02:34.225,2487.6,48.2,337,0,0,0,50.9,42.9,4,0,1,50,48,8,0,0,0,0,0,0,0,0,13,190,1,32,32,14,32,14,33,32,31,32,-851583,8,4.863,0.015,13.9,40,0,32,0,0,35,1,1,0,0,0,1,0,0,0
20:02:34.325,2477,43.7,337,0,0,0,50.9,42.9,4,0,1,51,48,8,0,0,0,0,0,0,0,0,13,190,1,32,32,14,32,14,33,32,31,32,-851583,8,4.858,0.015,13.907,40,0,32,0,0,35,1,1,0,0,0,1,0,0,0
20:02:34.425,2533.3,46.2,335,0,0,0,50.9,42.9,0,0,1,51,48,7,0,0,0,0,0,0,0,0,13,190,1,32,32,14,33,14,33,32,31,32,-851583,8,4.858,0.015,13.894,41,0,32,0,0,35,1,1,0,0,0,1,0,0,0
20:02:34.525,2498.6,46.9,338,0,0,0,50.9,42.9,0,0,1,50,48,7,0,0,0,0,0,0,0,0,13,190,1,32,32,14,32,14,33,31,31,32,-851583,8,4.858,0.015,13.921,40,0,32,0,0,35,1,1,0,0,0,1,0,0,0
20:02:34.625,2495,47.2,336,0,0,0,50.9,42.9,0,0,1,51,48,8,0,0,0,0,0,0,0,0,13,190,1,32,32,14,32,14,33,32,31,32,-851583,8,4.863,0.015,13.935,40,0,32,0,0,35,1,1,0,0,0,1,0,0,0
20:02:34.725,2457,45.6,336,0,0,0,50.9,42.9,0,0,1,51,48,7,0,0,0,0,0,0,0,0,13,190,1,32,32,14,32,14,33,32,31,32,-851583,8,4.858,0.015,13.928,40,0,32,0,0,35,1,1,0,0,0,1,0,0,0
20:02:34.825,2428.3,44.8,337,0,0,0,50.9,42.9,0,0,1,50,48,8,0,0,0,0,0,0,0,0,13,190,1,32,32,14,32,14,33,32,31,32,-851583,8,4.858,0.015,13.921,40,0,32,0,0,35,1,1,0,0,0,1,0,0,0
20:02:34.925,2411.8,45.3,338,0,0,0,50.9,43,0,0,1,50,48,8,0,0,0,0,0,0,0,0,13,190,1,33,33,14,32,14,33,32,31,32,-851583,8,4.858,0.015,13.907,40,0,32,0,0,35,1,1,0,0,0,1,0,0,0
20:02:35.025,2373.2,43.9,337,0,0,0,50.9,43,0,0,1,50,48,7,0,0,0,0,0,0,0,0,13,190,1,33,33,14,32,14,33,32,31,32,-851583,8,4.858,0.015,13.907,41,0,32,0,0,35,1,1,0,0,0,1,0,0,0
20:02:35.125,2343.8,43,337,0,0,0,50.9,43,0,0,1,50,48,7,0,0,0,0,0,0,0,0,13,190,1,33,33,14,32,14,33,32,31,32,-851583,8,4.858,0.015,13.9,41,0,32,0,0,35,1,1,0,0,0,1,0,0,0
20:02:35.225,2315.2,44.2,337,0,0,0,50.9,43,0,0,1,49,47,8,0,0,0,0,0,0,0,0,13,190,1,33,33,14,32,14,33,32,31,32,-851583,8,4.858,0.015,13.955,40,0,32,0,0,35,1,1,0,0,0,1,0,0,0
20:02:35.325,2289.7,42.9,337,0,0,0,50.9,43,0,0,1,49,47,7,0,0,0,0,0,0,0,0,13,190,1,33,33,14,32,14,33,32,31,32,-851583,8,4.863,0.015,13.921,41,0,32,0,0,35,1,1,0,0,0,1,0,0,0
20:02:35.425,2252.3,41.9,338,0,0,0,50.9,43,0,0,1,50,47,8,0,0,0,0,0,0,0,0,13,190,1,33,33,14,32,14,33,32,31,32,-851583,8,4.863,0.015,13.873,40,0,32,0,0,35,1,1,0,0,0,1,0,0,0
20:02:35.525,2223.1,41.9,338,0,0,0,50.9,43,0,0,1,49,46,7,0,0,0,0,0,0,0,0,13,190,1,33,33,14,32,14,33,32,31,32,-851583,8,4.858,0.015,13.928,40,0,32,0,0,35,1,1,0,0,0,1,0,0,0
20:02:35.625,2213.7,41.5,338,0,0,0,50.9,43,0,0,1,49,47,8,0,0,0,0,0,0,0,0,13,190,1,33,33,14,32,14,33,31,31,32,-851583,8,4.858,0.015,13.914,40,0,32,0,0,35,1,1,0,0,0,1,0,0,0
20:02:35.725,2176.3,40.2,338,0,0,0,50.9,43,0,0,1,50,48,8,0,0,0,0,0,0,0,0,13,190,1,33,33,14,32,14,33,31,31,32,-851583,8,4.863,0.015,13.9,40,0,32,0,0,35,1,1,0,0,0,1,0,0,0
20:02:35.825,2136,39.2,337,0,0,0,50.9,43,0,0,1,50,48,8,0,0,0,0,0,0,0,0,13,190,1,33,33,14,32,14,33,32,31,32,-851583,8,4.863,0.015,13.921,41,0,32,0,0,35,1,1,0,0,0,1,0,0,0
20:02:35.925,2114.4,39.8,338,0,0,0,50.9,43,0,0,1,49,47,7,0,0,0,0,0,0,0,0,13,190,1,33,33,14,32,14,33,32,31,32,-851583,8,4.858,0.015,13.907,40,0,32,0,0,35,1,1,0,0,0,1,0,0,0
20:02:36.025,2085.2,38.4,337,0,0,0,50.6,43,0,0,1,50,47,8,0,0,0,0,0,0,0,0,13,190,1,33,33,14,32,14,33,32,31,32,-851583,8,4.858,0.015,13.914,40,0,32,0,0,35,1,1,0,0,0,1,0,0,0
20:02:36.125,2064.2,38.8,338,0,0,0,50,43,0,0,1,52,47,8,0,0,0,0,0,0,0,0,13,190,1,33,33,14,32,14,33,32,31,32,-851583,8,4.858,0.015,13.907,40,0,32,0,0,35,1,1,0,0,0,1,0,0,0
20:02:36.225,2022.1,37.9,339,0,0,0,50,43,0,0,1,51,48,7,0,0,0,0,0,0,0,0,13,190,1,33,33,14,32,14,33,32,31,32,-851583,8,4.863,0.015,13.894,40,0,32,0,0,35,1,1,0,0,0,1,0,0,0
20:02:36.325,1985.9,36.9,338,0,0,0,50,43,0,0,1,54,48,8,0,0,0,0,0,0,0,0,13,190,1,33,33,14,32,14,33,32,31,32,-851583,8,4.858,0.015,13.907,40,0,32,0,0,35,1,1,0,0,0,1,0,0,0
20:02:36.425,1934.4,35.9,337,0,0,0,50,43,0,0,1,52,49,8,0,0,0,0,0,0,0,0,13,190,1,33,33,14,32,14,33,32,31,32,-851583,8,4.858,0.015,13.914,40,0,32,0,0,35,1,1,0,0,0,1,0,0,0
20:02:36.525,1890.3,34.4,338,0,0,0,50,43,0,0,1,54,48,8,0,0,0,0,0,0,0,0,13,190,1,33,33,14,32,14,33,32,31,32,-851583,8,4.863,0.015,13.9,41,0,32,0,0,35,1,1,0,0,0,1,0,0,0
20:02:36.625,1840,33.6,337,0,0,0,50,43,0,0,1,51,49,7,0,0,0,0,0,0,0,0,13,190,1,33,33,14,32,14,33,32,31,32,-851583,8,4.858,0.015,13.921,40,0,32,0,0,35,1,1,0,0,0,1,0,0,0
20:02:36.725,1790.8,32.8,337,0,0,0,50,43,0,0,1,51,49,7,0,0,0,0,0,0,0,0,13,190,1,33,33,14,32,14,33,32,31,32,-851583,8,4.858,0.015,13.928,40,0,32,0,0,35,1,1,0,0,0,1,0,0,0
20:02:36.825,1745,32.3,338,0,0,0,50,43,0,0,1,51,48,8,0,0,0,0,0,0,0,0,13,190,1,33,33,14,32,14,33,32,31,32,-851583,8,4.858,0.015,13.921,40,0,32,0,0,35,1,1,0,0,0,1,0,0,0
20:02:36.925,1702.5,31.1,339,0,0,0,50,43,0,0,1,50,49,8,0,0,0,0,0,0,0,0,13,190,1,33,33,14,32,14,33,32,31,32,-851583,8,4.858,0.015,13.887,40,0,32,0,0,35,1,1,0,0,0,1,0,0,0
20:02:37.025,1660.2,30.9,338,0,0,0,50,43,0,0,1,50,49,8,0,0,0,0,0,0,0,0,13,190,1,33,33,14,32,14,33,32,31,32,-851583,8,4.858,0.015,13.928,40,0,32,0,0,35,1,1,0,0,0,1,0,0,0
20:02:37.125,1625.1,30,338,0,0,0,50,43.1,0,0,1,50,48,8,0,0,0,0,0,0,0,0,13,190,1,33,33,14,32,14,33,32,31,32,-851583,8,4.858,0.015,13.894,40,0,32,0,0,35,1,1,0,0,0,1,0,0,0
20:02:37.225,1585.9,28.8,339,0,0,0,50,43,0,0,1,51,49,7,0,0,0,0,0,0,0,0,13,190,1,33,33,14,32,14,33,32,31,32,-851583,8,4.858,0.015,13.914,40,0,32,0,0,35,1,1,0,0,0,1,0,0,0
20:02:37.325,1549.4,28.4,337,0,0,0,50,43,0,0,1,50,48,8,0,0,0,0,0,0,0,0,13,190,1,33,33,14,32,14,33,32,31,32,-851583,8,4.858,0.015,13.887,40,0,32,0,0,35,1,1,0,0,0,1,0,0,0
20:02:37.425,1521.9,27.9,338,0,0,0,50,43,0,0,1,50,48,8,0,0,0,0,0,0,0,0,13,190,1,33,33,14,32,14,33,32,31,32,-851583,8,4.858,0.015,13.907,41,0,32,0,0,35,1,1,0,0,0,1,0,0,0
20:02:37.525,1501.1,28.1,339,0,0,0,50,43,0,0,1,49,49,7,0,0,0,0,0,0,0,0,13,190,1,33,33,14,32,14,33,32,31,32,-851583,8,4.858,0.015,13.921,41,0,32,0,0,35,1,1,0,0,0,1,0,0,0
20:02:37.625,1489,26.9,338,0,0,0,50,43.1,0,0,1,49,48,8,0,0,0,0,0,0,0,0,13,190,1,33,33,14,32,14,33,32,31,32,-851583,8,4.858,0.015,13.921,40,0,32,0,0,35,1,1,0,0,0,1,0,0,0
20:02:37.725,1483.4,27.2,338,0,0,0,50,43,0,0,1,50,48,8,0,0,0,0,0,0,0,0,13,190,1,33,33,14,32,14,33,32,31,32,-851583,8,4.858,0.015,13.887,40,0,32,0,0,35,1,1,0,0,0,1,0,0,0
20:02:37.825,1537.5,42.7,327,113.7,29.6,0,50,43,0,0,1,50,48,8,0,0,0,0,0,0,0,36.1,13,190,1,33,33,14,32,14,33,32,31,32,-851583,8,4.863,0.015,13.88,40,0,32,0,0,35,1,1,0,0,0,1,0,0,0
20:02:37.925,1540,39.4,326,135.6,42,0,50,43,0,0,1,50,48,7,0,0,0,0,0,0,0,37.1,13,190,1,33,33,14,32,14,33,32,31,32,-851583,8,4.863,0.015,13.859,40,0,32,0,0,35,1,1,0,0,0,1,0,0,0
20:02:38.025,1568.8,38.7,327,105.4,31.2,0,50,43,0,0,1,49,48,7,0,0,0,0,0,0,0,32,13,190,1,33,33,14,32,14,33,32,31,32,-851583,8,4.863,0.015,13.839,40,0,32,0,0,35,1,1,0,0,0,1,0,0,0
20:02:38.125,1547.4,30.2,336,15.1,5.8,0,50,43,0,0,1,50,49,8,0,0,0,0,0,0,0,3.9,13,190,1,33,33,14,32,14,33,32,31,32,-851583,8,4.863,0.015,13.846,40,0,32,0,0,35,1,1,0,0,0,1,0,0,0
20:02:38.225,1550.6,28.5,337,3.5,1,0,50,42.9,0,0,1,49,48,8,0,0,0,0,0,0,0,0,13,190,1,33,33,14,32,14,33,32,31,32,-851583,8,4.863,0.015,13.812,40,0,32,0,0,35,1,1,0,0,0,1,0,0,0
20:02:38.325,1546.7,29.8,337,1.7,0,0,50,42.9,0,0,1,49,48,8,0,0,0,0,0,0,0,0,13,190,1,33,33,14,32,14,33,32,31,32,-851583,8,4.863,0.015,13.866,40,0,32,0,0,35,1,1,0,0,0,1,0,0,0
20:02:38.425,1531.8,27.9,337,0.2,0,0,50,43.1,0,0,1,49,49,8,0,0,0,0,0,0,0,-0.5,13,190,1,33,33,14,31,14,33,32,31,32,-851583,8,4.863,0.015,13.866,40,0,32,0,0,35,1,1,0,0,0,1,0,0,0
20:02:38.525,1509.4,27.5,338,0,0,0,50,43.3,0,0,1,50,48,8,0,0,0,0,0,0,0,0,13,190,1,33,33,14,32,14,33,32,31,32,-851583,8,4.863,0.015,13.866,40,0,32,0,0,35,1,1,0,0,0,1,0,0,0
20:02:38.625,1482.8,27.4,338,0,0,0,50,43.2,0,0,1,50,48,7,0,0,0,0,0,0,0,0,13,190,1,33,33,14,32,14,33,32,31,32,-851583,8,4.858,0.015,13.894,40,0,32,0,0,35,1,1,0,0,0,1,0,0,0
20:02:38.725,1455.7,26.7,338,0,0,0,50,43.3,0,0,1,50,49,8,0,0,0,0,0,0,0,0,13,190,1,33,33,14,32,14,33,32,31,32,-851583,8,4.858,0.015,13.894,41,0,32,0,0,35,1,1,0,0,0,1,0,0,0
20:02:38.825,1430.7,26.1,338,0,0,0,50,43.4,0,0,1,50,48,8,0,0,0,0,0,0,0,0,13,190,1,33,33,14,32,14,33,32,31,32,-851583,8,4.863,0.015,13.873,40,0,32,0,0,35,1,1,0,0,0,1,0,0,0
20:02:38.925,1404.5,26.5,338,0,0,0,50,43.4,0,0,1,50,49,8,0,0,0,0,0,0,0,0,13,190,1,33,33,14,32,14,33,32,31,32,-851583,8,4.858,0.015,13.921,41,0,32,0,0,35,1,1,0,0,0,1,0,0,0
20:02:39.025,1383.5,25.8,339,0,0,0,50,43.2,0,0,1,50,48,8,0,0,0,0,0,0,0,0,13,190,1,33,33,14,32,14,33,32,31,32,-851583,8,4.863,0.015,13.887,40,0,32,0,0,35,1,1,0,0,0,1,0,0,0
20:02:39.125,1359.9,25.3,339,0,0,0,49.9,43.4,0,0,1,50,47,8,0,0,0,0,0,0,0,0,13,190,1,33,33,14,32,14,33,32,31,32,-851583,8,4.858,0.015,13.9,41,0,32,0,0,35,1,1,0,0,0,1,0,0,0
20:02:39.225,1327.7,24.5,340,0,0,0,49.9,43.3,0,0,1,49,48,8,0,0,0,0,0,0,0,0,13,190,1,33,33,14,32,14,33,32,31,32,-851583,8,4.858,0.015,13.907,40,0,32,0,0,35,1,1,0,0,0,1,0,0,0
20:02:39.325,1299.1,23.4,338,0,0,0,49.9,43.3,0,0,1,49,47,7,0,0,0,0,0,0,0,0,13,190,1,33,33,14,33,14,33,32,31,32,-851583,8,4.863,0.015,13.894,41,0,32,0,0,35,1,1,0,0,0,1,0,0,0
20:02:39.425,1285.8,24.1,340,0,0,0,49,43.4,0,0,1,49,48,7,0,0,0,0,0,0,0,0,13,190,1,33,33,14,32,14,33,32,31,32,-851583,8,4.863,0.015,13.866,40,0,32,0,0,35,1,1,0,0,0,1,0,0,0
20:02:39.525,1254.4,23.9,339,0,0,0,49,43.3,0,0,1,50,48,7,0,0,0,0,0,0,0,0,13,190,1,33,33,14,14,14,33,32,31,32,-851583,8,4.863,0.015,13.873,40,0,32,0,0,35,1,1,0,0,0,1,0,0,0
20:02:39.625,1224.6,22,338,0,0,0,49,43.5,0,0,1,49,47,8,0,0,0,0,0,0,0,0,13,190,1,33,33,14,32,14,33,32,31,32,-851583,8,4.863,0.015,13.887,40,0,32,0,0,35,1,1,0,0,0,1,0,0,0
20:02:39.725,1222.5,22,338,0,0,0,49,43.4,0,0,1,49,48,7,0,0,0,0,0,0,0,0,13,190,1,33,33,14,32,14,33,32,31,32,-851583,8,4.863,0.015,13.887,40,0,32,0,0,35,1,1,0,0,0,1,0,0,0
20:02:39.825,1190.1,22.6,337,0,0,0,49,43.4,0,0,1,49,47,8,0,0,0,0,0,0,0,0,13,190,1,33,33,14,33,14,33,32,31,32,-851583,8,4.863,0.015,13.873,40,0,32,0,0,35,1,1,0,0,0,1,0,0,0
20:02:39.925,1165.3,21.5,339,0,0,0,49,43.5,0,0,1,54,50,7,0,0,0,0,0,0,0,0,13,190,1,33,33,14,32,14,33,32,31,32,-851583,8,4.858,0.015,13.921,40,0,32,0,0,35,1,1,0,0,0,1,0,0,0
20:02:40.025,1154,21.3,338,0,0,0,49,43.3,0,0,1,51,48,8,0,0,0,0,0,0,0,0,13,190,1,33,33,14,33,14,33,31,31,32,-851583,8,4.863,0.015,13.88,40,0,32,0,0,35,1,1,0,0,0,1,0,0,0
20:02:40.125,1134.2,21.2,338,0,0,0,49,43.3,0,0,1,51,48,7,0,0,0,0,0,0,0,0,13,190,1,33,33,14,33,14,33,32,31,32,-851583,8,4.858,0.015,13.887,41,0,32,0,0,35,1,1,0,0,0,1,0,0,0
20:02:40.225,1110.1,20,338,0,0,0,49,43.1,0,0,1,51,49,8,0,0,0,0,0,0,0,0,13,190,1,33,33,14,32,14,33,32,31,32,-851583,8,4.858,0.015,13.907,40,0,32,0,0,35,1,1,0,0,0,1,0,0,0
20:02:40.325,1095.2,20.2,338,0,0,0,49,43.4,0,0,1,50,49,8,0,0,0,0,0,0,0,0,13,190,1,33,33,14,32,14,33,32,31,32,-851583,8,4.863,0.015,13.866,40,0,32,0,0,35,1,1,0,0,0,1,0,0,0
20:02:40.425,1071.8,19.5,339,0,0,0,49,43.2,0,0,1,51,48,8,0,0,0,0,0,0,0,0,13,190,1,33,33,14,33,14,33,32,31,32,-851583,8,4.863,0.015,13.894,40,0,32,0,0,35,1,1,0,0,0,1,0,0,0
20:02:40.525,1047.9,19.7,339,0,0,0,49,43.5,0,0,1,51,48,7,0,0,0,0,0,0,0,0,13,190,1,33,33,14,32,14,33,32,31,32,-851583,8,4.863,0.015,13.859,40,0,32,0,0,35,1,1,0,0,0,1,0,0,0
20:02:40.625,1022.4,19.2,339,0,0,0,49,43.3,0,0,1,52,48,8,0,0,0,0,0,0,0,0,13,190,1,33,33,14,32,14,33,32,31,32,-851583,8,4.863,0.015,13.894,40,0,32,0,0,35,1,1,0,0,0,1,0,0,0
20:02:40.725,999.9,18.5,340,0,0,0,49,43.2,0,0,1,50,49,8,0,0,0,0,0,0,0,0,13,190,1,33,33,14,32,14,33,32,31,32,-851583,8,4.863,0.015,13.907,40,0,32,0,0,35,1,1,0,0,0,1,0,0,0
20:02:40.825,969.3,18.4,339,0,0,0,49,43.4,0,0,1,51,49,7,0,0,0,0,0,0,0,0,13,190,1,33,33,14,32,14,33,32,31,32,-851583,8,4.863,0.015,13.88,40,0,32,0,0,35,1,1,0,0,0,1,0,0,0
20:02:40.925,942.5,17.2,339,0,0,0,49,43.2,0,0,1,52,50,8,0,0,0,0,0,0,0,0,13,190,1,33,33,14,32,14,33,32,31,32,-851583,8,4.863,0.015,13.88,41,0,32,0,0,35,1,1,0,0,0,1,0,0,0
20:02:41.025,911.4,17.6,340,0,0,0,49,43.3,0,0,1,50,48,7,0,0,0,0,0,0,0,0,13,190,1,33,33,14,32,14,33,32,31,32,-851583,8,4.863,0.015,13.88,40,0,32,0,0,35,1,1,0,0,0,1,0,0,0
20:02:41.125,883,15.7,340,0,0,0,49,43.2,0,0,1,49,48,7,0,0,0,0,0,0,0,0,13,190,1,33,33,14,32,14,33,32,31,32,-851583,8,4.858,0.015,13.914,40,0,32,0,0,35,1,1,0,0,0,1,0,0,0
20:02:41.225,850.5,15.7,340,0,0,0,49,43.3,0,0,1,50,48,8,0,0,0,0,0,0,0,0,13,190,1,33,33,14,32,14,33,32,31,32,-851583,8,4.863,0.015,13.866,40,0,32,0,0,35,1,1,0,0,0,1,0,0,0
20:02:41.325,832,15.1,339,0,0,0,49,43,0,0,1,50,48,8,0,0,0,0,0,0,0,0,13,190,1,33,33,14,32,14,33,32,31,32,-851583,8,4.858,0.015,13.907,40,0,32,0,0,35,1,1,0,0,0,1,0,0,0
20:02:41.425,808.6,15.3,339,0,0,0,49,43.1,0,0,1,50,48,7,0,0,0,0,0,0,0,0,13,190,1,33,33,14,32,14,33,32,31,32,-851583,8,4.858,0.015,13.914,40,0,32,0,0,35,1,1,0,0,0,1,0,0,0
20:02:41.525,801,15.6,338,1.1,0,0,49,43,0,0,1,50,48,7,0,0,0,0,0,0,0,0,13,190,1,33,33,14,32,14,33,32,31,32,-851583,8,4.863,0.015,13.866,40,0,32,0,0,35,1,1,0,0,0,1,0,0,0
20:02:41.625,790.1,20.8,337,9.1,1.2,0,49,43,0,0,1,51,48,8,0,0,0,0,0,0,0,1.5,13,190,1,33,33,14,32,14,33,32,31,32,-851583,8,4.863,0.015,13.839,40,0,32,0,0,35,1,1,0,0,0,1,0,0,0
20:02:41.725,797,21.4,336,34.3,6.4,0,48.9,43,0,0,1,51,47,8,0,0,0,0,0,0,0,4.7,13,190,1,33,33,14,32,14,33,32,31,32,-851583,8,4.863,0.015,13.839,40,0,32,0,0,35,1,1,0,0,0,1,0,0,0
20:02:41.825,807.2,23.6,335,45.9,8.8,0,48,43,0,0,1,52,49,8,0,0,0,0,0,0,0,7.3,13,190,1,33,33,14,32,14,33,32,31,32,-851583,8,4.863,0.015,13.88,40,0,32,0,0,35,1,1,0,0,0,1,0,0,0
20:02:41.925,808.3,22.5,334,67.9,12.7,0,48,43,0,0,1,52,48,8,0,0,0,0,0,0,0,10.5,13,190,1,33,33,14,32,14,33,32,31,32,-851583,8,4.863,0.015,13.846,40,0,32,0,0,35,1,1,0,0,0,1,0,0,0
20:02:42.025,815.9,22.8,334,66.8,12.5,0,48,43,0,0,1,50,48,7,0,0,0,0,0,0,0,10.4,13,190,1,33,33,14,32,14,33,32,31,32,-851583,8,4.863,0.015,13.846,40,0,32,0,0,35,1,1,0,0,0,1,0,0,0
20:02:42.125,831.1,24.1,334,68.4,13.1,0,48,43,0,0,1,51,48,8,0,0,0,0,0,0,0,10.8,13,190,1,33,33,14,32,14,33,32,31,32,-851583,8,4.863,0.015,13.873,40,0,32,0,0,35,1,1,0,0,0,1,0,0,0
20:02:42.225,850.9,24.1,333,93.2,18.4,0,48,43,0,0,1,50,48,8,0,0,0,0,0,0,0,15.2,13,190,1,33,33,14,32,14,33,32,31,32,-851583,8,4.863,0.015,13.846,40,0,32,0,0,35,1,1,0,0,0,1,0,0,0
20:02:42.325,871.6,24.9,334,88.2,17.2,0,48,43,0,0,1,50,48,7,0,0,0,0,0,0,0,14.3,13,190,1,33,33,14,32,14,33,32,31,32,-851583,8,4.863,0.015,13.839,40,0,32,0,0,35,1,1,0,0,0,1,0,0,0
20:02:42.425,893,25,332,93.1,18.2,0,48,43,0,0,1,51,48,7,0,0,0,0,0,0,0,15.7,13,190,1,33,33,14,32,14,33,32,31,32,-851583,8,4.863,0.015,13.866,40,0,32,0,0,35,1,1,0,0,0,1,0,0,0
20:02:42.525,918.1,26,332,97.2,20,0,48,43,0,0,1,51,48,7,0,0,0,0,0,0,0,16.9,13,190,1,33,33,14,32,14,33,32,31,32,-851583,8,4.863,0.015,13.839,40,0,32,0,0,35,1,1,0,0,0,1,0,0,0
20:02:42.625,936.3,26.1,332,95.3,20.4,0,48,43,0,0,1,51,49,7,0,0,0,0,0,0,0,17.1,13,190,1,33,33,14,32,14,33,32,31,32,-851583,8,4.863,0.015,13.853,40,0,32,0,0,35,1,1,0,0,0,1,0,0,0
20:02:42.725,958.5,27.1,331,107.4,22.8,0,48,43,0,0,1,51,48,7,0,0,0,0,0,0,0,18.9,13,190,1,33,33,14,32,14,33,32,31,32,-851583,8,4.863,0.015,13.88,40,0,32,0,0,35,1,1,0,0,0,1,0,0,0
20:02:42.825,994.2,29.9,329,133.2,27.5,0,48,43,0,0,1,51,48,8,0,0,0,0,0,0,0,26.9,13,190,1,33,33,14,32,14,33,32,31,32,-851583,8,4.863,0.015,13.846,40,0,32,0,0,35,1,1,0,0,0,1,0,0,0
20:02:42.925,1037.5,30.6,326,188.5,40.2,0,48,43,0,0,1,51,49,7,0,0,0,0,0,0,0,35.2,13,190,1,33,33,14,32,14,33,32,31,32,-851583,8,4.863,0.015,13.894,40,0,32,0,0,35,1,1,0,0,0,1,0,0,0
20:02:43.025,1085.6,29,329,127.1,28.7,0,48,43,0,0,1,51,49,7,0,0,0,0,0,0,0,25.7,13,190,1,33,33,14,32,14,33,32,31,32,-851583,8,4.863,0.015,13.832,40,0,32,0,0,35,1,1,0,0,0,1,0,0,0
20:02:43.125,1092.9,31.5,330,131.2,27.8,0,48,43,0,0,1,50,48,7,0,0,0,0,0,0,0,26.2,13,190,1,33,33,14,32,14,33,32,31,32,-851583,8,4.863,0.015,13.805,40,0,32,0,0,35,1,1,0,0,0,1,0,0,0
20:02:43.225,1139.5,32.4,329,156.2,37.5,0,48.4,43,0,0,1,51,49,7,0,0,0,0,0,0,0,32,13,190,1,33,33,14,32,14,33,32,31,32,-851583,8,4.863,0.015,13.9,41,0,32,0,0,35,1,1,0,0,0,1,0,0,0
20:02:43.325,1193.3,34.2,327,144.5,35.3,0,48.9,42.9,0,0,1,50,49,7,0,0,0,0,0,0,0,30.9,13,190,1,33,33,14,32,14,33,32,31,32,-851583,8,4.863,0.015,13.873,40,0,32,0,0,35,1,1,0,0,0,1,0,0,0
20:02:43.425,1222.4,34.7,328,148.9,36.3,0,48.9,42.9,0,0,1,51,48,7,0,0,0,0,0,0,0,33.7,12,190,1,33,33,14,32,14,33,32,31,32,-851583,8,4.863,0.015,13.812,40,0,32,0,0,35,1,1,0,0,0,1,0,0,0
20:02:43.525,1264.3,36.7,324,178.7,44.2,0,48.9,42.9,0,0,1,50,48,7,0,0,0,0,0,0,0,39.7,12,190,1,33,33,14,32,14,33,32,31,32,-851583,8,4.858,0.015,13.907,41,0,32,0,0,35,1,1,0,0,0,1,0,0,0
20:02:43.625,1322.5,37.7,324,180.7,48.4,0,48.9,42.9,0,0,1,52,47,7,0,0,0,0,0,0,0,44.6,12,190,1,33,33,14,32,14,33,32,31,32,-851583,8,4.863,0.015,13.88,40,0,32,0,0,35,1,1,0,0,0,1,0,0,0
20:02:43.725,1360.3,38.5,325,180.4,45.9,0,48.9,42.9,0,0,1,54,47,7,0,0,0,0,0,0,0,42.7,12,190,1,33,33,14,32,14,33,32,31,32,-851583,8,4.863,0.015,13.873,40,0,32,0,0,35,1,1,0,0,0,1,0,0,0
20:02:43.825,1393,39.4,323,177.9,48,0,48.9,42.9,0,0,1,52,46,7,0,0,0,0,0,0,0,42.7,12,190,1,33,33,14,32,14,33,32,31,32,-851583,8,4.858,0.015,13.894,40,0,32,0,0,35,1,1,0,0,0,1,0,0,0
20:02:43.925,1433.6,40,322,179.1,47.7,0,48.9,42.9,0,0,1,54,49,7,0,0,0,0,0,0,0,47.4,12,190,1,33,33,14,32,14,33,32,31,32,-851583,8,4.863,0.015,13.873,40,0,32,0,0,35,1,1,0,0,0,1,0,0,0
20:02:44.025,1482.2,41.4,322,174.7,50,0,48.9,42.9,0,0,1,50,48,7,0,0,0,0,0,0,0,48.5,12,190,1,33,33,14,32,14,33,32,31,32,-851583,8,4.858,0.015,13.887,40,0,32,0,0,35,1,1,0,0,0,1,0,0,0
20:02:44.125,1522.9,42,322,169.1,47.4,0,48.9,42.9,0,0,1,51,48,7,0,0,0,0,0,0,0,47.6,12,190,1,33,33,14,32,14,33,32,31,32,-851583,8,4.863,0.015,13.859,41,0,32,0,0,35,1,1,0,0,0,1,0,0,0
20:02:44.225,1578,50.4,312,305.5,75.6,0,48.9,43.1,0,0,1,50,48,7,0,0,0,0,0,0,0,80.1,12,190,1,33,33,14,32,14,33,32,31,32,-851583,8,4.863,0.015,13.866,40,0,32,0,0,35,1,1,0,0,0,1,0,0,0
20:02:44.325,1665.8,51,311,289.9,81.2,0,48.9,43.1,0,0,1,52,50,8,0,0,0,0,0,0,0,78.6,12,190,1,33,33,14,32,14,33,32,31,32,-851583,8,4.863,0.015,13.832,41,0,32,0,0,35,1,1,0,0,0,1,0,0,0
20:02:44.425,1789.8,53.5,313,267.1,79.4,0,48.9,43.1,0,0,1,51,48,8,0,0,0,0,0,0,0,81.6,12,190,1,33,33,14,32,14,33,32,31,32,-851583,8,4.863,0.015,13.866,40,0,32,0,0,35,1,1,0,0,0,1,0,0,0
20:02:44.525,1852.2,52.5,316,214,66.4,0,48.9,42.9,0,0,1,52,49,7,0,0,0,0,0,0,0,69.6,12,190,1,33,33,14,32,14,33,32,31,32,-851583,8,4.863,0.015,13.88,40,0,32,0,0,35,1,1,0,0,0,1,0,0,0
20:02:44.625,1936.2,56.7,316,205.2,73.3,0,48.9,43,0,0,1,50,48,7,0,0,0,0,0,0,0,71.5,12,190,1,33,33,14,32,14,33,32,31,32,-851583,8,4.863,0.015,13.873,40,0,32,0,0,35,1,1,0,0,0,1,0,0,0
20:02:44.725,1977.5,52.2,315,197,69.9,0,48.9,43,0,0,1,50,48,7,0,0,0,0,0,0,0,71.7,12,190,1,33,33,14,32,14,33,32,31,32,-851583,8,4.863,0.015,13.88,40,0,32,0,0,35,1,1,0,0,0,1,0,0,0
20:02:44.825,1892.1,45.6,322,142.3,48.7,0,48.9,43,0,0,1,50,47,7,0,0,0,0,0,0,0,44.4,12,190,1,33,33,14,32,14,33,32,31,32,-851583,8,4.863,0.015,13.866,40,0,32,0,0,35,1,1,0,0,0,1,0,0,0
20:02:44.925,1762.6,31.6,337,5.7,1.4,0,49.9,43,0,0,1,50,47,8,0,0,0,0,0,0,0,0.5,12,190,1,33,33,14,32,14,33,32,31,32,-851583,8,4.863,0.015,13.859,41,0,32,0,0,35,1,1,0,0,0,1,0,0,0
20:02:45.025,1792.8,38.9,334,11.4,3,0,49.9,43,0,0,1,51,47,7,0,0,0,0,0,0,0,3.2,12,190,1,33,33,14,32,14,33,32,31,32,-851583,8,4.863,0.015,13.812,40,0,32,0,0,35,1,1,0,0,0,1,0,0,0
20:02:45.125,1831.5,52.8,325,98.4,28,0,49.9,43,0,0,1,50,47,7,0,0,0,0,0,0,0,31.1,12,190,1,33,33,14,32,14,33,32,31,32,-851583,8,4.863,0.015,13.818,40,0,32,0,0,35,1,1,0,0,0,1,0,0,0
20:02:45.225,1760.4,31.1,336,0,0,0,49.9,43.2,0,0,1,52,47,7,0,0,0,0,0,0,0,0,12,190,1,33,33,14,32,14,33,32,31,32,-851583,8,4.858,0.015,13.914,40,0,32,0,0,35,1,1,0,0,0,1,0,0,0
20:02:45.325,1753.4,36.7,335,6.1,2.4,0,49.9,43,0,0,1,51,49,7,0,0,0,0,0,0,0,1.4,12,190,1,33,33,14,33,14,33,32,31,32,-851583,8,4.858,0.015,13.894,40,0,32,0,0,35,1,1,0,0,0,1,0,0,0
20:02:45.425,1734.2,39.5,334,20.1,5.8,0,49.9,43,0,0,1,51,48,7,0,0,0,0,0,0,0,4.4,12,190,1,33,33,14,32,14,33,32,31,32,-851583,8,4.858,0.015,13.9,41,0,32,0,0,35,1,1,0,0,0,1,0,0,0
20:02:45.525,1718.3,39.7,335,29.6,8.8,0,49.9,43,0,0,1,50,47,7,0,0,0,0,0,0,0,7.8,12,190,1,33,33,14,14,14,33,31,31,32,-851583,8,4.863,0.015,13.866,41,0,32,0,0,35,1,1,0,0,0,1,0,0,0
20:02:45.625,1692.6,37.5,335,18.1,5.3,0,49.9,43,0,0,1,50,47,7,0,0,0,0,0,0,0,4.1,13,190,1,33,33,14,32,14,33,32,31,32,-851583,8,4.858,0.015,13.894,40,0,32,0,0,35,1,1,0,0,0,1,0,0,0
20:02:45.725,1664.3,35,335,10.5,3.3,0,49.9,43,0,0,1,51,47,7,0,0,0,0,0,0,0,2.4,13,190,1,33,33,14,32,14,33,32,31,32,-851583,8,4.863,0.015,13.88,40,0,32,0,0,35,1,1,0,0,0,1,0,0,0
20:02:45.825,1664.9,40.3,333,44.3,14.4,0,49.9,43,0,0,1,50,47,7,0,0,0,0,0,0,0,12.1,13,190,1,33,33,14,33,14,33,32,31,32,-851583,8,4.858,0.015,13.88,40,0,32,0,0,35,1,1,0,0,0,1,0,0,0
20:02:45.925,1661.7,38,331,42.7,12.6,0,49.9,43,0,0,1,50,48,7,0,0,0,0,0,0,0,12.3,13,190,1,33,33,14,32,14,33,32,32,32,-851583,8,4.858,0.015,13.921,40,0,32,0,0,35,1,1,0,0,0,1,0,0,0
20:02:46.025,1646.1,37.9,334,38.4,12.2,0,49.9,43,0,0,1,51,48,7,0,0,0,0,0,0,0,9.1,13,190,1,33,33,14,33,14,33,32,31,32,-851583,8,4.863,0.015,13.846,41,0,32,0,0,35,1,1,0,0,0,1,0,0,0
20:02:46.125,1651.9,38.9,333,38.1,12.3,0,49.9,43,0,0,1,51,48,7,0,0,0,0,0,0,0,10.5,13,190,1,33,33,14,33,14,33,32,31,32,-851583,8,4.858,0.015,13.894,41,0,32,0,0,35,1,1,0,0,0,1,0,0,0
20:02:46.225,1646.2,39.3,332,67,21.8,0,49.9,43,0,0,1,49,48,7,0,0,0,0,0,0,0,17.2,13,190,1,33,33,14,33,14,33,32,31,32,-851583,8,4.863,0.015,13.887,40,0,32,0,0,35,1,1,0,0,0,1,0,0,0
20:02:46.325,1664,47.6,322,128.5,35.6,0,49.9,43.2,0,0,1,50,48,7,0,0,0,0,0,0,0,37.3,13,190,1,33,33,14,32,14,33,32,31,32,-851583,8,4.858,0.015,13.9,40,0,32,0,0,35,1,1,0,0,0,1,0,0,0
20:02:46.425,1720.8,48.5,318,211.2,66.6,0,49.9,43.1,0,0,1,49,47,7,0,0,0,0,0,0,0,61.7,13,190,1,33,33,14,33,14,33,32,32,32,-851583,8,4.858,0.015,13.887,40,0,32,0,0,35,1,1,0,0,0,1,0,0,0
20:02:46.525,1758.6,47.8,320,165.7,52.1,0,49.9,43.1,0,0,1,50,46,7,0,0,0,0,0,0,0,51,13,190,1,33,33,14,32,14,33,32,31,32,-851583,8,4.863,0.015,13.873,40,0,32,0,0,35,1,1,0,0,0,1,0,0,0
20:02:46.625,1788.1,47,322,164,51.7,0,49.9,43.1,0,0,1,50,47,7,0,0,0,0,0,0,0,48.5,13,190,1,33,33,14,32,14,33,32,31,32,-851583,8,4.863,0.015,13.873,40,0,32,0,0,35,1,1,0,0,0,1,0,0,0
20:02:46.725,1783.9,35.9,333,58.6,21.7,0,49.9,43,0,0,1,50,47,7,0,0,0,0,0,0,0,17,12,190,1,33,33,14,32,14,33,32,32,32,-851583,8,4.858,0.015,13.914,40,0,32,0,0,35,1,1,0,0,0,1,0,0,0
20:02:46.825,1738.7,33.7,336,-0.6,0,0,49.9,43,0,0,1,50,49,7,0,0,0,0,0,0,0,-0.8,12,190,1,33,33,14,32,14,33,32,31,32,-851583,8,4.858,0.015,13.928,40,0,32,0,0,35,1,1,0,0,0,1,0,0,0
20:02:46.925,1740.7,33.7,335,2.9,1.2,0,49.9,43,0,0,1,49,48,7,0,0,0,0,0,0,0,0.2,12,190,1,33,33,14,32,14,33,32,31,32,-851583,8,4.863,0.015,13.928,40,0,32,0,0,35,1,1,0,0,0,1,0,0,0
20:02:47.025,1721.3,33.2,336,4.5,1.2,0,49.9,43,0,0,1,50,48,7,0,0,0,0,0,0,0,0.5,12,190,1,33,33,14,32,14,33,32,32,32,-851583,8,4.863,0.015,13.948,41,0,32,0,0,35,1,1,0,0,0,1,0,0,0
20:02:47.125,1706.4,35.2,335,10.7,3.4,0,49.9,43,0,0,1,50,47,7,0,0,0,0,0,0,0,2.4,12,190,1,33,33,14,32,14,33,32,32,32,-851583,8,4.863,0.015,13.914,40,0,32,0,0,35,1,1,0,0,0,1,0,0,0
20:02:47.225,1735.3,46.8,329,60.7,17.2,0,49.9,43,0,0,1,49,48,7,0,0,0,0,0,0,0,23.5,12,190,1,33,33,14,32,14,33,32,31,32,-851583,8,4.858,0.015,13.928,40,0,32,0,0,35,1,1,0,0,0,1,0,0,0
20:02:47.325,1746.9,45,322,137.9,44,0,49.9,43.3,0,0,1,49,47,7,0,0,0,0,0,0,0,41.2,13,190,1,33,33,14,32,14,33,32,32,32,-851583,8,4.858,0.015,13.88,41,0,32,0,0,35,1,1,0,0,0,1,0,0,0
20:02:47.425,1754.3,42,326,89.3,30.4,0,49.9,43,0,0,1,52,48,7,0,0,0,0,0,0,0,29.5,13,190,1,33,33,14,32,14,33,32,32,32,-851583,8,4.863,0.015,13.894,41,0,32,0,0,35,1,1,0,0,0,1,0,0,0
20:02:47.525,1768.9,44,327,95,30.9,0,49.9,43.1,0,0,1,52,47,7,0,0,0,0,0,0,0,27.2,13,190,1,33,33,14,32,14,33,32,31,32,-851583,8,4.863,0.015,13.832,40,0,32,0,0,35,1,1,0,0,0,1,0,0,0
20:02:47.625,1785,42,329,90.6,30.8,0,49.9,43.2,0,0,1,52,49,8,0,0,0,0,0,0,0,25.3,12,190,1,33,33,14,32,14,33,32,32,32,-851583,8,4.863,0.015,13.866,40,0,32,0,0,35,1,1,0,0,0,1,0,0,0
20:02:47.725,1719.3,33,336,0,0,0,49.9,43.9,0,0,1,52,49,7,0,0,0,0,0,0,0,0,12,190,1,33,33,14,32,14,33,32,31,32,-851583,8,4.858,0.015,13.914,40,0,32,0,0,35,1,1,0,0,0,1,0,0,0
20:02:47.825,1735.8,32.1,337,0,0,0,49.9,43.9,0,0,1,51,48,7,0,0,0,0,0,0,0,0,12,190,1,33,33,14,32,14,33,32,32,32,-851583,8,4.858,0.015,13.935,41,0,32,0,0,35,1,1,0,0,0,1,0,0,0
20:02:47.925,1717.2,31.5,336,0,0,0,49.9,43.9,0,0,1,51,48,7,0,0,0,0,0,0,0,0,12,190,1,33,33,14,32,14,33,32,31,32,-851583,8,4.858,0.015,13.914,41,0,32,0,0,35,1,1,0,0,0,1,0,0,0
20:02:48.025,1697.9,31.5,337,0,0,0,49.9,43.9,0,0,1,52,49,7,0,0,0,0,0,0,0,0,12,190,1,33,33,14,32,14,33,32,32,32,-851583,8,4.858,0.015,13.9,40,0,32,0,0,35,1,1,0,0,0,1,0,0,0
20:02:48.125,1677.4,30.8,337,0,0,0,49.9,43.9,0,0,1,52,49,8,0,0,0,0,0,0,0,0,12,190,1,33,33,14,32,14,33,32,32,32,-851583,8,4.858,0.015,13.928,41,0,32,0,0,35,1,1,0,0,0,1,0,0,0
20:02:48.225,1656.7,30.5,338,0,0,0,49.9,43.9,0,0,1,51,48,7,0,0,0,0,0,0,0,0,13,190,1,33,33,14,32,14,33,32,32,32,-851583,8,4.863,0.015,13.887,40,0,32,0,0,35,1,1,0,0,0,1,0,0,0
20:02:48.325,1634.1,29.4,338,0,0,0,49.9,43.9,0,0,1,52,49,7,0,0,0,0,0,0,0,0,13,190,1,33,33,14,32,14,33,32,32,32,-851583,8,4.858,0.015,13.921,40,0,32,0,0,35,1,1,0,0,0,1,0,0,0
20:02:48.425,1610.5,30.2,337,0,0,0,49.9,43.9,0,0,1,52,48,7,0,0,0,0,0,0,0,0,13,190,1,33,33,14,32,14,33,32,32,32,-851583,8,4.858,0.015,13.914,40,0,32,0,0,35,1,1,0,0,0,1,0,0,0
20:02:48.525,1586.4,29.1,339,0,0,0,49.9,43.9,0,0,1,51,48,8,0,0,0,0,0,0,0,0,13,190,1,33,33,14,32,14,33,32,32,32,-851583,8,4.858,0.015,13.914,40,0,32,0,0,35,1,1,0,0,0,1,0,0,0
20:02:48.625,1563.9,29,337,0,0,0,49.8,43.9,0,0,1,51,49,8,0,0,0,0,0,0,0,0,13,190,1,33,33,14,32,14,33,32,32,32,-851583,8,4.863,0.015,13.9,40,0,32,0,0,35,1,1,0,0,0,1,0,0,0
20:02:48.725,1537.1,27.9,337,0,0,0,49,43.9,0,0,1,50,48,7,0,0,0,0,0,0,0,0,13,190,1,33,33,14,32,14,33,32,32,32,-851583,8,4.863,0.015,13.873,40,0,32,0,0,35,1,1,0,0,0,1,0,0,0
20:02:48.825,1511.9,27.8,338,0,0,0,49,43.9,0,0,1,50,48,7,0,0,0,0,0,0,0,0,13,190,1,33,33,14,33,14,33,32,32,32,-851583,8,4.858,0.015,13.9,40,0,32,0,0,35,1,1,0,0,0,1,0,0,0
20:02:48.925,1485.4,26.9,337,0,0,0,49,43.9,0,0,1,51,48,7,0,0,0,0,0,0,0,0,13,190,1,33,33,14,32,14,33,32,32,32,-851583,8,4.863,0.015,13.887,40,0,32,0,0,35,1,1,0,0,0,1,0,0,0
20:02:49.025,1466.6,30.6,337,4,0.9,0,49,43.4,0,0,1,50,48,7,0,0,0,0,0,0,0,1.3,13,190,1,33,33,14,32,14,33,32,32,32,-851583,8,4.863,0.015,13.853,41,0,32,0,0,35,1,1,0,0,0,1,0,0,0
20:02:49.125,1498.8,37.8,328,94.7,25.6,0,49,43.4,0,0,1,50,48,7,0,0,0,0,0,0,0,25.7,13,190,1,33,33,14,32,14,33,32,32,32,-851583,8,4.863,0.015,13.853,40,0,32,0,0,35,1,1,0,0,0,1,0,0,0
20:02:49.225,1475,34.9,333,51.8,15.3,0,49,43.4,0,0,1,51,49,7,0,0,0,0,0,0,0,14.4,13,190,1,33,33,14,32,14,33,32,32,32,-851583,8,4.863,0.015,13.859,40,0,32,0,0,35,1,1,0,0,0,1,0,0,0
20:02:49.325,1476,35.8,332,51,14.4,0,49,43.5,0,0,1,51,48,7,0,0,0,0,0,0,0,13.3,13,190,1,33,33,14,32,14,33,32,32,32,-851583,8,4.863,0.015,13.873,40,0,32,0,0,35,1,1,0,0,0,1,0,0,0
20:02:49.425,1481.3,35.8,332,57.6,17.3,0,49,43.5,0,0,1,50,48,8,0,0,0,0,0,0,0,14.5,13,190,1,33,33,14,32,14,33,32,32,32,-851583,8,4.863,0.015,13.859,40,0,32,0,0,35,1,1,0,0,0,1,0,0,0
20:02:49.525,1483.3,36.5,333,62.8,17.2,0,49,43.5,0,0,1,50,48,7,0,0,0,0,0,0,0,15,13,190,1,33,33,14,32,14,33,32,32,32,-851583,8,4.863,0.015,13.88,40,0,32,0,0,35,1,1,0,0,0,1,0,0,0
20:02:49.625,1499.8,36.8,331,75.6,21.7,0,49,43.4,0,0,1,50,48,8,0,0,0,0,0,0,0,18.8,13,190,1,33,33,14,32,14,33,32,32,32,-851583,8,4.858,0.015,13.907,41,0,32,0,0,35,1,1,0,0,0,1,0,0,0
20:02:49.725,1509.3,36.8,330,64.3,18,0,49,43.5,0,0,1,50,48,7,0,0,0,0,0,0,0,16.4,12,190,1,33,33,14,32,14,33,32,32,32,-851583,8,4.863,0.015,13.866,40,0,32,0,0,35,1,1,0,0,0,1,0,0,0
20:02:49.825,1521.4,36.7,331,64.9,19,0,49,43.5,0,0,1,50,49,7,0,0,0,0,0,0,0,16.8,12,190,1,33,33,14,32,14,33,32,32,32,-851583,8,4.863,0.015,13.825,40,0,32,0,0,35,1,1,0,0,0,1,0,0,0
20:02:49.925,1524.2,36.7,331,55.8,15.9,0,49,43.4,0,0,1,50,48,7,0,0,0,0,0,0,0,14.3,12,190,1,33,33,14,32,14,33,32,32,32,-851583,8,4.863,0.015,13.853,40,0,32,0,0,35,1,1,0,0,0,1,0,0,0
20:02:50.025,1531.8,36.4,332,51.3,15.7,0,49,43.5,0,0,1,50,48,7,0,0,0,0,0,0,0,14.4,13,190,1,33,33,14,32,14,33,32,32,32,-851583,8,4.863,0.015,13.846,40,0,32,0,0,35,1,1,0,0,0,1,0,0,0
20:02:50.125,1532.4,36.5,333,46.9,13.3,0,49,43.4,0,0,1,49,47,7,0,0,0,0,0,0,0,14.3,13,190,1,33,33,14,32,14,33,32,32,32,-851583,8,4.863,0.015,13.832,40,0,32,0,0,35,1,1,0,0,0,1,0,0,0
20:02:50.225,1567.1,42.9,324,171.2,45.4,0,49,43.4,0,0,1,50,48,8,0,0,0,0,0,0,0,44,13,190,1,33,33,14,32,14,33,32,32,32,-851583,8,4.863,0.015,13.825,40,0,32,0,0,35,1,1,0,0,0,1,0,0,0
20:02:50.325,1618.8,45.6,320,210.4,59.9,0,49,43.4,0,0,1,49,47,8,0,0,0,0,0,0,0,57.9,13,190,1,33,33,14,32,14,33,32,32,32,-851583,8,4.863,0.015,13.859,40,0,32,0,0,35,1,1,0,0,0,1,0,0,0
20:02:50.425,1667.5,46.6,320,183.6,58.1,0,49,43.4,0,0,1,49,48,7,0,0,0,0,0,0,0,55.1,13,190,1,33,33,14,32,14,33,32,32,32,-851583,8,4.863,0.015,13.887,40,0,32,0,0,35,1,1,0,0,0,1,0,0,0
20:02:50.525,1727.1,44.8,322,136.1,42.7,0,49,43.4,0,0,1,50,48,8,0,0,0,0,0,0,0,44.4,12,190,1,33,33,14,32,14,33,32,32,32,-851583,8,4.858,0.015,13.894,40,0,32,0,0,35,1,1,0,0,0,1,0,0,0
20:02:50.625,1745.6,43.4,325,115.1,37.8,0,49,43.5,0,0,1,49,49,7,0,0,0,0,0,0,0,36.7,12,190,1,33,33,14,32,14,33,32,32,32,-851583,8,4.863,0.015,13.859,40,0,32,0,0,35,1,1,0,0,0,1,0,0,0
20:02:50.725,1786.4,45.2,326,97.3,32.8,0,49,43.5,0,0,1,50,48,7,0,0,0,0,0,0,0,30.5,12,190,1,33,33,14,32,14,33,32,32,32,-851583,8,4.863,0.015,13.887,41,0,32,0,0,35,1,1,0,0,0,1,0,0,0
20:02:50.825,1801.8,45.8,324,116.8,39,0,49,43.4,0,0,1,51,49,8,0,0,0,0,0,0,0,35.8,12,190,1,33,33,14,32,14,33,32,32,32,-851583,8,4.863,0.015,13.873,41,0,32,0,0,35,1,1,0,0,0,1,0,0,0
20:02:50.925,1830.7,46,324,109.9,33.2,0,49,43.6,0,0,1,50,49,8,0,0,0,0,0,0,0,33.9,12,190,1,33,33,14,32,14,33,32,32,32,-851583,8,4.863,0.015,13.873,40,0,32,0,0,35,1,1,0,0,0,1,0,0,0
20:02:51.025,1861.9,46.9,324,107.4,33.7,0,49,43.4,0,0,1,49,48,7,0,0,0,0,0,0,0,42.5,12,190,1,33,33,14,32,14,33,32,32,32,-851583,8,4.858,0.015,13.894,40,0,32,0,0,35,1,1,0,0,0,1,0,0,0
20:02:51.125,1881.4,46.6,325,113.4,39.5,0,49,43.3,0,0,1,51,49,8,0,0,0,0,0,0,0,40.5,12,190,1,33,33,14,32,14,33,32,32,32,-851583,8,4.863,0.015,13.859,41,0,32,0,0,35,1,1,0,0,0,1,0,0,0
20:02:51.225,1894.4,46.6,325,115.8,40.5,0,49,43.5,0,0,1,50,48,8,0,0,0,0,0,0,0,35.4,12,190,1,33,33,14,32,14,33,32,32,32,-851583,8,4.863,0.015,13.832,40,0,32,0,0,35,1,1,0,0,0,1,0,0,0
20:02:51.325,1902,42.3,329,60.8,22.4,0,49.7,43.6,0,0,1,52,47,7,0,0,0,0,0,0,0,19.6,12,190,1,33,33,14,33,14,33,32,32,32,-851583,8,4.863,0.015,13.859,40,0,32,0,0,35,1,1,0,0,0,1,0,0,0
20:02:51.425,1899.9,45,330,65.3,22.6,0,49.9,43.6,0,0,1,52,48,7,0,0,0,0,0,0,0,19.9,12,190,1,33,33,14,32,14,33,32,32,32,-851583,8,4.863,0.015,13.853,40,0,32,0,0,35,1,1,0,0,0,1,0,0,0
20:02:51.525,1911.4,46,329,72.6,24,0,49.9,43.5,0,0,1,51,47,7,0,0,0,0,0,0,0,22.8,12,190,1,33,33,14,14,14,33,32,32,32,-851583,8,4.858,0.015,13.887,40,0,32,0,0,35,1,1,0,0,0,1,0,0,0
20:02:51.625,1909.9,41.5,331,36.4,14.5,0,49.9,43.6,0,0,1,52,49,7,0,0,0,0,0,0,0,17.6,12,190,1,33,33,14,32,14,33,32,32,32,-851583,8,4.863,0.015,13.859,40,0,32,0,0,35,1,1,0,0,0,1,0,0,0
20:02:51.725,1913.9,43.9,333,48.9,16.9,0,49.9,43.7,0,0,1,52,50,7,0,0,0,0,0,0,0,15.3,12,190,1,33,33,14,33,14,33,32,32,32,-851583,8,4.863,0.015,13.853,41,0,32,0,0,35,1,1,0,0,0,1,0,0,0
20:02:51.825,1884.7,33.9,337,0,0,0,49.9,43.9,0,0,1,52,50,7,0,0,0,0,0,0,0,0,12,190,1,33,33,14,33,14,33,32,32,32,-851583,8,4.863,0.015,13.894,40,0,32,0,0,35,1,1,0,0,0,1,0,0,0
20:02:51.925,1902.1,35.5,336,0,0,0,49.9,43.9,0,0,1,51,49,7,0,0,0,0,0,0,0,0,13,190,1,33,33,14,32,14,33,32,32,32,-851583,8,4.863,0.015,13.907,40,0,32,0,0,35,1,1,0,0,0,1,0,0,0
20:02:52.025,1889.6,35.9,338,0,0,0,49.9,43.9,0,0,1,52,48,7,0,0,0,0,0,0,0,0,13,190,1,33,33,14,33,14,33,32,32,32,-851583,8,4.858,0.015,13.928,40,0,32,0,0,35,1,1,0,0,0,1,0,0,0
20:02:52.125,1884.9,34.6,336,0,0,0,49.9,43.9,0,0,1,51,48,7,0,0,0,0,0,0,0,0,13,190,1,33,33,14,33,14,33,32,32,32,-851583,8,4.858,0.015,13.948,40,0,32,0,0,35,1,1,0,0,0,1,0,0,0
20:02:52.225,1871.6,34.1,337,0,0,0,49.3,43.9,0,0,1,51,48,7,0,0,0,0,0,0,0,0,13,190,1,33,33,14,33,14,33,32,32,32,-851583,8,4.858,0.015,13.935,40,0,32,0,0,35,1,1,0,0,0,1,0,0,0
20:02:52.325,1856.4,33.6,338,0,0,0,49,43.9,0,0,1,50,48,7,0,0,0,0,0,0,0,0,13,190,1,33,33,14,32,14,33,32,32,32,-851583,8,4.858,0.015,13.969,40,0,32,0,0,35,1,1,0,0,0,1,0,0,0
20:02:52.425,1843.8,34.8,337,0,0,0,49,43.9,0,0,1,50,48,7,0,0,0,0,0,0,0,0,13,190,1,33,33,14,33,14,33,32,32,32,-851583,8,4.863,0.015,13.907,40,0,32,0,0,35,1,1,0,0,0,1,0,0,0
20:02:52.525,1831.1,33.7,338,0,0,0,49,43.9,0,0,1,50,48,7,0,0,0,0,0,0,0,0,13,190,1,33,33,14,32,14,33,32,32,32,-851583,8,4.858,0.015,13.907,40,0,32,0,0,35,1,1,0,0,0,1,0,0,0
20:02:52.625,1817.3,34.1,336,0,0,0,49,43.9,0,0,1,50,49,7,0,0,0,0,0,0,0,0,13,190,1,33,33,14,32,14,33,32,32,32,-851583,8,4.863,0.015,13.976,41,0,32,0,0,35,1,1,0,0,0,1,0,0,0
20:02:52.725,1802.7,33.8,338,0,0,0,49,43.9,0,0,1,50,48,7,0,0,0,0,0,0,0,0,13,190,1,33,33,14,32,14,33,32,32,32,-851583,8,4.858,0.015,13.969,40,0,32,0,0,35,1,1,0,0,0,1,0,0,0
20:02:52.825,1790.1,33.8,336,0,0,0,49,43.9,0,0,1,51,49,7,0,0,0,0,0,0,0,0,13,190,1,33,33,14,32,14,33,32,32,32,-851583,8,4.863,0.015,13.948,40,0,32,0,0,35,1,1,0,0,0,1,0,0,0
20:02:52.925,1778.4,32.9,338,0,0,0,49,43.9,0,0,1,50,47,7,0,0,0,0,0,0,0,0,13,190,1,33,33,14,32,14,33,32,32,32,-851583,8,4.858,0.015,13.928,41,0,32,0,0,35,1,1,0,0,0,1,0,0,0
20:02:53.025,1762.7,33.1,337,0,0,0,49,43.9,0,0,1,50,48,7,0,0,0,0,0,0,0,0,13,190,1,33,33,14,32,14,33,32,32,32,-851583,8,4.858,0.015,13.935,41,0,32,0,0,35,1,1,0,0,0,1,0,0,0
20:02:53.125,1753.5,33.4,336,1,0.3,0,49,43.5,0,0,1,51,48,7,0,0,0,0,0,0,0,-0.1,13,190,1,33,33,14,32,14,33,32,32,32,-851583,8,4.863,0.015,13.887,40,0,32,0,0,35,1,1,0,0,0,1,0,0,0
20:02:53.225,1738.6,33.3,336,1.2,0.1,0,49,43.4,0,0,1,51,48,7,0,0,0,0,0,0,0,0.6,13,190,1,33,33,14,32,14,33,32,32,32,-851583,8,4.858,0.015,13.894,40,0,32,0,0,35,1,1,0,0,0,1,0,0,0
20:02:53.325,1727.5,33.4,334,2.3,0.7,0,49,43.5,0,0,1,50,48,7,0,0,0,0,0,0,0,0.2,13,190,1,33,33,14,32,14,33,32,32,32,-851583,8,4.863,0.015,13.894,40,0,32,0,0,35,1,1,0,0,0,1,0,0,0
20:02:53.425,1723.3,33.6,336,4.7,1.3,0,49,43.4,0,0,1,50,49,7,0,0,0,0,0,0,0,0.3,13,190,1,33,33,14,32,14,33,32,32,32,-851583,8,4.863,0.015,13.887,40,0,32,0,0,35,1,1,0,0,0,1,0,0,0
20:02:53.525,1719.6,38.1,336,14.2,3.9,0,49,43.3,0,0,1,49,48,7,0,0,0,0,0,0,0,3.4,13,190,1,33,33,14,32,14,33,32,32,32,-851583,8,4.863,0.015,13.832,40,0,32,0,0,35,1,1,0,0,0,1,0,0,0
20:02:53.625,1678.1,31,338,-0.3,0,0,49,43.9,0,0,1,50,48,7,0,0,0,0,0,0,0,-0.2,13,190,1,33,33,14,32,14,33,32,32,32,-851583,8,4.858,0.015,13.935,40,0,32,0,0,35,1,1,0,0,0,1,0,0,0
20:02:53.725,1684.4,31.2,338,0,0,0,49,43.9,0,0,1,49,48,7,0,0,0,0,0,0,0,0,13,190,1,33,33,14,32,14,33,32,32,32,-851583,8,4.858,0.015,13.914,40,0,32,0,0,35,1,1,0,0,0,1,0,0,0
20:02:53.825,1676.5,31.3,338,0,0,0,49,43.9,0,0,1,50,48,7,0,0,0,0,0,0,0,0,13,190,1,33,33,14,32,14,33,32,32,32,-851583,8,4.858,0.015,13.928,40,0,32,0,0,35,1,1,0,0,0,1,0,0,0
20:02:53.925,1663.5,30.8,338,0,0,0,49,43.9,0,0,1,49,48,7,0,0,0,0,0,0,0,0,13,190,1,33,33,14,32,14,33,32,32,32,-851583,8,4.863,0.015,13.88,40,0,32,0,0,35,1,1,0,0,0,1,0,0,0
20:02:54.025,1645.1,31.1,338,0,0,0,49,43.9,0,0,1,49,47,7,0,0,0,0,0,0,0,0,13,190,1,33,33,14,32,14,33,32,32,32,-851583,8,4.858,0.015,13.914,40,0,32,0,0,35,1,1,0,0,0,1,0,0,0
20:02:54.125,1638.5,31.2,337,0,0,0,49,43.9,0,0,1,50,48,7,0,0,0,0,0,0,0,0,13,190,1,33,33,14,32,14,33,32,32,32,-851583,8,4.858,0.015,13.914,40,0,32,0,0,35,1,1,0,0,0,1,0,0,0
20:02:54.225,1627,30.9,337,0,0,0,49,43.9,0,0,1,50,49,7,0,0,0,0,0,0,0,0,13,190,1,33,33,14,32,14,33,32,32,32,-851583,8,4.858,0.015,13.9,40,0,32,0,0,35,1,1,0,0,0,1,0,0,0
20:02:54.325,1606.6,30.8,337,0,0,0,49,43.9,0,0,1,51,48,7,0,0,0,0,0,0,0,0,13,190,1,33,33,14,32,14,33,32,32,32,-851583,8,4.858,0.015,13.921,40,0,32,0,0,35,1,1,0,0,0,1,0,0,0
20:02:54.425,1595.6,29.6,338,0,0,0,49,43.9,0,0,1,49,48,7,0,0,0,0,0,0,0,0,13,190,1,33,33,14,32,14,33,32,32,32,-851583,8,4.858,0.015,13.9,40,0,32,0,0,35,1,1,0,0,0,1,0,0,0
20:02:54.525,1582.5,29.3,337,0,0,0,49,43.9,0,0,1,50,49,7,0,0,0,0,0,0,0,0,13,190,1,33,33,14,32,14,33,32,32,32,-851583,8,4.863,0.015,13.859,40,0,32,0,0,35,1,1,0,0,0,1,0,0,0
20:02:54.625,1567.5,28.8,338,0,0,0,49,43.9,0,0,1,49,48,7,0,0,0,0,0,0,0,0,13,190,1,33,33,14,32,14,33,32,32,32,-851583,8,4.858,0.015,13.921,40,0,32,0,0,35,1,1,0,0,0,1,0,0,0
20:02:54.725,1551.7,28.9,337,0,0,0,48.9,43.9,0,0,1,49,48,8,0,0,0,0,0,0,0,0,13,190,1,33,33,14,32,14,33,32,32,32,-851583,8,4.863,0.015,13.88,40,0,32,0,0,35,1,1,0,0,0,1,0,0,0
20:02:54.825,1539.7,28.3,339,0,0,0,48.6,43.9,0,0,1,49,48,7,0,0,0,0,0,0,0,0,13,190,1,33,33,14,33,14,33,32,32,32,-851583,8,4.863,0.015,13.859,40,0,32,0,0,35,1,1,0,0,0,1,0,0,0
20:02:54.925,1519.2,28.8,338,0,0,0,48,43.9,0,0,1,50,49,7,0,0,0,0,0,0,0,0,13,190,1,33,33,14,32,14,33,32,32,32,-851583,8,4.863,0.015,13.88,41,0,32,0,0,35,1,1,0,0,0,1,0,0,0
20:02:55.025,1493.2,28,338,0,0,0,48,43.9,0,0,1,48,48,8,0,0,0,0,0,0,0,0,13,190,1,33,33,14,32,14,33,32,32,32,-851583,8,4.863,0.015,13.88,40,0,32,0,0,35,1,1,0,0,0,1,0,0,0
20:02:55.125,1477.8,26.7,339,0,0,0,48,43.9,0,0,1,49,48,7,0,0,0,0,0,0,0,0,13,190,1,33,33,14,32,14,33,32,32,32,-851583,8,4.858,0.015,13.9,40,0,32,0,0,35,1,1,0,0,0,1,0,0,0
20:02:55.225,1462.5,27.6,338,0,0,0,48,43.9,0,0,1,50,49,8,0,0,0,0,0,0,0,0,13,190,1,33,33,14,32,14,33,32,32,32,-851583,8,4.863,0.015,13.887,40,0,32,0,0,35,1,1,0,0,0,1,0,0,0
20:02:55.325,1452.9,27.3,337,0,0,0,48,43.9,0,0,1,52,48,7,0,0,0,0,0,0,0,0,13,190,1,33,33,14,32,14,33,32,32,32,-851583,8,4.863,0.015,13.866,40,0,32,0,0,35,1,1,0,0,0,1,0,0,0
20:02:55.425,1438.1,27.5,338,0,0,0,48,43.9,0,0,1,52,49,8,0,0,0,0,0,0,0,0,13,190,1,33,33,14,32,14,33,32,32,32,-851583,8,4.863,0.015,13.88,40,0,32,0,0,35,1,1,0,0,0,1,0,0,0
20:02:55.525,1408.9,26.1,339,0,0,0,48,43.9,0,0,1,51,47,7,0,0,0,0,0,0,0,0,13,190,1,33,33,14,32,14,33,32,32,32,-851583,8,4.858,0.015,13.907,40,0,32,0,0,35,1,1,0,0,0,1,0,0,0
20:02:55.625,1399.3,26.3,338,0,0,0,48,43.9,0,0,1,51,50,7,0,0,0,0,0,0,0,0,13,190,1,33,33,14,32,14,33,32,32,32,-851583,8,4.858,0.015,13.894,40,0,32,0,0,35,1,1,0,0,0,1,0,0,0
20:02:55.725,1390.3,25.6,338,0,0,0,48,43.9,0,0,1,52,49,7,0,0,0,0,0,0,0,0,13,190,1,33,33,14,32,14,33,32,32,32,-851583,8,4.858,0.015,13.914,40,0,32,0,0,35,1,1,0,0,0,1,0,0,0
20:02:55.825,1380.8,25.3,337,0,0,0,48,43.9,0,0,1,51,49,7,0,0,0,0,0,0,0,0,13,190,1,33,33,14,32,14,33,32,32,32,-851583,8,4.858,0.015,13.907,40,0,32,0,0,35,1,1,0,0,0,1,0,0,0
20:02:55.925,1366,25.7,338,0,0,0,48,43.9,0,0,1,52,49,7,0,0,0,0,0,0,0,0,13,190,1,33,33,14,32,14,33,32,32,32,-851583,8,4.858,0.015,13.914,40,0,32,0,0,35,1,1,0,0,0,1,0,0,0
20:02:56.025,1341.7,25.2,338,0,0,0,48,43.9,0,0,1,51,49,7,0,0,0,0,0,0,0,0,13,190,1,33,33,14,32,14,33,32,32,32,-851583,8,4.858,0.015,13.887,40,0,32,0,0,35,1,1,0,0,0,1,0,0,0
20:02:56.125,1333.1,23.7,338,0,0,0,48,43.9,0,0,1,52,49,7,0,0,0,0,0,0,0,0,13,190,1,33,33,14,32,14,33,32,32,32,-851583,8,4.858,0.015,13.914,40,0,32,0,0,35,1,1,0,0,0,1,0,0,0
20:02:56.225,1330.7,24.2,339,0,0,0,48,43.9,0,0,1,51,48,7,0,0,0,0,0,0,0,0,13,190,1,33,33,14,32,14,33,32,32,32,-851583,8,4.858,0.015,13.921,40,0,32,0,0,35,1,1,0,0,0,1,0,0,0
20:02:56.325,1317.8,24.4,338,0,0,0,48,43.9,0,0,1,52,50,7,0,0,0,0,0,0,0,0,13,190,1,33,33,14,32,14,33,32,32,32,-851583,8,4.858,0.015,13.907,40,0,32,0,0,35,1,1,0,0,0,1,0,0,0
20:02:56.425,1304.4,24,338,0,0,0,48,43.9,0,0,1,50,49,7,0,0,0,0,0,0,0,0,13,190,1,33,33,14,32,14,33,32,32,32,-851583,8,4.858,0.015,13.9,40,0,32,0,0,35,1,1,0,0,0,1,0,0,0
20:02:56.525,1298.8,24.5,339,0,0,0,48,43.9,0,0,1,50,48,7,0,0,0,0,0,0,0,0,13,190,1,33,33,14,32,14,33,32,32,32,-851583,8,4.858,0.015,13.88,40,0,32,0,0,35,1,1,0,0,0,1,0,0,0
20:02:56.625,1293.7,23.6,338,0,0,0,48,43.9,0,0,1,51,48,7,0,0,0,0,0,0,0,0,13,190,1,33,33,14,32,14,33,32,32,32,-851583,8,4.858,0.015,13.914,40,0,32,0,0,35,1,1,0,0,0,1,0,0,0
20:02:56.725,1263.5,23,339,0,0,0,48,43.8,0,0,1,49,47,7,0,0,0,0,0,0,0,0,13,190,1,33,33,14,32,14,33,32,32,32,-851583,8,4.858,0.015,13.921,40,0,32,0,0,35,1,1,0,0,0,1,0,0,0
20:02:56.825,1265.6,23.6,338,0,0,0,48,43.7,0,0,1,50,49,7,0,0,0,0,0,0,0,0,13,190,1,33,33,14,32,14,33,32,32,32,-851583,8,4.858,0.015,13.921,40,0,32,0,0,35,1,1,0,0,0,1,0,0,0
20:02:56.925,1268.3,23.8,339,0,0,0,48,43.9,0,0,1,51,48,7,0,0,0,0,0,0,0,0,13,190,1,33,33,14,32,14,33,32,32,32,-851583,8,4.863,0.015,13.887,40,0,32,0,0,35,1,1,0,0,0,1,0,0,0
20:02:57.025,1239.7,22.5,338,0,0,0,48,43.1,0,0,1,50,48,7,0,0,0,0,0,0,0,0,13,190,1,33,33,14,32,14,33,32,32,32,-851583,8,4.858,0.015,13.894,40,0,32,0,0,35,1,1,0,0,0,1,0,0,0
20:02:57.125,1229.2,23,338,0,0,0,48,43.9,0,0,1,49,47,7,0,0,0,0,0,0,0,0,13,190,1,33,33,14,32,14,33,32,32,32,-851583,8,4.858,0.015,13.921,40,0,32,0,0,35,1,1,0,0,0,1,0,0,0
20:02:57.225,1215.4,22.2,337,0,0,0,48,43.9,0,0,1,50,48,7,0,0,0,0,0,0,0,0,13,190,1,33,33,14,32,14,33,32,32,32,-851583,8,4.858,0.015,13.887,40,0,32,0,0,35,1,1,0,0,0,1,0,0,0
20:02:57.325,1189.1,22.7,339,0,0,0,48,43.9,0,0,1,49,48,7,0,0,0,0,0,0,0,0,13,190,1,33,33,14,33,14,33,32,32,32,-851583,8,4.858,0.015,13.907,40,0,32,0,0,35,1,1,0,0,0,1,0,0,0
20:02:57.425,1181.8,21.8,339,0,0,0,48,43.9,0,0,1,50,48,7,0,0,0,0,0,0,0,0,13,190,1,33,33,14,32,14,33,32,32,32,-851583,8,4.863,0.015,13.873,40,0,32,0,0,35,1,1,0,0,0,1,0,0,0
20:02:57.525,1179.3,20.7,338,0,0,0,47.4,43.9,0,0,1,51,49,7,0,0,0,0,0,0,0,0,13,190,1,33,33,14,14,14,33,32,32,32,-851583,8,4.858,0.015,13.894,40,0,32,0,0,35,1,1,0,0,0,1,0,0,0
20:02:57.625,1159.8,21.7,339,0,0,0,47,43.9,0,0,1,51,49,7,0,0,0,0,0,0,0,0,13,190,1,33,33,14,32,14,33,32,32,32,-851583,8,4.858,0.015,13.921,40,0,32,0,0,35,1,1,0,0,0,1,0,0,0
20:02:57.725,1148.2,21.8,338,0,0,0,47,43.9,0,0,1,51,49,7,0,0,0,0,0,0,0,0,13,190,1,33,33,14,33,14,33,32,32,32,-851583,8,4.863,0.015,13.873,40,0,32,0,0,35,1,1,0,0,0,1,0,0,0
20:02:57.825,1141.5,21.6,338,0,0,0,47,43.9,0,0,1,49,48,7,0,0,0,0,0,0,0,0,13,190,1,33,33,14,33,14,33,32,32,32,-851583,8,4.858,0.015,13.921,41,0,32,0,0,35,1,1,0,0,0,1,0,0,0
20:02:57.925,1122.7,20.9,339,0,0,0,47,43.9,0,0,1,49,48,7,0,0,0,0,0,0,0,0,13,190,1,33,33,14,32,14,33,32,32,32,-851583,8,4.863,0.015,13.894,40,0,32,0,0,35,1,1,0,0,0,1,0,0,0
20:02:58.025,1118.4,20.2,338,0,0,0,47,43.9,0,0,1,50,48,7,0,0,0,0,0,0,0,0,13,190,1,33,33,14,33,14,33,32,32,32,-851583,8,4.858,0.015,13.894,40,0,32,0,0,35,1,1,0,0,0,1,0,0,0
20:02:58.125,1114.9,21.3,339,0,0,0,47,43.9,0,0,1,50,49,7,0,0,0,0,0,0,0,0,13,190,1,33,33,14,33,14,33,32,32,32,-851583,8,4.863,0.015,13.887,40,0,32,0,0,35,1,1,0,0,0,1,0,0,0
20:02:58.225,1099.2,19.8,338,0,0,0,47,43.9,0,0,1,49,47,7,0,0,0,0,0,0,0,0,13,190,1,33,33,14,33,14,33,32,32,32,-851583,8,4.863,0.015,13.853,40,0,32,0,0,35,1,1,0,0,0,1,0,0,0
20:02:58.325,1082.3,19.5,337,0,0,0,47,43.8,0,0,1,50,47,7,0,0,0,0,0,0,0,0,13,190,1,33,33,14,32,14,33,32,32,32,-851583,8,4.858,0.015,13.928,40,0,32,0,0,35,1,1,0,0,0,1,0,0,0
20:02:58.425,1062.7,20.4,338,0,0,0,47,43.9,0,0,1,50,48,7,0,0,0,0,0,0,0,0,13,190,1,33,33,14,33,14,33,32,32,32,-851583,8,4.858,0.015,13.9,40,0,32,0,0,35,1,1,0,0,0,1,0,0,0
20:02:58.525,1060.3,19.1,339,0,0,0,47,43.9,0,0,1,50,48,7,0,0,0,0,0,0,0,0,13,190,1,33,33,14,32,14,33,32,32,32,-851583,8,4.863,0.015,13.894,40,0,32,0,0,35,1,1,0,0,0,1,0,0,0
20:02:58.625,1052.3,20.1,339,0,0,0,47,43.9,0,0,1,50,48,7,0,0,0,0,0,0,0,0,13,190,1,33,33,14,32,14,33,32,32,32,-851583,8,4.858,0.015,13.935,40,0,32,0,0,35,1,1,0,0,0,1,0,0,0
20:02:58.725,1038,19,338,0,0,0,47,43.9,0,0,1,51,48,7,0,0,0,0,0,0,0,0,13,190,1,33,33,14,32,14,33,32,32,32,-851583,8,4.858,0.015,13.914,40,0,32,0,0,35,1,1,0,0,0,1,0,0,0
20:02:58.825,1031,18.7,339,0,0,0,47,43.9,0,0,1,50,48,7,0,0,0,0,0,0,0,0,13,190,1,33,33,14,32,14,33,32,32,32,-851583,8,4.858,0.015,13.9,40,0,32,0,0,35,1,1,0,0,0,1,0,0,0
20:02:58.925,1013.8,18.1,339,0,0,0,47,43.8,0,0,1,51,49,7,0,0,0,0,0,0,0,0,13,190,1,33,33,14,32,14,33,32,32,32,-851583,8,4.863,0.015,13.955,40,0,32,0,0,35,1,1,0,0,0,1,0,0,0
20:02:59.025,1005.3,18.3,338,0,0,0,47,43.9,0,0,1,50,48,7,0,0,0,0,0,0,0,0,13,190,1,33,33,14,32,14,33,32,32,32,-851583,8,4.858,0.015,13.948,40,0,32,0,0,35,1,1,0,0,0,1,0,0,0
20:02:59.125,988.5,18.7,340,0,0,0,47,43.9,0,0,1,50,49,7,0,0,0,0,0,0,0,0,13,190,1,33,33,14,32,14,33,32,32,32,-851583,8,4.863,0.015,13.894,40,0,32,0,0,35,1,1,0,0,0,1,0,0,0
20:02:59.225,977.6,17.8,339,0,0,0,47,43.8,0,0,1,54,48,7,0,0,0,0,0,0,0,0,13,190,1,33,33,14,32,14,33,32,32,32,-851583,8,4.863,0.015,13.914,40,0,32,0,0,35,1,1,0,0,0,1,0,0,0
20:02:59.325,970,18.1,338,0,0,0,47,43.8,0,0,1,52,48,7,0,0,0,0,0,0,0,0,13,190,1,33,33,14,32,14,33,32,32,32,-851583,8,4.863,0.015,13.887,40,0,32,0,0,35,1,1,0,0,0,1,0,0,0
20:02:59.425,960.4,17.6,339,0,0,0,47,43.7,0,0,1,54,47,7,0,0,0,0,0,0,0,0,13,190,1,33,33,14,32,14,33,32,32,32,-851583,8,4.863,0.015,13.866,40,0,32,0,0,35,1,1,0,0,0,1,0,0,0
20:02:59.525,954.8,17.3,339,0,0,0,47,43.8,0,0,1,51,49,7,0,0,0,0,0,0,0,0,13,190,1,33,33,14,32,14,33,32,32,32,-851583,8,4.858,0.015,13.887,40,0,32,0,0,35,1,1,0,0,0,1,0,0,0
20:02:59.625,943.1,17.8,339,0,0,0,47,43.8,0,0,1,52,49,7,0,0,0,0,0,0,0,0,13,190,1,33,33,14,32,14,33,32,32,32,-851583,8,4.858,0.015,13.9,40,0,32,0,0,35,1,1,0,0,0,1,0,0,0
20:02:59.725,935.9,17.3,338,0,0,0,47,43.7,0,0,1,51,49,7,0,0,0,0,0,0,0,0,13,190,1,33,33,14,32,14,33,32,32,32,-851583,8,4.858,0.015,13.962,40,0,32,0,0,35,1,1,0,0,0,1,0,0,0
20:02:59.825,919.5,17.1,339,0,0,0,47,43.8,0,0,1,50,49,7,0,0,0,0,0,0,0,0,13,190,1,33,33,14,32,14,33,32,32,32,-851583,8,4.858,0.015,13.907,41,0,32,0,0,35,1,1,0,0,0,1,0,0,0
20:02:59.925,913.3,17.2,338,0,0,0,47,43.7,0,0,1,51,48,7,0,0,0,0,0,0,0,0,13,190,1,33,33,14,32,14,33,32,32,32,-851583,8,4.858,0.015,13.935,40,0,32,0,0,35,1,1,0,0,0,1,0,0,0
20:03:00.025,897.8,16.8,339,0,0,0,47,43.6,0,0,1,51,48,7,0,0,0,0,0,0,0,0,13,190,1,33,33,14,32,14,33,32,32,32,-851583,8,4.858,0.015,13.887,40,0,32,0,0,35,1,1,0,0,0,1,0,0,0
20:03:00.125,890.4,16.6,338,0,0,0,47,43.1,0,0,1,51,49,7,0,0,0,0,0,0,0,0,13,190,1,33,33,14,32,14,33,32,32,32,-851583,8,4.863,0.015,13.846,40,0,32,0,0,35,1,1,0,0,0,1,0,0,0
20:03:00.225,880.3,21.3,338,7.1,1.2,0,47,43,0,0,1,51,49,7,0,0,0,0,0,0,0,1,13,190,1,33,33,14,32,14,33,32,32,32,-851583,8,4.863,0.015,13.832,40,0,32,0,0,35,1,1,0,0,0,1,0,0,0
20:03:00.325,915.8,23.6,334,67.7,13.1,0,46.7,43,0,0,1,50,48,7,0,0,0,0,0,0,0,10.9,13,190,1,33,33,14,32,14,33,32,32,32,-851583,8,4.863,0.015,13.812,40,0,32,0,0,35,1,1,0,0,0,1,0,0,0
20:03:00.425,883.2,23.4,335,45.1,8.8,0,46.1,43,0,0,1,50,48,7,0,0,0,0,0,0,0,6.7,13,190,1,33,33,14,32,14,33,32,32,32,-851583,8,4.863,0.015,13.88,40,0,32,0,0,35,1,1,0,0,0,1,0,0,0
20:03:00.525,885.6,22.9,335,37,7.4,0,46,43,0,0,1,50,47,7,0,0,0,0,0,0,0,5.9,13,190,1,33,33,14,32,14,33,32,32,32,-851583,8,4.863,0.015,13.832,40,0,32,0,0,35,1,1,0,0,0,1,0,0,0
20:03:00.625,861.9,21.5,337,12.7,2.8,0,46,43,0,0,1,50,48,7,0,0,0,0,0,0,0,1.6,13,190,1,33,33,14,32,14,33,32,32,32,-851583,8,4.863,0.015,13.853,41,0,32,0,0,35,1,1,0,0,0,1,0,0,0
20:03:00.725,876.6,21.6,338,7.4,1.3,0,46,43,0,0,1,51,48,7,0,0,0,0,0,0,0,1.1,13,190,1,33,33,14,32,14,33,32,32,32,-851583,8,4.863,0.015,13.839,40,0,32,0,0,35,1,1,0,0,0,1,0,0,0
20:03:00.825,862.2,19.5,338,7,1.2,0,46,43,0,0,1,50,48,7,0,0,0,0,0,0,0,0.7,13,190,1,33,33,14,33,14,33,32,32,32,-851583,8,4.863,0.015,13.825,40,0,32,0,0,35,1,1,0,0,0,1,0,0,0
20:03:00.925,854,18.2,337,4.9,0.8,0,46,43,0,0,1,51,48,7,0,0,0,0,0,0,0,0.5,13,190,1,33,33,14,32,14,33,32,32,32,-851583,8,4.863,0.015,13.777,40,0,32,0,0,35,1,1,0,0,0,1,0,0,0
20:03:01.025,848.4,17.3,337,3.3,0.4,0,46,43,0,0,1,49,48,7,0,0,0,0,0,0,0,0.4,13,190,1,33,33,14,32,14,33,32,32,32,-851583,8,4.863,0.015,13.812,40,0,32,0,0,35,1,1,0,0,0,1,0,0,0
20:03:01.125,836.1,16.6,337,2,0.2,0,46,43,0,0,1,49,48,7,0,0,0,0,0,0,0,0.2,13,190,1,33,33,14,32,14,33,32,32,32,-851583,8,4.863,0.015,13.853,40,0,32,0,0,35,1,1,0,0,0,1,0,0,0
20:03:01.225,829,16.1,337,2.3,0.2,0,46,43,0,0,1,49,48,7,0,0,0,0,0,0,0,0.1,13,190,1,33,33,14,32,14,33,32,32,32,-851583,8,4.863,0.015,13.846,40,0,32,0,0,35,1,1,0,0,0,1,0,0,0
20:03:01.325,810.1,15.8,338,1.7,0.2,0,46,43,0,0,1,50,48,7,0,0,0,0,0,0,0,0.1,13,190,1,33,33,14,32,14,33,32,32,32,-851583,8,4.863,0.015,13.88,40,0,32,0,0,35,1,1,0,0,0,1,0,0,0
20:03:01.425,807.3,15.6,337,1.4,0,0,46,43,0,0,1,49,47,7,0,0,0,0,0,0,0,0.1,13,190,1,33,33,14,32,14,33,32,32,32,-851583,8,4.863,0.015,13.846,40,0,32,0,0,35,1,1,0,0,0,1,0,0,0
20:03:01.525,791.3,15.3,338,1.9,0.2,0,46,43,0,0,1,49,47,7,0,0,0,0,0,0,0,0.1,13,190,1,33,33,14,32,14,33,32,32,32,-851583,8,4.863,0.015,13.859,40,0,32,0,0,35,1,1,0,0,0,1,0,0,0
20:03:01.625,789.6,15.2,337,0,0,0,46,43,0,0,1,50,48,7,0,0,0,0,0,0,0,0,13,190,1,33,33,14,32,14,33,32,32,32,-851583,8,4.863,0.015,13.866,40,0,32,0,0,35,1,1,0,0,0,1,0,0,0
20:03:01.725,777.7,15,338,0.6,0,0,46,43,0,0,1,50,47,7,0,0,0,0,0,0,0,0.1,13,190,1,33,33,14,32,14,33,32,32,32,-851583,8,4.863,0.015,13.853,40,0,32,0,0,35,1,1,0,0,0,1,0,0,0
20:03:01.825,770.7,14.9,337,1.5,0,0,46,43,0,0,1,50,47,7,0,0,0,0,0,0,0,0.1,13,190,1,33,33,14,32,14,33,32,32,32,-851583,8,4.863,0.015,13.818,40,0,32,0,0,35,1,1,0,0,0,1,0,0,0
20:03:01.925,758.1,14.7,338,2,0.2,0,46,43,0,0,1,50,48,7,0,0,0,0,0,0,0,0.1,13,190,1,33,33,14,32,14,33,32,32,32,-851583,8,4.863,0.015,13.812,40,0,32,0,0,35,1,1,0,0,0,1,0,0,0
20:03:02.025,748.7,14.4,338,1,0.2,0,46,43,0,0,1,50,48,7,0,0,0,0,0,0,0,0,13,190,1,33,33,14,32,14,33,32,32,32,-851583,8,4.863,0.015,13.777,40,0,32,0,0,35,1,1,0,0,0,1,0,0,0
20:03:02.125,740.2,14.3,337,0.9,0.1,0,46,43,0,0,1,50,48,7,0,0,0,0,0,0,0,0.1,13,190,1,33,33,14,32,14,33,32,32,32,-851583,8,4.863,0.015,13.812,40,0,32,0,0,35,1,1,0,0,0,1,0,0,0
20:03:02.225,725.3,14.1,337,2,0.2,0,46,43,0,0,1,49,47,8,0,0,0,0,0,0,0,0.1,13,190,1,33,33,14,32,14,33,32,32,32,-851583,8,4.863,0.015,13.825,40,0,32,0,0,35,1,1,0,0,0,1,0,0,0
20:03:02.325,721.9,14,338,1.4,0,0,46,42.9,0,0,1,51,47,7,0,0,0,0,0,0,0,0.1,13,190,1,33,33,14,32,14,33,32,32,32,-851583,8,4.863,0.015,13.853,40,0,32,0,0,35,1,1,0,0,0,1,0,0,0
20:03:02.425,709.9,14.3,338,0,0,0,46,42.9,0,0,1,52,48,8,0,0,0,0,0,0,0,0.1,13,190,1,33,33,14,32,14,33,32,32,32,-851583,8,4.863,0.015,13.846,40,0,32,0,0,35,1,1,0,0,0,1,0,0,0
20:03:02.525,697.6,15.6,338,0,0,0,46,43,0,0,1,54,48,7,0,0,0,0,0,0,0,0,13,190,1,33,33,14,32,14,33,32,32,32,-851583,8,4.863,0.015,13.839,40,0,32,0,0,35,1,1,0,0,0,1,0,0,0
20:03:02.625,684.6,13.6,337,0,0,0,46,43,0,0,1,52,48,7,0,0,0,0,0,0,0,0,13,190,1,33,33,14,32,14,33,32,32,32,-851583,8,4.863,0.015,13.839,40,0,32,0,0,35,1,1,0,0,0,1,0,0,0
20:03:02.725,673.1,12.8,338,0,0,0,46,43,0,0,1,51,47,7,0,0,0,0,0,0,0,0,13,190,1,33,33,14,32,14,33,32,32,32,-851583,8,4.863,0.015,13.866,40,0,32,0,0,35,1,1,0,0,0,1,0,0,0
20:03:02.825,665,12.5,338,0,0,0,46,43,0,0,1,51,48,7,0,0,0,0,0,0,0,0,13,190,1,33,33,14,32,14,33,32,32,32,-851583,8,4.863,0.015,13.839,40,0,32,0,0,35,1,1,0,0,0,1,0,0,0
20:03:02.925,645.8,13.5,338,0,0,0,46,43,0,0,1,52,49,7,0,0,0,0,0,0,0,0,13,190,1,33,33,14,32,14,33,32,32,32,-851583,8,4.863,0.015,13.846,40,0,32,0,0,35,1,1,0,0,0,1,0,0,0
20:03:03.025,632.1,13,337,0,0,0,46,43,0,0,1,52,49,7,0,0,0,0,0,0,0,0,13,190,1,33,33,14,32,14,33,32,32,32,-851583,8,4.863,0.015,13.866,41,0,32,0,0,35,1,1,0,0,0,1,0,0,0
20:03:03.125,620.7,12.5,338,0,0,0,46,43,0,0,1,50,47,7,0,0,0,0,0,0,0,0,13,190,1,33,33,14,32,14,33,32,32,32,-851583,8,4.863,0.015,13.798,40,0,32,0,0,35,1,1,0,0,0,1,0,0,0
20:03:03.225,602.6,11.9,338,0,0,0,46,43,0,0,1,51,48,7,0,0,0,0,0,0,0,0,13,190,1,33,33,14,32,14,33,32,32,32,-851583,8,4.863,0.015,13.818,40,0,32,0,0,35,1,1,0,0,0,1,0,0,0
20:03:03.325,583,11.2,339,0,0,0,46,43,0,0,1,52,48,7,0,0,0,0,0,0,0,0,13,190,1,33,33,14,33,14,33,32,32,32,-851583,8,4.863,0.015,13.853,40,0,32,0,0,35,1,1,0,0,0,1,0,0,0
20:03:03.425,558.4,10.4,338,0,0,0,46,43,0,0,1,51,48,7,0,0,0,0,0,0,0,0,13,190,1,33,33,14,32,14,33,32,32,32,-851583,8,4.863,0.015,13.839,40,0,32,0,0,35,1,1,0,0,0,1,0,0,0
20:03:03.525,523.5,10.4,338,2.6,0.3,0,46,42.9,0,0,1,51,48,7,0,0,0,0,0,0,0,0.1,13,190,1,33,33,14,14,14,33,32,32,32,-851583,8,4.863,0.015,13.812,41,0,32,0,0,35,1,1,0,0,0,1,0,0,0
20:03:03.625,496.5,8.8,338,0,0,0,46,42.9,0,0,1,50,47,8,0,0,0,0,0,0,0,0,13,190,1,33,33,14,32,14,33,32,32,32,-851583,8,4.863,0.015,13.832,41,0,32,0,0,35,1,1,0,0,0,1,0,0,0
20:03:03.725,460.6,8.7,338,2.5,0.1,0,46,42.9,0,0,1,50,48,7,0,0,0,0,0,0,0,0,13,190,1,33,33,14,33,14,33,32,32,32,-851583,8,4.863,0.015,13.825,41,0,32,0,0,35,1,1,0,0,0,1,0,0,0
20:03:03.825,424.3,7,339,0,0,0,46,42.9,0,0,1,51,48,7,0,0,0,0,0,0,0,0,13,190,1,33,33,14,33,14,33,32,32,32,-851583,8,4.863,0.015,13.846,40,0,32,0,0,35,1,1,0,0,0,1,0,0,0
20:03:03.925,380.4,6.7,337,1.2,0,0,46,42.9,0,0,1,49,47,7,0,0,0,0,0,0,0,0,13,190,1,33,33,14,33,14,33,32,32,32,-851583,8,4.863,0.015,13.791,40,0,32,0,0,35,1,1,0,0,0,1,0,0,0
20:03:04.025,349.3,6.4,338,1.3,0,0,46,42.9,0,0,1,50,48,7,0,0,0,0,0,0,0,0.1,13,190,1,33,33,14,33,14,33,32,32,32,-851583,8,4.863,0.015,13.798,40,0,32,0,0,35,1,1,0,0,0,1,0,0,0
20:03:04.125,319.6,5.3,337,0,0,0,46,42.9,0,0,1,51,48,7,0,0,0,0,0,0,0,0.1,13,190,1,33,33,14,33,14,33,32,32,32,-851583,8,4.863,0.015,13.825,40,0,32,0,0,35,1,1,0,0,0,1,0,0,0
20:03:04.225,295.1,5,338,0.1,0,0,46,42.9,0,0,1,51,47,7,0,0,0,0,0,0,0,0,13,190,1,33,33,14,33,14,33,32,32,32,-851583,8,4.863,0.015,13.805,40,0,32,0,0,35,1,1,0,0,0,1,0,0,0
20:03:04.325,263.3,5,338,1.8,0,0,46,42.9,0,0,1,50,47,7,0,0,0,0,0,0,0,0.1,13,190,1,33,33,14,32,14,33,32,32,32,-851583,8,4.863,0.015,13.832,40,0,32,0,0,35,1,1,0,0,0,1,0,0,0
20:03:04.425,226,4,337,3.4,0,0,45.6,43,0,0,1,50,47,8,0,0,0,0,0,0,0,0.1,13,190,1,33,33,14,33,14,33,32,32,32,-851583,8,4.863,0.015,13.818,40,0,32,0,0,35,1,1,0,0,0,1,0,0,0
20:03:04.525,193.2,3.7,337,0,0,0,45.1,43,0,0,1,49,48,7,0,0,0,0,0,0,0,0,13,190,1,33,33,14,32,14,33,32,32,32,-851583,8,4.863,0.015,13.839,40,0,32,0,0,35,1,1,0,0,0,1,0,0,0
20:03:04.625,164.4,0.8,339,0,0,0,45,43,0,0,1,50,47,7,0,0,0,0,0,0,0,0,13,190,1,33,33,14,32,14,33,32,32,32,-851583,8,4.863,0.015,13.818,40,0,32,0,0,35,1,1,0,0,0,1,0,0,0
20:03:04.725,141,3,338,-0.2,0,0,45,43,0,0,1,50,47,7,0,0,0,0,0,0,0,0,13,190,1,33,33,14,32,14,33,32,32,32,-851583,8,4.863,0.015,13.839,40,0,32,0,0,35,1,1,0,0,0,1,0,0,0
20:03:04.825,116.2,2.3,338,-0.3,0,0,45,43,0,0,1,50,47,7,0,0,0,0,0,0,0,0,13,190,1,33,33,14,32,14,33,32,32,32,-851583,8,4.863,0.015,13.859,40,0,32,0,0,35,1,1,0,0,0,1,0,0,0
20:03:04.925,94.2,1.2,338,0.2,0,0,45,43,0,0,1,50,47,7,0,0,0,0,0,0,0,0,13,190,1,33,33,14,32,14,33,32,32,32,-851583,8,4.863,0.015,13.866,40,0,32,0,0,35,1,1,0,0,0,1,0,0,0
20:03:05.025,76.4,1.5,338,0.1,0,0,45,42.9,0,0,1,50,48,7,0,0,0,0,0,0,0,0,13,190,1,33,33,14,32,14,33,32,32,32,-851583,8,4.863,0.015,13.846,40,0,32,0,0,35,1,1,0,0,0,1,0,0,0
20:03:05.125,61.5,1.2,338,0.1,0,0,45,42.9,0,0,1,49,47,7,0,0,0,0,0,0,0,0,13,190,1,33,33,14,32,14,33,32,32,32,-851583,8,4.863,0.015,13.839,40,0,32,0,0,35,1,1,0,0,0,1,0,0,0
20:03:05.225,47.4,0.4,337,-0.1,0,0,45,42.9,0,0,1,50,47,7,0,0,0,0,0,0,0,0,13,190,1,33,33,14,32,14,33,32,32,32,-851583,8,4.863,0.015,13.88,40,0,32,0,0,35,1,1,0,0,0,1,0,0,0
20:03:05.325,35.1,1,337,0,0,0,45,42.9,0,0,1,51,47,7,0,0,0,0,0,0,0,0,13,190,1,33,33,14,32,14,33,32,32,32,-851583,8,4.863,0.015,13.846,40,0,32,0,0,35,1,1,0,0,0,1,0,0,0
20:03:05.425,18.2,-0.3,339,-0.3,0,0,45,42.9,0,0,1,51,48,7,0,0,0,0,0,0,0,0,13,190,1,33,33,14,32,14,33,32,32,32,-851583,8,4.863,0.015,13.859,40,0,32,0,0,35,1,1,0,0,0,1,0,0,0
20:03:05.525,3.1,-0.1,338,2,0,0,45,42.9,0,0,1,50,47,7,0,0,0,0,0,0,0,0.1,13,190,1,33,33,14,32,14,33,32,32,32,-851583,8,4.863,0.015,13.866,40,0,32,0,0,35,1,1,0,0,0,1,0,0,0
20:03:05.625,0.3,0.1,337,0,0,0,45,42.9,0,0,1,51,47,7,0,0,0,0,0,0,0,0.1,13,190,1,33,33,14,32,14,33,32,32,32,-851583,8,4.863,0.015,13.846,40,0,32,0,0,35,1,1,0,0,0,1,0,0,0
20:03:05.725,0,-0.3,339,2.3,0,0,45,42.9,0,0,1,50,48,7,0,0,0,0,0,0,0,0,13,190,1,33,33,14,32,14,33,32,32,32,-851583,8,4.863,0.015,13.866,40,0,32,0,0,35,1,1,0,0,0,1,0,0,0
20:03:05.825,0,0,337,1.8,0,0,45,42.9,0,0,1,52,49,7,0,0,0,0,0,0,0,0.1,13,190,1,33,33,14,32,14,33,32,32,32,-851583,8,4.863,0.015,13.805,40,0,32,0,0,35,1,1,0,0,0,1,0,0,0
20:03:05.925,1.4,1.4,338,0.7,0,0,45,42.9,0,0,1,50,47,7,0,0,0,0,0,0,0,0.1,13,190,1,33,33,14,32,14,33,32,32,32,-851583,8,4.863,0.015,13.832,40,0,32,0,0,35,1,1,0,0,0,1,0,0,0
20:03:06.025,4,2,337,4,0,0,45,42.9,0,0,1,50,47,7,0,0,0,0,0,0,0,0.1,13,190,1,33,33,14,32,14,33,32,32,32,-851583,8,4.863,0.015,13.818,40,0,32,0,0,35,1,1,0,0,0,1,0,0,0
20:03:06.125,1.3,3.6,339,5.5,0.1,0,45,42.9,0,0,1,50,47,7,0,0,0,0,0,0,0,0.1,13,190,1,33,33,14,32,14,33,32,32,32,-851583,8,4.863,0.015,13.853,40,0,32,0,0,35,1,1,0,0,0,1,0,0,0
20:03:06.225,3.6,4.8,338,9.6,0.3,0,45,42.9,0,0,1,55,47,7,0,0,0,0,0,0,0,0.2,13,190,1,33,33,14,32,14,33,32,32,32,-851583,8,4.863,0.015,13.859,40,0,32,0,0,35,1,1,0,0,0,1,0,0,0
20:03:06.325,0.6,5,337,10.8,0.4,0,45,42.9,0,0,1,54,49,7,0,0,0,0,0,0,0,0.2,13,190,1,33,33,14,32,14,33,32,32,32,-851583,8,4.863,0.015,13.859,40,0,32,0,0,35,1,1,0,0,0,1,0,0,0
20:03:06.425,0,5,339,11.3,0.4,0,45,42.9,0,0,1,52,46,7,0,0,0,0,0,0,0,0.2,13,190,1,33,33,14,32,14,33,32,32,32,-851583,8,4.863,0.015,13.88,40,0,32,0,0,35,1,1,0,0,0,1,0,0,0
20:03:06.525,0,5.1,337,11.5,0.4,0,45,42.9,0,0,1,52,49,7,0,0,0,0,0,0,0,0.2,13,190,1,33,33,14,32,14,33,32,32,32,-851583,8,4.863,0.015,13.853,40,0,32,0,0,35,1,1,0,0,0,1,0,0,0
20:03:06.625,0,5,338,10.6,0.4,0,45,42.9,0,0,1,51,48,7,0,0,0,0,0,0,0,0.2,13,190,1,33,33,14,32,14,33,32,32,32,-851583,8,4.863,0.015,13.866,40,0,32,0,0,35,1,1,0,0,0,1,0,0,0
20:03:06.725,0,5,339,11.1,0.4,0,45,42.9,0,0,1,52,48,7,0,0,0,0,0,0,0,0.2,13,190,1,33,33,14,32,14,33,32,32,32,-851583,8,4.858,0.015,13.887,41,0,32,0,0,35,1,1,0,0,0,1,0,0,0
20:03:06.825,0,5,337,10.1,0.4,0,45,42.9,0,0,1,51,48,7,0,0,0,0,0,0,0,0.2,13,190,1,33,33,14,33,14,33,32,32,32,-851583,8,4.863,0.015,13.839,40,0,32,0,0,35,1,1,0,0,0,1,0,0,0
20:03:06.925,0,5.1,337,11.4,0.5,0,45,42.9,0,0,1,50,47,7,0,0,0,0,0,0,0,0.2,13,190,1,33,33,14,32,14,33,32,32,32,-851583,8,4.863,0.015,13.88,40,0,32,0,0,35,1,1,0,0,0,1,0,0,0
20:03:07.025,0,5.1,337,11.4,0.4,0,45,42.9,0,0,1,51,49,7,0,0,0,0,0,0,0,0.2,13,190,1,33,33,14,32,14,33,32,32,32,-851583,8,4.863,0.015,13.839,40,0,32,0,0,35,1,1,0,0,0,1,0,0,0
20:03:07.125,0.2,5.3,338,12.7,0.5,0,45,42.9,0,0,1,51,47,7,0,0,0,0,0,0,0,0.3,13,190,1,33,33,14,32,14,33,32,32,32,-851583,8,4.863,0.015,13.832,40,0,32,0,0,35,1,1,0,0,0,1,0,0,0
20:03:07.225,8.6,5.5,337,18.9,0.8,0,45,42.9,0,0,1,52,48,7,0,0,0,0,0,0,0,0.4,13,190,1,33,33,14,32,14,33,32,32,32,-851583,8,4.863,0.015,13.846,40,0,32,0,0,35,1,1,0,0,0,1,0,0,0
20:03:07.325,1.5,5.7,337,18.6,0.9,0,45,42.9,0,0,1,51,47,7,0,0,0,0,0,0,0,0.4,13,190,1,33,33,14,32,14,33,32,32,32,-851583,8,4.863,0.015,13.832,40,0,32,0,0,35,1,1,0,0,0,1,0,0,0
20:03:07.425,0.2,5.8,338,18.2,0.9,0,45,42.9,0,0,1,50,48,7,0,0,0,0,0,0,0,0.4,13,190,1,33,33,14,32,14,33,32,32,32,-851583,8,4.863,0.015,13.846,40,0,32,0,0,35,1,1,0,0,0,1,0,0,0
20:03:07.525,0,5.8,338,18.3,1,0,45,42.9,0,0,1,52,49,7,0,0,0,0,0,0,0,0.4,13,190,1,33,33,14,32,14,33,32,32,32,-851583,8,4.863,0.015,13.839,40,0,32,0,0,35,1,1,0,0,0,1,0,0,0
20:03:07.625,0,5.6,337,16.1,0.8,0,45,42.9,0,0,1,51,48,7,0,0,0,0,0,0,0,0.4,13,190,1,33,33,14,32,14,33,32,32,32,-851583,8,4.863,0.015,13.771,40,0,32,0,0,35,1,1,0,0,0,1,0,0,0
20:03:07.725,-18.1,-0.9,339,0,0,0,45,42.9,0,0,1,51,49,7,0,0,0,0,0,0,0,0,13,190,1,33,33,14,32,14,33,32,32,32,-851583,8,4.863,0.015,13.866,40,0,32,0,0,35,1,1,0,0,0,1,0,0,0
20:03:07.825,-1.8,-0.5,339,0,0,0,45,42.9,0,0,1,50,48,7,0,0,0,0,0,0,0,0,13,190,1,33,33,14,32,14,33,32,32,32,-851583,8,4.863,0.015,13.887,40,0,32,0,0,35,1,1,0,0,0,1,0,0,0
20:03:07.925,-0.3,-0.5,339,0,0,0,45,42.9,0,0,1,49,47,7,0,0,0,0,0,0,0,0,13,190,1,33,33,14,32,14,33,32,32,32,-851583,8,4.858,0.015,13.9,40,0,32,0,0,35,1,1,0,0,0,1,0,0,0
20:03:08.025,0,-0.5,339,0,0,0,45,42.9,0,0,1,52,48,7,0,0,0,0,0,0,0,0,13,190,1,33,33,14,32,14,33,32,32,32,-851583,8,4.863,0.015,13.921,40,0,32,0,0,35,1,1,0,0,0,1,0,0,0
20:03:08.125,0,0.7,337,0.6,0,0,45,43,0,0,1,52,49,7,0,0,0,0,0,0,0,0.1,13,190,1,33,33,14,32,14,33,32,32,32,-851583,8,4.863,0.015,13.825,40,0,32,0,0,35,1,1,0,0,0,1,0,0,0
20:03:08.225,0.4,-0.5,339,0,0,0,45,43,0,0,1,50,46,7,0,0,0,0,0,0,0,0,13,190,1,33,33,14,32,14,33,32,32,32,-851583,8,4.863,0.015,13.859,40,0,32,0,0,35,1,1,0,0,0,1,0,0,0
20:03:08.325,0,-0.4,339,0,0,0,45,43,0,0,1,51,48,7,0,0,0,0,0,0,0,0,13,190,1,33,33,14,32,14,33,32,32,32,-851583,8,4.858,0.015,13.887,40,0,32,0,0,35,1,1,0,0,0,1,0,0,0
20:03:08.425,0,-0.5,340,0,0,0,45,43,0,0,1,51,47,8,0,0,0,0,0,0,0,0,13,190,1,33,33,14,32,14,33,32,32,32,-851583,8,4.863,0.015,13.853,40,0,32,0,0,35,1,1,0,0,0,1,0,0,0
20:03:08.525,0,-0.5,339,0,0,0,45,43,0,0,1,51,48,7,0,0,0,0,0,0,0,0,13,190,1,33,33,14,32,14,33,32,32,32,-851583,8,4.863,0.015,13.873,40,0,32,0,0,35,1,1,0,0,0,1,0,0,0
20:03:08.625,0,-0.4,338,0,0,0,45,43,0,0,1,50,48,7,0,0,0,0,0,0,0,0,13,190,1,33,33,14,32,14,33,32,32,32,-851583,8,4.858,0.015,13.907,40,0,32,0,0,35,1,1,0,0,0,1,0,0,0
20:03:08.725,0,-0.5,339,0,0,0,45,43,0,0,1,51,48,7,0,0,0,0,0,0,0,0,13,190,1,33,33,14,32,14,33,32,32,32,-851583,8,4.863,0.015,13.88,40,0,32,0,0,35,1,1,0,0,0,1,0,0,0
20:03:08.825,0,-0.4,338,0,0,0,45,43,0,0,1,49,47,7,0,0,0,0,0,0,0,0,13,190,1,33,33,14,32,14,33,32,32,32,-851583,8,4.858,0.015,13.873,40,0,32,0,0,35,1,1,0,0,0,1,0,0,0
20:03:08.925,0,-0.4,339,0,0,0,45,43,0,0,1,50,47,7,0,0,0,0,0,0,0,0,13,190,1,33,33,14,32,14,33,32,32,32,-851583,8,4.863,0.015,13.846,40,0,32,0,0,35,1,1,0,0,0,1,0,0,0
20:03:09.025,0,-0.4,339,0,0,0,45,43,0,0,1,50,47,8,0,0,0,0,0,0,0,0,13,190,1,33,33,14,32,14,33,32,32,32,-851583,8,4.863,0.015,13.88,40,0,32,0,0,35,1,1,0,0,0,1,0,0,0
20:03:09.125,0,-0.4,340,0,0,0,45,43,0,0,1,49,47,8,0,0,0,0,0,0,0,0,13,190,1,33,33,14,32,14,33,32,32,32,-851583,8,4.863,0.015,13.839,40,0,32,0,0,35,1,1,0,0,0,1,0,0,0
20:03:09.225,0,-0.4,339,0,0,0,45,43,0,0,1,50,47,7,0,0,0,0,0,0,0,0,13,190,1,33,33,14,32,14,33,32,32,32,-851583,8,4.863,0.015,13.88,40,0,32,0,0,35,1,1,0,0,0,1,0,0,0
20:03:09.325,0,-0.5,340,0,0,0,45,43,0,0,1,51,48,8,0,0,0,0,0,0,0,0,13,190,1,33,33,14,33,14,33,32,32,32,-851583,8,4.863,0.015,13.832,40,0,32,0,0,35,1,1,0,0,0,1,0,0,0
20:03:09.425,0,-0.5,339,0,0,0,45,43,0,0,1,52,47,7,0,0,0,0,0,0,0,0,13,190,1,33,33,14,32,14,33,32,32,32,-851583,8,4.863,0.015,13.853,40,0,32,0,0,35,1,1,0,0,0,1,0,0,0
20:03:09.525,0,-0.5,339,0,0,0,45,43,0,0,1,52,47,8,0,0,0,0,0,0,0,0,13,190,1,33,33,14,14,14,33,32,32,32,-851583,8,4.863,0.015,13.866,40,0,32,0,0,35,1,1,0,0,0,1,0,0,0
20:03:09.625,0,-0.5,340,0,0,0,45,43,0,0,1,51,48,8,0,0,0,0,0,0,0,0,13,190,1,33,33,14,32,14,33,32,32,32,-851583,8,4.863,0.015,13.859,40,0,32,0,0,35,1,1,0,0,0,1,0,0,0
20:03:09.725,0,-0.5,338,0,0,0,45,43,0,0,1,50,48,8,0,0,0,0,0,0,0,0,13,190,1,33,33,14,33,14,33,32,32,32,-851583,8,4.863,0.015,13.839,40,0,32,0,0,35,1,1,0,0,0,1,0,0,0
20:03:09.825,0,-0.3,339,0,0,0,45,43,0,0,1,50,48,8,0,0,0,0,0,0,0,0,13,190,1,33,33,14,33,14,33,32,32,32,-851583,8,4.863,0.015,13.839,40,0,32,0,0,35,1,1,0,0,0,1,0,0,0
20:03:09.925,0,-0.5,339,0,0,0,45,43,0,0,1,51,48,8,0,0,0,0,0,0,0,0,13,190,1,33,33,14,33,14,33,32,32,32,-851583,8,4.858,0.015,13.894,40,0,32,0,0,35,1,1,0,0,0,1,0,0,0
20:03:10.025,0,-0.4,339,0,0,0,44.8,43,0,0,1,55,48,7,0,0,0,0,0,0,0,0,13,190,1,33,33,14,33,14,33,32,32,32,-851583,8,4.863,0.015,13.88,40,0,32,0,0,35,1,1,0,0,0,1,0,0,0
20:03:10.125,0,-0.4,340,0,0,0,44.3,43,0,0,1,52,48,7,0,0,0,0,0,0,0,0,13,190,1,33,33,14,33,14,33,32,32,32,-851583,8,4.863,0.015,13.832,40,0,32,0,0,35,1,1,0,0,0,1,0,0,0
20:03:10.225,0,-0.5,339,0,0,0,44,43,0,0,1,52,48,7,0,0,0,0,0,0,0,0,13,190,1,33,33,14,33,14,33,32,32,32,-851583,8,4.863,0.015,13.839,41,0,32,0,0,35,1,1,0,0,0,1,0,0,0
20:03:10.325,0,-0.3,339,0,0,0,44,43,0,0,1,51,48,7,0,0,0,0,0,0,0,0,13,190,1,33,33,14,32,14,33,32,32,32,-851583,8,4.863,0.015,13.859,40,0,32,0,0,35,1,1,0,0,0,1,0,0,0
20:03:10.425,0,-0.5,339,0,0,0,44,43,0,0,1,51,48,8,0,0,0,0,0,0,0,0,13,190,1,33,33,14,33,14,33,32,32,32,-851583,8,4.863,0.015,13.859,40,0,32,0,0,35,1,1,0,0,0,1,0,0,0
20:03:10.525,0,-0.5,340,0,0,0,44,43,0,0,1,52,48,7,0,0,0,0,0,0,0,0,13,190,1,33,33,14,32,14,33,32,32,32,-851583,8,4.863,0.015,13.887,40,0,32,0,0,35,1,1,0,0,0,1,0,0,0
20:03:10.625,0,-0.5,339,0,0,0,44,43,0,0,1,52,48,7,0,0,0,0,0,0,0,0,13,190,1,33,33,14,32,14,33,32,32,32,-851583,8,4.858,0.015,13.88,40,0,32,0,0,35,1,1,0,0,0,1,0,0,0
20:03:10.725,0,-0.4,340,0,0,0,44,43,0,0,1,52,48,7,0,0,0,0,0,0,0,0,13,190,1,33,33,14,32,14,33,32,32,32,-851583,8,4.863,0.015,13.832,40,0,32,0,0,35,1,1,0,0,0,1,0,0,0
20:03:10.825,0,-0.4,339,0,0,0,44,43,0,0,1,52,48,8,0,0,0,0,0,0,0,0,13,190,1,33,33,14,32,14,33,32,32,32,-851583,8,4.863,0.015,13.853,40,0,32,0,0,35,1,1,0,0,0,1,0,0,0
20:03:10.925,0,-0.6,340,0,0,0,44,43,0,0,1,50,47,8,0,0,0,0,0,0,0,0,13,190,1,33,33,14,32,14,33,32,32,32,-851583,8,4.863,0.015,13.825,40,0,32,0,0,35,1,1,0,0,0,1,0,0,0
20:03:11.025,0,0,337,1.4,0,0,44,43,0,0,1,51,49,7,0,0,0,0,0,0,0,0.1,13,190,1,33,33,14,32,14,33,32,32,32,-851583,8,4.863,0.015,13.818,40,0,32,0,0,35,1,1,0,0,0,1,0,0,0
20:03:11.125,0.8,0.7,337,0,0,0,44,43,0,0,1,50,47,7,0,0,0,0,0,0,0,0.1,13,190,1,33,33,14,32,14,33,32,32,32,-851583,8,4.863,0.015,13.825,40,0,32,0,0,35,1,1,0,0,0,1,0,0,0
20:03:11.225,1.2,0.9,338,-0.2,0,0,44,43,0,0,1,51,47,7,0,0,0,0,0,0,0,0.1,13,190,1,33,33,14,32,14,33,32,32,32,-851583,8,4.863,0.015,13.825,40,0,32,0,0,35,1,1,0,0,0,1,0,0,0
20:03:11.325,2.3,0.9,338,2.2,0,0,44,42.9,0,0,1,50,47,7,0,0,0,0,0,0,0,0.1,13,190,1,33,33,14,32,14,33,32,32,33,-851583,8,4.863,0.015,13.791,40,0,32,0,0,35,1,1,0,0,0,1,0,0,0
20:03:11.425,-0.1,-0.4,339,0.1,0,0,44,42.9,0,0,1,50,47,7,0,0,0,0,0,0,0,0,13,190,1,33,33,14,32,14,33,32,32,33,-851583,8,4.863,0.015,13.866,40,0,32,0,0,35,1,1,0,0,0,1,0,0,0
20:03:11.525,0,-0.5,339,0,0,0,44,42.9,0,0,1,51,48,7,0,0,0,0,0,0,0,0,13,190,1,33,33,14,32,14,33,32,32,32,-851583,8,4.863,0.015,13.866,40,0,32,0,0,35,1,1,0,0,0,1,0,0,0
20:03:11.625,0,1,338,0,0,0,44,42.9,0,0,1,51,48,7,0,0,0,0,0,0,0,0.1,13,190,1,33,33,14,32,14,33,32,32,32,-851583,8,4.863,0.015,13.839,40,0,32,0,0,35,1,1,0,0,0,1,0,0,0
20:03:11.725,0,-0.4,338,1.8,0,0,44,42.9,0,0,1,51,48,8,0,0,0,0,0,0,0,0.1,13,190,1,33,33,14,32,14,33,32,32,32,-851583,8,4.863,0.015,13.798,40,0,32,0,0,35,1,1,0,0,0,1,0,0,0
20:03:11.825,11.2,6.6,337,13.5,0.6,0,44,42.9,0,0,1,50,47,7,0,0,0,0,0,0,0,0.6,13,190,1,33,33,14,32,14,33,32,32,32,-851583,8,4.863,0.015,13.812,40,0,32,0,0,35,1,1,0,0,0,1,0,0,0
20:03:11.925,16.2,7.3,338,90.4,5.4,0,44,42.9,0,0,1,52,47,7,0,0,0,0,0,0,0,2.1,13,190,1,33,33,14,32,14,33,32,32,32,-851583,8,4.863,0.015,13.777,40,0,32,0,0,35,1,1,0,0,0,1,0,0,0
20:03:12.025,6.4,7.1,338,111.8,6.4,0,44,42.9,0,0,1,51,47,7,0,0,0,0,0,0,0,2.6,13,190,1,33,33,14,32,14,33,32,32,32,-851583,8,4.863,0.015,13.812,40,0,32,0,0,35,1,1,0,0,0,1,0,0,0
20:03:12.125,13.7,7.9,337,148.6,9.7,0,44,42.9,0,0,1,50,47,8,0,0,0,0,0,0,0,3.9,13,190,1,33,33,14,32,14,33,32,32,32,-851583,8,4.863,0.015,13.791,40,0,32,0,0,35,1,1,0,0,0,1,0,0,0
20:03:12.225,34,9,337,159.4,10.9,0,44,42.9,0,0,1,50,47,7,0,0,0,0,0,0,0,5.2,13,190,1,33,33,14,32,14,33,32,32,32,-851583,8,4.863,0.015,13.825,40,0,32,0,0,35,1,1,0,0,0,1,0,0,0
20:03:12.325,79.7,10.9,336,224.6,20.8,0,44,42.8,0,0,1,50,46,7,0,0,0,0,0,0,0,12.3,13,190,1,33,33,14,32,14,33,32,32,32,-851583,8,4.863,0.015,13.825,41,0,32,0,0,35,1,1,0,0,0,1,0,0,0
20:03:12.425,149.3,13.1,332,318.4,36.4,0,44,42.8,0,0,1,51,47,7,0,0,0,0,0,0,0,21.2,13,190,1,33,33,14,32,14,33,32,32,32,-851583,8,4.863,0.015,13.798,40,0,32,0,0,35,1,1,0,0,0,1,0,0,0
20:03:12.525,235,15.8,330,351.1,36.1,0,44,42.5,0,0,1,51,48,7,0,0,0,0,0,0,0,23.8,13,190,1,33,33,14,32,14,33,32,32,32,-851583,8,4.863,0.015,13.812,40,0,32,0,0,35,1,1,0,0,0,1,0,0,0
20:03:12.625,319.9,17.8,330,318.1,42.1,0,44,42.7,0,0,1,51,47,7,0,0,0,0,0,0,0,29.7,13,190,1,33,33,14,32,14,33,32,32,33,-851583,8,4.863,0.015,13.832,40,0,32,0,0,35,1,1,0,0,0,1,0,0,0
20:03:12.725,410.7,20,327,319.8,46.9,0,44.2,42.6,0,0,1,52,49,7,0,0,0,0,0,0,0,32.2,13,190,1,33,33,14,32,14,33,32,32,33,-851583,8,4.863,0.015,13.832,40,0,32,0,0,35,1,1,0,0,0,1,0,0,0
20:03:12.825,500.9,21.9,326,354,44.5,0,44.9,42.6,0,0,1,51,48,7,0,0,0,0,0,0,0,40.5,13,190,1,33,33,14,33,14,33,32,32,32,-851583,8,4.863,0.015,13.784,40,0,32,0,0,35,1,1,0,0,0,1,0,0,0
20:03:12.925,589.5,24,326,330.6,51.8,0,44.9,42.6,0,0,1,50,48,7,0,0,0,0,0,0,0,36.7,13,190,1,33,33,14,32,14,33,32,32,33,-851583,8,4.863,0.015,13.832,40,0,32,0,0,35,1,1,0,0,0,1,0,0,0
20:03:13.025,675.2,26.2,326,334.7,54,0,44.9,42.6,0,0,1,50,48,7,0,0,0,0,0,0,0,39.9,13,190,1,33,33,14,32,14,33,32,32,32,-851583,8,4.863,0.015,13.832,40,0,32,0,0,35,1,1,0,0,0,1,0,0,0
20:03:13.125,767.3,28.3,322,343,56.5,0,44.9,42.5,0,0,1,51,48,7,0,0,0,0,0,0,0,49.3,13,190,1,33,33,14,32,14,33,32,32,32,-851583,8,4.863,0.015,13.805,40,0,32,0,0,35,1,1,0,0,0,1,0,0,0
20:03:13.225,850.6,30.2,321,341.9,60.3,0,44.9,42.6,0,0,1,51,47,7,0,0,0,0,0,0,0,55.3,13,190,1,33,33,14,32,14,33,32,32,32,-851583,8,4.863,0.015,13.832,40,0,32,0,0,35,1,1,0,0,0,1,0,0,0
20:03:13.325,948.2,32.9,321,346,60.9,0,45.9,42.6,0,0,1,50,47,8,0,0,0,0,0,0,0,61.1,13,190,1,33,33,14,32,14,33,32,32,32,-851583,8,4.863,0.015,13.818,40,0,32,0,0,35,1,1,0,0,0,1,0,0,0
20:03:13.425,1022.8,35.1,318,325,61.7,0,45.9,42.7,0,0,1,51,47,7,0,0,0,0,0,0,0,58.7,12,190,1,33,33,14,32,14,33,32,32,32,-851583,8,4.863,0.015,13.839,40,0,32,0,0,35,1,1,0,0,0,1,0,0,0
20:03:13.525,1115.1,38,318,344.4,67.4,0,45.9,42.7,0,0,1,50,47,7,0,0,0,0,0,0,0,61.3,12,190,1,33,33,14,32,14,33,32,32,32,-851583,8,4.863,0.015,13.88,40,0,32,0,0,35,1,1,0,0,0,1,0,0,0
20:03:13.625,1205.2,40.2,316,352.8,70.3,0,45.9,42.6,0,0,1,50,48,7,0,0,0,0,0,0,0,64.5,12,190,1,33,33,14,32,14,33,32,32,32,-851583,8,4.863,0.015,13.846,40,0,32,0,0,35,1,1,0,0,0,1,0,0,0
20:03:13.725,1281.2,42.7,318,334.2,78.6,0,45.9,42.8,0,0,1,54,48,7,0,0,0,0,0,0,0,69,12,190,1,33,33,14,32,14,33,32,32,33,-851583,8,4.863,0.015,13.846,40,0,32,0,0,35,1,1,0,0,0,1,0,0,0
20:03:13.825,1372.2,44.4,312,335.2,84.3,0,46.9,42.8,0,0,1,52,47,7,0,0,0,0,0,0,0,79.9,12,190,1,33,33,14,32,14,33,32,32,32,-851583,8,4.863,0.015,13.88,40,0,32,0,0,35,1,1,0,0,0,1,0,0,0
20:03:13.925,1463,47.5,310,328,84.8,0,46.9,42.7,0,0,1,54,48,7,0,0,0,0,0,0,0,83.3,12,190,1,33,33,14,32,14,33,32,32,33,-851583,8,4.863,0.015,13.853,40,0,32,0,0,35,1,1,0,0,0,1,0,0,0
20:03:14.025,1545.8,50.3,308,320.3,84.4,0,46.9,42.7,0,0,1,52,49,7,0,0,0,0,0,0,0,88,12,190,1,33,33,14,32,14,33,32,32,32,-851583,8,4.863,0.015,13.859,40,0,32,0,0,35,1,1,0,0,0,1,0,0,0
20:03:14.125,1623.9,52.3,308,333.1,87.3,0,46.9,42.7,0,0,1,52,48,7,0,0,0,0,0,0,0,89.3,12,190,1,33,33,14,32,14,33,32,32,33,-851583,8,4.863,0.015,13.859,40,0,32,0,0,35,1,1,0,0,0,1,0,0,0
20:03:14.225,1700.2,55,309,324,77.5,0,46.9,42.8,0,0,1,52,48,7,0,0,0,0,0,0,0,93.8,12,190,1,33,33,14,32,14,33,32,32,33,-851583,8,4.863,0.015,13.853,40,0,32,0,0,35,1,1,0,0,0,1,0,0,0
20:03:14.325,1788.1,57.9,306,328.7,93.5,0,47.8,42.7,0,0,1,51,48,7,0,0,0,0,0,0,0,95,12,190,1,33,33,14,32,14,33,32,32,32,-851583,8,4.863,0.015,13.825,40,0,32,0,0,35,1,1,0,0,0,1,0,0,0
20:03:14.425,1865.1,60,308,333.6,80.7,0,47.9,42.7,0,0,1,51,49,7,0,0,0,0,0,0,0,102.3,12,190,1,33,33,14,32,14,33,32,32,33,-851583,8,4.863,0.015,13.894,40,0,32,0,0,35,1,1,0,0,0,1,0,0,0
20:03:14.525,1950,61.7,302,333.4,103.2,0,47.9,42.7,0,0,1,52,48,7,0,0,0,0,0,0,0,106.4,12,190,1,33,33,14,32,14,33,32,32,33,-851583,8,4.863,0.015,13.866,40,0,32,0,0,35,1,1,0,0,0,1,0,0,0
20:03:14.625,2029.6,64.4,304,338.7,101.9,0,47.9,43,0,0,1,51,48,7,0,0,0,0,0,0,0,106.6,12,190,1,33,33,14,32,14,33,32,32,33,-851583,8,4.863,0.015,13.853,40,0,32,0,0,35,1,1,0,0,0,1,0,0,0
20:03:14.725,2123.3,68.2,304,334.6,94.4,0,47.9,43.1,0,0,1,51,47,7,0,0,0,0,0,0,0,118.5,12,190,1,33,33,14,32,14,33,32,32,33,-851583,8,4.863,0.015,13.832,40,0,32,0,0,35,1,1,0,0,0,1,0,0,0
20:03:14.825,2184.9,69,297,350.4,93.5,0,47.9,43.1,0,0,1,51,47,7,0,0,0,0,0,0,0,119.2,12,190,1,33,33,14,32,14,33,32,32,33,-851583,8,4.863,0.015,13.846,40,0,32,0,0,35,1,1,0,0,0,1,0,0,0
20:03:14.925,2290.7,73.1,296,332.7,102.4,0,48.9,43.2,0,0,1,51,47,7,0,0,0,0,0,0,0,122.8,12,190,1,33,33,14,32,14,33,32,32,33,-851583,8,4.863,0.015,13.832,40,0,32,0,0,35,1,1,0,0,0,1,0,0,0
20:03:15.025,2352.9,74.9,295,316.5,100.4,0,48.9,43.2,0,0,1,52,48,7,0,0,0,0,0,0,0,123,12,190,1,33,33,14,32,14,33,32,32,32,-851583,8,4.863,0.015,13.894,40,0,32,0,0,35,1,1,0,0,0,1,0,0,0
20:03:15.125,2435.1,78.9,297,341.3,108.7,0,48.9,43.2,0,0,1,51,48,7,0,0,0,0,0,0,0,134.8,12,190,1,33,33,14,32,14,33,32,32,33,-851583,8,4.858,0.015,13.887,40,0,32,0,0,35,1,1,0,0,0,1,0,0,0
20:03:15.225,2519.4,80.5,292,358.6,120.7,0,48.9,43.3,0,0,1,51,47,7,0,0,0,0,0,0,0,136.3,12,190,1,33,33,14,32,14,33,32,32,33,-851583,8,4.863,0.015,13.873,40,0,32,0,0,35,1,1,0,0,0,1,0,0,0
20:03:15.325,2607,83.1,290,330.8,120.4,0,48.9,43.3,0,0,1,51,47,7,0,0,0,0,0,0,0,140.3,11,190,1,33,33,14,33,14,33,32,32,33,-851583,8,4.863,0.015,13.859,40,0,32,0,0,35,1,1,0,0,0,1,0,0,0
20:03:15.425,2678.8,86,292,341.5,129.5,0,48.9,43.4,0,0,1,51,48,7,0,0,0,0,0,0,0,147.4,11,190,1,33,33,14,32,14,33,32,32,33,-851583,8,4.863,0.015,13.846,40,0,32,0,0,35,1,1,0,0,0,1,0,0,0
20:03:15.525,2746,87.2,293,333.8,94.4,0,49.9,43.4,0,0,1,51,49,7,0,0,0,0,0,0,0,143.8,11,190,1,33,33,14,14,14,33,32,32,33,-851583,8,4.863,0.015,13.866,40,0,32,0,0,35,1,1,0,0,0,1,0,0,0
20:03:15.625,2829.8,91.8,289,327.9,125.5,0,49.9,43.5,0,0,1,51,49,7,0,0,0,0,0,0,0,147.2,11,190,1,33,33,14,32,14,33,32,32,33,-851583,8,4.863,0.015,13.818,40,0,32,0,0,35,1,1,0,0,0,1,0,0,0
20:03:15.725,2917.4,93.6,285,340.4,120.9,0,49.9,43.5,0,0,1,50,48,7,0,0,0,0,0,0,0,160,11,190,1,33,33,14,33,14,33,32,32,33,-851583,8,4.863,0.015,13.873,40,0,32,0,0,35,1,1,0,0,0,1,0,0,0
20:03:15.825,2982,94.9,289,329.2,98.9,0,49.9,44,0,0,1,50,48,7,0,0,0,0,0,0,0,150.4,12,190,1,33,33,14,33,14,33,32,32,33,-851583,8,4.863,0.015,13.846,40,0,32,0,0,35,1,1,0,0,0,1,0,0,0
20:03:15.925,3045.5,95,290,290.4,116.1,0,49.9,43.6,0,0,1,50,47,7,0,0,0,0,0,0,0,154,12,190,1,33,33,14,33,14,33,32,32,33,-851583,8,4.863,0.015,13.859,40,0,32,0,0,35,1,1,0,0,0,1,0,0,0
20:03:16.025,3109.7,95,294,270.6,87.5,0,50.2,43.6,0,0,1,52,47,7,0,0,0,0,0,0,0,130.9,12,190,1,33,33,14,33,14,33,32,32,33,-851583,8,4.863,0.015,13.853,40,0,32,0,0,35,1,1,0,0,0,1,0,0,0
20:03:16.125,3132.7,53.8,333,0,0,0,50.9,43.8,0,0,1,51,47,7,0,0,0,0,0,0,0,0.3,12,190,1,33,33,14,33,14,33,32,32,33,-851583,8,4.863,0.015,13.9,40,0,32,0,0,35,1,1,0,0,0,1,0,0,0
20:03:16.225,3115.9,57.4,332,0,0,0,50.9,44,0,0,1,51,48,7,0,0,0,0,0,0,0,0,12,190,1,33,33,14,33,14,33,32,32,33,-851583,8,4.858,0.015,13.9,40,0,32,0,0,35,1,1,0,0,0,1,0,0,0
20:03:16.325,3073.5,59,335,0,0,0,50.9,44.2,0,0,1,51,47,7,0,0,0,0,0,0,0,0,12,190,1,33,33,14,33,14,33,32,32,33,-851583,8,4.858,0.015,13.907,40,0,32,0,0,35,1,1,0,0,0,1,0,0,0
20:03:16.425,3042.8,57.8,334,0,0,0,50.9,44.4,0,0,1,51,49,7,0,0,0,0,0,0,0,0,12,190,1,33,33,14,33,14,33,32,32,33,-851583,8,4.863,0.015,13.887,40,0,32,0,0,35,1,1,0,0,0,1,0,0,0
20:03:16.525,3030.7,59.1,334,-7.6,0,0,50.9,44.5,0,0,1,51,48,7,0,0,0,0,0,0,0,-1.8,13,190,1,33,33,14,32,14,33,32,32,33,-851583,8,4.863,0.015,13.873,40,0,32,0,0,35,1,1,0,0,0,1,0,0,0
20:03:16.625,3085.4,85.2,316,95.5,36.8,0,50.9,44.2,0,0,1,49,47,7,0,0,0,0,0,0,0,54,13,190,1,33,33,14,32,14,33,32,32,33,-851583,8,4.863,0.015,13.866,40,0,32,0,0,35,1,1,0,0,0,1,0,0,0
20:03:16.725,3118.2,83.8,300,208.6,90.9,0,50.9,44.2,0,0,1,50,47,7,0,0,0,0,0,0,0,102.3,13,190,1,33,33,14,32,14,33,32,32,33,-851583,8,4.863,0.015,13.825,40,0,32,0,0,35,1,1,0,0,0,1,0,0,0
20:03:16.825,3136.5,64.1,317,106.8,66.3,0,50.9,44.1,0,0,1,50,48,7,0,0,0,0,0,0,0,56.6,13,190,1,33,33,14,32,14,33,32,32,33,-851583,8,4.863,0.015,13.832,40,0,32,0,0,35,1,1,0,0,0,1,0,0,0
20:03:16.925,3037.8,60,337,0,0,0,50.9,44.9,0,0,1,50,48,7,0,0,0,0,0,0,0,-4.3,13,190,1,33,33,14,32,14,33,32,32,33,-851583,8,4.858,0.015,13.914,40,0,32,0,0,35,1,1,0,0,0,1,0,0,0
20:03:17.025,3080.1,65.3,331,6.5,1.1,0,50.9,44.5,0,0,1,51,49,7,0,0,0,0,0,0,0,6.5,13,190,1,33,33,14,32,14,33,32,32,33,-851583,8,4.863,0.015,13.853,40,0,32,0,0,35,1,1,0,0,0,1,0,0,0
20:03:17.125,3030.2,56.3,335,0,0,0,50.9,44.9,0,0,1,50,49,7,0,0,0,0,0,0,0,0,13,190,1,33,33,14,33,14,33,32,32,33,-851583,8,4.863,0.015,13.914,40,0,32,0,0,35,1,1,0,0,0,1,0,0,0
20:03:17.225,2953.2,55.5,335,0,0,0,50.9,44.9,0,0,1,51,48,7,0,0,0,0,0,0,0,0,13,190,1,33,33,14,32,14,33,32,32,33,-851583,8,4.858,0.015,13.914,40,0,32,0,0,35,1,1,0,0,0,1,0,0,0
20:03:17.325,2918.4,54.2,336,0,0,0,50.9,44.9,0,0,1,50,47,7,0,0,0,0,0,0,0,0,13,190,1,33,33,14,32,14,33,32,32,33,-851583,8,4.858,0.015,13.907,40,0,32,0,0,35,1,1,0,0,0,1,0,0,0
20:03:17.425,2882.4,53.4,336,0,0,0,50.9,44.9,0,0,1,50,48,7,0,0,0,0,0,0,0,0,13,190,1,33,33,14,32,14,33,32,32,33,-851583,8,4.858,0.015,13.928,40,0,32,0,0,35,1,1,0,0,0,1,0,0,0
20:03:17.525,2785.2,51.9,334,0,0,0,50.9,44.9,0,0,1,54,48,7,0,0,0,0,0,0,0,0,13,190,1,33,33,14,32,14,33,32,32,33,-851583,8,4.858,0.015,13.948,40,0,32,0,0,35,1,1,0,0,0,1,0,0,0
20:03:17.625,2703.3,51.3,333,0,0,0,50.9,44.9,0,0,1,54,49,7,0,0,0,0,0,0,0,0,13,190,1,33,33,14,32,14,33,32,32,33,-851583,8,4.863,0.015,13.914,40,0,32,0,0,35,1,1,0,0,0,1,0,0,0
20:03:17.725,2646.9,48.7,334,0,0,0,50.9,44.9,0,0,1,52,49,7,0,0,0,0,0,0,0,0,13,190,1,33,33,14,32,14,33,32,32,33,-851583,8,4.863,0.015,13.894,40,0,32,0,0,35,1,1,0,0,0,1,0,0,0
20:03:17.825,2592.8,47.4,336,0,0,0,50.9,44.9,0,0,1,51,48,7,0,0,0,0,0,0,0,0,13,190,1,33,33,14,32,14,33,33,32,33,-851583,8,4.858,0.015,13.921,41,0,32,0,0,35,1,1,0,0,0,1,0,0,0
20:03:17.925,2528.2,47.1,336,0,0,0,50.9,44.9,0,0,1,51,48,7,0,0,0,0,0,0,0,0,13,190,1,33,33,14,32,14,33,33,32,33,-851583,8,4.858,0.015,13.941,40,0,32,0,0,35,1,1,0,0,0,1,0,0,0
20:03:18.025,2480.7,46.9,335,0,0,0,50.9,44.9,0,0,1,52,49,7,0,0,0,0,0,0,0,0,13,190,1,33,33,14,32,14,33,33,32,33,-851583,8,4.858,0.015,13.921,40,0,32,0,0,35,1,1,0,0,0,1,0,0,0
20:03:18.125,2420.7,47,334,1.3,0,0,50.9,44.9,0,0,1,51,48,7,0,0,0,0,0,0,0,-2.3,13,190,1,33,33,14,32,14,33,32,32,33,-851583,8,4.863,0.015,13.873,40,0,32,0,0,35,1,1,0,0,0,1,0,0,0
20:03:18.225,2366.4,43.8,335,0,0,0,50.9,44.9,0,0,1,51,49,7,0,0,0,0,0,0,0,0,13,190,1,33,33,14,32,14,33,32,32,33,-851583,8,4.863,0.015,13.894,40,0,32,0,0,35,1,1,0,0,0,1,0,0,0
20:03:18.325,2318,43.6,335,-1.2,0,0,50.9,44.9,0,0,1,50,48,7,0,0,0,0,0,0,0,0,13,190,1,33,33,14,32,14,33,33,32,33,-851583,8,4.863,0.015,13.907,40,0,32,0,0,35,1,1,0,0,0,1,0,0,0
20:03:18.425,2267.6,41.9,335,0,0,0,50.9,44.9,0,0,1,50,49,7,0,0,0,0,0,0,0,0,13,190,1,33,33,14,32,14,33,32,32,33,-851583,8,4.858,0.015,13.894,40,0,32,0,0,35,1,1,0,0,0,1,0,0,0
20:03:18.525,2225.4,41.6,336,0,0,0,50.9,44.9,0,0,1,49,47,8,0,0,0,0,0,0,0,0,13,190,1,33,33,14,32,14,33,32,32,33,-851583,8,4.863,0.015,13.9,40,0,32,0,0,35,1,1,0,0,0,1,0,0,0
20:03:18.625,2169.8,39.8,336,0,0,0,50.9,44.9,0,0,1,50,48,7,0,0,0,0,0,0,0,0,13,190,1,33,33,14,33,14,33,32,32,33,-851583,8,4.858,0.015,13.928,40,0,32,0,0,35,1,1,0,0,0,1,0,0,0
20:03:18.725,2104.9,38.1,336,0,0,0,50.9,44.9,0,0,1,50,48,7,0,0,0,0,0,0,0,0,13,190,1,33,33,14,32,14,33,32,32,33,-851583,8,4.858,0.015,13.887,40,0,32,0,0,35,1,1,0,0,0,1,0,0,0
20:03:18.825,2044.2,38,337,0,0,0,50.9,44.9,0,0,1,50,47,7,0,0,0,0,0,0,0,0,13,190,1,33,33,14,33,14,33,32,32,33,-851583,8,4.863,0.015,13.9,40,0,32,0,0,35,1,1,0,0,0,1,0,0,0
20:03:18.925,1999.6,36.8,336,0,0,0,50.9,44.9,0,0,1,50,48,7,0,0,0,0,0,0,0,0,13,190,1,33,33,14,33,14,33,32,32,33,-851583,8,4.863,0.015,13.894,40,0,32,0,0,35,1,1,0,0,0,1,0,0,0
20:03:19.025,1942.2,35.4,335,0,0,0,50.7,44.9,0,0,1,51,49,7,0,0,0,0,0,0,0,0,13,190,1,33,33,14,32,14,33,32,32,33,-851583,8,4.863,0.015,13.894,40,0,32,0,0,35,1,1,0,0,0,1,0,0,0
20:03:19.125,1889.5,35.7,335,0,0,0,50,44.9,0,0,1,51,48,7,0,0,0,0,0,0,0,0,13,190,1,33,33,14,32,14,33,32,32,33,-851583,8,4.858,0.015,13.941,40,0,32,0,0,35,1,1,0,0,0,1,0,0,0
20:03:19.225,1849.3,35.2,336,0,0,0,50,44.9,0,0,1,50,48,7,0,0,0,0,0,0,0,0,13,190,1,33,33,14,32,14,33,33,32,33,-851583,8,4.858,0.015,13.894,40,0,32,0,0,35,1,1,0,0,0,1,0,0,0
20:03:19.325,1804,33.8,337,0,0,0,50,44.9,0,0,1,50,49,7,0,0,0,0,0,0,0,0,13,190,1,33,33,14,32,14,33,33,32,33,-851583,8,4.858,0.015,13.914,40,0,32,0,0,35,1,1,0,0,0,1,0,0,0
20:03:19.425,1752.4,32.9,336,0,0,0,50,44.9,0,0,1,50,49,7,0,0,0,0,0,0,0,0,13,190,1,33,33,14,32,14,33,32,32,33,-851583,8,4.863,0.015,13.887,40,0,32,0,0,35,1,1,0,0,0,1,0,0,0
20:03:19.525,1712.2,31.7,337,0,0,0,50,44.9,0,0,1,50,48,7,0,0,0,0,0,0,0,0,13,190,1,33,33,14,32,14,33,32,32,33,-851583,8,4.858,0.015,13.914,40,0,32,0,0,35,1,1,0,0,0,1,0,0,0
20:03:19.625,1655.8,29.8,336,0,0,0,50,44.9,0,0,1,51,48,7,0,0,0,0,0,0,0,0,13,190,1,33,33,14,32,14,33,32,32,33,-851583,8,4.858,0.015,13.9,40,0,32,0,0,35,1,1,0,0,0,1,0,0,0
20:03:19.725,1626.9,29.5,337,0,0,0,50,45,0,0,1,50,49,8,0,0,0,0,0,0,0,0,13,190,1,33,33,14,32,14,33,32,32,33,-851583,8,4.858,0.015,13.907,40,0,32,0,0,35,1,1,0,0,0,1,0,0,0
20:03:19.825,1573.7,28.7,337,0,0,0,50,45,0,0,1,51,48,7,0,0,0,0,0,0,0,0,13,190,1,33,33,14,32,14,33,32,32,33,-851583,8,4.863,0.015,13.873,40,0,32,0,0,35,1,1,0,0,0,1,0,0,0
20:03:19.925,1532.4,27.9,336,0,0,0,50,45,0,0,1,49,48,7,0,0,0,0,0,0,0,0,13,190,1,33,33,14,32,14,33,32,32,33,-851583,8,4.858,0.015,13.914,40,0,32,0,0,35,1,1,0,0,0,1,0,0,0
20:03:20.025,1491.8,28.4,336,0,0,0,50,45,0,0,1,49,49,7,0,0,0,0,0,0,0,0,13,190,1,33,33,14,33,14,33,32,32,33,-851583,8,4.863,0.015,13.887,40,0,32,0,0,35,1,1,0,0,0,1,0,0,0
20:03:20.125,1432.9,26.5,337,0,0,0,50,45,0,0,1,49,49,7,0,0,0,0,0,0,0,0,13,190,1,33,33,14,32,14,33,32,32,33,-851583,8,4.863,0.015,13.873,40,0,32,0,0,35,1,1,0,0,0,1,0,0,0
20:03:20.225,1406.3,25.1,336,0,0,0,50,45,0,0,1,48,48,7,0,0,0,0,0,0,0,0,13,190,1,33,33,14,32,14,33,33,32,33,-851583,8,4.863,0.015,13.88,40,0,32,0,0,35,1,1,0,0,0,1,0,0,0
20:03:20.325,1369.9,24.7,336,0,0,0,50,45,0,0,1,50,49,7,0,0,0,0,0,0,0,0,13,190,1,33,33,14,32,14,33,32,32,33,-851583,8,4.858,0.015,13.887,40,0,32,0,0,35,1,1,0,0,0,1,0,0,0
20:03:20.425,1327.3,24,336,0,0,0,50,45,0,0,1,49,49,7,0,0,0,0,0,0,0,0,13,190,1,33,33,14,32,14,33,32,31,33,-851583,8,4.858,0.015,13.88,40,0,32,0,0,35,1,1,0,0,0,1,0,0,0
20:03:20.525,1276.6,23.5,337,0,0,0,50,45,0,0,1,50,49,7,0,0,0,0,0,0,0,0,13,190,1,33,33,14,32,14,33,32,32,33,-851583,8,4.863,0.015,13.9,40,0,32,0,0,35,1,1,0,0,0,1,0,0,0
20:03:20.625,1224.5,22.7,336,0,0,0,50,45,0,0,1,50,48,7,0,0,0,0,0,0,0,0,13,190,1,33,33,14,32,14,33,32,32,33,-851583,8,4.863,0.015,13.894,40,0,32,0,0,35,1,1,0,0,0,1,0,0,0
20:03:20.725,1170.5,20.6,338,0,0,0,50,45,0,0,1,49,49,7,0,0,0,0,0,0,0,0,13,190,1,33,33,14,32,14,33,32,32,33,-851583,8,4.858,0.015,13.914,40,0,32,0,0,35,1,1,0,0,0,1,0,0,0
20:03:20.825,1117.9,20.8,336,0,0,0,50,45,0,0,1,50,49,7,0,0,0,0,0,0,0,0,13,190,1,33,33,14,32,15,33,32,32,33,-851583,8,4.863,0.015,13.853,40,0,32,0,0,35,1,1,0,0,0,1,0,0,0
20:03:20.925,1068.7,20.3,337,0,0,0,50,45,0,0,1,50,49,7,0,0,0,0,0,0,0,0,13,190,1,33,33,15,33,14,33,33,32,33,-851583,8,4.863,0.015,13.853,40,0,32,0,0,35,1,1,0,0,0,1,0,0,0
20:03:21.025,1027.5,19.2,337,0,0,0,50,45,0,0,1,50,49,7,0,0,0,0,0,0,0,0,13,190,1,33,33,15,33,14,33,32,32,33,-851583,8,4.858,0.015,13.9,40,0,32,0,0,35,1,1,0,0,0,1,0,0,0
20:03:21.125,996.2,18.6,337,0,0,0,50,45,0,0,1,49,48,7,0,0,0,0,0,0,0,0,13,190,1,33,33,15,32,14,33,33,32,33,-851583,8,4.863,0.015,13.88,40,0,32,0,0,35,1,1,0,0,0,1,0,0,0
20:03:21.225,972.9,18.8,335,1.6,0.2,0,50,45,0,0,1,52,49,7,0,0,0,0,0,0,0,0,13,190,1,33,33,15,32,14,33,32,32,33,-851583,8,4.863,0.015,13.866,40,0,32,0,0,35,1,1,0,0,0,1,0,0,0
20:03:21.325,989.5,26.7,334,43.4,9.4,0,50,45,0,0,1,52,49,7,0,0,0,0,0,0,0,6.9,13,190,1,33,33,15,33,14,33,32,32,33,-851583,8,4.863,0.015,13.805,40,0,32,0,0,35,1,1,0,0,0,1,0,0,0
20:03:21.425,971.9,25.8,333,57.6,11.8,0,50,45,0,0,1,52,48,7,0,0,0,0,0,0,0,10.1,13,190,1,33,33,15,33,14,33,33,32,33,-851583,8,4.863,0.015,13.859,40,0,32,0,0,35,1,1,0,0,0,1,0,0,0
20:03:21.525,973.6,25.6,332,58.8,12.3,0,49.9,45,0,0,1,52,48,7,0,0,0,0,0,0,0,10,13,190,1,33,33,15,15,15,33,33,32,33,-851583,8,4.863,0.015,13.818,40,0,32,0,0,35,1,1,0,0,0,1,0,0,0
20:03:21.625,975.4,25.6,334,57.4,12.3,0,49.9,45,0,0,1,54,50,7,0,0,0,0,0,0,0,10.5,13,190,1,33,33,15,32,15,33,32,32,33,-851583,8,4.858,0.015,13.88,40,0,32,0,0,35,1,1,0,0,0,1,0,0,0
20:03:21.725,981.2,26.2,332,57,11.8,0,49.9,45,0,0,1,51,49,7,0,0,0,0,0,0,0,10.1,13,190,1,33,33,15,33,14,33,32,32,33,-851583,8,4.863,0.015,13.832,40,0,32,0,0,35,1,1,0,0,0,1,0,0,0
20:03:21.825,995.7,26.6,332,72.1,15.9,0,49.9,45,0,0,1,51,50,7,0,0,0,0,0,0,0,13,13,190,1,33,33,15,33,14,33,33,32,33,-851583,8,4.863,0.015,13.818,40,0,32,0,0,35,1,1,0,0,0,1,0,0,0
20:03:21.925,1004.5,26.7,332,73,16.3,0,49.9,45,0,0,1,51,50,7,0,0,0,0,0,0,0,13.8,13,190,1,33,33,14,33,15,33,32,32,33,-851583,8,4.863,0.015,13.812,40,0,32,0,0,35,1,1,0,0,0,1,0,0,0
20:03:22.025,1009.3,27.3,331,73.4,16.1,0,49.9,45,0,0,1,51,49,7,0,0,0,0,0,0,0,13.6,13,190,1,33,33,14,33,15,33,32,32,33,-851583,8,4.863,0.015,13.832,40,0,32,0,0,35,1,1,0,0,0,1,0,0,0
20:03:22.125,1028.7,27.5,330,91.6,20.5,0,49.9,45,0,0,1,51,49,8,0,0,0,0,0,0,0,17,13,190,1,33,33,14,33,15,33,32,32,33,-851583,8,4.863,0.015,13.825,40,0,32,0,0,35,1,1,0,0,0,1,0,0,0
20:03:22.225,1045,28.2,330,87.7,19.6,0,49.9,45,0,0,1,51,50,7,0,0,0,0,0,0,0,17.3,12,190,1,33,33,14,33,15,33,32,32,33,-851583,8,4.863,0.015,13.832,40,0,32,0,0,35,1,1,0,0,0,1,0,0,0
20:03:22.325,1056,28.4,330,90.2,21,0,49.9,45,0,0,1,50,50,7,0,0,0,0,0,0,0,16.2,12,190,1,33,33,14,33,15,33,33,32,33,-851583,8,4.863,0.015,13.832,40,0,32,0,0,35,1,1,0,0,0,1,0,0,0
20:03:22.425,1069.2,29,330,91.3,19.1,0,49.9,45,0,0,1,50,49,7,0,0,0,0,0,0,0,18.5,12,190,1,33,33,14,33,15,33,33,32,33,-851583,8,4.863,0.015,13.818,40,0,32,0,0,35,1,1,0,0,0,1,0,0,0
20:03:22.525,1093.4,31,328,122.4,28.6,0,49.9,45,0,0,1,51,49,7,0,0,0,0,0,0,0,24.5,12,190,1,33,33,14,32,14,33,33,32,33,-851583,8,4.863,0.015,13.805,40,0,32,0,0,35,1,1,0,0,0,1,0,0,0
20:03:22.625,1140.1,32.2,328,110.5,27.3,0,49.9,45,0,0,1,50,49,7,0,0,0,0,0,0,0,24.5,12,190,1,33,33,14,32,15,33,32,32,33,-851583,8,4.863,0.015,13.846,40,0,32,0,0,35,1,1,0,0,0,1,0,0,0
20:03:22.725,1143.4,30.9,328,127,30.3,0,49.9,45,0,0,1,50,48,7,0,0,0,0,0,0,0,26.6,12,190,1,33,33,14,32,15,33,32,32,33,-851583,8,4.863,0.015,13.846,40,0,32,0,0,35,1,1,0,0,0,1,0,0,0
20:03:22.825,1178.2,32.6,327,139.8,34,0,49.9,45,0,0,1,50,49,7,0,0,0,0,0,0,0,28.1,12,190,1,33,33,14,32,15,33,32,32,33,-851583,8,4.863,0.015,13.859,40,0,32,0,0,35,1,1,0,0,0,1,0,0,0
20:03:22.925,1189.7,32.4,329,125.9,31.3,0,49.9,45,0,0,1,50,49,7,0,0,0,0,0,0,0,27.7,12,190,1,33,33,15,33,15,33,32,32,33,-851583,8,4.863,0.015,13.853,40,0,32,0,0,35,1,1,0,0,0,1,0,0,0
20:03:23.025,1214.5,33.2,327,123.9,31.2,0,49.9,45,0,0,1,50,49,7,0,0,0,0,0,0,0,26.7,12,190,1,33,33,15,32,15,33,32,32,33,-851583,8,4.863,0.015,13.859,40,0,32,0,0,35,1,1,0,0,0,1,0,0,0
20:03:23.125,1236.6,33.7,326,126.2,32.2,0,49.9,45,0,0,1,49,49,7,0,0,0,0,0,0,0,28.6,12,190,1,33,33,15,33,15,33,32,32,33,-851583,8,4.863,0.015,13.818,40,0,32,0,0,35,1,1,0,0,0,1,0,0,0
20:03:23.225,1259.5,34,326,130.5,34,0,49.9,45,0,0,1,50,49,7,0,0,0,0,0,0,0,30.5,12,190,1,33,33,15,33,15,33,32,32,33,-851583,8,4.863,0.015,13.859,40,0,32,0,0,35,1,1,0,0,0,1,0,0,0
20:03:23.325,1285,34.7,327,124.7,31.5,0,49.9,44.9,0,0,1,50,49,7,0,0,0,0,0,0,0,30.3,12,190,1,33,33,15,32,15,33,33,32,33,-851583,8,4.863,0.015,13.825,40,0,32,0,0,35,1,1,0,0,0,1,0,0,0
20:03:23.425,1305.9,35,327,116.8,30.8,0,49.9,44.9,0,0,1,50,48,7,0,0,0,0,0,0,0,28.4,12,190,1,33,33,15,32,15,33,33,32,33,-851583,8,4.863,0.015,13.825,40,0,32,0,0,35,1,1,0,0,0,1,0,0,0
20:03:23.525,1325.8,35.2,326,121.8,33.4,0,49.9,44.9,0,0,1,50,48,7,0,0,0,0,0,0,0,28.5,12,190,1,33,33,15,32,15,33,33,32,33,-851583,8,4.863,0.015,13.846,40,0,32,0,0,35,1,1,0,0,0,1,0,0,0
20:03:23.625,1355,35.9,327,117.9,31.5,0,49.9,44.9,0,0,1,50,48,7,0,0,0,0,0,0,0,30.3,12,190,1,33,33,15,33,15,33,32,32,33,-851583,8,4.863,0.015,13.846,40,0,32,0,0,35,1,1,0,0,0,1,0,0,0
20:03:23.725,1380.7,36.6,326,120.2,32.2,0,49.9,44.9,0,0,1,50,49,7,0,0,0,0,0,0,0,29.5,12,190,1,33,33,15,33,15,33,32,32,33,-851583,8,4.863,0.015,13.846,40,0,32,0,0,35,1,1,0,0,0,1,0,0,0
20:03:23.825,1403.4,37,326,119,34.2,0,49.9,44.9,0,0,1,51,49,7,0,0,0,0,0,0,0,29.2,12,190,1,33,33,15,32,15,33,33,32,33,-851583,8,4.863,0.015,13.853,40,0,32,0,0,35,1,1,0,0,0,1,0,0,0
20:03:23.925,1457.7,45,318,246.1,61.4,0,49.9,44.9,0,0,1,50,48,7,0,0,0,0,0,0,0,58.7,12,190,1,33,33,15,33,15,33,32,32,33,-851583,8,4.863,0.015,13.846,40,0,32,0,0,35,1,1,0,0,0,1,0,0,0
20:03:24.025,1510,44.4,319,220.6,55.8,0,49.9,44.8,0,0,1,51,48,7,0,0,0,0,0,0,0,54.7,12,190,1,33,33,15,33,15,33,32,32,33,-851583,8,4.863,0.015,13.846,40,0,32,0,0,35,1,1,0,0,0,1,0,0,0
20:03:24.125,1566.6,43.7,319,200.1,58.6,0,49.9,44.9,0,0,1,50,49,7,0,0,0,0,0,0,0,56.1,12,190,1,33,33,15,32,15,33,32,32,33,-851583,8,4.863,0.015,13.859,40,0,32,0,0,35,1,1,0,0,0,1,0,0,0
20:03:24.225,1598.2,40.9,322,128.7,39.9,0,49.9,44.9,0,0,1,51,48,7,0,0,0,0,0,0,0,37.6,12,190,1,33,33,15,32,15,33,32,32,33,-851583,8,4.863,0.015,13.853,40,0,32,0,0,35,1,1,0,0,0,1,0,0,0
20:03:24.325,1645,44.4,323,143.9,45.4,0,49.9,44.9,0,0,1,51,49,7,0,0,0,0,0,0,0,39.9,12,190,1,33,33,15,33,15,33,32,32,33,-851583,8,4.863,0.015,13.853,40,0,32,0,0,35,1,1,0,0,0,1,0,0,0
20:03:24.425,1687,45,323,145.7,42.9,0,49.9,44.9,0,0,1,51,49,7,0,0,0,0,0,0,0,42.5,12,190,1,33,33,15,32,15,33,32,32,33,-851583,8,4.858,0.015,13.9,40,0,32,0,0,35,1,1,0,0,0,1,0,0,0
20:03:24.525,1727.1,44.6,323,131.8,43.6,0,49.9,44.9,0,0,1,50,48,7,0,0,0,0,0,0,0,38.4,12,190,1,33,33,15,32,15,33,32,32,33,-851583,8,4.858,0.015,13.914,40,0,32,0,0,35,1,1,0,0,0,1,0,0,0
20:03:24.625,1764.2,45.3,322,128.1,39.7,0,49.9,44.9,0,0,1,51,49,7,0,0,0,0,0,0,0,40.5,12,190,1,33,33,15,33,15,33,32,32,33,-851583,8,4.863,0.015,13.866,40,0,32,0,0,35,1,1,0,0,0,1,0,0,0
20:03:24.725,1763.3,37.1,330,44.3,17,0,49.9,44.9,0,0,1,50,48,7,0,0,0,0,0,0,0,14,12,190,1,33,33,15,32,15,33,33,32,33,-851583,8,4.858,0.015,13.928,40,0,32,0,0,35,1,1,0,0,0,1,0,0,0
20:03:24.825,1778.4,43.4,328,68.9,23.3,0,49.9,44.9,0,0,1,51,49,7,0,0,0,0,0,0,0,20,12,190,1,33,33,15,33,15,33,33,32,33,-851583,8,4.863,0.015,13.887,40,0,32,0,0,35,1,1,0,0,0,1,0,0,0
20:03:24.925,1768.9,40.6,330,54.9,19.9,0,49.9,44.9,0,0,1,51,49,7,0,0,0,0,0,0,0,20.3,12,190,1,33,33,15,33,15,33,32,32,33,-851583,8,4.863,0.015,13.873,40,0,32,0,0,35,1,1,0,0,0,1,0,0,0
20:03:25.025,1760.5,39.8,334,34.5,12.8,0,49.9,44.9,0,0,1,54,49,7,0,0,0,0,0,0,0,11.7,12,190,1,33,33,15,33,15,33,32,32,33,-851583,8,4.858,0.015,13.9,40,0,32,0,0,35,1,1,0,0,0,1,0,0,0
20:03:25.125,1754.4,40.7,330,41.9,12.2,0,49.9,44.9,0,0,1,55,49,7,0,0,0,0,0,0,0,14.2,12,190,1,33,33,15,32,15,33,32,32,33,-851583,8,4.858,0.015,13.9,40,0,32,0,0,35,1,1,0,0,0,1,0,0,0
20:03:25.225,1755.3,39.2,335,37.9,11.8,0,49.9,44.9,0,0,1,52,48,7,0,0,0,0,0,0,0,11.9,12,190,1,33,33,15,32,15,33,32,32,33,-851583,8,4.858,0.015,13.948,40,0,32,0,0,35,1,1,0,0,0,1,0,0,0
20:03:25.325,1741.5,39.2,332,31.4,10.4,0,49.9,44.9,0,0,1,54,49,6,0,0,0,0,0,0,0,5.6,12,190,1,33,33,15,32,15,33,32,32,33,-851583,8,4.858,0.015,13.982,40,0,32,0,0,35,1,1,0,0,0,1,0,0,0
20:03:25.425,1735.2,39.5,332,27.3,9.5,0,49.9,44.9,0,0,1,54,49,6,0,0,0,0,0,0,0,5.7,12,190,1,33,33,15,32,15,33,32,32,33,-851583,8,4.858,0.015,13.996,40,0,32,0,0,35,1,1,0,0,0,1,0,0,0
20:03:25.525,1700.5,31.8,336,0,0,0,49.9,44.9,0,0,1,52,49,6,0,0,0,0,0,0,0,0,12,190,1,33,33,15,32,15,33,32,32,33,-851583,8,4.863,0.015,14.065,40,0,32,0,0,35,1,1,0,0,0,1,0,0,0
20:03:25.625,1702.6,32.3,335,0,0,0,49.9,44.9,0,0,1,52,49,6,0,0,0,0,0,0,0,0,13,190,1,33,33,15,32,15,33,32,32,33,-851583,8,4.863,0.015,14.085,40,0,32,0,0,35,1,1,0,0,0,1,0,0,0
20:03:25.725,1699.6,31.2,336,0,0,0,49.9,45,0,0,1,52,49,5,0,0,0,0,0,0,0,0,13,190,1,33,33,15,32,15,33,33,32,33,-851583,8,4.863,0.015,14.085,40,0,32,0,0,35,1,1,0,0,0,1,0,0,0
20:03:25.825,1687.5,30.6,338,0,0,0,49.9,45,0,0,1,50,48,5,0,0,0,0,0,0,0,0,13,190,1,33,33,15,32,15,33,32,32,33,-851583,8,4.863,0.015,14.126,40,0,32,0,0,35,1,1,0,0,0,1,0,0,0
20:03:25.925,1673.9,31.1,336,0,0,0,49.9,45,0,0,1,52,49,5,0,0,0,0,0,0,0,0,13,190,1,33,33,15,32,15,33,32,32,33,-851583,8,4.863,0.015,14.133,40,0,32,0,0,35,1,1,0,0,0,1,0,0,0
20:03:26.025,1660.8,31,336,0,0,0,49.9,45,0,0,1,52,48,4,0,0,0,0,0,0,0,0,13,190,1,33,33,15,33,15,33,32,32,33,-851583,8,4.863,0.015,14.133,40,0,32,0,0,35,1,1,0,0,0,1,0,0,0
20:03:26.125,1644.1,30.9,336,0,0,0,49.9,45,0,0,1,51,49,4,0,0,0,0,0,0,0,0,13,190,1,33,33,15,32,15,33,32,32,33,-851583,8,4.863,0.015,14.147,40,0,32,0,0,35,1,1,0,0,0,1,0,0,0
20:03:26.225,1617.3,30.6,336,0,0,0,49.9,45,0,0,1,51,49,4,0,0,0,0,0,0,0,0,13,190,1,33,33,15,32,15,33,32,32,33,-851583,8,4.863,0.015,14.119,40,0,32,0,0,35,1,1,0,0,0,1,0,0,0
20:03:26.325,1601.3,30,337,0,0,0,49.9,45,0,0,1,51,48,4,0,0,0,0,0,0,0,0,13,190,1,33,33,15,32,15,33,32,32,33,-851583,8,4.863,0.015,14.153,40,0,32,0,0,35,1,1,0,0,0,1,0,0,0
20:03:26.425,1602.6,29.4,336,0,0,0,49.9,45,0,0,1,51,48,4,0,0,0,0,0,0,0,0,13,190,1,33,33,15,32,15,33,33,32,33,-851583,8,4.863,0.015,14.133,40,0,32,0,0,35,1,1,0,0,0,1,0,0,0
20:03:26.525,1581,29.6,337,0,0,0,49.9,45,0,0,1,51,49,4,0,0,0,0,0,0,0,0,13,190,1,33,33,15,32,15,33,32,32,33,-851583,8,4.863,0.015,14.147,40,0,32,0,0,35,1,1,0,0,0,1,0,0,0
20:03:26.625,1572.3,28.4,337,0,0,0,49.9,45,0,0,1,51,49,4,0,0,0,0,0,0,0,0,13,190,1,33,33,15,32,15,33,33,32,33,-851583,8,4.863,0.015,14.16,40,0,32,0,0,35,1,1,0,0,0,1,0,0,0
20:03:26.725,1563.4,28.5,337,0,0,0,49.9,45,0,0,1,51,49,4,0,0,0,0,0,0,0,0,13,190,1,33,33,15,32,15,33,32,32,33,-851583,8,4.863,0.015,14.16,40,0,32,0,0,35,1,1,0,0,0,1,0,0,0
20:03:26.825,1555,29.1,336,0,0,0,49.9,45,0,0,1,50,48,4,0,0,0,0,0,0,0,0,13,190,1,33,33,15,32,15,33,32,32,33,-851583,8,4.863,0.015,14.14,40,0,32,0,0,35,1,1,0,0,0,1,0,0,0
20:03:26.925,1542,29.1,335,-0.2,0,0,49.9,45,0,0,1,50,47,4,0,0,0,0,0,0,0,-0.8,13,190,1,33,33,15,33,15,33,33,32,33,-851583,8,4.863,0.015,14.106,40,0,32,0,0,35,1,1,0,0,0,1,0,0,0
20:03:27.025,1523.7,27.8,335,-3.8,0,0,49.9,45,0,0,1,52,49,4,0,0,0,0,0,0,0,-1.1,13,190,1,33,33,15,33,15,33,33,32,33,-851583,8,4.863,0.015,14.106,40,0,32,0,0,35,1,1,0,0,0,1,0,0,0
20:03:27.125,1504.5,28.8,335,0.3,0,0,49.9,45,0,0,1,50,49,4,0,0,0,0,0,0,0,-0.4,13,190,1,33,33,15,32,15,33,32,32,33,-851583,8,4.863,0.015,14.119,40,0,32,0,0,35,1,1,0,0,0,1,0,0,0
20:03:27.225,1501.7,31.5,334,9.4,2.3,0,49.9,45,0,0,1,51,49,4,0,0,0,0,0,0,0,1.9,13,190,1,33,33,15,32,15,33,32,32,33,-851583,8,4.863,0.015,14.119,40,0,32,0,0,35,1,1,0,0,0,1,0,0,0
20:03:27.325,1499.9,35.4,334,26.6,8.1,0,49.9,45,0,0,1,51,48,4,0,0,0,0,0,0,0,5.8,13,190,1,33,33,15,33,15,33,33,32,33,-851583,8,4.863,0.015,14.14,40,0,32,0,0,35,1,1,0,0,0,1,0,0,0
20:03:27.425,1497.3,35.9,332,43.9,13.2,0,49.8,45,0,0,1,51,49,4,0,0,0,0,0,0,0,12,13,190,1,33,33,15,33,15,33,32,32,33,-851583,8,4.863,0.015,14.133,40,0,32,0,0,35,1,1,0,0,0,1,0,0,0
20:03:27.525,1501.2,35.6,333,42,11.8,0,49,45,0,0,1,50,48,4,0,0,0,0,0,0,0,12.2,13,190,1,33,33,15,15,15,33,32,32,33,-851583,8,4.863,0.015,14.14,40,0,32,0,0,35,1,1,0,0,0,1,0,0,0
20:03:27.625,1500.1,35.5,332,42.1,11.3,0,49,45,0,0,1,50,48,4,0,0,0,0,0,0,0,11.4,13,190,1,33,33,15,32,15,33,32,32,33,-851583,8,4.863,0.015,14.133,40,0,32,0,0,35,1,1,0,0,0,1,0,0,0
20:03:27.725,1500.2,35.5,334,37.7,10.3,0,49,45,0,0,1,50,48,4,0,0,0,0,0,0,0,10.8,13,190,1,33,33,15,33,15,33,32,32,33,-851583,8,4.863,0.015,14.112,40,0,32,0,0,35,1,1,0,0,0,1,0,0,0
20:03:27.825,1499.9,35.4,331,43.2,12.3,0,49,45,0,0,1,50,48,4,0,0,0,0,0,0,0,11.7,13,190,1,33,33,15,33,15,33,33,32,33,-851583,8,4.863,0.015,14.119,40,0,32,0,0,35,1,1,0,0,0,1,0,0,0
20:03:27.925,1499.2,35.5,333,38.4,11,0,49,45,0,0,1,50,48,4,0,0,0,0,0,0,0,10.8,13,190,1,33,33,15,33,15,33,33,32,33,-851583,8,4.863,0.015,14.112,40,0,32,0,0,35,1,1,0,0,0,1,0,0,0
20:03:28.025,1506,36.2,332,46,13.7,0,49,45,0,0,1,51,49,4,0,0,0,0,0,0,0,12.5,13,190,1,33,33,15,33,15,33,33,32,33,-851583,8,4.863,0.015,14.126,40,0,32,0,0,35,1,1,0,0,0,1,0,0,0
20:03:28.125,1508.2,36,331,48.1,13.9,0,49,45,0,0,1,50,48,4,0,0,0,0,0,0,0,13.7,13,190,1,33,33,15,33,15,33,32,32,33,-851583,8,4.863,0.015,14.112,40,0,32,0,0,35,1,1,0,0,0,1,0,0,0
20:03:28.225,1511.5,36,332,50.2,15.4,0,49,45,0,0,1,50,48,4,0,0,0,0,0,0,0,13.5,13,190,1,33,33,15,33,15,33,32,32,33,-851583,8,4.863,0.015,14.106,40,0,32,0,0,35,1,1,0,0,0,1,0,0,0
20:03:28.325,1515.8,36.4,332,48,13.2,0,49,45,0,0,1,50,48,4,0,0,0,0,0,0,0,13.2,13,190,1,33,33,15,33,15,33,32,32,33,-851583,8,4.863,0.015,14.092,40,0,32,0,0,35,1,1,0,0,0,1,0,0,0
20:03:28.425,1525.3,37.3,331,58.8,18.1,0,49,45,0,0,1,51,49,4,0,0,0,0,0,0,0,16.3,13,190,1,33,33,15,33,15,33,32,32,33,-851583,8,4.863,0.015,14.099,40,0,32,0,0,35,1,1,0,0,0,1,0,0,0
20:03:28.525,1534.9,37.6,330,60,17.1,0,49,45,0,0,1,50,48,4,0,0,0,0,0,0,0,16.6,13,190,1,33,33,15,32,15,33,32,32,33,-851583,8,4.863,0.015,14.106,40,0,32,0,0,35,1,1,0,0,0,1,0,0,0
20:03:28.625,1545.4,37.4,331,60.8,18.8,0,49,45,0,0,1,50,48,4,0,0,0,0,0,0,0,15.8,12,190,1,33,33,15,32,15,33,32,32,33,-851583,8,4.863,0.015,14.112,40,0,32,0,0,35,1,1,0,0,0,1,0,0,0
20:03:28.725,1570.8,40.1,329,91.7,28.2,0,49,45,0,0,1,50,49,4,0,0,0,0,0,0,0,22.6,12,190,1,33,33,15,32,15,33,32,32,33,-851583,8,4.863,0.015,14.099,40,0,32,0,0,35,1,1,0,0,0,1,0,0,0
20:03:28.825,1582.8,39,329,84.3,26.5,0,49,45,0,0,1,52,48,4,0,0,0,0,0,0,0,25.4,12,190,1,33,33,15,33,15,33,33,32,33,-851583,8,4.863,0.015,14.106,40,0,32,0,0,35,1,1,0,0,0,1,0,0,0
20:03:28.925,1605.8,39.8,329,83,25.7,0,49,45,0,0,1,54,49,3,0,0,0,0,0,0,0,25.5,12,190,1,33,33,15,33,15,33,33,32,33,-851583,8,4.863,0.015,14.099,40,0,32,0,0,35,1,1,0,0,0,1,0,0,0
20:03:29.025,1623.3,40,327,92.8,28.6,0,49,45,0,0,1,52,49,4,0,0,0,0,0,0,0,26.3,12,190,1,33,33,15,32,15,33,33,32,33,-851583,8,4.863,0.015,14.112,40,0,32,0,0,35,1,1,0,0,0,1,0,0,0
20:03:29.125,1640.8,40.7,329,78.3,23.5,0,49,45,0,0,1,52,49,4,0,0,0,0,0,0,0,24.3,12,190,1,33,33,15,33,15,33,32,32,33,-851583,8,4.863,0.015,14.112,40,0,32,0,0,35,1,1,0,0,0,1,0,0,0
20:03:29.225,1652.5,39.9,329,76.7,24.4,0,49,45,0,0,1,51,48,3,0,0,0,0,0,0,0,22.6,12,190,1,33,33,15,33,15,33,32,32,33,-851583,8,4.863,0.015,14.112,40,0,32,0,0,35,1,1,0,0,0,1,0,0,0
20:03:29.325,1665.9,40.2,329,69.9,22.1,0,49,45,0,0,1,52,50,3,0,0,0,0,0,0,0,23.9,12,190,1,33,33,15,32,15,33,33,32,33,-851583,8,4.863,0.015,14.119,40,0,32,0,0,35,1,1,0,0,0,1,0,0,0
20:03:29.425,1678.8,40.2,329,75.4,24.1,0,49,45,0,0,1,52,49,3,0,0,0,0,0,0,0,23.4,12,190,1,33,33,15,32,15,33,32,32,33,-851583,8,4.863,0.015,14.112,40,0,32,0,0,35,1,1,0,0,0,1,0,0,0
20:03:29.525,1685.5,38.9,330,51.9,17.4,0,49,45,0,0,1,51,49,3,0,0,0,0,0,0,0,13.3,12,190,1,33,33,15,33,15,33,32,32,33,-851583,8,4.863,0.015,14.126,40,0,32,0,0,35,1,1,0,0,0,1,0,0,0
20:03:29.625,1690.2,39.6,333,41.3,12.6,0,49,45,0,0,1,50,48,3,0,0,0,0,0,0,0,12.7,12,190,1,33,33,15,33,15,33,32,32,33,-851583,8,4.863,0.015,14.133,40,0,32,0,0,35,1,1,0,0,0,1,0,0,0
20:03:29.725,1695.8,39.8,330,49.8,15.6,0,49,45,0,0,1,50,48,3,0,0,0,0,0,0,0,13.2,12,190,1,33,33,15,33,15,33,32,32,33,-851583,8,4.863,0.015,14.133,40,0,32,0,0,35,1,1,0,0,0,1,0,0,0
20:03:29.825,1699.9,39.9,332,47.2,15.7,0,49,45,0,0,1,50,48,3,0,0,0,0,0,0,0,13.2,12,190,1,33,33,15,32,15,33,32,32,33,-851583,8,4.863,0.015,14.14,40,0,32,0,0,35,1,1,0,0,0,1,0,0,0
20:03:29.925,1703.5,39.2,330,44.9,14.4,0,49,45,0,0,1,50,48,3,0,0,0,0,0,0,0,16.4,12,190,1,33,33,15,33,15,33,32,32,33,-851583,8,4.863,0.015,14.112,40,0,32,0,0,35,1,1,0,0,0,1,0,0,0
20:03:30.025,1692.1,37.4,333,27.4,10,0,49,45,0,0,1,50,48,3,0,0,0,0,0,0,0,7.3,12,190,1,33,33,15,33,15,33,32,32,33,-851583,8,4.863,0.015,14.147,40,0,32,0,0,35,1,1,0,0,0,1,0,0,0
20:03:30.125,1694.9,38.1,335,17.3,5.5,0,49,45,0,0,1,50,49,3,0,0,0,0,0,0,0,4.7,12,190,1,33,33,15,32,15,33,32,32,33,-851583,8,4.863,0.015,14.147,40,0,32,0,0,35,1,1,0,0,0,1,0,0,0
20:03:30.225,1683.9,36.8,338,13.1,3.4,0,49,45,0,0,1,49,48,3,0,0,0,0,0,0,0,3.1,12,190,1,33,33,15,33,15,33,33,32,33,-851583,8,4.863,0.015,14.153,40,0,32,0,0,35,1,1,0,0,0,1,0,0,0
20:03:30.325,1673.1,37.2,334,15.8,4.3,0,49,45,0,0,1,50,48,3,0,0,0,0,0,0,0,3,12,190,1,33,33,15,33,15,33,33,32,33,-851583,8,4.863,0.015,14.147,40,0,32,0,0,35,1,1,0,0,0,1,0,0,0
20:03:30.425,1673.9,38.1,332,22.9,7.2,0,49,45,0,0,1,50,48,3,0,0,0,0,0,0,0,6.9,12,190,1,33,33,15,32,15,33,32,32,33,-851583,8,4.863,0.015,14.153,40,0,32,0,0,35,1,1,0,0,0,1,0,0,0
20:03:30.525,1664.7,36.5,335,15.2,4.7,0,49,45,0,0,1,50,49,3,0,0,0,0,0,0,0,2.9,13,190,1,33,33,15,32,15,33,33,32,33,-851583,8,4.863,0.015,14.14,40,0,32,0,0,35,1,1,0,0,0,1,0,0,0
20:03:30.625,1636.3,30.1,337,0,0,0,49,45.4,0,0,1,50,49,3,0,0,0,0,0,0,0,0,13,190,1,33,33,15,33,15,33,32,32,33,-851583,8,4.863,0.015,14.147,40,0,32,0,0,35,1,1,0,0,0,1,0,0,0
20:03:30.725,1632.5,30.4,337,0,0,0,49,45.6,0,0,1,50,49,3,0,0,0,0,0,0,0,0,13,190,1,33,33,15,32,15,33,32,32,33,-851583,8,4.863,0.015,14.133,40,0,32,0,0,35,1,1,0,0,0,1,0,0,0
20:03:30.825,1625.4,30.4,338,0,0,0,49,45.6,0,0,1,50,48,3,0,0,0,0,0,0,0,0,13,190,1,33,33,15,33,15,33,32,32,33,-851583,8,4.863,0.015,14.147,40,0,32,0,0,35,1,1,0,0,0,1,0,0,0
20:03:30.925,1618.1,30.2,337,0,0,0,49,45.4,0,0,1,50,48,3,0,0,0,0,0,0,0,0,13,190,1,33,33,15,33,15,33,32,32,33,-851583,8,4.863,0.015,14.147,40,0,32,0,0,35,1,1,0,0,0,1,0,0,0
20:03:31.025,1611.2,29.8,338,0,0,0,49,45.6,0,0,1,50,48,3,0,0,0,0,0,0,0,0,13,190,1,33,33,15,33,15,33,32,32,33,-851583,8,4.863,0.015,14.509,40,0,32,0,0,35,1,1,0,0,0,1,0,0,0
20:03:31.125,1601.6,29.4,337,0,0,0,49,45.7,0,0,1,50,48,3,0,0,0,0,0,0,0,0,13,190,1,33,33,15,32,15,33,32,32,33,-851583,8,4.858,0.015,14.509,40,0,32,0,0,35,1,1,0,0,0,1,0,0,0
20:03:31.225,1592.4,29.8,338,0,0,0,49,45.7,0,0,1,50,48,3,0,0,0,0,0,0,0,0,13,190,1,33,33,15,32,15,33,33,32,33,-851583,8,4.863,0.015,14.509,40,0,32,0,0,35,1,1,0,0,0,1,0,0,0
20:03:31.325,1579.5,30.5,338,0,0,0,49,45.7,0,0,1,50,48,49,0,0,0,0,0,0,0,0,13,190,1,33,33,15,32,15,33,32,32,33,-851583,8,4.863,0.015,14.509,40,0,32,0,0,35,1,1,0,0,0,1,0,0,0
20:03:31.425,1559.9,29.8,337,0,0,0,49,45.7,0,0,1,50,49,11,0,0,0,0,0,0,0,0,13,190,1,33,33,15,32,15,33,32,32,33,-851583,8,4.863,0.015,14.509,40,0,32,0,0,35,1,1,0,0,0,1,0,0,0
20:03:31.525,1542.5,29,337,0,0,0,49,45.8,0,0,1,50,48,5,0,0,0,0,0,0,0,0,13,190,1,33,33,15,32,15,33,32,32,33,-851583,8,4.863,0.015,14.509,40,0,32,0,0,35,1,1,0,0,0,1,0,0,0
20:03:31.625,1535.5,27.6,337,0,0,0,49,45.7,0,0,1,50,48,3,0,0,0,0,0,0,0,0,13,190,1,33,33,15,32,15,33,32,32,33,-851583,8,4.863,0.015,14.509,40,0,32,0,0,35,1,1,0,0,0,1,0,0,0
20:03:31.725,1529,28.2,337,0,0,0,49,45.8,0,0,1,49,48,3,0,0,0,0,0,0,0,0,13,190,1,33,33,15,32,15,33,32,32,33,-851583,8,4.863,0.015,14.509,40,0,32,0,0,35,1,1,0,0,0,1,0,0,0
20:03:31.825,1527.7,27.6,337,0,0,0,49,45.8,0,0,1,50,48,6,0,0,0,0,0,0,0,0,13,190,1,33,33,15,32,15,33,32,32,33,-851583,8,4.863,0.015,14.509,40,0,32,0,0,35,1,1,0,0,0,1,0,0,0
20:03:31.925,1518.6,28.1,338,0,0,0,49,45.8,0,0,1,49,48,6,0,0,0,0,0,0,0,0,13,190,1,33,33,15,32,15,33,33,32,33,-851583,8,4.863,0.015,14.516,40,0,32,0,0,35,1,1,0,0,0,1,0,0,0
20:03:32.025,1503.7,28.5,337,0,0,0,49,45.7,0,0,1,49,48,4,0,0,0,0,0,0,0,0,13,190,1,33,33,15,33,15,33,32,32,33,-851583,8,4.863,0.015,14.516,40,0,32,0,0,35,1,1,0,0,0,1,0,0,0
20:03:32.125,1487,28,337,0,0,0,49,45.6,0,0,1,50,48,4,0,0,0,0,0,0,0,0,13,190,1,33,33,15,32,15,33,33,32,33,-851583,8,4.863,0.015,14.509,40,0,32,0,0,35,1,1,0,0,0,1,0,0,0
20:03:32.225,1476.5,27,337,0,0,0,49,45.8,0,0,1,49,48,4,0,0,0,0,0,0,0,0,13,190,1,33,33,15,32,15,33,32,32,33,-851583,8,4.863,0.015,14.509,40,0,32,0,0,35,1,1,0,0,0,1,0,0,0
20:03:32.325,1469,27.7,338,0,0,0,49,45.8,0,0,1,49,48,4,0,0,0,0,0,0,0,0,13,190,1,33,33,15,32,15,33,32,32,33,-851583,8,4.863,0.015,14.509,40,0,32,0,0,35,1,1,0,0,0,1,0,0,0
20:03:32.425,1465.1,26.4,337,0,0,0,49,45.9,0,0,1,49,48,4,0,0,0,0,0,0,0,0,13,190,1,33,33,15,32,15,33,33,32,33,-851583,8,4.863,0.015,14.509,40,0,32,0,0,35,1,1,0,0,0,1,0,0,0
20:03:32.525,1449.1,27.1,337,0,0,0,49,45.8,0,0,1,52,48,4,0,0,0,0,0,0,0,0,13,190,1,33,33,15,32,15,33,33,32,33,-851583,8,4.863,0.015,14.509,40,0,32,0,0,35,1,1,0,0,0,1,0,0,0
20:03:32.625,1425,27.6,337,0,0,0,49,45.9,0,0,1,52,48,4,0,0,0,0,0,0,0,0,13,190,1,33,33,15,33,15,33,32,32,33,-851583,8,4.863,0.015,14.516,40,0,32,0,0,35,1,1,0,0,0,1,0,0,0
20:03:32.725,1429.8,26.3,337,0,0,0,49,45.8,0,0,1,52,48,4,0,0,0,0,0,0,0,0,13,190,1,33,33,15,32,15,33,33,32,33,-851583,8,4.863,0.015,14.509,40,0,32,0,0,35,1,1,0,0,0,1,0,0,0
20:03:32.825,1411.7,25.7,338,0,0,0,49,45.9,0,0,1,51,49,4,0,0,0,0,0,0,0,0,13,190,1,33,33,15,32,15,33,33,32,33,-851583,8,4.863,0.015,14.509,40,0,32,0,0,35,1,1,0,0,0,1,0,0,0
20:03:32.925,1405.4,25.8,337,0,0,0,49,45.8,0,0,1,51,49,4,0,0,0,0,0,0,0,0,13,190,1,33,33,15,33,15,33,32,32,33,-851583,8,4.863,0.015,14.509,40,0,32,0,0,35,1,1,0,0,0,1,0,0,0
20:03:33.025,1394.7,25.8,337,0,0,0,49,45.8,0,0,1,51,49,4,0,0,0,0,0,0,0,0,13,190,1,33,33,15,33,15,33,32,32,33,-851583,8,4.863,0.015,14.509,40,0,32,0,0,35,1,1,0,0,0,1,0,0,0
20:03:33.125,1372.5,25.9,337,0,0,0,48.9,45.9,0,0,1,51,49,4,0,0,0,0,0,0,0,0,13,190,1,33,33,15,32,15,33,32,32,33,-851583,8,4.863,0.015,14.516,40,0,32,0,0,35,1,1,0,0,0,1,0,0,0
20:03:33.225,1362.4,25.7,337,1,0,0,48,45,0,0,1,51,49,4,0,0,0,0,0,0,0,-0.3,13,190,1,33,33,15,32,15,33,32,32,33,-851583,8,4.863,0.015,14.475,40,0,32,0,0,35,1,1,0,0,0,1,0,0,0
20:03:33.325,1359.9,29,336,8.7,1.8,0,48,45,0,0,1,51,49,4,0,0,0,0,0,0,0,1.7,13,190,1,33,33,15,33,15,33,33,32,33,-851583,8,4.863,0.015,14.468,40,0,32,0,0,35,1,1,0,0,0,1,0,0,0
20:03:33.425,1354.9,31.5,336,13.3,3.3,0,48,45.1,0,0,1,51,48,4,0,0,0,0,0,0,0,2.6,13,190,1,33,33,15,33,15,33,33,32,33,-851583,8,4.858,0.015,14.468,40,0,32,0,0,35,1,1,0,0,0,1,0,0,0
20:03:33.525,1346.4,32,335,22.1,5.5,0,48,45.1,0,0,1,50,49,0,0,0,0,0,0,0,0,4.9,13,190,1,33,33,15,15,15,33,33,32,33,-851583,8,4.863,0.015,14.468,40,0,32,0,0,35,1,1,0,0,0,1,0,0,0
20:03:33.625,1337.4,31.5,334,26.2,6.7,0,48,45.2,0,0,1,50,49,0,0,0,0,0,0,0,0,5.5,13,190,1,33,33,15,32,15,33,32,32,33,-851583,8,4.858,0.015,14.468,40,0,32,0,0,35,1,1,0,0,0,1,0,0,0
20:03:33.725,1330.3,31.2,335,20.3,5.4,0,48,45.1,0,0,1,50,48,0,0,0,0,0,0,0,0,5.4,13,190,1,33,33,15,33,15,33,32,32,33,-851583,8,4.863,0.015,14.468,40,0,32,0,0,35,1,1,0,0,0,1,0,0,0
20:03:33.825,1324.4,30.8,335,19,4.9,0,48,45.2,0,0,1,50,48,0,0,0,0,0,0,0,0,3.7,13,190,1,33,33,15,33,15,33,32,32,33,-851583,8,4.863,0.015,14.468,40,0,32,0,0,35,1,1,0,0,0,1,0,0,0
20:03:33.925,1314.2,30.2,335,11.4,1.9,0,48,45.1,0,0,1,50,48,0,0,0,0,0,0,0,0,2.4,13,190,1,33,33,15,33,15,33,32,32,33,-851583,8,4.863,0.015,14.468,40,0,32,0,0,35,1,1,0,0,0,1,0,0,0
20:03:34.025,1305.9,29.9,336,11.3,2.3,0,48,45.4,0,0,1,50,48,0,0,0,0,0,0,0,0,2.2,13,190,1,33,33,15,33,15,33,32,32,33,-851583,8,4.863,0.015,14.468,40,0,32,0,0,35,1,1,0,0,0,1,0,0,0
20:03:34.125,1294.7,29.4,336,10.1,3,0,48,45.4,0,0,1,50,48,0,0,0,0,0,0,0,0,2,13,190,1,33,33,15,33,15,33,32,32,33,-851583,8,4.858,0.015,14.468,40,0,32,0,0,35,1,1,0,0,0,1,0,0,0
20:03:34.225,1292.2,28.8,336,9.9,2.4,0,48,45.5,0,0,1,49,49,0,0,0,0,0,0,0,0,1.8,13,190,1,33,33,15,33,15,33,32,32,33,-851583,8,4.858,0.015,14.468,40,0,32,0,0,35,1,1,0,0,0,1,0,0,0
20:03:34.325,1280.9,27.8,336,8.6,1.9,0,48,45.6,0,0,1,49,49,0,0,0,0,0,0,0,0,1.6,13,190,1,33,33,15,33,15,33,33,32,33,-851583,8,4.863,0.015,14.468,40,0,32,0,0,35,1,1,0,0,0,1,0,0,0
20:03:34.425,1267.7,26.1,337,7.3,2.2,0,48,45.7,0,0,1,49,48,0,0,0,0,0,0,0,0,1.2,13,190,1,33,33,15,33,15,33,33,32,33,-851583,8,4.863,0.015,14.468,40,0,32,0,0,35,1,1,0,0,0,1,0,0,0
20:03:34.525,1260.2,23,337,0,0,0,48,45.8,0,0,1,49,48,0,0,0,0,0,0,0,0,0,13,190,1,33,33,15,32,15,33,33,32,33,-851583,8,4.863,0.015,14.475,40,0,32,0,0,35,1,1,0,0,0,1,0,0,0
20:03:34.625,1235.1,23.4,337,0,0,0,48,45.9,0,0,1,50,48,0,0,0,0,0,0,0,0,0,13,190,1,33,33,15,32,15,33,32,32,33,-851583,8,4.858,0.015,14.488,40,0,32,0,0,35,1,1,0,0,0,1,0,0,0
20:03:34.725,1232.8,23.9,337,1.2,0,0,48,45.8,0,0,1,49,48,0,0,0,0,0,0,0,0,0.3,13,190,1,33,33,15,32,15,33,32,32,33,-851583,8,4.858,0.015,14.468,40,0,32,0,0,35,1,1,0,0,0,1,0,0,0
20:03:34.825,1224.5,24.8,336,5.6,1.1,0,48,45.9,0,0,1,49,48,0,0,0,0,0,0,0,0,0.9,13,190,1,33,33,15,33,15,33,33,32,33,-851583,8,4.863,0.015,14.468,40,0,32,0,0,35,1,1,0,0,0,1,0,0,0
20:03:34.925,1211,26.9,336,8.9,2.1,0,48,45.8,0,0,1,49,48,0,0,0,0,0,0,0,0,1.4,13,190,1,33,33,15,33,15,33,32,32,33,-851583,8,4.863,0.015,14.475,40,0,32,0,0,35,1,1,0,0,0,1,0,0,0
20:03:35.025,1208.7,28.7,338,12.6,2.2,0,48,45.9,0,0,1,49,48,0,0,0,0,0,0,0,0,2.3,13,190,1,33,33,15,32,15,33,32,32,33,-851583,8,4.863,0.015,14.468,40,0,32,0,0,35,1,1,0,0,0,1,0,0,0
20:03:35.125,1212.5,29.2,335,25.2,5.9,0,48,45.9,0,0,1,50,48,0,0,0,0,0,0,0,0,5.4,13,190,1,33,33,15,33,15,33,32,32,33,-851583,8,4.863,0.015,14.468,40,0,32,0,0,35,1,1,0,0,0,1,0,0,0
20:03:35.225,1192.3,32,333,63.7,14.8,0,48,45.9,0,0,1,49,48,0,0,0,0,0,0,0,0,12.3,13,190,1,33,33,15,33,15,33,32,32,33,-851583,8,4.863,0.015,14.468,40,0,32,0,0,35,1,1,0,0,0,1,0,0,0
20:03:35.325,1243.5,34.1,326,153.5,35.9,0,48,45.6,0,0,1,50,48,0,0,0,0,0,0,0,0,36.7,13,190,1,33,33,15,32,15,33,32,32,33,-851583,8,4.863,0.015,14.475,40,0,32,0,0,35,1,1,0,0,0,1,0,0,0
20:03:35.425,1267,33.8,329,108.8,28.4,0,48,45.9,0,0,1,49,49,0,0,0,0,0,0,0,0,25.6,13,190,1,33,33,15,32,15,33,32,32,33,-851583,8,4.863,0.015,14.475,40,0,32,0,0,35,1,1,0,0,0,1,0,0,0
20:03:35.525,1303.4,31.8,330,90.9,25,0,48,45.9,0,0,1,49,48,0,0,0,0,0,0,0,0,19.1,13,190,1,33,33,15,33,15,33,32,32,33,-851583,8,4.863,0.015,14.475,40,0,32,0,0,35,1,1,0,0,0,1,0,0,0
20:03:35.625,1294.1,31.2,335,46.5,12.5,0,48,45.9,0,0,1,49,48,0,0,0,0,0,0,0,0,11.7,13,190,1,33,33,15,33,15,33,32,32,33,-851583,8,4.863,0.015,14.475,40,0,32,0,0,35,1,1,0,0,0,1,0,0,0
20:03:35.725,1241.7,23,337,0,0,0,48,45.9,0,0,1,49,48,0,0,0,0,0,0,0,0,0,12,190,1,33,33,15,33,15,33,33,32,33,-851583,8,4.863,0.015,14.516,40,0,32,0,0,35,1,1,0,0,0,1,0,0,0
20:03:35.825,1276.3,24.1,337,0,0,0,48,45.9,0,0,1,49,48,0,0,0,0,0,0,0,0,0,12,190,1,33,33,15,32,15,33,33,32,33,-851583,8,4.863,0.015,14.516,40,0,32,0,0,35,1,1,0,0,0,1,0,0,0
20:03:35.925,1261.7,24.4,336,0,0,0,48,45.9,0,0,1,49,48,0,0,0,0,0,0,0,0,0,12,190,1,33,33,15,33,15,33,33,32,33,-851583,8,4.863,0.015,14.516,40,0,32,0,0,35,1,1,0,0,0,1,0,0,0
20:03:36.025,1258.6,23.3,336,0,0,0,48,45.9,0,0,1,49,48,0,0,0,0,0,0,0,0,0,13,190,1,33,33,15,33,15,33,33,32,33,-851583,8,4.863,0.015,14.509,40,0,32,0,0,35,1,1,0,0,0,1,0,0,0
20:03:36.125,1239.6,23,337,0,0,0,48,46,0,0,1,50,48,0,0,0,0,0,0,0,0,0,13,190,1,33,33,15,32,15,33,32,32,33,-851583,8,4.863,0.015,14.516,40,0,32,0,0,35,1,1,0,0,0,1,0,0,0
20:03:36.225,1215.4,23.3,336,0,0,0,48,45.9,0,0,1,49,48,0,0,0,0,0,0,0,0,0,13,190,1,33,33,15,33,15,33,32,32,33,-851583,8,4.863,0.015,14.509,40,0,32,0,0,35,1,1,0,0,0,1,0,0,0
20:03:36.325,1207.3,22.8,337,0,0,0,48,45.9,0,0,1,52,48,0,0,0,0,0,0,0,0,0,13,190,1,33,33,15,33,15,33,32,32,33,-851583,8,4.863,0.015,14.516,40,0,32,0,0,35,1,1,0,0,0,1,0,0,0
20:03:36.425,1192.5,22.8,337,0,0,0,48,46,0,0,1,52,48,0,0,0,0,0,0,0,0,0,13,190,1,33,33,15,32,15,33,32,32,33,-851583,8,4.863,0.015,14.509,40,0,32,0,0,35,1,1,0,0,0,1,0,0,0
20:03:36.525,1171.1,21.6,338,0,0,0,48,46,0,0,1,51,48,0,0,0,0,0,0,0,0,0,13,190,1,33,33,15,32,15,33,32,32,33,-851583,8,4.863,0.015,14.516,40,0,32,0,0,35,1,1,0,0,0,1,0,0,0
20:03:36.625,1159.2,22.1,338,0,0,0,48,46,0,0,1,51,49,0,0,0,0,0,0,0,0,0,13,190,1,33,33,15,33,15,33,32,32,33,-851583,8,4.863,0.015,14.516,40,0,32,0,0,35,1,1,0,0,0,1,0,0,0
20:03:36.725,1136.9,21.2,338,0,0,0,48,46,0,0,1,51,49,0,0,0,0,0,0,0,0,0,13,190,1,33,33,15,32,15,33,33,32,33,-851583,8,4.863,0.015,14.516,40,0,32,0,0,35,1,1,0,0,0,1,0,0,0
20:03:36.825,1118,20.3,338,0,0,0,48,46,0,0,1,51,49,0,0,0,0,0,0,0,0,0,13,190,1,33,33,15,33,15,33,32,32,33,-851583,8,4.863,0.015,14.516,40,0,32,0,0,35,1,1,0,0,0,1,0,0,0
20:03:36.925,1106.6,21,338,0,0,0,48,46,0,0,1,50,49,0,0,0,0,0,0,0,0,0,13,190,1,33,33,15,33,15,33,32,32,33,-851583,8,4.863,0.015,14.516,40,0,32,0,0,35,1,1,0,0,0,1,0,0,0
20:03:37.025,1096.7,20.7,337,0,0,0,48,46,0,0,1,50,49,0,0,0,0,0,0,0,0,0,13,190,1,33,33,15,33,15,33,32,32,33,-851583,8,4.863,0.015,14.516,40,0,32,0,0,35,1,1,0,0,0,1,0,0,0
20:03:37.125,1080.2,20.2,338,0,0,0,48,46,0,0,1,50,49,0,0,0,0,0,0,0,0,0,13,190,1,33,33,15,32,15,33,32,32,33,-851583,8,4.863,0.015,14.516,40,0,32,0,0,35,1,1,0,0,0,1,0,0,0
20:03:37.225,1066.1,19.9,337,0.7,0,0,48,46,0,0,1,50,49,0,0,0,0,0,0,0,0,-0.1,13,190,1,33,33,15,33,15,33,32,32,33,-851583,8,4.858,0.015,14.475,40,0,32,0,0,35,1,1,0,0,0,1,0,0,0
20:03:37.325,1055.9,22.1,336,4.9,0.7,0,48,46,0,0,1,50,48,0,0,0,0,0,0,0,0,0.8,13,190,1,33,33,15,32,15,33,32,32,33,-851583,8,4.863,0.015,14.475,40,0,32,0,0,35,1,1,0,0,0,1,0,0,0
20:03:37.425,1049.4,24.2,335,8.4,1.2,0,48,46,0,0,1,50,48,0,0,0,0,0,0,0,0,1.2,13,190,1,33,33,15,33,15,33,33,32,33,-851583,8,4.863,0.015,14.475,40,0,32,0,0,35,1,1,0,0,0,1,0,0,0
20:03:37.525,1050.9,25.8,335,17.2,3.1,0,48,46,0,0,1,50,49,0,0,0,0,0,0,0,0,3,13,190,1,33,33,15,32,15,33,32,32,33,-851583,8,4.863,0.015,14.475,40,0,32,0,0,35,1,1,0,0,0,1,0,0,0
20:03:37.625,1033.3,25.6,336,17,3.3,0,48,46,0,0,1,50,48,0,0,0,0,0,0,0,0,3.2,13,190,1,33,33,15,32,15,33,33,32,33,-851583,8,4.858,0.015,14.475,40,0,32,0,0,35,1,1,0,0,0,1,0,0,0
20:03:37.725,1025.8,25.4,335,22.8,5.4,0,48,46,0,0,1,50,48,0,0,0,0,0,0,0,0,4.2,13,190,1,33,33,15,32,15,33,32,32,33,-851583,8,4.863,0.015,14.475,40,0,32,0,0,35,1,1,0,0,0,1,0,0,0
20:03:37.825,1021,25.5,336,23.9,5.6,0,48,46,0,0,1,50,48,0,0,0,0,0,0,0,0,4.2,13,190,1,33,33,15,32,15,33,32,32,33,-851583,8,4.863,0.015,14.475,40,0,32,0,0,35,1,1,0,0,0,1,0,0,0
20:03:37.925,1008.1,25.2,334,22.3,4.2,0,48,46,0,0,1,50,48,0,0,0,0,0,0,0,0,4.2,13,190,1,33,33,15,32,15,33,33,32,33,-851583,8,4.863,0.015,14.468,40,0,32,0,0,35,1,1,0,0,0,1,0,0,0
20:03:38.025,1012.1,25.3,334,24.1,5,0,48,45.9,0,0,1,49,48,0,0,0,0,0,0,0,0,4,13,190,1,33,33,15,33,15,33,33,32,33,-851583,8,4.863,0.015,14.475,40,0,32,0,0,35,1,1,0,0,0,1,0,0,0
20:03:38.125,1014.3,26.4,333,46.3,9.6,0,48,45.9,0,0,1,50,48,0,0,0,0,0,0,0,0,8,13,190,1,33,33,15,32,15,33,32,32,33,-851583,8,4.863,0.015,14.475,40,0,32,0,0,35,1,1,0,0,0,1,0,0,0
20:03:38.225,1033,26.4,335,48.4,9.9,0,48,45.9,0,0,1,49,49,0,0,0,0,0,0,0,0,8.6,13,190,1,33,33,15,32,15,33,33,32,33,-851583,8,4.863,0.015,14.475,40,0,32,0,0,35,1,1,0,0,0,1,0,0,0
20:03:38.325,1015.2,25.7,334,38,8.3,0,48,45.9,0,0,1,50,48,0,0,0,0,0,0,0,0,6.4,13,190,1,33,33,15,32,15,33,33,32,33,-851583,8,4.863,0.015,14.475,40,0,32,0,0,35,1,1,0,0,0,1,0,0,0
20:03:38.425,1030.7,26.5,337,50,10.3,0,48,45.9,0,0,1,50,48,0,0,0,0,0,0,0,0,9.1,13,190,1,33,33,15,32,15,33,32,32,33,-851583,8,4.863,0.015,14.475,40,0,32,0,0,35,1,1,0,0,0,1,0,0,0
20:03:38.525,1022.6,26.4,334,40.3,8.7,0,48,45.9,0,0,1,49,48,0,0,0,0,0,0,0,0,7.1,13,190,1,33,33,15,32,15,33,32,32,33,-851583,8,4.863,0.015,14.475,40,0,32,0,0,35,1,1,0,0,0,1,0,0,0
20:03:38.625,1023,25.9,334,41.8,9,0,48,45.9,0,0,1,50,48,0,0,0,0,0,0,0,0,8.1,13,190,1,33,33,15,33,15,33,32,32,33,-851583,8,4.863,0.015,14.475,40,0,32,0,0,35,1,1,0,0,0,1,0,0,0
20:03:38.725,1029,26.5,333,37.6,8,0,48,45.9,0,0,1,49,48,0,0,0,0,0,0,0,0,7.5,13,190,1,33,33,15,32,15,33,33,32,33,-851583,8,4.863,0.015,14.468,40,0,32,0,0,35,1,1,0,0,0,1,0,0,0
20:03:38.825,1029,26.2,337,47,10.4,0,48,45.9,0,0,1,49,48,0,0,0,0,0,0,0,0,8.6,13,190,1,33,33,15,33,15,33,33,32,33,-851583,8,4.863,0.015,14.475,40,0,32,0,0,35,1,1,0,0,0,1,0,0,0
20:03:38.925,1036.3,26.5,336,36.3,7.1,0,48,45.9,0,0,1,49,48,0,0,0,0,0,0,0,0,7,13,190,1,33,33,15,33,15,33,33,32,33,-851583,8,4.863,0.015,14.475,40,0,32,0,0,35,1,1,0,0,0,1,0,0,0
20:03:39.025,1038.9,26.4,335,38.3,8.4,0,48,45.9,0,0,1,49,48,0,0,0,0,0,0,0,0,7,13,190,1,33,33,15,33,15,33,33,32,33,-851583,8,4.863,0.015,14.468,40,0,32,0,0,35,1,1,0,0,0,1,0,0,0
20:03:39.125,1052.1,26.4,334,45.5,9.8,0,48,45.9,0,0,1,49,48,0,0,0,0,0,0,0,0,8.6,13,190,1,33,33,15,32,15,33,32,32,33,-851583,8,4.863,0.015,14.475,40,0,32,0,0,35,1,1,0,0,0,1,0,0,0
20:03:39.225,1022.5,25.7,335,29.3,6.2,0,48,45.9,0,0,1,49,48,0,0,0,0,0,0,0,0,5,13,190,1,33,33,15,32,15,33,32,32,33,-851583,8,4.863,0.015,14.475,40,0,32,0,0,35,1,1,0,0,0,1,0,0,0
20:03:39.325,1036,26,334,29.8,6.4,0,48,45.9,0,0,1,50,48,0,0,0,0,0,0,0,0,6,13,190,1,33,33,15,33,15,33,32,32,33,-851583,8,4.863,0.015,14.475,40,0,32,0,0,35,1,1,0,0,0,1,0,0,0
20:03:39.425,1043.4,25.3,336,16.7,3.2,0,48,45.9,0,0,1,49,48,533,0,0,0,0,0,0,0,2.7,13,190,1,33,33,15,33,15,33,32,32,33,-851583,8,4.858,0.015,14.475,40,0,32,0,0,35,1,1,0,0,0,1,0,0,0
20:03:39.525,1022.2,24,336,9.1,1.6,0,48,45.9,0,0,1,49,48,533,0,0,0,0,0,0,0,1.4,13,190,1,33,33,15,15,15,33,32,32,33,-851583,8,4.863,0.015,14.475,40,0,32,0,0,35,1,1,0,0,0,1,0,0,0
20:03:39.625,1038.2,25.5,335,10.9,1.8,0,48,45.9,0,0,1,49,49,533,0,0,0,0,0,0,0,1.7,13,190,1,33,33,15,32,15,33,32,32,33,-851583,8,4.863,0.015,14.475,40,0,32,0,0,35,1,1,0,0,0,1,0,0,0
20:03:39.725,1011.2,19.8,337,0,0,0,48,46.4,0,0,1,49,48,533,0,0,0,0,0,0,0,0,13,190,1,33,33,15,33,15,33,32,32,33,-851583,8,4.863,0.015,14.488,40,0,32,0,0,35,1,1,0,0,0,1,0,0,0
20:03:39.825,1011.5,19.5,337,0,0,0,48,46.3,0,0,1,49,48,533,0,0,0,0,0,0,0,0,13,190,1,33,33,15,33,15,33,33,31,33,-851583,8,4.863,0.015,14.495,40,0,32,0,0,35,1,1,0,0,0,1,0,0,0
20:03:39.925,1002,18.1,338,0,0,0,48,46.2,0,0,1,49,48,533,0,0,0,0,0,0,0,0,13,190,1,33,33,15,33,15,33,33,31,33,-851583,8,4.863,0.015,14.495,40,0,32,0,0,35,1,1,0,0,0,1,0,0,0
20:03:40.025,988.3,18.8,340,0.6,0,0,48,46,0,0,1,49,48,533,0,0,0,0,0,0,0,0,13,190,1,33,33,15,33,15,33,33,32,33,-851583,8,4.863,0.015,14.475,40,0,32,0,0,35,1,1,0,0,0,1,0,0,0
20:03:40.125,981.8,22.3,337,6.5,0.8,0,48,46,0,0,1,52,48,533,0,0,0,0,0,0,0,1,13,190,1,33,33,15,33,15,33,32,32,33,-851583,8,4.863,0.015,14.475,40,0,32,0,0,35,1,1,0,0,0,1,0,0,0
20:03:40.225,1015.4,27.4,333,48.3,9.8,0,48,46,0,0,1,52,49,533,0,0,0,0,0,0,0,8.6,13,190,1,33,33,15,33,15,33,32,32,33,-851583,8,4.863,0.015,14.475,40,0,32,0,0,35,1,1,0,0,0,1,0,0,0
20:03:40.325,993,25.5,334,50.3,11.5,0,48,46,0,0,1,51,49,533,0,0,0,0,0,0,0,8.4,13,190,1,33,33,15,33,15,33,33,32,33,-851583,8,4.858,0.015,14.475,40,0,32,0,0,35,1,1,0,0,0,1,0,0,0
20:03:40.425,987.3,25.4,334,43.9,9,0,48,46,0,0,1,52,49,533,0,0,0,0,0,0,0,8.1,13,190,1,33,33,15,33,15,33,32,32,33,-851583,8,4.858,0.015,14.475,40,0,32,0,0,35,1,1,0,0,0,1,0,0,0
20:03:40.525,993.2,25.1,334,34.3,7,0,48,46,0,0,1,51,49,533,0,0,0,0,0,0,0,6.7,13,190,1,33,33,15,32,15,33,32,32,33,-851583,8,4.863,0.015,14.475,40,0,32,0,0,35,1,1,0,0,0,1,0,0,0
20:03:40.625,967.4,23,335,8.1,1.3,0,48,46,0,0,1,51,49,533,0,0,0,0,0,0,0,1.2,13,190,1,33,33,15,32,15,33,33,32,33,-851583,8,4.863,0.015,14.475,40,0,32,0,0,35,1,1,0,0,0,1,0,0,0
20:03:40.725,977.9,22.4,335,7.7,1,0,48,46.1,0,0,1,50,49,533,0,0,0,0,0,0,0,1,13,190,1,33,33,15,32,15,33,32,32,33,-851583,8,4.863,0.015,14.475,40,0,32,0,0,35,1,1,0,0,0,1,0,0,0
20:03:40.825,960.5,21.5,336,6,0.4,0,48,46.1,0,0,1,51,49,533,0,0,0,0,0,0,0,0.9,13,190,1,33,33,15,33,15,33,32,32,33,-851583,8,4.863,0.015,14.475,40,0,32,0,0,35,1,1,0,0,0,1,0,0,0
20:03:40.925,950.9,18.1,338,0,0,0,48,46.9,0,0,1,50,49,0,0,0,0,0,0,0,0,0,13,190,1,33,33,15,33,15,33,32,32,33,-851583,8,4.863,0.015,14.516,40,0,32,0,0,35,1,1,0,0,0,1,0,0,0
20:03:41.025,1033.4,28.3,332,102.3,20,0,48,46.4,0,0,1,50,49,0,0,0,0,0,0,0,0,15,13,190,1,33,33,15,32,15,33,32,32,33,-851583,8,4.863,0.015,14.475,40,0,32,0,0,35,1,1,0,0,0,1,0,0,0
20:03:41.125,929.4,18.5,336,4.5,0.9,0,48,46.7,0,0,1,50,49,0,0,0,0,0,0,0,0,0.2,13,190,1,33,33,15,33,15,33,32,32,33,-851583,8,4.863,0.015,14.475,40,0,32,0,0,35,1,1,0,0,0,1,0,0,0
20:03:41.225,953.3,16.1,337,-0.7,0,0,48,46.7,0,0,1,50,49,0,0,0,0,0,0,0,0,0,13,190,1,33,33,15,33,15,33,33,32,33,-851583,8,4.863,0.015,14.516,40,0,32,0,0,35,1,1,0,0,0,1,0,0,0
20:03:41.325,944.3,22.6,336,10.5,2.4,0,48,46.5,0,0,1,50,49,0,0,0,0,0,0,0,0,0.8,13,190,1,33,33,15,32,15,33,33,32,33,-851583,8,4.863,0.015,14.475,40,0,32,0,0,35,1,1,0,0,0,1,0,0,0
20:03:41.425,972.4,23.7,333,0,0,0,48,46.3,0,0,1,50,49,0,0,0,0,0,0,0,0,9.1,13,190,1,33,33,15,32,15,33,33,32,33,-851583,8,4.863,0.015,14.475,40,0,32,0,0,35,1,1,0,0,0,1,0,0,0
20:03:41.525,944.4,17.9,337,0,0,0,48,46.7,0,0,1,50,48,0,0,0,0,0,0,0,0,0,13,190,1,33,33,15,33,15,33,33,32,33,-851583,8,4.863,0.015,14.516,40,0,32,0,0,35,1,1,0,0,0,1,0,0,0
20:03:41.625,934.6,17.9,338,0,0,0,48,46.9,0,0,1,50,48,0,0,0,0,0,0,0,0,0,13,190,1,33,33,15,33,15,33,32,32,33,-851583,8,4.863,0.015,14.516,40,0,32,0,0,35,1,1,0,0,0,1,0,0,0
20:03:41.725,918.5,16.5,337,0,0,0,48,46.9,0,0,1,50,48,0,0,0,0,0,0,0,0,-0.2,13,190,1,33,33,15,33,15,33,32,32,33,-851583,8,4.863,0.015,14.495,40,0,32,0,0,35,1,1,0,0,0,1,0,0,0
20:03:41.825,911.6,16.9,338,0,0,0,48,46.9,0,0,1,49,48,0,0,0,0,0,0,0,0,0,13,190,1,33,33,15,32,15,33,32,32,33,-851583,8,4.863,0.015,14.516,40,0,32,0,0,35,1,1,0,0,0,1,0,0,0
20:03:41.925,902.4,16.5,339,0,0,0,48,46.9,0,0,1,50,49,0,0,0,0,0,0,0,0,0,13,190,1,33,33,15,33,15,33,32,32,33,-851583,8,4.863,0.015,14.516,40,0,32,0,0,35,1,1,0,0,0,1,0,0,0
20:03:42.025,893.4,16.5,338,0,0,0,48,46.9,0,0,1,50,48,0,0,0,0,0,0,0,0,0,13,190,1,33,33,15,33,15,33,32,32,33,-851583,8,4.863,0.015,14.516,40,0,32,0,0,35,1,1,0,0,0,1,0,0,0
20:03:42.125,882.8,15.5,337,0,0,0,48,46.9,0,0,1,50,48,0,0,0,0,0,0,0,0,0,13,190,1,33,33,15,32,15,33,32,32,33,-851583,8,4.863,0.015,14.516,40,0,32,0,0,35,1,1,0,0,0,1,0,0,0
20:03:42.225,871.8,16.7,338,0,0,0,48,46.9,0,0,1,50,48,0,0,0,0,0,0,0,0,0,13,190,1,33,33,15,33,15,33,33,32,33,-851583,8,4.863,0.015,14.516,40,0,32,0,0,35,1,1,0,0,0,1,0,0,0
20:03:42.325,857.9,15.2,338,0,0,0,48,46.9,0,0,1,49,48,0,0,0,0,0,0,0,0,0,13,190,1,33,33,15,33,15,33,32,32,33,-851583,8,4.863,0.015,14.516,40,0,32,0,0,35,1,1,0,0,0,1,0,0,0
20:03:42.425,847.4,14.8,338,0,0,0,48,46.9,0,0,1,50,48,0,0,0,0,0,0,0,0,0,13,190,1,33,33,15,32,15,33,32,32,33,-851583,8,4.863,0.015,14.516,40,0,32,0,0,35,1,1,0,0,0,1,0,0,0
20:03:42.525,833,15.2,337,0,0,0,48,46.9,0,0,1,50,48,0,0,0,0,0,0,0,0,0,13,190,1,33,33,15,32,15,33,32,32,33,-851583,8,4.863,0.015,14.516,40,0,32,0,0,35,1,1,0,0,0,1,0,0,0
20:03:42.625,823.1,15.6,337,0,0,0,48,46.9,0,0,1,50,48,0,0,0,0,0,0,0,0,0,13,190,1,33,33,15,33,15,33,32,32,33,-851583,8,4.863,0.015,14.516,40,0,32,0,0,35,1,1,0,0,0,1,0,0,0
20:03:42.725,810.8,14.4,337,0,0,0,48,46.9,0,0,1,49,48,0,0,0,0,0,0,0,0,0,13,190,1,33,33,15,32,15,33,32,32,33,-851583,8,4.863,0.015,14.516,40,0,32,0,0,35,1,1,0,0,0,1,0,0,0
20:03:42.825,794.1,14.5,338,0,0,0,48,46.9,0,0,1,49,48,0,0,0,0,0,0,0,0,0,13,190,1,33,33,15,33,15,33,32,32,33,-851583,8,4.863,0.015,14.516,40,0,32,0,0,35,1,1,0,0,0,1,0,0,0
20:03:42.925,779,14.5,338,0,0,0,48,46.9,0,0,1,49,48,0,0,0,0,0,0,0,0,0,13,190,1,33,33,15,33,15,33,33,32,33,-851583,8,4.863,0.015,14.516,40,0,32,0,0,35,1,1,0,0,0,1,0,0,0
20:03:43.025,776.7,14.1,338,0,0,0,48,46.9,0,0,1,49,48,0,0,0,0,0,0,0,0,0,13,190,1,33,33,15,33,15,33,32,32,33,-851583,8,4.858,0.015,14.516,40,0,32,0,0,35,1,1,0,0,0,1,0,0,0
20:03:43.125,758.9,13.4,338,0,0,0,48,46.9,0,0,1,49,48,0,0,0,0,0,0,0,0,0,13,190,1,33,33,15,32,15,33,33,32,33,-851583,8,4.863,0.015,14.516,40,0,32,0,0,35,1,1,0,0,0,1,0,0,0
20:03:43.225,741.8,13.8,338,0,0,0,48,46.9,0,0,1,50,48,0,0,0,0,0,0,0,0,0,13,190,1,33,33,15,33,15,33,32,32,33,-851583,8,4.863,0.015,14.516,40,0,32,0,0,35,1,1,0,0,0,1,0,0,0
20:03:43.325,730.4,13.9,337,0,0,0,48,46.9,0,0,1,50,48,0,0,0,0,0,0,0,0,0,13,190,1,33,33,15,32,15,33,32,32,33,-851583,8,4.863,0.015,14.516,40,0,32,0,0,35,1,1,0,0,0,1,0,0,0
20:03:43.425,716.4,13.3,339,0,0,0,48,46.9,0,0,1,49,48,0,0,0,0,0,0,0,0,0,13,190,1,33,33,15,33,15,33,33,32,33,-851583,8,4.863,0.015,14.516,40,0,32,0,0,35,1,1,0,0,0,1,0,0,0
20:03:43.525,701.8,12.8,338,0,0,0,48,46.9,0,0,1,50,48,0,0,0,0,0,0,0,0,0,13,190,1,33,33,15,32,15,33,33,32,33,-851583,8,4.863,0.015,14.516,40,0,32,0,0,35,1,1,0,0,0,1,0,0,0
20:03:43.625,685.9,13.2,338,0,0,0,48,46.9,0,0,1,50,48,0,0,0,0,0,0,0,0,0,13,190,1,33,33,15,32,15,33,32,32,33,-851583,8,4.863,0.015,14.516,40,0,32,0,0,35,1,1,0,0,0,1,0,0,0
20:03:43.725,672.5,12.7,338,0,0,0,48,46.9,0,0,1,50,48,0,0,0,0,0,0,0,0,0,13,190,1,33,33,15,33,15,33,33,32,33,-851583,8,4.863,0.015,14.516,40,0,32,0,0,35,1,1,0,0,0,1,0,0,0
20:03:43.825,660.1,12.2,337,0,0,0,48,46.9,0,0,1,52,49,0,0,0,0,0,0,0,0,0,13,190,1,33,33,15,32,15,33,33,32,33,-851583,8,4.863,0.015,14.516,40,0,32,0,0,35,1,1,0,0,0,1,0,0,0
20:03:43.925,642.7,12.2,337,0,0,0,48,46.9,0,0,1,52,48,0,0,0,0,0,0,0,0,0,13,190,1,33,33,15,32,15,33,32,32,33,-851583,8,4.863,0.015,14.516,40,0,32,0,0,35,1,1,0,0,0,1,0,0,0
20:03:44.025,618.1,11.4,337,0,0,0,48,46.9,0,0,1,51,48,0,0,0,0,0,0,0,0,0,13,190,1,33,33,15,33,15,33,32,32,33,-851583,8,4.863,0.015,14.516,40,0,32,0,0,35,1,1,0,0,0,1,0,0,0
20:03:44.125,602.1,11.1,337,0,0,0,48,47,0,0,1,51,49,0,0,0,0,0,0,0,0,0,13,190,1,33,33,15,32,15,33,32,32,33,-851583,8,4.863,0.015,14.516,40,0,32,0,0,35,1,1,0,0,0,1,0,0,0
20:03:44.225,586,11.2,338,0,0,0,48,46.9,0,0,1,51,49,0,0,0,0,0,0,0,0,0,13,190,1,33,33,15,32,15,33,33,32,33,-851583,8,4.863,0.015,14.516,40,0,32,0,0,35,1,1,0,0,0,1,0,0,0
20:03:44.325,563.4,10.3,338,0,0,0,47.8,46.9,0,0,1,51,49,0,0,0,0,0,0,0,0,0,13,190,1,33,33,15,32,15,33,33,32,33,-851583,8,4.858,0.015,14.516,40,0,32,0,0,35,1,1,0,0,0,1,0,0,0
20:03:44.425,545.4,9.4,338,0,0,0,47.7,46.9,0,0,1,51,49,0,0,0,0,0,0,0,0,0,13,190,1,33,33,15,32,15,33,33,32,33,-851583,8,4.858,0.015,14.516,40,0,32,0,0,35,1,1,0,0,0,1,0,0,0
20:03:44.525,514.3,9.8,338,0,0,0,47.1,46.9,0,0,1,50,49,0,0,0,0,0,0,0,0,0,13,190,1,33,33,15,32,15,33,33,32,33,-851583,8,4.863,0.015,14.516,40,0,32,0,0,35,1,1,0,0,0,1,0,0,0
20:03:44.625,475.8,8.8,338,0,0,0,47,46.9,0,0,1,50,49,0,0,0,0,0,0,0,0,0,13,190,1,33,33,15,33,15,33,32,32,33,-851583,8,4.863,0.015,14.516,40,0,32,0,0,35,1,1,0,0,0,1,0,0,0
20:03:44.725,445,8.1,337,0,0,0,47,46.9,0,0,1,51,48,0,0,0,0,0,0,0,0,0,13,190,1,33,33,15,32,15,33,32,32,33,-851583,8,4.863,0.015,14.516,40,0,32,0,0,35,1,1,0,0,0,1,0,0,0
20:03:44.825,422.9,7.3,338,0,0,0,47,46.9,0,0,1,50,49,0,0,0,0,0,0,0,0,0,13,190,1,33,33,15,33,15,33,32,32,33,-851583,8,4.863,0.015,14.516,40,0,32,0,0,35,1,1,0,0,0,1,0,0,0
20:03:44.925,405.1,8,338,0,0,0,47,46.9,0,0,1,50,49,0,0,0,0,0,0,0,0,0,13,190,1,33,33,15,33,15,33,32,32,33,-851583,8,4.863,0.015,14.516,40,0,32,0,0,35,1,1,0,0,0,1,0,0,0
20:03:45.025,393.2,6.9,338,0,0,0,47,46.9,0,0,1,50,48,0,0,0,0,0,0,0,0,0,13,190,1,33,33,15,33,15,33,32,32,33,-851583,8,4.858,0.015,14.516,40,0,32,0,0,35,1,1,0,0,0,1,0,0,0
20:03:45.125,386.7,7.7,338,0,0,0,47,46.9,0,0,1,50,48,0,0,0,0,0,0,0,0,0,13,190,1,33,33,15,32,15,33,32,32,33,-851583,8,4.863,0.015,14.516,40,0,32,0,0,35,1,1,0,0,0,1,0,0,0
20:03:45.225,375.6,6.5,338,0,0,0,47,46.9,0,0,1,50,48,0,0,0,0,0,0,0,0,0,13,190,1,33,33,15,32,15,33,33,32,33,-851583,8,4.863,0.015,14.516,40,0,32,0,0,35,1,1,0,0,0,1,0,0,0
20:03:45.325,364.8,6.3,338,0,0,0,47,46.9,0,0,1,50,48,0,0,0,0,0,0,0,0,0,13,190,1,33,33,15,33,15,33,33,32,33,-851583,8,4.863,0.015,14.516,40,0,32,0,0,35,1,1,0,0,0,1,0,0,0
20:03:45.425,360.5,6.2,339,0,0,0,47,46.9,0,0,1,49,48,0,0,0,0,0,0,0,0,0,13,190,1,33,33,15,33,15,33,33,31,33,-851583,8,4.863,0.015,14.516,40,0,32,0,0,35,1,1,0,0,0,1,0,0,0
20:03:45.525,354,6.2,339,0,0,0,47,46.9,0,0,1,49,48,0,0,0,0,0,0,0,0,0,13,190,1,33,33,15,15,15,33,33,32,33,-851583,8,4.863,0.015,14.516,40,0,32,0,0,35,1,1,0,0,0,1,0,0,0
20:03:45.625,345.4,6.7,339,0,0,0,47,46.9,0,0,1,50,48,0,0,0,0,0,0,0,0,0,13,190,1,33,33,15,32,15,33,32,32,33,-851583,8,4.863,0.015,14.516,40,0,32,0,0,35,1,1,0,0,0,1,0,0,0
20:03:45.725,338.1,6.3,339,0,0,0,47,46.9,0,0,1,49,48,0,0,0,0,0,0,0,0,0,13,190,1,33,33,15,33,15,33,32,32,33,-851583,8,4.863,0.015,14.516,40,0,32,0,0,35,1,1,0,0,0,1,0,0,0
20:03:45.825,328.2,6.3,338,0,0,0,47,46.9,0,0,1,49,48,0,0,0,0,0,0,0,0,0,13,190,1,33,33,15,33,15,33,33,32,33,-851583,8,4.863,0.015,14.516,40,0,32,0,0,35,1,1,0,0,0,1,0,0,0
20:03:45.925,320.9,5.6,338,0,0,0,47,46.9,0,0,1,50,48,14,0,0,0,0,0,0,0,0,13,190,1,33,33,15,33,15,33,32,32,33,-851583,8,4.863,0.015,14.523,40,0,32,0,0,35,1,1,0,0,0,1,0,0,0
20:03:46.025,316.9,6.1,337,0,0,0,47,46.9,0,0,1,49,48,14,0,0,0,0,0,0,0,0,13,190,1,33,33,15,33,15,33,32,32,33,-851583,8,4.863,0.015,14.516,40,0,32,0,0,35,1,1,0,0,0,1,0,0,0
20:03:46.125,309.8,6,338,0,0,0,47,47,0,0,1,50,48,14,0,0,0,0,0,0,0,0,13,190,1,33,33,15,33,15,33,33,32,33,-851583,8,4.863,0.015,14.516,40,0,32,0,0,35,1,1,0,0,0,1,0,0,0
20:03:46.225,299.4,5.8,338,0,0,0,47,47,0,0,1,50,48,14,0,0,0,0,0,0,0,0,13,190,1,33,33,15,33,15,33,32,32,33,-851583,8,4.863,0.015,14.516,40,0,32,0,0,35,1,1,0,0,0,1,0,0,0
20:03:46.325,293.7,5.8,338,0,0,0,47,47,0,0,1,50,49,14,0,0,0,0,0,0,0,0,13,190,1,33,33,15,33,15,33,32,32,33,-851583,8,4.863,0.015,14.516,40,0,32,0,0,35,1,1,0,0,0,1,0,0,0
20:03:46.425,283.1,4.7,338,0,0,0,47,47,0,0,1,50,48,14,0,0,0,0,0,0,0,0,13,190,1,33,33,15,33,15,33,32,32,33,-851583,8,4.863,0.015,14.516,40,0,32,0,0,35,1,1,0,0,0,1,0,0,0
20:03:46.525,276.7,5.2,337,0,0,0,47,47,0,0,1,49,49,14,0,0,0,0,0,0,0,0,13,190,1,33,33,15,32,15,33,33,32,33,-851583,8,4.863,0.015,14.523,40,0,32,0,0,35,1,1,0,0,0,1,0,0,0
20:03:46.625,269.8,4.6,338,0,0,0,47,47,0,0,1,49,48,14,0,0,0,0,0,0,0,0,13,190,1,33,33,15,32,15,33,32,32,33,-851583,8,4.863,0.015,14.516,40,0,32,0,0,35,1,1,0,0,0,1,0,0,0
20:03:46.725,262.6,5.3,338,0,0,0,47,47,0,0,1,50,48,14,0,0,0,0,0,0,0,0,13,190,1,33,33,15,32,15,33,33,32,33,-851583,8,4.863,0.015,14.516,40,0,32,0,0,35,1,1,0,0,0,1,0,0,0
20:03:46.825,253.9,4.4,339,0,0,0,47,47,0,0,1,49,48,14,0,0,0,0,0,0,0,0,13,190,1,33,33,15,33,15,33,33,32,33,-851583,8,4.863,0.015,14.516,40,0,32,0,0,35,1,1,0,0,0,1,0,0,0
20:03:46.925,246.4,4,337,1.5,0,0,47,47,0,0,1,49,48,14,0,0,0,0,0,0,0,0,13,190,1,33,33,15,33,15,33,33,32,33,-851583,8,4.863,0.015,14.475,40,0,32,0,0,35,1,1,0,0,0,1,0,0,0
20:03:47.025,238.6,4,335,2.9,0,0,47,47,0,0,1,49,48,14,0,0,0,0,0,0,0,0,13,190,1,33,33,15,32,15,33,33,32,33,-851583,8,4.863,0.015,14.475,40,0,32,0,0,35,1,1,0,0,0,1,0,0,0
20:03:47.125,228.4,6.4,337,3.1,0.1,0,47,47,0,0,1,49,48,14,0,0,0,0,0,0,0,0,13,190,1,33,33,15,33,15,33,32,32,33,-851583,8,4.863,0.015,14.475,40,0,32,0,0,35,1,1,0,0,0,1,0,0,0
20:03:47.225,221.6,8.7,336,5.7,0.2,0,47,47,0,0,1,49,48,14,0,0,0,0,0,0,0,0.1,13,190,1,33,33,15,33,15,33,32,32,33,-851583,8,4.863,0.015,14.475,40,0,32,0,0,35,1,1,0,0,0,1,0,0,0
20:03:47.325,227,9.6,337,10.8,0.7,0,47,47,0,0,1,49,48,14,0,0,0,0,0,0,0,0.6,13,190,1,33,33,15,32,15,33,32,32,33,-851583,8,4.863,0.015,14.475,40,0,32,0,0,35,1,1,0,0,0,1,0,0,0
20:03:47.425,210.5,9.2,337,9.3,0.7,0,47,47,0,0,1,49,48,0,0,0,0,0,0,0,0,0.6,13,190,1,33,33,15,32,15,33,32,32,33,-851583,8,4.863,0.015,14.475,40,0,32,0,0,35,1,1,0,0,0,1,0,0,0
20:03:47.525,203.3,9,336,13.9,1,0,47,46.9,0,0,1,49,48,0,0,0,0,0,0,0,0,0.6,13,190,1,33,33,15,33,15,33,32,32,33,-851583,8,4.863,0.015,14.475,40,0,32,0,0,35,1,1,0,0,0,1,0,0,0
20:03:47.625,199,9.1,337,12.1,0.9,0,47,46.9,0,0,1,54,48,0,0,0,0,0,0,0,0,0.4,13,190,1,33,33,15,33,15,33,33,32,33,-851583,8,4.863,0.015,14.475,40,0,32,0,0,35,1,1,0,0,0,1,0,0,0
20:03:47.725,200.3,9.8,337,22.8,2.1,0,47,46.9,0,0,1,52,49,0,0,0,0,0,0,0,0,1,13,190,1,33,33,15,33,15,33,33,32,33,-851583,8,4.858,0.015,14.475,40,0,32,0,0,35,1,1,0,0,0,1,0,0,0
20:03:47.825,198.5,9.8,336,31.6,2.6,0,47,46.9,0,0,1,52,49,0,0,0,0,0,0,0,0,1.5,13,190,1,33,33,15,32,15,33,33,32,33,-851583,8,4.863,0.015,14.475,40,0,32,0,0,35,1,1,0,0,0,1,0,0,0
20:03:47.925,198.9,9.7,336,26.4,2.4,0,47,46.9,0,0,1,51,49,0,0,0,0,0,0,0,0,1.5,13,190,1,33,33,15,33,15,33,32,32,33,-851583,8,4.863,0.015,14.475,40,0,32,0,0,35,1,1,0,0,0,1,0,0,0
20:03:48.025,200.5,9.8,336,28.1,2.4,0,47,46.9,0,0,1,51,49,0,0,0,0,0,0,0,0,1.6,13,190,1,33,33,15,33,15,33,32,32,33,-851583,8,4.863,0.015,14.475,40,0,32,0,0,35,1,1,0,0,0,1,0,0,0
20:03:48.125,202.7,9.7,336,28.9,2.1,0,47,47,0,0,1,50,49,0,0,0,0,0,0,0,0,1.4,13,190,1,33,33,15,32,15,33,32,32,33,-851583,8,4.863,0.015,14.475,40,0,32,0,0,35,1,1,0,0,0,1,0,0,0
20:03:48.225,204.1,9.6,337,24.4,1.9,0,47,47,0,0,1,50,49,0,0,0,0,0,0,0,0,1.5,13,190,1,33,33,15,33,15,33,32,32,33,-851583,8,4.863,0.015,14.475,40,0,32,0,0,35,1,1,0,0,0,1,0,0,0
20:03:48.325,204,9.8,337,26.9,2.3,0,47,47,0,0,1,50,49,0,0,0,0,0,0,0,0,1.2,13,190,1,33,33,15,33,15,33,32,32,33,-851583,8,4.863,0.015,14.475,40,0,32,0,0,35,1,1,0,0,0,1,0,0,0
20:03:48.425,203.5,9.3,336,16.2,1.4,0,47,47,0,0,1,50,48,0,0,0,0,0,0,0,0,0.9,13,190,1,33,33,15,32,15,33,33,32,33,-851583,8,4.863,0.015,14.475,40,0,32,0,0,35,1,1,0,0,0,1,0,0,0
20:03:48.525,202.8,9.3,337,13.4,1,0,47,47,0,0,1,50,48,0,0,0,0,0,0,0,0,0.8,13,190,1,33,33,15,32,15,33,32,32,33,-851583,8,4.863,0.015,14.475,40,0,32,0,0,35,1,1,0,0,0,1,0,0,0
20:03:48.625,184.6,3.7,338,0,0,0,47,47.2,0,0,1,50,48,0,0,0,0,0,0,0,0,0,13,190,1,33,33,15,33,15,33,33,32,33,-851583,8,4.863,0.015,14.523,40,0,32,0,0,35,1,1,0,0,0,1,0,0,0
20:03:48.725,189.2,3,339,0,0,0,47,47.1,0,0,1,50,49,0,0,0,0,0,0,0,0,0,13,190,1,33,33,15,32,15,33,32,32,33,-851583,8,4.863,0.015,14.516,40,0,32,0,0,35,1,1,0,0,0,1,0,0,0
20:03:48.825,182.3,2.8,338,0,0,0,47,47,0,0,1,50,49,0,0,0,0,0,0,0,0,0,13,190,1,33,33,15,33,15,33,32,32,33,-851583,8,4.858,0.015,14.523,40,0,32,0,0,35,1,1,0,0,0,1,0,0,0
20:03:48.925,173,3,338,0,0,0,47,47.2,0,0,1,50,48,0,0,0,0,0,0,0,0,0,13,190,1,33,33,15,33,15,33,33,32,33,-851583,8,4.863,0.015,14.516,40,0,32,0,0,35,1,1,0,0,0,1,0,0,0
20:03:49.025,164.1,3.4,338,0,0,0,47,47.1,0,0,1,50,47,0,0,0,0,0,0,0,0,0,13,190,1,33,33,15,33,15,33,33,32,33,-851583,8,4.863,0.015,14.516,40,0,32,0,0,35,1,1,0,0,0,1,0,0,0
20:03:49.125,155.4,2.8,338,0,0,0,47,47,0,0,1,49,49,0,0,0,0,0,0,0,0,0,13,190,1,33,33,15,32,15,33,32,32,33,-851583,8,4.863,0.015,14.516,40,0,32,0,0,35,1,1,0,0,0,1,0,0,0
20:03:49.225,147.2,2.8,338,0,0,0,47,47.4,0,0,1,50,48,0,0,0,0,0,0,0,0,0,13,190,1,33,33,15,33,15,33,33,32,33,-851583,8,4.863,0.015,14.523,40,0,32,0,0,35,1,1,0,0,0,1,0,0,0
20:03:49.325,138.4,1.8,339,0,0,0,47,47.1,0,0,1,49,48,0,0,0,0,0,0,0,0,0,13,190,1,33,33,15,32,15,33,33,32,33,-851583,8,4.863,0.015,14.523,40,0,32,0,0,35,1,1,0,0,0,1,0,0,0
20:03:49.425,132.1,2.2,339,0,0,0,47,47,0,0,1,50,49,0,0,0,0,0,0,0,0,0,13,190,1,33,33,15,33,15,33,32,32,33,-851583,8,4.863,0.015,14.523,40,0,32,0,0,35,1,1,0,0,0,1,0,0,0
20:03:49.525,124.9,2.3,338,0,0,0,47,47.1,0,0,1,50,49,0,0,0,0,0,0,0,0,0,13,190,1,33,33,15,32,15,33,32,32,33,-851583,8,4.863,0.015,14.523,40,0,32,0,0,35,1,1,0,0,0,1,0,0,0
20:03:49.625,117.2,2.1,338,0,0,0,47,47.2,0,0,1,49,49,0,0,0,0,0,0,0,0,0,13,190,1,33,33,15,32,15,33,32,32,33,-851583,8,4.863,0.015,14.516,40,0,32,0,0,35,1,1,0,0,0,1,0,0,0
20:03:49.725,108.4,1.4,339,0,0,0,47,47.2,0,0,1,50,48,0,0,0,0,0,0,0,0,0,13,190,1,33,33,15,33,15,33,33,32,33,-851583,8,4.863,0.015,14.523,40,0,32,0,0,35,1,1,0,0,0,1,0,0,0
20:03:49.825,98.7,1.9,338,0,0,0,47,47.6,0,0,1,49,49,0,0,0,0,0,0,0,0,0,13,190,1,33,33,15,32,15,33,33,32,33,-851583,8,4.863,0.015,14.523,40,0,32,0,0,35,1,1,0,0,0,1,0,0,0
20:03:49.925,88.9,1.4,338,0,0,0,47,47.2,0,0,1,49,48,0,0,0,0,0,0,0,0,0,13,190,1,33,33,15,32,15,33,33,32,33,-851583,8,4.863,0.015,14.523,40,0,32,0,0,35,1,1,0,0,0,1,0,0,0
20:03:50.025,79.5,1.8,338,0,0,0,47,47.5,0,0,1,49,48,0,0,0,0,0,0,0,0,0,13,190,1,33,33,15,33,15,33,33,32,33,-851583,8,4.863,0.015,14.523,40,0,32,0,0,35,1,1,0,0,0,1,0,0,0
20:03:50.125,67.9,1.6,338,0,0,0,47,47.4,0,0,1,49,48,0,0,0,0,0,0,0,0,0,13,190,1,33,33,15,32,15,33,32,32,33,-851583,8,4.863,0.015,14.516,40,0,32,0,0,35,1,1,0,0,0,1,0,0,0
20:03:50.225,56,1.4,338,0,0,0,47,47.5,0,0,1,49,48,0,0,0,0,0,0,0,0,0,13,190,1,33,33,15,32,15,33,32,32,33,-851583,8,4.863,0.015,14.523,40,0,32,0,0,35,1,1,0,0,0,1,0,0,0
20:03:50.325,44,0.9,338,0,0,0,47,47.6,0,0,1,49,48,0,0,0,0,0,0,0,0,0,13,190,1,33,33,15,32,15,33,32,32,33,-851583,8,4.863,0.015,14.523,40,0,32,0,0,35,1,1,0,0,0,1,0,0,0
20:03:50.425,30.9,0.4,338,0,0,0,47,47.5,0,0,1,49,48,0,0,0,0,0,0,0,0,0,13,190,1,33,33,15,32,15,33,32,32,33,-851583,8,4.863,0.015,14.523,40,0,32,0,0,35,1,1,0,0,0,1,0,0,0
20:03:50.525,18.8,-0.4,338,0,0,0,47,47.7,0,0,1,49,48,0,0,0,0,0,0,0,0,0,13,190,1,33,33,15,32,15,33,32,32,33,-851583,8,4.863,0.015,14.523,40,0,32,0,0,35,1,1,0,0,0,1,0,0,0
20:03:50.625,6.7,0.4,338,0,0,0,47,47.5,0,0,1,49,48,0,0,0,0,0,0,0,0,0,13,190,1,33,33,15,33,15,33,32,32,33,-851583,8,4.858,0.015,14.523,40,0,32,0,0,35,1,1,0,0,0,1,0,0,0
