Time,Motor RPM [Rpm],MC Duty Cycle [%],MC Volts [V],AC Current,DC Current [A],CellId,MC Temp [°C],Motor Temp [°C],Fault Code,MC Throttle [%],Drive Enable,RadIn_Temp [°C],RadOut_Tem [°C],Flowrate,Actual_FOC_id,Actual_FOC_iq,Actual_Brake [%],Rolling_Counter,Relay_State,CRC_Checksum,CRC_Checksum_22,Pack_Current,Pack_CCL,Pack_DCL,Pack_Open_Volta,TSB HighTemp,Pack_SOC,Cell Low,Therm1_Val [°C],Therm1_LowVal [°C],Therm1_HighVal [°C],Therm2_Val [°C],Therm2_LowVal [°C],Therm2_HighVal [°C],Therm1_ID,Therm1_ModNum,AN3 [V],AN6 [V],VBAT [V],Int Temp [°C],CAN1 Load [%],CAN1 ERRORS [hex],CAN2 ERRORS [decimal],ALARMS1 [decimal],uFLAGS1 [decimal],RTD,Energized,LV Low,Motor Temp High,MC Temp High,Logging,TSB Temp,Stop Logging,WATER T ALM
20:48:37.025,0,-0.6,335,0,0,0,42,42.9,0,0,1,49,47,7,0,0,0,0,0,0,0,0,13,190,1,35,35,16,34,16,35,34,33,34,-851583,8,4.863,0,13.381,38,0,16,0,0,35,1,1,0,0,0,1,0,0,0
20:48:37.125,0,-0.5,334,0,0,0,42,42.9,0,0,1,49,46,7,0,0,0,0,0,0,0,0,13,190,1,35,35,16,34,16,35,34,33,34,-851583,8,4.863,0.015,13.367,38,0,16,0,0,35,1,1,0,0,0,1,0,0,0
20:48:37.225,0,-0.5,334,0,0,0,42,42.9,0,0,1,49,45,7,0,0,0,0,0,0,0,0,13,190,1,35,35,16,34,16,35,34,33,34,-851583,8,4.863,0.015,13.394,38,0,16,0,0,35,1,1,0,0,0,1,0,0,0
20:48:37.325,0,-0.5,336,0,0,0,42,42.9,0,0,1,49,47,7,0,0,0,0,0,0,0,0,13,190,1,35,35,16,34,16,35,34,33,34,-851583,8,4.863,0.015,13.415,38,0,16,0,0,35,1,1,0,0,0,1,0,0,0
20:48:37.425,0,-0.6,334,0,0,0,42,42.9,0,0,1,49,48,6,0,0,0,0,0,0,0,0,13,190,1,35,35,16,34,16,35,34,33,34,-851583,8,4.863,0.015,13.401,37,0,16,0,0,35,1,1,0,0,0,1,0,0,0
20:48:37.525,0,-0.5,335,0,0,0,42,42.9,0,0,1,49,46,7,0,0,0,0,0,0,0,0,13,190,1,35,35,16,34,16,35,34,33,34,-851583,8,4.863,0.015,13.408,37,0,16,0,0,35,1,1,0,0,0,1,0,0,0
20:48:37.625,0,-0.5,335,0,0,0,42,42.9,0,0,1,48,46,7,0,0,0,0,0,0,0,0,13,190,1,35,35,16,34,16,35,34,33,34,-851583,8,4.863,0.015,13.388,38,0,16,0,0,35,1,1,0,0,0,1,0,0,0
20:48:37.725,0,-0.4,335,0,0,0,42,42.9,0,0,1,48,45,7,0,0,0,0,0,0,0,0,13,190,1,35,35,16,34,16,35,34,33,34,-851583,8,4.863,0.015,13.388,38,0,16,0,0,35,1,1,0,0,0,1,0,0,0
20:48:37.825,0,-0.4,335,0,0,0,42,42.9,0,0,1,49,46,7,0,0,0,0,0,0,0,0,13,190,1,35,35,16,34,16,35,34,33,34,-851583,8,4.863,0.015,13.367,38,0,16,0,0,35,1,1,0,0,0,1,0,0,0
20:48:37.925,0,-0.4,334,0,0,0,42,42.9,0,0,1,49,47,7,0,0,0,0,0,0,0,0,13,190,1,35,35,16,34,16,35,34,33,34,-851583,8,4.863,0.015,13.36,38,0,16,0,0,35,1,1,0,0,0,1,0,0,0
20:48:38.025,0,-0.4,335,0,0,0,42,42.9,0,0,1,49,47,8,0,0,0,0,0,0,0,0,13,190,1,35,35,16,34,16,35,34,33,34,-851583,8,4.863,0.015,13.381,38,0,16,0,0,35,1,1,0,0,0,1,0,0,0
20:48:38.125,0,-0.5,334,0,0,0,42,42.9,0,0,1,50,46,7,0,0,0,0,0,0,0,0,13,190,1,35,35,16,34,16,35,34,33,34,-851583,8,4.863,0.015,13.388,37,0,16,0,0,35,1,1,0,0,0,1,0,0,0
20:48:38.225,0,0.8,333,3.5,0,0,42,42.2,0,0,1,48,46,8,0,0,0,0,0,0,0,0.1,13,190,1,35,35,16,34,16,35,34,33,34,-851583,8,4.863,0.015,13.353,38,0,16,0,0,35,1,1,0,0,0,1,0,0,0
20:48:38.325,44.8,7.7,332,66.5,4.3,0,42,42,0,0,1,49,46,8,0,0,0,0,0,0,0,1.7,13,190,1,35,35,16,34,16,35,34,33,34,-851583,8,4.863,0.015,13.34,38,0,16,0,0,35,1,1,0,0,0,1,0,0,0
20:48:38.425,19.4,8.3,332,166.8,12.1,0,42,42,0,0,1,48,46,8,0,0,0,0,0,0,0,5.2,13,190,1,35,35,16,34,16,35,34,33,34,-851583,8,4.863,0.015,13.34,38,0,16,0,0,35,1,1,0,0,0,1,0,0,0
20:48:38.525,19.9,8.8,332,207.1,15.8,0,42,42,0,0,1,49,47,8,0,0,0,0,0,0,0,6.8,13,190,1,35,35,16,34,16,35,33,33,34,-851583,8,4.863,0.015,13.299,38,0,16,0,0,35,1,1,0,0,0,1,0,0,0
20:48:38.625,36.9,8.9,330,243.8,18.5,0,42,42,0,0,1,49,47,8,0,0,0,0,0,0,0,9,13,190,1,35,35,16,34,16,35,33,33,34,-851583,8,4.863,0.015,13.347,37,0,16,0,0,35,1,1,0,0,0,1,0,0,0
20:48:38.725,49.2,9,330,268.4,20.5,0,42,42.1,0,0,1,50,47,8,0,0,0,0,0,0,0,10.9,12,190,1,35,35,16,34,16,35,34,33,34,-851583,8,4.863,0.015,13.292,38,0,16,0,0,35,1,1,0,0,0,1,0,0,0
20:48:38.825,43.9,9.9,330,272.8,23.3,0,42,42.4,0,0,1,50,46,8,0,0,0,0,0,0,0,11.6,12,190,1,35,35,16,34,16,35,34,33,34,-851583,8,4.863,0.015,13.299,38,0,16,0,0,35,1,1,0,0,0,1,0,0,0
20:48:38.925,26.3,9.4,330,296,23.3,0,42.9,42,0,0,1,49,47,8,0,0,0,0,0,0,0,11.1,12,190,1,35,35,16,34,16,35,34,33,34,-851583,8,4.863,0.015,13.299,37,0,16,0,0,35,1,1,0,0,0,1,0,0,0
20:48:39.025,5.6,9.6,329,297.5,24.4,0,42.9,42,0,0,1,51,48,8,0,0,0,0,0,0,0,11.6,12,190,1,35,35,16,34,16,35,34,33,34,-851583,8,4.863,0.015,13.306,38,0,16,0,0,35,1,1,0,0,0,1,0,0,0
20:48:39.125,0.7,9.6,331,297.5,24.4,0,42.9,42,0,0,1,50,48,7,0,0,0,0,0,0,0,11.7,12,190,1,35,35,16,34,16,35,34,33,34,-851583,8,4.863,0.015,13.306,37,0,16,0,0,35,1,1,0,0,0,1,0,0,0
20:48:39.225,0,9.6,330,297.8,24.4,0,42.9,42,0,0,1,50,46,8,0,0,0,0,0,0,0,11.7,12,190,1,35,35,16,34,16,35,34,33,34,-851583,8,4.863,0.015,13.306,38,0,16,0,0,35,1,1,0,0,0,1,0,0,0
20:48:39.325,0,9.6,331,297.5,24.4,0,42.9,42,0,0,1,52,47,8,0,0,0,0,0,0,0,11.7,12,190,1,35,35,16,34,16,35,34,33,34,-851583,8,4.863,0.015,13.312,38,0,16,0,0,35,1,1,0,0,0,1,0,0,0
20:48:39.425,0,9.5,329,297.7,24.5,0,42.9,42,0,0,1,50,46,8,0,0,0,0,0,0,0,11.8,12,190,1,35,35,16,35,16,35,34,33,34,-851583,8,4.863,0.015,13.299,38,0,16,0,0,35,1,1,0,0,0,1,0,0,0
20:48:39.525,10,10.4,330,296.3,26.4,0,42.9,42,0,0,1,52,47,8,0,0,0,0,0,0,0,12.9,12,190,1,35,35,16,34,16,35,34,33,34,-851583,8,4.863,0.015,13.319,37,0,16,0,0,35,1,1,0,0,0,1,0,0,0
20:48:39.625,84.8,10.7,327,350.2,31.5,0,43.9,42.1,0,0,1,51,47,8,0,0,0,0,0,0,0,17.9,12,190,1,35,35,16,34,16,35,34,33,34,-851583,8,4.863,0.015,13.319,38,0,16,0,0,35,1,1,0,0,0,1,0,0,0
20:48:39.725,163.6,13.2,327,318.7,35.1,0,43.9,42,0,0,1,51,50,7,0,0,0,0,0,0,0,24.7,12,190,1,35,35,16,34,16,35,33,33,34,-851583,8,4.863,0.015,13.312,38,0,16,0,0,35,1,1,0,0,0,1,0,0,0
20:48:39.825,247.3,15.1,327,312.4,41,0,44.9,42.3,0,0,1,51,49,8,0,0,0,0,0,0,0,24.8,12,190,1,35,35,16,34,16,35,33,33,34,-851583,8,4.863,0.015,13.347,37,0,16,0,0,35,1,1,0,0,0,1,0,0,0
20:48:39.925,330.1,17,325,328.6,44.5,0,44.9,42.1,0,0,1,50,49,8,0,0,0,0,0,0,0,33.5,12,190,1,35,35,16,34,16,35,34,33,34,-851583,8,4.863,0.015,13.319,38,0,16,0,0,35,1,1,0,0,0,1,0,0,0
20:48:40.025,411.4,19.8,323,354.5,43.5,0,44.9,42,0,0,1,49,48,8,0,0,0,0,0,0,0,37.1,12,190,1,35,35,16,34,16,35,34,33,34,-851583,8,4.863,0.015,13.326,38,0,16,0,0,35,1,1,0,0,0,1,0,0,0
20:48:40.125,497.7,21.4,323,354.7,45.9,0,44.9,42,0,0,1,50,48,7,0,0,0,0,0,0,0,39.7,12,190,1,35,35,16,34,16,35,33,33,34,-851583,8,4.863,0.015,13.312,38,0,16,0,0,35,1,1,0,0,0,1,0,0,0
20:48:40.225,605.6,26.7,320,321.8,52.7,0,45.3,42,0,0,1,50,48,8,0,0,0,0,0,0,0,47.2,12,190,1,35,35,16,34,16,35,34,33,34,-851583,8,4.863,0.015,13.292,38,0,16,0,0,35,1,1,0,0,0,1,0,0,0
20:48:40.325,669.7,25.4,320,359.4,50.7,0,45.7,42,0,0,1,51,48,8,0,0,0,0,0,0,0,40.8,12,190,1,35,35,16,34,16,35,34,33,34,-851583,8,4.863,0.015,13.312,38,0,16,0,0,35,1,1,0,0,0,1,0,0,0
20:48:40.425,746.1,28.9,320,325.2,60.2,0,45.9,42.1,0,0,1,50,48,8,0,0,0,0,0,0,0,51.7,12,190,1,35,35,16,34,16,35,34,33,34,-851583,8,4.863,0.015,13.347,38,0,16,0,0,35,1,1,0,0,0,1,0,0,0
20:48:40.525,830.9,30.5,317,350.3,57.3,0,45.9,42.1,0,0,1,51,48,8,0,0,0,0,0,0,0,55.5,12,190,1,35,35,16,34,16,35,34,33,34,-851583,8,4.863,0.015,13.333,38,0,16,0,0,35,1,1,0,0,0,1,0,0,0
20:48:40.625,913.9,32.3,314,332.1,68.5,0,45.9,42,0,0,1,49,47,8,0,0,0,0,0,0,0,60,12,190,1,35,35,16,34,16,35,33,33,34,-851583,8,4.863,0.015,13.319,38,0,16,0,0,35,1,1,0,0,0,1,0,0,0
20:48:40.725,1010.7,36.4,316,357.9,66,0,45.9,42,0,0,1,50,47,8,0,0,0,0,0,0,0,59.8,12,190,1,35,35,16,34,16,35,34,33,34,-851583,8,4.863,0.015,13.36,38,0,16,0,0,35,1,1,0,0,0,1,0,0,0
20:48:40.825,1078.7,37,311,341.9,67.3,0,45.9,42,0,0,1,50,47,8,0,0,0,0,0,0,0,61.5,12,190,1,35,35,16,34,16,35,34,33,34,-851583,8,4.863,0.015,13.326,38,0,16,0,0,35,1,1,0,0,0,1,0,0,0
20:48:40.925,1154.8,39.8,312,319,72.2,0,45.9,42.1,0,0,1,50,48,8,0,0,0,0,0,0,0,64.7,12,190,1,35,35,16,34,16,35,34,33,34,-851583,8,4.863,0.015,13.34,38,0,16,0,0,35,1,1,0,0,0,1,0,0,0
20:48:41.025,1244,42.3,312,327.2,76.4,0,45.9,42,0,0,1,50,48,8,0,0,0,0,0,0,0,70.2,12,190,1,35,35,16,33,16,35,34,33,34,-851583,8,4.863,0.015,13.388,38,0,16,0,0,35,1,1,0,0,0,1,0,0,0
20:48:41.125,1330.2,44,309,313.5,80.1,0,45.9,42,0,0,1,49,47,7,0,0,0,0,0,0,0,78.2,12,190,1,35,35,16,34,16,35,34,33,34,-851583,8,4.863,0.015,13.353,37,0,16,0,0,35,1,1,0,0,0,1,0,0,0
20:48:41.225,1411.7,47.1,311,336.4,73.1,0,45.9,42.1,0,0,1,49,47,8,0,0,0,0,0,0,0,83.3,12,190,1,35,35,16,34,16,35,34,33,34,-851583,8,4.863,0.015,13.408,38,0,16,0,0,35,1,1,0,0,0,1,0,0,0
20:48:41.325,1506,49.4,305,344.1,86,0,45.9,41.9,0,0,1,50,48,8,0,0,0,0,0,0,0,87.6,12,190,1,35,35,16,34,16,35,34,33,34,-851583,8,4.863,0.015,13.333,38,0,16,0,0,35,1,1,0,0,0,1,0,0,0
20:48:41.425,1576.3,52.1,308,316.4,78.1,0,46.9,42.1,0,0,1,51,47,8,0,0,0,0,0,0,0,79.2,12,190,1,35,35,16,34,16,35,34,33,34,-851583,8,4.863,0.015,13.353,38,0,16,0,0,35,1,1,0,0,0,1,0,0,0
20:48:41.525,1652.3,48.7,308,263.7,74.4,0,46.9,41.9,0,0,1,50,47,7,0,0,0,0,0,0,0,74.7,12,190,1,35,35,16,34,16,35,34,33,34,-851583,8,4.863,0.015,13.374,38,0,16,0,0,35,1,1,0,0,0,1,0,0,0
20:48:41.625,1664.6,31.9,325,54.3,21.9,0,46.9,41.9,0,0,1,50,48,8,0,0,0,0,0,0,0,17.3,12,190,1,35,35,16,34,16,35,34,33,34,-851583,8,4.863,0.015,13.36,38,0,16,0,0,35,1,1,0,0,0,1,0,0,0
20:48:41.725,1616.7,22.7,332,0,0,0,46.9,41.9,0,0,1,50,48,8,0,0,0,0,0,0,0,-0.5,12,190,1,35,35,16,34,16,35,34,33,34,-851583,8,4.863,0.015,13.381,38,0,16,0,0,35,1,1,0,0,0,1,0,0,0
20:48:41.825,1549.6,29,332,0,0,0,46.9,42.1,0,0,1,50,47,8,0,0,0,0,0,0,0,0,12,190,1,35,35,16,34,16,35,34,33,34,-851583,8,4.863,0.015,13.394,38,0,16,0,0,35,1,1,0,0,0,1,0,0,0
20:48:41.925,1469,22.2,331,-0.1,0,0,47.7,42,0,0,1,50,47,8,0,0,0,0,0,0,0,0,12,190,1,35,35,16,34,16,35,34,33,34,-851583,8,4.863,0.015,13.429,38,0,16,0,0,35,1,1,0,0,0,1,0,0,0
20:48:42.025,1401.4,26.3,331,-1.3,0,0,47.9,42,0,0,1,49,47,8,0,0,0,0,0,0,0,-0.5,12,190,1,35,35,16,34,16,35,34,33,34,-851583,8,4.863,0.015,13.367,38,0,16,0,0,35,1,1,0,0,0,1,0,0,0
20:48:42.125,1474.7,46,317,210.7,52.5,0,47.9,42.1,0,0,1,50,47,8,0,0,0,0,0,0,0,47.8,12,190,1,35,35,16,16,16,35,34,33,34,-851583,8,4.863,0.015,13.347,38,0,16,0,0,35,1,1,0,0,0,1,0,0,0
20:48:42.225,1517.4,41.8,316,188.4,54.4,0,47.9,42,0,0,1,50,47,7,0,0,0,0,0,0,0,54.2,12,190,1,35,35,16,34,16,35,34,33,34,-851583,8,4.863,0.015,13.319,38,0,16,0,0,35,1,1,0,0,0,1,0,0,0
20:48:42.325,1546.2,47.4,316,196.7,61.8,0,47.9,42,0,0,1,50,48,7,0,0,0,0,0,0,0,56.4,12,190,1,35,35,16,34,16,35,34,33,34,-851583,8,4.863,0.015,13.326,37,0,16,0,0,35,1,1,0,0,0,1,0,0,0
20:48:42.425,1589.6,40.6,316,162.5,48.2,0,47.9,42,0,0,1,50,48,8,0,0,0,0,0,0,0,45.9,12,190,1,35,35,16,34,16,35,34,33,34,-851583,8,4.863,0.015,13.326,38,0,16,0,0,35,1,1,0,0,0,1,0,0,0
20:48:42.525,1535.5,27.2,333,0,0,0,47.9,42,0,0,1,51,48,7,0,0,0,0,0,0,0,0.1,12,190,1,35,35,16,34,16,35,34,33,34,-851583,8,4.863,0.015,13.333,38,0,16,0,0,35,1,1,0,0,0,1,0,0,0
20:48:42.625,1501.5,29.4,332,0,0,0,47.9,42.4,0,0,1,49,47,7,0,0,0,0,0,0,0,0,12,190,1,35,35,16,34,16,35,34,33,34,-851583,8,4.863,0.015,13.394,38,0,16,0,0,35,1,1,0,0,0,1,0,0,0
20:48:42.725,1455.1,30.1,331,6.9,0.8,0,47.9,42,0,0,1,50,47,7,0,0,0,0,0,0,0,0.9,12,190,1,35,35,16,34,16,35,34,33,34,-851583,8,4.863,0.015,13.36,38,0,16,0,0,35,1,1,0,0,0,1,0,0,0
20:48:42.825,1527.3,48.3,315,215.3,44,0,47.9,42,0,0,1,50,47,7,0,0,0,0,0,0,0,53.6,12,190,1,35,35,16,34,16,35,34,33,34,-851583,8,4.863,0.015,13.306,38,0,16,0,0,35,1,1,0,0,0,1,0,0,0
20:48:42.925,1651.6,48.4,311,229.1,64.8,0,47.9,42.1,0,0,1,50,47,7,0,0,0,0,0,0,0,66.8,12,190,1,35,35,16,34,16,35,34,33,34,-851583,8,4.863,0.015,13.312,38,0,16,0,0,35,1,1,0,0,0,1,0,0,0
20:48:43.025,1706.1,50,312,210.2,62.7,0,47.9,42,0,0,1,50,48,7,0,0,0,0,0,0,0,63.8,12,190,1,35,35,16,34,16,35,34,33,34,-851583,8,4.863,0.015,13.306,38,0,16,0,0,35,1,1,0,0,0,1,0,0,0
20:48:43.125,1607.5,26.4,332,0,0,0,47.9,42.4,0,0,1,55,47,7,0,0,0,0,0,0,0,0,12,190,1,35,35,16,34,16,35,34,33,34,-851583,8,4.863,0.015,13.347,38,0,16,0,0,35,1,1,0,0,0,1,0,0,0
20:48:43.225,1515.1,41,326,61.8,17.3,0,47.9,42,0,0,1,52,47,7,0,0,0,0,0,0,0,17.4,12,190,1,35,35,16,34,16,35,34,33,34,-851583,8,4.863,0.015,13.34,37,0,16,0,0,35,1,1,0,0,0,1,0,0,0
20:48:43.325,1664.2,53.1,311,242.9,71.6,0,47.9,42.2,0,0,1,52,49,8,0,0,0,0,0,0,0,71.1,12,190,1,35,35,16,34,16,35,34,33,34,-851583,8,4.863,0.015,13.319,38,0,16,0,0,35,1,1,0,0,0,1,0,0,0
20:48:43.425,1731.7,53.6,306,282.6,76.8,0,47.9,42.3,0,0,1,51,48,8,0,0,0,0,0,0,0,85.8,12,190,1,35,35,16,34,16,35,34,33,34,-851583,8,4.863,0.015,13.36,38,0,16,0,0,35,1,1,0,0,0,1,0,0,0
20:48:43.525,1754.5,53.8,306,271.6,76.8,0,47.9,42.2,0,0,1,51,48,7,0,0,0,0,0,0,0,79.4,12,190,1,35,35,16,34,16,35,34,33,34,-851583,8,4.863,0.015,13.34,38,0,16,0,0,35,1,1,0,0,0,1,0,0,0
20:48:43.625,1736.7,52.6,308,262.2,78.2,0,47.9,42.2,0,0,1,51,48,7,0,0,0,0,0,0,0,79.9,12,190,1,35,35,16,34,16,35,34,33,34,-851583,8,4.863,0.015,13.353,37,0,16,0,0,35,1,1,0,0,0,1,0,0,0
20:48:43.725,1802.9,50.7,312,178.6,55.9,0,47.9,42.2,0,0,1,50,47,7,0,0,0,0,0,0,0,57.6,12,190,1,35,35,16,34,16,35,34,33,34,-851583,8,4.863,0.015,13.34,38,0,16,0,0,35,1,1,0,0,0,1,0,0,0
20:48:43.825,1796.9,45.1,319,118.3,39.9,0,47.9,42,0,0,1,51,48,7,0,0,0,0,0,0,0,41.2,12,190,1,35,35,16,34,16,35,34,33,34,-851583,8,4.863,0.015,13.367,38,0,16,0,0,35,1,1,0,0,0,1,0,0,0
20:48:43.925,1855,56.5,312,197.1,63.7,0,48.9,42.2,0,0,1,50,48,8,0,0,0,0,0,0,0,59.1,12,190,1,35,35,16,34,16,35,34,33,34,-851583,8,4.863,0.015,13.388,38,0,16,0,0,35,1,1,0,0,0,1,0,0,0
20:48:44.025,1960.6,60.2,300,276.6,89.6,0,48.9,42.5,0,0,1,51,49,7,0,0,0,0,0,0,0,95.2,12,190,1,35,35,16,34,16,35,34,33,34,-851583,8,4.863,0.015,13.353,38,0,16,0,0,35,1,1,0,0,0,1,0,0,0
20:48:44.125,1971.1,58,307,224.8,74.3,0,48.9,42.3,0,0,1,50,46,7,0,0,0,0,0,0,0,76.9,12,190,1,35,35,16,34,16,35,33,33,34,-851583,8,4.863,0.015,13.408,38,0,16,0,0,35,1,1,0,0,0,1,0,0,0
20:48:44.225,1951.3,33,331,0,0,0,48.9,42.9,0,0,1,50,48,8,0,0,0,0,0,0,0,0,12,190,1,35,35,16,34,16,35,34,33,34,-851583,8,4.863,0.015,13.36,38,0,16,0,0,35,1,1,0,0,0,1,0,0,0
20:48:44.325,1930,36.6,330,0,0,0,48.9,42.9,0,0,1,50,48,7,0,0,0,0,0,0,0,0,12,190,1,35,35,16,34,16,35,34,33,34,-851583,8,4.863,0.015,13.415,38,0,16,0,0,35,1,1,0,0,0,1,0,0,0
20:48:44.425,1884.6,39.4,329,8.3,1.7,0,48.9,42.4,0,0,1,50,48,7,0,0,0,0,0,0,0,2.7,12,190,1,35,35,16,34,16,35,34,33,34,-851583,8,4.863,0.015,13.401,38,0,16,0,0,35,1,1,0,0,0,1,0,0,0
20:48:44.525,2005.1,62.8,310,216.7,67.9,0,48.9,42.4,0,0,1,49,47,7,0,0,0,0,0,0,0,71.1,12,190,1,35,35,16,34,16,35,34,33,34,-851583,8,4.863,0.015,13.36,38,0,16,0,0,35,1,1,0,0,0,1,0,0,0
20:48:44.625,2043.6,50.5,312,159.5,58.8,0,48.9,42.3,0,0,1,50,48,8,0,0,0,0,0,0,0,61.5,12,190,1,35,35,16,34,16,35,34,33,34,-851583,8,4.863,0.015,13.319,38,0,16,0,0,35,1,1,0,0,0,1,0,0,0
20:48:44.725,1979.9,51,318,114,41.4,0,48.9,42.3,0,0,1,50,47,7,0,0,0,0,0,0,0,40.5,12,190,1,35,35,16,34,16,35,34,33,34,-851583,8,4.863,0.015,13.401,38,0,16,0,0,35,1,1,0,0,0,1,0,0,0
20:48:44.825,2065.2,59.3,308,200.2,75.1,0,48.9,42.4,0,0,1,51,49,8,0,0,0,0,0,0,0,74.3,12,190,1,35,35,16,34,16,35,34,33,34,-851583,8,4.863,0.015,13.394,38,0,16,0,0,35,1,1,0,0,0,1,0,0,0
20:48:44.925,2029.1,38.9,324,63,29,0,48.9,42.8,0,0,1,50,48,7,0,0,0,0,0,0,0,21.4,12,190,1,35,35,16,34,16,35,34,33,34,-851583,8,4.863,0.015,13.367,38,0,16,0,0,35,1,1,0,0,0,1,0,0,0
20:48:45.025,1976.1,43.2,327,25,8.6,0,48.9,42.8,0,0,1,50,48,8,0,0,0,0,0,0,0,7.1,12,190,1,35,35,16,34,16,35,34,33,34,-851583,8,4.863,0.015,13.381,38,0,16,0,0,35,1,1,0,0,0,1,0,0,0
20:48:45.125,2069.8,52.3,324,61.2,19.9,0,48.9,42.7,0,0,1,50,49,7,0,0,0,0,0,0,0,21.4,12,190,1,35,35,16,34,16,35,34,33,34,-851583,8,4.863,0.015,13.381,38,0,16,0,0,35,1,1,0,0,0,1,0,0,0
20:48:45.225,2039.9,56.2,315,152.6,55.7,0,48.9,42.5,0,0,1,50,48,7,0,0,0,0,0,0,0,54.4,12,190,1,35,35,16,34,16,35,33,33,34,-851583,8,4.863,0.015,13.367,38,0,16,0,0,35,1,1,0,0,0,1,0,0,0
20:48:45.325,2096.9,62,306,233.3,78.2,0,49,42.5,0,0,1,50,46,8,0,0,0,0,0,0,0,86.5,12,190,1,35,35,16,34,16,35,33,33,34,-851583,8,4.863,0.015,13.381,37,0,16,0,0,35,1,1,0,0,0,1,0,0,0
20:48:45.425,2134.1,59.1,307,204.4,73.9,0,49.7,42.6,0,0,1,49,48,7,0,0,0,0,0,0,0,75.2,12,190,1,35,35,16,35,16,35,34,33,34,-851583,8,4.863,0.015,13.381,37,0,16,0,0,35,1,1,0,0,0,1,0,0,0
20:48:45.525,2201.7,65.2,306,212.1,74.2,0,49.9,42.6,0,0,1,50,48,8,0,0,0,0,0,0,0,82.6,12,190,1,35,35,16,34,16,35,34,33,34,-851583,8,4.863,0.015,13.415,38,0,16,0,0,35,1,1,0,0,0,1,0,0,0
20:48:45.625,2253.4,64.8,303,223.9,84,0,49.9,42.7,0,0,1,49,48,7,0,0,0,0,0,0,0,90.3,12,190,1,35,35,16,34,16,35,34,33,34,-851583,8,4.863,0.015,13.394,37,0,16,0,0,35,1,1,0,0,0,1,0,0,0
20:48:45.725,2340,66.2,306,195.2,77.1,0,49.9,42.6,0,0,1,49,48,7,0,0,0,0,0,0,0,80.9,12,190,1,35,35,16,34,16,35,34,33,34,-851583,8,4.863,0.015,13.422,38,0,16,0,0,35,1,1,0,0,0,1,0,0,0
20:48:45.825,2358.4,66.2,304,202.8,81.4,0,49.9,42.7,0,0,1,51,49,8,0,0,0,0,0,0,0,88.2,12,190,1,35,35,16,34,16,35,34,33,34,-851583,8,4.863,0.015,13.388,38,0,16,0,0,35,1,1,0,0,0,1,0,0,0
20:48:45.925,2374.9,56.3,313,128.2,56.5,0,49.9,42.9,0,0,1,49,47,8,0,0,0,0,0,0,0,60.2,12,190,1,35,35,16,34,16,35,34,33,34,-851583,8,4.863,0.015,13.415,38,0,16,0,0,35,1,1,0,0,0,1,0,0,0
20:48:46.025,2289.8,43.3,330,0,0,0,49.9,42.9,0,0,1,49,47,8,0,0,0,0,0,0,0,0,12,190,1,35,35,16,34,16,35,34,33,34,-851583,8,4.863,0.015,13.435,37,0,16,0,0,35,1,1,0,0,0,1,0,0,0
20:48:46.125,2288.1,43.6,330,0,0,0,49.9,42.9,0,0,1,49,48,8,0,0,0,0,0,0,0,0,12,190,1,35,35,16,34,16,35,34,33,34,-851583,8,4.863,0.015,13.463,38,0,16,0,0,35,1,1,0,0,0,1,0,0,0
20:48:46.225,2254.2,42.3,330,0,0,0,49.9,42.9,0,0,1,49,46,7,0,0,0,0,0,0,0,0,12,190,1,35,35,16,34,16,35,34,33,34,-851583,8,4.863,0.015,13.477,38,0,16,0,0,35,1,1,0,0,0,1,0,0,0
20:48:46.325,2235.3,55.2,325,49.6,15,0,49.9,42.9,0,0,1,50,48,8,0,0,0,0,0,0,0,17.3,12,190,1,35,35,16,34,16,35,34,33,34,-851583,8,4.863,0.015,13.47,37,0,16,0,0,35,1,1,0,0,0,1,0,0,0
20:48:46.425,2244.7,56.6,319,97.1,39,0,49.9,42.9,0,0,1,49,47,7,0,0,0,0,0,0,0,37.8,12,190,1,35,35,16,34,16,35,34,33,34,-851583,8,4.863,0.015,13.483,38,0,16,0,0,35,1,1,0,0,0,1,0,0,0
20:48:46.525,2247.7,53.6,318,98.3,41.4,0,49.9,42.9,0,0,1,49,48,7,0,0,0,0,0,0,0,36.7,12,190,1,35,35,16,34,16,35,34,33,34,-851583,8,4.863,0.015,13.511,38,0,16,0,0,35,1,1,0,0,0,1,0,0,0
20:48:46.625,2092.1,38.6,331,0,0,0,49.9,43,0,0,1,49,47,7,0,0,0,0,0,0,0,0,12,190,1,35,35,16,34,16,35,34,33,34,-851583,8,4.863,0.015,13.572,38,0,16,0,0,35,1,1,0,0,0,1,0,0,0
20:48:46.725,2012.6,36,331,0,0,0,49.9,43.1,0,0,1,49,47,6,0,0,0,0,0,0,0,0,12,190,1,35,35,16,34,16,35,34,33,34,-851583,8,4.863,0.015,13.552,38,0,16,0,0,35,1,1,0,0,0,1,0,0,0
20:48:46.825,1857.2,33.7,331,0,0,0,49.9,43.1,0,0,1,51,47,6,0,0,0,0,0,0,0,0,12,190,1,35,35,16,34,16,35,34,33,34,-851583,8,4.863,0.015,13.572,38,0,16,0,0,35,1,1,0,0,0,1,0,0,0
20:48:46.925,1784.5,35,332,0,0,0,49.9,43.1,0,0,1,51,48,6,0,0,0,0,0,0,0,0,12,190,1,35,35,16,34,16,35,34,33,34,-851583,8,4.863,0.015,13.6,38,0,16,0,0,35,1,1,0,0,0,1,0,0,0
20:48:47.025,1863.9,52.6,322,92.6,28.5,0,49.9,43,0,0,1,51,47,6,0,0,0,0,0,0,0,33.7,12,190,1,35,35,16,34,16,35,34,33,34,-851583,8,4.863,0.015,13.565,37,0,16,0,0,35,1,1,0,0,0,1,0,0,0
20:48:47.125,1884.7,53.5,311,189.4,62.3,0,49.9,43,0,0,1,52,48,5,0,0,0,0,0,0,0,64.3,12,190,1,35,35,16,34,16,35,34,33,34,-851583,8,4.863,0.015,13.559,38,0,16,0,0,35,1,1,0,0,0,1,0,0,0
20:48:47.225,1891.2,44.5,316,118.4,43.2,0,49.9,43,0,0,1,50,48,5,0,0,0,0,0,0,0,41.2,12,190,1,35,35,16,34,16,35,34,33,34,-851583,8,4.863,0.015,13.579,38,0,16,0,0,35,1,1,0,0,0,1,0,0,0
20:48:47.325,1818.5,36.2,331,0,0,0,49.9,43.2,0,0,1,51,49,5,0,0,0,0,0,0,0,0,12,190,1,35,35,16,34,16,35,34,33,34,-851583,8,4.863,0.015,13.634,38,0,16,0,0,35,1,1,0,0,0,1,0,0,0
20:48:47.425,1810.8,33.9,330,0,0,0,49.9,43.2,0,0,1,50,49,5,0,0,0,0,0,0,0,0,12,190,1,35,35,16,34,16,35,34,33,34,-851583,8,4.863,0.015,13.641,38,0,16,0,0,35,1,1,0,0,0,1,0,0,0
20:48:47.525,1759.2,33.2,332,0,0,0,49.9,43.4,0,0,1,49,48,5,0,0,0,0,0,0,0,0,12,190,1,35,35,16,34,16,35,34,33,34,-851583,8,4.863,0.015,13.634,38,0,16,0,0,35,1,1,0,0,0,1,0,0,0
20:48:47.625,1718.1,36.1,329,11.5,2.9,0,49.9,43,0,0,1,50,48,5,0,0,0,0,0,0,0,3.3,12,190,1,35,35,16,34,16,35,34,33,34,-851583,8,4.863,0.015,13.668,37,0,16,0,0,35,1,1,0,0,0,1,0,0,0
20:48:47.725,1665.4,43.3,323,84.8,24.5,0,49.9,43,0,0,1,50,48,5,0,0,0,0,0,0,0,22.2,12,190,1,35,35,16,34,16,35,34,33,34,-851583,8,4.863,0.015,13.661,38,0,16,0,0,35,1,1,0,0,0,1,0,0,0
20:48:47.825,1652.5,41.5,323,77.2,23.7,0,49.9,43,0,0,1,51,48,5,0,0,0,0,0,0,0,22.8,12,190,1,35,35,16,34,16,35,34,33,34,-851583,8,4.863,0.015,13.613,38,0,16,0,0,35,1,1,0,0,0,1,0,0,0
20:48:47.925,1762.8,50.9,314,187.5,58.7,0,49.9,43,0,0,1,50,48,4,0,0,0,0,0,0,0,55.9,12,190,1,35,35,16,34,16,35,34,33,34,-851583,8,4.863,0.015,13.641,38,0,16,0,0,35,1,1,0,0,0,1,0,0,0
20:48:48.025,1774.2,49.2,312,190.6,58,0,49.9,43,0,0,1,49,48,4,0,0,0,0,0,0,0,59.4,12,190,1,35,35,16,34,16,35,34,33,34,-851583,8,4.863,0.015,13.627,37,0,16,0,0,35,1,1,0,0,0,1,0,0,0
20:48:48.125,1801.5,47.6,312,195.6,57.9,0,49.9,43.1,0,0,1,49,48,4,0,0,0,0,0,0,0,62.1,12,190,1,35,35,16,16,16,35,34,33,34,-851583,8,4.863,0.015,13.627,38,0,16,0,0,35,1,1,0,0,0,1,0,0,0
20:48:48.225,1653.2,33.4,331,0,0,0,49.9,43.6,0,0,1,49,48,4,0,0,0,0,0,0,0,0,12,190,1,35,35,16,34,16,35,34,33,34,-851583,8,4.863,0.015,13.688,37,0,16,0,0,35,1,1,0,0,0,1,0,0,0
20:48:48.325,1669.1,31.7,331,0,0,0,49.9,43.7,0,0,1,49,48,4,0,0,0,0,0,0,0,0,12,190,1,35,35,16,34,16,35,34,33,34,-851583,8,4.863,0.015,13.716,38,0,16,0,0,35,1,1,0,0,0,1,0,0,0
20:48:48.425,1675.6,44.3,326,44.3,13.2,0,49.9,43,0,0,1,50,48,4,0,0,0,0,0,0,0,14,12,190,1,35,35,16,34,16,35,34,33,34,-851583,8,4.858,0.015,13.606,38,0,16,0,0,35,1,1,0,0,0,1,0,0,0
20:48:48.525,1719,45.5,319,137.1,39.1,0,49.9,43,0,0,1,49,48,4,0,0,0,0,0,0,0,40.5,12,190,1,35,35,16,34,16,35,34,33,34,-851583,8,4.863,0.015,13.606,38,0,16,0,0,35,1,1,0,0,0,1,0,0,0
20:48:48.625,1698.1,35.9,326,34.8,12.8,0,49.9,43,0,0,1,49,48,4,0,0,0,0,0,0,0,9.5,12,190,1,35,35,16,34,16,35,34,33,34,-851583,8,4.863,0.015,13.593,37,0,16,0,0,35,1,1,0,0,0,1,0,0,0
20:48:48.725,1731.7,43.2,325,69.2,21.9,0,49.9,43,0,0,1,49,47,4,0,0,0,0,0,0,0,18.8,12,190,1,35,35,16,34,16,35,34,33,34,-851583,8,4.863,0.015,13.613,38,0,16,0,0,35,1,1,0,0,0,1,0,0,0
20:48:48.825,1683.2,35.4,329,19.3,5.7,0,49.9,43,0,0,1,50,48,4,0,0,0,0,0,0,0,5.2,12,190,1,35,35,16,34,16,35,34,33,34,-851583,8,4.863,0.015,13.627,38,0,16,0,0,35,1,1,0,0,0,1,0,0,0
20:48:48.925,1645.1,38.4,329,14.2,4,0,49.9,43,0,0,1,49,48,4,0,0,0,0,0,0,0,3.4,12,190,1,35,35,16,34,16,35,34,33,34,-851583,8,4.863,0.015,13.606,38,0,16,0,0,35,1,1,0,0,0,1,0,0,0
20:48:49.025,1724.4,47.6,318,129.7,36.4,0,49.9,43.1,0,0,1,49,47,4,0,0,0,0,0,0,0,42,12,190,1,35,35,16,34,16,35,34,33,34,-851583,8,4.863,0.015,13.6,38,0,16,0,0,35,1,1,0,0,0,1,0,0,0
20:48:49.125,1738.4,51.2,313,207.9,53,0,49.9,43.1,0,0,1,48,48,4,0,0,0,0,0,0,0,61.7,12,190,1,35,35,16,34,16,35,34,33,34,-851583,8,4.863,0.015,13.613,38,0,16,0,0,35,1,1,0,0,0,1,0,0,0
20:48:49.225,1773.3,53.7,309,246.2,77.1,0,49.9,43.3,0,0,1,49,48,4,0,0,0,0,0,0,0,70.2,12,190,1,35,35,16,34,16,35,34,33,34,-851583,8,4.863,0.015,13.62,38,0,16,0,0,35,1,1,0,0,0,1,0,0,0
20:48:49.325,1829,53.6,307,220.2,71,0,49.9,43.2,0,0,1,49,48,4,0,0,0,0,0,0,0,76.2,12,190,1,35,35,16,34,16,35,34,33,34,-851583,8,4.863,0.015,13.62,37,0,16,0,0,35,1,1,0,0,0,1,0,0,0
20:48:49.425,1874.2,53.9,310,208.8,63.8,0,49.9,43.3,0,0,1,48,47,4,0,0,0,0,0,0,0,72,12,190,1,35,35,16,34,16,35,34,33,34,-851583,8,4.863,0.015,13.634,38,0,16,0,0,35,1,1,0,0,0,1,0,0,0
20:48:49.525,1842,35.6,320,80.1,31.6,0,49.9,43,0,0,1,49,49,4,0,0,0,0,0,0,0,26.2,12,190,1,35,35,16,34,16,35,34,33,34,-851583,8,4.863,0.015,13.586,38,0,16,0,0,35,1,1,0,0,0,1,0,0,0
20:48:49.625,1869.1,59.8,309,250.2,63.9,0,49.9,43.2,0,0,1,49,48,4,0,0,0,0,0,0,0,78.6,12,190,1,35,35,16,34,16,35,33,33,34,-851583,8,4.863,0.015,13.634,38,0,16,0,0,35,1,1,0,0,0,1,0,0,0
20:48:49.725,1950.7,58.5,301,274.6,83.2,0,49.9,43.3,0,0,1,48,47,4,0,0,0,0,0,0,0,94,12,190,1,35,35,16,34,16,35,34,33,34,-851583,8,4.863,0.015,13.627,38,0,16,0,0,35,1,1,0,0,0,1,0,0,0
20:48:49.825,1943.4,57.7,307,238.9,74.5,0,49.9,43.3,0,0,1,49,48,4,0,0,0,0,0,0,0,83.1,12,190,1,35,35,16,34,16,35,34,33,34,-851583,8,4.863,0.015,13.62,37,0,16,0,0,35,1,1,0,0,0,1,0,0,0
20:48:49.925,2044.4,62.8,303,234.6,78.7,0,50.1,43.4,0,0,1,48,47,4,0,0,0,0,0,0,0,81.4,12,190,1,35,35,16,34,16,35,34,33,34,-851583,8,4.863,0.015,13.627,37,0,16,0,0,35,1,1,0,0,0,1,0,0,0
20:48:50.025,2089.3,61.5,302,250.1,88.1,0,50.9,43.3,0,0,1,49,48,5,0,0,0,0,0,0,0,94.4,12,190,1,35,35,16,34,16,35,34,33,34,-851583,8,4.863,0.015,13.661,38,0,16,0,0,35,1,1,0,0,0,1,0,0,0
20:48:50.125,2153.9,62.7,303,222.5,76.8,0,50.9,43.3,0,0,1,49,48,4,0,0,0,0,0,0,0,82.9,12,190,1,35,35,16,34,16,35,34,33,34,-851583,8,4.863,0.015,13.668,38,0,16,0,0,35,1,1,0,0,0,1,0,0,0
20:48:50.225,2240.8,63.8,305,204.5,79.4,0,50.9,43.4,0,0,1,48,48,4,0,0,0,0,0,0,0,79.9,12,190,1,35,35,16,34,16,35,34,33,34,-851583,8,4.863,0.015,13.661,38,0,16,0,0,35,1,1,0,0,0,1,0,0,0
20:48:50.325,2279.4,63.6,305,195.2,69.3,0,50.9,43.3,0,0,1,49,48,4,0,0,0,0,0,0,0,78.6,12,190,1,35,35,16,34,16,35,34,33,34,-851583,8,4.863,0.015,13.668,38,0,16,0,0,35,1,1,0,0,0,1,0,0,0
20:48:50.425,2368.4,69.4,301,233,83.5,0,50.9,43.4,0,0,1,49,49,4,0,0,0,0,0,0,0,93.5,12,190,1,35,35,16,34,16,35,34,33,34,-851583,8,4.863,0.015,13.675,38,0,16,0,0,35,1,1,0,0,0,1,0,0,0
20:48:50.525,2438.9,61,305,159.4,68.7,0,50.9,43.4,0,0,1,48,48,4,0,0,0,0,0,0,0,76.4,12,190,1,35,35,16,34,16,35,34,33,34,-851583,8,4.863,0.015,13.668,38,0,16,0,0,35,1,1,0,0,0,1,0,0,0
20:48:50.625,2366.3,41.9,329,0,0,0,50.9,43.9,0,0,1,51,47,4,0,0,0,0,0,0,0,0,12,190,1,35,35,16,34,16,35,34,33,34,-851583,8,4.863,0.015,13.668,38,0,16,0,0,35,1,1,0,0,0,1,0,0,0
20:48:50.725,2258,42.9,329,0,0,0,50.9,43.9,0,0,1,51,48,4,0,0,0,0,0,0,0,0,12,190,1,35,35,16,34,16,35,34,33,34,-851583,8,4.863,0.015,13.702,38,0,16,0,0,35,1,1,0,0,0,1,0,0,0
20:48:50.825,2261.5,43.7,329,0,0,0,50.9,43.9,0,0,1,51,49,4,0,0,0,0,0,0,0,0,12,190,1,35,35,16,34,16,35,34,33,34,-851583,8,4.863,0.015,13.729,38,0,16,0,0,35,1,1,0,0,0,1,0,0,0
20:48:50.925,2225.7,57.2,319,84.4,23.9,0,50.9,43.7,0,0,1,50,49,4,0,0,0,0,0,0,0,30.9,12,190,1,35,35,16,34,16,35,34,33,34,-851583,8,4.863,0.015,13.654,37,0,16,0,0,35,1,1,0,0,0,1,0,0,0
20:48:51.025,2268.2,54.5,319,86.9,35.7,0,50.9,43.8,0,0,1,51,49,4,0,0,0,0,0,0,0,33.9,12,190,1,35,35,16,34,16,35,34,33,34,-851583,8,4.863,0.015,13.682,38,0,16,0,0,35,1,1,0,0,0,1,0,0,0
20:48:51.125,2154.1,39,329,0,0,0,50.9,43.9,0,0,1,50,49,4,0,0,0,0,0,0,0,0.6,12,190,1,35,35,16,34,16,35,34,33,34,-851583,8,4.863,0.015,13.634,38,0,16,0,0,35,1,1,0,0,0,1,0,0,0
20:48:51.225,2006.8,37.1,330,0,0,0,50.9,43.9,0,0,1,50,49,4,0,0,0,0,0,0,0,0,12,190,1,35,35,16,34,16,35,34,33,34,-851583,8,4.863,0.015,13.682,37,0,16,0,0,35,1,1,0,0,0,1,0,0,0
20:48:51.325,1835,32.7,329,0,0,0,50.9,44,0,0,1,51,49,4,0,0,0,0,0,0,0,0,12,190,1,35,35,16,34,16,35,34,33,34,-851583,8,4.863,0.015,13.682,38,0,16,0,0,35,1,1,0,0,0,1,0,0,0
20:48:51.425,1835.7,35.9,330,0,0,0,50.9,44,0,0,1,49,48,5,0,0,0,0,0,0,0,0,12,190,1,35,35,16,35,16,35,34,33,34,-851583,8,4.863,0.015,13.682,38,0,16,0,0,35,1,1,0,0,0,1,0,0,0
20:48:51.525,1759.5,47.6,325,56.3,15.6,0,50.9,44,0,0,1,50,49,5,0,0,0,0,0,0,0,15.7,12,190,1,35,35,16,34,16,35,34,33,34,-851583,8,4.863,0.015,13.579,38,0,16,0,0,35,1,1,0,0,0,1,0,0,0
20:48:51.625,1874.2,55.3,308,216.9,66,0,50.9,43.7,0,0,1,50,48,5,0,0,0,0,0,0,0,64.7,12,190,1,35,35,16,34,16,35,34,33,34,-851583,8,4.863,0.015,13.586,38,0,16,0,0,35,1,1,0,0,0,1,0,0,0
20:48:51.725,1823.4,31.8,325,37.7,18.1,0,50.9,43.9,0,0,1,49,49,5,0,0,0,0,0,0,0,15.3,12,190,1,35,35,16,34,16,35,34,33,34,-851583,8,4.863,0.015,13.593,38,0,16,0,0,35,1,1,0,0,0,1,0,0,0
20:48:51.825,1833.8,49.3,320,106.8,34.1,0,50.9,43.9,0,0,1,49,49,5,0,0,0,0,0,0,0,33.9,12,190,1,35,35,16,34,16,35,34,33,34,-851583,8,4.863,0.015,13.572,38,0,16,0,0,35,1,1,0,0,0,1,0,0,0
20:48:51.925,1824,41.2,323,56.3,19.9,0,50.9,43.9,0,0,1,49,48,5,0,0,0,0,0,0,0,20.4,12,190,1,35,35,16,34,16,35,34,33,34,-851583,8,4.863,0.015,13.6,38,0,16,0,0,35,1,1,0,0,0,1,0,0,0
20:48:52.025,1828,45.3,322,63.7,22.3,0,50.9,43.9,0,0,1,50,48,5,0,0,0,0,0,0,0,20.4,12,190,1,35,35,16,34,16,35,34,33,34,-851583,8,4.863,0.015,13.572,38,0,16,0,0,35,1,1,0,0,0,1,0,0,0
20:48:52.125,1827.1,43.9,321,71.1,23.5,0,50.9,43.9,0,0,1,49,48,5,0,0,0,0,0,0,0,22.9,12,190,1,35,35,16,34,16,35,34,33,34,-851583,8,4.863,0.015,13.559,38,0,16,0,0,35,1,1,0,0,0,1,0,0,0
20:48:52.225,1806,47.4,320,102.8,33.3,0,50.9,43.9,0,0,1,50,48,5,0,0,0,0,0,0,0,34.1,12,190,1,35,35,16,34,16,35,34,33,34,-851583,8,4.863,0.015,13.572,38,0,16,0,0,35,1,1,0,0,0,1,0,0,0
20:48:52.325,1815.2,45.9,318,107.1,36.2,0,50.9,43.9,0,0,1,49,48,5,0,0,0,0,0,0,0,34.6,12,190,1,35,35,16,34,16,35,34,33,34,-851583,8,4.863,0.015,13.565,38,0,16,0,0,35,1,1,0,0,0,1,0,0,0
20:48:52.425,1791.5,43.7,320,92.5,30.9,0,50.9,43.9,0,0,1,49,48,6,0,0,0,0,0,0,0,32.4,12,190,1,35,35,16,34,16,35,34,33,34,-851583,8,4.863,0.015,13.572,38,0,16,0,0,35,1,1,0,0,0,1,0,0,0
20:48:52.525,1736.6,43,321,88.4,29.2,0,50.9,43.9,0,0,1,49,48,5,0,0,0,0,0,0,0,27.9,12,190,1,35,35,16,34,16,35,34,33,34,-851583,8,4.863,0.015,13.593,38,0,16,0,0,35,1,1,0,0,0,1,0,0,0
20:48:52.625,1702.7,42.4,320,112.3,34.6,0,50.9,43.9,0,0,1,49,48,5,0,0,0,0,0,0,0,32.2,12,190,1,35,35,16,34,16,35,34,33,34,-851583,8,4.863,0.015,13.579,38,0,16,0,0,35,1,1,0,0,0,1,0,0,0
20:48:52.725,1625.7,40.1,320,103.3,32.5,0,50.9,43.9,0,0,1,49,48,5,0,0,0,0,0,0,0,30.7,12,190,1,35,35,16,34,16,35,34,33,34,-851583,8,4.863,0.015,13.593,38,0,16,0,0,35,1,1,0,0,0,1,0,0,0
20:48:52.825,1525.3,37.9,323,90.2,26.6,0,50.9,43.9,0,0,1,49,48,5,0,0,0,0,0,0,0,25.7,12,190,1,35,35,16,34,16,35,34,33,34,-851583,8,4.863,0.015,13.586,38,0,16,0,0,35,1,1,0,0,0,1,0,0,0
20:48:52.925,1442.5,36.2,321,96.7,26.9,0,50.9,43.9,0,0,1,49,48,5,0,0,0,0,0,0,0,25.3,12,190,1,35,35,16,34,16,35,34,33,34,-851583,8,4.863,0.015,13.586,38,0,16,0,0,35,1,1,0,0,0,1,0,0,0
20:48:53.025,1362.3,34.4,323,97.5,26.5,0,50.9,43.9,0,0,1,49,48,5,0,0,0,0,0,0,0,24.1,12,190,1,35,35,16,34,16,35,34,33,34,-851583,8,4.863,0.015,13.6,38,0,16,0,0,35,1,1,0,0,0,1,0,0,0
20:48:53.125,1277.6,32.6,322,97.3,24,0,50.9,43.9,0,0,1,49,48,5,0,0,0,0,0,0,0,23.4,12,190,1,35,35,16,34,16,35,34,33,34,-851583,8,4.863,0.015,13.586,37,0,16,0,0,35,1,1,0,0,0,1,0,0,0
20:48:53.225,1165.4,29.5,323,99.7,23.4,0,50.9,43.9,0,0,1,48,48,5,0,0,0,0,0,0,0,20,12,190,1,35,35,16,34,16,35,34,33,34,-851583,8,4.863,0.015,13.593,38,0,16,0,0,35,1,1,0,0,0,1,0,0,0
20:48:53.325,999.4,25,324,94.8,19.6,0,50.9,43.9,0,0,1,49,48,5,0,0,0,0,0,0,0,17.3,12,190,1,35,35,16,34,16,35,34,33,34,-851583,8,4.863,0.015,13.559,38,0,16,0,0,35,1,1,0,0,0,1,0,0,0
20:48:53.425,789.6,20,326,74.2,12.3,0,50.9,43.9,0,0,1,49,48,5,0,0,0,0,0,0,0,9.7,12,190,1,35,35,16,34,16,35,34,33,34,-851583,8,4.863,0.015,13.565,38,0,16,0,0,35,1,1,0,0,0,1,0,0,0
20:48:53.525,418.6,9.6,329,76.7,6.3,0,50.9,43.9,0,0,1,49,49,5,0,0,0,0,0,0,0,3.5,12,190,1,35,35,16,34,16,35,34,33,34,-851583,8,4.863,0.015,13.586,37,0,16,0,0,35,1,1,0,0,0,1,0,0,0
20:48:53.625,53.4,5.5,329,31.5,1.4,0,50.9,43.9,0,0,1,48,48,5,0,0,0,0,0,0,0,0.6,12,190,1,35,35,16,34,16,35,34,33,34,-851583,8,4.863,0.015,13.565,38,0,16,0,0,35,1,1,0,0,0,1,0,0,0
20:48:53.725,5.8,5.9,329,36.2,1.8,0,50.9,43.9,0,0,1,48,48,5,0,0,0,0,0,0,0,0.8,12,190,1,35,35,16,34,16,35,34,33,34,-851583,8,4.863,0.015,13.565,38,0,16,0,0,35,1,1,0,0,0,1,0,0,0
20:48:53.825,153.7,12.9,326,173.7,18.3,0,50.9,43.9,0,0,1,49,48,5,0,0,0,0,0,0,0,13.1,12,190,1,35,35,16,34,16,35,34,33,34,-851583,8,4.863,0.015,13.545,38,0,16,0,0,35,1,1,0,0,0,1,0,0,0
20:48:53.925,224.1,12.6,327,162.3,17.6,0,50.9,43.9,0,0,1,48,47,5,0,0,0,0,0,0,0,11.7,12,190,1,35,35,16,34,16,35,34,33,34,-851583,8,4.863,0.015,13.586,38,0,16,0,0,35,1,1,0,0,0,1,0,0,0
20:48:54.025,267,14.3,325,191.9,20.1,0,50.9,43.9,0,0,1,48,48,5,0,0,0,0,0,0,0,14.5,12,190,1,35,35,16,34,16,35,34,33,34,-851583,8,4.863,0.015,13.572,38,0,16,0,0,35,1,1,0,0,0,1,0,0,0
20:48:54.125,326.6,16,325,210.4,25.2,0,50.9,44,0,0,1,49,49,5,0,0,0,0,0,0,0,16.8,12,190,1,35,35,16,16,16,35,34,33,34,-851583,8,4.863,0.015,13.572,37,0,16,0,0,35,1,1,0,0,0,1,0,0,0
20:48:54.225,407.2,18.6,323,209.9,27.2,0,50.9,44,0,0,1,49,48,6,0,0,0,0,0,0,0,19.5,12,190,1,35,35,16,34,16,35,34,33,34,-851583,8,4.863,0.015,13.613,38,0,16,0,0,35,1,1,0,0,0,1,0,0,0
20:48:54.325,469,20.2,323,188.2,29.7,0,50.9,44,0,0,1,48,48,5,0,0,0,0,0,0,0,20.4,12,190,1,35,35,16,34,16,35,34,34,34,-851583,8,4.863,0.015,13.627,37,0,16,0,0,35,1,1,0,0,0,1,0,0,0
20:48:54.425,534,20.7,323,204,31,0,50.9,44,0,0,1,51,47,5,0,0,0,0,0,0,0,22.8,12,190,1,35,35,16,34,16,35,34,33,34,-851583,8,4.863,0.015,13.634,37,0,16,0,0,35,1,1,0,0,0,1,0,0,0
20:48:54.525,582.4,20.3,323,165.7,26.1,0,50.9,43.9,0,0,1,50,49,5,0,0,0,0,0,0,0,20.6,12,190,1,35,35,16,34,16,35,34,34,34,-851583,8,4.863,0.015,13.641,38,0,16,0,0,35,1,1,0,0,0,1,0,0,0
20:48:54.625,606.7,19.9,323,146.8,23,0,50.9,43.9,0,0,1,51,49,5,0,0,0,0,0,0,0,17.9,12,190,1,35,35,16,34,16,35,34,33,34,-851583,8,4.863,0.015,13.661,38,0,16,0,0,35,1,1,0,0,0,1,0,0,0
20:48:54.725,632.3,21.9,324,146.2,25.2,0,50.9,43.9,0,0,1,50,49,5,0,0,0,0,0,0,0,18.8,12,190,1,35,35,16,34,16,35,34,33,34,-851583,8,4.863,0.015,13.627,38,0,16,0,0,35,1,1,0,0,0,1,0,0,0
20:48:54.825,671.5,22.8,321,178,29.7,0,50.9,43.9,0,0,1,50,49,5,0,0,0,0,0,0,0,23.7,12,190,1,35,35,16,34,16,35,34,34,34,-851583,8,4.863,0.015,13.634,38,0,16,0,0,35,1,1,0,0,0,1,0,0,0
20:48:54.925,767.3,26.4,321,206.4,38.4,0,51.9,43.9,0,0,1,50,49,5,0,0,0,0,0,0,0,31.6,12,190,1,35,35,16,34,16,35,34,34,34,-851583,8,4.863,0.015,13.62,38,0,16,0,0,35,1,1,0,0,0,1,0,0,0
20:48:55.025,798.7,26.5,321,171.6,32.8,0,51.9,43.9,0,0,1,50,49,5,0,0,0,0,0,0,0,29.2,12,190,1,35,35,16,34,16,35,34,33,34,-851583,8,4.863,0.015,13.613,38,0,16,0,0,35,1,1,0,0,0,1,0,0,0
20:48:55.125,827.5,26.7,321,188.9,35.6,0,51.9,44,0,0,1,50,48,5,0,0,0,0,0,0,0,30.9,12,190,1,35,35,16,34,16,35,33,33,34,-851583,8,4.863,0.015,13.579,38,0,16,0,0,35,1,1,0,0,0,1,0,0,0
20:48:55.225,914.4,29.7,318,227.8,47.4,0,51.9,43.9,0,0,1,50,49,5,0,0,0,0,0,0,0,38.2,12,190,1,35,35,16,34,16,35,34,34,34,-851583,8,4.863,0.015,13.586,37,0,16,0,0,35,1,1,0,0,0,1,0,0,0
20:48:55.325,957.4,30.1,319,185.6,41.6,0,51.9,43.9,0,0,1,50,49,5,0,0,0,0,0,0,0,34.4,12,190,1,35,35,16,34,16,35,34,34,34,-851583,8,4.863,0.015,13.572,38,0,16,0,0,35,1,1,0,0,0,1,0,0,0
20:48:55.425,960.7,23.5,325,72,15.3,0,51.9,43.9,0,0,1,49,48,5,0,0,0,0,0,0,0,12.4,12,190,1,35,35,16,34,16,35,34,34,34,-851583,8,4.863,0.015,13.552,38,0,16,0,0,35,1,1,0,0,0,1,0,0,0
20:48:55.525,939.6,25.2,326,46.1,9.4,0,51.9,43.9,0,0,1,49,48,5,0,0,0,0,0,0,0,8.3,12,190,1,35,35,16,34,16,35,34,33,34,-851583,8,4.863,0.015,13.552,38,0,16,0,0,35,1,1,0,0,0,1,0,0,0
20:48:55.625,968.6,29.6,322,146.8,30.9,0,51.9,43.9,0,0,1,50,48,6,0,0,0,0,0,0,0,25.6,12,190,1,35,35,16,34,16,35,34,34,34,-851583,8,4.863,0.015,13.552,38,0,16,0,0,35,1,1,0,0,0,1,0,0,0
20:48:55.725,1014.9,32.3,320,183.1,38.9,0,51.9,43.9,0,0,1,50,48,6,0,0,0,0,0,0,0,35.4,12,190,1,35,35,16,34,16,35,34,34,34,-851583,8,4.863,0.015,13.579,38,0,16,0,0,35,1,1,0,0,0,1,0,0,0
20:48:55.825,1100.7,34.4,318,212.3,46.1,0,51.9,43.9,0,0,1,50,49,5,0,0,0,0,0,0,0,41.8,12,190,1,35,35,16,34,16,35,34,34,34,-851583,8,4.863,0.015,13.559,38,0,16,0,0,35,1,1,0,0,0,1,0,0,0
20:48:55.925,1173.4,36.2,318,188.3,44.3,0,51.9,44,0,0,1,50,50,5,0,0,0,0,0,0,0,42.3,12,190,1,35,35,16,34,16,35,34,34,34,-851583,8,4.863,0.015,13.565,38,0,16,0,0,35,1,1,0,0,0,1,0,0,0
20:48:56.025,1220.8,35.1,318,174.6,41.3,0,51.9,44,0,0,1,49,47,5,0,0,0,0,0,0,0,37.6,12,190,1,35,35,16,34,16,35,34,34,34,-851583,8,4.863,0.015,13.538,38,0,16,0,0,35,1,1,0,0,0,1,0,0,0
20:48:56.125,1269.4,38.5,316,184.4,48.6,0,51.9,44,0,0,1,48,47,6,0,0,0,0,0,0,0,41.8,12,190,1,35,35,16,34,16,35,34,34,34,-851583,8,4.863,0.015,13.504,38,0,16,0,0,35,1,1,0,0,0,1,0,0,0
20:48:56.225,1328,41.2,313,239.8,58.9,0,51.9,44,0,0,1,49,48,6,0,0,0,0,0,0,0,57.2,12,190,1,35,35,16,34,16,35,34,34,34,-851583,8,4.863,0.015,13.497,38,0,16,0,0,35,1,1,0,0,0,1,0,0,0
20:48:56.325,1402.9,43.2,312,247.1,59.5,0,51.9,43.9,0,0,1,49,48,6,0,0,0,0,0,0,0,61.5,12,190,1,35,35,16,34,16,35,34,34,34,-851583,8,4.863,0.015,13.49,38,0,16,0,0,35,1,1,0,0,0,1,0,0,0
20:48:56.425,1443,43.7,312,216.9,59.8,0,51.9,44,0,0,1,49,48,6,0,0,0,0,0,0,0,60,12,190,1,35,35,16,34,16,35,34,34,34,-851583,8,4.863,0.015,13.442,38,0,16,0,0,35,1,1,0,0,0,1,0,0,0
20:48:56.525,1427.2,42.1,313,211.3,55.2,0,51.9,44,0,0,1,49,47,6,0,0,0,0,0,0,0,55.3,12,190,1,35,35,16,34,16,35,34,34,34,-851583,8,4.863,0.015,13.401,38,0,16,0,0,35,1,1,0,0,0,1,0,0,0
20:48:56.625,1462.1,44,311,219.3,63.9,0,51.9,43.9,0,0,1,49,49,7,0,0,0,0,0,0,0,57,12,190,1,35,35,16,34,16,35,34,34,34,-851583,8,4.863,0.015,13.353,38,0,16,0,0,35,1,1,0,0,0,1,0,0,0
20:48:56.725,1511.5,44.5,310,210.8,59.7,0,51.9,43.9,0,0,1,48,48,7,0,0,0,0,0,0,0,59.6,12,190,1,35,35,16,34,16,35,34,34,34,-851583,8,4.863,0.015,13.408,38,0,16,0,0,35,1,1,0,0,0,1,0,0,0
20:48:56.825,1561.2,45,314,176.5,48.7,0,51.9,44,0,0,1,50,49,7,0,0,0,0,0,0,0,50.2,12,190,1,35,35,16,34,16,35,34,34,34,-851583,8,4.863,0.015,13.408,38,0,16,0,0,35,1,1,0,0,0,1,0,0,0
20:48:56.925,1621.2,44.7,316,145.6,45.4,0,52,44,0,0,1,50,49,7,0,0,0,0,0,0,0,44.4,12,190,1,35,35,16,34,16,35,34,34,34,-851583,8,4.863,0.015,13.394,38,0,16,0,0,35,1,1,0,0,0,1,0,0,0
20:48:57.025,1670.1,46.4,313,157.2,50.7,0,52.4,44,0,0,1,49,49,7,0,0,0,0,0,0,0,49.1,12,190,1,35,35,16,34,16,35,34,34,34,-851583,8,4.863,0.015,13.394,38,0,16,0,0,35,1,1,0,0,0,1,0,0,0
20:48:57.125,1682.4,43.4,315,140.6,45.4,0,52.9,44,0,0,1,49,47,7,0,0,0,0,0,0,0,45.5,12,190,1,35,35,16,34,16,35,34,34,34,-851583,8,4.863,0.015,13.456,38,0,16,0,0,35,1,1,0,0,0,1,0,0,0
20:48:57.225,1661.5,32.9,327,17.1,8.4,0,52.9,44,0,0,1,49,49,7,0,0,0,0,0,0,0,5.2,12,190,1,35,35,16,35,16,35,34,34,34,-851583,8,4.863,0.015,13.388,38,0,16,0,0,35,1,1,0,0,0,1,0,0,0
20:48:57.325,1676.7,45.9,323,68.7,20.7,0,52.9,44,0,0,1,49,48,7,0,0,0,0,0,0,0,20.3,12,190,1,35,35,16,34,16,35,33,33,34,-851583,8,4.863,0.015,13.401,38,0,16,0,0,35,1,1,0,0,0,1,0,0,0
20:48:57.425,1750.1,51.6,311,200.4,59.5,0,52.9,44,0,0,1,50,49,7,0,0,0,0,0,0,0,63.4,12,190,1,35,35,16,35,16,35,34,34,34,-851583,8,4.863,0.015,13.394,38,0,16,0,0,35,1,1,0,0,0,1,0,0,0
20:48:57.525,1801.5,50.8,311,198.4,65,0,52.9,44,0,0,1,49,47,7,0,0,0,0,0,0,0,64.7,12,190,1,35,35,16,34,16,35,34,34,34,-851583,8,4.863,0.015,13.374,37,0,16,0,0,35,1,1,0,0,0,1,0,0,0
20:48:57.625,1822.7,49.7,312,168,55.6,0,52.9,44,0,0,1,50,48,7,0,0,0,0,0,0,0,54.7,12,190,1,35,35,16,34,16,35,34,34,34,-851583,8,4.863,0.015,13.394,38,0,16,0,0,35,1,1,0,0,0,1,0,0,0
20:48:57.725,1833.2,49.4,313,149.6,49.7,0,52.9,44,0,0,1,50,49,7,0,0,0,0,0,0,0,51.9,12,190,1,35,35,16,34,16,35,34,34,34,-851583,8,4.863,0.015,13.422,38,0,16,0,0,35,1,1,0,0,0,1,0,0,0
20:48:57.825,1841.5,38,322,51.1,20.6,0,52.9,44,0,0,1,50,48,7,0,0,0,0,0,0,0,17.2,12,190,1,35,35,16,34,16,35,34,34,34,-851583,8,4.863,0.015,13.415,38,0,16,0,0,35,1,1,0,0,0,1,0,0,0
20:48:57.925,1800.9,37.2,327,9,3.1,0,52.9,44,0,0,1,49,47,7,0,0,0,0,0,0,0,2.7,12,190,1,35,35,16,34,16,35,34,34,34,-851583,8,4.863,0.015,13.401,38,0,16,0,0,35,1,1,0,0,0,1,0,0,0
20:48:58.025,1893.7,53.7,320,104.6,31.2,0,52.9,44,0,0,1,50,47,7,0,0,0,0,0,0,0,37.8,12,190,1,35,35,16,34,16,35,34,34,34,-851583,8,4.863,0.015,13.408,37,0,16,0,0,35,1,1,0,0,0,1,0,0,0
20:48:58.125,1908.6,54.5,309,203.6,64.6,0,52.9,44,0,0,1,52,47,7,0,0,0,0,0,0,0,67.7,12,190,1,35,35,16,34,16,35,34,34,34,-851583,8,4.863,0.015,13.394,38,0,16,0,0,35,1,1,0,0,0,1,0,0,0
20:48:58.225,1932.1,47.4,315,124.5,45.2,0,52.9,44,0,0,1,52,48,7,0,0,0,0,0,0,0,44,12,190,1,35,35,16,34,16,35,34,34,34,-851583,8,4.863,0.015,13.401,38,0,16,0,0,35,1,1,0,0,0,1,0,0,0
20:48:58.325,1937.7,41.1,323,48.4,19.6,0,52.9,44,0,0,1,51,47,7,0,0,0,0,0,0,0,16.9,12,190,1,35,35,16,34,16,35,34,33,34,-851583,8,4.863,0.015,13.394,37,0,16,0,0,35,1,1,0,0,0,1,0,0,0
20:48:58.425,1880.6,40.8,327,15.3,6.1,0,52.9,44,0,0,1,51,49,7,0,0,0,0,0,0,0,4.1,12,190,1,35,35,16,34,16,35,34,33,34,-851583,8,4.863,0.015,13.36,38,0,16,0,0,35,1,1,0,0,0,1,0,0,0
20:48:58.525,1892,47.1,323,48.3,15.6,0,52.9,44,0,0,1,52,50,7,0,0,0,0,0,0,0,15.2,12,190,1,35,35,16,34,16,35,34,34,34,-851583,8,4.863,0.015,13.34,38,0,16,0,0,35,1,1,0,0,0,1,0,0,0
20:48:58.625,1944.5,54.1,315,136.5,44.1,0,52.9,44,0,0,1,51,49,7,0,0,0,0,0,0,0,47.8,12,190,1,35,35,16,34,16,35,34,34,34,-851583,8,4.863,0.015,13.347,38,0,16,0,0,35,1,1,0,0,0,1,0,0,0
20:48:58.725,1956.4,36.3,331,0,0,0,52.9,44.2,0,0,1,50,49,7,0,0,0,0,0,0,0,0.5,12,190,1,35,35,16,34,16,35,34,34,34,-851583,8,4.863,0.015,13.367,37,0,16,0,0,35,1,1,0,0,0,1,0,0,0
20:48:58.825,1904.9,36.1,329,0,0,0,52.9,44.7,0,0,1,50,49,7,0,0,0,0,0,0,0,0,12,190,1,35,35,16,34,16,35,34,34,34,-851583,8,4.863,0.015,13.429,38,0,16,0,0,35,1,1,0,0,0,1,0,0,0
20:48:58.925,1794.7,33.7,330,0,0,0,52.9,44.7,0,0,1,51,50,7,0,0,0,0,0,0,0,0,12,190,1,35,35,16,34,16,35,34,34,34,-851583,8,4.863,0.015,13.435,38,0,16,0,0,35,1,1,0,0,0,1,0,0,0
20:48:59.025,1770,33.7,329,0,0,0,52.9,44.8,0,0,1,50,48,7,0,0,0,0,0,0,0,0,12,190,1,35,35,16,34,16,35,34,34,34,-851583,8,4.863,0.015,13.394,38,0,16,0,0,35,1,1,0,0,0,1,0,0,0
20:48:59.125,1708.9,31.9,330,0,0,0,52.9,44.7,0,0,1,50,48,7,0,0,0,0,0,0,0,0,12,190,1,35,35,16,34,16,35,34,34,34,-851583,8,4.863,0.015,13.456,38,0,16,0,0,35,1,1,0,0,0,1,0,0,0
20:48:59.225,1629.4,32.6,330,4.7,0.3,0,52.9,44,0,0,1,49,48,7,0,0,0,0,0,0,0,1.1,12,190,1,35,35,16,34,16,35,34,34,34,-851583,8,4.863,0.015,13.415,38,0,16,0,0,35,1,1,0,0,0,1,0,0,0
20:48:59.325,1556.2,33.4,328,10.1,1.8,0,52.9,44,0,0,1,50,47,7,0,0,0,0,0,0,0,2.2,12,190,1,35,35,16,34,16,35,34,34,34,-851583,8,4.863,0.015,13.381,38,0,16,0,0,35,1,1,0,0,0,1,0,0,0
20:48:59.425,1590.4,48.1,318,125.4,36.6,0,52.9,44.1,0,0,1,50,48,7,0,0,0,0,0,0,0,38.8,12,190,1,35,35,16,34,16,35,34,34,34,-851583,8,4.863,0.015,13.429,38,0,16,0,0,35,1,1,0,0,0,1,0,0,0
20:48:59.525,1650.1,45.9,314,171.1,50.6,0,52.9,44,0,0,1,49,48,7,0,0,0,0,0,0,0,47.6,12,190,1,35,35,16,34,16,35,34,34,34,-851583,8,4.863,0.015,13.381,38,0,16,0,0,35,1,1,0,0,0,1,0,0,0
20:48:59.625,1670.1,47.5,313,176.6,55.9,0,52.9,44.1,0,0,1,50,48,8,0,0,0,0,0,0,0,53.4,12,190,1,35,35,16,34,16,35,34,34,34,-851583,8,4.863,0.015,13.429,38,0,16,0,0,35,1,1,0,0,0,1,0,0,0
20:48:59.725,1698,47.1,312,176,52.6,0,52.9,44.1,0,0,1,51,48,7,0,0,0,0,0,0,0,52.9,12,190,1,35,35,16,34,16,35,34,34,34,-851583,8,4.863,0.015,13.374,38,0,16,0,0,35,1,1,0,0,0,1,0,0,0
20:48:59.825,1667.5,36.5,321,74.4,27.4,0,52.9,44,0,0,1,50,48,8,0,0,0,0,0,0,0,23.2,12,190,1,35,35,16,34,16,35,34,34,34,-851583,8,4.863,0.015,13.429,38,0,16,0,0,35,1,1,0,0,0,1,0,0,0
20:48:59.925,1667,40.7,322,70.8,22.9,0,52.9,44,0,0,1,51,48,7,0,0,0,0,0,0,0,20.9,12,190,1,35,35,16,34,16,35,34,34,34,-851583,8,4.863,0.015,13.415,38,0,16,0,0,35,1,1,0,0,0,1,0,0,0
20:49:00.025,1663.4,39.9,325,51.3,17.3,0,52.9,44,0,0,1,49,48,7,0,0,0,0,0,0,0,15.8,12,190,1,35,35,16,34,16,35,34,34,34,-851583,8,4.863,0.015,13.422,38,0,16,0,0,35,1,1,0,0,0,1,0,0,0
20:49:00.125,1648.3,39.6,323,60.7,18.9,0,52.9,44,0,0,1,49,49,7,0,0,0,0,0,0,0,18.1,12,190,1,35,35,16,16,16,35,34,34,34,-851583,8,4.863,0.015,13.381,38,0,16,0,0,35,1,1,0,0,0,1,0,0,0
20:49:00.225,1633.2,39.4,323,57.2,17.6,0,52.9,44,0,0,1,49,48,7,0,0,0,0,0,0,0,16,12,190,1,35,35,16,34,16,35,34,34,34,-851583,8,4.863,0.015,13.408,38,0,16,0,0,35,1,1,0,0,0,1,0,0,0
20:49:00.325,1629,39.8,323,64.4,20.8,0,52.9,44,0,0,1,51,48,7,0,0,0,0,0,0,0,18.1,12,190,1,35,35,16,34,16,35,34,34,34,-851583,8,4.863,0.015,13.36,38,0,16,0,0,35,1,1,0,0,0,1,0,0,0
20:49:00.425,1642.2,42.5,321,83.1,23.4,0,52.9,44,0,0,1,50,49,7,0,0,0,0,0,0,0,24.1,12,190,1,35,35,16,34,16,35,34,34,34,-851583,8,4.863,0.015,13.36,38,0,16,0,0,35,1,1,0,0,0,1,0,0,0
20:49:00.525,1675.7,42.7,319,95.9,29.3,0,52.9,44,0,0,1,50,47,7,0,0,0,0,0,0,0,28.5,12,190,1,35,35,16,34,16,35,34,34,34,-851583,8,4.863,0.015,13.36,38,0,16,0,0,35,1,1,0,0,0,1,0,0,0
20:49:00.625,1668,41.5,320,85.7,27.7,0,52.9,44,0,0,1,50,48,7,0,0,0,0,0,0,0,26.4,12,190,1,35,35,16,34,16,35,34,34,34,-851583,8,4.863,0.015,13.408,38,0,16,0,0,35,1,1,0,0,0,1,0,0,0
20:49:00.725,1641.6,36.1,324,45,15.7,0,52.9,44,0,0,1,49,47,7,0,0,0,0,0,0,0,13.1,12,190,1,35,35,16,34,16,35,34,34,34,-851583,8,4.863,0.015,13.401,38,0,16,0,0,35,1,1,0,0,0,1,0,0,0
20:49:00.825,1619.2,35.7,328,12,2.9,0,52.9,44,0,0,1,48,48,7,0,0,0,0,0,0,0,2.8,12,190,1,35,35,16,34,16,35,34,34,34,-851583,8,4.863,0.015,13.456,38,0,16,0,0,35,1,1,0,0,0,1,0,0,0
20:49:00.925,1640.6,43.1,321,92.2,27.2,0,52.9,44,0,0,1,48,48,7,0,0,0,0,0,0,0,26.6,12,190,1,35,35,16,35,16,35,34,34,34,-851583,8,4.863,0.015,13.504,38,0,16,0,0,35,1,1,0,0,0,1,0,0,0
20:49:01.025,1659.6,41,321,76.7,24.6,0,52.9,44,0,0,1,50,48,7,0,0,0,0,0,0,0,21.7,12,190,1,35,35,16,34,16,35,34,34,34,-851583,8,4.863,0.015,13.531,38,0,16,0,0,35,1,1,0,0,0,1,0,0,0
20:49:01.125,1666.6,41.1,321,80.8,26.5,0,52.8,44,0,0,1,49,48,6,0,0,0,0,0,0,0,23.8,12,190,1,35,35,16,34,16,35,34,34,34,-851583,8,4.863,0.015,13.552,38,0,16,0,0,35,1,1,0,0,0,1,0,0,0
20:49:01.225,1588.4,28.4,331,0,0,0,52.2,44.5,0,0,1,50,49,6,0,0,0,0,0,0,0,0,12,190,1,35,35,16,34,16,35,34,34,34,-851583,8,4.863,0.015,13.552,38,0,16,0,0,35,1,1,0,0,0,1,0,0,0
20:49:01.325,1413.6,23.2,330,0,0,0,52,44.9,0,0,1,50,49,6,0,0,0,0,0,0,0,0,12,190,1,35,35,16,34,16,35,34,34,34,-851583,8,4.863,0.015,13.586,38,0,16,0,0,35,1,1,0,0,0,1,0,0,0
20:49:01.425,894.4,10.7,330,0,0,0,52,44.9,0,0,1,49,48,6,0,0,0,0,0,0,0,0,12,190,1,35,35,16,34,16,35,34,34,34,-851583,8,4.863,0.015,13.572,37,0,16,0,0,35,1,1,0,0,0,1,0,0,0
20:49:01.525,629.9,12.1,331,0,0,0,52,44.9,0,0,1,50,48,6,0,0,0,0,0,0,0,0,12,190,1,35,35,16,34,16,35,34,34,34,-851583,8,4.863,0.015,13.572,38,0,16,0,0,35,1,1,0,0,0,1,0,0,0
20:49:01.625,826.1,19.5,329,-1.1,0,0,52,44,0,0,1,49,48,6,0,0,0,0,0,0,0,-0.3,12,190,1,35,35,16,34,16,35,34,34,34,-851583,8,4.863,0.015,13.552,38,0,16,0,0,35,1,1,0,0,0,1,0,0,0
20:49:01.725,1066.6,29.5,326,51.5,10.7,0,52,44,0,0,1,50,49,6,0,0,0,0,0,0,0,9.8,12,190,1,35,35,16,34,16,35,34,34,34,-851583,8,4.863,0.015,13.559,38,0,16,0,0,35,1,1,0,0,0,1,0,0,0
20:49:01.825,1044.2,26.4,328,30.5,6.3,0,52,44,0,0,1,50,49,6,0,0,0,0,0,0,0,5.6,12,190,1,35,35,16,34,16,35,34,34,34,-851583,8,4.863,0.015,13.62,38,0,16,0,0,35,1,1,0,0,0,1,0,0,0
20:49:01.925,1052,26.8,327,33,7.4,0,52,44,0,0,1,51,49,5,0,0,0,0,0,0,0,6.3,12,190,1,35,35,16,34,16,35,34,34,34,-851583,8,4.863,0.015,13.641,38,0,16,0,0,35,1,1,0,0,0,1,0,0,0
20:49:02.025,1048.8,26.9,329,24.4,5.1,0,52,44,0,0,1,52,48,5,0,0,0,0,0,0,0,4.6,12,190,1,35,35,16,34,16,35,34,33,34,-851583,8,4.863,0.015,13.682,38,0,16,0,0,35,1,1,0,0,0,1,0,0,0
20:49:02.125,1055,27.1,326,36.1,7.3,0,52,44,0,0,1,51,49,4,0,0,0,0,0,0,0,6.9,12,190,1,35,35,16,34,16,35,34,34,34,-851583,8,4.863,0.015,13.668,38,0,16,0,0,35,1,1,0,0,0,1,0,0,0
20:49:02.225,1118.2,28.8,327,29.8,7,0,52,44,0,0,1,51,49,4,0,0,0,0,0,0,0,6.1,12,190,1,35,35,16,34,16,35,34,34,34,-851583,8,4.863,0.015,13.675,38,0,16,0,0,35,1,1,0,0,0,1,0,0,0
20:49:02.325,1179.1,31.1,326,53.7,13.6,0,52,44,0,0,1,51,49,4,0,0,0,0,0,0,0,10.9,12,190,1,35,35,16,34,16,35,34,34,34,-851583,8,4.863,0.015,13.675,38,0,16,0,0,35,1,1,0,0,0,1,0,0,0
20:49:02.425,1100.3,27.2,325,53.3,12.1,0,52,44,0,0,1,51,48,4,0,0,0,0,0,0,0,10,12,190,1,35,35,16,34,16,35,34,34,34,-851583,8,4.863,0.015,13.675,38,0,16,0,0,35,1,1,0,0,0,1,0,0,0
20:49:02.525,1101.9,29.4,326,50.8,12.1,0,52,44.1,0,0,1,51,49,4,0,0,0,0,0,0,0,10.5,12,190,1,35,35,16,34,16,35,34,34,34,-851583,8,4.863,0.015,13.695,38,0,16,0,0,35,1,1,0,0,0,1,0,0,0
20:49:02.625,1111.6,28.9,326,53.1,12.1,0,52,44,0,0,1,51,48,4,0,0,0,0,0,0,0,11.4,12,190,1,35,35,16,34,16,35,34,34,34,-851583,8,4.863,0.015,13.661,37,0,16,0,0,35,1,1,0,0,0,1,0,0,0
20:49:02.725,1109.9,28.9,327,50.4,10.6,0,52,44.1,0,0,1,50,49,4,0,0,0,0,0,0,0,10.2,12,190,1,35,35,16,34,16,35,34,34,34,-851583,8,4.863,0.015,13.634,38,0,16,0,0,35,1,1,0,0,0,1,0,0,0
20:49:02.825,1104.8,28.7,325,44,10,0,52,44.1,0,0,1,50,48,4,0,0,0,0,0,0,0,8.7,12,190,1,35,35,16,34,16,35,34,34,34,-851583,8,4.863,0.015,13.661,38,0,16,0,0,35,1,1,0,0,0,1,0,0,0
20:49:02.925,1171,32.8,323,101.5,23.1,0,52,44.2,0,0,1,51,49,4,0,0,0,0,0,0,0,21.9,12,190,1,35,35,16,34,16,35,34,34,34,-851583,8,4.863,0.015,13.647,38,0,16,0,0,35,1,1,0,0,0,1,0,0,0
20:49:03.025,1198.6,34,320,145.7,34.2,0,52,44.3,0,0,1,50,49,4,0,0,0,0,0,0,0,31.1,12,190,1,35,35,16,34,16,35,34,34,34,-851583,8,4.863,0.015,13.641,38,0,16,0,0,35,1,1,0,0,0,1,0,0,0
20:49:03.125,1219.8,36.5,317,198.1,47.6,0,52,44.2,0,0,1,49,48,4,0,0,0,0,0,0,0,44,12,190,1,35,35,16,34,16,35,34,34,34,-851583,8,4.863,0.015,13.634,38,0,16,0,0,35,1,1,0,0,0,1,0,0,0
20:49:03.225,1289.3,40.2,313,226.7,56.3,0,52,44.4,0,0,1,50,48,4,0,0,0,0,0,0,0,53.2,12,190,1,35,35,16,35,16,35,34,34,34,-851583,8,4.863,0.015,13.62,38,0,16,0,0,35,1,1,0,0,0,1,0,0,0
20:49:03.325,1409.8,43.7,313,243.6,59.6,0,52,44.2,0,0,1,50,49,4,0,0,0,0,0,0,0,62.1,12,190,1,35,35,16,34,16,35,34,34,34,-851583,8,4.863,0.015,13.627,38,0,16,0,0,35,1,1,0,0,0,1,0,0,0
20:49:03.425,1539.7,50,310,255.8,67.9,0,52,44.3,0,0,1,50,48,4,0,0,0,0,0,0,0,67.9,12,190,1,35,35,16,35,16,35,34,34,34,-851583,8,4.863,0.015,13.62,38,0,16,0,0,35,1,1,0,0,0,1,0,0,0
20:49:03.525,1780.6,59.4,302,312.6,74.4,0,52,44.3,0,0,1,50,48,4,0,0,0,0,0,0,0,94.6,12,190,1,35,35,16,34,16,35,34,34,34,-851583,8,4.863,0.015,13.634,38,0,16,0,0,35,1,1,0,0,0,1,0,0,0
20:49:03.625,1892.7,59.1,303,296.1,88.8,0,52,44.4,0,0,1,50,48,4,0,0,0,0,0,0,0,90.5,12,190,1,35,35,16,34,16,35,34,34,34,-851583,8,4.863,0.015,13.613,38,0,16,0,0,35,1,1,0,0,0,1,0,0,0
20:49:03.725,1886.1,60,304,278.7,79.3,0,52,44.3,0,0,1,49,47,4,0,0,0,0,0,0,0,88.2,12,190,1,35,35,16,34,16,35,34,34,34,-851583,8,4.863,0.015,13.634,38,0,16,0,0,35,1,1,0,0,0,1,0,0,0
20:49:03.825,2039,65.8,294,346,101.7,0,52,44.3,0,0,1,50,48,4,0,0,0,0,0,0,0,108.5,12,190,1,35,35,16,34,16,35,34,34,34,-851583,8,4.863,0.015,13.647,38,0,16,0,0,35,1,1,0,0,0,1,0,0,0
20:49:03.925,1983.1,59.6,298,325,90.3,0,52,44.3,0,0,1,49,48,4,0,0,0,0,0,0,0,100.2,12,190,1,35,35,16,34,16,35,34,34,34,-851583,8,4.863,0.015,13.627,38,0,16,0,0,35,1,1,0,0,0,1,0,0,0
20:49:04.025,1895.5,58.4,297,307.7,93.1,0,52,44.4,0,0,1,50,48,4,0,0,0,0,0,0,0,95.9,12,190,1,35,35,16,34,16,35,34,34,34,-851583,8,4.863,0.015,13.613,37,0,16,0,0,35,1,1,0,0,0,1,0,0,0
20:49:04.125,1783.5,52.8,299,314.7,79.5,0,52.3,44.3,0,0,1,50,48,4,0,0,0,0,0,0,0,88.6,12,190,1,35,35,16,34,16,35,34,34,34,-851583,8,4.863,0.015,13.654,38,0,16,0,0,35,1,1,0,0,0,1,0,0,0
20:49:04.225,1653.7,52.3,304,296,85.5,0,52.9,44.5,0,0,1,49,48,4,0,0,0,0,0,0,0,79.2,11,190,1,35,35,16,34,16,35,34,34,34,-851583,8,4.863,0.015,13.62,38,0,16,0,0,35,1,1,0,0,0,1,0,0,0
20:49:04.325,1732.2,57,300,322.8,82,0,52.9,44.5,0,0,1,50,48,4,0,0,0,0,0,0,0,88.4,11,190,1,35,35,16,34,16,35,34,34,34,-851583,8,4.863,0.015,13.668,38,0,16,0,0,35,1,1,0,0,0,1,0,0,0
20:49:04.425,1854.5,60.4,301,324.9,83.8,0,52.9,44.4,0,0,1,51,49,4,0,0,0,0,0,0,0,98.9,11,190,1,35,35,16,34,16,35,34,34,34,-851583,8,4.863,0.015,13.661,38,0,16,0,0,35,1,1,0,0,0,1,0,0,0
20:49:04.525,1950.9,62.8,298,316.1,89.1,0,52.9,44.6,0,0,1,49,48,4,0,0,0,0,0,0,0,98,11,190,1,35,35,16,34,16,35,34,34,34,-851583,8,4.863,0.015,13.661,38,0,16,0,0,35,1,1,0,0,0,1,0,0,0
20:49:04.625,1930.6,57.4,302,233.7,81.3,0,52.9,44.6,0,0,1,50,49,4,0,0,0,0,0,0,0,86.3,11,190,1,35,35,16,34,16,35,34,34,34,-851583,8,4.863,0.015,13.641,38,0,16,0,0,35,1,1,0,0,0,1,0,0,0
20:49:04.725,1941.5,58.4,301,266,77.6,0,52.9,44.6,0,0,1,50,48,4,0,0,0,0,0,0,0,89.1,11,190,1,35,35,16,34,16,35,34,34,34,-851583,8,4.863,0.015,13.641,38,0,16,0,0,35,1,1,0,0,0,1,0,0,0
20:49:04.825,1961.8,57.1,306,219.1,71,0,52.9,44.6,0,0,1,49,47,4,0,0,0,0,0,0,0,79.7,11,190,1,35,35,16,34,16,35,34,34,34,-851583,8,4.863,0.015,13.654,38,0,16,0,0,35,1,1,0,0,0,1,0,0,0
20:49:04.925,1988,45.3,314,100.7,42.5,0,52.9,44.9,0,0,1,50,48,4,0,0,0,0,0,0,0,42.9,11,190,1,35,35,16,34,16,35,34,34,34,-851583,8,4.863,0.015,13.641,38,0,16,0,0,35,1,1,0,0,0,1,0,0,0
20:49:05.025,1996.8,50.5,317,94.3,34,0,53.9,44.9,0,0,1,50,48,4,0,0,0,0,0,0,0,35,11,190,1,35,35,16,34,16,35,34,34,34,-851583,8,4.863,0.015,13.634,38,0,16,0,0,35,1,1,0,0,0,1,0,0,0
20:49:05.125,2041.8,56.8,308,172,60.7,0,53.9,44.9,0,0,1,49,48,4,0,0,0,0,0,0,0,62.3,11,190,1,35,35,16,34,16,35,34,34,35,-851583,8,4.863,0.015,13.627,38,0,16,0,0,35,1,1,0,0,0,1,0,0,0
20:49:05.225,2053.5,43.5,319,72.5,32.4,0,53.9,44.9,0,0,1,49,48,4,0,0,0,0,0,0,0,30.5,11,190,1,35,35,16,34,16,35,34,34,34,-851583,8,4.863,0.015,13.627,38,0,16,0,0,35,1,1,0,0,0,1,0,0,0
20:49:05.325,2033.1,40.2,325,11,4.2,0,53.9,44.9,0,0,1,50,48,4,0,0,0,0,0,0,0,4.7,12,190,1,35,35,16,34,16,35,34,34,34,-851583,8,4.863,0.015,13.613,38,0,16,0,0,35,1,1,0,0,0,1,0,0,0
20:49:05.425,2022.8,39.9,327,4.9,0.7,0,53.9,44.9,0,0,1,49,49,5,0,0,0,0,0,0,0,1,12,190,1,35,35,16,34,16,35,34,34,35,-851583,8,4.863,0.015,13.606,38,0,16,0,0,35,1,1,0,0,0,1,0,0,0
20:49:05.525,2024.4,41.1,327,9,3,0,53.9,44.9,0,0,1,49,48,5,0,0,0,0,0,0,0,2.2,12,190,1,35,35,16,34,16,35,34,34,35,-851583,8,4.863,0.015,13.606,38,0,16,0,0,35,1,1,0,0,0,1,0,0,0
20:49:05.625,2015.6,42.4,327,12,3.4,0,53.9,44.9,0,0,1,49,48,5,0,0,0,0,0,0,0,3.2,12,190,1,35,35,16,34,16,35,35,34,35,-851583,8,4.863,0.015,13.593,38,0,16,0,0,35,1,1,0,0,0,1,0,0,0
20:49:05.725,1995.1,32.1,329,-0.4,0,0,53.9,44.9,0,0,1,49,48,5,0,0,0,0,0,0,0,-0.5,12,190,1,35,35,16,34,16,35,34,33,35,-851583,8,4.863,0.015,13.606,38,0,16,0,0,35,1,1,0,0,0,1,0,0,0
20:49:05.825,1980.6,37.9,330,0,0,0,53.9,45,0,0,1,54,48,5,0,0,0,0,0,0,0,0,12,190,1,35,35,16,34,16,35,34,34,35,-851583,8,4.863,0.015,13.613,38,0,16,0,0,35,1,1,0,0,0,1,0,0,0
20:49:05.925,1926.6,36.7,329,0,0,0,53.9,45,0,0,1,52,48,5,0,0,0,0,0,0,0,0,12,190,1,35,35,16,34,16,35,34,33,35,-851583,8,4.863,0.015,13.559,37,0,16,0,0,35,1,1,0,0,0,1,0,0,0
20:49:06.025,1853.6,34.9,329,0,0,0,53.9,45,0,0,1,52,49,5,0,0,0,0,0,0,0,0,12,190,1,35,35,16,34,16,35,34,34,35,-851583,8,4.863,0.015,13.572,38,0,16,0,0,35,1,1,0,0,0,1,0,0,0
20:49:06.125,1789.4,33.6,330,0,0,0,53.7,45,0,0,1,52,50,5,0,0,0,0,0,0,0,0,12,190,1,35,35,16,16,16,35,34,34,35,-851583,8,4.863,0.015,13.579,38,0,16,0,0,35,1,1,0,0,0,1,0,0,0
20:49:06.225,1730,32.5,330,0,0,0,53,45,0,0,1,51,49,5,0,0,0,0,0,0,0,0,12,190,1,35,35,16,34,16,35,34,34,35,-851583,8,4.863,0.015,13.62,38,0,16,0,0,35,1,1,0,0,0,1,0,0,0
20:49:06.325,1685.7,31.5,330,0,0,0,53,45.1,0,0,1,51,49,5,0,0,0,0,0,0,0,0,12,190,1,35,35,16,34,16,35,34,34,35,-851583,8,4.863,0,13.6,38,0,16,0,0,35,1,1,0,0,0,1,0,0,0
20:49:06.425,1649.8,31,329,0,0,0,53,45.1,0,0,1,50,49,5,0,0,0,0,0,0,0,0,12,190,1,35,35,16,34,16,35,34,34,35,-851583,8,4.863,0,13.559,38,0,16,0,0,3,1,1,0,0,0,0,0,0,0
20:49:06.525,1620.4,30.2,330,0,0,0,53,45,0,0,1,51,49,5,0,0,0,0,0,0,0,0,12,190,1,35,35,16,34,16,35,34,34,35,-851583,8,4.863,0.015,13.586,38,0,16,0,0,3,1,1,0,0,0,0,0,0,0
20:49:06.625,1590.3,29.7,330,0,0,0,53,45.2,0,0,1,51,50,5,0,0,0,0,0,0,0,0,12,190,1,35,35,16,34,16,35,34,34,35,-851583,8,4.863,0.015,13.572,38,0,16,0,0,3,1,1,0,0,0,0,0,0,0
20:49:06.725,1564.9,29.6,330,0,0,0,53,45.1,0,0,1,51,49,5,0,0,0,0,0,0,0,0,12,190,1,35,35,16,35,16,35,34,34,35,-851583,8,4.863,0.015,13.579,37,0,16,0,0,3,1,1,0,0,0,0,0,0,0
20:49:06.825,1538.3,29.2,329,0,0,0,53,45.1,0,0,1,50,47,5,0,0,0,0,0,0,0,0,12,190,1,35,35,16,34,16,35,34,34,35,-851583,8,4.863,0.015,13.572,37,0,16,0,0,3,1,1,0,0,0,0,0,0,0
20:49:06.925,1514.1,28.7,331,0,0,0,53,45.2,0,0,1,50,49,5,0,0,0,0,0,0,0,0,12,190,1,35,35,16,35,16,35,34,34,35,-851583,8,4.863,0.015,13.538,38,0,16,0,0,3,1,1,0,0,0,0,0,0,0
20:49:07.025,1497.6,28.3,329,0,0,0,53,45.1,0,0,1,50,48,5,0,0,0,0,0,0,0,0,12,190,1,35,35,16,35,16,35,34,34,35,-851583,8,4.863,0.015,13.524,37,0,16,0,0,3,1,1,0,0,0,0,0,0,0
20:49:07.125,1479.1,27.8,328,0,0,0,53,45.4,0,0,1,50,48,5,0,0,0,0,0,0,0,0,12,190,1,35,35,16,34,16,35,34,34,35,-851583,8,4.863,0.015,13.531,38,0,16,0,0,3,1,1,0,0,0,0,0,0,0
20:49:07.225,1468,27.4,331,0,0,0,53,45.2,0,0,1,49,48,5,0,0,0,0,0,0,0,0,12,190,1,35,35,16,34,16,35,34,34,35,-851583,8,4.863,0.015,13.545,38,0,16,0,0,3,1,1,0,0,0,0,0,0,0
20:49:07.325,1435.4,26.9,330,0,0,0,53,45.2,0,0,1,50,49,5,0,0,0,0,0,0,0,0,12,190,1,35,35,16,34,16,35,34,34,35,-851583,8,4.863,0.015,13.545,38,0,16,0,0,3,1,1,0,0,0,0,0,0,0
20:49:07.425,1397.7,27.3,330,0,0,0,53,45.3,0,0,1,50,49,5,0,0,0,0,0,0,0,0,12,190,1,35,35,16,34,16,35,34,34,35,-851583,8,4.863,0.015,13.552,38,0,16,0,0,3,1,1,0,0,0,0,0,0,0
20:49:07.525,1378.9,28.9,328,6.8,0.9,0,53,45,0,0,1,50,48,5,0,0,0,0,0,0,0,1.3,12,190,1,35,35,16,34,16,35,34,34,35,-851583,8,4.863,0.015,13.456,38,0,16,0,0,3,1,1,0,0,0,0,0,0,0
20:49:07.625,1372.8,33.6,326,24.9,6.8,0,53,45,0,0,1,50,48,5,0,0,0,0,0,0,0,6.4,12,190,1,35,35,16,34,16,35,34,34,35,-851583,8,4.863,0.015,13.477,37,0,16,0,0,3,1,1,0,0,0,0,0,0,0
20:49:07.725,1398.1,36.6,322,86.2,19.8,0,53,45,0,0,1,50,48,5,0,0,0,0,0,0,0,20,12,190,1,35,35,16,35,16,35,34,34,35,-851583,8,4.863,0.015,13.497,38,0,16,0,0,3,1,1,0,0,0,0,0,0,0
20:49:07.825,1395,37.1,320,118.9,32.7,0,53,45,0,0,1,50,48,5,0,0,0,0,0,0,0,29.4,12,190,1,35,35,16,34,16,35,34,34,35,-851583,8,4.863,0.015,13.538,38,0,16,0,0,3,1,1,0,0,0,0,0,0,0
20:49:07.925,1434,41,318,143.6,41.3,0,53,45,0,0,1,50,49,5,0,0,0,0,0,0,0,38.4,12,190,1,35,35,16,34,16,35,34,34,35,-851583,8,4.863,0.015,13.545,38,0,16,0,0,3,1,1,0,0,0,0,0,0,0
20:49:08.025,1491.8,40.9,317,148.1,43.4,0,53,45,0,0,1,49,48,5,0,0,0,0,0,0,0,42,12,190,1,35,35,16,34,16,35,34,34,35,-851583,8,4.863,0.015,13.518,38,0,16,0,0,3,1,1,0,0,0,0,0,0,0
20:49:08.125,1527.1,41.8,316,145.5,41.9,0,53,45,0,0,1,50,48,5,0,0,0,0,0,0,0,41.4,12,190,1,35,35,16,34,16,35,34,34,35,-851583,8,4.863,0.015,13.518,38,0,16,0,0,3,1,1,0,0,0,0,0,0,0
20:49:08.225,1560.3,42.1,315,149.5,45.4,0,53,45,0,0,1,49,48,5,0,0,0,0,0,0,0,42,12,190,1,35,35,16,34,16,35,34,34,35,-851583,8,4.863,0.015,13.531,38,0,16,0,0,3,1,1,0,0,0,0,0,0,0
20:49:08.325,1562.3,42.6,317,143.3,41.3,0,53,45,0,0,1,49,48,5,0,0,0,0,0,0,0,39.9,12,190,1,35,35,16,34,16,35,34,34,35,-851583,8,4.863,0.015,13.49,38,0,16,0,0,3,1,1,0,0,0,0,0,0,0
20:49:08.425,1605.9,44.6,315,160,45.9,0,53,45,0,0,1,49,48,5,0,0,0,0,0,0,0,47.2,12,190,1,35,35,16,34,16,35,34,34,35,-851583,8,4.863,0.015,13.456,38,0,16,0,0,3,1,1,0,0,0,0,0,0,0
20:49:08.525,1640.8,45.1,315,159.5,47.2,0,53,44.9,0,0,1,50,48,6,0,0,0,0,0,0,0,49.3,12,190,1,35,35,16,34,16,35,34,34,35,-851583,8,4.863,0.015,13.374,38,0,16,0,0,3,1,1,0,0,0,0,0,0,0
20:49:08.625,1687.4,47.3,312,170.5,53.1,0,53,44.9,0,0,1,50,48,6,0,0,0,0,0,0,0,53.6,12,190,1,35,35,16,34,16,35,34,33,35,-851583,8,4.863,0.015,13.34,38,0,16,0,0,3,1,1,0,0,0,0,0,0,0
20:49:08.725,1734,48.6,315,164.4,55.3,0,52.9,44.9,0,0,1,49,48,7,0,0,0,0,0,0,0,50,12,190,1,35,35,16,34,16,35,34,34,35,-851583,8,4.863,0.015,13.381,38,0,16,0,0,3,1,1,0,0,0,0,0,0,0
20:49:08.825,1763.9,47.5,314,144,47.4,0,52.9,45,0,0,1,48,48,7,0,0,0,0,0,0,0,47.6,12,190,1,35,35,16,35,16,35,34,34,35,-851583,8,4.863,0.015,13.326,38,0,16,0,0,3,1,1,0,0,0,0,0,0,0
20:49:08.925,1791.3,48.7,316,135.1,45.3,0,52.9,45,0,0,1,49,48,7,0,0,0,0,0,0,0,42.9,12,190,1,35,35,16,34,16,35,34,34,35,-851583,8,4.863,0.015,13.394,38,0,16,0,0,3,1,1,0,0,0,0,0,0,0
20:49:09.025,1845.4,51.1,314,139.7,47.6,0,52.9,45,0,0,1,49,48,7,0,0,0,0,0,0,0,51.9,12,190,1,35,35,16,34,16,35,34,34,35,-851583,8,4.863,0.015,13.374,38,0,16,0,0,3,1,1,0,0,0,0,0,0,0
20:49:09.125,1882.9,50.4,312,156,56.1,0,52.9,45,0,0,1,50,49,7,0,0,0,0,0,0,0,53.2,12,190,1,35,35,16,34,16,35,34,34,35,-851583,8,4.863,0.015,13.367,38,0,16,0,0,3,1,1,0,0,0,0,0,0,0
20:49:09.225,1921.6,50.8,312,144.7,53.3,0,52.9,45,0,0,1,49,49,7,0,0,0,0,0,0,0,48.5,12,190,1,35,35,16,35,16,35,34,34,35,-851583,8,4.863,0.015,13.381,38,0,16,0,0,3,1,1,0,0,0,0,0,0,0
20:49:09.325,1932.4,41.7,321,64.9,26.7,0,52.9,45,0,0,1,49,49,7,0,0,0,0,0,0,0,21.9,12,190,1,35,35,16,34,16,35,34,33,35,-851583,8,4.863,0.015,13.408,38,0,16,0,0,3,1,1,0,0,0,0,0,0,0
20:49:09.425,1920,37.8,326,8.4,3.8,0,52.9,45,0,0,1,49,49,7,0,0,0,0,0,0,0,2.1,12,190,1,35,35,16,35,16,35,34,34,35,-851583,8,4.863,0.015,13.388,38,0,16,0,0,3,1,1,0,0,0,0,0,0,0
20:49:09.525,1892.7,35.9,330,0,0,0,52.9,45.6,0,0,1,49,47,7,0,0,0,0,0,0,0,0,12,190,1,35,35,16,35,16,35,34,34,35,-851583,8,4.863,0.015,13.408,38,0,16,0,0,3,1,1,0,0,0,0,0,0,0
20:49:09.625,1886.3,36.3,329,0.1,0,0,52.9,45.2,0,0,1,50,50,7,0,0,0,0,0,0,0,-0.8,12,190,1,35,35,16,35,16,35,34,34,35,-851583,8,4.863,0.015,13.429,38,0,16,0,0,3,1,1,0,0,0,0,0,0,0
20:49:09.725,1864.6,35.1,328,-3,0,0,52.9,45.1,0,0,1,52,48,7,0,0,0,0,0,0,0,-1.4,12,190,1,35,35,16,34,16,35,34,33,35,-851583,8,4.863,0.015,13.429,38,0,16,0,0,3,1,1,0,0,0,0,0,0,0
20:49:09.825,1835,29,330,0,0,0,52.9,45.2,0,0,1,50,48,7,0,0,0,0,0,0,0,0,12,190,1,35,35,16,34,16,35,34,30,35,-851583,8,4.863,0.015,13.47,38,0,16,0,0,3,1,1,0,0,0,0,0,0,0
20:49:09.925,1806.6,33.7,330,0,0,0,52.9,45.7,0,0,1,52,49,7,0,0,0,0,0,0,0,0,12,190,1,35,35,16,34,16,35,34,31,35,-851583,8,4.863,0.015,13.47,37,0,16,0,0,3,1,1,0,0,0,0,0,0,0
20:49:10.025,1778.6,34.2,330,0,0,0,52.9,45.7,0,0,1,50,49,7,0,0,0,0,0,0,0,0,12,190,1,35,35,16,34,16,35,34,31,35,-851583,8,4.863,0.015,13.497,38,0,16,0,0,3,1,1,0,0,0,0,0,0,0
20:49:10.125,1751.8,33.4,330,0,0,0,52.9,45.8,0,0,1,50,49,7,0,0,0,0,0,0,0,0,12,190,1,35,35,16,34,16,35,34,31,35,-851583,8,4.863,0.015,13.524,38,0,16,0,0,3,1,1,0,0,0,0,0,0,0
20:49:10.225,1722,33,330,0,0,0,52.9,45.8,0,0,1,51,50,6,0,0,0,0,0,0,0,0,12,190,1,35,35,16,34,16,35,34,32,35,-851583,8,4.863,0.015,13.559,38,0,16,0,0,3,1,1,0,0,0,0,0,0,0
20:49:10.325,1687.4,31.9,330,0,0,0,52.9,45.7,0,0,1,51,49,6,0,0,0,0,0,0,0,0,12,190,1,35,35,16,34,16,35,34,34,35,-851583,8,4.863,0.015,13.6,38,0,16,0,0,3,1,1,0,0,0,0,0,0,0
20:49:10.425,1642.7,31.4,329,0,0,0,52.9,45.7,0,0,1,51,49,6,0,0,0,0,0,0,0,0,12,190,1,35,35,16,34,16,35,34,34,35,-851583,8,4.863,0.015,13.627,38,0,16,0,0,3,1,1,0,0,0,0,0,0,0
20:49:10.525,1604,30.9,330,0,0,0,52.9,45.8,0,0,1,50,49,5,0,0,0,0,0,0,0,0,12,190,1,35,35,16,34,16,35,34,34,35,-851583,8,4.863,0.015,13.593,38,0,16,0,0,3,1,1,0,0,0,0,0,0,0
20:49:10.625,1554.6,29.7,332,0,0,0,52,45.6,0,0,1,50,49,5,0,0,0,0,0,0,0,0,12,190,1,35,35,16,34,16,35,34,32,35,-851583,8,4.863,0.015,13.654,38,0,16,0,0,3,1,1,0,0,0,0,0,0,0
20:49:10.725,1543.8,28.5,330,0,0,0,52,45.8,0,0,1,50,49,4,0,0,0,0,0,0,0,0,12,190,1,35,35,16,34,16,35,34,34,35,-851583,8,4.863,0.015,13.647,38,0,16,0,0,3,1,1,0,0,0,0,0,0,0
20:49:10.825,1520.8,29.3,330,0,0,0,52,45.6,0,0,1,50,49,4,0,0,0,0,0,0,0,0,12,190,1,35,35,16,34,16,35,34,33,35,-851583,8,4.863,0.015,13.675,38,0,16,0,0,3,1,1,0,0,0,0,0,0,0
20:49:10.925,1482.1,27.8,330,0,0,0,52,45.6,0,0,1,50,49,4,0,0,0,0,0,0,0,0,12,190,1,35,35,16,34,16,35,34,34,35,-851583,8,4.863,0.015,13.668,38,0,16,0,0,3,1,1,0,0,0,0,0,0,0
20:49:11.025,1446,27.5,330,0,0,0,52,45.7,0,0,1,50,49,4,0,0,0,0,0,0,0,0,12,190,1,35,35,16,34,16,35,34,34,35,-851583,8,4.863,0.015,13.661,38,0,16,0,0,3,1,1,0,0,0,0,0,0,0
20:49:11.125,1412.5,27.4,330,0,0,0,52,45.7,0,0,1,50,49,4,0,0,0,0,0,0,0,0,12,190,1,35,35,16,34,16,35,35,33,35,-851583,8,4.863,0.015,13.688,38,0,16,0,0,3,1,1,0,0,0,0,0,0,0
20:49:11.225,1376.7,26.2,330,0,0,0,52,45.6,0,0,1,49,48,4,0,0,0,0,0,0,0,0,12,190,1,35,35,16,34,16,35,34,34,35,-851583,8,4.863,0.015,13.688,38,0,16,0,0,3,1,1,0,0,0,0,0,0,0
20:49:11.325,1340.6,21.2,329,-0.2,0,0,52,45,0,0,1,50,49,4,0,0,0,0,0,0,0,-0.6,12,190,1,35,35,16,34,16,35,34,34,35,-851583,8,4.863,0.015,13.682,38,0,16,0,0,3,1,1,0,0,0,0,0,0,0
20:49:11.425,1324.7,24.1,330,0,0,0,52,45.6,0,0,1,50,49,4,0,0,0,0,0,0,0,0,12,190,1,35,35,16,34,16,35,34,32,35,-851583,8,4.863,0.015,13.668,38,0,16,0,0,3,1,1,0,0,0,0,0,0,0
20:49:11.525,1278.3,24.1,330,0,0,0,52,45.7,0,0,1,49,49,4,0,0,0,0,0,0,0,0,12,190,1,35,35,16,35,16,35,34,32,35,-851583,8,4.863,0.015,13.661,38,0,16,0,0,3,1,1,0,0,0,0,0,0,0
20:49:11.625,1243.6,23.5,330,0,0,0,52,45.6,0,0,1,50,49,4,0,0,0,0,0,0,0,0,12,190,1,35,35,16,34,16,35,34,34,35,-851583,8,4.863,0.015,13.682,38,0,16,0,0,3,1,1,0,0,0,0,0,0,0
20:49:11.725,1196.7,21.9,330,0,0,0,52,45.5,0,0,1,49,49,4,0,0,0,0,0,0,0,0,12,190,1,35,35,16,34,16,35,34,33,35,-851583,8,4.863,0.015,13.661,38,0,16,0,0,3,1,1,0,0,0,0,0,0,0
20:49:11.825,1150.2,21.9,331,0,0,0,52,45.5,0,0,1,50,49,4,0,0,0,0,0,0,0,0,12,190,1,35,35,16,34,16,35,34,32,35,-851583,8,4.863,0.015,13.647,38,0,16,0,0,3,1,1,0,0,0,0,0,0,0
20:49:11.925,1114.9,21,331,0,0,0,52,45.6,0,0,1,50,49,4,0,0,0,0,0,0,0,0,12,190,1,35,35,16,34,16,35,34,33,35,-851583,8,4.863,0.015,13.627,38,0,16,0,0,3,1,1,0,0,0,0,0,0,0
20:49:12.025,1108.1,21.2,330,0,0,0,52,45.5,0,0,1,49,49,4,0,0,0,0,0,0,0,0,12,190,1,35,35,16,35,16,35,34,34,35,-851583,8,4.863,0.015,13.647,38,0,16,0,0,3,1,1,0,0,0,0,0,0,0
20:49:12.125,1094.4,20.9,330,0.4,0,0,52,45,0,0,1,49,48,4,0,0,0,0,0,0,0,0,12,190,1,35,35,16,16,16,35,34,34,35,-851583,8,4.863,0.015,13.661,37,0,16,0,0,3,1,1,0,0,0,0,0,0,0
20:49:12.225,1108.8,29.4,327,41.1,9.8,0,52,45,0,0,1,49,49,4,0,0,0,0,0,0,0,8.7,12,190,1,35,35,16,34,16,35,34,33,35,-851583,8,4.863,0.015,13.62,38,0,16,0,0,3,1,1,0,0,0,0,0,0,0
20:49:12.325,1107.4,28.7,327,60.1,13.9,0,52,45,0,0,1,49,49,4,0,0,0,0,0,0,0,12.1,12,190,1,35,35,16,35,16,35,34,34,35,-851583,8,4.863,0.015,13.668,38,0,16,0,0,3,1,1,0,0,0,0,0,0,0
20:49:12.425,1108.3,29,326,48.7,11.1,0,51.9,45,0,0,1,49,49,4,0,0,0,0,0,0,0,9.5,12,190,1,35,35,16,35,16,35,34,34,35,-851583,8,4.863,0.015,13.647,38,0,16,0,0,3,1,1,0,0,0,0,0,0,0
20:49:12.525,1117.6,28.9,326,49.4,10.9,0,51.2,45,0,0,1,49,48,4,0,0,0,0,0,0,0,10.3,12,190,1,35,35,16,34,16,35,34,34,35,-851583,8,4.863,0.015,13.654,38,0,16,0,0,3,1,1,0,0,0,0,0,0,0
20:49:12.625,1130.4,29.4,326,51.3,11.5,0,51,45,0,0,1,49,48,4,0,0,0,0,0,0,0,10.5,12,190,1,35,35,16,35,16,35,34,34,35,-851583,8,4.863,0.015,13.675,38,0,16,0,0,3,1,1,0,0,0,0,0,0,0
20:49:12.725,1141.1,29,326,49.8,11.9,0,51,45,0,0,1,50,48,4,0,0,0,0,0,0,0,10.6,12,190,1,35,35,16,35,16,35,34,34,35,-851583,8,4.863,0.015,13.702,38,0,16,0,0,3,1,1,0,0,0,0,0,0,0
20:49:12.825,1147.1,28.9,326,43.1,10.2,0,51,45,0,0,1,49,49,3,0,0,0,0,0,0,0,8.9,12,190,1,35,35,16,34,16,35,34,34,35,-851583,8,4.863,0.015,13.695,38,0,16,0,0,3,1,1,0,0,0,0,0,0,0
20:49:12.925,1137.3,27.2,329,11.3,2.3,0,51,45,0,0,1,50,49,3,0,0,0,0,0,0,0,1.8,12,190,1,35,35,16,35,16,35,34,34,35,-851583,8,4.863,0.015,13.695,38,0,16,0,0,3,1,1,0,0,0,0,0,0,0
20:49:13.025,1141.4,21.8,330,0,0,0,51,45.5,0,0,1,49,49,3,0,0,0,0,0,0,0,0,12,190,1,35,35,16,35,16,35,34,34,35,-851583,8,4.863,0.015,13.709,38,0,16,0,0,3,1,1,0,0,0,0,0,0,0
20:49:13.125,1105.3,20.9,330,0,0,0,51,45.4,0,0,1,50,49,3,0,0,0,0,0,0,0,0,12,190,1,35,35,16,34,16,35,34,34,35,-851583,8,4.863,0.015,13.723,38,0,16,0,0,3,1,1,0,0,0,0,0,0,0
20:49:13.225,1124.5,20.5,330,0,0,0,51,45.5,0,0,1,50,49,3,0,0,0,0,0,0,0,0,12,190,1,35,35,16,34,16,35,34,34,35,-851583,8,4.863,0.015,13.695,38,0,16,0,0,3,1,1,0,0,0,0,0,0,0
20:49:13.325,1127.9,21.7,330,0,0,0,51,45.4,0,0,1,49,48,3,0,0,0,0,0,0,0,0,12,190,1,35,35,16,34,16,35,35,34,35,-851583,8,4.863,0.015,13.695,38,0,16,0,0,3,1,1,0,0,0,0,0,0,0
20:49:13.425,1113.9,21.3,331,0,0,0,51,45.4,0,0,1,49,49,3,0,0,0,0,0,0,0,0,12,190,1,35,35,16,34,16,35,34,33,35,-851583,8,4.863,0.015,13.675,37,0,16,0,0,3,1,1,0,0,0,0,0,0,0
20:49:13.525,1103.4,20.9,331,0,0,0,51,45.4,0,0,1,49,48,3,0,0,0,0,0,0,0,0,12,190,1,35,35,16,34,16,35,34,32,35,-851583,8,4.863,0.015,13.682,38,0,16,0,0,3,1,1,0,0,0,0,0,0,0
20:49:13.625,1084.2,20.9,330,0,0,0,51,45.5,0,0,1,50,49,3,0,0,0,0,0,0,0,0,12,190,1,35,35,16,34,16,35,34,34,35,-851583,8,4.863,0.015,13.682,38,0,16,0,0,3,1,1,0,0,0,0,0,0,0
20:49:13.725,1044.3,19.2,331,0,0,0,51,45.5,0,0,1,52,48,3,0,0,0,0,0,0,0,0,12,190,1,35,35,16,35,16,35,34,34,35,-851583,8,4.863,0.015,13.668,38,0,16,0,0,3,1,1,0,0,0,0,0,0,0
20:49:13.825,1015.4,18.4,330,0,0,0,51,45.5,0,0,1,52,49,3,0,0,0,0,0,0,0,0,12,190,1,35,35,16,34,16,35,34,34,35,-851583,8,4.863,0.015,13.675,38,0,16,0,0,3,1,1,0,0,0,0,0,0,0
20:49:13.925,991.3,19.5,331,0,0,0,51,45.4,0,0,1,52,50,3,0,0,0,0,0,0,0,0,12,190,1,35,35,16,34,16,35,34,34,35,-851583,8,4.863,0.015,13.634,38,0,16,0,0,3,1,1,0,0,0,0,0,0,0
20:49:14.025,985.2,17.9,330,0,0,0,51,45.5,0,0,1,52,49,3,0,0,0,0,0,0,0,0,12,190,1,35,35,16,34,16,35,34,33,35,-851583,8,4.863,0.015,13.641,38,0,16,0,0,3,1,1,0,0,0,0,0,0,0
20:49:14.125,973,18.8,331,0,0,0,51,45.3,0,0,1,51,49,3,0,0,0,0,0,0,0,0,12,190,1,35,35,16,34,16,35,34,32,35,-851583,8,4.863,0.015,13.647,38,0,16,0,0,3,1,1,0,0,0,0,0,0,0
20:49:14.225,961.4,18.3,332,0,0,0,51,45.3,0,0,1,50,50,3,0,0,0,0,0,0,0,0,12,190,1,35,35,16,34,16,35,34,33,35,-851583,8,4.863,0.015,13.641,38,0,16,0,0,3,1,1,0,0,0,0,0,0,0
20:49:14.325,952.5,18.1,331,0,0,0,51,45.4,0,0,1,50,49,3,0,0,0,0,0,0,0,0,12,190,1,35,35,16,35,16,35,34,34,35,-851583,8,4.863,0.015,13.634,38,0,16,0,0,3,1,1,0,0,0,0,0,0,0
20:49:14.425,941.6,17.9,330,0,0,0,51,45.3,0,0,1,50,50,3,0,0,0,0,0,0,0,0,12,190,1,35,35,16,34,16,35,34,34,35,-851583,8,4.863,0.015,13.613,38,0,16,0,0,3,1,1,0,0,0,0,0,0,0
20:49:14.525,924.3,17.6,330,0,0,0,51,45.3,0,0,1,50,50,3,0,0,0,0,0,0,0,0,12,190,1,35,35,16,34,16,35,34,33,35,-851583,8,4.863,0.015,13.641,38,0,16,0,0,3,1,1,0,0,0,0,0,0,0
20:49:14.625,895.2,16.2,331,0,0,0,51,45.2,0,0,1,50,49,3,0,0,0,0,0,0,0,0,12,190,1,35,35,16,34,16,35,34,34,35,-851583,8,4.863,0.015,13.654,38,0,16,0,0,3,1,1,0,0,0,0,0,0,0
20:49:14.725,865.9,17.1,332,0,0,0,51,45.2,0,0,1,50,49,3,0,0,0,0,0,0,0,0,12,190,1,35,35,16,34,16,35,34,33,35,-851583,8,4.863,0.015,13.647,38,0,16,0,0,3,1,1,0,0,0,0,0,0,0
20:49:14.825,832,16.3,331,0,0,0,51,45.2,0,0,1,49,48,3,0,0,0,0,0,0,0,0,12,190,1,35,35,16,35,16,35,34,34,35,-851583,8,4.863,0.015,13.627,38,0,16,0,0,3,1,1,0,0,0,0,0,0,0
20:49:14.925,798.6,15.4,331,0,0,0,50,45.2,0,0,1,50,48,3,0,0,0,0,0,0,0,0,12,190,1,35,35,16,34,16,35,34,34,35,-851583,8,4.863,0.015,13.647,38,0,16,0,0,3,1,1,0,0,0,0,0,0,0
20:49:15.025,770.2,14.9,330,0,0,0,50,45.2,0,0,1,50,49,3,0,0,0,0,0,0,0,0,12,190,1,35,35,16,34,16,35,34,34,35,-851583,8,4.863,0.015,13.634,38,0,16,0,0,3,1,1,0,0,0,0,0,0,0
20:49:15.125,746.3,13,331,0,0,0,50,45.2,0,0,1,50,48,3,0,0,0,0,0,0,0,0,12,190,1,35,35,16,34,16,35,34,34,35,-851583,8,4.863,0.015,13.647,38,0,16,0,0,3,1,1,0,0,0,0,0,0,0
20:49:15.225,729.9,13.1,331,0,0,0,50,45.3,0,0,1,50,49,3,0,0,0,0,0,0,0,0,12,190,1,35,35,16,35,16,35,34,34,35,-851583,8,4.863,0.015,13.6,38,0,16,0,0,3,1,1,0,0,0,0,0,0,0
20:49:15.325,713.9,12.9,331,0,0,0,50,45.2,0,0,1,51,49,3,0,0,0,0,0,0,0,0,12,190,1,35,35,16,34,16,35,34,34,35,-851583,8,4.863,0.015,13.62,38,0,16,0,0,3,1,1,0,0,0,0,0,0,0
20:49:15.425,676.2,13,331,0,0,0,50,45.3,0,0,1,49,49,3,0,0,0,0,0,0,0,0,12,190,1,35,35,16,35,16,35,34,33,35,-851583,8,4.863,0.015,14.017,38,0,16,0,0,3,1,1,0,0,0,0,0,0,0
20:49:15.525,642.5,11.4,333,0,0,0,50,45.3,0,0,1,50,48,3,0,0,0,0,0,0,0,0,12,190,1,35,35,16,35,16,35,35,34,35,-851583,8,4.863,0.015,14.017,38,0,16,0,0,3,1,1,0,0,0,0,0,0,0
20:49:15.625,606.3,11.1,332,0,0,0,50,45.2,0,0,1,50,49,3,0,0,0,0,0,0,0,0,12,190,1,35,35,16,35,16,35,34,33,35,-851583,8,4.858,0.015,14.017,38,0,16,0,0,3,1,1,0,0,0,0,0,0,0
20:49:15.725,587.8,10.6,330,0.4,0,0,50,45,0,0,1,49,48,2,0,0,0,0,0,0,0,0,12,190,1,35,35,16,34,16,35,34,34,35,-851583,8,4.863,0.015,14.017,38,0,16,0,0,3,1,1,0,0,0,0,0,0,0
20:49:15.825,577.6,11.1,331,0,0,0,50,45.2,0,0,1,49,47,63,0,0,0,0,0,0,0,0,12,190,1,35,35,16,34,16,35,34,34,35,-851583,8,4.863,0.015,13.996,38,0,16,0,0,3,1,1,0,0,0,0,0,0,0
20:49:15.925,565.1,10.2,331,0,0,0,50,45.1,0,0,1,50,49,6,0,0,0,0,0,0,0,0,12,190,1,35,35,16,34,16,35,34,32,35,-851583,8,4.863,0.015,14.017,38,0,16,0,0,3,1,1,0,0,0,0,0,0,0
20:49:16.025,557.1,10.6,331,0,0,0,50,45,0,0,1,50,48,6,0,0,0,0,0,0,0,0,12,190,1,35,35,16,34,16,35,34,34,35,-851583,8,4.863,0.015,13.996,38,0,16,0,0,3,1,1,0,0,0,0,0,0,0
20:49:16.125,543.4,10.5,331,0,0,0,50,45.3,0,0,1,50,49,4,0,0,0,0,0,0,0,0,12,190,1,35,35,16,34,16,35,34,34,35,-851583,8,4.863,0.015,14.017,38,0,16,0,0,3,1,1,0,0,0,0,0,0,0
20:49:16.225,516.8,9,332,0,0,0,50,45.1,0,0,1,50,48,29,0,0,0,0,0,0,0,0,12,190,1,35,35,16,34,16,35,34,32,35,-851583,8,4.863,0.015,14.017,38,0,16,0,0,3,1,1,0,0,0,0,0,0,0
20:49:16.325,476.9,8.7,330,0,0,0,50,45,0,0,1,50,49,29,0,0,0,0,0,0,0,0,12,190,1,35,35,16,34,16,35,34,34,35,-851583,8,4.863,0.015,14.017,38,0,16,0,0,3,1,1,0,0,0,0,0,0,0
20:49:16.425,444,8.3,331,0,0,0,50,45,0,0,1,50,49,2,0,0,0,0,0,0,0,0,12,190,1,35,35,16,34,16,35,35,34,35,-851583,8,4.863,0.015,13.996,38,0,16,0,0,3,1,1,0,0,0,0,0,0,0
20:49:16.525,413.7,6.4,331,-0.1,0,0,50,45,0,0,1,50,48,2,0,0,0,0,0,0,0,0,12,190,1,35,35,16,34,16,35,35,34,35,-851583,8,4.858,0.015,13.996,38,0,16,0,0,3,1,1,0,0,0,0,0,0,0
20:49:16.625,386.6,7.5,331,-0.2,0,0,50,45,0,0,1,50,48,2,0,0,0,0,0,0,0,0,12,190,1,35,35,16,34,16,35,35,34,35,-851583,8,4.863,0.015,14.017,38,0,16,0,0,3,1,1,0,0,0,0,0,0,0
20:49:16.725,357.5,6.8,331,0,0,0,50,45.1,0,0,1,50,49,3,0,0,0,0,0,0,0,0,12,190,1,35,35,16,34,16,35,34,34,35,-851583,8,4.863,0.015,13.996,38,0,16,0,0,3,1,1,0,0,0,0,0,0,0
20:49:16.825,334.1,4.9,331,0,0,0,50,45,0,0,1,50,48,3,0,0,0,0,0,0,0,0,12,190,1,35,35,16,34,16,35,34,34,35,-851583,8,4.863,0.015,13.996,37,0,16,0,0,3,1,1,0,0,0,0,0,0,0
20:49:16.925,305.6,5.6,331,0,0,0,50,45.1,0,0,1,50,48,3,0,0,0,0,0,0,0,0,12,190,1,35,35,16,34,16,35,34,34,35,-851583,8,4.863,0.015,14.017,37,0,16,0,0,3,1,1,0,0,0,0,0,0,0
20:49:17.025,280.7,4.8,331,0,0,0,49.9,45,0,0,1,52,49,3,0,0,0,0,0,0,0,0,12,190,1,35,35,16,34,16,35,34,34,35,-851583,8,4.863,0.015,13.996,38,0,16,0,0,3,1,1,0,0,0,0,0,0,0
20:49:17.125,257.6,5,330,0,0,0,49,45,0,0,1,52,49,3,0,0,0,0,0,0,0,0,12,190,1,35,35,16,34,16,35,34,34,35,-851583,8,4.863,0.015,13.996,38,0,16,0,0,3,1,1,0,0,0,0,0,0,0
20:49:17.225,231.9,2.7,330,-0.2,0,0,49,45,0,0,1,52,49,3,0,0,0,0,0,0,0,0,12,190,1,35,35,16,34,16,35,34,34,35,-851583,8,4.863,0.015,13.996,38,0,16,0,0,3,1,1,0,0,0,0,0,0,0
20:49:17.325,172.6,2.3,331,0,0,0,49,45.2,0,0,1,50,48,3,0,0,0,0,0,0,0,0,12,190,1,35,35,16,34,16,35,34,34,35,-851583,8,4.863,0.015,14.01,38,0,16,0,0,3,1,1,0,0,0,0,0,0,0
20:49:17.425,102.6,1.3,331,0,0,0,49,45,0,0,1,51,49,3,0,0,0,0,0,0,0,0,12,190,1,35,35,16,34,16,35,34,34,35,-851583,8,4.863,0.015,14.017,38,0,16,0,0,3,1,1,0,0,0,0,0,0,0
20:49:17.525,40.9,0.7,331,0,0,0,49,45.1,0,0,1,51,49,3,0,0,0,0,0,0,0,0,12,190,1,35,35,16,35,16,35,34,34,35,-851583,8,4.863,0.015,14.017,38,0,16,0,0,3,1,1,0,0,0,0,0,0,0
20:49:17.625,4.1,0.9,330,2.8,0,0,49,45,0,0,1,51,49,3,0,0,0,0,0,0,0,0.1,12,190,1,35,35,16,34,16,35,34,34,35,-851583,8,4.863,0.015,13.996,38,0,16,0,0,3,1,1,0,0,0,0,0,0,0
20:49:17.725,-0.5,0.6,331,0,0,0,49,45.5,0,0,1,51,49,3,0,0,0,0,0,0,0,0,12,190,1,35,35,16,34,16,35,34,34,35,-851583,8,4.863,0.015,14.017,38,0,16,0,0,3,1,1,0,0,0,0,0,0,0
20:49:17.825,0.5,0.7,331,0,0,0,49,45.2,0,0,1,50,49,3,0,0,0,0,0,0,0,0,12,190,1,35,35,16,34,16,35,34,34,35,-851583,8,4.858,0.015,14.017,38,0,16,0,0,3,1,1,0,0,0,0,0,0,0
20:49:17.925,-0.2,0.4,331,0,0,0,49,45.5,0,0,1,50,49,3,0,0,0,0,0,0,0,0,12,190,1,35,35,16,35,16,35,34,34,35,-851583,8,4.863,0.015,14.017,38,0,16,0,0,3,1,1,0,0,0,0,0,0,0
20:49:18.025,-0.1,0.4,331,0,0,0,49,45.6,0,0,1,50,49,3,0,0,0,0,0,0,0,0,12,190,1,35,35,16,35,16,35,34,34,35,-851583,8,4.858,0.015,14.017,38,0,16,0,0,3,1,1,0,0,0,0,0,0,0
20:49:18.125,0,0.5,332,0,0,0,49,45.4,0,0,1,50,49,3,0,0,0,0,0,0,0,0,12,190,1,35,35,16,16,16,35,34,34,35,-851583,8,4.863,0.015,14.017,38,0,16,0,0,3,1,1,0,0,0,0,0,0,0
20:49:18.225,0,0.6,332,0,0,0,49,45.6,0,0,1,50,49,0,0,0,0,0,0,0,0,0,12,190,1,35,35,16,34,16,35,34,34,35,-851583,8,4.863,0.015,14.017,38,0,16,0,0,3,1,1,0,0,0,0,0,0,0
20:49:18.325,0,0.6,332,0,0,0,49,45.4,0,0,1,50,49,0,0,0,0,0,0,0,0,0,12,190,1,35,35,16,35,16,35,34,34,35,-851583,8,4.863,0.015,14.017,38,0,16,0,0,3,1,1,0,0,0,0,0,0,0
20:49:18.425,0,0.4,332,0,0,0,49,45.9,0,0,1,50,49,0,0,0,0,0,0,0,0,0,12,190,1,35,35,16,35,16,35,34,34,35,-851583,8,4.863,0.015,14.017,38,0,16,0,0,3,1,1,0,0,0,0,0,0,0
20:49:18.525,0,0.6,331,0,0,0,49,45.7,0,0,1,50,49,0,0,0,0,0,0,0,0,0,12,190,1,35,35,16,34,16,35,34,34,35,-851583,8,4.863,0.015,14.017,38,0,16,0,0,3,1,1,0,0,0,0,0,0,0
20:49:18.625,0,0.6,330,0,0,0,49,45.8,0,0,1,50,49,0,0,0,0,0,0,0,0,0,12,190,1,35,35,16,35,16,35,34,34,35,-851583,8,4.863,0,14.017,38,0,16,0,0,3,1,1,0,0,0,0,0,0,0
20:49:18.725,0,0.4,332,0,0,0,49,45.8,0,0,1,50,48,0,0,0,0,0,0,0,0,0,12,190,1,35,35,16,35,16,35,34,34,35,-851583,8,4.863,0,14.024,38,0,16,0,0,35,1,1,0,0,0,1,0,0,0
20:49:18.825,0,0.3,331,0,0,0,49,45.9,0,0,1,50,49,0,0,0,0,0,0,0,0,0,12,190,1,35,35,16,34,16,35,35,34,35,-851583,8,4.863,0.015,14.017,38,0,16,0,0,35,1,1,0,0,0,1,0,0,0
20:49:18.925,0,0.6,331,0,0,0,49,45.9,0,0,1,50,49,0,0,0,0,0,0,0,0,0,12,190,1,35,35,16,35,16,35,34,34,35,-851583,8,4.863,0.015,14.024,38,0,16,0,0,35,1,1,0,0,0,1,0,0,0
20:49:19.025,0,0.5,331,0,0,0,49,45.9,0,0,1,50,49,0,0,0,0,0,0,0,0,0,12,190,1,35,35,16,35,16,35,34,34,35,-851583,8,4.863,0.015,14.017,37,0,16,0,0,35,1,1,0,0,0,1,0,0,0
20:49:19.125,0,0.6,330,0,0,0,49,45.9,0,0,1,50,49,0,0,0,0,0,0,0,0,0,12,190,1,35,35,16,34,16,35,34,34,35,-851583,8,4.863,0.015,14.017,38,0,16,0,0,35,1,1,0,0,0,1,0,0,0
20:49:19.225,0,0.5,332,0,0,0,49,45.9,0,0,1,49,48,0,0,0,0,0,0,0,0,0,12,190,1,35,35,16,34,16,35,34,34,35,-851583,8,4.863,0.015,14.017,38,0,16,0,0,35,1,1,0,0,0,1,0,0,0
20:49:19.325,0,0.5,331,0,0,0,49,45.9,0,0,1,50,49,0,0,0,0,0,0,0,0,0,12,190,1,35,35,16,34,16,35,34,34,35,-851583,8,4.863,0.015,14.017,38,0,16,0,0,35,1,1,0,0,0,1,0,0,0
20:49:19.425,0,0.4,331,0,0,0,49,45.9,0,0,1,50,49,0,0,0,0,0,0,0,0,0,12,190,1,35,35,16,34,16,35,34,34,35,-851583,8,4.863,0.015,14.017,38,0,16,0,0,35,1,1,0,0,0,1,0,0,0
20:49:19.525,0,0.5,331,0,0,0,49,45.9,0,0,1,50,49,0,0,0,0,0,0,0,0,0,12,190,1,35,35,16,34,16,35,34,34,35,-851583,8,4.863,0.015,14.017,38,0,16,0,0,35,1,1,0,0,0,1,0,0,0
20:49:19.625,0,0.5,332,0,0,0,49,45.9,0,0,1,50,48,0,0,0,0,0,0,0,0,0,12,190,1,35,35,16,34,16,35,34,34,35,-851583,8,4.863,0.015,14.017,38,0,16,0,0,35,1,1,0,0,0,1,0,0,0
20:49:19.725,0,0.5,333,0,0,0,48.6,45.9,0,0,1,50,48,0,0,0,0,0,0,0,0,0,12,190,1,35,35,16,35,16,35,34,34,35,-851583,8,4.863,0.015,14.017,38,0,16,0,0,35,1,1,0,0,0,1,0,0,0
20:49:19.825,0,0.5,331,0,0,0,48,45.9,0,0,1,50,49,0,0,0,0,0,0,0,0,0,12,190,1,35,35,16,34,16,35,34,34,35,-851583,8,4.863,0.015,14.017,38,0,16,0,0,35,1,1,0,0,0,1,0,0,0
20:49:19.925,0,0.4,332,0,0,0,48,45.9,0,0,1,50,48,0,0,0,0,0,0,0,0,0,12,190,1,35,35,16,34,16,35,34,34,35,-851583,8,4.863,0.015,14.017,37,0,16,0,0,35,1,1,0,0,0,1,0,0,0
20:49:20.025,0,0.4,332,0,0,0,48,45.9,0,0,1,50,49,0,0,0,0,0,0,0,0,0,12,190,1,35,35,16,34,16,35,34,34,35,-851583,8,4.863,0.015,14.024,38,0,16,0,0,35,1,1,0,0,0,1,0,0,0
20:49:20.125,0,0.4,330,0,0,0,48,45.9,0,0,1,50,49,0,0,0,0,0,0,0,0,0,12,190,1,35,35,16,34,16,35,34,34,35,-851583,8,4.863,0.015,14.017,38,0,16,0,0,35,1,1,0,0,0,1,0,0,0
20:49:20.225,0.2,1.2,330,3.2,0,0,48,45,0,0,1,50,49,0,0,0,0,0,0,0,0,0.1,12,190,1,35,35,16,34,16,35,34,34,35,-851583,8,4.863,0.015,13.982,38,0,16,0,0,35,1,1,0,0,0,1,0,0,0
20:49:20.325,0,0.4,332,0,0,0,48,45.9,0,0,1,50,48,0,0,0,0,0,0,0,0,0,12,190,1,35,35,16,35,16,35,34,34,35,-851583,8,4.863,0.015,14.017,38,0,16,0,0,35,1,1,0,0,0,1,0,0,0
20:49:20.425,0,0.5,330,0,0,0,48,45.9,0,0,1,50,49,0,0,0,0,0,0,0,0,0,12,190,1,35,35,16,34,16,35,34,34,35,-851583,8,4.863,0.015,14.024,38,0,16,0,0,35,1,1,0,0,0,1,0,0,0
20:49:20.525,0,0.5,331,0,0,0,48,45.9,0,0,1,50,48,0,0,0,0,0,0,0,0,0,12,190,1,35,35,16,34,16,35,34,34,35,-851583,8,4.863,0.015,14.017,38,0,16,0,0,35,1,1,0,0,0,1,0,0,0
20:49:20.625,0,0.4,332,0,0,0,48,45.9,0,0,1,50,48,0,0,0,0,0,0,0,0,0,12,190,1,35,35,16,34,16,35,34,34,35,-851583,8,4.863,0.015,14.024,38,0,16,0,0,35,1,1,0,0,0,1,0,0,0
20:49:20.725,0,0.5,331,0,0,0,48,45.9,0,0,1,50,48,0,0,0,0,0,0,0,0,0,12,190,1,35,35,16,34,16,35,34,34,35,-851583,8,4.863,0.015,14.017,37,0,16,0,0,35,1,1,0,0,0,1,0,0,0
20:49:20.825,0,0.4,332,0,0,0,48,45.9,0,0,1,54,49,0,0,0,0,0,0,0,0,0,12,190,1,35,35,16,35,16,35,34,34,35,-851583,8,4.863,0.015,14.017,38,0,16,0,0,35,1,1,0,0,0,1,0,0,0
20:49:20.925,0,0.4,332,0,0,0,48,45.9,0,0,1,52,49,0,0,0,0,0,0,0,0,0,12,190,1,35,35,16,35,16,35,34,34,35,-851583,8,4.863,0.015,14.024,38,0,16,0,0,35,1,1,0,0,0,1,0,0,0
20:49:21.025,0,0.5,333,0,0,0,48,45.9,0,0,1,52,49,0,0,0,0,0,0,0,0,0,12,190,1,35,35,16,34,16,35,35,34,35,-851583,8,4.863,0.015,14.017,38,0,16,0,0,35,1,1,0,0,0,1,0,0,0
20:49:21.125,0,0.4,332,0,0,0,48,45.9,0,0,1,51,50,0,0,0,0,0,0,0,0,0,12,190,1,35,35,16,34,16,35,34,34,35,-851583,8,4.863,0.015,14.017,38,0,16,0,0,35,1,1,0,0,0,1,0,0,0
20:49:21.225,0,0.7,332,0,0,0,48,45.9,0,0,1,51,49,0,0,0,0,0,0,0,0,0,12,190,1,35,35,16,35,16,35,34,34,35,-851583,8,4.863,0.015,14.024,38,0,16,0,0,35,1,1,0,0,0,1,0,0,0
20:49:21.325,-0.1,0.5,333,0,0,0,48,45.9,0,0,1,51,49,0,0,0,0,0,0,0,0,0,12,190,1,35,35,16,34,16,35,34,34,35,-851583,8,4.863,0.015,14.024,38,0,16,0,0,35,1,1,0,0,0,1,0,0,0
20:49:21.425,-0.1,0.4,332,0,0,0,48,45.9,0,0,1,51,49,0,0,0,0,0,0,0,0,0,12,190,1,35,35,16,35,16,35,34,34,35,-851583,8,4.863,0.015,14.024,38,0,16,0,0,35,1,1,0,0,0,1,0,0,0
20:49:21.525,0,0.5,330,0,0,0,48,45.9,0,0,1,51,49,0,0,0,0,0,0,0,0,0,12,190,1,35,35,16,35,16,35,34,34,35,-851583,8,4.863,0.015,14.017,38,0,16,0,0,35,1,1,0,0,0,1,0,0,0
20:49:21.625,0,0.5,332,0,0,0,48,45.9,0,0,1,51,49,0,0,0,0,0,0,0,0,0,12,190,1,35,35,16,35,16,35,34,34,35,-851583,8,4.863,0.015,14.024,38,0,16,0,0,35,1,1,0,0,0,1,0,0,0
20:49:21.725,0,0.4,332,0,0,0,48,45.9,0,0,1,51,48,0,0,0,0,0,0,0,0,0,12,190,1,35,35,16,34,16,35,34,34,35,-851583,8,4.858,0.015,14.017,38,0,16,0,0,35,1,1,0,0,0,1,0,0,0
20:49:21.825,0,0.5,332,0,0,0,48,45.9,0,0,1,50,49,0,0,0,0,0,0,0,0,0,12,190,1,35,35,16,35,16,35,34,34,35,-851583,8,4.863,0.015,14.024,38,0,16,0,0,35,1,1,0,0,0,1,0,0,0
20:49:21.925,0,0.6,331,0,0,0,48,45.9,0,0,1,50,48,0,0,0,0,0,0,0,0,0,12,190,1,35,35,16,34,16,35,35,34,35,-851583,8,4.863,0.015,14.024,38,0,16,0,0,35,1,1,0,0,0,1,0,0,0
20:49:22.025,0,0.6,332,0,0,0,48,45.9,0,0,1,50,49,0,0,0,0,0,0,0,0,0,12,190,1,35,35,16,34,16,35,35,34,35,-851583,8,4.863,0,14.024,38,0,16,0,0,3,1,1,0,0,0,0,0,0,0
20:49:22.125,0,0.6,332,0,0,0,48,45.9,0,0,1,50,49,0,0,0,0,0,0,0,0,0,12,190,1,35,35,16,34,16,35,35,34,35,-851583,8,4.863,0.015,14.024,38,0,16,0,0,3,1,1,0,0,0,0,0,0,0
20:49:22.225,0,0.5,331,0,0,0,48,45.9,0,0,1,50,49,0,0,0,0,0,0,0,0,0,12,190,1,35,35,16,34,16,35,34,34,35,-851583,8,4.858,0.015,14.024,38,0,16,0,0,3,1,1,0,0,0,0,0,0,0
20:49:22.325,0,0.7,332,0,0,0,48,45.9,0,0,1,50,49,0,0,0,0,0,0,0,0,0,12,190,1,35,35,16,34,16,35,34,34,35,-851583,8,4.863,0.015,14.024,38,0,16,0,0,3,1,1,0,0,0,0,0,0,0
20:49:22.425,0,0.5,332,0,0,0,48,45.9,0,0,1,50,49,0,0,0,0,0,0,0,0,0,12,190,1,35,35,16,34,16,35,34,34,35,-851583,8,4.863,0.015,14.024,38,0,16,0,0,3,1,1,0,0,0,0,0,0,0
20:49:22.525,0,0.5,332,0,0,0,48,45.9,0,0,1,50,49,0,0,0,0,0,0,0,0,0,12,190,1,35,35,16,34,16,35,34,34,35,-851583,8,4.863,0.015,14.017,38,0,16,0,0,3,1,1,0,0,0,0,0,0,0
20:49:22.625,0,0.5,331,0,0,0,48,45.9,0,0,1,50,48,0,0,0,0,0,0,0,0,0,12,190,1,35,35,16,34,16,35,34,34,35,-851583,8,4.863,0.015,14.024,38,0,16,0,0,3,1,1,0,0,0,0,0,0,0
20:49:22.725,0,0.6,333,0,0,0,48,45.9,0,0,1,50,49,0,0,0,0,0,0,0,0,0,12,190,1,35,35,16,34,16,35,34,34,35,-851583,8,4.863,0.015,14.024,38,0,16,0,0,3,1,1,0,0,0,0,0,0,0
20:49:22.825,0,0.6,331,0,0,0,48,45.9,0,0,1,50,48,0,0,0,0,0,0,0,0,0,12,190,1,35,35,16,34,16,35,34,34,35,-851583,8,4.863,0.015,14.024,38,0,16,0,0,3,1,1,0,0,0,0,0,0,0
20:49:22.925,0,0.4,331,0,0,0,48,45.9,0,0,1,50,48,0,0,0,0,0,0,0,0,0,12,190,1,35,35,16,34,16,35,34,34,35,-851583,8,4.858,0.015,14.017,38,0,16,0,0,3,1,1,0,0,0,0,0,0,0
20:49:23.025,0,0.4,332,0,0,0,48,45.9,0,0,1,50,48,0,0,0,0,0,0,0,0,0,12,190,1,35,35,16,34,16,35,34,34,35,-851583,8,4.863,0.015,14.024,38,0,16,0,0,3,1,1,0,0,0,0,0,0,0
20:49:23.125,-1.4,0.6,332,0,0,0,48,45.9,0,0,1,50,49,0,0,0,0,0,0,0,0,0,12,190,1,35,35,16,34,16,35,34,34,35,-851583,8,4.863,0.015,14.024,38,0,16,0,0,3,1,1,0,0,0,0,0,0,0
20:49:23.225,-0.6,0.6,332,0,0,0,48,45.9,0,0,1,50,49,0,0,0,0,0,0,0,0,0,12,190,1,35,35,16,34,16,35,34,34,35,-851583,8,4.863,0.015,14.024,38,0,16,0,0,3,1,1,0,0,0,0,0,0,0
20:49:23.325,0,0.4,332,0,0,0,48,45.9,0,0,1,50,48,0,0,0,0,0,0,0,0,0,12,190,1,35,35,16,34,16,35,34,34,35,-851583,8,4.863,0.015,14.017,38,0,16,0,0,3,1,1,0,0,0,0,0,0,0
20:49:23.425,0,0.5,332,0,0,0,48,45.9,0,0,1,49,48,0,0,0,0,0,0,0,0,0,12,190,1,35,35,16,34,16,35,34,34,35,-851583,8,4.858,0.015,14.024,38,0,16,0,0,3,1,1,0,0,0,0,0,0,0
20:49:23.525,0,0.5,332,0,0,0,48,45.9,0,0,1,50,48,0,0,0,0,0,0,0,0,0,12,190,1,35,35,16,35,16,35,34,34,35,-851583,8,4.863,0.015,14.024,38,0,16,0,0,3,1,1,0,0,0,0,0,0,0
20:49:23.625,0,0.5,332,0,0,0,48,45.9,0,0,1,49,49,0,0,0,0,0,0,0,0,0,12,190,1,35,35,16,34,16,35,34,34,35,-851583,8,4.863,0.015,14.024,38,0,16,0,0,3,1,1,0,0,0,0,0,0,0
20:49:23.725,0,0.5,331,0,0,0,47.9,45.9,0,0,1,50,48,0,0,0,0,0,0,0,0,0,12,190,1,35,35,16,34,16,35,34,34,35,-851583,8,4.858,0.015,14.024,38,0,16,0,0,3,1,1,0,0,0,0,0,0,0
20:49:23.825,0,0.5,332,0,0,0,47.2,45.9,0,0,1,50,49,0,0,0,0,0,0,0,0,0,12,190,1,35,35,16,34,16,35,34,34,35,-851583,8,4.863,0.015,14.024,38,0,16,0,0,3,1,1,0,0,0,0,0,0,0
20:49:23.925,0,0.6,332,0,0,0,47,45.9,0,0,1,49,48,0,0,0,0,0,0,0,0,0,12,190,1,35,35,16,35,16,35,34,34,35,-851583,8,4.863,0.015,14.024,38,0,16,0,0,3,1,1,0,0,0,0,0,0,0
20:49:24.025,0,0.4,332,0,0,0,47,45.9,0,0,1,49,48,0,0,0,0,0,0,0,0,0,12,190,1,35,35,16,35,16,35,34,34,35,-851583,8,4.863,0.015,14.017,38,0,16,0,0,3,1,1,0,0,0,0,0,0,0
20:49:24.125,0,0.4,332,0,0,0,47,45.9,0,0,1,49,49,0,0,0,0,0,0,0,0,0,12,190,1,35,35,16,16,16,35,34,34,35,-851583,8,4.863,0.015,14.024,38,0,16,0,0,3,1,1,0,0,0,0,0,0,0
20:49:24.225,0,0.6,331,0,0,0,47,45.9,0,0,1,50,48,0,0,0,0,0,0,0,0,0,12,190,1,35,35,16,34,16,35,34,34,35,-851583,8,4.858,0.015,14.017,38,0,16,0,0,3,1,1,0,0,0,0,0,0,0
20:49:24.325,0,0.5,333,0,0,0,47,45.9,0,0,1,50,49,0,0,0,0,0,0,0,0,0,12,190,1,35,35,16,35,16,35,35,34,35,-851583,8,4.863,0.015,14.024,38,0,16,0,0,3,1,1,0,0,0,0,0,0,0
20:49:24.425,0,0.5,332,0,0,0,47,45.9,0,0,1,52,48,0,0,0,0,0,0,0,0,0,12,190,1,35,35,16,35,16,35,34,34,35,-851583,8,4.863,0.015,14.024,38,0,16,0,0,3,1,1,0,0,0,0,0,0,0
20:49:24.525,-0.1,0.4,333,0,0,0,47,45.9,0,0,1,52,49,0,0,0,0,0,0,0,0,0,12,190,1,35,35,16,34,16,35,34,34,35,-851583,8,4.858,0.015,14.024,38,0,16,0,0,3,1,1,0,0,0,0,0,0,0
20:49:24.625,-0.1,0.5,332,0,0,0,47,45.9,0,0,1,51,49,0,0,0,0,0,0,0,0,0,12,190,1,35,35,16,35,16,35,34,34,35,-851583,8,4.863,0.015,14.024,38,0,16,0,0,3,1,1,0,0,0,0,0,0,0
20:49:24.725,0,0.4,331,0,0,0,47,45.9,0,0,1,51,49,0,0,0,0,0,0,0,0,0,12,190,1,35,35,16,35,16,35,34,34,35,-851583,8,4.863,0.015,14.024,38,0,16,0,0,3,1,1,0,0,0,0,0,0,0
20:49:24.825,0,0.4,332,0,0,0,47,45.9,0,0,1,51,49,0,0,0,0,0,0,0,0,0,12,190,1,35,35,16,34,16,35,34,34,35,-851583,8,4.863,0.015,14.024,38,0,16,0,0,3,1,1,0,0,0,0,0,0,0
20:49:24.925,0,0.5,332,0,0,0,47,45.9,0,0,1,51,49,0,0,0,0,0,0,0,0,0,12,190,1,35,35,16,35,16,35,34,34,35,-851583,8,4.863,0.015,14.024,38,0,16,0,0,3,1,1,0,0,0,0,0,0,0
20:49:25.025,0,0.5,332,0,0,0,47,45.9,0,0,1,50,49,0,0,0,0,0,0,0,0,0,12,190,1,35,35,16,35,16,35,34,34,35,-851583,8,4.863,0.015,14.024,38,0,16,0,0,3,1,1,0,0,0,0,0,0,0
20:49:25.125,0,0.5,332,0,0,0,47,45.9,0,0,1,50,49,0,0,0,0,0,0,0,0,0,12,190,1,35,35,16,34,16,35,34,34,35,-851583,8,4.863,0.015,14.024,38,0,16,0,0,3,1,1,0,0,0,0,0,0,0
20:49:25.225,0,0.3,332,0,0,0,47,45.9,0,0,1,51,49,0,0,0,0,0,0,0,0,0,12,190,1,35,35,16,34,16,35,34,34,35,-851583,8,4.863,0.015,14.017,38,0,16,0,0,3,1,1,0,0,0,0,0,0,0
20:49:25.325,0,0.4,332,0,0,0,47,45.9,0,0,1,51,48,0,0,0,0,0,0,0,0,0,12,190,1,35,35,16,34,16,35,34,34,35,-851583,8,4.863,0.015,14.024,38,0,16,0,0,3,1,1,0,0,0,0,0,0,0
20:49:25.425,0,0.5,332,0,0,0,47,45.9,0,0,1,50,49,0,0,0,0,0,0,0,0,0,12,190,1,35,35,16,34,16,35,34,34,35,-851583,8,4.858,0.015,14.024,38,0,16,0,0,3,1,1,0,0,0,0,0,0,0
20:49:25.525,0,0.6,332,0,0,0,47,45.9,0,0,1,50,50,0,0,0,0,0,0,0,0,0,12,190,1,35,35,16,34,16,35,34,34,35,-851583,8,4.863,0.015,14.024,38,0,16,0,0,3,1,1,0,0,0,0,0,0,0
20:49:25.625,0,0.4,333,0,0,0,47,45.9,0,0,1,50,49,0,0,0,0,0,0,0,0,0,12,190,1,35,35,16,34,16,35,34,34,35,-851583,8,4.863,0.015,14.024,38,0,16,0,0,3,1,1,0,0,0,0,0,0,0
20:49:25.725,0,0.3,332,0,0,0,47,45.9,0,0,1,49,49,0,0,0,0,0,0,0,0,0,12,190,1,35,35,16,35,16,35,34,34,35,-851583,8,4.863,0.015,14.024,38,0,16,0,0,3,1,1,0,0,0,0,0,0,0
20:49:25.825,0,0.4,332,0,0,0,47,45.9,0,0,1,50,49,0,0,0,0,0,0,0,0,0,12,190,1,35,35,16,34,16,35,34,34,35,-851583,8,4.863,0.015,14.024,38,0,16,0,0,3,1,1,0,0,0,0,0,0,0
20:49:25.925,0,0.4,333,0,0,0,47,45.9,0,0,1,50,48,0,0,0,0,0,0,0,0,0,12,190,1,35,35,16,34,16,35,34,34,35,-851583,8,4.863,0.015,14.024,38,0,16,0,0,3,1,1,0,0,0,0,0,0,0
20:49:26.025,0,0.4,332,0,0,0,47,45.9,0,0,1,50,48,0,0,0,0,0,0,0,0,0,12,190,1,35,35,16,34,16,35,34,34,35,-851583,8,4.863,0.015,14.024,38,0,16,0,0,3,1,1,0,0,0,0,0,0,0
20:49:26.125,0,0.4,332,0,0,0,47,45.9,0,0,1,50,49,0,0,0,0,0,0,0,0,0,12,190,1,35,35,16,35,16,35,34,34,35,-851583,8,4.863,0.015,14.024,38,0,16,0,0,3,1,1,0,0,0,0,0,0,0
20:49:26.225,0,0.5,332,0,0,0,47,45.9,0,0,1,50,49,0,0,0,0,0,0,0,0,0,12,190,1,35,35,16,34,16,35,34,34,35,-851583,8,4.863,0.015,14.017,38,0,16,0,0,3,1,1,0,0,0,0,0,0,0
20:49:26.325,0,0.4,332,0,0,0,47,45.9,0,0,1,49,48,0,0,0,0,0,0,0,0,0,12,190,1,35,35,16,35,16,35,34,34,35,-851583,8,4.863,0.015,14.024,38,0,16,0,0,3,1,1,0,0,0,0,0,0,0
20:49:26.425,0,0.5,332,0,0,0,47,45.9,0,0,1,50,49,0,0,0,0,0,0,0,0,0,12,190,1,35,35,16,34,16,35,34,34,35,-851583,8,4.863,0.015,14.024,38,0,16,0,0,3,1,1,0,0,0,0,0,0,0
20:49:26.525,0,0.5,332,0,0,0,47,45.9,0,0,1,50,48,0,0,0,0,0,0,0,0,0,12,190,1,35,35,16,34,16,35,35,34,35,-851583,8,4.863,0.015,14.024,38,0,16,0,0,3,1,1,0,0,0,0,0,0,0
20:49:26.625,0,0.5,331,0,0,0,47,45.9,0,0,1,50,48,0,0,0,0,0,0,0,0,0,12,190,1,35,35,16,35,16,35,35,34,35,-851583,8,4.863,0.015,14.024,38,0,16,0,0,3,1,1,0,0,0,0,0,0,0
20:49:26.725,0,0.5,332,0,0,0,47,45.9,0,0,1,49,49,0,0,0,0,0,0,0,0,0,12,190,1,35,35,16,35,16,35,34,34,35,-851583,8,4.863,0.015,14.024,38,0,16,0,0,3,1,1,0,0,0,0,0,0,0
20:49:26.825,0,0.5,331,0,0,0,47,45.9,0,0,1,49,49,0,0,0,0,0,0,0,0,0,12,190,1,35,35,16,35,16,35,34,34,35,-851583,8,4.863,0.015,14.024,38,0,16,0,0,3,1,1,0,0,0,0,0,0,0
20:49:26.925,0,0.5,333,0,0,0,47,45.9,0,0,1,50,48,0,0,0,0,0,0,0,0,0,12,190,1,35,35,16,35,16,35,34,34,35,-851583,8,4.863,0.015,14.024,38,0,16,0,0,3,1,1,0,0,0,0,0,0,0
20:49:27.025,0,0.5,331,0,0,0,47,45.9,0,0,1,50,48,0,0,0,0,0,0,0,0,0,12,190,1,35,35,16,34,16,35,34,34,35,-851583,8,4.863,0.015,14.017,38,0,16,0,0,3,1,1,0,0,0,0,0,0,0
20:49:27.125,0,0.5,332,0,0,0,47,46,0,0,1,50,48,0,0,0,0,0,0,0,0,0,12,190,1,35,35,16,34,16,35,34,34,35,-851583,8,4.858,0.015,14.024,38,0,16,0,0,3,1,1,0,0,0,0,0,0,0
20:49:27.225,0,0.6,332,0,0,0,47,46,0,0,1,49,49,0,0,0,0,0,0,0,0,0,12,190,1,35,35,16,35,16,35,34,34,35,-851583,8,4.863,0.015,14.024,38,0,16,0,0,3,1,1,0,0,0,0,0,0,0
20:49:27.325,0,0.4,332,0,0,0,47,46,0,0,1,50,48,0,0,0,0,0,0,0,0,0,12,190,1,35,35,16,34,16,35,34,34,35,-851583,8,4.863,0.015,14.024,38,0,16,0,0,3,1,1,0,0,0,0,0,0,0
20:49:27.425,0,0.6,332,0,0,0,47,46,0,0,1,50,48,0,0,0,0,0,0,0,0,0,12,190,1,35,35,16,35,16,35,35,34,35,-851583,8,4.863,0.015,14.024,38,0,16,0,0,3,1,1,0,0,0,0,0,0,0
20:49:27.525,0,0.6,332,0,0,0,47,46,0,0,1,49,49,0,0,0,0,0,0,0,0,0,12,190,1,35,35,16,35,16,35,35,34,35,-851583,8,4.863,0.015,14.024,38,0,16,0,0,3,1,1,0,0,0,0,0,0,0
20:49:27.625,0,0.4,332,0,0,0,47,46,0,0,1,49,48,0,0,0,0,0,0,0,0,0,12,190,1,35,35,16,35,16,35,35,34,35,-851583,8,4.863,0.015,14.024,38,0,16,0,0,3,1,1,0,0,0,0,0,0,0
20:49:27.725,0,0.4,332,0,0,0,47,46,0,0,1,49,48,0,0,0,0,0,0,0,0,0,12,190,1,35,35,16,34,16,35,34,34,35,-851583,8,4.863,0.015,14.024,38,0,16,0,0,3,1,1,0,0,0,0,0,0,0
20:49:27.825,0,0.4,331,0,0,0,47,46,0,0,1,49,48,0,0,0,0,0,0,0,0,0,12,190,1,35,35,16,35,16,35,34,34,35,-851583,8,4.863,0.015,14.024,38,0,16,0,0,3,1,1,0,0,0,0,0,0,0
20:49:27.925,0,0.6,332,0,0,0,47,46,0,0,1,50,49,0,0,0,0,0,0,0,0,0,12,190,1,35,35,16,34,16,35,34,34,35,-851583,8,4.863,0.015,14.024,38,0,16,0,0,3,1,1,0,0,0,0,0,0,0
20:49:28.025,0,0.5,333,0,0,0,47,46,0,0,1,49,48,0,0,0,0,0,0,0,0,0,12,190,1,35,35,16,34,16,35,34,34,35,-851583,8,4.863,0.015,14.024,38,0,16,0,0,3,1,1,0,0,0,0,0,0,0
20:49:28.125,0,0.5,333,0,0,0,47,46,0,0,1,50,49,0,0,0,0,0,0,0,0,0,12,190,1,35,35,16,34,16,35,34,34,35,-851583,8,4.863,0.015,14.024,37,0,16,0,0,3,1,1,0,0,0,0,0,0,0
20:49:28.225,0,0.5,332,0,0,0,47,46,0,0,1,52,48,0,0,0,0,0,0,0,0,0,12,190,1,35,35,16,34,16,35,34,34,35,-851583,8,4.863,0.015,14.024,38,0,16,0,0,3,1,1,0,0,0,0,0,0,0
20:49:28.325,0,0.5,332,0,0,0,47,46,0,0,1,52,49,0,0,0,0,0,0,0,0,0,12,190,1,35,35,16,34,16,35,34,34,35,-851583,8,4.863,0.015,14.024,38,0,16,0,0,3,1,1,0,0,0,0,0,0,0
20:49:28.425,0,0.4,332,0,0,0,47,46,0,0,1,52,49,0,0,0,0,0,0,0,0,0,12,190,1,35,35,16,34,16,35,34,34,35,-851583,8,4.863,0.015,14.024,38,0,16,0,0,3,1,1,0,0,0,0,0,0,0
20:49:28.525,0,0.4,332,0,0,0,47,46,0,0,1,51,50,0,0,0,0,0,0,0,0,0,12,190,1,35,35,16,34,16,35,34,34,35,-851583,8,4.863,0.015,14.024,38,0,16,0,0,3,1,1,0,0,0,0,0,0,0
20:49:28.625,0,0.5,332,0,0,0,47,46,0,0,1,51,49,0,0,0,0,0,0,0,0,0,12,190,1,35,35,16,35,16,35,34,34,35,-851583,8,4.863,0.015,14.024,38,0,16,0,0,3,1,1,0,0,0,0,0,0,0
20:49:28.725,0,0.5,332,0,0,0,47,46.1,0,0,1,51,49,0,0,0,0,0,0,0,0,0,12,190,1,35,35,16,34,16,35,34,34,35,-851583,8,4.863,0.015,14.024,38,0,16,0,0,3,1,1,0,0,0,0,0,0,0
20:49:28.825,0,0.3,331,0,0,0,47,46,0,0,1,50,49,0,0,0,0,0,0,0,0,0,12,190,1,35,35,16,34,16,35,34,34,35,-851583,8,4.863,0.015,14.024,38,0,16,0,0,3,1,1,0,0,0,0,0,0,0
20:49:28.925,0,0.5,330,0,0,0,47,46.2,0,0,1,50,49,0,0,0,0,0,0,0,0,0,12,190,1,35,35,16,34,16,35,34,34,35,-851583,8,4.858,0.015,14.024,38,0,16,0,0,3,1,1,0,0,0,0,0,0,0
20:49:29.025,0,0.4,333,0,0,0,47,46.1,0,0,1,50,49,0,0,0,0,0,0,0,0,0,12,190,1,35,35,16,34,16,35,34,34,35,-851583,8,4.863,0.015,14.024,38,0,16,0,0,3,1,1,0,0,0,0,0,0,0
20:49:29.125,0,0.5,332,0,0,0,47,46.1,0,0,1,50,49,0,0,0,0,0,0,0,0,0,12,190,1,35,35,16,34,16,35,34,34,35,-851583,8,4.863,0.015,14.024,38,0,16,0,0,3,1,1,0,0,0,0,0,0,0
20:49:29.225,0,0.5,331,0,0,0,47,46,0,0,1,50,49,0,0,0,0,0,0,0,0,0.1,12,190,1,35,35,16,34,16,35,34,34,35,-851583,8,4.863,0.015,14.024,38,0,16,0,0,3,1,1,0,0,0,0,0,0,0
20:49:29.325,0,0.4,333,0,0,0,47,46.2,0,0,1,50,49,0,0,0,0,0,0,0,0,0,12,190,1,35,35,16,34,16,35,34,34,35,-851583,8,4.863,0.015,14.024,38,0,16,0,0,3,1,1,0,0,0,0,0,0,0
20:49:29.425,-0.1,0.6,332,0,0,0,47,46.4,0,0,1,50,48,0,0,0,0,0,0,0,0,0,12,190,1,35,35,16,34,16,35,34,34,35,-851583,8,4.863,0.015,14.024,38,0,16,0,0,3,1,1,0,0,0,0,0,0,0
20:49:29.525,0,0.5,331,0,0,0,47,46.4,0,0,1,50,48,0,0,0,0,0,0,0,0,0,12,190,1,35,35,16,35,16,35,34,34,35,-851583,8,4.863,0.015,14.017,38,0,16,0,0,3,1,1,0,0,0,0,0,0,0
20:49:29.625,0,0.4,333,0,0,0,47,46.5,0,0,1,50,48,0,0,0,0,0,0,0,0,0,12,190,1,35,35,16,35,16,35,34,34,35,-851583,8,4.863,0.015,14.024,38,0,16,0,0,3,1,1,0,0,0,0,0,0,0
20:49:29.725,0,0.6,332,0,0,0,47,46.4,0,0,1,50,49,0,0,0,0,0,0,0,0,0,12,190,1,35,35,16,34,16,35,34,34,35,-851583,8,4.863,0.015,14.024,38,0,16,0,0,3,1,1,0,0,0,0,0,0,0
20:49:29.825,0,0.6,333,0,0,0,46.8,46.3,0,0,1,50,48,0,0,0,0,0,0,0,0,0,12,190,1,35,35,16,34,16,35,35,34,35,-851583,8,4.863,0.015,14.024,38,0,16,0,0,3,1,1,0,0,0,0,0,0,0
20:49:29.925,0,0.4,332,0,0,0,46.5,46.3,0,0,1,50,48,0,0,0,0,0,0,0,0,0,12,190,1,35,35,16,35,16,35,34,34,35,-851583,8,4.863,0.015,14.024,38,0,16,0,0,3,1,1,0,0,0,0,0,0,0
20:49:30.025,0,0.5,333,0,0,0,46.1,46.5,0,0,1,50,49,0,0,0,0,0,0,0,0,0,12,190,1,35,35,16,35,16,35,34,34,35,-851583,8,4.863,0.015,14.024,37,0,16,0,0,3,1,1,0,0,0,0,0,0,0
20:49:30.125,0,0.6,333,0,0,0,46,46.6,0,0,1,50,48,0,0,0,0,0,0,0,0,0,12,190,1,35,35,16,16,16,35,34,34,35,-851583,8,4.863,0.015,14.024,38,0,16,0,0,3,1,1,0,0,0,0,0,0,0
20:49:30.225,0,0.5,332,0,0,0,46,46.8,0,0,1,50,49,0,0,0,0,0,0,0,0,0,12,190,1,35,35,16,34,16,35,34,34,35,-851583,8,4.863,0.015,14.024,37,0,16,0,0,3,1,1,0,0,0,0,0,0,0
20:49:30.325,0,0.5,332,0,0,0,46,46.7,0,0,1,50,48,0,0,0,0,0,0,0,0,0,12,190,1,35,35,16,35,16,35,34,34,35,-851583,8,4.863,0.015,14.017,37,0,16,0,0,3,1,1,0,0,0,0,0,0,0
20:49:30.425,0,0.5,332,0,0,0,46,46.7,0,0,1,49,49,0,0,0,0,0,0,0,0,0,12,190,1,35,35,16,35,16,35,34,34,35,-851583,8,4.858,0.015,14.024,38,0,16,0,0,3,1,1,0,0,0,0,0,0,0
20:49:30.525,0,0.6,332,0,0,0,46,46.7,0,0,1,49,48,0,0,0,0,0,0,0,0,0,12,190,1,35,35,16,34,16,35,34,34,35,-851583,8,4.863,0.015,14.024,38,0,16,0,0,3,1,1,0,0,0,0,0,0,0
20:49:30.625,0,0.4,332,0,0,0,46,46.8,0,0,1,50,48,0,0,0,0,0,0,0,0,0,12,190,1,35,35,16,35,16,35,34,34,35,-851583,8,4.863,0.015,14.024,38,0,16,0,0,3,1,1,0,0,0,0,0,0,0
20:49:30.725,0,0.3,332,0,0,0,46,46.7,0,0,1,50,48,0,0,0,0,0,0,0,0,0,12,190,1,35,35,16,35,16,35,34,34,35,-851583,8,4.863,0.015,14.024,38,0,16,0,0,3,1,1,0,0,0,0,0,0,0
20:49:30.825,0,0.5,333,0,0,0,46,46.9,0,0,1,49,48,0,0,0,0,0,0,0,0,0,12,190,1,35,35,16,34,16,35,34,34,35,-851583,8,4.863,0.015,14.024,38,0,16,0,0,3,1,1,0,0,0,0,0,0,0
20:49:30.925,0,0.5,332,0,0,0,46,46.9,0,0,1,50,48,0,0,0,0,0,0,0,0,0,12,190,1,35,35,16,35,16,35,34,34,35,-851583,8,4.863,0.015,14.024,38,0,16,0,0,3,1,1,0,0,0,0,0,0,0
20:49:31.025,0,0.6,333,0,0,0,46,46.9,0,0,1,49,48,0,0,0,0,0,0,0,0,0,12,190,1,35,35,16,35,16,35,34,34,35,-851583,8,4.863,0.015,14.024,38,0,16,0,0,3,1,1,0,0,0,0,0,0,0
20:49:31.125,0,0.6,333,0,0,0,46,46.8,0,0,1,50,48,0,0,0,0,0,0,0,0,0,12,190,1,35,35,16,34,16,35,34,34,35,-851583,8,4.863,0.015,14.024,38,0,16,0,0,3,1,1,0,0,0,0,0,0,0
20:49:31.225,0,0.5,332,0,0,0,46,46.8,0,0,1,49,48,0,0,0,0,0,0,0,0,0,12,190,1,35,35,16,34,16,35,34,34,35,-851583,8,4.863,0.015,14.024,38,0,16,0,0,3,1,1,0,0,0,0,0,0,0
20:49:31.325,0,0.5,332,0,0,0,46,46.9,0,0,1,50,48,0,0,0,0,0,0,0,0,0,12,190,1,35,35,16,34,16,35,34,34,35,-851583,8,4.863,0.015,14.017,38,0,16,0,0,3,1,1,0,0,0,0,0,0,0
20:49:31.425,0,0.5,332,0,0,0,46,46.9,0,0,1,50,48,0,0,0,0,0,0,0,0,0,12,190,1,35,35,16,35,16,35,34,34,35,-851583,8,4.863,0.015,14.024,38,0,16,0,0,3,1,1,0,0,0,0,0,0,0
20:49:31.525,0,0.4,332,0,0,0,46,46.9,0,0,1,50,48,0,0,0,0,0,0,0,0,0,12,190,1,35,35,16,34,16,35,34,34,35,-851583,8,4.863,0.015,14.024,38,0,16,0,0,3,1,1,0,0,0,0,0,0,0
20:49:31.625,0,0.6,332,0,0,0,46,46.9,0,0,1,50,48,0,0,0,0,0,0,0,0,0,12,190,1,35,35,16,34,16,35,34,34,35,-851583,8,4.858,0.015,14.024,38,0,16,0,0,3,1,1,0,0,0,0,0,0,0
20:49:31.725,0,0.5,333,0,0,0,46,46.9,0,0,1,49,48,0,0,0,0,0,0,0,0,0,12,190,1,35,35,16,35,16,35,34,34,35,-851583,8,4.863,0.015,14.024,38,0,16,0,0,3,1,1,0,0,0,0,0,0,0
20:49:31.825,0,0.5,333,0,0,0,46,46.9,0,0,1,49,48,0,0,0,0,0,0,0,0,0,12,190,1,35,35,16,35,16,35,34,34,35,-851583,8,4.863,0.015,14.024,38,0,16,0,0,3,1,1,0,0,0,0,0,0,0
20:49:31.925,0,0.4,332,0,0,0,46,46.9,0,0,1,49,48,0,0,0,0,0,0,0,0,0,12,190,1,35,35,16,34,16,35,34,34,35,-851583,8,4.863,0.015,14.024,38,0,16,0,0,3,1,1,0,0,0,0,0,0,0
20:49:32.025,0,0.3,332,0,0,0,46,46.9,0,0,1,52,48,0,0,0,0,0,0,0,0,0,12,190,1,35,35,16,34,16,35,35,34,35,-851583,8,4.863,0.015,14.024,38,0,16,0,0,3,1,1,0,0,0,0,0,0,0
20:49:32.125,0,0.5,332,0,0,0,46,46.9,0,0,1,51,49,0,0,0,0,0,0,0,0,0,12,190,1,35,35,16,35,16,35,35,34,35,-851583,8,4.863,0.015,14.024,38,0,16,0,0,3,1,1,0,0,0,0,0,0,0
20:49:32.225,0,0.5,332,0,0,0,46,46.9,0,0,1,52,49,0,0,0,0,0,0,0,0,0,12,190,1,35,35,16,34,16,35,34,34,35,-851583,8,4.863,0.015,14.024,38,0,16,0,0,3,1,1,0,0,0,0,0,0,0
20:49:32.325,0,0.4,332,0,0,0,46,46.9,0,0,1,51,49,0,0,0,0,0,0,0,0,0,12,190,1,35,35,16,35,16,35,34,34,35,-851583,8,4.863,0.015,14.024,37,0,16,0,0,3,1,1,0,0,0,0,0,0,0
20:49:32.425,0,0.5,332,0,0,0,46,46.8,0,0,1,51,49,0,0,0,0,0,0,0,0,0,12,190,1,35,35,16,34,16,35,34,34,35,-851583,8,4.863,0.015,14.024,38,0,16,0,0,3,1,1,0,0,0,0,0,0,0
20:49:32.525,0,0.5,332,0,0,0,46,46.9,0,0,1,50,49,0,0,0,0,0,0,0,0,0,12,190,1,35,35,16,34,16,35,34,34,35,-851583,8,4.863,0.015,14.024,38,0,16,0,0,3,1,1,0,0,0,0,0,0,0
20:49:32.625,0,0.4,331,0,0,0,46,46.9,0,0,1,51,49,0,0,0,0,0,0,0,0,0,12,190,1,35,35,16,35,16,35,34,34,35,-851583,8,4.863,0.015,14.024,38,0,16,0,0,3,1,1,0,0,0,0,0,0,0
20:49:32.725,0,0.5,333,0,0,0,46,46.9,0,0,1,51,49,0,0,0,0,0,0,0,0,0,12,190,1,35,35,16,35,16,35,34,34,35,-851583,8,4.863,0.015,14.024,38,0,16,0,0,3,1,1,0,0,0,0,0,0,0
20:49:32.825,0,0.3,333,0,0,0,46,46.9,0,0,1,51,49,0,0,0,0,0,0,0,0,0,12,190,1,35,35,16,35,16,35,34,34,35,-851583,8,4.863,0.015,14.024,38,0,16,0,0,3,1,1,0,0,0,0,0,0,0
20:49:32.925,0,0.5,332,0,0,0,46,46.9,0,0,1,50,49,0,0,0,0,0,0,0,0,0,12,190,1,35,35,16,35,16,35,35,34,35,-851583,8,4.863,0.015,14.024,38,0,16,0,0,3,1,1,0,0,0,0,0,0,0
20:49:33.025,0,0.5,333,0,0,0,46,46.9,0,0,1,50,49,0,0,0,0,0,0,0,0,0,12,190,1,35,35,16,34,16,35,35,34,35,-851583,8,4.863,0.015,14.024,38,0,16,0,0,3,1,1,0,0,0,0,0,0,0
20:49:33.125,0,0.5,332,0,0,0,46,46.9,0,0,1,50,48,0,0,0,0,0,0,0,0,0,12,190,1,35,35,16,34,16,35,35,34,35,-851583,8,4.863,0.015,14.024,38,0,16,0,0,3,1,1,0,0,0,0,0,0,0
20:49:33.225,0,0.5,332,0,0,0,46,46.9,0,0,1,50,49,0,0,0,0,0,0,0,0,0,12,190,1,35,35,16,35,16,35,34,34,35,-851583,8,4.863,0.015,14.017,38,0,16,0,0,3,1,1,0,0,0,0,0,0,0
20:49:33.325,0,0.7,332,0,0,0,46,46.9,0,0,1,50,49,0,0,0,0,0,0,0,0,0,12,190,1,35,35,16,34,16,35,34,34,35,-851583,8,4.863,0.015,14.024,38,0,16,0,0,3,1,1,0,0,0,0,0,0,0
20:49:33.425,0,0.4,333,0,0,0,46,46.9,0,0,1,50,49,0,0,0,0,0,0,0,0,0,12,190,1,35,35,16,35,16,35,34,34,35,-851583,8,4.863,0.015,14.017,38,0,16,0,0,3,1,1,0,0,0,0,0,0,0
20:49:33.525,0,0.6,333,0,0,0,46,46.9,0,0,1,50,49,0,0,0,0,0,0,0,0,0,12,190,1,35,35,16,35,16,35,34,34,35,-851583,8,4.863,0.015,14.024,38,0,16,0,0,3,1,1,0,0,0,0,0,0,0
20:49:33.625,0,0.5,332,0,0,0,46,46.9,0,0,1,50,48,0,0,0,0,0,0,0,0,0,12,190,1,35,35,16,35,16,35,34,34,35,-851583,8,4.863,0.015,14.017,38,0,16,0,0,3,1,1,0,0,0,0,0,0,0
20:49:33.725,0,0.4,333,0,0,0,46,46.9,0,0,1,50,48,0,0,0,0,0,0,0,0,0,12,190,1,35,35,16,34,16,35,34,34,35,-851583,8,4.863,0.015,14.024,38,0,16,0,0,3,1,1,0,0,0,0,0,0,0
20:49:33.825,0,0.5,333,0,0,0,46,46.9,0,0,1,50,48,0,0,0,0,0,0,0,0,0,12,190,1,35,35,16,35,16,35,34,34,35,-851583,8,4.863,0.015,14.017,38,0,16,0,0,3,1,1,0,0,0,0,0,0,0
20:49:33.925,0,0.4,333,0,0,0,46,46.9,0,0,1,50,48,0,0,0,0,0,0,0,0,0,12,190,1,35,35,16,34,16,35,34,34,35,-851583,8,4.863,0.015,14.017,38,0,16,0,0,3,1,1,0,0,0,0,0,0,0
20:49:34.025,0,0.5,332,0,0,0,46,46.9,0,0,1,49,48,0,0,0,0,0,0,0,0,0,12,190,1,35,35,16,35,16,35,34,34,35,-851583,8,4.863,0.015,14.017,38,0,16,0,0,3,1,1,0,0,0,0,0,0,0
20:49:34.125,0,0.5,333,0,0,0,46,46.9,0,0,1,50,48,0,0,0,0,0,0,0,0,0,12,190,1,35,35,16,34,16,35,34,34,35,-851583,8,4.863,0.015,14.017,38,0,16,0,0,3,1,1,0,0,0,0,0,0,0
20:49:34.225,0,0.4,332,0,0,0,46,46.9,0,0,1,50,48,0,0,0,0,0,0,0,0,0,12,190,1,35,35,16,34,16,35,34,34,35,-851583,8,4.863,0.015,14.017,38,0,16,0,0,3,1,1,0,0,0,0,0,0,0
20:49:34.325,0,0.5,332,0,0,0,46,46.9,0,0,1,50,48,0,0,0,0,0,0,0,0,0,12,190,1,35,35,16,34,16,35,34,34,35,-851583,8,4.863,0.015,14.017,38,0,16,0,0,3,1,1,0,0,0,0,0,0,0
20:49:34.425,0,0.5,332,0,0,0,46,46.9,0,0,1,49,48,0,0,0,0,0,0,0,0,0,12,190,1,35,35,16,34,16,35,35,34,35,-851583,8,4.863,0.015,14.017,38,0,16,0,0,3,1,1,0,0,0,0,0,0,0
20:49:34.525,0,0.4,333,0,0,0,46,46.9,0,0,1,50,48,0,0,0,0,0,0,0,0,0,12,190,1,35,35,16,34,16,35,34,34,35,-851583,8,4.863,0.015,14.017,38,0,16,0,0,3,1,1,0,0,0,0,0,0,0
20:49:34.625,0,0.5,333,0,0,0,46,46.9,0,0,1,49,48,0,0,0,0,0,0,0,0,0,12,190,1,35,35,16,35,16,35,34,34,35,-851583,8,4.863,0.015,14.024,38,0,16,0,0,3,1,1,0,0,0,0,0,0,0
20:49:34.725,0,0.7,331,0,0,0,46,46.9,0,0,1,49,48,0,0,0,0,0,0,0,0,0,12,190,1,35,35,16,34,16,35,34,34,35,-851583,8,4.863,0.015,14.024,38,0,16,0,0,3,1,1,0,0,0,0,0,0,0
20:49:34.825,0,0.5,332,0,0,0,46,46.9,0,0,1,49,48,0,0,0,0,0,0,0,0,0,12,190,1,35,35,16,34,16,35,34,34,35,-851583,8,4.863,0.015,14.017,37,0,16,0,0,3,1,1,0,0,0,0,0,0,0
