recording_id,segment_id,start_s,end_s,prediction_kind,score,label_status,pca_reconstruction_error
18385fe48224fbfa0cd6d17705d9305f857d70ef07b47b55502d04ff71359269,window_0,0.0,10.0,autoencoder_reconstruction_error,1.2634342022467209,provisional_unverified,0.8196964773958665
18385fe48224fbfa0cd6d17705d9305f857d70ef07b47b55502d04ff71359269,window_1,2.0,12.0,autoencoder_reconstruction_error,0.4746894069763746,provisional_unverified,0.4771087768908503
18385fe48224fbfa0cd6d17705d9305f857d70ef07b47b55502d04ff71359269,window_2,4.0,14.0,autoencoder_reconstruction_error,0.05686760641994754,provisional_unverified,0.12406035484310307
18385fe48224fbfa0cd6d17705d9305f857d70ef07b47b55502d04ff71359269,window_3,6.0,16.0,autoencoder_reconstruction_error,0.05526258708659092,provisional_unverified,0.12505927861184007
18385fe48224fbfa0cd6d17705d9305f857d70ef07b47b55502d04ff71359269,window_4,8.0,18.0,autoencoder_reconstruction_error,0.06031455442688636,provisional_unverified,0.12964224417184333
18385fe48224fbfa0cd6d17705d9305f857d70ef07b47b55502d04ff71359269,window_5,10.0,20.0,autoencoder_reconstruction_error,0.06099327858490523,provisional_unverified,0.12882033893120154
18385fe48224fbfa0cd6d17705d9305f857d70ef07b47b55502d04ff71359269,window_6,12.0,22.0,autoencoder_reconstruction_error,0.06346601245503262,provisional_unverified,0.13388282643953783
18385fe48224fbfa0cd6d17705d9305f857d70ef07b47b55502d04ff71359269,window_7,14.0,24.0,autoencoder_reconstruction_error,0.07991406140362782,provisional_unverified,0.1483466428502992
18385fe48224fbfa0cd6d17705d9305f857d70ef07b47b55502d04ff71359269,window_8,16.0,26.0,autoencoder_reconstruction_error,0.07830085769339301,provisional_unverified,0.14748495624491648
18385fe48224fbfa0cd6d17705d9305f857d70ef07b47b55502d04ff71359269,window_9,18.0,28.0,autoencoder_reconstruction_error,0.0823508386722335,provisional_unverified,0.150269625196049
18385fe48224fbfa0cd6d17705d9305f857d70ef07b47b55502d04ff71359269,window_10,20.0,30.0,autoencoder_reconstruction_error,0.07594229120509109,provisional_unverified,0.14585934748611212
18385fe48224fbfa0cd6d17705d9305f857d70ef07b47b55502d04ff71359269,window_11,22.0,32.0,autoencoder_reconstruction_error,0.07222309808545223,provisional_unverified,0.14051010168022993
18385fe48224fbfa0cd6d17705d9305f857d70ef07b47b55502d04ff71359269,window_12,24.0,34.0,autoencoder_reconstruction_error,0.05452073928340228,provisional_unverified,0.12393532303769086
18385fe48224fbfa0cd6d17705d9305f857d70ef07b47b55502d04ff71359269,window_13,26.0,36.0,autoencoder_reconstruction_error,0.06823535868196683,provisional_unverified,0.13923468503754624
18385fe48224fbfa0cd6d17705d9305f857d70ef07b47b55502d04ff71359269,window_14,28.0,38.0,autoencoder_reconstruction_error,0.0630920865958683,provisional_unverified,0.13293071630510994
18385fe48224fbfa0cd6d17705d9305f857d70ef07b47b55502d04ff71359269,window_15,30.0,40.0,autoencoder_reconstruction_error,0.08000185457461241,provisional_unverified,0.15160899254373197
18385fe48224fbfa0cd6d17705d9305f857d70ef07b47b55502d04ff71359269,window_16,32.0,42.0,autoencoder_reconstruction_error,0.11263809582701112,provisional_unverified,0.18492779716996305
18385fe48224fbfa0cd6d17705d9305f857d70ef07b47b55502d04ff71359269,window_17,34.0,44.0,autoencoder_reconstruction_error,0.11630838832927061,provisional_unverified,0.19899116430867345
18385fe48224fbfa0cd6d17705d9305f857d70ef07b47b55502d04ff71359269,window_18,36.0,46.0,autoencoder_reconstruction_error,0.1132769168265398,provisional_unverified,0.182165433473469
18385fe48224fbfa0cd6d17705d9305f857d70ef07b47b55502d04ff71359269,window_19,38.0,48.0,autoencoder_reconstruction_error,0.12062198067740881,provisional_unverified,0.183189228883844
18385fe48224fbfa0cd6d17705d9305f857d70ef07b47b55502d04ff71359269,window_20,40.0,50.0,autoencoder_reconstruction_error,0.11163168887855959,provisional_unverified,0.1668587066751473
18385fe48224fbfa0cd6d17705d9305f857d70ef07b47b55502d04ff71359269,window_21,42.0,52.0,autoencoder_reconstruction_error,0.08665938850080962,provisional_unverified,0.13969085388490501
18385fe48224fbfa0cd6d17705d9305f857d70ef07b47b55502d04ff71359269,window_22,44.0,54.0,autoencoder_reconstruction_error,0.09125024351145271,provisional_unverified,0.1406079168415987
18385fe48224fbfa0cd6d17705d9305f857d70ef07b47b55502d04ff71359269,window_23,46.0,56.0,autoencoder_reconstruction_error,0.08357832708215929,provisional_unverified,0.15175277845475355
18385fe48224fbfa0cd6d17705d9305f857d70ef07b47b55502d04ff71359269,window_24,48.0,58.0,autoencoder_reconstruction_error,0.08578194467125175,provisional_unverified,0.15667555950143702
18385fe48224fbfa0cd6d17705d9305f857d70ef07b47b55502d04ff71359269,window_25,50.0,60.0,autoencoder_reconstruction_error,0.08273710698330639,provisional_unverified,0.15186502890686074
18385fe48224fbfa0cd6d17705d9305f857d70ef07b47b55502d04ff71359269,window_26,52.0,62.0,autoencoder_reconstruction_error,0.08189743238805275,provisional_unverified,0.15043112692776525
18385fe48224fbfa0cd6d17705d9305f857d70ef07b47b55502d04ff71359269,window_27,54.0,64.0,autoencoder_reconstruction_error,0.08162515452979506,provisional_unverified,0.1503829229412724
18385fe48224fbfa0cd6d17705d9305f857d70ef07b47b55502d04ff71359269,window_28,56.0,66.0,autoencoder_reconstruction_error,0.08763498231251388,provisional_unverified,0.15711493207751198
18385fe48224fbfa0cd6d17705d9305f857d70ef07b47b55502d04ff71359269,window_29,58.0,68.0,autoencoder_reconstruction_error,0.10404353989950499,provisional_unverified,0.16564604530458898
18385fe48224fbfa0cd6d17705d9305f857d70ef07b47b55502d04ff71359269,window_30,60.0,70.0,autoencoder_reconstruction_error,0.11394853267255951,provisional_unverified,0.18442448372665296
18385fe48224fbfa0cd6d17705d9305f857d70ef07b47b55502d04ff71359269,window_31,62.0,72.0,autoencoder_reconstruction_error,0.12827145956720942,provisional_unverified,0.18727994737616221
18385fe48224fbfa0cd6d17705d9305f857d70ef07b47b55502d04ff71359269,window_32,64.0,74.0,autoencoder_reconstruction_error,0.11797749319666852,provisional_unverified,0.17671086725641966
18385fe48224fbfa0cd6d17705d9305f857d70ef07b47b55502d04ff71359269,window_33,66.0,76.0,autoencoder_reconstruction_error,0.11294803640221883,provisional_unverified,0.16793239262219445
18385fe48224fbfa0cd6d17705d9305f857d70ef07b47b55502d04ff71359269,window_34,68.0,78.0,autoencoder_reconstruction_error,0.0919569735049557,provisional_unverified,0.15098544997216193
18385fe48224fbfa0cd6d17705d9305f857d70ef07b47b55502d04ff71359269,window_35,70.0,80.0,autoencoder_reconstruction_error,0.07679217376929338,provisional_unverified,0.14376461149323966
18385fe48224fbfa0cd6d17705d9305f857d70ef07b47b55502d04ff71359269,window_36,72.0,82.0,autoencoder_reconstruction_error,0.05909193735834428,provisional_unverified,0.12408999901514645
18385fe48224fbfa0cd6d17705d9305f857d70ef07b47b55502d04ff71359269,window_37,74.0,84.0,autoencoder_reconstruction_error,0.062229063568694044,provisional_unverified,0.12669856048954858
18385fe48224fbfa0cd6d17705d9305f857d70ef07b47b55502d04ff71359269,window_38,76.0,86.0,autoencoder_reconstruction_error,0.06227045111944217,provisional_unverified,0.12920204108681071
18385fe48224fbfa0cd6d17705d9305f857d70ef07b47b55502d04ff71359269,window_39,78.0,88.0,autoencoder_reconstruction_error,0.06908300094125043,provisional_unverified,0.13435046171359297
18385fe48224fbfa0cd6d17705d9305f857d70ef07b47b55502d04ff71359269,window_40,80.0,90.0,autoencoder_reconstruction_error,0.07254900292900501,provisional_unverified,0.13784922902700159
18385fe48224fbfa0cd6d17705d9305f857d70ef07b47b55502d04ff71359269,window_41,82.0,92.0,autoencoder_reconstruction_error,0.07670146010023908,provisional_unverified,0.14171959561433095
18385fe48224fbfa0cd6d17705d9305f857d70ef07b47b55502d04ff71359269,window_42,84.0,94.0,autoencoder_reconstruction_error,0.08051747074957617,provisional_unverified,0.1468671230113299
18385fe48224fbfa0cd6d17705d9305f857d70ef07b47b55502d04ff71359269,window_43,86.0,96.0,autoencoder_reconstruction_error,0.07564653663646251,provisional_unverified,0.1436099541514182
18385fe48224fbfa0cd6d17705d9305f857d70ef07b47b55502d04ff71359269,window_44,88.0,98.0,autoencoder_reconstruction_error,0.08259279411959432,provisional_unverified,0.1464637396885377
18385fe48224fbfa0cd6d17705d9305f857d70ef07b47b55502d04ff71359269,window_45,90.0,100.0,autoencoder_reconstruction_error,0.08184649195133911,provisional_unverified,0.146940874538509
18385fe48224fbfa0cd6d17705d9305f857d70ef07b47b55502d04ff71359269,window_46,92.0,102.0,autoencoder_reconstruction_error,0.07809237420610939,provisional_unverified,0.14395032996720114
18385fe48224fbfa0cd6d17705d9305f857d70ef07b47b55502d04ff71359269,window_47,94.0,104.0,autoencoder_reconstruction_error,0.07094715377751196,provisional_unverified,0.1371888826908156
18385fe48224fbfa0cd6d17705d9305f857d70ef07b47b55502d04ff71359269,window_48,96.0,106.0,autoencoder_reconstruction_error,0.07436418683744056,provisional_unverified,0.1395414152618525
18385fe48224fbfa0cd6d17705d9305f857d70ef07b47b55502d04ff71359269,window_49,98.0,108.0,autoencoder_reconstruction_error,0.06388474831838588,provisional_unverified,0.13210933069752115
18385fe48224fbfa0cd6d17705d9305f857d70ef07b47b55502d04ff71359269,window_50,100.0,110.0,autoencoder_reconstruction_error,0.06242570146779659,provisional_unverified,0.13032122821217512
18385fe48224fbfa0cd6d17705d9305f857d70ef07b47b55502d04ff71359269,window_51,102.0,112.0,autoencoder_reconstruction_error,0.05468398528718779,provisional_unverified,0.12299465824313535
18385fe48224fbfa0cd6d17705d9305f857d70ef07b47b55502d04ff71359269,window_52,104.0,114.0,autoencoder_reconstruction_error,0.3328550052866839,provisional_unverified,0.4090435691173176
18385fe48224fbfa0cd6d17705d9305f857d70ef07b47b55502d04ff71359269,window_53,106.0,116.0,autoencoder_reconstruction_error,0.8055633281992304,provisional_unverified,0.7984842407533518
18385fe48224fbfa0cd6d17705d9305f857d70ef07b47b55502d04ff71359269,window_54,108.0,118.0,autoencoder_reconstruction_error,1.3546001536983434,provisional_unverified,1.0488318462440258
18385fe48224fbfa0cd6d17705d9305f857d70ef07b47b55502d04ff71359269,window_55,110.0,120.0,autoencoder_reconstruction_error,0.9413721222670272,provisional_unverified,0.7171861321678406
18385fe48224fbfa0cd6d17705d9305f857d70ef07b47b55502d04ff71359269,window_56,112.0,122.0,autoencoder_reconstruction_error,0.6703299772717687,provisional_unverified,0.8899968311261157
18385fe48224fbfa0cd6d17705d9305f857d70ef07b47b55502d04ff71359269,window_57,114.0,124.0,autoencoder_reconstruction_error,0.7048555280222016,provisional_unverified,1.0948379846100644
18385fe48224fbfa0cd6d17705d9305f857d70ef07b47b55502d04ff71359269,window_58,116.0,126.0,autoencoder_reconstruction_error,0.3114774318250678,provisional_unverified,0.27719388030201336
18385fe48224fbfa0cd6d17705d9305f857d70ef07b47b55502d04ff71359269,window_59,118.0,128.0,autoencoder_reconstruction_error,0.08994398777287899,provisional_unverified,0.1426736328349714
18385fe48224fbfa0cd6d17705d9305f857d70ef07b47b55502d04ff71359269,window_60,120.0,130.0,autoencoder_reconstruction_error,0.0651471408078596,provisional_unverified,0.1310174276079942
18385fe48224fbfa0cd6d17705d9305f857d70ef07b47b55502d04ff71359269,window_61,122.0,132.0,autoencoder_reconstruction_error,0.058810380478011764,provisional_unverified,0.12759967163175107
18385fe48224fbfa0cd6d17705d9305f857d70ef07b47b55502d04ff71359269,window_62,124.0,134.0,autoencoder_reconstruction_error,0.05461462598246688,provisional_unverified,0.12440298044425396
18385fe48224fbfa0cd6d17705d9305f857d70ef07b47b55502d04ff71359269,window_63,126.0,136.0,autoencoder_reconstruction_error,0.20235236881340443,provisional_unverified,0.2791599461004856
18385fe48224fbfa0cd6d17705d9305f857d70ef07b47b55502d04ff71359269,window_64,128.0,138.0,autoencoder_reconstruction_error,4.238998175199804,provisional_unverified,4.308257995231171
18385fe48224fbfa0cd6d17705d9305f857d70ef07b47b55502d04ff71359269,window_65,130.0,140.0,autoencoder_reconstruction_error,20.851969609017264,provisional_unverified,20.205191948737898
18385fe48224fbfa0cd6d17705d9305f857d70ef07b47b55502d04ff71359269,window_66,132.0,142.0,autoencoder_reconstruction_error,21.087080461968387,provisional_unverified,17.10977852013653
18385fe48224fbfa0cd6d17705d9305f857d70ef07b47b55502d04ff71359269,window_67,134.0,144.0,autoencoder_reconstruction_error,26.581024194443422,provisional_unverified,48.80313032240783
18385fe48224fbfa0cd6d17705d9305f857d70ef07b47b55502d04ff71359269,window_68,136.0,146.0,autoencoder_reconstruction_error,41.47323218817837,provisional_unverified,59.06476996236833
18385fe48224fbfa0cd6d17705d9305f857d70ef07b47b55502d04ff71359269,window_69,138.0,148.0,autoencoder_reconstruction_error,31.428720666227495,provisional_unverified,32.86431956059737
18385fe48224fbfa0cd6d17705d9305f857d70ef07b47b55502d04ff71359269,window_70,140.0,150.0,autoencoder_reconstruction_error,33.77179767788807,provisional_unverified,41.208341126735256
18385fe48224fbfa0cd6d17705d9305f857d70ef07b47b55502d04ff71359269,window_71,142.0,152.0,autoencoder_reconstruction_error,48.45267744162871,provisional_unverified,56.410693316391736
18385fe48224fbfa0cd6d17705d9305f857d70ef07b47b55502d04ff71359269,window_72,144.0,154.0,autoencoder_reconstruction_error,46.52640574277559,provisional_unverified,61.24356354776277
18385fe48224fbfa0cd6d17705d9305f857d70ef07b47b55502d04ff71359269,window_73,146.0,156.0,autoencoder_reconstruction_error,54.318618524220824,provisional_unverified,32.14128643907982
18385fe48224fbfa0cd6d17705d9305f857d70ef07b47b55502d04ff71359269,window_74,148.0,158.0,autoencoder_reconstruction_error,34.53350551966707,provisional_unverified,30.931736303513325
18385fe48224fbfa0cd6d17705d9305f857d70ef07b47b55502d04ff71359269,window_75,150.0,160.0,autoencoder_reconstruction_error,56.3141970071903,provisional_unverified,37.2964270645637
18385fe48224fbfa0cd6d17705d9305f857d70ef07b47b55502d04ff71359269,window_76,152.0,162.0,autoencoder_reconstruction_error,38.43802709420894,provisional_unverified,27.78602581688651
18385fe48224fbfa0cd6d17705d9305f857d70ef07b47b55502d04ff71359269,window_77,154.0,164.0,autoencoder_reconstruction_error,49.51285319964848,provisional_unverified,37.27738809105077
18385fe48224fbfa0cd6d17705d9305f857d70ef07b47b55502d04ff71359269,window_78,156.0,166.0,autoencoder_reconstruction_error,33.691445573575606,provisional_unverified,37.182479053774294
18385fe48224fbfa0cd6d17705d9305f857d70ef07b47b55502d04ff71359269,window_79,158.0,168.0,autoencoder_reconstruction_error,43.2599526577693,provisional_unverified,50.004557239522704
18385fe48224fbfa0cd6d17705d9305f857d70ef07b47b55502d04ff71359269,window_80,160.0,170.0,autoencoder_reconstruction_error,61.62025006881664,provisional_unverified,70.26414498192183
18385fe48224fbfa0cd6d17705d9305f857d70ef07b47b55502d04ff71359269,window_81,162.0,172.0,autoencoder_reconstruction_error,59.41125676471171,provisional_unverified,64.94709178923185
18385fe48224fbfa0cd6d17705d9305f857d70ef07b47b55502d04ff71359269,window_82,164.0,174.0,autoencoder_reconstruction_error,110.71744213314098,provisional_unverified,40.88108298136084
18385fe48224fbfa0cd6d17705d9305f857d70ef07b47b55502d04ff71359269,window_83,166.0,176.0,autoencoder_reconstruction_error,40.00350882173169,provisional_unverified,33.21919819814057
18385fe48224fbfa0cd6d17705d9305f857d70ef07b47b55502d04ff71359269,window_84,168.0,178.0,autoencoder_reconstruction_error,50.62472149236654,provisional_unverified,27.69656567365957
18385fe48224fbfa0cd6d17705d9305f857d70ef07b47b55502d04ff71359269,window_85,170.0,180.0,autoencoder_reconstruction_error,25.504188436011002,provisional_unverified,38.36855536871874
18385fe48224fbfa0cd6d17705d9305f857d70ef07b47b55502d04ff71359269,window_86,172.0,182.0,autoencoder_reconstruction_error,20.509428498466374,provisional_unverified,34.93337873383304
18385fe48224fbfa0cd6d17705d9305f857d70ef07b47b55502d04ff71359269,window_87,174.0,184.0,autoencoder_reconstruction_error,17.198186740417373,provisional_unverified,15.168732232661638
18385fe48224fbfa0cd6d17705d9305f857d70ef07b47b55502d04ff71359269,window_88,176.0,186.0,autoencoder_reconstruction_error,14.780271599611307,provisional_unverified,17.96441049562124
18385fe48224fbfa0cd6d17705d9305f857d70ef07b47b55502d04ff71359269,window_89,178.0,188.0,autoencoder_reconstruction_error,20.062603848458924,provisional_unverified,19.449616088368746
18385fe48224fbfa0cd6d17705d9305f857d70ef07b47b55502d04ff71359269,window_90,180.0,190.0,autoencoder_reconstruction_error,17.361004617625536,provisional_unverified,19.658716696266286
18385fe48224fbfa0cd6d17705d9305f857d70ef07b47b55502d04ff71359269,window_91,182.0,192.0,autoencoder_reconstruction_error,31.46115259078153,provisional_unverified,33.91698739116189
18385fe48224fbfa0cd6d17705d9305f857d70ef07b47b55502d04ff71359269,window_92,184.0,194.0,autoencoder_reconstruction_error,32.68206437602171,provisional_unverified,37.03933141617164
18385fe48224fbfa0cd6d17705d9305f857d70ef07b47b55502d04ff71359269,window_93,186.0,196.0,autoencoder_reconstruction_error,28.12309213995976,provisional_unverified,26.990034575239278
18385fe48224fbfa0cd6d17705d9305f857d70ef07b47b55502d04ff71359269,window_94,188.0,198.0,autoencoder_reconstruction_error,31.144911521328904,provisional_unverified,32.6270342332895
18385fe48224fbfa0cd6d17705d9305f857d70ef07b47b55502d04ff71359269,window_95,190.0,200.0,autoencoder_reconstruction_error,35.89874873207681,provisional_unverified,28.928903626021608
18385fe48224fbfa0cd6d17705d9305f857d70ef07b47b55502d04ff71359269,window_96,192.0,202.0,autoencoder_reconstruction_error,34.089702481562156,provisional_unverified,33.17813337610936
18385fe48224fbfa0cd6d17705d9305f857d70ef07b47b55502d04ff71359269,window_97,194.0,204.0,autoencoder_reconstruction_error,43.26822599978556,provisional_unverified,53.93288138667887
18385fe48224fbfa0cd6d17705d9305f857d70ef07b47b55502d04ff71359269,window_98,196.0,206.0,autoencoder_reconstruction_error,56.32131333809333,provisional_unverified,70.63299624282791
18385fe48224fbfa0cd6d17705d9305f857d70ef07b47b55502d04ff71359269,window_99,198.0,208.0,autoencoder_reconstruction_error,77.39154861995793,provisional_unverified,86.83844415027313
18385fe48224fbfa0cd6d17705d9305f857d70ef07b47b55502d04ff71359269,window_100,200.0,210.0,autoencoder_reconstruction_error,57.77345355127498,provisional_unverified,71.64552149170963
18385fe48224fbfa0cd6d17705d9305f857d70ef07b47b55502d04ff71359269,window_101,202.0,212.0,autoencoder_reconstruction_error,50.10011738829364,provisional_unverified,56.899277049489655
18385fe48224fbfa0cd6d17705d9305f857d70ef07b47b55502d04ff71359269,window_102,204.0,214.0,autoencoder_reconstruction_error,20.88965829925095,provisional_unverified,21.415214404366214
18385fe48224fbfa0cd6d17705d9305f857d70ef07b47b55502d04ff71359269,window_103,206.0,216.0,autoencoder_reconstruction_error,17.047513184505885,provisional_unverified,15.29877247885083
18385fe48224fbfa0cd6d17705d9305f857d70ef07b47b55502d04ff71359269,window_104,208.0,218.0,autoencoder_reconstruction_error,16.372961133446072,provisional_unverified,16.472462495643235
18385fe48224fbfa0cd6d17705d9305f857d70ef07b47b55502d04ff71359269,window_105,210.0,220.0,autoencoder_reconstruction_error,3.0383533729718564,provisional_unverified,3.1701180826130244
18385fe48224fbfa0cd6d17705d9305f857d70ef07b47b55502d04ff71359269,window_106,212.0,222.0,autoencoder_reconstruction_error,2.1274989229718266,provisional_unverified,1.926887729233288
18385fe48224fbfa0cd6d17705d9305f857d70ef07b47b55502d04ff71359269,window_107,214.0,224.0,autoencoder_reconstruction_error,1.1090469749642606,provisional_unverified,0.965063852502608
18385fe48224fbfa0cd6d17705d9305f857d70ef07b47b55502d04ff71359269,window_108,216.0,226.0,autoencoder_reconstruction_error,1.5745454085978021,provisional_unverified,1.2875216099734395
18385fe48224fbfa0cd6d17705d9305f857d70ef07b47b55502d04ff71359269,window_109,218.0,228.0,autoencoder_reconstruction_error,1.614919963556199,provisional_unverified,1.3304281359425958
27937681c8199780c6cbce603f217d5a4457c351e84fa3cd7cfc62bfd270c550,window_110,0.0,10.0,autoencoder_reconstruction_error,0.9509014453485022,provisional_unverified,0.8301505485337383
27937681c8199780c6cbce603f217d5a4457c351e84fa3cd7cfc62bfd270c550,window_111,2.0,12.0,autoencoder_reconstruction_error,0.07512985288573212,provisional_unverified,0.10676977437254073
27937681c8199780c6cbce603f217d5a4457c351e84fa3cd7cfc62bfd270c550,window_112,4.0,14.0,autoencoder_reconstruction_error,0.025471508001904085,provisional_unverified,0.08921868910989797
27937681c8199780c6cbce603f217d5a4457c351e84fa3cd7cfc62bfd270c550,window_113,6.0,16.0,autoencoder_reconstruction_error,0.054672758987343,provisional_unverified,0.12120508966888496
27937681c8199780c6cbce603f217d5a4457c351e84fa3cd7cfc62bfd270c550,window_114,8.0,18.0,autoencoder_reconstruction_error,0.18622022121509077,provisional_unverified,0.2528743450105748
27937681c8199780c6cbce603f217d5a4457c351e84fa3cd7cfc62bfd270c550,window_115,10.0,20.0,autoencoder_reconstruction_error,0.2239062295533364,provisional_unverified,0.298633404243667
27937681c8199780c6cbce603f217d5a4457c351e84fa3cd7cfc62bfd270c550,window_116,12.0,22.0,autoencoder_reconstruction_error,0.222462228333408,provisional_unverified,0.2861438409495856
27937681c8199780c6cbce603f217d5a4457c351e84fa3cd7cfc62bfd270c550,window_117,14.0,24.0,autoencoder_reconstruction_error,0.21331731483460373,provisional_unverified,0.27852321351858933
27937681c8199780c6cbce603f217d5a4457c351e84fa3cd7cfc62bfd270c550,window_118,16.0,26.0,autoencoder_reconstruction_error,0.1914419863061583,provisional_unverified,0.24371928906498413
27937681c8199780c6cbce603f217d5a4457c351e84fa3cd7cfc62bfd270c550,window_119,18.0,28.0,autoencoder_reconstruction_error,0.051875351125846875,provisional_unverified,0.11546440310449256
27937681c8199780c6cbce603f217d5a4457c351e84fa3cd7cfc62bfd270c550,window_120,20.0,30.0,autoencoder_reconstruction_error,0.028948042564190195,provisional_unverified,0.09196768361907223
27937681c8199780c6cbce603f217d5a4457c351e84fa3cd7cfc62bfd270c550,window_121,22.0,32.0,autoencoder_reconstruction_error,0.02995021450860925,provisional_unverified,0.09389099984325057
27937681c8199780c6cbce603f217d5a4457c351e84fa3cd7cfc62bfd270c550,window_122,24.0,34.0,autoencoder_reconstruction_error,0.031680111400002244,provisional_unverified,0.0960007093608443
27937681c8199780c6cbce603f217d5a4457c351e84fa3cd7cfc62bfd270c550,window_123,26.0,36.0,autoencoder_reconstruction_error,0.037032468854756175,provisional_unverified,0.10179658406383182
27937681c8199780c6cbce603f217d5a4457c351e84fa3cd7cfc62bfd270c550,window_124,28.0,38.0,autoencoder_reconstruction_error,0.04046151472615256,provisional_unverified,0.10454783244589376
27937681c8199780c6cbce603f217d5a4457c351e84fa3cd7cfc62bfd270c550,window_125,30.0,40.0,autoencoder_reconstruction_error,0.04511367179856704,provisional_unverified,0.11020774607404976
27937681c8199780c6cbce603f217d5a4457c351e84fa3cd7cfc62bfd270c550,window_126,32.0,42.0,autoencoder_reconstruction_error,0.04940030833463688,provisional_unverified,0.11339569021672972
27937681c8199780c6cbce603f217d5a4457c351e84fa3cd7cfc62bfd270c550,window_127,34.0,44.0,autoencoder_reconstruction_error,0.05689587651408123,provisional_unverified,0.11837798156671747
27937681c8199780c6cbce603f217d5a4457c351e84fa3cd7cfc62bfd270c550,window_128,36.0,46.0,autoencoder_reconstruction_error,0.057814481229930034,provisional_unverified,0.12188252843036454
27937681c8199780c6cbce603f217d5a4457c351e84fa3cd7cfc62bfd270c550,window_129,38.0,48.0,autoencoder_reconstruction_error,0.06093574950265322,provisional_unverified,0.12404541249964221
27937681c8199780c6cbce603f217d5a4457c351e84fa3cd7cfc62bfd270c550,window_130,40.0,50.0,autoencoder_reconstruction_error,0.06232297148769432,provisional_unverified,0.12447948338709844
27937681c8199780c6cbce603f217d5a4457c351e84fa3cd7cfc62bfd270c550,window_131,42.0,52.0,autoencoder_reconstruction_error,0.06207181160283876,provisional_unverified,0.1253441856122834
27937681c8199780c6cbce603f217d5a4457c351e84fa3cd7cfc62bfd270c550,window_132,44.0,54.0,autoencoder_reconstruction_error,0.0610637522759493,provisional_unverified,0.1248517797786491
27937681c8199780c6cbce603f217d5a4457c351e84fa3cd7cfc62bfd270c550,window_133,46.0,56.0,autoencoder_reconstruction_error,0.06350260318082589,provisional_unverified,0.12503598072071698
27937681c8199780c6cbce603f217d5a4457c351e84fa3cd7cfc62bfd270c550,window_134,48.0,58.0,autoencoder_reconstruction_error,0.06377372512023724,provisional_unverified,0.12490405643506253
27937681c8199780c6cbce603f217d5a4457c351e84fa3cd7cfc62bfd270c550,window_135,50.0,60.0,autoencoder_reconstruction_error,0.14239152633610883,provisional_unverified,0.20356921236571615
27937681c8199780c6cbce603f217d5a4457c351e84fa3cd7cfc62bfd270c550,window_136,52.0,62.0,autoencoder_reconstruction_error,0.18961091982629974,provisional_unverified,0.24979025232172353
27937681c8199780c6cbce603f217d5a4457c351e84fa3cd7cfc62bfd270c550,window_137,54.0,64.0,autoencoder_reconstruction_error,0.18512904827005178,provisional_unverified,0.24354504182801168
27937681c8199780c6cbce603f217d5a4457c351e84fa3cd7cfc62bfd270c550,window_138,56.0,66.0,autoencoder_reconstruction_error,0.1862080956927888,provisional_unverified,0.23585664067406478
27937681c8199780c6cbce603f217d5a4457c351e84fa3cd7cfc62bfd270c550,window_139,58.0,68.0,autoencoder_reconstruction_error,0.1762538379532691,provisional_unverified,0.23207502571662905
27937681c8199780c6cbce603f217d5a4457c351e84fa3cd7cfc62bfd270c550,window_140,60.0,70.0,autoencoder_reconstruction_error,0.08974195252534774,provisional_unverified,0.13908880005312188
27937681c8199780c6cbce603f217d5a4457c351e84fa3cd7cfc62bfd270c550,window_141,62.0,72.0,autoencoder_reconstruction_error,0.04437130828597296,provisional_unverified,0.10637412673311769
27937681c8199780c6cbce603f217d5a4457c351e84fa3cd7cfc62bfd270c550,window_142,64.0,74.0,autoencoder_reconstruction_error,0.04103650018044854,provisional_unverified,0.10211914270243598
27937681c8199780c6cbce603f217d5a4457c351e84fa3cd7cfc62bfd270c550,window_143,66.0,76.0,autoencoder_reconstruction_error,0.042752118673006226,provisional_unverified,0.10385598347096973
27937681c8199780c6cbce603f217d5a4457c351e84fa3cd7cfc62bfd270c550,window_144,68.0,78.0,autoencoder_reconstruction_error,0.0425689110896067,provisional_unverified,0.10282233823619932
27937681c8199780c6cbce603f217d5a4457c351e84fa3cd7cfc62bfd270c550,window_145,70.0,80.0,autoencoder_reconstruction_error,0.04117760923605265,provisional_unverified,0.10316742194840955
27937681c8199780c6cbce603f217d5a4457c351e84fa3cd7cfc62bfd270c550,window_146,72.0,82.0,autoencoder_reconstruction_error,0.03684224269609892,provisional_unverified,0.09748891846502396
27937681c8199780c6cbce603f217d5a4457c351e84fa3cd7cfc62bfd270c550,window_147,74.0,84.0,autoencoder_reconstruction_error,0.034884606203566364,provisional_unverified,0.09495767079852828
27937681c8199780c6cbce603f217d5a4457c351e84fa3cd7cfc62bfd270c550,window_148,76.0,86.0,autoencoder_reconstruction_error,0.03041841326659544,provisional_unverified,0.09161832160611309
27937681c8199780c6cbce603f217d5a4457c351e84fa3cd7cfc62bfd270c550,window_149,78.0,88.0,autoencoder_reconstruction_error,0.028909177040694154,provisional_unverified,0.08988345237846936
27937681c8199780c6cbce603f217d5a4457c351e84fa3cd7cfc62bfd270c550,window_150,80.0,90.0,autoencoder_reconstruction_error,0.02672743359375578,provisional_unverified,0.08777943660550766
27937681c8199780c6cbce603f217d5a4457c351e84fa3cd7cfc62bfd270c550,window_151,82.0,92.0,autoencoder_reconstruction_error,0.028035590773476896,provisional_unverified,0.08851595687636196
27937681c8199780c6cbce603f217d5a4457c351e84fa3cd7cfc62bfd270c550,window_152,84.0,94.0,autoencoder_reconstruction_error,0.02971882475396795,provisional_unverified,0.08932175692038606
27937681c8199780c6cbce603f217d5a4457c351e84fa3cd7cfc62bfd270c550,window_153,86.0,96.0,autoencoder_reconstruction_error,0.02745090386441981,provisional_unverified,0.08937786503505953
27937681c8199780c6cbce603f217d5a4457c351e84fa3cd7cfc62bfd270c550,window_154,88.0,98.0,autoencoder_reconstruction_error,0.03082052571258378,provisional_unverified,0.09203312596883666
27937681c8199780c6cbce603f217d5a4457c351e84fa3cd7cfc62bfd270c550,window_155,90.0,100.0,autoencoder_reconstruction_error,0.03447456737126252,provisional_unverified,0.09554076066144865
27937681c8199780c6cbce603f217d5a4457c351e84fa3cd7cfc62bfd270c550,window_156,92.0,102.0,autoencoder_reconstruction_error,0.03691244652602712,provisional_unverified,0.09629127752076022
27937681c8199780c6cbce603f217d5a4457c351e84fa3cd7cfc62bfd270c550,window_157,94.0,104.0,autoencoder_reconstruction_error,0.03482669994035683,provisional_unverified,0.09724687265264476
27937681c8199780c6cbce603f217d5a4457c351e84fa3cd7cfc62bfd270c550,window_158,96.0,106.0,autoencoder_reconstruction_error,0.03602651374043826,provisional_unverified,0.09822426551111735
27937681c8199780c6cbce603f217d5a4457c351e84fa3cd7cfc62bfd270c550,window_159,98.0,108.0,autoencoder_reconstruction_error,0.03770953546528607,provisional_unverified,0.0976361122890252
27937681c8199780c6cbce603f217d5a4457c351e84fa3cd7cfc62bfd270c550,window_160,100.0,110.0,autoencoder_reconstruction_error,0.036339514921374175,provisional_unverified,0.09703803353560488
27937681c8199780c6cbce603f217d5a4457c351e84fa3cd7cfc62bfd270c550,window_161,102.0,112.0,autoencoder_reconstruction_error,0.04742543614188878,provisional_unverified,0.10854522594477889
27937681c8199780c6cbce603f217d5a4457c351e84fa3cd7cfc62bfd270c550,window_162,104.0,114.0,autoencoder_reconstruction_error,0.1439786692916432,provisional_unverified,0.2192485836180605
27937681c8199780c6cbce603f217d5a4457c351e84fa3cd7cfc62bfd270c550,window_163,106.0,116.0,autoencoder_reconstruction_error,0.43211420590766486,provisional_unverified,0.30593795119871453
27937681c8199780c6cbce603f217d5a4457c351e84fa3cd7cfc62bfd270c550,window_164,108.0,118.0,autoencoder_reconstruction_error,0.7554016353064462,provisional_unverified,0.5182553278677633
27937681c8199780c6cbce603f217d5a4457c351e84fa3cd7cfc62bfd270c550,window_165,110.0,120.0,autoencoder_reconstruction_error,0.7554875110278962,provisional_unverified,0.576359304806593
27937681c8199780c6cbce603f217d5a4457c351e84fa3cd7cfc62bfd270c550,window_166,112.0,122.0,autoencoder_reconstruction_error,0.6776063958878474,provisional_unverified,0.6112461532473039
27937681c8199780c6cbce603f217d5a4457c351e84fa3cd7cfc62bfd270c550,window_167,114.0,124.0,autoencoder_reconstruction_error,0.5554177159605718,provisional_unverified,0.6210141224394021
27937681c8199780c6cbce603f217d5a4457c351e84fa3cd7cfc62bfd270c550,window_168,116.0,126.0,autoencoder_reconstruction_error,0.4555138393431956,provisional_unverified,0.4099497583785514
27937681c8199780c6cbce603f217d5a4457c351e84fa3cd7cfc62bfd270c550,window_169,118.0,128.0,autoencoder_reconstruction_error,0.11984679104228597,provisional_unverified,0.15834998312766244
27937681c8199780c6cbce603f217d5a4457c351e84fa3cd7cfc62bfd270c550,window_170,120.0,130.0,autoencoder_reconstruction_error,0.02901194054613859,provisional_unverified,0.09149290861940036
27937681c8199780c6cbce603f217d5a4457c351e84fa3cd7cfc62bfd270c550,window_171,122.0,132.0,autoencoder_reconstruction_error,0.028722870009878783,provisional_unverified,0.09200740269081416
27937681c8199780c6cbce603f217d5a4457c351e84fa3cd7cfc62bfd270c550,window_172,124.0,134.0,autoencoder_reconstruction_error,0.03640395640101013,provisional_unverified,0.0988574115168762
27937681c8199780c6cbce603f217d5a4457c351e84fa3cd7cfc62bfd270c550,window_173,126.0,136.0,autoencoder_reconstruction_error,1.9992005254404377,provisional_unverified,1.987665957738082
27937681c8199780c6cbce603f217d5a4457c351e84fa3cd7cfc62bfd270c550,window_174,128.0,138.0,autoencoder_reconstruction_error,20.19639182645055,provisional_unverified,19.51093774669929
27937681c8199780c6cbce603f217d5a4457c351e84fa3cd7cfc62bfd270c550,window_175,130.0,140.0,autoencoder_reconstruction_error,27.96430799297315,provisional_unverified,31.271399600790303
27937681c8199780c6cbce603f217d5a4457c351e84fa3cd7cfc62bfd270c550,window_176,132.0,142.0,autoencoder_reconstruction_error,34.477039021558795,provisional_unverified,47.69673199081253
27937681c8199780c6cbce603f217d5a4457c351e84fa3cd7cfc62bfd270c550,window_177,134.0,144.0,autoencoder_reconstruction_error,50.905088306584844,provisional_unverified,43.444829512704636
27937681c8199780c6cbce603f217d5a4457c351e84fa3cd7cfc62bfd270c550,window_178,136.0,146.0,autoencoder_reconstruction_error,53.272850166493996,provisional_unverified,39.79124885840963
27937681c8199780c6cbce603f217d5a4457c351e84fa3cd7cfc62bfd270c550,window_179,138.0,148.0,autoencoder_reconstruction_error,38.662306606873344,provisional_unverified,45.61612600737348
27937681c8199780c6cbce603f217d5a4457c351e84fa3cd7cfc62bfd270c550,window_180,140.0,150.0,autoencoder_reconstruction_error,57.136723043887265,provisional_unverified,53.85185649762975
27937681c8199780c6cbce603f217d5a4457c351e84fa3cd7cfc62bfd270c550,window_181,142.0,152.0,autoencoder_reconstruction_error,41.42380225327058,provisional_unverified,49.78800306130509
27937681c8199780c6cbce603f217d5a4457c351e84fa3cd7cfc62bfd270c550,window_182,144.0,154.0,autoencoder_reconstruction_error,38.562210449658885,provisional_unverified,44.322887628417895
27937681c8199780c6cbce603f217d5a4457c351e84fa3cd7cfc62bfd270c550,window_183,146.0,156.0,autoencoder_reconstruction_error,45.00203782575052,provisional_unverified,67.77350617574645
27937681c8199780c6cbce603f217d5a4457c351e84fa3cd7cfc62bfd270c550,window_184,148.0,158.0,autoencoder_reconstruction_error,76.48449679202866,provisional_unverified,78.95908438173696
27937681c8199780c6cbce603f217d5a4457c351e84fa3cd7cfc62bfd270c550,window_185,150.0,160.0,autoencoder_reconstruction_error,85.12872633086768,provisional_unverified,78.38810670330338
27937681c8199780c6cbce603f217d5a4457c351e84fa3cd7cfc62bfd270c550,window_186,152.0,162.0,autoencoder_reconstruction_error,61.003468147509906,provisional_unverified,67.24956461596796
27937681c8199780c6cbce603f217d5a4457c351e84fa3cd7cfc62bfd270c550,window_187,154.0,164.0,autoencoder_reconstruction_error,65.68512478197177,provisional_unverified,88.73588126419124
27937681c8199780c6cbce603f217d5a4457c351e84fa3cd7cfc62bfd270c550,window_188,156.0,166.0,autoencoder_reconstruction_error,81.47263356029978,provisional_unverified,80.80180709391773
27937681c8199780c6cbce603f217d5a4457c351e84fa3cd7cfc62bfd270c550,window_189,158.0,168.0,autoencoder_reconstruction_error,78.69368084283872,provisional_unverified,102.83322501194182
27937681c8199780c6cbce603f217d5a4457c351e84fa3cd7cfc62bfd270c550,window_190,160.0,170.0,autoencoder_reconstruction_error,145.9304615416791,provisional_unverified,112.95945734060358
27937681c8199780c6cbce603f217d5a4457c351e84fa3cd7cfc62bfd270c550,window_191,162.0,172.0,autoencoder_reconstruction_error,101.49321432358012,provisional_unverified,108.10371519442786
27937681c8199780c6cbce603f217d5a4457c351e84fa3cd7cfc62bfd270c550,window_192,164.0,174.0,autoencoder_reconstruction_error,83.14884884305077,provisional_unverified,73.46982216568361
27937681c8199780c6cbce603f217d5a4457c351e84fa3cd7cfc62bfd270c550,window_193,166.0,176.0,autoencoder_reconstruction_error,58.54744626753109,provisional_unverified,80.97684781112271
27937681c8199780c6cbce603f217d5a4457c351e84fa3cd7cfc62bfd270c550,window_194,168.0,178.0,autoencoder_reconstruction_error,58.50250623345413,provisional_unverified,75.4080055176559
27937681c8199780c6cbce603f217d5a4457c351e84fa3cd7cfc62bfd270c550,window_195,170.0,180.0,autoencoder_reconstruction_error,62.10106218678416,provisional_unverified,59.894950501206964
27937681c8199780c6cbce603f217d5a4457c351e84fa3cd7cfc62bfd270c550,window_196,172.0,182.0,autoencoder_reconstruction_error,67.44538394517605,provisional_unverified,69.49624036121907
27937681c8199780c6cbce603f217d5a4457c351e84fa3cd7cfc62bfd270c550,window_197,174.0,184.0,autoencoder_reconstruction_error,67.23417878715979,provisional_unverified,67.54870443384776
27937681c8199780c6cbce603f217d5a4457c351e84fa3cd7cfc62bfd270c550,window_198,176.0,186.0,autoencoder_reconstruction_error,39.8949643337701,provisional_unverified,51.334812684694754
27937681c8199780c6cbce603f217d5a4457c351e84fa3cd7cfc62bfd270c550,window_199,178.0,188.0,autoencoder_reconstruction_error,40.28285426442606,provisional_unverified,49.13601552328101
27937681c8199780c6cbce603f217d5a4457c351e84fa3cd7cfc62bfd270c550,window_200,180.0,190.0,autoencoder_reconstruction_error,58.53853038341771,provisional_unverified,55.9098049696245
27937681c8199780c6cbce603f217d5a4457c351e84fa3cd7cfc62bfd270c550,window_201,182.0,192.0,autoencoder_reconstruction_error,57.66096463409823,provisional_unverified,55.518813069285414
27937681c8199780c6cbce603f217d5a4457c351e84fa3cd7cfc62bfd270c550,window_202,184.0,194.0,autoencoder_reconstruction_error,51.121892107489884,provisional_unverified,51.22956503299109
27937681c8199780c6cbce603f217d5a4457c351e84fa3cd7cfc62bfd270c550,window_203,186.0,196.0,autoencoder_reconstruction_error,83.21077350446666,provisional_unverified,84.41706276028528
27937681c8199780c6cbce603f217d5a4457c351e84fa3cd7cfc62bfd270c550,window_204,188.0,198.0,autoencoder_reconstruction_error,97.72976821256218,provisional_unverified,91.92635040733148
27937681c8199780c6cbce603f217d5a4457c351e84fa3cd7cfc62bfd270c550,window_205,190.0,200.0,autoencoder_reconstruction_error,80.6297191096594,provisional_unverified,70.30076627248162
27937681c8199780c6cbce603f217d5a4457c351e84fa3cd7cfc62bfd270c550,window_206,192.0,202.0,autoencoder_reconstruction_error,64.5556396834813,provisional_unverified,61.574426440462304
27937681c8199780c6cbce603f217d5a4457c351e84fa3cd7cfc62bfd270c550,window_207,194.0,204.0,autoencoder_reconstruction_error,95.79956620755495,provisional_unverified,66.45897724527269
27937681c8199780c6cbce603f217d5a4457c351e84fa3cd7cfc62bfd270c550,window_208,196.0,206.0,autoencoder_reconstruction_error,50.02776819792125,provisional_unverified,45.94158584938082
27937681c8199780c6cbce603f217d5a4457c351e84fa3cd7cfc62bfd270c550,window_209,198.0,208.0,autoencoder_reconstruction_error,33.24407161499848,provisional_unverified,37.208944907615056
27937681c8199780c6cbce603f217d5a4457c351e84fa3cd7cfc62bfd270c550,window_210,200.0,210.0,autoencoder_reconstruction_error,42.161492533832806,provisional_unverified,41.976958489370666
27937681c8199780c6cbce603f217d5a4457c351e84fa3cd7cfc62bfd270c550,window_211,202.0,212.0,autoencoder_reconstruction_error,56.787705420798396,provisional_unverified,32.37942852986536
27937681c8199780c6cbce603f217d5a4457c351e84fa3cd7cfc62bfd270c550,window_212,204.0,214.0,autoencoder_reconstruction_error,53.44234563591561,provisional_unverified,31.88461925659296
27937681c8199780c6cbce603f217d5a4457c351e84fa3cd7cfc62bfd270c550,window_213,206.0,216.0,autoencoder_reconstruction_error,24.504498325247457,provisional_unverified,18.636465711559985
27937681c8199780c6cbce603f217d5a4457c351e84fa3cd7cfc62bfd270c550,window_214,208.0,218.0,autoencoder_reconstruction_error,10.434670292405373,provisional_unverified,15.444138725195092
4975a35d789765b9299480af66d6a5af5166fef074cef80facbac97409b84d07,window_215,0.0,10.0,autoencoder_reconstruction_error,0.6794242671214654,provisional_unverified,0.4493603298882763
4975a35d789765b9299480af66d6a5af5166fef074cef80facbac97409b84d07,window_216,2.0,12.0,autoencoder_reconstruction_error,0.3627236720286635,provisional_unverified,0.2994086233207608
4975a35d789765b9299480af66d6a5af5166fef074cef80facbac97409b84d07,window_217,4.0,14.0,autoencoder_reconstruction_error,0.0922336325819489,provisional_unverified,0.12516466215074226
4975a35d789765b9299480af66d6a5af5166fef074cef80facbac97409b84d07,window_218,6.0,16.0,autoencoder_reconstruction_error,0.035349304027662794,provisional_unverified,0.09765781048813153
4975a35d789765b9299480af66d6a5af5166fef074cef80facbac97409b84d07,window_219,8.0,18.0,autoencoder_reconstruction_error,0.034740823789190425,provisional_unverified,0.09643647014091873
4975a35d789765b9299480af66d6a5af5166fef074cef80facbac97409b84d07,window_220,10.0,20.0,autoencoder_reconstruction_error,0.047700487442577696,provisional_unverified,0.11058935377231119
4975a35d789765b9299480af66d6a5af5166fef074cef80facbac97409b84d07,window_221,12.0,22.0,autoencoder_reconstruction_error,0.06270672749483214,provisional_unverified,0.12000089399442637
4975a35d789765b9299480af66d6a5af5166fef074cef80facbac97409b84d07,window_222,14.0,24.0,autoencoder_reconstruction_error,0.12138518552701477,provisional_unverified,0.18911518024573531
4975a35d789765b9299480af66d6a5af5166fef074cef80facbac97409b84d07,window_223,16.0,26.0,autoencoder_reconstruction_error,0.17948189843631815,provisional_unverified,0.19072144193117846
4975a35d789765b9299480af66d6a5af5166fef074cef80facbac97409b84d07,window_224,18.0,28.0,autoencoder_reconstruction_error,0.1947672944337317,provisional_unverified,0.22263852286110533
4975a35d789765b9299480af66d6a5af5166fef074cef80facbac97409b84d07,window_225,20.0,30.0,autoencoder_reconstruction_error,0.14346710958348963,provisional_unverified,0.19058107332869628
4975a35d789765b9299480af66d6a5af5166fef074cef80facbac97409b84d07,window_226,22.0,32.0,autoencoder_reconstruction_error,0.10342246515251047,provisional_unverified,0.15949255283592223
4975a35d789765b9299480af66d6a5af5166fef074cef80facbac97409b84d07,window_227,24.0,34.0,autoencoder_reconstruction_error,0.07549267669900035,provisional_unverified,0.14811621169836592
4975a35d789765b9299480af66d6a5af5166fef074cef80facbac97409b84d07,window_228,26.0,36.0,autoencoder_reconstruction_error,0.04430659290606851,provisional_unverified,0.10521483121681258
4975a35d789765b9299480af66d6a5af5166fef074cef80facbac97409b84d07,window_229,28.0,38.0,autoencoder_reconstruction_error,0.03500932813160335,provisional_unverified,0.10028367136838051
4975a35d789765b9299480af66d6a5af5166fef074cef80facbac97409b84d07,window_230,30.0,40.0,autoencoder_reconstruction_error,0.03838811969779863,provisional_unverified,0.1039649826982876
4975a35d789765b9299480af66d6a5af5166fef074cef80facbac97409b84d07,window_231,32.0,42.0,autoencoder_reconstruction_error,0.04182935159418228,provisional_unverified,0.10822737610413194
4975a35d789765b9299480af66d6a5af5166fef074cef80facbac97409b84d07,window_232,34.0,44.0,autoencoder_reconstruction_error,0.047376090775002724,provisional_unverified,0.11372955534088872
4975a35d789765b9299480af66d6a5af5166fef074cef80facbac97409b84d07,window_233,36.0,46.0,autoencoder_reconstruction_error,0.049410168280115886,provisional_unverified,0.1173345433270911
4975a35d789765b9299480af66d6a5af5166fef074cef80facbac97409b84d07,window_234,38.0,48.0,autoencoder_reconstruction_error,0.04921668763369177,provisional_unverified,0.11843137289926821
4975a35d789765b9299480af66d6a5af5166fef074cef80facbac97409b84d07,window_235,40.0,50.0,autoencoder_reconstruction_error,0.053017852403498995,provisional_unverified,0.11803295053301362
4975a35d789765b9299480af66d6a5af5166fef074cef80facbac97409b84d07,window_236,42.0,52.0,autoencoder_reconstruction_error,0.09687031729682553,provisional_unverified,0.1792174236273259
4975a35d789765b9299480af66d6a5af5166fef074cef80facbac97409b84d07,window_237,44.0,54.0,autoencoder_reconstruction_error,0.688476124041606,provisional_unverified,0.3972703295788086
4975a35d789765b9299480af66d6a5af5166fef074cef80facbac97409b84d07,window_238,46.0,56.0,autoencoder_reconstruction_error,1.18964063452473,provisional_unverified,0.8927488956409424
4975a35d789765b9299480af66d6a5af5166fef074cef80facbac97409b84d07,window_239,48.0,58.0,autoencoder_reconstruction_error,1.124530246913463,provisional_unverified,0.7833748228996411
4975a35d789765b9299480af66d6a5af5166fef074cef80facbac97409b84d07,window_240,50.0,60.0,autoencoder_reconstruction_error,1.2045805075836302,provisional_unverified,0.9468844689553405
4975a35d789765b9299480af66d6a5af5166fef074cef80facbac97409b84d07,window_241,52.0,62.0,autoencoder_reconstruction_error,0.8365446027526587,provisional_unverified,0.932695264556201
4975a35d789765b9299480af66d6a5af5166fef074cef80facbac97409b84d07,window_242,54.0,64.0,autoencoder_reconstruction_error,0.6269735682049608,provisional_unverified,0.5649178948973321
4975a35d789765b9299480af66d6a5af5166fef074cef80facbac97409b84d07,window_243,56.0,66.0,autoencoder_reconstruction_error,0.0840543044386924,provisional_unverified,0.1379340169120311
4975a35d789765b9299480af66d6a5af5166fef074cef80facbac97409b84d07,window_244,58.0,68.0,autoencoder_reconstruction_error,0.04695788734154575,provisional_unverified,0.11249415578617868
4975a35d789765b9299480af66d6a5af5166fef074cef80facbac97409b84d07,window_245,60.0,70.0,autoencoder_reconstruction_error,0.04557174154903889,provisional_unverified,0.10972408392456784
4975a35d789765b9299480af66d6a5af5166fef074cef80facbac97409b84d07,window_246,62.0,72.0,autoencoder_reconstruction_error,0.04301901657362376,provisional_unverified,0.1069438447979663
4975a35d789765b9299480af66d6a5af5166fef074cef80facbac97409b84d07,window_247,64.0,74.0,autoencoder_reconstruction_error,0.04536562947816989,provisional_unverified,0.11107576804842048
4975a35d789765b9299480af66d6a5af5166fef074cef80facbac97409b84d07,window_248,66.0,76.0,autoencoder_reconstruction_error,0.046026747572329586,provisional_unverified,0.11059109370976075
4975a35d789765b9299480af66d6a5af5166fef074cef80facbac97409b84d07,window_249,68.0,78.0,autoencoder_reconstruction_error,0.05165502878652085,provisional_unverified,0.11697541863397685
4975a35d789765b9299480af66d6a5af5166fef074cef80facbac97409b84d07,window_250,70.0,80.0,autoencoder_reconstruction_error,2.117218241325339,provisional_unverified,2.3876937919652788
4975a35d789765b9299480af66d6a5af5166fef074cef80facbac97409b84d07,window_251,72.0,82.0,autoencoder_reconstruction_error,15.051987794853202,provisional_unverified,14.836939764426855
4975a35d789765b9299480af66d6a5af5166fef074cef80facbac97409b84d07,window_252,74.0,84.0,autoencoder_reconstruction_error,22.134342999756377,provisional_unverified,16.909956674833268
4975a35d789765b9299480af66d6a5af5166fef074cef80facbac97409b84d07,window_253,76.0,86.0,autoencoder_reconstruction_error,25.1577645680511,provisional_unverified,28.8077465231842
4975a35d789765b9299480af66d6a5af5166fef074cef80facbac97409b84d07,window_254,78.0,88.0,autoencoder_reconstruction_error,59.39732152178176,provisional_unverified,50.25773244707476
4975a35d789765b9299480af66d6a5af5166fef074cef80facbac97409b84d07,window_255,80.0,90.0,autoencoder_reconstruction_error,51.45111882703696,provisional_unverified,38.46989504289927
4975a35d789765b9299480af66d6a5af5166fef074cef80facbac97409b84d07,window_256,82.0,92.0,autoencoder_reconstruction_error,30.170588102323542,provisional_unverified,39.518347846716615
4975a35d789765b9299480af66d6a5af5166fef074cef80facbac97409b84d07,window_257,84.0,94.0,autoencoder_reconstruction_error,46.33104506109167,provisional_unverified,52.487109559640494
4975a35d789765b9299480af66d6a5af5166fef074cef80facbac97409b84d07,window_258,86.0,96.0,autoencoder_reconstruction_error,46.429076044507404,provisional_unverified,60.3875652544047
4975a35d789765b9299480af66d6a5af5166fef074cef80facbac97409b84d07,window_259,88.0,98.0,autoencoder_reconstruction_error,61.51765963141863,provisional_unverified,46.72166697733902
4975a35d789765b9299480af66d6a5af5166fef074cef80facbac97409b84d07,window_260,90.0,100.0,autoencoder_reconstruction_error,44.20824639888817,provisional_unverified,43.557271293812434
4975a35d789765b9299480af66d6a5af5166fef074cef80facbac97409b84d07,window_261,92.0,102.0,autoencoder_reconstruction_error,54.004349481647964,provisional_unverified,57.92376562468853
4975a35d789765b9299480af66d6a5af5166fef074cef80facbac97409b84d07,window_262,94.0,104.0,autoencoder_reconstruction_error,54.39230317933063,provisional_unverified,69.88093736940904
4975a35d789765b9299480af66d6a5af5166fef074cef80facbac97409b84d07,window_263,96.0,106.0,autoencoder_reconstruction_error,63.86661566663366,provisional_unverified,62.15127221761062
4975a35d789765b9299480af66d6a5af5166fef074cef80facbac97409b84d07,window_264,98.0,108.0,autoencoder_reconstruction_error,41.71089386528363,provisional_unverified,48.412164246229835
4975a35d789765b9299480af66d6a5af5166fef074cef80facbac97409b84d07,window_265,100.0,110.0,autoencoder_reconstruction_error,49.832290530555625,provisional_unverified,59.8590742428877
4975a35d789765b9299480af66d6a5af5166fef074cef80facbac97409b84d07,window_266,102.0,112.0,autoencoder_reconstruction_error,44.81330288563633,provisional_unverified,48.76360526538176
4975a35d789765b9299480af66d6a5af5166fef074cef80facbac97409b84d07,window_267,104.0,114.0,autoencoder_reconstruction_error,47.49449119781752,provisional_unverified,45.9677229780426
4975a35d789765b9299480af66d6a5af5166fef074cef80facbac97409b84d07,window_268,106.0,116.0,autoencoder_reconstruction_error,47.81503765051143,provisional_unverified,41.89486448273542
4975a35d789765b9299480af66d6a5af5166fef074cef80facbac97409b84d07,window_269,108.0,118.0,autoencoder_reconstruction_error,47.03666018056921,provisional_unverified,33.824937811418714
4975a35d789765b9299480af66d6a5af5166fef074cef80facbac97409b84d07,window_270,110.0,120.0,autoencoder_reconstruction_error,26.29064082745574,provisional_unverified,26.391010500244924
4975a35d789765b9299480af66d6a5af5166fef074cef80facbac97409b84d07,window_271,112.0,122.0,autoencoder_reconstruction_error,43.53083152345633,provisional_unverified,26.186954629763168
4975a35d789765b9299480af66d6a5af5166fef074cef80facbac97409b84d07,window_272,114.0,124.0,autoencoder_reconstruction_error,32.89282234616784,provisional_unverified,26.56821886793799
4975a35d789765b9299480af66d6a5af5166fef074cef80facbac97409b84d07,window_273,116.0,126.0,autoencoder_reconstruction_error,20.743420441896014,provisional_unverified,21.204807857751668
4975a35d789765b9299480af66d6a5af5166fef074cef80facbac97409b84d07,window_274,118.0,128.0,autoencoder_reconstruction_error,23.79030387312077,provisional_unverified,16.9301370869356
4975a35d789765b9299480af66d6a5af5166fef074cef80facbac97409b84d07,window_275,120.0,130.0,autoencoder_reconstruction_error,22.54464709587244,provisional_unverified,25.70841762211542
4975a35d789765b9299480af66d6a5af5166fef074cef80facbac97409b84d07,window_276,122.0,132.0,autoencoder_reconstruction_error,43.30022939880346,provisional_unverified,46.58381545078525
4975a35d789765b9299480af66d6a5af5166fef074cef80facbac97409b84d07,window_277,124.0,134.0,autoencoder_reconstruction_error,39.97302676533423,provisional_unverified,46.54846586615975
4975a35d789765b9299480af66d6a5af5166fef074cef80facbac97409b84d07,window_278,126.0,136.0,autoencoder_reconstruction_error,37.37531132885825,provisional_unverified,37.70756473709105
4975a35d789765b9299480af66d6a5af5166fef074cef80facbac97409b84d07,window_279,128.0,138.0,autoencoder_reconstruction_error,39.15078056896738,provisional_unverified,39.322485488919064
4975a35d789765b9299480af66d6a5af5166fef074cef80facbac97409b84d07,window_280,130.0,140.0,autoencoder_reconstruction_error,45.19362351903729,provisional_unverified,39.92524788636306
4975a35d789765b9299480af66d6a5af5166fef074cef80facbac97409b84d07,window_281,132.0,142.0,autoencoder_reconstruction_error,33.15929484567002,provisional_unverified,35.60808414742661
4975a35d789765b9299480af66d6a5af5166fef074cef80facbac97409b84d07,window_282,134.0,144.0,autoencoder_reconstruction_error,37.482407092394105,provisional_unverified,48.881112981775864
4975a35d789765b9299480af66d6a5af5166fef074cef80facbac97409b84d07,window_283,136.0,146.0,autoencoder_reconstruction_error,42.28879905795591,provisional_unverified,44.77733990306966
4975a35d789765b9299480af66d6a5af5166fef074cef80facbac97409b84d07,window_284,138.0,148.0,autoencoder_reconstruction_error,40.52797703251889,provisional_unverified,40.792663407074926
4975a35d789765b9299480af66d6a5af5166fef074cef80facbac97409b84d07,window_285,140.0,150.0,autoencoder_reconstruction_error,52.76498462748589,provisional_unverified,56.8108812458589
4975a35d789765b9299480af66d6a5af5166fef074cef80facbac97409b84d07,window_286,142.0,152.0,autoencoder_reconstruction_error,41.012365959509445,provisional_unverified,36.262161814198464
4975a35d789765b9299480af66d6a5af5166fef074cef80facbac97409b84d07,window_287,144.0,154.0,autoencoder_reconstruction_error,29.828529072487726,provisional_unverified,26.8577753532087
4975a35d789765b9299480af66d6a5af5166fef074cef80facbac97409b84d07,window_288,146.0,156.0,autoencoder_reconstruction_error,21.353589006026525,provisional_unverified,23.63304602883907
4975a35d789765b9299480af66d6a5af5166fef074cef80facbac97409b84d07,window_289,148.0,158.0,autoencoder_reconstruction_error,14.15532806609861,provisional_unverified,12.553445242076549
4975a35d789765b9299480af66d6a5af5166fef074cef80facbac97409b84d07,window_290,150.0,160.0,autoencoder_reconstruction_error,5.856068001742,provisional_unverified,4.67711864111325
4975a35d789765b9299480af66d6a5af5166fef074cef80facbac97409b84d07,window_291,152.0,162.0,autoencoder_reconstruction_error,5.42915015374255,provisional_unverified,4.898696690002042
4975a35d789765b9299480af66d6a5af5166fef074cef80facbac97409b84d07,window_292,154.0,164.0,autoencoder_reconstruction_error,3.5446551917543907,provisional_unverified,3.9635827810281787
4975a35d789765b9299480af66d6a5af5166fef074cef80facbac97409b84d07,window_293,156.0,166.0,autoencoder_reconstruction_error,4.535241226115944,provisional_unverified,2.254978712983713
4975a35d789765b9299480af66d6a5af5166fef074cef80facbac97409b84d07,window_294,158.0,168.0,autoencoder_reconstruction_error,5.01976984359643,provisional_unverified,2.4086514527874714
4975a35d789765b9299480af66d6a5af5166fef074cef80facbac97409b84d07,window_295,160.0,170.0,autoencoder_reconstruction_error,3.12848000518321,provisional_unverified,2.3714549991471077
4975a35d789765b9299480af66d6a5af5166fef074cef80facbac97409b84d07,window_296,162.0,172.0,autoencoder_reconstruction_error,2.404950125612785,provisional_unverified,2.0523285805837013
4975a35d789765b9299480af66d6a5af5166fef074cef80facbac97409b84d07,window_297,164.0,174.0,autoencoder_reconstruction_error,2.4636807583568388,provisional_unverified,1.7291363790706766
4975a35d789765b9299480af66d6a5af5166fef074cef80facbac97409b84d07,window_298,166.0,176.0,autoencoder_reconstruction_error,1.353357384845548,provisional_unverified,1.2622266408906797
4975a35d789765b9299480af66d6a5af5166fef074cef80facbac97409b84d07,window_299,168.0,178.0,autoencoder_reconstruction_error,0.32015157857928195,provisional_unverified,0.4116973910008113
4975a35d789765b9299480af66d6a5af5166fef074cef80facbac97409b84d07,window_300,170.0,180.0,autoencoder_reconstruction_error,0.060854516729055376,provisional_unverified,0.12451262324579283
4975a35d789765b9299480af66d6a5af5166fef074cef80facbac97409b84d07,window_301,172.0,182.0,autoencoder_reconstruction_error,0.06483296562626506,provisional_unverified,0.12849764242039136
4975a35d789765b9299480af66d6a5af5166fef074cef80facbac97409b84d07,window_302,174.0,184.0,autoencoder_reconstruction_error,0.063753243872512,provisional_unverified,0.12769835509512362
4975a35d789765b9299480af66d6a5af5166fef074cef80facbac97409b84d07,window_303,176.0,186.0,autoencoder_reconstruction_error,0.06255575294619828,provisional_unverified,0.12292506469086065
4975a35d789765b9299480af66d6a5af5166fef074cef80facbac97409b84d07,window_304,178.0,188.0,autoencoder_reconstruction_error,0.057859308960171475,provisional_unverified,0.1135994354118158
4975a35d789765b9299480af66d6a5af5166fef074cef80facbac97409b84d07,window_305,180.0,190.0,autoencoder_reconstruction_error,0.1022528123001378,provisional_unverified,0.15156841360130724
4975a35d789765b9299480af66d6a5af5166fef074cef80facbac97409b84d07,window_306,182.0,192.0,autoencoder_reconstruction_error,0.20016256907932053,provisional_unverified,0.14724338296136738
4975a35d789765b9299480af66d6a5af5166fef074cef80facbac97409b84d07,window_307,184.0,194.0,autoencoder_reconstruction_error,0.2966829590967182,provisional_unverified,0.29200998619138807
4975a35d789765b9299480af66d6a5af5166fef074cef80facbac97409b84d07,window_308,186.0,196.0,autoencoder_reconstruction_error,0.7520517756703139,provisional_unverified,0.40410812869845697
4975a35d789765b9299480af66d6a5af5166fef074cef80facbac97409b84d07,window_309,188.0,198.0,autoencoder_reconstruction_error,0.5361259266800005,provisional_unverified,0.4250803496968886
4975a35d789765b9299480af66d6a5af5166fef074cef80facbac97409b84d07,window_310,190.0,200.0,autoencoder_reconstruction_error,0.5759327203210989,provisional_unverified,0.5077349780441868
4975a35d789765b9299480af66d6a5af5166fef074cef80facbac97409b84d07,window_311,192.0,202.0,autoencoder_reconstruction_error,0.5489471835573728,provisional_unverified,0.5366627324504996
4975a35d789765b9299480af66d6a5af5166fef074cef80facbac97409b84d07,window_312,194.0,204.0,autoencoder_reconstruction_error,0.5849737189144917,provisional_unverified,0.67938123736922
4975a35d789765b9299480af66d6a5af5166fef074cef80facbac97409b84d07,window_313,196.0,206.0,autoencoder_reconstruction_error,0.2243867585669849,provisional_unverified,0.3045483577989802
4975a35d789765b9299480af66d6a5af5166fef074cef80facbac97409b84d07,window_314,198.0,208.0,autoencoder_reconstruction_error,0.11686333892876971,provisional_unverified,0.18922222533845798
4975a35d789765b9299480af66d6a5af5166fef074cef80facbac97409b84d07,window_315,200.0,210.0,autoencoder_reconstruction_error,0.12216060041045103,provisional_unverified,0.22192022637154657
5790cd1534b1de5ac4693367fe5d8ca6951cd36a7abcd3c778cee8923a932a75,window_316,0.0,10.0,autoencoder_reconstruction_error,0.35830370064738415,provisional_unverified,0.4084195908959121
5790cd1534b1de5ac4693367fe5d8ca6951cd36a7abcd3c778cee8923a932a75,window_317,2.0,12.0,autoencoder_reconstruction_error,0.38784265842520355,provisional_unverified,0.4375038451581633
5790cd1534b1de5ac4693367fe5d8ca6951cd36a7abcd3c778cee8923a932a75,window_318,4.0,14.0,autoencoder_reconstruction_error,0.43374586411033156,provisional_unverified,0.4725600769250345
5790cd1534b1de5ac4693367fe5d8ca6951cd36a7abcd3c778cee8923a932a75,window_319,6.0,16.0,autoencoder_reconstruction_error,0.14256339952598843,provisional_unverified,0.15196170863517647
5790cd1534b1de5ac4693367fe5d8ca6951cd36a7abcd3c778cee8923a932a75,window_320,8.0,18.0,autoencoder_reconstruction_error,0.15467112548306677,provisional_unverified,0.18679554236158163
5790cd1534b1de5ac4693367fe5d8ca6951cd36a7abcd3c778cee8923a932a75,window_321,10.0,20.0,autoencoder_reconstruction_error,0.18576472568301516,provisional_unverified,0.2354339800773424
5790cd1534b1de5ac4693367fe5d8ca6951cd36a7abcd3c778cee8923a932a75,window_322,12.0,22.0,autoencoder_reconstruction_error,0.18828599118689052,provisional_unverified,0.20926962133227175
5790cd1534b1de5ac4693367fe5d8ca6951cd36a7abcd3c778cee8923a932a75,window_323,14.0,24.0,autoencoder_reconstruction_error,0.15065079862043507,provisional_unverified,0.19899593901898915
5790cd1534b1de5ac4693367fe5d8ca6951cd36a7abcd3c778cee8923a932a75,window_324,16.0,26.0,autoencoder_reconstruction_error,0.12792369240022508,provisional_unverified,0.17583443646016814
5c12d7b5eff374be805bae6c5e2906f6c02b6bc3ad6ba70d3674bafd4f16fc15,window_325,0.0,10.0,autoencoder_reconstruction_error,0.10109046877628572,provisional_unverified,0.11208699166099166
5c12d7b5eff374be805bae6c5e2906f6c02b6bc3ad6ba70d3674bafd4f16fc15,window_326,2.0,12.0,autoencoder_reconstruction_error,0.12024686824143015,provisional_unverified,0.1273463597849865
5c12d7b5eff374be805bae6c5e2906f6c02b6bc3ad6ba70d3674bafd4f16fc15,window_327,4.0,14.0,autoencoder_reconstruction_error,0.12424346701023303,provisional_unverified,0.12846017119090264
5c12d7b5eff374be805bae6c5e2906f6c02b6bc3ad6ba70d3674bafd4f16fc15,window_328,6.0,16.0,autoencoder_reconstruction_error,0.12722781272984035,provisional_unverified,0.12468741715644728
5c12d7b5eff374be805bae6c5e2906f6c02b6bc3ad6ba70d3674bafd4f16fc15,window_329,8.0,18.0,autoencoder_reconstruction_error,0.14676094706342765,provisional_unverified,0.12950770179769655
5c12d7b5eff374be805bae6c5e2906f6c02b6bc3ad6ba70d3674bafd4f16fc15,window_330,10.0,20.0,autoencoder_reconstruction_error,0.2402611844136407,provisional_unverified,0.1923457367310167
5c12d7b5eff374be805bae6c5e2906f6c02b6bc3ad6ba70d3674bafd4f16fc15,window_331,12.0,22.0,autoencoder_reconstruction_error,0.2975479258737092,provisional_unverified,0.287853316841861
5c12d7b5eff374be805bae6c5e2906f6c02b6bc3ad6ba70d3674bafd4f16fc15,window_332,14.0,24.0,autoencoder_reconstruction_error,0.9828023507834036,provisional_unverified,0.437924349240854
5c12d7b5eff374be805bae6c5e2906f6c02b6bc3ad6ba70d3674bafd4f16fc15,window_333,16.0,26.0,autoencoder_reconstruction_error,0.7976179777765438,provisional_unverified,0.555265140268275
5c12d7b5eff374be805bae6c5e2906f6c02b6bc3ad6ba70d3674bafd4f16fc15,window_334,18.0,28.0,autoencoder_reconstruction_error,0.7957722130348236,provisional_unverified,0.7993591245560226
5c12d7b5eff374be805bae6c5e2906f6c02b6bc3ad6ba70d3674bafd4f16fc15,window_335,20.0,30.0,autoencoder_reconstruction_error,0.829501091222903,provisional_unverified,0.5693364403742425
5c12d7b5eff374be805bae6c5e2906f6c02b6bc3ad6ba70d3674bafd4f16fc15,window_336,22.0,32.0,autoencoder_reconstruction_error,0.8959400218293021,provisional_unverified,0.6670866373219826
5c12d7b5eff374be805bae6c5e2906f6c02b6bc3ad6ba70d3674bafd4f16fc15,window_337,24.0,34.0,autoencoder_reconstruction_error,0.6781088459306598,provisional_unverified,0.5870334250027197
5c12d7b5eff374be805bae6c5e2906f6c02b6bc3ad6ba70d3674bafd4f16fc15,window_338,26.0,36.0,autoencoder_reconstruction_error,0.47556130964347026,provisional_unverified,0.421810617323016
5c12d7b5eff374be805bae6c5e2906f6c02b6bc3ad6ba70d3674bafd4f16fc15,window_339,28.0,38.0,autoencoder_reconstruction_error,0.3687937252446965,provisional_unverified,0.3582175700021443
5c12d7b5eff374be805bae6c5e2906f6c02b6bc3ad6ba70d3674bafd4f16fc15,window_340,30.0,40.0,autoencoder_reconstruction_error,0.3867707204883702,provisional_unverified,0.3704624463966827
5c12d7b5eff374be805bae6c5e2906f6c02b6bc3ad6ba70d3674bafd4f16fc15,window_341,32.0,42.0,autoencoder_reconstruction_error,0.504289472224716,provisional_unverified,0.5368557391981328
5c12d7b5eff374be805bae6c5e2906f6c02b6bc3ad6ba70d3674bafd4f16fc15,window_342,34.0,44.0,autoencoder_reconstruction_error,0.5495865831945741,provisional_unverified,0.5653075736473543
5c12d7b5eff374be805bae6c5e2906f6c02b6bc3ad6ba70d3674bafd4f16fc15,window_343,36.0,46.0,autoencoder_reconstruction_error,0.7587221076578152,provisional_unverified,0.6198526391949986
5c12d7b5eff374be805bae6c5e2906f6c02b6bc3ad6ba70d3674bafd4f16fc15,window_344,38.0,48.0,autoencoder_reconstruction_error,1.0121700548755226,provisional_unverified,0.8278214835235985
5c12d7b5eff374be805bae6c5e2906f6c02b6bc3ad6ba70d3674bafd4f16fc15,window_345,40.0,50.0,autoencoder_reconstruction_error,0.872917790365206,provisional_unverified,0.8605782621244439
5c12d7b5eff374be805bae6c5e2906f6c02b6bc3ad6ba70d3674bafd4f16fc15,window_346,42.0,52.0,autoencoder_reconstruction_error,0.7844611377308187,provisional_unverified,0.7010147946334178
5c12d7b5eff374be805bae6c5e2906f6c02b6bc3ad6ba70d3674bafd4f16fc15,window_347,44.0,54.0,autoencoder_reconstruction_error,0.5935455559206259,provisional_unverified,0.6066552496727722
5c12d7b5eff374be805bae6c5e2906f6c02b6bc3ad6ba70d3674bafd4f16fc15,window_348,46.0,56.0,autoencoder_reconstruction_error,0.5599914731699701,provisional_unverified,0.5999441736851036
5c12d7b5eff374be805bae6c5e2906f6c02b6bc3ad6ba70d3674bafd4f16fc15,window_349,48.0,58.0,autoencoder_reconstruction_error,0.3548894459688853,provisional_unverified,0.36380698054669514
5c12d7b5eff374be805bae6c5e2906f6c02b6bc3ad6ba70d3674bafd4f16fc15,window_350,50.0,60.0,autoencoder_reconstruction_error,0.36213357544153013,provisional_unverified,0.36389981976781677
5c12d7b5eff374be805bae6c5e2906f6c02b6bc3ad6ba70d3674bafd4f16fc15,window_351,52.0,62.0,autoencoder_reconstruction_error,0.37637644007266563,provisional_unverified,0.383552229275807
5c12d7b5eff374be805bae6c5e2906f6c02b6bc3ad6ba70d3674bafd4f16fc15,window_352,54.0,64.0,autoencoder_reconstruction_error,0.4519350384082035,provisional_unverified,0.42257389913193977
5c12d7b5eff374be805bae6c5e2906f6c02b6bc3ad6ba70d3674bafd4f16fc15,window_353,56.0,66.0,autoencoder_reconstruction_error,0.480502394611608,provisional_unverified,0.47450929781935236
5c12d7b5eff374be805bae6c5e2906f6c02b6bc3ad6ba70d3674bafd4f16fc15,window_354,58.0,68.0,autoencoder_reconstruction_error,0.4502573968501563,provisional_unverified,0.4439579933701153
5c12d7b5eff374be805bae6c5e2906f6c02b6bc3ad6ba70d3674bafd4f16fc15,window_355,60.0,70.0,autoencoder_reconstruction_error,0.4892424788294146,provisional_unverified,0.4951332292564023
5c12d7b5eff374be805bae6c5e2906f6c02b6bc3ad6ba70d3674bafd4f16fc15,window_356,62.0,72.0,autoencoder_reconstruction_error,0.6837862720665658,provisional_unverified,0.6832642151373841
5c12d7b5eff374be805bae6c5e2906f6c02b6bc3ad6ba70d3674bafd4f16fc15,window_357,64.0,74.0,autoencoder_reconstruction_error,0.6850760141804658,provisional_unverified,0.6861215084482912
5c12d7b5eff374be805bae6c5e2906f6c02b6bc3ad6ba70d3674bafd4f16fc15,window_358,66.0,76.0,autoencoder_reconstruction_error,0.6505028817707382,provisional_unverified,0.6627467620675286
5c12d7b5eff374be805bae6c5e2906f6c02b6bc3ad6ba70d3674bafd4f16fc15,window_359,68.0,78.0,autoencoder_reconstruction_error,0.7513420838565724,provisional_unverified,0.7451893399701969
5c12d7b5eff374be805bae6c5e2906f6c02b6bc3ad6ba70d3674bafd4f16fc15,window_360,70.0,80.0,autoencoder_reconstruction_error,0.7292989741540032,provisional_unverified,0.7525170157315922
5c12d7b5eff374be805bae6c5e2906f6c02b6bc3ad6ba70d3674bafd4f16fc15,window_361,72.0,82.0,autoencoder_reconstruction_error,0.6227897740598071,provisional_unverified,0.6190679788103829
5c12d7b5eff374be805bae6c5e2906f6c02b6bc3ad6ba70d3674bafd4f16fc15,window_362,74.0,84.0,autoencoder_reconstruction_error,0.5675927522171406,provisional_unverified,0.5701778089684162
5c12d7b5eff374be805bae6c5e2906f6c02b6bc3ad6ba70d3674bafd4f16fc15,window_363,76.0,86.0,autoencoder_reconstruction_error,0.5701403873135307,provisional_unverified,0.5223053101049085
5c12d7b5eff374be805bae6c5e2906f6c02b6bc3ad6ba70d3674bafd4f16fc15,window_364,78.0,88.0,autoencoder_reconstruction_error,0.4611106781978946,provisional_unverified,0.4545076083435212
5c12d7b5eff374be805bae6c5e2906f6c02b6bc3ad6ba70d3674bafd4f16fc15,window_365,80.0,90.0,autoencoder_reconstruction_error,0.4741890589276734,provisional_unverified,0.4440830044788399
5c8af6b8a89a449144e0ddf74414040b433d630e1fd3d3ddc138ec3c4284d97b,window_366,0.0,10.0,autoencoder_reconstruction_error,0.1397264943044272,provisional_unverified,0.2283270092683678
5c8af6b8a89a449144e0ddf74414040b433d630e1fd3d3ddc138ec3c4284d97b,window_367,2.0,12.0,autoencoder_reconstruction_error,0.1454420076264753,provisional_unverified,0.23489597969087128
5c8af6b8a89a449144e0ddf74414040b433d630e1fd3d3ddc138ec3c4284d97b,window_368,4.0,14.0,autoencoder_reconstruction_error,0.15126843555111327,provisional_unverified,0.2394717919465183
5c8af6b8a89a449144e0ddf74414040b433d630e1fd3d3ddc138ec3c4284d97b,window_369,6.0,16.0,autoencoder_reconstruction_error,0.21318812778329235,provisional_unverified,0.2950938163457962
5c8af6b8a89a449144e0ddf74414040b433d630e1fd3d3ddc138ec3c4284d97b,window_370,8.0,18.0,autoencoder_reconstruction_error,0.1950825163072716,provisional_unverified,0.27305749293288806
5c8af6b8a89a449144e0ddf74414040b433d630e1fd3d3ddc138ec3c4284d97b,window_371,10.0,20.0,autoencoder_reconstruction_error,0.4961341694328528,provisional_unverified,0.5789014862365158
5c8af6b8a89a449144e0ddf74414040b433d630e1fd3d3ddc138ec3c4284d97b,window_372,12.0,22.0,autoencoder_reconstruction_error,1.3619995760023635,provisional_unverified,0.8308933262590802
5c8af6b8a89a449144e0ddf74414040b433d630e1fd3d3ddc138ec3c4284d97b,window_373,14.0,24.0,autoencoder_reconstruction_error,1.1977747551489795,provisional_unverified,0.938574498754014
5c8af6b8a89a449144e0ddf74414040b433d630e1fd3d3ddc138ec3c4284d97b,window_374,16.0,26.0,autoencoder_reconstruction_error,0.9182788719225382,provisional_unverified,0.885352357612875
5c8af6b8a89a449144e0ddf74414040b433d630e1fd3d3ddc138ec3c4284d97b,window_375,18.0,28.0,autoencoder_reconstruction_error,0.9265976488275447,provisional_unverified,0.8665761231693808
5c8af6b8a89a449144e0ddf74414040b433d630e1fd3d3ddc138ec3c4284d97b,window_376,20.0,30.0,autoencoder_reconstruction_error,1.6731616885414,provisional_unverified,1.0822193680838852
5c8af6b8a89a449144e0ddf74414040b433d630e1fd3d3ddc138ec3c4284d97b,window_377,22.0,32.0,autoencoder_reconstruction_error,1.0455526262343333,provisional_unverified,0.7879830242535236
5c8af6b8a89a449144e0ddf74414040b433d630e1fd3d3ddc138ec3c4284d97b,window_378,24.0,34.0,autoencoder_reconstruction_error,0.7356942012468207,provisional_unverified,0.6545181292646224
6732a35a8f6343dcf041f1a3ad40d6760331513a2556c4fae4eea6cd59da89b2,window_379,0.0,10.0,autoencoder_reconstruction_error,0.2591780348043443,provisional_unverified,0.3394559295266205
6732a35a8f6343dcf041f1a3ad40d6760331513a2556c4fae4eea6cd59da89b2,window_380,2.0,12.0,autoencoder_reconstruction_error,0.1898460940224744,provisional_unverified,0.27285719061974445
6732a35a8f6343dcf041f1a3ad40d6760331513a2556c4fae4eea6cd59da89b2,window_381,4.0,14.0,autoencoder_reconstruction_error,0.15628674060865785,provisional_unverified,0.23191372069668992
6732a35a8f6343dcf041f1a3ad40d6760331513a2556c4fae4eea6cd59da89b2,window_382,6.0,16.0,autoencoder_reconstruction_error,0.1727919365819142,provisional_unverified,0.2437191667096033
6732a35a8f6343dcf041f1a3ad40d6760331513a2556c4fae4eea6cd59da89b2,window_383,8.0,18.0,autoencoder_reconstruction_error,0.24997967298977128,provisional_unverified,0.31862521774937713
6732a35a8f6343dcf041f1a3ad40d6760331513a2556c4fae4eea6cd59da89b2,window_384,10.0,20.0,autoencoder_reconstruction_error,0.27954490027528506,provisional_unverified,0.36966834996132264
6732a35a8f6343dcf041f1a3ad40d6760331513a2556c4fae4eea6cd59da89b2,window_385,12.0,22.0,autoencoder_reconstruction_error,0.3657685769759312,provisional_unverified,0.407631908949208
7208a43e77536a72e401c00f01a793130fb6688d28fb8080941e14cc5752b0ca,window_386,0.0,10.0,autoencoder_reconstruction_error,0.1812331633501777,provisional_unverified,0.15958350906070928
73093667f33a7f710fc20059989a002071359119e1e9c0a4128b67729755da33,window_387,0.0,10.0,autoencoder_reconstruction_error,0.2810470928753595,provisional_unverified,0.2883420347987935
8f799d59c9b5348ece1e5671692ea783d6d5e450ccebe31b6db9ad4f9510f8c5,window_388,0.0,10.0,autoencoder_reconstruction_error,57.076059935361684,provisional_unverified,72.63269224208022
8f799d59c9b5348ece1e5671692ea783d6d5e450ccebe31b6db9ad4f9510f8c5,window_389,2.0,12.0,autoencoder_reconstruction_error,104.61765648114513,provisional_unverified,102.16202418858654
8f799d59c9b5348ece1e5671692ea783d6d5e450ccebe31b6db9ad4f9510f8c5,window_390,4.0,14.0,autoencoder_reconstruction_error,109.92580213029287,provisional_unverified,106.11361136059442
8f799d59c9b5348ece1e5671692ea783d6d5e450ccebe31b6db9ad4f9510f8c5,window_391,6.0,16.0,autoencoder_reconstruction_error,87.80063959027987,provisional_unverified,126.3891330414115
8f799d59c9b5348ece1e5671692ea783d6d5e450ccebe31b6db9ad4f9510f8c5,window_392,8.0,18.0,autoencoder_reconstruction_error,119.18239094802894,provisional_unverified,122.93636778940119
8f799d59c9b5348ece1e5671692ea783d6d5e450ccebe31b6db9ad4f9510f8c5,window_393,10.0,20.0,autoencoder_reconstruction_error,83.4966427490992,provisional_unverified,72.24276163428186
8f799d59c9b5348ece1e5671692ea783d6d5e450ccebe31b6db9ad4f9510f8c5,window_394,12.0,22.0,autoencoder_reconstruction_error,47.31654597508018,provisional_unverified,54.35096074219602
8f799d59c9b5348ece1e5671692ea783d6d5e450ccebe31b6db9ad4f9510f8c5,window_395,14.0,24.0,autoencoder_reconstruction_error,55.49845742542371,provisional_unverified,73.42909589436506
8f799d59c9b5348ece1e5671692ea783d6d5e450ccebe31b6db9ad4f9510f8c5,window_396,16.0,26.0,autoencoder_reconstruction_error,62.78270798088131,provisional_unverified,68.83863814984504
8f799d59c9b5348ece1e5671692ea783d6d5e450ccebe31b6db9ad4f9510f8c5,window_397,18.0,28.0,autoencoder_reconstruction_error,64.58505078504966,provisional_unverified,66.4580684445712
8f799d59c9b5348ece1e5671692ea783d6d5e450ccebe31b6db9ad4f9510f8c5,window_398,20.0,30.0,autoencoder_reconstruction_error,59.58858819301576,provisional_unverified,69.58141951412081
8f799d59c9b5348ece1e5671692ea783d6d5e450ccebe31b6db9ad4f9510f8c5,window_399,22.0,32.0,autoencoder_reconstruction_error,42.908523460723394,provisional_unverified,67.05967642947438
8f799d59c9b5348ece1e5671692ea783d6d5e450ccebe31b6db9ad4f9510f8c5,window_400,24.0,34.0,autoencoder_reconstruction_error,60.88819779672359,provisional_unverified,77.08003739138381
8f799d59c9b5348ece1e5671692ea783d6d5e450ccebe31b6db9ad4f9510f8c5,window_401,26.0,36.0,autoencoder_reconstruction_error,60.37156485567087,provisional_unverified,68.36496944747647
8f799d59c9b5348ece1e5671692ea783d6d5e450ccebe31b6db9ad4f9510f8c5,window_402,28.0,38.0,autoencoder_reconstruction_error,57.812186024064566,provisional_unverified,64.62397440533923
8f799d59c9b5348ece1e5671692ea783d6d5e450ccebe31b6db9ad4f9510f8c5,window_403,30.0,40.0,autoencoder_reconstruction_error,44.560808026241574,provisional_unverified,43.71703582298547
8f799d59c9b5348ece1e5671692ea783d6d5e450ccebe31b6db9ad4f9510f8c5,window_404,32.0,42.0,autoencoder_reconstruction_error,52.10349712437492,provisional_unverified,48.81332205828239
8f799d59c9b5348ece1e5671692ea783d6d5e450ccebe31b6db9ad4f9510f8c5,window_405,34.0,44.0,autoencoder_reconstruction_error,42.355284226627234,provisional_unverified,49.250098068003
8f799d59c9b5348ece1e5671692ea783d6d5e450ccebe31b6db9ad4f9510f8c5,window_406,36.0,46.0,autoencoder_reconstruction_error,51.61276400337249,provisional_unverified,45.344482048273655
8f799d59c9b5348ece1e5671692ea783d6d5e450ccebe31b6db9ad4f9510f8c5,window_407,38.0,48.0,autoencoder_reconstruction_error,61.34405215484213,provisional_unverified,54.347382224482736
8f799d59c9b5348ece1e5671692ea783d6d5e450ccebe31b6db9ad4f9510f8c5,window_408,40.0,50.0,autoencoder_reconstruction_error,46.74544659197979,provisional_unverified,50.95097861706157
8f799d59c9b5348ece1e5671692ea783d6d5e450ccebe31b6db9ad4f9510f8c5,window_409,42.0,52.0,autoencoder_reconstruction_error,41.18344169161514,provisional_unverified,46.514382284511264
8f799d59c9b5348ece1e5671692ea783d6d5e450ccebe31b6db9ad4f9510f8c5,window_410,44.0,54.0,autoencoder_reconstruction_error,44.0075712474882,provisional_unverified,47.84379567333315
8f799d59c9b5348ece1e5671692ea783d6d5e450ccebe31b6db9ad4f9510f8c5,window_411,46.0,56.0,autoencoder_reconstruction_error,64.11733557829082,provisional_unverified,73.30244186028453
8f799d59c9b5348ece1e5671692ea783d6d5e450ccebe31b6db9ad4f9510f8c5,window_412,48.0,58.0,autoencoder_reconstruction_error,61.212802066734184,provisional_unverified,66.18378883984361
8f799d59c9b5348ece1e5671692ea783d6d5e450ccebe31b6db9ad4f9510f8c5,window_413,50.0,60.0,autoencoder_reconstruction_error,61.51730611076046,provisional_unverified,64.79052976407222
8f799d59c9b5348ece1e5671692ea783d6d5e450ccebe31b6db9ad4f9510f8c5,window_414,52.0,62.0,autoencoder_reconstruction_error,60.72241348614618,provisional_unverified,65.00098679423546
8f799d59c9b5348ece1e5671692ea783d6d5e450ccebe31b6db9ad4f9510f8c5,window_415,54.0,64.0,autoencoder_reconstruction_error,83.88867122360837,provisional_unverified,88.1074041562458
8f799d59c9b5348ece1e5671692ea783d6d5e450ccebe31b6db9ad4f9510f8c5,window_416,56.0,66.0,autoencoder_reconstruction_error,92.25015816913906,provisional_unverified,93.8001567768862
8f799d59c9b5348ece1e5671692ea783d6d5e450ccebe31b6db9ad4f9510f8c5,window_417,58.0,68.0,autoencoder_reconstruction_error,107.99736024741388,provisional_unverified,113.47086989512383
8f799d59c9b5348ece1e5671692ea783d6d5e450ccebe31b6db9ad4f9510f8c5,window_418,60.0,70.0,autoencoder_reconstruction_error,73.24675153487921,provisional_unverified,76.35964274392815
8f799d59c9b5348ece1e5671692ea783d6d5e450ccebe31b6db9ad4f9510f8c5,window_419,62.0,72.0,autoencoder_reconstruction_error,83.65125091526836,provisional_unverified,78.71973604851182
8f799d59c9b5348ece1e5671692ea783d6d5e450ccebe31b6db9ad4f9510f8c5,window_420,64.0,74.0,autoencoder_reconstruction_error,62.85593283383265,provisional_unverified,66.90881187467294
8f799d59c9b5348ece1e5671692ea783d6d5e450ccebe31b6db9ad4f9510f8c5,window_421,66.0,76.0,autoencoder_reconstruction_error,29.877745956828996,provisional_unverified,30.114441989553015
8f799d59c9b5348ece1e5671692ea783d6d5e450ccebe31b6db9ad4f9510f8c5,window_422,68.0,78.0,autoencoder_reconstruction_error,22.416264750895703,provisional_unverified,22.577705923364235
8f799d59c9b5348ece1e5671692ea783d6d5e450ccebe31b6db9ad4f9510f8c5,window_423,70.0,80.0,autoencoder_reconstruction_error,23.839942245365737,provisional_unverified,24.59963924526843
8f799d59c9b5348ece1e5671692ea783d6d5e450ccebe31b6db9ad4f9510f8c5,window_424,72.0,82.0,autoencoder_reconstruction_error,5.982044442765285,provisional_unverified,6.051020751408487
8f799d59c9b5348ece1e5671692ea783d6d5e450ccebe31b6db9ad4f9510f8c5,window_425,74.0,84.0,autoencoder_reconstruction_error,3.171837971467839,provisional_unverified,2.3187954999090516
8f799d59c9b5348ece1e5671692ea783d6d5e450ccebe31b6db9ad4f9510f8c5,window_426,76.0,86.0,autoencoder_reconstruction_error,2.681259046474236,provisional_unverified,1.7448809087238448
8f799d59c9b5348ece1e5671692ea783d6d5e450ccebe31b6db9ad4f9510f8c5,window_427,78.0,88.0,autoencoder_reconstruction_error,2.14590852366856,provisional_unverified,2.175095099522286
8f799d59c9b5348ece1e5671692ea783d6d5e450ccebe31b6db9ad4f9510f8c5,window_428,80.0,90.0,autoencoder_reconstruction_error,2.15361889426811,provisional_unverified,2.159358062972292
8f799d59c9b5348ece1e5671692ea783d6d5e450ccebe31b6db9ad4f9510f8c5,window_429,82.0,92.0,autoencoder_reconstruction_error,1.0850399908631088,provisional_unverified,1.0777338753998733
8f799d59c9b5348ece1e5671692ea783d6d5e450ccebe31b6db9ad4f9510f8c5,window_430,84.0,94.0,autoencoder_reconstruction_error,1.1298069528334254,provisional_unverified,1.147723831481678
8f799d59c9b5348ece1e5671692ea783d6d5e450ccebe31b6db9ad4f9510f8c5,window_431,86.0,96.0,autoencoder_reconstruction_error,1.0103649699189294,provisional_unverified,0.9573291581122562
8f799d59c9b5348ece1e5671692ea783d6d5e450ccebe31b6db9ad4f9510f8c5,window_432,88.0,98.0,autoencoder_reconstruction_error,0.6673718708950914,provisional_unverified,0.6107305582887782
8f799d59c9b5348ece1e5671692ea783d6d5e450ccebe31b6db9ad4f9510f8c5,window_433,90.0,100.0,autoencoder_reconstruction_error,0.647996223711277,provisional_unverified,0.6251238262690342
8f799d59c9b5348ece1e5671692ea783d6d5e450ccebe31b6db9ad4f9510f8c5,window_434,92.0,102.0,autoencoder_reconstruction_error,0.6385793118163224,provisional_unverified,0.6683299835093506
8f799d59c9b5348ece1e5671692ea783d6d5e450ccebe31b6db9ad4f9510f8c5,window_435,94.0,104.0,autoencoder_reconstruction_error,0.5852822306405581,provisional_unverified,0.6189629709697079
8f799d59c9b5348ece1e5671692ea783d6d5e450ccebe31b6db9ad4f9510f8c5,window_436,96.0,106.0,autoencoder_reconstruction_error,0.5315295627501933,provisional_unverified,0.5285909457159139
8f799d59c9b5348ece1e5671692ea783d6d5e450ccebe31b6db9ad4f9510f8c5,window_437,98.0,108.0,autoencoder_reconstruction_error,0.6369123410401886,provisional_unverified,0.5897126821996638
9116cbf4be063f5be851f65778ddfb91d60bdd5aa52e7211426769a6b2ce6f86,window_438,0.0,10.0,autoencoder_reconstruction_error,0.17184209337715564,provisional_unverified,0.1820885879197755
9116cbf4be063f5be851f65778ddfb91d60bdd5aa52e7211426769a6b2ce6f86,window_439,2.0,12.0,autoencoder_reconstruction_error,0.18043750393673277,provisional_unverified,0.190080458822379
9116cbf4be063f5be851f65778ddfb91d60bdd5aa52e7211426769a6b2ce6f86,window_440,4.0,14.0,autoencoder_reconstruction_error,0.19577456170580324,provisional_unverified,0.21629233734647796
9116cbf4be063f5be851f65778ddfb91d60bdd5aa52e7211426769a6b2ce6f86,window_441,6.0,16.0,autoencoder_reconstruction_error,0.20851797819804113,provisional_unverified,0.23078921535565544
9116cbf4be063f5be851f65778ddfb91d60bdd5aa52e7211426769a6b2ce6f86,window_442,8.0,18.0,autoencoder_reconstruction_error,0.23632950570196207,provisional_unverified,0.24465635437924457
9116cbf4be063f5be851f65778ddfb91d60bdd5aa52e7211426769a6b2ce6f86,window_443,10.0,20.0,autoencoder_reconstruction_error,0.18965931338087488,provisional_unverified,0.2158325772445591
9116cbf4be063f5be851f65778ddfb91d60bdd5aa52e7211426769a6b2ce6f86,window_444,12.0,22.0,autoencoder_reconstruction_error,0.1953873202887512,provisional_unverified,0.22136721197443832
9116cbf4be063f5be851f65778ddfb91d60bdd5aa52e7211426769a6b2ce6f86,window_445,14.0,24.0,autoencoder_reconstruction_error,0.19779862401746987,provisional_unverified,0.22575768038989155
9116cbf4be063f5be851f65778ddfb91d60bdd5aa52e7211426769a6b2ce6f86,window_446,16.0,26.0,autoencoder_reconstruction_error,0.20512950876545608,provisional_unverified,0.2372364093069185
9116cbf4be063f5be851f65778ddfb91d60bdd5aa52e7211426769a6b2ce6f86,window_447,18.0,28.0,autoencoder_reconstruction_error,0.19401782657115133,provisional_unverified,0.22355033149470768
9116cbf4be063f5be851f65778ddfb91d60bdd5aa52e7211426769a6b2ce6f86,window_448,20.0,30.0,autoencoder_reconstruction_error,0.1922630185839358,provisional_unverified,0.22086939569632114
9116cbf4be063f5be851f65778ddfb91d60bdd5aa52e7211426769a6b2ce6f86,window_449,22.0,32.0,autoencoder_reconstruction_error,0.18816713874346727,provisional_unverified,0.21391887956142613
9116cbf4be063f5be851f65778ddfb91d60bdd5aa52e7211426769a6b2ce6f86,window_450,24.0,34.0,autoencoder_reconstruction_error,0.18380659932856297,provisional_unverified,0.21200201123995208
9116cbf4be063f5be851f65778ddfb91d60bdd5aa52e7211426769a6b2ce6f86,window_451,26.0,36.0,autoencoder_reconstruction_error,0.17866679351745887,provisional_unverified,0.20061219381068926
9116cbf4be063f5be851f65778ddfb91d60bdd5aa52e7211426769a6b2ce6f86,window_452,28.0,38.0,autoencoder_reconstruction_error,0.18335740897310027,provisional_unverified,0.20582760546510145
9116cbf4be063f5be851f65778ddfb91d60bdd5aa52e7211426769a6b2ce6f86,window_453,30.0,40.0,autoencoder_reconstruction_error,0.1828243993829273,provisional_unverified,0.20348097990451539
9116cbf4be063f5be851f65778ddfb91d60bdd5aa52e7211426769a6b2ce6f86,window_454,32.0,42.0,autoencoder_reconstruction_error,0.1762270815872275,provisional_unverified,0.19958929693678898
9116cbf4be063f5be851f65778ddfb91d60bdd5aa52e7211426769a6b2ce6f86,window_455,34.0,44.0,autoencoder_reconstruction_error,0.17714046560631302,provisional_unverified,0.19926144186534953
9116cbf4be063f5be851f65778ddfb91d60bdd5aa52e7211426769a6b2ce6f86,window_456,36.0,46.0,autoencoder_reconstruction_error,0.1709205963799412,provisional_unverified,0.1944260471353492
9116cbf4be063f5be851f65778ddfb91d60bdd5aa52e7211426769a6b2ce6f86,window_457,38.0,48.0,autoencoder_reconstruction_error,0.16953991629340875,provisional_unverified,0.194487753497593
9116cbf4be063f5be851f65778ddfb91d60bdd5aa52e7211426769a6b2ce6f86,window_458,40.0,50.0,autoencoder_reconstruction_error,0.28167450227659596,provisional_unverified,0.3032935289394193
9116cbf4be063f5be851f65778ddfb91d60bdd5aa52e7211426769a6b2ce6f86,window_459,42.0,52.0,autoencoder_reconstruction_error,0.4731911280944753,provisional_unverified,0.4675411008218576
9116cbf4be063f5be851f65778ddfb91d60bdd5aa52e7211426769a6b2ce6f86,window_460,44.0,54.0,autoencoder_reconstruction_error,0.5481339958779621,provisional_unverified,0.5448484402539597
9116cbf4be063f5be851f65778ddfb91d60bdd5aa52e7211426769a6b2ce6f86,window_461,46.0,56.0,autoencoder_reconstruction_error,0.5485193737776148,provisional_unverified,0.5274613910851151
9116cbf4be063f5be851f65778ddfb91d60bdd5aa52e7211426769a6b2ce6f86,window_462,48.0,58.0,autoencoder_reconstruction_error,0.5295446797635993,provisional_unverified,0.5207152827118036
9116cbf4be063f5be851f65778ddfb91d60bdd5aa52e7211426769a6b2ce6f86,window_463,50.0,60.0,autoencoder_reconstruction_error,0.4037609792642342,provisional_unverified,0.4034467798707882
9116cbf4be063f5be851f65778ddfb91d60bdd5aa52e7211426769a6b2ce6f86,window_464,52.0,62.0,autoencoder_reconstruction_error,0.21040655273928177,provisional_unverified,0.22773031081429873
9116cbf4be063f5be851f65778ddfb91d60bdd5aa52e7211426769a6b2ce6f86,window_465,54.0,64.0,autoencoder_reconstruction_error,0.12379535306194307,provisional_unverified,0.1490425148499956
9116cbf4be063f5be851f65778ddfb91d60bdd5aa52e7211426769a6b2ce6f86,window_466,56.0,66.0,autoencoder_reconstruction_error,0.12595783652517412,provisional_unverified,0.15075312913045702
9116cbf4be063f5be851f65778ddfb91d60bdd5aa52e7211426769a6b2ce6f86,window_467,58.0,68.0,autoencoder_reconstruction_error,0.12019880414553644,provisional_unverified,0.14636918991696368
9116cbf4be063f5be851f65778ddfb91d60bdd5aa52e7211426769a6b2ce6f86,window_468,60.0,70.0,autoencoder_reconstruction_error,0.12195310295784176,provisional_unverified,0.1472730872144046
9116cbf4be063f5be851f65778ddfb91d60bdd5aa52e7211426769a6b2ce6f86,window_469,62.0,72.0,autoencoder_reconstruction_error,0.12292536905522115,provisional_unverified,0.14717088957268737
9116cbf4be063f5be851f65778ddfb91d60bdd5aa52e7211426769a6b2ce6f86,window_470,64.0,74.0,autoencoder_reconstruction_error,0.12315783254006327,provisional_unverified,0.14610236160843731
9116cbf4be063f5be851f65778ddfb91d60bdd5aa52e7211426769a6b2ce6f86,window_471,66.0,76.0,autoencoder_reconstruction_error,0.12133140421207955,provisional_unverified,0.1454013120447535
9116cbf4be063f5be851f65778ddfb91d60bdd5aa52e7211426769a6b2ce6f86,window_472,68.0,78.0,autoencoder_reconstruction_error,0.12013496230426361,provisional_unverified,0.14529252658091815
9116cbf4be063f5be851f65778ddfb91d60bdd5aa52e7211426769a6b2ce6f86,window_473,70.0,80.0,autoencoder_reconstruction_error,0.5903161164695538,provisional_unverified,0.5925603014643107
9116cbf4be063f5be851f65778ddfb91d60bdd5aa52e7211426769a6b2ce6f86,window_474,72.0,82.0,autoencoder_reconstruction_error,4.756662500735211,provisional_unverified,4.802685245604004
9116cbf4be063f5be851f65778ddfb91d60bdd5aa52e7211426769a6b2ce6f86,window_475,74.0,84.0,autoencoder_reconstruction_error,6.332345901740885,provisional_unverified,8.962218055390329
9116cbf4be063f5be851f65778ddfb91d60bdd5aa52e7211426769a6b2ce6f86,window_476,76.0,86.0,autoencoder_reconstruction_error,11.543633115840798,provisional_unverified,9.269337912838614
9116cbf4be063f5be851f65778ddfb91d60bdd5aa52e7211426769a6b2ce6f86,window_477,78.0,88.0,autoencoder_reconstruction_error,19.942446594365215,provisional_unverified,26.10690592875273
9116cbf4be063f5be851f65778ddfb91d60bdd5aa52e7211426769a6b2ce6f86,window_478,80.0,90.0,autoencoder_reconstruction_error,36.10376619529866,provisional_unverified,51.173290361799985
9116cbf4be063f5be851f65778ddfb91d60bdd5aa52e7211426769a6b2ce6f86,window_479,82.0,92.0,autoencoder_reconstruction_error,49.027319825890906,provisional_unverified,56.188029710430655
9116cbf4be063f5be851f65778ddfb91d60bdd5aa52e7211426769a6b2ce6f86,window_480,84.0,94.0,autoencoder_reconstruction_error,57.94538021932445,provisional_unverified,52.961690592693294
9116cbf4be063f5be851f65778ddfb91d60bdd5aa52e7211426769a6b2ce6f86,window_481,86.0,96.0,autoencoder_reconstruction_error,56.26605373906792,provisional_unverified,57.11006901832685
9116cbf4be063f5be851f65778ddfb91d60bdd5aa52e7211426769a6b2ce6f86,window_482,88.0,98.0,autoencoder_reconstruction_error,59.12171772352625,provisional_unverified,55.37389908153373
9116cbf4be063f5be851f65778ddfb91d60bdd5aa52e7211426769a6b2ce6f86,window_483,90.0,100.0,autoencoder_reconstruction_error,33.177081484089534,provisional_unverified,30.715485189652064
9116cbf4be063f5be851f65778ddfb91d60bdd5aa52e7211426769a6b2ce6f86,window_484,92.0,102.0,autoencoder_reconstruction_error,22.93169664710343,provisional_unverified,22.459963510431574
9116cbf4be063f5be851f65778ddfb91d60bdd5aa52e7211426769a6b2ce6f86,window_485,94.0,104.0,autoencoder_reconstruction_error,40.19207079997831,provisional_unverified,32.24452254980009
9116cbf4be063f5be851f65778ddfb91d60bdd5aa52e7211426769a6b2ce6f86,window_486,96.0,106.0,autoencoder_reconstruction_error,20.65070636027088,provisional_unverified,20.8352760984343
9116cbf4be063f5be851f65778ddfb91d60bdd5aa52e7211426769a6b2ce6f86,window_487,98.0,108.0,autoencoder_reconstruction_error,15.230917437094858,provisional_unverified,14.392005686186385
9116cbf4be063f5be851f65778ddfb91d60bdd5aa52e7211426769a6b2ce6f86,window_488,100.0,110.0,autoencoder_reconstruction_error,30.467183940739712,provisional_unverified,20.063754204737872
9116cbf4be063f5be851f65778ddfb91d60bdd5aa52e7211426769a6b2ce6f86,window_489,102.0,112.0,autoencoder_reconstruction_error,33.31509655045521,provisional_unverified,20.29552213755952
9116cbf4be063f5be851f65778ddfb91d60bdd5aa52e7211426769a6b2ce6f86,window_490,104.0,114.0,autoencoder_reconstruction_error,23.421046842144122,provisional_unverified,17.398882981219504
9116cbf4be063f5be851f65778ddfb91d60bdd5aa52e7211426769a6b2ce6f86,window_491,106.0,116.0,autoencoder_reconstruction_error,21.431348593188485,provisional_unverified,26.81825882673312
9116cbf4be063f5be851f65778ddfb91d60bdd5aa52e7211426769a6b2ce6f86,window_492,108.0,118.0,autoencoder_reconstruction_error,21.333521156093138,provisional_unverified,27.408303483170233
9116cbf4be063f5be851f65778ddfb91d60bdd5aa52e7211426769a6b2ce6f86,window_493,110.0,120.0,autoencoder_reconstruction_error,36.837149218444736,provisional_unverified,40.02998548795169
9116cbf4be063f5be851f65778ddfb91d60bdd5aa52e7211426769a6b2ce6f86,window_494,112.0,122.0,autoencoder_reconstruction_error,29.37285223769104,provisional_unverified,36.41275309993776
9116cbf4be063f5be851f65778ddfb91d60bdd5aa52e7211426769a6b2ce6f86,window_495,114.0,124.0,autoencoder_reconstruction_error,29.71418359826641,provisional_unverified,27.39912054575538
9116cbf4be063f5be851f65778ddfb91d60bdd5aa52e7211426769a6b2ce6f86,window_496,116.0,126.0,autoencoder_reconstruction_error,30.44861187522524,provisional_unverified,36.18468998964618
9116cbf4be063f5be851f65778ddfb91d60bdd5aa52e7211426769a6b2ce6f86,window_497,118.0,128.0,autoencoder_reconstruction_error,46.39286643050028,provisional_unverified,34.67599969796847
9116cbf4be063f5be851f65778ddfb91d60bdd5aa52e7211426769a6b2ce6f86,window_498,120.0,130.0,autoencoder_reconstruction_error,18.269406503064552,provisional_unverified,18.74700460795254
9116cbf4be063f5be851f65778ddfb91d60bdd5aa52e7211426769a6b2ce6f86,window_499,122.0,132.0,autoencoder_reconstruction_error,20.03292689083147,provisional_unverified,21.55812379441398
9116cbf4be063f5be851f65778ddfb91d60bdd5aa52e7211426769a6b2ce6f86,window_500,124.0,134.0,autoencoder_reconstruction_error,14.326974433319851,provisional_unverified,15.856487609318199
9116cbf4be063f5be851f65778ddfb91d60bdd5aa52e7211426769a6b2ce6f86,window_501,126.0,136.0,autoencoder_reconstruction_error,10.76848530382533,provisional_unverified,9.565688901227583
9116cbf4be063f5be851f65778ddfb91d60bdd5aa52e7211426769a6b2ce6f86,window_502,128.0,138.0,autoencoder_reconstruction_error,13.820270578523774,provisional_unverified,13.746168943470337
9116cbf4be063f5be851f65778ddfb91d60bdd5aa52e7211426769a6b2ce6f86,window_503,130.0,140.0,autoencoder_reconstruction_error,16.81096065587754,provisional_unverified,19.401200109559845
9116cbf4be063f5be851f65778ddfb91d60bdd5aa52e7211426769a6b2ce6f86,window_504,132.0,142.0,autoencoder_reconstruction_error,20.434878008656284,provisional_unverified,20.203504132239228
9116cbf4be063f5be851f65778ddfb91d60bdd5aa52e7211426769a6b2ce6f86,window_505,134.0,144.0,autoencoder_reconstruction_error,15.346417318987312,provisional_unverified,17.472416328385915
9116cbf4be063f5be851f65778ddfb91d60bdd5aa52e7211426769a6b2ce6f86,window_506,136.0,146.0,autoencoder_reconstruction_error,24.049627014031802,provisional_unverified,22.5296015195356
9116cbf4be063f5be851f65778ddfb91d60bdd5aa52e7211426769a6b2ce6f86,window_507,138.0,148.0,autoencoder_reconstruction_error,18.01242559476734,provisional_unverified,18.180667906281876
9116cbf4be063f5be851f65778ddfb91d60bdd5aa52e7211426769a6b2ce6f86,window_508,140.0,150.0,autoencoder_reconstruction_error,14.936107871928623,provisional_unverified,12.740803390362863
9116cbf4be063f5be851f65778ddfb91d60bdd5aa52e7211426769a6b2ce6f86,window_509,142.0,152.0,autoencoder_reconstruction_error,14.121831771313213,provisional_unverified,14.218261919245364
9116cbf4be063f5be851f65778ddfb91d60bdd5aa52e7211426769a6b2ce6f86,window_510,144.0,154.0,autoencoder_reconstruction_error,16.174774643549398,provisional_unverified,16.395722803463094
9116cbf4be063f5be851f65778ddfb91d60bdd5aa52e7211426769a6b2ce6f86,window_511,146.0,156.0,autoencoder_reconstruction_error,21.114391482903148,provisional_unverified,16.53733747294389
9116cbf4be063f5be851f65778ddfb91d60bdd5aa52e7211426769a6b2ce6f86,window_512,148.0,158.0,autoencoder_reconstruction_error,24.598903519001198,provisional_unverified,25.5288678724626
9116cbf4be063f5be851f65778ddfb91d60bdd5aa52e7211426769a6b2ce6f86,window_513,150.0,160.0,autoencoder_reconstruction_error,27.02429760924423,provisional_unverified,33.14596590319238
9116cbf4be063f5be851f65778ddfb91d60bdd5aa52e7211426769a6b2ce6f86,window_514,152.0,162.0,autoencoder_reconstruction_error,32.73630274688619,provisional_unverified,41.10360881023195
9116cbf4be063f5be851f65778ddfb91d60bdd5aa52e7211426769a6b2ce6f86,window_515,154.0,164.0,autoencoder_reconstruction_error,46.22420939333201,provisional_unverified,45.30920437250572
9116cbf4be063f5be851f65778ddfb91d60bdd5aa52e7211426769a6b2ce6f86,window_516,156.0,166.0,autoencoder_reconstruction_error,36.105842662808044,provisional_unverified,31.91533761401853
9116cbf4be063f5be851f65778ddfb91d60bdd5aa52e7211426769a6b2ce6f86,window_517,158.0,168.0,autoencoder_reconstruction_error,14.495292689791516,provisional_unverified,17.670858186908923
9116cbf4be063f5be851f65778ddfb91d60bdd5aa52e7211426769a6b2ce6f86,window_518,160.0,170.0,autoencoder_reconstruction_error,13.475753226814303,provisional_unverified,14.373817070605428
9116cbf4be063f5be851f65778ddfb91d60bdd5aa52e7211426769a6b2ce6f86,window_519,162.0,172.0,autoencoder_reconstruction_error,14.448554286687305,provisional_unverified,14.346371497001561
9116cbf4be063f5be851f65778ddfb91d60bdd5aa52e7211426769a6b2ce6f86,window_520,164.0,174.0,autoencoder_reconstruction_error,12.071301828250718,provisional_unverified,11.418871546248218
9116cbf4be063f5be851f65778ddfb91d60bdd5aa52e7211426769a6b2ce6f86,window_521,166.0,176.0,autoencoder_reconstruction_error,10.235133036821775,provisional_unverified,9.923055060608043
9116cbf4be063f5be851f65778ddfb91d60bdd5aa52e7211426769a6b2ce6f86,window_522,168.0,178.0,autoencoder_reconstruction_error,6.061541025008887,provisional_unverified,5.436153869137168
9116cbf4be063f5be851f65778ddfb91d60bdd5aa52e7211426769a6b2ce6f86,window_523,170.0,180.0,autoencoder_reconstruction_error,3.2325610648587646,provisional_unverified,3.0605492553880502
9116cbf4be063f5be851f65778ddfb91d60bdd5aa52e7211426769a6b2ce6f86,window_524,172.0,182.0,autoencoder_reconstruction_error,2.1700730330890186,provisional_unverified,1.8820070673245224
9116cbf4be063f5be851f65778ddfb91d60bdd5aa52e7211426769a6b2ce6f86,window_525,174.0,184.0,autoencoder_reconstruction_error,1.9063047551081085,provisional_unverified,1.8457475753749677
9116cbf4be063f5be851f65778ddfb91d60bdd5aa52e7211426769a6b2ce6f86,window_526,176.0,186.0,autoencoder_reconstruction_error,1.3833389578282778,provisional_unverified,1.3654953893977277
9116cbf4be063f5be851f65778ddfb91d60bdd5aa52e7211426769a6b2ce6f86,window_527,178.0,188.0,autoencoder_reconstruction_error,1.7262617208498687,provisional_unverified,1.742315103576861
9116cbf4be063f5be851f65778ddfb91d60bdd5aa52e7211426769a6b2ce6f86,window_528,180.0,190.0,autoencoder_reconstruction_error,2.0231466970082925,provisional_unverified,2.0581611485064526
9116cbf4be063f5be851f65778ddfb91d60bdd5aa52e7211426769a6b2ce6f86,window_529,182.0,192.0,autoencoder_reconstruction_error,2.23230295949492,provisional_unverified,2.2704079250793665
9116cbf4be063f5be851f65778ddfb91d60bdd5aa52e7211426769a6b2ce6f86,window_530,184.0,194.0,autoencoder_reconstruction_error,1.5368071533202952,provisional_unverified,1.5932516916276067
9116cbf4be063f5be851f65778ddfb91d60bdd5aa52e7211426769a6b2ce6f86,window_531,186.0,196.0,autoencoder_reconstruction_error,1.6431432375252384,provisional_unverified,1.6300634659729272
9116cbf4be063f5be851f65778ddfb91d60bdd5aa52e7211426769a6b2ce6f86,window_532,188.0,198.0,autoencoder_reconstruction_error,2.2759277440811303,provisional_unverified,2.0596369271267365
9116cbf4be063f5be851f65778ddfb91d60bdd5aa52e7211426769a6b2ce6f86,window_533,190.0,200.0,autoencoder_reconstruction_error,2.8046125393351167,provisional_unverified,2.1542808289056286
9116cbf4be063f5be851f65778ddfb91d60bdd5aa52e7211426769a6b2ce6f86,window_534,192.0,202.0,autoencoder_reconstruction_error,2.582695956772186,provisional_unverified,2.4966254361371103
9116cbf4be063f5be851f65778ddfb91d60bdd5aa52e7211426769a6b2ce6f86,window_535,194.0,204.0,autoencoder_reconstruction_error,2.396811358343112,provisional_unverified,1.4272293581996929
9116cbf4be063f5be851f65778ddfb91d60bdd5aa52e7211426769a6b2ce6f86,window_536,196.0,206.0,autoencoder_reconstruction_error,1.895732631608597,provisional_unverified,1.3181904578789476
9116cbf4be063f5be851f65778ddfb91d60bdd5aa52e7211426769a6b2ce6f86,window_537,198.0,208.0,autoencoder_reconstruction_error,1.6563170473548057,provisional_unverified,1.6144019197120427
9116cbf4be063f5be851f65778ddfb91d60bdd5aa52e7211426769a6b2ce6f86,window_538,200.0,210.0,autoencoder_reconstruction_error,0.05247123717844868,provisional_unverified,0.07933855946967239
9116cbf4be063f5be851f65778ddfb91d60bdd5aa52e7211426769a6b2ce6f86,window_539,202.0,212.0,autoencoder_reconstruction_error,0.05113896772573234,provisional_unverified,0.07845155839186421
9116cbf4be063f5be851f65778ddfb91d60bdd5aa52e7211426769a6b2ce6f86,window_540,204.0,214.0,autoencoder_reconstruction_error,0.051181728146994204,provisional_unverified,0.07782082637956934
9116cbf4be063f5be851f65778ddfb91d60bdd5aa52e7211426769a6b2ce6f86,window_541,206.0,216.0,autoencoder_reconstruction_error,0.051443150461744504,provisional_unverified,0.07816416859209639
9116cbf4be063f5be851f65778ddfb91d60bdd5aa52e7211426769a6b2ce6f86,window_542,208.0,218.0,autoencoder_reconstruction_error,0.050244228675541736,provisional_unverified,0.07667308742396685
9116cbf4be063f5be851f65778ddfb91d60bdd5aa52e7211426769a6b2ce6f86,window_543,210.0,220.0,autoencoder_reconstruction_error,0.050241128944911714,provisional_unverified,0.07609086629296974
9116cbf4be063f5be851f65778ddfb91d60bdd5aa52e7211426769a6b2ce6f86,window_544,212.0,222.0,autoencoder_reconstruction_error,0.04992149678187336,provisional_unverified,0.07575163726764621
9116cbf4be063f5be851f65778ddfb91d60bdd5aa52e7211426769a6b2ce6f86,window_545,214.0,224.0,autoencoder_reconstruction_error,0.04901500950314695,provisional_unverified,0.07477923284727826
9116cbf4be063f5be851f65778ddfb91d60bdd5aa52e7211426769a6b2ce6f86,window_546,216.0,226.0,autoencoder_reconstruction_error,0.047795417444288696,provisional_unverified,0.07428565591751017
9116cbf4be063f5be851f65778ddfb91d60bdd5aa52e7211426769a6b2ce6f86,window_547,218.0,228.0,autoencoder_reconstruction_error,0.05259954227469703,provisional_unverified,0.08056734325886279
9116cbf4be063f5be851f65778ddfb91d60bdd5aa52e7211426769a6b2ce6f86,window_548,220.0,230.0,autoencoder_reconstruction_error,0.08191708526470177,provisional_unverified,0.10490069918134026
9116cbf4be063f5be851f65778ddfb91d60bdd5aa52e7211426769a6b2ce6f86,window_549,222.0,232.0,autoencoder_reconstruction_error,0.463454432589402,provisional_unverified,0.3882062522295181
9116cbf4be063f5be851f65778ddfb91d60bdd5aa52e7211426769a6b2ce6f86,window_550,224.0,234.0,autoencoder_reconstruction_error,1.128073861180528,provisional_unverified,0.9566945189672909
9116cbf4be063f5be851f65778ddfb91d60bdd5aa52e7211426769a6b2ce6f86,window_551,226.0,236.0,autoencoder_reconstruction_error,1.134406231681098,provisional_unverified,0.9837230221813845
9116cbf4be063f5be851f65778ddfb91d60bdd5aa52e7211426769a6b2ce6f86,window_552,228.0,238.0,autoencoder_reconstruction_error,1.1475257867969557,provisional_unverified,0.8608024435496506
9116cbf4be063f5be851f65778ddfb91d60bdd5aa52e7211426769a6b2ce6f86,window_553,230.0,240.0,autoencoder_reconstruction_error,0.9535697201457142,provisional_unverified,0.7991241105880883
9116cbf4be063f5be851f65778ddfb91d60bdd5aa52e7211426769a6b2ce6f86,window_554,232.0,242.0,autoencoder_reconstruction_error,0.8347628021649448,provisional_unverified,0.7724244805614339
9116cbf4be063f5be851f65778ddfb91d60bdd5aa52e7211426769a6b2ce6f86,window_555,234.0,244.0,autoencoder_reconstruction_error,0.04597824351639251,provisional_unverified,0.07206096627074939
9116cbf4be063f5be851f65778ddfb91d60bdd5aa52e7211426769a6b2ce6f86,window_556,236.0,246.0,autoencoder_reconstruction_error,0.047499322707271134,provisional_unverified,0.07370146229432707
9116cbf4be063f5be851f65778ddfb91d60bdd5aa52e7211426769a6b2ce6f86,window_557,238.0,248.0,autoencoder_reconstruction_error,0.04974602481855949,provisional_unverified,0.07338226038839617
9116cbf4be063f5be851f65778ddfb91d60bdd5aa52e7211426769a6b2ce6f86,window_558,240.0,250.0,autoencoder_reconstruction_error,0.05146303450361376,provisional_unverified,0.07469828750776523
9116cbf4be063f5be851f65778ddfb91d60bdd5aa52e7211426769a6b2ce6f86,window_559,242.0,252.0,autoencoder_reconstruction_error,0.05381372680205027,provisional_unverified,0.07574522947675252
9116cbf4be063f5be851f65778ddfb91d60bdd5aa52e7211426769a6b2ce6f86,window_560,244.0,254.0,autoencoder_reconstruction_error,0.06458032517571234,provisional_unverified,0.08834727745529784
9116cbf4be063f5be851f65778ddfb91d60bdd5aa52e7211426769a6b2ce6f86,window_561,246.0,256.0,autoencoder_reconstruction_error,0.06840371463327853,provisional_unverified,0.09218634640113164
9116cbf4be063f5be851f65778ddfb91d60bdd5aa52e7211426769a6b2ce6f86,window_562,248.0,258.0,autoencoder_reconstruction_error,0.09088895574065804,provisional_unverified,0.12082322900564275
9116cbf4be063f5be851f65778ddfb91d60bdd5aa52e7211426769a6b2ce6f86,window_563,250.0,260.0,autoencoder_reconstruction_error,0.21139230599859984,provisional_unverified,0.22993184293557123
9116cbf4be063f5be851f65778ddfb91d60bdd5aa52e7211426769a6b2ce6f86,window_564,252.0,262.0,autoencoder_reconstruction_error,0.20893707378441523,provisional_unverified,0.23307926145018476
9116cbf4be063f5be851f65778ddfb91d60bdd5aa52e7211426769a6b2ce6f86,window_565,254.0,264.0,autoencoder_reconstruction_error,0.19641121111450346,provisional_unverified,0.21271568024292184
9116cbf4be063f5be851f65778ddfb91d60bdd5aa52e7211426769a6b2ce6f86,window_566,256.0,266.0,autoencoder_reconstruction_error,0.18790501100993323,provisional_unverified,0.2119204462924073
9116cbf4be063f5be851f65778ddfb91d60bdd5aa52e7211426769a6b2ce6f86,window_567,258.0,268.0,autoencoder_reconstruction_error,0.16676928477792247,provisional_unverified,0.1913495037586404
9116cbf4be063f5be851f65778ddfb91d60bdd5aa52e7211426769a6b2ce6f86,window_568,260.0,270.0,autoencoder_reconstruction_error,0.05380077590170965,provisional_unverified,0.07782010394764827
9116cbf4be063f5be851f65778ddfb91d60bdd5aa52e7211426769a6b2ce6f86,window_569,262.0,272.0,autoencoder_reconstruction_error,0.05229355296738716,provisional_unverified,0.07649165402611702
9116cbf4be063f5be851f65778ddfb91d60bdd5aa52e7211426769a6b2ce6f86,window_570,264.0,274.0,autoencoder_reconstruction_error,0.05115305542062627,provisional_unverified,0.07588578967829997
9116cbf4be063f5be851f65778ddfb91d60bdd5aa52e7211426769a6b2ce6f86,window_571,266.0,276.0,autoencoder_reconstruction_error,0.052012682958196194,provisional_unverified,0.07612484044004822
9116cbf4be063f5be851f65778ddfb91d60bdd5aa52e7211426769a6b2ce6f86,window_572,268.0,278.0,autoencoder_reconstruction_error,0.05241479348161438,provisional_unverified,0.07629090791972612
9116cbf4be063f5be851f65778ddfb91d60bdd5aa52e7211426769a6b2ce6f86,window_573,270.0,280.0,autoencoder_reconstruction_error,0.05466925589247858,provisional_unverified,0.07800913585589413
9116cbf4be063f5be851f65778ddfb91d60bdd5aa52e7211426769a6b2ce6f86,window_574,272.0,282.0,autoencoder_reconstruction_error,0.05736577638776042,provisional_unverified,0.07976538835825636
9116cbf4be063f5be851f65778ddfb91d60bdd5aa52e7211426769a6b2ce6f86,window_575,274.0,284.0,autoencoder_reconstruction_error,0.05922806548964744,provisional_unverified,0.08045858923450112
9116cbf4be063f5be851f65778ddfb91d60bdd5aa52e7211426769a6b2ce6f86,window_576,276.0,286.0,autoencoder_reconstruction_error,0.058288689865026146,provisional_unverified,0.08064252613593814
9116cbf4be063f5be851f65778ddfb91d60bdd5aa52e7211426769a6b2ce6f86,window_577,278.0,288.0,autoencoder_reconstruction_error,0.05858082641579296,provisional_unverified,0.08098489121574194
9116cbf4be063f5be851f65778ddfb91d60bdd5aa52e7211426769a6b2ce6f86,window_578,280.0,290.0,autoencoder_reconstruction_error,0.05817075329705475,provisional_unverified,0.08039416112829381
9116cbf4be063f5be851f65778ddfb91d60bdd5aa52e7211426769a6b2ce6f86,window_579,282.0,292.0,autoencoder_reconstruction_error,0.05686457064722873,provisional_unverified,0.08028848881846551
9116cbf4be063f5be851f65778ddfb91d60bdd5aa52e7211426769a6b2ce6f86,window_580,284.0,294.0,autoencoder_reconstruction_error,0.05619454529904779,provisional_unverified,0.08001316176668677
9116cbf4be063f5be851f65778ddfb91d60bdd5aa52e7211426769a6b2ce6f86,window_581,286.0,296.0,autoencoder_reconstruction_error,0.055130247752637675,provisional_unverified,0.07926759719686882
9116cbf4be063f5be851f65778ddfb91d60bdd5aa52e7211426769a6b2ce6f86,window_582,288.0,298.0,autoencoder_reconstruction_error,0.05413934889503486,provisional_unverified,0.07887631021227406
9116cbf4be063f5be851f65778ddfb91d60bdd5aa52e7211426769a6b2ce6f86,window_583,290.0,300.0,autoencoder_reconstruction_error,0.0525737258344552,provisional_unverified,0.07783542893200723
9116cbf4be063f5be851f65778ddfb91d60bdd5aa52e7211426769a6b2ce6f86,window_584,292.0,302.0,autoencoder_reconstruction_error,0.052243558764615776,provisional_unverified,0.07766520727254644
9116cbf4be063f5be851f65778ddfb91d60bdd5aa52e7211426769a6b2ce6f86,window_585,294.0,304.0,autoencoder_reconstruction_error,0.05303262229493684,provisional_unverified,0.07769003866707519
9116cbf4be063f5be851f65778ddfb91d60bdd5aa52e7211426769a6b2ce6f86,window_586,296.0,306.0,autoencoder_reconstruction_error,0.056106349442215736,provisional_unverified,0.08021602863617619
9116cbf4be063f5be851f65778ddfb91d60bdd5aa52e7211426769a6b2ce6f86,window_587,298.0,308.0,autoencoder_reconstruction_error,0.05696031480554817,provisional_unverified,0.08201307419080278
9116cbf4be063f5be851f65778ddfb91d60bdd5aa52e7211426769a6b2ce6f86,window_588,300.0,310.0,autoencoder_reconstruction_error,0.05940753008852029,provisional_unverified,0.08344895530385965
9116cbf4be063f5be851f65778ddfb91d60bdd5aa52e7211426769a6b2ce6f86,window_589,302.0,312.0,autoencoder_reconstruction_error,0.11182467702323452,provisional_unverified,0.15642733988200047
9116cbf4be063f5be851f65778ddfb91d60bdd5aa52e7211426769a6b2ce6f86,window_590,304.0,314.0,autoencoder_reconstruction_error,0.3867536882535688,provisional_unverified,0.42733750192718617
9116cbf4be063f5be851f65778ddfb91d60bdd5aa52e7211426769a6b2ce6f86,window_591,306.0,316.0,autoencoder_reconstruction_error,0.9432074818534093,provisional_unverified,0.8702171025326311
9116cbf4be063f5be851f65778ddfb91d60bdd5aa52e7211426769a6b2ce6f86,window_592,308.0,318.0,autoencoder_reconstruction_error,0.9665374690060694,provisional_unverified,0.7858227499619
9116cbf4be063f5be851f65778ddfb91d60bdd5aa52e7211426769a6b2ce6f86,window_593,310.0,320.0,autoencoder_reconstruction_error,0.7859326389845963,provisional_unverified,0.7870722818568299
9116cbf4be063f5be851f65778ddfb91d60bdd5aa52e7211426769a6b2ce6f86,window_594,312.0,322.0,autoencoder_reconstruction_error,0.6800143805912158,provisional_unverified,0.82424706187154
9116cbf4be063f5be851f65778ddfb91d60bdd5aa52e7211426769a6b2ce6f86,window_595,314.0,324.0,autoencoder_reconstruction_error,0.5333928958206188,provisional_unverified,0.4624042656074731
9116cbf4be063f5be851f65778ddfb91d60bdd5aa52e7211426769a6b2ce6f86,window_596,316.0,326.0,autoencoder_reconstruction_error,0.05886763842189162,provisional_unverified,0.08500317551379491
9116cbf4be063f5be851f65778ddfb91d60bdd5aa52e7211426769a6b2ce6f86,window_597,318.0,328.0,autoencoder_reconstruction_error,0.0576185820487657,provisional_unverified,0.08459318466406274
9116cbf4be063f5be851f65778ddfb91d60bdd5aa52e7211426769a6b2ce6f86,window_598,320.0,330.0,autoencoder_reconstruction_error,0.056460873646747727,provisional_unverified,0.0829338174643338
9116cbf4be063f5be851f65778ddfb91d60bdd5aa52e7211426769a6b2ce6f86,window_599,322.0,332.0,autoencoder_reconstruction_error,0.05390975633264248,provisional_unverified,0.08252265794920774
9116cbf4be063f5be851f65778ddfb91d60bdd5aa52e7211426769a6b2ce6f86,window_600,324.0,334.0,autoencoder_reconstruction_error,0.05337830357179102,provisional_unverified,0.08216957740970343
9116cbf4be063f5be851f65778ddfb91d60bdd5aa52e7211426769a6b2ce6f86,window_601,326.0,336.0,autoencoder_reconstruction_error,1.375953039969701,provisional_unverified,1.3360660035859337
9116cbf4be063f5be851f65778ddfb91d60bdd5aa52e7211426769a6b2ce6f86,window_602,328.0,338.0,autoencoder_reconstruction_error,8.562054654124903,provisional_unverified,8.308413523405477
9116cbf4be063f5be851f65778ddfb91d60bdd5aa52e7211426769a6b2ce6f86,window_603,330.0,340.0,autoencoder_reconstruction_error,12.349308534712803,provisional_unverified,11.50938820607396
9116cbf4be063f5be851f65778ddfb91d60bdd5aa52e7211426769a6b2ce6f86,window_604,332.0,342.0,autoencoder_reconstruction_error,15.381224275644378,provisional_unverified,19.948337314766842
9116cbf4be063f5be851f65778ddfb91d60bdd5aa52e7211426769a6b2ce6f86,window_605,334.0,344.0,autoencoder_reconstruction_error,42.30288995364106,provisional_unverified,41.88014065335269
9116cbf4be063f5be851f65778ddfb91d60bdd5aa52e7211426769a6b2ce6f86,window_606,336.0,346.0,autoencoder_reconstruction_error,37.13567311613739,provisional_unverified,42.422268800396225
9116cbf4be063f5be851f65778ddfb91d60bdd5aa52e7211426769a6b2ce6f86,window_607,338.0,348.0,autoencoder_reconstruction_error,64.72771138807398,provisional_unverified,49.76662792210829
9116cbf4be063f5be851f65778ddfb91d60bdd5aa52e7211426769a6b2ce6f86,window_608,340.0,350.0,autoencoder_reconstruction_error,40.2745393724267,provisional_unverified,45.353712620512134
9116cbf4be063f5be851f65778ddfb91d60bdd5aa52e7211426769a6b2ce6f86,window_609,342.0,352.0,autoencoder_reconstruction_error,63.47435556331085,provisional_unverified,49.17913505800314
9116cbf4be063f5be851f65778ddfb91d60bdd5aa52e7211426769a6b2ce6f86,window_610,344.0,354.0,autoencoder_reconstruction_error,47.74866458267195,provisional_unverified,45.10612728247026
9116cbf4be063f5be851f65778ddfb91d60bdd5aa52e7211426769a6b2ce6f86,window_611,346.0,356.0,autoencoder_reconstruction_error,27.547899776454283,provisional_unverified,28.962029207297388
9116cbf4be063f5be851f65778ddfb91d60bdd5aa52e7211426769a6b2ce6f86,window_612,348.0,358.0,autoencoder_reconstruction_error,28.15129386982337,provisional_unverified,31.591287446798997
9116cbf4be063f5be851f65778ddfb91d60bdd5aa52e7211426769a6b2ce6f86,window_613,350.0,360.0,autoencoder_reconstruction_error,44.81204065171809,provisional_unverified,41.138043740066436
9116cbf4be063f5be851f65778ddfb91d60bdd5aa52e7211426769a6b2ce6f86,window_614,352.0,362.0,autoencoder_reconstruction_error,47.50498725561812,provisional_unverified,40.80939545215596
9116cbf4be063f5be851f65778ddfb91d60bdd5aa52e7211426769a6b2ce6f86,window_615,354.0,364.0,autoencoder_reconstruction_error,39.95374752242971,provisional_unverified,47.25577957155541
9116cbf4be063f5be851f65778ddfb91d60bdd5aa52e7211426769a6b2ce6f86,window_616,356.0,366.0,autoencoder_reconstruction_error,38.633709551497844,provisional_unverified,56.19966879928519
9116cbf4be063f5be851f65778ddfb91d60bdd5aa52e7211426769a6b2ce6f86,window_617,358.0,368.0,autoencoder_reconstruction_error,52.9468974474373,provisional_unverified,67.46732328013273
9116cbf4be063f5be851f65778ddfb91d60bdd5aa52e7211426769a6b2ce6f86,window_618,360.0,370.0,autoencoder_reconstruction_error,42.88679684353128,provisional_unverified,49.33473359810794
9116cbf4be063f5be851f65778ddfb91d60bdd5aa52e7211426769a6b2ce6f86,window_619,362.0,372.0,autoencoder_reconstruction_error,37.213805194105575,provisional_unverified,44.549576139623234
9116cbf4be063f5be851f65778ddfb91d60bdd5aa52e7211426769a6b2ce6f86,window_620,364.0,374.0,autoencoder_reconstruction_error,29.304402270192472,provisional_unverified,31.71762428705314
9116cbf4be063f5be851f65778ddfb91d60bdd5aa52e7211426769a6b2ce6f86,window_621,366.0,376.0,autoencoder_reconstruction_error,41.93118783601036,provisional_unverified,31.939773291010184
9116cbf4be063f5be851f65778ddfb91d60bdd5aa52e7211426769a6b2ce6f86,window_622,368.0,378.0,autoencoder_reconstruction_error,27.191518134137937,provisional_unverified,24.491944667095634
9116cbf4be063f5be851f65778ddfb91d60bdd5aa52e7211426769a6b2ce6f86,window_623,370.0,380.0,autoencoder_reconstruction_error,37.116240615527545,provisional_unverified,24.313990899966637
9116cbf4be063f5be851f65778ddfb91d60bdd5aa52e7211426769a6b2ce6f86,window_624,372.0,382.0,autoencoder_reconstruction_error,33.12380694282665,provisional_unverified,27.48452714506651
9116cbf4be063f5be851f65778ddfb91d60bdd5aa52e7211426769a6b2ce6f86,window_625,374.0,384.0,autoencoder_reconstruction_error,25.873040741967053,provisional_unverified,24.926811986779008
9116cbf4be063f5be851f65778ddfb91d60bdd5aa52e7211426769a6b2ce6f86,window_626,376.0,386.0,autoencoder_reconstruction_error,31.568916081577495,provisional_unverified,26.811565151200423
9116cbf4be063f5be851f65778ddfb91d60bdd5aa52e7211426769a6b2ce6f86,window_627,378.0,388.0,autoencoder_reconstruction_error,26.906891034647852,provisional_unverified,32.71897299229727
9116cbf4be063f5be851f65778ddfb91d60bdd5aa52e7211426769a6b2ce6f86,window_628,380.0,390.0,autoencoder_reconstruction_error,35.46373148342187,provisional_unverified,38.99124394076201
9116cbf4be063f5be851f65778ddfb91d60bdd5aa52e7211426769a6b2ce6f86,window_629,382.0,392.0,autoencoder_reconstruction_error,34.81460721272971,provisional_unverified,35.64537235036637
9116cbf4be063f5be851f65778ddfb91d60bdd5aa52e7211426769a6b2ce6f86,window_630,384.0,394.0,autoencoder_reconstruction_error,30.912731660175393,provisional_unverified,29.87912224369499
9116cbf4be063f5be851f65778ddfb91d60bdd5aa52e7211426769a6b2ce6f86,window_631,386.0,396.0,autoencoder_reconstruction_error,32.45020336173104,provisional_unverified,32.60666270509645
9116cbf4be063f5be851f65778ddfb91d60bdd5aa52e7211426769a6b2ce6f86,window_632,388.0,398.0,autoencoder_reconstruction_error,32.4139063569711,provisional_unverified,34.76410570784955
9116cbf4be063f5be851f65778ddfb91d60bdd5aa52e7211426769a6b2ce6f86,window_633,390.0,400.0,autoencoder_reconstruction_error,49.25017897993314,provisional_unverified,46.39649576112802
9116cbf4be063f5be851f65778ddfb91d60bdd5aa52e7211426769a6b2ce6f86,window_634,392.0,402.0,autoencoder_reconstruction_error,49.30851727170866,provisional_unverified,50.9690045599499
9116cbf4be063f5be851f65778ddfb91d60bdd5aa52e7211426769a6b2ce6f86,window_635,394.0,404.0,autoencoder_reconstruction_error,61.32646500328502,provisional_unverified,70.59506494217162
9116cbf4be063f5be851f65778ddfb91d60bdd5aa52e7211426769a6b2ce6f86,window_636,396.0,406.0,autoencoder_reconstruction_error,65.87252943110012,provisional_unverified,75.46260816065204
9116cbf4be063f5be851f65778ddfb91d60bdd5aa52e7211426769a6b2ce6f86,window_637,398.0,408.0,autoencoder_reconstruction_error,57.08783133129193,provisional_unverified,69.43407575070727
9116cbf4be063f5be851f65778ddfb91d60bdd5aa52e7211426769a6b2ce6f86,window_638,400.0,410.0,autoencoder_reconstruction_error,52.67583760568404,provisional_unverified,58.37410258673321
9116cbf4be063f5be851f65778ddfb91d60bdd5aa52e7211426769a6b2ce6f86,window_639,402.0,412.0,autoencoder_reconstruction_error,26.31003221212681,provisional_unverified,27.257359869136984
9116cbf4be063f5be851f65778ddfb91d60bdd5aa52e7211426769a6b2ce6f86,window_640,404.0,414.0,autoencoder_reconstruction_error,18.264819009891454,provisional_unverified,19.188479409386062
9116cbf4be063f5be851f65778ddfb91d60bdd5aa52e7211426769a6b2ce6f86,window_641,406.0,416.0,autoencoder_reconstruction_error,23.2021761374441,provisional_unverified,22.559093611996115
9116cbf4be063f5be851f65778ddfb91d60bdd5aa52e7211426769a6b2ce6f86,window_642,408.0,418.0,autoencoder_reconstruction_error,5.979672271241309,provisional_unverified,5.80279210155223
9116cbf4be063f5be851f65778ddfb91d60bdd5aa52e7211426769a6b2ce6f86,window_643,410.0,420.0,autoencoder_reconstruction_error,4.097292686588841,provisional_unverified,3.76300834231879
9116cbf4be063f5be851f65778ddfb91d60bdd5aa52e7211426769a6b2ce6f86,window_644,412.0,422.0,autoencoder_reconstruction_error,4.140776348319456,provisional_unverified,3.515726392095155
9116cbf4be063f5be851f65778ddfb91d60bdd5aa52e7211426769a6b2ce6f86,window_645,414.0,424.0,autoencoder_reconstruction_error,3.758593396072458,provisional_unverified,3.401590415603967
9116cbf4be063f5be851f65778ddfb91d60bdd5aa52e7211426769a6b2ce6f86,window_646,416.0,426.0,autoencoder_reconstruction_error,2.699418502020187,provisional_unverified,2.4840102447914405
9116cbf4be063f5be851f65778ddfb91d60bdd5aa52e7211426769a6b2ce6f86,window_647,418.0,428.0,autoencoder_reconstruction_error,2.2932266627705022,provisional_unverified,2.2016001269700416
9116cbf4be063f5be851f65778ddfb91d60bdd5aa52e7211426769a6b2ce6f86,window_648,420.0,430.0,autoencoder_reconstruction_error,0.9836854968033351,provisional_unverified,0.9187560400153497
9116cbf4be063f5be851f65778ddfb91d60bdd5aa52e7211426769a6b2ce6f86,window_649,422.0,432.0,autoencoder_reconstruction_error,0.12654334157525163,provisional_unverified,0.12719027301252986
9116cbf4be063f5be851f65778ddfb91d60bdd5aa52e7211426769a6b2ce6f86,window_650,424.0,434.0,autoencoder_reconstruction_error,0.12788668939530456,provisional_unverified,0.1281137058278869
9116cbf4be063f5be851f65778ddfb91d60bdd5aa52e7211426769a6b2ce6f86,window_651,426.0,436.0,autoencoder_reconstruction_error,0.12770181395144506,provisional_unverified,0.12929731698936356
9116cbf4be063f5be851f65778ddfb91d60bdd5aa52e7211426769a6b2ce6f86,window_652,428.0,438.0,autoencoder_reconstruction_error,0.12714696293072783,provisional_unverified,0.1269556270046977
9116cbf4be063f5be851f65778ddfb91d60bdd5aa52e7211426769a6b2ce6f86,window_653,430.0,440.0,autoencoder_reconstruction_error,0.12873219811285577,provisional_unverified,0.12830539105004266
9116cbf4be063f5be851f65778ddfb91d60bdd5aa52e7211426769a6b2ce6f86,window_654,432.0,442.0,autoencoder_reconstruction_error,0.45991756074467355,provisional_unverified,0.4746539700823873
9116cbf4be063f5be851f65778ddfb91d60bdd5aa52e7211426769a6b2ce6f86,window_655,434.0,444.0,autoencoder_reconstruction_error,4.108243154354492,provisional_unverified,2.6083339731731936
9116cbf4be063f5be851f65778ddfb91d60bdd5aa52e7211426769a6b2ce6f86,window_656,436.0,446.0,autoencoder_reconstruction_error,4.89036218249138,provisional_unverified,3.6310282539015137
9116cbf4be063f5be851f65778ddfb91d60bdd5aa52e7211426769a6b2ce6f86,window_657,438.0,448.0,autoencoder_reconstruction_error,5.897792885883051,provisional_unverified,4.930001801413824
9116cbf4be063f5be851f65778ddfb91d60bdd5aa52e7211426769a6b2ce6f86,window_658,440.0,450.0,autoencoder_reconstruction_error,11.347921872923045,provisional_unverified,7.403476780128363
9116cbf4be063f5be851f65778ddfb91d60bdd5aa52e7211426769a6b2ce6f86,window_659,442.0,452.0,autoencoder_reconstruction_error,10.82926286623166,provisional_unverified,8.602748012893917
9116cbf4be063f5be851f65778ddfb91d60bdd5aa52e7211426769a6b2ce6f86,window_660,444.0,454.0,autoencoder_reconstruction_error,6.2856647148201885,provisional_unverified,5.853399107193566
9116cbf4be063f5be851f65778ddfb91d60bdd5aa52e7211426769a6b2ce6f86,window_661,446.0,456.0,autoencoder_reconstruction_error,3.5876492071754655,provisional_unverified,3.5780814186233227
973ef84ffaa4e83d002ed655331eb305b340c0f3f25b57795f97a151bcc3490b,window_662,0.0,10.0,autoencoder_reconstruction_error,5.052887032580943,provisional_unverified,3.5274210215746105
973ef84ffaa4e83d002ed655331eb305b340c0f3f25b57795f97a151bcc3490b,window_663,2.0,12.0,autoencoder_reconstruction_error,3.8182693711503752,provisional_unverified,3.008962940359897
b185f43818b8ff3aba325752922bbbf37fd094f1e282887487651e0a5c8f6c7a,window_664,0.0,10.0,autoencoder_reconstruction_error,0.2624920810058986,provisional_unverified,0.321170787808923
b185f43818b8ff3aba325752922bbbf37fd094f1e282887487651e0a5c8f6c7a,window_665,2.0,12.0,autoencoder_reconstruction_error,0.2913089057733979,provisional_unverified,0.35042764902916645
b185f43818b8ff3aba325752922bbbf37fd094f1e282887487651e0a5c8f6c7a,window_666,4.0,14.0,autoencoder_reconstruction_error,0.32567320287457857,provisional_unverified,0.3856920734267726
b185f43818b8ff3aba325752922bbbf37fd094f1e282887487651e0a5c8f6c7a,window_667,6.0,16.0,autoencoder_reconstruction_error,0.2776909799866964,provisional_unverified,0.33310010569980825
b185f43818b8ff3aba325752922bbbf37fd094f1e282887487651e0a5c8f6c7a,window_668,8.0,18.0,autoencoder_reconstruction_error,0.2570943896878689,provisional_unverified,0.31458157215580146
b185f43818b8ff3aba325752922bbbf37fd094f1e282887487651e0a5c8f6c7a,window_669,10.0,20.0,autoencoder_reconstruction_error,0.34097093723874833,provisional_unverified,0.4025922068344719
b185f43818b8ff3aba325752922bbbf37fd094f1e282887487651e0a5c8f6c7a,window_670,12.0,22.0,autoencoder_reconstruction_error,3.438575019305525,provisional_unverified,3.409326756602908
b185f43818b8ff3aba325752922bbbf37fd094f1e282887487651e0a5c8f6c7a,window_671,14.0,24.0,autoencoder_reconstruction_error,31.791321665386974,provisional_unverified,28.595239587877984
b185f43818b8ff3aba325752922bbbf37fd094f1e282887487651e0a5c8f6c7a,window_672,16.0,26.0,autoencoder_reconstruction_error,41.61384126743023,provisional_unverified,38.657312914244834
b185f43818b8ff3aba325752922bbbf37fd094f1e282887487651e0a5c8f6c7a,window_673,18.0,28.0,autoencoder_reconstruction_error,64.18585565934045,provisional_unverified,58.35559410471548
b185f43818b8ff3aba325752922bbbf37fd094f1e282887487651e0a5c8f6c7a,window_674,20.0,30.0,autoencoder_reconstruction_error,86.94147295240187,provisional_unverified,101.2762802288713
b185f43818b8ff3aba325752922bbbf37fd094f1e282887487651e0a5c8f6c7a,window_675,22.0,32.0,autoencoder_reconstruction_error,126.27065612518048,provisional_unverified,114.02593597928326
b185f43818b8ff3aba325752922bbbf37fd094f1e282887487651e0a5c8f6c7a,window_676,24.0,34.0,autoencoder_reconstruction_error,129.7569524755178,provisional_unverified,110.53370138294034
b185f43818b8ff3aba325752922bbbf37fd094f1e282887487651e0a5c8f6c7a,window_677,26.0,36.0,autoencoder_reconstruction_error,117.58226189954092,provisional_unverified,111.92337326703404
b185f43818b8ff3aba325752922bbbf37fd094f1e282887487651e0a5c8f6c7a,window_678,28.0,38.0,autoencoder_reconstruction_error,124.53539219897398,provisional_unverified,114.91096823139654
b185f43818b8ff3aba325752922bbbf37fd094f1e282887487651e0a5c8f6c7a,window_679,30.0,40.0,autoencoder_reconstruction_error,80.70256377626522,provisional_unverified,75.39975943759727
b185f43818b8ff3aba325752922bbbf37fd094f1e282887487651e0a5c8f6c7a,window_680,32.0,42.0,autoencoder_reconstruction_error,91.72979161208953,provisional_unverified,72.14491515876156
b185f43818b8ff3aba325752922bbbf37fd094f1e282887487651e0a5c8f6c7a,window_681,34.0,44.0,autoencoder_reconstruction_error,88.42888057563117,provisional_unverified,82.71671789002818
b185f43818b8ff3aba325752922bbbf37fd094f1e282887487651e0a5c8f6c7a,window_682,36.0,46.0,autoencoder_reconstruction_error,128.6597571391849,provisional_unverified,81.2753007369952
b185f43818b8ff3aba325752922bbbf37fd094f1e282887487651e0a5c8f6c7a,window_683,38.0,48.0,autoencoder_reconstruction_error,94.60771681556946,provisional_unverified,72.30085485933859
b185f43818b8ff3aba325752922bbbf37fd094f1e282887487651e0a5c8f6c7a,window_684,40.0,50.0,autoencoder_reconstruction_error,78.79992460538055,provisional_unverified,86.1073936401252
b185f43818b8ff3aba325752922bbbf37fd094f1e282887487651e0a5c8f6c7a,window_685,42.0,52.0,autoencoder_reconstruction_error,60.50466138648895,provisional_unverified,83.76225028984362
b185f43818b8ff3aba325752922bbbf37fd094f1e282887487651e0a5c8f6c7a,window_686,44.0,54.0,autoencoder_reconstruction_error,69.99165890748348,provisional_unverified,74.89706113634256
b185f43818b8ff3aba325752922bbbf37fd094f1e282887487651e0a5c8f6c7a,window_687,46.0,56.0,autoencoder_reconstruction_error,51.52434351101298,provisional_unverified,63.3606983343169
b185f43818b8ff3aba325752922bbbf37fd094f1e282887487651e0a5c8f6c7a,window_688,48.0,58.0,autoencoder_reconstruction_error,71.57328247214923,provisional_unverified,61.77610146510214
b185f43818b8ff3aba325752922bbbf37fd094f1e282887487651e0a5c8f6c7a,window_689,50.0,60.0,autoencoder_reconstruction_error,45.4570230751185,provisional_unverified,38.602726044415505
b185f43818b8ff3aba325752922bbbf37fd094f1e282887487651e0a5c8f6c7a,window_690,52.0,62.0,autoencoder_reconstruction_error,61.816274734399855,provisional_unverified,36.24715891729492
b185f43818b8ff3aba325752922bbbf37fd094f1e282887487651e0a5c8f6c7a,window_691,54.0,64.0,autoencoder_reconstruction_error,48.327203970372445,provisional_unverified,47.608804546751564
b185f43818b8ff3aba325752922bbbf37fd094f1e282887487651e0a5c8f6c7a,window_692,56.0,66.0,autoencoder_reconstruction_error,60.439896614328624,provisional_unverified,52.53931056928723
b185f43818b8ff3aba325752922bbbf37fd094f1e282887487651e0a5c8f6c7a,window_693,58.0,68.0,autoencoder_reconstruction_error,52.78892667045392,provisional_unverified,54.563595234879365
b185f43818b8ff3aba325752922bbbf37fd094f1e282887487651e0a5c8f6c7a,window_694,60.0,70.0,autoencoder_reconstruction_error,49.04155462098077,provisional_unverified,44.13952937843734
b185f43818b8ff3aba325752922bbbf37fd094f1e282887487651e0a5c8f6c7a,window_695,62.0,72.0,autoencoder_reconstruction_error,52.40627963791317,provisional_unverified,48.2476186329095
b185f43818b8ff3aba325752922bbbf37fd094f1e282887487651e0a5c8f6c7a,window_696,64.0,74.0,autoencoder_reconstruction_error,69.36756798374404,provisional_unverified,66.30533331980352
b185f43818b8ff3aba325752922bbbf37fd094f1e282887487651e0a5c8f6c7a,window_697,66.0,76.0,autoencoder_reconstruction_error,54.590865958376774,provisional_unverified,72.66948997348595
b185f43818b8ff3aba325752922bbbf37fd094f1e282887487651e0a5c8f6c7a,window_698,68.0,78.0,autoencoder_reconstruction_error,94.31712827076815,provisional_unverified,100.22002523241242
b185f43818b8ff3aba325752922bbbf37fd094f1e282887487651e0a5c8f6c7a,window_699,70.0,80.0,autoencoder_reconstruction_error,79.47082733088988,provisional_unverified,76.16230190285732
b185f43818b8ff3aba325752922bbbf37fd094f1e282887487651e0a5c8f6c7a,window_700,72.0,82.0,autoencoder_reconstruction_error,88.64205455832222,provisional_unverified,85.45698217295806
b185f43818b8ff3aba325752922bbbf37fd094f1e282887487651e0a5c8f6c7a,window_701,74.0,84.0,autoencoder_reconstruction_error,78.10016421310311,provisional_unverified,69.693626743653
b185f43818b8ff3aba325752922bbbf37fd094f1e282887487651e0a5c8f6c7a,window_702,76.0,86.0,autoencoder_reconstruction_error,88.59998197260758,provisional_unverified,77.25168730592392
b185f43818b8ff3aba325752922bbbf37fd094f1e282887487651e0a5c8f6c7a,window_703,78.0,88.0,autoencoder_reconstruction_error,92.71128281193323,provisional_unverified,84.75874132253503
b185f43818b8ff3aba325752922bbbf37fd094f1e282887487651e0a5c8f6c7a,window_704,80.0,90.0,autoencoder_reconstruction_error,104.55658612356196,provisional_unverified,85.56689670598716
b185f43818b8ff3aba325752922bbbf37fd094f1e282887487651e0a5c8f6c7a,window_705,82.0,92.0,autoencoder_reconstruction_error,86.26496217429161,provisional_unverified,64.39649408325847
b185f43818b8ff3aba325752922bbbf37fd094f1e282887487651e0a5c8f6c7a,window_706,84.0,94.0,autoencoder_reconstruction_error,68.03747452471465,provisional_unverified,57.8286241865453
b185f43818b8ff3aba325752922bbbf37fd094f1e282887487651e0a5c8f6c7a,window_707,86.0,96.0,autoencoder_reconstruction_error,70.40907432346694,provisional_unverified,50.534717587815265
b185f43818b8ff3aba325752922bbbf37fd094f1e282887487651e0a5c8f6c7a,window_708,88.0,98.0,autoencoder_reconstruction_error,40.2344519385999,provisional_unverified,35.886615685450685
b185f43818b8ff3aba325752922bbbf37fd094f1e282887487651e0a5c8f6c7a,window_709,90.0,100.0,autoencoder_reconstruction_error,21.53791208724867,provisional_unverified,27.24356116867068
b185f43818b8ff3aba325752922bbbf37fd094f1e282887487651e0a5c8f6c7a,window_710,92.0,102.0,autoencoder_reconstruction_error,23.12181187389308,provisional_unverified,25.803521030805037
b185f43818b8ff3aba325752922bbbf37fd094f1e282887487651e0a5c8f6c7a,window_711,94.0,104.0,autoencoder_reconstruction_error,8.39890061940227,provisional_unverified,7.927369036633546
b185f43818b8ff3aba325752922bbbf37fd094f1e282887487651e0a5c8f6c7a,window_712,96.0,106.0,autoencoder_reconstruction_error,1.9880039954522986,provisional_unverified,1.9663365060429632
b185f43818b8ff3aba325752922bbbf37fd094f1e282887487651e0a5c8f6c7a,window_713,98.0,108.0,autoencoder_reconstruction_error,1.4196139918035557,provisional_unverified,1.2482415180001862
b185f43818b8ff3aba325752922bbbf37fd094f1e282887487651e0a5c8f6c7a,window_714,100.0,110.0,autoencoder_reconstruction_error,1.632984986239533,provisional_unverified,1.3970833575505677
b185f43818b8ff3aba325752922bbbf37fd094f1e282887487651e0a5c8f6c7a,window_715,102.0,112.0,autoencoder_reconstruction_error,2.5448694122385715,provisional_unverified,2.2791640519758367
b185f43818b8ff3aba325752922bbbf37fd094f1e282887487651e0a5c8f6c7a,window_716,104.0,114.0,autoencoder_reconstruction_error,2.6549772879631344,provisional_unverified,2.367304502604573
b185f43818b8ff3aba325752922bbbf37fd094f1e282887487651e0a5c8f6c7a,window_717,106.0,116.0,autoencoder_reconstruction_error,2.6122094850857374,provisional_unverified,2.405422819020279
b185f43818b8ff3aba325752922bbbf37fd094f1e282887487651e0a5c8f6c7a,window_718,108.0,118.0,autoencoder_reconstruction_error,2.5565619719943253,provisional_unverified,2.3294447469541213
b185f43818b8ff3aba325752922bbbf37fd094f1e282887487651e0a5c8f6c7a,window_719,110.0,120.0,autoencoder_reconstruction_error,2.0469784282711956,provisional_unverified,2.237745598582848
b185f43818b8ff3aba325752922bbbf37fd094f1e282887487651e0a5c8f6c7a,window_720,112.0,122.0,autoencoder_reconstruction_error,1.5430732220871997,provisional_unverified,1.6842644647656895
b185f43818b8ff3aba325752922bbbf37fd094f1e282887487651e0a5c8f6c7a,window_721,114.0,124.0,autoencoder_reconstruction_error,1.119664218356227,provisional_unverified,1.007674402983709
b439fc5983a3a0db22239d5dcf8cbebf9104a8b71a93c2afd75e75fe87301e46,window_722,0.0,10.0,autoencoder_reconstruction_error,0.3527606049361094,provisional_unverified,0.35903152916439546
bace0e92b25324e8afbd0e5f6698b01a921780a2385e02419965fa97e3e796c4,window_723,0.0,10.0,autoencoder_reconstruction_error,0.07091378413753899,provisional_unverified,0.1478575158906951
bace0e92b25324e8afbd0e5f6698b01a921780a2385e02419965fa97e3e796c4,window_724,2.0,12.0,autoencoder_reconstruction_error,0.10253080769253096,provisional_unverified,0.1772778290920141
bace0e92b25324e8afbd0e5f6698b01a921780a2385e02419965fa97e3e796c4,window_725,4.0,14.0,autoencoder_reconstruction_error,0.13896929082400108,provisional_unverified,0.21609082535527033
bace0e92b25324e8afbd0e5f6698b01a921780a2385e02419965fa97e3e796c4,window_726,6.0,16.0,autoencoder_reconstruction_error,0.17497971921741345,provisional_unverified,0.24643115177874503
bace0e92b25324e8afbd0e5f6698b01a921780a2385e02419965fa97e3e796c4,window_727,8.0,18.0,autoencoder_reconstruction_error,0.17283350463799513,provisional_unverified,0.25085311204069716
bace0e92b25324e8afbd0e5f6698b01a921780a2385e02419965fa97e3e796c4,window_728,10.0,20.0,autoencoder_reconstruction_error,0.18929305507201477,provisional_unverified,0.26206819037939044
bace0e92b25324e8afbd0e5f6698b01a921780a2385e02419965fa97e3e796c4,window_729,12.0,22.0,autoencoder_reconstruction_error,0.1804835787214068,provisional_unverified,0.25418842517745116
bace0e92b25324e8afbd0e5f6698b01a921780a2385e02419965fa97e3e796c4,window_730,14.0,24.0,autoencoder_reconstruction_error,0.16802687742243205,provisional_unverified,0.2435808376962005
bace0e92b25324e8afbd0e5f6698b01a921780a2385e02419965fa97e3e796c4,window_731,16.0,26.0,autoencoder_reconstruction_error,0.14920889606803656,provisional_unverified,0.22848532564857907
bace0e92b25324e8afbd0e5f6698b01a921780a2385e02419965fa97e3e796c4,window_732,18.0,28.0,autoencoder_reconstruction_error,0.15729063293266518,provisional_unverified,0.2318410466103426
bace0e92b25324e8afbd0e5f6698b01a921780a2385e02419965fa97e3e796c4,window_733,20.0,30.0,autoencoder_reconstruction_error,0.13695004577965986,provisional_unverified,0.21454722532193482
bace0e92b25324e8afbd0e5f6698b01a921780a2385e02419965fa97e3e796c4,window_734,22.0,32.0,autoencoder_reconstruction_error,0.12955993340559924,provisional_unverified,0.20718120381246485
bace0e92b25324e8afbd0e5f6698b01a921780a2385e02419965fa97e3e796c4,window_735,24.0,34.0,autoencoder_reconstruction_error,0.12053628174858315,provisional_unverified,0.192892079111209
bace0e92b25324e8afbd0e5f6698b01a921780a2385e02419965fa97e3e796c4,window_736,26.0,36.0,autoencoder_reconstruction_error,0.10939091867804662,provisional_unverified,0.1771285969035639
bace0e92b25324e8afbd0e5f6698b01a921780a2385e02419965fa97e3e796c4,window_737,28.0,38.0,autoencoder_reconstruction_error,0.09389602056512485,provisional_unverified,0.1554256066733159
bace0e92b25324e8afbd0e5f6698b01a921780a2385e02419965fa97e3e796c4,window_738,30.0,40.0,autoencoder_reconstruction_error,0.0950534639116652,provisional_unverified,0.16162099725242252
bace0e92b25324e8afbd0e5f6698b01a921780a2385e02419965fa97e3e796c4,window_739,32.0,42.0,autoencoder_reconstruction_error,0.08999889483896795,provisional_unverified,0.15419282748245985
bace0e92b25324e8afbd0e5f6698b01a921780a2385e02419965fa97e3e796c4,window_740,34.0,44.0,autoencoder_reconstruction_error,0.08273517746062616,provisional_unverified,0.1493608927094137
bace0e92b25324e8afbd0e5f6698b01a921780a2385e02419965fa97e3e796c4,window_741,36.0,46.0,autoencoder_reconstruction_error,0.0860356445120887,provisional_unverified,0.16073063106527194
bace0e92b25324e8afbd0e5f6698b01a921780a2385e02419965fa97e3e796c4,window_742,38.0,48.0,autoencoder_reconstruction_error,0.0899184556867458,provisional_unverified,0.16620014568162367
bace0e92b25324e8afbd0e5f6698b01a921780a2385e02419965fa97e3e796c4,window_743,40.0,50.0,autoencoder_reconstruction_error,0.09507359611260215,provisional_unverified,0.17189498822264768
bace0e92b25324e8afbd0e5f6698b01a921780a2385e02419965fa97e3e796c4,window_744,42.0,52.0,autoencoder_reconstruction_error,0.10885427532879866,provisional_unverified,0.18374499321659912
bace0e92b25324e8afbd0e5f6698b01a921780a2385e02419965fa97e3e796c4,window_745,44.0,54.0,autoencoder_reconstruction_error,0.10971187141396022,provisional_unverified,0.1877076232050961
bace0e92b25324e8afbd0e5f6698b01a921780a2385e02419965fa97e3e796c4,window_746,46.0,56.0,autoencoder_reconstruction_error,0.12238765584466238,provisional_unverified,0.19846621189503508
bace0e92b25324e8afbd0e5f6698b01a921780a2385e02419965fa97e3e796c4,window_747,48.0,58.0,autoencoder_reconstruction_error,0.12997078045820687,provisional_unverified,0.2082278762383429
bace0e92b25324e8afbd0e5f6698b01a921780a2385e02419965fa97e3e796c4,window_748,50.0,60.0,autoencoder_reconstruction_error,0.14410986211658097,provisional_unverified,0.22297415785068442
bace0e92b25324e8afbd0e5f6698b01a921780a2385e02419965fa97e3e796c4,window_749,52.0,62.0,autoencoder_reconstruction_error,0.15990147298630827,provisional_unverified,0.23513589690670278
bace0e92b25324e8afbd0e5f6698b01a921780a2385e02419965fa97e3e796c4,window_750,54.0,64.0,autoencoder_reconstruction_error,0.1649150669791768,provisional_unverified,0.24072413854132738
bace0e92b25324e8afbd0e5f6698b01a921780a2385e02419965fa97e3e796c4,window_751,56.0,66.0,autoencoder_reconstruction_error,0.16866742467344517,provisional_unverified,0.23968371282640571
bace0e92b25324e8afbd0e5f6698b01a921780a2385e02419965fa97e3e796c4,window_752,58.0,68.0,autoencoder_reconstruction_error,0.16975220712578729,provisional_unverified,0.2459048070814027
bace0e92b25324e8afbd0e5f6698b01a921780a2385e02419965fa97e3e796c4,window_753,60.0,70.0,autoencoder_reconstruction_error,0.17777419802011285,provisional_unverified,0.2492914565316637
bace0e92b25324e8afbd0e5f6698b01a921780a2385e02419965fa97e3e796c4,window_754,62.0,72.0,autoencoder_reconstruction_error,0.16834249527160294,provisional_unverified,0.24291652324723126
bace0e92b25324e8afbd0e5f6698b01a921780a2385e02419965fa97e3e796c4,window_755,64.0,74.0,autoencoder_reconstruction_error,0.17482769245803734,provisional_unverified,0.2508155278516723
bace0e92b25324e8afbd0e5f6698b01a921780a2385e02419965fa97e3e796c4,window_756,66.0,76.0,autoencoder_reconstruction_error,0.18084797226047528,provisional_unverified,0.2543285120892844
bace0e92b25324e8afbd0e5f6698b01a921780a2385e02419965fa97e3e796c4,window_757,68.0,78.0,autoencoder_reconstruction_error,0.17832839097061148,provisional_unverified,0.2502415218647612
bace0e92b25324e8afbd0e5f6698b01a921780a2385e02419965fa97e3e796c4,window_758,70.0,80.0,autoencoder_reconstruction_error,0.16984001623802775,provisional_unverified,0.24532441941578326
bace0e92b25324e8afbd0e5f6698b01a921780a2385e02419965fa97e3e796c4,window_759,72.0,82.0,autoencoder_reconstruction_error,0.17506668168559367,provisional_unverified,0.24793899541557723
bace0e92b25324e8afbd0e5f6698b01a921780a2385e02419965fa97e3e796c4,window_760,74.0,84.0,autoencoder_reconstruction_error,0.16917269764167978,provisional_unverified,0.24246095235180048
bace0e92b25324e8afbd0e5f6698b01a921780a2385e02419965fa97e3e796c4,window_761,76.0,86.0,autoencoder_reconstruction_error,0.17210422073350068,provisional_unverified,0.24339911649436555
bace0e92b25324e8afbd0e5f6698b01a921780a2385e02419965fa97e3e796c4,window_762,78.0,88.0,autoencoder_reconstruction_error,0.1704203870652176,provisional_unverified,0.24580889202384884
bace0e92b25324e8afbd0e5f6698b01a921780a2385e02419965fa97e3e796c4,window_763,80.0,90.0,autoencoder_reconstruction_error,0.17547585326390494,provisional_unverified,0.24807181343038917
bace0e92b25324e8afbd0e5f6698b01a921780a2385e02419965fa97e3e796c4,window_764,82.0,92.0,autoencoder_reconstruction_error,0.1664374415331842,provisional_unverified,0.24408588304504159
bace0e92b25324e8afbd0e5f6698b01a921780a2385e02419965fa97e3e796c4,window_765,84.0,94.0,autoencoder_reconstruction_error,0.1689246086941583,provisional_unverified,0.2447808930172568
bace0e92b25324e8afbd0e5f6698b01a921780a2385e02419965fa97e3e796c4,window_766,86.0,96.0,autoencoder_reconstruction_error,0.16280490519515065,provisional_unverified,0.2398779913845613
bace0e92b25324e8afbd0e5f6698b01a921780a2385e02419965fa97e3e796c4,window_767,88.0,98.0,autoencoder_reconstruction_error,0.16583117677476372,provisional_unverified,0.2424343895529482
bace0e92b25324e8afbd0e5f6698b01a921780a2385e02419965fa97e3e796c4,window_768,90.0,100.0,autoencoder_reconstruction_error,0.16445582374201848,provisional_unverified,0.24010375701023445
bace0e92b25324e8afbd0e5f6698b01a921780a2385e02419965fa97e3e796c4,window_769,92.0,102.0,autoencoder_reconstruction_error,0.17692282077463706,provisional_unverified,0.25223843990026906
bace0e92b25324e8afbd0e5f6698b01a921780a2385e02419965fa97e3e796c4,window_770,94.0,104.0,autoencoder_reconstruction_error,0.17999113150921575,provisional_unverified,0.2528947817138163
bace0e92b25324e8afbd0e5f6698b01a921780a2385e02419965fa97e3e796c4,window_771,96.0,106.0,autoencoder_reconstruction_error,0.18118830653287926,provisional_unverified,0.25228737479370644
bace0e92b25324e8afbd0e5f6698b01a921780a2385e02419965fa97e3e796c4,window_772,98.0,108.0,autoencoder_reconstruction_error,0.17178778251339372,provisional_unverified,0.24607557256516832
bace0e92b25324e8afbd0e5f6698b01a921780a2385e02419965fa97e3e796c4,window_773,100.0,110.0,autoencoder_reconstruction_error,0.16348833653086733,provisional_unverified,0.23755346876551578
bace0e92b25324e8afbd0e5f6698b01a921780a2385e02419965fa97e3e796c4,window_774,102.0,112.0,autoencoder_reconstruction_error,0.13744703021021212,provisional_unverified,0.21412061852930322
bace0e92b25324e8afbd0e5f6698b01a921780a2385e02419965fa97e3e796c4,window_775,104.0,114.0,autoencoder_reconstruction_error,0.12401486191103267,provisional_unverified,0.20044055407036326
bace0e92b25324e8afbd0e5f6698b01a921780a2385e02419965fa97e3e796c4,window_776,106.0,116.0,autoencoder_reconstruction_error,0.1475766528554526,provisional_unverified,0.23427139498654662
bace0e92b25324e8afbd0e5f6698b01a921780a2385e02419965fa97e3e796c4,window_777,108.0,118.0,autoencoder_reconstruction_error,0.19286697471494632,provisional_unverified,0.2636530721961791
bace0e92b25324e8afbd0e5f6698b01a921780a2385e02419965fa97e3e796c4,window_778,110.0,120.0,autoencoder_reconstruction_error,0.21446433235975332,provisional_unverified,0.2757169880028288
bace0e92b25324e8afbd0e5f6698b01a921780a2385e02419965fa97e3e796c4,window_779,112.0,122.0,autoencoder_reconstruction_error,0.22039225747591645,provisional_unverified,0.3055685807201642
bace0e92b25324e8afbd0e5f6698b01a921780a2385e02419965fa97e3e796c4,window_780,114.0,124.0,autoencoder_reconstruction_error,0.2164224356070261,provisional_unverified,0.29381172299377484
bace0e92b25324e8afbd0e5f6698b01a921780a2385e02419965fa97e3e796c4,window_781,116.0,126.0,autoencoder_reconstruction_error,0.16981849885668662,provisional_unverified,0.2336541161124282
bace0e92b25324e8afbd0e5f6698b01a921780a2385e02419965fa97e3e796c4,window_782,118.0,128.0,autoencoder_reconstruction_error,0.15716988629744488,provisional_unverified,0.24477248605681048
bace0e92b25324e8afbd0e5f6698b01a921780a2385e02419965fa97e3e796c4,window_783,120.0,130.0,autoencoder_reconstruction_error,0.120961249872467,provisional_unverified,0.19705893047553144
bace0e92b25324e8afbd0e5f6698b01a921780a2385e02419965fa97e3e796c4,window_784,122.0,132.0,autoencoder_reconstruction_error,0.11778600287237276,provisional_unverified,0.19291902470227218
bace0e92b25324e8afbd0e5f6698b01a921780a2385e02419965fa97e3e796c4,window_785,124.0,134.0,autoencoder_reconstruction_error,0.11140374655166702,provisional_unverified,0.18683019762756156
bace0e92b25324e8afbd0e5f6698b01a921780a2385e02419965fa97e3e796c4,window_786,126.0,136.0,autoencoder_reconstruction_error,0.10294477077268897,provisional_unverified,0.17926105387150654
bace0e92b25324e8afbd0e5f6698b01a921780a2385e02419965fa97e3e796c4,window_787,128.0,138.0,autoencoder_reconstruction_error,0.42079993418532363,provisional_unverified,0.5136779677272773
bace0e92b25324e8afbd0e5f6698b01a921780a2385e02419965fa97e3e796c4,window_788,130.0,140.0,autoencoder_reconstruction_error,0.39882460976514217,provisional_unverified,0.4886513014130134
bace0e92b25324e8afbd0e5f6698b01a921780a2385e02419965fa97e3e796c4,window_789,132.0,142.0,autoencoder_reconstruction_error,0.3922444596565035,provisional_unverified,0.48630086872835543
bace0e92b25324e8afbd0e5f6698b01a921780a2385e02419965fa97e3e796c4,window_790,134.0,144.0,autoencoder_reconstruction_error,0.7689728946031494,provisional_unverified,0.8565423398098818
bace0e92b25324e8afbd0e5f6698b01a921780a2385e02419965fa97e3e796c4,window_791,136.0,146.0,autoencoder_reconstruction_error,6.981186742976768,provisional_unverified,6.396686305816603
bace0e92b25324e8afbd0e5f6698b01a921780a2385e02419965fa97e3e796c4,window_792,138.0,148.0,autoencoder_reconstruction_error,12.340018806957687,provisional_unverified,14.511608369370904
bace0e92b25324e8afbd0e5f6698b01a921780a2385e02419965fa97e3e796c4,window_793,140.0,150.0,autoencoder_reconstruction_error,27.0021003476954,provisional_unverified,16.948674080640146
bace0e92b25324e8afbd0e5f6698b01a921780a2385e02419965fa97e3e796c4,window_794,142.0,152.0,autoencoder_reconstruction_error,30.33659739209354,provisional_unverified,37.700621630153165
bace0e92b25324e8afbd0e5f6698b01a921780a2385e02419965fa97e3e796c4,window_795,144.0,154.0,autoencoder_reconstruction_error,54.235756535106816,provisional_unverified,89.37572339445539
bace0e92b25324e8afbd0e5f6698b01a921780a2385e02419965fa97e3e796c4,window_796,146.0,156.0,autoencoder_reconstruction_error,86.98795851757944,provisional_unverified,101.1333494572007
bace0e92b25324e8afbd0e5f6698b01a921780a2385e02419965fa97e3e796c4,window_797,148.0,158.0,autoencoder_reconstruction_error,82.24386211921359,provisional_unverified,80.81689476553764
bace0e92b25324e8afbd0e5f6698b01a921780a2385e02419965fa97e3e796c4,window_798,150.0,160.0,autoencoder_reconstruction_error,92.36465662856551,provisional_unverified,88.51638556535556
bace0e92b25324e8afbd0e5f6698b01a921780a2385e02419965fa97e3e796c4,window_799,152.0,162.0,autoencoder_reconstruction_error,95.71051854573359,provisional_unverified,83.71293480238435
bace0e92b25324e8afbd0e5f6698b01a921780a2385e02419965fa97e3e796c4,window_800,154.0,164.0,autoencoder_reconstruction_error,48.48008131057351,provisional_unverified,37.29004442285331
bace0e92b25324e8afbd0e5f6698b01a921780a2385e02419965fa97e3e796c4,window_801,156.0,166.0,autoencoder_reconstruction_error,31.3142846596796,provisional_unverified,28.153993505002997
bace0e92b25324e8afbd0e5f6698b01a921780a2385e02419965fa97e3e796c4,window_802,158.0,168.0,autoencoder_reconstruction_error,46.890932594434446,provisional_unverified,39.58596343084298
bace0e92b25324e8afbd0e5f6698b01a921780a2385e02419965fa97e3e796c4,window_803,160.0,170.0,autoencoder_reconstruction_error,50.57461599626369,provisional_unverified,35.2671024510048
bace0e92b25324e8afbd0e5f6698b01a921780a2385e02419965fa97e3e796c4,window_804,162.0,172.0,autoencoder_reconstruction_error,42.169622769099966,provisional_unverified,27.9246440529446
bace0e92b25324e8afbd0e5f6698b01a921780a2385e02419965fa97e3e796c4,window_805,164.0,174.0,autoencoder_reconstruction_error,48.33563887544605,provisional_unverified,27.452765940740814
bace0e92b25324e8afbd0e5f6698b01a921780a2385e02419965fa97e3e796c4,window_806,166.0,176.0,autoencoder_reconstruction_error,22.577494620843773,provisional_unverified,25.98639356421367
bace0e92b25324e8afbd0e5f6698b01a921780a2385e02419965fa97e3e796c4,window_807,168.0,178.0,autoencoder_reconstruction_error,41.87122646912633,provisional_unverified,54.74774327823091
bace0e92b25324e8afbd0e5f6698b01a921780a2385e02419965fa97e3e796c4,window_808,170.0,180.0,autoencoder_reconstruction_error,50.157782485654344,provisional_unverified,60.51644389953416
bace0e92b25324e8afbd0e5f6698b01a921780a2385e02419965fa97e3e796c4,window_809,172.0,182.0,autoencoder_reconstruction_error,54.7312614369051,provisional_unverified,58.65950073842156
bace0e92b25324e8afbd0e5f6698b01a921780a2385e02419965fa97e3e796c4,window_810,174.0,184.0,autoencoder_reconstruction_error,54.714405597952705,provisional_unverified,33.72333365725674
bace0e92b25324e8afbd0e5f6698b01a921780a2385e02419965fa97e3e796c4,window_811,176.0,186.0,autoencoder_reconstruction_error,44.086755182554775,provisional_unverified,45.76219099609891
bace0e92b25324e8afbd0e5f6698b01a921780a2385e02419965fa97e3e796c4,window_812,178.0,188.0,autoencoder_reconstruction_error,56.87362344251727,provisional_unverified,30.852508445149144
bace0e92b25324e8afbd0e5f6698b01a921780a2385e02419965fa97e3e796c4,window_813,180.0,190.0,autoencoder_reconstruction_error,27.80968872426084,provisional_unverified,24.80214277297023
bace0e92b25324e8afbd0e5f6698b01a921780a2385e02419965fa97e3e796c4,window_814,182.0,192.0,autoencoder_reconstruction_error,37.79484206297163,provisional_unverified,28.64771361736786
bace0e92b25324e8afbd0e5f6698b01a921780a2385e02419965fa97e3e796c4,window_815,184.0,194.0,autoencoder_reconstruction_error,21.290466673219115,provisional_unverified,25.356967202277428
bace0e92b25324e8afbd0e5f6698b01a921780a2385e02419965fa97e3e796c4,window_816,186.0,196.0,autoencoder_reconstruction_error,16.973473844859104,provisional_unverified,18.932022477698197
bace0e92b25324e8afbd0e5f6698b01a921780a2385e02419965fa97e3e796c4,window_817,188.0,198.0,autoencoder_reconstruction_error,15.913196207473131,provisional_unverified,19.839998388810145
bace0e92b25324e8afbd0e5f6698b01a921780a2385e02419965fa97e3e796c4,window_818,190.0,200.0,autoencoder_reconstruction_error,17.889484418442976,provisional_unverified,16.081559257824708
bace0e92b25324e8afbd0e5f6698b01a921780a2385e02419965fa97e3e796c4,window_819,192.0,202.0,autoencoder_reconstruction_error,12.033037598983135,provisional_unverified,13.87010929483525
bace0e92b25324e8afbd0e5f6698b01a921780a2385e02419965fa97e3e796c4,window_820,194.0,204.0,autoencoder_reconstruction_error,35.333496902214364,provisional_unverified,35.530380535470925
bace0e92b25324e8afbd0e5f6698b01a921780a2385e02419965fa97e3e796c4,window_821,196.0,206.0,autoencoder_reconstruction_error,35.05660252132022,provisional_unverified,33.02729630979862
bace0e92b25324e8afbd0e5f6698b01a921780a2385e02419965fa97e3e796c4,window_822,198.0,208.0,autoencoder_reconstruction_error,33.961152462843586,provisional_unverified,31.55528397069661
bace0e92b25324e8afbd0e5f6698b01a921780a2385e02419965fa97e3e796c4,window_823,200.0,210.0,autoencoder_reconstruction_error,34.40025234956106,provisional_unverified,34.20348966488457
bace0e92b25324e8afbd0e5f6698b01a921780a2385e02419965fa97e3e796c4,window_824,202.0,212.0,autoencoder_reconstruction_error,35.93274907620037,provisional_unverified,36.70031101211401
bace0e92b25324e8afbd0e5f6698b01a921780a2385e02419965fa97e3e796c4,window_825,204.0,214.0,autoencoder_reconstruction_error,55.65700507003714,provisional_unverified,50.51864330521599
bace0e92b25324e8afbd0e5f6698b01a921780a2385e02419965fa97e3e796c4,window_826,206.0,216.0,autoencoder_reconstruction_error,92.00820141179263,provisional_unverified,93.52934409814182
bace0e92b25324e8afbd0e5f6698b01a921780a2385e02419965fa97e3e796c4,window_827,208.0,218.0,autoencoder_reconstruction_error,118.21390664054981,provisional_unverified,111.97407104650664
bace0e92b25324e8afbd0e5f6698b01a921780a2385e02419965fa97e3e796c4,window_828,210.0,220.0,autoencoder_reconstruction_error,84.47830900751086,provisional_unverified,90.12946528940921
bace0e92b25324e8afbd0e5f6698b01a921780a2385e02419965fa97e3e796c4,window_829,212.0,222.0,autoencoder_reconstruction_error,89.5969855369293,provisional_unverified,91.4652996726345
bace0e92b25324e8afbd0e5f6698b01a921780a2385e02419965fa97e3e796c4,window_830,214.0,224.0,autoencoder_reconstruction_error,63.299616643762235,provisional_unverified,56.243573553962634
bace0e92b25324e8afbd0e5f6698b01a921780a2385e02419965fa97e3e796c4,window_831,216.0,226.0,autoencoder_reconstruction_error,19.004696891839608,provisional_unverified,19.42088517034827
bace0e92b25324e8afbd0e5f6698b01a921780a2385e02419965fa97e3e796c4,window_832,218.0,228.0,autoencoder_reconstruction_error,11.592574621854485,provisional_unverified,11.260596769812627
bace0e92b25324e8afbd0e5f6698b01a921780a2385e02419965fa97e3e796c4,window_833,220.0,230.0,autoencoder_reconstruction_error,7.802923971511891,provisional_unverified,7.131292062713687
bace0e92b25324e8afbd0e5f6698b01a921780a2385e02419965fa97e3e796c4,window_834,222.0,232.0,autoencoder_reconstruction_error,5.8535964180955755,provisional_unverified,5.351001030759244
bace0e92b25324e8afbd0e5f6698b01a921780a2385e02419965fa97e3e796c4,window_835,224.0,234.0,autoencoder_reconstruction_error,2.0267762252632298,provisional_unverified,1.989836306878606
bace0e92b25324e8afbd0e5f6698b01a921780a2385e02419965fa97e3e796c4,window_836,226.0,236.0,autoencoder_reconstruction_error,1.5969703340200556,provisional_unverified,1.4434372925314887
bace0e92b25324e8afbd0e5f6698b01a921780a2385e02419965fa97e3e796c4,window_837,228.0,238.0,autoencoder_reconstruction_error,1.1911276188444868,provisional_unverified,1.0436439855067763
bace0e92b25324e8afbd0e5f6698b01a921780a2385e02419965fa97e3e796c4,window_838,230.0,240.0,autoencoder_reconstruction_error,1.0718212756981929,provisional_unverified,0.8260624395581881
bace0e92b25324e8afbd0e5f6698b01a921780a2385e02419965fa97e3e796c4,window_839,232.0,242.0,autoencoder_reconstruction_error,1.2184147134276113,provisional_unverified,0.8741306518173536
c3c503093a73b359d513d025d9185c7ada423099650828cbd4fdba12d1d7aafc,window_840,0.0,10.0,autoencoder_reconstruction_error,0.707843622311344,provisional_unverified,0.8446192642873528
c3c503093a73b359d513d025d9185c7ada423099650828cbd4fdba12d1d7aafc,window_841,2.0,12.0,autoencoder_reconstruction_error,0.4678499939884652,provisional_unverified,0.4796508858469215
c3c503093a73b359d513d025d9185c7ada423099650828cbd4fdba12d1d7aafc,window_842,4.0,14.0,autoencoder_reconstruction_error,0.5768261119078036,provisional_unverified,0.5619906870539828
c3c503093a73b359d513d025d9185c7ada423099650828cbd4fdba12d1d7aafc,window_843,6.0,16.0,autoencoder_reconstruction_error,0.5598040093904927,provisional_unverified,0.5401783057539312
c3c503093a73b359d513d025d9185c7ada423099650828cbd4fdba12d1d7aafc,window_844,8.0,18.0,autoencoder_reconstruction_error,0.5705647788559067,provisional_unverified,0.5544046744113407
c3c503093a73b359d513d025d9185c7ada423099650828cbd4fdba12d1d7aafc,window_845,10.0,20.0,autoencoder_reconstruction_error,0.7146691596043275,provisional_unverified,0.6949846139423348
db4d46d3c8abd3b8d2327e52a99599c63e7bd8ed5f1b122d3047d731fc6d2684,window_846,0.0,10.0,autoencoder_reconstruction_error,0.25626448562234355,provisional_unverified,0.28489428426482233
db4d46d3c8abd3b8d2327e52a99599c63e7bd8ed5f1b122d3047d731fc6d2684,window_847,2.0,12.0,autoencoder_reconstruction_error,0.19488578952377997,provisional_unverified,0.24678773220600594
db4d46d3c8abd3b8d2327e52a99599c63e7bd8ed5f1b122d3047d731fc6d2684,window_848,4.0,14.0,autoencoder_reconstruction_error,0.19691599754504802,provisional_unverified,0.2250854254481862
db4d46d3c8abd3b8d2327e52a99599c63e7bd8ed5f1b122d3047d731fc6d2684,window_849,6.0,16.0,autoencoder_reconstruction_error,0.2271912870340848,provisional_unverified,0.22134700365340995
db4d46d3c8abd3b8d2327e52a99599c63e7bd8ed5f1b122d3047d731fc6d2684,window_850,8.0,18.0,autoencoder_reconstruction_error,0.11821882933830166,provisional_unverified,0.16403753070870392
db4d46d3c8abd3b8d2327e52a99599c63e7bd8ed5f1b122d3047d731fc6d2684,window_851,10.0,20.0,autoencoder_reconstruction_error,0.08424407668131316,provisional_unverified,0.1478741560573236
dc8bf44eb4cc0becf1c5ebe252a515c98193744c2031498501de80e036899758,window_852,0.0,10.0,autoencoder_reconstruction_error,0.03183628335372105,provisional_unverified,0.09885718668270738
dc8bf44eb4cc0becf1c5ebe252a515c98193744c2031498501de80e036899758,window_853,2.0,12.0,autoencoder_reconstruction_error,0.03682277937071139,provisional_unverified,0.10497388276178006
dc8bf44eb4cc0becf1c5ebe252a515c98193744c2031498501de80e036899758,window_854,4.0,14.0,autoencoder_reconstruction_error,0.033438845026550555,provisional_unverified,0.10063228826954794
dc8bf44eb4cc0becf1c5ebe252a515c98193744c2031498501de80e036899758,window_855,6.0,16.0,autoencoder_reconstruction_error,0.036509022550008347,provisional_unverified,0.10534050961379916
dc8bf44eb4cc0becf1c5ebe252a515c98193744c2031498501de80e036899758,window_856,8.0,18.0,autoencoder_reconstruction_error,0.038395373582502834,provisional_unverified,0.10595797648108904
dc8bf44eb4cc0becf1c5ebe252a515c98193744c2031498501de80e036899758,window_857,10.0,20.0,autoencoder_reconstruction_error,0.04158019928986973,provisional_unverified,0.10887736153342031
dc8bf44eb4cc0becf1c5ebe252a515c98193744c2031498501de80e036899758,window_858,12.0,22.0,autoencoder_reconstruction_error,0.044700469475882854,provisional_unverified,0.11116763988626381
dc8bf44eb4cc0becf1c5ebe252a515c98193744c2031498501de80e036899758,window_859,14.0,24.0,autoencoder_reconstruction_error,0.04793588490109447,provisional_unverified,0.11438440765118305
dc8bf44eb4cc0becf1c5ebe252a515c98193744c2031498501de80e036899758,window_860,16.0,26.0,autoencoder_reconstruction_error,0.054985539514273804,provisional_unverified,0.1211508225962465
dc8bf44eb4cc0becf1c5ebe252a515c98193744c2031498501de80e036899758,window_861,18.0,28.0,autoencoder_reconstruction_error,0.0611834155503132,provisional_unverified,0.12728785673479992
dc8bf44eb4cc0becf1c5ebe252a515c98193744c2031498501de80e036899758,window_862,20.0,30.0,autoencoder_reconstruction_error,0.0714551458060233,provisional_unverified,0.13717460872756904
dc8bf44eb4cc0becf1c5ebe252a515c98193744c2031498501de80e036899758,window_863,22.0,32.0,autoencoder_reconstruction_error,0.08041598200541275,provisional_unverified,0.14378760939582447
dc8bf44eb4cc0becf1c5ebe252a515c98193744c2031498501de80e036899758,window_864,24.0,34.0,autoencoder_reconstruction_error,0.08423108967025095,provisional_unverified,0.14987618469524638
dc8bf44eb4cc0becf1c5ebe252a515c98193744c2031498501de80e036899758,window_865,26.0,36.0,autoencoder_reconstruction_error,0.0841790086859885,provisional_unverified,0.15079938304960042
dc8bf44eb4cc0becf1c5ebe252a515c98193744c2031498501de80e036899758,window_866,28.0,38.0,autoencoder_reconstruction_error,0.08760628790345408,provisional_unverified,0.1523149236745861
dc8bf44eb4cc0becf1c5ebe252a515c98193744c2031498501de80e036899758,window_867,30.0,40.0,autoencoder_reconstruction_error,0.08520300376060254,provisional_unverified,0.15222334789570507
dc8bf44eb4cc0becf1c5ebe252a515c98193744c2031498501de80e036899758,window_868,32.0,42.0,autoencoder_reconstruction_error,0.08821032479018001,provisional_unverified,0.15417748671962242
dc8bf44eb4cc0becf1c5ebe252a515c98193744c2031498501de80e036899758,window_869,34.0,44.0,autoencoder_reconstruction_error,0.08442908653468917,provisional_unverified,0.1499228827712574
dc8bf44eb4cc0becf1c5ebe252a515c98193744c2031498501de80e036899758,window_870,36.0,46.0,autoencoder_reconstruction_error,0.08768331358646853,provisional_unverified,0.15380808757509332
dc8bf44eb4cc0becf1c5ebe252a515c98193744c2031498501de80e036899758,window_871,38.0,48.0,autoencoder_reconstruction_error,0.08689178602019339,provisional_unverified,0.15636823795009183
dc8bf44eb4cc0becf1c5ebe252a515c98193744c2031498501de80e036899758,window_872,40.0,50.0,autoencoder_reconstruction_error,0.09056933400310217,provisional_unverified,0.15453270599415514
dc8bf44eb4cc0becf1c5ebe252a515c98193744c2031498501de80e036899758,window_873,42.0,52.0,autoencoder_reconstruction_error,0.08541203701474033,provisional_unverified,0.14981902472058778
dc8bf44eb4cc0becf1c5ebe252a515c98193744c2031498501de80e036899758,window_874,44.0,54.0,autoencoder_reconstruction_error,0.09084818578727775,provisional_unverified,0.15479980544025523
dc8bf44eb4cc0becf1c5ebe252a515c98193744c2031498501de80e036899758,window_875,46.0,56.0,autoencoder_reconstruction_error,0.08929839309724481,provisional_unverified,0.15209087445228586
dc8bf44eb4cc0becf1c5ebe252a515c98193744c2031498501de80e036899758,window_876,48.0,58.0,autoencoder_reconstruction_error,0.09055306549852614,provisional_unverified,0.15561604964673695
dc8bf44eb4cc0becf1c5ebe252a515c98193744c2031498501de80e036899758,window_877,50.0,60.0,autoencoder_reconstruction_error,0.09136983028187162,provisional_unverified,0.15969835413945752
dc8bf44eb4cc0becf1c5ebe252a515c98193744c2031498501de80e036899758,window_878,52.0,62.0,autoencoder_reconstruction_error,0.09715805484051487,provisional_unverified,0.16406453284248357
dc8bf44eb4cc0becf1c5ebe252a515c98193744c2031498501de80e036899758,window_879,54.0,64.0,autoencoder_reconstruction_error,0.10478859882674169,provisional_unverified,0.16971756417966824
dc8bf44eb4cc0becf1c5ebe252a515c98193744c2031498501de80e036899758,window_880,56.0,66.0,autoencoder_reconstruction_error,0.10306128787819259,provisional_unverified,0.17145406561274176
dc8bf44eb4cc0becf1c5ebe252a515c98193744c2031498501de80e036899758,window_881,58.0,68.0,autoencoder_reconstruction_error,0.10197391769560482,provisional_unverified,0.1693010317078471
dc8bf44eb4cc0becf1c5ebe252a515c98193744c2031498501de80e036899758,window_882,60.0,70.0,autoencoder_reconstruction_error,0.09551504324559418,provisional_unverified,0.16283229803988053
dc8bf44eb4cc0becf1c5ebe252a515c98193744c2031498501de80e036899758,window_883,62.0,72.0,autoencoder_reconstruction_error,0.09499179840918932,provisional_unverified,0.16265571116256236
dc8bf44eb4cc0becf1c5ebe252a515c98193744c2031498501de80e036899758,window_884,64.0,74.0,autoencoder_reconstruction_error,0.09737736670112389,provisional_unverified,0.16620779599805627
dc8bf44eb4cc0becf1c5ebe252a515c98193744c2031498501de80e036899758,window_885,66.0,76.0,autoencoder_reconstruction_error,0.1002742871663382,provisional_unverified,0.16597279303586618
dc8bf44eb4cc0becf1c5ebe252a515c98193744c2031498501de80e036899758,window_886,68.0,78.0,autoencoder_reconstruction_error,0.10477625512767222,provisional_unverified,0.16993362253299837
dc8bf44eb4cc0becf1c5ebe252a515c98193744c2031498501de80e036899758,window_887,70.0,80.0,autoencoder_reconstruction_error,0.11286449430254578,provisional_unverified,0.18076367533979243
dc8bf44eb4cc0becf1c5ebe252a515c98193744c2031498501de80e036899758,window_888,72.0,82.0,autoencoder_reconstruction_error,0.11003071750876242,provisional_unverified,0.17848335399601745
dc8bf44eb4cc0becf1c5ebe252a515c98193744c2031498501de80e036899758,window_889,74.0,84.0,autoencoder_reconstruction_error,0.100236473997671,provisional_unverified,0.16768065576115368
dc8bf44eb4cc0becf1c5ebe252a515c98193744c2031498501de80e036899758,window_890,76.0,86.0,autoencoder_reconstruction_error,0.09818507107968458,provisional_unverified,0.1653036149002893
dc8bf44eb4cc0becf1c5ebe252a515c98193744c2031498501de80e036899758,window_891,78.0,88.0,autoencoder_reconstruction_error,0.09165095333616916,provisional_unverified,0.15783947807199009
dc8bf44eb4cc0becf1c5ebe252a515c98193744c2031498501de80e036899758,window_892,80.0,90.0,autoencoder_reconstruction_error,0.08196672853218952,provisional_unverified,0.1506486971339153
dc8bf44eb4cc0becf1c5ebe252a515c98193744c2031498501de80e036899758,window_893,82.0,92.0,autoencoder_reconstruction_error,0.0886229678865515,provisional_unverified,0.15770489052828737
dc8bf44eb4cc0becf1c5ebe252a515c98193744c2031498501de80e036899758,window_894,84.0,94.0,autoencoder_reconstruction_error,0.09369036559535734,provisional_unverified,0.16231443050484798
dc8bf44eb4cc0becf1c5ebe252a515c98193744c2031498501de80e036899758,window_895,86.0,96.0,autoencoder_reconstruction_error,0.10132454995934595,provisional_unverified,0.16973257072583214
dc8bf44eb4cc0becf1c5ebe252a515c98193744c2031498501de80e036899758,window_896,88.0,98.0,autoencoder_reconstruction_error,0.10257896078129376,provisional_unverified,0.16997995647508826
dc8bf44eb4cc0becf1c5ebe252a515c98193744c2031498501de80e036899758,window_897,90.0,100.0,autoencoder_reconstruction_error,0.10522526001843917,provisional_unverified,0.17141064010225765
dc8bf44eb4cc0becf1c5ebe252a515c98193744c2031498501de80e036899758,window_898,92.0,102.0,autoencoder_reconstruction_error,0.10101615627552323,provisional_unverified,0.1670935942601221
dc8bf44eb4cc0becf1c5ebe252a515c98193744c2031498501de80e036899758,window_899,94.0,104.0,autoencoder_reconstruction_error,0.10356558857393634,provisional_unverified,0.16932204248185406
dc8bf44eb4cc0becf1c5ebe252a515c98193744c2031498501de80e036899758,window_900,96.0,106.0,autoencoder_reconstruction_error,0.10305966192038499,provisional_unverified,0.1709632394656763
dc8bf44eb4cc0becf1c5ebe252a515c98193744c2031498501de80e036899758,window_901,98.0,108.0,autoencoder_reconstruction_error,0.11390248866443595,provisional_unverified,0.18039373931034192
dc8bf44eb4cc0becf1c5ebe252a515c98193744c2031498501de80e036899758,window_902,100.0,110.0,autoencoder_reconstruction_error,0.1167150615559797,provisional_unverified,0.1834222721293346
dc8bf44eb4cc0becf1c5ebe252a515c98193744c2031498501de80e036899758,window_903,102.0,112.0,autoencoder_reconstruction_error,0.11965212114634706,provisional_unverified,0.18566924942302682
dc8bf44eb4cc0becf1c5ebe252a515c98193744c2031498501de80e036899758,window_904,104.0,114.0,autoencoder_reconstruction_error,0.1189135281831745,provisional_unverified,0.1835351148851088
dc8bf44eb4cc0becf1c5ebe252a515c98193744c2031498501de80e036899758,window_905,106.0,116.0,autoencoder_reconstruction_error,0.1133442880556458,provisional_unverified,0.17911751024845113
dc8bf44eb4cc0becf1c5ebe252a515c98193744c2031498501de80e036899758,window_906,108.0,118.0,autoencoder_reconstruction_error,0.10695262378795978,provisional_unverified,0.17237850850199693
dc8bf44eb4cc0becf1c5ebe252a515c98193744c2031498501de80e036899758,window_907,110.0,120.0,autoencoder_reconstruction_error,0.10262080156445755,provisional_unverified,0.16910730561791248
dc8bf44eb4cc0becf1c5ebe252a515c98193744c2031498501de80e036899758,window_908,112.0,122.0,autoencoder_reconstruction_error,0.09857033183127606,provisional_unverified,0.16738837418970773
dc8bf44eb4cc0becf1c5ebe252a515c98193744c2031498501de80e036899758,window_909,114.0,124.0,autoencoder_reconstruction_error,0.10469608653227915,provisional_unverified,0.17331164813287636
dc8bf44eb4cc0becf1c5ebe252a515c98193744c2031498501de80e036899758,window_910,116.0,126.0,autoencoder_reconstruction_error,0.10822514165848318,provisional_unverified,0.1753762065320276
dc8bf44eb4cc0becf1c5ebe252a515c98193744c2031498501de80e036899758,window_911,118.0,128.0,autoencoder_reconstruction_error,0.1052899215039413,provisional_unverified,0.17413230722159811
dc8bf44eb4cc0becf1c5ebe252a515c98193744c2031498501de80e036899758,window_912,120.0,130.0,autoencoder_reconstruction_error,0.10887524218641079,provisional_unverified,0.17518987819615464
dc8bf44eb4cc0becf1c5ebe252a515c98193744c2031498501de80e036899758,window_913,122.0,132.0,autoencoder_reconstruction_error,0.11471100444713363,provisional_unverified,0.1795935065515621
dc8bf44eb4cc0becf1c5ebe252a515c98193744c2031498501de80e036899758,window_914,124.0,134.0,autoencoder_reconstruction_error,0.10252767956975836,provisional_unverified,0.16907303700899795
dc8bf44eb4cc0becf1c5ebe252a515c98193744c2031498501de80e036899758,window_915,126.0,136.0,autoencoder_reconstruction_error,0.10196978801840095,provisional_unverified,0.1700403615183736
dc8bf44eb4cc0becf1c5ebe252a515c98193744c2031498501de80e036899758,window_916,128.0,138.0,autoencoder_reconstruction_error,0.10815387788929581,provisional_unverified,0.1774283745953843
dc8bf44eb4cc0becf1c5ebe252a515c98193744c2031498501de80e036899758,window_917,130.0,140.0,autoencoder_reconstruction_error,0.10882822455144978,provisional_unverified,0.17946277114969703
dc8bf44eb4cc0becf1c5ebe252a515c98193744c2031498501de80e036899758,window_918,132.0,142.0,autoencoder_reconstruction_error,0.10628743119392686,provisional_unverified,0.17665655264277955
dc8bf44eb4cc0becf1c5ebe252a515c98193744c2031498501de80e036899758,window_919,134.0,144.0,autoencoder_reconstruction_error,0.1116735901002305,provisional_unverified,0.18058986706442176
dc8bf44eb4cc0becf1c5ebe252a515c98193744c2031498501de80e036899758,window_920,136.0,146.0,autoencoder_reconstruction_error,0.10500370949651804,provisional_unverified,0.17518459541239498
dc8bf44eb4cc0becf1c5ebe252a515c98193744c2031498501de80e036899758,window_921,138.0,148.0,autoencoder_reconstruction_error,0.09827953061422476,provisional_unverified,0.16869873140863298
dc8bf44eb4cc0becf1c5ebe252a515c98193744c2031498501de80e036899758,window_922,140.0,150.0,autoencoder_reconstruction_error,0.10254375716714967,provisional_unverified,0.17061436562056373
dc8bf44eb4cc0becf1c5ebe252a515c98193744c2031498501de80e036899758,window_923,142.0,152.0,autoencoder_reconstruction_error,0.10396323730232618,provisional_unverified,0.16966973812629887
dc8bf44eb4cc0becf1c5ebe252a515c98193744c2031498501de80e036899758,window_924,144.0,154.0,autoencoder_reconstruction_error,0.10789373660530793,provisional_unverified,0.1738815974337328
dc8bf44eb4cc0becf1c5ebe252a515c98193744c2031498501de80e036899758,window_925,146.0,156.0,autoencoder_reconstruction_error,0.1099759907931701,provisional_unverified,0.17798985047030058
dc8bf44eb4cc0becf1c5ebe252a515c98193744c2031498501de80e036899758,window_926,148.0,158.0,autoencoder_reconstruction_error,0.12345007735834894,provisional_unverified,0.19301196951700145
dc8bf44eb4cc0becf1c5ebe252a515c98193744c2031498501de80e036899758,window_927,150.0,160.0,autoencoder_reconstruction_error,0.1225495034807216,provisional_unverified,0.19186446044044372
dc8bf44eb4cc0becf1c5ebe252a515c98193744c2031498501de80e036899758,window_928,152.0,162.0,autoencoder_reconstruction_error,0.13087266357861743,provisional_unverified,0.19801567676258025
dc8bf44eb4cc0becf1c5ebe252a515c98193744c2031498501de80e036899758,window_929,154.0,164.0,autoencoder_reconstruction_error,0.12707371865158193,provisional_unverified,0.19622850788067148
dc8bf44eb4cc0becf1c5ebe252a515c98193744c2031498501de80e036899758,window_930,156.0,166.0,autoencoder_reconstruction_error,0.11754588871754924,provisional_unverified,0.18766924289507347
dc8bf44eb4cc0becf1c5ebe252a515c98193744c2031498501de80e036899758,window_931,158.0,168.0,autoencoder_reconstruction_error,0.4270268673895639,provisional_unverified,0.40215694636617155
dc8bf44eb4cc0becf1c5ebe252a515c98193744c2031498501de80e036899758,window_932,160.0,170.0,autoencoder_reconstruction_error,2.247685583844817,provisional_unverified,0.783072537770047
dc8bf44eb4cc0becf1c5ebe252a515c98193744c2031498501de80e036899758,window_933,162.0,172.0,autoencoder_reconstruction_error,2.46410683296926,provisional_unverified,1.305961828155921
dc8bf44eb4cc0becf1c5ebe252a515c98193744c2031498501de80e036899758,window_934,164.0,174.0,autoencoder_reconstruction_error,2.398450922952443,provisional_unverified,1.5964880888203923
dc8bf44eb4cc0becf1c5ebe252a515c98193744c2031498501de80e036899758,window_935,166.0,176.0,autoencoder_reconstruction_error,2.5170994602607313,provisional_unverified,1.6019214737000276
