Time,Motor RPM [Rpm],MC Duty Cycle [%],MC Volts [V],AC Current,DC Current [A],CellId,MC Temp [°C],Motor Temp [°C],Fault Code,MC Throttle [%],Drive Enable,RadIn_Temp [°C],RadOut_Tem [°C],Flowrate,Actual_FOC_id,Actual_FOC_iq,Actual_Brake [%],Rolling_Counter,Relay_State,CRC_Checksum,CRC_Checksum_22,Pack_Current,Pack_CCL,Pack_DCL,Pack_Open_Volta,TSB HighTemp,Pack_SOC,Cell Low,Therm1_Val [°C],Therm1_LowVal [°C],Therm1_HighVal [°C],Therm2_Val [°C],Therm2_LowVal [°C],Therm2_HighVal [°C],Therm1_ID,Therm1_ModNum,AN3 [V],AN6 [V],VBAT [V],Int Temp [°C],CAN1 Load [%],CAN1 ERRORS [hex],CAN2 ERRORS [decimal],ALARMS1 [decimal],uFLAGS1 [decimal],RTD,Energized,LV Low,Motor Temp High,MC Temp High,Logging,TSB Temp,Stop Logging,WATER T ALM
18:10:04.025,0,-2.4,1,0,0,0,25,23,2,0,0,33,30,0,0,0,0,0,0,0,0,0,0,0,0,0,0,0,0,0,0,0,0,0,0,0,4.863,0.015,14.468,34,0,32,0,0,32,0,0,0,0,0,1,0,0,0
18:10:04.125,0,-2.9,1,0,0,0,25,23,2,0,0,33,30,0,0,0,0,0,0,0,0,0,0,0,0,0,0,0,0,0,0,0,0,0,0,0,4.863,0.015,14.468,34,0,32,0,0,32,0,0,0,0,0,1,0,0,0
18:10:04.225,0,3.3,1,0,0,0,25,23,2,0,0,34,30,0,0,0,0,0,0,0,0,0,0,0,0,0,0,0,0,0,0,0,0,0,0,0,4.863,0.015,14.468,34,0,32,0,0,32,0,0,0,0,0,1,0,0,0
18:10:04.325,0,-2.1,1,0,0,0,25,23,2,0,0,33,30,0,0,0,0,0,0,0,0,0,0,0,0,0,0,0,0,0,0,0,0,0,0,0,4.863,0.015,14.468,34,0,32,0,0,32,0,0,0,0,0,1,0,0,0
18:10:04.425,0,-1,1,0,0,0,25,23,2,0,0,33,30,0,0,0,0,0,0,0,0,0,0,0,0,0,0,0,0,0,0,0,0,0,0,0,4.863,0.015,14.468,34,0,32,0,0,32,0,0,0,0,0,1,0,0,0
18:10:04.525,0,-1,1,0,0,0,25,23,2,0,0,33,30,0,0,0,0,0,0,0,0,0,0,0,0,0,0,0,0,0,0,0,0,0,0,0,4.863,0.015,14.468,34,0,32,0,0,32,0,0,0,0,0,1,0,0,0
18:10:04.625,0,1.4,1,0,0,0,25,23,2,0,0,33,30,0,0,0,0,0,0,0,0,0,0,0,0,0,0,0,0,0,0,0,0,0,0,0,4.863,0.015,14.468,34,0,32,0,0,32,0,0,0,0,0,1,0,0,0
18:10:04.725,0,3.8,1,0,0,0,25,23,2,0,0,33,30,0,0,0,0,0,0,0,0,0,0,0,0,0,0,0,0,0,0,0,0,0,0,0,4.863,0.015,14.468,34,0,32,0,0,32,0,0,0,0,0,1,0,0,0
18:10:04.825,0,2,1,0,0,0,25,23,2,0,0,33,30,0,0,0,0,0,0,0,0,0,0,0,0,0,0,0,0,0,0,0,0,0,0,0,4.863,0.015,14.468,34,0,32,0,0,32,0,0,0,0,0,1,0,0,0
18:10:04.925,0,-1.6,1,0,0,0,25,23,2,0,0,33,30,0,0,0,0,0,0,0,0,0,0,0,0,0,0,0,0,0,0,0,0,0,0,0,4.863,0.015,14.468,34,0,32,0,0,32,0,0,0,0,0,1,0,0,0
18:10:05.025,0,3.6,1,0,0,0,25,23,2,0,0,33,30,0,0,0,0,0,0,0,0,0,0,0,0,0,0,0,0,0,0,0,0,0,0,0,4.863,0.015,14.468,34,0,32,0,0,32,0,0,0,0,0,1,0,0,0
18:10:05.125,0,-3.3,1,0,0,0,25,23,2,0,0,33,30,0,0,0,0,0,0,0,0,0,0,0,0,0,0,0,0,0,0,0,0,0,0,0,4.863,0.015,14.468,34,0,32,0,0,32,0,0,0,0,0,1,0,0,0
18:10:05.225,0,-1.7,1,0,0,0,25,23,2,0,0,33,30,0,0,0,0,0,0,0,0,0,0,0,0,0,0,0,0,0,0,0,0,0,0,0,4.863,0.015,14.468,34,0,32,0,0,32,0,0,0,0,0,1,0,0,0
18:10:05.325,0,1.6,1,0,0,0,25,23,2,0,0,33,30,0,0,0,0,0,0,0,0,0,0,0,0,0,0,0,0,0,0,0,0,0,0,0,4.863,0.015,14.468,34,0,32,0,0,32,0,0,0,0,0,1,0,0,0
18:10:05.425,0,5.9,1,0,0,0,25,23,2,0,0,33,30,0,0,0,0,0,0,0,0,0,0,0,0,0,0,0,0,0,0,0,0,0,0,0,4.863,0.015,14.468,34,0,32,0,0,32,0,0,0,0,0,1,0,0,0
18:10:05.525,0,2.1,1,0,0,0,25,23,2,0,0,33,29,0,0,0,0,0,0,0,0,0,0,0,0,0,0,0,0,0,0,0,0,0,0,0,4.863,0.015,14.468,34,0,32,0,0,32,0,0,0,0,0,1,0,0,0
18:10:05.625,0,3.3,1,0,0,0,25,23,2,0,0,33,29,0,0,0,0,0,0,0,0,0,0,0,0,0,0,0,0,0,0,0,0,0,0,0,4.863,0.015,14.468,34,0,32,0,0,32,0,0,0,0,0,1,0,0,0
18:10:05.725,0,-0.3,1,0,0,0,25,23,2,0,0,33,30,0,0,0,0,0,0,0,0,0,0,0,0,0,0,0,0,0,0,0,0,0,0,0,4.863,0.015,14.468,34,0,32,0,0,32,0,0,0,0,0,1,0,0,0
18:10:05.825,0,0.7,1,0,0,0,25,23,2,0,0,37,30,0,0,0,0,0,0,0,0,0,0,0,0,0,0,0,0,0,0,0,0,0,0,0,4.863,0.015,14.468,34,0,32,0,0,32,0,0,0,0,0,1,0,0,0
18:10:05.925,0,-1.4,1,0,0,0,25,23,2,0,0,37,29,0,0,0,0,0,0,0,0,0,0,0,0,0,0,0,0,0,0,0,0,0,0,0,4.863,0.015,14.468,34,0,32,0,0,32,0,0,0,0,0,1,0,0,0
18:10:06.025,0,-2.7,1,0,0,0,25,23,2,0,0,35,30,0,0,0,0,0,0,0,0,0,0,0,0,0,0,0,0,0,0,0,0,0,0,0,4.863,0.015,14.468,34,0,32,0,0,32,0,0,0,0,0,1,0,0,0
18:10:06.125,0,-2.6,1,0,0,0,25,23,2,0,0,35,30,0,0,0,0,0,0,0,0,0,0,0,0,0,0,0,0,0,0,0,0,0,0,0,4.863,0.015,14.468,34,0,32,0,0,32,0,0,0,0,0,1,0,0,0
18:10:06.225,0,-10.2,1,0,0,0,25,23,2,0,0,34,30,0,0,0,0,0,0,0,0,0,0,0,0,0,0,0,0,0,0,0,0,0,0,0,4.863,0.015,14.468,34,0,32,0,0,32,0,0,0,0,0,1,0,0,0
18:10:06.325,0,3.5,1,0,0,0,25,23,2,0,0,34,31,0,0,0,0,0,0,0,0,0,0,0,0,0,0,0,0,0,0,0,0,0,0,0,4.863,0.015,14.468,34,0,32,0,0,32,0,0,0,0,0,1,0,0,0
18:10:06.425,0,0.4,1,0,0,0,25,23,2,0,0,34,31,0,0,0,0,0,0,0,0,0,0,0,0,0,0,0,0,0,0,0,0,0,0,0,4.863,0.015,14.468,34,0,32,0,0,32,0,0,0,0,0,1,0,0,0
18:10:06.525,0,-2,1,0,0,0,25,23,2,0,0,34,30,0,0,0,0,0,0,0,0,0,0,0,0,0,0,0,0,0,0,0,0,0,0,0,4.863,0.015,14.468,34,0,32,0,0,32,0,0,0,0,0,1,0,0,0
18:10:06.625,0,3.3,1,0,0,0,25,23,2,0,0,34,30,0,0,0,0,0,0,0,0,0,0,0,0,0,0,0,0,0,0,0,0,0,0,0,4.863,0.015,14.468,34,0,32,0,0,32,0,0,0,0,0,1,0,0,0
18:10:06.725,0,-7.6,1,0,0,0,25,23,2,0,0,33,30,0,0,0,0,0,0,0,0,0,0,0,0,0,0,0,0,0,0,0,0,0,0,0,4.863,0.015,14.454,34,0,32,0,0,32,0,0,0,0,0,1,0,0,0
18:10:06.825,0,1.7,1,0,0,0,25,23,2,0,0,33,30,0,0,0,0,0,0,0,0,0,0,0,0,0,0,0,0,0,0,0,0,0,0,0,4.863,0.015,14.454,34,0,32,0,0,32,0,0,0,0,0,1,0,0,0
18:10:06.925,0,1.3,1,0,0,0,25,23,2,0,0,33,30,0,0,0,0,0,0,0,0,0,0,0,0,0,0,0,0,0,0,0,0,0,0,0,4.863,0.015,14.454,34,0,32,0,0,32,0,0,0,0,0,1,0,0,0
18:10:07.025,0,1.5,1,0,0,0,25,23,2,0,0,34,30,0,0,0,0,0,0,0,0,0,0,0,0,0,0,0,0,0,0,0,0,0,0,0,4.863,0.015,14.447,34,0,32,0,0,32,0,0,0,0,0,1,0,0,0
18:10:07.125,0,1,1,0,0,0,25,23,2,0,0,33,30,0,0,0,0,0,0,0,0,0,0,0,0,0,0,0,0,0,0,0,0,0,0,0,4.863,0.015,14.454,34,0,32,0,0,32,0,0,0,0,0,1,0,0,0
18:10:07.225,0,3.2,1,0,0,0,25,23,2,0,0,33,30,0,0,0,0,0,0,0,0,0,0,0,0,0,0,0,0,0,0,0,0,0,0,0,4.863,0.015,14.454,34,0,32,0,0,32,0,0,0,0,0,1,0,0,0
18:10:07.325,0,-3.8,1,0,0,0,25,23,2,0,0,33,30,0,0,0,0,0,0,0,0,0,0,0,0,0,0,0,0,0,0,0,0,0,0,0,4.863,0.015,14.454,34,0,32,0,0,32,0,0,0,0,0,1,0,0,0
18:10:07.425,0,1.4,1,0,0,0,25,23,2,0,0,33,30,0,0,0,0,0,0,0,0,0,0,0,0,0,0,0,0,0,0,0,0,0,0,0,4.863,0.015,14.447,34,0,32,0,0,32,0,0,0,0,0,1,0,0,0
18:10:07.525,0,-0.6,1,0,0,0,25,23,2,0,0,33,30,0,0,0,0,0,0,0,0,0,0,0,0,0,0,0,0,0,0,0,0,0,0,0,4.863,0.015,14.454,34,0,32,0,0,32,0,0,0,0,0,1,0,0,0
18:10:07.625,0,5.1,1,0,0,0,25,23,2,0,0,33,30,0,0,0,0,0,0,0,0,0,0,0,0,0,0,0,0,0,0,0,0,0,0,0,4.863,0.015,14.447,34,0,32,0,0,32,0,0,0,0,0,1,0,0,0
18:10:07.725,0,3.1,1,0,0,0,25,23,2,0,0,33,30,0,0,0,0,0,0,0,0,0,0,0,0,0,0,0,0,0,0,0,0,0,0,0,4.863,0.015,14.454,34,0,32,0,0,32,0,0,0,0,0,1,0,0,0
18:10:07.825,0,3.3,1,0,0,0,25,23,2,0,0,33,30,0,0,0,0,0,0,0,0,0,0,0,0,0,0,0,0,0,0,0,0,0,0,0,4.863,0.015,14.447,34,0,32,0,0,32,0,0,0,0,0,1,0,0,0
18:10:07.925,0,-5.3,1,0,0,0,25,23,2,0,0,33,30,0,0,0,0,0,0,0,0,0,0,0,0,0,0,0,0,0,0,0,0,0,0,0,4.863,0.015,14.454,34,0,32,0,0,32,0,0,0,0,0,1,0,0,0
18:10:08.025,0,2,1,0,0,0,25,23,2,0,0,33,30,0,0,0,0,0,0,0,0,0,0,0,0,0,0,0,0,0,0,0,0,0,0,0,4.863,0.015,14.447,34,0,32,0,0,32,0,0,0,0,0,1,0,0,0
18:10:08.125,0,-2.2,1,0,0,0,25,23,2,0,0,33,30,0,0,0,0,0,0,0,0,0,0,0,0,0,0,0,0,0,0,0,0,0,0,0,4.863,0.015,14.454,34,0,32,0,0,32,0,0,0,0,0,1,0,0,0
18:10:08.225,0,-2.7,1,0,0,0,25,23,2,0,0,33,30,0,0,0,0,0,0,0,0,0,0,0,0,0,0,0,0,0,0,0,0,0,0,0,4.863,0.015,14.447,34,0,32,0,0,32,0,0,0,0,0,1,0,0,0
18:10:08.325,0,-4.3,1,0,0,0,25,23,2,0,0,33,30,0,0,0,0,0,0,0,0,0,0,0,0,0,0,0,0,0,0,0,0,0,0,0,4.863,0.015,14.454,34,0,32,0,0,32,0,0,0,0,0,1,0,0,0
18:10:08.425,0,2.8,1,0,0,0,25,23,2,0,0,33,30,0,0,0,0,0,0,0,0,0,0,0,0,0,0,0,0,0,0,0,0,0,0,0,4.863,0.015,14.447,34,0,32,0,0,32,0,0,0,0,0,1,0,0,0
18:10:08.525,0,3.8,1,0,0,0,25,23,2,0,0,33,30,0,0,0,0,0,0,0,0,0,0,0,0,0,0,0,0,0,0,0,0,0,0,0,4.863,0.015,14.454,34,0,32,0,0,32,0,0,0,0,0,1,0,0,0
18:10:08.625,0,1,1,0,0,0,25,23,2,0,0,33,30,0,0,0,0,0,0,0,0,0,0,0,0,0,0,0,0,0,0,0,0,0,0,0,4.863,0.015,14.447,34,0,32,0,0,32,0,0,0,0,0,1,0,0,0
18:10:08.725,0,1.6,1,0,0,0,25,23,2,0,0,33,30,0,0,0,0,0,0,0,0,0,0,0,0,0,0,0,0,0,0,0,0,0,0,0,4.863,0.015,14.454,34,0,32,0,0,32,0,0,0,0,0,1,0,0,0
18:10:08.825,0,-3.3,1,0,0,0,25,23,2,0,0,33,29,0,0,0,0,0,0,0,0,0,0,0,0,0,0,0,0,0,0,0,0,0,0,0,4.863,0.015,14.447,34,0,32,0,0,32,0,0,0,0,0,1,0,0,0
18:10:08.925,0,2.7,1,0,0,0,25,23,2,0,0,33,30,0,0,0,0,0,0,0,0,0,0,0,0,0,0,0,0,0,0,0,0,0,0,0,4.863,0.015,14.454,34,0,32,0,0,32,0,0,0,0,0,1,0,0,0
18:10:09.025,0,4.8,1,0,0,0,25,23,2,0,0,33,30,0,0,0,0,0,0,0,0,0,0,0,0,0,0,0,0,0,0,0,0,0,0,0,4.863,0.015,14.447,34,0,32,0,0,32,0,0,0,0,0,1,0,0,0
18:10:09.125,0,3.5,1,0,0,0,25,23,2,0,0,33,30,0,0,0,0,0,0,0,0,0,0,0,0,0,0,0,0,0,0,0,0,0,0,0,4.863,0.015,14.454,34,0,32,0,0,32,0,0,0,0,0,1,0,0,0
18:10:09.225,0,2.5,1,0,0,0,25,23,2,0,0,33,30,0,0,0,0,0,0,0,0,0,0,0,0,0,0,0,0,0,0,0,0,0,0,0,4.863,0.015,14.454,34,0,32,0,0,32,0,0,0,0,0,1,0,0,0
18:10:09.325,0,4.2,1,0,0,0,25,23,2,0,0,33,30,0,0,0,0,0,0,0,0,0,0,0,0,0,0,0,0,0,0,0,0,0,0,0,4.863,0.015,14.447,34,0,32,0,0,32,0,0,0,0,0,1,0,0,0
18:10:09.425,0,0.5,1,0,0,0,25,23,2,0,0,33,30,0,0,0,0,0,0,0,0,0,0,0,0,0,0,0,0,0,0,0,0,0,0,0,4.863,0.015,14.454,34,0,32,0,0,32,0,0,0,0,0,1,0,0,0
18:10:09.525,0,-0.9,1,0,0,0,25,23,2,0,0,33,29,0,0,0,0,0,0,0,0,0,0,0,0,0,0,0,0,0,0,0,0,0,0,0,4.863,0.015,14.447,34,0,32,0,0,32,0,0,0,0,0,1,0,0,0
18:10:09.625,0,-3.4,1,0,0,0,25,23,2,0,0,37,30,0,0,0,0,0,0,0,0,0,0,0,0,0,0,0,0,0,0,0,0,0,0,0,4.863,0.015,14.454,34,0,32,0,0,32,0,0,0,0,0,1,0,0,0
18:10:09.725,0,-3.4,1,0,0,0,25,23,2,0,0,35,30,0,0,0,0,0,0,0,0,0,0,0,0,0,0,0,0,0,0,0,0,0,0,0,4.863,0.015,14.447,34,0,32,0,0,32,0,0,0,0,0,1,0,0,0
18:10:09.825,0,2,1,0,0,0,25,23,2,0,0,35,31,0,0,0,0,0,0,0,0,0,0,0,0,0,0,0,0,0,0,0,0,0,0,0,4.863,0.015,14.454,34,0,32,0,0,32,0,0,0,0,0,1,0,0,0
18:10:09.925,0,1,1,0,0,0,25,23,2,0,0,35,31,0,0,0,0,0,0,0,0,0,0,0,0,0,0,0,0,0,0,0,0,0,0,0,4.863,0.015,14.447,34,0,32,0,0,32,0,0,0,0,0,1,0,0,0
18:10:10.025,0,-6,1,0,0,0,25,23,2,0,0,35,30,0,0,0,0,0,0,0,0,0,0,0,0,0,0,0,0,0,0,0,0,0,0,0,4.863,0.015,14.454,34,0,32,0,0,32,0,0,0,0,0,1,0,0,0
18:10:10.125,0,-2.8,1,0,0,0,25,23,2,0,0,34,30,0,0,0,0,0,0,0,0,0,0,0,0,0,0,0,0,0,0,0,0,0,0,0,4.863,0.015,14.447,34,0,32,0,0,32,0,0,0,0,0,1,0,0,0
18:10:10.225,0,4,1,0,0,0,25,23,2,0,0,34,30,0,0,0,0,0,0,0,0,0,0,0,0,0,0,0,0,0,0,0,0,0,0,0,4.863,0.015,14.454,34,0,32,0,0,32,0,0,0,0,0,1,0,0,0
18:10:10.325,0,1.9,1,0,0,0,25,23,2,0,0,34,30,0,0,0,0,0,0,0,0,0,0,0,0,0,0,0,0,0,0,0,0,0,0,0,4.863,0.015,14.447,34,0,32,0,0,32,0,0,0,0,0,1,0,0,0
18:10:10.425,0,-2.6,1,0,0,0,25,23,2,0,0,34,30,0,0,0,0,0,0,0,0,0,0,0,0,0,0,0,0,0,0,0,0,0,0,0,4.863,0.015,14.454,34,0,32,0,0,32,0,0,0,0,0,1,0,0,0
18:10:10.525,0,-1.6,1,0,0,0,25,23,2,0,0,33,30,0,0,0,0,0,0,0,0,0,0,0,0,0,0,0,0,0,0,0,0,0,0,0,4.863,0.015,14.447,34,0,32,0,0,32,0,0,0,0,0,1,0,0,0
18:10:10.625,0,-0.4,1,0,0,0,25,23,2,0,0,33,30,0,0,0,0,0,0,0,0,0,0,0,0,0,0,0,0,0,0,0,0,0,0,0,4.863,0.015,14.454,34,0,32,0,0,32,0,0,0,0,0,1,0,0,0
18:10:10.725,0,-0.1,1,0,0,0,25,23,2,0,0,33,30,0,0,0,0,0,0,0,0,0,0,0,0,0,0,0,0,0,0,0,0,0,0,0,4.863,0.015,14.447,34,0,32,0,0,32,0,0,0,0,0,1,0,0,0
18:10:10.825,0,2,1,0,0,0,25,23,2,0,0,33,30,0,0,0,0,0,0,0,0,0,0,0,0,0,0,0,0,0,0,0,0,0,0,0,4.863,0.015,14.454,34,0,32,0,0,32,0,0,0,0,0,1,0,0,0
18:10:10.925,0,-0.2,1,0,0,0,25,23,2,0,0,33,30,0,0,0,0,0,0,0,0,0,0,0,0,0,0,0,0,0,0,0,0,0,0,0,4.863,0.015,14.447,34,0,32,0,0,32,0,0,0,0,0,1,0,0,0
18:10:11.025,0,-2.4,1,0,0,0,25,23,2,0,0,33,30,0,0,0,0,0,0,0,0,0,0,0,0,0,0,0,0,0,0,0,0,0,0,0,4.863,0.015,14.454,34,0,32,0,0,32,0,0,0,0,0,1,0,0,0
18:10:11.125,0,-1.8,1,0,0,0,25,23,2,0,0,34,30,0,0,0,0,0,0,0,0,0,0,0,0,0,0,0,0,0,0,0,0,0,0,0,4.863,0.015,14.447,34,0,32,0,0,32,0,0,0,0,0,1,0,0,0
18:10:11.225,0,-1.1,1,0,0,0,25,23,2,0,0,33,30,0,0,0,0,0,0,0,0,0,0,0,0,0,0,0,0,0,0,0,0,0,0,0,4.863,0.015,14.454,34,0,32,0,0,32,0,0,0,0,0,1,0,0,0
18:10:11.325,0,0.6,1,0,0,0,25,23,2,0,0,33,31,0,0,0,0,0,0,0,0,0,0,0,0,0,0,0,0,0,0,0,0,0,0,0,4.863,0.015,14.447,34,0,32,0,0,32,0,0,0,0,0,1,0,0,0
18:10:11.425,0,3.9,1,0,0,0,25,23,2,0,0,33,30,0,0,0,0,0,0,0,0,0,0,0,0,0,0,0,0,0,0,0,0,0,0,0,4.863,0.015,14.454,34,0,32,0,0,32,0,0,0,0,0,1,0,0,0
18:10:11.525,0,-2.1,1,0,0,0,25,23,2,0,0,33,30,0,0,0,0,0,0,0,0,0,0,0,0,0,0,0,0,0,0,0,0,0,0,0,4.863,0.015,14.447,34,0,32,0,0,32,0,0,0,0,0,1,0,0,0
18:10:11.625,0,1.5,1,0,0,0,25,23,2,0,0,34,30,0,0,0,0,0,0,0,0,0,0,0,0,0,0,0,0,0,0,0,0,0,0,0,4.863,0.015,14.454,34,0,32,0,0,32,0,0,0,0,0,1,0,0,0
18:10:11.725,0,4,1,0,0,0,25,23,2,0,0,33,30,0,0,0,0,0,0,0,0,0,0,0,0,0,0,0,0,0,0,0,0,0,0,0,4.863,0.015,14.447,34,0,32,0,0,32,0,0,0,0,0,1,0,0,0
18:10:11.825,0,0.5,1,0,0,0,25,23,2,0,0,33,30,0,0,0,0,0,0,0,0,0,0,0,0,0,0,0,0,0,0,0,0,0,0,0,4.863,0.015,14.454,34,0,32,0,0,32,0,0,0,0,0,1,0,0,0
18:10:11.925,0,-2.5,1,0,0,0,25,23,2,0,0,33,30,0,0,0,0,0,0,0,0,0,0,0,0,0,0,0,0,0,0,0,0,0,0,0,4.863,0.015,14.447,34,0,32,0,0,32,0,0,0,0,0,1,0,0,0
18:10:12.025,0,-2.5,1,0,0,0,25,23,2,0,0,33,30,0,0,0,0,0,0,0,0,0,0,0,0,0,0,0,0,0,0,0,0,0,0,0,4.863,0.015,14.441,34,0,32,0,0,32,0,0,0,0,0,1,0,0,0
18:10:12.125,0,2.1,1,0,0,0,25,23,2,0,0,33,30,0,0,0,0,0,0,0,0,0,0,0,0,0,0,0,0,0,0,0,0,0,0,0,4.863,0.015,14.441,34,0,32,0,0,32,0,0,0,0,0,1,0,0,0
18:10:12.225,0,-4,1,0,0,0,25,23,2,0,0,33,30,0,0,0,0,0,0,0,0,0,0,0,0,0,0,0,0,0,0,0,0,0,0,0,4.863,0.015,14.441,34,0,32,0,0,32,0,0,0,0,0,1,0,0,0
18:10:12.325,0,-3.1,1,0,0,0,25,23,2,0,0,33,30,0,0,0,0,0,0,0,0,0,0,0,0,0,0,0,0,0,0,0,0,0,0,0,4.863,0.015,14.441,34,0,32,0,0,32,0,0,0,0,0,1,0,0,0
18:10:12.425,0,2.8,1,0,0,0,25,23,2,0,0,33,30,0,0,0,0,0,0,0,0,0,0,0,0,0,0,0,0,0,0,0,0,0,0,0,4.863,0.015,14.441,34,0,32,0,0,32,0,0,0,0,0,1,0,0,0
18:10:12.525,0,-1.5,1,0,0,0,25,23,2,0,0,33,30,0,0,0,0,0,0,0,0,0,0,0,0,0,0,0,0,0,0,0,0,0,0,0,4.863,0.015,14.441,34,0,32,0,0,32,0,0,0,0,0,1,0,0,0
18:10:12.625,0,-2.5,1,0,0,0,25,23,2,0,0,33,30,0,0,0,0,0,0,0,0,0,0,0,0,0,0,0,0,0,0,0,0,0,0,0,4.863,0.015,14.441,34,0,32,0,0,32,0,0,0,0,0,1,0,0,0
18:10:12.725,0,2.2,1,0,0,0,25,23,2,0,0,33,30,0,0,0,0,0,0,0,0,0,0,0,0,0,0,0,0,0,0,0,0,0,0,0,4.863,0.015,14.441,34,0,32,0,0,32,0,0,0,0,0,1,0,0,0
18:10:12.825,0,-2.3,1,0,0,0,25,23,2,0,0,33,29,0,0,0,0,0,0,0,0,0,0,0,0,0,0,0,0,0,0,0,0,0,0,0,4.863,0.015,14.441,34,0,32,0,0,32,0,0,0,0,0,1,0,0,0
18:10:12.925,0,4,1,0,0,0,25,23,2,0,0,33,30,0,0,0,0,0,0,0,0,0,0,0,0,0,0,0,0,0,0,0,0,0,0,0,4.863,0.015,14.441,34,0,32,0,0,32,0,0,0,0,0,1,0,0,0
18:10:13.025,0,3.5,1,0,0,0,25,23,2,0,0,33,30,0,0,0,0,0,0,0,0,0,0,0,0,0,0,0,0,0,0,0,0,0,0,0,4.863,0.015,14.441,34,0,32,0,0,32,0,0,0,0,0,1,0,0,0
18:10:13.125,0,5.6,1,0,0,0,25,23,2,0,0,33,30,0,0,0,0,0,0,0,0,0,0,0,0,0,0,0,0,0,0,0,0,0,0,0,4.863,0.015,14.441,34,0,32,0,0,32,0,0,0,0,0,1,0,0,0
18:10:13.225,0,-1.1,1,0,0,0,25,23,2,0,0,33,30,0,0,0,0,0,0,0,0,0,0,0,0,0,0,0,0,0,0,0,0,0,0,0,4.863,0.015,14.441,34,0,32,0,0,32,0,0,0,0,0,1,0,0,0
18:10:13.325,0,5.4,1,0,0,0,25,23,2,0,0,35,30,0,0,0,0,0,0,0,0,0,0,0,0,0,0,0,0,0,0,0,0,0,0,0,4.863,0.015,14.441,34,0,32,0,0,32,0,0,0,0,0,1,0,0,0
18:10:13.425,0,1.1,1,0,0,0,25,23,2,0,0,35,30,0,0,0,0,0,0,0,0,0,0,0,0,0,0,0,0,0,0,0,0,0,0,0,4.863,0.015,14.441,34,0,32,0,0,32,0,0,0,0,0,1,0,0,0
18:10:13.525,0,-1.7,1,0,0,0,25,23,2,0,0,35,30,0,0,0,0,0,0,0,0,0,0,0,0,0,0,0,0,0,0,0,0,0,0,0,4.863,0.015,14.441,34,0,32,0,0,32,0,0,0,0,0,1,0,0,0
18:10:13.625,0,-3.1,1,0,0,0,25,23,2,0,0,35,31,0,0,0,0,0,0,0,0,0,0,0,0,0,0,0,0,0,0,0,0,0,0,0,4.863,0.015,14.441,34,0,32,0,0,32,0,0,0,0,0,1,0,0,0
18:10:13.725,0,-4.1,1,0,0,0,25,23,2,0,0,34,31,0,0,0,0,0,0,0,0,0,0,0,0,0,0,0,0,0,0,0,0,0,0,0,4.863,0.015,14.441,34,0,32,0,0,32,0,0,0,0,0,1,0,0,0
18:10:13.825,0,1.8,1,0,0,0,25,23,2,0,0,34,30,0,0,0,0,0,0,0,0,0,0,0,0,0,0,0,0,0,0,0,0,0,0,0,4.863,0.015,14.441,34,0,32,0,0,32,0,0,0,0,0,1,0,0,0
18:10:13.925,0,-2,1,0,0,0,25,23,2,0,0,34,30,0,0,0,0,0,0,0,0,0,0,0,0,0,0,0,0,0,0,0,0,0,0,0,4.863,0.015,14.441,34,0,32,0,0,32,0,0,0,0,0,1,0,0,0
18:10:14.025,0,4.6,1,0,0,0,25,23,2,0,0,34,30,0,0,0,0,0,0,0,0,0,0,0,0,0,0,0,0,0,0,0,0,0,0,0,4.863,0.015,14.441,34,0,32,0,0,32,0,0,0,0,0,1,0,0,0
18:10:14.125,0,1.6,1,0,0,0,25,23,2,0,0,34,30,0,0,0,0,0,0,0,0,0,0,0,0,0,0,0,0,0,0,0,0,0,0,0,4.863,0.015,14.441,34,0,32,0,0,32,0,0,0,0,0,1,0,0,0
18:10:14.225,0,3.8,1,0,0,0,25,23,2,0,0,33,30,0,0,0,0,0,0,0,0,0,0,0,0,0,0,0,0,0,0,0,0,0,0,0,4.863,0.015,14.441,34,0,32,0,0,32,0,0,0,0,0,1,0,0,0
18:10:14.325,0,4.5,1,0,0,0,25,23,2,0,0,34,30,0,0,0,0,0,0,0,0,0,0,0,0,0,0,0,0,0,0,0,0,0,0,0,4.863,0.015,14.441,34,0,32,0,0,32,0,0,0,0,0,1,0,0,0
18:10:14.425,0,-2.5,1,0,0,0,25,23,2,0,0,33,30,0,0,0,0,0,0,0,0,0,0,0,0,0,0,0,0,0,0,0,0,0,0,0,4.863,0.015,14.441,34,0,32,0,0,32,0,0,0,0,0,1,0,0,0
18:10:14.525,0,-2.2,1,0,0,0,25,23,2,0,0,33,30,0,0,0,0,0,0,0,0,0,0,0,0,0,0,0,0,0,0,0,0,0,0,0,4.863,0.015,14.441,34,0,32,0,0,32,0,0,0,0,0,1,0,0,0
18:10:14.625,0,-0.7,1,0,0,0,25,23,2,0,0,33,29,0,0,0,0,0,0,0,0,0,0,0,0,0,0,0,0,0,0,0,0,0,0,0,4.863,0.015,14.441,34,0,32,0,0,32,0,0,0,0,0,1,0,0,0
18:10:14.725,0,1.2,1,0,0,0,25,23,2,0,0,33,30,0,0,0,0,0,0,0,0,0,0,0,0,0,0,0,0,0,0,0,0,0,0,0,4.863,0.015,14.441,34,0,32,0,0,32,0,0,0,0,0,1,0,0,0
18:10:14.825,0,-0.9,1,0,0,0,25,23,2,0,0,33,30,0,0,0,0,0,0,0,0,0,0,0,0,0,0,0,0,0,0,0,0,0,0,0,4.863,0.015,14.441,34,0,32,0,0,32,0,0,0,0,0,1,0,0,0
18:10:14.925,0,0.8,1,0,0,0,25,23,2,0,0,33,30,0,0,0,0,0,0,0,0,0,0,0,0,0,0,0,0,0,0,0,0,0,0,0,4.863,0.015,14.441,34,0,32,0,0,32,0,0,0,0,0,1,0,0,0
18:10:15.025,0,-1.9,1,0,0,0,25,23,2,0,0,33,30,0,0,0,0,0,0,0,0,0,0,0,0,0,0,0,0,0,0,0,0,0,0,0,4.863,0.015,14.441,34,0,32,0,0,32,0,0,0,0,0,1,0,0,0
18:10:15.125,0,-1.1,1,0,0,0,25,23,2,0,0,33,30,0,0,0,0,0,0,0,0,0,0,0,0,0,0,0,0,0,0,0,0,0,0,0,4.863,0.015,14.441,34,0,32,0,0,32,0,0,0,0,0,1,0,0,0
18:10:15.225,0,-3.3,1,0,0,0,25,23,2,0,0,33,30,0,0,0,0,0,0,0,0,0,0,0,0,0,0,0,0,0,0,0,0,0,0,0,4.863,0.015,14.441,34,0,32,0,0,32,0,0,0,0,0,1,0,0,0
18:10:15.325,0,-1.5,1,0,0,0,25,23,2,0,0,33,30,0,0,0,0,0,0,0,0,0,0,0,0,0,0,0,0,0,0,0,0,0,0,0,4.863,0.015,14.441,34,0,32,0,0,32,0,0,0,0,0,1,0,0,0
18:10:15.425,0,-4,1,0,0,0,25,23,2,0,0,33,30,0,0,0,0,0,0,0,0,0,0,0,0,0,0,0,0,0,0,0,0,0,0,0,4.863,0.015,14.441,34,0,32,0,0,32,0,0,0,0,0,1,0,0,0
18:10:15.525,0,-0.9,1,0,0,0,25,23,2,0,0,33,30,0,0,0,0,0,0,0,0,0,0,0,0,0,0,0,0,0,0,0,0,0,0,0,4.863,0.015,14.441,34,0,32,0,0,32,0,0,0,0,0,1,0,0,0
18:10:15.625,0,3.9,1,0,0,0,25,23,2,0,0,33,29,0,0,0,0,0,0,0,0,0,0,0,0,0,0,0,0,0,0,0,0,0,0,0,4.863,0.015,14.441,34,0,32,0,0,32,0,0,0,0,0,1,0,0,0
18:10:15.725,0,-2.3,1,0,0,0,25,23,2,0,0,33,30,0,0,0,0,0,0,0,0,0,0,0,0,0,0,0,0,0,0,0,0,0,0,0,4.863,0.015,14.434,34,0,32,0,0,32,0,0,0,0,0,1,0,0,0
18:10:15.825,0,-2.1,1,0,0,0,25,23,2,0,0,33,30,0,0,0,0,0,0,0,0,0,0,0,0,0,0,0,0,0,0,0,0,0,0,0,4.863,0.015,14.441,34,0,32,0,0,32,0,0,0,0,0,1,0,0,0
18:10:15.925,0,-3.4,1,0,0,0,25,23,2,0,0,33,30,0,0,0,0,0,0,0,0,0,0,0,0,0,0,0,0,0,0,0,0,0,0,0,4.863,0.015,14.441,34,0,32,0,0,32,0,0,0,0,0,1,0,0,0
18:10:16.025,0,-1.4,1,0,0,0,25,23,2,0,0,33,29,0,0,0,0,0,0,0,0,0,0,0,0,0,0,0,0,0,0,0,0,0,0,0,4.863,0.015,14.441,34,0,32,0,0,32,0,0,0,0,0,1,0,0,0
18:10:16.125,0,3.3,1,0,0,0,25,23,2,0,0,33,30,0,0,0,0,0,0,0,0,0,0,0,0,0,0,0,0,0,0,0,0,0,0,0,4.863,0.015,14.441,34,0,32,0,0,32,0,0,0,0,0,1,0,0,0
18:10:16.225,0,0.7,1,0,0,0,25,23,2,0,0,33,30,0,0,0,0,0,0,0,0,0,0,0,0,0,0,0,0,0,0,0,0,0,0,0,4.863,0.015,14.441,34,0,32,0,0,32,0,0,0,0,0,1,0,0,0
18:10:16.325,0,-1.4,1,0,0,0,25,23,2,0,0,33,29,0,0,0,0,0,0,0,0,0,0,0,0,0,0,0,0,0,0,0,0,0,0,0,4.863,0.015,14.441,34,0,32,0,0,32,0,0,0,0,0,1,0,0,0
18:10:16.425,0,4.3,1,0,0,0,25,23,2,0,0,33,30,0,0,0,0,0,0,0,0,0,0,0,0,0,0,0,0,0,0,0,0,0,0,0,4.863,0.015,14.441,34,0,32,0,0,32,0,0,0,0,0,1,0,0,0
18:10:16.525,0,-3.6,1,0,0,0,25,23,2,0,0,33,29,0,0,0,0,0,0,0,0,0,0,0,0,0,0,0,0,0,0,0,0,0,0,0,4.863,0.015,14.441,34,0,32,0,0,32,0,0,0,0,0,1,0,0,0
18:10:16.625,0,-2.6,1,0,0,0,25,23,2,0,0,33,30,0,0,0,0,0,0,0,0,0,0,0,0,0,0,0,0,0,0,0,0,0,0,0,4.863,0.015,14.441,34,0,32,0,0,32,0,0,0,0,0,1,0,0,0
18:10:16.725,0,1.1,1,0,0,0,25,23,2,0,0,33,30,0,0,0,0,0,0,0,0,0,0,0,0,0,0,0,0,0,0,0,0,0,0,0,4.863,0.015,14.434,34,0,32,0,0,32,0,0,0,0,0,1,0,0,0
18:10:16.825,0,3.8,1,0,0,0,25,23,2,0,0,33,30,0,0,0,0,0,0,0,0,0,0,0,0,0,0,0,0,0,0,0,0,0,0,0,4.863,0.015,14.441,34,0,32,0,0,32,0,0,0,0,0,1,0,0,0
18:10:16.925,0,-2.6,1,0,0,0,25,23,2,0,0,33,30,0,0,0,0,0,0,0,0,0,0,0,0,0,0,0,0,0,0,0,0,0,0,0,4.863,0.015,14.441,34,0,32,0,0,32,0,0,0,0,0,1,0,0,0
18:10:17.025,0,2.7,1,0,0,0,25,23,2,0,0,33,30,0,0,0,0,0,0,0,0,0,0,0,0,0,0,0,0,0,0,0,0,0,0,0,4.863,0.015,14.441,34,0,32,0,0,32,0,0,0,0,0,1,0,0,0
18:10:17.125,0,2.3,1,0,0,0,25,23,2,0,0,37,29,0,0,0,0,0,0,0,0,0,0,0,0,0,0,0,0,0,0,0,0,0,0,0,4.863,0.015,14.441,34,0,32,0,0,32,0,0,0,0,0,1,0,0,0
18:10:17.225,0,4.2,1,0,0,0,25,23,2,0,0,35,30,0,0,0,0,0,0,0,0,0,0,0,0,0,0,0,0,0,0,0,0,0,0,0,4.863,0.015,14.441,34,0,32,0,0,32,0,0,0,0,0,1,0,0,0
18:10:17.325,0,-3.4,1,0,0,0,25,23,2,0,0,35,31,0,0,0,0,0,0,0,0,0,0,0,0,0,0,0,0,0,0,0,0,0,0,0,4.863,0.015,14.434,34,0,32,0,0,32,0,0,0,0,0,1,0,0,0
18:10:17.425,0,4.2,1,0,0,0,25,23,2,0,0,35,30,0,0,0,0,0,0,0,0,0,0,0,0,0,0,0,0,0,0,0,0,0,0,0,4.863,0.015,14.441,34,0,32,0,0,32,0,0,0,0,0,1,0,0,0
18:10:17.525,0,3.5,1,0,0,0,25,23,2,0,0,35,31,0,0,0,0,0,0,0,0,0,0,0,0,0,0,0,0,0,0,0,0,0,0,0,4.863,0.015,14.441,34,0,32,0,0,32,0,0,0,0,0,1,0,0,0
18:10:17.625,0,5.3,1,0,0,0,25,23,2,0,0,34,31,0,0,0,0,0,0,0,0,0,0,0,0,0,0,0,0,0,0,0,0,0,0,0,4.863,0.015,14.441,34,0,32,0,0,32,0,0,0,0,0,1,0,0,0
18:10:17.725,0,2,1,0,0,0,25,23,2,0,0,34,31,0,0,0,0,0,0,0,0,0,0,0,0,0,0,0,0,0,0,0,0,0,0,0,4.863,0.015,14.441,34,0,32,0,0,32,0,0,0,0,0,1,0,0,0
18:10:17.825,0,3.4,1,0,0,0,25,23,2,0,0,34,30,0,0,0,0,0,0,0,0,0,0,0,0,0,0,0,0,0,0,0,0,0,0,0,4.863,0.015,14.441,34,0,32,0,0,32,0,0,0,0,0,1,0,0,0
18:10:17.925,0,-2.5,1,0,0,0,25,23,2,0,0,34,30,0,0,0,0,0,0,0,0,0,0,0,0,0,0,0,0,0,0,0,0,0,0,0,4.863,0.015,14.441,34,0,32,0,0,32,0,0,0,0,0,1,0,0,0
18:10:18.025,0,-2.4,1,0,0,0,25,23,2,0,0,33,30,0,0,0,0,0,0,0,0,0,0,0,0,0,0,0,0,0,0,0,0,0,0,0,4.863,0.015,14.441,34,0,32,0,0,32,0,0,0,0,0,1,0,0,0
18:10:18.125,0,-2.1,1,0,0,0,25,23,2,0,0,34,30,0,0,0,0,0,0,0,0,0,0,0,0,0,0,0,0,0,0,0,0,0,0,0,4.863,0.015,14.441,34,0,32,0,0,32,0,0,0,0,0,1,0,0,0
18:10:18.225,0,-2.9,1,0,0,0,25,23,2,0,0,33,30,0,0,0,0,0,0,0,0,0,0,0,0,0,0,0,0,0,0,0,0,0,0,0,4.863,0.015,14.441,34,0,32,0,0,32,0,0,0,0,0,1,0,0,0
18:10:18.325,0,1.8,1,0,0,0,25,23,2,0,0,34,30,0,0,0,0,0,0,0,0,0,0,0,0,0,0,0,0,0,0,0,0,0,0,0,4.863,0.015,14.441,34,0,32,0,0,32,0,0,0,0,0,1,0,0,0
18:10:18.425,0,0,1,0,0,0,25,23,2,0,0,33,30,0,0,0,0,0,0,0,0,0,0,0,0,0,0,0,0,0,0,0,0,0,0,0,4.863,0.015,14.434,34,0,32,0,0,32,0,0,0,0,0,1,0,0,0
18:10:18.525,0,-3.9,1,0,0,0,25,23,2,0,0,33,30,0,0,0,0,0,0,0,0,0,0,0,0,0,0,0,0,0,0,0,0,0,0,0,4.863,0.015,14.441,34,0,32,0,0,32,0,0,0,0,0,1,0,0,0
18:10:18.625,0,1.5,1,0,0,0,25,23,2,0,0,33,30,0,0,0,0,0,0,0,0,0,0,0,0,0,0,0,0,0,0,0,0,0,0,0,4.863,0.015,14.441,34,0,32,0,0,32,0,0,0,0,0,1,0,0,0
18:10:18.725,0,1.4,1,0,0,0,25,23,2,0,0,33,30,0,0,0,0,0,0,0,0,0,0,0,0,0,0,0,0,0,0,0,0,0,0,0,4.863,0.015,14.441,34,0,32,0,0,32,0,0,0,0,0,1,0,0,0
18:10:18.825,0,1,1,0,0,0,25,23,2,0,0,33,31,0,0,0,0,0,0,0,0,0,0,0,0,0,0,0,0,0,0,0,0,0,0,0,4.863,0.015,14.434,34,0,32,0,0,32,0,0,0,0,0,1,0,0,0
18:10:18.925,0,3.2,1,0,0,0,25,23,2,0,0,33,30,0,0,0,0,0,0,0,0,0,0,0,0,0,0,0,0,0,0,0,0,0,0,0,4.863,0.015,14.441,34,0,32,0,0,32,0,0,0,0,0,1,0,0,0
18:10:19.025,0,0.6,1,0,0,0,25,23,2,0,0,33,30,0,0,0,0,0,0,0,0,0,0,0,0,0,0,0,0,0,0,0,0,0,0,0,4.863,0.015,14.434,34,0,32,0,0,32,0,0,0,0,0,1,0,0,0
18:10:19.125,0,-0.1,1,0,0,0,25,23,2,0,0,34,30,0,0,0,0,0,0,0,0,0,0,0,0,0,0,0,0,0,0,0,0,0,0,0,4.863,0.015,14.441,34,0,32,0,0,32,0,0,0,0,0,1,0,0,0
18:10:19.225,0,1.5,1,0,0,0,25,23,2,0,0,33,30,0,0,0,0,0,0,0,0,0,0,0,0,0,0,0,0,0,0,0,0,0,0,0,4.863,0.015,14.441,34,0,32,0,0,32,0,0,0,0,0,1,0,0,0
18:10:19.325,0,-1.2,1,0,0,0,25,23,2,0,0,33,30,0,0,0,0,0,0,0,0,0,0,0,0,0,0,0,0,0,0,0,0,0,0,0,4.863,0.015,14.441,34,0,32,0,0,32,0,0,0,0,0,1,0,0,0
18:10:19.425,0,1.9,1,0,0,0,25,23,2,0,0,33,30,0,0,0,0,0,0,0,0,0,0,0,0,0,0,0,0,0,0,0,0,0,0,0,4.863,0.015,14.434,34,0,32,0,0,32,0,0,0,0,0,1,0,0,0
18:10:19.525,0,-2.8,1,0,0,0,25,23,2,0,0,33,30,0,0,0,0,0,0,0,0,0,0,0,0,0,0,0,0,0,0,0,0,0,0,0,4.863,0.015,14.441,34,0,32,0,0,32,0,0,0,0,0,1,0,0,0
18:10:19.625,0,-2.3,1,0,0,0,25,23,2,0,0,33,30,0,0,0,0,0,0,0,0,0,0,0,0,0,0,0,0,0,0,0,0,0,0,0,4.863,0.015,14.434,34,0,32,0,0,32,0,0,0,0,0,1,0,0,0
18:10:19.725,0,1.3,1,0,0,0,25,23,2,0,0,33,30,0,0,0,0,0,0,0,0,0,0,0,0,0,0,0,0,0,0,0,0,0,0,0,4.863,0.015,14.441,34,0,32,0,0,32,0,0,0,0,0,1,0,0,0
18:10:19.825,0,-1.1,1,0,0,0,25,23,2,0,0,33,30,0,0,0,0,0,0,0,0,0,0,0,0,0,0,0,0,0,0,0,0,0,0,0,4.863,0.015,14.434,34,0,32,0,0,32,0,0,0,0,0,1,0,0,0
18:10:19.925,0,0.5,1,0,0,0,25,23,2,0,0,32,30,0,0,0,0,0,0,0,0,0,0,0,0,0,0,0,0,0,0,0,0,0,0,0,4.863,0.015,14.441,34,0,32,0,0,32,0,0,0,0,0,1,0,0,0
18:10:20.025,0,-1.3,1,0,0,0,25,23,2,0,0,33,29,0,0,0,0,0,0,0,0,0,0,0,0,0,0,0,0,0,0,0,0,0,0,0,4.863,0.015,14.434,34,0,32,0,0,32,0,0,0,0,0,1,0,0,0
18:10:20.125,0,3.4,1,0,0,0,25,23,2,0,0,33,30,0,0,0,0,0,0,0,0,0,0,0,0,0,0,0,0,0,0,0,0,0,0,0,4.863,0.015,14.441,34,0,32,0,0,32,0,0,0,0,0,1,0,0,0
18:10:20.225,0,-3.2,1,0,0,0,25,23,2,0,0,33,30,0,0,0,0,0,0,0,0,0,0,0,0,0,0,0,0,0,0,0,0,0,0,0,4.863,0.015,14.441,34,0,32,0,0,32,0,0,0,0,0,1,0,0,0
18:10:20.325,0,-3.1,1,0,0,0,25,23,2,0,0,33,29,0,0,0,0,0,0,0,0,0,0,0,0,0,0,0,0,0,0,0,0,0,0,0,4.863,0.015,14.441,34,0,32,0,0,32,0,0,0,0,0,1,0,0,0
18:10:20.425,0,0,1,0,0,0,25,23,2,0,0,33,30,0,0,0,0,0,0,0,0,0,0,0,0,0,0,0,0,0,0,0,0,0,0,0,4.863,0.015,14.441,34,0,32,0,0,32,0,0,0,0,0,1,0,0,0
18:10:20.525,0,-0.9,1,0,0,0,25,23,2,0,0,33,30,0,0,0,0,0,0,0,0,0,0,0,0,0,0,0,0,0,0,0,0,0,0,0,4.863,0.015,14.441,34,0,32,0,0,32,0,0,0,0,0,1,0,0,0
18:10:20.625,0,-1,1,0,0,0,25,23,2,0,0,33,30,0,0,0,0,0,0,0,0,0,0,0,0,0,0,0,0,0,0,0,0,0,0,0,4.863,0.015,14.441,34,0,32,0,0,32,0,0,0,0,0,1,0,0,0
18:10:20.725,0,-3.3,1,0,0,0,25,23,2,0,0,33,30,0,0,0,0,0,0,0,0,0,0,0,0,0,0,0,0,0,0,0,0,0,0,0,4.863,0.015,14.434,34,0,32,0,0,32,0,0,0,0,0,1,0,0,0
18:10:20.825,0,-1.6,1,0,0,0,25,23,2,0,0,37,29,0,0,0,0,0,0,0,0,0,0,0,0,0,0,0,0,0,0,0,0,0,0,0,4.863,0.015,14.441,34,0,32,0,0,32,0,0,0,0,0,1,0,0,0
18:10:20.925,0,1.6,1,0,0,0,25,23,2,0,0,37,30,0,0,0,0,0,0,0,0,0,0,0,0,0,0,0,0,0,0,0,0,0,0,0,4.863,0.015,14.434,34,0,32,0,0,32,0,0,0,0,0,1,0,0,0
18:10:21.025,0,5.7,1,0,0,0,25,23,2,0,0,35,30,0,0,0,0,0,0,0,0,0,0,0,0,0,0,0,0,0,0,0,0,0,0,0,4.863,0.015,14.441,34,0,32,0,0,32,0,0,0,0,0,1,0,0,0
18:10:21.125,0,3.3,1,0,0,0,25,23,2,0,0,35,30,0,0,0,0,0,0,0,0,0,0,0,0,0,0,0,0,0,0,0,0,0,0,0,4.863,0.015,14.434,34,0,32,0,0,32,0,0,0,0,0,1,0,0,0
18:10:21.225,0,2.2,1,0,0,0,25,23,2,0,0,35,31,0,0,0,0,0,0,0,0,0,0,0,0,0,0,0,0,0,0,0,0,0,0,0,4.863,0.015,14.441,34,0,32,0,0,32,0,0,0,0,0,1,0,0,0
18:10:21.325,0,-1.6,1,0,0,0,25,23,2,0,0,34,30,0,0,0,0,0,0,0,0,0,0,0,0,0,0,0,0,0,0,0,0,0,0,0,4.863,0.015,14.434,34,0,32,0,0,32,0,0,0,0,0,1,0,0,0
18:10:21.425,0,1.2,1,0,0,0,25,23,2,0,0,34,31,0,0,0,0,0,0,0,0,0,0,0,0,0,0,0,0,0,0,0,0,0,0,0,4.863,0.015,14.441,34,0,32,0,0,32,0,0,0,0,0,1,0,0,0
18:10:21.525,0,3.2,1,0,0,0,25,23,2,0,0,34,30,0,0,0,0,0,0,0,0,0,0,0,0,0,0,0,0,0,0,0,0,0,0,0,4.863,0.015,14.434,34,0,32,0,0,32,0,0,0,0,0,1,0,0,0
18:10:21.625,0,4.5,1,0,0,0,25,23,2,0,0,34,30,0,0,0,0,0,0,0,0,0,0,0,0,0,0,0,0,0,0,0,0,0,0,0,4.863,0.015,14.441,34,0,32,0,0,32,0,0,0,0,0,1,0,0,0
18:10:21.725,0,2.7,1,0,0,0,25,23,2,0,0,34,30,0,0,0,0,0,0,0,0,0,0,0,0,0,0,0,0,0,0,0,0,0,0,0,4.863,0.015,14.434,34,0,32,0,0,32,0,0,0,0,0,1,0,0,0
18:10:21.825,0,-3.3,1,0,0,0,25,23,2,0,0,33,30,0,0,0,0,0,0,0,0,0,0,0,0,0,0,0,0,0,0,0,0,0,0,0,4.863,0.015,14.441,34,0,32,0,0,32,0,0,0,0,0,1,0,0,0
18:10:21.925,0,5.3,1,0,0,0,25,23,2,0,0,33,30,0,0,0,0,0,0,0,0,0,0,0,0,0,0,0,0,0,0,0,0,0,0,0,4.863,0.015,14.434,35,0,32,0,0,32,0,0,0,0,0,1,0,0,0
18:10:22.025,0,3,1,0,0,0,25,23,2,0,0,34,30,0,0,0,0,0,0,0,0,0,0,0,0,0,0,0,0,0,0,0,0,0,0,0,4.863,0.015,14.441,34,0,32,0,0,32,0,0,0,0,0,1,0,0,0
18:10:22.125,0,2.9,1,0,0,0,25,23,2,0,0,33,30,0,0,0,0,0,0,0,0,0,0,0,0,0,0,0,0,0,0,0,0,0,0,0,4.863,0.015,14.434,34,0,32,0,0,32,0,0,0,0,0,1,0,0,0
18:10:22.225,0,-1.7,1,0,0,0,25,23,2,0,0,33,30,0,0,0,0,0,0,0,0,0,0,0,0,0,0,0,0,0,0,0,0,0,0,0,4.863,0.015,14.441,34,0,32,0,0,32,0,0,0,0,0,1,0,0,0
18:10:22.325,0,-0.9,1,0,0,0,25,23,2,0,0,33,30,0,0,0,0,0,0,0,0,0,0,0,0,0,0,0,0,0,0,0,0,0,0,0,4.863,0.015,14.434,34,0,32,0,0,32,0,0,0,0,0,1,0,0,0
18:10:22.425,0,-4,1,0,0,0,25,23,2,0,0,33,30,0,0,0,0,0,0,0,0,0,0,0,0,0,0,0,0,0,0,0,0,0,0,0,4.863,0.015,14.441,34,0,32,0,0,32,0,0,0,0,0,1,0,0,0
18:10:22.525,0,-1.4,1,0,0,0,25,23,2,0,0,33,30,0,0,0,0,0,0,0,0,0,0,0,0,0,0,0,0,0,0,0,0,0,0,0,4.863,0.015,14.434,34,0,32,0,0,32,0,0,0,0,0,1,0,0,0
18:10:22.625,0,-1.3,1,0,0,0,25,23,2,0,0,33,30,0,0,0,0,0,0,0,0,0,0,0,0,0,0,0,0,0,0,0,0,0,0,0,4.863,0.015,14.441,34,0,32,0,0,32,0,0,0,0,0,1,0,0,0
18:10:22.725,0,2,1,0,0,0,25,23,2,0,0,33,30,0,0,0,0,0,0,0,0,0,0,0,0,0,0,0,0,0,0,0,0,0,0,0,4.863,0.015,14.441,34,0,32,0,0,32,0,0,0,0,0,1,0,0,0
18:10:22.825,0,-1.7,1,0,0,0,25,23,2,0,0,33,30,0,0,0,0,0,0,0,0,0,0,0,0,0,0,0,0,0,0,0,0,0,0,0,4.863,0.015,14.434,34,0,32,0,0,32,0,0,0,0,0,1,0,0,0
18:10:22.925,0,1.9,1,0,0,0,25,23,2,0,0,33,30,0,0,0,0,0,0,0,0,0,0,0,0,0,0,0,0,0,0,0,0,0,0,0,4.863,0.015,14.441,34,0,32,0,0,32,0,0,0,0,0,1,0,0,0
18:10:23.025,0,-2.6,1,0,0,0,25,23,2,0,0,33,30,0,0,0,0,0,0,0,0,0,0,0,0,0,0,0,0,0,0,0,0,0,0,0,4.863,0.015,14.434,34,0,32,0,0,32,0,0,0,0,0,1,0,0,0
18:10:23.125,0,0.5,1,0,0,0,25,23,2,0,0,33,30,0,0,0,0,0,0,0,0,0,0,0,0,0,0,0,0,0,0,0,0,0,0,0,4.863,0.015,14.441,34,0,32,0,0,32,0,0,0,0,0,1,0,0,0
18:10:23.225,0,-0.2,1,0,0,0,25,23,2,0,0,33,30,0,0,0,0,0,0,0,0,0,0,0,0,0,0,0,0,0,0,0,0,0,0,0,4.863,0.015,14.434,34,0,32,0,0,32,0,0,0,0,0,1,0,0,0
18:10:23.325,0,3.1,1,0,0,0,25,23,2,0,0,33,30,0,0,0,0,0,0,0,0,0,0,0,0,0,0,0,0,0,0,0,0,0,0,0,4.863,0.015,14.441,34,0,32,0,0,32,0,0,0,0,0,1,0,0,0
18:10:23.425,0,0.4,1,0,0,0,25,23,2,0,0,33,31,0,0,0,0,0,0,0,0,0,0,0,0,0,0,0,0,0,0,0,0,0,0,0,4.863,0.015,14.434,34,0,32,0,0,32,0,0,0,0,0,1,0,0,0
18:10:23.525,0,0.9,1,0,0,0,25,23,2,0,0,33,30,0,0,0,0,0,0,0,0,0,0,0,0,0,0,0,0,0,0,0,0,0,0,0,4.863,0.015,14.441,34,0,32,0,0,32,0,0,0,0,0,1,0,0,0
18:10:23.625,0,-3.1,1,0,0,0,25,23,2,0,0,33,30,0,0,0,0,0,0,0,0,0,0,0,0,0,0,0,0,0,0,0,0,0,0,0,4.863,0.015,14.434,34,0,32,0,0,32,0,0,0,0,0,1,0,0,0
18:10:23.725,0,-4.2,1,0,0,0,25,23,2,0,0,33,30,0,0,0,0,0,0,0,0,0,0,0,0,0,0,0,0,0,0,0,0,0,0,0,4.863,0.015,14.441,34,0,32,0,0,32,0,0,0,0,0,1,0,0,0
18:10:23.825,0,0.9,1,0,0,0,25,23,2,0,0,33,30,0,0,0,0,0,0,0,0,0,0,0,0,0,0,0,0,0,0,0,0,0,0,0,4.863,0.015,14.434,34,0,32,0,0,32,0,0,0,0,0,1,0,0,0
18:10:23.925,0,4.5,1,0,0,0,25,23,2,0,0,33,31,0,0,0,0,0,0,0,0,0,0,0,0,0,0,0,0,0,0,0,0,0,0,0,4.863,0.015,14.441,34,0,32,0,0,32,0,0,0,0,0,1,0,0,0
18:10:24.025,0,3.1,1,0,0,0,25,23,2,0,0,33,30,0,0,0,0,0,0,0,0,0,0,0,0,0,0,0,0,0,0,0,0,0,0,0,4.863,0.015,14.434,34,0,32,0,0,32,0,0,0,0,0,1,0,0,0
18:10:24.125,0,-3.4,1,0,0,0,25,23,2,0,0,33,30,0,0,0,0,0,0,0,0,0,0,0,0,0,0,0,0,0,0,0,0,0,0,0,4.863,0.015,14.441,34,0,32,0,0,32,0,0,0,0,0,1,0,0,0
18:10:24.225,0,-1.7,1,0,0,0,25,23,2,0,0,33,29,0,0,0,0,0,0,0,0,0,0,0,0,0,0,0,0,0,0,0,0,0,0,0,4.863,0.015,14.434,34,0,32,0,0,32,0,0,0,0,0,1,0,0,0
18:10:24.325,0,-4.5,1,0,0,0,25,23,2,0,0,33,30,0,0,0,0,0,0,0,0,0,0,0,0,0,0,0,0,0,0,0,0,0,0,0,4.863,0.015,14.441,34,0,32,0,0,32,0,0,0,0,0,1,0,0,0
18:10:24.425,0,3.9,1,0,0,0,25,23,2,0,0,33,30,0,0,0,0,0,0,0,0,0,0,0,0,0,0,0,0,0,0,0,0,0,0,0,4.863,0.015,14.434,34,0,32,0,0,32,0,0,0,0,0,1,0,0,0
18:10:24.525,0,5.6,1,0,0,0,25,23,2,0,0,33,30,0,0,0,0,0,0,0,0,0,0,0,0,0,0,0,0,0,0,0,0,0,0,0,4.863,0.015,14.441,34,0,32,0,0,32,0,0,0,0,0,1,0,0,0
18:10:24.625,0,-5.6,1,0,0,0,25,23,2,0,0,35,30,0,0,0,0,0,0,0,0,0,0,0,0,0,0,0,0,0,0,0,0,0,0,0,4.863,0.015,14.441,34,0,32,0,0,32,0,0,0,0,0,1,0,0,0
18:10:24.725,0,-3.5,1,0,0,0,25,23,2,0,0,35,30,0,0,0,0,0,0,0,0,0,0,0,0,0,0,0,0,0,0,0,0,0,0,0,4.863,0.015,14.441,34,0,32,0,0,32,0,0,0,0,0,1,0,0,0
18:10:24.825,0,-2.6,1,0,0,0,25,23,2,0,0,35,29,0,0,0,0,0,0,0,0,0,0,0,0,0,0,0,0,0,0,0,0,0,0,0,4.863,0.015,14.441,34,0,32,0,0,32,0,0,0,0,0,1,0,0,0
18:10:24.925,0,-5,1,0,0,0,25,23,2,0,0,35,31,0,0,0,0,0,0,0,0,0,0,0,0,0,0,0,0,0,0,0,0,0,0,0,4.863,0.015,14.441,34,0,32,0,0,32,0,0,0,0,0,1,0,0,0
18:10:25.025,0,1.7,1,0,0,0,25,23,2,0,0,34,31,0,0,0,0,0,0,0,0,0,0,0,0,0,0,0,0,0,0,0,0,0,0,0,4.863,0.015,14.434,34,0,32,0,0,32,0,0,0,0,0,1,0,0,0
18:10:25.125,0,3.5,1,0,0,0,25,23,2,0,0,34,31,0,0,0,0,0,0,0,0,0,0,0,0,0,0,0,0,0,0,0,0,0,0,0,4.863,0.015,14.441,34,0,32,0,0,32,0,0,0,0,0,1,0,0,0
18:10:25.225,0,1.4,1,0,0,0,25,23,2,0,0,34,30,0,0,0,0,0,0,0,0,0,0,0,0,0,0,0,0,0,0,0,0,0,0,0,4.863,0.015,14.441,34,0,32,0,0,32,0,0,0,0,0,1,0,0,0
18:10:25.325,0,2.4,1,0,0,0,25,23,2,0,0,34,30,0,0,0,0,0,0,0,0,0,0,0,0,0,0,0,0,0,0,0,0,0,0,0,4.863,0.015,14.441,34,0,32,0,0,32,0,0,0,0,0,1,0,0,0
18:10:25.425,0,-2.7,1,0,0,0,25,23,2,0,0,34,30,0,0,0,0,0,0,0,0,0,0,0,0,0,0,0,0,0,0,0,0,0,0,0,4.863,0.015,14.441,34,0,32,0,0,32,0,0,0,0,0,1,0,0,0
18:10:25.525,0,2.5,1,0,0,0,25,23,2,0,0,34,30,0,0,0,0,0,0,0,0,0,0,0,0,0,0,0,0,0,0,0,0,0,0,0,4.863,0.015,14.441,34,0,32,0,0,32,0,0,0,0,0,1,0,0,0
18:10:25.625,0,1.1,1,0,0,0,25,23,2,0,0,33,30,0,0,0,0,0,0,0,0,0,0,0,0,0,0,0,0,0,0,0,0,0,0,0,4.863,0.015,14.441,34,0,32,0,0,32,0,0,0,0,0,1,0,0,0
18:10:25.725,0,2.3,1,0,0,0,25,23,2,0,0,33,30,0,0,0,0,0,0,0,0,0,0,0,0,0,0,0,0,0,0,0,0,0,0,0,4.863,0.015,14.434,34,0,32,0,0,32,0,0,0,0,0,1,0,0,0
18:10:25.825,0,4.2,1,0,0,0,25,23,2,0,0,33,30,0,0,0,0,0,0,0,0,0,0,0,0,0,0,0,0,0,0,0,0,0,0,0,4.863,0.015,14.441,34,0,32,0,0,32,0,0,0,0,0,1,0,0,0
18:10:25.925,0,-1.3,1,0,0,0,25,23,2,0,0,33,30,0,0,0,0,0,0,0,0,0,0,0,0,0,0,0,0,0,0,0,0,0,0,0,4.863,0.015,14.434,34,0,32,0,0,32,0,0,0,0,0,1,0,0,0
18:10:26.025,0,4.6,1,0,0,0,25,23.1,2,0,0,33,30,0,0,0,0,0,0,0,0,0,0,0,0,0,0,0,0,0,0,0,0,0,0,0,4.863,0.015,14.441,34,0,32,0,0,32,0,0,0,0,0,1,0,0,0
18:10:26.125,0,-1.9,1,0,0,0,25,23,2,0,0,33,30,0,0,0,0,0,0,0,0,0,0,0,0,0,0,0,0,0,0,0,0,0,0,0,4.863,0.015,14.441,34,0,32,0,0,32,0,0,0,0,0,1,0,0,0
18:10:26.225,0,2,1,0,0,0,25,23,2,0,0,33,30,0,0,0,0,0,0,0,0,0,0,0,0,0,0,0,0,0,0,0,0,0,0,0,4.863,0.015,14.441,34,0,32,0,0,32,0,0,0,0,0,1,0,0,0
18:10:26.325,0,4.1,1,0,0,0,25,23,2,0,0,33,31,0,0,0,0,0,0,0,0,0,0,0,0,0,0,0,0,0,0,0,0,0,0,0,4.863,0.015,14.434,34,0,32,0,0,32,0,0,0,0,0,1,0,0,0
18:10:26.425,0,2.3,1,0,0,0,25,23,2,0,0,33,30,0,0,0,0,0,0,0,0,0,0,0,0,0,0,0,0,0,0,0,0,0,0,0,4.863,0.015,14.441,34,0,32,0,0,32,0,0,0,0,0,1,0,0,0
18:10:26.525,0,-4.6,1,0,0,0,25,23,2,0,0,33,30,0,0,0,0,0,0,0,0,0,0,0,0,0,0,0,0,0,0,0,0,0,0,0,4.863,0.015,14.434,34,0,32,0,0,32,0,0,0,0,0,1,0,0,0
18:10:26.625,0,3.9,1,0,0,0,25,23,2,0,0,33,30,0,0,0,0,0,0,0,0,0,0,0,0,0,0,0,0,0,0,0,0,0,0,0,4.863,0.015,14.441,34,0,32,0,0,32,0,0,0,0,0,1,0,0,0
18:10:26.725,0,-5.6,1,0,0,0,25,23,2,0,0,33,30,0,0,0,0,0,0,0,0,0,0,0,0,0,0,0,0,0,0,0,0,0,0,0,4.863,0.015,14.441,34,0,32,0,0,32,0,0,0,0,0,1,0,0,0
18:10:26.825,0,1.3,1,0,0,0,25,23,2,0,0,33,30,0,0,0,0,0,0,0,0,0,0,0,0,0,0,0,0,0,0,0,0,0,0,0,4.863,0.015,14.441,34,0,32,0,0,32,0,0,0,0,0,1,0,0,0
18:10:26.925,0,1.8,1,0,0,0,25,23,2,0,0,33,30,0,0,0,0,0,0,0,0,0,0,0,0,0,0,0,0,0,0,0,0,0,0,0,4.863,0.015,14.434,34,0,32,0,0,32,0,0,0,0,0,1,0,0,0
18:10:27.025,0,2.1,1,0,0,0,25,23,2,0,0,33,29,0,0,0,0,0,0,0,0,0,0,0,0,0,0,0,0,0,0,0,0,0,0,0,4.863,0.015,14.441,34,0,32,0,0,32,0,0,0,0,0,1,0,0,0
18:10:27.125,0,-0.4,1,0,0,0,25,23,2,0,0,33,30,0,0,0,0,0,0,0,0,0,0,0,0,0,0,0,0,0,0,0,0,0,0,0,4.863,0.015,14.434,34,0,32,0,0,32,0,0,0,0,0,1,0,0,0
18:10:27.225,0,3,1,0,0,0,25,23,2,0,0,33,30,0,0,0,0,0,0,0,0,0,0,0,0,0,0,0,0,0,0,0,0,0,0,0,4.863,0.015,14.441,34,0,32,0,0,32,0,0,0,0,0,1,0,0,0
18:10:27.325,0,2.3,1,0,0,0,25,23,2,0,0,33,30,0,0,0,0,0,0,0,0,0,0,0,0,0,0,0,0,0,0,0,0,0,0,0,4.863,0.015,14.441,34,0,32,0,0,32,0,0,0,0,0,1,0,0,0
18:10:27.425,0,4.4,1,0,0,0,25,23,2,0,0,33,30,0,0,0,0,0,0,0,0,0,0,0,0,0,0,0,0,0,0,0,0,0,0,0,4.863,0.015,14.441,34,0,32,0,0,32,0,0,0,0,0,1,0,0,0
18:10:27.525,0,-2.9,1,0,0,0,25,23,2,0,0,33,30,0,0,0,0,0,0,0,0,0,0,0,0,0,0,0,0,0,0,0,0,0,0,0,4.863,0.015,14.434,34,0,32,0,0,32,0,0,0,0,0,1,0,0,0
18:10:27.625,0,-1.6,1,0,0,0,25,23,2,0,0,34,30,0,0,0,0,0,0,0,0,0,0,0,0,0,0,0,0,0,0,0,0,0,0,0,4.863,0.015,14.441,34,0,32,0,0,32,0,0,0,0,0,1,0,0,0
18:10:27.725,0,-1.6,1,0,0,0,25,23,2,0,0,33,30,0,0,0,0,0,0,0,0,0,0,0,0,0,0,0,0,0,0,0,0,0,0,0,4.863,0.015,14.441,34,0,32,0,0,32,0,0,0,0,0,1,0,0,0
18:10:27.825,0,-0.9,1,0,0,0,25,23,2,0,0,33,30,0,0,0,0,0,0,0,0,0,0,0,0,0,0,0,0,0,0,0,0,0,0,0,4.863,0.015,14.434,34,0,32,0,0,32,0,0,0,0,0,1,0,0,0
18:10:27.925,0,-1,1,0,0,0,25,23,2,0,0,33,29,0,0,0,0,0,0,0,0,0,0,0,0,0,0,0,0,0,0,0,0,0,0,0,4.863,0.015,14.441,34,0,32,0,0,32,0,0,0,0,0,1,0,0,0
18:10:28.025,0,2.9,1,0,0,0,25,23,2,0,0,33,30,0,0,0,0,0,0,0,0,0,0,0,0,0,0,0,0,0,0,0,0,0,0,0,4.863,0.015,14.434,34,0,32,0,0,32,0,0,0,0,0,1,0,0,0
18:10:28.125,0,-3.8,1,0,0,0,25,23,2,0,0,33,30,0,0,0,0,0,0,0,0,0,0,0,0,0,0,0,0,0,0,0,0,0,0,0,4.863,0.015,14.441,34,0,32,0,0,32,0,0,0,0,0,1,0,0,0
18:10:28.225,0,5,1,0,0,0,25,23,2,0,0,33,30,0,0,0,0,0,0,0,0,0,0,0,0,0,0,0,0,0,0,0,0,0,0,0,4.863,0.015,14.434,34,0,32,0,0,32,0,0,0,0,0,1,0,0,0
18:10:28.325,0,0.7,1,0,0,0,25,23,2,0,0,37,30,0,0,0,0,0,0,0,0,0,0,0,0,0,0,0,0,0,0,0,0,0,0,0,4.863,0.015,14.441,34,0,32,0,0,32,0,0,0,0,0,1,0,0,0
18:10:28.425,0,-1.4,1,0,0,0,25,23,2,0,0,35,30,0,0,0,0,0,0,0,0,0,0,0,0,0,0,0,0,0,0,0,0,0,0,0,4.863,0.015,14.434,34,0,32,0,0,32,0,0,0,0,0,1,0,0,0
18:10:28.525,0,-0.6,1,0,0,0,25,23,2,0,0,35,30,0,0,0,0,0,0,0,0,0,0,0,0,0,0,0,0,0,0,0,0,0,0,0,4.863,0.015,14.441,34,0,32,0,0,32,0,0,0,0,0,1,0,0,0
18:10:28.625,0,2.5,1,0,0,0,25,23,2,0,0,35,31,0,0,0,0,0,0,0,0,0,0,0,0,0,0,0,0,0,0,0,0,0,0,0,4.863,0.015,14.434,34,0,32,0,0,32,0,0,0,0,0,1,0,0,0
18:10:28.725,0,0.9,1,0,0,0,25,23,2,0,0,35,31,0,0,0,0,0,0,0,0,0,0,0,0,0,0,0,0,0,0,0,0,0,0,0,4.863,0.015,14.441,34,0,32,0,0,32,0,0,0,0,0,1,0,0,0
18:10:28.825,0,2.3,1,0,0,0,25,23,2,0,0,34,31,0,0,0,0,0,0,0,0,0,0,0,0,0,0,0,0,0,0,0,0,0,0,0,4.863,0.015,14.434,34,0,32,0,0,32,0,0,0,0,0,1,0,0,0
18:10:28.925,0,-2.9,1,0,0,0,25,23,2,0,0,34,30,0,0,0,0,0,0,0,0,0,0,0,0,0,0,0,0,0,0,0,0,0,0,0,4.863,0.015,14.441,34,0,32,0,0,32,0,0,0,0,0,1,0,0,0
18:10:29.025,0,2.5,1,0,0,0,25,23,2,0,0,34,30,0,0,0,0,0,0,0,0,0,0,0,0,0,0,0,0,0,0,0,0,0,0,0,4.863,0.015,14.434,34,0,32,0,0,32,0,0,0,0,0,1,0,0,0
18:10:29.125,0,-1.7,1,0,0,0,25,23,2,0,0,34,30,0,0,0,0,0,0,0,0,0,0,0,0,0,0,0,0,0,0,0,0,0,0,0,4.863,0.015,14.441,34,0,32,0,0,32,0,0,0,0,0,1,0,0,0
18:10:29.225,0,0.2,1,0,0,0,25,23,2,0,0,34,30,0,0,0,0,0,0,0,0,0,0,0,0,0,0,0,0,0,0,0,0,0,0,0,4.863,0.015,14.434,34,0,32,0,0,32,0,0,0,0,0,1,0,0,0
18:10:29.325,0,3,1,0,0,0,25,23,2,0,0,34,30,0,0,0,0,0,0,0,0,0,0,0,0,0,0,0,0,0,0,0,0,0,0,0,4.863,0.015,14.441,35,0,32,0,0,32,0,0,0,0,0,1,0,0,0
18:10:29.425,0,-1.7,1,0,0,0,25,23,2,0,0,34,30,0,0,0,0,0,0,0,0,0,0,0,0,0,0,0,0,0,0,0,0,0,0,0,4.863,0.015,14.434,34,0,32,0,0,32,0,0,0,0,0,1,0,0,0
18:10:29.525,0,5.1,1,0,0,0,25,23,2,0,0,33,30,0,0,0,0,0,0,0,0,0,0,0,0,0,0,0,0,0,0,0,0,0,0,0,4.863,0.015,14.441,34,0,32,0,0,32,0,0,0,0,0,1,0,0,0
18:10:29.625,0,2.5,1,0,0,0,25,23,2,0,0,33,30,0,0,0,0,0,0,0,0,0,0,0,0,0,0,0,0,0,0,0,0,0,0,0,4.863,0.015,14.434,34,0,32,0,0,32,0,0,0,0,0,1,0,0,0
18:10:29.725,0,1.8,1,0,0,0,25,23,2,0,0,33,30,0,0,0,0,0,0,0,0,0,0,0,0,0,0,0,0,0,0,0,0,0,0,0,4.863,0.015,14.441,34,0,32,0,0,32,0,0,0,0,0,1,0,0,0
18:10:29.825,0,1.8,1,0,0,0,25,23,2,0,0,33,30,0,0,0,0,0,0,0,0,0,0,0,0,0,0,0,0,0,0,0,0,0,0,0,4.863,0.015,14.434,35,0,32,0,0,32,0,0,0,0,0,1,0,0,0
18:10:29.925,0,-0.8,1,0,0,0,25,23,2,0,0,33,30,0,0,0,0,0,0,0,0,0,0,0,0,0,0,0,0,0,0,0,0,0,0,0,4.863,0.015,14.441,34,0,32,0,0,32,0,0,0,0,0,1,0,0,0
18:10:30.025,0,2.2,1,0,0,0,25,23,2,0,0,33,30,0,0,0,0,0,0,0,0,0,0,0,0,0,0,0,0,0,0,0,0,0,0,0,4.863,0.015,14.441,34,0,32,0,0,32,0,0,0,0,0,1,0,0,0
18:10:30.125,0,-2,1,0,0,0,25,23,2,0,0,33,30,0,0,0,0,0,0,0,0,0,0,0,0,0,0,0,0,0,0,0,0,0,0,0,4.863,0.015,14.434,34,0,32,0,0,32,0,0,0,0,0,1,0,0,0
18:10:30.225,0,5.4,1,0,0,0,25,23,2,0,0,33,30,0,0,0,0,0,0,0,0,0,0,0,0,0,0,0,0,0,0,0,0,0,0,0,4.863,0.015,14.441,34,0,32,0,0,32,0,0,0,0,0,1,0,0,0
18:10:30.325,0,3.1,1,0,0,0,25,23,2,0,0,33,30,0,0,0,0,0,0,0,0,0,0,0,0,0,0,0,0,0,0,0,0,0,0,0,4.863,0.015,14.434,34,0,32,0,0,32,0,0,0,0,0,1,0,0,0
18:10:30.425,0,2.1,1,0,0,0,25,23,2,0,0,33,30,0,0,0,0,0,0,0,0,0,0,0,0,0,0,0,0,0,0,0,0,0,0,0,4.863,0.015,14.441,34,0,32,0,0,32,0,0,0,0,0,1,0,0,0
18:10:30.525,0,2.5,1,0,0,0,25,23,2,0,0,33,30,0,0,0,0,0,0,0,0,0,0,0,0,0,0,0,0,0,0,0,0,0,0,0,4.863,0.015,14.434,34,0,32,0,0,32,0,0,0,0,0,1,0,0,0
18:10:30.625,0,-4.1,1,0,0,0,25,23,2,0,0,33,30,0,0,0,0,0,0,0,0,0,0,0,0,0,0,0,0,0,0,0,0,0,0,0,4.863,0.015,14.441,34,0,32,0,0,32,0,0,0,0,0,1,0,0,0
18:10:30.725,0,1.4,1,0,0,0,25,23,2,0,0,33,30,0,0,0,0,0,0,0,0,0,0,0,0,0,0,0,0,0,0,0,0,0,0,0,4.863,0.015,14.434,34,0,32,0,0,32,0,0,0,0,0,1,0,0,0
18:10:30.825,0,-3.8,1,0,0,0,25,23,2,0,0,33,30,0,0,0,0,0,0,0,0,0,0,0,0,0,0,0,0,0,0,0,0,0,0,0,4.863,0.015,14.441,34,0,32,0,0,32,0,0,0,0,0,1,0,0,0
18:10:30.925,0,5.3,1,0,0,0,25,23,2,0,0,33,30,0,0,0,0,0,0,0,0,0,0,0,0,0,0,0,0,0,0,0,0,0,0,0,4.863,0.015,14.441,34,0,32,0,0,32,0,0,0,0,0,1,0,0,0
18:10:31.025,0,5.1,1,0,0,0,25,23,2,0,0,33,30,0,0,0,0,0,0,0,0,0,0,0,0,0,0,0,0,0,0,0,0,0,0,0,4.863,0.015,14.441,34,0,32,0,0,32,0,0,0,0,0,1,0,0,0
18:10:31.125,0,-0.5,1,0,0,0,25,23,2,0,0,33,30,0,0,0,0,0,0,0,0,0,0,0,0,0,0,0,0,0,0,0,0,0,0,0,4.863,0.015,14.434,34,0,32,0,0,32,0,0,0,0,0,1,0,0,0
18:10:31.225,0,-2.9,1,0,0,0,25,23,2,0,0,33,30,0,0,0,0,0,0,0,0,0,0,0,0,0,0,0,0,0,0,0,0,0,0,0,4.863,0.015,14.441,34,0,32,0,0,32,0,0,0,0,0,1,0,0,0
18:10:31.325,0,1.7,1,0,0,0,25,23,2,0,0,33,30,0,0,0,0,0,0,0,0,0,0,0,0,0,0,0,0,0,0,0,0,0,0,0,4.863,0.015,14.434,34,0,32,0,0,32,0,0,0,0,0,1,0,0,0
18:10:31.425,0,4.5,1,0,0,0,25,23,2,0,0,33,30,0,0,0,0,0,0,0,0,0,0,0,0,0,0,0,0,0,0,0,0,0,0,0,4.863,0.015,14.441,34,0,32,0,0,32,0,0,0,0,0,1,0,0,0
18:10:31.525,0,-2.4,1,0,0,0,25,23,2,0,0,33,30,0,0,0,0,0,0,0,0,0,0,0,0,0,0,0,0,0,0,0,0,0,0,0,4.863,0.015,14.434,34,0,32,0,0,32,0,0,0,0,0,1,0,0,0
18:10:31.625,0,-3.4,1,0,0,0,25,23,2,0,0,33,29,0,0,0,0,0,0,0,0,0,0,0,0,0,0,0,0,0,0,0,0,0,0,0,4.863,0.015,14.441,35,0,32,0,0,32,0,0,0,0,0,1,0,0,0
18:10:31.725,0,4.5,1,0,0,0,25,23,2,0,0,33,30,0,0,0,0,0,0,0,0,0,0,0,0,0,0,0,0,0,0,0,0,0,0,0,4.863,0.015,14.434,34,0,32,0,0,32,0,0,0,0,0,1,0,0,0
18:10:31.825,0,3.5,1,0,0,0,25,23,2,0,0,33,30,0,0,0,0,0,0,0,0,0,0,0,0,0,0,0,0,0,0,0,0,0,0,0,4.863,0.015,14.441,34,0,32,0,0,32,0,0,0,0,0,1,0,0,0
18:10:31.925,0,3.6,1,0,0,0,25,23,2,0,0,33,30,0,0,0,0,0,0,0,0,0,0,0,0,0,0,0,0,0,0,0,0,0,0,0,4.863,0.015,14.434,34,0,32,0,0,32,0,0,0,0,0,1,0,0,0
18:10:32.025,0,-0.6,1,0,0,0,25,23,2,0,0,33,29,0,0,0,0,0,0,0,0,0,0,0,0,0,0,0,0,0,0,0,0,0,0,0,4.863,0.015,14.441,35,0,32,0,0,32,0,0,0,0,0,1,0,0,0
18:10:32.125,0,3.6,1,0,0,0,25,23,2,0,0,35,30,0,0,0,0,0,0,0,0,0,0,0,0,0,0,0,0,0,0,0,0,0,0,0,4.863,0.015,14.434,34,0,32,0,0,32,0,0,0,0,0,1,0,0,0
18:10:32.225,0,1.8,1,0,0,0,25,23,2,0,0,35,30,0,0,0,0,0,0,0,0,0,0,0,0,0,0,0,0,0,0,0,0,0,0,0,4.863,0.015,14.441,34,0,32,0,0,32,0,0,0,0,0,1,0,0,0
18:10:32.325,0,2.1,1,0,0,0,25,23,2,0,0,35,30,0,0,0,0,0,0,0,0,0,0,0,0,0,0,0,0,0,0,0,0,0,0,0,4.863,0.015,14.434,34,0,32,0,0,32,0,0,0,0,0,1,0,0,0
18:10:32.425,0,1.6,1,0,0,0,25,23,2,0,0,35,31,0,0,0,0,0,0,0,0,0,0,0,0,0,0,0,0,0,0,0,0,0,0,0,4.863,0.015,14.434,34,0,32,0,0,32,0,0,0,0,0,1,0,0,0
18:10:32.525,0,5.8,1,0,0,0,25,23,2,0,0,35,31,0,0,0,0,0,0,0,0,0,0,0,0,0,0,0,0,0,0,0,0,0,0,0,4.863,0.015,14.441,34,0,32,0,0,32,0,0,0,0,0,1,0,0,0
18:10:32.625,0,1.3,1,0,0,0,25,23,2,0,0,34,30,0,0,0,0,0,0,0,0,0,0,0,0,0,0,0,0,0,0,0,0,0,0,0,4.863,0.015,14.434,34,0,32,0,0,32,0,0,0,0,0,1,0,0,0
18:10:32.725,0,-4,1,0,0,0,25,23,2,0,0,34,30,0,0,0,0,0,0,0,0,0,0,0,0,0,0,0,0,0,0,0,0,0,0,0,4.863,0.015,14.441,34,0,32,0,0,32,0,0,0,0,0,1,0,0,0
18:10:32.825,0,-1.5,1,0,0,0,25,23,2,0,0,34,30,0,0,0,0,0,0,0,0,0,0,0,0,0,0,0,0,0,0,0,0,0,0,0,4.863,0.015,14.434,34,0,32,0,0,32,0,0,0,0,0,1,0,0,0
18:10:32.925,0,-3.1,1,0,0,0,25,23,2,0,0,34,30,0,0,0,0,0,0,0,0,0,0,0,0,0,0,0,0,0,0,0,0,0,0,0,4.863,0.015,14.441,35,0,32,0,0,32,0,0,0,0,0,1,0,0,0
18:10:33.025,0,-0.3,1,0,0,0,25,23,2,0,0,33,30,0,0,0,0,0,0,0,0,0,0,0,0,0,0,0,0,0,0,0,0,0,0,0,4.863,0.015,14.434,34,0,32,0,0,32,0,0,0,0,0,1,0,0,0
18:10:33.125,0,1.1,1,0,0,0,25,23,2,0,0,33,30,0,0,0,0,0,0,0,0,0,0,0,0,0,0,0,0,0,0,0,0,0,0,0,4.863,0.015,14.441,34,0,32,0,0,32,0,0,0,0,0,1,0,0,0
18:10:33.225,0,-1.9,1,0,0,0,25,23,2,0,0,33,30,0,0,0,0,0,0,0,0,0,0,0,0,0,0,0,0,0,0,0,0,0,0,0,4.863,0.015,14.434,34,0,32,0,0,32,0,0,0,0,0,1,0,0,0
18:10:33.325,0,3.2,1,0,0,0,25,23,2,0,0,34,30,0,0,0,0,0,0,0,0,0,0,0,0,0,0,0,0,0,0,0,0,0,0,0,4.863,0.015,14.441,35,0,32,0,0,32,0,0,0,0,0,1,0,0,0
18:10:33.425,0,3.5,1,0,0,0,25,23,2,0,0,34,30,0,0,0,0,0,0,0,0,0,0,0,0,0,0,0,0,0,0,0,0,0,0,0,4.863,0.015,14.434,35,0,32,0,0,32,0,0,0,0,0,1,0,0,0
18:10:33.525,0,4.1,1,0,0,0,25,23,2,0,0,33,30,0,0,0,0,0,0,0,0,0,0,0,0,0,0,0,0,0,0,0,0,0,0,0,4.863,0.015,14.441,34,0,32,0,0,32,0,0,0,0,0,1,0,0,0
18:10:33.625,0,1.5,1,0,0,0,25,23,2,0,0,33,30,0,0,0,0,0,0,0,0,0,0,0,0,0,0,0,0,0,0,0,0,0,0,0,4.863,0.015,14.434,34,0,32,0,0,32,0,0,0,0,0,1,0,0,0
18:10:33.725,0,-2.3,1,0,0,0,25,23,2,0,0,33,30,0,0,0,0,0,0,0,0,0,0,0,0,0,0,0,0,0,0,0,0,0,0,0,4.863,0.015,14.441,34,0,32,0,0,32,0,0,0,0,0,1,0,0,0
18:10:33.825,0,1.9,1,0,0,0,25,23,2,0,0,34,30,0,0,0,0,0,0,0,0,0,0,0,0,0,0,0,0,0,0,0,0,0,0,0,4.863,0.015,14.434,34,0,32,0,0,32,0,0,0,0,0,1,0,0,0
18:10:33.925,0,1.3,1,0,0,0,25,23,2,0,0,33,30,0,0,0,0,0,0,0,0,0,0,0,0,0,0,0,0,0,0,0,0,0,0,0,4.863,0.015,14.441,34,0,32,0,0,32,0,0,0,0,0,1,0,0,0
18:10:34.025,0,4.8,1,0,0,0,25,23,2,0,0,33,30,0,0,0,0,0,0,0,0,0,0,0,0,0,0,0,0,0,0,0,0,0,0,0,4.863,0.015,14.434,34,0,32,0,0,32,0,0,0,0,0,1,0,0,0
18:10:34.125,0,1.3,1,0,0,0,25,23,2,0,0,33,29,0,0,0,0,0,0,0,0,0,0,0,0,0,0,0,0,0,0,0,0,0,0,0,4.863,0.015,14.434,34,0,32,0,0,32,0,0,0,0,0,1,0,0,0
18:10:34.225,0,-3.8,1,0,0,0,25,23,2,0,0,33,30,0,0,0,0,0,0,0,0,0,0,0,0,0,0,0,0,0,0,0,0,0,0,0,4.863,0.015,14.434,34,0,32,0,0,32,0,0,0,0,0,1,0,0,0
18:10:34.325,0,-2.1,1,0,0,0,25,23,2,0,0,33,30,0,0,0,0,0,0,0,0,0,0,0,0,0,0,0,0,0,0,0,0,0,0,0,4.863,0.015,14.441,34,0,32,0,0,32,0,0,0,0,0,1,0,0,0
18:10:34.425,0,-4,1,0,0,0,25,23.1,2,0,0,33,30,0,0,0,0,0,0,0,0,0,0,0,0,0,0,0,0,0,0,0,0,0,0,0,4.863,0.015,14.434,34,0,32,0,0,32,0,0,0,0,0,1,0,0,0
18:10:34.525,0,4.6,1,0,0,0,25,23,2,0,0,33,30,0,0,0,0,0,0,0,0,0,0,0,0,0,0,0,0,0,0,0,0,0,0,0,4.863,0.015,14.441,34,0,32,0,0,32,0,0,0,0,0,1,0,0,0
18:10:34.625,0,-1,1,0,0,0,25,23,2,0,0,33,30,0,0,0,0,0,0,0,0,0,0,0,0,0,0,0,0,0,0,0,0,0,0,0,4.863,0.015,14.434,34,0,32,0,0,32,0,0,0,0,0,1,0,0,0
18:10:34.725,0,2.6,1,0,0,0,25,23,2,0,0,33,30,0,0,0,0,0,0,0,0,0,0,0,0,0,0,0,0,0,0,0,0,0,0,0,4.863,0.015,14.441,34,0,32,0,0,32,0,0,0,0,0,1,0,0,0
18:10:34.825,0,2.2,1,0,0,0,25,23,2,0,0,33,30,0,0,0,0,0,0,0,0,0,0,0,0,0,0,0,0,0,0,0,0,0,0,0,4.863,0.015,14.441,34,0,32,0,0,32,0,0,0,0,0,1,0,0,0
18:10:34.925,0,7.3,1,0,0,0,25,23,2,0,0,33,30,0,0,0,0,0,0,0,0,0,0,0,0,0,0,0,0,0,0,0,0,0,0,0,4.863,0.015,14.434,34,0,32,0,0,32,0,0,0,0,0,1,0,0,0
18:10:35.025,0,-7.6,1,0,0,0,25,23,2,0,0,33,30,0,0,0,0,0,0,0,0,0,0,0,0,0,0,0,0,0,0,0,0,0,0,0,4.863,0.015,14.441,34,0,32,0,0,32,0,0,0,0,0,1,0,0,0
18:10:35.125,0,-4.9,1,0,0,0,25,23,2,0,0,33,30,0,0,0,0,0,0,0,0,0,0,0,0,0,0,0,0,0,0,0,0,0,0,0,4.863,0.015,14.434,35,0,32,0,0,32,0,0,0,0,0,1,0,0,0
18:10:35.225,0,0.6,1,0,0,0,25,23,2,0,0,33,30,0,0,0,0,0,0,0,0,0,0,0,0,0,0,0,0,0,0,0,0,0,0,0,4.863,0.015,14.441,34,0,32,0,0,32,0,0,0,0,0,1,0,0,0
18:10:35.325,0,5.9,1,0,0,0,25,23,2,0,0,33,30,0,0,0,0,0,0,0,0,0,0,0,0,0,0,0,0,0,0,0,0,0,0,0,4.863,0.015,14.434,34,0,32,0,0,32,0,0,0,0,0,1,0,0,0
18:10:35.425,0,2.5,1,0,0,0,25,23,2,0,0,33,29,0,0,0,0,0,0,0,0,0,0,0,0,0,0,0,0,0,0,0,0,0,0,0,4.863,0.015,14.441,34,0,32,0,0,32,0,0,0,0,0,1,0,0,0
18:10:35.525,0,-1.2,1,0,0,0,25,23,2,0,0,33,30,0,0,0,0,0,0,0,0,0,0,0,0,0,0,0,0,0,0,0,0,0,0,0,4.863,0.015,14.434,34,0,32,0,0,32,0,0,0,0,0,1,0,0,0
18:10:35.625,0,-2.9,1,0,0,0,25,23,2,0,0,33,30,0,0,0,0,0,0,0,0,0,0,0,0,0,0,0,0,0,0,0,0,0,0,0,4.863,0.015,14.441,35,0,32,0,0,32,0,0,0,0,0,1,0,0,0
18:10:35.725,0,0.9,1,0,0,0,25,23,2,0,0,33,30,0,0,0,0,0,0,0,0,0,0,0,0,0,0,0,0,0,0,0,0,0,0,0,4.863,0.015,14.434,34,0,32,0,0,32,0,0,0,0,0,1,0,0,0
18:10:35.825,0,0.4,1,0,0,0,25,23,2,0,0,33,30,0,0,0,0,0,0,0,0,0,0,0,0,0,0,0,0,0,0,0,0,0,0,0,4.863,0.015,14.441,34,0,32,0,0,32,0,0,0,0,0,1,0,0,0
18:10:35.925,0,-2.3,1,0,0,0,25,23,2,0,0,35,30,0,0,0,0,0,0,0,0,0,0,0,0,0,0,0,0,0,0,0,0,0,0,0,4.863,0.015,14.434,35,0,32,0,0,32,0,0,0,0,0,1,0,0,0
18:10:36.025,0,4.6,1,0,0,0,25,23,2,0,0,35,30,0,0,0,0,0,0,0,0,0,0,0,0,0,0,0,0,0,0,0,0,0,0,0,4.863,0.015,14.441,34,0,32,0,0,32,0,0,0,0,0,1,0,0,0
18:10:36.125,0,-2.1,1,0,0,0,25,23,2,0,0,35,30,0,0,0,0,0,0,0,0,0,0,0,0,0,0,0,0,0,0,0,0,0,0,0,4.863,0.015,14.434,34,0,32,0,0,32,0,0,0,0,0,1,0,0,0
18:10:36.225,0,-2,1,0,0,0,25,23,2,0,0,35,31,0,0,0,0,0,0,0,0,0,0,0,0,0,0,0,0,0,0,0,0,0,0,0,4.863,0.015,14.441,34,0,32,0,0,32,0,0,0,0,0,1,0,0,0
18:10:36.325,0,1.5,1,0,0,0,25,23,2,0,0,34,31,0,0,0,0,0,0,0,0,0,0,0,0,0,0,0,0,0,0,0,0,0,0,0,4.863,0.015,14.434,34,0,32,0,0,32,0,0,0,0,0,1,0,0,0
18:10:36.425,0,-0.6,1,0,0,0,25,23,2,0,0,34,31,0,0,0,0,0,0,0,0,0,0,0,0,0,0,0,0,0,0,0,0,0,0,0,4.863,0.015,14.441,34,0,32,0,0,32,0,0,0,0,0,1,0,0,0
18:10:36.525,0,-5.6,1,0,0,0,25,23,2,0,0,34,31,0,0,0,0,0,0,0,0,0,0,0,0,0,0,0,0,0,0,0,0,0,0,0,4.863,0.015,14.434,34,0,32,0,0,32,0,0,0,0,0,1,0,0,0
18:10:36.625,0,1.3,1,0,0,0,25,23,2,0,0,34,30,0,0,0,0,0,0,0,0,0,0,0,0,0,0,0,0,0,0,0,0,0,0,0,4.863,0.015,14.441,35,0,32,0,0,32,0,0,0,0,0,1,0,0,0
18:10:36.725,0,6.4,1,0,0,0,25,23,2,0,0,33,30,0,0,0,0,0,0,0,0,0,0,0,0,0,0,0,0,0,0,0,0,0,0,0,4.863,0.015,14.434,34,0,32,0,0,32,0,0,0,0,0,1,0,0,0
18:10:36.825,0,-3.4,1,0,0,0,25,23,2,0,0,33,30,0,0,0,0,0,0,0,0,0,0,0,0,0,0,0,0,0,0,0,0,0,0,0,4.863,0.015,14.441,34,0,32,0,0,32,0,0,0,0,0,1,0,0,0
18:10:36.925,0,0.9,1,0,0,0,25,23,2,0,0,34,30,0,0,0,0,0,0,0,0,0,0,0,0,0,0,0,0,0,0,0,0,0,0,0,4.863,0.015,14.434,34,0,32,0,0,32,0,0,0,0,0,1,0,0,0
18:10:37.025,0,-5.6,1,0,0,0,25,23,2,0,0,33,30,0,0,0,0,0,0,0,0,0,0,0,0,0,0,0,0,0,0,0,0,0,0,0,4.863,0.015,14.441,34,0,32,0,0,32,0,0,0,0,0,1,0,0,0
18:10:37.125,0,4.5,1,0,0,0,25,23,2,0,0,34,30,0,0,0,0,0,0,0,0,0,0,0,0,0,0,0,0,0,0,0,0,0,0,0,4.863,0.015,14.434,34,0,32,0,0,32,0,0,0,0,0,1,0,0,0
18:10:37.225,0,0.6,1,0,0,0,25,23,2,0,0,33,30,0,0,0,0,0,0,0,0,0,0,0,0,0,0,0,0,0,0,0,0,0,0,0,4.863,0.015,14.434,34,0,32,0,0,32,0,0,0,0,0,1,0,0,0
18:10:37.325,0,-2,1,0,0,0,25,23,2,0,0,33,30,0,0,0,0,0,0,0,0,0,0,0,0,0,0,0,0,0,0,0,0,0,0,0,4.863,0.015,14.441,34,0,32,0,0,32,0,0,0,0,0,1,0,0,0
18:10:37.425,0,0.9,1,0,0,0,25,23,2,0,0,33,31,0,0,0,0,0,0,0,0,0,0,0,0,0,0,0,0,0,0,0,0,0,0,0,4.863,0.015,14.434,34,0,32,0,0,32,0,0,0,0,0,1,0,0,0
18:10:37.525,0,-1.7,1,0,0,0,25,23,2,0,0,34,30,0,0,0,0,0,0,0,0,0,0,0,0,0,0,0,0,0,0,0,0,0,0,0,4.863,0.015,14.441,34,0,32,0,0,32,0,0,0,0,0,1,0,0,0
18:10:37.625,0,0.2,1,0,0,0,25,23,2,0,0,33,30,0,0,0,0,0,0,0,0,0,0,0,0,0,0,0,0,0,0,0,0,0,0,0,4.863,0.015,14.434,34,0,32,0,0,32,0,0,0,0,0,1,0,0,0
18:10:37.725,0,4.2,1,0,0,0,25,23,2,0,0,34,30,0,0,0,0,0,0,0,0,0,0,0,0,0,0,0,0,0,0,0,0,0,0,0,4.863,0.015,14.441,34,0,32,0,0,32,0,0,0,0,0,1,0,0,0
18:10:37.825,0,3.4,1,0,0,0,25,23,2,0,0,33,30,0,0,0,0,0,0,0,0,0,0,0,0,0,0,0,0,0,0,0,0,0,0,0,4.863,0.015,14.434,34,0,32,0,0,32,0,0,0,0,0,1,0,0,0
18:10:37.925,0,-2.2,1,0,0,0,25,23,2,0,0,33,31,0,0,0,0,0,0,0,0,0,0,0,0,0,0,0,0,0,0,0,0,0,0,0,4.863,0.015,14.441,34,0,32,0,0,32,0,0,0,0,0,1,0,0,0
18:10:38.025,0,-0.7,1,0,0,0,25,23,2,0,0,34,30,0,0,0,0,0,0,0,0,0,0,0,0,0,0,0,0,0,0,0,0,0,0,0,4.863,0.015,14.434,35,0,32,0,0,32,0,0,0,0,0,1,0,0,0
18:10:38.125,0,-3,1,0,0,0,25,23,2,0,0,33,30,0,0,0,0,0,0,0,0,0,0,0,0,0,0,0,0,0,0,0,0,0,0,0,4.863,0.015,14.441,35,0,32,0,0,32,0,0,0,0,0,1,0,0,0
18:10:38.225,0,3,1,0,0,0,25,23,2,0,0,33,30,0,0,0,0,0,0,0,0,0,0,0,0,0,0,0,0,0,0,0,0,0,0,0,4.863,0.015,14.434,34,0,32,0,0,32,0,0,0,0,0,1,0,0,0
18:10:38.325,0,3.1,1,0,0,0,25,23,2,0,0,33,30,0,0,0,0,0,0,0,0,0,0,0,0,0,0,0,0,0,0,0,0,0,0,0,4.863,0.015,14.441,35,0,32,0,0,32,0,0,0,0,0,1,0,0,0
18:10:38.425,0,1.6,1,0,0,0,25,23,2,0,0,33,30,0,0,0,0,0,0,0,0,0,0,0,0,0,0,0,0,0,0,0,0,0,0,0,4.863,0.015,14.434,34,0,32,0,0,32,0,0,0,0,0,1,0,0,0
18:10:38.525,0,3.2,1,0,0,0,25,23,2,0,0,33,30,0,0,0,0,0,0,0,0,0,0,0,0,0,0,0,0,0,0,0,0,0,0,0,4.863,0.015,14.441,35,0,32,0,0,32,0,0,0,0,0,1,0,0,0
18:10:38.625,0,3.5,1,0,0,0,25,23,2,0,0,33,30,0,0,0,0,0,0,0,0,0,0,0,0,0,0,0,0,0,0,0,0,0,0,0,4.863,0.015,14.434,34,0,32,0,0,32,0,0,0,0,0,1,0,0,0
18:10:38.725,0,3.4,1,0,0,0,25,23,2,0,0,33,29,0,0,0,0,0,0,0,0,0,0,0,0,0,0,0,0,0,0,0,0,0,0,0,4.863,0.015,14.441,34,0,32,0,0,32,0,0,0,0,0,1,0,0,0
18:10:38.825,0,-3.9,1,0,0,0,25,23,2,0,0,33,30,0,0,0,0,0,0,0,0,0,0,0,0,0,0,0,0,0,0,0,0,0,0,0,4.863,0.015,14.434,35,0,32,0,0,32,0,0,0,0,0,1,0,0,0
18:10:38.925,0,6.2,1,0,0,0,25,23,2,0,0,33,30,0,0,0,0,0,0,0,0,0,0,0,0,0,0,0,0,0,0,0,0,0,0,0,4.863,0.015,14.441,34,0,32,0,0,32,0,0,0,0,0,1,0,0,0
18:10:39.025,0,-3.1,1,0,0,0,25,23,2,0,0,33,30,0,0,0,0,0,0,0,0,0,0,0,0,0,0,0,0,0,0,0,0,0,0,0,4.863,0.015,14.434,34,0,32,0,0,32,0,0,0,0,0,1,0,0,0
18:10:39.125,0,-1.7,1,0,0,0,25,23,2,0,0,33,30,0,0,0,0,0,0,0,0,0,0,0,0,0,0,0,0,0,0,0,0,0,0,0,4.863,0.015,14.441,34,0,32,0,0,32,0,0,0,0,0,1,0,0,0
18:10:39.225,0,7.1,1,0,0,0,25,23,2,0,0,33,30,0,0,0,0,0,0,0,0,0,0,0,0,0,0,0,0,0,0,0,0,0,0,0,4.863,0.015,14.434,34,0,32,0,0,32,0,0,0,0,0,1,0,0,0
18:10:39.325,0,2.8,1,0,0,0,25,23,2,0,0,33,30,0,0,0,0,0,0,0,0,0,0,0,0,0,0,0,0,0,0,0,0,0,0,0,4.863,0.015,14.441,34,0,32,0,0,32,0,0,0,0,0,1,0,0,0
18:10:39.425,0,2.7,1,0,0,0,25,23,2,0,0,33,29,0,0,0,0,0,0,0,0,0,0,0,0,0,0,0,0,0,0,0,0,0,0,0,4.863,0.015,14.434,34,0,32,0,0,32,0,0,0,0,0,1,0,0,0
18:10:39.525,0,-2.2,1,0,0,0,25,23,2,0,0,33,30,0,0,0,0,0,0,0,0,0,0,0,0,0,0,0,0,0,0,0,0,0,0,0,4.863,0.015,14.434,35,0,32,0,0,32,0,0,0,0,0,1,0,0,0
18:10:39.625,0,3.1,1,0,0,0,25,23,2,0,0,37,30,0,0,0,0,0,0,0,0,0,0,0,0,0,0,0,0,0,0,0,0,0,0,0,4.863,0.015,14.441,34,0,32,0,0,32,0,0,0,0,0,1,0,0,0
18:10:39.725,0,-1.2,1,0,0,0,25,23,2,0,0,35,30,0,0,0,0,0,0,0,0,0,0,0,0,0,0,0,0,0,0,0,0,0,0,0,4.863,0.015,14.434,35,0,32,0,0,32,0,0,0,0,0,1,0,0,0
18:10:39.825,0,2.8,1,0,0,0,25,23,2,0,0,35,30,0,0,0,0,0,0,0,0,0,0,0,0,0,0,0,0,0,0,0,0,0,0,0,4.863,0.015,14.441,34,0,32,0,0,32,0,0,0,0,0,1,0,0,0
18:10:39.925,0,3.3,1,0,0,0,25,23,2,0,0,35,30,0,0,0,0,0,0,0,0,0,0,0,0,0,0,0,0,0,0,0,0,0,0,0,4.863,0.015,14.434,35,0,32,0,0,32,0,0,0,0,0,1,0,0,0
18:10:40.025,0,-8.8,1,0,0,0,25,23,2,0,0,35,31,0,0,0,0,0,0,0,0,0,0,0,0,0,0,0,0,0,0,0,0,0,0,0,4.863,0.015,14.441,34,0,32,0,0,32,0,0,0,0,0,1,0,0,0
18:10:40.125,0,-3.5,1,0,0,0,25,23,2,0,0,34,30,0,0,0,0,0,0,0,0,0,0,0,0,0,0,0,0,0,0,0,0,0,0,0,4.863,0.015,14.434,35,0,32,0,0,32,0,0,0,0,0,1,0,0,0
18:10:40.225,0,5.3,1,0,0,0,25,23,2,0,0,35,30,0,0,0,0,0,0,0,0,0,0,0,0,0,0,0,0,0,0,0,0,0,0,0,4.863,0.015,14.441,34,0,32,0,0,32,0,0,0,0,0,1,0,0,0
18:10:40.325,0,3.6,1,0,0,0,25,23,2,0,0,34,30,0,0,0,0,0,0,0,0,0,0,0,0,0,0,0,0,0,0,0,0,0,0,0,4.863,0.015,14.434,34,0,32,0,0,32,0,0,0,0,0,1,0,0,0
18:10:40.425,0,1.3,1,0,0,0,25,23,2,0,0,34,30,0,0,0,0,0,0,0,0,0,0,0,0,0,0,0,0,0,0,0,0,0,0,0,4.863,0.015,14.441,35,0,32,0,0,32,0,0,0,0,0,1,0,0,0
18:10:40.525,0,2.8,1,0,0,0,25,23,2,0,0,33,30,0,0,0,0,0,0,0,0,0,0,0,0,0,0,0,0,0,0,0,0,0,0,0,4.863,0.015,14.434,35,0,32,0,0,32,0,0,0,0,0,1,0,0,0
18:10:40.625,0,1.2,1,0,0,0,25,23,2,0,0,34,30,0,0,0,0,0,0,0,0,0,0,0,0,0,0,0,0,0,0,0,0,0,0,0,4.863,0.015,14.441,34,0,32,0,0,32,0,0,0,0,0,1,0,0,0
18:10:40.725,0,-3.3,1,0,0,0,25,23,2,0,0,33,30,0,0,0,0,0,0,0,0,0,0,0,0,0,0,0,0,0,0,0,0,0,0,0,4.863,0.015,14.434,34,0,32,0,0,32,0,0,0,0,0,1,0,0,0
18:10:40.825,0,1.7,1,0,0,0,25,23,2,0,0,34,30,0,0,0,0,0,0,0,0,0,0,0,0,0,0,0,0,0,0,0,0,0,0,0,4.863,0.015,14.441,34,0,32,0,0,32,0,0,0,0,0,1,0,0,0
18:10:40.925,0,2.2,1,0,0,0,25,23,2,0,0,33,31,0,0,0,0,0,0,0,0,0,0,0,0,0,0,0,0,0,0,0,0,0,0,0,4.863,0.015,14.434,34,0,32,0,0,32,0,0,0,0,0,1,0,0,0
18:10:41.025,0,-3.2,1,0,0,0,25,23,2,0,0,33,30,0,0,0,0,0,0,0,0,0,0,0,0,0,0,0,0,0,0,0,0,0,0,0,4.863,0.015,14.434,34,0,32,0,0,32,0,0,0,0,0,1,0,0,0
18:10:41.125,0,2.7,1,0,0,0,25,23,2,0,0,33,30,0,0,0,0,0,0,0,0,0,0,0,0,0,0,0,0,0,0,0,0,0,0,0,4.863,0.015,14.434,34,0,32,0,0,32,0,0,0,0,0,1,0,0,0
18:10:41.225,0,-3.6,1,0,0,0,25,23,2,0,0,33,30,0,0,0,0,0,0,0,0,0,0,0,0,0,0,0,0,0,0,0,0,0,0,0,4.863,0.015,14.434,34,0,32,0,0,32,0,0,0,0,0,1,0,0,0
18:10:41.325,0,-4.1,1,0,0,0,25,23,2,0,0,34,30,0,0,0,0,0,0,0,0,0,0,0,0,0,0,0,0,0,0,0,0,0,0,0,4.863,0.015,14.434,34,0,32,0,0,32,0,0,0,0,0,1,0,0,0
18:10:41.425,0,3.3,1,0,0,0,25,23,2,0,0,33,30,0,0,0,0,0,0,0,0,0,0,0,0,0,0,0,0,0,0,0,0,0,0,0,4.863,0.015,14.441,35,0,32,0,0,32,0,0,0,0,0,1,0,0,0
18:10:41.525,0,2.3,1,0,0,0,25,23,2,0,0,33,31,0,0,0,0,0,0,0,0,0,0,0,0,0,0,0,0,0,0,0,0,0,0,0,4.863,0.015,14.434,34,0,32,0,0,32,0,0,0,0,0,1,0,0,0
18:10:41.625,0,2.9,1,0,0,0,25,23,2,0,0,33,30,0,0,0,0,0,0,0,0,0,0,0,0,0,0,0,0,0,0,0,0,0,0,0,4.863,0.015,14.441,35,0,32,0,0,32,0,0,0,0,0,1,0,0,0
18:10:41.725,0,-4,1,0,0,0,25,23,2,0,0,33,30,0,0,0,0,0,0,0,0,0,0,0,0,0,0,0,0,0,0,0,0,0,0,0,4.863,0.015,14.434,34,0,32,0,0,32,0,0,0,0,0,1,0,0,0
18:10:41.825,0,2.8,1,0,0,0,25,23,2,0,0,33,30,0,0,0,0,0,0,0,0,0,0,0,0,0,0,0,0,0,0,0,0,0,0,0,4.863,0.015,14.441,34,0,32,0,0,32,0,0,0,0,0,1,0,0,0
18:10:41.925,0,4.3,1,0,0,0,25,23,2,0,0,33,30,0,0,0,0,0,0,0,0,0,0,0,0,0,0,0,0,0,0,0,0,0,0,0,4.863,0.015,14.434,34,0,32,0,0,32,0,0,0,0,0,1,0,0,0
18:10:42.025,0,1,1,0,0,0,25,23,2,0,0,33,30,0,0,0,0,0,0,0,0,0,0,0,0,0,0,0,0,0,0,0,0,0,0,0,4.863,0.015,14.434,35,0,32,0,0,32,0,0,0,0,0,1,0,0,0
18:10:42.125,0,-1.1,1,0,0,0,25,23,2,0,0,33,30,0,0,0,0,0,0,0,0,0,0,0,0,0,0,0,0,0,0,0,0,0,0,0,4.863,0.015,14.441,34,0,32,0,0,32,0,0,0,0,0,1,0,0,0
18:10:42.225,0,-2,1,0,0,0,25,23,2,0,0,33,30,0,0,0,0,0,0,0,0,0,0,0,0,0,0,0,0,0,0,0,0,0,0,0,4.863,0.015,14.434,35,0,32,0,0,32,0,0,0,0,0,1,0,0,0
18:10:42.325,0,-2.4,1,0,0,0,25,23,2,0,0,33,30,0,0,0,0,0,0,0,0,0,0,0,0,0,0,0,0,0,0,0,0,0,0,0,4.863,0.015,14.434,34,0,32,0,0,32,0,0,0,0,0,1,0,0,0
18:10:42.425,0,-1.8,1,0,0,0,25,23,2,0,0,33,30,0,0,0,0,0,0,0,0,0,0,0,0,0,0,0,0,0,0,0,0,0,0,0,4.863,0.015,14.434,34,0,32,0,0,32,0,0,0,0,0,1,0,0,0
18:10:42.525,0,6.4,1,0,0,0,25,23,2,0,0,33,30,0,0,0,0,0,0,0,0,0,0,0,0,0,0,0,0,0,0,0,0,0,0,0,4.863,0.015,14.434,34,0,32,0,0,32,0,0,0,0,0,1,0,0,0
18:10:42.625,0,2.1,1,0,0,0,25,23,2,0,0,33,29,0,0,0,0,0,0,0,0,0,0,0,0,0,0,0,0,0,0,0,0,0,0,0,4.863,0.015,14.434,34,0,32,0,0,32,0,0,0,0,0,1,0,0,0
18:10:42.725,0,2.6,1,0,0,0,25,23,2,0,0,33,30,0,0,0,0,0,0,0,0,0,0,0,0,0,0,0,0,0,0,0,0,0,0,0,4.863,0.015,14.434,34,0,32,0,0,32,0,0,0,0,0,1,0,0,0
18:10:42.825,0,-1.7,1,0,0,0,25,23,2,0,0,33,30,0,0,0,0,0,0,0,0,0,0,0,0,0,0,0,0,0,0,0,0,0,0,0,4.863,0.015,14.434,34,0,32,0,0,32,0,0,0,0,0,1,0,0,0
18:10:42.925,0,-4,1,0,0,0,25,23,2,0,0,33,30,0,0,0,0,0,0,0,0,0,0,0,0,0,0,0,0,0,0,0,0,0,0,0,4.863,0.015,14.441,35,0,32,0,0,32,0,0,0,0,0,1,0,0,0
18:10:43.025,0,-0.7,1,0,0,0,25,23,2,0,0,33,29,0,0,0,0,0,0,0,0,0,0,0,0,0,0,0,0,0,0,0,0,0,0,0,4.863,0.015,14.434,34,0,32,0,0,32,0,0,0,0,0,1,0,0,0
18:10:43.125,0,2.3,1,0,0,0,25,23,2,0,0,33,30,0,0,0,0,0,0,0,0,0,0,0,0,0,0,0,0,0,0,0,0,0,0,0,4.863,0.015,14.434,34,0,32,0,0,32,0,0,0,0,0,1,0,0,0
18:10:43.225,0,-2.4,1,0,0,0,25,23,2,0,0,33,30,0,0,0,0,0,0,0,0,0,0,0,0,0,0,0,0,0,0,0,0,0,0,0,4.863,0.015,14.434,35,0,32,0,0,32,0,0,0,0,0,1,0,0,0
18:10:43.325,0,-1.2,1,0,0,0,25,23,2,0,0,33,30,0,0,0,0,0,0,0,0,0,0,0,0,0,0,0,0,0,0,0,0,0,0,0,4.863,0.015,14.434,34,0,32,0,0,32,0,0,0,0,0,1,0,0,0
18:10:43.425,0,3.6,1,0,0,0,25,23,2,0,0,37,30,0,0,0,0,0,0,0,0,0,0,0,0,0,0,0,0,0,0,0,0,0,0,0,4.863,0.015,14.434,34,0,32,0,0,32,0,0,0,0,0,1,0,0,0
18:10:43.525,0,3.5,1,0,0,0,25,23,2,0,0,35,30,0,0,0,0,0,0,0,0,0,0,0,0,0,0,0,0,0,0,0,0,0,0,0,4.863,0.015,14.441,34,0,32,0,0,32,0,0,0,0,0,1,0,0,0
18:10:43.625,0,-4.9,1,0,0,0,25,23,2,0,0,35,30,0,0,0,0,0,0,0,0,0,0,0,0,0,0,0,0,0,0,0,0,0,0,0,4.863,0.015,14.434,34,0,32,0,0,32,0,0,0,0,0,1,0,0,0
18:10:43.725,0,3.9,1,0,0,0,25,23,2,0,0,35,30,0,0,0,0,0,0,0,0,0,0,0,0,0,0,0,0,0,0,0,0,0,0,0,4.863,0.015,14.441,34,0,32,0,0,32,0,0,0,0,0,1,0,0,0
18:10:43.825,0,-2.1,1,0,0,0,25,23,2,0,0,35,31,0,0,0,0,0,0,0,0,0,0,0,0,0,0,0,0,0,0,0,0,0,0,0,4.863,0.015,14.434,34,0,32,0,0,32,0,0,0,0,0,1,0,0,0
18:10:43.925,0,-4.2,1,0,0,0,25,23,2,0,0,34,31,0,0,0,0,0,0,0,0,0,0,0,0,0,0,0,0,0,0,0,0,0,0,0,4.863,0.015,14.434,35,0,32,0,0,32,0,0,0,0,0,1,0,0,0
18:10:44.025,0,5.8,1,0,0,0,25,23,2,0,0,34,30,0,0,0,0,0,0,0,0,0,0,0,0,0,0,0,0,0,0,0,0,0,0,0,4.863,0.015,14.434,35,0,32,0,0,32,0,0,0,0,0,1,0,0,0
18:10:44.125,0,-4.5,1,0,0,0,25,23,2,0,0,34,30,0,0,0,0,0,0,0,0,0,0,0,0,0,0,0,0,0,0,0,0,0,0,0,4.863,0.015,14.441,34,0,32,0,0,32,0,0,0,0,0,1,0,0,0
18:10:44.225,0,1.1,1,0,0,0,25,23,2,0,0,34,30,0,0,0,0,0,0,0,0,0,0,0,0,0,0,0,0,0,0,0,0,0,0,0,4.863,0.015,14.434,34,0,32,0,0,32,0,0,0,0,0,1,0,0,0
18:10:44.325,0,3.1,1,0,0,0,25,23,2,0,0,34,30,0,0,0,0,0,0,0,0,0,0,0,0,0,0,0,0,0,0,0,0,0,0,0,4.863,0.015,14.434,35,0,32,0,0,32,0,0,0,0,0,1,0,0,0
18:10:44.425,0,0.8,1,0,0,0,25,23,2,0,0,33,30,0,0,0,0,0,0,0,0,0,0,0,0,0,0,0,0,0,0,0,0,0,0,0,4.863,0.015,14.441,34,0,32,0,0,32,0,0,0,0,0,1,0,0,0
18:10:44.525,0,4,1,0,0,0,25,23,2,0,0,34,30,0,0,0,0,0,0,0,0,0,0,0,0,0,0,0,0,0,0,0,0,0,0,0,4.863,0.015,14.434,35,0,32,0,0,32,0,0,0,0,0,1,0,0,0
18:10:44.625,0,-4.4,1,0,0,0,25,23,2,0,0,34,30,0,0,0,0,0,0,0,0,0,0,0,0,0,0,0,0,0,0,0,0,0,0,0,4.863,0.015,14.434,35,0,32,0,0,32,0,0,0,0,0,1,0,0,0
18:10:44.725,0,2.5,1,0,0,0,25,23,2,0,0,34,30,0,0,0,0,0,0,0,0,0,0,0,0,0,0,0,0,0,0,0,0,0,0,0,4.863,0.015,14.434,34,0,32,0,0,32,0,0,0,0,0,1,0,0,0
18:10:44.825,0,3.1,1,0,0,0,25,23,2,0,0,33,30,0,0,0,0,0,0,0,0,0,0,0,0,0,0,0,0,0,0,0,0,0,0,0,4.863,0.015,14.434,34,0,32,0,0,32,0,0,0,0,0,1,0,0,0
18:10:44.925,0,-3.2,1,0,0,0,25,23,2,0,0,33,30,0,0,0,0,0,0,0,0,0,0,0,0,0,0,0,0,0,0,0,0,0,0,0,4.863,0.015,14.434,34,0,32,0,0,32,0,0,0,0,0,1,0,0,0
18:10:45.025,0,2.9,1,0,0,0,25,23,2,0,0,33,30,0,0,0,0,0,0,0,0,0,0,0,0,0,0,0,0,0,0,0,0,0,0,0,4.863,0.015,14.434,34,0,32,0,0,32,0,0,0,0,0,1,0,0,0
18:10:45.125,0,-1.8,1,0,0,0,25,23,2,0,0,34,30,0,0,0,0,0,0,0,0,0,0,0,0,0,0,0,0,0,0,0,0,0,0,0,4.863,0.015,14.434,35,0,32,0,0,32,0,0,0,0,0,1,0,0,0
18:10:45.225,0,-3.2,1,0,0,0,25,23,2,0,0,33,30,0,0,0,0,0,0,0,0,0,0,0,0,0,0,0,0,0,0,0,0,0,0,0,4.863,0.015,14.434,34,0,32,0,0,32,0,0,0,0,0,1,0,0,0
18:10:45.325,0,0.7,1,0,0,0,25,23,2,0,0,33,30,0,0,0,0,0,0,0,0,0,0,0,0,0,0,0,0,0,0,0,0,0,0,0,4.863,0.015,14.434,34,0,32,0,0,32,0,0,0,0,0,1,0,0,0
18:10:45.425,0,4.4,1,0,0,0,25,23,2,0,0,33,30,0,0,0,0,0,0,0,0,0,0,0,0,0,0,0,0,0,0,0,0,0,0,0,4.863,0.015,14.434,35,0,32,0,0,32,0,0,0,0,0,1,0,0,0
18:10:45.525,0,4.6,1,0,0,0,25,23,2,0,0,33,30,0,0,0,0,0,0,0,0,0,0,0,0,0,0,0,0,0,0,0,0,0,0,0,4.863,0.015,14.434,34,0,32,0,0,32,0,0,0,0,0,1,0,0,0
18:10:45.625,0,2.8,1,0,0,0,25,23,2,0,0,33,30,0,0,0,0,0,0,0,0,0,0,0,0,0,0,0,0,0,0,0,0,0,0,0,4.863,0.015,14.434,34,0,32,0,0,32,0,0,0,0,0,1,0,0,0
18:10:45.725,0,-1.7,1,0,0,0,25,23,2,0,0,33,29,0,0,0,0,0,0,0,0,0,0,0,0,0,0,0,0,0,0,0,0,0,0,0,4.863,0.015,14.434,35,0,32,0,0,32,0,0,0,0,0,1,0,0,0
18:10:45.825,0,3,1,0,0,0,25,23,2,0,0,33,29,0,0,0,0,0,0,0,0,0,0,0,0,0,0,0,0,0,0,0,0,0,0,0,4.863,0.015,14.434,35,0,32,0,0,32,0,0,0,0,0,1,0,0,0
18:10:45.925,0,-2.5,1,0,0,0,25,23,2,0,0,33,30,0,0,0,0,0,0,0,0,0,0,0,0,0,0,0,0,0,0,0,0,0,0,0,4.863,0.015,14.434,34,0,32,0,0,32,0,0,0,0,0,1,0,0,0
18:10:46.025,0,2.3,1,0,0,0,25,23,2,0,0,33,30,0,0,0,0,0,0,0,0,0,0,0,0,0,0,0,0,0,0,0,0,0,0,0,4.863,0.015,14.434,34,0,32,0,0,32,0,0,0,0,0,1,0,0,0
18:10:46.125,0,2.3,1,0,0,0,25,23,2,0,0,33,30,0,0,0,0,0,0,0,0,0,0,0,0,0,0,0,0,0,0,0,0,0,0,0,4.863,0.015,14.434,34,0,32,0,0,32,0,0,0,0,0,1,0,0,0
18:10:46.225,0,0.5,1,0,0,0,25,23,2,0,0,33,30,0,0,0,0,0,0,0,0,0,0,0,0,0,0,0,0,0,0,0,0,0,0,0,4.863,0.015,14.434,34,0,32,0,0,32,0,0,0,0,0,1,0,0,0
18:10:46.325,0,1.6,1,0,0,0,25,23,2,0,0,33,30,0,0,0,0,0,0,0,0,0,0,0,0,0,0,0,0,0,0,0,0,0,0,0,4.863,0.015,14.434,34,0,32,0,0,32,0,0,0,0,0,1,0,0,0
18:10:46.425,0,2.2,1,0,0,0,25,23,2,0,0,33,30,0,0,0,0,0,0,0,0,0,0,0,0,0,0,0,0,0,0,0,0,0,0,0,4.863,0.015,14.434,34,0,32,0,0,32,0,0,0,0,0,1,0,0,0
18:10:46.525,0,5.3,1,0,0,0,25,23,2,0,0,33,30,0,0,0,0,0,0,0,0,0,0,0,0,0,0,0,0,0,0,0,0,0,0,0,4.863,0.015,14.434,35,0,32,0,0,32,0,0,0,0,0,1,0,0,0
18:10:46.625,0,-1.9,1,0,0,0,25,23,2,0,0,33,30,0,0,0,0,0,0,0,0,0,0,0,0,0,0,0,0,0,0,0,0,0,0,0,4.863,0.015,14.434,34,0,32,0,0,32,0,0,0,0,0,1,0,0,0
18:10:46.725,0,3.2,1,0,0,0,25,23,2,0,0,33,30,0,0,0,0,0,0,0,0,0,0,0,0,0,0,0,0,0,0,0,0,0,0,0,4.863,0.015,14.441,34,0,32,0,0,32,0,0,0,0,0,1,0,0,0
18:10:46.825,0,4.8,1,0,0,0,25,23,2,0,0,33,30,0,0,0,0,0,0,0,0,0,0,0,0,0,0,0,0,0,0,0,0,0,0,0,4.863,0.015,14.434,35,0,32,0,0,32,0,0,0,0,0,1,0,0,0
18:10:46.925,0,-4.6,1,0,0,0,25,23,2,0,0,33,30,0,0,0,0,0,0,0,0,0,0,0,0,0,0,0,0,0,0,0,0,0,0,0,4.863,0.015,14.776,35,0,32,0,0,32,0,0,0,0,0,1,0,0,0
18:10:47.025,0,-3.9,1,0,0,0,25,23,2,0,0,33,30,0,0,0,0,0,0,0,0,0,0,0,0,0,0,0,0,0,0,0,0,0,0,0,4.863,0.015,14.776,35,0,32,0,0,32,0,0,0,0,0,1,0,0,0
18:10:47.125,0,-1.4,1,0,0,0,25,23,2,0,0,33,30,0,0,0,0,0,0,0,0,0,0,0,0,0,0,0,0,0,0,0,0,0,0,0,4.858,0.015,14.776,34,0,32,0,0,32,0,0,0,0,0,1,0,0,0
18:10:47.225,0,-1.1,1,0,0,0,25,23,2,0,0,37,30,0,0,0,0,0,0,0,0,0,0,0,0,0,0,0,0,0,0,0,0,0,0,0,4.863,0.015,14.776,34,0,32,0,0,32,0,0,0,0,0,1,0,0,0
18:10:47.325,0,-4.9,1,0,0,0,25,23,2,0,0,35,30,0,0,0,0,0,0,0,0,0,0,0,0,0,0,0,0,0,0,0,0,0,0,0,4.863,0.015,14.776,35,0,32,0,0,32,0,0,0,0,0,1,0,0,0
18:10:47.425,0,1.6,1,0,0,0,25,23,2,0,0,35,31,0,0,0,0,0,0,0,0,0,0,0,0,0,0,0,0,0,0,0,0,0,0,0,4.863,0.015,14.776,34,0,32,0,0,32,0,0,0,0,0,1,0,0,0
18:10:47.525,0,6.7,1,0,0,0,25,23,2,0,0,35,31,0,0,0,0,0,0,0,0,0,0,0,0,0,0,0,0,0,0,0,0,0,0,0,4.863,0.015,14.776,34,0,32,0,0,32,0,0,0,0,0,1,0,0,0
18:10:47.625,0,4.1,1,0,0,0,25,23,2,0,0,35,30,0,0,0,0,0,0,0,0,0,0,0,0,0,0,0,0,0,0,0,0,0,0,0,4.863,0.015,14.776,35,0,32,0,0,32,0,0,0,0,0,1,0,0,0
18:10:47.725,0,-0.6,1,0,0,0,25,23,2,0,0,34,30,0,0,0,0,0,0,0,0,0,0,0,0,0,0,0,0,0,0,0,0,0,0,0,4.863,0.015,14.776,35,0,32,0,0,32,0,0,0,0,0,1,0,0,0
18:10:47.825,0,2.4,1,0,0,0,25,23,2,0,0,34,30,0,0,0,0,0,0,0,0,0,0,0,0,0,0,0,0,0,0,0,0,0,0,0,4.863,0.015,14.776,34,0,32,0,0,32,0,0,0,0,0,1,0,0,0
18:10:47.925,0,1.5,1,0,0,0,25,23,2,0,0,34,30,0,0,0,0,0,0,0,0,0,0,0,0,0,0,0,0,0,0,0,0,0,0,0,4.863,0.015,14.776,35,0,32,0,0,32,0,0,0,0,0,1,0,0,0
18:10:48.025,0,-0.6,1,0,0,0,25,23,2,0,0,34,29,0,0,0,0,0,0,0,0,0,0,0,0,0,0,0,0,0,0,0,0,0,0,0,4.863,0.015,14.776,35,0,32,0,0,32,0,0,0,0,0,1,0,0,0
18:10:48.125,0,-2.3,1,0,0,0,25,23,2,0,0,34,30,0,0,0,0,0,0,0,0,0,0,0,0,0,0,0,0,0,0,0,0,0,0,0,4.863,0.015,14.776,35,0,32,0,0,32,0,0,0,0,0,1,0,0,0
18:10:48.225,0,2.4,1,0,0,0,25,23,2,0,0,34,30,0,0,0,0,0,0,0,0,0,0,0,0,0,0,0,0,0,0,0,0,0,0,0,4.863,0.015,14.776,35,0,32,0,0,32,0,0,0,0,0,1,0,0,0
18:10:48.325,0,-2.9,1,0,0,0,25,23,2,0,0,33,30,0,0,0,0,0,0,0,0,0,0,0,0,0,0,0,0,0,0,0,0,0,0,0,4.863,0.015,14.782,35,0,32,0,0,32,0,0,0,0,0,1,0,0,0
18:10:48.425,0,-2.9,1,0,0,0,25,23,2,0,0,33,30,0,0,0,0,0,0,0,0,0,0,0,0,0,0,0,0,0,0,0,0,0,0,0,4.863,0.015,14.776,34,0,32,0,0,32,0,0,0,0,0,1,0,0,0
18:10:48.525,0,-3.3,1,0,0,0,25,23,2,0,0,33,30,0,0,0,0,0,0,0,0,0,0,0,0,0,0,0,0,0,0,0,0,0,0,0,4.863,0.015,14.776,35,0,32,0,0,32,0,0,0,0,0,1,0,0,0
18:10:48.625,0,5.1,1,0,0,0,25,23,2,0,0,33,30,0,0,0,0,0,0,0,0,0,0,0,0,0,0,0,0,0,0,0,0,0,0,0,4.863,0.015,14.776,35,0,32,0,0,32,0,0,0,0,0,1,0,0,0
18:10:48.725,0,2,1,0,0,0,25,23,2,0,0,33,30,0,0,0,0,0,0,0,0,0,0,0,0,0,0,0,0,0,0,0,0,0,0,0,4.863,0.015,14.776,34,0,32,0,0,32,0,0,0,0,0,1,0,0,0
18:10:48.825,0,2.3,1,0,0,0,25,23,2,0,0,33,30,0,0,0,0,0,0,0,0,0,0,0,0,0,0,0,0,0,0,0,0,0,0,0,4.863,0.015,14.782,34,0,32,0,0,32,0,0,0,0,0,1,0,0,0
18:10:48.925,0,-1.6,1,0,0,0,25,23,2,0,0,33,30,0,0,0,0,0,0,0,0,0,0,0,0,0,0,0,0,0,0,0,0,0,0,0,4.863,0.015,14.776,35,0,32,0,0,32,0,0,0,0,0,1,0,0,0
18:10:49.025,0,-4.3,1,0,0,0,25,23,2,0,0,33,30,0,0,0,0,0,0,0,0,0,0,0,0,0,0,0,0,0,0,0,0,0,0,0,4.863,0.015,14.782,34,0,32,0,0,32,0,0,0,0,0,1,0,0,0
18:10:49.125,0,-5.4,1,0,0,0,25,23,2,0,0,33,30,0,0,0,0,0,0,0,0,0,0,0,0,0,0,0,0,0,0,0,0,0,0,0,4.863,0.015,14.776,35,0,32,0,0,32,0,0,0,0,0,1,0,0,0
18:10:49.225,0,-3.2,1,0,0,0,25,23,2,0,0,33,30,0,0,0,0,0,0,0,0,0,0,0,0,0,0,0,0,0,0,0,0,0,0,0,4.863,0.015,14.782,34,0,32,0,0,32,0,0,0,0,0,1,0,0,0
18:10:49.325,0,-1.5,1,0,0,0,25,23,2,0,0,33,30,0,0,0,0,0,0,0,0,0,0,0,0,0,0,0,0,0,0,0,0,0,0,0,4.858,0.015,14.776,35,0,32,0,0,32,0,0,0,0,0,1,0,0,0
18:10:49.425,0,-1.9,1,0,0,0,25,23,2,0,0,33,30,0,0,0,0,0,0,0,0,0,0,0,0,0,0,0,0,0,0,0,0,0,0,0,4.863,0.015,14.782,34,0,32,0,0,32,0,0,0,0,0,1,0,0,0
18:10:49.525,0,1.6,1,0,0,0,25,23,2,0,0,33,29,0,0,0,0,0,0,0,0,0,0,0,0,0,0,0,0,0,0,0,0,0,0,0,4.858,0.015,14.776,35,0,32,0,0,32,0,0,0,0,0,1,0,0,0
18:10:49.625,0,1.1,1,0,0,0,25,23,2,0,0,33,30,0,0,0,0,0,0,0,0,0,0,0,0,0,0,0,0,0,0,0,0,0,0,0,4.863,0.015,14.782,34,0,32,0,0,32,0,0,0,0,0,1,0,0,0
18:10:49.725,0,2.1,1,0,0,0,25,23,2,0,0,33,30,0,0,0,0,0,0,0,0,0,0,0,0,0,0,0,0,0,0,0,0,0,0,0,4.863,0.015,14.776,34,0,32,0,0,32,0,0,0,0,0,1,0,0,0
18:10:49.825,0,-1.2,1,0,0,0,25,23,2,0,0,33,30,0,0,0,0,0,0,0,0,0,0,0,0,0,0,0,0,0,0,0,0,0,0,0,4.858,0.015,14.782,34,0,32,0,0,32,0,0,0,0,0,1,0,0,0
18:10:49.925,0,3.3,1,0,0,0,25,23,2,0,0,33,30,0,0,0,0,0,0,0,0,0,0,0,0,0,0,0,0,0,0,0,0,0,0,0,4.863,0.015,14.776,35,0,32,0,0,32,0,0,0,0,0,1,0,0,0
18:10:50.025,0,-2,1,0,0,0,25,23,2,0,0,33,30,0,0,0,0,0,0,0,0,0,0,0,0,0,0,0,0,0,0,0,0,0,0,0,4.858,0.015,14.782,35,0,32,0,0,32,0,0,0,0,0,1,0,0,0
18:10:50.125,0,4,1,0,0,0,25,23,2,0,0,33,29,0,0,0,0,0,0,0,0,0,0,0,0,0,0,0,0,0,0,0,0,0,0,0,4.863,0.015,14.776,35,0,32,0,0,32,0,0,0,0,0,1,0,0,0
18:10:50.225,0,-3.2,1,0,0,0,25,23,2,0,0,33,30,0,0,0,0,0,0,0,0,0,0,0,0,0,0,0,0,0,0,0,0,0,0,0,4.858,0.015,14.782,35,0,32,0,0,32,0,0,0,0,0,1,0,0,0
18:10:50.325,0,-2.7,1,0,0,0,25,23,2,0,0,33,30,0,0,0,0,0,0,0,0,0,0,0,0,0,0,0,0,0,0,0,0,0,0,0,4.858,0.015,14.776,35,0,32,0,0,32,0,0,0,0,0,1,0,0,0
18:10:50.425,0,3.9,1,0,0,0,25,23,2,0,0,33,30,0,0,0,0,0,0,0,0,0,0,0,0,0,0,0,0,0,0,0,0,0,0,0,4.858,0.015,14.782,35,0,32,0,0,32,0,0,0,0,0,1,0,0,0
18:10:50.525,0,-4.6,1,0,0,0,25,23,2,0,0,33,30,0,0,0,0,0,0,0,0,0,0,0,0,0,0,0,0,0,0,0,0,0,0,0,4.863,0.015,14.776,35,0,32,0,0,32,0,0,0,0,0,1,0,0,0
18:10:50.625,0,1.7,1,0,0,0,25,23,2,0,0,33,30,0,0,0,0,0,0,0,0,0,0,0,0,0,0,0,0,0,0,0,0,0,0,0,4.863,0.015,14.782,35,0,32,0,0,32,0,0,0,0,0,1,0,0,0
18:10:50.725,0,5.5,1,0,0,0,25,23,2,0,0,33,29,0,0,0,0,0,0,0,0,0,0,0,0,0,0,0,0,0,0,0,0,0,0,0,4.863,0.015,14.776,35,0,32,0,0,32,0,0,0,0,0,1,0,0,0
18:10:50.825,0,5.5,1,0,0,0,25,23,2,0,0,33,30,0,0,0,0,0,0,0,0,0,0,0,0,0,0,0,0,0,0,0,0,0,0,0,4.863,0.015,14.782,35,0,32,0,0,32,0,0,0,0,0,1,0,0,0
18:10:50.925,0,1.4,1,0,0,0,25,23,2,0,0,37,30,0,0,0,0,0,0,0,0,0,0,0,0,0,0,0,0,0,0,0,0,0,0,0,4.863,0.015,14.776,35,0,32,0,0,32,0,0,0,0,0,1,0,0,0
18:10:51.025,0,4.5,1,0,0,0,25,23,2,0,0,35,30,0,0,0,0,0,0,0,0,0,0,0,0,0,0,0,0,0,0,0,0,0,0,0,4.863,0.015,14.782,35,0,32,0,0,32,0,0,0,0,0,1,0,0,0
18:10:51.125,0,-5.4,1,0,0,0,25,23,2,0,0,35,30,0,0,0,0,0,0,0,0,0,0,0,0,0,0,0,0,0,0,0,0,0,0,0,4.863,0.015,14.782,35,0,32,0,0,32,0,0,0,0,0,1,0,0,0
18:10:51.225,0,-1.1,1,0,0,0,25,23,2,0,0,35,31,0,0,0,0,0,0,0,0,0,0,0,0,0,0,0,0,0,0,0,0,0,0,0,4.863,0.015,14.776,35,0,32,0,0,32,0,0,0,0,0,1,0,0,0
18:10:51.325,0,2.8,1,0,0,0,25,23,2,0,0,35,31,0,0,0,0,0,0,0,0,0,0,0,0,0,0,0,0,0,0,0,0,0,0,0,4.863,0.015,14.782,35,0,32,0,0,32,0,0,0,0,0,1,0,0,0
18:10:51.425,0,1.5,1,0,0,0,25,23,2,0,0,35,30,0,0,0,0,0,0,0,0,0,0,0,0,0,0,0,0,0,0,0,0,0,0,0,4.863,0.015,14.776,35,0,32,0,0,32,0,0,0,0,0,1,0,0,0
18:10:51.525,0,5,1,0,0,0,25,23,2,0,0,34,31,0,0,0,0,0,0,0,0,0,0,0,0,0,0,0,0,0,0,0,0,0,0,0,4.863,0.015,14.782,35,0,32,0,0,32,0,0,0,0,0,1,0,0,0
18:10:51.625,0,3.1,1,0,0,0,25,23,2,0,0,34,30,0,0,0,0,0,0,0,0,0,0,0,0,0,0,0,0,0,0,0,0,0,0,0,4.858,0.015,14.776,35,0,32,0,0,32,0,0,0,0,0,1,0,0,0
18:10:51.725,0,2.2,1,0,0,0,25,23,2,0,0,34,30,0,0,0,0,0,0,0,0,0,0,0,0,0,0,0,0,0,0,0,0,0,0,0,4.863,0.015,14.782,35,0,32,0,0,32,0,0,0,0,0,1,0,0,0
18:10:51.825,0,-2.4,1,0,0,0,25,23,2,0,0,34,30,0,0,0,0,0,0,0,0,0,0,0,0,0,0,0,0,0,0,0,0,0,0,0,4.863,0.015,14.782,35,0,32,0,0,32,0,0,0,0,0,1,0,0,0
18:10:51.925,0,-3.2,1,0,0,0,25,23,2,0,0,33,31,0,0,0,0,0,0,0,0,0,0,0,0,0,0,0,0,0,0,0,0,0,0,0,4.863,0.015,14.782,35,0,32,0,0,32,0,0,0,0,0,1,0,0,0
18:10:52.025,0,-4.3,1,0,0,0,25,23,2,0,0,33,30,0,0,0,0,0,0,0,0,0,0,0,0,0,0,0,0,0,0,0,0,0,0,0,4.863,0.015,14.782,34,0,32,0,0,32,0,0,0,0,0,1,0,0,0
18:10:52.125,0,-1.8,1,0,0,0,25,23,2,0,0,33,30,0,0,0,0,0,0,0,0,0,0,0,0,0,0,0,0,0,0,0,0,0,0,0,4.858,0.015,14.782,34,0,32,0,0,32,0,0,0,0,0,1,0,0,0
18:10:52.225,0,-5.1,1,0,0,0,25,23,2,0,0,33,30,0,0,0,0,0,0,0,0,0,0,0,0,0,0,0,0,0,0,0,0,0,0,0,4.863,0.015,14.782,35,0,32,0,0,32,0,0,0,0,0,1,0,0,0
18:10:52.325,0,-5.8,1,0,0,0,25,23,2,0,0,33,30,0,0,0,0,0,0,0,0,0,0,0,0,0,0,0,0,0,0,0,0,0,0,0,4.863,0.015,14.782,35,0,32,0,0,32,0,0,0,0,0,1,0,0,0
18:10:52.425,0,2.1,1,0,0,0,25,23,2,0,0,33,30,0,0,0,0,0,0,0,0,0,0,0,0,0,0,0,0,0,0,0,0,0,0,0,4.863,0.015,14.782,35,0,32,0,0,32,0,0,0,0,0,1,0,0,0
18:10:52.525,0,1.9,1,0,0,0,25,23,2,0,0,34,30,0,0,0,0,0,0,0,0,0,0,0,0,0,0,0,0,0,0,0,0,0,0,0,4.863,0.015,14.782,35,0,32,0,0,32,0,0,0,0,0,1,0,0,0
18:10:52.625,0,-3.6,1,0,0,0,25,23,2,0,0,33,29,0,0,0,0,0,0,0,0,0,0,0,0,0,0,0,0,0,0,0,0,0,0,0,4.858,0.015,14.782,35,0,32,0,0,32,0,0,0,0,0,1,0,0,0
18:10:52.725,0,2.4,1,0,0,0,25,23,2,0,0,34,30,0,0,0,0,0,0,0,0,0,0,0,0,0,0,0,0,0,0,0,0,0,0,0,4.863,0,14.782,35,0,32,0,0,32,0,0,0,0,0,1,0,0,0
18:10:52.825,0,-3.4,1,0,0,0,25,23,2,0,0,33,30,0,0,0,0,0,0,0,0,0,0,0,0,0,0,0,0,0,0,0,0,0,0,0,4.863,0,14.782,35,0,32,0,0,32,0,0,0,0,0,1,0,0,0
18:10:52.925,0,5.2,1,0,0,0,25,23,2,0,0,33,30,0,0,0,0,0,0,0,0,0,0,0,0,0,0,0,0,0,0,0,0,0,0,0,4.863,0,14.782,35,0,32,0,0,32,0,0,0,0,0,1,0,0,0
18:10:53.025,0,-6,1,0,0,0,25,23,2,0,0,33,30,0,0,0,0,0,0,0,0,0,0,0,0,0,0,0,0,0,0,0,0,0,0,0,4.863,0,14.782,35,0,32,0,0,32,0,0,0,0,0,1,0,0,0
18:10:53.125,0,1.8,1,0,0,0,25,23,2,0,0,33,29,0,0,0,0,0,0,0,0,0,0,0,0,0,0,0,0,0,0,0,0,0,0,0,4.863,0.015,14.782,34,0,32,0,0,0,0,0,0,0,0,0,0,0,0
18:10:53.225,0,1.3,1,0,0,0,25,23,2,0,0,32,30,0,0,0,0,0,0,0,0,0,0,0,0,0,0,0,0,0,0,0,0,0,0,0,4.863,0.015,14.782,35,0,32,0,0,0,0,0,0,0,0,0,0,0,0
18:10:53.325,0,3.6,1,0,0,0,25,23,2,0,0,33,30,0,0,0,0,0,0,0,0,0,0,0,0,0,0,0,0,0,0,0,0,0,0,0,4.863,0.015,14.782,35,0,32,0,0,0,0,0,0,0,0,0,0,0,0
18:10:53.425,0,-0.7,1,0,0,0,25,23,2,0,0,33,30,0,0,0,0,0,0,0,0,0,0,0,0,0,0,0,0,0,0,0,0,0,0,0,4.863,0.015,14.782,35,0,32,0,0,0,0,0,0,0,0,0,0,0,0
18:10:53.525,0,2.1,1,0,0,0,25,23,2,0,0,33,30,0,0,0,0,0,0,0,0,0,0,0,0,0,0,0,0,0,0,0,0,0,0,0,4.858,0.015,14.782,35,0,32,0,0,0,0,0,0,0,0,0,0,0,0
18:10:53.625,0,1.7,1,0,0,0,25,23,2,0,0,32,30,0,0,0,0,0,0,0,0,0,0,0,0,0,0,0,0,0,0,0,0,0,0,0,4.863,0.015,14.782,35,0,32,0,0,0,0,0,0,0,0,0,0,0,0
18:10:53.725,0,-0.9,1,0,0,0,25,23,2,0,0,33,30,0,0,0,0,0,0,0,0,0,0,0,0,0,0,0,0,0,0,0,0,0,0,0,4.863,0.015,14.782,34,0,32,0,0,0,0,0,0,0,0,0,0,0,0
18:10:53.825,0,3.5,1,0,0,0,25,23,2,0,0,33,30,0,0,0,0,0,0,0,0,0,0,0,0,0,0,0,0,0,0,0,0,0,0,0,4.863,0.015,14.782,35,0,32,0,0,0,0,0,0,0,0,0,0,0,0
18:10:53.925,0,-1.5,1,0,0,0,25,23,2,0,0,33,30,0,0,0,0,0,0,0,0,0,0,0,0,0,0,0,0,0,0,0,0,0,0,0,4.863,0.015,14.782,35,0,32,0,0,0,0,0,0,0,0,0,0,0,0
18:10:54.025,0,-4.4,1,0,0,0,25,23,2,0,0,33,30,0,0,0,0,0,0,0,0,0,0,0,0,0,0,0,0,0,0,0,0,0,0,0,4.863,0.015,14.782,34,0,32,0,0,0,0,0,0,0,0,0,0,0,0
18:10:54.125,0,-0.2,1,0,0,0,25,23,2,0,0,33,30,0,0,0,0,0,0,0,0,0,0,0,0,0,0,0,0,0,0,0,0,0,0,0,4.858,0.015,14.782,34,0,32,0,0,0,0,0,0,0,0,0,0,0,0
18:10:54.225,0,2.6,1,0,0,0,25,23,2,0,0,33,30,0,0,0,0,0,0,0,0,0,0,0,0,0,0,0,0,0,0,0,0,0,0,0,4.863,0.015,14.782,35,0,32,0,0,0,0,0,0,0,0,0,0,0,0
18:10:54.325,0,-4.2,1,0,0,0,25,23,2,0,0,33,30,0,0,0,0,0,0,0,0,0,0,0,0,0,0,0,0,0,0,0,0,0,0,0,4.858,0.015,14.782,34,0,32,0,0,0,0,0,0,0,0,0,0,0,0
18:10:54.425,0,1.2,1,0,0,0,25,23,2,0,0,33,30,0,0,0,0,0,0,0,0,0,0,0,0,0,0,0,0,0,0,0,0,0,0,0,4.863,0.015,14.782,35,0,32,0,0,0,0,0,0,0,0,0,0,0,0
18:10:54.525,0,1.2,1,0,0,0,25,23,2,0,0,33,30,0,0,0,0,0,0,0,0,0,0,0,0,0,0,0,0,0,0,0,0,0,0,0,4.863,0.015,14.782,35,0,32,0,0,0,0,0,0,0,0,0,0,0,0
18:10:54.625,0,-2.7,1,0,0,0,25,23,2,0,0,32,30,0,0,0,0,0,0,0,0,0,0,0,0,0,0,0,0,0,0,0,0,0,0,0,4.858,0.015,14.782,34,0,32,0,0,0,0,0,0,0,0,0,0,0,0
18:10:54.725,0,6.4,1,0,0,0,25,23,2,0,0,33,30,0,0,0,0,0,0,0,0,0,0,0,0,0,0,0,0,0,0,0,0,0,0,0,4.863,0.015,14.782,34,0,32,0,0,0,0,0,0,0,0,0,0,0,0
18:10:54.825,0,3.7,1,0,0,0,25,23,2,0,0,37,30,0,0,0,0,0,0,0,0,0,0,0,0,0,0,0,0,0,0,0,0,0,0,0,4.863,0.015,14.782,35,0,32,0,0,0,0,0,0,0,0,0,0,0,0
18:10:54.925,0,4.5,1,0,0,0,25,23,2,0,0,37,30,0,0,0,0,0,0,0,0,0,0,0,0,0,0,0,0,0,0,0,0,0,0,0,4.863,0.015,14.782,35,0,32,0,0,0,0,0,0,0,0,0,0,0,0
18:10:55.025,0,1,1,0,0,0,25,23,2,0,0,35,30,0,0,0,0,0,0,0,0,0,0,0,0,0,0,0,0,0,0,0,0,0,0,0,4.863,0.015,14.782,34,0,32,0,0,0,0,0,0,0,0,0,0,0,0
18:10:55.125,0,2.2,1,0,0,0,25,23,2,0,0,34,31,0,0,0,0,0,0,0,0,0,0,0,0,0,0,0,0,0,0,0,0,0,0,0,4.863,0.015,14.782,35,0,32,0,0,0,0,0,0,0,0,0,0,0,0
18:10:55.225,0,-1.5,1,0,0,0,25,23,2,0,0,35,31,0,0,0,0,0,0,0,0,0,0,0,0,0,0,0,0,0,0,0,0,0,0,0,4.863,0.015,14.782,35,0,32,0,0,0,0,0,0,0,0,0,0,0,0
18:10:55.325,0,-2.8,1,0,0,0,25,23,2,0,0,34,31,0,0,0,0,0,0,0,0,0,0,0,0,0,0,0,0,0,0,0,0,0,0,0,4.863,0.015,14.782,35,0,32,0,0,0,0,0,0,0,0,0,0,0,0
18:10:55.425,0,4.4,1,0,0,0,25,23,2,0,0,34,30,0,0,0,0,0,0,0,0,0,0,0,0,0,0,0,0,0,0,0,0,0,0,0,4.863,0.015,14.782,34,0,32,0,0,0,0,0,0,0,0,0,0,0,0
18:10:55.525,0,1.8,1,0,0,0,25,23,2,0,0,34,30,0,0,0,0,0,0,0,0,0,0,0,0,0,0,0,0,0,0,0,0,0,0,0,4.863,0.015,14.782,35,0,32,0,0,0,0,0,0,0,0,0,0,0,0
18:10:55.625,0,-1.6,1,0,0,0,25,23,2,0,0,34,30,0,0,0,0,0,0,0,0,0,0,0,0,0,0,0,0,0,0,0,0,0,0,0,4.863,0.015,14.782,35,0,32,0,0,0,0,0,0,0,0,0,0,0,0
18:10:55.725,0,-0.6,1,0,0,0,25,23,2,0,0,34,30,0,0,0,0,0,0,0,0,0,0,0,0,0,0,0,0,0,0,0,0,0,0,0,4.863,0.015,14.782,34,0,32,0,0,0,0,0,0,0,0,0,0,0,0
18:10:55.825,0,0.4,1,0,0,0,25,23,2,0,0,33,30,0,0,0,0,0,0,0,0,0,0,0,0,0,0,0,0,0,0,0,0,0,0,0,4.863,0.015,14.782,35,0,32,0,0,0,0,0,0,0,0,0,0,0,0
18:10:55.925,0,-6.8,1,0,0,0,25,23,2,0,0,34,30,0,0,0,0,0,0,0,0,0,0,0,0,0,0,0,0,0,0,0,0,0,0,0,4.863,0.015,14.782,34,0,32,0,0,0,0,0,0,0,0,0,0,0,0
18:10:56.025,0,-4.4,1,0,0,0,25,23,2,0,0,34,30,0,0,0,0,0,0,0,0,0,0,0,0,0,0,0,0,0,0,0,0,0,0,0,4.863,0.015,14.782,35,0,32,0,0,0,0,0,0,0,0,0,0,0,0
18:10:56.125,0,-4.7,1,0,0,0,25,23,2,0,0,33,30,0,0,0,0,0,0,0,0,0,0,0,0,0,0,0,0,0,0,0,0,0,0,0,4.863,0.015,14.782,34,0,32,0,0,0,0,0,0,0,0,0,0,0,0
18:10:56.225,0,3.5,1,0,0,0,25,23,2,0,0,33,30,0,0,0,0,0,0,0,0,0,0,0,0,0,0,0,0,0,0,0,0,0,0,0,4.863,0.015,14.782,35,0,32,0,0,0,0,0,0,0,0,0,0,0,0
18:10:56.325,0,4.4,1,0,0,0,25,23,2,0,0,33,30,0,0,0,0,0,0,0,0,0,0,0,0,0,0,0,0,0,0,0,0,0,0,0,4.863,0.015,14.782,35,0,32,0,0,0,0,0,0,0,0,0,0,0,0
18:10:56.425,0,-5.1,1,0,0,0,25,23,2,0,0,33,30,0,0,0,0,0,0,0,0,0,0,0,0,0,0,0,0,0,0,0,0,0,0,0,4.863,0.015,14.782,35,0,32,0,0,0,0,0,0,0,0,0,0,0,0
18:10:56.525,0,-1.4,1,0,0,0,25,23,2,0,0,33,30,0,0,0,0,0,0,0,0,0,0,0,0,0,0,0,0,0,0,0,0,0,0,0,4.858,0.015,14.782,35,0,32,0,0,0,0,0,0,0,0,0,0,0,0
18:10:56.625,0,4,1,0,0,0,25,23,2,0,0,33,30,0,0,0,0,0,0,0,0,0,0,0,0,0,0,0,0,0,0,0,0,0,0,0,4.863,0.015,14.782,35,0,32,0,0,0,0,0,0,0,0,0,0,0,0
18:10:56.725,0,3.7,1,0,0,0,25,23,2,0,0,33,29,0,0,0,0,0,0,0,0,0,0,0,0,0,0,0,0,0,0,0,0,0,0,0,4.863,0.015,14.782,35,0,32,0,0,0,0,0,0,0,0,0,0,0,0
18:10:56.825,0,-4.6,1,0,0,0,25,23,2,0,0,33,30,0,0,0,0,0,0,0,0,0,0,0,0,0,0,0,0,0,0,0,0,0,0,0,4.858,0.015,14.782,35,0,32,0,0,0,0,0,0,0,0,0,0,0,0
18:10:56.925,0,-2.2,1,0,0,0,25,23,2,0,0,33,30,0,0,0,0,0,0,0,0,0,0,0,0,0,0,0,0,0,0,0,0,0,0,0,4.863,0.015,14.782,34,0,32,0,0,0,0,0,0,0,0,0,0,0,0
18:10:57.025,0,5.8,1,0,0,0,25,23,2,0,0,33,30,0,0,0,0,0,0,0,0,0,0,0,0,0,0,0,0,0,0,0,0,0,0,0,4.863,0.015,14.782,35,0,32,0,0,0,0,0,0,0,0,0,0,0,0
18:10:57.125,0,-1.4,1,0,0,0,25,23,2,0,0,33,30,0,0,0,0,0,0,0,0,0,0,0,0,0,0,0,0,0,0,0,0,0,0,0,4.863,0.015,14.782,35,0,32,0,0,0,0,0,0,0,0,0,0,0,0
18:10:57.225,0,-2.6,1,0,0,0,25,23,2,0,0,33,30,0,0,0,0,0,0,0,0,0,0,0,0,0,0,0,0,0,0,0,0,0,0,0,4.863,0.015,14.782,35,0,32,0,0,0,0,0,0,0,0,0,0,0,0
18:10:57.325,0,0.5,1,0,0,0,25,23,2,0,0,33,30,0,0,0,0,0,0,0,0,0,0,0,0,0,0,0,0,0,0,0,0,0,0,0,4.863,0.015,14.782,34,0,32,0,0,0,0,0,0,0,0,0,0,0,0
18:10:57.425,0,-1.9,1,0,0,0,25,23,2,0,0,33,30,0,0,0,0,0,0,0,0,0,0,0,0,0,0,0,0,0,0,0,0,0,0,0,4.858,0.015,14.782,35,0,32,0,0,0,0,0,0,0,0,0,0,0,0
18:10:57.525,0,4.2,1,0,0,0,25,23,2,0,0,33,30,0,0,0,0,0,0,0,0,0,0,0,0,0,0,0,0,0,0,0,0,0,0,0,4.863,0.015,14.782,35,0,32,0,0,0,0,0,0,0,0,0,0,0,0
18:10:57.625,0,-3.1,1,0,0,0,25,23,2,0,0,33,30,0,0,0,0,0,0,0,0,0,0,0,0,0,0,0,0,0,0,0,0,0,0,0,4.863,0.015,14.782,34,0,32,0,0,0,0,0,0,0,0,0,0,0,0
18:10:57.725,0,-5.6,1,0,0,0,25,23,2,0,0,33,30,0,0,0,0,0,0,0,0,0,0,0,0,0,0,0,0,0,0,0,0,0,0,0,4.863,0.015,14.782,35,0,32,0,0,0,0,0,0,0,0,0,0,0,0
18:10:57.825,0,0.4,1,0,0,0,25,23,2,0,0,33,30,0,0,0,0,0,0,0,0,0,0,0,0,0,0,0,0,0,0,0,0,0,0,0,4.858,0.015,14.782,35,0,32,0,0,0,0,0,0,0,0,0,0,0,0
18:10:57.925,0,-1,1,0,0,0,25,23,2,0,0,33,30,0,0,0,0,0,0,0,0,0,0,0,0,0,0,0,0,0,0,0,0,0,0,0,4.863,0.015,14.782,34,0,32,0,0,0,0,0,0,0,0,0,0,0,0
18:10:58.025,0,3.3,1,0,0,0,25,23,2,0,0,33,30,0,0,0,0,0,0,0,0,0,0,0,0,0,0,0,0,0,0,0,0,0,0,0,4.863,0.015,14.782,35,0,32,0,0,0,0,0,0,0,0,0,0,0,0
18:10:58.125,0,-0.9,1,0,0,0,25,23,2,0,0,33,30,0,0,0,0,0,0,0,0,0,0,0,0,0,0,0,0,0,0,0,0,0,0,0,4.863,0.015,14.782,35,0,32,0,0,0,0,0,0,0,0,0,0,0,0
18:10:58.225,0,-5.9,1,0,0,0,25,23,2,0,0,33,30,0,0,0,0,0,0,0,0,0,0,0,0,0,0,0,0,0,0,0,0,0,0,0,4.863,0.015,14.782,35,0,32,0,0,0,0,0,0,0,0,0,0,0,0
18:10:58.325,0,-0.9,1,0,0,0,25,23,2,0,0,33,30,0,0,0,0,0,0,0,0,0,0,0,0,0,0,0,0,0,0,0,0,0,0,0,4.863,0.015,14.782,35,0,32,0,0,0,0,0,0,0,0,0,0,0,0
18:10:58.425,0,1.3,1,0,0,0,25,23,2,0,0,33,30,0,0,0,0,0,0,0,0,0,0,0,0,0,0,0,0,0,0,0,0,0,0,0,4.863,0.015,14.782,34,0,32,0,0,0,0,0,0,0,0,0,0,0,0
18:10:58.525,0,-1.5,1,0,0,0,25,23,2,0,0,33,31,0,0,0,0,0,0,0,0,0,0,0,0,0,0,0,0,0,0,0,0,0,0,0,4.863,0.015,14.782,35,0,32,0,0,0,0,0,0,0,0,0,0,0,0
18:10:58.625,0,5.8,1,0,0,0,25,23,2,0,0,33,30,0,0,0,0,0,0,0,0,0,0,0,0,0,0,0,0,0,0,0,0,0,0,0,4.863,0.015,14.782,35,0,32,0,0,0,0,0,0,0,0,0,0,0,0
18:10:58.725,0,2.9,1,0,0,0,25,23,2,0,0,33,30,0,0,0,0,0,0,0,0,0,0,0,0,0,0,0,0,0,0,0,0,0,0,0,4.863,0.015,14.782,35,0,32,0,0,0,0,0,0,0,0,0,0,0,0
18:10:58.825,0,3.7,1,0,0,0,25,23,2,0,0,37,30,0,0,0,0,0,0,0,0,0,0,0,0,0,0,0,0,0,0,0,0,0,0,0,4.863,0.015,14.782,35,0,32,0,0,0,0,0,0,0,0,0,0,0,0
18:10:58.925,0,-6,1,0,0,0,25,23,2,0,0,35,30,0,0,0,0,0,0,0,0,0,0,0,0,0,0,0,0,0,0,0,0,0,0,0,4.863,0.015,14.782,35,0,32,0,0,0,0,0,0,0,0,0,0,0,0
18:10:59.025,0,2.8,1,0,0,0,25,23,2,0,0,35,30,0,0,0,0,0,0,0,0,0,0,0,0,0,0,0,0,0,0,0,0,0,0,0,4.863,0.015,14.782,35,0,32,0,0,0,0,0,0,0,0,0,0,0,0
18:10:59.125,0,4.4,1,0,0,0,25,23,2,0,0,35,31,0,0,0,0,0,0,0,0,0,0,0,0,0,0,0,0,0,0,0,0,0,0,0,4.863,0.015,14.782,35,0,32,0,0,0,0,0,0,0,0,0,0,0,0
18:10:59.225,0,-1.5,1,0,0,0,25,23,2,0,0,34,30,0,0,0,0,0,0,0,0,0,0,0,0,0,0,0,0,0,0,0,0,0,0,0,4.863,0.015,14.782,35,0,32,0,0,0,0,0,0,0,0,0,0,0,0
18:10:59.325,0,-5.1,1,0,0,0,25,23,2,0,0,35,31,0,0,0,0,0,0,0,0,0,0,0,0,0,0,0,0,0,0,0,0,0,0,0,4.863,0.015,14.782,35,0,32,0,0,0,0,0,0,0,0,0,0,0,0
18:10:59.425,0,3,1,0,0,0,25,23,2,0,0,34,30,0,0,0,0,0,0,0,0,0,0,0,0,0,0,0,0,0,0,0,0,0,0,0,4.863,0.015,14.782,35,0,32,0,0,0,0,0,0,0,0,0,0,0,0
18:10:59.525,0,-4.3,1,0,0,0,25,23,2,0,0,34,30,0,0,0,0,0,0,0,0,0,0,0,0,0,0,0,0,0,0,0,0,0,0,0,4.863,0.015,14.782,35,0,32,0,0,0,0,0,0,0,0,0,0,0,0
18:10:59.625,0,2.7,1,0,0,0,25,23,2,0,0,34,30,0,0,0,0,0,0,0,0,0,0,0,0,0,0,0,0,0,0,0,0,0,0,0,4.863,0.015,14.789,34,0,32,0,0,0,0,0,0,0,0,0,0,0,0
18:10:59.725,0,3.8,1,0,0,0,25,23,2,0,0,34,30,0,0,0,0,0,0,0,0,0,0,0,0,0,0,0,0,0,0,0,0,0,0,0,4.863,0.015,14.782,35,0,32,0,0,0,0,0,0,0,0,0,0,0,0
18:10:59.825,0,2,1,0,0,0,25,23,2,0,0,34,30,0,0,0,0,0,0,0,0,0,0,0,0,0,0,0,0,0,0,0,0,0,0,0,4.858,0.015,14.782,35,0,32,0,0,0,0,0,0,0,0,0,0,0,0
18:10:59.925,0,-4,1,0,0,0,25,23,2,0,0,34,30,0,0,0,0,0,0,0,0,0,0,0,0,0,0,0,0,0,0,0,0,0,0,0,4.858,0.015,14.782,35,0,32,0,0,0,0,0,0,0,0,0,0,0,0
18:11:00.025,0,1.4,1,0,0,0,25,23,2,0,0,34,30,0,0,0,0,0,0,0,0,0,0,0,0,0,0,0,0,0,0,0,0,0,0,0,4.863,0.015,14.782,34,0,32,0,0,0,0,0,0,0,0,0,0,0,0
18:11:00.125,0,2.2,1,0,0,0,25,23,2,0,0,33,30,0,0,0,0,0,0,0,0,0,0,0,0,0,0,0,0,0,0,0,0,0,0,0,4.863,0.015,14.782,35,0,32,0,0,0,0,0,0,0,0,0,0,0,0
18:11:00.225,0,3.6,1,0,0,0,25,23,2,0,0,33,30,0,0,0,0,0,0,0,0,0,0,0,0,0,0,0,0,0,0,0,0,0,0,0,4.863,0.015,14.782,35,0,32,0,0,0,0,0,0,0,0,0,0,0,0
18:11:00.325,0,1.5,1,0,0,0,25,23,2,0,0,33,30,0,0,0,0,0,0,0,0,0,0,0,0,0,0,0,0,0,0,0,0,0,0,0,4.863,0.015,14.782,35,0,32,0,0,0,0,0,0,0,0,0,0,0,0
18:11:00.425,0,3.2,1,0,0,0,25,23,2,0,0,33,30,0,0,0,0,0,0,0,0,0,0,0,0,0,0,0,0,0,0,0,0,0,0,0,4.863,0.015,14.782,35,0,32,0,0,0,0,0,0,0,0,0,0,0,0
18:11:00.525,0,2,1,0,0,0,25,23,2,0,0,33,30,0,0,0,0,0,0,0,0,0,0,0,0,0,0,0,0,0,0,0,0,0,0,0,4.863,0.015,14.782,35,0,32,0,0,0,0,0,0,0,0,0,0,0,0
18:11:00.625,0,-2.9,1,0,0,0,25,23,2,0,0,33,30,0,0,0,0,0,0,0,0,0,0,0,0,0,0,0,0,0,0,0,0,0,0,0,4.863,0.015,14.782,35,0,32,0,0,0,0,0,0,0,0,0,0,0,0
18:11:00.725,0,1.8,1,0,0,0,25,23,2,0,0,33,30,0,0,0,0,0,0,0,0,0,0,0,0,0,0,0,0,0,0,0,0,0,0,0,4.863,0.015,14.789,35,0,32,0,0,0,0,0,0,0,0,0,0,0,0
18:11:00.825,0,5.4,1,0,0,0,25,23,2,0,0,33,30,0,0,0,0,0,0,0,0,0,0,0,0,0,0,0,0,0,0,0,0,0,0,0,4.863,0.015,14.782,35,0,32,0,0,0,0,0,0,0,0,0,0,0,0
18:11:00.925,0,-3.2,1,0,0,0,25,23,2,0,0,33,30,0,0,0,0,0,0,0,0,0,0,0,0,0,0,0,0,0,0,0,0,0,0,0,4.863,0.015,14.782,35,0,32,0,0,0,0,0,0,0,0,0,0,0,0
18:11:01.025,0,-1.6,1,0,0,0,25,23,2,0,0,33,30,0,0,0,0,0,0,0,0,0,0,0,0,0,0,0,0,0,0,0,0,0,0,0,4.863,0.015,14.782,34,0,32,0,0,0,0,0,0,0,0,0,0,0,0
18:11:01.125,0,1.6,1,0,0,0,25,23,2,0,0,33,30,0,0,0,0,0,0,0,0,0,0,0,0,0,0,0,0,0,0,0,0,0,0,0,4.863,0.015,14.782,35,0,32,0,0,0,0,0,0,0,0,0,0,0,0
18:11:01.225,0,-1.7,1,0,0,0,25,23,2,0,0,34,30,0,0,0,0,0,0,0,0,0,0,0,0,0,0,0,0,0,0,0,0,0,0,0,4.863,0.015,14.782,35,0,32,0,0,0,0,0,0,0,0,0,0,0,0
18:11:01.325,0,1.3,1,0,0,0,25,23,2,0,0,33,30,0,0,0,0,0,0,0,0,0,0,0,0,0,0,0,0,0,0,0,0,0,0,0,4.858,0.015,14.789,35,0,32,0,0,0,0,0,0,0,0,0,0,0,0
18:11:01.425,0,5.7,1,0,0,0,25,23,2,0,0,33,31,0,0,0,0,0,0,0,0,0,0,0,0,0,0,0,0,0,0,0,0,0,0,0,4.863,0.015,14.782,35,0,32,0,0,0,0,0,0,0,0,0,0,0,0
18:11:01.525,0,1.7,1,0,0,0,25,23,2,0,0,33,30,0,0,0,0,0,0,0,0,0,0,0,0,0,0,0,0,0,0,0,0,0,0,0,4.858,0.015,14.782,35,0,32,0,0,0,0,0,0,0,0,0,0,0,0
18:11:01.625,0,-1.9,1,0,0,0,25,23,2,0,0,33,29,0,0,0,0,0,0,0,0,0,0,0,0,0,0,0,0,0,0,0,0,0,0,0,4.863,0.015,14.782,35,0,32,0,0,0,0,0,0,0,0,0,0,0,0
18:11:01.725,0,0.7,1,0,0,0,25,23,2,0,0,33,30,0,0,0,0,0,0,0,0,0,0,0,0,0,0,0,0,0,0,0,0,0,0,0,4.863,0.015,14.789,35,0,32,0,0,0,0,0,0,0,0,0,0,0,0
18:11:01.825,0,3.2,1,0,0,0,25,23,2,0,0,33,30,0,0,0,0,0,0,0,0,0,0,0,0,0,0,0,0,0,0,0,0,0,0,0,4.863,0.015,14.782,35,0,32,0,0,0,0,0,0,0,0,0,0,0,0
18:11:01.925,0,2.7,1,0,0,0,25,23,2,0,0,33,29,0,0,0,0,0,0,0,0,0,0,0,0,0,0,0,0,0,0,0,0,0,0,0,4.863,0.015,14.789,35,0,32,0,0,0,0,0,0,0,0,0,0,0,0
18:11:02.025,0,-2,1,0,0,0,25,23,2,0,0,33,30,0,0,0,0,0,0,0,0,0,0,0,0,0,0,0,0,0,0,0,0,0,0,0,4.863,0.015,14.782,34,0,32,0,0,0,0,0,0,0,0,0,0,0,0
18:11:02.125,0,1.5,1,0,0,0,25,23,2,0,0,33,30,0,0,0,0,0,0,0,0,0,0,0,0,0,0,0,0,0,0,0,0,0,0,0,4.863,0.015,14.789,35,0,32,0,0,0,0,0,0,0,0,0,0,0,0
18:11:02.225,0,6,1,0,0,0,25,23,2,0,0,33,30,0,0,0,0,0,0,0,0,0,0,0,0,0,0,0,0,0,0,0,0,0,0,0,4.863,0.015,14.782,34,0,32,0,0,0,0,0,0,0,0,0,0,0,0
18:11:02.325,0,5.3,1,0,0,0,25,23,2,0,0,33,30,0,0,0,0,0,0,0,0,0,0,0,0,0,0,0,0,0,0,0,0,0,0,0,4.863,0.015,14.789,35,0,32,0,0,0,0,0,0,0,0,0,0,0,0
18:11:02.425,0,4.6,1,0,0,0,25,23,2,0,0,33,30,0,0,0,0,0,0,0,0,0,0,0,0,0,0,0,0,0,0,0,0,0,0,0,4.863,0.015,14.782,35,0,32,0,0,0,0,0,0,0,0,0,0,0,0
18:11:02.525,0,1.7,1,0,0,0,25,23,2,0,0,33,30,0,0,0,0,0,0,0,0,0,0,0,0,0,0,0,0,0,0,0,0,0,0,0,4.863,0.015,14.782,35,0,32,0,0,0,0,0,0,0,0,0,0,0,0
18:11:02.625,0,-3.2,1,0,0,0,25,23,2,0,0,33,30,0,0,0,0,0,0,0,0,0,0,0,0,0,0,0,0,0,0,0,0,0,0,0,4.863,0.015,14.789,35,0,32,0,0,0,0,0,0,0,0,0,0,0,0
18:11:02.725,0,0.6,1,0,0,0,25,23,2,0,0,33,30,0,0,0,0,0,0,0,0,0,0,0,0,0,0,0,0,0,0,0,0,0,0,0,4.863,0.015,14.782,35,0,32,0,0,0,0,0,0,0,0,0,0,0,0
18:11:02.825,0,2.7,1,0,0,0,25,23,2,0,0,37,30,0,0,0,0,0,0,0,0,0,0,0,0,0,0,0,0,0,0,0,0,0,0,0,4.863,0.015,14.789,35,0,32,0,0,0,0,0,0,0,0,0,0,0,0
18:11:02.925,0,-0.2,1,0,0,0,25,23,2,0,0,35,30,0,0,0,0,0,0,0,0,0,0,0,0,0,0,0,0,0,0,0,0,0,0,0,4.863,0.015,14.782,35,0,32,0,0,0,0,0,0,0,0,0,0,0,0
18:11:03.025,0,-2.3,1,0,0,0,25,23,2,0,0,35,30,0,0,0,0,0,0,0,0,0,0,0,0,0,0,0,0,0,0,0,0,0,0,0,4.863,0.015,14.789,35,0,32,0,0,0,0,0,0,0,0,0,0,0,0
18:11:03.125,0,2.5,1,0,0,0,25,23,2,0,0,35,31,0,0,0,0,0,0,0,0,0,0,0,0,0,0,0,0,0,0,0,0,0,0,0,4.863,0.015,14.782,35,0,32,0,0,0,0,0,0,0,0,0,0,0,0
18:11:03.225,0,-0.8,1,0,0,0,25,23,2,0,0,35,31,0,0,0,0,0,0,0,0,0,0,0,0,0,0,0,0,0,0,0,0,0,0,0,4.863,0.015,14.789,35,0,32,0,0,0,0,0,0,0,0,0,0,0,0
18:11:03.325,0,3.6,1,0,0,0,25,23,2,0,0,35,31,0,0,0,0,0,0,0,0,0,0,0,0,0,0,0,0,0,0,0,0,0,0,0,4.858,0.015,14.782,35,0,32,0,0,0,0,0,0,0,0,0,0,0,0
18:11:03.425,0,4.9,1,0,0,0,25,23,2,0,0,34,31,0,0,0,0,0,0,0,0,0,0,0,0,0,0,0,0,0,0,0,0,0,0,0,4.863,0.015,14.789,35,0,32,0,0,0,0,0,0,0,0,0,0,0,0
18:11:03.525,0,3.8,1,0,0,0,25,23,2,0,0,34,30,0,0,0,0,0,0,0,0,0,0,0,0,0,0,0,0,0,0,0,0,0,0,0,4.858,0.015,14.782,35,0,32,0,0,0,0,0,0,0,0,0,0,0,0
18:11:03.625,0,-3,1,0,0,0,25,23,2,0,0,34,30,0,0,0,0,0,0,0,0,0,0,0,0,0,0,0,0,0,0,0,0,0,0,0,4.858,0.015,14.789,35,0,32,0,0,0,0,0,0,0,0,0,0,0,0
18:11:03.725,0,1.5,1,0,0,0,25,23,2,0,0,34,30,0,0,0,0,0,0,0,0,0,0,0,0,0,0,0,0,0,0,0,0,0,0,0,4.863,0.015,14.782,35,0,32,0,0,0,0,0,0,0,0,0,0,0,0
18:11:03.825,0,1.6,1,0,0,0,25,23,2,0,0,34,30,0,0,0,0,0,0,0,0,0,0,0,0,0,0,0,0,0,0,0,0,0,0,0,4.863,0.015,14.789,35,0,32,0,0,0,0,0,0,0,0,0,0,0,0
18:11:03.925,0,6.4,1,0,0,0,25,23,2,0,0,34,30,0,0,0,0,0,0,0,0,0,0,0,0,0,0,0,0,0,0,0,0,0,0,0,4.863,0.015,14.782,34,0,32,0,0,0,0,0,0,0,0,0,0,0,0
18:11:04.025,0,4.1,1,0,0,0,25,23,2,0,0,34,31,0,0,0,0,0,0,0,0,0,0,0,0,0,0,0,0,0,0,0,0,0,0,0,4.863,0.015,14.789,35,0,32,0,0,0,0,0,0,0,0,0,0,0,0
18:11:04.125,0,-2.7,1,0,0,0,25,23,2,0,0,33,30,0,0,0,0,0,0,0,0,0,0,0,0,0,0,0,0,0,0,0,0,0,0,0,4.863,0.015,14.782,35,0,32,0,0,0,0,0,0,0,0,0,0,0,0
18:11:04.225,0,1.3,1,0,0,0,25,23,2,0,0,33,30,0,0,0,0,0,0,0,0,0,0,0,0,0,0,0,0,0,0,0,0,0,0,0,4.858,0.015,14.789,35,0,32,0,0,0,0,0,0,0,0,0,0,0,0
18:11:04.325,0,6.6,1,0,0,0,25,23,2,0,0,34,30,0,0,0,0,0,0,0,0,0,0,0,0,0,0,0,0,0,0,0,0,0,0,0,4.863,0.015,14.782,35,0,32,0,0,0,0,0,0,0,0,0,0,0,0
18:11:04.425,0,1.9,1,0,0,0,25,23,2,0,0,33,30,0,0,0,0,0,0,0,0,0,0,0,0,0,0,0,0,0,0,0,0,0,0,0,4.858,0.015,14.789,35,0,32,0,0,0,0,0,0,0,0,0,0,0,0
18:11:04.525,0,0.9,1,0,0,0,25,23,2,0,0,33,30,0,0,0,0,0,0,0,0,0,0,0,0,0,0,0,0,0,0,0,0,0,0,0,4.863,0.015,14.782,35,0,32,0,0,0,0,0,0,0,0,0,0,0,0
18:11:04.625,0,5.1,1,0,0,0,25,23,2,0,0,33,30,0,0,0,0,0,0,0,0,0,0,0,0,0,0,0,0,0,0,0,0,0,0,0,4.863,0.015,14.789,35,0,32,0,0,0,0,0,0,0,0,0,0,0,0
18:11:04.725,0,2.5,1,0,0,0,25,23,2,0,0,33,30,0,0,0,0,0,0,0,0,0,0,0,0,0,0,0,0,0,0,0,0,0,0,0,4.863,0.015,14.782,35,0,32,0,0,0,0,0,0,0,0,0,0,0,0
18:11:04.825,0,5.9,1,0,0,0,25,23,2,0,0,33,30,0,0,0,0,0,0,0,0,0,0,0,0,0,0,0,0,0,0,0,0,0,0,0,4.863,0.015,14.782,35,0,32,0,0,0,0,0,0,0,0,0,0,0,0
18:11:04.925,0,5,1,0,0,0,25,23,2,0,0,33,30,0,0,0,0,0,0,0,0,0,0,0,0,0,0,0,0,0,0,0,0,0,0,0,4.863,0.015,14.789,35,0,32,0,0,0,0,0,0,0,0,0,0,0,0
18:11:05.025,0,2.8,1,0,0,0,25,23,2,0,0,33,30,0,0,0,0,0,0,0,0,0,0,0,0,0,0,0,0,0,0,0,0,0,0,0,4.863,0.015,14.782,35,0,32,0,0,0,0,0,0,0,0,0,0,0,0
18:11:05.125,0,-2.6,1,0,0,0,25,23,2,0,0,33,30,0,0,0,0,0,0,0,0,0,0,0,0,0,0,0,0,0,0,0,0,0,0,0,4.863,0.015,14.789,35,0,32,0,0,0,0,0,0,0,0,0,0,0,0
18:11:05.225,0,5.2,1,0,0,0,25,23,2,0,0,33,30,0,0,0,0,0,0,0,0,0,0,0,0,0,0,0,0,0,0,0,0,0,0,0,4.863,0.015,14.782,35,0,32,0,0,0,0,0,0,0,0,0,0,0,0
18:11:05.325,0,3.2,1,0,0,0,25,23,2,0,0,33,30,0,0,0,0,0,0,0,0,0,0,0,0,0,0,0,0,0,0,0,0,0,0,0,4.863,0.015,14.789,34,0,32,0,0,0,0,0,0,0,0,0,0,0,0
18:11:05.425,0,-1,1,0,0,0,25,23,2,0,0,33,29,0,0,0,0,0,0,0,0,0,0,0,0,0,0,0,0,0,0,0,0,0,0,0,4.858,0.015,14.782,35,0,32,0,0,0,0,0,0,0,0,0,0,0,0
18:11:05.525,0,1.9,1,0,0,0,25,23,2,0,0,33,30,0,0,0,0,0,0,0,0,0,0,0,0,0,0,0,0,0,0,0,0,0,0,0,4.863,0.015,14.789,35,0,32,0,0,0,0,0,0,0,0,0,0,0,0
18:11:05.625,0,1.5,1,0,0,0,25,23,2,0,0,33,30,0,0,0,0,0,0,0,0,0,0,0,0,0,0,0,0,0,0,0,0,0,0,0,4.863,0.015,14.782,35,0,32,0,0,0,0,0,0,0,0,0,0,0,0
18:11:05.725,0,-4.1,1,0,0,0,25,23,2,0,0,33,30,0,0,0,0,0,0,0,0,0,0,0,0,0,0,0,0,0,0,0,0,0,0,0,4.863,0.015,14.789,35,0,32,0,0,0,0,0,0,0,0,0,0,0,0
18:11:05.825,0,2.5,1,0,0,0,25,23,2,0,0,33,30,0,0,0,0,0,0,0,0,0,0,0,0,0,0,0,0,0,0,0,0,0,0,0,4.863,0.015,14.782,35,0,32,0,0,0,0,0,0,0,0,0,0,0,0
18:11:05.925,0,-5,1,0,0,0,25,23,2,0,0,33,30,0,0,0,0,0,0,0,0,0,0,0,0,0,0,0,0,0,0,0,0,0,0,0,4.863,0.015,14.789,35,0,32,0,0,0,0,0,0,0,0,0,0,0,0
18:11:06.025,0,2.3,1,0,0,0,25,23,2,0,0,33,30,0,0,0,0,0,0,0,0,0,0,0,0,0,0,0,0,0,0,0,0,0,0,0,4.863,0.015,14.782,35,0,32,0,0,0,0,0,0,0,0,0,0,0,0
18:11:06.125,0,-2.2,1,0,0,0,25,23,2,0,0,33,30,0,0,0,0,0,0,0,0,0,0,0,0,0,0,0,0,0,0,0,0,0,0,0,4.863,0.015,14.789,35,0,32,0,0,0,0,0,0,0,0,0,0,0,0
18:11:06.225,0,-1.5,1,0,0,0,25,23,2,0,0,37,30,0,0,0,0,0,0,0,0,0,0,0,0,0,0,0,0,0,0,0,0,0,0,0,4.858,0.015,14.782,35,0,32,0,0,0,0,0,0,0,0,0,0,0,0
18:11:06.325,0,-3.5,1,0,0,0,25,23,2,0,0,33,29,0,0,0,0,0,0,0,0,0,0,0,0,0,0,0,0,0,0,0,0,0,0,0,4.858,0.015,14.789,35,0,32,0,0,0,0,0,0,0,0,0,0,0,0
18:11:06.425,0,3.9,1,0,0,0,25,23,2,0,0,33,30,0,0,0,0,0,0,0,0,0,0,0,0,0,0,0,0,0,0,0,0,0,0,0,4.858,0.015,14.782,35,0,32,0,0,0,0,0,0,0,0,0,0,0,0
18:11:06.525,0,1.1,1,0,0,0,25,23,2,0,0,33,30,0,0,0,0,0,0,0,0,0,0,0,0,0,0,0,0,0,0,0,0,0,0,0,4.863,0.015,14.789,35,0,32,0,0,0,0,0,0,0,0,0,0,0,0
18:11:06.625,0,0.8,1,0,0,0,25,23,2,0,0,33,30,0,0,0,0,0,0,0,0,0,0,0,0,0,0,0,0,0,0,0,0,0,0,0,4.863,0.015,14.782,35,0,32,0,0,0,0,0,0,0,0,0,0,0,0
18:11:06.725,0,-1.2,1,0,0,0,25,23,2,0,0,34,30,0,0,0,0,0,0,0,0,0,0,0,0,0,0,0,0,0,0,0,0,0,0,0,4.863,0.015,14.789,35,0,32,0,0,0,0,0,0,0,0,0,0,0,0
18:11:06.825,0,2.2,1,0,0,0,25,23,2,0,0,35,30,0,0,0,0,0,0,0,0,0,0,0,0,0,0,0,0,0,0,0,0,0,0,0,4.863,0.015,14.782,35,0,32,0,0,0,0,0,0,0,0,0,0,0,0
18:11:06.925,0,-4.2,1,0,0,0,25,23,2,0,0,35,30,0,0,0,0,0,0,0,0,0,0,0,0,0,0,0,0,0,0,0,0,0,0,0,4.863,0.015,14.782,35,0,32,0,0,0,0,0,0,0,0,0,0,0,0
18:11:07.025,0,0.8,1,0,0,0,25,23,2,0,0,34,31,0,0,0,0,0,0,0,0,0,0,0,0,0,0,0,0,0,0,0,0,0,0,0,4.863,0.015,14.789,35,0,32,0,0,0,0,0,0,0,0,0,0,0,0
18:11:07.125,0,-1.6,1,0,0,0,25,23,2,0,0,35,31,0,0,0,0,0,0,0,0,0,0,0,0,0,0,0,0,0,0,0,0,0,0,0,4.863,0.015,14.782,35,0,32,0,0,0,0,0,0,0,0,0,0,0,0
18:11:07.225,0,0.8,1,0,0,0,25,23,2,0,0,33,30,0,0,0,0,0,0,0,0,0,0,0,0,0,0,0,0,0,0,0,0,0,0,0,4.863,0.015,14.789,35,0,32,0,0,0,0,0,0,0,0,0,0,0,0
18:11:07.325,0,5.3,1,0,0,0,25,23,2,0,0,34,31,0,0,0,0,0,0,0,0,0,0,0,0,0,0,0,0,0,0,0,0,0,0,0,4.863,0.015,14.782,35,0,32,0,0,0,0,0,0,0,0,0,0,0,0
18:11:07.425,0,-1,1,0,0,0,25,23,2,0,0,33,30,0,0,0,0,0,0,0,0,0,0,0,0,0,0,0,0,0,0,0,0,0,0,0,4.858,0.015,14.789,35,0,32,0,0,0,0,0,0,0,0,0,0,0,0
18:11:07.525,0,-1.6,1,0,0,0,25,23,2,0,0,33,30,0,0,0,0,0,0,0,0,0,0,0,0,0,0,0,0,0,0,0,0,0,0,0,4.863,0.015,14.782,35,0,32,0,0,0,0,0,0,0,0,0,0,0,0
18:11:07.625,0,2.6,1,0,0,0,25,23,2,0,0,33,30,0,0,0,0,0,0,0,0,0,0,0,0,0,0,0,0,0,0,0,0,0,0,0,4.863,0.015,14.789,35,0,32,0,0,0,0,0,0,0,0,0,0,0,0
18:11:07.725,0,2.2,1,0,0,0,25,23,2,0,0,33,30,0,0,0,0,0,0,0,0,0,0,0,0,0,0,0,0,0,0,0,0,0,0,0,4.863,0.015,14.782,35,0,32,0,0,0,0,0,0,0,0,0,0,0,0
18:11:07.825,0,-0.7,1,0,0,0,25,23,2,0,0,33,30,0,0,0,0,0,0,0,0,0,0,0,0,0,0,0,0,0,0,0,0,0,0,0,4.858,0.015,14.789,35,0,32,0,0,0,0,0,0,0,0,0,0,0,0
18:11:07.925,0,2.7,1,0,0,0,25,23,2,0,0,33,30,0,0,0,0,0,0,0,0,0,0,0,0,0,0,0,0,0,0,0,0,0,0,0,4.863,0.015,14.782,35,0,32,0,0,0,0,0,0,0,0,0,0,0,0
18:11:08.025,0,6.5,1,0,0,0,25,23,2,0,0,33,30,0,0,0,0,0,0,0,0,0,0,0,0,0,0,0,0,0,0,0,0,0,0,0,4.863,0.015,14.789,35,0,32,0,0,0,0,0,0,0,0,0,0,0,0
18:11:08.125,0,3,1,0,0,0,25,23,2,0,0,34,30,0,0,0,0,0,0,0,0,0,0,0,0,0,0,0,0,0,0,0,0,0,0,0,4.863,0.015,14.782,35,0,32,0,0,0,0,0,0,0,0,0,0,0,0
18:11:08.225,0,-0.6,1,0,0,0,25,23,2,0,0,34,30,0,0,0,0,0,0,0,0,0,0,0,0,0,0,0,0,0,0,0,0,0,0,0,4.858,0.015,14.789,35,0,32,0,0,0,0,0,0,0,0,0,0,0,0
18:11:08.325,0,0.8,1,0,0,0,25,23,2,0,0,33,30,0,0,0,0,0,0,0,0,0,0,0,0,0,0,0,0,0,0,0,0,0,0,0,4.863,0.015,14.782,35,0,32,0,0,0,0,0,0,0,0,0,0,0,0
18:11:08.425,0,-4.6,1,0,0,0,25,23,2,0,0,33,30,0,0,0,0,0,0,0,0,0,0,0,0,0,0,0,0,0,0,0,0,0,0,0,4.863,0.015,14.789,35,0,32,0,0,0,0,0,0,0,0,0,0,0,0
18:11:08.525,0,-4.7,1,0,0,0,25,23,2,0,0,33,30,0,0,0,0,0,0,0,0,0,0,0,0,0,0,0,0,0,0,0,0,0,0,0,4.863,0.015,14.782,35,0,32,0,0,0,0,0,0,0,0,0,0,0,0
18:11:08.625,0,1.9,1,0,0,0,25,23,2,0,0,33,30,0,0,0,0,0,0,0,0,0,0,0,0,0,0,0,0,0,0,0,0,0,0,0,4.863,0.015,14.789,35,0,32,0,0,0,0,0,0,0,0,0,0,0,0
18:11:08.725,0,-4.2,1,0,0,0,25,23,2,0,0,33,30,0,0,0,0,0,0,0,0,0,0,0,0,0,0,0,0,0,0,0,0,0,0,0,4.858,0.015,14.782,35,0,32,0,0,0,0,0,0,0,0,0,0,0,0
18:11:08.825,0,2.9,1,0,0,0,25,23,2,0,0,33,30,0,0,0,0,0,0,0,0,0,0,0,0,0,0,0,0,0,0,0,0,0,0,0,4.863,0.015,14.789,35,0,32,0,0,0,0,0,0,0,0,0,0,0,0
18:11:08.925,0,2.3,1,0,0,0,25,23,2,0,0,33,30,0,0,0,0,0,0,0,0,0,0,0,0,0,0,0,0,0,0,0,0,0,0,0,4.863,0.015,14.782,35,0,32,0,0,0,0,0,0,0,0,0,0,0,0
18:11:09.025,0,2.5,1,0,0,0,25,23,2,0,0,33,30,0,0,0,0,0,0,0,0,0,0,0,0,0,0,0,0,0,0,0,0,0,0,0,4.863,0.015,14.789,35,0,32,0,0,0,0,0,0,0,0,0,0,0,0
18:11:09.125,0,4.7,1,0,0,0,25,23,2,0,0,33,30,0,0,0,0,0,0,0,0,0,0,0,0,0,0,0,0,0,0,0,0,0,0,0,4.863,0.015,14.782,35,0,32,0,0,0,0,0,0,0,0,0,0,0,0
18:11:09.225,0,4.7,1,0,0,0,25,23,2,0,0,33,30,0,0,0,0,0,0,0,0,0,0,0,0,0,0,0,0,0,0,0,0,0,0,0,4.858,0.015,14.782,35,0,32,0,0,0,0,0,0,0,0,0,0,0,0
18:11:09.325,0,2.6,1,0,0,0,25,23,2,0,0,32,30,0,0,0,0,0,0,0,0,0,0,0,0,0,0,0,0,0,0,0,0,0,0,0,4.863,0.015,14.789,35,0,32,0,0,0,0,0,0,0,0,0,0,0,0
18:11:09.425,0,2,1,0,0,0,25,23,2,0,0,33,30,0,0,0,0,0,0,0,0,0,0,0,0,0,0,0,0,0,0,0,0,0,0,0,4.863,0.015,14.782,35,0,32,0,0,0,0,0,0,0,0,0,0,0,0
18:11:09.525,0,3.5,1,0,0,0,25,23,2,0,0,33,30,0,0,0,0,0,0,0,0,0,0,0,0,0,0,0,0,0,0,0,0,0,0,0,4.863,0.015,14.789,35,0,32,0,0,0,0,0,0,0,0,0,0,0,0
18:11:09.625,0,3.9,1,0,0,0,25,23,2,0,0,33,30,0,0,0,0,0,0,0,0,0,0,0,0,0,0,0,0,0,0,0,0,0,0,0,4.863,0.015,14.782,35,0,32,0,0,0,0,0,0,0,0,0,0,0,0
18:11:09.725,0,-5.3,1,0,0,0,25,23,2,0,0,37,30,0,0,0,0,0,0,0,0,0,0,0,0,0,0,0,0,0,0,0,0,0,0,0,4.863,0.015,14.789,35,0,32,0,0,0,0,0,0,0,0,0,0,0,0
18:11:09.825,0,-5.5,1,0,0,0,25,23,2,0,0,37,30,0,0,0,0,0,0,0,0,0,0,0,0,0,0,0,0,0,0,0,0,0,0,0,4.863,0.015,14.782,35,0,32,0,0,0,0,0,0,0,0,0,0,0,0
18:11:09.925,0,-4.7,1,0,0,0,25,23,2,0,0,35,30,0,0,0,0,0,0,0,0,0,0,0,0,0,0,0,0,0,0,0,0,0,0,0,4.863,0.015,14.789,35,0,32,0,0,0,0,0,0,0,0,0,0,0,0
18:11:10.025,0,-3.8,1,0,0,0,25,23,2,0,0,35,30,0,0,0,0,0,0,0,0,0,0,0,0,0,0,0,0,0,0,0,0,0,0,0,4.863,0.015,14.782,35,0,32,0,0,0,0,0,0,0,0,0,0,0,0
18:11:10.125,0,-1.2,1,0,0,0,25,23,2,0,0,35,31,0,0,0,0,0,0,0,0,0,0,0,0,0,0,0,0,0,0,0,0,0,0,0,4.863,0.015,14.789,35,0,32,0,0,0,0,0,0,0,0,0,0,0,0
18:11:10.225,0,1.6,1,0,0,0,25,23,2,0,0,34,30,0,0,0,0,0,0,0,0,0,0,0,0,0,0,0,0,0,0,0,0,0,0,0,4.863,0.015,14.782,35,0,32,0,0,0,0,0,0,0,0,0,0,0,0
18:11:10.325,0,1.1,1,0,0,0,25,23,2,0,0,34,30,0,0,0,0,0,0,0,0,0,0,0,0,0,0,0,0,0,0,0,0,0,0,0,4.863,0.015,14.789,35,0,32,0,0,0,0,0,0,0,0,0,0,0,0
18:11:10.425,0,-1.6,1,0,0,0,25,23,2,0,0,34,31,0,0,0,0,0,0,0,0,0,0,0,0,0,0,0,0,0,0,0,0,0,0,0,4.863,0.015,14.782,35,0,32,0,0,0,0,0,0,0,0,0,0,0,0
18:11:10.525,0,-1.3,1,0,0,0,25,23,2,0,0,34,30,0,0,0,0,0,0,0,0,0,0,0,0,0,0,0,0,0,0,0,0,0,0,0,4.863,0.015,14.789,35,0,32,0,0,0,0,0,0,0,0,0,0,0,0
18:11:10.625,0,2.9,1,0,0,0,25,23,2,0,0,34,30,0,0,0,0,0,0,0,0,0,0,0,0,0,0,0,0,0,0,0,0,0,0,0,4.863,0.015,14.782,35,0,32,0,0,0,0,0,0,0,0,0,0,0,0
18:11:10.725,0,2.3,1,0,0,0,25,23,2,0,0,34,30,0,0,0,0,0,0,0,0,0,0,0,0,0,0,0,0,0,0,0,0,0,0,0,4.858,0.015,14.789,35,0,32,0,0,0,0,0,0,0,0,0,0,0,0
18:11:10.825,0,-0.4,1,0,0,0,25,23,2,0,0,33,30,0,0,0,0,0,0,0,0,0,0,0,0,0,0,0,0,0,0,0,0,0,0,0,4.863,0.015,14.782,35,0,32,0,0,0,0,0,0,0,0,0,0,0,0
18:11:10.925,0,2.8,1,0,0,0,25,23,2,0,0,34,30,0,0,0,0,0,0,0,0,0,0,0,0,0,0,0,0,0,0,0,0,0,0,0,4.863,0.015,14.789,35,0,32,0,0,0,0,0,0,0,0,0,0,0,0
18:11:11.025,0,2.8,1,0,0,0,25,23,2,0,0,34,30,0,0,0,0,0,0,0,0,0,0,0,0,0,0,0,0,0,0,0,0,0,0,0,4.858,0.015,14.782,35,0,32,0,0,0,0,0,0,0,0,0,0,0,0
18:11:11.125,0,-3.7,1,0,0,0,25,23,2,0,0,34,30,0,0,0,0,0,0,0,0,0,0,0,0,0,0,0,0,0,0,0,0,0,0,0,4.863,0.015,14.789,35,0,32,0,0,0,0,0,0,0,0,0,0,0,0
18:11:11.225,0,0.4,1,0,0,0,25,23,2,0,0,33,30,0,0,0,0,0,0,0,0,0,0,0,0,0,0,0,0,0,0,0,0,0,0,0,4.863,0.015,14.782,35,0,32,0,0,0,0,0,0,0,0,0,0,0,0
18:11:11.325,0,-3.2,1,0,0,0,25,23,2,0,0,33,30,0,0,0,0,0,0,0,0,0,0,0,0,0,0,0,0,0,0,0,0,0,0,0,4.863,0.015,14.789,35,0,32,0,0,0,0,0,0,0,0,0,0,0,0
18:11:11.425,0,-2.1,1,0,0,0,25,23,2,0,0,33,30,0,0,0,0,0,0,0,0,0,0,0,0,0,0,0,0,0,0,0,0,0,0,0,4.863,0.015,14.789,35,0,32,0,0,0,0,0,0,0,0,0,0,0,0
18:11:11.525,0,-6.2,1,0,0,0,25,23,2,0,0,33,30,0,0,0,0,0,0,0,0,0,0,0,0,0,0,0,0,0,0,0,0,0,0,0,4.858,0.015,14.782,35,0,32,0,0,0,0,0,0,0,0,0,0,0,0
18:11:11.625,0,2.5,1,0,0,0,25,23,2,0,0,33,30,0,0,0,0,0,0,0,0,0,0,0,0,0,0,0,0,0,0,0,0,0,0,0,4.863,0.015,14.789,35,0,32,0,0,0,0,0,0,0,0,0,0,0,0
18:11:11.725,0,-3.3,1,0,0,0,25,23,2,0,0,33,30,0,0,0,0,0,0,0,0,0,0,0,0,0,0,0,0,0,0,0,0,0,0,0,4.863,0.015,14.782,35,0,32,0,0,0,0,0,0,0,0,0,0,0,0
18:11:11.825,0,3.4,1,0,0,0,25,23,2,0,0,33,30,0,0,0,0,0,0,0,0,0,0,0,0,0,0,0,0,0,0,0,0,0,0,0,4.858,0.015,14.789,35,0,32,0,0,0,0,0,0,0,0,0,0,0,0
18:11:11.925,0,3.2,1,0,0,0,25,23,2,0,0,33,30,0,0,0,0,0,0,0,0,0,0,0,0,0,0,0,0,0,0,0,0,0,0,0,4.863,0.015,14.782,35,0,32,0,0,0,0,0,0,0,0,0,0,0,0
18:11:12.025,0,-1.7,1,0,0,0,25,23,2,0,0,33,30,0,0,0,0,0,0,0,0,0,0,0,0,0,0,0,0,0,0,0,0,0,0,0,4.863,0.015,14.789,34,0,32,0,0,0,0,0,0,0,0,0,0,0,0
18:11:12.125,0,2.5,1,0,0,0,25,23,2,0,0,33,30,0,0,0,0,0,0,0,0,0,0,0,0,0,0,0,0,0,0,0,0,0,0,0,4.863,0.015,14.789,35,0,32,0,0,0,0,0,0,0,0,0,0,0,0
18:11:12.225,0,-2.8,1,0,0,0,25,23,2,0,0,33,30,0,0,0,0,0,0,0,0,0,0,0,0,0,0,0,0,0,0,0,0,0,0,0,4.863,0.015,14.789,35,0,32,0,0,0,0,0,0,0,0,0,0,0,0
18:11:12.325,0,-3.1,1,0,0,0,25,23,2,0,0,34,30,0,0,0,0,0,0,0,0,0,0,0,0,0,0,0,0,0,0,0,0,0,0,0,4.863,0.015,14.789,35,0,32,0,0,0,0,0,0,0,0,0,0,0,0
18:11:12.425,0,-2.1,1,0,0,0,25,23,2,0,0,33,30,0,0,0,0,0,0,0,0,0,0,0,0,0,0,0,0,0,0,0,0,0,0,0,4.858,0.015,14.789,35,0,32,0,0,0,0,0,0,0,0,0,0,0,0
18:11:12.525,0,-3.7,1,0,0,0,25,23,2,0,0,33,30,0,0,0,0,0,0,0,0,0,0,0,0,0,0,0,0,0,0,0,0,0,0,0,4.863,0.015,14.789,35,0,32,0,0,0,0,0,0,0,0,0,0,0,0
18:11:12.625,0,1.4,1,0,0,0,25,23,2,0,0,33,29,0,0,0,0,0,0,0,0,0,0,0,0,0,0,0,0,0,0,0,0,0,0,0,4.863,0.015,14.789,35,0,32,0,0,0,0,0,0,0,0,0,0,0,0
18:11:12.725,0,4.8,1,0,0,0,25,23,2,0,0,33,30,0,0,0,0,0,0,0,0,0,0,0,0,0,0,0,0,0,0,0,0,0,0,0,4.863,0.015,14.789,35,0,32,0,0,0,0,0,0,0,0,0,0,0,0
18:11:12.825,0,2.4,1,0,0,0,25,23,2,0,0,33,30,0,0,0,0,0,0,0,0,0,0,0,0,0,0,0,0,0,0,0,0,0,0,0,4.863,0.015,14.789,35,0,32,0,0,0,0,0,0,0,0,0,0,0,0
18:11:12.925,0,2.7,1,0,0,0,25,23,2,0,0,33,30,0,0,0,0,0,0,0,0,0,0,0,0,0,0,0,0,0,0,0,0,0,0,0,4.863,0.015,14.782,35,0,32,0,0,0,0,0,0,0,0,0,0,0,0
18:11:13.025,0,1.7,1,0,0,0,25,23,2,0,0,33,30,0,0,0,0,0,0,0,0,0,0,0,0,0,0,0,0,0,0,0,0,0,0,0,4.863,0.015,14.789,35,0,32,0,0,0,0,0,0,0,0,0,0,0,0
18:11:13.125,0,1.5,1,0,0,0,25,23,2,0,0,33,30,0,0,0,0,0,0,0,0,0,0,0,0,0,0,0,0,0,0,0,0,0,0,0,4.863,0.015,14.789,35,0,32,0,0,0,0,0,0,0,0,0,0,0,0
18:11:13.225,0,-5.1,1,0,0,0,25,23,2,0,0,33,30,0,0,0,0,0,0,0,0,0,0,0,0,0,0,0,0,0,0,0,0,0,0,0,4.863,0.015,14.789,35,0,32,0,0,0,0,0,0,0,0,0,0,0,0
18:11:13.325,0,5.5,1,0,0,0,25,23,2,0,0,33,30,0,0,0,0,0,0,0,0,0,0,0,0,0,0,0,0,0,0,0,0,0,0,0,4.863,0.015,14.782,35,0,32,0,0,0,0,0,0,0,0,0,0,0,0
18:11:13.425,0,1.1,1,0,0,0,25,23,2,0,0,33,29,0,0,0,0,0,0,0,0,0,0,0,0,0,0,0,0,0,0,0,0,0,0,0,4.863,0.015,14.789,35,0,32,0,0,0,0,0,0,0,0,0,0,0,0
18:11:13.525,0,-2.2,1,0,0,0,25,23,2,0,0,35,30,0,0,0,0,0,0,0,0,0,0,0,0,0,0,0,0,0,0,0,0,0,0,0,4.863,0.015,14.789,34,0,32,0,0,0,0,0,0,0,0,0,0,0,0
18:11:13.625,0,-1.4,1,0,0,0,25,23,2,0,0,35,30,0,0,0,0,0,0,0,0,0,0,0,0,0,0,0,0,0,0,0,0,0,0,0,4.863,0.015,14.789,35,0,32,0,0,0,0,0,0,0,0,0,0,0,0
18:11:13.725,0,-3.1,1,0,0,0,25,23,2,0,0,35,30,0,0,0,0,0,0,0,0,0,0,0,0,0,0,0,0,0,0,0,0,0,0,0,4.863,0.015,14.789,35,0,32,0,0,0,0,0,0,0,0,0,0,0,0
18:11:13.825,0,2.8,1,0,0,0,25,23,2,0,0,35,31,0,0,0,0,0,0,0,0,0,0,0,0,0,0,0,0,0,0,0,0,0,0,0,4.863,0.015,14.782,35,0,32,0,0,0,0,0,0,0,0,0,0,0,0
18:11:13.925,0,2.3,1,0,0,0,25,23,2,0,0,34,31,0,0,0,0,0,0,0,0,0,0,0,0,0,0,0,0,0,0,0,0,0,0,0,4.863,0.015,14.789,35,0,32,0,0,0,0,0,0,0,0,0,0,0,0
18:11:14.025,0,-0.5,1,0,0,0,25,23,2,0,0,34,31,0,0,0,0,0,0,0,0,0,0,0,0,0,0,0,0,0,0,0,0,0,0,0,4.863,0.015,14.782,35,0,32,0,0,0,0,0,0,0,0,0,0,0,0
18:11:14.125,0,-2.9,1,0,0,0,25,23,2,0,0,34,30,0,0,0,0,0,0,0,0,0,0,0,0,0,0,0,0,0,0,0,0,0,0,0,4.863,0.015,14.789,35,0,32,0,0,0,0,0,0,0,0,0,0,0,0
18:11:14.225,0,2.7,1,0,0,0,25,23,2,0,0,34,30,0,0,0,0,0,0,0,0,0,0,0,0,0,0,0,0,0,0,0,0,0,0,0,4.863,0.015,14.782,35,0,32,0,0,0,0,0,0,0,0,0,0,0,0
18:11:14.325,0,5.3,1,0,0,0,25,23,2,0,0,34,30,0,0,0,0,0,0,0,0,0,0,0,0,0,0,0,0,0,0,0,0,0,0,0,4.863,0.015,14.789,35,0,32,0,0,0,0,0,0,0,0,0,0,0,0
18:11:14.425,0,-0.2,1,0,0,0,25,23,2,0,0,33,30,0,0,0,0,0,0,0,0,0,0,0,0,0,0,0,0,0,0,0,0,0,0,0,4.863,0.015,14.789,35,0,32,0,0,0,0,0,0,0,0,0,0,0,0
18:11:14.525,0,0.9,1,0,0,0,25,23,2,0,0,34,31,0,0,0,0,0,0,0,0,0,0,0,0,0,0,0,0,0,0,0,0,0,0,0,4.863,0.015,14.789,35,0,32,0,0,0,0,0,0,0,0,0,0,0,0
18:11:14.625,0,-0.5,1,0,0,0,25,23,2,0,0,33,30,0,0,0,0,0,0,0,0,0,0,0,0,0,0,0,0,0,0,0,0,0,0,0,4.863,0.015,14.782,35,0,32,0,0,0,0,0,0,0,0,0,0,0,0
18:11:14.725,0,-2.4,1,0,0,0,25,23,2,0,0,34,30,0,0,0,0,0,0,0,0,0,0,0,0,0,0,0,0,0,0,0,0,0,0,0,4.863,0.015,14.789,35,0,32,0,0,0,0,0,0,0,0,0,0,0,0
18:11:14.825,0,2.3,1,0,0,0,25,23,2,0,0,34,30,0,0,0,0,0,0,0,0,0,0,0,0,0,0,0,0,0,0,0,0,0,0,0,4.858,0.015,14.782,35,0,32,0,0,0,0,0,0,0,0,0,0,0,0
18:11:14.925,0,-2,1,0,0,0,25,23,2,0,0,33,30,0,0,0,0,0,0,0,0,0,0,0,0,0,0,0,0,0,0,0,0,0,0,0,4.863,0.015,14.789,35,0,32,0,0,0,0,0,0,0,0,0,0,0,0
18:11:15.025,0,-3.7,1,0,0,0,25,23,2,0,0,33,30,0,0,0,0,0,0,0,0,0,0,0,0,0,0,0,0,0,0,0,0,0,0,0,4.863,0.015,14.789,35,0,32,0,0,0,0,0,0,0,0,0,0,0,0
18:11:15.125,0,0.5,1,0,0,0,25,23,2,0,0,33,30,0,0,0,0,0,0,0,0,0,0,0,0,0,0,0,0,0,0,0,0,0,0,0,4.863,0.015,14.789,35,0,32,0,0,0,0,0,0,0,0,0,0,0,0
18:11:15.225,0,-5,1,0,0,0,25,23,2,0,0,33,30,0,0,0,0,0,0,0,0,0,0,0,0,0,0,0,0,0,0,0,0,0,0,0,4.863,0.015,14.789,35,0,32,0,0,0,0,0,0,0,0,0,0,0,0
18:11:15.325,0,3.3,1,0,0,0,25,23,2,0,0,33,31,0,0,0,0,0,0,0,0,0,0,0,0,0,0,0,0,0,0,0,0,0,0,0,4.863,0.015,14.789,35,0,32,0,0,0,0,0,0,0,0,0,0,0,0
18:11:15.425,0,9.2,1,0,0,0,25,23,2,0,0,33,31,0,0,0,0,0,0,0,0,0,0,0,0,0,0,0,0,0,0,0,0,0,0,0,4.863,0.015,14.782,35,0,32,0,0,0,0,0,0,0,0,0,0,0,0
18:11:15.525,0,-1.2,1,0,0,0,25,23,2,0,0,33,30,0,0,0,0,0,0,0,0,0,0,0,0,0,0,0,0,0,0,0,0,0,0,0,4.863,0.015,14.789,35,0,32,0,0,0,0,0,0,0,0,0,0,0,0
18:11:15.625,0,0.5,1,0,0,0,25,23,2,0,0,33,30,0,0,0,0,0,0,0,0,0,0,0,0,0,0,0,0,0,0,0,0,0,0,0,4.863,0.015,14.789,35,0,32,0,0,0,0,0,0,0,0,0,0,0,0
18:11:15.725,0,0.5,1,0,0,0,25,23,2,0,0,33,31,0,0,0,0,0,0,0,0,0,0,0,0,0,0,0,0,0,0,0,0,0,0,0,4.863,0.015,14.789,35,0,32,0,0,0,0,0,0,0,0,0,0,0,0
18:11:15.825,0,0.4,1,0,0,0,25,23,2,0,0,33,30,0,0,0,0,0,0,0,0,0,0,0,0,0,0,0,0,0,0,0,0,0,0,0,4.863,0.015,14.789,35,0,32,0,0,0,0,0,0,0,0,0,0,0,0
18:11:15.925,0,1,1,0,0,0,25,23,2,0,0,33,29,0,0,0,0,0,0,0,0,0,0,0,0,0,0,0,0,0,0,0,0,0,0,0,4.863,0.015,14.789,35,0,32,0,0,0,0,0,0,0,0,0,0,0,0
18:11:16.025,0,-3.7,1,0,0,0,25,23,2,0,0,34,30,0,0,0,0,0,0,0,0,0,0,0,0,0,0,0,0,0,0,0,0,0,0,0,4.863,0.015,14.789,35,0,32,0,0,0,0,0,0,0,0,0,0,0,0
18:11:16.125,0,3,1,0,0,0,25,23,2,0,0,33,30,0,0,0,0,0,0,0,0,0,0,0,0,0,0,0,0,0,0,0,0,0,0,0,4.863,0.015,14.789,35,0,32,0,0,0,0,0,0,0,0,0,0,0,0
18:11:16.225,0,-3.3,1,0,0,0,25,23,2,0,0,33,30,0,0,0,0,0,0,0,0,0,0,0,0,0,0,0,0,0,0,0,0,0,0,0,4.858,0.015,14.789,35,0,32,0,0,0,0,0,0,0,0,0,0,0,0
18:11:16.325,0,2.7,1,0,0,0,25,23,2,0,0,34,30,0,0,0,0,0,0,0,0,0,0,0,0,0,0,0,0,0,0,0,0,0,0,0,4.858,0.015,14.782,35,0,32,0,0,0,0,0,0,0,0,0,0,0,0
18:11:16.425,0,-5.8,1,0,0,0,25,23,2,0,0,33,30,0,0,0,0,0,0,0,0,0,0,0,0,0,0,0,0,0,0,0,0,0,0,0,4.863,0.015,14.789,35,0,32,0,0,0,0,0,0,0,0,0,0,0,0
18:11:16.525,0,3.4,1,0,0,0,25,23,2,0,0,33,29,0,0,0,0,0,0,0,0,0,0,0,0,0,0,0,0,0,0,0,0,0,0,0,4.863,0.015,14.789,35,0,32,0,0,0,0,0,0,0,0,0,0,0,0
18:11:16.625,0,-3.5,1,0,0,0,25,23,2,0,0,33,31,0,0,0,0,0,0,0,0,0,0,0,0,0,0,0,0,0,0,0,0,0,0,0,4.863,0.015,14.789,35,0,32,0,0,0,0,0,0,0,0,0,0,0,0
18:11:16.725,0,3.6,1,0,0,0,25,23,2,0,0,33,30,0,0,0,0,0,0,0,0,0,0,0,0,0,0,0,0,0,0,0,0,0,0,0,4.863,0.015,14.789,35,0,32,0,0,0,0,0,0,0,0,0,0,0,0
18:11:16.825,0,1.3,1,0,0,0,25,23,2,0,0,32,30,0,0,0,0,0,0,0,0,0,0,0,0,0,0,0,0,0,0,0,0,0,0,0,4.858,0.015,14.789,35,0,32,0,0,0,0,0,0,0,0,0,0,0,0
18:11:16.925,0,5.3,1,0,0,0,25,23,2,0,0,33,30,0,0,0,0,0,0,0,0,0,0,0,0,0,0,0,0,0,0,0,0,0,0,0,4.863,0.015,14.789,35,0,32,0,0,0,0,0,0,0,0,0,0,0,0
18:11:17.025,0,1.2,1,0,0,0,25,23,2,0,0,33,30,0,0,0,0,0,0,0,0,0,0,0,0,0,0,0,0,0,0,0,0,0,0,0,4.863,0.015,14.789,35,0,32,0,0,0,0,0,0,0,0,0,0,0,0
18:11:17.125,0,2.3,1,0,0,0,25,23,2,0,0,33,30,0,0,0,0,0,0,0,0,0,0,0,0,0,0,0,0,0,0,0,0,0,0,0,4.858,0.015,14.789,35,0,32,0,0,0,0,0,0,0,0,0,0,0,0
18:11:17.225,0,6.2,1,0,0,0,25,23,2,0,0,37,30,0,0,0,0,0,0,0,0,0,0,0,0,0,0,0,0,0,0,0,0,0,0,0,4.863,0.015,14.789,35,0,32,0,0,0,0,0,0,0,0,0,0,0,0
18:11:17.325,0,3.8,1,0,0,0,25,23,2,0,0,35,30,0,0,0,0,0,0,0,0,0,0,0,0,0,0,0,0,0,0,0,0,0,0,0,4.863,0.015,14.789,35,0,32,0,0,0,0,0,0,0,0,0,0,0,0
18:11:17.425,0,-7.2,1,0,0,0,25,23,2,0,0,35,30,0,0,0,0,0,0,0,0,0,0,0,0,0,0,0,0,0,0,0,0,0,0,0,4.863,0.015,14.789,35,0,32,0,0,0,0,0,0,0,0,0,0,0,0
18:11:17.525,0,-1.4,1,0,0,0,25,23,2,0,0,35,30,0,0,0,0,0,0,0,0,0,0,0,0,0,0,0,0,0,0,0,0,0,0,0,4.863,0.015,14.789,35,0,32,0,0,0,0,0,0,0,0,0,0,0,0
18:11:17.625,0,-2,1,0,0,0,25,23,2,0,0,35,31,0,0,0,0,0,0,0,0,0,0,0,0,0,0,0,0,0,0,0,0,0,0,0,4.863,0.015,14.789,35,0,32,0,0,0,0,0,0,0,0,0,0,0,0
18:11:17.725,0,-1.5,1,0,0,0,25,23,2,0,0,35,30,0,0,0,0,0,0,0,0,0,0,0,0,0,0,0,0,0,0,0,0,0,0,0,4.863,0.015,14.789,35,0,32,0,0,0,0,0,0,0,0,0,0,0,0
18:11:17.825,0,3.3,1,0,0,0,25,23,2,0,0,34,31,0,0,0,0,0,0,0,0,0,0,0,0,0,0,0,0,0,0,0,0,0,0,0,4.863,0.015,14.789,35,0,32,0,0,0,0,0,0,0,0,0,0,0,0
18:11:17.925,0,5.2,1,0,0,0,25,23,2,0,0,34,30,0,0,0,0,0,0,0,0,0,0,0,0,0,0,0,0,0,0,0,0,0,0,0,4.858,0.015,14.789,35,0,32,0,0,0,0,0,0,0,0,0,0,0,0
18:11:18.025,0,1.3,1,0,0,0,25,23,2,0,0,34,30,0,0,0,0,0,0,0,0,0,0,0,0,0,0,0,0,0,0,0,0,0,0,0,4.863,0.015,14.789,35,0,32,0,0,0,0,0,0,0,0,0,0,0,0
18:11:18.125,0,-2.1,1,0,0,0,25,23,2,0,0,34,30,0,0,0,0,0,0,0,0,0,0,0,0,0,0,0,0,0,0,0,0,0,0,0,4.863,0.015,14.789,35,0,32,0,0,0,0,0,0,0,0,0,0,0,0
18:11:18.225,0,-4.3,1,0,0,0,25,23,2,0,0,34,30,0,0,0,0,0,0,0,0,0,0,0,0,0,0,0,0,0,0,0,0,0,0,0,4.863,0.015,14.789,35,0,32,0,0,0,0,0,0,0,0,0,0,0,0
18:11:18.325,0,2.7,1,0,0,0,25,23,2,0,0,34,30,0,0,0,0,0,0,0,0,0,0,0,0,0,0,0,0,0,0,0,0,0,0,0,4.858,0.015,14.789,35,0,32,0,0,0,0,0,0,0,0,0,0,0,0
18:11:18.425,0,2.8,1,0,0,0,25,23,2,0,0,33,30,0,0,0,0,0,0,0,0,0,0,0,0,0,0,0,0,0,0,0,0,0,0,0,4.863,0.015,14.789,35,0,32,0,0,0,0,0,0,0,0,0,0,0,0
18:11:18.525,0,-2,1,0,0,0,25,23,2,0,0,33,30,0,0,0,0,0,0,0,0,0,0,0,0,0,0,0,0,0,0,0,0,0,0,0,4.863,0.015,14.789,34,0,32,0,0,0,0,0,0,0,0,0,0,0,0
18:11:18.625,0,1.8,1,0,0,0,25,23,2,0,0,33,30,0,0,0,0,0,0,0,0,0,0,0,0,0,0,0,0,0,0,0,0,0,0,0,4.863,0.015,14.789,35,0,32,0,0,0,0,0,0,0,0,0,0,0,0
18:11:18.725,0,0.7,1,0,0,0,25,23,2,0,0,33,30,0,0,0,0,0,0,0,0,0,0,0,0,0,0,0,0,0,0,0,0,0,0,0,4.863,0.015,14.789,35,0,32,0,0,0,0,0,0,0,0,0,0,0,0
18:11:18.825,0,0.7,1,0,0,0,25,23,2,0,0,33,30,0,0,0,0,0,0,0,0,0,0,0,0,0,0,0,0,0,0,0,0,0,0,0,4.863,0.015,14.789,35,0,32,0,0,0,0,0,0,0,0,0,0,0,0
18:11:18.925,0,-1.2,1,0,0,0,25,23,2,0,0,34,30,0,0,0,0,0,0,0,0,0,0,0,0,0,0,0,0,0,0,0,0,0,0,0,4.858,0.015,14.789,35,0,32,0,0,0,0,0,0,0,0,0,0,0,0
18:11:19.025,0,3.3,1,0,0,0,25,23,2,0,0,33,30,0,0,0,0,0,0,0,0,0,0,0,0,0,0,0,0,0,0,0,0,0,0,0,4.863,0.015,14.789,35,0,32,0,0,0,0,0,0,0,0,0,0,0,0
18:11:19.125,0,2.8,1,0,0,0,25,23,2,0,0,33,30,0,0,0,0,0,0,0,0,0,0,0,0,0,0,0,0,0,0,0,0,0,0,0,4.858,0.015,14.789,35,0,32,0,0,0,0,0,0,0,0,0,0,0,0
18:11:19.225,0,3,1,0,0,0,25,23,2,0,0,33,30,0,0,0,0,0,0,0,0,0,0,0,0,0,0,0,0,0,0,0,0,0,0,0,4.863,0.015,14.789,35,0,32,0,0,0,0,0,0,0,0,0,0,0,0
18:11:19.325,0,-4.4,1,0,0,0,25,23,2,0,0,33,30,0,0,0,0,0,0,0,0,0,0,0,0,0,0,0,0,0,0,0,0,0,0,0,4.858,0.015,14.789,35,0,32,0,0,0,0,0,0,0,0,0,0,0,0
18:11:19.425,0,-6.4,1,0,0,0,25,23,2,0,0,34,30,0,0,0,0,0,0,0,0,0,0,0,0,0,0,0,0,0,0,0,0,0,0,0,4.858,0.015,14.789,35,0,32,0,0,0,0,0,0,0,0,0,0,0,0
18:11:19.525,0,1.5,1,0,0,0,25,23,2,0,0,33,30,0,0,0,0,0,0,0,0,0,0,0,0,0,0,0,0,0,0,0,0,0,0,0,4.863,0.015,14.789,35,0,32,0,0,0,0,0,0,0,0,0,0,0,0
18:11:19.625,0,-2.3,1,0,0,0,25,23,2,0,0,33,30,0,0,0,0,0,0,0,0,0,0,0,0,0,0,0,0,0,0,0,0,0,0,0,4.863,0.015,14.789,35,0,32,0,0,0,0,0,0,0,0,0,0,0,0
18:11:19.725,0,3,1,0,0,0,25,23,2,0,0,33,30,0,0,0,0,0,0,0,0,0,0,0,0,0,0,0,0,0,0,0,0,0,0,0,4.863,0.015,14.789,35,0,32,0,0,0,0,0,0,0,0,0,0,0,0
18:11:19.825,0,2.5,1,0,0,0,25,23,2,0,0,33,29,0,0,0,0,0,0,0,0,0,0,0,0,0,0,0,0,0,0,0,0,0,0,0,4.863,0.015,14.789,35,0,32,0,0,0,0,0,0,0,0,0,0,0,0
18:11:19.925,0,-6.9,1,0,0,0,25,23,2,0,0,33,30,0,0,0,0,0,0,0,0,0,0,0,0,0,0,0,0,0,0,0,0,0,0,0,4.863,0.015,14.789,35,0,32,0,0,0,0,0,0,0,0,0,0,0,0
18:11:20.025,0,1.5,1,0,0,0,25,23,2,0,0,33,30,0,0,0,0,0,0,0,0,0,0,0,0,0,0,0,0,0,0,0,0,0,0,0,4.863,0.015,14.789,35,0,32,0,0,0,0,0,0,0,0,0,0,0,0
18:11:20.125,0,1.8,1,0,0,0,25,23,2,0,0,33,30,0,0,0,0,0,0,0,0,0,0,0,0,0,0,0,0,0,0,0,0,0,0,0,4.863,0.015,14.789,35,0,32,0,0,0,0,0,0,0,0,0,0,0,0
18:11:20.225,0,-1.8,1,0,0,0,25,23,2,0,0,33,30,0,0,0,0,0,0,0,0,0,0,0,0,0,0,0,0,0,0,0,0,0,0,0,4.863,0.015,14.789,35,0,32,0,0,0,0,0,0,0,0,0,0,0,0
18:11:20.325,0,1.3,1,0,0,0,25,23,2,0,0,33,30,0,0,0,0,0,0,0,0,0,0,0,0,0,0,0,0,0,0,0,0,0,0,0,4.858,0.015,14.789,35,0,32,0,0,0,0,0,0,0,0,0,0,0,0
18:11:20.425,0,-1.4,1,0,0,0,25,23,2,0,0,32,30,0,0,0,0,0,0,0,0,0,0,0,0,0,0,0,0,0,0,0,0,0,0,0,4.863,0.015,14.789,35,0,32,0,0,0,0,0,0,0,0,0,0,0,0
18:11:20.525,0,4.1,1,0,0,0,25,23,2,0,0,33,30,0,0,0,0,0,0,0,0,0,0,0,0,0,0,0,0,0,0,0,0,0,0,0,4.863,0.015,14.789,35,0,32,0,0,0,0,0,0,0,0,0,0,0,0
18:11:20.625,0,4,1,0,0,0,25,23,2,0,0,33,30,0,0,0,0,0,0,0,0,0,0,0,0,0,0,0,0,0,0,0,0,0,0,0,4.863,0.015,14.789,35,0,32,0,0,0,0,0,0,0,0,0,0,0,0
18:11:20.725,0,1.3,1,0,0,0,25,23,2,0,0,33,30,0,0,0,0,0,0,0,0,0,0,0,0,0,0,0,0,0,0,0,0,0,0,0,4.863,0.015,14.789,35,0,32,0,0,0,0,0,0,0,0,0,0,0,0
18:11:20.825,0,3.7,1,0,0,0,25,23,2,0,0,33,30,0,0,0,0,0,0,0,0,0,0,0,0,0,0,0,0,0,0,0,0,0,0,0,4.863,0.015,14.789,35,0,32,0,0,0,0,0,0,0,0,0,0,0,0
18:11:20.925,0,3.9,1,0,0,0,25,23,2,0,0,33,30,0,0,0,0,0,0,0,0,0,0,0,0,0,0,0,0,0,0,0,0,0,0,0,4.858,0.015,14.789,35,0,32,0,0,0,0,0,0,0,0,0,0,0,0
18:11:21.025,0,2,1,0,0,0,25,23,2,0,0,37,29,0,0,0,0,0,0,0,0,0,0,0,0,0,0,0,0,0,0,0,0,0,0,0,4.863,0.015,14.789,35,0,32,0,0,0,0,0,0,0,0,0,0,0,0
18:11:21.125,0,-0.9,1,0,0,0,25,23,2,0,0,35,30,0,0,0,0,0,0,0,0,0,0,0,0,0,0,0,0,0,0,0,0,0,0,0,4.858,0.015,14.789,35,0,32,0,0,0,0,0,0,0,0,0,0,0,0
18:11:21.225,0,-4.8,1,0,0,0,25,23,2,0,0,35,30,0,0,0,0,0,0,0,0,0,0,0,0,0,0,0,0,0,0,0,0,0,0,0,4.863,0.015,14.789,35,0,32,0,0,0,0,0,0,0,0,0,0,0,0
18:11:21.325,0,4.3,1,0,0,0,25,23,2,0,0,35,31,0,0,0,0,0,0,0,0,0,0,0,0,0,0,0,0,0,0,0,0,0,0,0,4.863,0.015,14.789,35,0,32,0,0,0,0,0,0,0,0,0,0,0,0
18:11:21.425,0,-3.5,1,0,0,0,25,23,2,0,0,35,30,0,0,0,0,0,0,0,0,0,0,0,0,0,0,0,0,0,0,0,0,0,0,0,4.863,0.015,14.789,35,0,32,0,0,0,0,0,0,0,0,0,0,0,0
18:11:21.525,0,4.2,1,0,0,0,25,23,2,0,0,34,31,0,0,0,0,0,0,0,0,0,0,0,0,0,0,0,0,0,0,0,0,0,0,0,4.863,0.015,14.789,35,0,32,0,0,0,0,0,0,0,0,0,0,0,0
18:11:21.625,0,-1.3,1,0,0,0,25,23,2,0,0,34,30,0,0,0,0,0,0,0,0,0,0,0,0,0,0,0,0,0,0,0,0,0,0,0,4.863,0.015,14.789,35,0,32,0,0,0,0,0,0,0,0,0,0,0,0
18:11:21.725,0,5.2,1,0,0,0,25,23,2,0,0,34,30,0,0,0,0,0,0,0,0,0,0,0,0,0,0,0,0,0,0,0,0,0,0,0,4.863,0.015,14.789,35,0,32,0,0,0,0,0,0,0,0,0,0,0,0
18:11:21.825,0,2.7,1,0,0,0,25,23,2,0,0,34,30,0,0,0,0,0,0,0,0,0,0,0,0,0,0,0,0,0,0,0,0,0,0,0,4.863,0.015,14.789,35,0,32,0,0,0,0,0,0,0,0,0,0,0,0
18:11:21.925,0,-1,1,0,0,0,25,23,2,0,0,34,30,0,0,0,0,0,0,0,0,0,0,0,0,0,0,0,0,0,0,0,0,0,0,0,4.858,0.015,14.789,35,0,32,0,0,0,0,0,0,0,0,0,0,0,0
18:11:22.025,0,1,1,0,0,0,25,23,2,0,0,33,30,0,0,0,0,0,0,0,0,0,0,0,0,0,0,0,0,0,0,0,0,0,0,0,4.863,0.015,14.789,35,0,32,0,0,0,0,0,0,0,0,0,0,0,0
18:11:22.125,0,2.1,1,0,0,0,25,23,2,0,0,33,30,0,0,0,0,0,0,0,0,0,0,0,0,0,0,0,0,0,0,0,0,0,0,0,4.858,0.015,14.789,35,0,32,0,0,0,0,0,0,0,0,0,0,0,0
18:11:22.225,0,-2.6,1,0,0,0,25,23,2,0,0,33,30,0,0,0,0,0,0,0,0,0,0,0,0,0,0,0,0,0,0,0,0,0,0,0,4.858,0.015,14.789,35,0,32,0,0,0,0,0,0,0,0,0,0,0,0
18:11:22.325,0,4.4,1,0,0,0,25,23,2,0,0,33,30,0,0,0,0,0,0,0,0,0,0,0,0,0,0,0,0,0,0,0,0,0,0,0,4.863,0.015,14.789,35,0,32,0,0,0,0,0,0,0,0,0,0,0,0
18:11:22.425,0,-1.4,1,0,0,0,25,23,2,0,0,33,30,0,0,0,0,0,0,0,0,0,0,0,0,0,0,0,0,0,0,0,0,0,0,0,4.863,0.015,14.789,35,0,32,0,0,0,0,0,0,0,0,0,0,0,0
18:11:22.525,0,4.1,1,0,0,0,25,23,2,0,0,33,30,0,0,0,0,0,0,0,0,0,0,0,0,0,0,0,0,0,0,0,0,0,0,0,4.858,0.015,14.789,35,0,32,0,0,0,0,0,0,0,0,0,0,0,0
18:11:22.625,0,-2.3,1,0,0,0,25,23,2,0,0,34,30,0,0,0,0,0,0,0,0,0,0,0,0,0,0,0,0,0,0,0,0,0,0,0,4.863,0.015,14.789,35,0,32,0,0,0,0,0,0,0,0,0,0,0,0
18:11:22.725,0,5.5,1,0,0,0,25,23,2,0,0,33,30,0,0,0,0,0,0,0,0,0,0,0,0,0,0,0,0,0,0,0,0,0,0,0,4.863,0.015,14.789,35,0,32,0,0,0,0,0,0,0,0,0,0,0,0
18:11:22.825,0,1.6,1,0,0,0,25,23,2,0,0,33,30,0,0,0,0,0,0,0,0,0,0,0,0,0,0,0,0,0,0,0,0,0,0,0,4.863,0.015,14.789,35,0,32,0,0,0,0,0,0,0,0,0,0,0,0
18:11:22.925,0,2.6,1,0,0,0,25,23,2,0,0,33,30,0,0,0,0,0,0,0,0,0,0,0,0,0,0,0,0,0,0,0,0,0,0,0,4.863,0.015,14.789,35,0,32,0,0,0,0,0,0,0,0,0,0,0,0
18:11:23.025,0,0.5,1,0,0,0,25,23,2,0,0,33,30,0,0,0,0,0,0,0,0,0,0,0,0,0,0,0,0,0,0,0,0,0,0,0,4.863,0.015,14.789,35,0,32,0,0,0,0,0,0,0,0,0,0,0,0
18:11:23.125,0,1.2,1,0,0,0,25,23,2,0,0,33,30,0,0,0,0,0,0,0,0,0,0,0,0,0,0,0,0,0,0,0,0,0,0,0,4.863,0.015,14.789,35,0,32,0,0,0,0,0,0,0,0,0,0,0,0
18:11:23.225,0,6.3,1,0,0,0,25,23,2,0,0,33,30,0,0,0,0,0,0,0,0,0,0,0,0,0,0,0,0,0,0,0,0,0,0,0,4.858,0.015,14.789,35,0,32,0,0,0,0,0,0,0,0,0,0,0,0
18:11:23.325,0,2.4,1,0,0,0,25,23,2,0,0,33,30,0,0,0,0,0,0,0,0,0,0,0,0,0,0,0,0,0,0,0,0,0,0,0,4.863,0.015,14.789,35,0,32,0,0,0,0,0,0,0,0,0,0,0,0
18:11:23.425,0,1.1,1,0,0,0,25,23,2,0,0,33,30,0,0,0,0,0,0,0,0,0,0,0,0,0,0,0,0,0,0,0,0,0,0,0,4.863,0.015,14.789,35,0,32,0,0,0,0,0,0,0,0,0,0,0,0
18:11:23.525,0,2,1,0,0,0,25,23,2,0,0,33,30,0,0,0,0,0,0,0,0,0,0,0,0,0,0,0,0,0,0,0,0,0,0,0,4.863,0.015,14.789,35,0,32,0,0,0,0,0,0,0,0,0,0,0,0
18:11:23.625,0,-0.7,1,0,0,0,25,23,2,0,0,33,30,0,0,0,0,0,0,0,0,0,0,0,0,0,0,0,0,0,0,0,0,0,0,0,4.858,0.015,14.789,35,0,32,0,0,0,0,0,0,0,0,0,0,0,0
18:11:23.725,0,-2.6,1,0,0,0,25,23,2,0,0,33,30,0,0,0,0,0,0,0,0,0,0,0,0,0,0,0,0,0,0,0,0,0,0,0,4.863,0.015,14.789,35,0,32,0,0,0,0,0,0,0,0,0,0,0,0
18:11:23.825,0,2,1,0,0,0,25,23,2,0,0,33,30,0,0,0,0,0,0,0,0,0,0,0,0,0,0,0,0,0,0,0,0,0,0,0,4.863,0.015,14.789,35,0,32,0,0,0,0,0,0,0,0,0,0,0,0
18:11:23.925,0,-2,1,0,0,0,25,23,2,0,0,33,30,0,0,0,0,0,0,0,0,0,0,0,0,0,0,0,0,0,0,0,0,0,0,0,4.858,0.015,14.789,35,0,32,0,0,0,0,0,0,0,0,0,0,0,0
18:11:24.025,0,-2.4,1,0,0,0,25,23,2,0,0,33,30,0,0,0,0,0,0,0,0,0,0,0,0,0,0,0,0,0,0,0,0,0,0,0,4.863,0.015,14.789,35,0,32,0,0,0,0,0,0,0,0,0,0,0,0
18:11:24.125,0,-5.8,1,0,0,0,25,23,2,0,0,33,30,0,0,0,0,0,0,0,0,0,0,0,0,0,0,0,0,0,0,0,0,0,0,0,4.863,0.015,14.789,35,0,32,0,0,0,0,0,0,0,0,0,0,0,0
18:11:24.225,0,1.9,1,0,0,0,25,23,2,0,0,33,30,0,0,0,0,0,0,0,0,0,0,0,0,0,0,0,0,0,0,0,0,0,0,0,4.863,0.015,14.789,35,0,32,0,0,0,0,0,0,0,0,0,0,0,0
18:11:24.325,0,1.1,1,0,0,0,25,23,2,0,0,33,30,0,0,0,0,0,0,0,0,0,0,0,0,0,0,0,0,0,0,0,0,0,0,0,4.863,0.015,14.789,35,0,32,0,0,0,0,0,0,0,0,0,0,0,0
18:11:24.425,0,-0.8,1,0,0,0,25,23,2,0,0,33,29,0,0,0,0,0,0,0,0,0,0,0,0,0,0,0,0,0,0,0,0,0,0,0,4.858,0.015,14.789,35,0,32,0,0,0,0,0,0,0,0,0,0,0,0
18:11:24.525,0,2.6,1,0,0,0,25,23,2,0,0,33,30,0,0,0,0,0,0,0,0,0,0,0,0,0,0,0,0,0,0,0,0,0,0,0,4.863,0.015,14.789,35,0,32,0,0,0,0,0,0,0,0,0,0,0,0
18:11:24.625,0,-1.6,1,0,0,0,25,23,2,0,0,33,30,0,0,0,0,0,0,0,0,0,0,0,0,0,0,0,0,0,0,0,0,0,0,0,4.858,0.015,14.789,35,0,32,0,0,0,0,0,0,0,0,0,0,0,0
18:11:24.725,0,1.7,1,0,0,0,25,23,2,0,0,33,30,0,0,0,0,0,0,0,0,0,0,0,0,0,0,0,0,0,0,0,0,0,0,0,4.863,0.015,14.789,35,0,32,0,0,0,0,0,0,0,0,0,0,0,0
18:11:24.825,0,-1,1,0,0,0,25,23,2,0,0,37,30,0,0,0,0,0,0,0,0,0,0,0,0,0,0,0,0,0,0,0,0,0,0,0,4.858,0.015,14.789,35,0,32,0,0,0,0,0,0,0,0,0,0,0,0
18:11:24.925,0,-1.9,1,0,0,0,25,23,2,0,0,35,30,0,0,0,0,0,0,0,0,0,0,0,0,0,0,0,0,0,0,0,0,0,0,0,4.863,0.015,14.789,35,0,32,0,0,0,0,0,0,0,0,0,0,0,0
18:11:25.025,0,4.3,1,0,0,0,25,23,2,0,0,35,30,0,0,0,0,0,0,0,0,0,0,0,0,0,0,0,0,0,0,0,0,0,0,0,4.863,0.015,14.789,35,0,32,0,0,0,0,0,0,0,0,0,0,0,0
18:11:25.125,0,-0.8,1,0,0,0,25,23,2,0,0,35,31,0,0,0,0,0,0,0,0,0,0,0,0,0,0,0,0,0,0,0,0,0,0,0,4.863,0.015,14.789,35,0,32,0,0,0,0,0,0,0,0,0,0,0,0
18:11:25.225,0,4.7,1,0,0,0,25,23,2,0,0,35,31,0,0,0,0,0,0,0,0,0,0,0,0,0,0,0,0,0,0,0,0,0,0,0,4.863,0.015,14.789,35,0,32,0,0,0,0,0,0,0,0,0,0,0,0
18:11:25.325,0,1.3,1,0,0,0,25,23,2,0,0,34,31,0,0,0,0,0,0,0,0,0,0,0,0,0,0,0,0,0,0,0,0,0,0,0,4.858,0.015,14.789,35,0,32,0,0,0,0,0,0,0,0,0,0,0,0
18:11:25.425,0,-4.6,1,0,0,0,25,23,2,0,0,34,30,0,0,0,0,0,0,0,0,0,0,0,0,0,0,0,0,0,0,0,0,0,0,0,4.863,0.015,14.789,35,0,32,0,0,0,0,0,0,0,0,0,0,0,0
18:11:25.525,0,5,1,0,0,0,25,23,2,0,0,34,30,0,0,0,0,0,0,0,0,0,0,0,0,0,0,0,0,0,0,0,0,0,0,0,4.863,0.015,14.789,35,0,32,0,0,0,0,0,0,0,0,0,0,0,0
18:11:25.625,0,3.1,1,0,0,0,25,23,2,0,0,34,30,0,0,0,0,0,0,0,0,0,0,0,0,0,0,0,0,0,0,0,0,0,0,0,4.863,0.015,14.789,35,0,32,0,0,0,0,0,0,0,0,0,0,0,0
18:11:25.725,0,2.8,1,0,0,0,25,23,2,0,0,34,30,0,0,0,0,0,0,0,0,0,0,0,0,0,0,0,0,0,0,0,0,0,0,0,4.858,0.015,14.789,35,0,32,0,0,0,0,0,0,0,0,0,0,0,0
18:11:25.825,0,-1.3,1,0,0,0,25,23,2,0,0,34,30,0,0,0,0,0,0,0,0,0,0,0,0,0,0,0,0,0,0,0,0,0,0,0,4.858,0.015,14.789,35,0,32,0,0,0,0,0,0,0,0,0,0,0,0
18:11:25.925,0,-4.1,1,0,0,0,25,23,2,0,0,33,30,0,0,0,0,0,0,0,0,0,0,0,0,0,0,0,0,0,0,0,0,0,0,0,4.863,0.015,14.789,35,0,32,0,0,0,0,0,0,0,0,0,0,0,0
18:11:26.025,0,3,1,0,0,0,25,23,2,0,0,33,30,0,0,0,0,0,0,0,0,0,0,0,0,0,0,0,0,0,0,0,0,0,0,0,4.863,0.015,14.789,35,0,32,0,0,0,0,0,0,0,0,0,0,0,0
18:11:26.125,0,-3.6,1,0,0,0,25,23,2,0,0,33,30,0,0,0,0,0,0,0,0,0,0,0,0,0,0,0,0,0,0,0,0,0,0,0,4.863,0.015,14.789,35,0,32,0,0,0,0,0,0,0,0,0,0,0,0
18:11:26.225,0,3.1,1,0,0,0,25,23,2,0,0,33,30,0,0,0,0,0,0,0,0,0,0,0,0,0,0,0,0,0,0,0,0,0,0,0,4.863,0.015,14.789,35,0,32,0,0,0,0,0,0,0,0,0,0,0,0
18:11:26.325,0,-4,1,0,0,0,25,23,2,0,0,34,29,0,0,0,0,0,0,0,0,0,0,0,0,0,0,0,0,0,0,0,0,0,0,0,4.863,0.015,14.789,35,0,32,0,0,0,0,0,0,0,0,0,0,0,0
18:11:26.425,0,-3.6,1,0,0,0,25,23,2,0,0,33,30,0,0,0,0,0,0,0,0,0,0,0,0,0,0,0,0,0,0,0,0,0,0,0,4.858,0.015,14.789,35,0,32,0,0,0,0,0,0,0,0,0,0,0,0
18:11:26.525,0,3.1,1,0,0,0,25,23,2,0,0,33,30,0,0,0,0,0,0,0,0,0,0,0,0,0,0,0,0,0,0,0,0,0,0,0,4.863,0.015,14.789,35,0,32,0,0,0,0,0,0,0,0,0,0,0,0
18:11:26.625,0,4.5,1,0,0,0,25,23,2,0,0,33,30,0,0,0,0,0,0,0,0,0,0,0,0,0,0,0,0,0,0,0,0,0,0,0,4.863,0.015,14.789,35,0,32,0,0,0,0,0,0,0,0,0,0,0,0
18:11:26.725,0,-3,1,0,0,0,25,23,2,0,0,33,30,0,0,0,0,0,0,0,0,0,0,0,0,0,0,0,0,0,0,0,0,0,0,0,4.863,0.015,14.789,35,0,32,0,0,0,0,0,0,0,0,0,0,0,0
18:11:26.825,0,2.2,1,0,0,0,25,23,2,0,0,33,30,0,0,0,0,0,0,0,0,0,0,0,0,0,0,0,0,0,0,0,0,0,0,0,4.863,0.015,14.789,35,0,32,0,0,0,0,0,0,0,0,0,0,0,0
18:11:26.925,0,-3.1,1,0,0,0,25,23,2,0,0,33,30,0,0,0,0,0,0,0,0,0,0,0,0,0,0,0,0,0,0,0,0,0,0,0,4.863,0.015,14.789,35,0,32,0,0,0,0,0,0,0,0,0,0,0,0
18:11:27.025,0,0,1,0,0,0,25,23,2,0,0,33,30,0,0,0,0,0,0,0,0,0,0,0,0,0,0,0,0,0,0,0,0,0,0,0,4.863,0.015,14.789,35,0,32,0,0,0,0,0,0,0,0,0,0,0,0
18:11:27.125,0,1.7,1,0,0,0,25,23,2,0,0,32,30,0,0,0,0,0,0,0,0,0,0,0,0,0,0,0,0,0,0,0,0,0,0,0,4.863,0.015,14.789,35,0,32,0,0,0,0,0,0,0,0,0,0,0,0
18:11:27.225,0,-1,1,0,0,0,25,23,2,0,0,33,30,0,0,0,0,0,0,0,0,0,0,0,0,0,0,0,0,0,0,0,0,0,0,0,4.863,0.015,14.789,35,0,32,0,0,0,0,0,0,0,0,0,0,0,0
18:11:27.325,0,-1.6,1,0,0,0,25,23,2,0,0,33,30,0,0,0,0,0,0,0,0,0,0,0,0,0,0,0,0,0,0,0,0,0,0,0,4.863,0.015,14.789,35,0,32,0,0,0,0,0,0,0,0,0,0,0,0
18:11:27.425,0,1.8,1,0,0,0,25,23,2,0,0,33,30,0,0,0,0,0,0,0,0,0,0,0,0,0,0,0,0,0,0,0,0,0,0,0,4.863,0.015,14.789,35,0,32,0,0,0,0,0,0,0,0,0,0,0,0
18:11:27.525,0,0.9,1,0,0,0,25,23,2,0,0,33,30,0,0,0,0,0,0,0,0,0,0,0,0,0,0,0,0,0,0,0,0,0,0,0,4.858,0.015,14.789,35,0,32,0,0,0,0,0,0,0,0,0,0,0,0
18:11:27.625,0,-3.6,1,0,0,0,25,23,2,0,0,33,30,0,0,0,0,0,0,0,0,0,0,0,0,0,0,0,0,0,0,0,0,0,0,0,4.863,0.015,14.789,35,0,32,0,0,0,0,0,0,0,0,0,0,0,0
18:11:27.725,0,0.5,1,0,0,0,25,23,2,0,0,34,30,0,0,0,0,0,0,0,0,0,0,0,0,0,0,0,0,0,0,0,0,0,0,0,4.863,0.015,14.789,35,0,32,0,0,0,0,0,0,0,0,0,0,0,0
18:11:27.825,0,1.8,1,0,0,0,25,23,2,0,0,33,30,0,0,0,0,0,0,0,0,0,0,0,0,0,0,0,0,0,0,0,0,0,0,0,4.863,0.015,14.789,35,0,32,0,0,0,0,0,0,0,0,0,0,0,0
18:11:27.925,0,-1.1,1,0,0,0,25,23,2,0,0,33,30,0,0,0,0,0,0,0,0,0,0,0,0,0,0,0,0,0,0,0,0,0,0,0,4.863,0.015,14.789,35,0,32,0,0,0,0,0,0,0,0,0,0,0,0
18:11:28.025,0,2.5,1,0,0,0,25,23,2,0,0,33,30,0,0,0,0,0,0,0,0,0,0,0,0,0,0,0,0,0,0,0,0,0,0,0,4.858,0.015,14.789,35,0,32,0,0,0,0,0,0,0,0,0,0,0,0
18:11:28.125,0,1.3,1,0,0,0,25,23,2,0,0,33,30,0,0,0,0,0,0,0,0,0,0,0,0,0,0,0,0,0,0,0,0,0,0,0,4.863,0.015,14.789,35,0,32,0,0,0,0,0,0,0,0,0,0,0,0
18:11:28.225,0,-3.8,1,0,0,0,25,23,2,0,0,33,30,0,0,0,0,0,0,0,0,0,0,0,0,0,0,0,0,0,0,0,0,0,0,0,4.863,0.015,14.789,35,0,32,0,0,0,0,0,0,0,0,0,0,0,0
18:11:28.325,0,2.1,1,0,0,0,25,23,2,0,0,33,30,0,0,0,0,0,0,0,0,0,0,0,0,0,0,0,0,0,0,0,0,0,0,0,4.863,0.015,14.789,35,0,32,0,0,0,0,0,0,0,0,0,0,0,0
18:11:28.425,0,0,1,0,0,0,25,23,2,0,0,33,30,0,0,0,0,0,0,0,0,0,0,0,0,0,0,0,0,0,0,0,0,0,0,0,4.858,0.015,14.789,35,0,32,0,0,0,0,0,0,0,0,0,0,0,0
18:11:28.525,0,3.7,1,0,0,0,25,23,2,0,0,35,30,0,0,0,0,0,0,0,0,0,0,0,0,0,0,0,0,0,0,0,0,0,0,0,4.863,0.015,14.789,35,0,32,0,0,0,0,0,0,0,0,0,0,0,0
18:11:28.625,0,2.4,1,0,0,0,25,23,2,0,0,37,30,0,0,0,0,0,0,0,0,0,0,0,0,0,0,0,0,0,0,0,0,0,0,0,4.863,0.015,14.789,35,0,32,0,0,0,0,0,0,0,0,0,0,0,0
18:11:28.725,0,0.1,1,0,0,0,25,23,2,0,0,35,30,0,0,0,0,0,0,0,0,0,0,0,0,0,0,0,0,0,0,0,0,0,0,0,4.863,0.015,14.789,35,0,32,0,0,0,0,0,0,0,0,0,0,0,0
18:11:28.825,0,0.5,1,0,0,0,25,23,2,0,0,35,30,0,0,0,0,0,0,0,0,0,0,0,0,0,0,0,0,0,0,0,0,0,0,0,4.863,0.015,14.789,35,0,32,0,0,0,0,0,0,0,0,0,0,0,0
18:11:28.925,0,-0.4,1,0,0,0,25,23,2,0,0,35,31,0,0,0,0,0,0,0,0,0,0,0,0,0,0,0,0,0,0,0,0,0,0,0,4.863,0.015,14.789,35,0,32,0,0,0,0,0,0,0,0,0,0,0,0
18:11:29.025,0,-3.5,1,0,0,0,25,23,2,0,0,34,30,0,0,0,0,0,0,0,0,0,0,0,0,0,0,0,0,0,0,0,0,0,0,0,4.863,0.015,14.789,35,0,32,0,0,0,0,0,0,0,0,0,0,0,0
18:11:29.125,0,-3,1,0,0,0,25,23,2,0,0,34,30,0,0,0,0,0,0,0,0,0,0,0,0,0,0,0,0,0,0,0,0,0,0,0,4.863,0.015,14.789,35,0,32,0,0,0,0,0,0,0,0,0,0,0,0
18:11:29.225,0,-3.8,1,0,0,0,25,23,2,0,0,34,30,0,0,0,0,0,0,0,0,0,0,0,0,0,0,0,0,0,0,0,0,0,0,0,4.863,0.015,14.789,35,0,32,0,0,0,0,0,0,0,0,0,0,0,0
18:11:29.325,0,2.2,1,0,0,0,25,23,2,0,0,34,30,0,0,0,0,0,0,0,0,0,0,0,0,0,0,0,0,0,0,0,0,0,0,0,4.863,0.015,14.789,35,0,32,0,0,0,0,0,0,0,0,0,0,0,0
18:11:29.425,0,-4.2,1,0,0,0,25,23,2,0,0,34,30,0,0,0,0,0,0,0,0,0,0,0,0,0,0,0,0,0,0,0,0,0,0,0,4.863,0.015,14.789,35,0,32,0,0,0,0,0,0,0,0,0,0,0,0
18:11:29.525,0,-0.5,1,0,0,0,25,23,2,0,0,34,30,0,0,0,0,0,0,0,0,0,0,0,0,0,0,0,0,0,0,0,0,0,0,0,4.863,0.015,14.789,35,0,32,0,0,0,0,0,0,0,0,0,0,0,0
18:11:29.625,0,5.4,1,0,0,0,25,23,2,0,0,33,30,0,0,0,0,0,0,0,0,0,0,0,0,0,0,0,0,0,0,0,0,0,0,0,4.858,0.015,14.789,35,0,32,0,0,0,0,0,0,0,0,0,0,0,0
18:11:29.725,0,-2.5,1,0,0,0,25,23,2,0,0,34,29,0,0,0,0,0,0,0,0,0,0,0,0,0,0,0,0,0,0,0,0,0,0,0,4.858,0.015,14.789,35,0,32,0,0,0,0,0,0,0,0,0,0,0,0
18:11:29.825,0,-4.7,1,0,0,0,25,23,2,0,0,33,30,0,0,0,0,0,0,0,0,0,0,0,0,0,0,0,0,0,0,0,0,0,0,0,4.863,0.015,14.789,35,0,32,0,0,0,0,0,0,0,0,0,0,0,0
18:11:29.925,0,1.8,1,0,0,0,25,23,2,0,0,33,30,0,0,0,0,0,0,0,0,0,0,0,0,0,0,0,0,0,0,0,0,0,0,0,4.863,0.015,14.789,35,0,32,0,0,0,0,0,0,0,0,0,0,0,0
18:11:30.025,0,-2.3,1,0,0,0,25,23,2,0,0,33,30,0,0,0,0,0,0,0,0,0,0,0,0,0,0,0,0,0,0,0,0,0,0,0,4.858,0.015,14.789,35,0,32,0,0,0,0,0,0,0,0,0,0,0,0
18:11:30.125,0,2.7,1,0,0,0,25,23,2,0,0,33,30,0,0,0,0,0,0,0,0,0,0,0,0,0,0,0,0,0,0,0,0,0,0,0,4.858,0.015,14.789,35,0,32,0,0,0,0,0,0,0,0,0,0,0,0
18:11:30.225,0,5.1,1,0,0,0,25,23,2,0,0,33,30,0,0,0,0,0,0,0,0,0,0,0,0,0,0,0,0,0,0,0,0,0,0,0,4.863,0.015,14.789,35,0,32,0,0,0,0,0,0,0,0,0,0,0,0
18:11:30.325,0,2.1,1,0,0,0,25,23,2,0,0,33,30,0,0,0,0,0,0,0,0,0,0,0,0,0,0,0,0,0,0,0,0,0,0,0,4.863,0.015,14.789,35,0,32,0,0,0,0,0,0,0,0,0,0,0,0
18:11:30.425,0,1.2,1,0,0,0,25,23,2,0,0,33,30,0,0,0,0,0,0,0,0,0,0,0,0,0,0,0,0,0,0,0,0,0,0,0,4.863,0.015,14.789,35,0,32,0,0,0,0,0,0,0,0,0,0,0,0
18:11:30.525,0,-3.4,1,0,0,0,25,23,2,0,0,33,30,0,0,0,0,0,0,0,0,0,0,0,0,0,0,0,0,0,0,0,0,0,0,0,4.858,0.015,14.789,35,0,32,0,0,0,0,0,0,0,0,0,0,0,0
18:11:30.625,0,4.6,1,0,0,0,25,23,2,0,0,33,30,0,0,0,0,0,0,0,0,0,0,0,0,0,0,0,0,0,0,0,0,0,0,0,4.863,0.015,14.789,35,0,32,0,0,0,0,0,0,0,0,0,0,0,0
18:11:30.725,0,3.6,1,0,0,0,25,23,2,0,0,33,30,0,0,0,0,0,0,0,0,0,0,0,0,0,0,0,0,0,0,0,0,0,0,0,4.863,0.015,14.789,35,0,32,0,0,0,0,0,0,0,0,0,0,0,0
18:11:30.825,0,5.1,1,0,0,0,25,23,2,0,0,33,30,0,0,0,0,0,0,0,0,0,0,0,0,0,0,0,0,0,0,0,0,0,0,0,4.863,0.015,14.789,35,0,32,0,0,0,0,0,0,0,0,0,0,0,0
18:11:30.925,0,-1.5,1,0,0,0,25,23,2,0,0,33,30,0,0,0,0,0,0,0,0,0,0,0,0,0,0,0,0,0,0,0,0,0,0,0,4.858,0.015,14.789,35,0,32,0,0,0,0,0,0,0,0,0,0,0,0
18:11:31.025,0,5.3,1,0,0,0,25,23,2,0,0,33,30,0,0,0,0,0,0,0,0,0,0,0,0,0,0,0,0,0,0,0,0,0,0,0,4.863,0.015,14.789,35,0,32,0,0,0,0,0,0,0,0,0,0,0,0
18:11:31.125,0,1.6,1,0,0,0,25,23,2,0,0,33,30,0,0,0,0,0,0,0,0,0,0,0,0,0,0,0,0,0,0,0,0,0,0,0,4.858,0.015,14.789,35,0,32,0,0,0,0,0,0,0,0,0,0,0,0
18:11:31.225,0,2.7,1,0,0,0,25,23,2,0,0,33,30,0,0,0,0,0,0,0,0,0,0,0,0,0,0,0,0,0,0,0,0,0,0,0,4.858,0.015,14.789,35,0,32,0,0,0,0,0,0,0,0,0,0,0,0
18:11:31.325,0,1.5,1,0,0,0,25,23,2,0,0,33,29,0,0,0,0,0,0,0,0,0,0,0,0,0,0,0,0,0,0,0,0,0,0,0,4.863,0.015,14.789,35,0,32,0,0,0,0,0,0,0,0,0,0,0,0
18:11:31.425,0,-0.5,1,0,0,0,25,23,2,0,0,33,30,0,0,0,0,0,0,0,0,0,0,0,0,0,0,0,0,0,0,0,0,0,0,0,4.858,0.015,14.789,35,0,32,0,0,0,0,0,0,0,0,0,0,0,0
18:11:31.525,0,0.7,1,0,0,0,25,23,2,0,0,33,30,0,0,0,0,0,0,0,0,0,0,0,0,0,0,0,0,0,0,0,0,0,0,0,4.863,0.015,14.789,35,0,32,0,0,0,0,0,0,0,0,0,0,0,0
18:11:31.625,0,2,1,0,0,0,25,23,2,0,0,33,31,0,0,0,0,0,0,0,0,0,0,0,0,0,0,0,0,0,0,0,0,0,0,0,4.863,0.015,14.789,35,0,32,0,0,0,0,0,0,0,0,0,0,0,0
18:11:31.725,0,3,1,0,0,0,25,23,2,0,0,33,29,0,0,0,0,0,0,0,0,0,0,0,0,0,0,0,0,0,0,0,0,0,0,0,4.863,0.015,14.789,35,0,32,0,0,0,0,0,0,0,0,0,0,0,0
18:11:31.825,0,-3.6,1,0,0,0,25,23,2,0,0,33,30,0,0,0,0,0,0,0,0,0,0,0,0,0,0,0,0,0,0,0,0,0,0,0,4.863,0.015,14.789,35,0,32,0,0,0,0,0,0,0,0,0,0,0,0
18:11:31.925,0,1.6,1,0,0,0,25,23,2,0,0,33,30,0,0,0,0,0,0,0,0,0,0,0,0,0,0,0,0,0,0,0,0,0,0,0,4.863,0.015,14.789,35,0,32,0,0,0,0,0,0,0,0,0,0,0,0
18:11:32.025,0,6.3,1,0,0,0,25,23,2,0,0,33,30,0,0,0,0,0,0,0,0,0,0,0,0,0,0,0,0,0,0,0,0,0,0,0,4.863,0.015,14.789,35,0,32,0,0,0,0,0,0,0,0,0,0,0,0
18:11:32.125,0,4.2,1,0,0,0,25,23,2,0,0,33,30,0,0,0,0,0,0,0,0,0,0,0,0,0,0,0,0,0,0,0,0,0,0,0,4.863,0.015,14.789,35,0,32,0,0,0,0,0,0,0,0,0,0,0,0
18:11:32.225,0,0.4,1,0,0,0,25,23,2,0,0,33,29,0,0,0,0,0,0,0,0,0,0,0,0,0,0,0,0,0,0,0,0,0,0,0,4.863,0.015,14.789,35,0,32,0,0,0,0,0,0,0,0,0,0,0,0
18:11:32.325,0,1.8,1,0,0,0,25,23,2,0,0,37,30,0,0,0,0,0,0,0,0,0,0,0,0,0,0,0,0,0,0,0,0,0,0,0,4.863,0.015,14.789,35,0,32,0,0,0,0,0,0,0,0,0,0,0,0
18:11:32.425,0,4.5,1,0,0,0,25,23,2,0,0,35,30,0,0,0,0,0,0,0,0,0,0,0,0,0,0,0,0,0,0,0,0,0,0,0,4.863,0.015,14.789,35,0,32,0,0,0,0,0,0,0,0,0,0,0,0
18:11:32.525,0,2.9,1,0,0,0,25,23,2,0,0,35,30,0,0,0,0,0,0,0,0,0,0,0,0,0,0,0,0,0,0,0,0,0,0,0,4.863,0.015,14.789,35,0,32,0,0,0,0,0,0,0,0,0,0,0,0
18:11:32.625,0,-2.6,1,0,0,0,25,23,2,0,0,35,30,0,0,0,0,0,0,0,0,0,0,0,0,0,0,0,0,0,0,0,0,0,0,0,4.863,0.015,14.789,35,0,32,0,0,0,0,0,0,0,0,0,0,0,0
18:11:32.725,0,2.3,1,0,0,0,25,23,2,0,0,35,31,0,0,0,0,0,0,0,0,0,0,0,0,0,0,0,0,0,0,0,0,0,0,0,4.863,0.015,14.789,35,0,32,0,0,0,0,0,0,0,0,0,0,0,0
18:11:32.825,0,-3.1,1,0,0,0,25,23,2,0,0,35,30,0,0,0,0,0,0,0,0,0,0,0,0,0,0,0,0,0,0,0,0,0,0,0,4.863,0.015,14.789,35,0,32,0,0,0,0,0,0,0,0,0,0,0,0
18:11:32.925,0,4.2,1,0,0,0,25,23,2,0,0,34,31,0,0,0,0,0,0,0,0,0,0,0,0,0,0,0,0,0,0,0,0,0,0,0,4.863,0.015,14.789,35,0,32,0,0,0,0,0,0,0,0,0,0,0,0
18:11:33.025,0,-3.7,1,0,0,0,25,23,2,0,0,34,30,0,0,0,0,0,0,0,0,0,0,0,0,0,0,0,0,0,0,0,0,0,0,0,4.863,0.015,14.789,35,0,32,0,0,0,0,0,0,0,0,0,0,0,0
18:11:33.125,0,1.9,1,0,0,0,25,23,2,0,0,33,30,0,0,0,0,0,0,0,0,0,0,0,0,0,0,0,0,0,0,0,0,0,0,0,4.863,0.015,14.789,35,0,32,0,0,0,0,0,0,0,0,0,0,0,0
18:11:33.225,0,-2.5,1,0,0,0,25,23,2,0,0,34,30,0,0,0,0,0,0,0,0,0,0,0,0,0,0,0,0,0,0,0,0,0,0,0,4.858,0.015,14.789,35,0,32,0,0,0,0,0,0,0,0,0,0,0,0
18:11:33.325,0,2.5,1,0,0,0,25,23,2,0,0,34,30,0,0,0,0,0,0,0,0,0,0,0,0,0,0,0,0,0,0,0,0,0,0,0,4.863,0.015,14.789,35,0,32,0,0,0,0,0,0,0,0,0,0,0,0
18:11:33.425,0,3.8,1,0,0,0,25,23,2,0,0,33,30,0,0,0,0,0,0,0,0,0,0,0,0,0,0,0,0,0,0,0,0,0,0,0,4.863,0.015,14.789,35,0,32,0,0,0,0,0,0,0,0,0,0,0,0
18:11:33.525,0,4.2,1,0,0,0,25,23,2,0,0,33,30,0,0,0,0,0,0,0,0,0,0,0,0,0,0,0,0,0,0,0,0,0,0,0,4.863,0.015,14.789,35,0,32,0,0,0,0,0,0,0,0,0,0,0,0
18:11:33.625,0,0.9,1,0,0,0,25,23,2,0,0,33,30,0,0,0,0,0,0,0,0,0,0,0,0,0,0,0,0,0,0,0,0,0,0,0,4.863,0.015,14.789,35,0,32,0,0,0,0,0,0,0,0,0,0,0,0
