recording_id,start_s,end_s,Embeddings,Autoencoder,Contrastive,Sequence,Unsupervised,split,Embeddings_support,Autoencoder_support,Contrastive_support,Sequence_support,Unsupervised_support,consensus_support,support_iqr,method_count
07173121b1534f1eadb8b127005d4eff70872388074c2bbe0c93061527d89f40,0.0,10.0,0.999995585666508,0.5173072265144222,0.9959328884209624,0.5584485606556505,-4.121486761391979,train,0.7177177177177178,0.10810810810810811,0.6576576576576577,0.14114114114114115,0.3663663663663664,0.3663663663663664,0.5165165165165165,5
07173121b1534f1eadb8b127005d4eff70872388074c2bbe0c93061527d89f40,2.0,12.0,0.9999569577399716,0.3302331030471865,0.9969525149895158,0.2100671188215432,-2.9942688354652858,train,0.4114114114114114,0.24924924924924924,0.7057057057057057,0.3333333333333333,0.7357357357357357,0.4114114114114114,0.37237237237237236,5
07173121b1534f1eadb8b127005d4eff70872388074c2bbe0c93061527d89f40,4.0,14.0,0.9999990277045528,0.379865130954903,0.9826158092741688,0.2133704677084481,-2.865904998510959,train,0.8048048048048048,0.1831831831831832,0.3213213213213213,0.32432432432432434,0.7807807807807807,0.32432432432432434,0.45945945945945943,5
07173121b1534f1eadb8b127005d4eff70872388074c2bbe0c93061527d89f40,6.0,16.0,0.9999975045031702,0.3016988432111834,0.995931131769432,0.2118859291155412,-6.175443157669772,train,0.7777777777777778,0.27927927927927926,0.6546546546546547,0.3303303303303303,0.21621621621621623,0.3303303303303303,0.3753753753753754,5
07173121b1534f1eadb8b127005d4eff70872388074c2bbe0c93061527d89f40,8.0,18.0,0.999995394261083,0.2901056911835412,0.9474198905664812,0.1974288148335543,-5.284620569853588,train,0.7057057057057057,0.2912912912912913,0.06306306306306306,0.35435435435435436,0.27927927927927926,0.2912912912912913,0.0750750750750751,5
07173121b1534f1eadb8b127005d4eff70872388074c2bbe0c93061527d89f40,10.0,20.0,0.999992092811568,0.2842875304752044,0.9641007969512888,0.202059804226156,-2.923983921558532,train,0.6276276276276276,0.29429429429429427,0.15915915915915915,0.3483483483483483,0.7627627627627628,0.3483483483483483,0.3333333333333333,5
07173121b1534f1eadb8b127005d4eff70872388074c2bbe0c93061527d89f40,12.0,22.0,0.9999887460515028,0.2227128670232829,0.9924694364504396,0.1645137237532611,-2.809644653464496,train,0.5735735735735735,0.37537537537537535,0.5255255255255256,0.4444444444444444,0.8048048048048048,0.5255255255255256,0.1291291291291291,5
1a8433bf1168531d6f7c2deb5c37b27de5ddf1d9f65316416ecbf000289fd40a,0.0,10.0,0.9999993532958968,0.2389461716048827,0.9628637217293734,0.2084350556320338,-9.813871721705294,train,0.8108108108108109,0.35735735735735735,0.15315315315315314,0.33633633633633636,0.08708708708708708,0.33633633633633636,0.2042042042042042,5
1a8433bf1168531d6f7c2deb5c37b27de5ddf1d9f65316416ecbf000289fd40a,2.0,12.0,0.9999967159899276,0.2560271159586181,0.9505225459042712,0.2237130550543397,-9.476634688819484,train,0.7507507507507507,0.3213213213213213,0.08108108108108109,0.3123123123123123,0.0990990990990991,0.3123123123123123,0.2222222222222222,5
1a8433bf1168531d6f7c2deb5c37b27de5ddf1d9f65316416ecbf000289fd40a,4.0,14.0,0.9999975786800634,0.179878049745433,0.9586070070633244,0.1752681307940671,-4.853354070781439,train,0.7837837837837838,0.45045045045045046,0.12912912912912913,0.4144144144144144,0.3183183183183183,0.4144144144144144,0.13213213213213215,5
1a8433bf1168531d6f7c2deb5c37b27de5ddf1d9f65316416ecbf000289fd40a,6.0,16.0,0.9999945356073018,0.1736090712389179,0.9431126196740344,0.1703339678919228,-8.458282801815926,train,0.6786786786786787,0.46546546546546547,0.06006006006006006,0.42042042042042044,0.13213213213213212,0.42042042042042044,0.33333333333333337,5
1a8433bf1168531d6f7c2deb5c37b27de5ddf1d9f65316416ecbf000289fd40a,8.0,18.0,0.9999975045031702,0.2408735045262102,0.9559776925363094,0.193256995211569,-7.832446358394382,train,0.7777777777777778,0.35135135135135137,0.10810810810810811,0.36036036036036034,0.14714714714714713,0.35135135135135137,0.2132132132132132,5
1a8433bf1168531d6f7c2deb5c37b27de5ddf1d9f65316416ecbf000289fd40a,10.0,20.0,0.9999954907843196,0.2274237113801237,0.9029019717103336,0.1755050057820137,-7.574939307746035,train,0.7117117117117117,0.3663663663663664,0.024024024024024024,0.4114114114114114,0.15615615615615616,0.3663663663663664,0.2552552552552553,5
1a8433bf1168531d6f7c2deb5c37b27de5ddf1d9f65316416ecbf000289fd40a,12.0,22.0,0.9999914914668891,0.2680013891723809,0.9768698274963296,0.1886220505136902,-2.991632491356235,train,0.6096096096096096,0.30930930930930933,0.24324324324324326,0.36936936936936937,0.7417417417417418,0.36936936936936937,0.3003003003003003,5
1cca7c275163fc193899535ebb0c13f26676e8568d3c8adac48dbcc224812b0c,0.0,10.0,0.9998204477080364,0.0149274634780912,0.9998240739193884,0.0258301415940358,-3.3291713777194447,train,0.2552552552552553,0.7147147147147147,0.7987987987987988,0.6936936936936937,0.6906906906906907,0.6936936936936937,0.024024024024024038,5
1cca7c275163fc193899535ebb0c13f26676e8568d3c8adac48dbcc224812b0c,2.0,12.0,0.994179746644014,0.0221016588773223,0.9992567076332064,0.0360341057071688,-3.07167286104176,train,0.06306306306306306,0.6726726726726727,0.7717717717717718,0.6606606606606606,0.7207207207207207,0.6726726726726727,0.06006006006006004,5
1cca7c275163fc193899535ebb0c13f26676e8568d3c8adac48dbcc224812b0c,4.0,14.0,0.9976903303530728,0.0239874725688073,0.9987540650940157,0.0422203615864073,-2.854273770515935,train,0.09309309309309309,0.6666666666666666,0.7537537537537538,0.6486486486486487,0.7897897897897898,0.6666666666666666,0.10510510510510507,5
1cca7c275163fc193899535ebb0c13f26676e8568d3c8adac48dbcc224812b0c,6.0,16.0,0.9952967170465188,0.0316496282515924,0.998976371263672,0.0451114650890168,-2.600028755583688,train,0.06906906906906907,0.6396396396396397,0.7567567567567568,0.6366366366366366,0.8588588588588588,0.6396396396396397,0.12012012012012019,5
1cca7c275163fc193899535ebb0c13f26676e8568d3c8adac48dbcc224812b0c,8.0,18.0,0.9938488370366096,0.0393104990846092,0.9966587280225808,0.04447205017165,-3.2271043126386973,train,0.06006006006006006,0.6366366366366366,0.6996996996996997,0.6396396396396397,0.7027027027027027,0.6396396396396397,0.06306306306306309,5
1cca7c275163fc193899535ebb0c13f26676e8568d3c8adac48dbcc224812b0c,10.0,20.0,0.9978477320677188,0.0271536664477704,0.9911148031356316,0.0320847863194588,-3.3964503067900207,train,0.0990990990990991,0.6546546546546547,0.48348348348348347,0.6726726726726727,0.6696696696696697,0.6546546546546547,0.1861861861861862,5
1cca7c275163fc193899535ebb0c13f26676e8568d3c8adac48dbcc224812b0c,12.0,22.0,0.9983561278752244,0.0176871377692401,0.9784081634285252,0.0240780486068258,-3.4345520903629803,train,0.11711711711711711,0.6876876876876877,0.26126126126126126,0.7027027027027027,0.6666666666666666,0.6666666666666666,0.4264264264264265,5
1cca7c275163fc193899535ebb0c13f26676e8568d3c8adac48dbcc224812b0c,14.0,24.0,0.9958278438916556,0.0115648676508357,0.9538842762524764,0.0194616874476887,-3.4516617382844887,train,0.07207207207207207,0.7267267267267268,0.10510510510510511,0.7177177177177178,0.6636636636636637,0.6636636636636637,0.6126126126126127,5
1cca7c275163fc193899535ebb0c13f26676e8568d3c8adac48dbcc224812b0c,16.0,26.0,0.9931703962613564,0.0155745111731086,0.9482408191937732,0.0189325401329141,-2.884196492172572,train,0.05105105105105105,0.7057057057057057,0.06906906906906907,0.7237237237237237,0.7687687687687688,0.7057057057057057,0.6546546546546547,5
1cca7c275163fc193899535ebb0c13f26676e8568d3c8adac48dbcc224812b0c,18.0,28.0,0.9927147079878405,0.0151624142552326,0.9568371325120364,0.0190139046801579,-2.598276646457576,train,0.04504504504504504,0.7087087087087087,0.11711711711711711,0.7207207207207207,0.8618618618618619,0.7087087087087087,0.6036036036036035,5
1cca7c275163fc193899535ebb0c13f26676e8568d3c8adac48dbcc224812b0c,20.0,30.0,0.9949997549945548,0.0178646937351899,0.9567009471513396,0.0187148134778123,-2.614521694077715,train,0.06606606606606606,0.6846846846846847,0.11411411411411411,0.7267267267267268,0.8558558558558559,0.6846846846846847,0.6126126126126127,5
1cca7c275163fc193899535ebb0c13f26676e8568d3c8adac48dbcc224812b0c,22.0,32.0,0.9909621695586116,0.0160652923492005,0.9699325319881176,0.0196981778158536,-2.710108367936578,train,0.03903903903903904,0.6966966966966966,0.1891891891891892,0.7147147147147147,0.8318318318318318,0.6966966966966966,0.5255255255255256,5
1cca7c275163fc193899535ebb0c13f26676e8568d3c8adac48dbcc224812b0c,24.0,34.0,0.9895827440120976,0.0158042038386182,0.9839661563254312,0.0206508705822932,-2.875909881842469,train,0.03003003003003003,0.7027027027027027,0.34534534534534533,0.7087087087087087,0.7747747747747747,0.7027027027027027,0.3633633633633634,5
1cca7c275163fc193899535ebb0c13f26676e8568d3c8adac48dbcc224812b0c,26.0,36.0,0.990990907556194,0.0167234347103919,0.9911148031356316,0.0247817711213094,-6.219719744826126,train,0.042042042042042045,0.6906906906906907,0.48348348348348347,0.6966966966966966,0.2042042042042042,0.48348348348348347,0.48648648648648646,5
1cca7c275163fc193899535ebb0c13f26676e8568d3c8adac48dbcc224812b0c,28.0,38.0,0.9931079977235784,0.0187420631362232,0.9941442133725386,0.028090062491314,-4.325680689393873,train,0.04804804804804805,0.6786786786786787,0.5795795795795796,0.6846846846846847,0.35435435435435436,0.5795795795795796,0.32432432432432434,5
200a690cbeb5a4d9f415d6a933e60aa13a0cf5ee5c03c71731d7739c8ecbda5e,0.0,10.0,0.9999999957385446,0.0009516935923846,0.9999995563359776,0.0089474114680498,-3.825720791576857,train,0.96996996996997,0.954954954954955,0.948948948948949,0.972972972972973,0.45345345345345345,0.954954954954955,0.02102102102102099,5
200a690cbeb5a4d9f415d6a933e60aa13a0cf5ee5c03c71731d7739c8ecbda5e,2.0,12.0,0.9999996881462802,0.0011510061598931,0.9998678420026728,0.0091837598100163,-3.7076528406111975,train,0.8228228228228228,0.9369369369369369,0.8018018018018018,0.954954954954955,0.5495495495495496,0.8228228228228228,0.1351351351351351,5
200a690cbeb5a4d9f415d6a933e60aa13a0cf5ee5c03c71731d7739c8ecbda5e,4.0,14.0,0.9834437150919122,0.1531494472674861,0.9756739119817224,0.165987743482859,-2.809940451343068,train,0.009009009009009009,0.5015015015015015,0.22522522522522523,0.43543543543543545,0.8018018018018018,0.43543543543543545,0.27627627627627627,5
200a690cbeb5a4d9f415d6a933e60aa13a0cf5ee5c03c71731d7739c8ecbda5e,6.0,16.0,0.9862861602778934,0.1924342021957209,0.9820783068084902,0.1777202595399553,-2.712931772115474,train,0.018018018018018018,0.42042042042042044,0.29429429429429427,0.3963963963963964,0.8258258258258259,0.3963963963963964,0.12612612612612617,5
200a690cbeb5a4d9f415d6a933e60aa13a0cf5ee5c03c71731d7739c8ecbda5e,8.0,18.0,0.9886537463855308,0.1738189387277894,0.9783989556536692,0.1775490635559232,-2.717401237259123,train,0.024024024024024024,0.4624624624624625,0.25825825825825827,0.4024024024024024,0.8228228228228228,0.4024024024024024,0.2042042042042042,5
200a690cbeb5a4d9f415d6a933e60aa13a0cf5ee5c03c71731d7739c8ecbda5e,10.0,20.0,0.987962335694988,0.2235149034534236,0.9795847362734924,0.1776662935346365,-2.7210506174617746,train,0.021021021021021023,0.37237237237237236,0.2672672672672673,0.3993993993993994,0.8198198198198198,0.37237237237237236,0.1321321321321321,5
200a690cbeb5a4d9f415d6a933e60aa13a0cf5ee5c03c71731d7739c8ecbda5e,12.0,22.0,0.9852319319460788,0.2183494662502783,0.9840879126498222,0.1765242007363338,-2.72148939027648,train,0.012012012012012012,0.38738738738738737,0.35135135135135137,0.4084084084084084,0.8168168168168168,0.38738738738738737,0.05705705705705705,5
200a690cbeb5a4d9f415d6a933e60aa13a0cf5ee5c03c71731d7739c8ecbda5e,14.0,24.0,0.9998605850897022,0.0100611870210054,0.9963109177892432,0.0141130936523534,-2.9690780664483807,train,0.2882882882882883,0.7447447447447447,0.6756756756756757,0.7957957957957958,0.7507507507507507,0.7447447447447447,0.07507507507507505,5
200a690cbeb5a4d9f415d6a933e60aa13a0cf5ee5c03c71731d7739c8ecbda5e,16.0,26.0,0.9999985574844592,0.0013576215051972,0.9997715820189308,0.0094084341643016,-3.576067563201423,train,0.7987987987987988,0.9309309309309309,0.7897897897897898,0.948948948948949,0.6486486486486487,0.7987987987987988,0.14114114114114118,5
200a690cbeb5a4d9f415d6a933e60aa13a0cf5ee5c03c71731d7739c8ecbda5e,18.0,28.0,0.9787997768586616,0.1377905499781311,0.989028670487442,0.1327315631068295,-2.860185058384702,train,0.003003003003003003,0.5375375375375375,0.45045045045045046,0.4924924924924925,0.7867867867867868,0.4924924924924925,0.08708708708708707,5
200a690cbeb5a4d9f415d6a933e60aa13a0cf5ee5c03c71731d7739c8ecbda5e,20.0,30.0,0.9998517969679742,0.2484356507601327,0.9953871172676289,0.6025519525588725,-4.194229652411926,train,0.2822822822822823,0.3333333333333333,0.6366366366366366,0.12312312312312312,0.3633633633633634,0.3333333333333333,0.08108108108108109,5
200a690cbeb5a4d9f415d6a933e60aa13a0cf5ee5c03c71731d7739c8ecbda5e,22.0,32.0,0.9999157794531596,0.2477335563242771,0.996490492790734,0.6663924704821753,-4.575970440923848,train,0.32732732732732733,0.33933933933933935,0.6906906906906907,0.10810810810810811,0.3333333333333333,0.3333333333333333,0.012012012012012019,5
200a690cbeb5a4d9f415d6a933e60aa13a0cf5ee5c03c71731d7739c8ecbda5e,24.0,34.0,0.999963606852266,0.2481170653223488,0.99963415598493,0.6896274851745002,-4.369725720836389,train,0.43243243243243246,0.33633633633633636,0.7807807807807807,0.09309309309309309,0.3483483483483483,0.3483483483483483,0.0960960960960961,5
200a690cbeb5a4d9f415d6a933e60aa13a0cf5ee5c03c71731d7739c8ecbda5e,26.0,36.0,0.999960073241282,0.3515188503332681,0.996109166840907,0.6973629428732282,-4.05131877194503,train,0.4174174174174174,0.21021021021021022,0.6696696696696697,0.09009009009009009,0.3783783783783784,0.3783783783783784,0.20720720720720717,5
200a690cbeb5a4d9f415d6a933e60aa13a0cf5ee5c03c71731d7739c8ecbda5e,28.0,38.0,0.999988356957258,0.4045958219739784,0.9959836361174184,0.618307713970518,-3.969588011822319,train,0.5645645645645646,0.16516516516516516,0.6636636636636637,0.12012012012012012,0.3933933933933934,0.3933933933933934,0.39939939939939945,5
200a690cbeb5a4d9f415d6a933e60aa13a0cf5ee5c03c71731d7739c8ecbda5e,30.0,40.0,0.999950841544166,0.0960266503049561,0.9945695082777144,0.1362304644270984,-2.371817049657414,train,0.38738738738738737,0.5855855855855856,0.6036036036036037,0.48348348348348347,0.9159159159159159,0.5855855855855856,0.12012012012012019,5
200a690cbeb5a4d9f415d6a933e60aa13a0cf5ee5c03c71731d7739c8ecbda5e,32.0,42.0,0.9999451704182928,0.098082858318213,0.994886652614716,0.1182639490990366,-2.235387717799437,train,0.36936936936936937,0.5795795795795796,0.6216216216216216,0.5345345345345346,0.9519519519519519,0.5795795795795796,0.08708708708708701,5
200a690cbeb5a4d9f415d6a933e60aa13a0cf5ee5c03c71731d7739c8ecbda5e,34.0,44.0,0.9999698300752244,0.1556760634595401,0.9889123982496354,0.1221824988449974,-2.245117052447775,train,0.45345345345345345,0.4984984984984985,0.44744744744744747,0.5255255255255256,0.948948948948949,0.4984984984984985,0.07207207207207211,5
200a690cbeb5a4d9f415d6a933e60aa13a0cf5ee5c03c71731d7739c8ecbda5e,36.0,46.0,0.9999641861290102,0.1898046473778696,0.991897086693947,0.1312311514711054,-2.288667075146562,train,0.43843843843843844,0.4294294294294294,0.5015015015015015,0.4954954954954955,0.9429429429429429,0.4954954954954955,0.06306306306306309,5
200a690cbeb5a4d9f415d6a933e60aa13a0cf5ee5c03c71731d7739c8ecbda5e,38.0,48.0,0.999992369362936,0.1454271747175458,0.992157276344307,0.1137497123402698,-2.2833916096793034,train,0.6306306306306306,0.5165165165165165,0.5105105105105106,0.5465465465465466,0.9459459459459459,0.5465465465465466,0.1141141141141141,5
200a690cbeb5a4d9f415d6a933e60aa13a0cf5ee5c03c71731d7739c8ecbda5e,40.0,50.0,0.9999552182596906,0.1479921956806143,0.9884768868290796,0.117818663624629,-2.46205807198476,train,0.4024024024024024,0.5105105105105106,0.43843843843843844,0.5375375375375375,0.9039039039039038,0.5105105105105106,0.09909909909909909,5
200a690cbeb5a4d9f415d6a933e60aa13a0cf5ee5c03c71731d7739c8ecbda5e,42.0,52.0,0.9999494506322726,0.1388088529382353,0.9982242140232148,0.1219938160637714,-2.4673502768672813,train,0.3843843843843844,0.5315315315315315,0.7297297297297297,0.5285285285285285,0.9009009009009009,0.5315315315315315,0.20120120120120122,5
200a690cbeb5a4d9f415d6a933e60aa13a0cf5ee5c03c71731d7739c8ecbda5e,44.0,54.0,0.9999723228392452,0.1203982729110076,0.9865109864589492,0.1092965123282401,-2.358765149318953,train,0.46546546546546547,0.5495495495495496,0.40540540540540543,0.5495495495495496,0.9219219219219219,0.5495495495495496,0.08408408408408413,5
200a690cbeb5a4d9f415d6a933e60aa13a0cf5ee5c03c71731d7739c8ecbda5e,46.0,56.0,0.9999759163064416,0.1183154242685323,0.9944274279630992,0.1083273964344595,-1.6863905292274202,train,0.4774774774774775,0.5525525525525525,0.5915915915915916,0.5555555555555556,0.993993993993994,0.5555555555555556,0.03903903903903905,5
25aa01e1dcbaea32c062e01b0f782c938c34163fc58af14087dfe2f77906c06e,0.0,10.0,0.9999999866349358,0.0008615042720585,0.9999991011485372,0.0095515179518852,-3.844396361817065,train,0.9429429429429429,0.975975975975976,0.9219219219219219,0.9369369369369369,0.43843843843843844,0.9369369369369369,0.02102102102102099,5
25aa01e1dcbaea32c062e01b0f782c938c34163fc58af14087dfe2f77906c06e,2.0,12.0,0.9999999862491712,0.0008561455314303,0.999999069137496,0.0095529793493586,-3.844554769403223,train,0.93993993993994,0.996996996996997,0.918918918918919,0.933933933933934,0.4294294294294294,0.933933933933934,0.02102102102102099,5
25aa01e1dcbaea32c062e01b0f782c938c34163fc58af14087dfe2f77906c06e,4.0,14.0,0.9992541887142904,0.0565904888305076,0.9585425165581202,0.0544097313183262,-3.3854781108748786,train,0.14114114114114115,0.6216216216216216,0.12312312312312312,0.6276276276276276,0.6726726726726727,0.6216216216216216,0.4864864864864864,5
25aa01e1dcbaea32c062e01b0f782c938c34163fc58af14087dfe2f77906c06e,6.0,16.0,0.999109420747912,0.1670996823136354,0.9937710957513274,0.3543039185240136,-3.157090760177176,train,0.13813813813813813,0.4774774774774775,0.5675675675675675,0.2072072072072072,0.7087087087087087,0.4774774774774775,0.36036036036036034,5
25aa01e1dcbaea32c062e01b0f782c938c34163fc58af14087dfe2f77906c06e,8.0,18.0,0.9999625489114056,0.1449334205877977,0.9941921956153478,1.1304632195957915,-5.844553291940656,train,0.4264264264264264,0.5225225225225225,0.5825825825825826,0.015015015015015015,0.25225225225225223,0.4264264264264264,0.2702702702702703,5
25aa01e1dcbaea32c062e01b0f782c938c34163fc58af14087dfe2f77906c06e,10.0,20.0,0.9999631145443147,0.3326088771494229,0.994111727191679,1.2210260306450165,-6.022295105530704,train,0.4294294294294294,0.24024024024024024,0.5765765765765766,0.009009009009009009,0.22522522522522523,0.24024024024024024,0.20420420420420418,5
25aa01e1dcbaea32c062e01b0f782c938c34163fc58af14087dfe2f77906c06e,12.0,22.0,0.9999794967763568,0.3325977830914149,0.9973012154088702,1.2424182018719463,-5.674284241354462,train,0.4984984984984985,0.24324324324324326,0.7117117117117117,0.006006006006006006,0.26126126126126126,0.26126126126126126,0.2552552552552552,5
25aa01e1dcbaea32c062e01b0f782c938c34163fc58af14087dfe2f77906c06e,14.0,24.0,0.9999716405095306,0.4079654697785532,0.9947595577258224,1.193385620842937,-5.331658099059761,train,0.4624624624624625,0.15915915915915915,0.6126126126126126,0.012012012012012012,0.27627627627627627,0.27627627627627627,0.30330330330330335,5
25aa01e1dcbaea32c062e01b0f782c938c34163fc58af14087dfe2f77906c06e,16.0,26.0,0.9999906874132762,0.4921250271873308,0.9954725716058868,0.9171162081869804,-4.399838288222578,train,0.5975975975975976,0.12012012012012012,0.6426426426426426,0.04504504504504504,0.34534534534534533,0.34534534534534533,0.47747747747747743,5
25aa01e1dcbaea32c062e01b0f782c938c34163fc58af14087dfe2f77906c06e,18.0,28.0,0.9997805532008228,0.0812782664023282,0.9965883732588598,0.1137622823253429,-2.874828815365332,train,0.21621621621621623,0.5945945945945946,0.6966966966966966,0.5435435435435435,0.7777777777777778,0.5945945945945946,0.15315315315315314,5
25aa01e1dcbaea32c062e01b0f782c938c34163fc58af14087dfe2f77906c06e,20.0,30.0,0.999885065812742,0.1381042823545541,0.9880149100146954,0.0804831950778965,-2.2888128707623303,train,0.30930930930930933,0.5345345345345346,0.4294294294294294,0.5975975975975976,0.93993993993994,0.5345345345345346,0.16816816816816815,5
25aa01e1dcbaea32c062e01b0f782c938c34163fc58af14087dfe2f77906c06e,22.0,32.0,0.9999754762414867,0.1778239041189617,0.9597733399980936,0.1485073965867908,-4.767095031558499,train,0.46846846846846846,0.45645645645645644,0.13513513513513514,0.47147147147147145,0.3213213213213213,0.45645645645645644,0.14714714714714716,5
25aa01e1dcbaea32c062e01b0f782c938c34163fc58af14087dfe2f77906c06e,24.0,34.0,0.9999831693933464,0.2192439211598614,0.948461152105154,0.2160211771352032,-4.858358758176848,train,0.5105105105105106,0.3843843843843844,0.07207207207207207,0.3183183183183183,0.3153153153153153,0.3183183183183183,0.06906906906906907,5
25aa01e1dcbaea32c062e01b0f782c938c34163fc58af14087dfe2f77906c06e,26.0,36.0,0.9999570713572536,0.198029794046538,0.9969525149895158,0.2411803013541287,-4.9844114622565145,train,0.4144144144144144,0.4114114114114114,0.7057057057057057,0.27927927927927926,0.3003003003003003,0.4114114114114114,0.1141141141141141,5
25aa01e1dcbaea32c062e01b0f782c938c34163fc58af14087dfe2f77906c06e,28.0,38.0,0.9999227071758678,0.1916442545893476,0.9963929869568944,0.238329909739018,-4.9801426068980925,train,0.33633633633633636,0.42342342342342343,0.6786786786786787,0.2852852852852853,0.3033033033033033,0.33633633633633636,0.12012012012012013,5
25aa01e1dcbaea32c062e01b0f782c938c34163fc58af14087dfe2f77906c06e,30.0,40.0,0.9999641861290102,0.1856041052658159,0.99257751860552,0.2284353848934753,-4.935508194976147,train,0.43843843843843844,0.44144144144144143,0.5345345345345346,0.2972972972972973,0.30930930930930933,0.43843843843843844,0.1321321321321321,5
25aa01e1dcbaea32c062e01b0f782c938c34163fc58af14087dfe2f77906c06e,32.0,42.0,0.9997337198416608,0.0854732709034084,0.9978441246817296,0.1411327931219115,-2.469505261327167,train,0.2042042042042042,0.5915915915915916,0.7207207207207207,0.4774774774774775,0.8948948948948949,0.5915915915915916,0.2432432432432432,5
25aa01e1dcbaea32c062e01b0f782c938c34163fc58af14087dfe2f77906c06e,34.0,44.0,0.999876770802787,0.0402227317559751,0.9987435038810616,0.0806167987582334,-2.444679381440068,train,0.3003003003003003,0.6336336336336337,0.7507507507507507,0.5945945945945946,0.9069069069069069,0.6336336336336337,0.15615615615615608,5
25aa01e1dcbaea32c062e01b0f782c938c34163fc58af14087dfe2f77906c06e,36.0,46.0,0.9990834618377872,0.0294902772484392,0.9992190956507692,0.0536900160257183,-2.326372366539563,train,0.13513513513513514,0.6456456456456456,0.7657657657657657,0.6306306306306306,0.9309309309309309,0.6456456456456456,0.1351351351351351,5
25aa01e1dcbaea32c062e01b0f782c938c34163fc58af14087dfe2f77906c06e,38.0,48.0,0.9993859336288544,0.0265601966225455,0.994875302117714,0.0421252417448372,-2.320194553354189,train,0.14714714714714713,0.6576576576576577,0.6186186186186187,0.6516516516516516,0.933933933933934,0.6516516516516516,0.03903903903903905,5
25aa01e1dcbaea32c062e01b0f782c938c34163fc58af14087dfe2f77906c06e,40.0,50.0,0.9809366625244822,0.0303420601883502,0.9944942103397544,0.0348719233231465,-2.6464231264365363,train,0.006006006006006006,0.6426426426426426,0.5945945945945946,0.6636636636636637,0.8468468468468469,0.6426426426426426,0.06906906906906907,5
25aa01e1dcbaea32c062e01b0f782c938c34163fc58af14087dfe2f77906c06e,42.0,52.0,0.9983655481892804,0.0253813697177458,0.9989986005992246,0.0234012462895256,-2.842851047438511,train,0.12012012012012012,0.6636636636636637,0.7627627627627628,0.7057057057057057,0.7957957957957958,0.7057057057057057,0.09909909909909909,5
25aa01e1dcbaea32c062e01b0f782c938c34163fc58af14087dfe2f77906c06e,44.0,54.0,0.9997957772305228,0.009183150868099,0.9911178054861666,0.0093473332191756,-3.315546615851342,train,0.24324324324324326,0.7477477477477478,0.4894894894894895,0.9519519519519519,0.6936936936936937,0.6936936936936937,0.25825825825825827,5
25aa01e1dcbaea32c062e01b0f782c938c34163fc58af14087dfe2f77906c06e,46.0,56.0,0.9999769167300756,0.0029420149528748,0.988011110869938,0.0079794019020496,-3.5115414561639,train,0.4864864864864865,0.8078078078078078,0.4264264264264264,0.990990990990991,0.6576576576576577,0.6576576576576577,0.3213213213213213,5
25aa01e1dcbaea32c062e01b0f782c938c34163fc58af14087dfe2f77906c06e,48.0,58.0,0.9999997991831412,0.0008312160849249,0.9999873261960796,0.0094702436000264,-3.810347537919699,train,0.8408408408408409,1.0,0.8288288288288288,0.93993993993994,0.46546546546546547,0.8408408408408409,0.11111111111111116,5
25aa01e1dcbaea32c062e01b0f782c938c34163fc58af14087dfe2f77906c06e,50.0,60.0,0.9999999969779648,0.0008612038574509,0.9999997843514016,0.0095573923377175,-3.844411092180691,train,0.972972972972973,0.978978978978979,0.972972972972973,0.9309309309309309,0.43543543543543545,0.972972972972973,0.042042042042042094,5
25aa01e1dcbaea32c062e01b0f782c938c34163fc58af14087dfe2f77906c06e,52.0,62.0,0.9999999996425698,0.0008650563622371,0.9999999737630276,0.0095645578788017,-3.84482377193713,train,0.987987987987988,0.9669669669669669,0.987987987987988,0.918918918918919,0.4264264264264264,0.9669669669669669,0.06906906906906907,5
25aa01e1dcbaea32c062e01b0f782c938c34163fc58af14087dfe2f77906c06e,54.0,64.0,0.9999999997413598,0.0008622845841087,0.999999982039003,0.0095576795213721,-3.845335196897533,train,0.996996996996997,0.96996996996997,0.993993993993994,0.9279279279279279,0.42342342342342343,0.96996996996997,0.06606606606606613,5
25aa01e1dcbaea32c062e01b0f782c938c34163fc58af14087dfe2f77906c06e,56.0,66.0,0.999999998863596,0.0008618392786309,0.9999998999829832,0.0096001594596546,-3.8435592157913927,train,0.978978978978979,0.972972972972973,0.978978978978979,0.9069069069069069,0.44144144144144143,0.972972972972973,0.07207207207207211,5
25aa01e1dcbaea32c062e01b0f782c938c34163fc58af14087dfe2f77906c06e,58.0,68.0,0.9999905805692952,0.0075755537026178,0.9997834307989308,0.0175782005211262,-4.015396027682814,train,0.5945945945945946,0.7627627627627628,0.7927927927927928,0.7297297297297297,0.38738738738738737,0.7297297297297297,0.16816816816816815,5
25aa01e1dcbaea32c062e01b0f782c938c34163fc58af14087dfe2f77906c06e,60.0,70.0,0.9997830899674818,0.0121356431605122,0.988826115764841,0.0246318182105906,-4.031131348362382,train,0.21921921921921922,0.7207207207207207,0.44144144144144143,0.6996996996996997,0.3813813813813814,0.44144144144144143,0.3183183183183183,5
25aa01e1dcbaea32c062e01b0f782c938c34163fc58af14087dfe2f77906c06e,62.0,72.0,0.9995914439168628,0.0142234177766057,0.982335094160435,0.0275733954881587,-4.252357709867336,train,0.17717717717717718,0.7177177177177178,0.3063063063063063,0.6876876876876877,0.35735735735735735,0.35735735735735735,0.38138138138138145,5
2f775054c4e7bb342cf49e0ee66406e82353c274c103fc7f7d6a93ea329aea86,0.0,10.0,0.999975511276049,0.0659952062739484,0.98259180801113,0.0642991258685524,-4.089393969984927,train,0.47147147147147145,0.6096096096096096,0.3153153153153153,0.6156156156156156,0.37237237237237236,0.47147147147147145,0.23723723723723728,5
2f775054c4e7bb342cf49e0ee66406e82353c274c103fc7f7d6a93ea329aea86,2.0,12.0,0.9999890364328128,0.2254063230081595,0.9407372989519914,0.1281142108799732,-6.633609857735232,train,0.5765765765765766,0.36936936936936937,0.05405405405405406,0.5045045045045045,0.1981981981981982,0.36936936936936937,0.3063063063063063,5
2f775054c4e7bb342cf49e0ee66406e82353c274c103fc7f7d6a93ea329aea86,4.0,14.0,0.9999843963068784,0.255027446555376,0.9374088191673968,0.1671109155745878,-6.809545744094876,train,0.5225225225225225,0.32732732732732733,0.04504504504504504,0.43243243243243246,0.18018018018018017,0.32732732732732733,0.2522522522522523,5
2f775054c4e7bb342cf49e0ee66406e82353c274c103fc7f7d6a93ea329aea86,6.0,16.0,0.9999926803107804,0.2956627239992623,0.9310339043810918,0.1783263222416249,-7.172348817712386,train,0.6336336336336337,0.2882882882882883,0.03903903903903904,0.3933933933933934,0.17117117117117117,0.2882882882882883,0.22222222222222224,5
2f775054c4e7bb342cf49e0ee66406e82353c274c103fc7f7d6a93ea329aea86,8.0,18.0,0.9999942824499318,0.3021924420840717,0.9381254921256,0.1919327013832186,-9.263870135749553,train,0.6666666666666666,0.27627627627627627,0.04804804804804805,0.3633633633633634,0.1021021021021021,0.27627627627627627,0.26126126126126126,5
2f775054c4e7bb342cf49e0ee66406e82353c274c103fc7f7d6a93ea329aea86,10.0,20.0,0.9999945356073018,0.334668585594177,0.9520900748960134,0.1865046460690457,-9.24185265576772,train,0.6786786786786787,0.23423423423423423,0.09309309309309309,0.37237237237237236,0.10510510510510511,0.23423423423423423,0.26726726726726724,5
2f775054c4e7bb342cf49e0ee66406e82353c274c103fc7f7d6a93ea329aea86,12.0,22.0,0.999996217927302,0.259230073764042,0.9647997727896418,0.1332480878445993,-26.11075900384658,train,0.7327327327327328,0.3183183183183183,0.16516516516516516,0.4894894894894895,0.015015015015015015,0.3183183183183183,0.32432432432432434,5
2f775054c4e7bb342cf49e0ee66406e82353c274c103fc7f7d6a93ea329aea86,14.0,24.0,0.9999945468944076,0.2671026961479512,0.9766133296207418,0.1242544640799753,-23.292170843014944,train,0.6816816816816816,0.3123123123123123,0.23723723723723725,0.5195195195195195,0.03303303303303303,0.3123123123123123,0.28228228228228225,5
2f775054c4e7bb342cf49e0ee66406e82353c274c103fc7f7d6a93ea329aea86,16.0,26.0,0.999996855586607,0.202987389474155,0.968745279040328,0.1025543757645907,-29.67118545598441,train,0.7567567567567568,0.4024024024024024,0.1831831831831832,0.5645645645645646,0.003003003003003003,0.4024024024024024,0.38138138138138145,5
382db1f8ede73f956341d7b461790125339762ec9d7cc96480f20aefe04d77e1,0.0,10.0,0.999999984777224,0.0022784467310473,0.9999983261647094,0.0101778571594147,-3.652895198570204,train,0.9309309309309309,0.8618618618618619,0.8948948948948949,0.8588588588588588,0.5795795795795796,0.8618618618618619,0.03603603603603611,5
382db1f8ede73f956341d7b461790125339762ec9d7cc96480f20aefe04d77e1,2.0,12.0,0.9999997959531524,0.0021418808033071,0.9999935297038376,0.0100678261155117,-3.6517838753275775,train,0.8378378378378378,0.8828828828828829,0.8408408408408409,0.8798798798798799,0.5825825825825826,0.8408408408408409,0.042042042042042094,5
382db1f8ede73f956341d7b461790125339762ec9d7cc96480f20aefe04d77e1,4.0,14.0,0.9999996461876588,0.0021890163314831,0.9999600858057204,0.0100140973755132,-3.6482841134252553,train,0.8198198198198198,0.8768768768768769,0.8198198198198198,0.8858858858858859,0.5885885885885885,0.8198198198198198,0.0570570570570571,5
382db1f8ede73f956341d7b461790125339762ec9d7cc96480f20aefe04d77e1,6.0,16.0,0.9999996094991136,0.002132116311854,0.9999803959806371,0.0098483367020611,-3.6460596330094712,train,0.8168168168168168,0.8858858858858859,0.8228228228228228,0.8978978978978979,0.5915915915915916,0.8228228228228228,0.06906906906906907,5
382db1f8ede73f956341d7b461790125339762ec9d7cc96480f20aefe04d77e1,8.0,18.0,0.9999999228717544,0.0023280317135069,0.9999978392059792,0.0101866399571135,-3.64877431718213,train,0.8738738738738738,0.8528528528528528,0.8888888888888888,0.8498498498498499,0.5855855855855856,0.8528528528528528,0.024024024024023927,5
382db1f8ede73f956341d7b461790125339762ec9d7cc96480f20aefe04d77e1,10.0,20.0,0.9999997678090128,0.0023120426808734,0.9999985912216472,0.0098961392089684,-3.633909933102066,train,0.8288288288288288,0.8558558558558559,0.9069069069069069,0.8918918918918919,0.6276276276276276,0.8558558558558559,0.06306306306306309,5
382db1f8ede73f956341d7b461790125339762ec9d7cc96480f20aefe04d77e1,12.0,22.0,0.9999999924716808,0.0022170038245105,0.9999993383153516,0.0098593057521697,-3.639456496435713,train,0.9519519519519519,0.8678678678678678,0.933933933933934,0.8948948948948949,0.6036036036036037,0.8948948948948949,0.06606606606606613,5
382db1f8ede73f956341d7b461790125339762ec9d7cc96480f20aefe04d77e1,14.0,24.0,0.9999995708925632,0.002371828356837,0.9999401174665012,0.0101462590094471,-3.631334954795879,train,0.8138138138138138,0.8498498498498499,0.8138138138138138,0.8678678678678678,0.6396396396396397,0.8138138138138138,0.03603603603603611,5
382db1f8ede73f956341d7b461790125339762ec9d7cc96480f20aefe04d77e1,16.0,26.0,0.9999999776715592,0.0022972676449796,0.9999998282224885,0.0101105109075201,-3.637534434596972,train,0.9159159159159159,0.8588588588588588,0.975975975975976,0.8708708708708709,0.6126126126126126,0.8708708708708709,0.0570570570570571,5
382db1f8ede73f956341d7b461790125339762ec9d7cc96480f20aefe04d77e1,18.0,28.0,0.9999999893161156,0.002124118223178,0.999999733061451,0.0101808291302831,-3.631695631987034,train,0.9459459459459459,0.8918918918918919,0.96996996996997,0.8558558558558559,0.6336336336336337,0.8918918918918919,0.09009009009009006,5
382db1f8ede73f956341d7b461790125339762ec9d7cc96480f20aefe04d77e1,20.0,30.0,0.9999999676464704,0.0022170065025103,0.9999964415347172,0.0102357870416442,-3.634332842505673,train,0.8948948948948949,0.8648648648648649,0.8768768768768769,0.8438438438438438,0.6186186186186187,0.8648648648648649,0.033033033033033066,5
382db1f8ede73f956341d7b461790125339762ec9d7cc96480f20aefe04d77e1,22.0,32.0,0.9999998998553606,0.0022134067913473,0.9999953761886384,0.0100702927047072,-3.634059292953937,train,0.8558558558558559,0.8708708708708709,0.8528528528528528,0.8768768768768769,0.6216216216216216,0.8558558558558559,0.018018018018018056,5
382db1f8ede73f956341d7b461790125339762ec9d7cc96480f20aefe04d77e1,24.0,34.0,0.9999999164567794,0.0020820748420499,0.9999943928927324,0.0103902926747496,-3.640508100072034,train,0.8648648648648649,0.9039039039039038,0.8438438438438438,0.8258258258258259,0.6006006006006006,0.8438438438438438,0.03903903903903905,5
382db1f8ede73f956341d7b461790125339762ec9d7cc96480f20aefe04d77e1,26.0,36.0,0.9999999556189062,0.0021031146284999,0.9999954702830498,0.0100305020122259,-3.63276515125836,train,0.8858858858858859,0.8978978978978979,0.8558558558558559,0.8828828828828829,0.6306306306306306,0.8828828828828829,0.03003003003003002,5
382db1f8ede73f956341d7b461790125339762ec9d7cc96480f20aefe04d77e1,28.0,38.0,0.9999999673465718,0.0019767801788055,0.999998599943226,0.0101824619447745,-3.631380163446526,train,0.8888888888888888,0.9219219219219219,0.9099099099099099,0.8528528528528528,0.6366366366366366,0.8888888888888888,0.0570570570570571,5
382db1f8ede73f956341d7b461790125339762ec9d7cc96480f20aefe04d77e1,30.0,40.0,0.99999993794958,0.0020924555870541,0.9999978241806536,0.0103082187923068,-3.653328687083585,train,0.8828828828828829,0.9009009009009009,0.8858858858858859,0.8348348348348348,0.5765765765765766,0.8828828828828829,0.05105105105105112,5
382db1f8ede73f956341d7b461790125339762ec9d7cc96480f20aefe04d77e1,32.0,42.0,0.9999999052662134,0.0018245699648993,0.99999750584365,0.0102130843790241,-3.655187364012388,train,0.8618618618618619,0.9279279279279279,0.8828828828828829,0.8468468468468469,0.5705705705705706,0.8618618618618619,0.036036036036036,5
382db1f8ede73f956341d7b461790125339762ec9d7cc96480f20aefe04d77e1,34.0,44.0,0.9999999784611628,0.002034030390587,0.9999988252949772,0.0101635106879299,-3.65458661340782,train,0.918918918918919,0.9159159159159159,0.9159159159159159,0.8648648648648649,0.5735735735735735,0.9159159159159159,0.05105105105105101,5
382db1f8ede73f956341d7b461790125339762ec9d7cc96480f20aefe04d77e1,36.0,46.0,0.999999979192194,0.0021766244944302,0.9999986522971518,0.0103484056923483,-3.6596290463227,train,0.9279279279279279,0.8798798798798799,0.9129129129129129,0.8288288288288288,0.5645645645645646,0.8798798798798799,0.08408408408408408,5
382db1f8ede73f956341d7b461790125339762ec9d7cc96480f20aefe04d77e1,38.0,48.0,0.9999999854607576,0.0020525793845826,0.99999967125185,0.0103256518909074,-3.65602201555072,train,0.9369369369369369,0.9129129129129129,0.9579579579579579,0.8318318318318318,0.5675675675675675,0.9129129129129129,0.10510510510510507,5
382db1f8ede73f956341d7b461790125339762ec9d7cc96480f20aefe04d77e1,40.0,50.0,0.9999999977749496,0.0021297204449269,0.9999995404041369,0.009979131834236,-3.638264944464652,train,0.975975975975976,0.8888888888888888,0.93993993993994,0.8888888888888888,0.6066066066066066,0.8888888888888888,0.05105105105105112,5
382db1f8ede73f956341d7b461790125339762ec9d7cc96480f20aefe04d77e1,42.0,52.0,0.9999998649483572,0.0020804087398258,0.9999953761886384,0.0100919281586042,-3.638161968621733,train,0.8498498498498499,0.9069069069069069,0.8528528528528528,0.8738738738738738,0.6096096096096096,0.8528528528528528,0.024024024024023927,5
382db1f8ede73f956341d7b461790125339762ec9d7cc96480f20aefe04d77e1,44.0,54.0,0.9999999676464704,0.0020589470747412,0.9999964415347172,0.010238587687336,-3.642497270675849,train,0.8948948948948949,0.9099099099099099,0.8768768768768769,0.8408408408408409,0.5945945945945946,0.8768768768768769,0.05405405405405406,5
382db1f8ede73f956341d7b461790125339762ec9d7cc96480f20aefe04d77e1,46.0,56.0,0.9999998594171672,0.0020280306134015,0.9999983711717372,0.0102964654855539,-3.633990899947235,train,0.8468468468468469,0.918918918918919,0.8978978978978979,0.8378378378378378,0.6246246246246246,0.8468468468468469,0.06006006006006004,5
4c8d0190b666e26315ce16c862ca2e968d576e14537487162bbd73b9a47d0c07,0.0,10.0,0.9999890719749192,0.2017663316068957,0.9705314868252352,0.1651646310256154,-6.768534978749339,train,0.5795795795795796,0.4084084084084084,0.1921921921921922,0.43843843843843844,0.18618618618618618,0.4084084084084084,0.24624624624624625,5
4c8d0190b666e26315ce16c862ca2e968d576e14537487162bbd73b9a47d0c07,2.0,12.0,0.9999872066693748,0.1616986820558514,0.9840330529429568,0.1543952987925714,-6.671647244609201,train,0.5555555555555556,0.4894894894894895,0.3483483483483483,0.4594594594594595,0.19519519519519518,0.4594594594594595,0.14114114114114118,5
4c8d0190b666e26315ce16c862ca2e968d576e14537487162bbd73b9a47d0c07,4.0,14.0,0.9999975848328404,0.1888717692294364,0.9728792552300888,0.165163100466181,-6.176471872030699,train,0.7867867867867868,0.43243243243243246,0.1981981981981982,0.44144144144144143,0.2132132132132132,0.43243243243243246,0.22822822822822822,5
4c8d0190b666e26315ce16c862ca2e968d576e14537487162bbd73b9a47d0c07,6.0,16.0,0.9999962712455102,0.167286519636179,0.9961946622818056,0.1254526046739678,-6.848619447735537,train,0.7357357357357357,0.4744744744744745,0.6726726726726727,0.5105105105105106,0.17717717717717718,0.5105105105105106,0.19819819819819823,5
4c8d0190b666e26315ce16c862ca2e968d576e14537487162bbd73b9a47d0c07,8.0,18.0,0.999993220772697,0.3577647696216167,0.9860281424138166,0.2685713481648878,-8.8930807732747,train,0.6456456456456456,0.2042042042042042,0.38738738738738737,0.24924924924924924,0.11711711711711711,0.24924924924924924,0.18318318318318316,5
4c8d0190b666e26315ce16c862ca2e968d576e14537487162bbd73b9a47d0c07,10.0,20.0,0.9999963564568708,0.3372018468051078,0.9003314868243456,0.2727174293474692,-2.793705879992657,train,0.7387387387387387,0.2222222222222222,0.021021021021021023,0.23723723723723725,0.8108108108108109,0.23723723723723725,0.5165165165165165,5
4c8d0190b666e26315ce16c862ca2e968d576e14537487162bbd73b9a47d0c07,12.0,22.0,0.9999535991766876,0.3377752419786257,0.959878026901246,0.2694050376597815,-2.825020538437365,train,0.3963963963963964,0.21921921921921922,0.13813813813813813,0.24624624624624625,0.7987987987987988,0.24624624624624625,0.17717717717717718,5
554af5ad576c1c1d069356649e3bd1e2699a5801f6a0fa703e0c50db726bae3b,0.0,10.0,0.9999999997413598,0.0008603334526998,0.999999982039003,0.0095641204185539,-3.84445808300957,train,0.996996996996997,0.984984984984985,0.993993993993994,0.9219219219219219,0.43243243243243246,0.984984984984985,0.07207207207207211,5
554af5ad576c1c1d069356649e3bd1e2699a5801f6a0fa703e0c50db726bae3b,2.0,12.0,0.9999999954566128,0.0008570769648508,0.99999968887604,0.0095620696178407,-3.846027783591502,train,0.9669669669669669,0.993993993993994,0.960960960960961,0.924924924924925,0.42042042042042044,0.960960960960961,0.04204204204204198,5
554af5ad576c1c1d069356649e3bd1e2699a5801f6a0fa703e0c50db726bae3b,4.0,14.0,0.999999999453109,0.0008595540893654,0.9999999630243211,0.0095729687164657,-3.846970383355268,train,0.984984984984985,0.990990990990991,0.984984984984985,0.9159159159159159,0.4114114114114114,0.984984984984985,0.06906906906906907,5
554af5ad576c1c1d069356649e3bd1e2699a5801f6a0fa703e0c50db726bae3b,6.0,16.0,0.9999999999972826,0.0008597314655839,0.999999999734728,0.0095751947412351,-3.846786502411968,train,1.0,0.987987987987988,1.0,0.9129129129129129,0.4144144144144144,0.987987987987988,0.08708708708708712,5
554af5ad576c1c1d069356649e3bd1e2699a5801f6a0fa703e0c50db726bae3b,8.0,18.0,0.9999999996900084,0.00086111776432,0.9999999921148084,0.0095873148785359,-3.846729923183476,train,0.990990990990991,0.9819819819819819,0.996996996996997,0.9099099099099099,0.4174174174174174,0.9819819819819819,0.08108108108108103,5
564a12f3d813c10242613a907d2b4981e7296739ba9a560571b3547dab1daa7f,0.0,10.0,0.9999999729411568,0.0029714886386219,0.9999993287908082,0.0144020018948694,-3.73220182667994,train,0.9039039039039038,0.7987987987987988,0.9309309309309309,0.7807807807807807,0.4984984984984985,0.7987987987987988,0.12312312312312312,5
564a12f3d813c10242613a907d2b4981e7296739ba9a560571b3547dab1daa7f,2.0,12.0,0.9999999789844064,0.0030289922603792,0.99999969756883,0.0146934003150762,-3.7363631267425648,train,0.924924924924925,0.7897897897897898,0.9669669669669669,0.7567567567567568,0.48348348348348347,0.7897897897897898,0.16816816816816815,5
564a12f3d813c10242613a907d2b4981e7296739ba9a560571b3547dab1daa7f,4.0,14.0,0.999999984855682,0.0031871481521114,0.9999991897999024,0.014802276742918,-3.733221976173336,train,0.933933933933934,0.7777777777777778,0.924924924924925,0.7477477477477478,0.4924924924924925,0.7777777777777778,0.17717717717717718,5
564a12f3d813c10242613a907d2b4981e7296739ba9a560571b3547dab1daa7f,6.0,16.0,0.9999999740299814,0.0029116148454747,0.9999985860901952,0.0145645950993213,-3.713846907524036,train,0.9129129129129129,0.8138138138138138,0.9039039039039038,0.7627627627627628,0.5375375375375375,0.8138138138138138,0.14114114114114107,5
564a12f3d813c10242613a907d2b4981e7296739ba9a560571b3547dab1daa7f,8.0,18.0,0.9999999929042196,0.0029740381627734,0.999999465041722,0.0149267133972601,-3.722597254229546,train,0.9579579579579579,0.7957957957957958,0.9369369369369369,0.7417417417417418,0.5225225225225225,0.7957957957957958,0.19519519519519513,5
564a12f3d813c10242613a907d2b4981e7296739ba9a560571b3547dab1daa7f,10.0,20.0,0.999999883917891,0.0029288573174573,0.9999956869897004,0.0148636716519524,-3.723071371920516,train,0.8528528528528528,0.8108108108108109,0.8588588588588588,0.7447447447447447,0.5165165165165165,0.8108108108108109,0.10810810810810811,5
564a12f3d813c10242613a907d2b4981e7296739ba9a560571b3547dab1daa7f,12.0,22.0,0.9999997907448612,0.002889036831769,0.99999136464326,0.0146052775623236,-3.7217374380271866,train,0.8348348348348348,0.8228228228228228,0.8378378378378378,0.7597597597597597,0.5255255255255256,0.8228228228228228,0.07507507507507505,5
564a12f3d813c10242613a907d2b4981e7296739ba9a560571b3547dab1daa7f,14.0,24.0,0.999999927534072,0.0026818346551565,0.9999958859139286,0.0141788463932017,-3.7230560806424142,train,0.8768768768768769,0.8348348348348348,0.8678678678678678,0.7897897897897898,0.5195195195195195,0.8348348348348348,0.0780780780780781,5
564a12f3d813c10242613a907d2b4981e7296739ba9a560571b3547dab1daa7f,16.0,26.0,0.9999999729984193,0.002631164665008,0.9999996536022554,0.014448542987491,-3.732281165603073,train,0.9069069069069069,0.8438438438438438,0.954954954954955,0.7717717717717718,0.4954954954954955,0.8438438438438438,0.1351351351351351,5
564a12f3d813c10242613a907d2b4981e7296739ba9a560571b3547dab1daa7f,18.0,28.0,0.9999999213129968,0.0025199014936791,0.9999958411800012,0.0137756804399604,-3.724227459393105,train,0.8708708708708709,0.8468468468468469,0.8648648648648649,0.8108108108108109,0.5105105105105106,0.8468468468468469,0.05405405405405406,5
564a12f3d813c10242613a907d2b4981e7296739ba9a560571b3547dab1daa7f,20.0,30.0,0.999999773409272,0.0026597894456111,0.9999952378415532,0.0139998653642671,-3.719441617069043,train,0.8318318318318318,0.8378378378378378,0.8468468468468469,0.8018018018018018,0.5285285285285285,0.8318318318318318,0.036036036036036,5
564a12f3d813c10242613a907d2b4981e7296739ba9a560571b3547dab1daa7f,22.0,32.0,0.9999971522740362,0.0026507572560591,0.9998824187675434,0.0141192142966933,-3.719208961586161,train,0.7717717717717718,0.8408408408408409,0.8078078078078078,0.7927927927927928,0.5315315315315315,0.7927927927927928,0.036036036036036,5
564a12f3d813c10242613a907d2b4981e7296739ba9a560571b3547dab1daa7f,24.0,34.0,0.9999984450896314,0.0028977036547857,0.9999413443386612,0.0139727709195483,-3.725809469292143,train,0.7957957957957958,0.8198198198198198,0.8168168168168168,0.8048048048048048,0.5075075075075075,0.8048048048048048,0.02102102102102099,5
564a12f3d813c10242613a907d2b4981e7296739ba9a560571b3547dab1daa7f,26.0,36.0,0.9999933022991156,0.0027450554169619,0.999723503969086,0.0140451160112856,-3.7042629351041287,train,0.6486486486486487,0.8288288288288288,0.7837837837837838,0.7987987987987988,0.5525525525525525,0.7837837837837838,0.1501501501501501,5
564a12f3d813c10242613a907d2b4981e7296739ba9a560571b3547dab1daa7f,28.0,38.0,0.9999967550977256,0.0033108050768197,0.9998801047073014,0.014484886762127,-3.7083302782329626,train,0.7537537537537538,0.7747747747747747,0.8048048048048048,0.7687687687687688,0.5465465465465466,0.7687687687687688,0.02102102102102099,5
564a12f3d813c10242613a907d2b4981e7296739ba9a560571b3547dab1daa7f,30.0,40.0,0.9999999729411568,0.0030274126173489,0.9999993287908082,0.0144974264060826,-3.702252936776159,train,0.9039039039039038,0.7927927927927928,0.9309309309309309,0.7657657657657657,0.5585585585585585,0.7927927927927928,0.13813813813813813,5
564a12f3d813c10242613a907d2b4981e7296739ba9a560571b3547dab1daa7f,32.0,42.0,0.9999998326452478,0.0029594302354352,0.999996093403927,0.0143023444419951,-3.708783638120112,train,0.8438438438438438,0.8048048048048048,0.8708708708708709,0.7837837837837838,0.5435435435435435,0.8048048048048048,0.06006006006006004,5
564a12f3d813c10242613a907d2b4981e7296739ba9a560571b3547dab1daa7f,34.0,44.0,0.9999999213129968,0.0029025940789056,0.9999958411800012,0.0144269997384718,-3.703084901197245,train,0.8708708708708709,0.8168168168168168,0.8648648648648649,0.7777777777777778,0.5555555555555556,0.8168168168168168,0.08708708708708712,5
564a12f3d813c10242613a907d2b4981e7296739ba9a560571b3547dab1daa7f,36.0,46.0,0.9999997605924058,0.0028551203459183,0.99998897858071,0.0142292343511374,-3.71315975672434,train,0.8258258258258259,0.8258258258258259,0.8318318318318318,0.7867867867867868,0.5405405405405406,0.8258258258258259,0.03903903903903905,5
564a12f3d813c10242613a907d2b4981e7296739ba9a560571b3547dab1daa7f,38.0,48.0,0.9999999789844064,0.0027367183877471,0.99999969756883,0.0144430449633593,-3.7182506428850575,train,0.924924924924925,0.8318318318318318,0.9669669669669669,0.7747747747747747,0.5345345345345346,0.8318318318318318,0.1501501501501502,5
564a12f3d813c10242613a907d2b4981e7296739ba9a560571b3547dab1daa7f,40.0,50.0,0.9999999929042196,0.002960923756779,0.9999996536022554,0.0147184785970421,-3.725850376701476,train,0.9579579579579579,0.8018018018018018,0.954954954954955,0.7537537537537538,0.5045045045045045,0.8018018018018018,0.20120120120120122,5
564a12f3d813c10242613a907d2b4981e7296739ba9a560571b3547dab1daa7f,42.0,52.0,0.999993972616696,0.0030296038878294,0.9997520074974507,0.0151380806736209,-3.7380085519815114,train,0.6576576576576577,0.7867867867867868,0.7867867867867868,0.7357357357357357,0.4804804804804805,0.7357357357357357,0.1291291291291291,5
564a12f3d813c10242613a907d2b4981e7296739ba9a560571b3547dab1daa7f,44.0,54.0,0.9999978241410064,0.0030869705793572,0.9999108861479286,0.0150765439561633,-3.735888562900696,train,0.7927927927927928,0.7837837837837838,0.8108108108108109,0.7387387387387387,0.4864864864864865,0.7837837837837838,0.05405405405405406,5
564a12f3d813c10242613a907d2b4981e7296739ba9a560571b3547dab1daa7f,46.0,56.0,0.9999999740299814,0.003167923317544,0.9999985860901952,0.0147681377125854,-3.7262093199871615,train,0.9129129129129129,0.7807807807807807,0.9039039039039038,0.7507507507507507,0.5015015015015015,0.7807807807807807,0.15315315315315314,5
5e9e04831922d971561f6ffb53b2c77744d905cca01dcc2fe043d10b2f63c613,0.0,10.0,0.9999819128431036,0.244910016288764,0.996109166840907,0.5790376655378742,-3.877527616427,train,0.5045045045045045,0.34234234234234234,0.6696696696696697,0.13213213213213212,0.4084084084084084,0.4084084084084084,0.16216216216216212,5
5e9e04831922d971561f6ffb53b2c77744d905cca01dcc2fe043d10b2f63c613,2.0,12.0,0.999991779942213,0.3337479766790472,0.9950685744304708,0.5968212802867502,-3.7349691617302745,train,0.6216216216216216,0.23723723723723725,0.6276276276276276,0.12612612612612611,0.4894894894894895,0.4894894894894895,0.3843843843843844,5
5e9e04831922d971561f6ffb53b2c77744d905cca01dcc2fe043d10b2f63c613,4.0,14.0,0.999995585666508,0.4614153501603074,0.9959836361174184,0.5695540548056621,-3.896685810642854,train,0.7177177177177178,0.13513513513513514,0.6636636636636637,0.13813813813813813,0.40540540540540543,0.40540540540540543,0.5255255255255256,5
5e9e04831922d971561f6ffb53b2c77744d905cca01dcc2fe043d10b2f63c613,6.0,16.0,0.9999270545950386,0.2551368467861672,0.9940995578792536,0.200702054432001,-5.930008244114904,train,0.33933933933933935,0.32432432432432434,0.5735735735735735,0.35135135135135137,0.23423423423423423,0.33933933933933935,0.02702702702702703,5
5e9e04831922d971561f6ffb53b2c77744d905cca01dcc2fe043d10b2f63c613,8.0,18.0,0.999985188008392,0.3071503160655646,0.9718279108550388,0.2274812805315532,-5.984506431488483,train,0.5315315315315315,0.26426426426426425,0.19519519519519518,0.3003003003003003,0.23123123123123124,0.26426426426426425,0.06906906906906907,5
5e9e04831922d971561f6ffb53b2c77744d905cca01dcc2fe043d10b2f63c613,10.0,20.0,0.9999990277045528,0.3685222636781702,0.9768698274963296,0.2497590251195015,-5.895318610363542,train,0.8048048048048048,0.2012012012012012,0.24324324324324326,0.2732732732732733,0.23723723723723725,0.24324324324324326,0.03603603603603603,5
5e9e04831922d971561f6ffb53b2c77744d905cca01dcc2fe043d10b2f63c613,12.0,22.0,0.999992092811568,0.3745220875162682,0.9826158092741688,0.2738996447428513,-6.117641429439355,train,0.6276276276276276,0.1921921921921922,0.3213213213213213,0.23423423423423423,0.21921921921921922,0.23423423423423423,0.10210210210210208,5
5e9e04831922d971561f6ffb53b2c77744d905cca01dcc2fe043d10b2f63c613,14.0,24.0,0.9999674815859516,0.3030582389317549,0.9196383226245248,0.2501180389509462,-5.991352100217411,train,0.44744744744744747,0.2732732732732733,0.03303303303303303,0.2702702702702703,0.22822822822822822,0.2702702702702703,0.04504504504504506,5
5e9e04831922d971561f6ffb53b2c77744d905cca01dcc2fe043d10b2f63c613,16.0,26.0,0.9999856380129386,0.305687912411727,0.9641007969512888,0.2479605732801653,-3.0311840184935344,train,0.5345345345345346,0.2702702702702703,0.15915915915915915,0.27627627627627627,0.7297297297297297,0.27627627627627627,0.2642642642642643,5
5e9e04831922d971561f6ffb53b2c77744d905cca01dcc2fe043d10b2f63c613,18.0,28.0,0.9999956509741956,0.1878922445773476,0.9893620728100132,0.1814010877889999,-2.6828830775194143,train,0.7207207207207207,0.43843843843843844,0.4594594594594595,0.3783783783783784,0.8408408408408409,0.4594594594594595,0.28228228228228225,5
5e9e04831922d971561f6ffb53b2c77744d905cca01dcc2fe043d10b2f63c613,20.0,30.0,0.999985010049388,0.1781288706057915,0.9982242140232148,0.154641756525715,-2.335520578719628,train,0.5285285285285285,0.45345345345345345,0.7297297297297297,0.45345345345345345,0.9279279279279279,0.5285285285285285,0.27627627627627627,5
5e9e04831922d971561f6ffb53b2c77744d905cca01dcc2fe043d10b2f63c613,22.0,32.0,0.9999384091005222,0.123300006285602,0.9920486114554686,0.1159684135612657,-2.131394340913403,train,0.36036036036036034,0.5465465465465466,0.5045045045045045,0.5405405405405406,0.963963963963964,0.5405405405405406,0.042042042042042094,5
5e9e04831922d971561f6ffb53b2c77744d905cca01dcc2fe043d10b2f63c613,24.0,34.0,0.9999759163064416,0.1076398597460096,0.9944274279630992,0.1091873308409182,-1.9231329389669072,train,0.4774774774774775,0.5675675675675675,0.5915915915915916,0.5525525525525525,0.987987987987988,0.5675675675675675,0.03903903903903905,5
5e9e04831922d971561f6ffb53b2c77744d905cca01dcc2fe043d10b2f63c613,26.0,36.0,0.999918807614103,0.206202747015663,0.9531125832768276,0.1415882894673827,-1.6837000950842391,train,0.3333333333333333,0.3963963963963964,0.0990990990990991,0.4744744744744745,0.996996996996997,0.3963963963963964,0.14114114114114118,5
5e9e04831922d971561f6ffb53b2c77744d905cca01dcc2fe043d10b2f63c613,28.0,38.0,0.999915090595592,0.2663916246374888,0.9818197301016204,0.1546093528737279,-2.1627167950084183,train,0.32432432432432434,0.3153153153153153,0.2852852852852853,0.45645645645645644,0.960960960960961,0.32432432432432434,0.14114114114114112,5
5e9e04831922d971561f6ffb53b2c77744d905cca01dcc2fe043d10b2f63c613,30.0,40.0,0.9998252993491988,0.2296057813061854,0.9782841431763748,0.1300405773684664,-2.0569788258802824,train,0.26126126126126126,0.3633633633633634,0.2552552552552553,0.4984984984984985,0.972972972972973,0.3633633633633634,0.23723723723723722,5
629d7d57091b71c5c0c2c6f42218702e454b4ae60e20636885741c7c22fe1bb4,0.0,10.0,0.9995415502697496,0.0568047233478427,0.9923699924378088,0.0631700720704506,-2.0111255653821463,train,0.16816816816816818,0.6186186186186187,0.5225225225225225,0.6216216216216216,0.978978978978979,0.6186186186186187,0.09909909909909909,5
629d7d57091b71c5c0c2c6f42218702e454b4ae60e20636885741c7c22fe1bb4,2.0,12.0,0.9998330531452556,0.1148877905425001,0.9863540026085852,0.0882063662679511,-2.112022094315805,train,0.26426426426426425,0.5555555555555556,0.3993993993993994,0.5855855855855856,0.9669669669669669,0.5555555555555556,0.1861861861861862,5
629d7d57091b71c5c0c2c6f42218702e454b4ae60e20636885741c7c22fe1bb4,4.0,14.0,0.9998742135557612,0.0967315199033714,0.9939055601563862,0.0931061587871553,-2.506646743232142,train,0.29429429429429427,0.5825825825825826,0.5705705705705706,0.5825825825825826,0.8798798798798799,0.5825825825825826,0.012012012012011963,5
629d7d57091b71c5c0c2c6f42218702e454b4ae60e20636885741c7c22fe1bb4,6.0,16.0,0.9999177782057088,0.1118310790891629,0.9893120365065732,0.0990262978987289,-2.49881013117997,train,0.3303303303303303,0.5645645645645646,0.45645645645645644,0.5735735735735735,0.8858858858858859,0.5645645645645646,0.11711711711711709,5
629d7d57091b71c5c0c2c6f42218702e454b4ae60e20636885741c7c22fe1bb4,8.0,18.0,0.9999842067011168,0.1495395635768986,0.9822086721983526,0.1251976621224338,-3.132360702386199,train,0.5195195195195195,0.5075075075075075,0.2972972972972973,0.5165165165165165,0.7117117117117117,0.5165165165165165,0.012012012012011963,5
629d7d57091b71c5c0c2c6f42218702e454b4ae60e20636885741c7c22fe1bb4,10.0,20.0,0.9998411240482352,0.1322616112016509,0.999798578261017,0.1287809526859872,-3.100026831837272,train,0.2702702702702703,0.5435435435435435,0.7957957957957958,0.5015015015015015,0.7177177177177178,0.5435435435435435,0.21621621621621623,5
629d7d57091b71c5c0c2c6f42218702e454b4ae60e20636885741c7c22fe1bb4,12.0,22.0,0.9995091914825904,0.0674739242709269,0.997062894278987,0.0933388101708539,-2.8829099434333,train,0.15915915915915915,0.6066066066066066,0.7087087087087087,0.5795795795795796,0.7717717717717718,0.6066066066066066,0.1291291291291291,5
629d7d57091b71c5c0c2c6f42218702e454b4ae60e20636885741c7c22fe1bb4,14.0,24.0,0.9975380145198746,0.0757736360846982,0.994334260389518,0.0822147022238305,-2.916641491690795,train,0.09009009009009009,0.5975975975975976,0.5855855855855856,0.5885885885885885,0.7657657657657657,0.5885885885885885,0.012012012012011963,5
629d7d57091b71c5c0c2c6f42218702e454b4ae60e20636885741c7c22fe1bb4,16.0,26.0,0.989814569186852,0.0675663851797175,0.9927224589772812,0.0643301672402784,-3.191143819339596,train,0.03303303303303303,0.6036036036036037,0.5375375375375375,0.6126126126126126,0.7057057057057057,0.6036036036036037,0.07507507507507505,5
629d7d57091b71c5c0c2c6f42218702e454b4ae60e20636885741c7c22fe1bb4,18.0,28.0,0.9965756373533796,0.0289094669510183,0.9850032334392316,0.0260842858601086,-2.932059363591599,train,0.07807807807807808,0.6486486486486487,0.37537537537537535,0.6906906906906907,0.7567567567567568,0.6486486486486487,0.3153153153153153,5
629d7d57091b71c5c0c2c6f42218702e454b4ae60e20636885741c7c22fe1bb4,20.0,30.0,0.9997985674543982,0.0080422927761335,0.9822841879661752,0.0084828300863988,-3.337446206181776,train,0.24624624624624625,0.7567567567567568,0.3003003003003003,0.984984984984985,0.6876876876876877,0.6876876876876877,0.4564564564564565,5
629d7d57091b71c5c0c2c6f42218702e454b4ae60e20636885741c7c22fe1bb4,22.0,32.0,0.9999863812465234,0.0012363550463211,0.9974962478421886,0.0077639496590004,-3.636182140209367,train,0.5435435435435435,0.933933933933934,0.7147147147147147,0.993993993993994,0.6156156156156156,0.7147147147147147,0.31831831831831836,5
629d7d57091b71c5c0c2c6f42218702e454b4ae60e20636885741c7c22fe1bb4,24.0,34.0,0.9999999993502784,0.0009552881535652,0.9999999544240568,0.0089386465752778,-3.827721948778507,train,0.9819819819819819,0.948948948948949,0.9819819819819819,0.9819819819819819,0.44744744744744747,0.9819819819819819,0.033033033033032955,5
629d7d57091b71c5c0c2c6f42218702e454b4ae60e20636885741c7c22fe1bb4,26.0,36.0,0.9999999939945392,0.0009549989581967,0.9999995563359776,0.0089438595812343,-3.828365558005645,train,0.963963963963964,0.9519519519519519,0.948948948948949,0.978978978978979,0.4444444444444444,0.9519519519519519,0.01501501501501501,5
629d7d57091b71c5c0c2c6f42218702e454b4ae60e20636885741c7c22fe1bb4,28.0,38.0,0.9999999939175592,0.0009516934576158,0.9999995559640456,0.0089443444879927,-3.827714544131649,train,0.960960960960961,0.9579579579579579,0.9429429429429429,0.975975975975976,0.45045045045045046,0.9579579579579579,0.018018018018018056,5
629d7d57091b71c5c0c2c6f42218702e454b4ae60e20636885741c7c22fe1bb4,30.0,40.0,0.9978889794598536,0.0554627239625064,0.9827209173886948,0.0516674181692329,-2.9419650788272302,train,0.10510510510510511,0.6246246246246246,0.32432432432432434,0.6336336336336337,0.7537537537537538,0.6246246246246246,0.30930930930930933,5
629d7d57091b71c5c0c2c6f42218702e454b4ae60e20636885741c7c22fe1bb4,32.0,42.0,0.9994193175997536,0.0505251495778899,0.9875746864651472,0.0729120661620139,-2.540670306492371,train,0.15315315315315314,0.6306306306306306,0.4144144144144144,0.6066066066066066,0.8708708708708709,0.6066066066066066,0.21621621621621623,5
629d7d57091b71c5c0c2c6f42218702e454b4ae60e20636885741c7c22fe1bb4,34.0,44.0,0.9995552258185426,0.142873491840406,0.9932569304872516,0.104214924242657,-2.637141751838333,train,0.17117117117117117,0.5255255255255256,0.5465465465465466,0.5615615615615616,0.8498498498498499,0.5465465465465466,0.036036036036036,5
629d7d57091b71c5c0c2c6f42218702e454b4ae60e20636885741c7c22fe1bb4,36.0,46.0,0.9995375591242236,0.1425048558318312,0.9934953830166232,0.1045106806298475,-2.660050505185881,train,0.16516516516516516,0.5285285285285285,0.5585585585585585,0.5585585585585585,0.8438438438438438,0.5585585585585585,0.03003003003003002,5
629d7d57091b71c5c0c2c6f42218702e454b4ae60e20636885741c7c22fe1bb4,38.0,48.0,0.9999402983665554,0.1843517047141183,0.9868938189812138,0.1584794466478884,-2.632661702012771,train,0.3663663663663664,0.4444444444444444,0.4114114114114114,0.44744744744744747,0.8528528528528528,0.4444444444444444,0.03603603603603606,5
629d7d57091b71c5c0c2c6f42218702e454b4ae60e20636885741c7c22fe1bb4,40.0,50.0,0.9999272628596932,0.1665280302159308,0.9983032967039296,0.1253279833497938,-2.482539760751112,train,0.34234234234234234,0.48348348348348347,0.7387387387387387,0.5135135135135135,0.8918918918918919,0.5135135135135135,0.2552552552552553,5
629d7d57091b71c5c0c2c6f42218702e454b4ae60e20636885741c7c22fe1bb4,42.0,52.0,0.9996420706309128,0.2392718844702023,0.9931130358568442,0.1522537993887707,-2.3996974607694748,train,0.1891891891891892,0.35435435435435436,0.5435435435435435,0.46846846846846846,0.9099099099099099,0.46846846846846846,0.18918918918918914,5
629d7d57091b71c5c0c2c6f42218702e454b4ae60e20636885741c7c22fe1bb4,44.0,54.0,0.9999098442265264,0.2109784369120572,0.9921782339160582,0.1694849657394218,-1.803313164329799,train,0.3153153153153153,0.39039039039039036,0.5165165165165165,0.4264264264264264,0.990990990990991,0.4264264264264264,0.12612612612612617,5
629d7d57091b71c5c0c2c6f42218702e454b4ae60e20636885741c7c22fe1bb4,46.0,56.0,0.9997953526136948,0.2035120878738501,0.9796296749925458,0.1560105263402715,-1.4932412407903966,train,0.24024024024024024,0.3993993993993994,0.2702702702702703,0.45045045045045046,1.0,0.3993993993993994,0.18018018018018017,5
629d7d57091b71c5c0c2c6f42218702e454b4ae60e20636885741c7c22fe1bb4,48.0,58.0,0.99970594992743,0.1649904900173153,0.9531125832768276,0.1360856202034648,-2.003234589127399,train,0.1981981981981982,0.4864864864864865,0.0990990990990991,0.4864864864864865,0.9819819819819819,0.4864864864864865,0.28828828828828834,5
629d7d57091b71c5c0c2c6f42218702e454b4ae60e20636885741c7c22fe1bb4,50.0,60.0,0.9996836217236952,0.1460548928533918,0.9818197301016204,0.137598719328491,-2.013150858668347,train,0.1921921921921922,0.5135135135135135,0.2852852852852853,0.4804804804804805,0.975975975975976,0.4804804804804805,0.2282282282282282,5
629d7d57091b71c5c0c2c6f42218702e454b4ae60e20636885741c7c22fe1bb4,52.0,62.0,0.9994345569941816,0.0981877670695288,0.992122255061475,0.0954994255476779,-2.081239258136144,train,0.15615615615615616,0.5765765765765766,0.5075075075075075,0.5765765765765766,0.96996996996997,0.5765765765765766,0.06906906906906907,5
629d7d57091b71c5c0c2c6f42218702e454b4ae60e20636885741c7c22fe1bb4,54.0,64.0,0.9990834618377872,0.0286712045243308,0.9923699924378088,0.0430672776836095,-2.467606689097249,train,0.13513513513513514,0.6516516516516516,0.5225225225225225,0.6426426426426426,0.8978978978978979,0.6426426426426426,0.1291291291291291,5
629d7d57091b71c5c0c2c6f42218702e454b4ae60e20636885741c7c22fe1bb4,56.0,66.0,0.9986259703978422,0.0214264818110991,0.9864498962038012,0.0412575669056357,-2.49887693049548,train,0.12312312312312312,0.6756756756756757,0.4024024024024024,0.6546546546546547,0.8828828828828829,0.6546546546546547,0.2732732732732733,5
629d7d57091b71c5c0c2c6f42218702e454b4ae60e20636885741c7c22fe1bb4,58.0,68.0,0.9981516456796636,0.016422354917417,0.9901112224187484,0.0342504819667427,-2.549701472776138,train,0.10810810810810811,0.6936936936936937,0.47147147147147145,0.6666666666666666,0.8678678678678678,0.6666666666666666,0.22222222222222227,5
629d7d57091b71c5c0c2c6f42218702e454b4ae60e20636885741c7c22fe1bb4,60.0,70.0,0.9993859336288544,0.0150347552753926,0.9946933575051916,0.0325356319212382,-2.573978894800473,train,0.14714714714714713,0.7117117117117117,0.6096096096096096,0.6696696696696697,0.8648648648648649,0.6696696696696697,0.10210210210210202,5
629d7d57091b71c5c0c2c6f42218702e454b4ae60e20636885741c7c22fe1bb4,62.0,72.0,0.9932047576805156,0.0158319078114309,0.9945703371011482,0.0281175598651247,-2.702177129715793,train,0.05405405405405406,0.6996996996996997,0.6066066066066066,0.6816816816816816,0.8348348348348348,0.6816816816816816,0.0930930930930931,5
629d7d57091b71c5c0c2c6f42218702e454b4ae60e20636885741c7c22fe1bb4,64.0,74.0,0.9932964773384924,0.0113918574343133,0.9982870349016032,0.0201500019551328,-2.862792872516163,train,0.057057057057057055,0.7297297297297297,0.7327327327327328,0.7117117117117117,0.7837837837837838,0.7297297297297297,0.021021021021021102,5
629d7d57091b71c5c0c2c6f42218702e454b4ae60e20636885741c7c22fe1bb4,66.0,76.0,0.9902859173939528,0.0102023448719793,0.9964567003749218,0.0129898267629888,-2.983490359610704,train,0.036036036036036036,0.7387387387387387,0.6846846846846847,0.8138138138138138,0.7477477477477478,0.7387387387387387,0.06306306306306309,5
629d7d57091b71c5c0c2c6f42218702e454b4ae60e20636885741c7c22fe1bb4,68.0,78.0,0.9997876177948648,0.0090025839986746,0.9928678474753306,0.0098238652566686,-3.0652098370665497,train,0.23123123123123124,0.7507507507507507,0.5405405405405406,0.9009009009009009,0.7237237237237237,0.7237237237237237,0.21021021021021014,5
629d7d57091b71c5c0c2c6f42218702e454b4ae60e20636885741c7c22fe1bb4,70.0,80.0,0.99961679336453,0.0101169472783273,0.9987070740285982,0.0119570696799979,-3.578373534563985,train,0.18018018018018017,0.7417417417417418,0.7477477477477478,0.8228228228228228,0.6456456456456456,0.7417417417417418,0.10210210210210213,5
629d7d57091b71c5c0c2c6f42218702e454b4ae60e20636885741c7c22fe1bb4,72.0,82.0,0.9997857236741432,0.0105689249043693,0.9517823241728124,0.0138652905307675,-3.7236457192094834,train,0.22522522522522523,0.7357357357357357,0.09009009009009009,0.8078078078078078,0.5135135135135135,0.5135135135135135,0.5105105105105104,5
629d7d57091b71c5c0c2c6f42218702e454b4ae60e20636885741c7c22fe1bb4,74.0,84.0,0.9998088740460586,0.0075812914367448,0.981925595213704,0.0128713873386529,-3.989223390470284,train,0.25225225225225223,0.7597597597597597,0.2912912912912913,0.8168168168168168,0.39039039039039036,0.39039039039039036,0.46846846846846846,5
667a6e15a4394db30d7cce7a4db319041453bfa306b566a87e84b213d81efb29,0.0,10.0,0.9999938580302228,0.6304541134508668,0.9685743336454375,0.638069717170612,-27.01799765388373,train,0.6516516516516516,0.057057057057057055,0.18018018018018017,0.11411411411411411,0.006006006006006006,0.11411411411411411,0.12312312312312312,5
667a6e15a4394db30d7cce7a4db319041453bfa306b566a87e84b213d81efb29,2.0,12.0,0.9999868773322252,0.7541199746175367,0.9537914912988146,0.6850269363428507,-27.011338555079718,train,0.5525525525525525,0.012012012012012012,0.1021021021021021,0.0990990990990991,0.009009009009009009,0.0990990990990991,0.09009009009009009,5
667a6e15a4394db30d7cce7a4db319041453bfa306b566a87e84b213d81efb29,4.0,14.0,0.9999875695633724,0.5487200318888275,0.932407079089066,0.6990692964944407,-26.959623236153718,train,0.5585585585585585,0.09009009009009009,0.042042042042042045,0.08708708708708708,0.012012012012012012,0.08708708708708708,0.04804804804804804,5
667a6e15a4394db30d7cce7a4db319041453bfa306b566a87e84b213d81efb29,6.0,16.0,0.9999689326300596,0.440820422395367,0.960697246200916,0.4427134275897136,-4.753375965738824,train,0.45045045045045046,0.14714714714714713,0.14414414414414414,0.18618618618618618,0.32432432432432434,0.18618618618618618,0.1771771771771772,5
667a6e15a4394db30d7cce7a4db319041453bfa306b566a87e84b213d81efb29,8.0,18.0,0.9999671452437008,0.3799306029085663,0.959501981025619,0.3704548605988925,-4.55280473154014,train,0.4444444444444444,0.18018018018018017,0.13213213213213212,0.2012012012012012,0.33633633633633636,0.2012012012012012,0.1561561561561562,5
667a6e15a4394db30d7cce7a4db319041453bfa306b566a87e84b213d81efb29,10.0,20.0,0.9998252993491988,0.1885761794461264,0.9806163257325692,0.1796500620131167,-3.9684009126864463,train,0.26126126126126126,0.43543543543543545,0.2732732732732733,0.38738738738738737,0.3963963963963964,0.38738738738738737,0.12312312312312312,5
667a6e15a4394db30d7cce7a4db319041453bfa306b566a87e84b213d81efb29,12.0,22.0,0.9962402560462148,0.0941974147353459,0.994875302117714,0.0745845983864499,-2.711694662528824,train,0.07507507507507508,0.5885885885885885,0.6186186186186187,0.6036036036036037,0.8288288288288288,0.6036036036036037,0.03003003003003013,5
667a6e15a4394db30d7cce7a4db319041453bfa306b566a87e84b213d81efb29,14.0,24.0,0.9860301335395308,0.0631356913127384,0.9628529386457492,0.0429582308712555,-2.525817869795612,train,0.015015015015015015,0.6156156156156156,0.15015015015015015,0.6456456456456456,0.8738738738738738,0.6156156156156156,0.4954954954954955,5
667a6e15a4394db30d7cce7a4db319041453bfa306b566a87e84b213d81efb29,16.0,26.0,0.9996411775597468,0.0106568654877425,0.9987070740285982,0.0101644266239351,-3.129260437388171,train,0.18618618618618618,0.7327327327327328,0.7477477477477478,0.8618618618618619,0.7147147147147147,0.7327327327327328,0.033033033033033066,5
667a6e15a4394db30d7cce7a4db319041453bfa306b566a87e84b213d81efb29,18.0,28.0,0.9998605850897022,0.0047463218992157,0.981925595213704,0.0091455986878444,-3.3375867951385634,train,0.2882882882882883,0.7687687687687688,0.2912912912912913,0.960960960960961,0.6846846846846847,0.6846846846846847,0.4774774774774775,5
667a6e15a4394db30d7cce7a4db319041453bfa306b566a87e84b213d81efb29,20.0,30.0,0.9999647965001194,0.001962685169758,0.984186439253568,0.009657107590788,-3.640721934045763,train,0.44144144144144143,0.924924924924925,0.35435435435435436,0.9039039039039038,0.5975975975975976,0.5975975975975976,0.4624624624624624,5
667a6e15a4394db30d7cce7a4db319041453bfa306b566a87e84b213d81efb29,22.0,32.0,0.999850909861128,0.0021073769692903,0.974555954670956,0.0094250125684804,-3.628964414154344,train,0.27627627627627627,0.8948948948948949,0.21621621621621623,0.9459459459459459,0.6426426426426426,0.6426426426426426,0.6186186186186187,5
667a6e15a4394db30d7cce7a4db319041453bfa306b566a87e84b213d81efb29,24.0,34.0,0.9996338180068796,0.0117209831388845,0.9825283665037609,0.0173774783111662,-3.3718835336329542,train,0.1831831831831832,0.7237237237237237,0.30930930930930933,0.7327327327327328,0.6786786786786787,0.6786786786786787,0.4144144144144144,5
667a6e15a4394db30d7cce7a4db319041453bfa306b566a87e84b213d81efb29,26.0,36.0,0.9973767264287944,0.018092667941068,0.9992567076332064,0.0299453909603083,-2.8435638658169906,train,0.08408408408408409,0.6816816816816816,0.7717717717717718,0.6756756756756757,0.7927927927927928,0.6816816816816816,0.09609609609609615,5
667a6e15a4394db30d7cce7a4db319041453bfa306b566a87e84b213d81efb29,28.0,38.0,0.9967702373997056,0.0257748340691536,0.9983243616826432,0.0379192334653154,-2.48585870711787,train,0.08108108108108109,0.6606606606606606,0.7417417417417418,0.6576576576576577,0.8888888888888888,0.6606606606606606,0.08408408408408408,5
667a6e15a4394db30d7cce7a4db319041453bfa306b566a87e84b213d81efb29,30.0,40.0,0.9998828759366204,0.1006648010533718,0.9955165677300888,0.1233120548296172,-7.487466177634034,train,0.3033033033033033,0.5735735735735735,0.6486486486486487,0.5225225225225225,0.15915915915915915,0.5225225225225225,0.27027027027027023,5
667a6e15a4394db30d7cce7a4db319041453bfa306b566a87e84b213d81efb29,32.0,42.0,0.9997953526136948,0.1669144475379154,0.9921782339160582,0.1528438954272792,-3.377275226046064,train,0.24024024024024024,0.4804804804804805,0.5165165165165165,0.4624624624624625,0.6756756756756757,0.4804804804804805,0.05405405405405406,5
667a6e15a4394db30d7cce7a4db319041453bfa306b566a87e84b213d81efb29,34.0,44.0,0.9999905208830135,0.5410730609181582,0.9835385626501384,0.8175319487872311,-5.660681541534616,train,0.5885885885885885,0.0960960960960961,0.34234234234234234,0.06606606606606606,0.26426426426426425,0.26426426426426425,0.24624624624624625,5
667a6e15a4394db30d7cce7a4db319041453bfa306b566a87e84b213d81efb29,36.0,46.0,0.9999929640001244,0.7869166583586775,0.9844817749525706,1.09645810524235,-5.725533464575477,train,0.6426426426426426,0.009009009009009009,0.3633633633633634,0.024024024024024024,0.2552552552552553,0.2552552552552553,0.33933933933933935,5
667a6e15a4394db30d7cce7a4db319041453bfa306b566a87e84b213d81efb29,38.0,48.0,0.999927345933521,0.6459100737658827,0.973524315886614,1.1029028237028151,-6.197909906645135,train,0.34534534534534533,0.05405405405405406,0.21021021021021022,0.021021021021021023,0.21021021021021022,0.21021021021021022,0.15615615615615616,5
667a6e15a4394db30d7cce7a4db319041453bfa306b566a87e84b213d81efb29,40.0,50.0,0.999875162690107,0.6522082242792816,0.9679227698101888,1.0832617381455405,-6.20123298790638,train,0.2972972972972973,0.04504504504504504,0.17417417417417416,0.02702702702702703,0.2072072072072072,0.17417417417417416,0.16216216216216217,5
667a6e15a4394db30d7cce7a4db319041453bfa306b566a87e84b213d81efb29,42.0,52.0,0.9999520364846298,0.5352572546392502,0.9925064260674542,1.2539435581960945,-6.724552687048474,train,0.3933933933933934,0.1021021021021021,0.5285285285285285,0.003003003003003003,0.1891891891891892,0.1891891891891892,0.2912912912912913,5
667a6e15a4394db30d7cce7a4db319041453bfa306b566a87e84b213d81efb29,44.0,54.0,0.999930142346287,0.6619132703657458,0.9949532533993672,0.6664096103671615,-12.548349710018728,train,0.3483483483483483,0.03303303303303303,0.6246246246246246,0.10510510510510511,0.05405405405405406,0.10510510510510511,0.29429429429429427,5
667a6e15a4394db30d7cce7a4db319041453bfa306b566a87e84b213d81efb29,46.0,56.0,0.9998840560254848,0.2968505708840379,0.9908909285938364,0.4728210486146175,-12.410086504580464,train,0.3063063063063063,0.2852852852852853,0.4774774774774775,0.18018018018018017,0.057057057057057055,0.2852852852852853,0.12612612612612611,5
667a6e15a4394db30d7cce7a4db319041453bfa306b566a87e84b213d81efb29,48.0,58.0,0.9999768689441124,0.4619115720185703,0.9933074145987908,0.6258878701655816,-11.999568685248684,train,0.48348348348348347,0.13213213213213212,0.5525525525525525,0.11711711711711711,0.06006006006006006,0.13213213213213212,0.3663663663663663,5
667a6e15a4394db30d7cce7a4db319041453bfa306b566a87e84b213d81efb29,50.0,60.0,0.9999949677802412,0.6091881004058327,0.98583107667058,0.656351664131406,-9.064464497302012,train,0.6966966966966966,0.07507507507507508,0.3813813813813814,0.1111111111111111,0.11411411411411411,0.11411411411411411,0.2702702702702703,5
667a6e15a4394db30d7cce7a4db319041453bfa306b566a87e84b213d81efb29,52.0,62.0,0.9999965458990816,0.4527134059722457,0.9832615905070524,0.5288287657192599,-9.067107625070417,train,0.7447447447447447,0.14114114114114115,0.33633633633633636,0.15315315315315314,0.1111111111111111,0.15315315315315314,0.1951951951951952,5
667a6e15a4394db30d7cce7a4db319041453bfa306b566a87e84b213d81efb29,54.0,64.0,0.9999928317401634,0.6471812222913175,0.9844817749525706,0.525922825288629,-8.722880619647619,train,0.6366366366366366,0.04804804804804805,0.3633633633633634,0.15615615615615616,0.12312312312312312,0.15615615615615616,0.24024024024024027,5
667a6e15a4394db30d7cce7a4db319041453bfa306b566a87e84b213d81efb29,56.0,66.0,0.9999879197437138,0.7067790584699367,0.9860325932385944,0.5701737638264973,-10.9805120782958,train,0.5615615615615616,0.021021021021021023,0.39039039039039036,0.13513513513513514,0.07507507507507508,0.13513513513513514,0.3153153153153153,5
667a6e15a4394db30d7cce7a4db319041453bfa306b566a87e84b213d81efb29,58.0,68.0,0.9999929640001244,0.661628420801387,0.9945520391776131,0.4975208406158131,-9.517223767083497,train,0.6426426426426426,0.036036036036036036,0.6006006006006006,0.17417417417417416,0.0960960960960961,0.17417417417417416,0.5045045045045045,5
667a6e15a4394db30d7cce7a4db319041453bfa306b566a87e84b213d81efb29,60.0,70.0,0.9999885936240734,0.5314400589673749,0.9745037175410828,0.4524634905863,-11.791433085748691,train,0.5705705705705706,0.10510510510510511,0.2132132132132132,0.1831831831831832,0.06306306306306306,0.1831831831831832,0.1081081081081081,5
667a6e15a4394db30d7cce7a4db319041453bfa306b566a87e84b213d81efb29,62.0,72.0,0.9999943781211776,0.459676370286977,0.9731658667788026,0.4135106623747349,-11.717347101217603,train,0.6726726726726727,0.13813813813813813,0.2012012012012012,0.1921921921921922,0.06606606606606606,0.1921921921921922,0.06306306306306306,5
667a6e15a4394db30d7cce7a4db319041453bfa306b566a87e84b213d81efb29,64.0,74.0,0.9999913263785576,0.4208467549474551,0.983107626018746,0.3613457833651211,-11.275664473275862,train,0.6066066066066066,0.15615615615615616,0.3303303303303303,0.2042042042042042,0.06906906906906907,0.2042042042042042,0.17417417417417416,5
667a6e15a4394db30d7cce7a4db319041453bfa306b566a87e84b213d81efb29,66.0,76.0,0.9999942891086624,0.335756519470024,0.9480558004067792,0.2526222920740624,-10.993338655533153,train,0.6696696696696697,0.23123123123123124,0.06606606606606606,0.26426426426426425,0.07207207207207207,0.23123123123123124,0.1921921921921922,5
667a6e15a4394db30d7cce7a4db319041453bfa306b566a87e84b213d81efb29,68.0,78.0,0.9999970542223908,0.2444448227128233,0.9564508932388792,0.2384173236792384,-5.077803721028036,train,0.7687687687687688,0.34534534534534533,0.1111111111111111,0.2822822822822823,0.2912912912912913,0.2912912912912913,0.06306306306306303,5
667a6e15a4394db30d7cce7a4db319041453bfa306b566a87e84b213d81efb29,70.0,80.0,0.999994625188842,0.1597812715762176,0.9766133296207418,0.1842237552122068,-5.867738194489426,train,0.6846846846846847,0.4924924924924925,0.23723723723723725,0.37537537537537535,0.24624624624624625,0.37537537537537535,0.24624624624624625,5
667a6e15a4394db30d7cce7a4db319041453bfa306b566a87e84b213d81efb29,72.0,82.0,0.9999953277860956,0.191014327892489,0.884681583713199,0.1796652069790406,-5.71129967349615,train,0.7027027027027027,0.4264264264264264,0.012012012012012012,0.3843843843843844,0.25825825825825827,0.3843843843843844,0.16816816816816815,5
667a6e15a4394db30d7cce7a4db319041453bfa306b566a87e84b213d81efb29,74.0,84.0,0.9999993532958968,0.2212729721660586,0.9425431829157704,0.2118924251561698,-8.68998535979262,train,0.8108108108108109,0.3813813813813814,0.057057057057057055,0.32732732732732733,0.12612612612612611,0.32732732732732733,0.2552552552552553,5
667a6e15a4394db30d7cce7a4db319041453bfa306b566a87e84b213d81efb29,76.0,86.0,0.9999969970432544,0.3068769853600309,0.983417600481142,0.26231095300149,-8.757841037648317,train,0.7627627627627628,0.2672672672672673,0.33933933933933935,0.2552552552552553,0.12012012012012012,0.2672672672672673,0.08408408408408408,5
667a6e15a4394db30d7cce7a4db319041453bfa306b566a87e84b213d81efb29,78.0,88.0,0.9999915789102848,0.3318020160006516,0.96791254582712,0.2753438619810231,-8.377112965416117,train,0.6156156156156156,0.24624624624624625,0.17117117117117117,0.22822822822822822,0.13513513513513514,0.22822822822822822,0.07507507507507508,5
667a6e15a4394db30d7cce7a4db319041453bfa306b566a87e84b213d81efb29,80.0,90.0,0.9999968745401082,0.3692302725148726,0.9486768615433762,0.282824804502699,-10.697242839954516,train,0.7597597597597597,0.1981981981981982,0.07507507507507508,0.22522522522522523,0.07807807807807808,0.1981981981981982,0.14714714714714716,5
667a6e15a4394db30d7cce7a4db319041453bfa306b566a87e84b213d81efb29,82.0,92.0,0.9999967159899276,0.3495307015374364,0.9647997727896418,0.2888113290749031,-9.232627465127187,train,0.7507507507507507,0.2132132132132132,0.16516516516516516,0.2222222222222222,0.10810810810810811,0.2132132132132132,0.05705705705705705,5
667a6e15a4394db30d7cce7a4db319041453bfa306b566a87e84b213d81efb29,84.0,94.0,0.999996217927302,0.3703170201642701,0.9508828675099922,0.2696643058195197,-9.749463785668771,train,0.7327327327327328,0.19519519519519518,0.08408408408408409,0.24324324324324326,0.09009009009009009,0.19519519519519518,0.15315315315315317,5
667a6e15a4394db30d7cce7a4db319041453bfa306b566a87e84b213d81efb29,86.0,96.0,0.9999884421585032,0.4220750533532332,0.957157403527476,0.2624450909780133,-7.242582080504608,train,0.5675675675675675,0.15315315315315314,0.12012012012012012,0.25225225225225223,0.16816816816816818,0.16816816816816818,0.09909909909909909,5
667a6e15a4394db30d7cce7a4db319041453bfa306b566a87e84b213d81efb29,88.0,98.0,0.9999612456767532,0.3124685513434293,0.9137650731728132,0.1705389940786481,-3.7989281690213943,train,0.42342342342342343,0.26126126126126126,0.02702702702702703,0.4174174174174174,0.47147147147147145,0.4174174174174174,0.16216216216216217,5
667a6e15a4394db30d7cce7a4db319041453bfa306b566a87e84b213d81efb29,90.0,100.0,0.9997672699718312,0.3358158427955186,0.8867551741547073,0.1947870204398812,-3.902163108851101,train,0.2132132132132132,0.22822822822822822,0.018018018018018018,0.35735735735735735,0.4024024024024024,0.22822822822822822,0.14414414414414414,5
667a6e15a4394db30d7cce7a4db319041453bfa306b566a87e84b213d81efb29,92.0,102.0,0.9998517969679742,0.3546191566689097,0.9776528910993588,0.2600934315299573,-3.8163621253140247,train,0.2822822822822823,0.2072072072072072,0.24924924924924924,0.25825825825825827,0.4624624624624625,0.25825825825825827,0.033033033033033066,5
667a6e15a4394db30d7cce7a4db319041453bfa306b566a87e84b213d81efb29,94.0,104.0,0.9994193175997536,0.2736955695639854,0.9845080840378168,0.214449133941478,-2.9867758363954926,train,0.15315315315315314,0.3033033033033033,0.3663663663663664,0.3213213213213213,0.7447447447447447,0.3213213213213213,0.06306306306306309,5
667a6e15a4394db30d7cce7a4db319041453bfa306b566a87e84b213d81efb29,96.0,106.0,0.9983131233579474,0.1587039019362361,0.8820885148507122,0.1789890699922611,-2.683159996971066,train,0.1111111111111111,0.4954954954954955,0.009009009009009009,0.39039039039039036,0.8378378378378378,0.39039039039039036,0.3843843843843844,5
667a6e15a4394db30d7cce7a4db319041453bfa306b566a87e84b213d81efb29,98.0,108.0,0.9974054864391976,0.1973699702135475,0.8034409111444962,0.1768440055929502,-2.5087783892143074,train,0.08708708708708708,0.4144144144144144,0.003003003003003003,0.40540540540540543,0.8768768768768769,0.40540540540540543,0.32732732732732733,5
667a6e15a4394db30d7cce7a4db319041453bfa306b566a87e84b213d81efb29,100.0,110.0,0.9978348221806128,0.1777301974651122,0.8348260948887247,0.119264443870835,-2.3737159900981024,train,0.0960960960960961,0.4594594594594595,0.006006006006006006,0.5315315315315315,0.9129129129129129,0.4594594594594595,0.43543543543543545,5
667a6e15a4394db30d7cce7a4db319041453bfa306b566a87e84b213d81efb29,102.0,112.0,0.9997876177948648,0.0087175650139112,0.9989986005992246,0.0094607803095304,-3.264863985939264,train,0.23123123123123124,0.7537537537537538,0.7627627627627628,0.9429429429429429,0.6966966966966966,0.7537537537537538,0.06606606606606613,5
667a6e15a4394db30d7cce7a4db319041453bfa306b566a87e84b213d81efb29,104.0,114.0,0.9997857236741432,0.0054361866072271,0.9911178054861666,0.0071244958526269,-3.3687384630379094,train,0.22522522522522523,0.7657657657657657,0.4894894894894895,0.996996996996997,0.6816816816816816,0.6816816816816816,0.2762762762762762,5
667a6e15a4394db30d7cce7a4db319041453bfa306b566a87e84b213d81efb29,106.0,116.0,0.9999916955372186,0.0021957023221573,0.9994326076886304,0.0068774596092825,-3.504077143891999,train,0.6186186186186187,0.8738738738738738,0.7747747747747747,1.0,0.6606606606606606,0.7747747747747747,0.21321321321321318,5
667a6e15a4394db30d7cce7a4db319041453bfa306b566a87e84b213d81efb29,108.0,118.0,0.9999977423969668,0.0009069268213938,0.9979835037967232,0.0080690714810718,-3.676944369827928,train,0.7897897897897898,0.960960960960961,0.7237237237237237,0.987987987987988,0.5615615615615616,0.7897897897897898,0.23723723723723722,5
667a6e15a4394db30d7cce7a4db319041453bfa306b566a87e84b213d81efb29,110.0,120.0,0.9999999014148075,0.0009030011502587,0.9999891263585934,0.0091314626172149,-3.7902026801367703,train,0.8588588588588588,0.963963963963964,0.8348348348348348,0.963963963963964,0.4744744744744745,0.8588588588588588,0.12912912912912922,5
667a6e15a4394db30d7cce7a4db319041453bfa306b566a87e84b213d81efb29,112.0,122.0,0.9999999686510898,0.000972674289395,0.999998279502442,0.0091756387705638,-3.818606320308024,train,0.8978978978978979,0.9459459459459459,0.8918918918918919,0.9579579579579579,0.4594594594594595,0.8978978978978979,0.05405405405405406,5
667a6e15a4394db30d7cce7a4db319041453bfa306b566a87e84b213d81efb29,114.0,124.0,0.9999999369997338,0.0009863197354907,0.9999968422607102,0.0090615997821231,-3.8210221979054335,train,0.8798798798798799,0.9429429429429429,0.8798798798798799,0.9669669669669669,0.45645645645645644,0.8798798798798799,0.06306306306306297,5
667a6e15a4394db30d7cce7a4db319041453bfa306b566a87e84b213d81efb29,116.0,126.0,0.999999989978966,0.0009929138398905,0.9999845596113652,0.0089808154602181,-3.7536691462253935,train,0.948948948948949,0.93993993993994,0.8258258258258259,0.96996996996997,0.4774774774774775,0.93993993993994,0.12312312312312312,5
667a6e15a4394db30d7cce7a4db319041453bfa306b566a87e84b213d81efb29,118.0,128.0,0.9997882813708152,0.0044299277365016,0.9809851827308884,0.0124106068773719,-3.524741407500274,train,0.23423423423423423,0.7717717717717718,0.27627627627627627,0.8198198198198198,0.6546546546546547,0.6546546546546547,0.49549549549549554,5
667a6e15a4394db30d7cce7a4db319041453bfa306b566a87e84b213d81efb29,120.0,130.0,0.9890606763213547,0.0225768048020425,0.993536137246429,0.0291990412264869,-3.0038985961792104,train,0.02702702702702703,0.6696696696696697,0.5615615615615616,0.6786786786786787,0.7327327327327328,0.6696696696696697,0.11711711711711714,5
667a6e15a4394db30d7cce7a4db319041453bfa306b566a87e84b213d81efb29,122.0,132.0,0.9978492903485636,0.0657195144806056,0.98818039811368,0.075580225458041,-2.34525411521039,train,0.1021021021021021,0.6126126126126126,0.43243243243243246,0.6006006006006006,0.924924924924925,0.6006006006006006,0.18018018018018012,5
667a6e15a4394db30d7cce7a4db319041453bfa306b566a87e84b213d81efb29,124.0,134.0,0.9995335561574654,0.1692233936188244,0.9964359026474898,0.0994980895837233,-2.165501924575425,train,0.16216216216216217,0.47147147147147145,0.6816816816816816,0.5705705705705706,0.9579579579579579,0.5705705705705706,0.2102102102102102,5
667a6e15a4394db30d7cce7a4db319041453bfa306b566a87e84b213d81efb29,126.0,136.0,0.9998079433075876,0.1708106908636806,0.9895891520878612,0.2377988949138167,-3.0408338942132187,train,0.24924924924924924,0.46846846846846846,0.46546546546546547,0.2882882882882883,0.7267267267267268,0.46546546546546547,0.18018018018018017,5
667a6e15a4394db30d7cce7a4db319041453bfa306b566a87e84b213d81efb29,128.0,138.0,0.9999787705683392,0.6840816699716532,0.9865848806094116,0.7992846756319137,-5.264073035117934,train,0.4924924924924925,0.02702702702702703,0.4084084084084084,0.07207207207207207,0.2822822822822823,0.2822822822822823,0.33633633633633636,5
667a6e15a4394db30d7cce7a4db319041453bfa306b566a87e84b213d81efb29,130.0,140.0,0.9999949677802412,0.5437318164427277,0.9792364934952368,0.8573028825812493,-15.655326144944244,train,0.6966966966966966,0.09309309309309309,0.26426426426426425,0.057057057057057055,0.05105105105105105,0.09309309309309309,0.2072072072072072,5
667a6e15a4394db30d7cce7a4db319041453bfa306b566a87e84b213d81efb29,132.0,142.0,0.9999905793374196,0.4978486201430956,0.9697868759077471,0.893968581490795,-15.72807108717952,train,0.5915915915915916,0.11711711711711711,0.18618618618618618,0.04804804804804805,0.042042042042042045,0.11711711711711711,0.13813813813813813,5
667a6e15a4394db30d7cce7a4db319041453bfa306b566a87e84b213d81efb29,134.0,144.0,0.9999965458990816,0.6131234154452977,0.9877637909863172,0.9358501767864544,-15.765542601423734,train,0.7447447447447447,0.07207207207207207,0.42042042042042044,0.03903903903903904,0.03903903903903904,0.07207207207207207,0.3813813813813814,5
667a6e15a4394db30d7cce7a4db319041453bfa306b566a87e84b213d81efb29,136.0,146.0,0.9999950072618744,0.7520021791158428,0.9763311575708132,0.8615553537750684,-15.71083039016582,train,0.6996996996996997,0.015015015015015015,0.23123123123123124,0.05405405405405406,0.04504504504504504,0.05405405405405406,0.1861861861861862,5
667a6e15a4394db30d7cce7a4db319041453bfa306b566a87e84b213d81efb29,138.0,148.0,0.9999975786800634,0.4046407789868604,0.9586070070633244,0.3194226676568797,-15.689070042194889,train,0.7837837837837838,0.16216216216216217,0.12912912912912913,0.21621621621621623,0.04804804804804805,0.16216216216216217,0.0870870870870871,5
667a6e15a4394db30d7cce7a4db319041453bfa306b566a87e84b213d81efb29,140.0,150.0,0.999995818572847,0.5893076039108697,0.9945520391776131,0.5931214951287385,-7.0537286655081175,train,0.7237237237237237,0.08408408408408409,0.6006006006006006,0.12912912912912913,0.17417417417417416,0.17417417417417416,0.4714714714714715,5
667a6e15a4394db30d7cce7a4db319041453bfa306b566a87e84b213d81efb29,142.0,152.0,0.999994705450842,0.6220820620474744,0.9862360689762228,0.5426487838420961,-4.940835448465365,train,0.6906906906906907,0.06306306306306306,0.3963963963963964,0.14414414414414414,0.3063063063063063,0.3063063063063063,0.25225225225225223,5
667a6e15a4394db30d7cce7a4db319041453bfa306b566a87e84b213d81efb29,144.0,154.0,0.9999612456767532,0.5373397546322335,0.9843787618969524,0.5128202442813125,-5.203893963247832,train,0.42342342342342343,0.0990990990990991,0.35735735735735735,0.16216216216216217,0.2852852852852853,0.2852852852852853,0.19519519519519518,5
667a6e15a4394db30d7cce7a4db319041453bfa306b566a87e84b213d81efb29,146.0,156.0,0.9997171632594268,0.5903706307697938,0.9605905054414302,0.5086057929380282,-5.001573094000287,train,0.2012012012012012,0.08108108108108109,0.14114114114114115,0.16516516516516516,0.29429429429429427,0.16516516516516516,0.06006006006006004,5
667a6e15a4394db30d7cce7a4db319041453bfa306b566a87e84b213d81efb29,148.0,158.0,0.9999349919683778,0.5029752435424147,0.9776528910993588,0.5053799507919612,-4.737593031466917,train,0.35435435435435436,0.11411411411411411,0.24924924924924924,0.16816816816816818,0.32732732732732733,0.24924924924924924,0.15915915915915915,5
667a6e15a4394db30d7cce7a4db319041453bfa306b566a87e84b213d81efb29,150.0,160.0,0.9997668061884531,0.1840485434812948,0.9955165677300888,0.169565484372661,-2.794973548245585,train,0.2072072072072072,0.44744744744744747,0.6486486486486487,0.42342342342342343,0.8078078078078078,0.44744744744744747,0.22522522522522526,5
667a6e15a4394db30d7cce7a4db319041453bfa306b566a87e84b213d81efb29,152.0,162.0,0.9995861737164694,0.202952709277728,0.9983032967039296,0.1526231475888409,-2.3628968790734923,train,0.17417417417417416,0.40540540540540543,0.7387387387387387,0.46546546546546547,0.918918918918919,0.46546546546546547,0.3333333333333333,5
667a6e15a4394db30d7cce7a4db319041453bfa306b566a87e84b213d81efb29,154.0,164.0,0.9999557603589396,0.3944805374579119,0.987867798407448,0.3459734561171133,-2.7380420240127634,train,0.4084084084084084,0.16816816816816818,0.42342342342342343,0.21021021021021022,0.8138138138138138,0.4084084084084084,0.2132132132132132,5
667a6e15a4394db30d7cce7a4db319041453bfa306b566a87e84b213d81efb29,156.0,166.0,0.9999858097051202,0.4811662018342136,0.9902878226547178,0.5370697345495551,-6.296752927693351,train,0.5405405405405406,0.12312312312312312,0.4744744744744745,0.14714714714714713,0.2012012012012012,0.2012012012012012,0.3273273273273274,5
667a6e15a4394db30d7cce7a4db319041453bfa306b566a87e84b213d81efb29,158.0,168.0,0.9999836724589248,0.6177864008941799,0.9888622865308888,0.8345209053897367,-7.611488338270011,train,0.5165165165165165,0.06606606606606606,0.4444444444444444,0.06306306306306306,0.15015015015015015,0.15015015015015015,0.37837837837837834,5
667a6e15a4394db30d7cce7a4db319041453bfa306b566a87e84b213d81efb29,160.0,170.0,0.9999826106790648,0.8318856012139236,0.9933074145987908,1.0269642179211835,-9.747706656590582,train,0.5075075075075075,0.006006006006006006,0.5525525525525525,0.03003003003003003,0.09309309309309309,0.09309309309309309,0.4774774774774775,5
667a6e15a4394db30d7cce7a4db319041453bfa306b566a87e84b213d81efb29,162.0,172.0,0.9999835474763265,0.9092730349329676,0.9911750515672302,1.1252148649470233,-16.426561943497823,train,0.5135135135135135,0.003003003003003003,0.4924924924924925,0.018018018018018018,0.036036036036036036,0.036036036036036036,0.4744744744744745,5
667a6e15a4394db30d7cce7a4db319041453bfa306b566a87e84b213d81efb29,164.0,174.0,0.9999118938548588,0.6280377130234747,0.99256256442107,0.9328866316685348,-6.043370282681268,train,0.3213213213213213,0.06006006006006006,0.5315315315315315,0.042042042042042045,0.2222222222222222,0.2222222222222222,0.26126126126126126,5
667a6e15a4394db30d7cce7a4db319041453bfa306b566a87e84b213d81efb29,166.0,176.0,0.9998926626501424,0.5756285418737668,0.9918836530779556,0.7432470698925805,-5.350019210686718,train,0.3123123123123123,0.08708708708708708,0.4984984984984985,0.08108108108108109,0.2702702702702703,0.2702702702702703,0.22522522522522526,5
667a6e15a4394db30d7cce7a4db319041453bfa306b566a87e84b213d81efb29,168.0,178.0,0.99994915115768,0.3152846920017662,0.993360523955858,0.4194798198707442,-3.799770980510405,train,0.3813813813813814,0.25825825825825827,0.5555555555555556,0.1891891891891892,0.46846846846846846,0.3813813813813814,0.2102102102102102,5
667a6e15a4394db30d7cce7a4db319041453bfa306b566a87e84b213d81efb29,170.0,180.0,0.9999700714717258,0.386964839233544,0.9895891520878612,0.2922229132804293,-3.5732707904052465,train,0.45645645645645644,0.17417417417417416,0.46546546546546547,0.21921921921921922,0.6516516516516516,0.45645645645645644,0.24624624624624625,5
667a6e15a4394db30d7cce7a4db319041453bfa306b566a87e84b213d81efb29,172.0,182.0,0.999954962516478,0.2335836592324583,0.9822948390277356,0.2182535461312186,-2.992435774182631,train,0.3993993993993994,0.36036036036036034,0.3033033033033033,0.3153153153153153,0.7387387387387387,0.36036036036036034,0.08408408408408408,5
667a6e15a4394db30d7cce7a4db319041453bfa306b566a87e84b213d81efb29,174.0,184.0,0.9999453080763184,0.3185297164204183,0.9845609002443028,0.2743544233134988,-5.8613553308535575,train,0.37237237237237236,0.2552552552552553,0.37237237237237236,0.23123123123123124,0.24924924924924924,0.2552552552552553,0.12312312312312312,5
667a6e15a4394db30d7cce7a4db319041453bfa306b566a87e84b213d81efb29,176.0,186.0,0.9999911752178378,0.274197054434961,0.989603189927067,0.2271842248159105,-6.776434634592049,train,0.6036036036036037,0.3003003003003003,0.46846846846846846,0.3033033033033033,0.1831831831831832,0.3033033033033033,0.16816816816816815,5
667a6e15a4394db30d7cce7a4db319041453bfa306b566a87e84b213d81efb29,178.0,188.0,0.9999915668219368,0.2711997712927219,0.975498267077034,0.2266007562995431,-7.581172350478378,train,0.6126126126126126,0.3063063063063063,0.21921921921921922,0.3063063063063063,0.15315315315315314,0.3063063063063063,0.08708708708708707,5
667a6e15a4394db30d7cce7a4db319041453bfa306b566a87e84b213d81efb29,180.0,190.0,0.99999079808833,0.2441544719783355,0.9817679576455518,0.2068334235973992,-7.245592861045504,train,0.6006006006006006,0.3483483483483483,0.27927927927927926,0.34234234234234234,0.16516516516516516,0.34234234234234234,0.06906906906906907,5
667a6e15a4394db30d7cce7a4db319041453bfa306b566a87e84b213d81efb29,182.0,192.0,0.9999970542223908,0.2495033927966589,0.9860281424138166,0.2260036213320925,-7.94800163297141,train,0.7687687687687688,0.3303303303303303,0.38738738738738737,0.30930930930930933,0.14114114114114115,0.3303303303303303,0.07807807807807804,5
667a6e15a4394db30d7cce7a4db319041453bfa306b566a87e84b213d81efb29,184.0,194.0,0.9999958447895932,0.3904631233855403,0.9760382962019464,0.3706579902961229,-7.848106501478713,train,0.7267267267267268,0.17117117117117117,0.22822822822822822,0.1981981981981982,0.14414414414414414,0.1981981981981982,0.05705705705705705,5
667a6e15a4394db30d7cce7a4db319041453bfa306b566a87e84b213d81efb29,186.0,196.0,0.9999940640091896,0.4636794346647368,0.9860997735988788,0.4947532234322225,-10.40026078151211,train,0.6606606606606606,0.12612612612612611,0.3933933933933934,0.17717717717717718,0.08108108108108109,0.17717717717717718,0.2672672672672673,5
667a6e15a4394db30d7cce7a4db319041453bfa306b566a87e84b213d81efb29,188.0,198.0,0.9999894101142556,0.5949238560416715,0.9755532616652304,0.8741273670023078,-10.21243003649966,train,0.5825825825825826,0.07807807807807808,0.2222222222222222,0.05105105105105105,0.08408408408408409,0.08408408408408409,0.14414414414414412,5
667a6e15a4394db30d7cce7a4db319041453bfa306b566a87e84b213d81efb29,190.0,200.0,0.9999857387526546,0.740122157627454,0.9877637909863172,0.9895026336317456,-8.598142368851567,train,0.5375375375375375,0.018018018018018018,0.42042042042042044,0.03303303303303303,0.12912912912912913,0.12912912912912913,0.3873873873873874,5
667a6e15a4394db30d7cce7a4db319041453bfa306b566a87e84b213d81efb29,192.0,202.0,0.999951145325542,0.6923521028978875,0.9614586051315572,0.9365477434835472,-7.480731671291832,train,0.39039039039039036,0.024024024024024024,0.14714714714714713,0.036036036036036036,0.16216216216216217,0.14714714714714713,0.12612612612612614,5
667a6e15a4394db30d7cce7a4db319041453bfa306b566a87e84b213d81efb29,194.0,204.0,0.9999705155279556,0.6460371086393489,0.9685743336454375,0.7717544609667084,-5.338022823429608,train,0.4594594594594595,0.05105105105105105,0.18018018018018017,0.07507507507507508,0.2732732732732733,0.18018018018018017,0.1981981981981982,5
667a6e15a4394db30d7cce7a4db319041453bfa306b566a87e84b213d81efb29,196.0,206.0,0.999955290768157,0.4621500113517781,0.9733825299803388,0.6895640359280828,-4.998268571541265,train,0.40540540540540543,0.12912912912912913,0.2072072072072072,0.0960960960960961,0.2972972972972973,0.2072072072072072,0.16816816816816818,5
667a6e15a4394db30d7cce7a4db319041453bfa306b566a87e84b213d81efb29,198.0,208.0,0.99997935937675,0.3860840318633175,0.966650133825556,0.3259096587577974,-4.105927868010111,train,0.4954954954954955,0.17717717717717718,0.16816816816816818,0.2132132132132132,0.36936936936936937,0.2132132132132132,0.1921921921921922,5
667a6e15a4394db30d7cce7a4db319041453bfa306b566a87e84b213d81efb29,200.0,210.0,0.9999938992593508,0.2084537720353701,0.9776889360501771,0.2040553180065034,-5.387996605918072,train,0.6546546546546547,0.3933933933933934,0.25225225225225223,0.34534534534534533,0.2672672672672673,0.34534534534534533,0.12612612612612611,5
667a6e15a4394db30d7cce7a4db319041453bfa306b566a87e84b213d81efb29,202.0,212.0,0.999995436695119,0.1940178452521805,0.989131058079435,0.1895569843382652,-6.710657005163979,train,0.7087087087087087,0.4174174174174174,0.45345345345345345,0.3663663663663664,0.1921921921921922,0.4174174174174174,0.08708708708708707,5
667a6e15a4394db30d7cce7a4db319041453bfa306b566a87e84b213d81efb29,204.0,214.0,0.9999940995933853,0.1516946744986486,0.995931131769432,0.1796780408765202,-8.08734560759605,train,0.6636636636636637,0.5045045045045045,0.6546546546546547,0.3813813813813814,0.13813813813813813,0.5045045045045045,0.2732732732732733,5
667a6e15a4394db30d7cce7a4db319041453bfa306b566a87e84b213d81efb29,206.0,216.0,0.9999845010949168,0.2218284661863911,0.985334342336674,0.1683874766614402,-5.887490734234119,train,0.5255255255255256,0.3783783783783784,0.3783783783783784,0.4294294294294294,0.24024024024024024,0.3783783783783784,0.05105105105105101,5
667a6e15a4394db30d7cce7a4db319041453bfa306b566a87e84b213d81efb29,208.0,218.0,0.9999461632567532,0.1340742805291303,0.9397032675438094,0.1273928049597212,-5.881270241978737,train,0.3783783783783784,0.5405405405405406,0.05105105105105105,0.5075075075075075,0.24324324324324326,0.3783783783783784,0.26426426426426425,5
667a6e15a4394db30d7cce7a4db319041453bfa306b566a87e84b213d81efb29,210.0,220.0,0.9999459355735932,0.1031967869980146,0.9516138675241768,0.1004381548460624,-5.177882525131501,train,0.37537537537537535,0.5705705705705706,0.08708708708708708,0.5675675675675675,0.2882882882882883,0.37537537537537535,0.27927927927927926,5
667a6e15a4394db30d7cce7a4db319041453bfa306b566a87e84b213d81efb29,212.0,222.0,0.999986478614815,0.378776859657032,0.9829738557068248,0.2600843421871884,-4.203051311506407,train,0.5465465465465466,0.18618618618618618,0.32732732732732733,0.26126126126126126,0.36036036036036034,0.32732732732732733,0.09909909909909909,5
667a6e15a4394db30d7cce7a4db319041453bfa306b566a87e84b213d81efb29,214.0,224.0,0.9998434469085798,0.37725486124301,0.9164956529673052,0.2522146176082909,-3.965194862165869,train,0.2732732732732733,0.1891891891891892,0.03003003003003003,0.2672672672672673,0.3993993993993994,0.2672672672672673,0.08408408408408408,5
667a6e15a4394db30d7cce7a4db319041453bfa306b566a87e84b213d81efb29,216.0,226.0,0.9997672699718312,0.3222935312068097,0.9305663498195968,0.230355546983971,-4.081343283397795,train,0.2132132132132132,0.25225225225225223,0.036036036036036036,0.2912912912912913,0.37537537537537535,0.25225225225225223,0.07807807807807807,5
667a6e15a4394db30d7cce7a4db319041453bfa306b566a87e84b213d81efb29,218.0,228.0,0.998782356929496,0.3384345152507985,0.8856869262636201,0.2078411209998847,-4.018914738165267,train,0.12612612612612611,0.21621621621621623,0.015015015015015015,0.33933933933933935,0.3843843843843844,0.21621621621621623,0.21321321321321324,5
67460352e955edbaf8a0e73406f2aa4726aa14abea0a93abbe0484dccf14d5c3,0.0,10.0,0.9999352841612849,0.1450279250863358,0.9965243434010036,0.2301385601279127,-2.9244215517592136,train,0.35735735735735735,0.5195195195195195,0.6936936936936937,0.29429429429429427,0.7597597597597597,0.5195195195195195,0.33633633633633636,5
67460352e955edbaf8a0e73406f2aa4726aa14abea0a93abbe0484dccf14d5c3,2.0,12.0,0.9999349919683778,0.4325760793565559,0.9953871172676289,0.6829285224122177,-4.463354426802322,train,0.35435435435435436,0.15015015015015015,0.6366366366366366,0.1021021021021021,0.34234234234234234,0.34234234234234234,0.2042042042042042,5
67460352e955edbaf8a0e73406f2aa4726aa14abea0a93abbe0484dccf14d5c3,4.0,14.0,0.9999111177596568,0.3361551121966673,0.996490492790734,0.7263151193450555,-4.630594864836787,train,0.3183183183183183,0.22522522522522523,0.6906906906906907,0.08408408408408409,0.3303303303303303,0.3183183183183183,0.1051051051051051,5
67460352e955edbaf8a0e73406f2aa4726aa14abea0a93abbe0484dccf14d5c3,6.0,16.0,0.9999819128431036,0.2753809084303166,0.99963415598493,0.7487833107657607,-4.343151913172387,train,0.5045045045045045,0.2972972972972973,0.7807807807807807,0.07807807807807808,0.35135135135135137,0.35135135135135137,0.20720720720720714,5
67460352e955edbaf8a0e73406f2aa4726aa14abea0a93abbe0484dccf14d5c3,8.0,18.0,0.99998652413487,0.4428182629837244,0.9882654163502906,0.8353996761921605,-4.524776810695405,train,0.5495495495495496,0.14414414414414414,0.43543543543543545,0.06006006006006006,0.33933933933933935,0.33933933933933935,0.2912912912912913,5
67460352e955edbaf8a0e73406f2aa4726aa14abea0a93abbe0484dccf14d5c3,10.0,20.0,0.9999897101610672,0.6139294498751426,0.9954725716058868,0.7997651661878658,-24.06382860764325,train,0.5855855855855856,0.06906906906906907,0.6426426426426426,0.06906906906906907,0.024024024024024024,0.06906906906906907,0.5165165165165165,5
67460352e955edbaf8a0e73406f2aa4726aa14abea0a93abbe0484dccf14d5c3,12.0,22.0,0.99997609246269,0.5141909478221678,0.9936960324049208,0.5336756374771106,-24.07701620487421,train,0.4804804804804805,0.1111111111111111,0.5645645645645646,0.15015015015015015,0.021021021021021023,0.15015015015015015,0.36936936936936937,5
67460352e955edbaf8a0e73406f2aa4726aa14abea0a93abbe0484dccf14d5c3,14.0,24.0,0.9999781636334164,0.6540247993666495,0.9733825299803388,0.5132725260586818,-24.045454033861223,train,0.4894894894894895,0.03903903903903904,0.2072072072072072,0.15915915915915915,0.02702702702702703,0.15915915915915915,0.16816816816816815,5
67460352e955edbaf8a0e73406f2aa4726aa14abea0a93abbe0484dccf14d5c3,16.0,26.0,0.999994705450842,0.6653818168930216,0.9832615905070524,0.5012552083112242,-23.95622152471233,train,0.6906906906906907,0.03003003003003003,0.33633633633633636,0.17117117117117117,0.03003003003003003,0.17117117117117117,0.30630630630630634,5
67460352e955edbaf8a0e73406f2aa4726aa14abea0a93abbe0484dccf14d5c3,18.0,28.0,0.999837057181761,0.6539033748491879,0.9505225459042712,0.3979800086748984,-24.0980192765312,train,0.2672672672672673,0.042042042042042045,0.08108108108108109,0.19519519519519518,0.018018018018018018,0.08108108108108109,0.15315315315315314,5
67460352e955edbaf8a0e73406f2aa4726aa14abea0a93abbe0484dccf14d5c3,20.0,30.0,0.9999402983665554,0.2971463989557668,0.9845609002443028,0.2704820720148111,-3.2631122811107605,train,0.3663663663663664,0.2822822822822823,0.37237237237237236,0.24024024024024024,0.6996996996996997,0.3663663663663664,0.09009009009009006,5
67460352e955edbaf8a0e73406f2aa4726aa14abea0a93abbe0484dccf14d5c3,22.0,32.0,0.9983561278752244,0.07234878370656,0.995288490156512,0.0636254088697653,-2.311195873319566,train,0.11711711711711711,0.6006006006006006,0.6306306306306306,0.6186186186186187,0.9369369369369369,0.6186186186186187,0.03003003003003002,5
67460352e955edbaf8a0e73406f2aa4726aa14abea0a93abbe0484dccf14d5c3,24.0,34.0,0.9988842285012064,0.051981333562782,0.9977177773364996,0.0576561280383304,-2.20359844596442,train,0.12912912912912913,0.6276276276276276,0.7177177177177178,0.6246246246246246,0.954954954954955,0.6276276276276276,0.0930930930930931,5
67460352e955edbaf8a0e73406f2aa4726aa14abea0a93abbe0484dccf14d5c3,26.0,36.0,0.9997051058479456,0.1146770099366398,0.9917041861296272,0.0715187214376794,-1.9752648062480207,train,0.19519519519519518,0.5585585585585585,0.4954954954954955,0.6096096096096096,0.984984984984985,0.5585585585585585,0.11411411411411415,5
67460352e955edbaf8a0e73406f2aa4726aa14abea0a93abbe0484dccf14d5c3,28.0,38.0,0.9998608241800298,0.1125739634106555,0.98259180801113,0.0807748266709914,-4.906893247010631,train,0.2912912912912913,0.5615615615615616,0.3153153153153153,0.5915915915915916,0.3123123123123123,0.3153153153153153,0.24924924924924924,5
6939b3836a088e9113eb3bffcf362bed963a71bbd9012ecb56dc61e6d500da39,0.0,10.0,0.9999902189609676,0.3878155077474102,0.9957765581524288,0.503386533198847,-3.8416684827857206,validation,0.5855855855855856,0.17117117117117117,0.6486486486486487,0.16816816816816818,0.44144144144144143,0.44144144144144143,0.4144144144144144,5
6939b3836a088e9113eb3bffcf362bed963a71bbd9012ecb56dc61e6d500da39,2.0,12.0,0.999998066576144,0.4586119489536833,0.981619080636704,0.5580084466470664,-4.305684078576086,validation,0.7927927927927928,0.13813813813813813,0.27627627627627627,0.14114114114114115,0.35435435435435436,0.27627627627627627,0.2132132132132132,5
6939b3836a088e9113eb3bffcf362bed963a71bbd9012ecb56dc61e6d500da39,4.0,14.0,0.9999956326993,0.4691976999043143,0.9721604450264648,0.5821464255900547,-4.399694049237866,validation,0.7177177177177178,0.12312312312312312,0.19519519519519518,0.12912912912912913,0.34534534534534533,0.19519519519519518,0.2162162162162162,5
6939b3836a088e9113eb3bffcf362bed963a71bbd9012ecb56dc61e6d500da39,6.0,16.0,0.999986478614815,0.5358071426636813,0.957907034638047,0.4986539294223697,-4.104574657014605,validation,0.5465465465465466,0.0990990990990991,0.12012012012012012,0.17117117117117117,0.36936936936936937,0.17117117117117117,0.24924924924924924,5
6939b3836a088e9113eb3bffcf362bed963a71bbd9012ecb56dc61e6d500da39,8.0,18.0,0.9999880303227884,0.3349125614540325,0.9841708557776884,0.3182379847788994,-3.418683550799669,validation,0.5615615615615616,0.23123123123123124,0.35135135135135137,0.21621621621621623,0.6666666666666666,0.35135135135135137,0.3303303303303303,5
6939b3836a088e9113eb3bffcf362bed963a71bbd9012ecb56dc61e6d500da39,10.0,20.0,0.999997930228697,0.2323367978098016,0.9969536440141378,0.1880115234585563,-3.993389948490559,validation,0.7927927927927928,0.36036036036036034,0.7057057057057057,0.36936936936936937,0.38738738738738737,0.38738738738738737,0.3363363363363363,5
6939b3836a088e9113eb3bffcf362bed963a71bbd9012ecb56dc61e6d500da39,12.0,22.0,0.999996855586607,0.2287878348017888,0.975498267077034,0.1441542657763478,-19.21184295905087,validation,0.7567567567567568,0.3633633633633634,0.21921921921921922,0.47147147147147145,0.03303303303303303,0.3633633633633634,0.25225225225225223,5
6939b3836a088e9113eb3bffcf362bed963a71bbd9012ecb56dc61e6d500da39,14.0,24.0,0.9999921622043784,0.2797811012272267,0.987051127919484,0.2884714715603566,-24.40241886524091,validation,0.6276276276276276,0.29429429429429427,0.4114114114114114,0.2222222222222222,0.015015015015015015,0.29429429429429427,0.1891891891891892,5
6939b3836a088e9113eb3bffcf362bed963a71bbd9012ecb56dc61e6d500da39,16.0,26.0,0.9999836724589248,0.3987925723247221,0.9898700909587868,0.478234278862327,-25.46294821074744,validation,0.5165165165165165,0.16516516516516516,0.46846846846846846,0.17717717717717718,0.015015015015015015,0.17717717717717718,0.3033033033033033,5
6939b3836a088e9113eb3bffcf362bed963a71bbd9012ecb56dc61e6d500da39,18.0,28.0,0.9999826106790648,0.6245431425379475,0.9904311278397496,0.7757616647004303,-11.68233754807444,validation,0.5075075075075075,0.06006006006006006,0.4744744744744745,0.07207207207207207,0.06606606606606606,0.07207207207207207,0.4084084084084084,5
6939b3836a088e9113eb3bffcf362bed963a71bbd9012ecb56dc61e6d500da39,20.0,30.0,0.9999835474763265,0.60693194878759,0.9918836530779556,0.8483609082719247,-6.757820625484551,validation,0.5135135135135135,0.07507507507507508,0.4984984984984985,0.057057057057057055,0.18618618618618618,0.18618618618618618,0.42342342342342343,5
6939b3836a088e9113eb3bffcf362bed963a71bbd9012ecb56dc61e6d500da39,22.0,32.0,0.999969870264198,0.5180997599691259,0.9845573427797872,0.8116311101576119,-4.969426849511365,validation,0.45345345345345345,0.10510510510510511,0.3663663663663664,0.06606606606606606,0.3033033033033033,0.3033033033033033,0.26126126126126126,5
6939b3836a088e9113eb3bffcf362bed963a71bbd9012ecb56dc61e6d500da39,24.0,34.0,0.9999700714717258,0.4386431570581205,0.9786773530275212,0.6362917092501582,-4.503318597101764,validation,0.45645645645645644,0.14714714714714713,0.26126126126126126,0.11411411411411411,0.33933933933933935,0.26126126126126126,0.19219219219219222,5
6939b3836a088e9113eb3bffcf362bed963a71bbd9012ecb56dc61e6d500da39,26.0,36.0,0.9990041313909718,0.4145627301216786,0.8104338650382316,0.4077394212649557,-4.04098424726778,validation,0.12912912912912913,0.15615615615615616,0.003003003003003003,0.1921921921921922,0.3783783783783784,0.15615615615615616,0.06306306306306306,5
6939b3836a088e9113eb3bffcf362bed963a71bbd9012ecb56dc61e6d500da39,28.0,38.0,0.9983655481892804,0.0593303851112711,0.9784689156987832,0.0730364819138716,-2.603962787756017,validation,0.12012012012012012,0.6156156156156156,0.26126126126126126,0.6036036036036037,0.8558558558558559,0.6036036036036037,0.35435435435435436,5
6939b3836a088e9113eb3bffcf362bed963a71bbd9012ecb56dc61e6d500da39,30.0,40.0,0.9999916955372186,0.0033358683220859,0.9994326076886304,0.0072169097517894,-3.4513205427930447,validation,0.6186186186186187,0.7717717717717718,0.7747747747747747,0.993993993993994,0.6636636636636637,0.7717717717717718,0.11111111111111105,5
6939b3836a088e9113eb3bffcf362bed963a71bbd9012ecb56dc61e6d500da39,32.0,42.0,0.9999996461876588,0.0009007227815098,0.9998916327007584,0.0083654281142835,-3.718500147571743,validation,0.8198198198198198,0.963963963963964,0.8078078078078078,0.984984984984985,0.5315315315315315,0.8198198198198198,0.1561561561561562,5
6939b3836a088e9113eb3bffcf362bed963a71bbd9012ecb56dc61e6d500da39,34.0,44.0,0.9999999952618798,0.00095197304314,0.9999996745606726,0.0089386790728903,-3.823630148855192,validation,0.963963963963964,0.9519519519519519,0.9579579579579579,0.978978978978979,0.45345345345345345,0.9579579579579579,0.012012012012012074,5
6939b3836a088e9113eb3bffcf362bed963a71bbd9012ecb56dc61e6d500da39,36.0,46.0,0.9999999993502784,0.0009566988178227,0.9999999544240568,0.008937273536983,-3.824651472628688,validation,0.9819819819819819,0.9459459459459459,0.9819819819819819,0.9819819819819819,0.45345345345345345,0.9819819819819819,0.036036036036036,5
6939b3836a088e9113eb3bffcf362bed963a71bbd9012ecb56dc61e6d500da39,38.0,48.0,0.9996338180068796,0.0111504171212602,0.9825283665037609,0.0190550948907803,-3.5051379173117203,validation,0.1831831831831832,0.7297297297297297,0.30930930930930933,0.7177177177177178,0.6576576576576577,0.6576576576576577,0.4084084084084084,5
6939b3836a088e9113eb3bffcf362bed963a71bbd9012ecb56dc61e6d500da39,40.0,50.0,0.9996270781053626,0.0254803675664384,0.9997437812364606,0.0271544615967232,-3.2850870453452505,validation,0.18018018018018017,0.6606606606606606,0.7837837837837838,0.6876876876876877,0.6936936936936937,0.6876876876876877,0.033033033033033066,5
6939b3836a088e9113eb3bffcf362bed963a71bbd9012ecb56dc61e6d500da39,42.0,52.0,0.9997273229371352,0.0246831455975769,0.9998240739193884,0.0272805149728125,-3.285757245040921,validation,0.2012012012012012,0.6636636636636637,0.7987987987987988,0.6876876876876877,0.6936936936936937,0.6876876876876877,0.03003003003003002,5
6939b3836a088e9113eb3bffcf362bed963a71bbd9012ecb56dc61e6d500da39,44.0,54.0,0.9998204477080364,0.0257433945523567,0.9997195851811684,0.0274021038528355,-3.287963796135843,validation,0.2552552552552553,0.6606606606606606,0.7807807807807807,0.6876876876876877,0.6936936936936937,0.6876876876876877,0.033033033033033066,5
6939b3836a088e9113eb3bffcf362bed963a71bbd9012ecb56dc61e6d500da39,46.0,56.0,0.9931079977235784,0.0421745782938204,0.9989367961421256,0.0464337294499799,-3.1053057823161296,validation,0.04804804804804805,0.6306306306306306,0.7537537537537538,0.6336336336336337,0.7147147147147147,0.6336336336336337,0.08408408408408408,5
6939b3836a088e9113eb3bffcf362bed963a71bbd9012ecb56dc61e6d500da39,48.0,58.0,0.9973767264287944,0.0422599414492726,0.9973709664086804,0.0491881810935241,-2.919790398792983,validation,0.08408408408408409,0.6306306306306306,0.7117117117117117,0.6336336336336337,0.7627627627627628,0.6336336336336337,0.08108108108108103,5
6939b3836a088e9113eb3bffcf362bed963a71bbd9012ecb56dc61e6d500da39,50.0,60.0,0.9909621695586116,0.031302446048736,0.9987540650940157,0.0453256774988435,-2.910650944739752,validation,0.03903903903903904,0.6396396396396397,0.7537537537537538,0.6336336336336337,0.7657657657657657,0.6396396396396397,0.12012012012012008,5
6939b3836a088e9113eb3bffcf362bed963a71bbd9012ecb56dc61e6d500da39,52.0,62.0,0.9961437024511643,0.0386335966633495,0.9985593935480448,0.0474201243082655,-2.655474273411369,validation,0.07207207207207207,0.6366366366366366,0.7417417417417418,0.6336336336336337,0.8438438438438438,0.6366366366366366,0.10810810810810811,5
6939b3836a088e9113eb3bffcf362bed963a71bbd9012ecb56dc61e6d500da39,54.0,64.0,0.9976903303530728,0.0528386172840834,0.998976371263672,0.0487225139522097,-2.673279243662484,validation,0.09309309309309309,0.6246246246246246,0.7567567567567568,0.6336336336336337,0.8408408408408409,0.6336336336336337,0.13213213213213215,5
6faa006353747cbeb4e6d2e90954728110cb94fabfcd41e319270d4cde22f117,0.0,10.0,0.9974168119264932,0.1259831294194099,0.9928423119039704,0.1027612291309102,-2.9596789263120225,validation,0.08708708708708708,0.5435435435435435,0.5375375375375375,0.5615615615615616,0.7507507507507507,0.5435435435435435,0.024024024024024038,5
6faa006353747cbeb4e6d2e90954728110cb94fabfcd41e319270d4cde22f117,2.0,12.0,0.999902976604757,0.1355297206863927,0.993360523955858,0.4427909103658314,-3.4045668978314505,validation,0.3123123123123123,0.5375375375375375,0.5555555555555556,0.1831831831831832,0.6666666666666666,0.5375375375375375,0.24324324324324326,5
6faa006353747cbeb4e6d2e90954728110cb94fabfcd41e319270d4cde22f117,4.0,14.0,0.9999157794531596,0.4949475522941768,0.9846427831146648,0.7652512425758323,-4.86031468559848,validation,0.32732732732732733,0.11711711711711711,0.37237237237237236,0.07507507507507508,0.3123123123123123,0.3123123123123123,0.21021021021021022,5
6faa006353747cbeb4e6d2e90954728110cb94fabfcd41e319270d4cde22f117,6.0,16.0,0.9999351152427998,0.4098939944690654,0.9926920386752622,0.7995620310094222,-4.922493110232873,validation,0.35435435435435436,0.15615615615615616,0.5345345345345346,0.06906906906906907,0.30930930930930933,0.30930930930930933,0.1981981981981982,5
6faa006353747cbeb4e6d2e90954728110cb94fabfcd41e319270d4cde22f117,8.0,18.0,0.9999461368822816,0.5364783778924402,0.9989569325537936,0.8362448913970917,-4.688845477227188,validation,0.37537537537537535,0.0990990990990991,0.7537537537537538,0.057057057057057055,0.32732732732732733,0.32732732732732733,0.27627627627627627,5
6faa006353747cbeb4e6d2e90954728110cb94fabfcd41e319270d4cde22f117,10.0,20.0,0.9999906874132762,0.5157570277919146,0.9918041420105688,0.754880502733877,-4.171932609868988,validation,0.5975975975975976,0.10810810810810811,0.4954954954954955,0.07507507507507508,0.3633633633633634,0.3633633633633634,0.38738738738738737,5
6faa006353747cbeb4e6d2e90954728110cb94fabfcd41e319270d4cde22f117,12.0,22.0,0.99992297272589,0.5729492006211755,0.9945695082777144,0.4090670327982643,-3.701408752977764,validation,0.33633633633633636,0.08708708708708708,0.6036036036036037,0.1921921921921922,0.5585585585585585,0.33633633633633636,0.3663663663663663,5
6faa006353747cbeb4e6d2e90954728110cb94fabfcd41e319270d4cde22f117,14.0,24.0,0.9998399448563904,0.1577169874195741,0.9816174544107988,0.1704669497479462,-2.3478014872238093,validation,0.2672672672672673,0.4954954954954955,0.27627627627627627,0.4174174174174174,0.9219219219219219,0.4174174174174174,0.21921921921921922,5
6faa006353747cbeb4e6d2e90954728110cb94fabfcd41e319270d4cde22f117,16.0,26.0,0.9999635731784884,0.2367980776734023,0.9559861300755552,0.1930144121130216,-2.335134920359046,validation,0.4294294294294294,0.35735735735735735,0.10810810810810811,0.36036036036036034,0.9279279279279279,0.36036036036036034,0.07207207207207206,5
6faa006353747cbeb4e6d2e90954728110cb94fabfcd41e319270d4cde22f117,18.0,28.0,0.9999754762414867,0.2235091626072305,0.9597733399980936,0.192349465353268,-2.339679300389852,validation,0.46846846846846846,0.37237237237237236,0.13513513513513514,0.36036036036036034,0.924924924924925,0.37237237237237236,0.10810810810810811,5
6faa006353747cbeb4e6d2e90954728110cb94fabfcd41e319270d4cde22f117,20.0,30.0,0.9999890364328128,0.2785884955795391,0.888851654749811,0.2103919783978004,-2.207986234917343,validation,0.5765765765765766,0.29429429429429427,0.018018018018018018,0.3303303303303303,0.9519519519519519,0.3303303303303303,0.2822822822822823,5
6faa006353747cbeb4e6d2e90954728110cb94fabfcd41e319270d4cde22f117,22.0,32.0,0.9999803283586762,0.336732424861725,0.9514046119479528,0.2366034099508689,-2.872545983565935,validation,0.4984984984984985,0.2222222222222222,0.08408408408408409,0.2882882882882883,0.7777777777777778,0.2882882882882883,0.27627627627627627,5
6faa006353747cbeb4e6d2e90954728110cb94fabfcd41e319270d4cde22f117,24.0,34.0,0.999950841544166,0.1634694039571873,0.9965201688897664,0.1694417557129731,-2.721082372335656,validation,0.38738738738738737,0.4864864864864865,0.6906906906906907,0.4264264264264264,0.8168168168168168,0.4864864864864865,0.26426426426426425,5
6faa006353747cbeb4e6d2e90954728110cb94fabfcd41e319270d4cde22f117,26.0,36.0,0.9997959322935476,0.1322478110241348,0.9961335317838168,0.1268623623528771,-2.3400957361209,validation,0.24324324324324326,0.5435435435435435,0.6696696696696697,0.5075075075075075,0.924924924924925,0.5435435435435435,0.16216216216216217,5
6faa006353747cbeb4e6d2e90954728110cb94fabfcd41e319270d4cde22f117,28.0,38.0,0.9998411240482352,0.0859430839468083,0.9987859126454957,0.0984903568149511,-2.146755867138604,validation,0.2702702702702703,0.5885885885885885,0.7537537537537538,0.5735735735735735,0.960960960960961,0.5885885885885885,0.18018018018018023,5
6faa006353747cbeb4e6d2e90954728110cb94fabfcd41e319270d4cde22f117,30.0,40.0,0.9986639166216535,0.0563715035014592,0.9983251079207238,0.0823436473167405,-2.428713740054177,validation,0.12312312312312312,0.6216216216216216,0.7417417417417418,0.5855855855855856,0.9069069069069069,0.6216216216216216,0.1561561561561562,5
6faa006353747cbeb4e6d2e90954728110cb94fabfcd41e319270d4cde22f117,32.0,42.0,0.97907900582772,0.0199824658257377,0.9973745138442082,0.0501255553836843,-2.6822461099295696,validation,0.003003003003003003,0.6756756756756757,0.7117117117117117,0.6336336336336337,0.8408408408408409,0.6756756756756757,0.07807807807807798,5
6faa006353747cbeb4e6d2e90954728110cb94fabfcd41e319270d4cde22f117,34.0,44.0,0.980222632270826,0.0173617040128185,0.9973315476537143,0.0306695219356069,-2.719518882720094,validation,0.003003003003003003,0.6876876876876877,0.7117117117117117,0.6726726726726727,0.8198198198198198,0.6876876876876877,0.039039039039038936,5
6faa006353747cbeb4e6d2e90954728110cb94fabfcd41e319270d4cde22f117,36.0,46.0,0.9955713848339648,0.0166092727891687,0.9982870349016032,0.0199507927687757,-2.7893193215369663,validation,0.06906906906906907,0.6906906906906907,0.7327327327327328,0.7117117117117117,0.8108108108108109,0.7117117117117117,0.042042042042042094,5
6faa006353747cbeb4e6d2e90954728110cb94fabfcd41e319270d4cde22f117,38.0,48.0,0.996772631790776,0.0147128085029055,0.9928678474753306,0.0144134805067684,-2.8365006188224293,validation,0.08108108108108109,0.7147147147147147,0.5405405405405406,0.7777777777777778,0.7957957957957958,0.7147147147147147,0.23723723723723722,5
6faa006353747cbeb4e6d2e90954728110cb94fabfcd41e319270d4cde22f117,40.0,50.0,0.9997836443017712,0.0079917701417529,0.994242388884929,0.0089552774973544,-3.129343726804521,validation,0.21921921921921922,0.7567567567567568,0.5825825825825826,0.96996996996997,0.7117117117117117,0.7117117117117117,0.17417417417417425,5
6faa006353747cbeb4e6d2e90954728110cb94fabfcd41e319270d4cde22f117,42.0,52.0,0.9978889794598536,0.1478995805572648,0.9840879126498222,0.1092146126466755,-2.74603825790253,validation,0.10510510510510511,0.5105105105105106,0.35135135135135137,0.5495495495495496,0.8108108108108109,0.5105105105105106,0.19819819819819823,5
6faa006353747cbeb4e6d2e90954728110cb94fabfcd41e319270d4cde22f117,44.0,54.0,0.999902976604757,0.1382555304464933,0.9937710957513274,0.4927854230974022,-3.7230373316698926,validation,0.3123123123123123,0.5315315315315315,0.5675675675675675,0.17717717717717718,0.5195195195195195,0.5195195195195195,0.21921921921921922,5
6faa006353747cbeb4e6d2e90954728110cb94fabfcd41e319270d4cde22f117,46.0,56.0,0.9999625489114056,0.5415986844236764,0.9949532533993672,1.1690383698805438,-16.795527626594552,validation,0.4264264264264264,0.09309309309309309,0.6246246246246246,0.012012012012012012,0.03303303303303303,0.09309309309309309,0.3933933933933934,5
6faa006353747cbeb4e6d2e90954728110cb94fabfcd41e319270d4cde22f117,48.0,58.0,0.9999631145443147,0.4552189811983949,0.994111727191679,1.2320137895662917,-16.80981830902605,validation,0.4294294294294294,0.13813813813813813,0.5765765765765766,0.006006006006006006,0.03303303303303303,0.13813813813813813,0.3963963963963964,5
6faa006353747cbeb4e6d2e90954728110cb94fabfcd41e319270d4cde22f117,50.0,60.0,0.9999794967763568,0.4307669595160183,0.9973012154088702,1.247273905098466,-16.679737965448584,validation,0.4984984984984985,0.15015015015015015,0.7117117117117117,0.003003003003003003,0.03303303303303303,0.15015015015015015,0.46546546546546547,5
6faa006353747cbeb4e6d2e90954728110cb94fabfcd41e319270d4cde22f117,52.0,62.0,0.99998652413487,0.3627292276915093,0.9947595577258224,1.1576858189740027,-16.56485461095673,validation,0.5495495495495496,0.2012012012012012,0.6126126126126126,0.012012012012012012,0.03303303303303303,0.2012012012012012,0.5165165165165165,5
6faa006353747cbeb4e6d2e90954728110cb94fabfcd41e319270d4cde22f117,54.0,64.0,0.9999902189609676,0.6113819973745112,0.9959328884209624,0.8009151439553358,-16.31483838430319,validation,0.5855855855855856,0.07207207207207207,0.6576576576576577,0.06606606606606606,0.036036036036036036,0.07207207207207207,0.5195195195195196,5
6faa006353747cbeb4e6d2e90954728110cb94fabfcd41e319270d4cde22f117,56.0,66.0,0.9999670832639442,0.085771406409887,0.9952694224048418,0.1290265884630167,-4.367031971830695,validation,0.44144144144144143,0.5885885885885885,0.6276276276276276,0.4984984984984985,0.3483483483483483,0.4984984984984985,0.1471471471471471,5
6faa006353747cbeb4e6d2e90954728110cb94fabfcd41e319270d4cde22f117,58.0,68.0,0.9999383404886428,0.0526103951492521,0.9867907803619652,0.0818785487883142,-7.091805363131456,validation,0.35735735735735735,0.6246246246246246,0.4084084084084084,0.5885885885885885,0.17117117117117117,0.4084084084084084,0.23123123123123118,5
6faa006353747cbeb4e6d2e90954728110cb94fabfcd41e319270d4cde22f117,60.0,70.0,0.999985010049388,0.0863174347645852,0.9768451285496104,0.0881125577262046,-6.954482091968009,validation,0.5285285285285285,0.5885885885885885,0.23723723723723725,0.5855855855855856,0.17417417417417416,0.5285285285285285,0.3483483483483484,5
6faa006353747cbeb4e6d2e90954728110cb94fabfcd41e319270d4cde22f117,62.0,72.0,0.999992369362936,0.0770192924492767,0.9943977841850314,0.1012912105581637,-7.202177960491087,validation,0.6306306306306306,0.5945945945945946,0.5855855855855856,0.5645645645645646,0.16816816816816818,0.5855855855855856,0.03003003003003002,5
6faa006353747cbeb4e6d2e90954728110cb94fabfcd41e319270d4cde22f117,64.0,74.0,0.9997337198416608,0.0365974166627249,0.9978441246817296,0.0814017161295943,-7.286355752077814,validation,0.2042042042042042,0.6366366366366366,0.7207207207207207,0.5885885885885885,0.16216216216216217,0.5885885885885885,0.4324324324324324,5
6faa006353747cbeb4e6d2e90954728110cb94fabfcd41e319270d4cde22f117,66.0,76.0,0.99979783255452,0.0546817923559236,0.999798578261017,0.0824638834176346,-7.185939025008181,validation,0.24324324324324326,0.6246246246246246,0.7957957957957958,0.5855855855855856,0.16816816816816818,0.5855855855855856,0.3813813813813814,5
6faa006353747cbeb4e6d2e90954728110cb94fabfcd41e319270d4cde22f117,68.0,78.0,0.999876770802787,0.0503130926555286,0.9987435038810616,0.0799666463555688,-2.5363715985515563,validation,0.3003003003003003,0.6306306306306306,0.7507507507507507,0.5975975975975976,0.8708708708708709,0.6306306306306306,0.15315315315315314,5
6faa006353747cbeb4e6d2e90954728110cb94fabfcd41e319270d4cde22f117,70.0,80.0,0.998957701191472,0.0456912458070041,0.9982107856588286,0.0670361080011765,-2.5606038422199617,validation,0.12912912912912913,0.6306306306306306,0.7237237237237237,0.6096096096096096,0.8648648648648649,0.6306306306306306,0.1141141141141141,5
6faa006353747cbeb4e6d2e90954728110cb94fabfcd41e319270d4cde22f117,72.0,82.0,0.9981516456796636,0.0418390740734484,0.9992190956507692,0.0609077676111207,-2.209010880332418,validation,0.10810810810810811,0.6306306306306306,0.7657657657657657,0.6216216216216216,0.9519519519519519,0.6306306306306306,0.14414414414414412,5
6faa006353747cbeb4e6d2e90954728110cb94fabfcd41e319270d4cde22f117,74.0,84.0,0.9952916856152204,0.0419888420950792,0.9939995087724096,0.0511511973033139,-2.086811070490059,validation,0.06606606606606606,0.6306306306306306,0.5705705705705706,0.6336336336336337,0.9669669669669669,0.6306306306306306,0.06306306306306309,5
6faa006353747cbeb4e6d2e90954728110cb94fabfcd41e319270d4cde22f117,76.0,86.0,0.9864623265634452,0.0175904416685222,0.9945974478882906,0.0273575234384717,-2.329145360987276,validation,0.018018018018018018,0.6876876876876877,0.6066066066066066,0.6876876876876877,0.9279279279279279,0.6876876876876877,0.08108108108108114,5
6faa006353747cbeb4e6d2e90954728110cb94fabfcd41e319270d4cde22f117,78.0,88.0,0.9932964773384924,0.0159847492451859,0.987892783610787,0.0232542203457434,-2.437359562899268,validation,0.057057057057057055,0.6966966966966966,0.42342342342342343,0.7057057057057057,0.9069069069069069,0.6966966966966966,0.28228228228228225,5
953f71ef131b4c5ce7211560abcbafbfe0079e72cf2190c2908d3ff00cf5db12,0.0,10.0,0.999999938816558,0.0020454490842417,0.9999908105202812,0.0103765316141136,-3.671822449711159,validation,0.8828828828828829,0.9129129129129129,0.8348348348348348,0.8258258258258259,0.5615615615615616,0.8348348348348348,0.05705705705705699,5
953f71ef131b4c5ce7211560abcbafbfe0079e72cf2190c2908d3ff00cf5db12,2.0,12.0,0.9999998594171672,0.0021941016478891,0.9999983711717372,0.0105843044520981,-3.6743073925745455,validation,0.8468468468468469,0.8738738738738738,0.8978978978978979,0.8228228228228228,0.5615615615615616,0.8468468468468469,0.05105105105105101,5
953f71ef131b4c5ce7211560abcbafbfe0079e72cf2190c2908d3ff00cf5db12,4.0,14.0,0.999999976788282,0.0018972961644931,0.9999992684566438,0.01026634865479,-3.638030862088501,validation,0.9129129129129129,0.924924924924925,0.924924924924925,0.8378378378378378,0.6096096096096096,0.9129129129129129,0.08708708708708712,5
953f71ef131b4c5ce7211560abcbafbfe0079e72cf2190c2908d3ff00cf5db12,6.0,16.0,0.9999998639845442,0.0017996065127948,0.99999750584365,0.0100148605533382,-3.643578549718724,validation,0.8468468468468469,0.9279279279279279,0.8828828828828829,0.8828828828828829,0.5915915915915916,0.8828828828828829,0.036036036036036,5
953f71ef131b4c5ce7211560abcbafbfe0079e72cf2190c2908d3ff00cf5db12,8.0,18.0,0.9999999988886406,0.0019388159374984,0.999998382324319,0.010056299974206,-3.627114366413933,validation,0.978978978978979,0.924924924924925,0.8978978978978979,0.8798798798798799,0.6426426426426426,0.8978978978978979,0.04504504504504503,5
953f71ef131b4c5ce7211560abcbafbfe0079e72cf2190c2908d3ff00cf5db12,10.0,20.0,0.9999998126454412,0.0017308728512329,0.9999961261329534,0.0099647744850786,-3.630669504397861,validation,0.8408408408408409,0.9279279279279279,0.8708708708708709,0.8888888888888888,0.6396396396396397,0.8708708708708709,0.048048048048047964,5
953f71ef131b4c5ce7211560abcbafbfe0079e72cf2190c2908d3ff00cf5db12,12.0,22.0,0.9999999868614714,0.0019184316950191,0.9999995607146251,0.00997849670218,-3.63514912176792,validation,0.9429429429429429,0.924924924924925,0.948948948948949,0.8888888888888888,0.6156156156156156,0.924924924924925,0.05405405405405406,5
953f71ef131b4c5ce7211560abcbafbfe0079e72cf2190c2908d3ff00cf5db12,14.0,24.0,0.9999999425145928,0.0018327606480675,0.9999978241806536,0.0101384601782275,-3.636115668251045,validation,0.8828828828828829,0.924924924924925,0.8858858858858859,0.8678678678678678,0.6156156156156156,0.8828828828828829,0.018018018018018056,5
953f71ef131b4c5ce7211560abcbafbfe0079e72cf2190c2908d3ff00cf5db12,16.0,26.0,0.9999999895962184,0.0020336634770642,0.9999998282224885,0.0100292991088276,-3.6347675998942166,validation,0.9459459459459459,0.9159159159159159,0.975975975975976,0.8828828828828829,0.6156156156156156,0.9159159159159159,0.06306306306306309,5
953f71ef131b4c5ce7211560abcbafbfe0079e72cf2190c2908d3ff00cf5db12,18.0,28.0,0.9999999816193964,0.002065837730219,0.9999991202352811,0.0100960474852864,-3.634971583836137,validation,0.9279279279279279,0.9069069069069069,0.9219219219219219,0.8708708708708709,0.6156156156156156,0.9069069069069069,0.05105105105105101,5
953f71ef131b4c5ce7211560abcbafbfe0079e72cf2190c2908d3ff00cf5db12,20.0,30.0,0.999999923607848,0.0022228237658892,0.9999967428510452,0.0101036102229218,-3.6333275377870566,validation,0.8738738738738738,0.8618618618618619,0.8768768768768769,0.8708708708708709,0.6276276276276276,0.8708708708708709,0.012012012012011963,5
953f71ef131b4c5ce7211560abcbafbfe0079e72cf2190c2908d3ff00cf5db12,22.0,32.0,0.999999984268875,0.0020942034590982,0.9999993383153516,0.0100780129350701,-3.6415681770590567,validation,0.9279279279279279,0.8978978978978979,0.933933933933934,0.8738738738738738,0.5945945945945946,0.8978978978978979,0.05405405405405406,5
953f71ef131b4c5ce7211560abcbafbfe0079e72cf2190c2908d3ff00cf5db12,24.0,34.0,0.9999999778567996,0.0021838768761749,0.9999983728648538,0.010197230886438,-3.644937045588162,validation,0.9159159159159159,0.8768768768768769,0.8978978978978979,0.8468468468468469,0.5915915915915916,0.8768768768768769,0.05105105105105101,5
953f71ef131b4c5ce7211560abcbafbfe0079e72cf2190c2908d3ff00cf5db12,26.0,36.0,0.9999999924716808,0.0023042581347594,0.9999990313158262,0.0101807821856779,-3.64512096719833,validation,0.9519519519519519,0.8558558558558559,0.9159159159159159,0.8558558558558559,0.5915915915915916,0.8558558558558559,0.06006006006006004,5
953f71ef131b4c5ce7211560abcbafbfe0079e72cf2190c2908d3ff00cf5db12,28.0,38.0,0.999999984777224,0.0023134169044324,0.9999998376402708,0.010257229342986,-3.6575975084750776,validation,0.9309309309309309,0.8528528528528528,0.975975975975976,0.8378378378378378,0.5645645645645646,0.8528528528528528,0.0930930930930931,5
953f71ef131b4c5ce7211560abcbafbfe0079e72cf2190c2908d3ff00cf5db12,30.0,40.0,0.9999999403958052,0.002448510191631,0.9999968422607102,0.0106652857360431,-3.6634432228362326,validation,0.8828828828828829,0.8468468468468469,0.8798798798798799,0.8228228228228228,0.5615615615615616,0.8468468468468469,0.0570570570570571,5
953f71ef131b4c5ce7211560abcbafbfe0079e72cf2190c2908d3ff00cf5db12,32.0,42.0,0.9999999707844104,0.0023404856175947,0.9999988394924028,0.0105081529114455,-3.665595337472693,validation,0.8978978978978979,0.8498498498498499,0.9159159159159159,0.8228228228228228,0.5615615615615616,0.8498498498498499,0.07507507507507505,5
953f71ef131b4c5ce7211560abcbafbfe0079e72cf2190c2908d3ff00cf5db12,34.0,44.0,0.9999999771387268,0.0023524567364877,0.9999985514740328,0.0102679991501929,-3.659242011889973,validation,0.9129129129129129,0.8498498498498499,0.8978978978978979,0.8378378378378378,0.5645645645645646,0.8498498498498499,0.06006006006006004,5
953f71ef131b4c5ce7211560abcbafbfe0079e72cf2190c2908d3ff00cf5db12,36.0,46.0,0.999999968539686,0.0023326800320127,0.9999995607146251,0.0101876946966499,-3.654945749337625,validation,0.8948948948948949,0.8498498498498499,0.948948948948949,0.8468468468468469,0.5705705705705706,0.8498498498498499,0.048048048048048075,5
953f71ef131b4c5ce7211560abcbafbfe0079e72cf2190c2908d3ff00cf5db12,38.0,48.0,0.9999999895962184,0.0022462041590036,0.9999979745277904,0.0104142549285141,-3.630988622117345,validation,0.9459459459459459,0.8618618618618619,0.8888888888888888,0.8228228228228228,0.6396396396396397,0.8618618618618619,0.06606606606606602,5
953f71ef131b4c5ce7211560abcbafbfe0079e72cf2190c2908d3ff00cf5db12,40.0,50.0,0.9999999868614714,0.0021335863353505,0.9999995484883628,0.0105164217592827,-3.6359411802793664,validation,0.9429429429429429,0.8828828828828829,0.93993993993994,0.8228228228228228,0.6156156156156156,0.8828828828828829,0.11711711711711714,5
953f71ef131b4c5ce7211560abcbafbfe0079e72cf2190c2908d3ff00cf5db12,42.0,52.0,0.9999999787864216,0.0022676090864104,0.9999992128242416,0.010443665251688,-3.6402139979992265,validation,0.918918918918919,0.8618618618618619,0.924924924924925,0.8228228228228228,0.6006006006006006,0.8618618618618619,0.09609609609609615,5
953f71ef131b4c5ce7211560abcbafbfe0079e72cf2190c2908d3ff00cf5db12,44.0,54.0,0.999999084217038,0.0023333612768628,0.9999182874382284,0.0107871711835463,-3.648540574730273,validation,0.8048048048048048,0.8498498498498499,0.8108108108108109,0.8228228228228228,0.5855855855855856,0.8108108108108109,0.018018018018018056,5
953f71ef131b4c5ce7211560abcbafbfe0079e72cf2190c2908d3ff00cf5db12,46.0,56.0,0.9999999052662134,0.0023770126185347,0.9999903248174876,0.0107330482641262,-3.653299273866964,validation,0.8618618618618619,0.8468468468468469,0.8348348348348348,0.8228228228228228,0.5765765765765766,0.8348348348348348,0.024024024024024038,5
953f71ef131b4c5ce7211560abcbafbfe0079e72cf2190c2908d3ff00cf5db12,48.0,58.0,0.9999999686510898,0.0023387515805044,0.999994601254916,0.0106326157866352,-3.6484221233402514,validation,0.8978978978978979,0.8498498498498499,0.8438438438438438,0.8228228228228228,0.5855855855855856,0.8438438438438438,0.027027027027027084,5
953f71ef131b4c5ce7211560abcbafbfe0079e72cf2190c2908d3ff00cf5db12,50.0,60.0,0.9999999779948192,0.0024318768393625,0.9999998376402708,0.0102384841408058,-3.637142702582572,validation,0.9159159159159159,0.8468468468468469,0.975975975975976,0.8408408408408409,0.6126126126126126,0.8468468468468469,0.07507507507507505,5
953f71ef131b4c5ce7211560abcbafbfe0079e72cf2190c2908d3ff00cf5db12,52.0,62.0,0.9999997678090128,0.0025459273231871,0.9999985912216472,0.0101425575382529,-3.6289397655304665,validation,0.8288288288288288,0.8438438438438438,0.9069069069069069,0.8678678678678678,0.6426426426426426,0.8438438438438438,0.03903903903903905,5
953f71ef131b4c5ce7211560abcbafbfe0079e72cf2190c2908d3ff00cf5db12,54.0,64.0,0.9999996094991136,0.0023091513865275,0.9999803959806371,0.010017505260921,-3.62828850397263,validation,0.8168168168168168,0.8558558558558559,0.8228228228228228,0.8828828828828829,0.6426426426426426,0.8228228228228228,0.03903903903903905,5
953f71ef131b4c5ce7211560abcbafbfe0079e72cf2190c2908d3ff00cf5db12,56.0,66.0,0.9999964901905564,0.0022568262788397,0.999753799897624,0.0097842175857961,-3.618496407890892,validation,0.7387387387387387,0.8618618618618619,0.7867867867867868,0.9009009009009009,0.6426426426426426,0.7867867867867868,0.12312312312312312,5
953f71ef131b4c5ce7211560abcbafbfe0079e72cf2190c2908d3ff00cf5db12,58.0,68.0,0.9999998024128076,0.0021711263568067,0.9999945471260802,0.0098950865658247,-3.625069386086907,validation,0.8408408408408409,0.8798798798798799,0.8438438438438438,0.8918918918918919,0.6426426426426426,0.8438438438438438,0.03903903903903905,5
953f71ef131b4c5ce7211560abcbafbfe0079e72cf2190c2908d3ff00cf5db12,60.0,70.0,0.9999999623793848,0.0021180691857901,0.999998599943226,0.0102425815660712,-3.6306088598793513,validation,0.8858858858858859,0.8918918918918919,0.9099099099099099,0.8378378378378378,0.6396396396396397,0.8858858858858859,0.05405405405405406,5
953f71ef131b4c5ce7211560abcbafbfe0079e72cf2190c2908d3ff00cf5db12,62.0,72.0,0.9999999988886406,0.0020675838285668,0.9999992684566438,0.0104007458739568,-3.6230876473013858,validation,0.978978978978979,0.9069069069069069,0.924924924924925,0.8228228228228228,0.6426426426426426,0.9069069069069069,0.10210210210210213,5
953f71ef131b4c5ce7211560abcbafbfe0079e72cf2190c2908d3ff00cf5db12,64.0,74.0,0.9999999787864216,0.0023117031452489,0.9999978129943008,0.0105300654189036,-3.6309708304651087,validation,0.918918918918919,0.8558558558558559,0.8828828828828829,0.8228228228228228,0.6396396396396397,0.8558558558558559,0.06006006006006004,5
953f71ef131b4c5ce7211560abcbafbfe0079e72cf2190c2908d3ff00cf5db12,66.0,76.0,0.999999979192194,0.0023245016570712,0.9999986522971518,0.0104223361605439,-3.636465606075892,validation,0.9279279279279279,0.8528528528528528,0.9129129129129129,0.8228228228228228,0.6126126126126126,0.8528528528528528,0.09009009009009006,5
953f71ef131b4c5ce7211560abcbafbfe0079e72cf2190c2908d3ff00cf5db12,68.0,78.0,0.9999999893161156,0.002342565360292,0.999999733061451,0.0103413122997771,-3.6379394716740583,validation,0.9459459459459459,0.8498498498498499,0.96996996996997,0.8288288288288288,0.6096096096096096,0.8498498498498499,0.11711711711711714,5
953f71ef131b4c5ce7211560abcbafbfe0079e72cf2190c2908d3ff00cf5db12,70.0,80.0,0.9999999977749496,0.0022137408614929,0.9999995404041369,0.0101834609328209,-3.637102206016417,validation,0.975975975975976,0.8678678678678678,0.93993993993994,0.8498498498498499,0.6126126126126126,0.8678678678678678,0.09009009009009006,5
953f71ef131b4c5ce7211560abcbafbfe0079e72cf2190c2908d3ff00cf5db12,72.0,82.0,0.9999999824063768,0.0023634553203615,0.9999983728648538,0.0101084256777825,-3.6476653573208417,validation,0.9279279279279279,0.8498498498498499,0.8978978978978979,0.8708708708708709,0.5885885885885885,0.8708708708708709,0.048048048048047964,5
953f71ef131b4c5ce7211560abcbafbfe0079e72cf2190c2908d3ff00cf5db12,74.0,84.0,0.999999993006898,0.0020867190994294,0.999999115447834,0.0101830715527284,-3.645941380770926,validation,0.9579579579579579,0.9009009009009009,0.9219219219219219,0.8498498498498499,0.5915915915915916,0.9009009009009009,0.072072072072072,5
953f71ef131b4c5ce7211560abcbafbfe0079e72cf2190c2908d3ff00cf5db12,76.0,86.0,0.9999999831680132,0.0018475554922513,0.9999991202352811,0.0100410313314321,-3.6380585701411454,validation,0.9279279279279279,0.924924924924925,0.9219219219219219,0.8798798798798799,0.6096096096096096,0.9219219219219219,0.04504504504504503,5
953f71ef131b4c5ce7211560abcbafbfe0079e72cf2190c2908d3ff00cf5db12,78.0,88.0,0.999999989978966,0.0019465918762293,0.9999991831604992,0.0099770010677628,-3.636730435687536,validation,0.948948948948949,0.924924924924925,0.9219219219219219,0.8888888888888888,0.6126126126126126,0.9219219219219219,0.03603603603603611,5
c5c639ca1fa3038e565a432a960cb53f6ce533ad9612d27f229f6527fcf0edac,0.0,10.0,0.9999892262548766,0.0017550939798769,0.9993070274139312,0.0108890354758818,-3.657981682819566,test,0.5795795795795796,0.9279279279279279,0.7717717717717718,0.8228228228228228,0.5645645645645646,0.7717717717717718,0.2432432432432432,5
c5c639ca1fa3038e565a432a960cb53f6ce533ad9612d27f229f6527fcf0edac,2.0,12.0,0.9999913940305843,0.0016812460690108,0.9993287606436893,0.0107440495878222,-3.6539969132063863,test,0.6066066066066066,0.9279279279279279,0.7717717717717718,0.8228228228228228,0.5735735735735735,0.7717717717717718,0.21621621621621623,5
c5c639ca1fa3038e565a432a960cb53f6ce533ad9612d27f229f6527fcf0edac,4.0,14.0,0.999999832524476,0.001718557869962,0.9999843561403022,0.0109610071698431,-3.654520834483475,test,0.8408408408408409,0.9279279279279279,0.8228228228228228,0.8228228228228228,0.5735735735735735,0.8228228228228228,0.018018018018018056,5
c5c639ca1fa3038e565a432a960cb53f6ce533ad9612d27f229f6527fcf0edac,6.0,16.0,0.9999986535910992,0.0017858876167709,0.9999068241880223,0.0111156587909254,-3.6537008462425895,test,0.7987987987987988,0.9279279279279279,0.8078078078078078,0.8228228228228228,0.5735735735735735,0.8078078078078078,0.024024024024024038,5
c5c639ca1fa3038e565a432a960cb53f6ce533ad9612d27f229f6527fcf0edac,8.0,18.0,0.9999728101550824,0.0018567312176971,0.9980000217798192,0.0109686907596242,-3.654986664617669,test,0.46546546546546547,0.924924924924925,0.7237237237237237,0.8228228228228228,0.5705705705705706,0.7237237237237237,0.25225225225225223,5
c5c639ca1fa3038e565a432a960cb53f6ce533ad9612d27f229f6527fcf0edac,10.0,20.0,0.9999529300541222,0.0019113046041234,0.9966312040303676,0.0110214783990292,-3.6494764847981305,test,0.3933933933933934,0.924924924924925,0.6966966966966966,0.8228228228228228,0.5825825825825826,0.6966966966966966,0.24024024024024027,5
c5c639ca1fa3038e565a432a960cb53f6ce533ad9612d27f229f6527fcf0edac,12.0,22.0,0.9999553737206818,0.001881129216192,0.9967712992922122,0.0111475972337423,-3.648936381004487,test,0.40540540540540543,0.924924924924925,0.6996996996996997,0.8228228228228228,0.5825825825825826,0.6996996996996997,0.24024024024024027,5
c5c639ca1fa3038e565a432a960cb53f6ce533ad9612d27f229f6527fcf0edac,14.0,24.0,0.999980824286294,0.0018783243297715,0.9985356341635114,0.0110344931249542,-3.656409893754823,test,0.4984984984984985,0.924924924924925,0.7417417417417418,0.8228228228228228,0.5645645645645646,0.7417417417417418,0.2582582582582582,5
c5c639ca1fa3038e565a432a960cb53f6ce533ad9612d27f229f6527fcf0edac,16.0,26.0,0.99998862927161,0.0018678184704992,0.999270070602716,0.0111574855599553,-3.6646070592618463,test,0.5705705705705706,0.924924924924925,0.7717717717717718,0.8228228228228228,0.5615615615615616,0.7717717717717718,0.25225225225225223,5
c5c639ca1fa3038e565a432a960cb53f6ce533ad9612d27f229f6527fcf0edac,18.0,28.0,0.9999717892096702,0.0018561002615707,0.9982224938387888,0.0111267753321201,-3.6656415747474007,test,0.4624624624624625,0.924924924924925,0.7237237237237237,0.8228228228228228,0.5615615615615616,0.7237237237237237,0.26126126126126126,5
c5c639ca1fa3038e565a432a960cb53f6ce533ad9612d27f229f6527fcf0edac,20.0,30.0,0.999993710295124,0.0018074310028712,0.9995742186507508,0.0114213178830866,-3.6690397339197593,test,0.6486486486486487,0.9279279279279279,0.7747747747747747,0.8228228228228228,0.5615615615615616,0.7747747747747747,0.17417417417417413,5
c5c639ca1fa3038e565a432a960cb53f6ce533ad9612d27f229f6527fcf0edac,22.0,32.0,0.999999832524476,0.0018648616102192,0.9999843561403022,0.0110298179714232,-3.6590853707564586,test,0.8408408408408409,0.924924924924925,0.8228228228228228,0.8228228228228228,0.5645645645645646,0.8228228228228228,0.018018018018018056,5
e57d3de89d6f2a3165aa05beee7b611f60923e090254337c1b48f744c78db52d,0.0,10.0,0.999969870264198,0.7452210257699344,0.9900750026078304,0.8246235958813757,-5.042765768545814,test,0.45345345345345345,0.015015015015015015,0.46846846846846846,0.06306306306306306,0.2912912912912913,0.2912912912912913,0.39039039039039036,5
e57d3de89d6f2a3165aa05beee7b611f60923e090254337c1b48f744c78db52d,2.0,12.0,0.9999905208830135,0.901829329820362,0.9787559697313484,0.8658398667743435,-4.973448608295438,test,0.5885885885885885,0.003003003003003003,0.26126126126126126,0.05105105105105105,0.3033033033033033,0.26126126126126126,0.25225225225225223,5
e57d3de89d6f2a3165aa05beee7b611f60923e090254337c1b48f744c78db52d,4.0,14.0,0.9999897230262024,0.9210344221790544,0.95309042450464,0.8144650470403032,-5.271735430209255,test,0.5855855855855856,0.0,0.09309309309309309,0.06606606606606606,0.27927927927927926,0.09309309309309309,0.21321321321321318,5
e57d3de89d6f2a3165aa05beee7b611f60923e090254337c1b48f744c78db52d,6.0,16.0,0.9999950072618744,0.7017629084990081,0.9860997735988788,0.6546036813985463,-4.950031902881438,test,0.6996996996996997,0.021021021021021023,0.3933933933933934,0.1111111111111111,0.3033033033033033,0.3033033033033033,0.2822822822822823,5
e57d3de89d6f2a3165aa05beee7b611f60923e090254337c1b48f744c78db52d,8.0,18.0,0.999991976377831,0.5593367708773901,0.983417600481142,0.5223543041232576,-4.490211121227477,test,0.6216216216216216,0.08708708708708708,0.33933933933933935,0.15615615615615616,0.33933933933933935,0.33933933933933935,0.1831831831831832,5
e57d3de89d6f2a3165aa05beee7b611f60923e090254337c1b48f744c78db52d,10.0,20.0,0.9999849856283238,0.5157778400826445,0.9796474276587264,0.4383614602352806,-7.466478777638456,test,0.5255255255255256,0.10810810810810811,0.2702702702702703,0.18618618618618618,0.16216216216216217,0.18618618618618618,0.10810810810810811,5
e57d3de89d6f2a3165aa05beee7b611f60923e090254337c1b48f744c78db52d,12.0,22.0,0.9999772068937832,0.397767896563608,0.986525414853587,0.4370187586259469,-8.276866880316952,test,0.4864864864864865,0.16516516516516516,0.40540540540540543,0.18618618618618618,0.13513513513513514,0.18618618618618618,0.24024024024024027,5
e57d3de89d6f2a3165aa05beee7b611f60923e090254337c1b48f744c78db52d,14.0,24.0,0.9999962957656394,0.2880604393768771,0.989603189927067,0.2912555890684083,-7.066080248459706,test,0.7357357357357357,0.2912912912912913,0.46846846846846846,0.21921921921921922,0.17117117117117117,0.2912912912912913,0.24924924924924924,5
e57d3de89d6f2a3165aa05beee7b611f60923e090254337c1b48f744c78db52d,16.0,26.0,0.9999582981611504,0.2355615410925667,0.9872082820621332,0.2624221990172234,-4.152487180036792,test,0.4144144144144144,0.35735735735735735,0.4114114114114114,0.25225225225225223,0.3633633633633634,0.3633633633633634,0.05405405405405406,5
e57d3de89d6f2a3165aa05beee7b611f60923e090254337c1b48f744c78db52d,18.0,28.0,0.9999943781211776,0.3403849437030533,0.987051127919484,0.476619938643368,-5.274005385718468,test,0.6726726726726727,0.2132132132132132,0.4114114114114114,0.17717717717717718,0.27927927927927926,0.27927927927927926,0.1981981981981982,5
e57d3de89d6f2a3165aa05beee7b611f60923e090254337c1b48f744c78db52d,20.0,30.0,0.9999963564568708,0.3697803168627916,0.9721604450264648,0.4604514845835007,-3.3474583971947283,test,0.7387387387387387,0.19519519519519518,0.19519519519519518,0.18018018018018017,0.6816816816816816,0.19519519519519518,0.48648648648648646,5
e57d3de89d6f2a3165aa05beee7b611f60923e090254337c1b48f744c78db52d,22.0,32.0,0.9999866421163351,0.2783373733467089,0.9193420805362378,0.3793559119825712,-3.195181509460286,test,0.5495495495495496,0.29429429429429427,0.03003003003003003,0.19519519519519518,0.7027027027027027,0.29429429429429427,0.3543543543543544,5
e57d3de89d6f2a3165aa05beee7b611f60923e090254337c1b48f744c78db52d,24.0,34.0,0.999998066576144,0.3932508452447813,0.9822072607325658,0.3738594655439812,-6.165323196159197,test,0.7927927927927928,0.16816816816816818,0.29429429429429427,0.19519519519519518,0.21621621621621623,0.21621621621621623,0.09909909909909909,5
e57d3de89d6f2a3165aa05beee7b611f60923e090254337c1b48f744c78db52d,26.0,36.0,0.9999930824474168,0.2829147907013493,0.9918041420105688,0.376433082928844,-6.171290159381182,test,0.6426426426426426,0.29429429429429427,0.4954954954954955,0.19519519519519518,0.21621621621621623,0.29429429429429427,0.27927927927927926,5
e57d3de89d6f2a3165aa05beee7b611f60923e090254337c1b48f744c78db52d,28.0,38.0,0.99992297272589,0.2072865932576436,0.9987859126454957,0.1248254599839963,-5.733158458081308,test,0.33633633633633636,0.3933933933933934,0.7537537537537538,0.5165165165165165,0.25225225225225223,0.3933933933933934,0.18018018018018017,5
e57d3de89d6f2a3165aa05beee7b611f60923e090254337c1b48f744c78db52d,30.0,40.0,0.9996003488443193,0.1494172900221105,0.9973745138442082,0.0741545161364859,-5.734734660156813,test,0.17717717717717718,0.5075075075075075,0.7117117117117117,0.6036036036036037,0.25225225225225223,0.5075075075075075,0.3513513513513514,5
e57d3de89d6f2a3165aa05beee7b611f60923e090254337c1b48f744c78db52d,32.0,42.0,0.9932047576805156,0.0979943702792991,0.9973315476537143,0.0646701037614664,-5.874663547112099,test,0.05405405405405406,0.5795795795795796,0.7117117117117117,0.6096096096096096,0.24324324324324326,0.5795795795795796,0.3663663663663664,5
e57d3de89d6f2a3165aa05beee7b611f60923e090254337c1b48f744c78db52d,34.0,44.0,0.9955713848339648,0.0244067538490893,0.996340986891214,0.0219742185080787,-2.820519953572557,test,0.06906906906906907,0.6636636636636637,0.6756756756756757,0.7057057057057057,0.7987987987987988,0.6756756756756757,0.04204204204204198,5
e57d3de89d6f2a3165aa05beee7b611f60923e090254337c1b48f744c78db52d,36.0,46.0,0.9996411775597468,0.0126827912158231,0.9792048099446083,0.0113395910659485,-3.1588226158673227,test,0.18618618618618618,0.7177177177177178,0.26126126126126126,0.8228228228228228,0.7057057057057057,0.7057057057057057,0.4564564564564565,5
e57d3de89d6f2a3165aa05beee7b611f60923e090254337c1b48f744c78db52d,38.0,48.0,0.9999904697566768,0.0041359946888586,0.9980820663237122,0.0075083981491443,-3.3449147822427614,test,0.5855855855855856,0.7717717717717718,0.7237237237237237,0.993993993993994,0.6816816816816816,0.7237237237237237,0.09009009009009017,5
e57d3de89d6f2a3165aa05beee7b611f60923e090254337c1b48f744c78db52d,40.0,50.0,0.9999998761172482,0.0009611662124875,0.9998916327007584,0.008534055084065,-3.60293224223046,test,0.8498498498498499,0.9459459459459459,0.8078078078078078,0.9819819819819819,0.6426426426426426,0.8498498498498499,0.13813813813813813,5
e57d3de89d6f2a3165aa05beee7b611f60923e090254337c1b48f744c78db52d,42.0,52.0,0.9999999957385446,0.0009554116854871,0.9999983083880124,0.0089502027014257,-3.8159506966711487,test,0.96996996996997,0.9459459459459459,0.8918918918918919,0.96996996996997,0.4624624624624625,0.9459459459459459,0.0780780780780781,5
e57d3de89d6f2a3165aa05beee7b611f60923e090254337c1b48f744c78db52d,44.0,54.0,0.9999999910185344,0.0009502019899614,0.999999517674246,0.0089524918714456,-3.8270402432349697,test,0.948948948948949,0.9579579579579579,0.9369369369369369,0.96996996996997,0.45045045045045046,0.948948948948949,0.02102102102102099,5
e57d3de89d6f2a3165aa05beee7b611f60923e090254337c1b48f744c78db52d,46.0,56.0,0.9999999667357428,0.0009473005979824,0.9999988739173196,0.0089546183289084,-3.827858839427407,test,0.8858858858858859,0.9579579579579579,0.9159159159159159,0.96996996996997,0.4444444444444444,0.9159159159159159,0.072072072072072,5
f26c5b91a912f9e98e0205e2518d5b3de0314b04b69c3bc6d0148fa8ea3e842b,0.0,10.0,0.9999880303227884,0.199502822809018,0.9407372989519914,0.111139626980775,-3.374689227034678,test,0.5615615615615616,0.4084084084084084,0.05405405405405406,0.5465465465465466,0.6756756756756757,0.5465465465465466,0.15315315315315314,5
f26c5b91a912f9e98e0205e2518d5b3de0314b04b69c3bc6d0148fa8ea3e842b,2.0,12.0,0.9999914914668891,0.2017538951021543,0.965024538675354,0.1169304796896682,-3.4821478018465504,test,0.6096096096096096,0.4084084084084084,0.16516516516516516,0.5375375375375375,0.6606606606606606,0.5375375375375375,0.20120120120120122,5
f26c5b91a912f9e98e0205e2518d5b3de0314b04b69c3bc6d0148fa8ea3e842b,4.0,14.0,0.9999856380129386,0.1542819464822986,0.970501143604544,0.1071178941551568,-2.614484423968339,test,0.5345345345345346,0.4984984984984985,0.1891891891891892,0.5555555555555556,0.8558558558558559,0.5345345345345346,0.0570570570570571,5
f26c5b91a912f9e98e0205e2518d5b3de0314b04b69c3bc6d0148fa8ea3e842b,6.0,16.0,0.9999887460515028,0.1587314596176021,0.9876751596261494,0.1068080906694631,-4.944972350869691,test,0.5735735735735735,0.4924924924924925,0.4144144144144144,0.5555555555555556,0.3033033033033033,0.4924924924924925,0.14114114114114118,5
f26c5b91a912f9e98e0205e2518d5b3de0314b04b69c3bc6d0148fa8ea3e842b,8.0,18.0,0.9999798291864948,0.211564379104992,0.9924694364504396,0.144034197039003,-3.089580038399504,test,0.4984984984984985,0.38738738738738737,0.5255255255255256,0.47147147147147145,0.7177177177177178,0.4984984984984985,0.05405405405405411,5
f26c5b91a912f9e98e0205e2518d5b3de0314b04b69c3bc6d0148fa8ea3e842b,10.0,20.0,0.99998471754722,0.1557809220888181,0.985334342336674,0.1326264287742486,-3.730902329241249,test,0.5255255255255256,0.4954954954954955,0.3783783783783784,0.4924924924924925,0.4984984984984985,0.4954954954954955,0.006006006006005982,5
f26c5b91a912f9e98e0205e2518d5b3de0314b04b69c3bc6d0148fa8ea3e842b,12.0,22.0,0.9999956509741956,0.1841110909785161,0.9893620728100132,0.1380725378774555,-2.649323250075557,test,0.7207207207207207,0.4444444444444444,0.4594594594594595,0.4774774774774775,0.8438438438438438,0.4774774774774775,0.2612612612612612,5
f8a2dfe19bc591bed40778fcb493d9a34a3261518b2f4b416ba15a9402ec6dd7,0.0,10.0,0.9999999985870546,0.000861544228831,0.9999998983547588,0.0095771876970113,-3.843585173726476,test,0.975975975975976,0.972972972972973,0.975975975975976,0.9099099099099099,0.43843843843843844,0.972972972972973,0.06606606606606602,5
f8a2dfe19bc591bed40778fcb493d9a34a3261518b2f4b416ba15a9402ec6dd7,2.0,12.0,0.9999999999972826,0.0008578397404627,0.999999999734728,0.0095842267000231,-3.8432146733714494,test,1.0,0.990990990990991,1.0,0.9099099099099099,0.44144144144144143,0.990990990990991,0.09009009009009006,5
f8a2dfe19bc591bed40778fcb493d9a34a3261518b2f4b416ba15a9402ec6dd7,4.0,14.0,0.9999999996900084,0.0008597287469175,0.9999999921148084,0.0095824155230252,-3.844913546090666,test,0.990990990990991,0.987987987987988,0.996996996996997,0.9099099099099099,0.42342342342342343,0.987987987987988,0.08108108108108103,5
f8a2dfe19bc591bed40778fcb493d9a34a3261518b2f4b416ba15a9402ec6dd7,6.0,16.0,0.9954325863644568,0.0928581426711113,0.9475546893687732,0.0752535746984925,-3.149074323564427,test,0.06906906906906907,0.5885885885885885,0.06306306306306306,0.6006006006006006,0.7087087087087087,0.5885885885885885,0.5315315315315315,5
f8a2dfe19bc591bed40778fcb493d9a34a3261518b2f4b416ba15a9402ec6dd7,8.0,18.0,0.9999352841612849,0.0938278553153064,0.9965243434010036,0.1517867904149971,-2.5741437572582613,test,0.35735735735735735,0.5885885885885885,0.6936936936936937,0.46846846846846846,0.8618618618618619,0.5885885885885885,0.22522522522522526,5
f8a2dfe19bc591bed40778fcb493d9a34a3261518b2f4b416ba15a9402ec6dd7,10.0,20.0,0.9997668061884531,0.1486317981725262,0.9934953830166232,0.1674442422671533,-2.5102071170018263,test,0.2072072072072072,0.5075075075075075,0.5585585585585585,0.4294294294294294,0.8738738738738738,0.5075075075075075,0.1291291291291291,5
f8a2dfe19bc591bed40778fcb493d9a34a3261518b2f4b416ba15a9402ec6dd7,12.0,22.0,0.999954962516478,0.1106406252123531,0.987867798407448,0.1763502741036026,-2.778834116971696,test,0.3993993993993994,0.5645645645645646,0.42342342342342343,0.4084084084084084,0.8108108108108109,0.42342342342342343,0.1561561561561562,5
f8a2dfe19bc591bed40778fcb493d9a34a3261518b2f4b416ba15a9402ec6dd7,14.0,24.0,0.999965322787809,0.3121081576953725,0.9820346784958132,0.2346249826115047,-2.7138937802591365,test,0.44144144144144143,0.26126126126126126,0.2912912912912913,0.2882882882882883,0.8228228228228228,0.2912912912912913,0.15315315315315314,5
f8a2dfe19bc591bed40778fcb493d9a34a3261518b2f4b416ba15a9402ec6dd7,16.0,26.0,0.999988852849976,0.2752188430826954,0.962944722141272,0.199323769514377,-6.801298368241162,test,0.5735735735735735,0.2972972972972973,0.15315315315315314,0.35135135135135137,0.18018018018018017,0.2972972972972973,0.1711711711711712,5
f8a2dfe19bc591bed40778fcb493d9a34a3261518b2f4b416ba15a9402ec6dd7,18.0,28.0,0.9999953277860956,0.1654542687556685,0.9582061040482088,0.1288258618641917,-6.790292891149989,test,0.7027027027027027,0.48348348348348347,0.12012012012012012,0.4984984984984985,0.18018018018018017,0.48348348348348347,0.3183183183183183,5
f8a2dfe19bc591bed40778fcb493d9a34a3261518b2f4b416ba15a9402ec6dd7,20.0,30.0,0.9999896939021524,0.172783486154368,0.9829738557068248,0.1502601320663991,-7.65525946315713,test,0.5825825825825826,0.46546546546546547,0.32732732732732733,0.46846846846846846,0.14714714714714713,0.46546546546546547,0.14114114114114112,5
f8a2dfe19bc591bed40778fcb493d9a34a3261518b2f4b416ba15a9402ec6dd7,22.0,32.0,0.9999975848328404,0.22264642945555,0.9840330529429568,0.1583388499464343,-6.447906153245253,test,0.7867867867867868,0.37537537537537535,0.3483483483483483,0.44744744744744747,0.1981981981981982,0.37537537537537535,0.09909909909909914,5
f8a2dfe19bc591bed40778fcb493d9a34a3261518b2f4b416ba15a9402ec6dd7,24.0,34.0,0.999997930228697,0.1628047457755721,0.9969536440141378,0.1381597632399484,-6.728604052489776,test,0.7927927927927928,0.4864864864864865,0.7057057057057057,0.4774774774774775,0.18618618618618618,0.4864864864864865,0.2282282282282282,5
f8a2dfe19bc591bed40778fcb493d9a34a3261518b2f4b416ba15a9402ec6dd7,26.0,36.0,0.9999664099977552,0.2005203055690217,0.9841708557776884,0.1468634068993728,-2.923435394648193,test,0.44144144144144143,0.4084084084084084,0.35135135135135137,0.47147147147147145,0.7627627627627628,0.44144144144144143,0.06306306306306303,5
f8a2dfe19bc591bed40778fcb493d9a34a3261518b2f4b416ba15a9402ec6dd7,28.0,38.0,0.999975511276049,0.26343028847224,0.9724738968367382,0.1646310639204433,-3.005528235780998,test,0.47147147147147145,0.3153153153153153,0.19519519519519518,0.44144144144144143,0.7297297297297297,0.44144144144144143,0.15615615615615613,5
f8a2dfe19bc591bed40778fcb493d9a34a3261518b2f4b416ba15a9402ec6dd7,30.0,40.0,0.9999962957656394,0.3336134765167836,0.9892735581751056,0.2013101847593352,-3.48752022289975,test,0.7357357357357357,0.23723723723723725,0.45345345345345345,0.3483483483483483,0.6606606606606606,0.45345345345345345,0.3123123123123123,5
