recording_id,segment_id,start_s,end_s,prediction_kind,score,label_status,cluster,distance_to_centroid
18385fe48224fbfa0cd6d17705d9305f857d70ef07b47b55502d04ff71359269,window_0,0.0,10.0,driving_regime_cluster,-1.7526129149474672,provisional_unverified,0,1.7526129149474672
18385fe48224fbfa0cd6d17705d9305f857d70ef07b47b55502d04ff71359269,window_1,2.0,12.0,driving_regime_cluster,-0.5870183079455312,provisional_unverified,0,0.5870183079455312
18385fe48224fbfa0cd6d17705d9305f857d70ef07b47b55502d04ff71359269,window_2,4.0,14.0,driving_regime_cluster,-0.6316422479161089,provisional_unverified,0,0.6316422479161089
18385fe48224fbfa0cd6d17705d9305f857d70ef07b47b55502d04ff71359269,window_3,6.0,16.0,driving_regime_cluster,-0.6610979525265438,provisional_unverified,0,0.6610979525265438
18385fe48224fbfa0cd6d17705d9305f857d70ef07b47b55502d04ff71359269,window_4,8.0,18.0,driving_regime_cluster,-0.6651449194784325,provisional_unverified,0,0.6651449194784325
18385fe48224fbfa0cd6d17705d9305f857d70ef07b47b55502d04ff71359269,window_5,10.0,20.0,driving_regime_cluster,-0.6630919175917032,provisional_unverified,0,0.6630919175917032
18385fe48224fbfa0cd6d17705d9305f857d70ef07b47b55502d04ff71359269,window_6,12.0,22.0,driving_regime_cluster,-0.6751462484828914,provisional_unverified,0,0.6751462484828914
18385fe48224fbfa0cd6d17705d9305f857d70ef07b47b55502d04ff71359269,window_7,14.0,24.0,driving_regime_cluster,-0.6717441895572356,provisional_unverified,0,0.6717441895572356
18385fe48224fbfa0cd6d17705d9305f857d70ef07b47b55502d04ff71359269,window_8,16.0,26.0,driving_regime_cluster,-0.660236606183288,provisional_unverified,0,0.660236606183288
18385fe48224fbfa0cd6d17705d9305f857d70ef07b47b55502d04ff71359269,window_9,18.0,28.0,driving_regime_cluster,-0.6623031856959487,provisional_unverified,0,0.6623031856959487
18385fe48224fbfa0cd6d17705d9305f857d70ef07b47b55502d04ff71359269,window_10,20.0,30.0,driving_regime_cluster,-0.6592216724321149,provisional_unverified,0,0.6592216724321149
18385fe48224fbfa0cd6d17705d9305f857d70ef07b47b55502d04ff71359269,window_11,22.0,32.0,driving_regime_cluster,-0.6514837216911554,provisional_unverified,0,0.6514837216911554
18385fe48224fbfa0cd6d17705d9305f857d70ef07b47b55502d04ff71359269,window_12,24.0,34.0,driving_regime_cluster,-0.6399711678573509,provisional_unverified,0,0.6399711678573509
18385fe48224fbfa0cd6d17705d9305f857d70ef07b47b55502d04ff71359269,window_13,26.0,36.0,driving_regime_cluster,-0.6061244862608862,provisional_unverified,0,0.6061244862608862
18385fe48224fbfa0cd6d17705d9305f857d70ef07b47b55502d04ff71359269,window_14,28.0,38.0,driving_regime_cluster,-0.605837312497515,provisional_unverified,0,0.605837312497515
18385fe48224fbfa0cd6d17705d9305f857d70ef07b47b55502d04ff71359269,window_15,30.0,40.0,driving_regime_cluster,-0.5558185359039552,provisional_unverified,0,0.5558185359039552
18385fe48224fbfa0cd6d17705d9305f857d70ef07b47b55502d04ff71359269,window_16,32.0,42.0,driving_regime_cluster,-0.40590430058154947,provisional_unverified,0,0.40590430058154947
18385fe48224fbfa0cd6d17705d9305f857d70ef07b47b55502d04ff71359269,window_17,34.0,44.0,driving_regime_cluster,-0.3504052935534349,provisional_unverified,0,0.3504052935534349
18385fe48224fbfa0cd6d17705d9305f857d70ef07b47b55502d04ff71359269,window_18,36.0,46.0,driving_regime_cluster,-0.3872586370724036,provisional_unverified,0,0.3872586370724036
18385fe48224fbfa0cd6d17705d9305f857d70ef07b47b55502d04ff71359269,window_19,38.0,48.0,driving_regime_cluster,-0.3798751208836578,provisional_unverified,0,0.3798751208836578
18385fe48224fbfa0cd6d17705d9305f857d70ef07b47b55502d04ff71359269,window_20,40.0,50.0,driving_regime_cluster,-0.37987728814396793,provisional_unverified,0,0.37987728814396793
18385fe48224fbfa0cd6d17705d9305f857d70ef07b47b55502d04ff71359269,window_21,42.0,52.0,driving_regime_cluster,-0.4772434698016041,provisional_unverified,0,0.4772434698016041
18385fe48224fbfa0cd6d17705d9305f857d70ef07b47b55502d04ff71359269,window_22,44.0,54.0,driving_regime_cluster,-0.5742205498697487,provisional_unverified,0,0.5742205498697487
18385fe48224fbfa0cd6d17705d9305f857d70ef07b47b55502d04ff71359269,window_23,46.0,56.0,driving_regime_cluster,-0.6700148931144879,provisional_unverified,0,0.6700148931144879
18385fe48224fbfa0cd6d17705d9305f857d70ef07b47b55502d04ff71359269,window_24,48.0,58.0,driving_regime_cluster,-0.7027699612442193,provisional_unverified,0,0.7027699612442193
18385fe48224fbfa0cd6d17705d9305f857d70ef07b47b55502d04ff71359269,window_25,50.0,60.0,driving_regime_cluster,-0.7024685321132593,provisional_unverified,0,0.7024685321132593
18385fe48224fbfa0cd6d17705d9305f857d70ef07b47b55502d04ff71359269,window_26,52.0,62.0,driving_regime_cluster,-0.7031274751502784,provisional_unverified,0,0.7031274751502784
18385fe48224fbfa0cd6d17705d9305f857d70ef07b47b55502d04ff71359269,window_27,54.0,64.0,driving_regime_cluster,-0.6406621632646209,provisional_unverified,0,0.6406621632646209
18385fe48224fbfa0cd6d17705d9305f857d70ef07b47b55502d04ff71359269,window_28,56.0,66.0,driving_regime_cluster,-0.6230824895280681,provisional_unverified,0,0.6230824895280681
18385fe48224fbfa0cd6d17705d9305f857d70ef07b47b55502d04ff71359269,window_29,58.0,68.0,driving_regime_cluster,-0.582899472760902,provisional_unverified,0,0.582899472760902
18385fe48224fbfa0cd6d17705d9305f857d70ef07b47b55502d04ff71359269,window_30,60.0,70.0,driving_regime_cluster,-0.5070788340847339,provisional_unverified,0,0.5070788340847339
18385fe48224fbfa0cd6d17705d9305f857d70ef07b47b55502d04ff71359269,window_31,62.0,72.0,driving_regime_cluster,-0.4566845795941143,provisional_unverified,0,0.4566845795941143
18385fe48224fbfa0cd6d17705d9305f857d70ef07b47b55502d04ff71359269,window_32,64.0,74.0,driving_regime_cluster,-0.4756988306204372,provisional_unverified,0,0.4756988306204372
18385fe48224fbfa0cd6d17705d9305f857d70ef07b47b55502d04ff71359269,window_33,66.0,76.0,driving_regime_cluster,-0.4808526211433231,provisional_unverified,0,0.4808526211433231
18385fe48224fbfa0cd6d17705d9305f857d70ef07b47b55502d04ff71359269,window_34,68.0,78.0,driving_regime_cluster,-0.6140531123378095,provisional_unverified,0,0.6140531123378095
18385fe48224fbfa0cd6d17705d9305f857d70ef07b47b55502d04ff71359269,window_35,70.0,80.0,driving_regime_cluster,-0.6512677622968932,provisional_unverified,0,0.6512677622968932
18385fe48224fbfa0cd6d17705d9305f857d70ef07b47b55502d04ff71359269,window_36,72.0,82.0,driving_regime_cluster,-0.65654310102189,provisional_unverified,0,0.65654310102189
18385fe48224fbfa0cd6d17705d9305f857d70ef07b47b55502d04ff71359269,window_37,74.0,84.0,driving_regime_cluster,-0.6595836777185303,provisional_unverified,0,0.6595836777185303
18385fe48224fbfa0cd6d17705d9305f857d70ef07b47b55502d04ff71359269,window_38,76.0,86.0,driving_regime_cluster,-0.670004969711037,provisional_unverified,0,0.670004969711037
18385fe48224fbfa0cd6d17705d9305f857d70ef07b47b55502d04ff71359269,window_39,78.0,88.0,driving_regime_cluster,-0.677345840459364,provisional_unverified,0,0.677345840459364
18385fe48224fbfa0cd6d17705d9305f857d70ef07b47b55502d04ff71359269,window_40,80.0,90.0,driving_regime_cluster,-0.6855916606020311,provisional_unverified,0,0.6855916606020311
18385fe48224fbfa0cd6d17705d9305f857d70ef07b47b55502d04ff71359269,window_41,82.0,92.0,driving_regime_cluster,-0.6902700499371657,provisional_unverified,0,0.6902700499371657
18385fe48224fbfa0cd6d17705d9305f857d70ef07b47b55502d04ff71359269,window_42,84.0,94.0,driving_regime_cluster,-0.6978749732735822,provisional_unverified,0,0.6978749732735822
18385fe48224fbfa0cd6d17705d9305f857d70ef07b47b55502d04ff71359269,window_43,86.0,96.0,driving_regime_cluster,-0.6989940031967625,provisional_unverified,0,0.6989940031967625
18385fe48224fbfa0cd6d17705d9305f857d70ef07b47b55502d04ff71359269,window_44,88.0,98.0,driving_regime_cluster,-0.7071070844420776,provisional_unverified,0,0.7071070844420776
18385fe48224fbfa0cd6d17705d9305f857d70ef07b47b55502d04ff71359269,window_45,90.0,100.0,driving_regime_cluster,-0.7147772060164393,provisional_unverified,0,0.7147772060164393
18385fe48224fbfa0cd6d17705d9305f857d70ef07b47b55502d04ff71359269,window_46,92.0,102.0,driving_regime_cluster,-0.7179029133382795,provisional_unverified,0,0.7179029133382795
18385fe48224fbfa0cd6d17705d9305f857d70ef07b47b55502d04ff71359269,window_47,94.0,104.0,driving_regime_cluster,-0.7193371334255565,provisional_unverified,0,0.7193371334255565
18385fe48224fbfa0cd6d17705d9305f857d70ef07b47b55502d04ff71359269,window_48,96.0,106.0,driving_regime_cluster,-0.7262210366601053,provisional_unverified,0,0.7262210366601053
18385fe48224fbfa0cd6d17705d9305f857d70ef07b47b55502d04ff71359269,window_49,98.0,108.0,driving_regime_cluster,-0.7309614087564172,provisional_unverified,0,0.7309614087564172
18385fe48224fbfa0cd6d17705d9305f857d70ef07b47b55502d04ff71359269,window_50,100.0,110.0,driving_regime_cluster,-0.7235003611808167,provisional_unverified,0,0.7235003611808167
18385fe48224fbfa0cd6d17705d9305f857d70ef07b47b55502d04ff71359269,window_51,102.0,112.0,driving_regime_cluster,-0.6925596864849425,provisional_unverified,0,0.6925596864849425
18385fe48224fbfa0cd6d17705d9305f857d70ef07b47b55502d04ff71359269,window_52,104.0,114.0,driving_regime_cluster,-0.9367484612571059,provisional_unverified,0,0.9367484612571059
18385fe48224fbfa0cd6d17705d9305f857d70ef07b47b55502d04ff71359269,window_53,106.0,116.0,driving_regime_cluster,-1.1087080434144698,provisional_unverified,0,1.1087080434144698
18385fe48224fbfa0cd6d17705d9305f857d70ef07b47b55502d04ff71359269,window_54,108.0,118.0,driving_regime_cluster,-0.6400908303452295,provisional_unverified,0,0.6400908303452295
18385fe48224fbfa0cd6d17705d9305f857d70ef07b47b55502d04ff71359269,window_55,110.0,120.0,driving_regime_cluster,-0.5596965882470775,provisional_unverified,0,0.5596965882470775
18385fe48224fbfa0cd6d17705d9305f857d70ef07b47b55502d04ff71359269,window_56,112.0,122.0,driving_regime_cluster,-0.5583104434461881,provisional_unverified,0,0.5583104434461881
18385fe48224fbfa0cd6d17705d9305f857d70ef07b47b55502d04ff71359269,window_57,114.0,124.0,driving_regime_cluster,-0.5525356105092532,provisional_unverified,0,0.5525356105092532
18385fe48224fbfa0cd6d17705d9305f857d70ef07b47b55502d04ff71359269,window_58,116.0,126.0,driving_regime_cluster,-0.635917821196903,provisional_unverified,0,0.635917821196903
18385fe48224fbfa0cd6d17705d9305f857d70ef07b47b55502d04ff71359269,window_59,118.0,128.0,driving_regime_cluster,-0.6512577560262278,provisional_unverified,0,0.6512577560262278
18385fe48224fbfa0cd6d17705d9305f857d70ef07b47b55502d04ff71359269,window_60,120.0,130.0,driving_regime_cluster,-0.723443723649913,provisional_unverified,0,0.723443723649913
18385fe48224fbfa0cd6d17705d9305f857d70ef07b47b55502d04ff71359269,window_61,122.0,132.0,driving_regime_cluster,-0.7306959371959125,provisional_unverified,0,0.7306959371959125
18385fe48224fbfa0cd6d17705d9305f857d70ef07b47b55502d04ff71359269,window_62,124.0,134.0,driving_regime_cluster,-0.7248156901199206,provisional_unverified,0,0.7248156901199206
18385fe48224fbfa0cd6d17705d9305f857d70ef07b47b55502d04ff71359269,window_63,126.0,136.0,driving_regime_cluster,-0.8545515062603478,provisional_unverified,0,0.8545515062603478
18385fe48224fbfa0cd6d17705d9305f857d70ef07b47b55502d04ff71359269,window_64,128.0,138.0,driving_regime_cluster,-2.5737456766474174,provisional_unverified,0,2.5737456766474174
18385fe48224fbfa0cd6d17705d9305f857d70ef07b47b55502d04ff71359269,window_65,130.0,140.0,driving_regime_cluster,-3.5511107142696443,provisional_unverified,0,3.5511107142696443
18385fe48224fbfa0cd6d17705d9305f857d70ef07b47b55502d04ff71359269,window_66,132.0,142.0,driving_regime_cluster,-4.210731237219158,provisional_unverified,2,4.210731237219158
18385fe48224fbfa0cd6d17705d9305f857d70ef07b47b55502d04ff71359269,window_67,134.0,144.0,driving_regime_cluster,-2.953994385120531,provisional_unverified,2,2.953994385120531
18385fe48224fbfa0cd6d17705d9305f857d70ef07b47b55502d04ff71359269,window_68,136.0,146.0,driving_regime_cluster,-1.490230481510046,provisional_unverified,2,1.490230481510046
18385fe48224fbfa0cd6d17705d9305f857d70ef07b47b55502d04ff71359269,window_69,138.0,148.0,driving_regime_cluster,-3.373223234128704,provisional_unverified,2,3.373223234128704
18385fe48224fbfa0cd6d17705d9305f857d70ef07b47b55502d04ff71359269,window_70,140.0,150.0,driving_regime_cluster,-3.6537000849119616,provisional_unverified,1,3.6537000849119616
18385fe48224fbfa0cd6d17705d9305f857d70ef07b47b55502d04ff71359269,window_71,142.0,152.0,driving_regime_cluster,-2.695139049148121,provisional_unverified,1,2.695139049148121
18385fe48224fbfa0cd6d17705d9305f857d70ef07b47b55502d04ff71359269,window_72,144.0,154.0,driving_regime_cluster,-0.8891008334357515,provisional_unverified,1,0.8891008334357515
18385fe48224fbfa0cd6d17705d9305f857d70ef07b47b55502d04ff71359269,window_73,146.0,156.0,driving_regime_cluster,-2.2280642749438133,provisional_unverified,1,2.2280642749438133
18385fe48224fbfa0cd6d17705d9305f857d70ef07b47b55502d04ff71359269,window_74,148.0,158.0,driving_regime_cluster,-5.223479104001483,provisional_unverified,2,5.223479104001483
18385fe48224fbfa0cd6d17705d9305f857d70ef07b47b55502d04ff71359269,window_75,150.0,160.0,driving_regime_cluster,-2.5568894970200438,provisional_unverified,2,2.5568894970200438
18385fe48224fbfa0cd6d17705d9305f857d70ef07b47b55502d04ff71359269,window_76,152.0,162.0,driving_regime_cluster,-2.239734207384508,provisional_unverified,2,2.239734207384508
18385fe48224fbfa0cd6d17705d9305f857d70ef07b47b55502d04ff71359269,window_77,154.0,164.0,driving_regime_cluster,-1.7702170755001718,provisional_unverified,2,1.7702170755001718
18385fe48224fbfa0cd6d17705d9305f857d70ef07b47b55502d04ff71359269,window_78,156.0,166.0,driving_regime_cluster,-3.029119761463115,provisional_unverified,2,3.029119761463115
18385fe48224fbfa0cd6d17705d9305f857d70ef07b47b55502d04ff71359269,window_79,158.0,168.0,driving_regime_cluster,-2.0169548427365473,provisional_unverified,2,2.0169548427365473
18385fe48224fbfa0cd6d17705d9305f857d70ef07b47b55502d04ff71359269,window_80,160.0,170.0,driving_regime_cluster,-1.9534448081962295,provisional_unverified,2,1.9534448081962295
18385fe48224fbfa0cd6d17705d9305f857d70ef07b47b55502d04ff71359269,window_81,162.0,172.0,driving_regime_cluster,-3.0568431026509435,provisional_unverified,2,3.0568431026509435
18385fe48224fbfa0cd6d17705d9305f857d70ef07b47b55502d04ff71359269,window_82,164.0,174.0,driving_regime_cluster,-2.8303519761111975,provisional_unverified,2,2.8303519761111975
18385fe48224fbfa0cd6d17705d9305f857d70ef07b47b55502d04ff71359269,window_83,166.0,176.0,driving_regime_cluster,-4.22474213386775,provisional_unverified,2,4.22474213386775
18385fe48224fbfa0cd6d17705d9305f857d70ef07b47b55502d04ff71359269,window_84,168.0,178.0,driving_regime_cluster,-3.0299956451092833,provisional_unverified,2,3.0299956451092833
18385fe48224fbfa0cd6d17705d9305f857d70ef07b47b55502d04ff71359269,window_85,170.0,180.0,driving_regime_cluster,-4.644613400822522,provisional_unverified,2,4.644613400822522
18385fe48224fbfa0cd6d17705d9305f857d70ef07b47b55502d04ff71359269,window_86,172.0,182.0,driving_regime_cluster,-5.377862322411189,provisional_unverified,2,5.377862322411189
18385fe48224fbfa0cd6d17705d9305f857d70ef07b47b55502d04ff71359269,window_87,174.0,184.0,driving_regime_cluster,-3.4184158740813406,provisional_unverified,2,3.4184158740813406
18385fe48224fbfa0cd6d17705d9305f857d70ef07b47b55502d04ff71359269,window_88,176.0,186.0,driving_regime_cluster,-3.19078384102358,provisional_unverified,2,3.19078384102358
18385fe48224fbfa0cd6d17705d9305f857d70ef07b47b55502d04ff71359269,window_89,178.0,188.0,driving_regime_cluster,-4.172728445561288,provisional_unverified,2,4.172728445561288
18385fe48224fbfa0cd6d17705d9305f857d70ef07b47b55502d04ff71359269,window_90,180.0,190.0,driving_regime_cluster,-1.9444134310149122,provisional_unverified,2,1.9444134310149122
18385fe48224fbfa0cd6d17705d9305f857d70ef07b47b55502d04ff71359269,window_91,182.0,192.0,driving_regime_cluster,-3.755540347735362,provisional_unverified,2,3.755540347735362
18385fe48224fbfa0cd6d17705d9305f857d70ef07b47b55502d04ff71359269,window_92,184.0,194.0,driving_regime_cluster,-5.981029966395741,provisional_unverified,2,5.981029966395741
18385fe48224fbfa0cd6d17705d9305f857d70ef07b47b55502d04ff71359269,window_93,186.0,196.0,driving_regime_cluster,-2.719649153098433,provisional_unverified,2,2.719649153098433
18385fe48224fbfa0cd6d17705d9305f857d70ef07b47b55502d04ff71359269,window_94,188.0,198.0,driving_regime_cluster,-2.521886885024281,provisional_unverified,1,2.521886885024281
18385fe48224fbfa0cd6d17705d9305f857d70ef07b47b55502d04ff71359269,window_95,190.0,200.0,driving_regime_cluster,-3.2348343536268196,provisional_unverified,1,3.2348343536268196
18385fe48224fbfa0cd6d17705d9305f857d70ef07b47b55502d04ff71359269,window_96,192.0,202.0,driving_regime_cluster,-5.415904114869911,provisional_unverified,1,5.415904114869911
18385fe48224fbfa0cd6d17705d9305f857d70ef07b47b55502d04ff71359269,window_97,194.0,204.0,driving_regime_cluster,-1.508129737045609,provisional_unverified,1,1.508129737045609
18385fe48224fbfa0cd6d17705d9305f857d70ef07b47b55502d04ff71359269,window_98,196.0,206.0,driving_regime_cluster,-4.83432498651382,provisional_unverified,2,4.83432498651382
18385fe48224fbfa0cd6d17705d9305f857d70ef07b47b55502d04ff71359269,window_99,198.0,208.0,driving_regime_cluster,-1.8238070463784881,provisional_unverified,2,1.8238070463784881
18385fe48224fbfa0cd6d17705d9305f857d70ef07b47b55502d04ff71359269,window_100,200.0,210.0,driving_regime_cluster,-2.16788804476881,provisional_unverified,2,2.16788804476881
18385fe48224fbfa0cd6d17705d9305f857d70ef07b47b55502d04ff71359269,window_101,202.0,212.0,driving_regime_cluster,-2.6548131247103917,provisional_unverified,2,2.6548131247103917
18385fe48224fbfa0cd6d17705d9305f857d70ef07b47b55502d04ff71359269,window_102,204.0,214.0,driving_regime_cluster,-3.578323648492459,provisional_unverified,2,3.578323648492459
18385fe48224fbfa0cd6d17705d9305f857d70ef07b47b55502d04ff71359269,window_103,206.0,216.0,driving_regime_cluster,-4.7207816088734385,provisional_unverified,0,4.7207816088734385
18385fe48224fbfa0cd6d17705d9305f857d70ef07b47b55502d04ff71359269,window_104,208.0,218.0,driving_regime_cluster,-3.595192554409971,provisional_unverified,0,3.595192554409971
18385fe48224fbfa0cd6d17705d9305f857d70ef07b47b55502d04ff71359269,window_105,210.0,220.0,driving_regime_cluster,-2.3098627889976404,provisional_unverified,0,2.3098627889976404
18385fe48224fbfa0cd6d17705d9305f857d70ef07b47b55502d04ff71359269,window_106,212.0,222.0,driving_regime_cluster,-2.481486433034459,provisional_unverified,0,2.481486433034459
18385fe48224fbfa0cd6d17705d9305f857d70ef07b47b55502d04ff71359269,window_107,214.0,224.0,driving_regime_cluster,-2.0074913128906093,provisional_unverified,0,2.0074913128906093
18385fe48224fbfa0cd6d17705d9305f857d70ef07b47b55502d04ff71359269,window_108,216.0,226.0,driving_regime_cluster,-1.9610832160818816,provisional_unverified,0,1.9610832160818816
18385fe48224fbfa0cd6d17705d9305f857d70ef07b47b55502d04ff71359269,window_109,218.0,228.0,driving_regime_cluster,-1.3152959192626532,provisional_unverified,0,1.3152959192626532
27937681c8199780c6cbce603f217d5a4457c351e84fa3cd7cfc62bfd270c550,window_110,0.0,10.0,driving_regime_cluster,-1.068566849484807,provisional_unverified,0,1.068566849484807
27937681c8199780c6cbce603f217d5a4457c351e84fa3cd7cfc62bfd270c550,window_111,2.0,12.0,driving_regime_cluster,-0.48148568734522007,provisional_unverified,0,0.48148568734522007
27937681c8199780c6cbce603f217d5a4457c351e84fa3cd7cfc62bfd270c550,window_112,4.0,14.0,driving_regime_cluster,-0.5598926594913298,provisional_unverified,0,0.5598926594913298
27937681c8199780c6cbce603f217d5a4457c351e84fa3cd7cfc62bfd270c550,window_113,6.0,16.0,driving_regime_cluster,-0.5068642486828929,provisional_unverified,0,0.5068642486828929
27937681c8199780c6cbce603f217d5a4457c351e84fa3cd7cfc62bfd270c550,window_114,8.0,18.0,driving_regime_cluster,-0.37277863093416613,provisional_unverified,0,0.37277863093416613
27937681c8199780c6cbce603f217d5a4457c351e84fa3cd7cfc62bfd270c550,window_115,10.0,20.0,driving_regime_cluster,-0.32817013722081656,provisional_unverified,0,0.32817013722081656
27937681c8199780c6cbce603f217d5a4457c351e84fa3cd7cfc62bfd270c550,window_116,12.0,22.0,driving_regime_cluster,-0.3110518076377674,provisional_unverified,0,0.3110518076377674
27937681c8199780c6cbce603f217d5a4457c351e84fa3cd7cfc62bfd270c550,window_117,14.0,24.0,driving_regime_cluster,-0.30818899831290425,provisional_unverified,0,0.30818899831290425
27937681c8199780c6cbce603f217d5a4457c351e84fa3cd7cfc62bfd270c550,window_118,16.0,26.0,driving_regime_cluster,-0.33311728517560946,provisional_unverified,0,0.33311728517560946
27937681c8199780c6cbce603f217d5a4457c351e84fa3cd7cfc62bfd270c550,window_119,18.0,28.0,driving_regime_cluster,-0.4991474833592168,provisional_unverified,0,0.4991474833592168
27937681c8199780c6cbce603f217d5a4457c351e84fa3cd7cfc62bfd270c550,window_120,20.0,30.0,driving_regime_cluster,-0.5250019571347856,provisional_unverified,0,0.5250019571347856
27937681c8199780c6cbce603f217d5a4457c351e84fa3cd7cfc62bfd270c550,window_121,22.0,32.0,driving_regime_cluster,-0.5485284433065551,provisional_unverified,0,0.5485284433065551
27937681c8199780c6cbce603f217d5a4457c351e84fa3cd7cfc62bfd270c550,window_122,24.0,34.0,driving_regime_cluster,-0.5491523111118928,provisional_unverified,0,0.5491523111118928
27937681c8199780c6cbce603f217d5a4457c351e84fa3cd7cfc62bfd270c550,window_123,26.0,36.0,driving_regime_cluster,-0.5425129466234054,provisional_unverified,0,0.5425129466234054
27937681c8199780c6cbce603f217d5a4457c351e84fa3cd7cfc62bfd270c550,window_124,28.0,38.0,driving_regime_cluster,-0.529789523721951,provisional_unverified,0,0.529789523721951
27937681c8199780c6cbce603f217d5a4457c351e84fa3cd7cfc62bfd270c550,window_125,30.0,40.0,driving_regime_cluster,-0.5401911602690206,provisional_unverified,0,0.5401911602690206
27937681c8199780c6cbce603f217d5a4457c351e84fa3cd7cfc62bfd270c550,window_126,32.0,42.0,driving_regime_cluster,-0.5470818858381008,provisional_unverified,0,0.5470818858381008
27937681c8199780c6cbce603f217d5a4457c351e84fa3cd7cfc62bfd270c550,window_127,34.0,44.0,driving_regime_cluster,-0.5614500631975771,provisional_unverified,0,0.5614500631975771
27937681c8199780c6cbce603f217d5a4457c351e84fa3cd7cfc62bfd270c550,window_128,36.0,46.0,driving_regime_cluster,-0.5709806520542823,provisional_unverified,0,0.5709806520542823
27937681c8199780c6cbce603f217d5a4457c351e84fa3cd7cfc62bfd270c550,window_129,38.0,48.0,driving_regime_cluster,-0.607706749818966,provisional_unverified,0,0.607706749818966
27937681c8199780c6cbce603f217d5a4457c351e84fa3cd7cfc62bfd270c550,window_130,40.0,50.0,driving_regime_cluster,-0.6104780724364033,provisional_unverified,0,0.6104780724364033
27937681c8199780c6cbce603f217d5a4457c351e84fa3cd7cfc62bfd270c550,window_131,42.0,52.0,driving_regime_cluster,-0.6075773872728747,provisional_unverified,0,0.6075773872728747
27937681c8199780c6cbce603f217d5a4457c351e84fa3cd7cfc62bfd270c550,window_132,44.0,54.0,driving_regime_cluster,-0.6019423604718903,provisional_unverified,0,0.6019423604718903
27937681c8199780c6cbce603f217d5a4457c351e84fa3cd7cfc62bfd270c550,window_133,46.0,56.0,driving_regime_cluster,-0.6010508063556464,provisional_unverified,0,0.6010508063556464
27937681c8199780c6cbce603f217d5a4457c351e84fa3cd7cfc62bfd270c550,window_134,48.0,58.0,driving_regime_cluster,-0.5442784027763451,provisional_unverified,0,0.5442784027763451
27937681c8199780c6cbce603f217d5a4457c351e84fa3cd7cfc62bfd270c550,window_135,50.0,60.0,driving_regime_cluster,-0.5765767285543465,provisional_unverified,0,0.5765767285543465
27937681c8199780c6cbce603f217d5a4457c351e84fa3cd7cfc62bfd270c550,window_136,52.0,62.0,driving_regime_cluster,-0.43360249780415006,provisional_unverified,0,0.43360249780415006
27937681c8199780c6cbce603f217d5a4457c351e84fa3cd7cfc62bfd270c550,window_137,54.0,64.0,driving_regime_cluster,-0.42152514500178206,provisional_unverified,0,0.42152514500178206
27937681c8199780c6cbce603f217d5a4457c351e84fa3cd7cfc62bfd270c550,window_138,56.0,66.0,driving_regime_cluster,-0.4146302151382668,provisional_unverified,0,0.4146302151382668
27937681c8199780c6cbce603f217d5a4457c351e84fa3cd7cfc62bfd270c550,window_139,58.0,68.0,driving_regime_cluster,-0.4266325095499545,provisional_unverified,0,0.4266325095499545
27937681c8199780c6cbce603f217d5a4457c351e84fa3cd7cfc62bfd270c550,window_140,60.0,70.0,driving_regime_cluster,-0.5677403018410162,provisional_unverified,0,0.5677403018410162
27937681c8199780c6cbce603f217d5a4457c351e84fa3cd7cfc62bfd270c550,window_141,62.0,72.0,driving_regime_cluster,-0.5650361468865538,provisional_unverified,0,0.5650361468865538
27937681c8199780c6cbce603f217d5a4457c351e84fa3cd7cfc62bfd270c550,window_142,64.0,74.0,driving_regime_cluster,-0.5849016670290743,provisional_unverified,0,0.5849016670290743
27937681c8199780c6cbce603f217d5a4457c351e84fa3cd7cfc62bfd270c550,window_143,66.0,76.0,driving_regime_cluster,-0.5906839962890529,provisional_unverified,0,0.5906839962890529
27937681c8199780c6cbce603f217d5a4457c351e84fa3cd7cfc62bfd270c550,window_144,68.0,78.0,driving_regime_cluster,-0.5914755821901144,provisional_unverified,0,0.5914755821901144
27937681c8199780c6cbce603f217d5a4457c351e84fa3cd7cfc62bfd270c550,window_145,70.0,80.0,driving_regime_cluster,-0.5909460728344298,provisional_unverified,0,0.5909460728344298
27937681c8199780c6cbce603f217d5a4457c351e84fa3cd7cfc62bfd270c550,window_146,72.0,82.0,driving_regime_cluster,-0.5714639313619366,provisional_unverified,0,0.5714639313619366
27937681c8199780c6cbce603f217d5a4457c351e84fa3cd7cfc62bfd270c550,window_147,74.0,84.0,driving_regime_cluster,-0.5595833615103512,provisional_unverified,0,0.5595833615103512
27937681c8199780c6cbce603f217d5a4457c351e84fa3cd7cfc62bfd270c550,window_148,76.0,86.0,driving_regime_cluster,-0.5564751604837483,provisional_unverified,0,0.5564751604837483
27937681c8199780c6cbce603f217d5a4457c351e84fa3cd7cfc62bfd270c550,window_149,78.0,88.0,driving_regime_cluster,-0.5553481065373741,provisional_unverified,0,0.5553481065373741
27937681c8199780c6cbce603f217d5a4457c351e84fa3cd7cfc62bfd270c550,window_150,80.0,90.0,driving_regime_cluster,-0.5518139905604732,provisional_unverified,0,0.5518139905604732
27937681c8199780c6cbce603f217d5a4457c351e84fa3cd7cfc62bfd270c550,window_151,82.0,92.0,driving_regime_cluster,-0.5482164808975724,provisional_unverified,0,0.5482164808975724
27937681c8199780c6cbce603f217d5a4457c351e84fa3cd7cfc62bfd270c550,window_152,84.0,94.0,driving_regime_cluster,-0.5482259798782938,provisional_unverified,0,0.5482259798782938
27937681c8199780c6cbce603f217d5a4457c351e84fa3cd7cfc62bfd270c550,window_153,86.0,96.0,driving_regime_cluster,-0.5513078042478583,provisional_unverified,0,0.5513078042478583
27937681c8199780c6cbce603f217d5a4457c351e84fa3cd7cfc62bfd270c550,window_154,88.0,98.0,driving_regime_cluster,-0.5545853498460495,provisional_unverified,0,0.5545853498460495
27937681c8199780c6cbce603f217d5a4457c351e84fa3cd7cfc62bfd270c550,window_155,90.0,100.0,driving_regime_cluster,-0.5634555185298188,provisional_unverified,0,0.5634555185298188
27937681c8199780c6cbce603f217d5a4457c351e84fa3cd7cfc62bfd270c550,window_156,92.0,102.0,driving_regime_cluster,-0.5711046042967594,provisional_unverified,0,0.5711046042967594
27937681c8199780c6cbce603f217d5a4457c351e84fa3cd7cfc62bfd270c550,window_157,94.0,104.0,driving_regime_cluster,-0.574843787896291,provisional_unverified,0,0.574843787896291
27937681c8199780c6cbce603f217d5a4457c351e84fa3cd7cfc62bfd270c550,window_158,96.0,106.0,driving_regime_cluster,-0.5794868348099448,provisional_unverified,0,0.5794868348099448
27937681c8199780c6cbce603f217d5a4457c351e84fa3cd7cfc62bfd270c550,window_159,98.0,108.0,driving_regime_cluster,-0.5797342364043091,provisional_unverified,0,0.5797342364043091
27937681c8199780c6cbce603f217d5a4457c351e84fa3cd7cfc62bfd270c550,window_160,100.0,110.0,driving_regime_cluster,-0.5778818835308656,provisional_unverified,0,0.5778818835308656
27937681c8199780c6cbce603f217d5a4457c351e84fa3cd7cfc62bfd270c550,window_161,102.0,112.0,driving_regime_cluster,-0.5188603807629182,provisional_unverified,0,0.5188603807629182
27937681c8199780c6cbce603f217d5a4457c351e84fa3cd7cfc62bfd270c550,window_162,104.0,114.0,driving_regime_cluster,-0.603185694751185,provisional_unverified,0,0.603185694751185
27937681c8199780c6cbce603f217d5a4457c351e84fa3cd7cfc62bfd270c550,window_163,106.0,116.0,driving_regime_cluster,-1.044299307713078,provisional_unverified,0,1.044299307713078
27937681c8199780c6cbce603f217d5a4457c351e84fa3cd7cfc62bfd270c550,window_164,108.0,118.0,driving_regime_cluster,-0.5527301838096117,provisional_unverified,0,0.5527301838096117
27937681c8199780c6cbce603f217d5a4457c351e84fa3cd7cfc62bfd270c550,window_165,110.0,120.0,driving_regime_cluster,-0.405524141009177,provisional_unverified,0,0.405524141009177
27937681c8199780c6cbce603f217d5a4457c351e84fa3cd7cfc62bfd270c550,window_166,112.0,122.0,driving_regime_cluster,-0.4163644041381638,provisional_unverified,0,0.4163644041381638
27937681c8199780c6cbce603f217d5a4457c351e84fa3cd7cfc62bfd270c550,window_167,114.0,124.0,driving_regime_cluster,-0.4067909288102583,provisional_unverified,0,0.4067909288102583
27937681c8199780c6cbce603f217d5a4457c351e84fa3cd7cfc62bfd270c550,window_168,116.0,126.0,driving_regime_cluster,-0.7048330296307695,provisional_unverified,0,0.7048330296307695
27937681c8199780c6cbce603f217d5a4457c351e84fa3cd7cfc62bfd270c550,window_169,118.0,128.0,driving_regime_cluster,-0.6201575054807038,provisional_unverified,0,0.6201575054807038
27937681c8199780c6cbce603f217d5a4457c351e84fa3cd7cfc62bfd270c550,window_170,120.0,130.0,driving_regime_cluster,-0.5987961443349982,provisional_unverified,0,0.5987961443349982
27937681c8199780c6cbce603f217d5a4457c351e84fa3cd7cfc62bfd270c550,window_171,122.0,132.0,driving_regime_cluster,-0.6112162644904076,provisional_unverified,0,0.6112162644904076
27937681c8199780c6cbce603f217d5a4457c351e84fa3cd7cfc62bfd270c550,window_172,124.0,134.0,driving_regime_cluster,-0.568616735317182,provisional_unverified,0,0.568616735317182
27937681c8199780c6cbce603f217d5a4457c351e84fa3cd7cfc62bfd270c550,window_173,126.0,136.0,driving_regime_cluster,-1.952923239605747,provisional_unverified,0,1.952923239605747
27937681c8199780c6cbce603f217d5a4457c351e84fa3cd7cfc62bfd270c550,window_174,128.0,138.0,driving_regime_cluster,-3.9426919440016635,provisional_unverified,0,3.9426919440016635
27937681c8199780c6cbce603f217d5a4457c351e84fa3cd7cfc62bfd270c550,window_175,130.0,140.0,driving_regime_cluster,-4.337390976806413,provisional_unverified,2,4.337390976806413
27937681c8199780c6cbce603f217d5a4457c351e84fa3cd7cfc62bfd270c550,window_176,132.0,142.0,driving_regime_cluster,-3.1383473055396314,provisional_unverified,2,3.1383473055396314
27937681c8199780c6cbce603f217d5a4457c351e84fa3cd7cfc62bfd270c550,window_177,134.0,144.0,driving_regime_cluster,-2.721051672786747,provisional_unverified,2,2.721051672786747
27937681c8199780c6cbce603f217d5a4457c351e84fa3cd7cfc62bfd270c550,window_178,136.0,146.0,driving_regime_cluster,-4.110464419173599,provisional_unverified,2,4.110464419173599
27937681c8199780c6cbce603f217d5a4457c351e84fa3cd7cfc62bfd270c550,window_179,138.0,148.0,driving_regime_cluster,-4.871157861000092,provisional_unverified,1,4.871157861000092
27937681c8199780c6cbce603f217d5a4457c351e84fa3cd7cfc62bfd270c550,window_180,140.0,150.0,driving_regime_cluster,-3.243626921483131,provisional_unverified,1,3.243626921483131
27937681c8199780c6cbce603f217d5a4457c351e84fa3cd7cfc62bfd270c550,window_181,142.0,152.0,driving_regime_cluster,-3.035167112043085,provisional_unverified,1,3.035167112043085
27937681c8199780c6cbce603f217d5a4457c351e84fa3cd7cfc62bfd270c550,window_182,144.0,154.0,driving_regime_cluster,-2.6462236972903983,provisional_unverified,1,2.6462236972903983
27937681c8199780c6cbce603f217d5a4457c351e84fa3cd7cfc62bfd270c550,window_183,146.0,156.0,driving_regime_cluster,-4.3456738291659756,provisional_unverified,2,4.3456738291659756
27937681c8199780c6cbce603f217d5a4457c351e84fa3cd7cfc62bfd270c550,window_184,148.0,158.0,driving_regime_cluster,-4.694533295080633,provisional_unverified,2,4.694533295080633
27937681c8199780c6cbce603f217d5a4457c351e84fa3cd7cfc62bfd270c550,window_185,150.0,160.0,driving_regime_cluster,-2.458252617313299,provisional_unverified,2,2.458252617313299
27937681c8199780c6cbce603f217d5a4457c351e84fa3cd7cfc62bfd270c550,window_186,152.0,162.0,driving_regime_cluster,-3.5210317040130636,provisional_unverified,2,3.5210317040130636
27937681c8199780c6cbce603f217d5a4457c351e84fa3cd7cfc62bfd270c550,window_187,154.0,164.0,driving_regime_cluster,-3.6928467902129185,provisional_unverified,2,3.6928467902129185
27937681c8199780c6cbce603f217d5a4457c351e84fa3cd7cfc62bfd270c550,window_188,156.0,166.0,driving_regime_cluster,-2.691725832109412,provisional_unverified,2,2.691725832109412
27937681c8199780c6cbce603f217d5a4457c351e84fa3cd7cfc62bfd270c550,window_189,158.0,168.0,driving_regime_cluster,-2.8675804226804655,provisional_unverified,2,2.8675804226804655
27937681c8199780c6cbce603f217d5a4457c351e84fa3cd7cfc62bfd270c550,window_190,160.0,170.0,driving_regime_cluster,-3.203840227639831,provisional_unverified,2,3.203840227639831
27937681c8199780c6cbce603f217d5a4457c351e84fa3cd7cfc62bfd270c550,window_191,162.0,172.0,driving_regime_cluster,-3.4883707340787953,provisional_unverified,2,3.4883707340787953
27937681c8199780c6cbce603f217d5a4457c351e84fa3cd7cfc62bfd270c550,window_192,164.0,174.0,driving_regime_cluster,-3.8555496037685137,provisional_unverified,2,3.8555496037685137
27937681c8199780c6cbce603f217d5a4457c351e84fa3cd7cfc62bfd270c550,window_193,166.0,176.0,driving_regime_cluster,-3.7370183704738014,provisional_unverified,2,3.7370183704738014
27937681c8199780c6cbce603f217d5a4457c351e84fa3cd7cfc62bfd270c550,window_194,168.0,178.0,driving_regime_cluster,-3.640801477746802,provisional_unverified,2,3.640801477746802
27937681c8199780c6cbce603f217d5a4457c351e84fa3cd7cfc62bfd270c550,window_195,170.0,180.0,driving_regime_cluster,-4.207032795114144,provisional_unverified,2,4.207032795114144
27937681c8199780c6cbce603f217d5a4457c351e84fa3cd7cfc62bfd270c550,window_196,172.0,182.0,driving_regime_cluster,-3.0137595470574277,provisional_unverified,2,3.0137595470574277
27937681c8199780c6cbce603f217d5a4457c351e84fa3cd7cfc62bfd270c550,window_197,174.0,184.0,driving_regime_cluster,-3.6007329314753416,provisional_unverified,2,3.6007329314753416
27937681c8199780c6cbce603f217d5a4457c351e84fa3cd7cfc62bfd270c550,window_198,176.0,186.0,driving_regime_cluster,-2.21155727004751,provisional_unverified,2,2.21155727004751
27937681c8199780c6cbce603f217d5a4457c351e84fa3cd7cfc62bfd270c550,window_199,178.0,188.0,driving_regime_cluster,-2.68362807360278,provisional_unverified,2,2.68362807360278
27937681c8199780c6cbce603f217d5a4457c351e84fa3cd7cfc62bfd270c550,window_200,180.0,190.0,driving_regime_cluster,-2.345250755430517,provisional_unverified,2,2.345250755430517
27937681c8199780c6cbce603f217d5a4457c351e84fa3cd7cfc62bfd270c550,window_201,182.0,192.0,driving_regime_cluster,-4.422005062427453,provisional_unverified,1,4.422005062427453
27937681c8199780c6cbce603f217d5a4457c351e84fa3cd7cfc62bfd270c550,window_202,184.0,194.0,driving_regime_cluster,-2.176459253091729,provisional_unverified,1,2.176459253091729
27937681c8199780c6cbce603f217d5a4457c351e84fa3cd7cfc62bfd270c550,window_203,186.0,196.0,driving_regime_cluster,-4.8553543011617295,provisional_unverified,1,4.8553543011617295
27937681c8199780c6cbce603f217d5a4457c351e84fa3cd7cfc62bfd270c550,window_204,188.0,198.0,driving_regime_cluster,-2.9747762675454563,provisional_unverified,1,2.9747762675454563
27937681c8199780c6cbce603f217d5a4457c351e84fa3cd7cfc62bfd270c550,window_205,190.0,200.0,driving_regime_cluster,-3.745384054190184,provisional_unverified,2,3.745384054190184
27937681c8199780c6cbce603f217d5a4457c351e84fa3cd7cfc62bfd270c550,window_206,192.0,202.0,driving_regime_cluster,-3.2429614305114236,provisional_unverified,2,3.2429614305114236
27937681c8199780c6cbce603f217d5a4457c351e84fa3cd7cfc62bfd270c550,window_207,194.0,204.0,driving_regime_cluster,-2.3816771230609994,provisional_unverified,2,2.3816771230609994
27937681c8199780c6cbce603f217d5a4457c351e84fa3cd7cfc62bfd270c550,window_208,196.0,206.0,driving_regime_cluster,-4.853219888303904,provisional_unverified,2,4.853219888303904
27937681c8199780c6cbce603f217d5a4457c351e84fa3cd7cfc62bfd270c550,window_209,198.0,208.0,driving_regime_cluster,-6.131617628568823,provisional_unverified,2,6.131617628568823
27937681c8199780c6cbce603f217d5a4457c351e84fa3cd7cfc62bfd270c550,window_210,200.0,210.0,driving_regime_cluster,-3.8795222694189664,provisional_unverified,1,3.8795222694189664
27937681c8199780c6cbce603f217d5a4457c351e84fa3cd7cfc62bfd270c550,window_211,202.0,212.0,driving_regime_cluster,-6.094808345722274,provisional_unverified,1,6.094808345722274
27937681c8199780c6cbce603f217d5a4457c351e84fa3cd7cfc62bfd270c550,window_212,204.0,214.0,driving_regime_cluster,-4.741092243127407,provisional_unverified,1,4.741092243127407
27937681c8199780c6cbce603f217d5a4457c351e84fa3cd7cfc62bfd270c550,window_213,206.0,216.0,driving_regime_cluster,-5.511072670581642,provisional_unverified,1,5.511072670581642
27937681c8199780c6cbce603f217d5a4457c351e84fa3cd7cfc62bfd270c550,window_214,208.0,218.0,driving_regime_cluster,-5.52237054703377,provisional_unverified,1,5.52237054703377
4975a35d789765b9299480af66d6a5af5166fef074cef80facbac97409b84d07,window_215,0.0,10.0,driving_regime_cluster,-1.396855897429922,provisional_unverified,0,1.396855897429922
4975a35d789765b9299480af66d6a5af5166fef074cef80facbac97409b84d07,window_216,2.0,12.0,driving_regime_cluster,-0.6336926356727067,provisional_unverified,0,0.6336926356727067
4975a35d789765b9299480af66d6a5af5166fef074cef80facbac97409b84d07,window_217,4.0,14.0,driving_regime_cluster,-0.5538316440843157,provisional_unverified,0,0.5538316440843157
4975a35d789765b9299480af66d6a5af5166fef074cef80facbac97409b84d07,window_218,6.0,16.0,driving_regime_cluster,-0.6709818810790954,provisional_unverified,0,0.6709818810790954
4975a35d789765b9299480af66d6a5af5166fef074cef80facbac97409b84d07,window_219,8.0,18.0,driving_regime_cluster,-0.6689033279402833,provisional_unverified,0,0.6689033279402833
4975a35d789765b9299480af66d6a5af5166fef074cef80facbac97409b84d07,window_220,10.0,20.0,driving_regime_cluster,-0.6543788162209547,provisional_unverified,0,0.6543788162209547
4975a35d789765b9299480af66d6a5af5166fef074cef80facbac97409b84d07,window_221,12.0,22.0,driving_regime_cluster,-0.5671265415377595,provisional_unverified,0,0.5671265415377595
4975a35d789765b9299480af66d6a5af5166fef074cef80facbac97409b84d07,window_222,14.0,24.0,driving_regime_cluster,-0.5126857783515889,provisional_unverified,0,0.5126857783515889
4975a35d789765b9299480af66d6a5af5166fef074cef80facbac97409b84d07,window_223,16.0,26.0,driving_regime_cluster,-0.5296717625433265,provisional_unverified,0,0.5296717625433265
4975a35d789765b9299480af66d6a5af5166fef074cef80facbac97409b84d07,window_224,18.0,28.0,driving_regime_cluster,-0.5328768576097513,provisional_unverified,0,0.5328768576097513
4975a35d789765b9299480af66d6a5af5166fef074cef80facbac97409b84d07,window_225,20.0,30.0,driving_regime_cluster,-0.5477525341657095,provisional_unverified,0,0.5477525341657095
4975a35d789765b9299480af66d6a5af5166fef074cef80facbac97409b84d07,window_226,22.0,32.0,driving_regime_cluster,-0.6474773088563921,provisional_unverified,0,0.6474773088563921
4975a35d789765b9299480af66d6a5af5166fef074cef80facbac97409b84d07,window_227,24.0,34.0,driving_regime_cluster,-0.7619309953968343,provisional_unverified,0,0.7619309953968343
4975a35d789765b9299480af66d6a5af5166fef074cef80facbac97409b84d07,window_228,26.0,36.0,driving_regime_cluster,-0.6923113476758178,provisional_unverified,0,0.6923113476758178
4975a35d789765b9299480af66d6a5af5166fef074cef80facbac97409b84d07,window_229,28.0,38.0,driving_regime_cluster,-0.7126489731128578,provisional_unverified,0,0.7126489731128578
4975a35d789765b9299480af66d6a5af5166fef074cef80facbac97409b84d07,window_230,30.0,40.0,driving_regime_cluster,-0.7261382550382918,provisional_unverified,0,0.7261382550382918
4975a35d789765b9299480af66d6a5af5166fef074cef80facbac97409b84d07,window_231,32.0,42.0,driving_regime_cluster,-0.7512173042884956,provisional_unverified,0,0.7512173042884956
4975a35d789765b9299480af66d6a5af5166fef074cef80facbac97409b84d07,window_232,34.0,44.0,driving_regime_cluster,-0.7735174355649272,provisional_unverified,0,0.7735174355649272
4975a35d789765b9299480af66d6a5af5166fef074cef80facbac97409b84d07,window_233,36.0,46.0,driving_regime_cluster,-0.7856858818511148,provisional_unverified,0,0.7856858818511148
4975a35d789765b9299480af66d6a5af5166fef074cef80facbac97409b84d07,window_234,38.0,48.0,driving_regime_cluster,-0.7839768117065445,provisional_unverified,0,0.7839768117065445
4975a35d789765b9299480af66d6a5af5166fef074cef80facbac97409b84d07,window_235,40.0,50.0,driving_regime_cluster,-0.7711329589496182,provisional_unverified,0,0.7711329589496182
4975a35d789765b9299480af66d6a5af5166fef074cef80facbac97409b84d07,window_236,42.0,52.0,driving_regime_cluster,-0.77668568162498,provisional_unverified,0,0.77668568162498
4975a35d789765b9299480af66d6a5af5166fef074cef80facbac97409b84d07,window_237,44.0,54.0,driving_regime_cluster,-1.2441649857364787,provisional_unverified,0,1.2441649857364787
4975a35d789765b9299480af66d6a5af5166fef074cef80facbac97409b84d07,window_238,46.0,56.0,driving_regime_cluster,-0.6550207351888515,provisional_unverified,0,0.6550207351888515
4975a35d789765b9299480af66d6a5af5166fef074cef80facbac97409b84d07,window_239,48.0,58.0,driving_regime_cluster,-0.5704416562257812,provisional_unverified,0,0.5704416562257812
4975a35d789765b9299480af66d6a5af5166fef074cef80facbac97409b84d07,window_240,50.0,60.0,driving_regime_cluster,-0.5806749579349951,provisional_unverified,0,0.5806749579349951
4975a35d789765b9299480af66d6a5af5166fef074cef80facbac97409b84d07,window_241,52.0,62.0,driving_regime_cluster,-0.6139458026511672,provisional_unverified,0,0.6139458026511672
4975a35d789765b9299480af66d6a5af5166fef074cef80facbac97409b84d07,window_242,54.0,64.0,driving_regime_cluster,-0.6551652393349123,provisional_unverified,0,0.6551652393349123
4975a35d789765b9299480af66d6a5af5166fef074cef80facbac97409b84d07,window_243,56.0,66.0,driving_regime_cluster,-0.7034446409513387,provisional_unverified,0,0.7034446409513387
4975a35d789765b9299480af66d6a5af5166fef074cef80facbac97409b84d07,window_244,58.0,68.0,driving_regime_cluster,-0.7406219541529585,provisional_unverified,0,0.7406219541529585
4975a35d789765b9299480af66d6a5af5166fef074cef80facbac97409b84d07,window_245,60.0,70.0,driving_regime_cluster,-0.7380272541053821,provisional_unverified,0,0.7380272541053821
4975a35d789765b9299480af66d6a5af5166fef074cef80facbac97409b84d07,window_246,62.0,72.0,driving_regime_cluster,-0.7324341990557316,provisional_unverified,0,0.7324341990557316
4975a35d789765b9299480af66d6a5af5166fef074cef80facbac97409b84d07,window_247,64.0,74.0,driving_regime_cluster,-0.7404643074496899,provisional_unverified,0,0.7404643074496899
4975a35d789765b9299480af66d6a5af5166fef074cef80facbac97409b84d07,window_248,66.0,76.0,driving_regime_cluster,-0.7402887465420868,provisional_unverified,0,0.7402887465420868
4975a35d789765b9299480af66d6a5af5166fef074cef80facbac97409b84d07,window_249,68.0,78.0,driving_regime_cluster,-0.7188401714047508,provisional_unverified,0,0.7188401714047508
4975a35d789765b9299480af66d6a5af5166fef074cef80facbac97409b84d07,window_250,70.0,80.0,driving_regime_cluster,-2.206536728446933,provisional_unverified,0,2.206536728446933
4975a35d789765b9299480af66d6a5af5166fef074cef80facbac97409b84d07,window_251,72.0,82.0,driving_regime_cluster,-3.5416612289190117,provisional_unverified,0,3.5416612289190117
4975a35d789765b9299480af66d6a5af5166fef074cef80facbac97409b84d07,window_252,74.0,84.0,driving_regime_cluster,-4.302737609943746,provisional_unverified,2,4.302737609943746
4975a35d789765b9299480af66d6a5af5166fef074cef80facbac97409b84d07,window_253,76.0,86.0,driving_regime_cluster,-2.8798907190910654,provisional_unverified,2,2.8798907190910654
4975a35d789765b9299480af66d6a5af5166fef074cef80facbac97409b84d07,window_254,78.0,88.0,driving_regime_cluster,-1.8647313229526292,provisional_unverified,2,1.8647313229526292
4975a35d789765b9299480af66d6a5af5166fef074cef80facbac97409b84d07,window_255,80.0,90.0,driving_regime_cluster,-2.0028701776540916,provisional_unverified,2,2.0028701776540916
4975a35d789765b9299480af66d6a5af5166fef074cef80facbac97409b84d07,window_256,82.0,92.0,driving_regime_cluster,-4.723830922289116,provisional_unverified,1,4.723830922289116
4975a35d789765b9299480af66d6a5af5166fef074cef80facbac97409b84d07,window_257,84.0,94.0,driving_regime_cluster,-2.6917915847554488,provisional_unverified,1,2.6917915847554488
4975a35d789765b9299480af66d6a5af5166fef074cef80facbac97409b84d07,window_258,86.0,96.0,driving_regime_cluster,-1.0665643426670908,provisional_unverified,1,1.0665643426670908
4975a35d789765b9299480af66d6a5af5166fef074cef80facbac97409b84d07,window_259,88.0,98.0,driving_regime_cluster,-2.1925972960230093,provisional_unverified,1,2.1925972960230093
4975a35d789765b9299480af66d6a5af5166fef074cef80facbac97409b84d07,window_260,90.0,100.0,driving_regime_cluster,-4.285491396371662,provisional_unverified,2,4.285491396371662
4975a35d789765b9299480af66d6a5af5166fef074cef80facbac97409b84d07,window_261,92.0,102.0,driving_regime_cluster,-4.330256616513562,provisional_unverified,2,4.330256616513562
4975a35d789765b9299480af66d6a5af5166fef074cef80facbac97409b84d07,window_262,94.0,104.0,driving_regime_cluster,-1.797985596401657,provisional_unverified,2,1.797985596401657
4975a35d789765b9299480af66d6a5af5166fef074cef80facbac97409b84d07,window_263,96.0,106.0,driving_regime_cluster,-3.5622273492110197,provisional_unverified,2,3.5622273492110197
4975a35d789765b9299480af66d6a5af5166fef074cef80facbac97409b84d07,window_264,98.0,108.0,driving_regime_cluster,-6.1257456741296865,provisional_unverified,2,6.1257456741296865
4975a35d789765b9299480af66d6a5af5166fef074cef80facbac97409b84d07,window_265,100.0,110.0,driving_regime_cluster,-2.15091647299247,provisional_unverified,2,2.15091647299247
4975a35d789765b9299480af66d6a5af5166fef074cef80facbac97409b84d07,window_266,102.0,112.0,driving_regime_cluster,-2.158972858843969,provisional_unverified,2,2.158972858843969
4975a35d789765b9299480af66d6a5af5166fef074cef80facbac97409b84d07,window_267,104.0,114.0,driving_regime_cluster,-3.0393438998226383,provisional_unverified,2,3.0393438998226383
4975a35d789765b9299480af66d6a5af5166fef074cef80facbac97409b84d07,window_268,106.0,116.0,driving_regime_cluster,-4.635006031932825,provisional_unverified,2,4.635006031932825
4975a35d789765b9299480af66d6a5af5166fef074cef80facbac97409b84d07,window_269,108.0,118.0,driving_regime_cluster,-3.8997806141106413,provisional_unverified,2,3.8997806141106413
4975a35d789765b9299480af66d6a5af5166fef074cef80facbac97409b84d07,window_270,110.0,120.0,driving_regime_cluster,-2.4355331010670342,provisional_unverified,2,2.4355331010670342
4975a35d789765b9299480af66d6a5af5166fef074cef80facbac97409b84d07,window_271,112.0,122.0,driving_regime_cluster,-4.791187402307993,provisional_unverified,2,4.791187402307993
4975a35d789765b9299480af66d6a5af5166fef074cef80facbac97409b84d07,window_272,114.0,124.0,driving_regime_cluster,-2.562582087175688,provisional_unverified,2,2.562582087175688
4975a35d789765b9299480af66d6a5af5166fef074cef80facbac97409b84d07,window_273,116.0,126.0,driving_regime_cluster,-2.607825028073473,provisional_unverified,2,2.607825028073473
4975a35d789765b9299480af66d6a5af5166fef074cef80facbac97409b84d07,window_274,118.0,128.0,driving_regime_cluster,-2.7126138804317304,provisional_unverified,2,2.7126138804317304
4975a35d789765b9299480af66d6a5af5166fef074cef80facbac97409b84d07,window_275,120.0,130.0,driving_regime_cluster,-2.7091750012760336,provisional_unverified,2,2.7091750012760336
4975a35d789765b9299480af66d6a5af5166fef074cef80facbac97409b84d07,window_276,122.0,132.0,driving_regime_cluster,-2.6904029649539654,provisional_unverified,2,2.6904029649539654
4975a35d789765b9299480af66d6a5af5166fef074cef80facbac97409b84d07,window_277,124.0,134.0,driving_regime_cluster,-4.845015004876613,provisional_unverified,2,4.845015004876613
4975a35d789765b9299480af66d6a5af5166fef074cef80facbac97409b84d07,window_278,126.0,136.0,driving_regime_cluster,-2.8310395317542527,provisional_unverified,2,2.8310395317542527
4975a35d789765b9299480af66d6a5af5166fef074cef80facbac97409b84d07,window_279,128.0,138.0,driving_regime_cluster,-3.0704267500763494,provisional_unverified,1,3.0704267500763494
4975a35d789765b9299480af66d6a5af5166fef074cef80facbac97409b84d07,window_280,130.0,140.0,driving_regime_cluster,-2.873508720456881,provisional_unverified,1,2.873508720456881
4975a35d789765b9299480af66d6a5af5166fef074cef80facbac97409b84d07,window_281,132.0,142.0,driving_regime_cluster,-4.633235011947275,provisional_unverified,1,4.633235011947275
4975a35d789765b9299480af66d6a5af5166fef074cef80facbac97409b84d07,window_282,134.0,144.0,driving_regime_cluster,-1.6305421470953254,provisional_unverified,1,1.6305421470953254
4975a35d789765b9299480af66d6a5af5166fef074cef80facbac97409b84d07,window_283,136.0,146.0,driving_regime_cluster,-4.8013314952566315,provisional_unverified,2,4.8013314952566315
4975a35d789765b9299480af66d6a5af5166fef074cef80facbac97409b84d07,window_284,138.0,148.0,driving_regime_cluster,-2.8644164372364838,provisional_unverified,2,2.8644164372364838
4975a35d789765b9299480af66d6a5af5166fef074cef80facbac97409b84d07,window_285,140.0,150.0,driving_regime_cluster,-1.7627575694640383,provisional_unverified,2,1.7627575694640383
4975a35d789765b9299480af66d6a5af5166fef074cef80facbac97409b84d07,window_286,142.0,152.0,driving_regime_cluster,-2.703869789939955,provisional_unverified,2,2.703869789939955
4975a35d789765b9299480af66d6a5af5166fef074cef80facbac97409b84d07,window_287,144.0,154.0,driving_regime_cluster,-5.371874286900229,provisional_unverified,2,5.371874286900229
4975a35d789765b9299480af66d6a5af5166fef074cef80facbac97409b84d07,window_288,146.0,156.0,driving_regime_cluster,-5.725618441172606,provisional_unverified,1,5.725618441172606
4975a35d789765b9299480af66d6a5af5166fef074cef80facbac97409b84d07,window_289,148.0,158.0,driving_regime_cluster,-5.106049082819484,provisional_unverified,1,5.106049082819484
4975a35d789765b9299480af66d6a5af5166fef074cef80facbac97409b84d07,window_290,150.0,160.0,driving_regime_cluster,-5.656035032271499,provisional_unverified,1,5.656035032271499
4975a35d789765b9299480af66d6a5af5166fef074cef80facbac97409b84d07,window_291,152.0,162.0,driving_regime_cluster,-4.721170277288999,provisional_unverified,0,4.721170277288999
4975a35d789765b9299480af66d6a5af5166fef074cef80facbac97409b84d07,window_292,154.0,164.0,driving_regime_cluster,-1.5754726266108328,provisional_unverified,0,1.5754726266108328
4975a35d789765b9299480af66d6a5af5166fef074cef80facbac97409b84d07,window_293,156.0,166.0,driving_regime_cluster,-1.8696972323506151,provisional_unverified,0,1.8696972323506151
4975a35d789765b9299480af66d6a5af5166fef074cef80facbac97409b84d07,window_294,158.0,168.0,driving_regime_cluster,-2.8730464234767563,provisional_unverified,0,2.8730464234767563
4975a35d789765b9299480af66d6a5af5166fef074cef80facbac97409b84d07,window_295,160.0,170.0,driving_regime_cluster,-3.1055108598904195,provisional_unverified,0,3.1055108598904195
4975a35d789765b9299480af66d6a5af5166fef074cef80facbac97409b84d07,window_296,162.0,172.0,driving_regime_cluster,-3.6731969055100415,provisional_unverified,0,3.6731969055100415
4975a35d789765b9299480af66d6a5af5166fef074cef80facbac97409b84d07,window_297,164.0,174.0,driving_regime_cluster,-4.157676157860239,provisional_unverified,0,4.157676157860239
4975a35d789765b9299480af66d6a5af5166fef074cef80facbac97409b84d07,window_298,166.0,176.0,driving_regime_cluster,-2.2733219517303755,provisional_unverified,0,2.2733219517303755
4975a35d789765b9299480af66d6a5af5166fef074cef80facbac97409b84d07,window_299,168.0,178.0,driving_regime_cluster,-1.163829373681625,provisional_unverified,0,1.163829373681625
4975a35d789765b9299480af66d6a5af5166fef074cef80facbac97409b84d07,window_300,170.0,180.0,driving_regime_cluster,-1.0315628944393587,provisional_unverified,0,1.0315628944393587
4975a35d789765b9299480af66d6a5af5166fef074cef80facbac97409b84d07,window_301,172.0,182.0,driving_regime_cluster,-1.0320107971960393,provisional_unverified,0,1.0320107971960393
4975a35d789765b9299480af66d6a5af5166fef074cef80facbac97409b84d07,window_302,174.0,184.0,driving_regime_cluster,-1.0123588184196315,provisional_unverified,0,1.0123588184196315
4975a35d789765b9299480af66d6a5af5166fef074cef80facbac97409b84d07,window_303,176.0,186.0,driving_regime_cluster,-1.016582052633415,provisional_unverified,0,1.016582052633415
4975a35d789765b9299480af66d6a5af5166fef074cef80facbac97409b84d07,window_304,178.0,188.0,driving_regime_cluster,-0.9985493656614961,provisional_unverified,0,0.9985493656614961
4975a35d789765b9299480af66d6a5af5166fef074cef80facbac97409b84d07,window_305,180.0,190.0,driving_regime_cluster,-1.0429772766065528,provisional_unverified,0,1.0429772766065528
4975a35d789765b9299480af66d6a5af5166fef074cef80facbac97409b84d07,window_306,182.0,192.0,driving_regime_cluster,-1.197624582595112,provisional_unverified,0,1.197624582595112
4975a35d789765b9299480af66d6a5af5166fef074cef80facbac97409b84d07,window_307,184.0,194.0,driving_regime_cluster,-1.400146723312733,provisional_unverified,0,1.400146723312733
4975a35d789765b9299480af66d6a5af5166fef074cef80facbac97409b84d07,window_308,186.0,196.0,driving_regime_cluster,-1.9125179635195302,provisional_unverified,0,1.9125179635195302
4975a35d789765b9299480af66d6a5af5166fef074cef80facbac97409b84d07,window_309,188.0,198.0,driving_regime_cluster,-2.168460068509778,provisional_unverified,0,2.168460068509778
4975a35d789765b9299480af66d6a5af5166fef074cef80facbac97409b84d07,window_310,190.0,200.0,driving_regime_cluster,-2.1662409137175684,provisional_unverified,0,2.1662409137175684
4975a35d789765b9299480af66d6a5af5166fef074cef80facbac97409b84d07,window_311,192.0,202.0,driving_regime_cluster,-2.0055754908775723,provisional_unverified,0,2.0055754908775723
4975a35d789765b9299480af66d6a5af5166fef074cef80facbac97409b84d07,window_312,194.0,204.0,driving_regime_cluster,-1.7532154564370503,provisional_unverified,0,1.7532154564370503
4975a35d789765b9299480af66d6a5af5166fef074cef80facbac97409b84d07,window_313,196.0,206.0,driving_regime_cluster,-1.1772573777536202,provisional_unverified,0,1.1772573777536202
4975a35d789765b9299480af66d6a5af5166fef074cef80facbac97409b84d07,window_314,198.0,208.0,driving_regime_cluster,-0.9666166873641948,provisional_unverified,0,0.9666166873641948
4975a35d789765b9299480af66d6a5af5166fef074cef80facbac97409b84d07,window_315,200.0,210.0,driving_regime_cluster,-0.9014186267303728,provisional_unverified,0,0.9014186267303728
5790cd1534b1de5ac4693367fe5d8ca6951cd36a7abcd3c778cee8923a932a75,window_316,0.0,10.0,driving_regime_cluster,-0.7608304239885536,provisional_unverified,0,0.7608304239885536
5790cd1534b1de5ac4693367fe5d8ca6951cd36a7abcd3c778cee8923a932a75,window_317,2.0,12.0,driving_regime_cluster,-0.7712141395774096,provisional_unverified,0,0.7712141395774096
5790cd1534b1de5ac4693367fe5d8ca6951cd36a7abcd3c778cee8923a932a75,window_318,4.0,14.0,driving_regime_cluster,-0.7662686985067372,provisional_unverified,0,0.7662686985067372
5790cd1534b1de5ac4693367fe5d8ca6951cd36a7abcd3c778cee8923a932a75,window_319,6.0,16.0,driving_regime_cluster,-0.510196858174214,provisional_unverified,0,0.510196858174214
5790cd1534b1de5ac4693367fe5d8ca6951cd36a7abcd3c778cee8923a932a75,window_320,8.0,18.0,driving_regime_cluster,-0.5074347011598327,provisional_unverified,0,0.5074347011598327
5790cd1534b1de5ac4693367fe5d8ca6951cd36a7abcd3c778cee8923a932a75,window_321,10.0,20.0,driving_regime_cluster,-0.5847377741019155,provisional_unverified,0,0.5847377741019155
5790cd1534b1de5ac4693367fe5d8ca6951cd36a7abcd3c778cee8923a932a75,window_322,12.0,22.0,driving_regime_cluster,-0.6408471187345148,provisional_unverified,0,0.6408471187345148
5790cd1534b1de5ac4693367fe5d8ca6951cd36a7abcd3c778cee8923a932a75,window_323,14.0,24.0,driving_regime_cluster,-0.6684977765584303,provisional_unverified,0,0.6684977765584303
5790cd1534b1de5ac4693367fe5d8ca6951cd36a7abcd3c778cee8923a932a75,window_324,16.0,26.0,driving_regime_cluster,-0.6531671357600409,provisional_unverified,0,0.6531671357600409
5c12d7b5eff374be805bae6c5e2906f6c02b6bc3ad6ba70d3674bafd4f16fc15,window_325,0.0,10.0,driving_regime_cluster,-0.9835930796705791,provisional_unverified,0,0.9835930796705791
5c12d7b5eff374be805bae6c5e2906f6c02b6bc3ad6ba70d3674bafd4f16fc15,window_326,2.0,12.0,driving_regime_cluster,-0.9715630570451512,provisional_unverified,0,0.9715630570451512
5c12d7b5eff374be805bae6c5e2906f6c02b6bc3ad6ba70d3674bafd4f16fc15,window_327,4.0,14.0,driving_regime_cluster,-0.979123716092652,provisional_unverified,0,0.979123716092652
5c12d7b5eff374be805bae6c5e2906f6c02b6bc3ad6ba70d3674bafd4f16fc15,window_328,6.0,16.0,driving_regime_cluster,-0.9847827000098399,provisional_unverified,0,0.9847827000098399
5c12d7b5eff374be805bae6c5e2906f6c02b6bc3ad6ba70d3674bafd4f16fc15,window_329,8.0,18.0,driving_regime_cluster,-1.0523968903927359,provisional_unverified,0,1.0523968903927359
5c12d7b5eff374be805bae6c5e2906f6c02b6bc3ad6ba70d3674bafd4f16fc15,window_330,10.0,20.0,driving_regime_cluster,-1.2328850991617264,provisional_unverified,0,1.2328850991617264
5c12d7b5eff374be805bae6c5e2906f6c02b6bc3ad6ba70d3674bafd4f16fc15,window_331,12.0,22.0,driving_regime_cluster,-1.2946775427135382,provisional_unverified,0,1.2946775427135382
5c12d7b5eff374be805bae6c5e2906f6c02b6bc3ad6ba70d3674bafd4f16fc15,window_332,14.0,24.0,driving_regime_cluster,-2.104369108629749,provisional_unverified,0,2.104369108629749
5c12d7b5eff374be805bae6c5e2906f6c02b6bc3ad6ba70d3674bafd4f16fc15,window_333,16.0,26.0,driving_regime_cluster,-2.440169947699079,provisional_unverified,0,2.440169947699079
5c12d7b5eff374be805bae6c5e2906f6c02b6bc3ad6ba70d3674bafd4f16fc15,window_334,18.0,28.0,driving_regime_cluster,-2.4236332049717113,provisional_unverified,0,2.4236332049717113
5c12d7b5eff374be805bae6c5e2906f6c02b6bc3ad6ba70d3674bafd4f16fc15,window_335,20.0,30.0,driving_regime_cluster,-2.1159210041638596,provisional_unverified,0,2.1159210041638596
5c12d7b5eff374be805bae6c5e2906f6c02b6bc3ad6ba70d3674bafd4f16fc15,window_336,22.0,32.0,driving_regime_cluster,-1.7276464875562658,provisional_unverified,0,1.7276464875562658
5c12d7b5eff374be805bae6c5e2906f6c02b6bc3ad6ba70d3674bafd4f16fc15,window_337,24.0,34.0,driving_regime_cluster,-0.6780439418024675,provisional_unverified,0,0.6780439418024675
5c12d7b5eff374be805bae6c5e2906f6c02b6bc3ad6ba70d3674bafd4f16fc15,window_338,26.0,36.0,driving_regime_cluster,-0.6461545322670064,provisional_unverified,0,0.6461545322670064
5c12d7b5eff374be805bae6c5e2906f6c02b6bc3ad6ba70d3674bafd4f16fc15,window_339,28.0,38.0,driving_regime_cluster,-0.8120561899113714,provisional_unverified,0,0.8120561899113714
5c12d7b5eff374be805bae6c5e2906f6c02b6bc3ad6ba70d3674bafd4f16fc15,window_340,30.0,40.0,driving_regime_cluster,-0.8717955834633816,provisional_unverified,0,0.8717955834633816
5c12d7b5eff374be805bae6c5e2906f6c02b6bc3ad6ba70d3674bafd4f16fc15,window_341,32.0,42.0,driving_regime_cluster,-0.6393558150744743,provisional_unverified,0,0.6393558150744743
5c12d7b5eff374be805bae6c5e2906f6c02b6bc3ad6ba70d3674bafd4f16fc15,window_342,34.0,44.0,driving_regime_cluster,-0.6419846090057822,provisional_unverified,0,0.6419846090057822
5c12d7b5eff374be805bae6c5e2906f6c02b6bc3ad6ba70d3674bafd4f16fc15,window_343,36.0,46.0,driving_regime_cluster,-0.5592543096187857,provisional_unverified,0,0.5592543096187857
5c12d7b5eff374be805bae6c5e2906f6c02b6bc3ad6ba70d3674bafd4f16fc15,window_344,38.0,48.0,driving_regime_cluster,-0.8564058420780365,provisional_unverified,0,0.8564058420780365
5c12d7b5eff374be805bae6c5e2906f6c02b6bc3ad6ba70d3674bafd4f16fc15,window_345,40.0,50.0,driving_regime_cluster,-0.8915746774701936,provisional_unverified,0,0.8915746774701936
5c12d7b5eff374be805bae6c5e2906f6c02b6bc3ad6ba70d3674bafd4f16fc15,window_346,42.0,52.0,driving_regime_cluster,-0.8814350728332482,provisional_unverified,0,0.8814350728332482
5c12d7b5eff374be805bae6c5e2906f6c02b6bc3ad6ba70d3674bafd4f16fc15,window_347,44.0,54.0,driving_regime_cluster,-1.1029711499599595,provisional_unverified,0,1.1029711499599595
5c12d7b5eff374be805bae6c5e2906f6c02b6bc3ad6ba70d3674bafd4f16fc15,window_348,46.0,56.0,driving_regime_cluster,-0.7583142009497291,provisional_unverified,0,0.7583142009497291
5c12d7b5eff374be805bae6c5e2906f6c02b6bc3ad6ba70d3674bafd4f16fc15,window_349,48.0,58.0,driving_regime_cluster,-0.7759748466264859,provisional_unverified,0,0.7759748466264859
5c12d7b5eff374be805bae6c5e2906f6c02b6bc3ad6ba70d3674bafd4f16fc15,window_350,50.0,60.0,driving_regime_cluster,-0.8355070001065521,provisional_unverified,0,0.8355070001065521
5c12d7b5eff374be805bae6c5e2906f6c02b6bc3ad6ba70d3674bafd4f16fc15,window_351,52.0,62.0,driving_regime_cluster,-0.8789810477553843,provisional_unverified,0,0.8789810477553843
5c12d7b5eff374be805bae6c5e2906f6c02b6bc3ad6ba70d3674bafd4f16fc15,window_352,54.0,64.0,driving_regime_cluster,-0.8815392179203574,provisional_unverified,0,0.8815392179203574
5c12d7b5eff374be805bae6c5e2906f6c02b6bc3ad6ba70d3674bafd4f16fc15,window_353,56.0,66.0,driving_regime_cluster,-0.9266384206904632,provisional_unverified,0,0.9266384206904632
5c12d7b5eff374be805bae6c5e2906f6c02b6bc3ad6ba70d3674bafd4f16fc15,window_354,58.0,68.0,driving_regime_cluster,-0.9441693944061762,provisional_unverified,0,0.9441693944061762
5c12d7b5eff374be805bae6c5e2906f6c02b6bc3ad6ba70d3674bafd4f16fc15,window_355,60.0,70.0,driving_regime_cluster,-0.9685997333781894,provisional_unverified,0,0.9685997333781894
5c12d7b5eff374be805bae6c5e2906f6c02b6bc3ad6ba70d3674bafd4f16fc15,window_356,62.0,72.0,driving_regime_cluster,-0.9145778933564865,provisional_unverified,0,0.9145778933564865
5c12d7b5eff374be805bae6c5e2906f6c02b6bc3ad6ba70d3674bafd4f16fc15,window_357,64.0,74.0,driving_regime_cluster,-0.8377978175939195,provisional_unverified,0,0.8377978175939195
5c12d7b5eff374be805bae6c5e2906f6c02b6bc3ad6ba70d3674bafd4f16fc15,window_358,66.0,76.0,driving_regime_cluster,-0.895538520010686,provisional_unverified,0,0.895538520010686
5c12d7b5eff374be805bae6c5e2906f6c02b6bc3ad6ba70d3674bafd4f16fc15,window_359,68.0,78.0,driving_regime_cluster,-0.9828967539674267,provisional_unverified,0,0.9828967539674267
5c12d7b5eff374be805bae6c5e2906f6c02b6bc3ad6ba70d3674bafd4f16fc15,window_360,70.0,80.0,driving_regime_cluster,-1.0802275686121352,provisional_unverified,0,1.0802275686121352
5c12d7b5eff374be805bae6c5e2906f6c02b6bc3ad6ba70d3674bafd4f16fc15,window_361,72.0,82.0,driving_regime_cluster,-1.0589397083381287,provisional_unverified,0,1.0589397083381287
5c12d7b5eff374be805bae6c5e2906f6c02b6bc3ad6ba70d3674bafd4f16fc15,window_362,74.0,84.0,driving_regime_cluster,-0.9816895314305599,provisional_unverified,0,0.9816895314305599
5c12d7b5eff374be805bae6c5e2906f6c02b6bc3ad6ba70d3674bafd4f16fc15,window_363,76.0,86.0,driving_regime_cluster,-0.9303491005862994,provisional_unverified,0,0.9303491005862994
5c12d7b5eff374be805bae6c5e2906f6c02b6bc3ad6ba70d3674bafd4f16fc15,window_364,78.0,88.0,driving_regime_cluster,-0.9708239762926413,provisional_unverified,0,0.9708239762926413
5c12d7b5eff374be805bae6c5e2906f6c02b6bc3ad6ba70d3674bafd4f16fc15,window_365,80.0,90.0,driving_regime_cluster,-1.1840642561209456,provisional_unverified,0,1.1840642561209456
5c8af6b8a89a449144e0ddf74414040b433d630e1fd3d3ddc138ec3c4284d97b,window_366,0.0,10.0,driving_regime_cluster,-0.9131576228978381,provisional_unverified,0,0.9131576228978381
5c8af6b8a89a449144e0ddf74414040b433d630e1fd3d3ddc138ec3c4284d97b,window_367,2.0,12.0,driving_regime_cluster,-0.9541203593061712,provisional_unverified,0,0.9541203593061712
5c8af6b8a89a449144e0ddf74414040b433d630e1fd3d3ddc138ec3c4284d97b,window_368,4.0,14.0,driving_regime_cluster,-0.9541108083257498,provisional_unverified,0,0.9541108083257498
5c8af6b8a89a449144e0ddf74414040b433d630e1fd3d3ddc138ec3c4284d97b,window_369,6.0,16.0,driving_regime_cluster,-1.002028967724574,provisional_unverified,0,1.002028967724574
5c8af6b8a89a449144e0ddf74414040b433d630e1fd3d3ddc138ec3c4284d97b,window_370,8.0,18.0,driving_regime_cluster,-0.9305812352798633,provisional_unverified,0,0.9305812352798633
5c8af6b8a89a449144e0ddf74414040b433d630e1fd3d3ddc138ec3c4284d97b,window_371,10.0,20.0,driving_regime_cluster,-1.1686413072910515,provisional_unverified,0,1.1686413072910515
5c8af6b8a89a449144e0ddf74414040b433d630e1fd3d3ddc138ec3c4284d97b,window_372,12.0,22.0,driving_regime_cluster,-1.8753452488226545,provisional_unverified,0,1.8753452488226545
5c8af6b8a89a449144e0ddf74414040b433d630e1fd3d3ddc138ec3c4284d97b,window_373,14.0,24.0,driving_regime_cluster,-1.945540980307676,provisional_unverified,0,1.945540980307676
5c8af6b8a89a449144e0ddf74414040b433d630e1fd3d3ddc138ec3c4284d97b,window_374,16.0,26.0,driving_regime_cluster,-1.8841857349446722,provisional_unverified,0,1.8841857349446722
5c8af6b8a89a449144e0ddf74414040b433d630e1fd3d3ddc138ec3c4284d97b,window_375,18.0,28.0,driving_regime_cluster,-2.105490856502402,provisional_unverified,0,2.105490856502402
5c8af6b8a89a449144e0ddf74414040b433d630e1fd3d3ddc138ec3c4284d97b,window_376,20.0,30.0,driving_regime_cluster,-2.5139856061048063,provisional_unverified,0,2.5139856061048063
5c8af6b8a89a449144e0ddf74414040b433d630e1fd3d3ddc138ec3c4284d97b,window_377,22.0,32.0,driving_regime_cluster,-2.1031415756935097,provisional_unverified,0,2.1031415756935097
5c8af6b8a89a449144e0ddf74414040b433d630e1fd3d3ddc138ec3c4284d97b,window_378,24.0,34.0,driving_regime_cluster,-2.2814873201018906,provisional_unverified,0,2.2814873201018906
6732a35a8f6343dcf041f1a3ad40d6760331513a2556c4fae4eea6cd59da89b2,window_379,0.0,10.0,driving_regime_cluster,-1.146314073685315,provisional_unverified,0,1.146314073685315
6732a35a8f6343dcf041f1a3ad40d6760331513a2556c4fae4eea6cd59da89b2,window_380,2.0,12.0,driving_regime_cluster,-0.9675909489635558,provisional_unverified,0,0.9675909489635558
6732a35a8f6343dcf041f1a3ad40d6760331513a2556c4fae4eea6cd59da89b2,window_381,4.0,14.0,driving_regime_cluster,-1.007647346179323,provisional_unverified,0,1.007647346179323
6732a35a8f6343dcf041f1a3ad40d6760331513a2556c4fae4eea6cd59da89b2,window_382,6.0,16.0,driving_regime_cluster,-1.0598652569246523,provisional_unverified,0,1.0598652569246523
6732a35a8f6343dcf041f1a3ad40d6760331513a2556c4fae4eea6cd59da89b2,window_383,8.0,18.0,driving_regime_cluster,-1.09933702434265,provisional_unverified,0,1.09933702434265
6732a35a8f6343dcf041f1a3ad40d6760331513a2556c4fae4eea6cd59da89b2,window_384,10.0,20.0,driving_regime_cluster,-1.0927046308281247,provisional_unverified,0,1.0927046308281247
6732a35a8f6343dcf041f1a3ad40d6760331513a2556c4fae4eea6cd59da89b2,window_385,12.0,22.0,driving_regime_cluster,-0.9601030350625536,provisional_unverified,0,0.9601030350625536
7208a43e77536a72e401c00f01a793130fb6688d28fb8080941e14cc5752b0ca,window_386,0.0,10.0,driving_regime_cluster,-0.6319636027929458,provisional_unverified,0,0.6319636027929458
73093667f33a7f710fc20059989a002071359119e1e9c0a4128b67729755da33,window_387,0.0,10.0,driving_regime_cluster,-0.5897694083762896,provisional_unverified,0,0.5897694083762896
8f799d59c9b5348ece1e5671692ea783d6d5e450ccebe31b6db9ad4f9510f8c5,window_388,0.0,10.0,driving_regime_cluster,-2.6393738198643955,provisional_unverified,2,2.6393738198643955
8f799d59c9b5348ece1e5671692ea783d6d5e450ccebe31b6db9ad4f9510f8c5,window_389,2.0,12.0,driving_regime_cluster,-1.7160796288210571,provisional_unverified,2,1.7160796288210571
8f799d59c9b5348ece1e5671692ea783d6d5e450ccebe31b6db9ad4f9510f8c5,window_390,4.0,14.0,driving_regime_cluster,-4.529310630935062,provisional_unverified,2,4.529310630935062
8f799d59c9b5348ece1e5671692ea783d6d5e450ccebe31b6db9ad4f9510f8c5,window_391,6.0,16.0,driving_regime_cluster,-2.052411755338762,provisional_unverified,1,2.052411755338762
8f799d59c9b5348ece1e5671692ea783d6d5e450ccebe31b6db9ad4f9510f8c5,window_392,8.0,18.0,driving_regime_cluster,-3.9939267358148705,provisional_unverified,1,3.9939267358148705
8f799d59c9b5348ece1e5671692ea783d6d5e450ccebe31b6db9ad4f9510f8c5,window_393,10.0,20.0,driving_regime_cluster,-2.3203714811955938,provisional_unverified,1,2.3203714811955938
8f799d59c9b5348ece1e5671692ea783d6d5e450ccebe31b6db9ad4f9510f8c5,window_394,12.0,22.0,driving_regime_cluster,-2.552329958910902,provisional_unverified,1,2.552329958910902
8f799d59c9b5348ece1e5671692ea783d6d5e450ccebe31b6db9ad4f9510f8c5,window_395,14.0,24.0,driving_regime_cluster,-3.708362046148142,provisional_unverified,2,3.708362046148142
8f799d59c9b5348ece1e5671692ea783d6d5e450ccebe31b6db9ad4f9510f8c5,window_396,16.0,26.0,driving_regime_cluster,-4.168787501664831,provisional_unverified,2,4.168787501664831
8f799d59c9b5348ece1e5671692ea783d6d5e450ccebe31b6db9ad4f9510f8c5,window_397,18.0,28.0,driving_regime_cluster,-1.5223215060854514,provisional_unverified,2,1.5223215060854514
8f799d59c9b5348ece1e5671692ea783d6d5e450ccebe31b6db9ad4f9510f8c5,window_398,20.0,30.0,driving_regime_cluster,-3.248787839546479,provisional_unverified,2,3.248787839546479
8f799d59c9b5348ece1e5671692ea783d6d5e450ccebe31b6db9ad4f9510f8c5,window_399,22.0,32.0,driving_regime_cluster,-5.567335056057431,provisional_unverified,2,5.567335056057431
8f799d59c9b5348ece1e5671692ea783d6d5e450ccebe31b6db9ad4f9510f8c5,window_400,24.0,34.0,driving_regime_cluster,-2.3715047591685057,provisional_unverified,2,2.3715047591685057
8f799d59c9b5348ece1e5671692ea783d6d5e450ccebe31b6db9ad4f9510f8c5,window_401,26.0,36.0,driving_regime_cluster,-2.1239974673723983,provisional_unverified,2,2.1239974673723983
8f799d59c9b5348ece1e5671692ea783d6d5e450ccebe31b6db9ad4f9510f8c5,window_402,28.0,38.0,driving_regime_cluster,-2.666012942728816,provisional_unverified,2,2.666012942728816
8f799d59c9b5348ece1e5671692ea783d6d5e450ccebe31b6db9ad4f9510f8c5,window_403,30.0,40.0,driving_regime_cluster,-4.600251893898281,provisional_unverified,2,4.600251893898281
8f799d59c9b5348ece1e5671692ea783d6d5e450ccebe31b6db9ad4f9510f8c5,window_404,32.0,42.0,driving_regime_cluster,-3.278691282514145,provisional_unverified,2,3.278691282514145
8f799d59c9b5348ece1e5671692ea783d6d5e450ccebe31b6db9ad4f9510f8c5,window_405,34.0,44.0,driving_regime_cluster,-2.9427418242128813,provisional_unverified,2,2.9427418242128813
8f799d59c9b5348ece1e5671692ea783d6d5e450ccebe31b6db9ad4f9510f8c5,window_406,36.0,46.0,driving_regime_cluster,-3.7976621050642563,provisional_unverified,2,3.7976621050642563
8f799d59c9b5348ece1e5671692ea783d6d5e450ccebe31b6db9ad4f9510f8c5,window_407,38.0,48.0,driving_regime_cluster,-2.813870254608899,provisional_unverified,2,2.813870254608899
8f799d59c9b5348ece1e5671692ea783d6d5e450ccebe31b6db9ad4f9510f8c5,window_408,40.0,50.0,driving_regime_cluster,-2.5931380285272168,provisional_unverified,2,2.5931380285272168
8f799d59c9b5348ece1e5671692ea783d6d5e450ccebe31b6db9ad4f9510f8c5,window_409,42.0,52.0,driving_regime_cluster,-2.482881164316356,provisional_unverified,2,2.482881164316356
8f799d59c9b5348ece1e5671692ea783d6d5e450ccebe31b6db9ad4f9510f8c5,window_410,44.0,54.0,driving_regime_cluster,-2.5437206902877376,provisional_unverified,2,2.5437206902877376
8f799d59c9b5348ece1e5671692ea783d6d5e450ccebe31b6db9ad4f9510f8c5,window_411,46.0,56.0,driving_regime_cluster,-4.369826979131028,provisional_unverified,2,4.369826979131028
8f799d59c9b5348ece1e5671692ea783d6d5e450ccebe31b6db9ad4f9510f8c5,window_412,48.0,58.0,driving_regime_cluster,-3.4041094352799175,provisional_unverified,2,3.4041094352799175
8f799d59c9b5348ece1e5671692ea783d6d5e450ccebe31b6db9ad4f9510f8c5,window_413,50.0,60.0,driving_regime_cluster,-5.038263036040539,provisional_unverified,2,5.038263036040539
8f799d59c9b5348ece1e5671692ea783d6d5e450ccebe31b6db9ad4f9510f8c5,window_414,52.0,62.0,driving_regime_cluster,-2.86654267364157,provisional_unverified,1,2.86654267364157
8f799d59c9b5348ece1e5671692ea783d6d5e450ccebe31b6db9ad4f9510f8c5,window_415,54.0,64.0,driving_regime_cluster,-4.348256534081232,provisional_unverified,1,4.348256534081232
8f799d59c9b5348ece1e5671692ea783d6d5e450ccebe31b6db9ad4f9510f8c5,window_416,56.0,66.0,driving_regime_cluster,-4.443849034578092,provisional_unverified,1,4.443849034578092
8f799d59c9b5348ece1e5671692ea783d6d5e450ccebe31b6db9ad4f9510f8c5,window_417,58.0,68.0,driving_regime_cluster,-3.5756304070378,provisional_unverified,1,3.5756304070378
8f799d59c9b5348ece1e5671692ea783d6d5e450ccebe31b6db9ad4f9510f8c5,window_418,60.0,70.0,driving_regime_cluster,-1.919423940847641,provisional_unverified,2,1.919423940847641
8f799d59c9b5348ece1e5671692ea783d6d5e450ccebe31b6db9ad4f9510f8c5,window_419,62.0,72.0,driving_regime_cluster,-3.2967679496592024,provisional_unverified,2,3.2967679496592024
8f799d59c9b5348ece1e5671692ea783d6d5e450ccebe31b6db9ad4f9510f8c5,window_420,64.0,74.0,driving_regime_cluster,-2.1379995718801257,provisional_unverified,2,2.1379995718801257
8f799d59c9b5348ece1e5671692ea783d6d5e450ccebe31b6db9ad4f9510f8c5,window_421,66.0,76.0,driving_regime_cluster,-3.038989003746173,provisional_unverified,2,3.038989003746173
8f799d59c9b5348ece1e5671692ea783d6d5e450ccebe31b6db9ad4f9510f8c5,window_422,68.0,78.0,driving_regime_cluster,-4.246562539961943,provisional_unverified,2,4.246562539961943
8f799d59c9b5348ece1e5671692ea783d6d5e450ccebe31b6db9ad4f9510f8c5,window_423,70.0,80.0,driving_regime_cluster,-4.361293273999955,provisional_unverified,0,4.361293273999955
8f799d59c9b5348ece1e5671692ea783d6d5e450ccebe31b6db9ad4f9510f8c5,window_424,72.0,82.0,driving_regime_cluster,-3.4804270636105312,provisional_unverified,0,3.4804270636105312
8f799d59c9b5348ece1e5671692ea783d6d5e450ccebe31b6db9ad4f9510f8c5,window_425,74.0,84.0,driving_regime_cluster,-2.3752449014706802,provisional_unverified,0,2.3752449014706802
8f799d59c9b5348ece1e5671692ea783d6d5e450ccebe31b6db9ad4f9510f8c5,window_426,76.0,86.0,driving_regime_cluster,-2.3915432203780953,provisional_unverified,0,2.3915432203780953
8f799d59c9b5348ece1e5671692ea783d6d5e450ccebe31b6db9ad4f9510f8c5,window_427,78.0,88.0,driving_regime_cluster,-2.1549697825610346,provisional_unverified,0,2.1549697825610346
8f799d59c9b5348ece1e5671692ea783d6d5e450ccebe31b6db9ad4f9510f8c5,window_428,80.0,90.0,driving_regime_cluster,-1.3108691147814695,provisional_unverified,0,1.3108691147814695
8f799d59c9b5348ece1e5671692ea783d6d5e450ccebe31b6db9ad4f9510f8c5,window_429,82.0,92.0,driving_regime_cluster,-1.0430851276210384,provisional_unverified,0,1.0430851276210384
8f799d59c9b5348ece1e5671692ea783d6d5e450ccebe31b6db9ad4f9510f8c5,window_430,84.0,94.0,driving_regime_cluster,-1.0925264755223587,provisional_unverified,0,1.0925264755223587
8f799d59c9b5348ece1e5671692ea783d6d5e450ccebe31b6db9ad4f9510f8c5,window_431,86.0,96.0,driving_regime_cluster,-1.269613669944949,provisional_unverified,0,1.269613669944949
8f799d59c9b5348ece1e5671692ea783d6d5e450ccebe31b6db9ad4f9510f8c5,window_432,88.0,98.0,driving_regime_cluster,-1.0460562855214595,provisional_unverified,0,1.0460562855214595
8f799d59c9b5348ece1e5671692ea783d6d5e450ccebe31b6db9ad4f9510f8c5,window_433,90.0,100.0,driving_regime_cluster,-0.9844775776203011,provisional_unverified,0,0.9844775776203011
8f799d59c9b5348ece1e5671692ea783d6d5e450ccebe31b6db9ad4f9510f8c5,window_434,92.0,102.0,driving_regime_cluster,-1.08231382095958,provisional_unverified,0,1.08231382095958
8f799d59c9b5348ece1e5671692ea783d6d5e450ccebe31b6db9ad4f9510f8c5,window_435,94.0,104.0,driving_regime_cluster,-1.13347185523406,provisional_unverified,0,1.13347185523406
8f799d59c9b5348ece1e5671692ea783d6d5e450ccebe31b6db9ad4f9510f8c5,window_436,96.0,106.0,driving_regime_cluster,-1.230305358816513,provisional_unverified,0,1.230305358816513
8f799d59c9b5348ece1e5671692ea783d6d5e450ccebe31b6db9ad4f9510f8c5,window_437,98.0,108.0,driving_regime_cluster,-1.5246079026905066,provisional_unverified,0,1.5246079026905066
9116cbf4be063f5be851f65778ddfb91d60bdd5aa52e7211426769a6b2ce6f86,window_438,0.0,10.0,driving_regime_cluster,-0.619274508382823,provisional_unverified,0,0.619274508382823
9116cbf4be063f5be851f65778ddfb91d60bdd5aa52e7211426769a6b2ce6f86,window_439,2.0,12.0,driving_regime_cluster,-0.6504831412747846,provisional_unverified,0,0.6504831412747846
9116cbf4be063f5be851f65778ddfb91d60bdd5aa52e7211426769a6b2ce6f86,window_440,4.0,14.0,driving_regime_cluster,-0.6219656830826841,provisional_unverified,0,0.6219656830826841
9116cbf4be063f5be851f65778ddfb91d60bdd5aa52e7211426769a6b2ce6f86,window_441,6.0,16.0,driving_regime_cluster,-0.6138893128430838,provisional_unverified,0,0.6138893128430838
9116cbf4be063f5be851f65778ddfb91d60bdd5aa52e7211426769a6b2ce6f86,window_442,8.0,18.0,driving_regime_cluster,-0.6177148234931881,provisional_unverified,0,0.6177148234931881
9116cbf4be063f5be851f65778ddfb91d60bdd5aa52e7211426769a6b2ce6f86,window_443,10.0,20.0,driving_regime_cluster,-0.6636052625542328,provisional_unverified,0,0.6636052625542328
9116cbf4be063f5be851f65778ddfb91d60bdd5aa52e7211426769a6b2ce6f86,window_444,12.0,22.0,driving_regime_cluster,-0.659293304222219,provisional_unverified,0,0.659293304222219
9116cbf4be063f5be851f65778ddfb91d60bdd5aa52e7211426769a6b2ce6f86,window_445,14.0,24.0,driving_regime_cluster,-0.660375537833361,provisional_unverified,0,0.660375537833361
9116cbf4be063f5be851f65778ddfb91d60bdd5aa52e7211426769a6b2ce6f86,window_446,16.0,26.0,driving_regime_cluster,-0.6893262695325055,provisional_unverified,0,0.6893262695325055
9116cbf4be063f5be851f65778ddfb91d60bdd5aa52e7211426769a6b2ce6f86,window_447,18.0,28.0,driving_regime_cluster,-0.7008739723377867,provisional_unverified,0,0.7008739723377867
9116cbf4be063f5be851f65778ddfb91d60bdd5aa52e7211426769a6b2ce6f86,window_448,20.0,30.0,driving_regime_cluster,-0.6998880585844856,provisional_unverified,0,0.6998880585844856
9116cbf4be063f5be851f65778ddfb91d60bdd5aa52e7211426769a6b2ce6f86,window_449,22.0,32.0,driving_regime_cluster,-0.6926642054171026,provisional_unverified,0,0.6926642054171026
9116cbf4be063f5be851f65778ddfb91d60bdd5aa52e7211426769a6b2ce6f86,window_450,24.0,34.0,driving_regime_cluster,-0.7106446146599666,provisional_unverified,0,0.7106446146599666
9116cbf4be063f5be851f65778ddfb91d60bdd5aa52e7211426769a6b2ce6f86,window_451,26.0,36.0,driving_regime_cluster,-0.7005191928763456,provisional_unverified,0,0.7005191928763456
9116cbf4be063f5be851f65778ddfb91d60bdd5aa52e7211426769a6b2ce6f86,window_452,28.0,38.0,driving_regime_cluster,-0.683992274077892,provisional_unverified,0,0.683992274077892
9116cbf4be063f5be851f65778ddfb91d60bdd5aa52e7211426769a6b2ce6f86,window_453,30.0,40.0,driving_regime_cluster,-0.6876635277847674,provisional_unverified,0,0.6876635277847674
9116cbf4be063f5be851f65778ddfb91d60bdd5aa52e7211426769a6b2ce6f86,window_454,32.0,42.0,driving_regime_cluster,-0.6924900977327009,provisional_unverified,0,0.6924900977327009
9116cbf4be063f5be851f65778ddfb91d60bdd5aa52e7211426769a6b2ce6f86,window_455,34.0,44.0,driving_regime_cluster,-0.6867021621196988,provisional_unverified,0,0.6867021621196988
9116cbf4be063f5be851f65778ddfb91d60bdd5aa52e7211426769a6b2ce6f86,window_456,36.0,46.0,driving_regime_cluster,-0.6873377124086476,provisional_unverified,0,0.6873377124086476
9116cbf4be063f5be851f65778ddfb91d60bdd5aa52e7211426769a6b2ce6f86,window_457,38.0,48.0,driving_regime_cluster,-0.6982248188330737,provisional_unverified,0,0.6982248188330737
9116cbf4be063f5be851f65778ddfb91d60bdd5aa52e7211426769a6b2ce6f86,window_458,40.0,50.0,driving_regime_cluster,-0.8585221093512909,provisional_unverified,0,0.8585221093512909
9116cbf4be063f5be851f65778ddfb91d60bdd5aa52e7211426769a6b2ce6f86,window_459,42.0,52.0,driving_regime_cluster,-0.7197385708011057,provisional_unverified,0,0.7197385708011057
9116cbf4be063f5be851f65778ddfb91d60bdd5aa52e7211426769a6b2ce6f86,window_460,44.0,54.0,driving_regime_cluster,-0.6692535257610441,provisional_unverified,0,0.6692535257610441
9116cbf4be063f5be851f65778ddfb91d60bdd5aa52e7211426769a6b2ce6f86,window_461,46.0,56.0,driving_regime_cluster,-0.6659041019280483,provisional_unverified,0,0.6659041019280483
9116cbf4be063f5be851f65778ddfb91d60bdd5aa52e7211426769a6b2ce6f86,window_462,48.0,58.0,driving_regime_cluster,-0.6756492015601816,provisional_unverified,0,0.6756492015601816
9116cbf4be063f5be851f65778ddfb91d60bdd5aa52e7211426769a6b2ce6f86,window_463,50.0,60.0,driving_regime_cluster,-0.7917570877680087,provisional_unverified,0,0.7917570877680087
9116cbf4be063f5be851f65778ddfb91d60bdd5aa52e7211426769a6b2ce6f86,window_464,52.0,62.0,driving_regime_cluster,-0.6482090303037812,provisional_unverified,0,0.6482090303037812
9116cbf4be063f5be851f65778ddfb91d60bdd5aa52e7211426769a6b2ce6f86,window_465,54.0,64.0,driving_regime_cluster,-0.6709359945434911,provisional_unverified,0,0.6709359945434911
9116cbf4be063f5be851f65778ddfb91d60bdd5aa52e7211426769a6b2ce6f86,window_466,56.0,66.0,driving_regime_cluster,-0.6641186119846532,provisional_unverified,0,0.6641186119846532
9116cbf4be063f5be851f65778ddfb91d60bdd5aa52e7211426769a6b2ce6f86,window_467,58.0,68.0,driving_regime_cluster,-0.657243536326189,provisional_unverified,0,0.657243536326189
9116cbf4be063f5be851f65778ddfb91d60bdd5aa52e7211426769a6b2ce6f86,window_468,60.0,70.0,driving_regime_cluster,-0.6520549469469645,provisional_unverified,0,0.6520549469469645
9116cbf4be063f5be851f65778ddfb91d60bdd5aa52e7211426769a6b2ce6f86,window_469,62.0,72.0,driving_regime_cluster,-0.6523969854010939,provisional_unverified,0,0.6523969854010939
9116cbf4be063f5be851f65778ddfb91d60bdd5aa52e7211426769a6b2ce6f86,window_470,64.0,74.0,driving_regime_cluster,-0.6525712718852088,provisional_unverified,0,0.6525712718852088
9116cbf4be063f5be851f65778ddfb91d60bdd5aa52e7211426769a6b2ce6f86,window_471,66.0,76.0,driving_regime_cluster,-0.6618307317931407,provisional_unverified,0,0.6618307317931407
9116cbf4be063f5be851f65778ddfb91d60bdd5aa52e7211426769a6b2ce6f86,window_472,68.0,78.0,driving_regime_cluster,-0.6634010840070862,provisional_unverified,0,0.6634010840070862
9116cbf4be063f5be851f65778ddfb91d60bdd5aa52e7211426769a6b2ce6f86,window_473,70.0,80.0,driving_regime_cluster,-1.040206790769718,provisional_unverified,0,1.040206790769718
9116cbf4be063f5be851f65778ddfb91d60bdd5aa52e7211426769a6b2ce6f86,window_474,72.0,82.0,driving_regime_cluster,-2.6223352487218863,provisional_unverified,0,2.6223352487218863
9116cbf4be063f5be851f65778ddfb91d60bdd5aa52e7211426769a6b2ce6f86,window_475,74.0,84.0,driving_regime_cluster,-3.060714730247584,provisional_unverified,0,3.060714730247584
9116cbf4be063f5be851f65778ddfb91d60bdd5aa52e7211426769a6b2ce6f86,window_476,76.0,86.0,driving_regime_cluster,-4.728281917056265,provisional_unverified,2,4.728281917056265
9116cbf4be063f5be851f65778ddfb91d60bdd5aa52e7211426769a6b2ce6f86,window_477,78.0,88.0,driving_regime_cluster,-3.091345597483744,provisional_unverified,2,3.091345597483744
9116cbf4be063f5be851f65778ddfb91d60bdd5aa52e7211426769a6b2ce6f86,window_478,80.0,90.0,driving_regime_cluster,-2.9417554595380837,provisional_unverified,2,2.9417554595380837
9116cbf4be063f5be851f65778ddfb91d60bdd5aa52e7211426769a6b2ce6f86,window_479,82.0,92.0,driving_regime_cluster,-2.134023338278117,provisional_unverified,2,2.134023338278117
9116cbf4be063f5be851f65778ddfb91d60bdd5aa52e7211426769a6b2ce6f86,window_480,84.0,94.0,driving_regime_cluster,-5.897501977829699,provisional_unverified,1,5.897501977829699
9116cbf4be063f5be851f65778ddfb91d60bdd5aa52e7211426769a6b2ce6f86,window_481,86.0,96.0,driving_regime_cluster,-1.4269489249721028,provisional_unverified,1,1.4269489249721028
9116cbf4be063f5be851f65778ddfb91d60bdd5aa52e7211426769a6b2ce6f86,window_482,88.0,98.0,driving_regime_cluster,-2.183324568934945,provisional_unverified,1,2.183324568934945
9116cbf4be063f5be851f65778ddfb91d60bdd5aa52e7211426769a6b2ce6f86,window_483,90.0,100.0,driving_regime_cluster,-2.9085491333237568,provisional_unverified,1,2.9085491333237568
9116cbf4be063f5be851f65778ddfb91d60bdd5aa52e7211426769a6b2ce6f86,window_484,92.0,102.0,driving_regime_cluster,-3.217489201743568,provisional_unverified,1,3.217489201743568
9116cbf4be063f5be851f65778ddfb91d60bdd5aa52e7211426769a6b2ce6f86,window_485,94.0,104.0,driving_regime_cluster,-4.882041775716549,provisional_unverified,0,4.882041775716549
9116cbf4be063f5be851f65778ddfb91d60bdd5aa52e7211426769a6b2ce6f86,window_486,96.0,106.0,driving_regime_cluster,-3.0638549440411946,provisional_unverified,2,3.0638549440411946
9116cbf4be063f5be851f65778ddfb91d60bdd5aa52e7211426769a6b2ce6f86,window_487,98.0,108.0,driving_regime_cluster,-3.2542031924014823,provisional_unverified,2,3.2542031924014823
9116cbf4be063f5be851f65778ddfb91d60bdd5aa52e7211426769a6b2ce6f86,window_488,100.0,110.0,driving_regime_cluster,-3.715066918488056,provisional_unverified,2,3.715066918488056
9116cbf4be063f5be851f65778ddfb91d60bdd5aa52e7211426769a6b2ce6f86,window_489,102.0,112.0,driving_regime_cluster,-4.5078363161469905,provisional_unverified,0,4.5078363161469905
9116cbf4be063f5be851f65778ddfb91d60bdd5aa52e7211426769a6b2ce6f86,window_490,104.0,114.0,driving_regime_cluster,-2.480273138207937,provisional_unverified,2,2.480273138207937
9116cbf4be063f5be851f65778ddfb91d60bdd5aa52e7211426769a6b2ce6f86,window_491,106.0,116.0,driving_regime_cluster,-2.3707412369692165,provisional_unverified,2,2.3707412369692165
9116cbf4be063f5be851f65778ddfb91d60bdd5aa52e7211426769a6b2ce6f86,window_492,108.0,118.0,driving_regime_cluster,-3.0898398585338445,provisional_unverified,2,3.0898398585338445
9116cbf4be063f5be851f65778ddfb91d60bdd5aa52e7211426769a6b2ce6f86,window_493,110.0,120.0,driving_regime_cluster,-5.994037918122358,provisional_unverified,2,5.994037918122358
9116cbf4be063f5be851f65778ddfb91d60bdd5aa52e7211426769a6b2ce6f86,window_494,112.0,122.0,driving_regime_cluster,-2.1976925975597394,provisional_unverified,2,2.1976925975597394
9116cbf4be063f5be851f65778ddfb91d60bdd5aa52e7211426769a6b2ce6f86,window_495,114.0,124.0,driving_regime_cluster,-5.00022389744858,provisional_unverified,2,5.00022389744858
9116cbf4be063f5be851f65778ddfb91d60bdd5aa52e7211426769a6b2ce6f86,window_496,116.0,126.0,driving_regime_cluster,-5.413874147450361,provisional_unverified,2,5.413874147450361
9116cbf4be063f5be851f65778ddfb91d60bdd5aa52e7211426769a6b2ce6f86,window_497,118.0,128.0,driving_regime_cluster,-5.49004278558101,provisional_unverified,0,5.49004278558101
9116cbf4be063f5be851f65778ddfb91d60bdd5aa52e7211426769a6b2ce6f86,window_498,120.0,130.0,driving_regime_cluster,-2.8177220509731615,provisional_unverified,2,2.8177220509731615
9116cbf4be063f5be851f65778ddfb91d60bdd5aa52e7211426769a6b2ce6f86,window_499,122.0,132.0,driving_regime_cluster,-7.0870342141607034,provisional_unverified,2,7.0870342141607034
9116cbf4be063f5be851f65778ddfb91d60bdd5aa52e7211426769a6b2ce6f86,window_500,124.0,134.0,driving_regime_cluster,-6.687643141568136,provisional_unverified,2,6.687643141568136
9116cbf4be063f5be851f65778ddfb91d60bdd5aa52e7211426769a6b2ce6f86,window_501,126.0,136.0,driving_regime_cluster,-2.31027112349551,provisional_unverified,2,2.31027112349551
9116cbf4be063f5be851f65778ddfb91d60bdd5aa52e7211426769a6b2ce6f86,window_502,128.0,138.0,driving_regime_cluster,-4.629162933436969,provisional_unverified,2,4.629162933436969
9116cbf4be063f5be851f65778ddfb91d60bdd5aa52e7211426769a6b2ce6f86,window_503,130.0,140.0,driving_regime_cluster,-5.821945897354819,provisional_unverified,2,5.821945897354819
9116cbf4be063f5be851f65778ddfb91d60bdd5aa52e7211426769a6b2ce6f86,window_504,132.0,142.0,driving_regime_cluster,-5.861438020497491,provisional_unverified,2,5.861438020497491
9116cbf4be063f5be851f65778ddfb91d60bdd5aa52e7211426769a6b2ce6f86,window_505,134.0,144.0,driving_regime_cluster,-2.202084675769623,provisional_unverified,2,2.202084675769623
9116cbf4be063f5be851f65778ddfb91d60bdd5aa52e7211426769a6b2ce6f86,window_506,136.0,146.0,driving_regime_cluster,-4.3319925539611,provisional_unverified,2,4.3319925539611
9116cbf4be063f5be851f65778ddfb91d60bdd5aa52e7211426769a6b2ce6f86,window_507,138.0,148.0,driving_regime_cluster,-8.533110488771161,provisional_unverified,2,8.533110488771161
9116cbf4be063f5be851f65778ddfb91d60bdd5aa52e7211426769a6b2ce6f86,window_508,140.0,150.0,driving_regime_cluster,-2.861556052833119,provisional_unverified,2,2.861556052833119
9116cbf4be063f5be851f65778ddfb91d60bdd5aa52e7211426769a6b2ce6f86,window_509,142.0,152.0,driving_regime_cluster,-5.422205474795105,provisional_unverified,0,5.422205474795105
9116cbf4be063f5be851f65778ddfb91d60bdd5aa52e7211426769a6b2ce6f86,window_510,144.0,154.0,driving_regime_cluster,-2.087088265272901,provisional_unverified,1,2.087088265272901
9116cbf4be063f5be851f65778ddfb91d60bdd5aa52e7211426769a6b2ce6f86,window_511,146.0,156.0,driving_regime_cluster,-3.55932031237502,provisional_unverified,1,3.55932031237502
9116cbf4be063f5be851f65778ddfb91d60bdd5aa52e7211426769a6b2ce6f86,window_512,148.0,158.0,driving_regime_cluster,-4.033431434246713,provisional_unverified,1,4.033431434246713
9116cbf4be063f5be851f65778ddfb91d60bdd5aa52e7211426769a6b2ce6f86,window_513,150.0,160.0,driving_regime_cluster,-1.8294555691973453,provisional_unverified,1,1.8294555691973453
9116cbf4be063f5be851f65778ddfb91d60bdd5aa52e7211426769a6b2ce6f86,window_514,152.0,162.0,driving_regime_cluster,-5.575485782730447,provisional_unverified,0,5.575485782730447
9116cbf4be063f5be851f65778ddfb91d60bdd5aa52e7211426769a6b2ce6f86,window_515,154.0,164.0,driving_regime_cluster,-3.0340067631682555,provisional_unverified,2,3.0340067631682555
9116cbf4be063f5be851f65778ddfb91d60bdd5aa52e7211426769a6b2ce6f86,window_516,156.0,166.0,driving_regime_cluster,-3.7959119479165593,provisional_unverified,2,3.7959119479165593
9116cbf4be063f5be851f65778ddfb91d60bdd5aa52e7211426769a6b2ce6f86,window_517,158.0,168.0,driving_regime_cluster,-3.5662468607834046,provisional_unverified,2,3.5662468607834046
9116cbf4be063f5be851f65778ddfb91d60bdd5aa52e7211426769a6b2ce6f86,window_518,160.0,170.0,driving_regime_cluster,-3.1778036803296907,provisional_unverified,2,3.1778036803296907
9116cbf4be063f5be851f65778ddfb91d60bdd5aa52e7211426769a6b2ce6f86,window_519,162.0,172.0,driving_regime_cluster,-3.052275391354547,provisional_unverified,2,3.052275391354547
9116cbf4be063f5be851f65778ddfb91d60bdd5aa52e7211426769a6b2ce6f86,window_520,164.0,174.0,driving_regime_cluster,-3.45721201188057,provisional_unverified,2,3.45721201188057
9116cbf4be063f5be851f65778ddfb91d60bdd5aa52e7211426769a6b2ce6f86,window_521,166.0,176.0,driving_regime_cluster,-3.4284629778537767,provisional_unverified,0,3.4284629778537767
9116cbf4be063f5be851f65778ddfb91d60bdd5aa52e7211426769a6b2ce6f86,window_522,168.0,178.0,driving_regime_cluster,-3.5888353328014095,provisional_unverified,0,3.5888353328014095
9116cbf4be063f5be851f65778ddfb91d60bdd5aa52e7211426769a6b2ce6f86,window_523,170.0,180.0,driving_regime_cluster,-3.694743911523861,provisional_unverified,0,3.694743911523861
9116cbf4be063f5be851f65778ddfb91d60bdd5aa52e7211426769a6b2ce6f86,window_524,172.0,182.0,driving_regime_cluster,-2.9901422086563247,provisional_unverified,0,2.9901422086563247
9116cbf4be063f5be851f65778ddfb91d60bdd5aa52e7211426769a6b2ce6f86,window_525,174.0,184.0,driving_regime_cluster,-1.31193335301851,provisional_unverified,0,1.31193335301851
9116cbf4be063f5be851f65778ddfb91d60bdd5aa52e7211426769a6b2ce6f86,window_526,176.0,186.0,driving_regime_cluster,-1.214584237645233,provisional_unverified,0,1.214584237645233
9116cbf4be063f5be851f65778ddfb91d60bdd5aa52e7211426769a6b2ce6f86,window_527,178.0,188.0,driving_regime_cluster,-1.401054392993218,provisional_unverified,0,1.401054392993218
9116cbf4be063f5be851f65778ddfb91d60bdd5aa52e7211426769a6b2ce6f86,window_528,180.0,190.0,driving_regime_cluster,-1.4646479312026608,provisional_unverified,0,1.4646479312026608
9116cbf4be063f5be851f65778ddfb91d60bdd5aa52e7211426769a6b2ce6f86,window_529,182.0,192.0,driving_regime_cluster,-1.478791196614743,provisional_unverified,0,1.478791196614743
9116cbf4be063f5be851f65778ddfb91d60bdd5aa52e7211426769a6b2ce6f86,window_530,184.0,194.0,driving_regime_cluster,-1.1585832443010478,provisional_unverified,0,1.1585832443010478
9116cbf4be063f5be851f65778ddfb91d60bdd5aa52e7211426769a6b2ce6f86,window_531,186.0,196.0,driving_regime_cluster,-1.5118626541780795,provisional_unverified,0,1.5118626541780795
9116cbf4be063f5be851f65778ddfb91d60bdd5aa52e7211426769a6b2ce6f86,window_532,188.0,198.0,driving_regime_cluster,-2.9886347152614974,provisional_unverified,0,2.9886347152614974
9116cbf4be063f5be851f65778ddfb91d60bdd5aa52e7211426769a6b2ce6f86,window_533,190.0,200.0,driving_regime_cluster,-3.338621495181831,provisional_unverified,0,3.338621495181831
9116cbf4be063f5be851f65778ddfb91d60bdd5aa52e7211426769a6b2ce6f86,window_534,192.0,202.0,driving_regime_cluster,-3.069692715058592,provisional_unverified,0,3.069692715058592
9116cbf4be063f5be851f65778ddfb91d60bdd5aa52e7211426769a6b2ce6f86,window_535,194.0,204.0,driving_regime_cluster,-2.9571034143530923,provisional_unverified,0,2.9571034143530923
9116cbf4be063f5be851f65778ddfb91d60bdd5aa52e7211426769a6b2ce6f86,window_536,196.0,206.0,driving_regime_cluster,-2.5890376804680364,provisional_unverified,0,2.5890376804680364
9116cbf4be063f5be851f65778ddfb91d60bdd5aa52e7211426769a6b2ce6f86,window_537,198.0,208.0,driving_regime_cluster,-1.1518681235431574,provisional_unverified,0,1.1518681235431574
9116cbf4be063f5be851f65778ddfb91d60bdd5aa52e7211426769a6b2ce6f86,window_538,200.0,210.0,driving_regime_cluster,-0.7095890850779685,provisional_unverified,0,0.7095890850779685
9116cbf4be063f5be851f65778ddfb91d60bdd5aa52e7211426769a6b2ce6f86,window_539,202.0,212.0,driving_regime_cluster,-0.7044717779818012,provisional_unverified,0,0.7044717779818012
9116cbf4be063f5be851f65778ddfb91d60bdd5aa52e7211426769a6b2ce6f86,window_540,204.0,214.0,driving_regime_cluster,-0.7054623652287062,provisional_unverified,0,0.7054623652287062
9116cbf4be063f5be851f65778ddfb91d60bdd5aa52e7211426769a6b2ce6f86,window_541,206.0,216.0,driving_regime_cluster,-0.7073872732037074,provisional_unverified,0,0.7073872732037074
9116cbf4be063f5be851f65778ddfb91d60bdd5aa52e7211426769a6b2ce6f86,window_542,208.0,218.0,driving_regime_cluster,-0.7203613668804235,provisional_unverified,0,0.7203613668804235
9116cbf4be063f5be851f65778ddfb91d60bdd5aa52e7211426769a6b2ce6f86,window_543,210.0,220.0,driving_regime_cluster,-0.7444335563731977,provisional_unverified,0,0.7444335563731977
9116cbf4be063f5be851f65778ddfb91d60bdd5aa52e7211426769a6b2ce6f86,window_544,212.0,222.0,driving_regime_cluster,-0.749335880917637,provisional_unverified,0,0.749335880917637
9116cbf4be063f5be851f65778ddfb91d60bdd5aa52e7211426769a6b2ce6f86,window_545,214.0,224.0,driving_regime_cluster,-0.7535600327107773,provisional_unverified,0,0.7535600327107773
9116cbf4be063f5be851f65778ddfb91d60bdd5aa52e7211426769a6b2ce6f86,window_546,216.0,226.0,driving_regime_cluster,-0.7618111508410335,provisional_unverified,0,0.7618111508410335
9116cbf4be063f5be851f65778ddfb91d60bdd5aa52e7211426769a6b2ce6f86,window_547,218.0,228.0,driving_regime_cluster,-0.713152906229429,provisional_unverified,0,0.713152906229429
9116cbf4be063f5be851f65778ddfb91d60bdd5aa52e7211426769a6b2ce6f86,window_548,220.0,230.0,driving_regime_cluster,-0.7034983547649621,provisional_unverified,0,0.7034983547649621
9116cbf4be063f5be851f65778ddfb91d60bdd5aa52e7211426769a6b2ce6f86,window_549,222.0,232.0,driving_regime_cluster,-0.9147507071406414,provisional_unverified,0,0.9147507071406414
9116cbf4be063f5be851f65778ddfb91d60bdd5aa52e7211426769a6b2ce6f86,window_550,224.0,234.0,driving_regime_cluster,-1.2296741685627879,provisional_unverified,0,1.2296741685627879
9116cbf4be063f5be851f65778ddfb91d60bdd5aa52e7211426769a6b2ce6f86,window_551,226.0,236.0,driving_regime_cluster,-1.2264573982813205,provisional_unverified,0,1.2264573982813205
9116cbf4be063f5be851f65778ddfb91d60bdd5aa52e7211426769a6b2ce6f86,window_552,228.0,238.0,driving_regime_cluster,-1.2343715127140944,provisional_unverified,0,1.2343715127140944
9116cbf4be063f5be851f65778ddfb91d60bdd5aa52e7211426769a6b2ce6f86,window_553,230.0,240.0,driving_regime_cluster,-1.2044665381090955,provisional_unverified,0,1.2044665381090955
9116cbf4be063f5be851f65778ddfb91d60bdd5aa52e7211426769a6b2ce6f86,window_554,232.0,242.0,driving_regime_cluster,-0.9469971122280766,provisional_unverified,0,0.9469971122280766
9116cbf4be063f5be851f65778ddfb91d60bdd5aa52e7211426769a6b2ce6f86,window_555,234.0,244.0,driving_regime_cluster,-0.7556000379425916,provisional_unverified,0,0.7556000379425916
9116cbf4be063f5be851f65778ddfb91d60bdd5aa52e7211426769a6b2ce6f86,window_556,236.0,246.0,driving_regime_cluster,-0.7396050643198365,provisional_unverified,0,0.7396050643198365
9116cbf4be063f5be851f65778ddfb91d60bdd5aa52e7211426769a6b2ce6f86,window_557,238.0,248.0,driving_regime_cluster,-0.7324320801739395,provisional_unverified,0,0.7324320801739395
9116cbf4be063f5be851f65778ddfb91d60bdd5aa52e7211426769a6b2ce6f86,window_558,240.0,250.0,driving_regime_cluster,-0.720214075788858,provisional_unverified,0,0.720214075788858
9116cbf4be063f5be851f65778ddfb91d60bdd5aa52e7211426769a6b2ce6f86,window_559,242.0,252.0,driving_regime_cluster,-0.7085473681174549,provisional_unverified,0,0.7085473681174549
9116cbf4be063f5be851f65778ddfb91d60bdd5aa52e7211426769a6b2ce6f86,window_560,244.0,254.0,driving_regime_cluster,-0.5982043732572013,provisional_unverified,0,0.5982043732572013
9116cbf4be063f5be851f65778ddfb91d60bdd5aa52e7211426769a6b2ce6f86,window_561,246.0,256.0,driving_regime_cluster,-0.6116802541888388,provisional_unverified,0,0.6116802541888388
9116cbf4be063f5be851f65778ddfb91d60bdd5aa52e7211426769a6b2ce6f86,window_562,248.0,258.0,driving_regime_cluster,-0.6531323000667775,provisional_unverified,0,0.6531323000667775
9116cbf4be063f5be851f65778ddfb91d60bdd5aa52e7211426769a6b2ce6f86,window_563,250.0,260.0,driving_regime_cluster,-0.5217314964859552,provisional_unverified,0,0.5217314964859552
9116cbf4be063f5be851f65778ddfb91d60bdd5aa52e7211426769a6b2ce6f86,window_564,252.0,262.0,driving_regime_cluster,-0.5247222003532984,provisional_unverified,0,0.5247222003532984
9116cbf4be063f5be851f65778ddfb91d60bdd5aa52e7211426769a6b2ce6f86,window_565,254.0,264.0,driving_regime_cluster,-0.5789403398302869,provisional_unverified,0,0.5789403398302869
9116cbf4be063f5be851f65778ddfb91d60bdd5aa52e7211426769a6b2ce6f86,window_566,256.0,266.0,driving_regime_cluster,-0.585907939363091,provisional_unverified,0,0.585907939363091
9116cbf4be063f5be851f65778ddfb91d60bdd5aa52e7211426769a6b2ce6f86,window_567,258.0,268.0,driving_regime_cluster,-0.6641266124535717,provisional_unverified,0,0.6641266124535717
9116cbf4be063f5be851f65778ddfb91d60bdd5aa52e7211426769a6b2ce6f86,window_568,260.0,270.0,driving_regime_cluster,-0.7578820851547098,provisional_unverified,0,0.7578820851547098
9116cbf4be063f5be851f65778ddfb91d60bdd5aa52e7211426769a6b2ce6f86,window_569,262.0,272.0,driving_regime_cluster,-0.7547591696987387,provisional_unverified,0,0.7547591696987387
9116cbf4be063f5be851f65778ddfb91d60bdd5aa52e7211426769a6b2ce6f86,window_570,264.0,274.0,driving_regime_cluster,-0.750299493887205,provisional_unverified,0,0.750299493887205
9116cbf4be063f5be851f65778ddfb91d60bdd5aa52e7211426769a6b2ce6f86,window_571,266.0,276.0,driving_regime_cluster,-0.7516513340728235,provisional_unverified,0,0.7516513340728235
9116cbf4be063f5be851f65778ddfb91d60bdd5aa52e7211426769a6b2ce6f86,window_572,268.0,278.0,driving_regime_cluster,-0.7567831691431832,provisional_unverified,0,0.7567831691431832
9116cbf4be063f5be851f65778ddfb91d60bdd5aa52e7211426769a6b2ce6f86,window_573,270.0,280.0,driving_regime_cluster,-0.7713193103910962,provisional_unverified,0,0.7713193103910962
9116cbf4be063f5be851f65778ddfb91d60bdd5aa52e7211426769a6b2ce6f86,window_574,272.0,282.0,driving_regime_cluster,-0.7697782517644941,provisional_unverified,0,0.7697782517644941
9116cbf4be063f5be851f65778ddfb91d60bdd5aa52e7211426769a6b2ce6f86,window_575,274.0,284.0,driving_regime_cluster,-0.7629960432964474,provisional_unverified,0,0.7629960432964474
9116cbf4be063f5be851f65778ddfb91d60bdd5aa52e7211426769a6b2ce6f86,window_576,276.0,286.0,driving_regime_cluster,-0.7466779732309989,provisional_unverified,0,0.7466779732309989
9116cbf4be063f5be851f65778ddfb91d60bdd5aa52e7211426769a6b2ce6f86,window_577,278.0,288.0,driving_regime_cluster,-0.7265478370930588,provisional_unverified,0,0.7265478370930588
9116cbf4be063f5be851f65778ddfb91d60bdd5aa52e7211426769a6b2ce6f86,window_578,280.0,290.0,driving_regime_cluster,-0.6854728509644219,provisional_unverified,0,0.6854728509644219
9116cbf4be063f5be851f65778ddfb91d60bdd5aa52e7211426769a6b2ce6f86,window_579,282.0,292.0,driving_regime_cluster,-0.677747138480599,provisional_unverified,0,0.677747138480599
9116cbf4be063f5be851f65778ddfb91d60bdd5aa52e7211426769a6b2ce6f86,window_580,284.0,294.0,driving_regime_cluster,-0.674906719766919,provisional_unverified,0,0.674906719766919
9116cbf4be063f5be851f65778ddfb91d60bdd5aa52e7211426769a6b2ce6f86,window_581,286.0,296.0,driving_regime_cluster,-0.6739845952338348,provisional_unverified,0,0.6739845952338348
9116cbf4be063f5be851f65778ddfb91d60bdd5aa52e7211426769a6b2ce6f86,window_582,288.0,298.0,driving_regime_cluster,-0.6685435269649531,provisional_unverified,0,0.6685435269649531
9116cbf4be063f5be851f65778ddfb91d60bdd5aa52e7211426769a6b2ce6f86,window_583,290.0,300.0,driving_regime_cluster,-0.681511316020474,provisional_unverified,0,0.681511316020474
9116cbf4be063f5be851f65778ddfb91d60bdd5aa52e7211426769a6b2ce6f86,window_584,292.0,302.0,driving_regime_cluster,-0.6709518610064743,provisional_unverified,0,0.6709518610064743
9116cbf4be063f5be851f65778ddfb91d60bdd5aa52e7211426769a6b2ce6f86,window_585,294.0,304.0,driving_regime_cluster,-0.6658192579883156,provisional_unverified,0,0.6658192579883156
9116cbf4be063f5be851f65778ddfb91d60bdd5aa52e7211426769a6b2ce6f86,window_586,296.0,306.0,driving_regime_cluster,-0.6530949007412404,provisional_unverified,0,0.6530949007412404
9116cbf4be063f5be851f65778ddfb91d60bdd5aa52e7211426769a6b2ce6f86,window_587,298.0,308.0,driving_regime_cluster,-0.6567626390002584,provisional_unverified,0,0.6567626390002584
9116cbf4be063f5be851f65778ddfb91d60bdd5aa52e7211426769a6b2ce6f86,window_588,300.0,310.0,driving_regime_cluster,-0.6497694225999684,provisional_unverified,0,0.6497694225999684
9116cbf4be063f5be851f65778ddfb91d60bdd5aa52e7211426769a6b2ce6f86,window_589,302.0,312.0,driving_regime_cluster,-0.6631674261198107,provisional_unverified,0,0.6631674261198107
9116cbf4be063f5be851f65778ddfb91d60bdd5aa52e7211426769a6b2ce6f86,window_590,304.0,314.0,driving_regime_cluster,-0.7964766419777701,provisional_unverified,0,0.7964766419777701
9116cbf4be063f5be851f65778ddfb91d60bdd5aa52e7211426769a6b2ce6f86,window_591,306.0,316.0,driving_regime_cluster,-0.6754783326018997,provisional_unverified,0,0.6754783326018997
9116cbf4be063f5be851f65778ddfb91d60bdd5aa52e7211426769a6b2ce6f86,window_592,308.0,318.0,driving_regime_cluster,-0.6915330268093575,provisional_unverified,0,0.6915330268093575
9116cbf4be063f5be851f65778ddfb91d60bdd5aa52e7211426769a6b2ce6f86,window_593,310.0,320.0,driving_regime_cluster,-0.6941599155001723,provisional_unverified,0,0.6941599155001723
9116cbf4be063f5be851f65778ddfb91d60bdd5aa52e7211426769a6b2ce6f86,window_594,312.0,322.0,driving_regime_cluster,-0.7724658021024877,provisional_unverified,0,0.7724658021024877
9116cbf4be063f5be851f65778ddfb91d60bdd5aa52e7211426769a6b2ce6f86,window_595,314.0,324.0,driving_regime_cluster,-0.9653040819720602,provisional_unverified,0,0.9653040819720602
9116cbf4be063f5be851f65778ddfb91d60bdd5aa52e7211426769a6b2ce6f86,window_596,316.0,326.0,driving_regime_cluster,-0.7210912068033726,provisional_unverified,0,0.7210912068033726
9116cbf4be063f5be851f65778ddfb91d60bdd5aa52e7211426769a6b2ce6f86,window_597,318.0,328.0,driving_regime_cluster,-0.7097885842303701,provisional_unverified,0,0.7097885842303701
9116cbf4be063f5be851f65778ddfb91d60bdd5aa52e7211426769a6b2ce6f86,window_598,320.0,330.0,driving_regime_cluster,-0.7181865492465143,provisional_unverified,0,0.7181865492465143
9116cbf4be063f5be851f65778ddfb91d60bdd5aa52e7211426769a6b2ce6f86,window_599,322.0,332.0,driving_regime_cluster,-0.7261417891331855,provisional_unverified,0,0.7261417891331855
9116cbf4be063f5be851f65778ddfb91d60bdd5aa52e7211426769a6b2ce6f86,window_600,324.0,334.0,driving_regime_cluster,-0.738325272722355,provisional_unverified,0,0.738325272722355
9116cbf4be063f5be851f65778ddfb91d60bdd5aa52e7211426769a6b2ce6f86,window_601,326.0,336.0,driving_regime_cluster,-1.4159168836483897,provisional_unverified,0,1.4159168836483897
9116cbf4be063f5be851f65778ddfb91d60bdd5aa52e7211426769a6b2ce6f86,window_602,328.0,338.0,driving_regime_cluster,-3.539414026903509,provisional_unverified,0,3.539414026903509
9116cbf4be063f5be851f65778ddfb91d60bdd5aa52e7211426769a6b2ce6f86,window_603,330.0,340.0,driving_regime_cluster,-4.717549870023171,provisional_unverified,2,4.717549870023171
9116cbf4be063f5be851f65778ddfb91d60bdd5aa52e7211426769a6b2ce6f86,window_604,332.0,342.0,driving_regime_cluster,-4.177262064808849,provisional_unverified,2,4.177262064808849
9116cbf4be063f5be851f65778ddfb91d60bdd5aa52e7211426769a6b2ce6f86,window_605,334.0,344.0,driving_regime_cluster,-3.488317316143121,provisional_unverified,2,3.488317316143121
9116cbf4be063f5be851f65778ddfb91d60bdd5aa52e7211426769a6b2ce6f86,window_606,336.0,346.0,driving_regime_cluster,-1.2335889194212246,provisional_unverified,2,1.2335889194212246
9116cbf4be063f5be851f65778ddfb91d60bdd5aa52e7211426769a6b2ce6f86,window_607,338.0,348.0,driving_regime_cluster,-6.044418219183159,provisional_unverified,2,6.044418219183159
9116cbf4be063f5be851f65778ddfb91d60bdd5aa52e7211426769a6b2ce6f86,window_608,340.0,350.0,driving_regime_cluster,-1.6044572771655972,provisional_unverified,1,1.6044572771655972
9116cbf4be063f5be851f65778ddfb91d60bdd5aa52e7211426769a6b2ce6f86,window_609,342.0,352.0,driving_regime_cluster,-3.63515152717756,provisional_unverified,1,3.63515152717756
9116cbf4be063f5be851f65778ddfb91d60bdd5aa52e7211426769a6b2ce6f86,window_610,344.0,354.0,driving_regime_cluster,-1.3468213889321936,provisional_unverified,1,1.3468213889321936
9116cbf4be063f5be851f65778ddfb91d60bdd5aa52e7211426769a6b2ce6f86,window_611,346.0,356.0,driving_regime_cluster,-2.4175334785521247,provisional_unverified,1,2.4175334785521247
9116cbf4be063f5be851f65778ddfb91d60bdd5aa52e7211426769a6b2ce6f86,window_612,348.0,358.0,driving_regime_cluster,-2.311853446673394,provisional_unverified,2,2.311853446673394
9116cbf4be063f5be851f65778ddfb91d60bdd5aa52e7211426769a6b2ce6f86,window_613,350.0,360.0,driving_regime_cluster,-4.292227248716357,provisional_unverified,2,4.292227248716357
9116cbf4be063f5be851f65778ddfb91d60bdd5aa52e7211426769a6b2ce6f86,window_614,352.0,362.0,driving_regime_cluster,-1.492755738131601,provisional_unverified,2,1.492755738131601
9116cbf4be063f5be851f65778ddfb91d60bdd5aa52e7211426769a6b2ce6f86,window_615,354.0,364.0,driving_regime_cluster,-2.668246201058203,provisional_unverified,2,2.668246201058203
9116cbf4be063f5be851f65778ddfb91d60bdd5aa52e7211426769a6b2ce6f86,window_616,356.0,366.0,driving_regime_cluster,-5.6580884869385635,provisional_unverified,2,5.6580884869385635
9116cbf4be063f5be851f65778ddfb91d60bdd5aa52e7211426769a6b2ce6f86,window_617,358.0,368.0,driving_regime_cluster,-2.3483523702964275,provisional_unverified,2,2.3483523702964275
9116cbf4be063f5be851f65778ddfb91d60bdd5aa52e7211426769a6b2ce6f86,window_618,360.0,370.0,driving_regime_cluster,-2.112590971115549,provisional_unverified,2,2.112590971115549
9116cbf4be063f5be851f65778ddfb91d60bdd5aa52e7211426769a6b2ce6f86,window_619,362.0,372.0,driving_regime_cluster,-2.0376225472156895,provisional_unverified,2,2.0376225472156895
9116cbf4be063f5be851f65778ddfb91d60bdd5aa52e7211426769a6b2ce6f86,window_620,364.0,374.0,driving_regime_cluster,-3.8881601852284318,provisional_unverified,2,3.8881601852284318
9116cbf4be063f5be851f65778ddfb91d60bdd5aa52e7211426769a6b2ce6f86,window_621,366.0,376.0,driving_regime_cluster,-2.936386923739549,provisional_unverified,2,2.936386923739549
9116cbf4be063f5be851f65778ddfb91d60bdd5aa52e7211426769a6b2ce6f86,window_622,368.0,378.0,driving_regime_cluster,-2.718289733684584,provisional_unverified,2,2.718289733684584
9116cbf4be063f5be851f65778ddfb91d60bdd5aa52e7211426769a6b2ce6f86,window_623,370.0,380.0,driving_regime_cluster,-5.075296160312343,provisional_unverified,2,5.075296160312343
9116cbf4be063f5be851f65778ddfb91d60bdd5aa52e7211426769a6b2ce6f86,window_624,372.0,382.0,driving_regime_cluster,-1.926277647842838,provisional_unverified,2,1.926277647842838
9116cbf4be063f5be851f65778ddfb91d60bdd5aa52e7211426769a6b2ce6f86,window_625,374.0,384.0,driving_regime_cluster,-2.306681712047115,provisional_unverified,2,2.306681712047115
9116cbf4be063f5be851f65778ddfb91d60bdd5aa52e7211426769a6b2ce6f86,window_626,376.0,386.0,driving_regime_cluster,-2.2537921054800862,provisional_unverified,2,2.2537921054800862
9116cbf4be063f5be851f65778ddfb91d60bdd5aa52e7211426769a6b2ce6f86,window_627,378.0,388.0,driving_regime_cluster,-3.0947264274999786,provisional_unverified,2,3.0947264274999786
9116cbf4be063f5be851f65778ddfb91d60bdd5aa52e7211426769a6b2ce6f86,window_628,380.0,390.0,driving_regime_cluster,-2.5197162056042113,provisional_unverified,2,2.5197162056042113
9116cbf4be063f5be851f65778ddfb91d60bdd5aa52e7211426769a6b2ce6f86,window_629,382.0,392.0,driving_regime_cluster,-6.5085206212118365,provisional_unverified,2,6.5085206212118365
9116cbf4be063f5be851f65778ddfb91d60bdd5aa52e7211426769a6b2ce6f86,window_630,384.0,394.0,driving_regime_cluster,-1.0140459198368839,provisional_unverified,2,1.0140459198368839
9116cbf4be063f5be851f65778ddfb91d60bdd5aa52e7211426769a6b2ce6f86,window_631,386.0,396.0,driving_regime_cluster,-3.9613230292562034,provisional_unverified,1,3.9613230292562034
9116cbf4be063f5be851f65778ddfb91d60bdd5aa52e7211426769a6b2ce6f86,window_632,388.0,398.0,driving_regime_cluster,-2.863798959717164,provisional_unverified,1,2.863798959717164
9116cbf4be063f5be851f65778ddfb91d60bdd5aa52e7211426769a6b2ce6f86,window_633,390.0,400.0,driving_regime_cluster,-4.458845372702189,provisional_unverified,1,4.458845372702189
9116cbf4be063f5be851f65778ddfb91d60bdd5aa52e7211426769a6b2ce6f86,window_634,392.0,402.0,driving_regime_cluster,-2.4467501329670154,provisional_unverified,1,2.4467501329670154
9116cbf4be063f5be851f65778ddfb91d60bdd5aa52e7211426769a6b2ce6f86,window_635,394.0,404.0,driving_regime_cluster,-5.45623558063897,provisional_unverified,1,5.45623558063897
9116cbf4be063f5be851f65778ddfb91d60bdd5aa52e7211426769a6b2ce6f86,window_636,396.0,406.0,driving_regime_cluster,-1.9851594205117769,provisional_unverified,2,1.9851594205117769
9116cbf4be063f5be851f65778ddfb91d60bdd5aa52e7211426769a6b2ce6f86,window_637,398.0,408.0,driving_regime_cluster,-3.07909596972532,provisional_unverified,2,3.07909596972532
9116cbf4be063f5be851f65778ddfb91d60bdd5aa52e7211426769a6b2ce6f86,window_638,400.0,410.0,driving_regime_cluster,-2.3752026380118365,provisional_unverified,2,2.3752026380118365
9116cbf4be063f5be851f65778ddfb91d60bdd5aa52e7211426769a6b2ce6f86,window_639,402.0,412.0,driving_regime_cluster,-2.882795340713467,provisional_unverified,2,2.882795340713467
9116cbf4be063f5be851f65778ddfb91d60bdd5aa52e7211426769a6b2ce6f86,window_640,404.0,414.0,driving_regime_cluster,-3.673185716893503,provisional_unverified,2,3.673185716893503
9116cbf4be063f5be851f65778ddfb91d60bdd5aa52e7211426769a6b2ce6f86,window_641,406.0,416.0,driving_regime_cluster,-4.263660278959445,provisional_unverified,0,4.263660278959445
9116cbf4be063f5be851f65778ddfb91d60bdd5aa52e7211426769a6b2ce6f86,window_642,408.0,418.0,driving_regime_cluster,-3.846841270042219,provisional_unverified,0,3.846841270042219
9116cbf4be063f5be851f65778ddfb91d60bdd5aa52e7211426769a6b2ce6f86,window_643,410.0,420.0,driving_regime_cluster,-2.5891592170936866,provisional_unverified,0,2.5891592170936866
9116cbf4be063f5be851f65778ddfb91d60bdd5aa52e7211426769a6b2ce6f86,window_644,412.0,422.0,driving_regime_cluster,-3.156858471054614,provisional_unverified,0,3.156858471054614
9116cbf4be063f5be851f65778ddfb91d60bdd5aa52e7211426769a6b2ce6f86,window_645,414.0,424.0,driving_regime_cluster,-2.2440265916290527,provisional_unverified,0,2.2440265916290527
9116cbf4be063f5be851f65778ddfb91d60bdd5aa52e7211426769a6b2ce6f86,window_646,416.0,426.0,driving_regime_cluster,-1.47172702398914,provisional_unverified,0,1.47172702398914
9116cbf4be063f5be851f65778ddfb91d60bdd5aa52e7211426769a6b2ce6f86,window_647,418.0,428.0,driving_regime_cluster,-1.4182105172201591,provisional_unverified,0,1.4182105172201591
9116cbf4be063f5be851f65778ddfb91d60bdd5aa52e7211426769a6b2ce6f86,window_648,420.0,430.0,driving_regime_cluster,-1.31580749870965,provisional_unverified,0,1.31580749870965
9116cbf4be063f5be851f65778ddfb91d60bdd5aa52e7211426769a6b2ce6f86,window_649,422.0,432.0,driving_regime_cluster,-1.2084248204583035,provisional_unverified,0,1.2084248204583035
9116cbf4be063f5be851f65778ddfb91d60bdd5aa52e7211426769a6b2ce6f86,window_650,424.0,434.0,driving_regime_cluster,-1.214957727053645,provisional_unverified,0,1.214957727053645
9116cbf4be063f5be851f65778ddfb91d60bdd5aa52e7211426769a6b2ce6f86,window_651,426.0,436.0,driving_regime_cluster,-1.229814209956878,provisional_unverified,0,1.229814209956878
9116cbf4be063f5be851f65778ddfb91d60bdd5aa52e7211426769a6b2ce6f86,window_652,428.0,438.0,driving_regime_cluster,-1.235471954607864,provisional_unverified,0,1.235471954607864
9116cbf4be063f5be851f65778ddfb91d60bdd5aa52e7211426769a6b2ce6f86,window_653,430.0,440.0,driving_regime_cluster,-1.2527136710965996,provisional_unverified,0,1.2527136710965996
9116cbf4be063f5be851f65778ddfb91d60bdd5aa52e7211426769a6b2ce6f86,window_654,432.0,442.0,driving_regime_cluster,-1.661347882419191,provisional_unverified,0,1.661347882419191
9116cbf4be063f5be851f65778ddfb91d60bdd5aa52e7211426769a6b2ce6f86,window_655,434.0,444.0,driving_regime_cluster,-4.689180907104935,provisional_unverified,0,4.689180907104935
9116cbf4be063f5be851f65778ddfb91d60bdd5aa52e7211426769a6b2ce6f86,window_656,436.0,446.0,driving_regime_cluster,-5.742005956109279,provisional_unverified,0,5.742005956109279
9116cbf4be063f5be851f65778ddfb91d60bdd5aa52e7211426769a6b2ce6f86,window_657,438.0,448.0,driving_regime_cluster,-6.578247314702524,provisional_unverified,2,6.578247314702524
9116cbf4be063f5be851f65778ddfb91d60bdd5aa52e7211426769a6b2ce6f86,window_658,440.0,450.0,driving_regime_cluster,-7.501962183893725,provisional_unverified,2,7.501962183893725
9116cbf4be063f5be851f65778ddfb91d60bdd5aa52e7211426769a6b2ce6f86,window_659,442.0,452.0,driving_regime_cluster,-6.834398858417682,provisional_unverified,2,6.834398858417682
9116cbf4be063f5be851f65778ddfb91d60bdd5aa52e7211426769a6b2ce6f86,window_660,444.0,454.0,driving_regime_cluster,-4.135104874489795,provisional_unverified,0,4.135104874489795
9116cbf4be063f5be851f65778ddfb91d60bdd5aa52e7211426769a6b2ce6f86,window_661,446.0,456.0,driving_regime_cluster,-2.7962065924238884,provisional_unverified,0,2.7962065924238884
973ef84ffaa4e83d002ed655331eb305b340c0f3f25b57795f97a151bcc3490b,window_662,0.0,10.0,driving_regime_cluster,-4.418944124563011,provisional_unverified,0,4.418944124563011
973ef84ffaa4e83d002ed655331eb305b340c0f3f25b57795f97a151bcc3490b,window_663,2.0,12.0,driving_regime_cluster,-4.849196220284861,provisional_unverified,0,4.849196220284861
b185f43818b8ff3aba325752922bbbf37fd094f1e282887487651e0a5c8f6c7a,window_664,0.0,10.0,driving_regime_cluster,-0.53025658302689,provisional_unverified,0,0.53025658302689
b185f43818b8ff3aba325752922bbbf37fd094f1e282887487651e0a5c8f6c7a,window_665,2.0,12.0,driving_regime_cluster,-0.5232170819127112,provisional_unverified,0,0.5232170819127112
b185f43818b8ff3aba325752922bbbf37fd094f1e282887487651e0a5c8f6c7a,window_666,4.0,14.0,driving_regime_cluster,-0.5936436207231834,provisional_unverified,0,0.5936436207231834
b185f43818b8ff3aba325752922bbbf37fd094f1e282887487651e0a5c8f6c7a,window_667,6.0,16.0,driving_regime_cluster,-0.7252208546911928,provisional_unverified,0,0.7252208546911928
b185f43818b8ff3aba325752922bbbf37fd094f1e282887487651e0a5c8f6c7a,window_668,8.0,18.0,driving_regime_cluster,-0.8267629404767995,provisional_unverified,0,0.8267629404767995
b185f43818b8ff3aba325752922bbbf37fd094f1e282887487651e0a5c8f6c7a,window_669,10.0,20.0,driving_regime_cluster,-0.812590417247707,provisional_unverified,0,0.812590417247707
b185f43818b8ff3aba325752922bbbf37fd094f1e282887487651e0a5c8f6c7a,window_670,12.0,22.0,driving_regime_cluster,-2.6451439878388903,provisional_unverified,0,2.6451439878388903
b185f43818b8ff3aba325752922bbbf37fd094f1e282887487651e0a5c8f6c7a,window_671,14.0,24.0,driving_regime_cluster,-4.642668774346254,provisional_unverified,0,4.642668774346254
b185f43818b8ff3aba325752922bbbf37fd094f1e282887487651e0a5c8f6c7a,window_672,16.0,26.0,driving_regime_cluster,-4.19825256359745,provisional_unverified,2,4.19825256359745
b185f43818b8ff3aba325752922bbbf37fd094f1e282887487651e0a5c8f6c7a,window_673,18.0,28.0,driving_regime_cluster,-3.501426646528146,provisional_unverified,2,3.501426646528146
b185f43818b8ff3aba325752922bbbf37fd094f1e282887487651e0a5c8f6c7a,window_674,20.0,30.0,driving_regime_cluster,-3.227892084696972,provisional_unverified,2,3.227892084696972
b185f43818b8ff3aba325752922bbbf37fd094f1e282887487651e0a5c8f6c7a,window_675,22.0,32.0,driving_regime_cluster,-1.9408481502214523,provisional_unverified,2,1.9408481502214523
b185f43818b8ff3aba325752922bbbf37fd094f1e282887487651e0a5c8f6c7a,window_676,24.0,34.0,driving_regime_cluster,-4.889019218807126,provisional_unverified,1,4.889019218807126
b185f43818b8ff3aba325752922bbbf37fd094f1e282887487651e0a5c8f6c7a,window_677,26.0,36.0,driving_regime_cluster,-2.370747986958154,provisional_unverified,1,2.370747986958154
b185f43818b8ff3aba325752922bbbf37fd094f1e282887487651e0a5c8f6c7a,window_678,28.0,38.0,driving_regime_cluster,-3.273293099979572,provisional_unverified,1,3.273293099979572
b185f43818b8ff3aba325752922bbbf37fd094f1e282887487651e0a5c8f6c7a,window_679,30.0,40.0,driving_regime_cluster,-2.2546329378947645,provisional_unverified,1,2.2546329378947645
b185f43818b8ff3aba325752922bbbf37fd094f1e282887487651e0a5c8f6c7a,window_680,32.0,42.0,driving_regime_cluster,-3.8020684011739285,provisional_unverified,1,3.8020684011739285
b185f43818b8ff3aba325752922bbbf37fd094f1e282887487651e0a5c8f6c7a,window_681,34.0,44.0,driving_regime_cluster,-2.4300110372714103,provisional_unverified,2,2.4300110372714103
b185f43818b8ff3aba325752922bbbf37fd094f1e282887487651e0a5c8f6c7a,window_682,36.0,46.0,driving_regime_cluster,-4.188786831816885,provisional_unverified,2,4.188786831816885
b185f43818b8ff3aba325752922bbbf37fd094f1e282887487651e0a5c8f6c7a,window_683,38.0,48.0,driving_regime_cluster,-1.8617485794532014,provisional_unverified,2,1.8617485794532014
b185f43818b8ff3aba325752922bbbf37fd094f1e282887487651e0a5c8f6c7a,window_684,40.0,50.0,driving_regime_cluster,-2.152035311210534,provisional_unverified,2,2.152035311210534
b185f43818b8ff3aba325752922bbbf37fd094f1e282887487651e0a5c8f6c7a,window_685,42.0,52.0,driving_regime_cluster,-4.479943518608201,provisional_unverified,2,4.479943518608201
b185f43818b8ff3aba325752922bbbf37fd094f1e282887487651e0a5c8f6c7a,window_686,44.0,54.0,driving_regime_cluster,-2.3220007279168478,provisional_unverified,2,2.3220007279168478
b185f43818b8ff3aba325752922bbbf37fd094f1e282887487651e0a5c8f6c7a,window_687,46.0,56.0,driving_regime_cluster,-2.48667628630121,provisional_unverified,2,2.48667628630121
b185f43818b8ff3aba325752922bbbf37fd094f1e282887487651e0a5c8f6c7a,window_688,48.0,58.0,driving_regime_cluster,-2.5322684300799825,provisional_unverified,2,2.5322684300799825
b185f43818b8ff3aba325752922bbbf37fd094f1e282887487651e0a5c8f6c7a,window_689,50.0,60.0,driving_regime_cluster,-4.390038897426647,provisional_unverified,2,4.390038897426647
b185f43818b8ff3aba325752922bbbf37fd094f1e282887487651e0a5c8f6c7a,window_690,52.0,62.0,driving_regime_cluster,-3.8460999017842408,provisional_unverified,2,3.8460999017842408
b185f43818b8ff3aba325752922bbbf37fd094f1e282887487651e0a5c8f6c7a,window_691,54.0,64.0,driving_regime_cluster,-2.0113195446892154,provisional_unverified,2,2.0113195446892154
b185f43818b8ff3aba325752922bbbf37fd094f1e282887487651e0a5c8f6c7a,window_692,56.0,66.0,driving_regime_cluster,-5.184146175688622,provisional_unverified,2,5.184146175688622
b185f43818b8ff3aba325752922bbbf37fd094f1e282887487651e0a5c8f6c7a,window_693,58.0,68.0,driving_regime_cluster,-1.771808328902159,provisional_unverified,2,1.771808328902159
b185f43818b8ff3aba325752922bbbf37fd094f1e282887487651e0a5c8f6c7a,window_694,60.0,70.0,driving_regime_cluster,-3.9282335827905426,provisional_unverified,2,3.9282335827905426
b185f43818b8ff3aba325752922bbbf37fd094f1e282887487651e0a5c8f6c7a,window_695,62.0,72.0,driving_regime_cluster,-3.146685976071623,provisional_unverified,2,3.146685976071623
b185f43818b8ff3aba325752922bbbf37fd094f1e282887487651e0a5c8f6c7a,window_696,64.0,74.0,driving_regime_cluster,-3.139408190721313,provisional_unverified,2,3.139408190721313
b185f43818b8ff3aba325752922bbbf37fd094f1e282887487651e0a5c8f6c7a,window_697,66.0,76.0,driving_regime_cluster,-2.051869672659433,provisional_unverified,2,2.051869672659433
b185f43818b8ff3aba325752922bbbf37fd094f1e282887487651e0a5c8f6c7a,window_698,68.0,78.0,driving_regime_cluster,-6.239902855255867,provisional_unverified,2,6.239902855255867
b185f43818b8ff3aba325752922bbbf37fd094f1e282887487651e0a5c8f6c7a,window_699,70.0,80.0,driving_regime_cluster,-4.156416775202447,provisional_unverified,2,4.156416775202447
b185f43818b8ff3aba325752922bbbf37fd094f1e282887487651e0a5c8f6c7a,window_700,72.0,82.0,driving_regime_cluster,-5.503534084490501,provisional_unverified,2,5.503534084490501
b185f43818b8ff3aba325752922bbbf37fd094f1e282887487651e0a5c8f6c7a,window_701,74.0,84.0,driving_regime_cluster,-2.3451229120446744,provisional_unverified,1,2.3451229120446744
b185f43818b8ff3aba325752922bbbf37fd094f1e282887487651e0a5c8f6c7a,window_702,76.0,86.0,driving_regime_cluster,-3.879504157831116,provisional_unverified,1,3.879504157831116
b185f43818b8ff3aba325752922bbbf37fd094f1e282887487651e0a5c8f6c7a,window_703,78.0,88.0,driving_regime_cluster,-3.52909096131257,provisional_unverified,1,3.52909096131257
b185f43818b8ff3aba325752922bbbf37fd094f1e282887487651e0a5c8f6c7a,window_704,80.0,90.0,driving_regime_cluster,-3.1581468717524923,provisional_unverified,1,3.1581468717524923
b185f43818b8ff3aba325752922bbbf37fd094f1e282887487651e0a5c8f6c7a,window_705,82.0,92.0,driving_regime_cluster,-3.0713613087727785,provisional_unverified,2,3.0713613087727785
b185f43818b8ff3aba325752922bbbf37fd094f1e282887487651e0a5c8f6c7a,window_706,84.0,94.0,driving_regime_cluster,-3.345874042592571,provisional_unverified,2,3.345874042592571
b185f43818b8ff3aba325752922bbbf37fd094f1e282887487651e0a5c8f6c7a,window_707,86.0,96.0,driving_regime_cluster,-1.990126877835858,provisional_unverified,2,1.990126877835858
b185f43818b8ff3aba325752922bbbf37fd094f1e282887487651e0a5c8f6c7a,window_708,88.0,98.0,driving_regime_cluster,-2.6902070475655044,provisional_unverified,2,2.6902070475655044
b185f43818b8ff3aba325752922bbbf37fd094f1e282887487651e0a5c8f6c7a,window_709,90.0,100.0,driving_regime_cluster,-4.113121777743637,provisional_unverified,2,4.113121777743637
b185f43818b8ff3aba325752922bbbf37fd094f1e282887487651e0a5c8f6c7a,window_710,92.0,102.0,driving_regime_cluster,-4.52812950232573,provisional_unverified,0,4.52812950232573
b185f43818b8ff3aba325752922bbbf37fd094f1e282887487651e0a5c8f6c7a,window_711,94.0,104.0,driving_regime_cluster,-4.1595925125869755,provisional_unverified,0,4.1595925125869755
b185f43818b8ff3aba325752922bbbf37fd094f1e282887487651e0a5c8f6c7a,window_712,96.0,106.0,driving_regime_cluster,-2.3729213024647775,provisional_unverified,0,2.3729213024647775
b185f43818b8ff3aba325752922bbbf37fd094f1e282887487651e0a5c8f6c7a,window_713,98.0,108.0,driving_regime_cluster,-3.0374773522623038,provisional_unverified,0,3.0374773522623038
b185f43818b8ff3aba325752922bbbf37fd094f1e282887487651e0a5c8f6c7a,window_714,100.0,110.0,driving_regime_cluster,-2.6706990014761907,provisional_unverified,0,2.6706990014761907
b185f43818b8ff3aba325752922bbbf37fd094f1e282887487651e0a5c8f6c7a,window_715,102.0,112.0,driving_regime_cluster,-2.0824028628875397,provisional_unverified,0,2.0824028628875397
b185f43818b8ff3aba325752922bbbf37fd094f1e282887487651e0a5c8f6c7a,window_716,104.0,114.0,driving_regime_cluster,-1.3114075955397375,provisional_unverified,0,1.3114075955397375
b185f43818b8ff3aba325752922bbbf37fd094f1e282887487651e0a5c8f6c7a,window_717,106.0,116.0,driving_regime_cluster,-1.299823667161385,provisional_unverified,0,1.299823667161385
b185f43818b8ff3aba325752922bbbf37fd094f1e282887487651e0a5c8f6c7a,window_718,108.0,118.0,driving_regime_cluster,-1.3063710351778086,provisional_unverified,0,1.3063710351778086
b185f43818b8ff3aba325752922bbbf37fd094f1e282887487651e0a5c8f6c7a,window_719,110.0,120.0,driving_regime_cluster,-1.1941348008150086,provisional_unverified,0,1.1941348008150086
b185f43818b8ff3aba325752922bbbf37fd094f1e282887487651e0a5c8f6c7a,window_720,112.0,122.0,driving_regime_cluster,-1.086656533301203,provisional_unverified,0,1.086656533301203
b185f43818b8ff3aba325752922bbbf37fd094f1e282887487651e0a5c8f6c7a,window_721,114.0,124.0,driving_regime_cluster,-1.5255639196045783,provisional_unverified,0,1.5255639196045783
b439fc5983a3a0db22239d5dcf8cbebf9104a8b71a93c2afd75e75fe87301e46,window_722,0.0,10.0,driving_regime_cluster,-0.971927262042652,provisional_unverified,0,0.971927262042652
bace0e92b25324e8afbd0e5f6698b01a921780a2385e02419965fa97e3e796c4,window_723,0.0,10.0,driving_regime_cluster,-0.7825424517973446,provisional_unverified,0,0.7825424517973446
bace0e92b25324e8afbd0e5f6698b01a921780a2385e02419965fa97e3e796c4,window_724,2.0,12.0,driving_regime_cluster,-0.8230426058996003,provisional_unverified,0,0.8230426058996003
bace0e92b25324e8afbd0e5f6698b01a921780a2385e02419965fa97e3e796c4,window_725,4.0,14.0,driving_regime_cluster,-0.82922456628683,provisional_unverified,0,0.82922456628683
bace0e92b25324e8afbd0e5f6698b01a921780a2385e02419965fa97e3e796c4,window_726,6.0,16.0,driving_regime_cluster,-0.842142515589975,provisional_unverified,0,0.842142515589975
bace0e92b25324e8afbd0e5f6698b01a921780a2385e02419965fa97e3e796c4,window_727,8.0,18.0,driving_regime_cluster,-0.8371717376299572,provisional_unverified,0,0.8371717376299572
bace0e92b25324e8afbd0e5f6698b01a921780a2385e02419965fa97e3e796c4,window_728,10.0,20.0,driving_regime_cluster,-0.8357889802907409,provisional_unverified,0,0.8357889802907409
bace0e92b25324e8afbd0e5f6698b01a921780a2385e02419965fa97e3e796c4,window_729,12.0,22.0,driving_regime_cluster,-0.8445216385862373,provisional_unverified,0,0.8445216385862373
bace0e92b25324e8afbd0e5f6698b01a921780a2385e02419965fa97e3e796c4,window_730,14.0,24.0,driving_regime_cluster,-0.8502764317777957,provisional_unverified,0,0.8502764317777957
bace0e92b25324e8afbd0e5f6698b01a921780a2385e02419965fa97e3e796c4,window_731,16.0,26.0,driving_regime_cluster,-0.8398219354983774,provisional_unverified,0,0.8398219354983774
bace0e92b25324e8afbd0e5f6698b01a921780a2385e02419965fa97e3e796c4,window_732,18.0,28.0,driving_regime_cluster,-0.7882056462936842,provisional_unverified,0,0.7882056462936842
bace0e92b25324e8afbd0e5f6698b01a921780a2385e02419965fa97e3e796c4,window_733,20.0,30.0,driving_regime_cluster,-0.7522783343047854,provisional_unverified,0,0.7522783343047854
bace0e92b25324e8afbd0e5f6698b01a921780a2385e02419965fa97e3e796c4,window_734,22.0,32.0,driving_regime_cluster,-0.6823574666865163,provisional_unverified,0,0.6823574666865163
bace0e92b25324e8afbd0e5f6698b01a921780a2385e02419965fa97e3e796c4,window_735,24.0,34.0,driving_regime_cluster,-0.6517285969570712,provisional_unverified,0,0.6517285969570712
bace0e92b25324e8afbd0e5f6698b01a921780a2385e02419965fa97e3e796c4,window_736,26.0,36.0,driving_regime_cluster,-0.5920612071705509,provisional_unverified,0,0.5920612071705509
bace0e92b25324e8afbd0e5f6698b01a921780a2385e02419965fa97e3e796c4,window_737,28.0,38.0,driving_regime_cluster,-0.606200587314302,provisional_unverified,0,0.606200587314302
bace0e92b25324e8afbd0e5f6698b01a921780a2385e02419965fa97e3e796c4,window_738,30.0,40.0,driving_regime_cluster,-0.5906649980655159,provisional_unverified,0,0.5906649980655159
bace0e92b25324e8afbd0e5f6698b01a921780a2385e02419965fa97e3e796c4,window_739,32.0,42.0,driving_regime_cluster,-0.6414560841315128,provisional_unverified,0,0.6414560841315128
bace0e92b25324e8afbd0e5f6698b01a921780a2385e02419965fa97e3e796c4,window_740,34.0,44.0,driving_regime_cluster,-0.7064638010352728,provisional_unverified,0,0.7064638010352728
bace0e92b25324e8afbd0e5f6698b01a921780a2385e02419965fa97e3e796c4,window_741,36.0,46.0,driving_regime_cluster,-0.7332903720829532,provisional_unverified,0,0.7332903720829532
bace0e92b25324e8afbd0e5f6698b01a921780a2385e02419965fa97e3e796c4,window_742,38.0,48.0,driving_regime_cluster,-0.7537300184072442,provisional_unverified,0,0.7537300184072442
bace0e92b25324e8afbd0e5f6698b01a921780a2385e02419965fa97e3e796c4,window_743,40.0,50.0,driving_regime_cluster,-0.7498856722320875,provisional_unverified,0,0.7498856722320875
bace0e92b25324e8afbd0e5f6698b01a921780a2385e02419965fa97e3e796c4,window_744,42.0,52.0,driving_regime_cluster,-0.7590848605496163,provisional_unverified,0,0.7590848605496163
bace0e92b25324e8afbd0e5f6698b01a921780a2385e02419965fa97e3e796c4,window_745,44.0,54.0,driving_regime_cluster,-0.7502101609360361,provisional_unverified,0,0.7502101609360361
bace0e92b25324e8afbd0e5f6698b01a921780a2385e02419965fa97e3e796c4,window_746,46.0,56.0,driving_regime_cluster,-0.7547538647225291,provisional_unverified,0,0.7547538647225291
bace0e92b25324e8afbd0e5f6698b01a921780a2385e02419965fa97e3e796c4,window_747,48.0,58.0,driving_regime_cluster,-0.7700194150038725,provisional_unverified,0,0.7700194150038725
bace0e92b25324e8afbd0e5f6698b01a921780a2385e02419965fa97e3e796c4,window_748,50.0,60.0,driving_regime_cluster,-0.788944752720871,provisional_unverified,0,0.788944752720871
bace0e92b25324e8afbd0e5f6698b01a921780a2385e02419965fa97e3e796c4,window_749,52.0,62.0,driving_regime_cluster,-0.8018031934976799,provisional_unverified,0,0.8018031934976799
bace0e92b25324e8afbd0e5f6698b01a921780a2385e02419965fa97e3e796c4,window_750,54.0,64.0,driving_regime_cluster,-0.8338968303468869,provisional_unverified,0,0.8338968303468869
bace0e92b25324e8afbd0e5f6698b01a921780a2385e02419965fa97e3e796c4,window_751,56.0,66.0,driving_regime_cluster,-0.8315595756933265,provisional_unverified,0,0.8315595756933265
bace0e92b25324e8afbd0e5f6698b01a921780a2385e02419965fa97e3e796c4,window_752,58.0,68.0,driving_regime_cluster,-0.8295977950059098,provisional_unverified,0,0.8295977950059098
bace0e92b25324e8afbd0e5f6698b01a921780a2385e02419965fa97e3e796c4,window_753,60.0,70.0,driving_regime_cluster,-0.8404490940043317,provisional_unverified,0,0.8404490940043317
bace0e92b25324e8afbd0e5f6698b01a921780a2385e02419965fa97e3e796c4,window_754,62.0,72.0,driving_regime_cluster,-0.8515098859033693,provisional_unverified,0,0.8515098859033693
bace0e92b25324e8afbd0e5f6698b01a921780a2385e02419965fa97e3e796c4,window_755,64.0,74.0,driving_regime_cluster,-0.8513093571251109,provisional_unverified,0,0.8513093571251109
bace0e92b25324e8afbd0e5f6698b01a921780a2385e02419965fa97e3e796c4,window_756,66.0,76.0,driving_regime_cluster,-0.8729367646778572,provisional_unverified,0,0.8729367646778572
bace0e92b25324e8afbd0e5f6698b01a921780a2385e02419965fa97e3e796c4,window_757,68.0,78.0,driving_regime_cluster,-0.881423213972258,provisional_unverified,0,0.881423213972258
bace0e92b25324e8afbd0e5f6698b01a921780a2385e02419965fa97e3e796c4,window_758,70.0,80.0,driving_regime_cluster,-0.8863549473428838,provisional_unverified,0,0.8863549473428838
bace0e92b25324e8afbd0e5f6698b01a921780a2385e02419965fa97e3e796c4,window_759,72.0,82.0,driving_regime_cluster,-0.8816528397973069,provisional_unverified,0,0.8816528397973069
bace0e92b25324e8afbd0e5f6698b01a921780a2385e02419965fa97e3e796c4,window_760,74.0,84.0,driving_regime_cluster,-0.8815867482709911,provisional_unverified,0,0.8815867482709911
bace0e92b25324e8afbd0e5f6698b01a921780a2385e02419965fa97e3e796c4,window_761,76.0,86.0,driving_regime_cluster,-0.8851594791860673,provisional_unverified,0,0.8851594791860673
bace0e92b25324e8afbd0e5f6698b01a921780a2385e02419965fa97e3e796c4,window_762,78.0,88.0,driving_regime_cluster,-0.8837507511984045,provisional_unverified,0,0.8837507511984045
bace0e92b25324e8afbd0e5f6698b01a921780a2385e02419965fa97e3e796c4,window_763,80.0,90.0,driving_regime_cluster,-0.8755919645829147,provisional_unverified,0,0.8755919645829147
bace0e92b25324e8afbd0e5f6698b01a921780a2385e02419965fa97e3e796c4,window_764,82.0,92.0,driving_regime_cluster,-0.8787594536003247,provisional_unverified,0,0.8787594536003247
bace0e92b25324e8afbd0e5f6698b01a921780a2385e02419965fa97e3e796c4,window_765,84.0,94.0,driving_regime_cluster,-0.8827837321408535,provisional_unverified,0,0.8827837321408535
bace0e92b25324e8afbd0e5f6698b01a921780a2385e02419965fa97e3e796c4,window_766,86.0,96.0,driving_regime_cluster,-0.8770680301266454,provisional_unverified,0,0.8770680301266454
bace0e92b25324e8afbd0e5f6698b01a921780a2385e02419965fa97e3e796c4,window_767,88.0,98.0,driving_regime_cluster,-0.874335036982178,provisional_unverified,0,0.874335036982178
bace0e92b25324e8afbd0e5f6698b01a921780a2385e02419965fa97e3e796c4,window_768,90.0,100.0,driving_regime_cluster,-0.8868932801911541,provisional_unverified,0,0.8868932801911541
bace0e92b25324e8afbd0e5f6698b01a921780a2385e02419965fa97e3e796c4,window_769,92.0,102.0,driving_regime_cluster,-0.8938656080651868,provisional_unverified,0,0.8938656080651868
bace0e92b25324e8afbd0e5f6698b01a921780a2385e02419965fa97e3e796c4,window_770,94.0,104.0,driving_regime_cluster,-0.8919864454766872,provisional_unverified,0,0.8919864454766872
bace0e92b25324e8afbd0e5f6698b01a921780a2385e02419965fa97e3e796c4,window_771,96.0,106.0,driving_regime_cluster,-0.8875760616953176,provisional_unverified,0,0.8875760616953176
bace0e92b25324e8afbd0e5f6698b01a921780a2385e02419965fa97e3e796c4,window_772,98.0,108.0,driving_regime_cluster,-0.8729004752166829,provisional_unverified,0,0.8729004752166829
bace0e92b25324e8afbd0e5f6698b01a921780a2385e02419965fa97e3e796c4,window_773,100.0,110.0,driving_regime_cluster,-0.8010061230889954,provisional_unverified,0,0.8010061230889954
bace0e92b25324e8afbd0e5f6698b01a921780a2385e02419965fa97e3e796c4,window_774,102.0,112.0,driving_regime_cluster,-0.7631852447477394,provisional_unverified,0,0.7631852447477394
bace0e92b25324e8afbd0e5f6698b01a921780a2385e02419965fa97e3e796c4,window_775,104.0,114.0,driving_regime_cluster,-0.7093184047736456,provisional_unverified,0,0.7093184047736456
bace0e92b25324e8afbd0e5f6698b01a921780a2385e02419965fa97e3e796c4,window_776,106.0,116.0,driving_regime_cluster,-0.7345682894162989,provisional_unverified,0,0.7345682894162989
bace0e92b25324e8afbd0e5f6698b01a921780a2385e02419965fa97e3e796c4,window_777,108.0,118.0,driving_regime_cluster,-0.7154952141107325,provisional_unverified,0,0.7154952141107325
bace0e92b25324e8afbd0e5f6698b01a921780a2385e02419965fa97e3e796c4,window_778,110.0,120.0,driving_regime_cluster,-0.711663029624925,provisional_unverified,0,0.711663029624925
bace0e92b25324e8afbd0e5f6698b01a921780a2385e02419965fa97e3e796c4,window_779,112.0,122.0,driving_regime_cluster,-0.7040717540718886,provisional_unverified,0,0.7040717540718886
bace0e92b25324e8afbd0e5f6698b01a921780a2385e02419965fa97e3e796c4,window_780,114.0,124.0,driving_regime_cluster,-0.7459726192393622,provisional_unverified,0,0.7459726192393622
bace0e92b25324e8afbd0e5f6698b01a921780a2385e02419965fa97e3e796c4,window_781,116.0,126.0,driving_regime_cluster,-0.8397342407587975,provisional_unverified,0,0.8397342407587975
bace0e92b25324e8afbd0e5f6698b01a921780a2385e02419965fa97e3e796c4,window_782,118.0,128.0,driving_regime_cluster,-0.7871497555462654,provisional_unverified,0,0.7871497555462654
bace0e92b25324e8afbd0e5f6698b01a921780a2385e02419965fa97e3e796c4,window_783,120.0,130.0,driving_regime_cluster,-0.7832478198374534,provisional_unverified,0,0.7832478198374534
bace0e92b25324e8afbd0e5f6698b01a921780a2385e02419965fa97e3e796c4,window_784,122.0,132.0,driving_regime_cluster,-0.7794307279064404,provisional_unverified,0,0.7794307279064404
bace0e92b25324e8afbd0e5f6698b01a921780a2385e02419965fa97e3e796c4,window_785,124.0,134.0,driving_regime_cluster,-0.7642725688753115,provisional_unverified,0,0.7642725688753115
bace0e92b25324e8afbd0e5f6698b01a921780a2385e02419965fa97e3e796c4,window_786,126.0,136.0,driving_regime_cluster,-0.7404642797301317,provisional_unverified,0,0.7404642797301317
bace0e92b25324e8afbd0e5f6698b01a921780a2385e02419965fa97e3e796c4,window_787,128.0,138.0,driving_regime_cluster,-0.9085637136255942,provisional_unverified,0,0.9085637136255942
bace0e92b25324e8afbd0e5f6698b01a921780a2385e02419965fa97e3e796c4,window_788,130.0,140.0,driving_regime_cluster,-0.8667338301980626,provisional_unverified,0,0.8667338301980626
bace0e92b25324e8afbd0e5f6698b01a921780a2385e02419965fa97e3e796c4,window_789,132.0,142.0,driving_regime_cluster,-0.8612933201262784,provisional_unverified,0,0.8612933201262784
bace0e92b25324e8afbd0e5f6698b01a921780a2385e02419965fa97e3e796c4,window_790,134.0,144.0,driving_regime_cluster,-1.2371364738737112,provisional_unverified,0,1.2371364738737112
bace0e92b25324e8afbd0e5f6698b01a921780a2385e02419965fa97e3e796c4,window_791,136.0,146.0,driving_regime_cluster,-2.8190694734318105,provisional_unverified,0,2.8190694734318105
bace0e92b25324e8afbd0e5f6698b01a921780a2385e02419965fa97e3e796c4,window_792,138.0,148.0,driving_regime_cluster,-2.5663157359055084,provisional_unverified,0,2.5663157359055084
bace0e92b25324e8afbd0e5f6698b01a921780a2385e02419965fa97e3e796c4,window_793,140.0,150.0,driving_regime_cluster,-4.243571320530101,provisional_unverified,2,4.243571320530101
bace0e92b25324e8afbd0e5f6698b01a921780a2385e02419965fa97e3e796c4,window_794,142.0,152.0,driving_regime_cluster,-3.065207464892006,provisional_unverified,2,3.065207464892006
bace0e92b25324e8afbd0e5f6698b01a921780a2385e02419965fa97e3e796c4,window_795,144.0,154.0,driving_regime_cluster,-2.5035703991780083,provisional_unverified,2,2.5035703991780083
bace0e92b25324e8afbd0e5f6698b01a921780a2385e02419965fa97e3e796c4,window_796,146.0,156.0,driving_regime_cluster,-2.2905514286190622,provisional_unverified,2,2.2905514286190622
bace0e92b25324e8afbd0e5f6698b01a921780a2385e02419965fa97e3e796c4,window_797,148.0,158.0,driving_regime_cluster,-5.698563664092529,provisional_unverified,2,5.698563664092529
bace0e92b25324e8afbd0e5f6698b01a921780a2385e02419965fa97e3e796c4,window_798,150.0,160.0,driving_regime_cluster,-1.971980558398454,provisional_unverified,1,1.971980558398454
bace0e92b25324e8afbd0e5f6698b01a921780a2385e02419965fa97e3e796c4,window_799,152.0,162.0,driving_regime_cluster,-2.611865650664115,provisional_unverified,1,2.611865650664115
bace0e92b25324e8afbd0e5f6698b01a921780a2385e02419965fa97e3e796c4,window_800,154.0,164.0,driving_regime_cluster,-1.70470198124068,provisional_unverified,1,1.70470198124068
bace0e92b25324e8afbd0e5f6698b01a921780a2385e02419965fa97e3e796c4,window_801,156.0,166.0,driving_regime_cluster,-2.14517029975672,provisional_unverified,1,2.14517029975672
bace0e92b25324e8afbd0e5f6698b01a921780a2385e02419965fa97e3e796c4,window_802,158.0,168.0,driving_regime_cluster,-3.272245938714776,provisional_unverified,2,3.272245938714776
bace0e92b25324e8afbd0e5f6698b01a921780a2385e02419965fa97e3e796c4,window_803,160.0,170.0,driving_regime_cluster,-2.326567512672057,provisional_unverified,2,2.326567512672057
bace0e92b25324e8afbd0e5f6698b01a921780a2385e02419965fa97e3e796c4,window_804,162.0,172.0,driving_regime_cluster,-2.4190222774593573,provisional_unverified,2,2.4190222774593573
bace0e92b25324e8afbd0e5f6698b01a921780a2385e02419965fa97e3e796c4,window_805,164.0,174.0,driving_regime_cluster,-1.5691894374698385,provisional_unverified,2,1.5691894374698385
bace0e92b25324e8afbd0e5f6698b01a921780a2385e02419965fa97e3e796c4,window_806,166.0,176.0,driving_regime_cluster,-2.7729879621292994,provisional_unverified,2,2.7729879621292994
bace0e92b25324e8afbd0e5f6698b01a921780a2385e02419965fa97e3e796c4,window_807,168.0,178.0,driving_regime_cluster,-1.5857629066587366,provisional_unverified,2,1.5857629066587366
bace0e92b25324e8afbd0e5f6698b01a921780a2385e02419965fa97e3e796c4,window_808,170.0,180.0,driving_regime_cluster,-3.3552253718150435,provisional_unverified,2,3.3552253718150435
bace0e92b25324e8afbd0e5f6698b01a921780a2385e02419965fa97e3e796c4,window_809,172.0,182.0,driving_regime_cluster,-2.1437432254099176,provisional_unverified,2,2.1437432254099176
bace0e92b25324e8afbd0e5f6698b01a921780a2385e02419965fa97e3e796c4,window_810,174.0,184.0,driving_regime_cluster,-3.6121079870070294,provisional_unverified,2,3.6121079870070294
bace0e92b25324e8afbd0e5f6698b01a921780a2385e02419965fa97e3e796c4,window_811,176.0,186.0,driving_regime_cluster,-5.488444795385203,provisional_unverified,2,5.488444795385203
bace0e92b25324e8afbd0e5f6698b01a921780a2385e02419965fa97e3e796c4,window_812,178.0,188.0,driving_regime_cluster,-4.133970303273751,provisional_unverified,2,4.133970303273751
bace0e92b25324e8afbd0e5f6698b01a921780a2385e02419965fa97e3e796c4,window_813,180.0,190.0,driving_regime_cluster,-1.4268463135368812,provisional_unverified,2,1.4268463135368812
bace0e92b25324e8afbd0e5f6698b01a921780a2385e02419965fa97e3e796c4,window_814,182.0,192.0,driving_regime_cluster,-6.003592083924652,provisional_unverified,2,6.003592083924652
bace0e92b25324e8afbd0e5f6698b01a921780a2385e02419965fa97e3e796c4,window_815,184.0,194.0,driving_regime_cluster,-3.1015881634173357,provisional_unverified,2,3.1015881634173357
bace0e92b25324e8afbd0e5f6698b01a921780a2385e02419965fa97e3e796c4,window_816,186.0,196.0,driving_regime_cluster,-3.4662768470199437,provisional_unverified,2,3.4662768470199437
bace0e92b25324e8afbd0e5f6698b01a921780a2385e02419965fa97e3e796c4,window_817,188.0,198.0,driving_regime_cluster,-4.331343429280881,provisional_unverified,2,4.331343429280881
bace0e92b25324e8afbd0e5f6698b01a921780a2385e02419965fa97e3e796c4,window_818,190.0,200.0,driving_regime_cluster,-5.4826510920309275,provisional_unverified,2,5.4826510920309275
bace0e92b25324e8afbd0e5f6698b01a921780a2385e02419965fa97e3e796c4,window_819,192.0,202.0,driving_regime_cluster,-2.2145538622295957,provisional_unverified,2,2.2145538622295957
bace0e92b25324e8afbd0e5f6698b01a921780a2385e02419965fa97e3e796c4,window_820,194.0,204.0,driving_regime_cluster,-3.2460648938710266,provisional_unverified,2,3.2460648938710266
bace0e92b25324e8afbd0e5f6698b01a921780a2385e02419965fa97e3e796c4,window_821,196.0,206.0,driving_regime_cluster,-7.23645823862642,provisional_unverified,2,7.23645823862642
bace0e92b25324e8afbd0e5f6698b01a921780a2385e02419965fa97e3e796c4,window_822,198.0,208.0,driving_regime_cluster,-1.7785233443985122,provisional_unverified,2,1.7785233443985122
bace0e92b25324e8afbd0e5f6698b01a921780a2385e02419965fa97e3e796c4,window_823,200.0,210.0,driving_regime_cluster,-4.972031904888394,provisional_unverified,1,4.972031904888394
bace0e92b25324e8afbd0e5f6698b01a921780a2385e02419965fa97e3e796c4,window_824,202.0,212.0,driving_regime_cluster,-2.4424744799426255,provisional_unverified,1,2.4424744799426255
bace0e92b25324e8afbd0e5f6698b01a921780a2385e02419965fa97e3e796c4,window_825,204.0,214.0,driving_regime_cluster,-2.9494900282372885,provisional_unverified,1,2.9494900282372885
bace0e92b25324e8afbd0e5f6698b01a921780a2385e02419965fa97e3e796c4,window_826,206.0,216.0,driving_regime_cluster,-2.4808461672923054,provisional_unverified,1,2.4808461672923054
bace0e92b25324e8afbd0e5f6698b01a921780a2385e02419965fa97e3e796c4,window_827,208.0,218.0,driving_regime_cluster,-2.303097983948553,provisional_unverified,1,2.303097983948553
bace0e92b25324e8afbd0e5f6698b01a921780a2385e02419965fa97e3e796c4,window_828,210.0,220.0,driving_regime_cluster,-3.447760223004873,provisional_unverified,2,3.447760223004873
bace0e92b25324e8afbd0e5f6698b01a921780a2385e02419965fa97e3e796c4,window_829,212.0,222.0,driving_regime_cluster,-3.425656316655272,provisional_unverified,2,3.425656316655272
bace0e92b25324e8afbd0e5f6698b01a921780a2385e02419965fa97e3e796c4,window_830,214.0,224.0,driving_regime_cluster,-2.098951165659477,provisional_unverified,2,2.098951165659477
bace0e92b25324e8afbd0e5f6698b01a921780a2385e02419965fa97e3e796c4,window_831,216.0,226.0,driving_regime_cluster,-3.072906956027864,provisional_unverified,2,3.072906956027864
bace0e92b25324e8afbd0e5f6698b01a921780a2385e02419965fa97e3e796c4,window_832,218.0,228.0,driving_regime_cluster,-3.8657382748884372,provisional_unverified,2,3.8657382748884372
bace0e92b25324e8afbd0e5f6698b01a921780a2385e02419965fa97e3e796c4,window_833,220.0,230.0,driving_regime_cluster,-3.9140646244105874,provisional_unverified,0,3.9140646244105874
bace0e92b25324e8afbd0e5f6698b01a921780a2385e02419965fa97e3e796c4,window_834,222.0,232.0,driving_regime_cluster,-3.2032297717596876,provisional_unverified,0,3.2032297717596876
bace0e92b25324e8afbd0e5f6698b01a921780a2385e02419965fa97e3e796c4,window_835,224.0,234.0,driving_regime_cluster,-1.973060621655738,provisional_unverified,0,1.973060621655738
bace0e92b25324e8afbd0e5f6698b01a921780a2385e02419965fa97e3e796c4,window_836,226.0,236.0,driving_regime_cluster,-2.234683974804608,provisional_unverified,0,2.234683974804608
bace0e92b25324e8afbd0e5f6698b01a921780a2385e02419965fa97e3e796c4,window_837,228.0,238.0,driving_regime_cluster,-2.4526919619356486,provisional_unverified,0,2.4526919619356486
bace0e92b25324e8afbd0e5f6698b01a921780a2385e02419965fa97e3e796c4,window_838,230.0,240.0,driving_regime_cluster,-2.3895302964257024,provisional_unverified,0,2.3895302964257024
bace0e92b25324e8afbd0e5f6698b01a921780a2385e02419965fa97e3e796c4,window_839,232.0,242.0,driving_regime_cluster,-1.795188411684631,provisional_unverified,0,1.795188411684631
c3c503093a73b359d513d025d9185c7ada423099650828cbd4fdba12d1d7aafc,window_840,0.0,10.0,driving_regime_cluster,-0.8713202276984885,provisional_unverified,0,0.8713202276984885
c3c503093a73b359d513d025d9185c7ada423099650828cbd4fdba12d1d7aafc,window_841,2.0,12.0,driving_regime_cluster,-0.8470432007466259,provisional_unverified,0,0.8470432007466259
c3c503093a73b359d513d025d9185c7ada423099650828cbd4fdba12d1d7aafc,window_842,4.0,14.0,driving_regime_cluster,-0.9362038997314638,provisional_unverified,0,0.9362038997314638
c3c503093a73b359d513d025d9185c7ada423099650828cbd4fdba12d1d7aafc,window_843,6.0,16.0,driving_regime_cluster,-1.0146773827382962,provisional_unverified,0,1.0146773827382962
c3c503093a73b359d513d025d9185c7ada423099650828cbd4fdba12d1d7aafc,window_844,8.0,18.0,driving_regime_cluster,-0.9985912179681538,provisional_unverified,0,0.9985912179681538
c3c503093a73b359d513d025d9185c7ada423099650828cbd4fdba12d1d7aafc,window_845,10.0,20.0,driving_regime_cluster,-0.9278311537487123,provisional_unverified,0,0.9278311537487123
db4d46d3c8abd3b8d2327e52a99599c63e7bd8ed5f1b122d3047d731fc6d2684,window_846,0.0,10.0,driving_regime_cluster,-0.6853895661184456,provisional_unverified,0,0.6853895661184456
db4d46d3c8abd3b8d2327e52a99599c63e7bd8ed5f1b122d3047d731fc6d2684,window_847,2.0,12.0,driving_regime_cluster,-0.6450652199515307,provisional_unverified,0,0.6450652199515307
db4d46d3c8abd3b8d2327e52a99599c63e7bd8ed5f1b122d3047d731fc6d2684,window_848,4.0,14.0,driving_regime_cluster,-0.6051763645583994,provisional_unverified,0,0.6051763645583994
db4d46d3c8abd3b8d2327e52a99599c63e7bd8ed5f1b122d3047d731fc6d2684,window_849,6.0,16.0,driving_regime_cluster,-0.5435661113982813,provisional_unverified,0,0.5435661113982813
db4d46d3c8abd3b8d2327e52a99599c63e7bd8ed5f1b122d3047d731fc6d2684,window_850,8.0,18.0,driving_regime_cluster,-0.5540078789223832,provisional_unverified,0,0.5540078789223832
db4d46d3c8abd3b8d2327e52a99599c63e7bd8ed5f1b122d3047d731fc6d2684,window_851,10.0,20.0,driving_regime_cluster,-0.6658214186107649,provisional_unverified,0,0.6658214186107649
dc8bf44eb4cc0becf1c5ebe252a515c98193744c2031498501de80e036899758,window_852,0.0,10.0,driving_regime_cluster,-0.6097551205816031,provisional_unverified,0,0.6097551205816031
dc8bf44eb4cc0becf1c5ebe252a515c98193744c2031498501de80e036899758,window_853,2.0,12.0,driving_regime_cluster,-0.6162279118198443,provisional_unverified,0,0.6162279118198443
dc8bf44eb4cc0becf1c5ebe252a515c98193744c2031498501de80e036899758,window_854,4.0,14.0,driving_regime_cluster,-0.6309449399325192,provisional_unverified,0,0.6309449399325192
dc8bf44eb4cc0becf1c5ebe252a515c98193744c2031498501de80e036899758,window_855,6.0,16.0,driving_regime_cluster,-0.6437391865033286,provisional_unverified,0,0.6437391865033286
dc8bf44eb4cc0becf1c5ebe252a515c98193744c2031498501de80e036899758,window_856,8.0,18.0,driving_regime_cluster,-0.6504918649638161,provisional_unverified,0,0.6504918649638161
dc8bf44eb4cc0becf1c5ebe252a515c98193744c2031498501de80e036899758,window_857,10.0,20.0,driving_regime_cluster,-0.6539597684465925,provisional_unverified,0,0.6539597684465925
dc8bf44eb4cc0becf1c5ebe252a515c98193744c2031498501de80e036899758,window_858,12.0,22.0,driving_regime_cluster,-0.6570274610208009,provisional_unverified,0,0.6570274610208009
dc8bf44eb4cc0becf1c5ebe252a515c98193744c2031498501de80e036899758,window_859,14.0,24.0,driving_regime_cluster,-0.6536332657598244,provisional_unverified,0,0.6536332657598244
dc8bf44eb4cc0becf1c5ebe252a515c98193744c2031498501de80e036899758,window_860,16.0,26.0,driving_regime_cluster,-0.6614824444914396,provisional_unverified,0,0.6614824444914396
dc8bf44eb4cc0becf1c5ebe252a515c98193744c2031498501de80e036899758,window_861,18.0,28.0,driving_regime_cluster,-0.6754469452394005,provisional_unverified,0,0.6754469452394005
dc8bf44eb4cc0becf1c5ebe252a515c98193744c2031498501de80e036899758,window_862,20.0,30.0,driving_regime_cluster,-0.6896816263624863,provisional_unverified,0,0.6896816263624863
dc8bf44eb4cc0becf1c5ebe252a515c98193744c2031498501de80e036899758,window_863,22.0,32.0,driving_regime_cluster,-0.7022766416505812,provisional_unverified,0,0.7022766416505812
dc8bf44eb4cc0becf1c5ebe252a515c98193744c2031498501de80e036899758,window_864,24.0,34.0,driving_regime_cluster,-0.7133478699126699,provisional_unverified,0,0.7133478699126699
dc8bf44eb4cc0becf1c5ebe252a515c98193744c2031498501de80e036899758,window_865,26.0,36.0,driving_regime_cluster,-0.7167569174025225,provisional_unverified,0,0.7167569174025225
dc8bf44eb4cc0becf1c5ebe252a515c98193744c2031498501de80e036899758,window_866,28.0,38.0,driving_regime_cluster,-0.7182010668224256,provisional_unverified,0,0.7182010668224256
dc8bf44eb4cc0becf1c5ebe252a515c98193744c2031498501de80e036899758,window_867,30.0,40.0,driving_regime_cluster,-0.7201307777767109,provisional_unverified,0,0.7201307777767109
dc8bf44eb4cc0becf1c5ebe252a515c98193744c2031498501de80e036899758,window_868,32.0,42.0,driving_regime_cluster,-0.7271517966723209,provisional_unverified,0,0.7271517966723209
dc8bf44eb4cc0becf1c5ebe252a515c98193744c2031498501de80e036899758,window_869,34.0,44.0,driving_regime_cluster,-0.7202780288158027,provisional_unverified,0,0.7202780288158027
dc8bf44eb4cc0becf1c5ebe252a515c98193744c2031498501de80e036899758,window_870,36.0,46.0,driving_regime_cluster,-0.7268820753275254,provisional_unverified,0,0.7268820753275254
dc8bf44eb4cc0becf1c5ebe252a515c98193744c2031498501de80e036899758,window_871,38.0,48.0,driving_regime_cluster,-0.7288390678780491,provisional_unverified,0,0.7288390678780491
dc8bf44eb4cc0becf1c5ebe252a515c98193744c2031498501de80e036899758,window_872,40.0,50.0,driving_regime_cluster,-0.7218447825880675,provisional_unverified,0,0.7218447825880675
dc8bf44eb4cc0becf1c5ebe252a515c98193744c2031498501de80e036899758,window_873,42.0,52.0,driving_regime_cluster,-0.7177292803626828,provisional_unverified,0,0.7177292803626828
dc8bf44eb4cc0becf1c5ebe252a515c98193744c2031498501de80e036899758,window_874,44.0,54.0,driving_regime_cluster,-0.724305782770906,provisional_unverified,0,0.724305782770906
dc8bf44eb4cc0becf1c5ebe252a515c98193744c2031498501de80e036899758,window_875,46.0,56.0,driving_regime_cluster,-0.7185478787421629,provisional_unverified,0,0.7185478787421629
dc8bf44eb4cc0becf1c5ebe252a515c98193744c2031498501de80e036899758,window_876,48.0,58.0,driving_regime_cluster,-0.7216141206613694,provisional_unverified,0,0.7216141206613694
dc8bf44eb4cc0becf1c5ebe252a515c98193744c2031498501de80e036899758,window_877,50.0,60.0,driving_regime_cluster,-0.7233676458506207,provisional_unverified,0,0.7233676458506207
dc8bf44eb4cc0becf1c5ebe252a515c98193744c2031498501de80e036899758,window_878,52.0,62.0,driving_regime_cluster,-0.7256500055061958,provisional_unverified,0,0.7256500055061958
dc8bf44eb4cc0becf1c5ebe252a515c98193744c2031498501de80e036899758,window_879,54.0,64.0,driving_regime_cluster,-0.7183417386298124,provisional_unverified,0,0.7183417386298124
dc8bf44eb4cc0becf1c5ebe252a515c98193744c2031498501de80e036899758,window_880,56.0,66.0,driving_regime_cluster,-0.7125454196206608,provisional_unverified,0,0.7125454196206608
dc8bf44eb4cc0becf1c5ebe252a515c98193744c2031498501de80e036899758,window_881,58.0,68.0,driving_regime_cluster,-0.6946936565979807,provisional_unverified,0,0.6946936565979807
dc8bf44eb4cc0becf1c5ebe252a515c98193744c2031498501de80e036899758,window_882,60.0,70.0,driving_regime_cluster,-0.6865803248839668,provisional_unverified,0,0.6865803248839668
dc8bf44eb4cc0becf1c5ebe252a515c98193744c2031498501de80e036899758,window_883,62.0,72.0,driving_regime_cluster,-0.6875819497146184,provisional_unverified,0,0.6875819497146184
dc8bf44eb4cc0becf1c5ebe252a515c98193744c2031498501de80e036899758,window_884,64.0,74.0,driving_regime_cluster,-0.6892444309010983,provisional_unverified,0,0.6892444309010983
dc8bf44eb4cc0becf1c5ebe252a515c98193744c2031498501de80e036899758,window_885,66.0,76.0,driving_regime_cluster,-0.6961992881984367,provisional_unverified,0,0.6961992881984367
dc8bf44eb4cc0becf1c5ebe252a515c98193744c2031498501de80e036899758,window_886,68.0,78.0,driving_regime_cluster,-0.7182435081990307,provisional_unverified,0,0.7182435081990307
dc8bf44eb4cc0becf1c5ebe252a515c98193744c2031498501de80e036899758,window_887,70.0,80.0,driving_regime_cluster,-0.7255872030013149,provisional_unverified,0,0.7255872030013149
dc8bf44eb4cc0becf1c5ebe252a515c98193744c2031498501de80e036899758,window_888,72.0,82.0,driving_regime_cluster,-0.7368326447830044,provisional_unverified,0,0.7368326447830044
dc8bf44eb4cc0becf1c5ebe252a515c98193744c2031498501de80e036899758,window_889,74.0,84.0,driving_regime_cluster,-0.7444227497154602,provisional_unverified,0,0.7444227497154602
dc8bf44eb4cc0becf1c5ebe252a515c98193744c2031498501de80e036899758,window_890,76.0,86.0,driving_regime_cluster,-0.7480617389681298,provisional_unverified,0,0.7480617389681298
dc8bf44eb4cc0becf1c5ebe252a515c98193744c2031498501de80e036899758,window_891,78.0,88.0,driving_regime_cluster,-0.749101537971523,provisional_unverified,0,0.749101537971523
dc8bf44eb4cc0becf1c5ebe252a515c98193744c2031498501de80e036899758,window_892,80.0,90.0,driving_regime_cluster,-0.7505569231179536,provisional_unverified,0,0.7505569231179536
dc8bf44eb4cc0becf1c5ebe252a515c98193744c2031498501de80e036899758,window_893,82.0,92.0,driving_regime_cluster,-0.7563419562265699,provisional_unverified,0,0.7563419562265699
dc8bf44eb4cc0becf1c5ebe252a515c98193744c2031498501de80e036899758,window_894,84.0,94.0,driving_regime_cluster,-0.7614544135439966,provisional_unverified,0,0.7614544135439966
dc8bf44eb4cc0becf1c5ebe252a515c98193744c2031498501de80e036899758,window_895,86.0,96.0,driving_regime_cluster,-0.7662028721190217,provisional_unverified,0,0.7662028721190217
dc8bf44eb4cc0becf1c5ebe252a515c98193744c2031498501de80e036899758,window_896,88.0,98.0,driving_regime_cluster,-0.7663106228919933,provisional_unverified,0,0.7663106228919933
dc8bf44eb4cc0becf1c5ebe252a515c98193744c2031498501de80e036899758,window_897,90.0,100.0,driving_regime_cluster,-0.7689980381301047,provisional_unverified,0,0.7689980381301047
dc8bf44eb4cc0becf1c5ebe252a515c98193744c2031498501de80e036899758,window_898,92.0,102.0,driving_regime_cluster,-0.7666723696591704,provisional_unverified,0,0.7666723696591704
dc8bf44eb4cc0becf1c5ebe252a515c98193744c2031498501de80e036899758,window_899,94.0,104.0,driving_regime_cluster,-0.7761557695978488,provisional_unverified,0,0.7761557695978488
dc8bf44eb4cc0becf1c5ebe252a515c98193744c2031498501de80e036899758,window_900,96.0,106.0,driving_regime_cluster,-0.7844473926533644,provisional_unverified,0,0.7844473926533644
dc8bf44eb4cc0becf1c5ebe252a515c98193744c2031498501de80e036899758,window_901,98.0,108.0,driving_regime_cluster,-0.8035763135100248,provisional_unverified,0,0.8035763135100248
dc8bf44eb4cc0becf1c5ebe252a515c98193744c2031498501de80e036899758,window_902,100.0,110.0,driving_regime_cluster,-0.8140073444699486,provisional_unverified,0,0.8140073444699486
dc8bf44eb4cc0becf1c5ebe252a515c98193744c2031498501de80e036899758,window_903,102.0,112.0,driving_regime_cluster,-0.8128877817321056,provisional_unverified,0,0.8128877817321056
dc8bf44eb4cc0becf1c5ebe252a515c98193744c2031498501de80e036899758,window_904,104.0,114.0,driving_regime_cluster,-0.8077875365492101,provisional_unverified,0,0.8077875365492101
dc8bf44eb4cc0becf1c5ebe252a515c98193744c2031498501de80e036899758,window_905,106.0,116.0,driving_regime_cluster,-0.8015092456520163,provisional_unverified,0,0.8015092456520163
dc8bf44eb4cc0becf1c5ebe252a515c98193744c2031498501de80e036899758,window_906,108.0,118.0,driving_regime_cluster,-0.7993316836732925,provisional_unverified,0,0.7993316836732925
dc8bf44eb4cc0becf1c5ebe252a515c98193744c2031498501de80e036899758,window_907,110.0,120.0,driving_regime_cluster,-0.7980032697395805,provisional_unverified,0,0.7980032697395805
dc8bf44eb4cc0becf1c5ebe252a515c98193744c2031498501de80e036899758,window_908,112.0,122.0,driving_regime_cluster,-0.8076811905644103,provisional_unverified,0,0.8076811905644103
dc8bf44eb4cc0becf1c5ebe252a515c98193744c2031498501de80e036899758,window_909,114.0,124.0,driving_regime_cluster,-0.8228481232312486,provisional_unverified,0,0.8228481232312486
dc8bf44eb4cc0becf1c5ebe252a515c98193744c2031498501de80e036899758,window_910,116.0,126.0,driving_regime_cluster,-0.8235052295292308,provisional_unverified,0,0.8235052295292308
dc8bf44eb4cc0becf1c5ebe252a515c98193744c2031498501de80e036899758,window_911,118.0,128.0,driving_regime_cluster,-0.8243892551589377,provisional_unverified,0,0.8243892551589377
dc8bf44eb4cc0becf1c5ebe252a515c98193744c2031498501de80e036899758,window_912,120.0,130.0,driving_regime_cluster,-0.8270630126488375,provisional_unverified,0,0.8270630126488375
dc8bf44eb4cc0becf1c5ebe252a515c98193744c2031498501de80e036899758,window_913,122.0,132.0,driving_regime_cluster,-0.8406750869539917,provisional_unverified,0,0.8406750869539917
dc8bf44eb4cc0becf1c5ebe252a515c98193744c2031498501de80e036899758,window_914,124.0,134.0,driving_regime_cluster,-0.830506984251555,provisional_unverified,0,0.830506984251555
dc8bf44eb4cc0becf1c5ebe252a515c98193744c2031498501de80e036899758,window_915,126.0,136.0,driving_regime_cluster,-0.8419074755922674,provisional_unverified,0,0.8419074755922674
dc8bf44eb4cc0becf1c5ebe252a515c98193744c2031498501de80e036899758,window_916,128.0,138.0,driving_regime_cluster,-0.8416111108674257,provisional_unverified,0,0.8416111108674257
dc8bf44eb4cc0becf1c5ebe252a515c98193744c2031498501de80e036899758,window_917,130.0,140.0,driving_regime_cluster,-0.8497254393224519,provisional_unverified,0,0.8497254393224519
dc8bf44eb4cc0becf1c5ebe252a515c98193744c2031498501de80e036899758,window_918,132.0,142.0,driving_regime_cluster,-0.8318778661565314,provisional_unverified,0,0.8318778661565314
dc8bf44eb4cc0becf1c5ebe252a515c98193744c2031498501de80e036899758,window_919,134.0,144.0,driving_regime_cluster,-0.8374019839826736,provisional_unverified,0,0.8374019839826736
dc8bf44eb4cc0becf1c5ebe252a515c98193744c2031498501de80e036899758,window_920,136.0,146.0,driving_regime_cluster,-0.8110980964031694,provisional_unverified,0,0.8110980964031694
dc8bf44eb4cc0becf1c5ebe252a515c98193744c2031498501de80e036899758,window_921,138.0,148.0,driving_regime_cluster,-0.816597446646774,provisional_unverified,0,0.816597446646774
dc8bf44eb4cc0becf1c5ebe252a515c98193744c2031498501de80e036899758,window_922,140.0,150.0,driving_regime_cluster,-0.8136844531577073,provisional_unverified,0,0.8136844531577073
dc8bf44eb4cc0becf1c5ebe252a515c98193744c2031498501de80e036899758,window_923,142.0,152.0,driving_regime_cluster,-0.808117984654719,provisional_unverified,0,0.808117984654719
dc8bf44eb4cc0becf1c5ebe252a515c98193744c2031498501de80e036899758,window_924,144.0,154.0,driving_regime_cluster,-0.8039719231714163,provisional_unverified,0,0.8039719231714163
dc8bf44eb4cc0becf1c5ebe252a515c98193744c2031498501de80e036899758,window_925,146.0,156.0,driving_regime_cluster,-0.8228921726703319,provisional_unverified,0,0.8228921726703319
dc8bf44eb4cc0becf1c5ebe252a515c98193744c2031498501de80e036899758,window_926,148.0,158.0,driving_regime_cluster,-0.8013199739803246,provisional_unverified,0,0.8013199739803246
dc8bf44eb4cc0becf1c5ebe252a515c98193744c2031498501de80e036899758,window_927,150.0,160.0,driving_regime_cluster,-0.8016582755482629,provisional_unverified,0,0.8016582755482629
dc8bf44eb4cc0becf1c5ebe252a515c98193744c2031498501de80e036899758,window_928,152.0,162.0,driving_regime_cluster,-0.7383853645897275,provisional_unverified,0,0.7383853645897275
dc8bf44eb4cc0becf1c5ebe252a515c98193744c2031498501de80e036899758,window_929,154.0,164.0,driving_regime_cluster,-0.6892587707891147,provisional_unverified,0,0.6892587707891147
dc8bf44eb4cc0becf1c5ebe252a515c98193744c2031498501de80e036899758,window_930,156.0,166.0,driving_regime_cluster,-0.642433344170065,provisional_unverified,0,0.642433344170065
dc8bf44eb4cc0becf1c5ebe252a515c98193744c2031498501de80e036899758,window_931,158.0,168.0,driving_regime_cluster,-0.9453331580324671,provisional_unverified,0,0.9453331580324671
dc8bf44eb4cc0becf1c5ebe252a515c98193744c2031498501de80e036899758,window_932,160.0,170.0,driving_regime_cluster,-2.3011074575714243,provisional_unverified,0,2.3011074575714243
dc8bf44eb4cc0becf1c5ebe252a515c98193744c2031498501de80e036899758,window_933,162.0,172.0,driving_regime_cluster,-3.3933736977341726,provisional_unverified,0,3.3933736977341726
dc8bf44eb4cc0becf1c5ebe252a515c98193744c2031498501de80e036899758,window_934,164.0,174.0,driving_regime_cluster,-4.142008758328158,provisional_unverified,0,4.142008758328158
dc8bf44eb4cc0becf1c5ebe252a515c98193744c2031498501de80e036899758,window_935,166.0,176.0,driving_regime_cluster,-4.815262471384504,provisional_unverified,0,4.815262471384504
