Time,Motor RPM [Rpm],MC Duty Cycle [%],MC Volts [V],AC Current,DC Current [A],CellId,MC Temp [°C],Motor Temp [°C],Fault Code,MC Throttle [%],Drive Enable,RadIn_Temp [°C],RadOut_Tem [°C],Flowrate,Actual_FOC_id,Actual_FOC_iq,Actual_Brake [%],Rolling_Counter,Relay_State,CRC_Checksum,CRC_Checksum_22,Pack_Current,Pack_CCL,Pack_DCL,Pack_Open_Volta,TSB HighTemp,Pack_SOC,Cell Low,Therm1_Val [°C],Therm1_LowVal [°C],Therm1_HighVal [°C],Therm2_Val [°C],Therm2_LowVal [°C],Therm2_HighVal [°C],Therm1_ID,Therm1_ModNum,AN3 [V],AN6 [V],VBAT [V],Int Temp [°C],CAN1 Load [%],CAN1 ERRORS [hex],CAN2 ERRORS [decimal],ALARMS1 [decimal],uFLAGS1 [decimal],RTD,Energized,LV Low,Motor Temp High,MC Temp High,Logging,TSB Temp,Stop Logging,WATER T ALM
21:25:44.025,0,0.3,326,0,0,0,40,44,0,0,1,46,44,8,0,0,0,0,0,0,0,0,12,190,1,38,38,18,37,18,38,37,37,38,-851583,8,4.863,0,13.572,39,0,32,0,0,35,1,1,0,0,0,1,0,0,0
21:25:44.125,0,0.4,327,0,0,0,40,44,0,0,1,46,45,8,0,0,0,0,0,0,0,0,12,190,1,38,38,18,37,18,38,37,37,38,-851583,8,4.863,0,13.6,39,0,32,0,0,35,1,1,0,0,0,1,0,0,0
21:25:44.225,0,0.5,326,0,0,0,40,44,0,0,1,49,44,8,0,0,0,0,0,0,0,0,12,190,1,38,38,18,36,18,38,37,37,38,-851583,8,4.863,0,13.579,39,0,32,0,0,35,1,1,0,0,0,1,0,0,0
21:25:44.325,0,0.5,326,0,0,0,40,44,0,0,1,49,44,8,0,0,0,0,0,0,0,0,12,190,1,38,38,18,37,18,38,37,37,38,-851583,8,4.863,0.015,13.572,39,0,32,0,0,35,1,1,0,0,0,1,0,0,0
21:25:44.425,0,0.5,327,0,0,0,40,44,0,0,1,49,45,8,0,0,0,0,0,0,0,0,12,190,1,38,38,18,18,18,38,37,37,38,-851583,8,4.863,0.015,13.565,39,0,32,0,0,35,1,1,0,0,0,1,0,0,0
21:25:44.525,0,0.6,326,0,0,0,40,44,0,0,1,50,46,8,0,0,0,0,0,0,0,0,12,190,1,38,38,18,37,18,38,37,37,38,-851583,8,4.858,0.015,13.559,39,0,32,0,0,35,1,1,0,0,0,1,0,0,0
21:25:44.625,0,0.5,327,0,0,0,40,44,0,0,1,47,45,8,0,0,0,0,0,0,0,0,12,190,1,38,38,18,37,18,38,37,37,38,-851583,8,4.863,0.015,13.545,39,0,32,0,0,35,1,1,0,0,0,1,0,0,0
21:25:44.725,0,0.6,326,0,0,0,40,44,0,0,1,47,46,8,0,0,0,0,0,0,0,0,12,190,1,38,38,18,36,18,38,37,37,38,-851583,8,4.863,0.015,13.565,39,0,32,0,0,35,1,1,0,0,0,1,0,0,0
21:25:44.825,0,0.5,326,0,0,0,40,44,0,0,1,48,47,8,0,0,0,0,0,0,0,0,12,190,1,38,38,18,36,18,38,37,37,38,-851583,8,4.863,0.015,13.579,39,0,32,0,0,35,1,1,0,0,0,1,0,0,0
21:25:44.925,0,0.6,325,0,0,0,40,44,0,0,1,48,46,8,0,0,0,0,0,0,0,0,12,190,1,38,38,18,37,18,38,37,37,38,-851583,8,4.863,0.015,13.572,39,0,32,0,0,35,1,1,0,0,0,1,0,0,0
21:25:45.025,0,0.6,326,0,0,0,40,44,0,0,1,48,47,8,0,0,0,0,0,0,0,0,12,190,1,38,38,18,37,18,38,38,37,38,-851583,8,4.863,0.015,13.572,39,0,32,0,0,35,1,1,0,0,0,1,0,0,0
21:25:45.125,0,0.4,327,0,0,0,40,44,0,0,1,49,46,8,0,0,0,0,0,0,0,0,12,190,1,38,38,18,36,18,38,37,37,38,-851583,8,4.863,0.015,13.579,39,0,32,0,0,35,1,1,0,0,0,1,0,0,0
21:25:45.225,0,0.5,327,0,0,0,40,44,0,0,1,47,46,8,0,0,0,0,0,0,0,0,12,190,1,38,38,18,37,18,38,38,37,38,-851583,8,4.863,0.015,13.552,39,0,32,0,0,35,1,1,0,0,0,1,0,0,0
21:25:45.325,0,0.5,326,0,0,0,40,44,0,0,1,48,46,8,0,0,0,0,0,0,0,0,12,190,1,38,38,18,37,18,38,38,37,38,-851583,8,4.863,0.015,13.552,39,0,32,0,0,35,1,1,0,0,0,1,0,0,0
21:25:45.425,0,0.7,327,0,0,0,40,43.9,0,0,1,48,46,8,0,0,0,0,0,0,0,0,12,190,1,38,38,18,37,18,38,37,37,38,-851583,8,4.863,0.015,13.545,39,0,32,0,0,35,1,1,0,0,0,1,0,0,0
21:25:45.525,0,0.6,327,0,0,0,40,43.9,0,0,1,48,47,8,0,0,0,0,0,0,0,0,12,190,1,38,38,18,38,18,38,38,37,38,-851583,8,4.863,0.015,13.6,39,0,32,0,0,35,1,1,0,0,0,1,0,0,0
21:25:45.625,0,0.5,327,0,0,0,40,43.9,0,0,1,47,47,8,0,0,0,0,0,0,0,0,12,190,1,38,38,18,37,18,38,37,37,38,-851583,8,4.863,0.015,13.545,39,0,32,0,0,35,1,1,0,0,0,1,0,0,0
21:25:45.725,0,0.6,326,0,0,0,40,43.9,0,0,1,49,47,8,0,0,0,0,0,0,0,0,12,190,1,38,38,18,37,18,38,37,37,38,-851583,8,4.863,0.015,13.565,39,0,32,0,0,35,1,1,0,0,0,1,0,0,0
21:25:45.825,0,0.4,326,0,0,0,40,43.6,0,0,1,47,46,8,0,0,0,0,0,0,0,0,12,190,1,38,38,18,37,18,38,37,37,38,-851583,8,4.863,0.015,13.524,39,0,32,0,0,35,1,1,0,0,0,1,0,0,0
21:25:45.925,0,0.5,326,0,0,0,40,43.5,0,0,1,49,46,8,0,0,0,0,0,0,0,0,12,190,1,38,38,18,38,18,38,37,37,38,-851583,8,4.863,0.015,13.579,39,0,32,0,0,35,1,1,0,0,0,1,0,0,0
21:25:46.025,0,0.6,327,0,0,0,40,43,0,0,1,47,48,8,0,0,0,0,0,0,0,0,12,190,1,38,38,18,37,18,38,37,37,38,-851583,8,4.863,0.015,13.593,39,0,32,0,0,35,1,1,0,0,0,1,0,0,0
21:25:46.125,0,0.5,327,0,0,0,40,43,0,0,1,47,46,7,0,0,0,0,0,0,0,0,12,190,1,38,38,18,37,18,38,37,37,38,-851583,8,4.863,0.015,13.545,39,0,32,0,0,35,1,1,0,0,0,1,0,0,0
21:25:46.225,0,0.4,325,0,0,0,40,43,0,0,1,47,46,8,0,0,0,0,0,0,0,0,12,190,1,38,38,18,37,18,38,37,37,38,-851583,8,4.863,0.015,13.545,39,0,32,0,0,35,1,1,0,0,0,1,0,0,0
21:25:46.325,0,0.4,327,0,0,0,40,43,0,0,1,47,46,8,0,0,0,0,0,0,0,0,12,190,1,38,38,18,37,18,38,37,37,38,-851583,8,4.863,0.015,13.579,39,0,32,0,0,35,1,1,0,0,0,1,0,0,0
21:25:46.425,0,0.5,326,0,0,0,40,43,0,0,1,48,46,8,0,0,0,0,0,0,0,0,12,190,1,38,38,18,37,18,38,37,37,38,-851583,8,4.863,0.015,13.565,39,0,32,0,0,35,1,1,0,0,0,1,0,0,0
21:25:46.525,0,0.3,327,0,0,0,40,43,0,0,1,48,47,8,0,0,0,0,0,0,0,0,12,190,1,38,38,18,36,18,38,37,37,38,-851583,8,4.863,0.015,13.6,39,0,32,0,0,35,1,1,0,0,0,1,0,0,0
21:25:46.625,0,0.5,325,0,0,0,40,43,0,0,1,48,47,8,0,0,0,0,0,0,0,0,12,190,1,38,38,18,37,18,38,37,37,38,-851583,8,4.863,0.015,13.572,39,0,32,0,0,35,1,1,0,0,0,1,0,0,0
21:25:46.725,0,0.4,327,0,0,0,40,43,0,0,1,48,46,8,0,0,0,0,0,0,0,0,12,190,1,38,38,18,37,18,38,37,37,38,-851583,8,4.863,0.015,13.586,39,0,32,0,0,35,1,1,0,0,0,1,0,0,0
21:25:46.825,0,0.6,326,0,0,0,40,43,0,0,1,47,46,8,0,0,0,0,0,0,0,0,12,190,1,38,38,18,37,18,38,37,37,38,-851583,8,4.863,0.015,13.572,39,0,32,0,0,35,1,1,0,0,0,1,0,0,0
21:25:46.925,0,0.4,327,0,0,0,40,43,0,0,1,46,47,8,0,0,0,0,0,0,0,0,12,190,1,38,38,18,37,18,38,37,37,38,-851583,8,4.863,0.015,13.565,39,0,32,0,0,35,1,1,0,0,0,1,0,0,0
21:25:47.025,0,0.6,327,0,0,0,40,43,0,0,1,48,46,7,0,0,0,0,0,0,0,0,12,190,1,38,38,18,37,18,38,37,37,38,-851583,8,4.863,0.015,13.579,39,0,32,0,0,35,1,1,0,0,0,1,0,0,0
21:25:47.125,0,0.3,327,0,0,0,40,43,0,0,1,48,46,8,0,0,0,0,0,0,0,0,12,190,1,38,38,18,38,18,38,37,37,38,-851583,8,4.863,0.015,13.572,39,0,32,0,0,35,1,1,0,0,0,1,0,0,0
21:25:47.225,0,0.6,326,0,0,0,40,43,0,0,1,47,46,8,0,0,0,0,0,0,0,0,12,190,1,38,38,18,38,18,38,37,37,38,-851583,8,4.863,0.015,13.6,39,0,32,0,0,35,1,1,0,0,0,1,0,0,0
21:25:47.325,0,0.6,326,0,0,0,40,43,0,0,1,48,47,7,0,0,0,0,0,0,0,0,12,190,1,38,38,18,37,18,38,38,37,38,-851583,8,4.863,0.015,13.6,39,0,32,0,0,35,1,1,0,0,0,1,0,0,0
21:25:47.425,0,0.4,327,0,0,0,40,43,0,0,1,48,47,8,0,0,0,0,0,0,0,0,12,190,1,38,38,18,37,18,38,37,37,38,-851583,8,4.863,0.015,13.579,39,0,32,0,0,35,1,1,0,0,0,1,0,0,0
21:25:47.525,0,0.6,326,0,0,0,40,43,0,0,1,48,46,8,0,0,0,0,0,0,0,0,12,190,1,38,38,18,37,18,38,37,37,38,-851583,8,4.863,0.015,13.586,39,0,32,0,0,35,1,1,0,0,0,1,0,0,0
21:25:47.625,0,0.4,327,0,0,0,40,43,0,0,1,49,46,8,0,0,0,0,0,0,0,0,12,190,1,38,38,18,37,18,38,37,37,38,-851583,8,4.863,0.015,13.552,39,0,32,0,0,35,1,1,0,0,0,1,0,0,0
21:25:47.725,0,0.5,327,0,0,0,40,43,0,0,1,48,47,8,0,0,0,0,0,0,0,0,12,190,1,38,38,18,37,18,38,37,37,38,-851583,8,4.863,0.015,13.565,39,0,32,0,0,35,1,1,0,0,0,1,0,0,0
21:25:47.825,0,0.6,326,0,0,0,40,43,0,0,1,48,46,8,0,0,0,0,0,0,0,0,12,190,1,38,38,18,37,18,38,37,37,38,-851583,8,4.863,0.015,13.572,39,0,32,0,0,35,1,1,0,0,0,1,0,0,0
21:25:47.925,0,0.6,326,0,0,0,40,43,0,0,1,48,45,7,0,0,0,0,0,0,0,0,12,190,1,38,38,18,38,18,38,37,37,38,-851583,8,4.863,0.015,13.552,39,0,32,0,0,35,1,1,0,0,0,1,0,0,0
21:25:48.025,0,0.5,327,0,0,0,40,42.9,0,0,1,51,47,8,0,0,0,0,0,0,0,0,12,190,1,38,38,18,37,18,38,37,37,38,-851583,8,4.863,0.015,13.565,39,0,32,0,0,35,1,1,0,0,0,1,0,0,0
21:25:48.125,0,0.4,326,0,0,0,40,42.8,0,0,1,49,46,7,0,0,0,0,0,0,0,0,12,190,1,38,38,18,37,18,38,37,37,38,-851583,8,4.863,0.015,13.552,39,0,32,0,0,35,1,1,0,0,0,1,0,0,0
21:25:48.225,0,0.5,326,0,0,0,40,42.6,0,0,1,50,47,7,0,0,0,0,0,0,0,0,12,190,1,38,38,18,37,18,38,37,37,38,-851583,8,4.863,0.015,13.586,39,0,32,0,0,35,1,1,0,0,0,1,0,0,0
21:25:48.325,0,0.5,326,0,0,0,40,42.3,0,0,1,51,48,7,0,0,0,0,0,0,0,0,12,190,1,38,38,18,38,18,38,37,37,38,-851583,8,4.863,0.015,13.593,39,0,32,0,0,35,1,1,0,0,0,1,0,0,0
21:25:48.425,0,0.5,327,0,0,0,40,42.3,0,0,1,50,47,7,0,0,0,0,0,0,0,0,12,190,1,38,38,18,37,18,38,37,37,38,-851583,8,4.863,0.015,13.559,39,0,32,0,0,35,1,1,0,0,0,1,0,0,0
21:25:48.525,0,0.4,326,0,0,0,40,42,0,0,1,49,47,8,0,0,0,0,0,0,0,0,12,190,1,38,38,18,37,18,38,37,37,38,-851583,8,4.863,0.015,13.572,39,0,32,0,0,35,1,1,0,0,0,1,0,0,0
21:25:48.625,0,0.5,327,0,0,0,40,42,0,0,1,50,47,7,0,0,0,0,0,0,0,0,12,190,1,38,38,18,37,18,38,37,37,38,-851583,8,4.863,0.015,13.565,39,0,32,0,0,35,1,1,0,0,0,1,0,0,0
21:25:48.725,0,0.6,326,0,0,0,40,42,0,0,1,49,47,8,0,0,0,0,0,0,0,0,12,190,1,38,38,18,37,18,38,37,37,38,-851583,8,4.863,0.015,13.6,39,0,32,0,0,35,1,1,0,0,0,1,0,0,0
21:25:48.825,0,0.6,326,0,0,0,40,42,0,0,1,50,47,7,0,0,0,0,0,0,0,0,12,190,1,38,38,18,37,18,38,37,37,38,-851583,8,4.863,0.015,13.559,39,0,32,0,0,35,1,1,0,0,0,1,0,0,0
21:25:48.925,0,0.5,326,0,0,0,40,42,0,0,1,50,48,8,0,0,0,0,0,0,0,0,12,190,1,38,38,18,37,18,38,37,37,38,-851583,8,4.863,0.015,13.6,39,0,32,0,0,35,1,1,0,0,0,1,0,0,0
21:25:49.025,0,0.4,325,0,0,0,40,42,0,0,1,50,47,7,0,0,0,0,0,0,0,0,12,190,1,38,38,18,37,18,38,38,37,38,-851583,8,4.863,0.015,13.572,39,0,32,0,0,35,1,1,0,0,0,1,0,0,0
21:25:49.125,0,0.6,325,0,0,0,40,42,0,0,1,50,48,8,0,0,0,0,0,0,0,0,12,190,1,38,38,18,37,18,38,37,37,38,-851583,8,4.863,0.015,13.62,39,0,32,0,0,35,1,1,0,0,0,1,0,0,0
21:25:49.225,0,0.4,327,0,0,0,40,42,0,0,1,50,47,7,0,0,0,0,0,0,0,0,12,190,1,38,38,18,37,18,38,37,37,38,-851583,8,4.863,0.015,13.572,39,0,32,0,0,35,1,1,0,0,0,1,0,0,0
21:25:49.325,0,0.6,327,0,0,0,40,42,0,0,1,50,48,7,0,0,0,0,0,0,0,0,12,190,1,38,38,18,37,18,38,37,37,38,-851583,8,4.863,0.015,13.559,39,0,32,0,0,35,1,1,0,0,0,1,0,0,0
21:25:49.425,0,0.5,326,0,0,0,40,42,0,0,1,50,48,8,0,0,0,0,0,0,0,0,12,190,1,38,38,18,37,18,38,38,37,38,-851583,8,4.863,0.015,13.572,39,0,32,0,0,35,1,1,0,0,0,1,0,0,0
21:25:49.525,0,0.6,327,0,0,0,40,42,0,0,1,50,47,7,0,0,0,0,0,0,0,0,12,190,1,38,38,18,37,18,38,37,37,38,-851583,8,4.863,0.015,13.579,39,0,32,0,0,35,1,1,0,0,0,1,0,0,0
21:25:49.625,0,0.5,327,0,0,0,40,42,0,0,1,50,46,8,0,0,0,0,0,0,0,0,12,190,1,38,38,18,37,18,38,37,37,38,-851583,8,4.863,0.015,13.593,39,0,32,0,0,35,1,1,0,0,0,1,0,0,0
21:25:49.725,0,0.5,326,0,0,0,40,42,0,0,1,50,48,7,0,0,0,0,0,0,0,0,12,190,1,38,38,18,37,18,38,37,37,38,-851583,8,4.863,0.015,13.572,39,0,32,0,0,35,1,1,0,0,0,1,0,0,0
21:25:49.825,0,0.4,327,0,0,0,40,42,0,0,1,50,47,7,0,0,0,0,0,0,0,0,12,190,1,38,38,18,37,18,38,37,37,38,-851583,8,4.863,0.015,13.579,39,0,32,0,0,35,1,1,0,0,0,1,0,0,0
21:25:49.925,0,0.7,327,0,0,0,40,42,0,0,1,50,47,8,0,0,0,0,0,0,0,0,12,190,1,38,38,18,36,18,38,37,37,38,-851583,8,4.863,0.015,13.572,39,0,32,0,0,35,1,1,0,0,0,1,0,0,0
21:25:50.025,0,0.4,326,0,0,0,40,42,0,0,1,50,46,8,0,0,0,0,0,0,0,0,12,190,1,38,38,18,37,18,38,37,37,38,-851583,8,4.863,0.015,13.559,39,0,32,0,0,35,1,1,0,0,0,1,0,0,0
21:25:50.125,0,0.5,326,0,0,0,40,42,0,0,1,50,46,7,0,0,0,0,0,0,0,0,12,190,1,38,38,18,37,18,38,37,37,38,-851583,8,4.863,0.015,13.586,39,0,32,0,0,35,1,1,0,0,0,1,0,0,0
21:25:50.225,0,0.6,327,0,0,0,40,42,0,0,1,49,46,8,0,0,0,0,0,0,0,0,12,190,1,38,38,18,36,18,38,37,37,38,-851583,8,4.863,0.015,13.559,39,0,32,0,0,35,1,1,0,0,0,1,0,0,0
21:25:50.325,0,0.4,326,0,0,0,40,42,0,0,1,49,46,8,0,0,0,0,0,0,0,0,12,190,1,38,38,18,37,18,38,37,37,38,-851583,8,4.863,0.015,13.552,39,0,32,0,0,35,1,1,0,0,0,1,0,0,0
21:25:50.425,0,0.5,326,0,0,0,40,42,0,0,1,48,45,8,0,0,0,0,0,0,0,0,12,190,1,38,38,18,18,18,38,37,37,38,-851583,8,4.863,0.015,13.538,39,0,32,0,0,35,1,1,0,0,0,1,0,0,0
21:25:50.525,0,0.6,326,0,0,0,40,42,0,0,1,49,46,7,0,0,0,0,0,0,0,0,12,190,1,38,38,18,37,18,38,38,37,38,-851583,8,4.863,0.015,13.579,39,0,32,0,0,35,1,1,0,0,0,1,0,0,0
21:25:50.625,0,0.5,325,0,0,0,40,42,0,0,1,50,47,8,0,0,0,0,0,0,0,0,12,190,1,38,38,18,37,18,38,37,37,38,-851583,8,4.863,0.015,13.579,39,0,32,0,0,35,1,1,0,0,0,1,0,0,0
21:25:50.725,0,0.3,326,0,0,0,40,42,0,0,1,50,45,7,0,0,0,0,0,0,0,0,12,190,1,38,38,18,36,18,38,38,37,38,-851583,8,4.863,0.015,13.572,39,0,32,0,0,35,1,1,0,0,0,1,0,0,0
21:25:50.825,0,0.6,327,0,0,0,40,42,0,0,1,49,47,8,0,0,0,0,0,0,0,0,12,190,1,38,38,18,36,18,38,38,37,38,-851583,8,4.863,0.015,13.559,39,0,32,0,0,35,1,1,0,0,0,1,0,0,0
21:25:50.925,0,0.6,326,0,0,0,40,42,0,0,1,49,47,8,0,0,0,0,0,0,0,0,12,190,1,38,38,18,37,18,38,37,37,38,-851583,8,4.863,0.015,13.579,39,0,32,0,0,35,1,1,0,0,0,1,0,0,0
21:25:51.025,0,0.5,326,0,0,0,40,42,0,0,1,49,46,7,0,0,0,0,0,0,0,0,12,190,1,38,38,18,37,18,38,38,37,38,-851583,8,4.863,0.015,13.579,39,0,32,0,0,35,1,1,0,0,0,1,0,0,0
21:25:51.125,0,0.5,327,0,0,0,40,41.9,0,0,1,48,46,7,0,0,0,0,0,0,0,0,12,190,1,38,38,18,36,18,38,37,37,38,-851583,8,4.863,0.015,13.572,39,0,32,0,0,35,1,1,0,0,0,1,0,0,0
21:25:51.225,0,0.5,326,0,0,0,40,41.9,0,0,1,49,46,7,0,0,0,0,0,0,0,0,12,190,1,38,38,18,37,18,38,37,37,38,-851583,8,4.863,0.015,13.559,39,0,32,0,0,35,1,1,0,0,0,1,0,0,0
21:25:51.325,0,0.4,326,0,0,0,40,41.9,0,0,1,50,47,8,0,0,0,0,0,0,0,0,12,190,1,38,38,18,37,18,38,37,37,38,-851583,8,4.863,0.015,13.6,39,0,32,0,0,35,1,1,0,0,0,1,0,0,0
21:25:51.425,0,0.6,326,0,0,0,40,41.9,0,0,1,50,46,7,0,0,0,0,0,0,0,0,12,190,1,38,38,18,37,18,38,37,37,38,-851583,8,4.863,0.015,13.559,39,0,32,0,0,35,1,1,0,0,0,1,0,0,0
21:25:51.525,0,0.5,326,0,0,0,40,41.9,0,0,1,49,45,7,0,0,0,0,0,0,0,0,12,190,1,38,38,18,38,18,38,37,37,38,-851583,8,4.863,0.015,13.559,39,0,32,0,0,35,1,1,0,0,0,1,0,0,0
21:25:51.625,0,0.4,325,0,0,0,40,41.9,0,0,1,49,45,7,0,0,0,0,0,0,0,0,12,190,1,38,38,18,37,18,38,37,37,38,-851583,8,4.863,0.015,13.545,39,0,32,0,0,35,1,1,0,0,0,1,0,0,0
21:25:51.725,0,0.4,327,0,0,0,40,41.9,0,0,1,52,46,7,0,0,0,0,0,0,0,0,12,190,1,38,38,18,37,18,38,37,37,38,-851583,8,4.863,0.015,13.545,39,0,32,0,0,35,1,1,0,0,0,1,0,0,0
21:25:51.825,0,0.4,327,0,0,0,40,41.9,0,0,1,52,46,7,0,0,0,0,0,0,0,0,12,190,1,38,38,18,37,18,38,37,37,38,-851583,8,4.863,0.015,13.559,39,0,32,0,0,35,1,1,0,0,0,1,0,0,0
21:25:51.925,0,0.5,325,0,0,0,40,41.9,0,0,1,54,46,7,0,0,0,0,0,0,0,0,12,190,1,38,38,18,37,18,38,37,37,38,-851583,8,4.863,0.015,13.565,39,0,32,0,0,35,1,1,0,0,0,1,0,0,0
21:25:52.025,0,0.3,326,0,0,0,40,41.9,0,0,1,52,47,7,0,0,0,0,0,0,0,0,12,190,1,38,38,18,37,18,38,37,37,38,-851583,8,4.863,0.015,13.572,39,0,32,0,0,35,1,1,0,0,0,1,0,0,0
21:25:52.125,0,0.4,326,0,0,0,40,41.9,0,0,1,52,48,7,0,0,0,0,0,0,0,0,12,190,1,38,38,18,37,18,38,37,37,38,-851583,8,4.863,0.015,13.565,39,0,32,0,0,35,1,1,0,0,0,1,0,0,0
21:25:52.225,0,0.3,326,0,0,0,40,41.9,0,0,1,51,47,7,0,0,0,0,0,0,0,0,12,190,1,38,38,18,37,18,38,37,37,38,-851583,8,4.858,0.015,13.565,39,0,32,0,0,35,1,1,0,0,0,1,0,0,0
21:25:52.325,0,0.4,327,0,0,0,40,41.9,0,0,1,51,47,7,0,0,0,0,0,0,0,0,12,190,1,38,38,18,37,18,38,37,37,38,-851583,8,4.863,0.015,13.565,39,0,32,0,0,35,1,1,0,0,0,1,0,0,0
21:25:52.425,0,0.5,326,0,0,0,40,41.9,0,0,1,50,47,8,0,0,0,0,0,0,0,0,12,190,1,38,38,18,37,18,38,37,37,38,-851583,8,4.863,0.015,13.565,39,0,32,0,0,35,1,1,0,0,0,1,0,0,0
21:25:52.525,0,0.5,327,0,0,0,40,41.9,0,0,1,51,47,8,0,0,0,0,0,0,0,0,12,190,1,38,38,18,37,18,38,37,37,38,-851583,8,4.863,0.015,13.545,39,0,32,0,0,35,1,1,0,0,0,1,0,0,0
21:25:52.625,0,0.7,326,0,0,0,40,41.9,0,0,1,51,47,8,0,0,0,0,0,0,0,0,12,190,1,38,38,18,37,18,38,37,37,38,-851583,8,4.863,0.015,13.572,39,0,32,0,0,35,1,1,0,0,0,1,0,0,0
21:25:52.725,0,0.5,327,0,0,0,40,41.8,0,0,1,51,47,7,0,0,0,0,0,0,0,0,12,190,1,38,38,18,37,18,38,37,37,38,-851583,8,4.863,0.015,13.586,39,0,32,0,0,35,1,1,0,0,0,1,0,0,0
21:25:52.825,0,0.6,327,0,0,0,40,41.8,0,0,1,50,46,7,0,0,0,0,0,0,0,0,12,190,1,38,38,18,37,18,38,38,37,38,-851583,8,4.863,0.015,13.579,39,0,32,0,0,35,1,1,0,0,0,1,0,0,0
21:25:52.925,0,0.6,326,0,0,0,40,41.8,0,0,1,51,47,8,0,0,0,0,0,0,0,0,12,190,1,38,38,18,37,18,38,37,37,38,-851583,8,4.863,0.015,13.579,39,0,32,0,0,35,1,1,0,0,0,1,0,0,0
21:25:53.025,0,0.4,326,0,0,0,40,41.8,0,0,1,51,45,8,0,0,0,0,0,0,0,0,12,190,1,38,38,18,37,18,38,37,37,38,-851583,8,4.863,0.015,13.593,39,0,32,0,0,35,1,1,0,0,0,1,0,0,0
21:25:53.125,0,0.5,326,0,0,0,40,41.8,0,0,1,50,47,7,0,0,0,0,0,0,0,0,12,190,1,38,38,18,38,18,38,37,37,38,-851583,8,4.863,0.015,13.586,39,0,32,0,0,35,1,1,0,0,0,1,0,0,0
21:25:53.225,0,0.5,326,0,0,0,40,41.8,0,0,1,50,46,7,0,0,0,0,0,0,0,0,12,190,1,38,38,18,37,18,38,37,37,38,-851583,8,4.863,0.015,13.559,39,0,32,0,0,35,1,1,0,0,0,1,0,0,0
21:25:53.325,0,0.4,326,0,0,0,40,41.8,0,0,1,51,45,7,0,0,0,0,0,0,0,0,12,190,1,38,38,18,37,18,38,37,37,38,-851583,8,4.863,0.015,13.579,39,0,32,0,0,35,1,1,0,0,0,1,0,0,0
21:25:53.425,0,0.5,326,0,0,0,40,41.7,0,0,1,49,46,8,0,0,0,0,0,0,0,0,12,190,1,38,38,18,37,18,38,37,37,38,-851583,8,4.863,0.015,13.565,39,0,32,0,0,35,1,1,0,0,0,1,0,0,0
21:25:53.525,0,0.4,326,0,0,0,40,41.8,0,0,1,51,47,7,0,0,0,0,0,0,0,0,12,190,1,38,38,18,37,18,38,37,37,38,-851583,8,4.863,0.015,13.545,39,0,32,0,0,35,1,1,0,0,0,1,0,0,0
21:25:53.625,0,0.5,326,0,0,0,40,41.7,0,0,1,50,47,7,0,0,0,0,0,0,0,0,12,190,1,38,38,18,37,18,38,37,37,38,-851583,8,4.863,0.015,13.538,39,0,32,0,0,35,1,1,0,0,0,1,0,0,0
21:25:53.725,0,0.4,325,0,0,0,40,41.7,0,0,1,50,45,7,0,0,0,0,0,0,0,0,12,190,1,38,38,18,37,18,38,37,37,38,-851583,8,4.863,0.015,13.579,39,0,32,0,0,35,1,1,0,0,0,1,0,0,0
21:25:53.825,0,0.5,326,0,0,0,40,41.7,0,0,1,50,46,7,0,0,0,0,0,0,0,0,12,190,1,38,38,18,37,18,38,37,37,38,-851583,8,4.863,0.015,13.538,39,0,32,0,0,35,1,1,0,0,0,1,0,0,0
21:25:53.925,0,0.5,327,0,0,0,40,41.7,0,0,1,50,46,8,0,0,0,0,0,0,0,0,12,190,1,38,38,18,38,18,38,37,37,38,-851583,8,4.863,0.015,13.565,39,0,32,0,0,35,1,1,0,0,0,1,0,0,0
21:25:54.025,0,0.5,326,0,0,0,40,41.4,0,0,1,49,47,8,0,0,0,0,0,0,0,0,12,190,1,38,38,18,37,18,38,37,37,38,-851583,8,4.863,0.015,13.559,39,0,32,0,0,35,1,1,0,0,0,1,0,0,0
21:25:54.125,0,0.6,327,0,0,0,40,41.6,0,0,1,49,45,7,0,0,0,0,0,0,0,0,12,190,1,38,38,18,37,18,38,37,37,38,-851583,8,4.863,0.015,13.572,39,0,32,0,0,35,1,1,0,0,0,1,0,0,0
21:25:54.225,0,0.4,327,0,0,0,40,41.7,0,0,1,49,45,7,0,0,0,0,0,0,0,0,12,190,1,38,38,18,37,18,38,37,37,38,-851583,8,4.863,0.015,13.565,39,0,32,0,0,35,1,1,0,0,0,1,0,0,0
21:25:54.325,0,0.5,326,0,0,0,40,41.7,0,0,1,49,45,7,0,0,0,0,0,0,0,0,12,190,1,38,38,18,38,18,38,37,37,38,-851583,8,4.863,0.015,13.593,39,0,32,0,0,35,1,1,0,0,0,1,0,0,0
21:25:54.425,0,0.4,327,0,0,0,40,41.6,0,0,1,50,46,7,0,0,0,0,0,0,0,0,12,190,1,38,38,18,37,18,38,37,37,38,-851583,8,4.863,0.015,13.579,39,0,32,0,0,35,1,1,0,0,0,1,0,0,0
21:25:54.525,0,0.4,326,0,0,0,40,41.7,0,0,1,50,45,7,0,0,0,0,0,0,0,0,12,190,1,38,38,18,37,18,38,38,37,38,-851583,8,4.863,0.015,13.593,39,0,32,0,0,35,1,1,0,0,0,1,0,0,0
21:25:54.625,0,0.5,326,0,0,0,40,41.5,0,0,1,49,46,7,0,0,0,0,0,0,0,0,12,190,1,38,38,18,37,18,38,37,37,38,-851583,8,4.863,0.015,13.552,39,0,32,0,0,35,1,1,0,0,0,1,0,0,0
21:25:54.725,0,0.4,326,0,0,0,40,41.6,0,0,1,50,46,7,0,0,0,0,0,0,0,0,12,190,1,38,38,18,37,18,38,37,37,38,-851583,8,4.863,0.015,13.593,39,0,32,0,0,35,1,1,0,0,0,1,0,0,0
21:25:54.825,0,0.6,327,0,0,0,40,41.8,0,0,1,48,46,7,0,0,0,0,0,0,0,0,12,190,1,38,38,18,37,18,38,37,37,38,-851583,8,4.863,0.015,13.552,39,0,32,0,0,35,1,1,0,0,0,1,0,0,0
21:25:54.925,0,0.4,327,0,0,0,40,41.7,0,0,1,49,45,7,0,0,0,0,0,0,0,0,12,190,1,38,38,18,37,18,38,38,37,38,-851583,8,4.863,0.015,13.572,39,0,32,0,0,35,1,1,0,0,0,1,0,0,0
21:25:55.025,0,0.6,327,0,0,0,40,41.6,0,0,1,49,46,8,0,0,0,0,0,0,0,0,12,190,1,38,38,18,37,18,38,37,37,38,-851583,8,4.863,0.015,13.586,39,0,32,0,0,35,1,1,0,0,0,1,0,0,0
21:25:55.125,0,0.5,327,0,0,0,40,41.7,0,0,1,47,46,7,0,0,0,0,0,0,0,0,12,190,1,38,38,18,37,18,38,37,37,38,-851583,8,4.863,0.015,13.572,39,0,32,0,0,35,1,1,0,0,0,1,0,0,0
21:25:55.225,0,0.6,326,0,0,0,40,41.7,0,0,1,49,46,7,0,0,0,0,0,0,0,0,12,190,1,38,38,18,37,18,38,37,37,38,-851583,8,4.863,0.015,13.565,39,0,32,0,0,35,1,1,0,0,0,1,0,0,0
21:25:55.325,0,0.9,324,3.5,0,0,40,41.1,0,0,1,48,46,8,0,0,0,0,0,0,0,0,12,190,1,38,38,18,37,18,38,37,37,38,-851583,8,4.863,0.015,13.538,39,0,32,0,0,35,1,1,0,0,0,1,0,0,0
21:25:55.425,0,0.6,327,0,0,0,40,41.6,0,0,1,49,46,7,0,0,0,0,0,0,0,0,12,190,1,38,38,18,37,18,38,37,37,38,-851583,8,4.863,0.015,13.552,39,0,32,0,0,35,1,1,0,0,0,1,0,0,0
21:25:55.525,0,0.4,326,0,0,0,40,41.4,0,0,1,52,47,7,0,0,0,0,0,0,0,0,12,190,1,38,38,18,37,18,38,37,37,38,-851583,8,4.863,0.015,13.538,39,0,32,0,0,35,1,1,0,0,0,1,0,0,0
21:25:55.625,0,0.4,325,0,0,0,40,41,0,0,1,54,47,7,0,0,0,0,0,0,0,0,12,190,1,38,38,18,37,18,38,37,37,38,-851583,8,4.863,0.015,13.586,39,0,32,0,0,35,1,1,0,0,0,1,0,0,0
21:25:55.725,0.9,2,325,4.5,0,0,40,41,0,0,1,52,47,7,0,0,0,0,0,0,0,0.1,12,190,1,38,38,18,37,18,38,37,37,38,-851583,8,4.858,0.015,13.572,39,0,32,0,0,35,1,1,0,0,0,1,0,0,0
21:25:55.825,18.3,5.3,325,7.8,0.3,0,40,41,0,0,1,51,48,7,0,0,0,0,0,0,0,0.2,12,190,1,38,38,18,37,18,38,37,37,38,-851583,8,4.863,0.015,13.518,39,0,32,0,0,35,1,1,0,0,0,1,0,0,0
21:25:55.925,12.9,6.5,324,29.5,1.5,0,40,41,0,0,1,50,47,8,0,0,0,0,0,0,0,0.9,12,190,1,38,38,18,36,18,38,37,37,38,-851583,8,4.863,0.015,13.511,39,0,32,0,0,35,1,1,0,0,0,1,0,0,0
21:25:56.025,4.3,6.4,324,46.8,2.3,0,40,41,0,0,1,50,47,7,0,0,0,0,0,0,0,0.9,12,190,1,38,38,18,37,18,38,38,37,38,-851583,8,4.863,0.015,13.524,39,0,32,0,0,35,1,1,0,0,0,1,0,0,0
21:25:56.125,2,6.1,324,55.4,2.8,0,40,41,0,0,1,50,47,8,0,0,0,0,0,0,0,1.1,12,190,1,38,38,18,37,18,38,37,37,38,-851583,8,4.863,0.015,13.524,39,0,32,0,0,35,1,1,0,0,0,1,0,0,0
21:25:56.225,1.1,6.6,324,69,3.8,0,40,41,0,0,1,50,46,7,0,0,0,0,0,0,0,1.5,12,190,1,38,38,18,36,18,38,38,37,38,-851583,8,4.863,0.015,13.511,39,0,32,0,0,35,1,1,0,0,0,1,0,0,0
21:25:56.325,2,7.2,324,80.7,5,0,40,41,0,0,1,50,47,8,0,0,0,0,0,0,0,1.9,12,190,1,38,38,18,37,18,38,38,37,38,-851583,8,4.863,0.015,13.531,39,0,32,0,0,35,1,1,0,0,0,1,0,0,0
21:25:56.425,4.6,7.6,324,106.3,6.7,0,40,41,0,0,1,50,47,7,0,0,0,0,0,0,0,2.9,12,190,1,38,38,18,18,18,38,37,37,38,-851583,8,4.863,0.015,13.483,39,0,32,0,0,35,1,1,0,0,0,1,0,0,0
21:25:56.525,3.4,6.8,324,107,6.2,0,40,41,0,0,1,50,46,7,0,0,0,0,0,0,0,2.4,12,190,1,38,38,18,37,18,38,38,37,38,-851583,8,4.863,0.015,13.504,39,0,32,0,0,35,1,1,0,0,0,1,0,0,0
21:25:56.625,6.5,7.9,323,123.1,8.4,0,40,41,0,0,1,49,47,7,0,0,0,0,0,0,0,3.6,12,190,1,38,38,18,37,18,38,37,37,38,-851583,8,4.863,0.015,13.538,39,0,32,0,0,35,1,1,0,0,0,1,0,0,0
21:25:56.725,22.8,9.2,323,207,16.4,0,40,41,0,0,1,49,47,7,0,0,0,0,0,0,0,7.4,12,190,1,38,38,18,36,18,38,37,37,38,-851583,8,4.863,0.015,13.538,39,0,32,0,0,35,1,1,0,0,0,1,0,0,0
21:25:56.825,70.3,11.4,322,267.9,25.1,0,40.8,41,0,0,1,50,48,7,0,0,0,0,0,0,0,14.7,12,190,1,38,38,18,36,18,38,37,37,38,-851583,8,4.863,0.015,13.545,39,0,32,0,0,35,1,1,0,0,0,1,0,0,0
21:25:56.925,143.8,13.7,319,306.2,35.7,0,40.9,41.2,0,0,1,49,47,7,0,0,0,0,0,0,0,18.6,12,190,1,38,38,18,37,18,38,37,37,38,-851583,8,4.863,0.015,13.511,39,0,32,0,0,35,1,1,0,0,0,1,0,0,0
21:25:57.025,227.6,15,318,312.2,40.7,0,40.9,41.2,0,0,1,50,48,7,0,0,0,0,0,0,0,26.2,12,190,1,38,38,18,37,18,38,37,37,38,-851583,8,4.863,0.015,13.504,39,0,32,0,0,35,1,1,0,0,0,1,0,0,0
21:25:57.125,313.5,18.2,317,359.3,40.5,0,40.9,41.1,0,0,1,50,47,7,0,0,0,0,0,0,0,26.5,12,190,1,38,38,18,36,18,38,37,37,38,-851583,8,4.863,0.015,13.518,39,0,32,0,0,35,1,1,0,0,0,1,0,0,0
21:25:57.225,405.4,19.7,316,354.6,45.2,0,40.9,41.2,0,0,1,50,47,7,0,0,0,0,0,0,0,34.1,12,190,1,38,38,18,37,18,38,37,37,38,-851583,8,4.863,0.015,13.49,39,0,32,0,0,35,1,1,0,0,0,1,0,0,0
21:25:57.325,544.1,24.7,312,353.9,49,0,40.9,41.3,0,0,1,50,47,8,0,0,0,0,0,0,0,38,12,190,1,38,38,18,37,18,38,37,37,38,-851583,8,4.863,0.015,13.524,39,0,32,0,0,35,1,1,0,0,0,1,0,0,0
21:25:57.425,598.2,23.6,314,336.8,48.7,0,40.9,41.1,0,0,1,49,46,7,0,0,0,0,0,0,0,41.4,12,190,1,38,38,18,37,18,38,37,37,38,-851583,8,4.863,0.015,13.518,39,0,32,0,0,35,1,1,0,0,0,1,0,0,0
21:25:57.525,718.1,28.8,310,349.4,65.5,0,41.9,41.2,0,0,1,49,45,7,0,0,0,0,0,0,0,47.4,12,190,1,38,38,18,38,18,38,37,37,38,-851583,8,4.863,0.015,13.504,39,0,32,0,0,35,1,1,0,0,0,1,0,0,0
21:25:57.625,724,10.4,327,0,0,0,41.9,41.1,4,0,1,49,47,7,0,0,0,0,0,0,0,0,12,190,1,38,38,18,37,18,38,37,37,38,-851583,8,4.863,0.015,13.511,39,0,32,0,0,35,1,1,0,0,0,1,0,0,0
21:25:57.725,668,18.9,324,0,0,0,41.9,41.2,4,0,1,50,46,7,0,0,0,0,0,0,0,0,12,190,1,38,38,18,37,18,38,37,37,38,-851583,8,4.863,0.015,13.531,39,0,32,0,0,35,1,1,0,0,0,1,0,0,0
21:25:57.825,692.9,6.1,325,0,0,0,41.9,41,4,0,1,50,47,7,0,0,0,0,0,0,0,0,12,190,1,38,38,18,37,18,38,37,37,38,-851583,8,4.858,0.015,13.449,39,0,32,0,0,35,1,1,0,0,0,1,0,0,0
21:25:57.925,722.8,29.7,317,169.2,30.5,0,41.9,40.9,0,0,1,49,46,8,0,0,0,0,0,0,0,27.9,12,190,1,38,38,18,38,18,38,37,37,38,-851583,8,4.863,0.015,13.572,39,0,32,0,0,35,1,1,0,0,0,1,0,0,0
21:25:58.025,789.3,14.7,326,0,0,0,41.9,41.3,4,0,1,50,47,7,0,0,0,0,0,0,0,0,12,190,1,38,38,18,37,18,38,37,37,38,-851583,8,4.863,0.015,13.497,39,0,32,0,0,35,1,1,0,0,0,1,0,0,0
21:25:58.125,623.1,11.7,326,0,0,0,41.9,41.4,4,0,1,50,47,8,0,0,0,0,0,0,0,0,12,190,1,38,38,18,37,18,38,37,37,38,-851583,8,4.863,0.015,13.456,39,0,32,0,0,35,1,1,0,0,0,1,0,0,0
21:25:58.225,819.4,15.4,326,0,0,0,41.9,41,4,0,1,49,46,7,0,0,0,0,0,0,0,0,12,190,1,38,38,18,37,18,38,37,37,38,-851583,8,4.863,0.015,13.463,39,0,32,0,0,35,1,1,0,0,0,1,0,0,0
21:25:58.325,758.1,21.4,325,71.2,13.8,0,41.9,41.2,0,0,1,51,46,8,0,0,0,0,0,0,0,0,12,190,1,38,38,18,37,18,38,38,37,38,-851583,8,4.863,0.015,13.531,39,0,32,0,0,35,1,1,0,0,0,1,0,0,0
21:25:58.425,703.9,19.6,325,0,0,0,41.9,41.3,4,0,1,49,46,7,0,0,0,0,0,0,0,0,12,190,1,38,38,18,37,18,38,37,37,38,-851583,8,4.863,0.015,13.545,40,0,32,0,0,35,1,1,0,0,0,1,0,0,0
21:25:58.525,797.5,27.4,322,81,17.4,0,41.9,41,0,0,1,49,46,7,0,0,0,0,0,0,0,11.9,12,190,1,38,38,18,37,18,38,37,37,38,-851583,8,4.863,0.015,13.511,39,0,32,0,0,35,1,1,0,0,0,1,0,0,0
21:25:58.625,722.2,12.9,326,0,0,0,42,41.2,0,0,1,50,45,7,0,0,0,0,0,0,0,0,12,190,1,38,38,18,37,18,38,37,37,38,-851583,8,4.863,0.015,13.504,39,0,32,0,0,35,1,1,0,0,0,1,0,0,0
21:25:58.725,764.8,15.2,326,0,0,0,42.1,41.2,0,0,1,49,46,7,0,0,0,0,0,0,0,0,12,190,1,38,38,18,37,18,38,37,37,38,-851583,8,4.863,0.015,13.49,39,0,32,0,0,35,1,1,0,0,0,1,0,0,0
21:25:58.825,722.3,12.9,325,0,0,0,42.4,41.1,0,0,1,50,47,7,0,0,0,0,0,0,0,0,12,190,1,38,38,18,37,18,38,37,37,38,-851583,8,4.863,0.015,13.565,39,0,32,0,0,35,1,1,0,0,0,1,0,0,0
21:25:58.925,708.5,14.1,326,0,0,0,42.8,41.3,0,0,1,49,46,7,0,0,0,0,0,0,0,0,12,190,1,38,38,18,37,18,38,37,37,38,-851583,8,4.863,0.015,13.572,39,0,32,0,0,35,1,1,0,0,0,1,0,0,0
21:25:59.025,664.2,12.8,326,0,0,0,42.8,41.3,0,0,1,50,46,8,0,0,0,0,0,0,0,0,12,190,1,38,38,18,37,18,38,37,37,38,-851583,8,4.863,0.015,13.545,39,0,32,0,0,35,1,1,0,0,0,1,0,0,0
21:25:59.125,641.4,12.1,326,0,0,0,42.6,41.3,0,0,1,50,47,7,0,0,0,0,0,0,0,0,12,190,1,38,38,18,38,18,38,37,37,38,-851583,8,4.863,0.015,13.518,39,0,32,0,0,35,1,1,0,0,0,1,0,0,0
21:25:59.225,610.8,12.1,326,0,0,0,42.1,41.5,0,0,1,49,46,7,0,0,0,0,0,0,0,0,12,190,1,38,38,18,37,18,38,37,37,38,-851583,8,4.863,0.015,13.579,39,0,32,0,0,35,1,1,0,0,0,1,0,0,0
21:25:59.325,571.4,10.1,326,0,0,0,42,41.1,0,0,1,52,46,7,0,0,0,0,0,0,0,0,12,190,1,38,38,18,37,18,38,37,37,38,-851583,8,4.863,0.015,13.565,39,0,32,0,0,35,1,1,0,0,0,1,0,0,0
21:25:59.425,535.5,9.6,325,0,0,0,42,41.3,0,0,1,52,48,7,0,0,0,0,0,0,0,0,12,190,1,38,38,18,37,18,38,37,37,38,-851583,8,4.863,0.015,13.552,39,0,32,0,0,35,1,1,0,0,0,1,0,0,0
21:25:59.525,503,9.4,325,0,0,0,42,41.5,0,0,1,52,47,8,0,0,0,0,0,0,0,0,12,190,1,38,38,18,37,18,38,37,37,38,-851583,8,4.863,0.015,13.559,39,0,32,0,0,35,1,1,0,0,0,1,0,0,0
21:25:59.625,462.8,7.9,326,0,0,0,42,41.1,0,0,1,52,48,7,0,0,0,0,0,0,0,0,12,190,1,38,38,18,37,18,38,37,37,38,-851583,8,4.863,0.015,13.6,39,0,32,0,0,35,1,1,0,0,0,1,0,0,0
21:25:59.725,425.8,7.6,325,0,0,0,42,41.1,0,0,1,51,48,8,0,0,0,0,0,0,0,0,12,190,1,38,38,18,37,18,38,37,37,38,-851583,8,4.863,0.015,13.538,39,0,32,0,0,35,1,1,0,0,0,1,0,0,0
21:25:59.825,395.7,7.5,326,0,0,0,42,41.2,0,0,1,51,48,8,0,0,0,0,0,0,0,0,12,190,1,38,38,18,37,18,38,37,37,38,-851583,8,4.863,0.015,13.518,39,0,32,0,0,35,1,1,0,0,0,1,0,0,0
21:25:59.925,355,7.1,325,0,0,0,42,41.2,0,0,1,50,46,8,0,0,0,0,0,0,0,0,12,190,1,38,38,18,37,18,38,37,37,38,-851583,8,4.863,0.015,13.559,39,0,32,0,0,35,1,1,0,0,0,1,0,0,0
21:26:00.025,319.2,5.5,325,0,0,0,42,41.2,0,0,1,51,48,7,0,0,0,0,0,0,0,0,12,190,1,38,38,18,37,18,38,38,37,38,-851583,8,4.863,0.015,13.565,39,0,32,0,0,35,1,1,0,0,0,1,0,0,0
21:26:00.125,280.8,5.6,326,0,0,0,42,41.2,0,0,1,51,47,7,0,0,0,0,0,0,0,0,12,190,1,38,38,18,37,18,38,37,37,38,-851583,8,4.863,0.015,13.593,39,0,32,0,0,35,1,1,0,0,0,1,0,0,0
21:26:00.225,248.2,4.7,325,0,0,0,42,41.3,0,0,1,51,48,7,0,0,0,0,0,0,0,0,12,190,1,38,38,18,37,18,38,37,37,38,-851583,8,4.863,0.015,13.565,39,0,32,0,0,35,1,1,0,0,0,1,0,0,0
21:26:00.325,214.2,3.9,326,0,0,0,42,41.4,0,0,1,51,48,7,0,0,0,0,0,0,0,0,12,190,1,38,38,18,38,18,38,37,37,38,-851583,8,4.863,0.015,13.559,39,0,32,0,0,35,1,1,0,0,0,1,0,0,0
21:26:00.425,177.8,2.9,326,0,0,0,42,41.2,0,0,1,50,48,8,0,0,0,0,0,0,0,0,12,190,1,38,38,18,37,18,38,38,37,38,-851583,8,4.863,0.015,13.565,39,0,32,0,0,35,1,1,0,0,0,1,0,0,0
21:26:00.525,133.7,2.6,326,0,0,0,42,41.1,0,0,1,50,47,7,0,0,0,0,0,0,0,0,12,190,1,38,38,18,37,18,38,37,37,38,-851583,8,4.863,0.015,13.538,39,0,32,0,0,35,1,1,0,0,0,1,0,0,0
21:26:00.625,89,0.7,326,0,0,0,42,41.2,0,0,1,50,47,8,0,0,0,0,0,0,0,0,12,190,1,38,38,18,37,18,38,37,37,38,-851583,8,4.863,0.015,13.572,39,0,32,0,0,35,1,1,0,0,0,1,0,0,0
21:26:00.725,48,0.6,326,0,0,0,42,41.2,0,0,1,50,47,8,0,0,0,0,0,0,0,0,12,190,1,38,38,18,37,18,38,37,37,38,-851583,8,4.863,0.015,13.552,39,0,32,0,0,35,1,1,0,0,0,1,0,0,0
21:26:00.825,13,-0.7,325,0,0,0,42,41.2,0,0,1,50,47,8,0,0,0,0,0,0,0,0,12,190,1,38,38,18,37,18,38,37,37,38,-851583,8,4.863,0.015,13.545,39,0,32,0,0,35,1,1,0,0,0,1,0,0,0
21:26:00.925,1.3,-0.6,326,0,0,0,42,41.3,0,0,1,49,46,8,0,0,0,0,0,0,0,0,12,190,1,38,38,18,37,18,38,37,37,38,-851583,8,4.863,0.015,13.538,39,0,32,0,0,35,1,1,0,0,0,1,0,0,0
21:26:01.025,0.1,-0.5,326,0,0,0,42,41.1,0,0,1,50,47,7,0,0,0,0,0,0,0,0,12,190,1,38,38,18,37,18,38,37,37,38,-851583,8,4.863,0.015,13.545,39,0,32,0,0,35,1,1,0,0,0,1,0,0,0
21:26:01.125,0,-0.3,325,0,0,0,42,41.3,0,0,1,50,46,7,0,0,0,0,0,0,0,0,12,190,1,38,38,18,37,18,38,37,37,38,-851583,8,4.863,0.015,13.545,39,0,32,0,0,35,1,1,0,0,0,1,0,0,0
21:26:01.225,0,-0.4,326,0,0,0,42,41.2,0,0,1,49,47,7,0,0,0,0,0,0,0,0,12,190,1,38,38,18,37,18,38,37,37,38,-851583,8,4.863,0.015,13.545,39,0,32,0,0,35,1,1,0,0,0,1,0,0,0
21:26:01.325,0,-0.5,327,0,0,0,42,41.5,0,0,1,48,46,7,0,0,0,0,0,0,0,0,12,190,1,38,38,18,37,18,38,37,37,38,-851583,8,4.863,0.015,13.552,39,0,32,0,0,35,1,1,0,0,0,1,0,0,0
21:26:01.425,0,-0.5,326,0,0,0,42,41.2,0,0,1,48,46,7,0,0,0,0,0,0,0,0,12,190,1,38,38,18,37,18,38,37,37,38,-851583,8,4.863,0.015,13.565,39,0,32,0,0,35,1,1,0,0,0,1,0,0,0
21:26:01.525,0,-0.4,325,0,0,0,42,41.3,0,0,1,48,46,7,0,0,0,0,0,0,0,0,12,190,1,38,38,18,37,18,38,38,37,38,-851583,8,4.863,0.015,13.572,39,0,32,0,0,35,1,1,0,0,0,1,0,0,0
21:26:01.625,0,-0.5,326,0,0,0,42,41.2,0,0,1,49,46,8,0,0,0,0,0,0,0,0,12,190,1,38,38,18,37,18,38,37,37,38,-851583,8,4.863,0.015,13.545,39,0,32,0,0,35,1,1,0,0,0,1,0,0,0
21:26:01.725,0,-0.5,326,0,0,0,42,41.2,0,0,1,49,45,7,0,0,0,0,0,0,0,0,12,190,1,38,38,18,37,18,38,38,37,38,-851583,8,4.863,0.015,13.552,39,0,32,0,0,35,1,1,0,0,0,1,0,0,0
21:26:01.825,0,-0.4,327,0,0,0,42,41.2,0,0,1,48,46,7,0,0,0,0,0,0,0,0,12,190,1,38,38,18,37,18,38,37,37,38,-851583,8,4.863,0.015,13.531,39,0,32,0,0,35,1,1,0,0,0,1,0,0,0
21:26:01.925,0,-0.4,325,0,0,0,42,41.4,0,0,1,48,47,7,0,0,0,0,0,0,0,0,12,190,1,38,38,18,36,18,38,37,37,38,-851583,8,4.863,0.015,13.572,39,0,32,0,0,35,1,1,0,0,0,1,0,0,0
21:26:02.025,0,-0.5,326,0,0,0,42,41.4,0,0,1,49,46,8,0,0,0,0,0,0,0,0,12,190,1,38,38,18,37,18,38,38,37,38,-851583,8,4.863,0.015,13.538,39,0,32,0,0,35,1,1,0,0,0,1,0,0,0
21:26:02.125,0,-0.5,326,0,0,0,42,41.4,0,0,1,50,48,8,0,0,0,0,0,0,0,0,12,190,1,38,38,18,37,18,38,37,37,38,-851583,8,4.863,0.015,13.572,39,0,32,0,0,35,1,1,0,0,0,1,0,0,0
21:26:02.225,0,-0.3,326,0,0,0,42,41.2,0,0,1,50,48,8,0,0,0,0,0,0,0,0,12,190,1,38,38,18,36,18,38,37,37,38,-851583,8,4.863,0.015,13.552,39,0,32,0,0,35,1,1,0,0,0,1,0,0,0
21:26:02.325,0,-0.5,326,0,0,0,42,41.4,0,0,1,49,46,7,0,0,0,0,0,0,0,0,12,190,1,38,38,18,37,18,38,37,37,38,-851583,8,4.863,0.015,13.545,39,0,32,0,0,35,1,1,0,0,0,1,0,0,0
21:26:02.425,0,-0.5,327,0,0,0,42,41.5,0,0,1,50,48,7,0,0,0,0,0,0,0,0,12,190,1,38,38,18,18,18,38,37,37,38,-851583,8,4.863,0.015,13.572,39,0,32,0,0,35,1,1,0,0,0,1,0,0,0
21:26:02.525,0,-0.5,325,0,0,0,42,41.8,0,0,1,50,47,7,0,0,0,0,0,0,0,0,12,190,1,38,38,18,37,18,38,37,37,38,-851583,8,4.863,0.015,13.565,39,0,32,0,0,35,1,1,0,0,0,1,0,0,0
21:26:02.625,0,-0.4,326,0,0,0,42,41.6,0,0,1,49,48,7,0,0,0,0,0,0,0,0,12,190,1,38,38,18,37,18,38,37,37,38,-851583,8,4.863,0.015,13.559,39,0,32,0,0,35,1,1,0,0,0,1,0,0,0
21:26:02.725,0,-0.6,326,0,0,0,42,41.4,0,0,1,49,46,7,0,0,0,0,0,0,0,0,12,190,1,38,38,18,36,18,38,37,37,38,-851583,8,4.863,0.015,13.531,39,0,32,0,0,35,1,1,0,0,0,1,0,0,0
21:26:02.825,0,-0.5,326,0,0,0,42,41.4,0,0,1,50,48,7,0,0,0,0,0,0,0,0,12,190,1,38,38,18,36,18,38,37,37,38,-851583,8,4.863,0.015,13.593,39,0,32,0,0,35,1,1,0,0,0,1,0,0,0
21:26:02.925,0,-0.6,326,0,0,0,42,41.3,0,0,1,49,46,8,0,0,0,0,0,0,0,0,12,190,1,38,38,18,37,18,38,37,37,38,-851583,8,4.863,0.015,13.538,39,0,32,0,0,35,1,1,0,0,0,1,0,0,0
21:26:03.025,0,-0.6,326,0,0,0,42,41.6,0,0,1,54,47,8,0,0,0,0,0,0,0,0,12,190,1,38,38,18,37,18,38,37,37,38,-851583,8,4.863,0.015,13.559,39,0,32,0,0,35,1,1,0,0,0,1,0,0,0
21:26:03.125,0,-0.5,326,0,0,0,42,41.5,0,0,1,52,48,7,0,0,0,0,0,0,0,0,12,190,1,38,38,18,36,18,38,37,37,38,-851583,8,4.863,0.015,13.579,39,0,32,0,0,35,1,1,0,0,0,1,0,0,0
21:26:03.225,0,-0.6,326,0,0,0,42,41.4,0,0,1,52,48,7,0,0,0,0,0,0,0,0,12,190,1,38,38,18,37,18,38,37,37,38,-851583,8,4.863,0.015,13.552,39,0,32,0,0,35,1,1,0,0,0,1,0,0,0
21:26:03.325,0,-0.3,325,0,0,0,42,41.3,0,0,1,52,49,7,0,0,0,0,0,0,0,0,12,190,1,38,38,18,37,18,38,37,37,38,-851583,8,4.863,0.015,13.565,39,0,32,0,0,35,1,1,0,0,0,1,0,0,0
21:26:03.425,0,-0.4,325,0,0,0,42,41.5,0,0,1,50,46,7,0,0,0,0,0,0,0,0,12,190,1,38,38,18,37,18,38,37,37,38,-851583,8,4.863,0.015,13.579,39,0,32,0,0,35,1,1,0,0,0,1,0,0,0
21:26:03.525,0,-0.4,326,0,0,0,42,41.4,0,0,1,51,48,7,0,0,0,0,0,0,0,0,12,190,1,38,38,18,38,18,38,37,37,38,-851583,8,4.863,0.015,13.565,39,0,32,0,0,35,1,1,0,0,0,1,0,0,0
21:26:03.625,0,-0.4,326,0,0,0,42,41.6,0,0,1,52,49,7,0,0,0,0,0,0,0,0,12,190,1,38,38,18,37,18,38,37,37,38,-851583,8,4.863,0.015,13.545,39,0,32,0,0,35,1,1,0,0,0,1,0,0,0
21:26:03.725,0,-0.6,326,0,0,0,42,41.4,0,0,1,50,48,7,0,0,0,0,0,0,0,0,12,190,1,38,38,18,37,18,38,37,37,38,-851583,8,4.863,0.015,13.572,39,0,32,0,0,35,1,1,0,0,0,1,0,0,0
21:26:03.825,0,-0.5,326,0,0,0,42,41.6,0,0,1,50,47,7,0,0,0,0,0,0,0,0,12,190,1,38,38,18,37,18,38,38,37,38,-851583,8,4.863,0.015,13.593,39,0,32,0,0,35,1,1,0,0,0,1,0,0,0
21:26:03.925,0,-0.5,325,0,0,0,42,41.4,0,0,1,51,48,7,0,0,0,0,0,0,0,0,12,190,1,38,38,18,37,18,38,37,37,38,-851583,8,4.863,0.015,13.552,39,0,32,0,0,35,1,1,0,0,0,1,0,0,0
21:26:04.025,0,-0.5,326,0,0,0,42,41.4,0,0,1,50,47,7,0,0,0,0,0,0,0,0,12,190,1,38,38,18,37,18,38,37,37,38,-851583,8,4.863,0.015,13.559,39,0,32,0,0,35,1,1,0,0,0,1,0,0,0
21:26:04.125,0,-0.4,326,0,0,0,42,41.6,0,0,1,50,47,7,0,0,0,0,0,0,0,0,12,190,1,38,38,18,37,18,38,37,37,38,-851583,8,4.863,0.015,13.552,39,0,32,0,0,35,1,1,0,0,0,1,0,0,0
21:26:04.225,0,-0.5,326,0,0,0,42,41.3,0,0,1,51,47,7,0,0,0,0,0,0,0,0,12,190,1,38,38,18,37,18,38,37,37,38,-851583,8,4.863,0.015,13.559,39,0,32,0,0,35,1,1,0,0,0,1,0,0,0
21:26:04.325,0,-0.5,326,0,0,0,42,41.4,0,0,1,49,46,7,0,0,0,0,0,0,0,0,12,190,1,38,38,18,37,18,38,37,37,38,-851583,8,4.863,0.015,13.593,39,0,32,0,0,35,1,1,0,0,0,1,0,0,0
21:26:04.425,0,-0.4,326,0,0,0,42,41.5,0,0,1,50,47,8,0,0,0,0,0,0,0,0,12,190,1,38,38,18,37,18,38,37,37,38,-851583,8,4.863,0.015,13.565,39,0,32,0,0,35,1,1,0,0,0,1,0,0,0
21:26:04.525,0,-0.6,326,0,0,0,42,41.3,0,0,1,50,47,7,0,0,0,0,0,0,0,0,12,190,1,38,38,18,37,18,38,37,37,38,-851583,8,4.863,0.015,13.552,39,0,32,0,0,35,1,1,0,0,0,1,0,0,0
21:26:04.625,0,-0.5,327,0,0,0,42,41.1,0,0,1,51,47,7,0,0,0,0,0,0,0,0,12,190,1,38,38,18,37,18,38,37,37,38,-851583,8,4.863,0.015,13.586,39,0,32,0,0,35,1,1,0,0,0,1,0,0,0
21:26:04.725,0,-0.5,326,0,0,0,42,41.5,0,0,1,50,47,7,0,0,0,0,0,0,0,0,12,190,1,38,38,18,37,18,38,37,37,38,-851583,8,4.863,0.015,13.545,39,0,32,0,0,35,1,1,0,0,0,1,0,0,0
21:26:04.825,0,-0.5,326,0,0,0,42,41.7,0,0,1,50,48,7,0,0,0,0,0,0,0,0,12,190,1,38,38,18,37,18,38,37,37,38,-851583,8,4.863,0.015,13.565,39,0,32,0,0,35,1,1,0,0,0,1,0,0,0
21:26:04.925,0,-0.3,326,0,0,0,42,41.5,0,0,1,49,46,8,0,0,0,0,0,0,0,0,12,190,1,38,38,18,37,18,38,37,37,38,-851583,8,4.863,0.015,13.524,39,0,32,0,0,35,1,1,0,0,0,1,0,0,0
21:26:05.025,0,-0.5,327,0,0,0,42,41.3,0,0,1,49,46,7,0,0,0,0,0,0,0,0,12,190,1,38,38,18,37,18,38,37,37,38,-851583,8,4.863,0.015,13.559,39,0,32,0,0,35,1,1,0,0,0,1,0,0,0
21:26:05.125,0,-0.4,326,0,0,0,42,41.4,0,0,1,50,47,8,0,0,0,0,0,0,0,0,12,190,1,38,38,18,38,18,38,37,37,38,-851583,8,4.863,0.015,13.552,39,0,32,0,0,35,1,1,0,0,0,1,0,0,0
21:26:05.225,0,-0.4,326,0,0,0,42,41.5,0,0,1,50,48,7,0,0,0,0,0,0,0,0,12,190,1,38,38,18,37,18,38,37,37,38,-851583,8,4.863,0.015,13.565,39,0,32,0,0,35,1,1,0,0,0,1,0,0,0
21:26:05.325,0,-0.6,326,0,0,0,42,41.4,0,0,1,50,47,8,0,0,0,0,0,0,0,0,12,190,1,38,38,18,37,18,38,37,37,38,-851583,8,4.863,0.015,13.586,39,0,32,0,0,35,1,1,0,0,0,1,0,0,0
21:26:05.425,0,-0.6,326,0,0,0,42,41.3,0,0,1,50,47,7,0,0,0,0,0,0,0,0,12,190,1,38,38,18,37,18,38,37,37,38,-851583,8,4.863,0.015,13.552,39,0,32,0,0,35,1,1,0,0,0,1,0,0,0
21:26:05.525,0,-0.5,327,0,0,0,42,41.4,0,0,1,50,46,7,0,0,0,0,0,0,0,0,12,190,1,38,38,18,37,18,38,38,37,38,-851583,8,4.863,0.015,13.552,39,0,32,0,0,35,1,1,0,0,0,1,0,0,0
21:26:05.625,0,-0.5,326,0,0,0,42,41.2,0,0,1,50,46,7,0,0,0,0,0,0,0,0,12,190,1,38,38,18,37,18,38,37,37,38,-851583,8,4.863,0.015,13.552,39,0,32,0,0,35,1,1,0,0,0,1,0,0,0
21:26:05.725,0,-0.4,325,0,0,0,42,41.2,0,0,1,49,47,7,0,0,0,0,0,0,0,0,12,190,1,38,38,18,37,18,38,37,37,38,-851583,8,4.863,0.015,13.572,39,0,32,0,0,35,1,1,0,0,0,1,0,0,0
21:26:05.825,0,-0.4,326,0,0,0,42,41,0,0,1,50,47,8,0,0,0,0,0,0,0,0,12,190,1,38,38,18,37,18,38,37,37,38,-851583,8,4.863,0.015,13.559,39,0,32,0,0,35,1,1,0,0,0,1,0,0,0
21:26:05.925,0,-0.4,326,0,0,0,42,41.1,0,0,1,50,47,8,0,0,0,0,0,0,0,0,12,190,1,38,38,18,37,18,38,38,37,38,-851583,8,4.863,0.015,13.531,39,0,32,0,0,35,1,1,0,0,0,1,0,0,0
21:26:06.025,0,-0.6,325,0,0,0,42,41.2,0,0,1,50,47,7,0,0,0,0,0,0,0,0,12,190,1,38,38,18,37,18,38,37,37,38,-851583,8,4.863,0.015,13.6,39,0,32,0,0,35,1,1,0,0,0,1,0,0,0
21:26:06.125,0,-0.6,327,0,0,0,42,41.3,0,0,1,50,47,7,0,0,0,0,0,0,0,0,12,190,1,38,38,18,37,18,38,37,37,38,-851583,8,4.863,0.015,13.524,39,0,32,0,0,35,1,1,0,0,0,1,0,0,0
21:26:06.225,0,-0.5,326,0,0,0,42,41.2,0,0,1,50,47,7,0,0,0,0,0,0,0,0,12,190,1,38,38,18,37,18,38,37,37,38,-851583,8,4.863,0.015,13.559,39,0,32,0,0,35,1,1,0,0,0,1,0,0,0
21:26:06.325,0,-0.3,326,0,0,0,42,41.1,0,0,1,50,47,7,0,0,0,0,0,0,0,0,12,190,1,38,38,18,38,18,38,37,37,38,-851583,8,4.863,0.015,13.545,39,0,32,0,0,35,1,1,0,0,0,1,0,0,0
21:26:06.425,0,-0.4,326,0,0,0,42,41.2,0,0,1,50,46,7,0,0,0,0,0,0,0,0,12,190,1,38,38,18,37,18,38,37,37,38,-851583,8,4.863,0.015,13.518,39,0,32,0,0,35,1,1,0,0,0,1,0,0,0
21:26:06.525,0,-0.4,325,0,0,0,42,41.3,0,0,1,50,47,7,0,0,0,0,0,0,0,0,12,190,1,38,38,18,37,18,38,37,37,38,-851583,8,4.863,0.015,13.531,39,0,32,0,0,35,1,1,0,0,0,1,0,0,0
21:26:06.625,0,-0.5,326,0,0,0,42,41,0,0,1,51,48,7,0,0,0,0,0,0,0,0,12,190,1,38,38,18,37,18,38,37,37,38,-851583,8,4.863,0.015,13.545,39,0,32,0,0,35,1,1,0,0,0,1,0,0,0
21:26:06.725,0,-0.6,326,0,0,0,42,41.1,0,0,1,50,47,7,0,0,0,0,0,0,0,0,12,190,1,38,38,18,37,18,38,37,37,38,-851583,8,4.863,0.015,13.552,39,0,32,0,0,35,1,1,0,0,0,1,0,0,0
21:26:06.825,0,-0.5,326,0,0,0,42,41.1,0,0,1,52,47,7,0,0,0,0,0,0,0,0,12,190,1,38,38,18,37,18,38,37,37,38,-851583,8,4.863,0.015,13.579,39,0,32,0,0,35,1,1,0,0,0,1,0,0,0
21:26:06.925,0,-0.6,326,0,0,0,42,41.1,0,0,1,54,47,7,0,0,0,0,0,0,0,0,12,190,1,38,38,18,37,18,38,37,37,38,-851583,8,4.863,0.015,13.559,39,0,32,0,0,35,1,1,0,0,0,1,0,0,0
21:26:07.025,0,-0.5,327,0,0,0,42,41.1,0,0,1,54,48,7,0,0,0,0,0,0,0,0,12,190,1,38,38,18,37,18,38,38,37,38,-851583,8,4.863,0.015,13.586,39,0,32,0,0,35,1,1,0,0,0,1,0,0,0
21:26:07.125,0,-0.4,326,0,0,0,42,41.2,0,0,1,52,48,7,0,0,0,0,0,0,0,0,12,190,1,38,38,18,37,18,38,37,37,38,-851583,8,4.863,0.015,13.572,39,0,32,0,0,35,1,1,0,0,0,1,0,0,0
21:26:07.225,0,-0.7,327,0,0,0,42,41.2,0,0,1,51,47,7,0,0,0,0,0,0,0,0,12,190,1,38,38,18,37,18,38,38,37,38,-851583,8,4.863,0.015,13.572,39,0,32,0,0,35,1,1,0,0,0,1,0,0,0
21:26:07.325,0,-0.5,327,0,0,0,42,41.2,0,0,1,52,48,7,0,0,0,0,0,0,0,0,12,190,1,38,38,18,37,18,38,37,37,38,-851583,8,4.863,0.015,13.559,39,0,32,0,0,35,1,1,0,0,0,1,0,0,0
21:26:07.425,0,-0.5,326,0,0,0,42,41,0,0,1,52,48,7,0,0,0,0,0,0,0,0,12,190,1,38,38,18,37,18,38,37,37,38,-851583,8,4.863,0.015,13.586,39,0,32,0,0,35,1,1,0,0,0,1,0,0,0
21:26:07.525,0,-0.4,326,0,0,0,42,41.1,0,0,1,51,47,7,0,0,0,0,0,0,0,0,12,190,1,38,38,18,37,18,38,38,37,38,-851583,8,4.863,0.015,13.538,39,0,32,0,0,35,1,1,0,0,0,1,0,0,0
21:26:07.625,0,-0.5,326,0,0,0,42,41,0,0,1,51,47,7,0,0,0,0,0,0,0,0,12,190,1,38,38,18,37,18,38,37,37,38,-851583,8,4.863,0.015,13.572,39,0,32,0,0,35,1,1,0,0,0,1,0,0,0
21:26:07.725,0,-0.4,326,0,0,0,42,41.1,0,0,1,51,47,7,0,0,0,0,0,0,0,0,12,190,1,38,38,18,37,18,38,37,37,38,-851583,8,4.863,0.015,13.565,39,0,32,0,0,35,1,1,0,0,0,1,0,0,0
21:26:07.825,0,-0.5,326,0,0,0,42,41.2,0,0,1,50,48,7,0,0,0,0,0,0,0,0,12,190,1,38,38,18,37,18,38,37,37,38,-851583,8,4.863,0.015,13.545,39,0,32,0,0,35,1,1,0,0,0,1,0,0,0
21:26:07.925,0,-0.4,326,0,0,0,42,41,0,0,1,51,47,7,0,0,0,0,0,0,0,0,12,190,1,38,38,18,36,18,38,37,37,38,-851583,8,4.863,0.015,13.579,39,0,32,0,0,35,1,1,0,0,0,1,0,0,0
21:26:08.025,0,-0.4,326,0,0,0,42,41,0,0,1,49,46,7,0,0,0,0,0,0,0,0,12,190,1,38,38,18,37,18,38,37,37,38,-851583,8,4.863,0.015,13.545,39,0,32,0,0,35,1,1,0,0,0,1,0,0,0
21:26:08.125,0,-0.4,326,0,0,0,42,41.1,0,0,1,49,47,7,0,0,0,0,0,0,0,0,12,190,1,38,38,18,37,18,38,37,37,38,-851583,8,4.863,0.015,13.545,39,0,32,0,0,35,1,1,0,0,0,1,0,0,0
21:26:08.225,0,-0.3,326,0,0,0,42,41,0,0,1,50,46,7,0,0,0,0,0,0,0,0,12,190,1,38,38,18,36,18,38,37,37,38,-851583,8,4.863,0.015,13.531,39,0,32,0,0,35,1,1,0,0,0,1,0,0,0
21:26:08.325,0,-0.5,327,0,0,0,42,41.1,0,0,1,49,46,7,0,0,0,0,0,0,0,0,12,190,1,38,38,18,37,18,38,37,37,38,-851583,8,4.863,0.015,13.531,39,0,32,0,0,35,1,1,0,0,0,1,0,0,0
21:26:08.425,0,-0.5,326,0,0,0,42,41,0,0,1,49,46,7,0,0,0,0,0,0,0,0,12,190,1,38,38,18,18,18,38,37,37,38,-851583,8,4.863,0.015,13.552,39,0,32,0,0,35,1,1,0,0,0,1,0,0,0
21:26:08.525,0,-0.6,326,0,0,0,42,41.1,0,0,1,50,47,8,0,0,0,0,0,0,0,0,12,190,1,38,38,18,37,18,38,37,37,38,-851583,8,4.863,0.015,13.538,39,0,32,0,0,35,1,1,0,0,0,1,0,0,0
21:26:08.625,0,-0.4,327,0,0,0,42,41.1,0,0,1,49,47,8,0,0,0,0,0,0,0,0,12,190,1,38,38,18,37,18,38,37,37,38,-851583,8,4.863,0.015,13.545,39,0,32,0,0,35,1,1,0,0,0,1,0,0,0
21:26:08.725,0,-0.5,326,0,0,0,42,41,0,0,1,50,47,8,0,0,0,0,0,0,0,0,12,190,1,38,38,18,36,18,38,37,37,38,-851583,8,4.863,0.015,13.565,39,0,32,0,0,35,1,1,0,0,0,1,0,0,0
21:26:08.825,0,-0.5,326,0,0,0,42,41,0,0,1,49,48,7,0,0,0,0,0,0,0,0,12,190,1,38,38,18,36,18,38,37,37,38,-851583,8,4.863,0.015,13.552,39,0,32,0,0,35,1,1,0,0,0,1,0,0,0
21:26:08.925,0,-0.5,325,0,0,0,42,41,0,0,1,50,47,8,0,0,0,0,0,0,0,0,12,190,1,38,38,18,37,18,38,37,37,38,-851583,8,4.863,0.015,13.579,39,0,32,0,0,35,1,1,0,0,0,1,0,0,0
21:26:09.025,0,-0.3,327,0,0,0,42,41.1,0,0,1,50,47,7,0,0,0,0,0,0,0,0,12,190,1,38,38,18,37,18,38,37,37,38,-851583,8,4.863,0.015,13.565,39,0,32,0,0,35,1,1,0,0,0,1,0,0,0
21:26:09.125,0,-0.3,327,0,0,0,42,41.1,0,0,1,50,47,8,0,0,0,0,0,0,0,0,12,190,1,38,38,18,36,18,38,37,37,38,-851583,8,4.863,0.015,13.518,39,0,32,0,0,35,1,1,0,0,0,1,0,0,0
21:26:09.225,0,-0.3,325,0,0,0,42,41,0,0,1,51,46,7,0,0,0,0,0,0,0,0.1,12,190,1,38,38,18,37,18,38,37,37,38,-851583,8,4.863,0.015,13.545,39,0,32,0,0,35,1,1,0,0,0,1,0,0,0
21:26:09.325,1.6,2.3,325,3.6,0,0,42,41,0,0,1,50,48,7,0,0,0,0,0,0,0,0.1,12,190,1,38,38,18,37,18,38,38,37,38,-851583,8,4.863,0.015,13.497,39,0,32,0,0,35,1,1,0,0,0,1,0,0,0
21:26:09.425,3.4,-0.3,325,0,0,0,42,41,0,0,1,50,47,7,0,0,0,0,0,0,0,0,12,190,1,38,38,18,37,18,38,37,37,38,-851583,8,4.863,0.015,13.504,39,0,32,0,0,35,1,1,0,0,0,1,0,0,0
21:26:09.525,-0.1,-0.6,326,0,0,0,42,41,0,0,1,50,45,8,0,0,0,0,0,0,0,0,12,190,1,38,38,18,38,18,38,37,37,38,-851583,8,4.863,0.015,13.559,39,0,32,0,0,35,1,1,0,0,0,1,0,0,0
21:26:09.625,0,-0.5,326,0,0,0,42,41,0,0,1,49,46,7,0,0,0,0,0,0,0,0,12,190,1,38,38,18,37,18,38,37,37,38,-851583,8,4.863,0.015,13.586,39,0,32,0,0,35,1,1,0,0,0,1,0,0,0
21:26:09.725,0,-0.4,324,2.4,0,0,42,41,0,0,1,49,47,7,0,0,0,0,0,0,0,0.1,12,190,1,38,38,18,37,18,38,37,37,38,-851583,8,4.863,0.015,13.559,39,0,32,0,0,35,1,1,0,0,0,1,0,0,0
21:26:09.825,4.3,4.9,325,8.8,0.3,0,42,41,0,0,1,50,46,8,0,0,0,0,0,0,0,0.2,12,190,1,38,38,18,37,18,38,37,37,38,-851583,8,4.863,0.015,13.518,39,0,32,0,0,35,1,1,0,0,0,1,0,0,0
21:26:09.925,12.1,6.5,325,44,2.3,0,42,41,0,0,1,49,46,7,0,0,0,0,0,0,0,0.9,12,190,1,38,38,18,38,18,38,37,37,38,-851583,8,4.858,0.015,13.504,39,0,32,0,0,35,1,1,0,0,0,1,0,0,0
21:26:10.025,2.8,7,325,62.7,3.6,0,42,40.9,0,0,1,50,47,7,0,0,0,0,0,0,0,1.4,12,190,1,38,38,18,37,18,38,37,37,38,-851583,8,4.863,0.015,13.497,39,0,32,0,0,35,1,1,0,0,0,1,0,0,0
21:26:10.125,0.9,7.1,324,72.4,4.4,0,42,40.9,0,0,1,50,46,7,0,0,0,0,0,0,0,1.7,12,190,1,38,38,18,37,18,38,37,37,38,-851583,8,4.863,0.015,13.497,39,0,32,0,0,35,1,1,0,0,0,1,0,0,0
21:26:10.225,2.8,7.4,324,93.6,5.7,0,42,40.9,0,0,1,50,46,7,0,0,0,0,0,0,0,2.3,12,190,1,38,38,18,37,18,38,37,37,38,-851583,8,4.863,0.015,13.531,39,0,32,0,0,35,1,1,0,0,0,1,0,0,0
21:26:10.325,21,8.4,323,124.4,8.7,0,42,40.9,0,0,1,50,48,8,0,0,0,0,0,0,0,3.9,12,190,1,38,38,18,37,18,38,37,37,38,-851583,8,4.863,0.015,13.518,39,0,32,0,0,35,1,1,0,0,0,1,0,0,0
21:26:10.425,60.6,10,324,162.4,13.9,0,42,40.9,0,0,1,50,47,7,0,0,0,0,0,0,0,7.7,12,190,1,38,38,18,37,18,38,37,37,38,-851583,8,4.863,0.015,13.504,39,0,32,0,0,35,1,1,0,0,0,1,0,0,0
21:26:10.525,107.3,10.2,322,192.6,16.2,0,42,40.9,0,0,1,50,48,7,0,0,0,0,0,0,0,10.3,12,190,1,38,38,18,37,18,38,37,37,38,-851583,8,4.863,0.015,13.47,39,0,32,0,0,35,1,1,0,0,0,1,0,0,0
21:26:10.625,165.8,12.4,322,216.1,20.4,0,42,40.9,0,0,1,52,46,7,0,0,0,0,0,0,0,11.3,12,190,1,38,38,18,37,18,38,37,37,38,-851583,8,4.863,0.015,13.497,39,0,32,0,0,35,1,1,0,0,0,1,0,0,0
21:26:10.725,229.3,14.3,321,213.5,23.5,0,42,40.9,0,0,1,54,48,7,0,0,0,0,0,0,0,13.5,12,190,1,38,38,18,37,18,38,37,37,38,-851583,8,4.863,0.015,13.511,40,0,32,0,0,35,1,1,0,0,0,1,0,0,0
21:26:10.825,296,15.1,320,217.9,27,0,42,40.9,0,0,1,52,47,7,0,0,0,0,0,0,0,18.6,12,190,1,38,38,18,37,18,38,37,37,38,-851583,8,4.863,0.015,13.504,39,0,32,0,0,35,1,1,0,0,0,1,0,0,0
21:26:10.925,359.4,16.9,319,214,28.6,0,42,41,0,0,1,51,47,8,0,0,0,0,0,0,0,20.3,12,190,1,38,38,18,37,18,38,37,37,38,-851583,8,4.863,0.015,13.511,39,0,32,0,0,35,1,1,0,0,0,1,0,0,0
21:26:11.025,444.9,18.9,318,221.8,33.1,0,42,41,0,0,1,52,48,7,0,0,0,0,0,0,0,23.5,12,190,1,38,38,18,37,18,38,38,37,38,-851583,8,4.863,0.015,13.49,39,0,32,0,0,35,1,1,0,0,0,1,0,0,0
21:26:11.125,498.5,20.2,316,221.4,35.2,0,42,41,0,0,1,52,48,7,0,0,0,0,0,0,0,24,12,190,1,38,38,18,38,18,38,37,37,38,-851583,8,4.863,0.015,13.538,39,0,32,0,0,35,1,1,0,0,0,1,0,0,0
21:26:11.225,570.3,23,317,246.4,40.6,0,42,41,0,0,1,52,48,8,0,0,0,0,0,0,0,29.9,12,190,1,38,38,18,37,18,38,37,37,38,-851583,8,4.858,0.015,13.497,39,0,32,0,0,35,1,1,0,0,0,1,0,0,0
21:26:11.325,643.4,25.1,314,270.9,46,0,42,41.1,0,0,1,51,47,7,0,0,0,0,0,0,0,35.4,12,190,1,38,38,18,37,18,38,37,37,38,-851583,8,4.863,0.015,13.504,39,0,32,0,0,35,1,1,0,0,0,1,0,0,0
21:26:11.425,716.9,27.5,313,282.3,50.7,0,42.9,41.1,0,0,1,51,47,7,0,0,0,0,0,0,0,43.5,12,190,1,38,38,18,37,18,38,38,37,38,-851583,8,4.863,0.015,13.511,39,0,32,0,0,35,1,1,0,0,0,1,0,0,0
21:26:11.525,796.2,29.8,312,296.6,58.9,0,42.9,41,0,0,1,49,46,7,0,0,0,0,0,0,0,46.7,12,190,1,38,38,18,37,18,38,37,37,38,-851583,8,4.858,0.015,13.49,39,0,32,0,0,35,1,1,0,0,0,1,0,0,0
21:26:11.625,906.7,31.6,308,336.1,67,0,42.9,41.1,0,0,1,49,47,7,0,0,0,0,0,0,0,53.2,12,190,1,38,38,18,37,18,38,37,37,38,-851583,8,4.858,0.015,13.497,39,0,32,0,0,35,1,1,0,0,0,1,0,0,0
21:26:11.725,966,35.6,308,345.4,62,0,42.9,40.9,0,0,1,50,47,7,0,0,0,0,0,0,0,59.1,12,190,1,38,38,18,37,18,38,37,37,38,-851583,8,4.863,0.015,13.483,39,0,32,0,0,35,1,1,0,0,0,1,0,0,0
21:26:11.825,1054,37.3,306,331.5,63,0,42.9,41,0,0,1,51,48,8,0,0,0,0,0,0,0,66.2,12,190,1,38,38,18,37,18,38,37,37,38,-851583,8,4.863,0.015,13.524,39,0,32,0,0,35,1,1,0,0,0,1,0,0,0
21:26:11.925,1141.9,40.6,307,330.1,77.4,0,42.9,41,0,0,1,51,47,7,0,0,0,0,0,0,0,68.8,12,190,1,38,38,18,37,18,38,37,37,38,-851583,8,4.863,0.015,13.477,39,0,32,0,0,35,1,1,0,0,0,1,0,0,0
21:26:12.025,1232.5,41.8,304,346.4,76.7,0,43.8,41.1,0,0,1,50,47,8,0,0,0,0,0,0,0,67.7,12,190,1,38,38,18,37,18,38,37,37,38,-851583,8,4.863,0.015,13.497,39,0,32,0,0,35,1,1,0,0,0,1,0,0,0
21:26:12.125,1306.9,44.7,302,346.3,70,0,43.9,41.2,0,0,1,51,47,7,0,0,0,0,0,0,0,76,12,190,1,38,38,18,37,18,38,37,37,38,-851583,8,4.863,0.015,13.504,39,0,32,0,0,35,1,1,0,0,0,1,0,0,0
21:26:12.225,1398.3,48.3,302,362,76,0,43.9,41.2,0,0,1,51,47,8,0,0,0,0,0,0,0,83.1,12,190,1,38,38,18,37,18,38,37,37,38,-851583,8,4.863,0.015,13.504,39,0,32,0,0,35,1,1,0,0,0,1,0,0,0
21:26:12.325,1478.7,50,298,335.5,85.3,0,43.9,41.1,0,0,1,50,47,7,0,0,0,0,0,0,0,86.9,12,190,1,38,38,18,38,18,38,37,37,38,-851583,8,4.863,0.015,13.504,39,0,32,0,0,35,1,1,0,0,0,1,0,0,0
21:26:12.425,1557.7,52.1,294,329.9,88.5,0,43.9,41.3,0,0,1,50,46,7,0,0,0,0,0,0,0,87.8,12,190,1,38,38,18,37,18,38,37,37,38,-851583,8,4.863,0.015,13.483,39,0,32,0,0,35,1,1,0,0,0,1,0,0,0
21:26:12.525,1649.8,55,295,354.6,82.3,0,44,41.1,0,0,1,50,47,7,0,0,0,0,0,0,0,97.8,12,190,1,38,38,18,37,18,38,38,37,38,-851583,8,4.863,0.015,13.49,39,0,32,0,0,35,1,1,0,0,0,1,0,0,0
21:26:12.625,1723.9,57,294,341.4,75.9,0,44.9,41.2,0,0,1,49,46,8,0,0,0,0,0,0,0,95.9,12,190,1,38,38,18,37,18,38,37,37,38,-851583,8,4.863,0.015,13.504,39,0,32,0,0,35,1,1,0,0,0,1,0,0,0
21:26:12.725,1813.4,60.5,291,324.6,95,0,44.9,41.2,0,0,1,50,47,8,0,0,0,0,0,0,0,103.6,12,190,1,38,38,18,37,18,38,38,37,38,-851583,8,4.863,0.015,13.511,39,0,32,0,0,35,1,1,0,0,0,1,0,0,0
21:26:12.825,1888.4,62.8,291,332,99.5,0,44.9,41.2,0,0,1,50,47,7,0,0,0,0,0,0,0,111.9,12,190,1,38,38,18,37,18,38,37,37,38,-851583,8,4.863,0.015,13.483,39,0,32,0,0,35,1,1,0,0,0,1,0,0,0
21:26:12.925,1987.5,66.2,288,321.8,92.8,0,44.9,41.3,0,0,1,51,47,7,0,0,0,0,0,0,0,115.8,12,190,1,38,38,18,37,18,38,37,37,38,-851583,8,4.863,0.015,13.477,39,0,32,0,0,35,1,1,0,0,0,1,0,0,0
21:26:13.025,2053,68.2,292,315.3,90.3,0,45,41.3,0,0,1,51,48,7,0,0,0,0,0,0,0,107.9,11,190,1,38,38,18,37,18,38,38,37,38,-851583,8,4.863,0.015,13.47,39,0,32,0,0,35,1,1,0,0,0,1,0,0,0
21:26:13.125,2154.5,73.1,287,354.3,116,0,45.9,41.3,0,0,1,50,48,8,0,0,0,0,0,0,0,131.6,11,190,1,38,38,18,37,18,38,37,37,38,-851583,8,4.863,0.015,13.463,39,0,32,0,0,35,1,1,0,0,0,1,0,0,0
21:26:13.225,2219.4,73.1,286,335.1,114,0,45.9,41.3,0,0,1,49,46,7,0,0,0,0,0,0,0,127.9,11,190,1,38,38,18,37,18,38,37,37,38,-851583,8,4.863,0.015,13.477,39,0,32,0,0,35,1,1,0,0,0,1,0,0,0
21:26:13.325,2314.1,78.2,288,357.7,97,0,45.9,41.4,0,0,1,49,46,8,0,0,0,0,0,0,0,134.1,11,190,1,38,38,18,37,18,38,37,37,38,-851583,8,4.863,0.015,13.47,39,0,32,0,0,35,1,1,0,0,0,1,0,0,0
21:26:13.425,2380.2,79.2,288,298.5,91.2,0,45.9,41.4,0,0,1,51,46,7,0,0,0,0,0,0,0,126.7,11,190,1,38,38,18,37,18,38,37,37,38,-851583,8,4.863,0.015,13.49,39,0,32,0,0,35,1,1,0,0,0,1,0,0,0
21:26:13.525,2371,39.5,320,0,0,0,45.9,41.9,4,0,1,50,47,8,0,0,0,0,0,0,0,0.1,11,190,1,38,38,18,37,18,38,37,37,38,-851583,8,4.863,0.015,13.442,39,0,32,0,0,35,1,1,0,0,0,1,0,0,0
21:26:13.625,2398.2,72.5,308,121.5,31.9,0,46.9,41.5,0,0,1,49,46,7,0,0,0,0,0,0,0,53.6,11,190,1,38,38,18,37,18,38,37,37,38,-851583,8,4.863,0.015,13.518,39,0,32,0,0,35,1,1,0,0,0,1,0,0,0
21:26:13.725,2348,48,321,0,0,0,46.9,41.9,4,0,1,49,47,7,0,0,0,0,0,0,0,0,11,190,1,38,38,18,37,18,38,37,37,38,-851583,8,4.863,0.015,13.518,39,0,32,0,0,35,1,1,0,0,0,1,0,0,0
21:26:13.825,2312,47.4,323,0,0,0,46.9,41.9,4,0,1,49,47,7,0,0,0,0,0,0,0,0,11,190,1,38,38,18,37,18,38,37,37,38,-851583,8,4.863,0.015,13.518,39,0,32,0,0,35,1,1,0,0,0,1,0,0,0
21:26:13.925,2440.2,75.8,297,201.8,62.7,0,46.9,41.4,0,0,1,49,47,7,0,0,0,0,0,0,0,78.2,12,190,1,38,38,18,36,18,38,37,37,38,-851583,8,4.863,0.015,13.497,39,0,32,0,0,35,1,1,0,0,0,1,0,0,0
21:26:14.025,2314.5,45.9,322,0,0,0,46.9,41.9,0,0,1,49,46,8,0,0,0,0,0,0,0,0,12,190,1,38,38,18,37,18,38,37,37,38,-851583,8,4.863,0.015,13.483,39,0,32,0,0,35,1,1,0,0,0,1,0,0,0
21:26:14.125,2380.7,45,323,0,0,0,46.9,41.9,0,0,1,49,47,7,0,0,0,0,0,0,0,0,12,190,1,38,38,18,37,18,38,37,37,38,-851583,8,4.863,0.015,13.531,39,0,32,0,0,35,1,1,0,0,0,1,0,0,0
21:26:14.225,2391.4,46.4,323,0,0,0,46.9,41.9,0,0,1,49,47,8,0,0,0,0,0,0,0,0,12,190,1,38,38,18,36,18,38,37,37,38,-851583,8,4.863,0.015,13.538,39,0,32,0,0,35,1,1,0,0,0,1,0,0,0
21:26:14.325,2368.7,45.6,324,0,0,0,46.9,41.9,0,0,1,54,48,7,0,0,0,0,0,0,0,0,12,190,1,38,38,18,37,18,38,37,37,38,-851583,8,4.863,0.015,13.565,39,0,32,0,0,35,1,1,0,0,0,1,0,0,0
21:26:14.425,2348.4,46.5,325,0,0,0,46.9,41.9,0,0,1,52,48,8,0,0,0,0,0,0,0,0,12,190,1,38,38,18,18,18,38,37,37,38,-851583,8,4.863,0.015,13.524,39,0,32,0,0,35,1,1,0,0,0,1,0,0,0
21:26:14.525,2336.9,45.9,323,0,0,0,46.9,41.9,0,0,1,54,48,7,0,0,0,0,0,0,0,0,12,190,1,38,38,18,37,18,38,37,37,38,-851583,8,4.863,0.015,13.545,39,0,32,0,0,35,1,1,0,0,0,1,0,0,0
21:26:14.625,2321.4,44.9,323,0,0,0,46.9,41.9,0,0,1,52,47,7,0,0,0,0,0,0,0,0,12,190,1,38,38,18,37,18,38,37,37,38,-851583,8,4.863,0.015,13.531,39,0,32,0,0,35,1,1,0,0,0,1,0,0,0
21:26:14.725,2306.2,44.6,324,0,0,0,46.9,41.9,0,0,1,52,48,7,0,0,0,0,0,0,0,0,12,190,1,38,38,18,37,18,38,37,37,38,-851583,8,4.863,0.015,13.559,39,0,32,0,0,35,1,1,0,0,0,1,0,0,0
21:26:14.825,2301.3,45.6,323,0,0,0,46.9,42,0,0,1,51,48,7,0,0,0,0,0,0,0,0,12,190,1,38,38,18,36,18,38,38,37,38,-851583,8,4.863,0.015,13.545,39,0,32,0,0,35,1,1,0,0,0,1,0,0,0
21:26:14.925,2283.3,45.2,323,0,0,0,46.9,42,0,0,1,50,48,7,0,0,0,0,0,0,0,0,12,190,1,38,38,18,37,18,38,37,37,38,-851583,8,4.863,0.015,13.538,39,0,32,0,0,35,1,1,0,0,0,1,0,0,0
21:26:15.025,2279.9,44,322,0,0,0,46.9,42,0,0,1,51,48,7,0,0,0,0,0,0,0,0,12,190,1,38,38,18,37,18,38,37,37,38,-851583,8,4.858,0.015,13.531,39,0,32,0,0,35,1,1,0,0,0,1,0,0,0
21:26:15.125,2256.7,44.3,324,0,0,0,46.9,42,0,0,1,50,47,7,0,0,0,0,0,0,0,0,12,190,1,38,38,18,36,18,38,37,37,38,-851583,8,4.863,0.015,13.552,39,0,32,0,0,35,1,1,0,0,0,1,0,0,0
21:26:15.225,2245.7,43.6,322,0,0,0,46.9,42,0,0,1,50,48,7,0,0,0,0,0,0,0,0,12,190,1,38,38,18,37,18,38,37,37,38,-851583,8,4.863,0.015,13.538,39,0,32,0,0,35,1,1,0,0,0,1,0,0,0
21:26:15.325,2228.1,42.9,322,0,0,0,46.9,42,0,0,1,49,47,8,0,0,0,0,0,0,0,0,12,190,1,38,38,18,37,18,38,37,37,38,-851583,8,4.863,0.015,13.531,39,0,32,0,0,35,1,1,0,0,0,1,0,0,0
21:26:15.425,2208,43.1,324,0,0,0,46.9,42,0,0,1,50,46,7,0,0,0,0,0,0,0,0,12,190,1,38,38,18,37,18,38,37,37,38,-851583,8,4.863,0.015,13.552,39,0,32,0,0,35,1,1,0,0,0,1,0,0,0
21:26:15.525,2187,41.6,324,0,0,0,46.9,42,0,0,1,51,48,7,0,0,0,0,0,0,0,0,12,190,1,38,38,18,38,18,38,37,37,38,-851583,8,4.863,0.015,13.552,39,0,32,0,0,35,1,1,0,0,0,1,0,0,0
21:26:15.625,2175.1,43.2,324,0,0,0,46.9,42.1,0,0,1,50,47,7,0,0,0,0,0,0,0,0,12,190,1,38,38,18,37,18,38,38,37,38,-851583,8,4.863,0.015,13.552,39,0,32,0,0,35,1,1,0,0,0,1,0,0,0
21:26:15.725,2152,41.9,324,0,0,0,46.9,42.1,0,0,1,49,47,7,0,0,0,0,0,0,0,0,12,190,1,38,38,18,38,18,38,37,37,38,-851583,8,4.863,0.015,13.552,39,0,32,0,0,35,1,1,0,0,0,1,0,0,0
21:26:15.825,2143.7,41.4,323,0,0,0,46.9,42.1,0,0,1,49,48,7,0,0,0,0,0,0,0,0,12,190,1,38,38,18,37,18,38,37,37,38,-851583,8,4.863,0.015,13.531,39,0,32,0,0,35,1,1,0,0,0,1,0,0,0
21:26:15.925,2120.7,41.3,325,0,0,0,46.9,42.1,0,0,1,50,47,8,0,0,0,0,0,0,0,0,12,190,1,38,38,18,38,18,38,37,37,38,-851583,8,4.863,0.015,13.552,39,0,32,0,0,35,1,1,0,0,0,1,0,0,0
21:26:16.025,2101.6,40.8,324,0,0,0,46.9,42.3,0,0,1,49,47,7,0,0,0,0,0,0,0,0,12,190,1,38,38,18,37,18,38,37,37,38,-851583,8,4.863,0.015,13.565,39,0,32,0,0,35,1,1,0,0,0,1,0,0,0
21:26:16.125,2077.9,39.5,325,0,0,0,46.9,42.2,0,0,1,49,47,7,0,0,0,0,0,0,0,0,12,190,1,38,38,18,37,18,38,37,37,38,-851583,8,4.863,0.015,13.572,39,0,32,0,0,35,1,1,0,0,0,1,0,0,0
21:26:16.225,2046,39.9,324,0,0,0,46.9,42.3,0,0,1,48,47,8,0,0,0,0,0,0,0,0,12,190,1,38,38,18,37,18,38,37,37,38,-851583,8,4.863,0.015,13.531,39,0,32,0,0,35,1,1,0,0,0,1,0,0,0
21:26:16.325,2029.7,38.9,324,0,0,0,46.9,42.4,0,0,1,48,46,8,0,0,0,0,0,0,0,0,12,190,1,38,38,18,37,18,38,37,37,38,-851583,8,4.863,0.015,13.559,39,0,32,0,0,35,1,1,0,0,0,1,0,0,0
21:26:16.425,2004.4,39.4,324,0,0,0,46.9,42.4,0,0,1,49,47,7,0,0,0,0,0,0,0,0,12,190,1,38,38,18,37,18,38,37,37,38,-851583,8,4.863,0.015,13.579,39,0,32,0,0,35,1,1,0,0,0,1,0,0,0
21:26:16.525,1994.5,39.1,322,0,0,0,46.9,42.4,0,0,1,49,47,7,0,0,0,0,0,0,0,0,12,190,1,38,38,18,37,18,38,38,37,38,-851583,8,4.863,0.015,13.531,39,0,32,0,0,35,1,1,0,0,0,1,0,0,0
21:26:16.625,1965.9,38.2,325,0,0,0,46.9,42.5,0,0,1,50,47,7,0,0,0,0,0,0,0,0,12,190,1,38,38,18,37,18,38,37,37,38,-851583,8,4.863,0.015,13.538,39,0,32,0,0,35,1,1,0,0,0,1,0,0,0
21:26:16.725,1920.9,37.3,325,0,0,0,46.9,42.3,0,0,1,49,47,7,0,0,0,0,0,0,0,0,12,190,1,38,38,18,38,18,38,37,37,38,-851583,8,4.863,0.015,13.572,39,0,32,0,0,35,1,1,0,0,0,1,0,0,0
21:26:16.825,1857.8,36,325,0,0,0,46.4,42.5,0,0,1,49,48,7,0,0,0,0,0,0,0,0,12,190,1,38,38,18,37,18,38,37,37,38,-851583,8,4.863,0.015,13.524,39,0,32,0,0,35,1,1,0,0,0,1,0,0,0
21:26:16.925,1799,34.7,326,0,0,0,46,42.6,0,0,1,48,48,8,0,0,0,0,0,0,0,0,12,190,1,38,38,18,37,18,38,38,37,38,-851583,8,4.863,0.015,13.518,39,0,32,0,0,35,1,1,0,0,0,1,0,0,0
21:26:17.025,1733.2,33.4,325,0,0,0,46,42.5,0,0,1,50,48,7,0,0,0,0,0,0,0,0,12,190,1,38,38,18,37,18,38,37,37,38,-851583,8,4.863,0.015,13.572,39,0,32,0,0,35,1,1,0,0,0,1,0,0,0
21:26:17.125,1670.2,31.3,324,0,0,0,46,42.6,0,0,1,49,47,8,0,0,0,0,0,0,0,0,12,190,1,38,38,18,38,18,38,37,37,38,-851583,8,4.863,0.015,13.6,39,0,32,0,0,35,1,1,0,0,0,1,0,0,0
21:26:17.225,1609,30.3,324,0,0,0,46,42.7,0,0,1,48,47,8,0,0,0,0,0,0,0,0,12,190,1,38,38,18,38,18,38,37,37,38,-851583,8,4.858,0.015,13.531,39,0,32,0,0,35,1,1,0,0,0,1,0,0,0
21:26:17.325,1555.9,29.7,323,0,0,0,46,42.7,0,0,1,48,47,7,0,0,0,0,0,0,0,0,12,190,1,38,38,18,37,18,38,37,37,38,-851583,8,4.863,0.015,13.565,39,0,32,0,0,35,1,1,0,0,0,1,0,0,0
21:26:17.425,1481.4,28.7,326,0,0,0,46,42.7,0,0,1,49,47,7,0,0,0,0,0,0,0,0,12,190,1,38,38,18,37,18,38,37,37,38,-851583,8,4.863,0.015,13.524,39,0,32,0,0,35,1,1,0,0,0,1,0,0,0
21:26:17.525,1424,26.9,325,0,0,0,46,42.8,0,0,1,49,47,7,0,0,0,0,0,0,0,0,12,190,1,38,38,18,38,18,38,37,37,38,-851583,8,4.863,0.015,13.559,39,0,32,0,0,35,1,1,0,0,0,1,0,0,0
21:26:17.625,1381.5,26.2,325,0,0,0,46,42.7,0,0,1,48,48,8,0,0,0,0,0,0,0,0,12,190,1,38,38,18,37,18,38,37,37,38,-851583,8,4.863,0.015,13.559,39,0,32,0,0,35,1,1,0,0,0,1,0,0,0
21:26:17.725,1364.1,25.5,324,0,0,0,46,42.7,0,0,1,48,47,8,0,0,0,0,0,0,0,0,12,190,1,38,38,18,37,18,38,37,37,38,-851583,8,4.863,0.015,13.538,39,0,32,0,0,35,1,1,0,0,0,1,0,0,0
21:26:17.825,1333.7,25.7,324,0,0,0,46,42.8,0,0,1,48,48,7,0,0,0,0,0,0,0,0,12,190,1,38,38,18,37,18,38,38,37,38,-851583,8,4.863,0.015,13.538,39,0,32,0,0,35,1,1,0,0,0,1,0,0,0
21:26:17.925,1294.6,25.6,324,0,0,0,46,42.8,0,0,1,49,47,8,0,0,0,0,0,0,0,0,12,190,1,38,38,18,38,18,38,37,37,38,-851583,8,4.858,0.015,13.545,39,0,32,0,0,35,1,1,0,0,0,1,0,0,0
21:26:18.025,1262.3,24.6,324,0,0,0,46,42.8,0,0,1,49,48,8,0,0,0,0,0,0,0,0,12,190,1,38,38,18,37,18,38,38,37,38,-851583,8,4.863,0.015,13.538,39,0,32,0,0,35,1,1,0,0,0,1,0,0,0
21:26:18.125,1255.4,24.7,324,0,0,0,46,42.8,0,0,1,52,47,7,0,0,0,0,0,0,0,0,12,190,1,38,38,18,37,18,38,37,37,38,-851583,8,4.863,0.015,13.559,39,0,32,0,0,35,1,1,0,0,0,1,0,0,0
21:26:18.225,1232.8,23.1,324,0,0,0,46,42.9,0,0,1,50,47,8,0,0,0,0,0,0,0,0,12,190,1,38,38,18,37,18,38,38,37,38,-851583,8,4.863,0.015,13.552,39,0,32,0,0,35,1,1,0,0,0,1,0,0,0
21:26:18.325,1185.5,22.3,324,0,0,0,46,42.9,0,0,1,51,48,7,0,0,0,0,0,0,0,0,12,190,1,38,38,18,38,18,38,38,37,38,-851583,8,4.863,0.015,13.552,39,0,32,0,0,35,1,1,0,0,0,1,0,0,0
21:26:18.425,1167.8,22.3,324,0,0,0,46,42.8,0,0,1,50,49,7,0,0,0,0,0,0,0,0,12,190,1,38,38,18,37,18,38,37,37,38,-851583,8,4.863,0.015,13.572,39,0,32,0,0,35,1,1,0,0,0,1,0,0,0
21:26:18.525,1144.4,22.3,324,0,0,0,46,42.8,0,0,1,50,48,7,0,0,0,0,0,0,0,0,12,190,1,38,38,18,37,18,38,38,37,38,-851583,8,4.863,0.015,13.511,39,0,32,0,0,35,1,1,0,0,0,1,0,0,0
21:26:18.625,1120.8,21,325,-0.1,0,0,46,42.9,0,0,1,49,48,8,0,0,0,0,0,0,0,0,12,190,1,38,38,18,38,18,38,37,37,38,-851583,8,4.863,0.015,13.524,39,0,32,0,0,35,1,1,0,0,0,1,0,0,0
21:26:18.725,1129.4,28.8,321,16.5,3.6,0,46,42,0,0,1,49,48,7,0,0,0,0,0,0,0,2.8,12,190,1,38,38,18,38,18,38,37,37,38,-851583,8,4.863,0.015,13.511,39,0,32,0,0,35,1,1,0,0,0,1,0,0,0
21:26:18.825,1135.3,31.7,317,92.9,22.2,0,46,42,0,0,1,49,47,7,0,0,0,0,0,0,0,20,12,190,1,38,38,18,37,18,38,37,37,38,-851583,8,4.863,0.015,13.477,39,0,32,0,0,35,1,1,0,0,0,1,0,0,0
21:26:18.925,1139.2,32.6,316,107.4,23.9,0,46,42,0,0,1,50,48,8,0,0,0,0,0,0,0,22.9,12,190,1,38,38,18,37,18,38,37,37,38,-851583,8,4.863,0.015,13.49,40,0,32,0,0,35,1,1,0,0,0,1,0,0,0
21:26:19.025,1158.2,32.5,317,98.7,23.3,0,46,42,0,0,1,49,47,7,0,0,0,0,0,0,0,21.5,12,190,1,38,38,18,37,18,38,37,37,38,-851583,8,4.863,0.015,13.463,39,0,32,0,0,35,1,1,0,0,0,1,0,0,0
21:26:19.125,1184.2,33,315,107.9,26.5,0,46,42.1,0,0,1,48,47,8,0,0,0,0,0,0,0,24.1,12,190,1,38,38,18,37,18,38,37,37,38,-851583,8,4.858,0.015,13.483,39,0,32,0,0,35,1,1,0,0,0,1,0,0,0
21:26:19.225,1223.4,35.6,313,127.3,30.8,0,46,42,0,0,1,49,49,7,0,0,0,0,0,0,0,29,12,190,1,38,38,18,38,18,38,37,37,38,-851583,8,4.863,0.015,13.49,39,0,32,0,0,35,1,1,0,0,0,1,0,0,0
21:26:19.325,1259.3,37.1,314,126.9,36,0,46,42,0,0,1,48,47,8,0,0,0,0,0,0,0,30.3,12,190,1,38,38,18,37,18,38,37,37,38,-851583,8,4.863,0.015,13.477,39,0,32,0,0,35,1,1,0,0,0,1,0,0,0
21:26:19.425,1279.4,35.9,312,150.5,39.4,0,46,42.2,0,0,1,49,46,7,0,0,0,0,0,0,0,36.1,12,190,1,38,38,18,37,18,38,37,37,38,-851583,8,4.863,0.015,13.477,39,0,32,0,0,35,1,1,0,0,0,1,0,0,0
21:26:19.525,1367.5,39.7,312,138.3,37.2,0,46,42.1,0,0,1,49,47,7,0,0,0,0,0,0,0,37.6,12,190,1,38,38,18,37,18,38,37,37,38,-851583,8,4.863,0.015,13.456,39,0,32,0,0,35,1,1,0,0,0,1,0,0,0
21:26:19.625,1379.3,38.3,310,151.3,41.7,0,46,42.1,0,0,1,49,46,7,0,0,0,0,0,0,0,38,12,190,1,38,38,18,38,18,38,37,37,38,-851583,8,4.863,0.015,13.47,39,0,32,0,0,35,1,1,0,0,0,1,0,0,0
21:26:19.725,1401,40,313,133.8,38.1,0,46,42.2,0,0,1,49,47,7,0,0,0,0,0,0,0,35.8,12,190,1,38,38,18,37,18,38,38,37,38,-851583,8,4.863,0.015,13.483,39,0,32,0,0,35,1,1,0,0,0,1,0,0,0
21:26:19.825,1438.9,39.3,312,128.3,38.6,0,46,42,0,0,1,49,48,8,0,0,0,0,0,0,0,34.6,12,190,1,38,38,18,37,18,38,37,37,38,-851583,8,4.863,0.015,13.483,39,0,32,0,0,35,1,1,0,0,0,1,0,0,0
21:26:19.925,1475.2,40.3,313,121.7,36,0,46,42,0,0,1,50,48,7,0,0,0,0,0,0,0,32.4,12,190,1,38,38,18,37,18,38,38,37,38,-851583,8,4.863,0.015,13.49,39,0,32,0,0,35,1,1,0,0,0,1,0,0,0
21:26:20.025,1505.6,42.7,311,134.4,39.3,0,46,42,0,0,1,49,47,7,0,0,0,0,0,0,0,38.4,12,190,1,38,38,18,37,18,38,37,37,38,-851583,8,4.858,0.015,13.47,39,0,32,0,0,35,1,1,0,0,0,1,0,0,0
21:26:20.125,1556.5,43.8,311,140,42.1,0,46,42,0,0,1,49,48,7,0,0,0,0,0,0,0,39.3,12,190,1,38,38,18,37,18,38,37,37,38,-851583,8,4.863,0.015,13.497,39,0,32,0,0,35,1,1,0,0,0,1,0,0,0
21:26:20.225,1607.6,44.3,310,151.6,44.2,0,46,42,0,0,1,50,47,7,0,0,0,0,0,0,0,45.5,12,190,1,38,38,18,36,18,38,37,37,38,-851583,8,4.863,0.015,13.49,40,0,32,0,0,35,1,1,0,0,0,1,0,0,0
21:26:20.325,1631,45.2,310,146.2,46.7,0,46,42,0,0,1,49,46,7,0,0,0,0,0,0,0,45.2,12,190,1,38,38,18,37,18,38,38,37,38,-851583,8,4.863,0.015,13.49,39,0,32,0,0,35,1,1,0,0,0,1,0,0,0
21:26:20.425,1654.8,44.9,309,142.9,45.6,0,46.6,42.1,0,0,1,51,48,7,0,0,0,0,0,0,0,44.6,12,190,1,38,38,18,18,18,38,37,37,38,-851583,8,4.863,0.015,13.483,39,0,32,0,0,35,1,1,0,0,0,1,0,0,0
21:26:20.525,1711.7,47.4,311,124.6,43.4,0,46.9,42,0,0,1,50,48,7,0,0,0,0,0,0,0,38.2,12,190,1,38,38,18,37,18,38,37,37,38,-851583,8,4.863,0.015,13.49,39,0,32,0,0,35,1,1,0,0,0,1,0,0,0
21:26:20.625,1781.8,49.7,311,116,39.8,0,46.9,42,0,0,1,50,48,7,0,0,0,0,0,0,0,41.8,12,190,1,38,38,18,37,18,38,37,37,38,-851583,8,4.863,0.015,13.497,39,0,32,0,0,35,1,1,0,0,0,1,0,0,0
21:26:20.725,1802.4,46.4,313,93.7,34.9,0,46.9,42,0,0,1,50,48,7,0,0,0,0,0,0,0,32.4,12,190,1,38,38,18,37,18,38,38,37,38,-851583,8,4.863,0.015,13.504,39,0,32,0,0,35,1,1,0,0,0,1,0,0,0
21:26:20.825,1780.5,44.9,314,78.8,28.2,0,46.9,42,0,0,1,49,48,7,0,0,0,0,0,0,0,28.7,12,190,1,38,38,18,36,18,38,37,37,38,-851583,8,4.863,0.015,13.477,39,0,32,0,0,35,1,1,0,0,0,1,0,0,0
21:26:20.925,1788.7,47.4,312,104.8,32.1,0,46.9,42,0,0,1,48,46,7,0,0,0,0,0,0,0,33.3,12,190,1,38,38,18,37,18,38,37,37,38,-851583,8,4.863,0.015,13.477,39,0,32,0,0,35,1,1,0,0,0,1,0,0,0
21:26:21.025,1818.4,51.4,309,145.1,49.4,0,46.9,42.1,0,0,1,49,47,7,0,0,0,0,0,0,0,50,12,190,1,38,38,18,37,18,38,38,37,38,-851583,8,4.863,0.015,13.504,39,0,32,0,0,35,1,1,0,0,0,1,0,0,0
21:26:21.125,1860.5,51.4,308,141.6,51.2,0,46.9,42,0,0,1,49,46,7,0,0,0,0,0,0,0,49.1,12,190,1,38,38,18,36,18,38,38,37,38,-851583,8,4.863,0.015,13.483,39,0,32,0,0,35,1,1,0,0,0,1,0,0,0
21:26:21.225,1901.8,54,304,179.5,57.5,0,46.9,42.2,0,0,1,49,47,7,0,0,0,0,0,0,0,60,12,190,1,38,38,18,37,18,38,37,37,38,-851583,8,4.863,0.015,13.518,39,0,32,0,0,35,1,1,0,0,0,1,0,0,0
21:26:21.325,1945.3,53.9,307,152.2,55,0,46.9,42.1,0,0,1,50,49,7,0,0,0,0,0,0,0,55.5,12,190,1,38,38,18,37,18,38,37,37,38,-851583,8,4.863,0.015,13.456,39,0,32,0,0,35,1,1,0,0,0,1,0,0,0
21:26:21.425,1992.5,52.7,307,137.8,48.3,0,46.9,42.2,0,0,1,48,46,7,0,0,0,0,0,0,0,51.4,12,190,1,38,38,18,38,18,38,37,37,38,-851583,8,4.863,0.015,13.477,39,0,32,0,0,35,1,1,0,0,0,1,0,0,0
21:26:21.525,2005.6,42.2,313,63.2,27.5,0,46.9,42,0,0,1,49,46,7,0,0,0,0,0,0,0,24.2,12,190,1,38,38,18,38,18,38,37,37,38,-851583,8,4.863,0.015,13.504,39,0,32,0,0,35,1,1,0,0,0,1,0,0,0
21:26:21.625,1999.5,43.1,320,14.1,5.8,0,46.9,42.2,0,0,1,48,47,7,0,0,0,0,0,0,0,4.9,12,190,1,38,38,18,38,18,38,37,37,38,-851583,8,4.863,0.015,13.531,39,0,32,0,0,35,1,1,0,0,0,1,0,0,0
21:26:21.725,1976.3,38,324,0,0,0,46.9,42.8,0,0,1,48,48,7,0,0,0,0,0,0,0,0,12,190,1,38,38,18,38,18,38,37,37,38,-851583,8,4.863,0.015,13.552,39,0,32,0,0,35,1,1,0,0,0,1,0,0,0
21:26:21.825,1959.5,39.1,323,0,0,0,46.9,42.9,0,0,1,52,48,7,0,0,0,0,0,0,0,0,12,190,1,38,38,18,37,18,38,37,37,38,-851583,8,4.863,0.015,13.565,39,0,32,0,0,35,1,1,0,0,0,1,0,0,0
21:26:21.925,1925.9,37,323,0,0,0,46.9,42.8,0,0,1,51,47,7,0,0,0,0,0,0,0,0,12,190,1,38,38,18,38,18,38,37,37,38,-851583,8,4.863,0.015,13.579,39,0,32,0,0,35,1,1,0,0,0,1,0,0,0
21:26:22.025,1907.2,37.3,322,0,0,0,46.9,42.9,0,0,1,52,46,7,0,0,0,0,0,0,0,0,12,190,1,38,38,18,37,18,38,38,37,38,-851583,8,4.863,0.015,13.579,39,0,32,0,0,35,1,1,0,0,0,1,0,0,0
21:26:22.125,1886.8,36,323,0,0,0,46.9,42.9,0,0,1,52,47,7,0,0,0,0,0,0,0,0,12,190,1,38,38,18,37,18,38,37,37,38,-851583,8,4.863,0.015,13.593,39,0,32,0,0,35,1,1,0,0,0,1,0,0,0
21:26:22.225,1862,35.9,324,0,0,0,46.9,42.9,0,0,1,51,48,7,0,0,0,0,0,0,0,0,12,190,1,38,38,18,37,18,38,37,37,38,-851583,8,4.863,0.015,13.579,39,0,32,0,0,35,1,1,0,0,0,1,0,0,0
21:26:22.325,1851.1,38.8,322,3.8,0,0,46.9,42,0,0,1,51,48,7,0,0,0,0,0,0,0,0.8,12,190,1,38,38,18,37,18,38,37,37,38,-851583,8,4.863,0.015,13.559,39,0,32,0,0,35,1,1,0,0,0,1,0,0,0
21:26:22.425,1843.2,43.9,319,29.1,7.7,0,46.9,42,0,0,1,50,48,7,0,0,0,0,0,0,0,8.6,12,190,1,38,38,18,37,18,38,38,37,38,-851583,8,4.863,0.015,13.579,39,0,32,0,0,35,1,1,0,0,0,1,0,0,0
21:26:22.525,1832.4,42.7,320,23.1,7.9,0,46.9,42,0,0,1,50,49,7,0,0,0,0,0,0,0,7.5,12,190,1,38,38,18,37,18,38,37,37,38,-851583,8,4.863,0.015,13.593,39,0,32,0,0,35,1,1,0,0,0,1,0,0,0
21:26:22.625,1765.9,34.9,323,0,0,0,46.9,42.9,0,0,1,51,47,7,0,0,0,0,0,0,0,0,12,190,1,38,38,18,37,18,38,37,37,38,-851583,8,4.863,0.015,13.62,39,0,32,0,0,35,1,1,0,0,0,1,0,0,0
21:26:22.725,1737.7,33.9,324,0,0,0,46.9,42.9,0,0,1,50,48,7,0,0,0,0,0,0,0,0,12,190,1,38,38,18,38,18,38,37,37,38,-851583,8,4.863,0.015,13.634,39,0,32,0,0,35,1,1,0,0,0,1,0,0,0
21:26:22.825,1712.3,32.4,322,0,0,0,46.9,42.8,0,0,1,49,47,7,0,0,0,0,0,0,0,0,12,190,1,38,38,18,37,18,38,37,37,38,-851583,8,4.863,0.015,13.627,39,0,32,0,0,35,1,1,0,0,0,1,0,0,0
21:26:22.925,1650.2,32.5,324,0,0,0,46.9,42.9,0,0,1,50,47,7,0,0,0,0,0,0,0,0,12,190,1,38,38,18,37,18,38,37,37,38,-851583,8,4.863,0.015,13.634,39,0,32,0,0,35,1,1,0,0,0,1,0,0,0
21:26:23.025,1616.9,31.4,324,0,0,0,46.9,42.9,0,0,1,49,47,7,0,0,0,0,0,0,0,0,12,190,1,38,38,18,37,18,38,37,37,38,-851583,8,4.863,0.015,13.641,39,0,32,0,0,35,1,1,0,0,0,1,0,0,0
21:26:23.125,1585.7,30.6,322,-0.5,0,0,46.9,42.2,0,0,1,49,48,6,0,0,0,0,0,0,0,0,12,190,1,38,38,18,38,18,38,37,37,38,-851583,8,4.863,0.015,13.62,39,0,32,0,0,35,1,1,0,0,0,1,0,0,0
21:26:23.225,1600.4,35.3,320,9.7,2.4,0,46.9,42,0,0,1,49,47,6,0,0,0,0,0,0,0,2.1,12,190,1,38,38,18,38,18,38,37,37,38,-851583,8,4.863,0.015,13.613,39,0,32,0,0,35,1,1,0,0,0,1,0,0,0
21:26:23.325,1565,37.1,322,18,4.3,0,46.9,42,0,0,1,49,48,6,0,0,0,0,0,0,0,4.4,12,190,1,38,38,18,37,18,38,38,37,38,-851583,8,4.863,0.015,13.634,39,0,32,0,0,35,1,1,0,0,0,1,0,0,0
21:26:23.425,1534.3,35.6,322,11.5,2.5,0,46.9,42,0,0,1,50,47,6,0,0,0,0,0,0,0,2.7,12,190,1,38,38,18,37,18,38,37,37,38,-851583,8,4.858,0.015,13.668,39,0,32,0,0,35,1,1,0,0,0,1,0,0,0
21:26:23.525,1514.1,34.7,322,11.2,2.4,0,46.9,42,0,0,1,48,48,6,0,0,0,0,0,0,0,2.6,12,190,1,38,38,18,38,18,38,38,37,38,-851583,8,4.858,0.015,13.723,39,0,32,0,0,35,1,1,0,0,0,1,0,0,0
21:26:23.625,1512.4,37.6,320,36.6,11,0,46.9,42,0,0,1,49,47,5,0,0,0,0,0,0,0,10.5,12,190,1,38,38,18,37,18,38,37,37,38,-851583,8,4.863,0.015,13.709,39,0,32,0,0,35,1,1,0,0,0,1,0,0,0
21:26:23.725,1494,36.3,319,44.6,13.5,0,46.9,42,0,0,1,49,46,5,0,0,0,0,0,0,0,10.6,12,190,1,38,38,18,37,18,38,38,37,38,-851583,8,4.863,0.015,13.723,39,0,32,0,0,35,1,1,0,0,0,1,0,0,0
21:26:23.825,1442,33.6,321,13.5,3.7,0,46.9,42,0,0,1,49,47,5,0,0,0,0,0,0,0,3.2,12,190,1,38,38,18,37,18,38,38,37,38,-851583,8,4.863,0.015,13.723,39,0,32,0,0,35,1,1,0,0,0,1,0,0,0
21:26:23.925,1438.9,34,320,12,2.6,0,46.9,42,0,0,1,49,47,4,0,0,0,0,0,0,0,2.9,12,190,1,38,38,18,38,18,38,37,37,38,-851583,8,4.863,0.015,13.723,39,0,32,0,0,35,1,1,0,0,0,1,0,0,0
21:26:24.025,1413.5,27.1,323,0,0,0,46.9,42.8,0,0,1,49,47,4,0,0,0,0,0,0,0,0,12,190,1,38,38,18,37,18,38,38,37,38,-851583,8,4.863,0.015,13.771,39,0,32,0,0,35,1,1,0,0,0,1,0,0,0
21:26:24.125,1384.7,26.9,323,0,0,0,46.8,42.8,0,0,1,49,47,4,0,0,0,0,0,0,0,0,12,190,1,38,38,18,37,18,38,37,37,38,-851583,8,4.863,0.015,13.777,39,0,32,0,0,35,1,1,0,0,0,1,0,0,0
21:26:24.225,1362.7,25.9,325,0,0,0,46.2,42.8,0,0,1,48,47,4,0,0,0,0,0,0,0,0,12,190,1,38,38,18,37,18,38,37,37,38,-851583,8,4.863,0.015,13.805,39,0,32,0,0,35,1,1,0,0,0,1,0,0,0
21:26:24.325,1341.8,25.8,323,0,0,0,46,42.8,0,0,1,48,46,4,0,0,0,0,0,0,0,0,12,190,1,38,38,18,38,18,38,37,37,38,-851583,8,4.863,0.015,13.777,39,0,32,0,0,35,1,1,0,0,0,1,0,0,0
21:26:24.425,1336.5,33.1,321,13.9,3.5,0,46,42,0,0,1,49,47,4,0,0,0,0,0,0,0,3.9,12,190,1,38,38,18,37,18,38,37,37,38,-851583,8,4.863,0.015,13.771,39,0,32,0,0,35,1,1,0,0,0,1,0,0,0
21:26:24.525,1368.3,37.3,316,102.9,28.1,0,46,42.1,0,0,1,49,47,4,0,0,0,0,0,0,0,24.8,12,190,1,38,38,18,37,18,38,37,37,38,-851583,8,4.863,0.015,13.764,39,0,32,0,0,35,1,1,0,0,0,1,0,0,0
21:26:24.625,1380.2,37.3,316,101.5,28.2,0,46,42,0,0,1,48,47,4,0,0,0,0,0,0,0,25.2,12,190,1,38,38,18,38,18,38,37,37,38,-851583,8,4.863,0.015,13.75,39,0,32,0,0,35,1,1,0,0,0,1,0,0,0
21:26:24.725,1399.2,37.1,315,108.5,31.1,0,46,42.1,0,0,1,49,46,4,0,0,0,0,0,0,0,28.6,12,190,1,38,38,18,38,18,38,37,37,38,-851583,8,4.863,0.015,13.764,39,0,32,0,0,35,1,1,0,0,0,1,0,0,0
21:26:24.825,1427.7,38.3,315,101.4,31.3,0,46,42,0,0,1,48,47,4,0,0,0,0,0,0,0,27.8,12,190,1,38,38,18,37,18,38,37,37,38,-851583,8,4.863,0.015,13.757,39,0,32,0,0,35,1,1,0,0,0,1,0,0,0
21:26:24.925,1448.8,38,316,81.4,23.7,0,46,42,0,0,1,49,47,4,0,0,0,0,0,0,0,22,12,190,1,38,38,18,37,18,38,37,37,38,-851583,8,4.863,0.015,13.764,39,0,32,0,0,35,1,1,0,0,0,1,0,0,0
21:26:25.025,1470.3,38.2,316,84.4,25.6,0,46,42,0,0,1,49,48,4,0,0,0,0,0,0,0,23.5,12,190,1,38,38,18,37,18,38,37,37,38,-851583,8,4.863,0.015,13.736,39,0,32,0,0,35,1,1,0,0,0,1,0,0,0
21:26:25.125,1495.5,41.9,313,110.7,31.6,0,46,42,0,0,1,48,47,4,0,0,0,0,0,0,0,30.1,12,190,1,38,38,18,37,18,38,37,37,38,-851583,8,4.863,0.015,13.743,39,0,32,0,0,35,1,1,0,0,0,1,0,0,0
21:26:25.225,1531.6,41.5,314,117.9,37.7,0,46,42.2,0,0,1,49,48,4,0,0,0,0,0,0,0,33.9,12,190,1,38,38,18,38,18,38,38,37,38,-851583,8,4.863,0.015,13.75,39,0,32,0,0,35,1,1,0,0,0,1,0,0,0
21:26:25.325,1552.1,41.6,312,116.7,36.8,0,46,42,0,0,1,48,47,4,0,0,0,0,0,0,0,31.1,12,190,1,38,38,18,37,18,38,37,37,38,-851583,8,4.863,0.015,13.757,39,0,32,0,0,35,1,1,0,0,0,1,0,0,0
21:26:25.425,1594.6,42.4,314,101.3,31.7,0,46,42,0,0,1,49,46,4,0,0,0,0,0,0,0,29.2,12,190,1,38,38,18,37,18,38,38,37,38,-851583,8,4.863,0.015,13.75,39,0,32,0,0,35,1,1,0,0,0,1,0,0,0
21:26:25.525,1568.6,32,320,22,8.1,0,46.5,42,0,0,1,49,46,4,0,0,0,0,0,0,0,6.9,12,190,1,38,38,18,37,18,38,37,37,38,-851583,8,4.863,0.015,13.743,39,0,32,0,0,35,1,1,0,0,0,1,0,0,0
21:26:25.625,1562.3,33.5,322,7.3,1.3,0,46.9,42,0,0,1,51,47,4,0,0,0,0,0,0,0,1.8,12,190,1,38,38,18,38,18,38,37,37,38,-851583,8,4.863,0.015,13.723,39,0,32,0,0,35,1,1,0,0,0,1,0,0,0
21:26:25.725,1567.9,34.8,321,10.5,3.3,0,46.9,42,0,0,1,49,48,4,0,0,0,0,0,0,0,2.3,12,190,1,38,38,18,37,18,38,37,37,38,-851583,8,4.863,0.015,13.736,39,0,32,0,0,35,1,1,0,0,0,1,0,0,0
21:26:25.825,1561.5,35.4,322,11.4,3.3,0,46.9,42,0,0,1,51,48,4,0,0,0,0,0,0,0,2.7,12,190,1,38,38,18,37,18,38,38,37,38,-851583,8,4.858,0.015,13.757,39,0,32,0,0,35,1,1,0,0,0,1,0,0,0
21:26:25.925,1549.4,35.5,321,10.6,3.1,0,46.9,42,0,0,1,50,47,4,0,0,0,0,0,0,0,2.6,12,190,1,38,38,18,37,18,38,37,37,38,-851583,8,4.863,0.015,13.75,39,0,32,0,0,35,1,1,0,0,0,1,0,0,0
21:26:26.025,1544.6,37,320,18,4.7,0,46.9,42.1,0,0,1,50,49,4,0,0,0,0,0,0,0,4.5,12,190,1,38,38,18,37,18,38,37,37,38,-851583,8,4.863,0.015,13.736,39,0,32,0,0,35,1,1,0,0,0,1,0,0,0
21:26:26.125,1547.5,39,319,40.3,12.5,0,46.9,42,0,0,1,50,46,4,0,0,0,0,0,0,0,10.9,12,190,1,38,38,18,37,18,38,37,37,38,-851583,8,4.863,0.015,13.743,39,0,32,0,0,35,1,1,0,0,0,1,0,0,0
21:26:26.225,1566.6,41.9,316,87.8,25.9,0,46.9,42,0,0,1,50,48,4,0,0,0,0,0,0,0,25.8,12,190,1,38,38,18,36,18,38,38,37,38,-851583,8,4.858,0.015,13.729,39,0,32,0,0,35,1,1,0,0,0,1,0,0,0
21:26:26.325,1585.5,42.8,311,125.3,38.6,0,46.8,42.2,0,0,1,50,47,4,0,0,0,0,0,0,0,36.5,12,190,1,38,38,18,37,18,38,37,37,38,-851583,8,4.863,0.015,13.736,39,0,32,0,0,35,1,1,0,0,0,1,0,0,0
21:26:26.425,1609.7,42.6,313,105.9,34.3,0,46.8,42.1,0,0,1,50,47,4,0,0,0,0,0,0,0,29.5,12,190,1,38,38,18,18,18,38,37,37,38,-851583,8,4.863,0.015,13.743,39,0,24,0,0,35,1,1,0,0,0,1,0,0,0
21:26:26.525,1641.3,43.1,313,111.3,36.4,0,46.6,42.3,0,0,1,50,48,4,0,0,0,0,0,0,0,33.1,12,190,1,38,38,18,37,18,38,38,37,38,-851583,8,4.863,0.015,13.764,39,0,24,0,0,35,1,1,0,0,0,1,0,0,0
21:26:26.625,1672.9,43.7,312,113.8,35.9,0,46.9,42.2,0,0,1,50,47,4,0,0,0,0,0,0,0,33.7,12,190,1,38,38,18,37,18,38,38,37,38,-851583,8,4.863,0.015,13.764,39,0,24,0,0,35,1,1,0,0,0,1,0,0,0
21:26:26.725,1693.4,40.4,315,79.1,27.6,0,46.9,42.1,0,0,1,49,48,4,0,0,0,0,0,0,0,24.8,12,190,1,38,38,18,37,18,38,37,37,38,-851583,8,4.863,0.015,13.764,39,0,24,0,0,35,1,1,0,0,0,1,0,0,0
21:26:26.825,1702.5,39.9,320,32.1,12.3,0,46.9,42,0,0,1,50,48,4,0,0,0,0,0,0,0,12.1,12,190,1,38,38,18,36,18,38,37,37,38,-851583,8,4.863,0.015,13.75,39,0,24,0,0,35,1,1,0,0,0,1,0,0,0
21:26:26.925,1685.4,37.5,321,0,0,0,46.9,42,0,0,1,50,47,4,0,0,0,0,0,0,0,3.1,12,190,1,38,38,18,37,18,38,37,37,38,-851583,8,4.863,0.015,13.771,39,0,24,0,0,35,1,1,0,0,0,1,0,0,0
21:26:27.025,1681.3,33.7,322,0.8,0,0,46.9,42.3,0,0,1,49,47,4,0,0,0,0,0,0,0,0.2,12,190,1,38,38,18,37,18,38,37,37,38,-851583,8,4.863,0.015,13.771,39,0,24,0,0,35,1,1,0,0,0,1,0,0,0
21:26:27.125,1656.6,31.8,323,0,0,0,46.9,42.8,0,0,1,48,48,4,0,0,0,0,0,0,0,0,12,190,1,38,38,18,36,18,38,37,37,38,-851583,8,4.863,0.015,13.777,39,0,24,0,0,35,1,1,0,0,0,1,0,0,0
21:26:27.225,1587.9,30.1,323,0,0,0,46.9,42.9,0,0,1,49,47,4,0,0,0,0,0,0,0,0,12,190,1,38,38,18,37,18,38,37,37,38,-851583,8,4.863,0.015,13.812,39,0,24,0,0,35,1,1,0,0,0,1,0,0,0
21:26:27.325,1537.1,29.7,323,0,0,0,46.9,42.9,0,0,1,49,47,4,0,0,0,0,0,0,0,0,12,190,1,38,38,18,37,18,38,37,37,38,-851583,8,4.863,0.015,13.771,39,0,24,0,0,35,1,1,0,0,0,1,0,0,0
21:26:27.425,1499.6,29.2,324,0,0,0,46.9,42.9,0,0,1,49,47,4,0,0,0,0,0,0,0,0,12,190,1,38,38,18,38,18,38,37,37,38,-851583,8,4.863,0.015,13.812,39,0,32,0,0,35,1,1,0,0,0,1,0,0,0
21:26:27.525,1466.7,28.5,323,0,0,0,46.9,42.9,0,0,1,49,47,4,0,0,0,0,0,0,0,0,12,190,1,38,38,18,38,18,38,38,37,38,-851583,8,4.863,0.015,13.798,39,0,32,0,0,35,1,1,0,0,0,1,0,0,0
21:26:27.625,1433,27.7,324,0,0,0,46.9,42.9,0,0,1,48,47,4,0,0,0,0,0,0,0,0,12,190,1,38,38,18,38,18,38,37,37,38,-851583,8,4.863,0.015,13.805,39,0,32,0,0,35,1,1,0,0,0,1,0,0,0
21:26:27.725,1419.6,26.8,323,0,0,0,46.4,42.9,0,0,1,48,47,4,0,0,0,0,0,0,0,0,12,190,1,38,38,18,38,18,38,38,37,38,-851583,8,4.863,0.015,13.777,39,0,32,0,0,35,1,1,0,0,0,1,0,0,0
21:26:27.825,1413,27.5,323,0,0,0,46,42.9,0,0,1,49,47,4,0,0,0,0,0,0,0,0,12,190,1,38,38,18,37,18,38,37,37,38,-851583,8,4.863,0.015,13.791,39,0,32,0,0,35,1,1,0,0,0,1,0,0,0
21:26:27.925,1401.4,27.4,322,0,0,0,46,42.9,0,0,1,47,47,4,0,0,0,0,0,0,0,0,12,190,1,38,38,18,38,18,38,38,37,38,-851583,8,4.863,0.015,13.791,39,0,32,0,0,35,1,1,0,0,0,1,0,0,0
21:26:28.025,1383.1,28.3,322,2.4,0.1,0,46,42.2,0,0,1,48,47,4,0,0,0,0,0,0,0,0.2,12,190,1,38,38,18,37,18,38,37,37,38,-851583,8,4.863,0.015,13.757,39,0,32,0,0,35,1,1,0,0,0,1,0,0,0
21:26:28.125,1364.7,27.1,325,0,0,0,46,42.9,0,0,1,48,47,5,0,0,0,0,0,0,0,0,12,190,1,38,38,18,37,18,38,37,37,38,-851583,8,4.863,0.015,13.791,39,0,32,0,0,35,1,1,0,0,0,1,0,0,0
21:26:28.225,1362,26,324,0,0,0,46,42.9,0,0,1,49,48,5,0,0,0,0,0,0,0,0,12,190,1,38,38,18,37,18,38,37,37,38,-851583,8,4.863,0.015,13.791,39,0,32,0,0,35,1,1,0,0,0,1,0,0,0
21:26:28.325,1359.8,26.3,323,0,0,0,46,42.9,0,0,1,48,47,4,0,0,0,0,0,0,0,0,12,190,1,38,38,18,37,18,38,37,37,38,-851583,8,4.863,0.015,13.784,40,0,32,0,0,35,1,1,0,0,0,1,0,0,0
21:26:28.425,1339,25.6,324,0,0,0,46,42.9,0,0,1,49,46,4,0,0,0,0,0,0,0,0,12,190,1,38,38,18,37,18,38,37,37,38,-851583,8,4.863,0.015,13.798,39,0,32,0,0,35,1,1,0,0,0,1,0,0,0
21:26:28.525,1307.8,25.2,325,0,0,0,46,42.6,0,0,1,49,47,4,0,0,0,0,0,0,0,0,12,190,1,38,38,18,37,18,38,37,37,38,-851583,8,4.863,0.015,13.812,39,0,32,0,0,35,1,1,0,0,0,1,0,0,0
21:26:28.625,1310,26.1,322,1.7,0.2,0,46,42.1,0,0,1,48,46,4,0,0,0,0,0,0,0,0.3,12,190,1,38,38,18,37,18,38,37,37,38,-851583,8,4.863,0.015,13.764,39,0,32,0,0,35,1,1,0,0,0,1,0,0,0
21:26:28.725,1308.1,25.3,322,0,0,0,46,42.4,0,0,1,49,47,4,0,0,0,0,0,0,0,-0.5,12,190,1,38,38,18,38,18,38,37,37,38,-851583,8,4.863,0.015,13.764,39,0,32,0,0,35,1,1,0,0,0,1,0,0,0
21:26:28.825,1292.9,25,323,0,0,0,46,42.8,0,0,1,49,47,4,0,0,0,0,0,0,0,0,12,190,1,38,38,18,37,18,38,38,37,38,-851583,8,4.863,0.015,13.798,39,0,32,0,0,35,1,1,0,0,0,1,0,0,0
21:26:28.925,1278.8,20.9,322,0,0,0,46,42.6,0,0,1,49,47,4,0,0,0,0,0,0,0,-0.6,12,190,1,38,38,18,37,18,38,37,37,38,-851583,8,4.863,0.015,13.771,39,0,32,0,0,35,1,1,0,0,0,1,0,0,0
21:26:29.025,1280.1,26,323,2.6,0,0,46,42.1,0,0,1,49,48,4,0,0,0,0,0,0,0,0.3,12,190,1,38,38,18,37,18,38,38,37,38,-851583,8,4.863,0.015,13.736,39,0,32,0,0,35,1,1,0,0,0,1,0,0,0
21:26:29.125,1251.8,25,323,0,0,0,46,42.9,0,0,1,48,47,4,0,0,0,0,0,0,0,0,12,190,1,38,38,18,38,18,38,37,37,38,-851583,8,4.863,0.015,13.784,39,0,32,0,0,35,1,1,0,0,0,1,0,0,0
21:26:29.225,1264.4,26.6,322,7.4,1.5,0,46,42.1,0,0,1,48,47,4,0,0,0,0,0,0,0,1.2,12,190,1,38,38,18,38,18,38,38,37,38,-851583,8,4.863,0.015,13.757,39,0,32,0,0,35,1,1,0,0,0,1,0,0,0
21:26:29.325,1325.1,37.2,317,95,25,0,46,42.4,0,0,1,48,47,5,0,0,0,0,0,0,0,21.9,12,190,1,38,38,18,38,18,38,38,37,38,-851583,8,4.863,0.015,13.723,39,0,32,0,0,35,1,1,0,0,0,1,0,0,0
21:26:29.425,1295.7,35,317,90.2,24.5,0,46,42.1,0,0,1,51,47,5,0,0,0,0,0,0,0,21.2,12,190,1,38,38,18,37,18,38,37,37,38,-851583,8,4.863,0.015,13.688,39,0,32,0,0,35,1,1,0,0,0,1,0,0,0
21:26:29.525,1311.2,35.5,316,83.3,24,0,46,42.1,0,0,1,48,46,5,0,0,0,0,0,0,0,20.1,12,190,1,38,38,18,38,18,38,38,37,38,-851583,8,4.858,0.015,13.688,39,0,32,0,0,35,1,1,0,0,0,1,0,0,0
21:26:29.625,1333.7,36.4,314,108.5,29.4,0,46,42.3,0,0,1,50,47,5,0,0,0,0,0,0,0,27.9,12,190,1,38,38,18,37,18,38,37,37,38,-851583,8,4.863,0.015,13.695,39,0,32,0,0,35,1,1,0,0,0,1,0,0,0
21:26:29.725,1365.4,37.6,314,111.3,31,0,46,42.2,0,0,1,50,49,5,0,0,0,0,0,0,0,28.5,12,190,1,38,38,18,37,18,38,37,37,38,-851583,8,4.863,0.015,13.654,39,0,32,0,0,35,1,1,0,0,0,1,0,0,0
21:26:29.825,1411.1,40,313,132.7,35.9,0,46,42.3,0,0,1,50,49,6,0,0,0,0,0,0,0,33.7,12,190,1,38,38,18,37,18,38,37,37,38,-851583,8,4.863,0.015,13.668,39,0,32,0,0,35,1,1,0,0,0,1,0,0,0
21:26:29.925,1464.6,40.9,311,150.3,44.5,0,46,42.3,0,0,1,50,47,6,0,0,0,0,0,0,0,41.6,12,190,1,38,38,18,38,18,38,37,37,38,-851583,8,4.863,0.015,13.654,39,0,32,0,0,35,1,1,0,0,0,1,0,0,0
21:26:30.025,1500.5,41.8,313,122.2,38.9,0,46,42.3,0,0,1,50,49,6,0,0,0,0,0,0,0,34.1,12,190,1,38,38,18,37,18,38,37,37,38,-851583,8,4.858,0.015,13.682,39,0,32,0,0,35,1,1,0,0,0,1,0,0,0
21:26:30.125,1537.3,42.5,311,133.4,41.6,0,46,42.2,0,0,1,51,47,5,0,0,0,0,0,0,0,39.9,12,190,1,38,38,18,37,18,38,37,37,38,-851583,8,4.863,0.015,13.675,39,0,32,0,0,35,1,1,0,0,0,1,0,0,0
21:26:30.225,1560.7,42.8,312,132.2,40.1,0,46,42.2,0,0,1,49,47,5,0,0,0,0,0,0,0,40.3,12,190,1,38,38,18,37,18,38,37,37,38,-851583,8,4.863,0.015,13.668,39,0,32,0,0,35,1,1,0,0,0,1,0,0,0
21:26:30.325,1600.7,42.9,311,132.5,42.8,0,46,42.3,0,0,1,49,47,5,0,0,0,0,0,0,0,39.7,12,190,1,38,38,18,38,18,38,37,37,38,-851583,8,4.858,0.015,13.661,39,0,32,0,0,35,1,1,0,0,0,1,0,0,0
21:26:30.425,1626.1,42.7,313,108.9,36.4,0,46,42.3,0,0,1,49,47,5,0,0,0,0,0,0,0,31.6,12,190,1,38,38,18,37,18,38,37,37,38,-851583,8,4.863,0.015,13.675,39,0,32,0,0,35,1,1,0,0,0,1,0,0,0
21:26:30.525,1643.4,43.2,312,117.6,37.4,0,46,42.2,0,0,1,50,48,5,0,0,0,0,0,0,0,34.4,12,190,1,38,38,18,38,18,38,37,37,38,-851583,8,4.863,0.015,13.675,39,0,32,0,0,35,1,1,0,0,0,1,0,0,0
21:26:30.625,1650,41.5,314,78.2,23.8,0,46,42.2,0,0,1,48,46,5,0,0,0,0,0,0,0,23.8,12,190,1,38,38,18,38,18,38,37,37,38,-851583,8,4.863,0.015,13.661,39,0,32,0,0,35,1,1,0,0,0,1,0,0,0
21:26:30.725,1658.4,40.5,316,69.5,23.9,0,46,42.2,0,0,1,49,47,5,0,0,0,0,0,0,0,21.2,12,190,1,38,38,18,38,18,38,38,37,38,-851583,8,4.863,0.015,13.688,39,0,32,0,0,35,1,1,0,0,0,1,0,0,0
21:26:30.825,1629.6,37.6,319,36.2,12,0,46,42.1,0,0,1,48,47,5,0,0,0,0,0,0,0,9.2,12,190,1,38,38,18,37,18,38,37,37,38,-851583,8,4.863,0.015,13.661,39,0,32,0,0,35,1,1,0,0,0,1,0,0,0
21:26:30.925,1603.3,38.9,320,23.9,7.9,0,46,42.2,0,0,1,49,47,5,0,0,0,0,0,0,0,5.7,12,190,1,38,38,18,37,18,38,38,37,38,-851583,8,4.863,0.015,13.702,39,0,32,0,0,35,1,1,0,0,0,1,0,0,0
21:26:31.025,1599.6,38,320,31,9.3,0,46,42.3,0,0,1,48,47,5,0,0,0,0,0,0,0,7.9,12,190,1,38,38,18,37,18,38,37,37,38,-851583,8,4.858,0.015,13.695,39,0,32,0,0,35,1,1,0,0,0,1,0,0,0
21:26:31.125,1592.2,38.5,318,35.2,10.7,0,46,42.2,0,0,1,49,48,5,0,0,0,0,0,0,0,10.9,12,190,1,38,38,18,37,18,38,37,37,38,-851583,8,4.863,0.015,13.695,39,0,32,0,0,35,1,1,0,0,0,1,0,0,0
21:26:31.225,1587.3,38.8,319,32.5,9.6,0,46,42.1,0,0,1,49,48,5,0,0,0,0,0,0,0,9.9,12,190,1,38,38,18,38,18,38,37,37,38,-851583,8,4.858,0.015,13.702,39,0,32,0,0,35,1,1,0,0,0,1,0,0,0
21:26:31.325,1578.7,38.4,320,39.6,12,0,46,42.3,0,0,1,48,48,5,0,0,0,0,0,0,0,11.1,12,190,1,38,38,18,37,18,38,38,37,38,-851583,8,4.863,0.015,13.702,39,0,32,0,0,35,1,1,0,0,0,1,0,0,0
21:26:31.425,1575.9,38.1,319,44.4,14.2,0,46,42.1,0,0,1,49,48,5,0,0,0,0,0,0,0,12.2,12,190,1,38,38,18,37,18,38,37,37,38,-851583,8,4.858,0.015,13.695,39,0,32,0,0,35,1,1,0,0,0,1,0,0,0
21:26:31.525,1557.7,37.7,319,35.8,10.8,0,46,42.2,0,0,1,49,47,5,0,0,0,0,0,0,0,10,12,190,1,38,38,18,37,18,38,37,37,38,-851583,8,4.863,0.015,13.709,39,0,32,0,0,35,1,1,0,0,0,1,0,0,0
21:26:31.625,1551.1,36.8,321,25.1,7.7,0,46,42.1,0,0,1,49,48,5,0,0,0,0,0,0,0,6.7,12,190,1,38,38,18,38,18,38,37,37,38,-851583,8,4.863,0.015,13.716,39,0,32,0,0,35,1,1,0,0,0,1,0,0,0
21:26:31.725,1562.6,39.4,319,37.8,11.4,0,46,42.2,0,0,1,49,47,5,0,0,0,0,0,0,0,10,12,190,1,38,38,18,37,18,38,38,37,38,-851583,8,4.863,0.015,13.702,39,0,32,0,0,35,1,1,0,0,0,1,0,0,0
21:26:31.825,1515.8,29.5,322,0,0,0,46,42.6,0,0,1,49,47,5,0,0,0,0,0,0,0,0,12,190,1,38,38,18,37,18,38,38,37,38,-851583,8,4.863,0.015,13.723,39,0,32,0,0,35,1,1,0,0,0,1,0,0,0
21:26:31.925,1535.5,31.1,322,4.5,0.7,0,46,42.2,0,0,1,49,47,5,0,0,0,0,0,0,0,0.8,12,190,1,38,38,18,37,18,38,37,37,38,-851583,8,4.863,0.015,13.716,39,0,32,0,0,35,1,1,0,0,0,1,0,0,0
21:26:32.025,1523.4,31.4,322,4.6,0.7,0,46,42.3,0,0,1,47,47,5,0,0,0,0,0,0,0,0.8,12,190,1,38,38,18,37,18,38,38,37,38,-851583,8,4.858,0.015,13.729,39,0,32,0,0,35,1,1,0,0,0,1,0,0,0
21:26:32.125,1547.4,39.6,319,42.8,14.2,0,46,42.3,0,0,1,48,47,5,0,0,0,0,0,0,0,11.5,12,190,1,38,38,18,37,18,38,38,37,38,-851583,8,4.863,0.015,13.702,39,0,32,0,0,35,1,1,0,0,0,1,0,0,0
21:26:32.225,1529.3,39.5,315,81.3,24.1,0,46,42.3,0,0,1,49,48,5,0,0,0,0,0,0,0,21.9,12,190,1,38,38,18,36,18,38,37,37,38,-851583,8,4.858,0.015,13.688,39,0,32,0,0,35,1,1,0,0,0,1,0,0,0
21:26:32.325,1538.2,39.2,316,78.9,24.1,0,46,42.3,0,0,1,49,48,5,0,0,0,0,0,0,0,23.3,12,190,1,38,38,18,37,18,38,37,37,38,-851583,8,4.863,0.015,13.709,39,0,32,0,0,35,1,1,0,0,0,1,0,0,0
21:26:32.425,1552.2,40.9,315,85,25.5,0,46,42.2,0,0,1,49,46,5,0,0,0,0,0,0,0,23.6,12,190,1,38,38,18,18,18,38,37,37,38,-851583,8,4.858,0.015,13.723,39,0,32,0,0,35,1,1,0,0,0,1,0,0,0
21:26:32.525,1568.3,40.6,314,86.6,27.4,0,46,42.2,0,0,1,48,47,5,0,0,0,0,0,0,0,25.7,12,190,1,38,38,18,37,18,38,37,37,38,-851583,8,4.858,0.015,13.695,39,0,32,0,0,35,1,1,0,0,0,1,0,0,0
21:26:32.625,1590.6,40.1,313,96.5,31.1,0,46,42.1,0,0,1,48,47,5,0,0,0,0,0,0,0,27.3,12,190,1,38,38,18,37,18,38,37,37,38,-851583,8,4.858,0.015,13.675,39,0,32,0,0,35,1,1,0,0,0,1,0,0,0
21:26:32.725,1489.4,28.2,322,0,0,0,46,42.9,0,0,1,48,47,5,0,0,0,0,0,0,0,0,12,190,1,38,38,18,37,18,38,37,37,38,-851583,8,4.863,0.015,13.723,39,0,32,0,0,35,1,1,0,0,0,1,0,0,0
21:26:32.825,1566.8,29.6,323,0,0,0,46,42.9,0,0,1,49,47,5,0,0,0,0,0,0,0,0,12,190,1,38,38,18,36,18,38,37,37,38,-851583,8,4.863,0.015,13.743,39,0,32,0,0,35,1,1,0,0,0,1,0,0,0
21:26:32.925,1526.8,30.2,323,0,0,0,46,42.9,0,0,1,49,47,5,0,0,0,0,0,0,0,0,12,190,1,38,38,18,37,18,38,37,37,38,-851583,8,4.863,0.015,13.729,39,0,32,0,0,35,1,1,0,0,0,1,0,0,0
21:26:33.025,1498,30,323,0,0,0,46,42.9,0,0,1,48,47,5,0,0,0,0,0,0,0,0,12,190,1,38,38,18,37,18,38,38,37,38,-851583,8,4.858,0.015,13.75,39,0,32,0,0,35,1,1,0,0,0,1,0,0,0
21:26:33.125,1487.3,28.7,324,0,0,0,46,42.8,0,0,1,48,47,5,0,0,0,0,0,0,0,0,12,190,1,38,38,18,36,18,38,37,37,38,-851583,8,4.863,0.015,13.736,39,0,32,0,0,35,1,1,0,0,0,1,0,0,0
21:26:33.225,1488.4,32.4,321,9.1,2.2,0,46,42,0,0,1,48,47,5,0,0,0,0,0,0,0,1.9,12,190,1,38,38,18,38,18,38,38,37,38,-851583,8,4.863,0.015,13.716,39,0,32,0,0,35,1,1,0,0,0,1,0,0,0
21:26:33.325,1531.5,40.9,318,74.1,19.6,0,46,42.2,0,0,1,48,47,5,0,0,0,0,0,0,0,18.4,12,190,1,38,38,18,37,18,38,37,37,38,-851583,8,4.863,0.015,13.709,39,0,32,0,0,35,1,1,0,0,0,1,0,0,0
21:26:33.425,1511.4,39.1,315,84.7,25.1,0,46,42.2,0,0,1,50,47,5,0,0,0,0,0,0,0,22.1,12,190,1,38,38,18,38,18,38,38,37,38,-851583,8,4.863,0.015,13.709,39,0,32,0,0,35,1,1,0,0,0,1,0,0,0
21:26:33.525,1518.6,38.8,317,72.4,21.9,0,46,42,0,0,1,48,47,5,0,0,0,0,0,0,0,20.6,12,190,1,38,38,18,38,18,38,37,37,38,-851583,8,4.858,0.015,13.702,39,0,32,0,0,35,1,1,0,0,0,1,0,0,0
21:26:33.625,1535.2,39,316,68.5,21.2,0,46,42.1,0,0,1,51,48,5,0,0,0,0,0,0,0,19.8,12,190,1,38,38,18,38,18,38,37,37,38,-851583,8,4.863,0.015,13.682,39,0,32,0,0,35,1,1,0,0,0,1,0,0,0
21:26:33.725,1544.3,38.5,318,60,18.9,0,46,42.1,0,0,1,48,46,5,0,0,0,0,0,0,0,16.1,12,190,1,38,38,18,38,18,38,37,37,38,-851583,8,4.858,0.015,13.675,39,0,32,0,0,35,1,1,0,0,0,1,0,0,0
21:26:33.825,1538.2,36.5,319,34,10.9,0,46,42,0,0,1,49,48,5,0,0,0,0,0,0,0,9.8,12,190,1,38,38,18,37,18,38,37,37,38,-851583,8,4.863,0.015,13.675,39,0,32,0,0,35,1,1,0,0,0,1,0,0,0
21:26:33.925,1544.4,37.7,319,41.4,12.5,0,46,42,0,0,1,51,46,5,0,0,0,0,0,0,0,11.5,12,190,1,38,38,18,38,18,38,37,37,38,-851583,8,4.863,0.015,13.675,40,0,32,0,0,35,1,1,0,0,0,1,0,0,0
21:26:34.025,1543.2,36.8,320,27.3,7.9,0,46,42,0,0,1,50,48,5,0,0,0,0,0,0,0,6.8,12,190,1,38,38,18,37,18,38,37,37,38,-851583,8,4.863,0.015,13.661,39,0,32,0,0,35,1,1,0,0,0,1,0,0,0
21:26:34.125,1541.1,36.7,320,25,7,0,46,42,0,0,1,50,48,5,0,0,0,0,0,0,0,7.3,12,190,1,38,38,18,37,18,38,37,37,38,-851583,8,4.863,0.015,13.675,39,0,32,0,0,35,1,1,0,0,0,1,0,0,0
21:26:34.225,1539.5,36.9,319,20.8,5.2,0,46,42,0,0,1,49,47,5,0,0,0,0,0,0,0,5.1,12,190,1,38,38,18,37,18,38,37,37,38,-851583,8,4.863,0.015,13.688,39,0,32,0,0,35,1,1,0,0,0,1,0,0,0
21:26:34.325,1540.1,36.7,321,20.1,5.7,0,46,42,0,0,1,49,48,5,0,0,0,0,0,0,0,5.2,12,190,1,38,38,18,37,18,38,38,37,38,-851583,8,4.863,0.015,13.702,39,0,32,0,0,35,1,1,0,0,0,1,0,0,0
21:26:34.425,1541.4,36.9,321,14.8,3.5,0,46,42,0,0,1,49,48,5,0,0,0,0,0,0,0,4.4,12,190,1,38,38,18,37,18,38,37,37,38,-851583,8,4.863,0.015,13.709,39,0,32,0,0,35,1,1,0,0,0,1,0,0,0
21:26:34.525,1547.7,39.6,319,49.8,14.9,0,46,42,0,0,1,49,47,4,0,0,0,0,0,0,0,13.6,12,190,1,38,38,18,37,18,38,38,37,38,-851583,8,4.863,0.015,13.729,39,0,32,0,0,35,1,1,0,0,0,1,0,0,0
21:26:34.625,1569.8,42.2,313,100.1,32,0,46,42.1,0,0,1,49,47,5,0,0,0,0,0,0,0,29.4,12,190,1,38,38,18,37,18,38,37,37,38,-851583,8,4.858,0.015,13.716,39,0,32,0,0,35,1,1,0,0,0,1,0,0,0
21:26:34.725,1614.2,43.3,314,101.4,30.9,0,46,42,0,0,1,49,47,4,0,0,0,0,0,0,0,30.9,12,190,1,38,38,18,38,18,38,38,37,38,-851583,8,4.863,0.015,13.702,39,0,32,0,0,35,1,1,0,0,0,1,0,0,0
21:26:34.825,1659.4,44.2,311,118,38.8,0,46,42.1,0,0,1,48,48,4,0,0,0,0,0,0,0,36.1,12,190,1,38,38,18,37,18,38,38,37,38,-851583,8,4.863,0.015,13.716,39,0,32,0,0,35,1,1,0,0,0,1,0,0,0
21:26:34.925,1715.8,45.3,314,91.4,30.8,0,46,42.1,0,0,1,49,47,5,0,0,0,0,0,0,0,29.1,12,190,1,38,38,18,37,18,38,37,37,38,-851583,8,4.863,0.015,13.709,39,0,32,0,0,35,1,1,0,0,0,1,0,0,0
21:26:35.025,1753.2,44.1,312,98.2,33.7,0,46,42,0,0,1,48,47,4,0,0,0,0,0,0,0,32.2,12,190,1,38,38,18,37,18,38,38,37,38,-851583,8,4.858,0.015,13.709,39,0,32,0,0,35,1,1,0,0,0,1,0,0,0
21:26:35.125,1742.1,41.2,316,60.3,21.3,0,46,42,0,0,1,48,46,5,0,0,0,0,0,0,0,20.3,12,190,1,38,38,18,38,18,38,37,37,38,-851583,8,4.863,0.015,13.716,39,0,32,0,0,35,1,1,0,0,0,1,0,0,0
21:26:35.225,1731.6,44.7,313,95.2,30.8,0,46,42.1,0,0,1,49,48,5,0,0,0,0,0,0,0,29.3,12,190,1,38,38,18,38,18,38,38,37,38,-851583,8,4.863,0.015,13.716,39,0,32,0,0,35,1,1,0,0,0,1,0,0,0
21:26:35.325,1703.7,42.4,314,98.5,33.7,0,46,42,0,0,1,49,47,5,0,0,0,0,0,0,0,29.9,12,190,1,38,38,18,38,18,38,37,37,38,-851583,8,4.858,0.015,13.736,39,0,32,0,0,35,1,1,0,0,0,1,0,0,0
21:26:35.425,1663.8,37.5,319,19.1,5.8,0,46,42,0,0,1,49,47,5,0,0,0,0,0,0,0,5.4,12,190,1,38,38,18,38,18,38,37,37,38,-851583,8,4.863,0.015,13.716,39,0,32,0,0,35,1,1,0,0,0,1,0,0,0
21:26:35.525,1702.2,45.5,314,94.2,31.5,0,46,42,0,0,1,49,47,5,0,0,0,0,0,0,0,28.4,12,190,1,38,38,18,38,18,38,37,37,38,-851583,8,4.863,0.015,13.729,39,0,32,0,0,35,1,1,0,0,0,1,0,0,0
21:26:35.625,1714.7,42.4,315,80.5,27.9,0,46,42,0,0,1,48,47,5,0,0,0,0,0,0,0,25.9,12,190,1,38,38,18,37,18,38,37,37,38,-851583,8,4.863,0.015,13.695,39,0,32,0,0,35,1,1,0,0,0,1,0,0,0
21:26:35.725,1725.1,43.2,316,68.2,23.7,0,46,42,0,0,1,49,46,5,0,0,0,0,0,0,0,21.7,12,190,1,38,38,18,37,18,38,37,37,38,-851583,8,4.863,0.015,13.75,39,0,32,0,0,35,1,1,0,0,0,1,0,0,0
21:26:35.825,1737.2,40.1,317,47,16.5,0,46,42,0,0,1,48,47,4,0,0,0,0,0,0,0,13.2,12,190,1,38,38,18,37,18,38,37,37,38,-851583,8,4.858,0.015,13.743,39,0,32,0,0,35,1,1,0,0,0,1,0,0,0
21:26:35.925,1664.8,32.8,324,0,0,0,46,42.8,0,0,1,48,46,4,0,0,0,0,0,0,0,0,12,190,1,38,38,18,38,18,38,37,37,38,-851583,8,4.863,0.015,13.729,39,0,32,0,0,35,1,1,0,0,0,1,0,0,0
21:26:36.025,1708.8,32.6,324,0,0,0,46,42.8,0,0,1,49,47,4,0,0,0,0,0,0,0,0,12,190,1,38,38,18,37,18,38,37,37,38,-851583,8,4.863,0.015,13.784,39,0,32,0,0,35,1,1,0,0,0,1,0,0,0
21:26:36.125,1704.6,33.4,322,0,0,0,46,42.8,0,0,1,48,48,4,0,0,0,0,0,0,0,0,12,190,1,38,38,18,37,18,38,37,37,38,-851583,8,4.863,0.015,13.784,39,0,32,0,0,35,1,1,0,0,0,1,0,0,0
21:26:36.225,1691.9,33.2,322,0,0,0,46,42.9,0,0,1,48,46,4,0,0,0,0,0,0,0,0,12,190,1,38,38,18,38,18,38,38,37,38,-851583,8,4.863,0.015,13.777,39,0,32,0,0,35,1,1,0,0,0,1,0,0,0
21:26:36.325,1677.2,32.6,323,0,0,0,46,42.9,0,0,1,48,47,4,0,0,0,0,0,0,0,0,12,190,1,38,38,18,38,18,38,37,37,38,-851583,8,4.863,0.015,13.798,39,0,32,0,0,35,1,1,0,0,0,1,0,0,0
21:26:36.425,1677.8,33,323,0,0,0,46,42.8,0,0,1,49,47,4,0,0,0,0,0,0,0,0,12,190,1,38,38,18,37,18,38,38,37,38,-851583,8,4.863,0.015,13.791,39,0,32,0,0,35,1,1,0,0,0,1,0,0,0
21:26:36.525,1658.8,31.5,323,0,0,0,46,42.8,0,0,1,49,48,4,0,0,0,0,0,0,0,0,12,190,1,38,38,18,38,18,38,37,37,38,-851583,8,4.863,0.015,13.777,39,0,32,0,0,35,1,1,0,0,0,1,0,0,0
21:26:36.625,1592.5,30.3,323,0,0,0,46,42.7,0,0,1,48,47,4,0,0,0,0,0,0,0,0,12,190,1,38,38,18,38,18,38,37,37,38,-851583,8,4.863,0.015,13.791,39,0,32,0,0,35,1,1,0,0,0,1,0,0,0
21:26:36.725,1513,28.7,323,0,0,0,46,42.8,0,0,1,48,47,4,0,0,0,0,0,0,0,0,12,190,1,38,38,18,38,18,38,37,37,38,-851583,8,4.863,0.015,13.825,39,0,32,0,0,35,1,1,0,0,0,1,0,0,0
21:26:36.825,1482,28.8,323,0,0,0,46,42.7,0,0,1,48,47,4,0,0,0,0,0,0,0,0,12,190,1,38,38,18,37,18,38,38,37,38,-851583,8,4.863,0.015,13.791,39,0,32,0,0,35,1,1,0,0,0,1,0,0,0
21:26:36.925,1454,27,323,0,0,0,46,42.8,0,0,1,49,47,4,0,0,0,0,0,0,0,0,12,190,1,38,38,18,37,18,38,37,37,38,-851583,8,4.863,0.015,13.805,39,0,32,0,0,35,1,1,0,0,0,1,0,0,0
21:26:37.025,1406.4,29.3,321,5.1,1.1,0,46,42,0,0,1,48,46,4,0,0,0,0,0,0,0,0.8,12,190,1,38,38,18,37,18,38,37,37,38,-851583,8,4.863,0.015,13.791,39,0,32,0,0,35,1,1,0,0,0,1,0,0,0
21:26:37.125,1377.5,31.4,322,9.9,2.2,0,46,42,0,0,1,49,48,4,0,0,0,0,0,0,0,2,12,190,1,38,38,18,38,18,38,37,37,38,-851583,8,4.863,0.015,13.764,39,0,32,0,0,35,1,1,0,0,0,1,0,0,0
21:26:37.225,1338.2,32,322,16.2,3.9,0,46,42,0,0,1,48,47,4,0,0,0,0,0,0,0,3.3,12,190,1,38,38,18,38,18,38,38,37,38,-851583,8,4.863,0.015,13.784,39,0,32,0,0,35,1,1,0,0,0,1,0,0,0
21:26:37.325,1302.7,32.7,321,33.8,9.4,0,46,42,0,0,1,48,47,4,0,0,0,0,0,0,0,7.3,12,190,1,38,38,18,37,18,38,38,37,38,-851583,8,4.863,0.015,13.771,39,0,32,0,0,35,1,1,0,0,0,1,0,0,0
21:26:37.425,1301.1,33.3,319,36.9,9.5,0,46,42,0,0,1,51,47,4,0,0,0,0,0,0,0,8.3,12,190,1,38,38,18,37,18,38,37,37,38,-851583,8,4.863,0.015,13.757,39,0,32,0,0,35,1,1,0,0,0,1,0,0,0
21:26:37.525,1241.8,30.2,319,48.1,11.9,0,46,42,0,0,1,49,48,4,0,0,0,0,0,0,0,11.1,12,190,1,38,38,18,37,18,38,38,37,38,-851583,8,4.863,0.015,13.771,39,0,32,0,0,35,1,1,0,0,0,1,0,0,0
21:26:37.625,1229.5,32.4,318,50.9,12.1,0,46,42,0,0,1,50,48,4,0,0,0,0,0,0,0,11.8,12,190,1,38,38,18,38,18,38,38,37,38,-851583,8,4.863,0.015,13.784,39,0,32,0,0,35,1,1,0,0,0,1,0,0,0
21:26:37.725,1105.5,27.4,319,58.1,14.2,0,46,42,0,0,1,51,48,4,0,0,0,0,0,0,0,11.8,12,190,1,38,38,18,37,18,38,37,37,38,-851583,8,4.863,0.015,13.784,39,0,32,0,0,35,1,1,0,0,0,1,0,0,0
21:26:37.825,1035.2,27.1,319,52.1,12,0,46,42,0,0,1,49,48,4,0,0,0,0,0,0,0,10.3,12,190,1,38,38,18,37,18,38,37,37,38,-851583,8,4.863,0.015,13.784,39,0,32,0,0,35,1,1,0,0,0,1,0,0,0
21:26:37.925,976,26.9,317,75.9,16.6,0,46,42,0,0,1,49,48,4,0,0,0,0,0,0,0,14.4,12,190,1,38,38,18,37,18,38,37,37,38,-851583,8,4.863,0.015,13.805,39,0,32,0,0,35,1,1,0,0,0,1,0,0,0
21:26:38.025,918.9,25,318,78.8,16.4,0,46,42,0,0,1,49,47,4,0,0,0,0,0,0,0,13.8,12,190,1,38,38,18,37,18,38,37,37,38,-851583,8,4.863,0.015,13.812,39,0,32,0,0,35,1,1,0,0,0,1,0,0,0
21:26:38.125,856.1,23.8,319,73.4,14.4,0,46,42,0,0,1,50,47,3,0,0,0,0,0,0,0,12,12,190,1,38,38,18,37,18,38,37,37,38,-851583,8,4.863,0.015,13.791,39,0,32,0,0,35,1,1,0,0,0,1,0,0,0
21:26:38.225,803.4,22.9,319,69.3,12.6,0,46,42,0,0,1,49,47,4,0,0,0,0,0,0,0,10.5,12,190,1,38,38,18,36,18,38,37,37,38,-851583,8,4.863,0.015,13.812,39,0,32,0,0,35,1,1,0,0,0,1,0,0,0
21:26:38.325,769.9,22.3,318,68.2,12.8,0,46,42,0,0,1,49,47,3,0,0,0,0,0,0,0,10.4,12,190,1,38,38,18,37,18,38,37,37,38,-851583,8,4.863,0.015,13.812,39,0,32,0,0,35,1,1,0,0,0,1,0,0,0
21:26:38.425,727.1,21.1,319,67.2,12.1,0,46,42,0,0,1,49,48,4,0,0,0,0,0,0,0,9.3,12,190,1,38,38,18,18,18,38,37,37,38,-851583,8,4.863,0.015,13.805,39,0,32,0,0,35,1,1,0,0,0,1,0,0,0
21:26:38.525,687.6,20.3,320,66.7,10.7,0,46,42,0,0,1,49,47,3,0,0,0,0,0,0,0,8.9,12,190,1,38,38,18,37,18,38,38,37,38,-851583,8,4.863,0.015,13.798,39,0,32,0,0,35,1,1,0,0,0,1,0,0,0
21:26:38.625,650.6,19.6,320,64.4,9.9,0,46,42,0,0,1,49,47,3,0,0,0,0,0,0,0,8.5,12,190,1,38,38,18,37,18,38,37,37,38,-851583,8,4.863,0.015,13.764,39,0,32,0,0,35,1,1,0,0,0,1,0,0,0
21:26:38.725,594.9,18.2,320,63.1,9.3,0,46,42,0,0,1,49,48,3,0,0,0,0,0,0,0,7.5,12,190,1,38,38,18,37,18,38,38,37,38,-851583,8,4.863,0.015,13.764,39,0,32,0,0,35,1,1,0,0,0,1,0,0,0
21:26:38.825,555,17.7,321,61.4,9,0,46,42,0,0,1,49,46,3,0,0,0,0,0,0,0,7.4,12,190,1,38,38,18,36,18,38,37,37,38,-851583,8,4.863,0.015,13.764,39,0,32,0,0,35,1,1,0,0,0,1,0,0,0
21:26:38.925,519.7,16.8,321,62.4,8.8,0,46,42,0,0,1,49,47,3,0,0,0,0,0,0,0,6.7,12,190,1,38,38,18,37,18,38,38,37,38,-851583,8,4.863,0.015,13.757,39,0,32,0,0,35,1,1,0,0,0,1,0,0,0
21:26:39.025,477.9,15.9,321,64.8,8.3,0,46,42,0,0,1,49,47,3,0,0,0,0,0,0,0,6.2,12,190,1,38,38,18,37,18,38,37,37,38,-851583,8,4.863,0.015,13.791,39,0,32,0,0,35,1,1,0,0,0,1,0,0,0
21:26:39.125,435,15.1,321,61.7,7.7,0,46,42,0,0,1,49,47,3,0,0,0,0,0,0,0,6,12,190,1,38,38,18,36,18,38,37,37,38,-851583,8,4.863,0.015,13.777,39,0,32,0,0,35,1,1,0,0,0,1,0,0,0
21:26:39.225,404,14.5,320,62.4,7.5,0,46,42,0,0,1,49,47,3,0,0,0,0,0,0,0,5.6,12,190,1,38,38,18,38,18,38,37,37,38,-851583,8,4.863,0.015,13.764,39,0,32,0,0,35,1,1,0,0,0,1,0,0,0
21:26:39.325,375.1,13.8,320,62.6,7.2,0,46,42,0,0,1,49,47,3,0,0,0,0,0,0,0,5.3,12,190,1,38,38,18,37,18,38,37,37,38,-851583,8,4.863,0.015,13.764,39,0,32,0,0,35,1,1,0,0,0,1,0,0,0
21:26:39.425,339.2,13.4,321,71.7,7.6,0,46,42,0,0,1,48,46,3,0,0,0,0,0,0,0,5.6,12,190,1,38,38,18,37,18,38,37,37,38,-851583,8,4.863,0.015,13.771,39,0,32,0,0,35,1,1,0,0,0,1,0,0,0
21:26:39.525,292.9,12,321,63.6,6.8,0,46,42,0,0,1,49,48,3,0,0,0,0,0,0,0,4.7,12,190,1,38,38,18,38,18,38,37,37,38,-851583,8,4.863,0.015,13.784,39,0,32,0,0,35,1,1,0,0,0,1,0,0,0
21:26:39.625,252,11.4,321,61.9,6.4,0,46,42,0,0,1,49,47,3,0,0,0,0,0,0,0,4,12,190,1,38,38,18,37,18,38,37,37,38,-851583,8,4.863,0.015,13.764,39,0,32,0,0,35,1,1,0,0,0,1,0,0,0
21:26:39.725,219.3,10.6,322,64.5,5.7,0,46,42.1,0,0,1,48,47,3,0,0,0,0,0,0,0,3.9,12,190,1,38,38,18,38,18,38,37,37,38,-851583,8,4.863,0.015,13.764,39,0,32,0,0,35,1,1,0,0,0,1,0,0,0
21:26:39.825,185.7,10.2,321,71.4,5.9,0,46,42,0,0,1,48,46,3,0,0,0,0,0,0,0,3.2,12,190,1,38,38,18,37,18,38,38,37,38,-851583,8,4.863,0.015,13.743,39,0,32,0,0,35,1,1,0,0,0,1,0,0,0
21:26:39.925,156.2,9.4,321,60.7,4.8,0,46,42,0,0,1,48,47,3,0,0,0,0,0,0,0,2.8,12,190,1,38,38,18,38,18,38,37,37,38,-851583,8,4.863,0.015,13.771,39,0,32,0,0,35,1,1,0,0,0,1,0,0,0
21:26:40.025,124.2,8.8,321,74.3,5.3,0,46,42,0,0,1,48,47,3,0,0,0,0,0,0,0,2.6,12,190,1,38,38,18,37,18,38,38,37,38,-851583,8,4.863,0.015,13.791,39,0,32,0,0,35,1,1,0,0,0,1,0,0,0
21:26:40.125,90.2,7.8,321,75.5,4.9,0,46,42,0,0,1,48,46,3,0,0,0,0,0,0,0,2.6,12,190,1,38,38,18,37,18,38,37,37,38,-851583,8,4.863,0.015,13.791,39,0,32,0,0,35,1,1,0,0,0,1,0,0,0
21:26:40.225,67.1,8.1,322,61.2,4.1,0,46,42,0,0,1,48,46,3,0,0,0,0,0,0,0,2.2,12,190,1,38,38,18,37,18,38,38,37,38,-851583,8,4.863,0.015,13.791,39,0,32,0,0,35,1,1,0,0,0,1,0,0,0
21:26:40.325,55.7,7.4,321,68.7,4.2,0,46,42,0,0,1,48,46,3,0,0,0,0,0,0,0,2.1,12,190,1,38,38,18,37,18,38,38,37,38,-851583,8,4.863,0.015,13.798,39,0,32,0,0,35,1,1,0,0,0,1,0,0,0
21:26:40.425,52.7,7.4,322,56.9,3.5,0,46,42,0,0,1,49,46,3,0,0,0,0,0,0,0,1.6,12,190,1,38,38,18,37,18,38,37,37,38,-851583,8,4.863,0.015,13.784,39,0,32,0,0,35,1,1,0,0,0,1,0,0,0
21:26:40.525,49.5,7.4,322,60.8,3.6,0,46,42,0,0,1,49,46,3,0,0,0,0,0,0,0,1.9,12,190,1,38,38,18,37,18,38,38,37,38,-851583,8,4.863,0.015,13.805,39,0,32,0,0,35,1,1,0,0,0,1,0,0,0
21:26:40.625,46.4,7.3,322,77.3,4.7,0,46,42,0,0,1,48,46,3,0,0,0,0,0,0,0,2.2,12,190,1,38,38,18,37,18,38,37,37,38,-851583,8,4.863,0.015,13.818,39,0,32,0,0,35,1,1,0,0,0,1,0,0,0
21:26:40.725,41.5,7.1,322,64.6,3.8,0,46,42,0,0,1,51,47,3,0,0,0,0,0,0,0,1.9,12,190,1,38,38,18,38,18,38,38,37,38,-851583,8,4.863,0.015,13.825,39,0,32,0,0,35,1,1,0,0,0,1,0,0,0
21:26:40.825,34,7.4,321,63.7,3.9,0,46,42,0,0,1,51,47,3,0,0,0,0,0,0,0,1.7,12,190,1,38,38,18,37,18,38,37,37,38,-851583,8,4.863,0.015,13.818,39,0,32,0,0,35,1,1,0,0,0,1,0,0,0
21:26:40.925,18.1,6.4,321,71.8,3.8,0,46,42,0,0,1,50,47,3,0,0,0,0,0,0,0,1.5,12,190,1,38,38,18,37,18,38,37,37,38,-851583,8,4.863,0.015,13.839,39,0,32,0,0,35,1,1,0,0,0,1,0,0,0
21:26:41.025,1.9,6.3,321,63.9,3.3,0,46,42,0,0,1,49,46,3,0,0,0,0,0,0,0,1.3,12,190,1,38,38,18,37,18,38,37,37,38,-851583,8,4.863,0.015,13.839,39,0,32,0,0,35,1,1,0,0,0,1,0,0,0
21:26:41.125,0.1,6.3,321,62.1,3.2,0,46,42,0,0,1,49,47,3,0,0,0,0,0,0,0,1.3,12,190,1,38,38,18,38,18,38,37,37,38,-851583,8,4.863,0.015,13.846,39,0,32,0,0,35,1,1,0,0,0,1,0,0,0
21:26:41.225,0,6.2,322,60.7,3.1,0,46,42,0,0,1,49,47,3,0,0,0,0,0,0,0,1.3,12,190,1,38,38,18,38,18,38,37,37,38,-851583,8,4.863,0.015,13.853,39,0,32,0,0,35,1,1,0,0,0,1,0,0,0
21:26:41.325,-25.6,1,323,0,0,0,46,42.3,0,0,1,51,46,2,0,0,0,0,0,0,0,0,12,190,1,38,38,18,38,18,38,37,37,38,-851583,8,4.858,0.015,13.894,39,0,32,0,0,35,1,1,0,0,0,1,0,0,0
21:26:41.425,59.9,8.2,321,75.5,5.2,0,46,42,0,0,1,50,48,2,0,0,0,0,0,0,0,2.3,12,190,1,38,38,18,38,18,38,37,37,38,-851583,8,4.858,0.015,13.866,39,0,32,0,0,35,1,1,0,0,0,1,0,0,0
21:26:41.525,6.3,6.7,321,61.2,3.3,0,46,42,0,0,1,49,46,2,0,0,0,0,0,0,0,1.3,12,190,1,38,38,18,38,18,38,37,37,38,-851583,8,4.863,0.015,13.846,39,0,32,0,0,35,1,1,0,0,0,1,0,0,0
21:26:41.625,0.8,6.8,322,62.4,3.4,0,46,42,0,0,1,50,47,3,0,0,0,0,0,0,0,1.4,12,190,1,38,38,18,37,18,38,37,37,38,-851583,8,4.863,0.015,13.839,39,0,32,0,0,35,1,1,0,0,0,1,0,0,0
21:26:41.725,0.1,6.8,322,61.7,3.3,0,46,42,0,0,1,50,48,2,0,0,0,0,0,0,0,1.4,12,190,1,38,38,18,37,18,38,38,37,38,-851583,8,4.863,0.015,13.866,39,0,32,0,0,35,1,1,0,0,0,1,0,0,0
21:26:41.825,-0.8,-0.2,323,0,0,0,46,42,0,0,1,49,47,3,0,0,0,0,0,0,0,0,12,190,1,38,38,18,37,18,38,37,37,38,-851583,8,4.863,0.015,13.846,39,0,32,0,0,35,1,1,0,0,0,1,0,0,0
