Time,Motor RPM [Rpm],MC Duty Cycle [%],MC Volts [V],AC Current,DC Current [A],CellId,MC Temp [°C],Motor Temp [°C],Fault Code,MC Throttle [%],Drive Enable,RadIn_Temp [°C],RadOut_Tem [°C],Flowrate,Actual_FOC_id,Actual_FOC_iq,Actual_Brake [%],Rolling_Counter,Relay_State,CRC_Checksum,CRC_Checksum_22,Pack_Current,Pack_CCL,Pack_DCL,Pack_Open_Volta,TSB HighTemp,Pack_SOC,Cell Low,Therm1_Val [°C],Therm1_LowVal [°C],Therm1_HighVal [°C],Therm2_Val [°C],Therm2_LowVal [°C],Therm2_HighVal [°C],Therm1_ID,Therm1_ModNum,AN3 [V],AN6 [V],VBAT [V],Int Temp [°C],CAN1 Load [%],CAN1 ERRORS [hex],CAN2 ERRORS [decimal],ALARMS1 [decimal],uFLAGS1 [decimal],RTD,Energized,LV Low,Motor Temp High,MC Temp High,Logging,TSB Temp,Stop Logging,WATER T ALM
21:50:44.025,2045.6,41.6,314,1.9,0,0,54.9,54.5,0,0,1,46,42,0,0,0,0,0,0,0,0,0.2,12,190,1,39,39,19,38,19,39,38,38,39,-851583,8,4.863,0,14.092,35,0,32,0,0,35,1,1,0,0,0,1,0,0,0
21:50:44.125,2032.9,41.5,314,2.3,0,0,54.9,54.7,0,0,1,45,42,0,0,0,0,0,0,0,0,-0.2,12,190,1,39,39,19,38,19,39,38,38,39,-851583,8,4.863,0,14.051,35,0,32,0,0,35,1,1,0,0,0,1,0,0,0
21:50:44.225,2024.1,44.8,313,9.5,2.6,0,54.9,54.6,0,0,1,45,42,0,0,0,0,0,0,0,0,3.3,12,190,1,39,39,19,39,19,39,38,38,39,-851583,8,4.863,0.015,14.051,35,0,32,0,0,35,1,1,0,0,0,1,0,0,0
21:50:44.325,2011.6,39.7,315,0,0,0,54.9,54.9,0,0,1,46,42,0,0,0,0,0,0,0,0,0,12,190,1,39,39,19,38,19,39,39,38,39,-851583,8,4.863,0.015,14.058,35,0,32,0,0,35,1,1,0,0,0,1,0,0,0
21:50:44.425,1988.8,40.2,316,0,0,0,54.9,54.9,0,0,1,45,42,0,0,0,0,0,0,0,0,0,12,190,1,39,39,19,38,19,39,39,38,39,-851583,8,4.863,0.015,14.092,35,0,32,0,0,35,1,1,0,0,0,1,0,0,0
21:50:44.525,1972.1,38.9,316,0,0,0,54.9,54.9,0,0,1,45,42,0,0,0,0,0,0,0,0,0,12,190,1,39,39,19,38,19,39,39,38,39,-851583,8,4.863,0.015,14.092,35,0,32,0,0,35,1,1,0,0,0,1,0,0,0
21:50:44.625,1972.2,39.9,313,3.9,0,0,54.9,54.9,0,0,1,45,42,0,0,0,0,0,0,0,0,0.1,12,190,1,39,39,19,39,19,39,39,38,39,-851583,8,4.863,0.015,14.092,35,0,32,0,0,35,1,1,0,0,0,1,0,0,0
21:50:44.725,1990.6,47.7,313,18.7,6.2,0,54.9,54.9,0,0,1,45,42,0,0,0,0,0,0,0,0,6.4,12,190,1,39,39,19,38,19,39,39,38,39,-851583,8,4.863,0.015,14.058,35,0,32,0,0,35,1,1,0,0,0,1,0,0,0
21:50:44.825,1969.8,47.6,311,29.4,10.9,0,54.9,54.8,0,0,1,45,42,0,0,0,0,0,0,0,0,11.8,12,190,1,39,39,19,37,19,39,38,38,39,-851583,8,4.863,0.015,14.051,35,0,32,0,0,35,1,1,0,0,0,1,0,0,0
21:50:44.925,1961.8,45.6,311,37,14.5,0,54.9,54.9,0,0,1,45,42,0,0,0,0,0,0,0,0,12.5,12,190,1,39,39,19,38,19,39,38,38,39,-851583,8,4.863,0.015,14.051,35,0,32,0,0,35,1,1,0,0,0,1,0,0,0
21:50:45.025,1955.2,49.8,310,48.8,17.4,0,54.9,54.9,0,0,1,45,42,0,0,0,0,0,0,0,0,18.3,12,190,1,39,39,19,19,19,39,38,38,39,-851583,8,4.863,0.015,14.058,35,0,32,0,0,35,1,1,0,0,0,1,0,0,0
21:50:45.125,1983.5,53.2,302,110.9,39.7,0,54.9,54.9,0,0,1,45,42,0,0,0,0,0,0,0,0,39.5,12,190,1,39,39,19,38,19,39,39,38,39,-851583,8,4.863,0.015,14.051,35,0,32,0,0,35,1,1,0,0,0,1,0,0,0
21:50:45.225,1985.1,48.4,306,76.7,30.7,0,54.9,54.9,0,0,1,45,42,0,0,0,0,0,0,0,0,32.2,12,190,1,39,39,19,38,19,39,38,38,39,-851583,8,4.863,0.015,14.051,35,0,32,0,0,35,1,1,0,0,0,1,0,0,0
21:50:45.325,1999.7,47.8,308,56.4,21.8,0,54.9,54.9,0,0,1,45,42,0,0,0,0,0,0,0,0,20.1,12,190,1,39,39,19,37,19,39,38,38,39,-851583,8,4.863,0.015,14.051,35,0,32,0,0,35,1,1,0,0,0,1,0,0,0
21:50:45.425,1998.9,47.8,309,44.8,17.1,0,54.9,54.9,0,0,1,45,42,0,0,0,0,0,0,0,0,12.7,12,190,1,39,39,19,37,19,39,38,38,39,-851583,8,4.863,0.015,14.051,35,0,32,0,0,35,1,1,0,0,0,1,0,0,0
21:50:45.525,1964,37.4,316,0,0,0,54.9,54.9,0,0,1,44,42,0,0,0,0,0,0,0,0,0,12,190,1,39,39,19,38,19,39,38,38,39,-851583,8,4.863,0.015,14.051,35,0,32,0,0,35,1,1,0,0,0,1,0,0,0
21:50:45.625,1980.7,40.5,314,0,0,0,54.9,54.9,0,0,1,44,42,0,0,0,0,0,0,0,0,0,12,190,1,39,39,19,38,19,39,39,38,39,-851583,8,4.863,0.015,14.092,35,0,32,0,0,35,1,1,0,0,0,1,0,0,0
21:50:45.725,1969.3,38.9,315,0,0,0,54.9,54.9,0,0,1,44,42,0,0,0,0,0,0,0,0,0,12,190,1,39,39,19,37,19,39,39,38,39,-851583,8,4.863,0.015,14.092,35,0,32,0,0,35,1,1,0,0,0,1,0,0,0
21:50:45.825,1968.3,39,316,0,0,0,54.9,54.9,0,0,1,44,42,0,0,0,0,0,0,0,0,0,12,190,1,39,39,19,38,19,39,39,38,39,-851583,8,4.863,0.015,14.092,35,0,32,0,0,35,1,1,0,0,0,1,0,0,0
21:50:45.925,1949.1,38.8,315,0,0,0,54.9,54.9,0,0,1,44,42,0,0,0,0,0,0,0,0,0,12,190,1,39,39,19,37,19,39,39,38,39,-851583,8,4.863,0.015,14.092,35,0,32,0,0,35,1,1,0,0,0,1,0,0,0
21:50:46.025,1939.8,38.5,316,0,0,0,54.9,54.9,0,0,1,45,41,0,0,0,0,0,0,0,0,0,12,190,1,39,39,19,39,19,39,39,38,39,-851583,8,4.863,0.015,14.092,35,0,16,0,0,35,1,1,0,0,0,1,0,0,0
21:50:46.125,1918,37.5,315,0,0,0,54.9,54.9,0,0,1,44,41,0,0,0,0,0,0,0,0,0,12,190,1,39,39,19,39,19,39,39,38,39,-851583,8,4.863,0.015,14.085,35,0,16,0,0,35,1,1,0,0,0,1,0,0,0
21:50:46.225,1877.7,36.7,316,0,0,0,54.9,54.9,0,0,1,44,42,0,0,0,0,0,0,0,0,0,12,190,1,39,39,19,39,19,39,38,38,39,-851583,8,4.863,0.015,14.085,35,0,16,0,0,35,1,1,0,0,0,1,0,0,0
21:50:46.325,1815.5,35.4,314,0,0,0,54.9,54.9,0,0,1,44,43,0,0,0,0,0,0,0,0,0,12,190,1,39,39,19,39,19,39,38,38,39,-851583,8,4.863,0.015,14.085,35,0,16,0,0,35,1,1,0,0,0,1,0,0,0
21:50:46.425,1806.4,35.7,315,0,0,0,54.9,54.9,0,0,1,44,42,0,0,0,0,0,0,0,0,0,12,190,1,39,39,19,38,19,39,38,38,39,-851583,8,4.863,0.015,14.092,35,0,16,0,0,35,1,1,0,0,0,1,0,0,0
21:50:46.525,1742.1,33.2,315,0,0,0,54.9,54.9,0,0,1,44,42,0,0,0,0,0,0,0,0,0,12,190,1,39,39,19,39,19,39,38,38,39,-851583,8,4.863,0.015,14.092,35,0,16,0,0,35,1,1,0,0,0,1,0,0,0
21:50:46.625,1692.7,32.8,316,0,0,0,54.9,54.9,0,0,1,44,42,0,0,0,0,0,0,0,0,0,12,190,1,39,39,19,38,19,39,38,38,39,-851583,8,4.863,0.015,14.092,35,0,16,0,0,35,1,1,0,0,0,1,0,0,0
21:50:46.725,1627.4,31.5,315,0,0,0,54.9,54.9,0,0,1,44,42,0,0,0,0,0,0,0,0,0,12,190,1,39,39,19,38,19,39,39,38,39,-851583,8,4.858,0.015,14.092,35,0,16,0,0,35,1,1,0,0,0,1,0,0,0
21:50:46.825,1565.3,31.1,316,0,0,0,54.9,55,0,0,1,44,41,0,0,0,0,0,0,0,0,0,12,190,1,39,39,19,38,19,39,39,38,39,-851583,8,4.863,0.015,14.078,35,0,16,0,0,35,1,1,0,0,0,1,0,0,0
21:50:46.925,1490.3,28.8,316,0,0,0,54.9,55,0,0,1,45,42,0,0,0,0,0,0,0,0,0,12,190,1,39,39,19,38,19,39,39,38,39,-851583,8,4.863,0.015,14.071,35,0,16,0,0,35,1,1,0,0,0,1,0,0,0
21:50:47.025,1390.6,26.9,315,0,0,0,54.9,55,0,0,1,47,42,0,0,0,0,0,0,0,0,0,12,190,1,39,39,19,38,19,39,38,38,39,-851583,8,4.863,0.015,14.051,35,0,16,0,0,35,1,1,0,0,0,1,0,0,0
21:50:47.125,1325.4,26.1,316,0,0,0,54.9,55,0,0,1,46,41,0,0,0,0,0,0,0,0,0,12,190,1,39,39,19,37,19,39,39,38,39,-851583,8,4.863,0.015,14.071,35,0,16,0,0,35,1,1,0,0,0,1,0,0,0
21:50:47.225,1287.8,24.8,316,0,0,0,54.9,55,0,0,1,46,42,0,0,0,0,0,0,0,0,0,12,190,1,39,39,19,38,19,39,38,38,39,-851583,8,4.863,0.015,14.071,35,0,16,0,0,35,1,1,0,0,0,1,0,0,0
21:50:47.325,1250.3,24.1,315,0,0,0,54.9,55,0,0,1,46,42,0,0,0,0,0,0,0,0,0,12,190,1,39,39,19,39,19,39,39,38,39,-851583,8,4.863,0.015,14.085,35,0,16,0,0,35,1,1,0,0,0,1,0,0,0
21:50:47.425,1229.2,24.2,317,0,0,0,54.9,55,0,0,1,46,43,0,0,0,0,0,0,0,0,0,12,190,1,39,39,19,38,19,39,39,38,39,-851583,8,4.863,0.015,14.085,35,0,16,0,0,35,1,1,0,0,0,1,0,0,0
21:50:47.525,1201.5,23.7,316,0,0,0,54.9,55,0,0,1,45,42,0,0,0,0,0,0,0,0,0,12,190,1,39,39,19,38,19,39,39,38,39,-851583,8,4.863,0.015,14.092,35,0,16,0,0,35,1,1,0,0,0,1,0,0,0
21:50:47.625,1173.1,22.6,315,0,0,0,54.9,55,0,0,1,45,42,0,0,0,0,0,0,0,0,0,12,190,1,39,39,19,38,19,39,39,38,39,-851583,8,4.863,0.015,14.092,35,0,16,0,0,35,1,1,0,0,0,1,0,0,0
21:50:47.725,1151.6,22,315,0,0,0,54.9,55,0,0,1,45,41,0,0,0,0,0,0,0,0,0,12,190,1,39,39,19,39,19,39,38,38,39,-851583,8,4.863,0.015,14.092,35,0,16,0,0,35,1,1,0,0,0,1,0,0,0
21:50:47.825,1117.5,22,315,0,0,0,54.9,55.1,0,0,1,45,43,0,0,0,0,0,0,0,0,0,12,190,1,39,39,19,39,19,39,39,38,39,-851583,8,4.863,0.015,14.092,35,0,16,0,0,35,1,1,0,0,0,1,0,0,0
21:50:47.925,1089.8,21.1,316,0,0,0,54.9,55,0,0,1,45,42,0,0,0,0,0,0,0,0,0,12,190,1,39,39,19,39,19,39,38,38,39,-851583,8,4.863,0.015,14.092,35,0,16,0,0,35,1,1,0,0,0,1,0,0,0
21:50:48.025,1069.8,21.5,315,0,0,0,54.9,55.1,0,0,1,45,42,0,0,0,0,0,0,0,0,0,12,190,1,39,39,19,39,19,39,38,38,39,-851583,8,4.863,0.015,14.092,35,0,24,0,0,35,1,1,0,0,0,1,0,0,0
21:50:48.125,1188.6,40.3,297,329.3,58.1,0,54.9,55.2,0,0,1,45,42,0,0,0,0,0,0,0,0,59.8,12,190,1,39,39,19,39,19,39,38,38,39,-851583,8,4.863,0.015,14.051,35,0,24,0,0,35,1,1,0,0,0,1,0,0,0
21:50:48.225,1155.4,35.7,302,197.1,50.2,0,54.9,55,0,0,1,45,41,0,0,0,0,0,0,0,0,44.8,12,190,1,39,39,19,38,19,39,38,38,39,-851583,8,4.863,0.015,14.051,35,0,24,0,0,35,1,1,0,0,0,1,0,0,0
21:50:48.325,1185.7,37.4,302,197.6,51.1,0,54.9,55,0,0,1,45,42,0,0,0,0,0,0,0,0,45.7,12,190,1,39,39,19,38,19,39,38,38,39,-851583,8,4.863,0.015,14.051,35,0,24,0,0,35,1,1,0,0,0,1,0,0,0
21:50:48.425,1229.9,37.3,302,168.3,45.9,0,54.9,55,0,0,1,45,42,0,0,0,0,0,0,0,0,39.9,12,190,1,39,39,19,38,19,39,38,38,39,-851583,8,4.863,0.015,14.058,35,0,24,0,0,35,1,1,0,0,0,1,0,0,0
21:50:48.525,1279.2,39.1,302,173.3,46.4,0,54.9,55,0,0,1,45,42,0,0,0,0,0,0,0,0,42.9,12,190,1,39,39,19,39,19,39,38,38,39,-851583,8,4.863,0.015,14.058,35,0,24,0,0,35,1,1,0,0,0,1,0,0,0
21:50:48.625,1328,40.6,302,184.7,46.8,0,54.9,55,0,0,1,45,41,0,0,0,0,0,0,0,0,48.9,12,190,1,39,39,19,38,19,39,39,38,39,-851583,8,4.863,0.015,14.058,35,0,24,0,0,35,1,1,0,0,0,1,0,0,0
21:50:48.725,1364.9,41.1,302,181.3,49.4,0,54.9,55,0,0,1,44,41,0,0,0,0,0,0,0,0,46.3,12,190,1,39,39,19,38,19,39,38,38,39,-851583,8,4.863,0.015,14.058,35,0,24,0,0,35,1,1,0,0,0,1,0,0,0
21:50:48.825,1404.1,42.3,301,183.6,50.4,0,54.9,55,0,0,1,44,42,0,0,0,0,0,0,0,0,48.7,12,190,1,39,39,19,39,19,39,39,38,39,-851583,8,4.863,0.015,14.058,35,0,24,0,0,35,1,1,0,0,0,1,0,0,0
21:50:48.925,1444.2,42.9,300,174.4,53.8,0,54.9,55,0,0,1,45,42,0,0,0,0,0,0,0,0,48.9,11,190,1,39,39,19,39,19,39,38,38,39,-851583,8,4.863,0.015,14.058,35,0,24,0,0,35,1,1,0,0,0,1,0,0,0
21:50:49.025,1482.6,44.3,300,177.9,50.2,0,54.9,55,0,0,1,45,41,0,0,0,0,0,0,0,0,51.9,11,190,1,39,39,19,39,19,39,39,38,39,-851583,8,4.863,0.015,14.058,35,0,32,0,0,35,1,1,0,0,0,1,0,0,0
21:50:49.125,1532.5,46.5,298,196.6,55.3,0,54.9,55,0,0,1,44,42,0,0,0,0,0,0,0,0,56.8,11,190,1,39,39,19,39,19,39,38,38,39,-851583,8,4.863,0.015,14.058,35,0,32,0,0,35,1,1,0,0,0,1,0,0,0
21:50:49.225,1612.7,50.3,295,230.6,69.3,0,54.9,55.1,0,0,1,44,41,0,0,0,0,0,0,0,0,68.1,11,190,1,39,39,19,39,19,39,38,38,39,-851583,8,4.863,0.015,14.058,35,0,32,0,0,35,1,1,0,0,0,1,0,0,0
21:50:49.325,1617.4,49.5,296,213.5,65.7,0,54.9,55.1,0,0,1,44,41,0,0,0,0,0,0,0,0,63.6,11,190,1,39,39,19,39,19,39,38,38,39,-851583,8,4.863,0.015,14.058,35,0,32,0,0,35,1,1,0,0,0,1,0,0,0
21:50:49.425,1657.5,51.7,293,228.3,64.8,0,54.9,55.2,0,0,1,44,41,0,0,0,0,0,0,0,0,63.6,11,190,1,39,39,19,39,19,39,39,38,39,-851583,8,4.863,0.015,14.058,35,0,32,0,0,35,1,1,0,0,0,1,0,0,0
21:50:49.525,1695.2,53.2,293,239.3,70.1,0,54.9,55.1,0,0,1,44,42,9,0,0,0,0,0,0,0,74.3,11,190,1,39,39,19,38,19,39,38,38,39,-851583,8,4.863,0.015,14.058,35,0,32,0,0,35,1,1,0,0,0,1,0,0,0
21:50:49.625,1747.4,55.8,291,258,79.9,0,55.9,55.2,0,0,1,44,42,9,0,0,0,0,0,0,0,83.5,11,190,1,39,39,19,38,19,39,38,38,39,-851583,8,4.863,0.015,14.058,35,0,32,0,0,35,1,1,0,0,0,1,0,0,0
21:50:49.725,1786,57,291,237.7,79.4,0,55.9,55.3,0,0,1,44,42,9,0,0,0,0,0,0,0,79,11,190,1,39,39,19,39,19,39,38,38,39,-851583,8,4.863,0.015,14.058,35,0,32,0,0,35,1,1,0,0,0,1,0,0,0
21:50:49.825,1826,58.3,290,254.6,74.8,0,55.9,55.3,0,0,1,45,42,9,0,0,0,0,0,0,0,85.6,11,190,1,39,39,19,39,19,39,39,38,39,-851583,8,4.863,0.015,14.058,35,0,32,0,0,35,1,1,0,0,0,1,0,0,0
21:50:49.925,1873.4,58.9,286,260.4,86.4,0,55.9,55.4,0,0,1,44,42,9,0,0,0,0,0,0,0,91,11,190,1,39,39,19,39,19,39,39,38,39,-851583,8,4.863,0.015,14.058,35,0,32,0,0,35,1,1,0,0,0,1,0,0,0
21:50:50.025,1912,61.2,288,252.8,87.6,0,55.9,55.3,0,0,1,44,41,9,0,0,0,0,0,0,0,86.9,11,190,1,39,39,19,38,19,39,39,38,39,-851583,8,4.863,0.015,14.058,35,0,32,0,0,35,1,1,0,0,0,1,0,0,0
21:50:50.125,1971,63.1,285,262.1,90.8,0,55.9,55.2,0,0,1,45,42,9,0,0,0,0,0,0,0,95.9,11,190,1,39,39,19,38,19,39,39,38,39,-851583,8,4.863,0.015,14.058,35,0,32,0,0,35,1,1,0,0,0,1,0,0,0
21:50:50.225,2023.3,64.8,286,263,82.4,0,55.9,55.3,0,0,1,44,42,9,0,0,0,0,0,0,0,97.4,11,190,1,39,39,19,39,19,39,39,38,39,-851583,8,4.863,0.015,14.058,35,0,32,0,0,35,1,1,0,0,0,1,0,0,0
21:50:50.325,2093,67,287,262.7,83.2,0,55.9,55.3,0,0,1,44,42,9,0,0,0,0,0,0,0,94,11,190,1,39,39,19,38,19,39,38,38,39,-851583,8,4.863,0.015,14.058,35,0,32,0,0,35,1,1,0,0,0,1,0,0,0
21:50:50.425,2133.1,67.3,286,244.5,90,0,55.9,55.4,0,0,1,44,42,9,0,0,0,0,0,0,0,96.1,11,190,1,39,39,19,38,19,39,38,38,39,-851583,8,4.863,0.015,14.058,35,0,32,0,0,35,1,1,0,0,0,1,0,0,0
21:50:50.525,2199.4,69.3,282,265.1,90.2,0,55.9,55.4,0,0,1,44,42,9,0,0,0,0,0,0,0,107,11,190,1,39,39,19,38,19,39,38,38,39,-851583,8,4.858,0.015,14.058,35,0,32,0,0,35,1,1,0,0,0,1,0,0,0
21:50:50.625,2247.1,70.5,287,234.9,82.9,0,56.9,55.4,0,0,1,45,42,9,0,0,0,0,0,0,0,101.9,11,190,1,39,39,19,39,19,39,39,38,39,-851583,8,4.863,0.015,14.058,35,0,32,0,0,35,1,1,0,0,0,1,0,0,0
21:50:50.725,2300.1,71.2,283,243.6,78.3,0,56.9,55.3,0,0,1,44,41,9,0,0,0,0,0,0,0,97,11,190,1,39,39,19,38,19,39,38,38,39,-851583,8,4.863,0.015,14.058,35,0,32,0,0,35,1,1,0,0,0,1,0,0,0
21:50:50.825,2344.7,69.5,287,214.5,86.5,0,56.9,55.5,0,0,1,46,42,9,0,0,0,0,0,0,0,88,11,190,1,39,39,19,37,19,39,38,38,39,-851583,8,4.863,0.015,14.058,35,0,32,0,0,35,1,1,0,0,0,1,0,0,0
21:50:50.925,2357,39.6,302,0,0,0,56.9,55.6,0,0,1,47,41,9,0,0,0,0,0,0,0,4.7,11,190,1,39,39,19,38,19,39,38,38,39,-851583,8,4.863,0.015,14.058,35,0,32,0,0,35,1,1,0,0,0,1,0,0,0
21:50:51.025,2286.4,47.8,312,0,0,0,56.9,55.9,0,0,1,46,42,0,0,0,0,0,0,0,0,0,11,190,1,39,39,19,19,19,39,38,38,39,-851583,8,4.863,0.015,14.099,35,0,32,0,0,35,1,1,0,0,0,1,0,0,0
21:50:51.125,2336.1,45.8,313,0,0,0,56.9,55.9,0,0,1,46,43,0,0,0,0,0,0,0,0,0,11,190,1,39,39,19,38,19,39,39,38,39,-851583,8,4.863,0.015,14.099,35,0,32,0,0,35,1,1,0,0,0,1,0,0,0
21:50:51.225,2315.4,46.2,313,0,0,0,56.9,55.9,0,0,1,46,43,0,0,0,0,0,0,0,0,0,11,190,1,39,39,19,38,19,39,39,38,39,-851583,8,4.863,0.015,14.099,35,0,32,0,0,35,1,1,0,0,0,1,0,0,0
21:50:51.325,2287.1,46.3,313,0,0,0,56.9,55.9,0,0,1,46,43,0,0,0,0,0,0,0,0,0,12,190,1,39,39,19,37,19,39,39,38,39,-851583,8,4.863,0.015,14.092,35,0,32,0,0,35,1,1,0,0,0,1,0,0,0
21:50:51.425,2266,44.9,315,0,0,0,56.9,55.9,0,0,1,46,43,0,0,0,0,0,0,0,0,0,12,190,1,39,39,19,37,19,39,39,38,39,-851583,8,4.863,0.015,14.099,35,0,32,0,0,35,1,1,0,0,0,1,0,0,0
21:50:51.525,2189.3,42.3,314,0,0,0,56.9,55.9,0,0,1,45,43,0,0,0,0,0,0,0,0,0,12,190,1,39,39,19,38,19,39,39,38,39,-851583,8,4.863,0.015,14.092,35,0,32,0,0,35,1,1,0,0,0,1,0,0,0
21:50:51.625,2099.1,41,313,0,0,0,56.9,55.9,0,0,1,45,42,0,0,0,0,0,0,0,0,0,12,190,1,39,39,19,38,19,39,39,38,39,-851583,8,4.863,0.015,14.092,35,0,32,0,0,35,1,1,0,0,0,1,0,0,0
21:50:51.725,2081.8,41.2,314,0,0,0,56.9,56,0,0,1,45,42,0,0,0,0,0,0,0,0,0,12,190,1,39,39,19,37,19,39,38,38,39,-851583,8,4.863,0.015,14.092,35,0,32,0,0,35,1,1,0,0,0,1,0,0,0
21:50:51.825,2008.8,38.9,315,0,0,0,56.9,56,0,0,1,45,42,0,0,0,0,0,0,0,0,0,12,190,1,39,39,19,38,19,39,39,38,39,-851583,8,4.863,0.015,14.092,35,0,32,0,0,35,1,1,0,0,0,1,0,0,0
21:50:51.925,1965.2,37.8,314,0,0,0,56.9,56,0,0,1,45,42,0,0,0,0,0,0,0,0,0,12,190,1,39,39,19,37,19,39,39,38,39,-851583,8,4.863,0.015,14.092,35,0,32,0,0,35,1,1,0,0,0,1,0,0,0
21:50:52.025,1745.4,32.5,315,0,0,0,56.9,56,0,0,1,45,42,0,0,0,0,0,0,0,0,0,12,190,1,39,39,19,39,19,39,38,38,39,-851583,8,4.863,0.015,14.092,35,0,32,0,0,35,1,1,0,0,0,1,0,0,0
21:50:52.125,1484,27.1,314,0,0,0,56.9,56.1,0,0,1,45,42,0,0,0,0,0,0,0,0,0,12,190,1,39,39,19,39,19,39,39,38,39,-851583,8,4.863,0.015,14.092,35,0,32,0,0,35,1,1,0,0,0,1,0,0,0
21:50:52.225,1192.2,20.3,315,0,0,0,56.9,56.2,0,0,1,45,43,0,0,0,0,0,0,0,0,0,12,190,1,39,39,19,39,19,39,39,38,39,-851583,8,4.863,0.015,14.092,35,0,32,0,0,35,1,1,0,0,0,1,0,0,0
21:50:52.325,1224.4,26.7,314,0,0,0,56.9,56.2,0,0,1,44,42,0,0,0,0,0,0,0,0,0,12,190,1,39,39,19,39,19,39,39,38,39,-851583,8,4.863,0.015,14.092,35,0,32,0,0,35,1,1,0,0,0,1,0,0,0
21:50:52.425,1286,28.2,315,0.1,0,0,56.9,56.1,0,0,1,44,42,0,0,0,0,0,0,0,0,-0.2,12,190,1,39,39,19,38,19,39,39,38,39,-851583,8,4.863,0.015,14.085,35,0,32,0,0,35,1,1,0,0,0,1,0,0,0
21:50:52.525,1454.5,31.6,314,4.5,0.6,0,56.9,56,0,0,1,44,42,0,0,0,0,0,0,0,0,0.8,12,190,1,39,39,19,39,19,39,39,38,39,-851583,8,4.863,0.015,14.051,35,0,32,0,0,35,1,1,0,0,0,1,0,0,0
21:50:52.625,1385.9,21.5,314,-0.4,0,0,56.9,56,0,0,1,44,41,0,0,0,0,0,0,0,0,0,12,190,1,39,39,19,38,19,39,39,38,39,-851583,8,4.863,0.015,14.044,35,0,32,0,0,35,1,1,0,0,0,1,0,0,0
21:50:52.725,1403.6,32.9,313,10.6,2.3,0,56.9,56,0,0,1,44,42,0,0,0,0,0,0,0,0,2.2,12,190,1,39,39,19,38,19,39,38,38,39,-851583,8,4.863,0.015,14.051,35,0,32,0,0,35,1,1,0,0,0,1,0,0,0
21:50:52.825,1514.5,53.1,287,365.7,79.1,0,56.9,56.2,0,0,1,45,42,0,0,0,0,0,0,0,0,95.7,12,190,1,39,39,19,38,19,39,39,38,39,-851583,8,4.863,0.015,14.051,35,0,32,0,0,35,1,1,0,0,0,1,0,0,0
21:50:52.925,1461,31,315,0,0,0,56.9,56.6,4,0,1,44,42,0,0,0,0,0,0,0,0,0,12,190,1,39,39,19,38,19,39,39,38,39,-851583,8,4.863,0.015,14.085,35,0,32,0,0,35,1,1,0,0,0,1,0,0,0
21:50:53.025,1321.1,25.3,314,0,0,0,56.9,56.8,4,0,1,44,41,0,0,0,0,0,0,0,0,0,12,190,1,39,39,19,38,19,39,39,38,39,-851583,8,4.863,0.015,14.092,35,0,32,0,0,35,1,1,0,0,0,1,0,0,0
21:50:53.125,1456.7,21.7,314,0,0,0,56.9,56.5,4,0,1,44,41,0,0,0,0,0,0,0,0,0,12,190,1,39,39,19,37,19,39,39,38,39,-851583,8,4.863,0.015,14.051,35,0,32,0,0,35,1,1,0,0,0,1,0,0,0
21:50:53.225,1467.6,46.8,305,123.2,32.7,0,56.9,56.3,0,0,1,44,41,5,0,0,0,0,0,0,0,41,12,190,1,39,39,19,38,19,39,38,38,39,-851583,8,4.863,0.015,14.092,35,0,32,0,0,35,1,1,0,0,0,1,0,0,0
21:50:53.325,1392.8,30.2,314,0,0,0,56.9,56.8,4,0,1,44,42,5,0,0,0,0,0,0,0,0,12,190,1,39,39,19,39,19,39,39,38,39,-851583,8,4.863,0.015,14.092,35,0,32,0,0,35,1,1,0,0,0,1,0,0,0
21:50:53.425,1287.7,24.1,315,0,0,0,56.9,56.8,4,0,1,44,42,5,0,0,0,0,0,0,0,0,12,190,1,39,39,19,38,19,39,38,38,39,-851583,8,4.863,0.015,14.065,35,0,32,0,0,35,1,1,0,0,0,1,0,0,0
21:50:53.525,1455.9,22.5,315,0,0,0,56.9,56.5,4,0,1,45,42,5,0,0,0,0,0,0,0,0.1,12,190,1,39,39,19,38,19,39,38,38,39,-851583,8,4.863,0.015,14.092,35,0,32,0,0,35,1,1,0,0,0,1,0,0,0
21:50:53.625,1456.2,46.5,307,117.5,26.4,0,56.9,56.2,0,0,1,44,42,5,0,0,0,0,0,0,0,36.7,12,190,1,39,39,19,38,19,39,38,38,39,-851583,8,4.863,0.015,14.092,35,0,32,0,0,35,1,1,0,0,0,1,0,0,0
21:50:53.725,1376.7,31.4,315,0,0,0,56.9,56.7,4,0,1,44,42,5,0,0,0,0,0,0,0,0,12,190,1,39,39,19,39,19,39,38,38,39,-851583,8,4.863,0.015,14.092,35,0,32,0,0,35,1,1,0,0,0,1,0,0,0
21:50:53.825,1287.8,23.7,315,0,0,0,56.9,56.9,4,0,1,44,41,5,0,0,0,0,0,0,0,0,12,190,1,39,39,19,39,19,39,38,38,39,-851583,8,4.863,0.015,14.078,35,0,32,0,0,35,1,1,0,0,0,1,0,0,0
21:50:53.925,1448.6,21.3,314,0,0,0,56.9,56.7,4,0,1,44,41,5,0,0,0,0,0,0,0,0,12,190,1,39,39,19,39,19,39,38,38,39,-851583,8,4.863,0.015,14.071,35,0,32,0,0,35,1,1,0,0,0,1,0,0,0
21:50:54.025,1448.2,46.8,304,138.2,31.8,0,56.9,56.4,0,0,1,44,42,5,0,0,0,0,0,0,0,50.4,12,190,1,39,39,19,39,19,39,38,38,39,-851583,8,4.863,0.015,14.092,35,0,32,0,0,35,1,1,0,0,0,1,0,0,0
21:50:54.125,1382.4,30.6,314,0,0,0,56.9,56.9,4,0,1,44,42,5,0,0,0,0,0,0,0,0,12,190,1,39,39,19,39,19,39,39,38,39,-851583,8,4.863,0.015,14.092,35,0,32,0,0,35,1,1,0,0,0,1,0,0,0
21:50:54.225,1263,25.5,314,0,0,0,56.9,56.9,4,0,1,44,42,5,0,0,0,0,0,0,0,0,12,190,1,39,39,19,38,19,39,39,38,39,-851583,8,4.863,0.015,14.085,35,0,32,0,0,35,1,1,0,0,0,1,0,0,0
21:50:54.325,1401.6,22.4,315,0,0,0,56.9,56.8,4,0,1,44,41,5,0,0,0,0,0,0,0,0,12,190,1,39,39,19,38,19,39,39,38,39,-851583,8,4.863,0.015,14.044,35,0,32,0,0,35,1,1,0,0,0,1,0,0,0
21:50:54.425,1442.3,46.3,305,131.6,37.6,0,56.9,56.4,0,0,1,44,42,5,0,0,0,0,0,0,0,44.8,12,190,1,39,39,19,38,19,39,38,38,39,-851583,8,4.863,0.015,14.092,35,0,32,0,0,35,1,1,0,0,0,1,0,0,0
21:50:54.525,1365.9,31.4,314,0,0,0,56.9,56.9,4,0,1,44,41,5,0,0,0,0,0,0,0,0,12,190,1,39,39,19,39,19,39,39,38,39,-851583,8,4.863,0.015,14.092,35,0,32,0,0,35,1,1,0,0,0,1,0,0,0
21:50:54.625,1268.1,22.7,315,0,0,0,56.9,56.9,4,0,1,44,41,5,0,0,0,0,0,0,0,0,12,190,1,39,39,19,38,19,39,38,38,39,-851583,8,4.863,0.015,14.058,35,0,32,0,0,35,1,1,0,0,0,1,0,0,0
21:50:54.725,1421.4,22.3,315,0,0,0,56.9,56.8,4,0,1,47,41,0,0,0,0,0,0,0,0,0,12,190,1,39,39,19,38,19,39,38,38,39,-851583,8,4.863,0.015,14.092,35,0,32,0,0,35,1,1,0,0,0,1,0,0,0
21:50:54.825,1430,44.6,306,105.9,30.6,0,56.9,56.5,0,0,1,46,41,0,0,0,0,0,0,0,0,37.6,12,190,1,39,39,19,39,19,39,38,38,39,-851583,8,4.863,0.015,14.092,35,0,32,0,0,35,1,1,0,0,0,1,0,0,0
21:50:54.925,1370.5,30.6,313,0,0,0,56.9,56.9,4,0,1,46,43,0,0,0,0,0,0,0,0,0,12,190,1,39,39,19,39,19,39,39,38,39,-851583,8,4.863,0.015,14.085,35,0,32,0,0,35,1,1,0,0,0,1,0,0,0
21:50:55.025,1432.7,46.3,295,259.2,70.9,0,56.9,56.4,0,0,1,46,42,0,0,0,0,0,0,0,0,66.4,12,190,1,39,39,19,39,19,39,38,38,39,-851583,8,4.863,0.015,14.051,35,0,32,0,0,35,1,1,0,0,0,1,0,0,0
21:50:55.125,1443.2,41.7,300,152.4,47.4,0,56.9,56.3,0,0,1,46,42,3,0,0,0,0,0,0,0,42.5,12,190,1,39,39,19,39,19,39,38,38,39,-851583,8,4.863,0.015,14.058,35,0,32,0,0,35,1,1,0,0,0,1,0,0,0
21:50:55.225,1491.4,43.6,301,160.7,45.9,0,56.9,56.2,0,0,1,45,42,3,0,0,0,0,0,0,0,47,12,190,1,39,39,19,39,19,39,38,38,39,-851583,8,4.863,0.015,14.058,35,0,32,0,0,35,1,1,0,0,0,1,0,0,0
21:50:55.325,1519.5,41.3,304,115,35.3,0,56.9,56.3,0,0,1,45,42,3,0,0,0,0,0,0,0,34.6,12,190,1,39,39,19,39,19,39,39,38,39,-851583,8,4.863,0.015,14.058,35,0,32,0,0,35,1,1,0,0,0,1,0,0,0
21:50:55.425,1554,43.9,304,119,37,0,56.9,56.3,0,0,1,45,42,3,0,0,0,0,0,0,0,39.1,11,190,1,39,39,19,39,19,39,39,38,39,-851583,8,4.863,0.015,14.051,35,0,32,0,0,35,1,1,0,0,0,1,0,0,0
21:50:55.525,1575.4,41.1,305,103.9,32.9,0,56.9,56.4,0,0,1,45,42,3,0,0,0,0,0,0,0,31.8,11,190,1,39,39,19,38,19,39,39,38,39,-851583,8,4.863,0.015,14.058,35,0,32,0,0,35,1,1,0,0,0,1,0,0,0
21:50:55.625,1594.8,43.3,305,104.6,33.3,0,56.9,56.2,0,0,1,45,43,3,0,0,0,0,0,0,0,30.3,11,190,1,39,39,19,38,19,39,39,38,39,-851583,8,4.863,0.015,14.058,35,0,32,0,0,35,1,1,0,0,0,1,0,0,0
21:50:55.725,1614.8,44,305,103.3,33.8,0,57.9,56.4,0,0,1,45,42,3,0,0,0,0,0,0,0,33.1,11,190,1,39,39,19,39,19,39,39,38,39,-851583,8,4.863,0.015,14.058,35,0,32,0,0,35,1,1,0,0,0,1,0,0,0
21:50:55.825,1631.4,42.2,305,92.7,29.1,0,57.9,56.4,0,0,1,45,42,3,0,0,0,0,0,0,0,26.3,12,190,1,39,39,19,39,19,39,38,38,39,-851583,8,4.863,0.015,14.058,35,0,32,0,0,35,1,1,0,0,0,1,0,0,0
21:50:55.925,1630.1,39.6,309,49,16.3,0,57.9,56.6,0,0,1,45,42,3,0,0,0,0,0,0,0,15.1,12,190,1,39,39,19,39,19,39,38,38,39,-851583,8,4.863,0.015,14.058,35,0,32,0,0,35,1,1,0,0,0,1,0,0,0
21:50:56.025,1624.8,40.4,308,63.7,20.5,0,57.9,56.8,0,0,1,45,42,3,0,0,0,0,0,0,0,18.2,12,190,1,39,39,19,38,19,39,38,38,39,-851583,8,4.863,0.015,14.058,35,0,32,0,0,35,1,1,0,0,0,1,0,0,0
21:50:56.125,1597,38.8,309,44.9,13.5,0,57.9,56.7,0,0,1,45,42,3,0,0,0,0,0,0,0,12.8,12,190,1,39,39,19,38,19,39,39,38,39,-851583,8,4.863,0.015,14.058,35,0,32,0,0,35,1,1,0,0,0,1,0,0,0
21:50:56.225,1537.1,36.1,311,26.7,8.1,0,57.9,56.8,0,0,1,44,43,3,0,0,0,0,0,0,0,6.1,12,190,1,39,39,19,39,19,39,38,38,39,-851583,8,4.863,0.015,14.058,35,0,32,0,0,35,1,1,0,0,0,1,0,0,0
21:50:56.325,1512.5,36.9,312,22.8,6.2,0,57.9,56.7,0,0,1,44,42,3,0,0,0,0,0,0,0,5.7,12,190,1,39,39,19,38,19,39,38,38,39,-851583,8,4.863,0.015,14.051,35,0,32,0,0,35,1,1,0,0,0,1,0,0,0
21:50:56.425,1482.6,36.6,311,30.5,8.5,0,57.9,56.8,0,0,1,44,42,845,0,0,0,0,0,0,0,8.4,12,190,1,39,39,19,39,19,39,38,38,39,-851583,8,4.863,0.015,14.058,35,0,32,0,0,35,1,1,0,0,0,1,0,0,0
21:50:56.525,1450.9,36.5,310,37.1,10.7,0,57.9,56.7,0,0,1,44,42,845,0,0,0,0,0,0,0,9.7,12,190,1,39,39,19,38,19,39,39,38,39,-851583,8,4.863,0.015,14.051,35,0,32,0,0,35,1,1,0,0,0,1,0,0,0
21:50:56.625,1414.1,34.8,310,45.6,13.3,0,57.9,56.9,0,0,1,44,42,845,0,0,0,0,0,0,0,10.8,12,190,1,39,39,19,39,19,39,39,38,39,-851583,8,4.863,0.015,14.058,35,0,32,0,0,35,1,1,0,0,0,1,0,0,0
21:50:56.725,1402.4,37,308,70.8,20.2,0,57.9,56.7,0,0,1,44,42,845,0,0,0,0,0,0,0,18.2,12,190,1,39,39,19,38,19,39,39,38,39,-851583,8,4.863,0.015,14.058,35,0,32,0,0,35,1,1,0,0,0,1,0,0,0
21:50:56.825,1362.9,36.1,307,78.1,22,0,57.9,56.8,0,0,1,44,42,845,0,0,0,0,0,0,0,19.5,12,190,1,39,39,19,37,19,39,39,38,39,-851583,8,4.863,0.015,14.051,35,0,32,0,0,35,1,1,0,0,0,1,0,0,0
21:50:56.925,1400.6,42.8,302,148.3,44.6,0,57.9,56.7,0,0,1,44,41,845,0,0,0,0,0,0,0,41.8,12,190,1,39,39,19,38,19,39,39,38,39,-851583,8,4.863,0.015,14.058,35,0,32,0,0,35,1,1,0,0,0,1,0,0,0
21:50:57.025,1407.1,39.4,302,136.8,41,0,57.9,56.6,0,0,1,44,42,845,0,0,0,0,0,0,0,37.1,12,190,1,39,39,19,19,19,39,39,38,39,-851583,8,4.863,0.015,14.058,35,0,32,0,0,35,1,1,0,0,0,1,0,0,0
21:50:57.125,1407.6,35,307,75.7,22.6,0,57.9,56.9,0,0,1,44,42,845,0,0,0,0,0,0,0,20.8,12,190,1,39,39,19,38,19,39,39,38,39,-851583,8,4.863,0.015,14.058,35,0,32,0,0,35,1,1,0,0,0,1,0,0,0
21:50:57.225,1366.6,29.4,312,8.6,2.6,0,57.9,56.9,0,0,1,44,42,845,0,0,0,0,0,0,0,2.8,12,190,1,39,39,19,38,19,39,38,38,39,-851583,8,4.863,0.015,14.058,35,0,32,0,0,35,1,1,0,0,0,1,0,0,0
21:50:57.325,1386.2,34.8,312,18.6,5.3,0,57.9,56.9,0,0,1,44,42,845,0,0,0,0,0,0,0,4.8,12,190,1,39,39,19,37,19,39,39,38,39,-851583,8,4.863,0.015,14.058,35,0,32,0,0,35,1,1,0,0,0,1,0,0,0
21:50:57.425,1452.1,43.3,300,159,45.3,0,57.9,56.7,0,0,1,44,42,845,0,0,0,0,0,0,0,42.7,12,190,1,39,39,19,37,19,39,39,38,39,-851583,8,4.863,0.015,14.058,35,0,32,0,0,35,1,1,0,0,0,1,0,0,0
21:50:57.525,1457.9,40.8,302,138.5,41.3,0,57.9,56.9,0,0,1,44,41,845,0,0,0,0,0,0,0,39.9,12,190,1,39,39,19,38,19,39,38,38,39,-851583,8,4.863,0.015,14.058,35,0,32,0,0,35,1,1,0,0,0,1,0,0,0
21:50:57.625,1499,42.9,302,140.1,40.9,0,57.9,56.8,0,0,1,44,42,845,0,0,0,0,0,0,0,39.5,12,190,1,39,39,19,38,19,39,39,38,39,-851583,8,4.863,0.015,14.058,35,0,32,0,0,35,1,1,0,0,0,1,0,0,0
21:50:57.725,1521.7,41.3,303,126.7,41.4,0,57.9,56.9,0,0,1,44,42,845,0,0,0,0,0,0,0,38,12,190,1,39,39,19,37,19,39,39,38,39,-851583,8,4.863,0.015,14.051,35,0,32,0,0,35,1,1,0,0,0,1,0,0,0
21:50:57.825,1541.3,39.9,306,86.7,27.3,0,57.9,56.9,0,0,1,44,42,845,0,0,0,0,0,0,0,24,11,190,1,39,39,19,38,19,39,39,38,39,-851583,8,4.863,0.015,14.058,35,0,32,0,0,35,1,1,0,0,0,1,0,0,0
21:50:57.925,1547.9,37.8,309,54.3,18.2,0,57.9,56.9,0,0,1,44,42,0,0,0,0,0,0,0,0,15.5,11,190,1,39,39,19,37,19,39,39,38,39,-851583,8,4.863,0.015,14.051,35,0,32,0,0,35,1,1,0,0,0,1,0,0,0
21:50:58.025,1559.3,45.9,304,117.2,33.5,0,57.9,56.9,0,0,1,44,42,0,0,0,0,0,0,0,0,37.8,11,190,1,39,39,19,39,19,39,39,38,39,-851583,8,4.863,0.015,14.058,35,0,32,0,0,35,1,1,0,0,0,1,0,0,0
21:50:58.125,1647.9,51.7,295,230.8,62.7,0,57.9,56.8,0,0,1,44,42,0,0,0,0,0,0,0,0,67.9,11,190,1,39,39,19,39,19,39,39,38,39,-851583,8,4.863,0.015,14.051,35,0,32,0,0,35,1,1,0,0,0,1,0,0,0
21:50:58.225,1694.5,51.3,294,218.2,64.7,0,57.9,56.9,0,0,1,44,42,0,0,0,0,0,0,0,0,68.1,11,190,1,39,39,19,39,19,39,38,38,39,-851583,8,4.863,0.015,14.051,35,0,32,0,0,35,1,1,0,0,0,1,0,0,0
21:50:58.325,1737.7,52.2,295,196,61.1,0,57.9,56.8,0,0,1,44,42,0,0,0,0,0,0,0,0,64.9,11,190,1,39,39,19,39,19,39,39,38,39,-851583,8,4.863,0.015,14.051,35,0,32,0,0,35,1,1,0,0,0,1,0,0,0
21:50:58.425,1757.2,51,295,184.9,57.5,0,57.9,56.8,0,0,1,44,41,0,0,0,0,0,0,0,0,60.8,11,190,1,39,39,19,38,19,39,39,38,39,-851583,8,4.863,0.015,14.058,35,0,32,0,0,35,1,1,0,0,0,1,0,0,0
21:50:58.525,1780.4,49.5,295,158.8,50.8,0,57.9,56.9,0,0,1,44,41,0,0,0,0,0,0,0,0,54,11,190,1,39,39,19,39,19,39,39,38,39,-851583,8,4.863,0.015,14.051,35,0,32,0,0,35,1,1,0,0,0,1,0,0,0
21:50:58.625,1795,49.8,300,144,50.8,0,57.9,56.9,0,0,1,46,41,0,0,0,0,0,0,0,0,47,11,190,1,39,39,19,38,19,39,39,38,39,-851583,8,4.863,0.015,14.058,35,0,32,0,0,35,1,1,0,0,0,1,0,0,0
21:50:58.725,1794.7,47.9,298,136.4,45.5,0,58,56.9,0,0,1,46,42,0,0,0,0,0,0,0,0,45.5,11,190,1,39,39,19,38,19,39,38,38,39,-851583,8,4.863,0.015,14.051,35,0,32,0,0,35,1,1,0,0,0,1,0,0,0
21:50:58.825,1786.6,46.4,301,108.6,39,0,58.9,56.9,0,0,1,46,41,7,0,0,0,0,0,0,0,34.1,11,190,1,39,39,19,38,19,39,39,38,39,-851583,8,4.863,0.015,14.051,35,0,32,0,0,35,1,1,0,0,0,1,0,0,0
21:50:58.925,1771.7,46.5,302,105.6,37.1,0,58.9,56.9,0,0,1,46,43,7,0,0,0,0,0,0,0,36.1,11,190,1,39,39,19,38,19,39,38,38,39,-851583,8,4.863,0.015,14.051,35,0,32,0,0,35,1,1,0,0,0,1,0,0,0
21:50:59.025,1738.3,44.9,304,104.2,37.7,0,58.9,56.9,0,0,1,45,43,7,0,0,0,0,0,0,0,33.5,11,190,1,39,39,19,38,19,39,38,38,39,-851583,8,4.863,0.015,14.051,35,0,32,0,0,35,1,1,0,0,0,1,0,0,0
21:50:59.125,1704.1,43.7,305,73.5,24.3,0,58.9,56.9,0,0,1,45,43,7,0,0,0,0,0,0,0,23.1,11,190,1,39,39,19,38,19,39,38,38,39,-851583,8,4.863,0.015,14.051,35,0,32,0,0,35,1,1,0,0,0,1,0,0,0
21:50:59.225,1687.3,43.5,304,84.6,27.6,0,58.9,56.9,0,0,1,46,42,7,0,0,0,0,0,0,0,24.8,12,190,1,39,39,19,38,19,39,38,38,39,-851583,8,4.863,0.015,14.051,35,0,32,0,0,35,1,1,0,0,0,1,0,0,0
21:50:59.325,1671.5,41.9,307,68.3,23.5,0,58.9,56.9,0,0,1,45,42,7,0,0,0,0,0,0,0,22.6,12,190,1,39,39,19,39,19,39,38,38,39,-851583,8,4.863,0.015,14.051,35,0,32,0,0,35,1,1,0,0,0,1,0,0,0
21:50:59.425,1643.8,39.6,307,54.9,18.4,0,58.9,56.9,0,0,1,45,42,7,0,0,0,0,0,0,0,14.1,12,190,1,39,39,19,38,19,39,38,38,39,-851583,8,4.863,0.015,14.051,35,0,32,0,0,35,1,1,0,0,0,1,0,0,0
21:50:59.525,1595.1,38.4,309,29.3,8.7,0,58.9,56.9,0,0,1,45,43,7,0,0,0,0,0,0,0,8.3,12,190,1,39,39,19,38,19,39,38,38,39,-851583,8,4.863,0.015,14.051,35,0,32,0,0,35,1,1,0,0,0,1,0,0,0
21:50:59.625,1538.2,37.5,310,29,9.3,0,58.9,56.9,0,0,1,45,43,7,0,0,0,0,0,0,0,9.7,12,190,1,39,39,19,38,19,39,39,38,39,-851583,8,4.863,0.015,14.051,35,0,32,0,0,35,1,1,0,0,0,1,0,0,0
21:50:59.725,1507.7,37.3,310,32.4,10.2,0,58.9,56.9,0,0,1,45,42,7,0,0,0,0,0,0,0,9.1,12,190,1,39,39,19,39,19,39,39,38,39,-851583,8,4.863,0.015,14.044,35,0,32,0,0,35,1,1,0,0,0,1,0,0,0
21:50:59.825,1477.8,36.3,311,30.6,9.7,0,58.9,56.9,0,0,1,45,42,7,0,0,0,0,0,0,0,8.7,12,190,1,39,39,19,39,19,39,39,38,39,-851583,8,4.863,0.015,14.044,35,0,32,0,0,35,1,1,0,0,0,1,0,0,0
21:50:59.925,1450.1,36,311,28.3,8,0,58.9,56.9,0,0,1,44,42,7,0,0,0,0,0,0,0,7.1,12,190,1,39,39,19,39,19,39,38,38,39,-851583,8,4.863,0.015,14.044,35,0,32,0,0,35,1,1,0,0,0,1,0,0,0
21:51:00.025,1422.2,35.2,310,35.5,10.2,0,58.9,56.9,0,0,1,44,42,7,0,0,0,0,0,0,0,8.2,12,190,1,39,39,19,39,19,39,39,38,39,-851583,8,4.863,0.015,14.051,35,0,32,0,0,35,1,1,0,0,0,1,0,0,0
21:51:00.125,1413.3,35.5,310,42.4,11.9,0,58.9,56.9,0,0,1,44,42,7,0,0,0,0,0,0,0,10.7,12,190,1,39,39,19,39,19,39,39,38,39,-851583,8,4.863,0.015,14.051,35,0,32,0,0,35,1,1,0,0,0,1,0,0,0
21:51:00.225,1409.4,35.8,311,35,9.9,0,58.9,56.9,0,0,1,44,42,7,0,0,0,0,0,0,0,11.3,12,190,1,39,39,19,38,19,39,38,38,39,-851583,8,4.863,0.015,14.058,35,0,32,0,0,35,1,1,0,0,0,1,0,0,0
21:51:00.325,1391.5,34.7,309,40.3,11.3,0,58.9,56.9,0,0,1,45,42,0,0,0,0,0,0,0,0,10.2,12,190,1,39,39,19,38,19,39,38,38,39,-851583,8,4.863,0.015,14.051,35,0,32,0,0,35,1,1,0,0,0,1,0,0,0
21:51:00.425,1383.7,34.8,310,33.8,10,0,58.9,56.9,0,0,1,44,42,0,0,0,0,0,0,0,0,8.5,12,190,1,39,39,19,38,19,39,39,38,39,-851583,8,4.863,0.015,14.058,35,0,32,0,0,35,1,1,0,0,0,1,0,0,0
21:51:00.525,1364.6,34.4,311,31.2,7.8,0,58.9,56.9,0,0,1,45,42,0,0,0,0,0,0,0,0,7.8,12,190,1,39,39,19,39,19,39,38,38,39,-851583,8,4.863,0.015,14.058,35,0,32,0,0,35,1,1,0,0,0,1,0,0,0
21:51:00.625,1363.9,34.5,309,43.6,12.3,0,58.9,56.9,0,0,1,45,42,0,0,0,0,0,0,0,0,10.5,12,190,1,39,39,19,38,19,39,38,38,39,-851583,8,4.863,0.015,14.058,35,0,32,0,0,35,1,1,0,0,0,1,0,0,0
21:51:00.725,1348.6,34,311,34.4,10,0,58.9,56.9,0,0,1,45,42,0,0,0,0,0,0,0,0,8.1,12,190,1,39,39,19,38,19,39,38,38,39,-851583,8,4.863,0.015,14.058,35,0,32,0,0,35,1,1,0,0,0,1,0,0,0
21:51:00.825,1333.1,32.9,311,24.7,6.6,0,58.9,56.9,0,0,1,44,42,0,0,0,0,0,0,0,0,5.5,12,190,1,39,39,19,39,19,39,39,38,39,-851583,8,4.863,0.015,14.058,35,0,32,0,0,35,1,1,0,0,0,1,0,0,0
21:51:00.925,1378,40,307,98.8,25.6,0,58.9,56.9,0,0,1,44,42,0,0,0,0,0,0,0,0,26.2,12,190,1,39,39,19,39,19,39,39,38,39,-851583,8,4.863,0.015,14.058,35,0,32,0,0,35,1,1,0,0,0,1,0,0,0
21:51:01.025,1365.6,39,301,151.1,40.9,0,58.9,57,0,0,1,44,42,0,0,0,0,0,0,0,0,38.6,12,190,1,39,39,19,39,19,39,39,38,39,-851583,8,4.863,0.015,14.058,35,0,32,0,0,35,1,1,0,0,0,1,0,0,0
21:51:01.125,1397.4,40.9,304,130.8,39.2,0,58.9,57,0,0,1,44,42,0,0,0,0,0,0,0,0,36.1,12,190,1,39,39,19,39,19,39,39,38,39,-851583,8,4.863,0.015,14.058,35,0,32,0,0,35,1,1,0,0,0,1,0,0,0
21:51:01.225,1456,42.4,301,152.7,44.2,0,58.9,57.1,0,0,1,45,42,0,0,0,0,0,0,0,0,43.8,11,190,1,39,39,19,39,19,39,39,38,39,-851583,8,4.863,0.015,14.058,35,0,32,0,0,35,1,1,0,0,0,1,0,0,0
21:51:01.325,1477.2,41.7,301,151.6,44.3,0,58.9,57,0,0,1,44,42,0,0,0,0,0,0,0,0,40.8,11,190,1,39,39,19,39,19,39,38,38,39,-851583,8,4.863,0.015,14.058,35,0,32,0,0,35,1,1,0,0,0,1,0,0,0
21:51:01.425,1453.9,40.1,301,151.2,43.7,0,58.9,57.1,0,0,1,44,41,0,0,0,0,0,0,0,0,39.1,11,190,1,39,39,19,39,19,39,38,38,39,-851583,8,4.863,0.015,14.058,35,0,32,0,0,35,1,1,0,0,0,1,0,0,0
21:51:01.525,1416.5,38.6,302,124,36.9,0,58.9,57,0,0,1,44,42,0,0,0,0,0,0,0,0,33.7,11,190,1,39,39,19,38,19,39,38,38,39,-851583,8,4.863,0.015,14.051,35,0,32,0,0,35,1,1,0,0,0,1,0,0,0
21:51:01.625,1432.5,41.1,302,142,42.4,0,58.9,57,0,0,1,44,42,0,0,0,0,0,0,0,0,39.1,11,190,1,39,39,19,38,19,39,39,38,39,-851583,8,4.863,0.015,14.058,35,0,32,0,0,35,1,1,0,0,0,1,0,0,0
21:51:01.725,1451.7,42.6,303,125.4,35.7,0,58.9,57.1,0,0,1,44,41,0,0,0,0,0,0,0,0,35.6,11,190,1,39,39,19,39,19,39,38,38,39,-851583,8,4.863,0.015,14.058,35,0,32,0,0,35,1,1,0,0,0,1,0,0,0
21:51:01.825,1469,41.3,301,135.9,42.7,0,58.9,57,0,0,1,44,42,0,0,0,0,0,0,0,0,39.7,11,190,1,39,39,19,39,19,39,38,38,39,-851583,8,4.863,0.015,14.058,35,0,32,0,0,35,1,1,0,0,0,1,0,0,0
21:51:01.925,1482.7,41.5,304,119,36,0,58.9,57.1,0,0,1,44,42,0,0,0,0,0,0,0,0,33.9,11,190,1,39,39,19,39,19,39,39,38,39,-851583,8,4.863,0.015,14.058,35,0,32,0,0,35,1,1,0,0,0,1,0,0,0
21:51:02.025,1509.3,41.5,303,120.1,36.4,0,58.9,57,0,0,1,44,42,0,0,0,0,0,0,0,0,36.7,11,190,1,39,39,19,38,19,39,39,38,39,-851583,8,4.863,0.015,14.065,35,0,32,0,0,35,1,1,0,0,0,1,0,0,0
21:51:02.125,1520.5,39.7,306,88.5,26.9,0,58.9,57,0,0,1,44,41,0,0,0,0,0,0,0,0,26,11,190,1,39,39,19,38,19,39,39,38,39,-851583,8,4.863,0.015,14.058,35,0,32,0,0,35,1,1,0,0,0,1,0,0,0
21:51:02.225,1522.8,39.2,307,66.5,21,0,58.9,57,0,0,1,44,42,0,0,0,0,0,0,0,0,21.2,11,190,1,39,39,19,39,19,39,39,38,39,-851583,8,4.863,0.015,14.065,35,0,32,0,0,35,1,1,0,0,0,1,0,0,0
21:51:02.325,1529.5,40,307,74.3,23.1,0,58.9,57,0,0,1,44,41,0,0,0,0,0,0,0,0,22.5,11,190,1,39,39,19,38,19,39,39,38,39,-851583,8,4.863,0.015,14.058,35,0,32,0,0,35,1,1,0,0,0,1,0,0,0
21:51:02.425,1530.2,39.7,305,78.1,24.8,0,58.9,57,0,0,1,44,42,0,0,0,0,0,0,0,0,22.3,11,190,1,39,39,19,39,19,39,39,38,39,-851583,8,4.863,0.015,14.065,35,0,32,0,0,35,1,1,0,0,0,1,0,0,0
21:51:02.525,1520.7,39.2,307,80,25.2,0,59.3,57.2,0,0,1,44,41,0,0,0,0,0,0,0,0,23.7,12,190,1,39,39,19,38,19,39,39,38,39,-851583,8,4.863,0.015,14.058,35,0,32,0,0,35,1,1,0,0,0,1,0,0,0
21:51:02.625,1507.9,36.8,309,54.8,17.1,0,59.9,57.2,0,0,1,46,42,0,0,0,0,0,0,0,0,13.4,12,190,1,39,39,19,39,19,39,39,38,39,-851583,8,4.863,0.015,14.058,35,0,32,0,0,35,1,1,0,0,0,1,0,0,0
21:51:02.725,1493.1,37.7,308,58.8,18,0,59.9,57.2,0,0,1,46,42,0,0,0,0,0,0,0,0,16.7,12,190,1,39,39,19,39,19,39,38,38,39,-851583,8,4.863,0.015,14.058,35,0,32,0,0,35,1,1,0,0,0,1,0,0,0
21:51:02.825,1469.9,37.2,309,51.9,15.8,0,59.9,57.1,0,0,1,46,43,0,0,0,0,0,0,0,0,14.3,12,190,1,39,39,19,37,19,39,39,38,39,-851583,8,4.863,0.015,14.058,35,0,32,0,0,35,1,1,0,0,0,1,0,0,0
21:51:02.925,1434.8,35.2,311,29.1,8.4,0,59.9,57,0,0,1,46,43,0,0,0,0,0,0,0,0,8,12,190,1,39,39,19,38,19,39,39,38,39,-851583,8,4.863,0.015,14.058,35,0,32,0,0,35,1,1,0,0,0,1,0,0,0
21:51:03.025,1394.5,33.4,311,22.7,5.6,0,59.9,57,0,0,1,45,42,0,0,0,0,0,0,0,0,4.3,12,190,1,39,39,19,19,19,39,38,38,39,-851583,8,4.863,0.015,14.058,35,0,32,0,0,35,1,1,0,0,0,1,0,0,0
21:51:03.125,1367,33.8,311,30.2,8.2,0,59.9,57.2,0,0,1,45,42,0,0,0,0,0,0,0,0,7.9,12,190,1,39,39,19,38,19,39,39,38,39,-851583,8,4.863,0.015,14.058,35,0,32,0,0,35,1,1,0,0,0,1,0,0,0
21:51:03.225,1332.9,33.7,310,33,8.2,0,59.9,57.2,0,0,1,45,42,0,0,0,0,0,0,0,0,6.9,12,190,1,39,39,19,38,19,39,39,38,39,-851583,8,4.863,0.015,14.058,35,0,32,0,0,35,1,1,0,0,0,1,0,0,0
21:51:03.325,1275.1,30.9,312,10.8,2.1,0,59.9,57.2,0,0,1,45,42,0,0,0,0,0,0,0,0,2.2,12,190,1,39,39,19,37,19,39,39,38,39,-851583,8,4.863,0.015,14.058,35,0,32,0,0,35,1,1,0,0,0,1,0,0,0
21:51:03.425,1225.7,30.6,312,19.9,4.7,0,59.9,57.3,0,0,1,44,42,504,0,0,0,0,0,0,0,5.1,12,190,1,39,39,19,37,19,39,39,38,39,-851583,8,4.863,0.015,14.058,35,0,32,0,0,35,1,1,0,0,0,1,0,0,0
21:51:03.525,1210.1,32.4,308,63.6,14.5,0,59.9,57.3,0,0,1,45,42,504,0,0,0,0,0,0,0,14.9,12,190,1,39,39,19,38,19,39,39,38,39,-851583,8,4.863,0.015,14.058,35,0,32,0,0,35,1,1,0,0,0,1,0,0,0
21:51:03.625,1180.7,34.7,305,128.5,31.4,0,59.9,57.3,0,0,1,45,42,504,0,0,0,0,0,0,0,29,12,190,1,39,39,19,38,19,39,39,38,39,-851583,8,4.863,0.015,14.058,35,0,32,0,0,35,1,1,0,0,0,1,0,0,0
21:51:03.725,1154.3,32.5,306,104,25.7,0,59.9,57.4,0,0,1,44,42,504,0,0,0,0,0,0,0,23.5,12,190,1,39,39,19,37,19,39,38,38,39,-851583,8,4.863,0.015,14.058,35,0,32,0,0,35,1,1,0,0,0,1,0,0,0
21:51:03.825,1146.8,32.6,305,116.1,27.8,0,59.9,57.4,0,0,1,44,41,504,0,0,0,0,0,0,0,24.9,12,190,1,39,39,19,38,19,39,39,38,39,-851583,8,4.863,0.015,14.058,35,0,32,0,0,35,1,1,0,0,0,1,0,0,0
21:51:03.925,1128.5,32,305,117.7,29.4,0,59.9,57.4,0,0,1,44,42,504,0,0,0,0,0,0,0,25.9,12,190,1,39,39,19,38,19,39,39,38,39,-851583,8,4.863,0.015,14.058,35,0,32,0,0,35,1,1,0,0,0,1,0,0,0
21:51:04.025,1123.9,33.7,305,145,34.2,0,59.9,57.4,0,0,1,44,42,504,0,0,0,0,0,0,0,32.4,12,190,1,39,39,19,39,19,39,39,38,39,-851583,8,4.863,0.015,14.058,35,0,32,0,0,35,1,1,0,0,0,1,0,0,0
21:51:04.125,1128.8,34.9,302,170.4,39.9,0,59.9,57.4,0,0,1,44,42,504,0,0,0,0,0,0,0,37.6,12,190,1,39,39,19,39,19,39,39,38,39,-851583,8,4.863,0.015,14.058,35,0,32,0,0,35,1,1,0,0,0,1,0,0,0
21:51:04.225,1142.1,36.3,299,210.4,49,0,59.9,57.4,0,0,1,44,42,504,0,0,0,0,0,0,0,45,12,190,1,39,39,19,39,19,39,38,38,39,-851583,8,4.863,0.015,14.058,35,0,32,0,0,35,1,1,0,0,0,1,0,0,0
21:51:04.325,1166.6,36.9,299,221.5,51.4,0,59.9,57.5,0,0,1,44,42,504,0,0,0,0,0,0,0,50.6,12,190,1,39,39,19,39,19,39,39,38,39,-851583,8,4.863,0.015,14.058,35,0,32,0,0,35,1,1,0,0,0,1,0,0,0
21:51:04.425,1190.7,37.9,298,217.7,52.4,0,59.9,57.6,0,0,1,44,42,504,0,0,0,0,0,0,0,50.6,12,190,1,39,39,19,38,19,39,38,38,39,-851583,8,4.863,0.015,14.058,35,0,32,0,0,35,1,1,0,0,0,1,0,0,0
21:51:04.525,1212,38.6,299,210.4,54.1,0,59.9,57.6,0,0,1,44,42,504,0,0,0,0,0,0,0,49.7,12,190,1,39,39,19,39,19,39,38,38,39,-851583,8,4.863,0.015,14.058,35,0,32,0,0,35,1,1,0,0,0,1,0,0,0
21:51:04.625,1247.4,40.3,298,225.3,60.4,0,59.9,57.5,0,0,1,44,42,504,0,0,0,0,0,0,0,53.2,12,190,1,39,39,19,38,19,39,38,38,39,-851583,8,4.863,0.015,14.058,35,0,32,0,0,35,1,1,0,0,0,1,0,0,0
21:51:04.725,1284.2,41.6,298,222.8,56,0,59.9,57.5,0,0,1,44,41,504,0,0,0,0,0,0,0,54.2,11,190,1,39,39,19,38,19,39,38,38,39,-851583,8,4.863,0.015,14.058,35,0,32,0,0,35,1,1,0,0,0,1,0,0,0
21:51:04.825,1317.9,42.1,295,224.8,59.9,0,59.9,57.6,0,0,1,44,41,504,0,0,0,0,0,0,0,57.2,11,190,1,39,39,19,39,19,39,38,38,39,-851583,8,4.863,0.015,14.065,35,0,32,0,0,35,1,1,0,0,0,1,0,0,0
21:51:04.925,1344.7,41.7,299,203.1,53.1,0,59.9,57.6,0,0,1,44,41,3,0,0,0,0,0,0,0,51.4,11,190,1,39,39,19,38,19,39,38,38,39,-851583,8,4.863,0.015,14.058,35,0,32,0,0,35,1,1,0,0,0,1,0,0,0
21:51:05.025,1370.9,39.6,299,163.7,46.2,0,60.9,57.6,0,0,1,44,41,3,0,0,0,0,0,0,0,41.6,11,190,1,39,39,19,38,19,39,38,38,39,-851583,8,4.863,0.015,14.065,35,0,32,0,0,51,1,1,0,0,1,1,0,0,0
21:51:05.125,1398.3,40.4,302,140.2,42.1,0,60.9,57.7,0,0,1,44,42,3,0,0,0,0,0,0,0,40.1,11,190,1,39,39,19,38,19,39,39,38,39,-851583,8,4.863,0.015,14.058,35,0,32,0,0,51,1,1,0,0,1,1,0,0,0
21:51:05.225,1432.2,43.8,299,170.8,50,0,60.9,57.6,0,0,1,44,42,3,0,0,0,0,0,0,0,48,11,190,1,39,39,19,38,19,39,39,38,39,-851583,8,4.863,0.015,14.058,35,0,32,0,0,51,1,1,0,0,1,1,0,0,0
21:51:05.325,1460.7,43.8,299,179,50.6,0,60.9,57.7,0,0,1,44,42,3,0,0,0,0,0,0,0,50.2,11,190,1,39,39,19,39,19,39,39,38,39,-851583,8,4.863,0.015,14.058,35,0,32,0,0,51,1,1,0,0,1,1,0,0,0
21:51:05.425,1494.3,44.6,298,177.4,48.2,0,60.9,57.8,0,0,1,44,41,3,0,0,0,0,0,0,0,49.5,11,190,1,39,39,19,38,19,39,38,38,39,-851583,8,4.863,0.015,14.065,35,0,32,0,0,51,1,1,0,0,1,1,0,0,0
21:51:05.525,1526.9,41.4,301,132.8,40.9,0,60.9,57.9,0,0,1,44,41,3,0,0,0,0,0,0,0,38.4,11,190,1,39,39,19,38,19,39,39,38,39,-851583,8,4.863,0.015,14.065,35,0,32,0,0,51,1,1,0,0,1,1,0,0,0
21:51:05.625,1542.4,38.2,306,65.3,22.8,0,60.9,57.9,0,0,1,44,42,3,0,0,0,0,0,0,0,23.5,11,190,1,39,39,19,38,19,39,39,38,39,-851583,8,4.863,0.015,14.065,35,0,32,0,0,51,1,1,0,0,1,1,0,0,0
21:51:05.725,1547,39.7,307,61.7,19.8,0,60.9,58,0,0,1,44,42,3,0,0,0,0,0,0,0,18.8,11,190,1,39,39,19,39,19,39,38,38,39,-851583,8,4.863,0.015,14.058,35,0,32,0,0,51,1,1,0,0,1,1,0,0,0
21:51:05.825,1545.6,40.6,306,78.7,26,0,60.9,58,0,0,1,47,42,3,0,0,0,0,0,0,0,23.8,12,190,1,39,39,19,39,19,39,38,38,39,-851583,8,4.863,0.015,14.065,35,0,32,0,0,51,1,1,0,0,1,1,0,0,0
21:51:05.925,1569.2,45.7,299,153.4,47.8,0,60.9,57.8,0,0,1,47,42,3,0,0,0,0,0,0,0,44.8,12,190,1,39,39,19,39,19,39,39,38,39,-851583,8,4.863,0.015,14.058,35,0,32,0,0,51,1,1,0,0,1,1,0,0,0
21:51:06.025,1580.1,46.6,298,159.6,50,0,60.9,57.7,0,0,1,46,42,3,0,0,0,0,0,0,0,46.3,12,190,1,39,39,19,39,19,39,38,38,39,-851583,8,4.863,0.015,14.065,35,0,32,0,0,51,1,1,0,0,1,1,0,0,0
21:51:06.125,1616.5,47.9,297,174.3,59.1,0,60.9,57.9,0,0,1,46,43,3,0,0,0,0,0,0,0,57,11,190,1,39,39,19,39,19,39,38,38,39,-851583,8,4.863,0.015,14.065,35,0,32,0,0,51,1,1,0,0,1,1,0,0,0
21:51:06.225,1677.1,49.4,297,158,49.4,0,61.3,57.9,0,0,1,46,43,3,0,0,0,0,0,0,0,52.3,11,190,1,39,39,19,38,19,39,38,38,39,-851583,8,4.863,0.015,14.058,35,0,32,0,0,51,1,1,0,0,1,1,0,0,0
21:51:06.325,1725.1,50.6,297,164.9,57.2,0,61.9,57.9,0,0,1,45,42,3,0,0,0,0,0,0,0,56.8,11,190,1,39,39,19,38,19,39,39,38,39,-851583,8,4.863,0.015,14.058,35,0,32,0,0,51,1,1,0,0,1,1,0,0,0
21:51:06.425,1734.9,51.1,294,195.6,59.8,0,61.9,57.9,0,0,1,45,41,0,0,0,0,0,0,0,0,60.2,11,190,1,39,39,19,38,19,39,39,38,39,-851583,8,4.863,0.015,14.058,35,0,32,0,0,51,1,1,0,0,1,1,0,0,0
21:51:06.525,1753.1,51.6,293,202.8,68.7,0,61.9,57.9,0,0,1,45,42,0,0,0,0,0,0,0,0,67.3,11,190,1,39,39,19,39,19,39,39,38,39,-851583,8,4.863,0.015,14.051,35,0,32,0,0,51,1,1,0,0,1,1,0,0,0
21:51:06.625,1740.8,53,293,214,68.9,0,61.9,58,0,0,1,45,42,0,0,0,0,0,0,0,0,72.2,11,190,1,39,39,19,38,19,39,39,38,39,-851583,8,4.863,0.015,14.051,35,0,32,0,0,51,1,1,0,0,1,1,0,0,0
21:51:06.725,1729.7,52.8,292,222.7,69.5,0,61.9,57.9,0,0,1,45,42,0,0,0,0,0,0,0,0,70,11,190,1,39,39,19,38,19,39,39,38,39,-851583,8,4.863,0.015,14.051,35,0,32,0,0,51,1,1,0,0,1,1,0,0,0
21:51:06.825,1688,51.2,292,232.5,72.1,0,61.9,58,0,0,1,45,42,0,0,0,0,0,0,0,0,70,11,190,1,39,39,19,39,19,39,38,38,39,-851583,8,4.863,0.015,14.058,35,0,32,0,0,51,1,1,0,0,1,1,0,0,0
21:51:06.925,1653.5,52.2,292,231.5,65.4,0,61.9,58,0,0,1,45,42,0,0,0,0,0,0,0,0,70.5,11,190,1,39,39,19,39,19,39,38,38,39,-851583,8,4.863,0.015,14.058,35,0,32,0,0,51,1,1,0,0,1,1,0,0,0
21:51:07.025,1703.5,57.1,290,264.1,86.6,0,61.9,58,0,0,1,44,42,0,0,0,0,0,0,0,0,83.7,11,190,1,39,39,19,39,19,39,38,38,39,-851583,8,4.863,0.015,14.058,35,0,32,0,0,51,1,1,0,0,1,1,0,0,0
21:51:07.125,1741.4,55.2,286,321,85.6,0,61.9,58.1,0,0,1,45,42,0,0,0,0,0,0,0,0,88.2,11,190,1,39,39,19,39,19,39,39,38,39,-851583,8,4.863,0.015,14.051,35,0,32,0,0,51,1,1,0,0,1,1,0,0,0
21:51:07.225,1629.9,50.8,288,241.6,69.6,0,61.9,58.1,0,0,1,45,42,0,0,0,0,0,0,0,0,76.4,11,190,1,39,39,19,39,19,39,38,38,39,-851583,8,4.863,0.015,14.058,35,0,32,0,0,51,1,1,0,0,1,1,0,0,0
21:51:07.325,1639.5,53.6,288,275.6,75.1,0,61.9,58.1,0,0,1,44,42,0,0,0,0,0,0,0,0,81.8,11,190,1,39,39,19,39,19,39,38,38,39,-851583,8,4.863,0.015,14.058,35,0,32,0,0,51,1,1,0,0,1,1,0,0,0
21:51:07.425,1665.8,53,287,292.6,79.7,0,62.9,58.2,0,0,1,44,42,0,0,0,0,0,0,0,0,84.1,11,190,1,39,39,19,39,19,39,39,38,39,-851583,8,4.863,0.015,14.058,35,0,32,0,0,51,1,1,0,0,1,1,0,0,0
21:51:07.525,1594.7,52.4,290,281.2,73.9,0,62.9,58.2,0,0,1,44,42,0,0,0,0,0,0,0,0,79.7,11,190,1,39,39,19,38,19,39,39,38,39,-851583,8,4.863,0.015,14.051,35,0,32,0,0,51,1,1,0,0,1,1,0,0,0
21:51:07.625,1531.7,48.7,287,314.2,88.8,0,62.9,58.4,0,0,1,44,42,0,0,0,0,0,0,0,0,83.7,11,190,1,39,39,19,38,19,39,39,38,39,-851583,8,4.863,0.015,14.058,35,0,32,0,0,51,1,1,0,0,1,1,0,0,0
21:51:07.725,1379.9,44.9,290,307.5,79.3,0,62.9,58.3,0,0,1,44,42,0,0,0,0,0,0,0,0,72,11,190,1,39,39,19,39,19,39,39,38,39,-851583,8,4.863,0.015,14.051,35,0,32,0,0,51,1,1,0,0,1,1,0,0,0
21:51:07.825,1333,44.7,288,339.8,87.3,0,62.9,58.3,0,0,1,44,42,0,0,0,0,0,0,0,0,79.7,11,190,1,39,39,19,39,19,39,39,38,39,-851583,8,4.863,0.015,14.058,35,0,32,0,0,51,1,1,0,0,1,1,0,0,0
21:51:07.925,1255.5,43.4,291,333.1,80.7,0,62.9,58.4,0,0,1,44,42,0,0,0,0,0,0,0,0,71.5,11,190,1,39,39,19,39,19,39,39,38,39,-851583,8,4.863,0.015,14.058,35,0,32,0,0,51,1,1,0,0,1,1,0,0,0
21:51:08.025,1185,41.3,293,350.1,79.9,0,63.9,58.3,0,0,1,44,42,0,0,0,0,0,0,0,0,75.6,11,190,1,39,39,19,38,19,39,39,38,39,-851583,8,4.863,0.015,14.058,35,0,32,0,0,51,1,1,0,0,1,1,0,0,0
21:51:08.125,1108,36.9,290,343.5,78.2,0,63.9,58.3,0,0,1,44,41,0,0,0,0,0,0,0,0,66.6,11,190,1,39,39,19,38,19,39,39,38,39,-851583,8,4.863,0.015,14.058,35,0,32,0,0,51,1,1,0,0,1,1,0,0,0
21:51:08.225,879,29.6,297,313.6,55.8,0,63.9,58.4,0,0,1,44,41,0,0,0,0,0,0,0,0,50.8,11,190,1,39,39,19,39,19,39,38,38,39,-851583,8,4.863,0.015,14.058,35,0,32,0,0,51,1,1,0,0,1,1,0,0,0
21:51:08.325,698.3,24.1,300,333.7,50.2,0,63.9,58.4,0,0,1,44,41,0,0,0,0,0,0,0,0,45,11,190,1,39,39,19,38,19,39,39,38,39,-851583,8,4.863,0.015,14.058,35,0,32,0,0,51,1,1,0,0,1,1,0,0,0
21:51:08.425,568.8,22.8,301,335,48,0,63.9,58.4,0,0,1,44,41,0,0,0,0,0,0,0,0,41.8,11,190,1,39,39,19,39,19,39,39,38,39,-851583,8,4.863,0.015,14.058,35,0,32,0,0,51,1,1,0,0,1,1,0,0,0
21:51:08.525,447,19.7,301,345.3,43.3,0,64,58.6,0,0,1,44,41,0,0,0,0,0,0,0,0,33.5,11,190,1,39,39,19,38,19,39,39,38,39,-851583,8,4.863,0.015,14.058,35,0,32,0,0,51,1,1,0,0,1,1,0,0,0
21:51:08.625,425.3,21.4,299,304.7,48.8,0,64.9,58.7,0,0,1,44,41,0,0,0,0,0,0,0,0,38.8,11,190,1,39,39,19,39,19,39,39,38,39,-851583,8,4.863,0.015,14.058,35,0,32,0,0,51,1,1,0,0,1,1,0,0,0
21:51:08.725,452.1,22.3,301,341.2,47.4,0,64.9,58.4,0,0,1,45,41,0,0,0,0,0,0,0,0,41.2,11,190,1,39,39,19,39,19,39,39,38,39,-851583,8,4.863,0.015,14.051,36,0,32,0,0,51,1,1,0,0,1,1,0,0,0
21:51:08.825,487.7,21.5,300,346.7,50.6,0,64.9,58.5,0,0,1,44,41,0,0,0,0,0,0,0,0,36.1,11,190,1,39,39,19,37,19,39,39,38,39,-851583,8,4.863,0.015,14.058,35,0,32,0,0,51,1,1,0,0,1,1,0,0,0
21:51:08.925,532.1,23.2,299,347.7,50.3,0,64.9,58.4,0,0,1,44,41,0,0,0,0,0,0,0,0,40.3,11,190,1,39,39,19,38,19,39,39,38,39,-851583,8,4.863,0.015,14.058,35,0,32,0,0,51,1,1,0,0,1,1,0,0,0
21:51:09.025,585.7,25.8,299,316.3,57.6,0,64.9,58.5,0,0,1,44,41,0,0,0,0,0,0,0,0,47.8,11,190,1,39,39,19,19,19,39,39,38,39,-851583,8,4.863,0.015,14.058,35,0,16,0,0,51,1,1,0,0,1,1,0,0,0
21:51:09.125,637.7,27.4,298,314.2,58.1,0,64.9,58.7,0,0,1,44,41,0,0,0,0,0,0,0,0,42.7,11,190,1,39,39,19,38,19,39,39,38,39,-851583,8,4.863,0.015,14.058,35,0,16,0,0,51,1,1,0,0,1,1,0,0,0
21:51:09.225,687.9,27.5,296,339.8,56.6,0,65.9,58.6,0,0,1,44,41,0,0,0,0,0,0,0,0,53.2,11,190,1,39,39,19,38,19,39,38,38,39,-851583,8,4.863,0.015,14.058,35,0,16,0,0,51,1,1,0,0,1,1,0,0,0
21:51:09.325,744.5,30.6,297,332.5,60.4,0,65.9,58.6,0,0,1,44,41,0,0,0,0,0,0,0,0,50.8,11,190,1,39,39,19,37,19,39,39,38,39,-851583,8,4.863,0.015,14.058,35,0,16,0,0,51,1,1,0,0,1,1,0,0,0
21:51:09.425,791,31.4,296,343.4,59.6,0,65.9,58.6,0,0,1,44,41,0,0,0,0,0,0,0,0,54.9,11,190,1,39,39,19,37,19,39,39,38,39,-851583,8,4.863,0.015,14.058,35,0,16,0,0,51,1,1,0,0,1,1,0,0,0
21:51:09.525,852,32.1,293,352.6,65.9,0,65.9,58.6,0,0,1,44,41,0,0,0,0,0,0,0,0,58.1,11,190,1,39,39,19,38,19,39,39,38,39,-851583,8,4.863,0.015,14.058,35,0,16,0,0,51,1,1,0,0,1,1,0,0,0
21:51:09.625,900.6,33.6,293,330.5,71.2,0,65.9,58.5,0,0,1,46,42,0,0,0,0,0,0,0,0,61.1,11,190,1,39,39,19,38,19,39,39,38,39,-851583,8,4.863,0.015,14.058,35,0,16,0,0,51,1,1,0,0,1,1,0,0,0
21:51:09.725,961.8,35.1,294,339.6,70,0,66.5,58.6,0,0,1,46,41,0,0,0,0,0,0,0,0,65.5,11,190,1,39,39,19,37,19,39,38,38,39,-851583,8,4.863,0.015,14.051,35,0,16,0,0,51,1,1,0,0,1,1,0,0,0
21:51:09.825,1008.6,37.3,291,336.8,69.3,0,66.9,58.6,0,0,1,46,42,0,0,0,0,0,0,0,0,66.4,11,190,1,39,39,19,38,19,39,39,38,39,-851583,8,4.863,0.015,14.058,35,0,16,0,0,51,1,1,0,0,1,1,0,0,0
21:51:09.925,1065.1,38.6,291,334.6,72.9,0,66.9,58.7,0,0,1,46,42,0,0,0,0,0,0,0,0,71.1,11,190,1,39,39,19,38,19,39,38,38,39,-851583,8,4.863,0.015,14.058,35,0,16,0,0,51,1,1,0,0,1,1,0,0,0
21:51:10.025,1114.3,40.3,289,345.2,72.4,0,66.9,58.8,0,0,1,45,41,0,0,0,0,0,0,0,0,69.2,11,190,1,39,39,19,39,19,39,39,38,39,-851583,8,4.863,0.015,14.065,35,0,32,0,0,51,1,1,0,0,1,1,0,0,0
21:51:10.125,1160,41.4,290,340.3,69.6,0,66.9,58.9,0,0,1,45,42,0,0,0,0,0,0,0,0,70.2,11,190,1,39,39,19,39,19,39,38,38,39,-851583,8,4.863,0.015,14.058,35,0,32,0,0,51,1,1,0,0,1,1,0,0,0
21:51:10.225,1214.1,43.9,291,328.1,82.3,0,66.9,58.8,0,0,1,45,42,0,0,0,0,0,0,0,0,78.2,11,190,1,39,39,19,39,19,39,38,38,39,-851583,8,4.863,0.015,14.058,35,0,32,0,0,51,1,1,0,0,1,1,0,0,0
21:51:10.325,1258.3,44.9,287,327.4,77.1,0,67.5,58.9,0,0,1,45,42,0,0,0,0,0,0,0,0,74.1,11,190,1,39,39,19,39,19,39,38,38,39,-851583,8,4.863,0.015,14.058,35,0,32,0,0,51,1,1,0,0,1,1,0,0,0
21:51:10.425,1301.1,46.6,290,310.1,77.3,0,67.9,59,0,0,1,45,42,0,0,0,0,0,0,0,0,72.8,11,190,1,39,39,19,38,19,39,38,38,39,-851583,8,4.863,0.015,14.058,35,0,32,0,0,51,1,1,0,0,1,1,0,0,0
21:51:10.525,1354.6,47.5,286,333,89.7,0,67.9,59.2,0,0,1,44,43,0,0,0,0,0,0,0,0,86.1,11,190,1,39,39,19,39,19,39,38,38,39,-851583,8,4.863,0.015,14.058,35,0,32,0,0,51,1,1,0,0,1,1,0,0,0
21:51:10.625,1403.2,49.4,287,337.6,89.8,0,67.9,59.1,0,0,1,45,42,0,0,0,0,0,0,0,0,86.5,11,190,1,39,39,19,38,19,39,39,38,39,-851583,8,4.863,0.015,14.058,35,0,32,0,0,51,1,1,0,0,1,1,0,0,0
21:51:10.725,1450.7,50.9,285,322.7,83.1,0,67.9,59.2,0,0,1,44,42,0,0,0,0,0,0,0,0,86.3,11,190,1,39,39,19,38,19,39,39,38,39,-851583,8,4.863,0.015,14.058,35,0,32,0,0,51,1,1,0,0,1,1,0,0,0
21:51:10.825,1498.7,52.3,284,337.4,88.7,0,67.9,59.2,0,0,1,44,42,0,0,0,0,0,0,0,0,85.4,11,190,1,39,39,19,39,19,39,39,38,39,-851583,8,4.863,0.015,14.058,35,0,32,0,0,51,1,1,0,0,1,1,0,0,0
21:51:10.925,1426.8,33.7,310,0,0,0,68.9,59.6,4,0,1,44,43,0,0,0,0,0,0,0,0,0,11,190,1,39,39,19,38,19,39,38,38,39,-851583,8,4.863,0.015,14.078,35,0,32,0,0,51,1,1,0,0,1,1,0,0,0
21:51:11.025,1448.4,23.1,310,0,0,0,68.9,59.8,4,0,1,45,41,7,0,0,0,0,0,0,0,0,11,190,1,39,39,19,38,19,39,39,38,39,-851583,8,4.863,0.015,14.051,35,0,32,0,0,51,1,1,0,0,1,1,0,0,0
21:51:11.125,1523,57.7,294,259,68.8,0,68.9,59.4,0,0,1,44,41,7,0,0,0,0,0,0,0,78.4,11,190,1,39,39,19,38,19,39,39,38,39,-851583,8,4.863,0.015,14.085,35,0,32,0,0,51,1,1,0,0,1,1,0,0,0
21:51:11.225,1468.5,29.2,311,0,0,0,68.9,59.9,4,0,1,44,42,7,0,0,0,0,0,0,0,10.7,11,190,1,39,39,19,38,19,39,38,38,39,-851583,8,4.863,0.015,14.085,35,0,32,0,0,51,1,1,0,0,1,1,0,0,0
21:51:11.325,1376.1,32,311,0,0,0,68.9,59.9,4,0,1,44,41,7,0,0,0,0,0,0,0,0,11,190,1,39,39,19,39,19,39,38,38,39,-851583,8,4.863,0.015,14.092,35,0,32,0,0,51,1,1,0,0,1,1,0,0,0
21:51:11.425,1335.9,21.3,312,0,0,0,68.9,59.9,4,0,1,44,41,7,0,0,0,0,0,0,0,0,11,190,1,39,39,19,38,19,39,39,38,39,-851583,8,4.863,0.015,14.051,35,0,32,0,0,51,1,1,0,0,1,1,0,0,0
21:51:11.525,1440.2,52.9,292,280.8,55.9,0,68.9,59.4,0,0,1,44,41,7,0,0,0,0,0,0,0,69,11,190,1,39,39,19,38,19,39,38,38,39,-851583,8,4.863,0.015,14.092,35,0,32,0,0,51,1,1,0,0,1,1,0,0,0
21:51:11.625,1393.2,27.1,312,0,0,0,68.9,59.9,4,0,1,44,41,7,0,0,0,0,0,0,0,0,11,190,1,39,39,19,39,19,39,38,38,39,-851583,8,4.863,0.015,14.085,35,0,32,0,0,51,1,1,0,0,1,1,0,0,0
21:51:11.725,1315.9,30.4,312,0,0,0,68.9,59.9,4,0,1,44,41,7,0,0,0,0,0,0,0,0,11,190,1,39,39,19,39,19,39,39,38,39,-851583,8,4.863,0.015,14.085,35,0,32,0,0,51,1,1,0,0,1,1,0,0,0
21:51:11.825,1280.1,20.7,312,0,0,0,68.9,59.9,4,0,1,44,41,7,0,0,0,0,0,0,0,0,11,190,1,39,39,19,39,19,39,39,38,39,-851583,8,4.863,0.015,14.051,35,0,32,0,0,51,1,1,0,0,1,1,0,0,0
21:51:11.925,1388.9,53.2,294,275.7,52.4,0,68.9,59.5,0,0,1,44,42,7,0,0,0,0,0,0,0,63.8,11,190,1,39,39,19,39,19,39,39,38,39,-851583,8,4.863,0.015,14.085,35,0,32,0,0,51,1,1,0,0,1,1,0,0,0
21:51:12.025,1363.8,26.5,312,0,0,0,68.9,59.9,4,0,1,44,41,7,0,0,0,0,0,0,0,0,11,190,1,39,39,19,39,19,39,39,38,39,-851583,8,4.863,0.015,14.085,35,0,32,0,0,51,1,1,0,0,1,1,0,0,0
21:51:12.125,1275.7,30.5,312,0,0,0,68.9,59.9,4,0,1,44,41,7,0,0,0,0,0,0,0,0,11,190,1,39,39,19,39,19,39,39,38,39,-851583,8,4.863,0.015,14.085,35,0,32,0,0,51,1,1,0,0,1,1,0,0,0
21:51:12.225,1283.8,20,312,0,0,0,68.9,59.9,4,0,1,44,42,7,0,0,0,0,0,0,0,0,11,190,1,39,39,19,39,19,39,39,38,39,-851583,8,4.863,0.015,14.051,35,0,32,0,0,51,1,1,0,0,1,1,0,0,0
21:51:12.325,1324.9,46.6,298,189.7,47.8,0,68.9,59.7,0,0,1,44,41,7,0,0,0,0,0,0,0,48.9,11,190,1,39,39,19,38,19,39,39,38,39,-851583,8,4.863,0.015,14.085,35,0,32,0,0,51,1,1,0,0,1,1,0,0,0
21:51:12.425,1334.1,27.2,312,0,0,0,68.9,59.9,4,0,1,44,41,7,0,0,0,0,0,0,0,0,12,190,1,39,39,19,38,19,39,38,38,39,-851583,8,4.863,0.015,14.085,35,0,32,0,0,51,1,1,0,0,1,1,0,0,0
21:51:12.525,1182.4,28.6,312,0,0,0,68.9,59.9,4,0,1,44,41,0,0,0,0,0,0,0,0,0,12,190,1,39,39,19,39,19,39,38,38,39,-851583,8,4.863,0.015,14.071,35,0,32,0,0,51,1,1,0,0,1,1,0,0,0
21:51:12.625,1360.3,26.9,313,0,0,0,68.9,59.8,4,0,1,44,42,0,0,0,0,0,0,0,0,0.1,12,190,1,39,39,19,38,19,39,39,38,39,-851583,8,4.863,0.015,14.085,35,0,32,0,0,51,1,1,0,0,1,1,0,0,0
21:51:12.725,1294,34.1,313,43.5,14.7,0,68.9,59.9,0,0,1,44,42,0,0,0,0,0,0,0,0,14.3,12,190,1,39,39,19,38,19,39,38,38,39,-851583,8,4.863,0.015,14.085,35,0,32,0,0,51,1,1,0,0,1,1,0,0,0
21:51:12.825,1180.4,29.1,312,0,0,0,68.9,59.9,4,0,1,44,42,0,0,0,0,0,0,0,0,0,12,190,1,39,39,19,39,19,39,39,38,39,-851583,8,4.863,0.015,14.085,35,0,32,0,0,51,1,1,0,0,1,1,0,0,0
21:51:12.925,1304.1,42.6,300,181.7,47.9,0,68.9,59.9,0,0,1,44,42,0,0,0,0,0,0,0,0,45.7,12,190,1,39,39,19,39,19,39,39,38,39,-851583,8,4.863,0.015,14.051,35,0,32,0,0,51,1,1,0,0,1,1,0,0,0
21:51:13.025,1186.4,21.1,313,0,0,0,68.9,59.9,0,0,1,44,41,0,0,0,0,0,0,0,0,0,12,190,1,39,39,19,39,19,39,39,38,39,-851583,8,4.863,0.015,14.051,35,0,32,0,0,51,1,1,0,0,1,1,0,0,0
21:51:13.125,1198.4,23.6,312,0,0,0,68.9,60,0,0,1,44,41,0,0,0,0,0,0,0,0,0,12,190,1,39,39,19,39,19,39,39,38,39,-851583,8,4.863,0.015,14.085,35,0,32,0,0,51,1,1,0,0,1,1,0,0,0
21:51:13.225,1211.8,22.1,313,0,0,0,68.9,60,0,0,1,44,41,0,0,0,0,0,0,0,0,0,12,190,1,39,39,19,39,19,39,39,38,39,-851583,8,4.863,0.015,14.092,35,0,32,0,0,51,1,1,0,0,1,1,0,0,0
21:51:13.325,1160.5,22.4,313,0,0,0,68.9,60,0,0,1,47,41,0,0,0,0,0,0,0,0,0,12,190,1,39,39,19,39,19,39,39,38,39,-851583,8,4.863,0.015,14.085,35,0,32,0,0,51,1,1,0,0,1,1,0,0,0
21:51:13.425,1096.5,20.9,314,0,0,0,68.9,60,0,0,1,46,42,0,0,0,0,0,0,0,0,0,12,190,1,39,39,19,39,19,39,39,38,39,-851583,8,4.863,0.015,14.085,35,0,32,0,0,51,1,1,0,0,1,1,0,0,0
21:51:13.525,1055.7,19.8,313,0,0,0,68.9,60.2,0,0,1,46,41,0,0,0,0,0,0,0,0,0,12,190,1,39,39,19,38,19,39,39,38,39,-851583,8,4.863,0.015,14.078,35,0,32,0,0,51,1,1,0,0,1,1,0,0,0
21:51:13.625,1006,20.3,313,0,0,0,68.9,60.1,0,0,1,46,42,0,0,0,0,0,0,0,0,0,12,190,1,39,39,19,39,19,39,39,38,39,-851583,8,4.863,0.015,14.085,35,0,32,0,0,51,1,1,0,0,1,1,0,0,0
21:51:13.725,959,18.1,313,0,0,0,68.9,60.1,0,0,1,45,42,0,0,0,0,0,0,0,0,0,12,190,1,39,39,19,39,19,39,39,38,39,-851583,8,4.863,0.015,14.085,35,0,32,0,0,59,1,1,0,1,1,1,0,0,0
21:51:13.825,908.8,17.5,313,0,0,0,68.9,60.4,0,0,1,45,42,0,0,0,0,0,0,0,0,0,12,190,1,39,39,19,39,19,39,39,38,39,-851583,8,4.863,0.015,14.085,35,0,32,0,0,59,1,1,0,1,1,1,0,0,0
21:51:13.925,847.6,16.2,313,0,0,0,68.9,60.5,0,0,1,45,42,0,0,0,0,0,0,0,0,0,12,190,1,39,39,19,39,19,39,39,38,39,-851583,8,4.863,0.015,14.085,35,0,32,0,0,59,1,1,0,1,1,1,0,0,0
21:51:14.025,786.9,15.3,313,0,0,0,68.9,60.5,0,0,1,45,42,0,0,0,0,0,0,0,0,0,12,190,1,39,39,19,38,19,39,39,38,39,-851583,8,4.863,0.015,14.092,35,0,32,0,0,59,1,1,0,1,1,1,0,0,0
21:51:14.125,735.1,14.7,314,0,0,0,68.9,60.6,0,0,1,45,42,0,0,0,0,0,0,0,0,0,12,190,1,39,39,19,39,19,39,39,38,39,-851583,8,4.863,0.015,14.085,35,0,32,0,0,59,1,1,0,1,1,1,0,0,0
21:51:14.225,677.2,12.9,312,0,0,0,68.9,60.8,0,0,1,45,42,0,0,0,0,0,0,0,0,0,12,190,1,39,39,19,39,19,39,39,38,39,-851583,8,4.863,0.015,14.092,35,0,32,0,0,59,1,1,0,1,1,1,0,0,0
21:51:14.325,637.2,12.8,314,0,0,0,68.9,60.8,0,0,1,45,42,0,0,0,0,0,0,0,0,0,12,190,1,39,39,19,38,19,39,39,38,39,-851583,8,4.863,0.015,14.085,35,0,32,0,0,59,1,1,0,1,1,1,0,0,0
21:51:14.425,597,11.8,314,0,0,0,68.9,60.9,0,0,1,45,42,0,0,0,0,0,0,0,0,0,12,190,1,39,39,19,39,19,39,39,38,39,-851583,8,4.863,0.015,14.085,35,0,32,0,0,59,1,1,0,1,1,1,0,0,0
21:51:14.525,560.6,10.9,313,0,0,0,68.9,60.9,0,0,1,45,42,0,0,0,0,0,0,0,0,0,12,190,1,39,39,19,38,19,39,39,38,39,-851583,8,4.863,0.015,14.092,35,0,32,0,0,59,1,1,0,1,1,1,0,0,0
21:51:14.625,536.1,11.3,314,0,0,0,68.9,60.9,0,0,1,44,42,0,0,0,0,0,0,0,0,0,12,190,1,39,39,19,39,19,39,39,38,39,-851583,8,4.863,0.015,14.092,35,0,32,0,0,59,1,1,0,1,1,1,0,0,0
21:51:14.725,518.9,9.9,314,0,0,0,68.9,60.9,0,0,1,44,42,0,0,0,0,0,0,0,0,0,12,190,1,39,39,19,39,19,39,38,38,39,-851583,8,4.863,0.015,14.092,35,0,32,0,0,59,1,1,0,1,1,1,0,0,0
21:51:14.825,487.2,9.7,313,0,0,0,68.9,60.9,0,0,1,45,41,0,0,0,0,0,0,0,0,0,12,190,1,39,39,19,37,19,39,39,38,39,-851583,8,4.863,0.015,14.099,35,0,32,0,0,59,1,1,0,1,1,1,0,0,0
21:51:14.925,458.6,8.6,313,0,0,0,68.9,60.9,0,0,1,44,41,0,0,0,0,0,0,0,0,0,12,190,1,39,39,19,38,19,39,39,38,39,-851583,8,4.863,0.015,14.092,35,0,32,0,0,59,1,1,0,1,1,1,0,0,0
21:51:15.025,435.9,8.4,315,0,0,0,68.9,60.9,0,0,1,44,41,0,0,0,0,0,0,0,0,0,12,190,1,39,39,19,19,19,39,39,38,39,-851583,8,4.863,0.015,14.099,35,0,32,0,0,59,1,1,0,1,1,1,0,0,0
21:51:15.125,419.2,7.5,314,0,0,0,68.9,60.9,0,0,1,44,42,0,0,0,0,0,0,0,0,0,12,190,1,39,39,19,38,19,39,39,38,39,-851583,8,4.863,0.015,14.092,35,0,32,0,0,59,1,1,0,1,1,1,0,0,0
21:51:15.225,398.2,7.8,313,0,0,0,68.9,60.9,0,0,1,44,42,0,0,0,0,0,0,0,0,0,12,190,1,39,39,19,38,19,39,38,38,39,-851583,8,4.863,0.015,14.099,35,0,32,0,0,59,1,1,0,1,1,1,0,0,0
21:51:15.325,376.1,6.5,314,0,0,0,68.9,60.9,0,0,1,44,42,0,0,0,0,0,0,0,0,0,12,190,1,40,40,19,38,19,40,39,38,39,-851583,8,4.863,0.015,14.092,35,0,32,0,0,59,1,1,0,1,1,1,0,0,0
21:51:15.425,358.8,6.3,313,0,0,0,68.9,60.9,0,0,1,44,41,0,0,0,0,0,0,0,0,0,12,190,1,40,40,19,37,19,39,38,38,39,-851583,8,4.863,0.015,14.092,35,0,32,0,0,59,1,1,0,1,1,1,0,0,0
21:51:15.525,333.9,7,312,0,0,0,68.9,61,0,0,1,44,42,0,0,0,0,0,0,0,0,0,12,190,1,40,40,19,38,19,39,39,38,39,-851583,8,4.863,0.015,14.092,35,0,32,0,0,59,1,1,0,1,1,1,0,0,0
21:51:15.625,316,5.6,314,0,0,0,68.9,61,0,0,1,44,42,0,0,0,0,0,0,0,0,0,12,190,1,40,40,19,38,19,40,38,38,39,-851583,8,4.863,0.015,14.092,35,0,32,0,0,59,1,1,0,1,1,1,0,0,0
21:51:15.725,293.6,5.4,313,0,0,0,68.9,61,0,0,1,44,42,0,0,0,0,0,0,0,0,0,12,190,1,40,40,19,37,19,39,38,38,39,-851583,8,4.863,0.015,14.099,35,0,32,0,0,59,1,1,0,1,1,1,0,0,0
21:51:15.825,268.7,5.2,313,0,0,0,68.8,61,0,0,1,44,41,0,0,0,0,0,0,0,0,0,12,190,1,40,40,19,39,19,39,38,38,39,-851583,8,4.863,0.015,14.092,35,0,32,0,0,59,1,1,0,1,1,1,0,0,0
21:51:15.925,240.4,4.8,315,0,0,0,68.1,61,0,0,1,44,41,0,0,0,0,0,0,0,0,0,12,190,1,40,40,19,38,19,40,38,38,39,-851583,8,4.863,0.015,14.092,35,0,32,0,0,59,1,1,0,1,1,1,0,0,0
21:51:16.025,221.1,3.6,314,0,0,0,68,61,0,0,1,44,41,0,0,0,0,0,0,0,0,0,12,190,1,40,40,19,39,19,40,38,38,39,-851583,8,4.863,0.015,14.092,35,0,32,0,0,59,1,1,0,1,1,1,0,0,0
21:51:16.125,203.2,4.4,313,0,0,0,68,60.9,0,0,1,44,41,0,0,0,0,0,0,0,0,0,12,190,1,40,40,19,39,19,39,39,38,39,-851583,8,4.863,0.015,14.092,35,0,32,0,0,59,1,1,0,1,1,1,0,0,0
21:51:16.225,185.6,3.8,313,0,0,0,68,60.9,0,0,1,44,42,0,0,0,0,0,0,0,0,0,12,190,1,40,40,19,39,19,40,39,38,39,-851583,8,4.863,0.015,14.099,35,0,32,0,0,59,1,1,0,1,1,1,0,0,0
21:51:16.325,166.7,3,313,0,0,0,68,60.9,0,0,1,44,41,0,0,0,0,0,0,0,0,0,12,190,1,40,40,19,39,19,40,39,38,39,-851583,8,4.863,0.015,14.092,35,0,32,0,0,59,1,1,0,1,1,1,0,0,0
21:51:16.425,149.3,2.9,313,0,0,0,68,60.9,0,0,1,45,42,0,0,0,0,0,0,0,0,0,12,190,1,40,40,19,38,19,39,39,38,39,-851583,8,4.863,0.015,14.092,35,0,32,0,0,59,1,1,0,1,1,1,0,0,0
21:51:16.525,130.9,2,314,0,0,0,68,60.9,0,0,1,43,41,0,0,0,0,0,0,0,0,0,12,190,1,40,40,19,39,19,40,39,38,39,-851583,8,4.863,0.015,14.099,35,0,32,0,0,59,1,1,0,1,1,1,0,0,0
21:51:16.625,110.7,2.3,313,0,0,0,68,60.9,0,0,1,44,41,0,0,0,0,0,0,0,0,0,12,190,1,40,40,19,39,19,40,39,38,39,-851583,8,4.863,0.015,14.099,35,0,32,0,0,59,1,1,0,1,1,1,0,0,0
21:51:16.725,92.2,1.6,313,0,0,0,68,60.9,0,0,1,44,41,0,0,0,0,0,0,0,0,0,12,190,1,40,40,19,38,19,40,38,38,39,-851583,8,4.863,0.015,14.092,35,0,32,0,0,59,1,1,0,1,1,1,0,0,0
21:51:16.825,69.4,1.6,313,0,0,0,68,61,0,0,1,44,42,0,0,0,0,0,0,0,0,0,12,190,1,40,40,19,39,19,40,38,38,39,-851583,8,4.863,0.015,14.099,35,0,32,0,0,59,1,1,0,1,1,1,0,0,0
21:51:16.925,44.7,0.5,314,0,0,0,68,61,0,0,1,44,41,0,0,0,0,0,0,0,0,0,12,190,1,40,40,19,39,19,40,39,38,39,-851583,8,4.863,0.015,14.092,35,0,32,0,0,59,1,1,0,1,1,1,0,0,0
21:51:17.025,20,0.6,315,0,0,0,68,61,0,0,1,44,42,0,0,0,0,0,0,0,0,0,12,190,1,40,40,19,38,19,39,38,38,39,-851583,8,4.863,0.015,14.099,35,0,32,0,0,59,1,1,0,1,1,1,0,0,0
21:51:17.125,2.8,0.5,313,0,0,0,68,61,0,0,1,47,41,0,0,0,0,0,0,0,0,0,12,190,1,40,40,19,38,19,40,39,38,39,-851583,8,4.863,0.015,14.099,35,0,32,0,0,59,1,1,0,1,1,1,0,0,0
21:51:17.225,0.1,0.6,314,0,0,0,68,61,0,0,1,46,41,0,0,0,0,0,0,0,0,0,12,190,1,40,40,19,39,19,40,39,38,39,-851583,8,4.863,0.015,14.099,35,0,32,0,0,59,1,1,0,1,1,1,0,0,0
21:51:17.325,0,0.6,315,0,0,0,68,61,0,0,1,46,42,0,0,0,0,0,0,0,0,0,12,190,1,40,40,19,39,19,40,39,38,39,-851583,8,4.863,0.015,14.099,35,0,32,0,0,59,1,1,0,1,1,1,0,0,0
21:51:17.425,0,0.4,315,0,0,0,68,61,0,0,1,46,43,0,0,0,0,0,0,0,0,0,12,190,1,40,40,19,38,19,40,39,38,39,-851583,8,4.863,0.015,14.092,35,0,32,0,0,59,1,1,0,1,1,1,0,0,0
21:51:17.525,0,0.4,314,0,0,0,68,61,0,0,1,45,42,0,0,0,0,0,0,0,0,0,12,190,1,40,40,19,38,19,40,39,38,39,-851583,8,4.863,0.015,14.099,35,0,32,0,0,59,1,1,0,1,1,1,0,0,0
21:51:17.625,0,0.4,314,0,0,0,68,61,0,0,1,45,42,0,0,0,0,0,0,0,0,0,12,190,1,40,40,19,39,19,40,39,38,39,-851583,8,4.863,0.015,14.099,35,0,32,0,0,59,1,1,0,1,1,1,0,0,0
21:51:17.725,0,0.5,315,0,0,0,68,61,0,0,1,45,42,0,0,0,0,0,0,0,0,0,12,190,1,40,40,19,39,19,40,39,38,39,-851583,8,4.863,0.015,14.099,35,0,32,0,0,59,1,1,0,1,1,1,0,0,0
21:51:17.825,0,0.6,314,0,0,0,68,61.1,0,0,1,45,42,0,0,0,0,0,0,0,0,0,12,190,1,40,40,19,39,19,40,39,38,39,-851583,8,4.863,0.015,14.099,35,0,32,0,0,59,1,1,0,1,1,1,0,0,0
21:51:17.925,0,0.6,314,0,0,0,68,61,0,0,1,44,42,0,0,0,0,0,0,0,0,0,12,190,1,40,40,19,39,19,40,39,38,39,-851583,8,4.863,0.015,14.099,35,0,32,0,0,59,1,1,0,1,1,1,0,0,0
21:51:18.025,0,0.4,314,0,0,0,68,61,0,0,1,45,42,0,0,0,0,0,0,0,0,0,12,190,1,40,40,19,39,19,40,38,38,39,-851583,8,4.863,0.015,14.092,35,0,32,0,0,59,1,1,0,1,1,1,0,0,0
21:51:18.125,0,0.4,313,0,0,0,68,61.1,0,0,1,44,42,0,0,0,0,0,0,0,0,0,12,190,1,40,40,19,39,19,39,39,38,39,-851583,8,4.863,0.015,14.092,35,0,32,0,0,59,1,1,0,1,1,1,0,0,0
21:51:18.225,0,0.6,313,0,0,0,68,61,0,0,1,44,42,0,0,0,0,0,0,0,0,0,12,190,1,40,40,19,39,19,39,38,38,39,-851583,8,4.863,0.015,14.099,35,0,32,0,0,59,1,1,0,1,1,1,0,0,0
21:51:18.325,0,0.4,314,0,0,0,68,61.3,0,0,1,44,41,0,0,0,0,0,0,0,0,0,12,190,1,40,40,19,38,19,40,39,38,39,-851583,8,4.863,0.015,14.092,35,0,32,0,0,59,1,1,0,1,1,1,0,0,0
21:51:18.425,0,0.5,314,0,0,0,68,61.3,0,0,1,45,42,0,0,0,0,0,0,0,0,0,12,190,1,40,40,19,38,19,39,39,38,39,-851583,8,4.863,0.015,14.092,35,0,32,0,0,59,1,1,0,1,1,1,0,0,0
21:51:18.525,0,0.5,314,0,0,0,68,61.5,0,0,1,44,41,0,0,0,0,0,0,0,0,0,12,190,1,40,40,19,39,19,40,39,38,39,-851583,8,4.863,0.015,14.092,35,0,32,0,0,59,1,1,0,1,1,1,0,0,0
21:51:18.625,0,0.4,315,0,0,0,67.9,61.4,0,0,1,44,42,0,0,0,0,0,0,0,0,0,12,190,1,40,40,19,38,19,40,39,38,39,-851583,8,4.863,0.015,14.099,35,0,32,0,0,59,1,1,0,1,1,1,0,0,0
21:51:18.725,0,0.7,314,0,0,0,67.9,61.7,0,0,1,44,41,0,0,0,0,0,0,0,0,0,12,190,1,40,40,19,38,19,40,39,38,39,-851583,8,4.863,0.015,14.099,35,0,32,0,0,59,1,1,0,1,1,1,0,0,0
21:51:18.825,0,0.6,314,0,0,0,67.9,61.7,0,0,1,44,41,0,0,0,0,0,0,0,0,0,12,190,1,40,40,19,39,19,40,39,38,39,-851583,8,4.863,0.015,14.099,35,0,32,0,0,59,1,1,0,1,1,1,0,0,0
21:51:18.925,0,0.6,315,0,0,0,67.9,61.7,0,0,1,44,42,0,0,0,0,0,0,0,0,0,12,190,1,40,40,19,40,19,40,39,38,39,-851583,8,4.863,0.015,14.092,35,0,32,0,0,59,1,1,0,1,1,1,0,0,0
21:51:19.025,0,0.5,314,0,0,0,67.9,61.8,0,0,1,44,42,0,0,0,0,0,0,0,0,0,12,190,1,40,40,19,39,19,40,39,38,39,-851583,8,4.863,0.015,14.099,35,0,32,0,0,59,1,1,0,1,1,1,0,0,0
21:51:19.125,0,0.5,315,0,0,0,67.9,61.8,0,0,1,44,41,0,0,0,0,0,0,0,0,0,12,190,1,40,40,19,39,19,39,39,38,39,-851583,8,4.863,0.015,14.099,35,0,32,0,0,59,1,1,0,1,1,1,0,0,0
21:51:19.225,0,0.7,314,0,0,0,67.8,61.8,0,0,1,44,41,0,0,0,0,0,0,0,0,0,12,190,1,40,40,19,39,19,40,39,38,39,-851583,8,4.863,0.015,14.099,35,0,32,0,0,59,1,1,0,1,1,1,0,0,0
21:51:19.325,0,0.6,315,0,0,0,67,61.9,0,0,1,44,41,0,0,0,0,0,0,0,0,0,12,190,1,40,40,19,39,19,40,39,38,39,-851583,8,4.863,0.015,14.092,35,0,32,0,0,59,1,1,0,1,1,1,0,0,0
21:51:19.425,0,0.5,314,0,0,0,67,61.9,0,0,1,44,42,0,0,0,0,0,0,0,0,0,12,190,1,40,40,19,39,19,40,39,38,39,-851583,8,4.863,0.015,14.092,35,0,32,0,0,59,1,1,0,1,1,1,0,0,0
21:51:19.525,0,0.4,314,0,0,0,67,61.9,0,0,1,44,41,0,0,0,0,0,0,0,0,0,12,190,1,40,40,19,39,19,40,39,38,39,-851583,8,4.863,0.015,14.099,35,0,32,0,0,59,1,1,0,1,1,1,0,0,0
21:51:19.625,0,0.4,314,0,0,0,67,61.9,0,0,1,44,42,0,0,0,0,0,0,0,0,0,12,190,1,40,40,19,39,19,40,39,38,39,-851583,8,4.863,0.015,14.092,35,0,32,0,0,59,1,1,0,1,1,1,0,0,0
21:51:19.725,0,0.3,315,0,0,0,67,61.9,0,0,1,44,42,0,0,0,0,0,0,0,0,0,12,190,1,40,40,19,39,19,40,39,38,39,-851583,8,4.863,0.015,14.092,35,0,32,0,0,59,1,1,0,1,1,1,0,0,0
21:51:19.825,0,0.7,314,0,0,0,67,61.9,0,0,1,44,41,0,0,0,0,0,0,0,0,0,12,190,1,40,40,19,39,19,40,39,38,39,-851583,8,4.863,0.015,14.099,35,0,32,0,0,59,1,1,0,1,1,1,0,0,0
21:51:19.925,0,0.3,314,0,0,0,67,61.9,0,0,1,44,41,0,0,0,0,0,0,0,0,0,12,190,1,40,40,19,39,19,40,39,38,39,-851583,8,4.863,0.015,14.099,35,0,32,0,0,59,1,1,0,1,1,1,0,0,0
21:51:20.025,0,0.5,315,0,0,0,67,61.9,0,0,1,44,41,0,0,0,0,0,0,0,0,0,12,190,1,40,40,19,38,19,40,39,38,39,-851583,8,4.863,0.015,14.092,35,0,32,0,0,59,1,1,0,1,1,1,0,0,0
21:51:20.125,0,0.6,314,0,0,0,67,61.9,0,0,1,44,42,0,0,0,0,0,0,0,0,0,12,190,1,40,40,19,39,19,40,39,38,39,-851583,8,4.863,0.015,14.099,35,0,32,0,0,59,1,1,0,1,1,1,0,0,0
21:51:20.225,0,0.6,315,0,0,0,67,61.9,0,0,1,44,42,0,0,0,0,0,0,0,0,0,12,190,1,40,40,19,39,19,40,38,38,39,-851583,8,4.863,0.015,14.099,35,0,32,0,0,59,1,1,0,1,1,1,0,0,0
21:51:20.325,0,0.5,314,0,0,0,67,61.9,0,0,1,44,41,0,0,0,0,0,0,0,0,0,12,190,1,39,39,19,38,19,39,39,38,39,-851583,8,4.863,0.015,14.099,35,0,32,0,0,59,1,1,0,1,1,1,0,0,0
21:51:20.425,0,0.5,314,0,0,0,67,61.9,0,0,1,44,41,0,0,0,0,0,0,0,0,0,12,190,1,39,39,19,39,19,40,39,38,39,-851583,8,4.863,0.015,14.092,35,0,32,0,0,59,1,1,0,1,1,1,0,0,0
21:51:20.525,0,0.5,315,0,0,0,67,61.9,0,0,1,44,41,0,0,0,0,0,0,0,0,0,12,190,1,39,39,19,38,19,40,39,38,39,-851583,8,4.863,0.015,14.092,35,0,32,0,0,59,1,1,0,1,1,1,0,0,0
21:51:20.625,0,0.5,314,0,0,0,67,61.9,0,0,1,44,42,0,0,0,0,0,0,0,0,0,12,190,1,39,39,19,39,19,40,39,38,39,-851583,8,4.863,0.015,14.092,35,0,32,0,0,59,1,1,0,1,1,1,0,0,0
21:51:20.725,0,0.5,315,0,0,0,67,61.9,0,0,1,43,42,0,0,0,0,0,0,0,0,0,12,190,1,39,39,19,39,19,40,38,38,39,-851583,8,4.863,0.015,14.099,35,0,32,0,0,59,1,1,0,1,1,1,0,0,0
21:51:20.825,0,0.6,315,0,0,0,67,61.9,0,0,1,44,42,0,0,0,0,0,0,0,0,0,12,190,1,39,39,19,37,19,40,39,38,39,-851583,8,4.863,0.015,14.092,35,0,32,0,0,59,1,1,0,1,1,1,0,0,0
21:51:20.925,0,0.8,315,0,0,0,67,61.9,0,0,1,47,41,0,0,0,0,0,0,0,0,0,12,190,1,39,39,19,38,19,40,38,38,39,-851583,8,4.863,0.015,14.092,35,0,32,0,0,59,1,1,0,1,1,1,0,0,0
21:51:21.025,0,0.6,314,0,0,0,67,61.9,0,0,1,46,42,0,0,0,0,0,0,0,0,0,12,190,1,39,39,19,19,19,40,39,38,39,-851583,8,4.863,0.015,14.092,35,0,32,0,0,59,1,1,0,1,1,1,0,0,0
21:51:21.125,0,0.6,314,0,0,0,67,61.9,0,0,1,46,43,0,0,0,0,0,0,0,0,0,12,190,1,39,39,19,38,19,40,38,38,39,-851583,8,4.863,0.015,14.092,35,0,32,0,0,59,1,1,0,1,1,1,0,0,0
21:51:21.225,0,0.7,315,0,0,0,67,61.9,0,0,1,46,42,0,0,0,0,0,0,0,0,0,12,190,1,39,39,19,38,19,40,38,38,39,-851583,8,4.863,0.015,14.092,35,0,32,0,0,59,1,1,0,1,1,1,0,0,0
21:51:21.325,0,0.5,313,0,0,0,67,61.9,0,0,1,45,42,0,0,0,0,0,0,0,0,0,12,190,1,40,40,19,38,19,40,38,38,39,-851583,8,4.863,0.015,14.092,35,0,32,0,0,59,1,1,0,1,1,1,0,0,0
21:51:21.425,0,0.4,315,0,0,0,67,61.9,0,0,1,45,42,0,0,0,0,0,0,0,0,0,12,190,1,40,40,19,37,19,40,38,38,39,-851583,8,4.863,0.015,14.092,35,0,32,0,0,59,1,1,0,1,1,1,0,0,0
21:51:21.525,0,0.5,315,0,0,0,67,61.9,0,0,1,45,42,0,0,0,0,0,0,0,0,0,12,190,1,40,40,19,38,19,40,38,38,39,-851583,8,4.863,0.015,14.092,35,0,32,0,0,59,1,1,0,1,1,1,0,0,0
21:51:21.625,0,0.4,315,0,0,0,67,61.9,0,0,1,45,42,0,0,0,0,0,0,0,0,0,12,190,1,40,40,19,38,19,40,39,38,39,-851583,8,4.863,0.015,14.092,35,0,32,0,0,59,1,1,0,1,1,1,0,0,0
21:51:21.725,0,0.5,315,0,0,0,67,61.9,0,0,1,45,42,0,0,0,0,0,0,0,0,0,12,190,1,40,40,19,37,19,40,39,38,39,-851583,8,4.863,0.015,14.092,35,0,32,0,0,59,1,1,0,1,1,1,0,0,0
21:51:21.825,0,0.3,314,0,0,0,67,61.9,0,0,1,45,42,0,0,0,0,0,0,0,0,0,12,190,1,40,40,19,39,19,40,39,38,39,-851583,8,4.863,0.015,13.982,35,0,32,0,0,59,1,1,0,1,1,1,0,0,0
21:51:21.925,0,0.7,315,0,0,0,67,61.9,0,0,1,45,42,0,0,0,0,0,0,0,0,0,12,190,1,40,40,19,38,19,40,39,38,39,-851583,8,4.863,0.015,14.017,35,0,32,0,0,59,1,1,0,1,1,1,0,0,0
21:51:22.025,0,0.5,314,0,0,0,67,61.9,0,0,1,45,42,0,0,0,0,0,0,0,0,0,12,190,1,40,40,19,39,19,40,39,38,39,-851583,8,4.863,0.015,14.071,35,0,32,0,0,59,1,1,0,1,1,1,0,0,0
21:51:22.125,0,0.5,315,0,0,0,67,61.9,0,0,1,44,42,0,0,0,0,0,0,0,0,0,12,190,1,40,40,19,39,19,40,39,38,39,-851583,8,4.863,0.015,14.058,35,0,32,0,0,59,1,1,0,1,1,1,0,0,0
21:51:22.225,0,0.6,314,0,0,0,67,61.9,0,0,1,44,42,0,0,0,0,0,0,0,0,0,12,190,1,40,40,19,39,19,40,38,38,39,-851583,8,4.863,0.015,14.037,35,0,32,0,0,59,1,1,0,1,1,1,0,0,0
21:51:22.325,0,0.5,315,0,0,0,67,61.9,0,0,1,45,41,0,0,0,0,0,0,0,0,0,12,190,1,40,40,19,39,19,40,38,38,39,-851583,8,4.858,0.015,13.989,35,0,32,0,0,59,1,1,0,1,1,1,0,0,0
21:51:22.425,0,0.4,315,0,0,0,67,61.9,0,0,1,44,41,113,0,0,0,0,0,0,0,0,12,190,1,40,40,19,38,19,40,39,38,39,-851583,8,4.863,0.015,13.928,35,0,32,0,0,59,1,1,0,1,1,1,0,0,0
21:51:22.525,0,0.5,314,0,0,0,67,61.9,0,0,1,44,41,4,0,0,0,0,0,0,0,0,12,190,1,40,40,19,39,19,40,38,38,39,-851583,8,4.863,0.015,13.839,35,0,32,0,0,59,1,1,0,1,1,1,0,0,0
21:51:22.625,0,0.6,315,0,0,0,67,61.9,0,0,1,44,42,5,0,0,0,0,0,0,0,0,12,190,1,40,40,19,39,19,40,39,38,39,-851583,8,4.863,0.015,13.695,35,0,32,0,0,59,1,1,0,1,1,1,0,0,0
21:51:22.725,0,0.7,315,0,0,0,67,61.9,0,0,1,44,41,6,0,0,0,0,0,0,0,0,12,190,1,40,40,19,38,19,40,39,38,39,-851583,8,4.863,0.015,13.6,35,0,32,0,0,59,1,1,0,1,1,1,0,0,0
21:51:22.825,0,0.7,315,0,0,0,67,61.9,0,0,1,45,42,8,0,0,0,0,0,0,0,0,12,190,1,40,40,19,39,19,40,39,38,39,-851583,8,4.863,0.015,13.559,35,0,32,0,0,59,1,1,0,1,1,1,0,0,0
21:51:22.925,0,0.4,315,0,0,0,67,61.9,0,0,1,43,42,8,0,0,0,0,0,0,0,0,12,190,1,40,40,19,39,19,40,39,38,39,-851583,8,4.863,0.015,13.456,35,0,32,0,0,59,1,1,0,1,1,1,0,0,0
21:51:23.025,0,0.6,315,0,0,0,67,61.9,0,0,1,44,41,8,0,0,0,0,0,0,0,0,12,190,1,40,40,19,38,19,40,39,38,39,-851583,8,4.863,0.015,13.422,35,0,32,0,0,59,1,1,0,1,1,1,0,0,0
21:51:23.125,0,0.5,315,0,0,0,67,61.9,0,0,1,43,42,9,0,0,0,0,0,0,0,0,12,190,1,40,40,19,38,19,40,39,38,39,-851583,8,4.863,0.015,13.477,35,0,32,0,0,59,1,1,0,1,1,1,0,0,0
21:51:23.225,0,0.5,314,0,0,0,66.6,61.9,0,0,1,44,41,8,0,0,0,0,0,0,0,0,12,190,1,40,40,19,39,19,40,39,38,39,-851583,8,4.863,0.015,13.497,35,0,32,0,0,59,1,1,0,1,1,1,0,0,0
21:51:23.325,0,0.5,314,0,0,0,66,61.9,0,0,1,43,41,7,0,0,0,0,0,0,0,0,12,190,1,40,40,19,39,19,40,39,38,39,-851583,8,4.863,0.015,13.449,35,0,32,0,0,59,1,1,0,1,1,1,0,0,0
21:51:23.425,0,0.5,315,0,0,0,66,61.9,0,0,1,44,42,7,0,0,0,0,0,0,0,0,12,190,1,40,40,19,38,19,40,39,38,39,-851583,8,4.863,0.015,13.497,35,0,32,0,0,59,1,1,0,1,1,1,0,0,0
21:51:23.525,0,0.4,315,0,0,0,66,61.9,0,0,1,44,42,7,0,0,0,0,0,0,0,0,12,190,1,40,40,19,38,19,40,38,38,39,-851583,8,4.863,0.015,13.497,35,0,32,0,0,59,1,1,0,1,1,1,0,0,0
21:51:23.625,0,0.4,315,0,0,0,66,61.9,0,0,1,44,41,8,0,0,0,0,0,0,0,0,12,190,1,40,40,19,39,19,40,39,38,39,-851583,8,4.863,0.015,13.483,35,0,32,0,0,59,1,1,0,1,1,1,0,0,0
21:51:23.725,0,0.6,316,0,0,0,66,61.9,0,0,1,45,43,8,0,0,0,0,0,0,0,0,12,190,1,40,40,19,39,19,40,38,38,39,-851583,8,4.863,0.015,13.497,36,0,32,0,0,59,1,1,0,1,1,1,0,0,0
21:51:23.825,0,0.5,315,0,0,0,66,61.4,0,0,1,44,42,8,0,0,0,0,0,0,0,0,12,190,1,40,40,19,39,19,40,39,38,39,-851583,8,4.863,0.015,13.49,35,0,32,0,0,59,1,1,0,1,1,1,0,0,0
21:51:23.925,0,0.6,315,0,0,0,66,61,0,0,1,43,42,8,0,0,0,0,0,0,0,0,12,190,1,40,40,19,39,19,40,39,38,39,-851583,8,4.863,0.015,13.456,35,0,32,0,0,59,1,1,0,1,1,1,0,0,0
21:51:24.025,0,0.6,315,0,0,0,66,61,0,0,1,44,42,8,0,0,0,0,0,0,0,0,12,190,1,40,40,19,39,19,40,39,38,39,-851583,8,4.863,0.015,13.477,35,0,32,0,0,59,1,1,0,1,1,1,0,0,0
21:51:24.125,0,0.4,315,0,0,0,66,61,0,0,1,43,41,8,0,0,0,0,0,0,0,0,12,190,1,40,40,19,39,19,40,39,38,39,-851583,8,4.863,0.015,13.483,35,0,32,0,0,59,1,1,0,1,1,1,0,0,0
21:51:24.225,0,0.4,315,0,0,0,66,61,0,0,1,43,42,8,0,0,0,0,0,0,0,0,12,190,1,40,40,19,39,19,40,39,38,39,-851583,8,4.863,0.015,13.47,35,0,32,0,0,59,1,1,0,1,1,1,0,0,0
21:51:24.325,0,0.5,314,0,0,0,66,61,0,0,1,42,43,8,0,0,0,0,0,0,0,0,12,190,1,40,40,19,38,19,40,39,38,39,-851583,8,4.863,0.015,13.483,35,0,32,0,0,59,1,1,0,1,1,1,0,0,0
21:51:24.425,0,0.4,315,0,0,0,66,61,0,0,1,43,43,8,0,0,0,0,0,0,0,0,12,190,1,40,40,19,38,19,40,39,38,39,-851583,8,4.863,0.015,13.49,35,0,32,0,0,59,1,1,0,1,1,1,0,0,0
21:51:24.525,0,0.7,314,0,0,0,66,61,0,0,1,43,43,8,0,0,0,0,0,0,0,0,12,190,1,40,40,19,39,19,40,39,38,39,-851583,8,4.863,0.015,13.456,35,0,32,0,0,59,1,1,0,1,1,1,0,0,0
21:51:24.625,0,0.4,315,0,0,0,66,61,0,0,1,46,43,8,0,0,0,0,0,0,0,0,12,190,1,40,40,19,38,19,40,39,38,39,-851583,8,4.863,0.015,13.483,35,0,32,0,0,59,1,1,0,1,1,1,0,0,0
21:51:24.725,0,0.5,314,0,0,0,66,61,0,0,1,45,44,8,0,0,0,0,0,0,0,0,12,190,1,40,40,19,38,19,40,39,38,39,-851583,8,4.863,0.015,13.477,35,0,32,0,0,59,1,1,0,1,1,1,0,0,0
21:51:24.825,0,0.4,315,0,0,0,66,60.3,0,0,1,45,45,8,0,0,0,0,0,0,0,0,12,190,1,40,40,19,39,19,40,39,38,39,-851583,8,4.863,0.015,13.477,35,0,32,0,0,59,1,1,0,1,1,1,0,0,0
21:51:24.925,0,0.6,316,0,0,0,66,60,0,0,1,44,46,8,0,0,0,0,0,0,0,0,12,190,1,40,40,19,40,19,40,39,38,39,-851583,8,4.863,0.015,13.463,35,0,32,0,0,59,1,1,0,1,1,1,0,0,0
21:51:25.025,0,0.5,314,0,0,0,66,60,0,0,1,44,47,8,0,0,0,0,0,0,0,0,12,190,1,40,40,19,39,19,40,39,38,39,-851583,8,4.863,0.015,13.47,35,0,32,0,0,59,1,1,0,1,1,1,0,0,0
21:51:25.125,0,0.7,315,0,0,0,66,60,0,0,1,45,46,8,0,0,0,0,0,0,0,0,12,190,1,40,40,19,39,19,40,39,38,39,-851583,8,4.863,0.015,13.47,35,0,32,0,0,59,1,1,0,1,1,1,0,0,0
21:51:25.225,0,0.4,315,0,0,0,65.7,60,0,0,1,44,46,8,0,0,0,0,0,0,0,0,12,190,1,40,40,19,39,19,40,39,38,39,-851583,8,4.863,0.015,13.483,35,0,32,0,0,59,1,1,0,1,1,1,0,0,0
21:51:25.325,0,0.4,315,0,0,0,65,60,0,0,1,44,46,8,0,0,0,0,0,0,0,0,12,190,1,40,40,19,39,19,40,39,38,39,-851583,8,4.863,0.015,13.456,35,0,32,0,0,59,1,1,0,1,1,1,0,0,0
21:51:25.425,0,0.6,315,0,0,0,65,60,0,0,1,44,48,8,0,0,0,0,0,0,0,0,12,190,1,40,40,19,39,19,40,39,38,39,-851583,8,4.863,0.015,13.483,35,0,32,0,0,59,1,1,0,1,1,1,0,0,0
21:51:25.525,0,0.5,314,0,0,0,65,60,0,0,1,44,46,8,0,0,0,0,0,0,0,0,12,190,1,40,40,19,39,19,40,39,38,39,-851583,8,4.863,0.015,13.456,35,0,32,0,0,59,1,1,0,1,1,1,0,0,0
21:51:25.625,0,0.4,315,0,0,0,65,59.9,0,0,1,44,49,8,0,0,0,0,0,0,0,0,12,190,1,40,40,19,39,19,40,39,38,39,-851583,8,4.863,0.015,13.483,35,0,32,0,0,51,1,1,0,0,1,1,0,0,0
21:51:25.725,0,0.5,314,0,0,0,65,59.9,0,0,1,44,48,7,0,0,0,0,0,0,0,0,12,190,1,40,40,19,39,19,40,39,38,39,-851583,8,4.863,0.015,13.504,35,0,32,0,0,51,1,1,0,0,1,1,0,0,0
21:51:25.825,0,0.6,315,0,0,0,65,59.5,0,0,1,44,50,7,0,0,0,0,0,0,0,0,12,190,1,40,40,19,39,19,40,39,38,39,-851583,8,4.863,0.015,13.518,35,0,32,0,0,51,1,1,0,0,1,1,0,0,0
21:51:25.925,0,0.6,316,0,0,0,65,59,0,0,1,45,49,8,0,0,0,0,0,0,0,0,12,190,1,40,40,19,39,19,40,39,38,39,-851583,8,4.863,0.015,13.504,35,0,32,0,0,51,1,1,0,0,1,1,0,0,0
21:51:26.025,0,0.4,315,0,0,0,65,59,0,0,1,45,50,8,0,0,0,0,0,0,0,0,12,190,1,40,40,19,38,19,40,39,38,39,-851583,8,4.863,0.015,13.497,35,0,32,0,0,51,1,1,0,0,1,1,0,0,0
21:51:26.125,0,0.6,314,0,0,0,65,59,0,0,1,45,49,8,0,0,0,0,0,0,0,0,12,190,1,40,40,19,39,19,40,39,38,39,-851583,8,4.863,0.015,13.511,35,0,32,0,0,51,1,1,0,0,1,1,0,0,0
21:51:26.225,0,0.5,314,0,0,0,65,59,0,0,1,44,50,7,0,0,0,0,0,0,0,0,12,190,1,40,40,19,39,19,40,38,38,39,-851583,8,4.863,0.015,13.477,35,0,32,0,0,51,1,1,0,0,1,1,0,0,0
21:51:26.325,0,0.4,314,0,0,0,65,59,0,0,1,45,50,8,0,0,0,0,0,0,0,0,12,190,1,40,40,19,38,19,40,39,38,39,-851583,8,4.863,0.015,13.511,35,0,32,0,0,51,1,1,0,0,1,1,0,0,0
21:51:26.425,0,0.5,315,0,0,0,64,59,0,0,1,45,50,8,0,0,0,0,0,0,0,0,12,190,1,40,40,19,39,19,40,38,38,39,-851583,8,4.863,0.015,13.483,35,0,32,0,0,51,1,1,0,0,1,1,0,0,0
21:51:26.525,0,0.3,315,0,0,0,64,58.9,0,0,1,46,50,8,0,0,0,0,0,0,0,0,12,190,1,40,40,19,38,19,40,39,38,39,-851583,8,4.863,0.015,13.504,35,0,32,0,0,51,1,1,0,0,1,1,0,0,0
21:51:26.625,0,0.5,314,0,0,0,64,58.9,0,0,1,45,49,8,0,0,0,0,0,0,0,0,12,190,1,40,40,19,39,19,40,38,38,39,-851583,8,4.863,0.015,13.463,35,0,32,0,0,51,1,1,0,0,1,1,0,0,0
21:51:26.725,0,0.6,315,0,0,0,64,58.3,0,0,1,44,49,8,0,0,0,0,0,0,0,0,12,190,1,40,40,19,39,19,40,38,38,39,-851583,8,4.863,0.015,13.463,35,0,32,0,0,51,1,1,0,0,1,1,0,0,0
21:51:26.825,0,0.5,315,0,0,0,64,58,0,0,1,45,50,8,0,0,0,0,0,0,0,0,12,190,1,40,40,19,37,19,40,38,38,39,-851583,8,4.863,0.015,13.504,35,0,32,0,0,51,1,1,0,0,1,1,0,0,0
21:51:26.925,0,0.6,315,0,0,0,64,58,0,0,1,46,51,7,0,0,0,0,0,0,0,0,12,190,1,40,40,19,38,19,40,38,38,39,-851583,8,4.863,0.015,13.504,35,0,32,0,0,51,1,1,0,0,1,1,0,0,0
21:51:27.025,0,0.4,315,0,0,0,64,58,0,0,1,46,51,7,0,0,0,0,0,0,0,0,12,190,1,40,40,19,19,19,40,38,38,39,-851583,8,4.863,0.015,13.477,35,0,32,0,0,51,1,1,0,0,1,1,0,0,0
21:51:27.125,0,0.6,315,0,0,0,64,58,0,0,1,46,51,8,0,0,0,0,0,0,0,0,12,190,1,40,40,19,38,19,40,39,38,39,-851583,8,4.863,0.015,13.47,35,0,32,0,0,51,1,1,0,0,1,1,0,0,0
21:51:27.225,0,0.5,315,0,0,0,63.4,58,0,0,1,46,51,8,0,0,0,0,0,0,0,0,12,190,1,40,40,19,38,19,40,39,38,39,-851583,8,4.863,0.015,13.463,35,0,32,0,0,51,1,1,0,0,1,1,0,0,0
21:51:27.325,0,0.5,315,0,0,0,63,58,0,0,1,47,52,8,0,0,0,0,0,0,0,0,12,190,1,40,40,19,38,19,40,39,38,39,-851583,8,4.863,0.015,13.463,35,0,32,0,0,51,1,1,0,0,1,1,0,0,0
21:51:27.425,0,0.7,315,0,0,0,63,57.2,0,0,1,47,51,8,0,0,0,0,0,0,0,0,12,190,1,40,40,19,37,19,40,39,38,39,-851583,8,4.863,0.015,13.449,35,0,32,0,0,51,1,1,0,0,1,1,0,0,0
21:51:27.525,0,0.5,315,0,0,0,63,57,0,0,1,47,50,8,0,0,0,0,0,0,0,0,12,190,1,40,40,19,38,19,40,39,38,39,-851583,8,4.863,0.015,13.442,35,0,32,0,0,51,1,1,0,0,1,1,0,0,0
21:51:27.625,0,0.4,315,0,0,0,63,57,0,0,1,47,51,8,0,0,0,0,0,0,0,0,12,190,1,40,40,19,38,19,40,39,38,39,-851583,8,4.863,0.015,13.47,35,0,32,0,0,51,1,1,0,0,1,1,0,0,0
21:51:27.725,0,0.5,314,0,0,0,63,57,0,0,1,46,50,7,0,0,0,0,0,0,0,0,12,190,1,40,40,19,37,19,40,38,38,39,-851583,8,4.863,0.015,13.49,35,0,32,0,0,51,1,1,0,0,1,1,0,0,0
21:51:27.825,0,0.5,315,0,0,0,63,57,0,0,1,47,51,8,0,0,0,0,0,0,0,0,12,190,1,40,40,19,39,19,40,38,38,39,-851583,8,4.863,0.015,13.477,35,0,32,0,0,51,1,1,0,0,1,1,0,0,0
21:51:27.925,0,0.5,315,0,0,0,63,57,0,0,1,48,51,8,0,0,0,0,0,0,0,0,12,190,1,40,40,19,38,19,40,39,38,39,-851583,8,4.863,0.015,13.449,35,0,32,0,0,51,1,1,0,0,1,1,0,0,0
21:51:28.025,0,0.5,314,0,0,0,62,57,0,0,1,49,52,8,0,0,0,0,0,0,0,0,12,190,1,40,40,19,39,19,40,38,38,39,-851583,8,4.863,0.015,13.49,35,0,32,0,0,51,1,1,0,0,1,1,0,0,0
21:51:28.125,0,0.5,315,0,0,0,62,57,0,0,1,49,52,8,0,0,0,0,0,0,0,0,12,190,1,40,40,19,39,19,40,39,38,39,-851583,8,4.863,0.015,13.47,36,0,32,0,0,51,1,1,0,0,1,1,0,0,0
21:51:28.225,0,0.6,315,0,0,0,62,56.8,0,0,1,50,50,8,0,0,0,0,0,0,0,0,12,190,1,40,40,19,39,19,40,39,38,39,-851583,8,4.863,0.015,13.477,35,0,32,0,0,51,1,1,0,0,1,1,0,0,0
21:51:28.325,0,0.7,315,0,0,0,62,56,0,0,1,49,52,8,0,0,0,0,0,0,0,0,12,190,1,40,40,19,39,19,40,39,38,39,-851583,8,4.863,0.015,13.49,35,0,32,0,0,51,1,1,0,0,1,1,0,0,0
21:51:28.425,0,0.4,316,0,0,0,62,56,0,0,1,54,51,7,0,0,0,0,0,0,0,0,12,190,1,40,40,19,38,19,40,39,38,39,-851583,8,4.863,0.015,13.49,35,0,32,0,0,51,1,1,0,0,1,1,0,0,0
21:51:28.525,0,0.5,316,0,0,0,62,56,0,0,1,52,51,8,0,0,0,0,0,0,0,0,12,190,1,40,40,19,39,19,40,39,38,39,-851583,8,4.863,0.015,13.49,35,0,32,0,0,51,1,1,0,0,1,1,0,0,0
21:51:28.625,0,0.4,315,0,0,0,62,56,0,0,1,51,51,7,0,0,0,0,0,0,0,0,12,190,1,40,40,19,39,19,40,39,38,39,-851583,8,4.863,0.015,13.497,35,0,32,0,0,51,1,1,0,0,1,1,0,0,0
21:51:28.725,0,0.4,315,0,0,0,62,56,0,0,1,51,52,7,0,0,0,0,0,0,0,0,12,190,1,40,40,19,38,19,40,39,38,39,-851583,8,4.863,0.015,13.497,35,0,32,0,0,51,1,1,0,0,1,1,0,0,0
21:51:28.825,0,0.6,315,0,0,0,61,56,0,0,1,51,51,8,0,0,0,0,0,0,0,0,12,190,1,40,40,19,39,19,40,39,38,39,-851583,8,4.863,0.015,13.47,35,0,32,0,0,51,1,1,0,0,1,1,0,0,0
21:51:28.925,0,0.5,315,0,0,0,61,56,0,0,1,51,52,8,0,0,0,0,0,0,0,0,12,190,1,40,40,19,39,19,40,39,38,39,-851583,8,4.863,0.015,13.504,35,0,32,0,0,51,1,1,0,0,1,1,0,0,0
21:51:29.025,0,0.5,314,0,0,0,61,55.5,0,0,1,51,51,8,0,0,0,0,0,0,0,0,12,190,1,40,40,19,38,19,40,38,38,39,-851583,8,4.863,0.015,13.47,35,0,32,0,0,51,1,1,0,0,1,1,0,0,0
21:51:29.125,0,0.4,316,0,0,0,61,55,0,0,1,52,51,8,0,0,0,0,0,0,0,0,12,190,1,40,40,19,38,19,40,39,38,39,-851583,8,4.863,0.015,13.47,35,0,32,0,0,51,1,1,0,0,1,1,0,0,0
21:51:29.225,0,0.4,315,0,0,0,61,55,0,0,1,52,54,8,0,0,0,0,0,0,0,0,12,190,1,40,40,19,39,19,40,38,38,39,-851583,8,4.863,0.015,13.47,35,0,32,0,0,51,1,1,0,0,1,1,0,0,0
21:51:29.325,0,0.4,315,0,0,0,61,55,0,0,1,54,52,8,0,0,0,0,0,0,0,0,12,190,1,40,40,19,39,19,40,39,38,39,-851583,8,4.863,0.015,13.49,35,0,32,0,0,51,1,1,0,0,1,1,0,0,0
21:51:29.425,0,0.4,315,0,0,0,61,55,0,0,1,52,51,8,0,0,0,0,0,0,0,0,12,190,1,40,40,19,38,19,40,39,38,39,-851583,8,4.863,0.015,13.497,35,0,32,0,0,51,1,1,0,0,1,1,0,0,0
21:51:29.525,0,0.6,315,0,0,0,60,55,0,0,1,54,52,8,0,0,0,0,0,0,0,0,12,190,1,40,40,19,38,19,40,39,38,39,-851583,8,4.863,0.015,13.47,35,0,32,0,0,51,1,1,0,0,1,1,0,0,0
21:51:29.625,0,0.5,315,0,0,0,60,55,0,0,1,52,51,7,0,0,0,0,0,0,0,0,12,190,1,40,40,19,39,19,40,39,38,39,-851583,8,4.863,0.015,13.483,35,0,32,0,0,51,1,1,0,0,1,1,0,0,0
21:51:29.725,0,0.4,315,0,0,0,60,55,0,0,1,52,51,8,0,0,0,0,0,0,0,0,12,190,1,40,40,19,39,19,40,39,38,39,-851583,8,4.863,0.015,13.483,35,0,32,0,0,51,1,1,0,0,1,1,0,0,0
21:51:29.825,0,0.6,314,0,0,0,60,55,0,0,1,54,51,8,0,0,0,0,0,0,0,0,12,190,1,40,40,19,39,19,40,39,38,39,-851583,8,4.863,0.015,13.477,35,0,32,0,0,51,1,1,0,0,1,1,0,0,0
21:51:29.925,0,0.4,316,0,0,0,60,54.9,0,0,1,52,51,8,0,0,0,0,0,0,0,0,12,190,1,40,40,19,39,19,40,39,38,39,-851583,8,4.863,0.015,13.497,35,0,32,0,0,51,1,1,0,0,1,1,0,0,0
21:51:30.025,0,1,314,3.2,0,0,60,54,0,0,1,54,52,7,0,0,0,0,0,0,0,0.1,12,190,1,40,40,19,39,19,40,39,38,39,-851583,8,4.863,0.015,13.511,35,0,32,0,0,51,1,1,0,0,1,1,0,0,0
21:51:30.125,1,3,314,4.8,0,0,60,54,0,0,1,51,50,8,0,0,0,0,0,0,0,0.1,12,190,1,40,40,19,39,19,40,39,38,39,-851583,8,4.863,0.015,13.449,35,0,32,0,0,51,1,1,0,0,1,1,0,0,0
21:51:30.225,6.4,5.6,314,15.2,0.6,0,59.6,54,0,0,1,52,51,8,0,0,0,0,0,0,0,0.4,12,190,1,40,40,19,39,19,40,39,38,39,-851583,8,4.863,0.015,13.408,35,0,32,0,0,35,1,1,0,0,0,1,0,0,0
21:51:30.325,1.3,5.2,315,13,0.5,0,59,54,0,0,1,51,51,8,0,0,0,0,0,0,0,0.3,12,190,1,40,40,19,38,19,40,39,38,39,-851583,8,4.863,0.015,13.429,35,0,32,0,0,35,1,1,0,0,0,1,0,0,0
21:51:30.425,0.1,5.1,313,13.3,0.5,0,59,53.9,0,0,1,54,49,8,0,0,0,0,0,0,0,0.3,12,190,1,40,40,19,38,19,40,39,38,39,-851583,8,4.863,0.015,13.442,35,0,32,0,0,35,1,1,0,0,0,1,0,0,0
21:51:30.525,0,5.3,315,12.4,0.4,0,59,53.9,0,0,1,52,49,8,0,0,0,0,0,0,0,0.3,12,190,1,40,40,19,39,19,40,39,38,39,-851583,8,4.863,0.015,13.463,35,0,32,0,0,35,1,1,0,0,0,1,0,0,0
21:51:30.625,23.8,7.2,314,32.1,1.7,0,59,53.9,0,0,1,55,49,8,0,0,0,0,0,0,0,1,12,190,1,40,40,19,38,19,40,39,38,39,-851583,8,4.863,0.015,13.429,35,0,32,0,0,35,1,1,0,0,0,1,0,0,0
21:51:30.725,7.4,5.8,314,39.5,1.8,0,59,53.9,0,0,1,54,50,8,0,0,0,0,0,0,0,0.8,12,190,1,40,40,19,38,19,40,39,38,39,-851583,8,4.863,0.015,13.435,35,0,32,0,0,35,1,1,0,0,0,1,0,0,0
21:51:30.825,0.8,5.8,313,38.4,1.7,0,59,53.9,0,0,1,52,48,8,0,0,0,0,0,0,0,0.8,12,190,1,40,40,19,39,19,40,39,38,39,-851583,8,4.863,0.015,13.429,35,0,32,0,0,35,1,1,0,0,0,1,0,0,0
21:51:30.925,2.9,7,313,67.9,3.8,0,59,53.7,0,0,1,54,50,8,0,0,0,0,0,0,0,1.6,12,190,1,40,40,19,40,19,40,39,38,39,-851583,8,4.863,0.015,13.435,35,0,32,0,0,35,1,1,0,0,0,1,0,0,0
21:51:31.025,7.2,6.9,314,82.4,4.7,0,59,53.3,0,0,1,54,49,8,0,0,0,0,0,0,0,2,12,190,1,40,40,19,39,19,40,39,38,39,-851583,8,4.863,0.015,13.449,35,0,32,0,0,35,1,1,0,0,0,1,0,0,0
21:51:31.125,9.9,7.4,313,70.3,4.5,0,59,53,0,0,1,54,50,8,0,0,0,0,0,0,0,2.1,12,190,1,40,40,19,39,19,40,39,38,39,-851583,8,4.863,0.015,13.477,35,0,32,0,0,35,1,1,0,0,0,1,0,0,0
21:51:31.225,14.8,6.8,314,78.5,4.8,0,59,53,0,0,1,55,50,8,0,0,0,0,0,0,0,2.2,12,190,1,40,40,19,39,19,40,39,38,39,-851583,8,4.863,0.015,13.429,36,0,32,0,0,35,1,1,0,0,0,1,0,0,0
21:51:31.325,12.1,7.1,314,84.6,4.7,0,59,53,0,0,1,54,50,8,0,0,0,0,0,0,0,1.9,12,190,1,40,40,19,39,19,40,39,38,39,-851583,8,4.863,0.015,13.415,35,0,32,0,0,35,1,1,0,0,0,1,0,0,0
21:51:31.425,18.9,7.3,314,88,5.6,0,59,53,0,0,1,54,48,8,0,0,0,0,0,0,0,2.7,12,190,1,40,40,19,39,19,40,39,38,39,-851583,8,4.863,0.015,13.456,35,0,32,0,0,35,1,1,0,0,0,1,0,0,0
21:51:31.525,23,7.4,313,88.4,5.6,0,58.3,53,0,0,1,54,49,8,0,0,0,0,0,0,0,2.7,12,190,1,40,40,19,39,19,40,39,38,39,-851583,8,4.863,0.015,13.422,35,0,32,0,0,35,1,1,0,0,0,1,0,0,0
21:51:31.625,24.1,7.5,313,81.9,5.3,0,58,53,0,0,1,54,49,8,0,0,0,0,0,0,0,2.3,12,190,1,40,40,19,39,19,40,39,38,39,-851583,8,4.863,0.015,13.435,35,0,32,0,0,35,1,1,0,0,0,1,0,0,0
21:51:31.725,32.3,7.8,313,78.4,5.4,0,58,53,0,0,1,54,49,8,0,0,0,0,0,0,0,2.7,12,190,1,40,40,19,39,19,40,38,38,39,-851583,8,4.863,0.015,13.435,35,0,32,0,0,35,1,1,0,0,0,1,0,0,0
21:51:31.825,39.4,8.2,312,93.8,6.5,0,58,53,0,0,1,52,49,8,0,0,0,0,0,0,0,3.4,12,190,1,40,40,19,39,19,40,39,38,39,-851583,8,4.863,0.015,13.422,35,0,32,0,0,35,1,1,0,0,0,1,0,0,0
21:51:31.925,50.7,8.4,313,98.6,6.8,0,58,53,0,0,1,52,49,8,0,0,0,0,0,0,0,3.3,12,190,1,40,40,19,39,19,40,38,38,39,-851583,8,4.863,0.015,13.415,35,0,32,0,0,35,1,1,0,0,0,1,0,0,0
21:51:32.025,65.3,8.8,313,99.4,7.4,0,58,53,0,0,1,54,49,8,0,0,0,0,0,0,0,3.9,12,190,1,40,40,19,38,19,40,39,38,39,-851583,8,4.863,0.015,13.442,35,0,32,0,0,35,1,1,0,0,0,1,0,0,0
21:51:32.125,81.4,9.2,312,92.9,7.5,0,58,53,0,0,1,57,49,8,0,0,0,0,0,0,0,4.3,12,190,1,40,40,19,39,19,40,38,38,39,-851583,8,4.863,0.015,13.408,35,0,32,0,0,35,1,1,0,0,0,1,0,0,0
21:51:32.225,98.4,9.3,313,99.4,7.5,0,58,53,0,0,1,56,49,8,0,0,0,0,0,0,0,4.8,12,190,1,40,40,19,39,19,40,38,38,39,-851583,8,4.863,0.015,13.401,35,0,32,0,0,35,1,1,0,0,0,1,0,0,0
21:51:32.325,118.2,10.1,312,97.4,9,0,58,52.9,0,0,1,56,49,8,0,0,0,0,0,0,0,5.7,12,190,1,40,40,19,38,19,40,38,38,39,-851583,8,4.863,0.015,13.388,35,0,32,0,0,35,1,1,0,0,0,1,0,0,0
21:51:32.425,134,10.1,313,110,9.1,0,58,52.8,0,0,1,56,49,8,0,0,0,0,0,0,0,5.4,12,190,1,40,40,19,39,19,40,38,38,39,-851583,8,4.863,0.015,13.408,35,0,32,0,0,35,1,1,0,0,0,1,0,0,0
21:51:32.525,151.6,10.5,313,92.2,7.5,0,58,52.9,0,0,1,55,49,8,0,0,0,0,0,0,0,4.3,12,190,1,40,40,19,38,19,40,38,38,39,-851583,8,4.863,0.015,13.415,35,0,32,0,0,35,1,1,0,0,0,1,0,0,0
21:51:32.625,168.1,10.6,312,89.5,8.1,0,58,52.9,0,0,1,56,48,8,0,0,0,0,0,0,0,5.3,12,190,1,40,40,19,39,19,40,39,38,39,-851583,8,4.863,0.015,13.415,35,0,32,0,0,35,1,1,0,0,0,1,0,0,0
21:51:32.725,181.1,10.7,312,66.2,6.3,0,58,52.8,0,0,1,55,49,8,0,0,0,0,0,0,0,4.4,12,190,1,40,40,19,39,19,40,39,38,39,-851583,8,4.863,0.015,13.422,35,0,32,0,0,35,1,1,0,0,0,1,0,0,0
21:51:32.825,190.2,9.9,313,49.7,4.4,0,58,52.8,0,0,1,54,49,8,0,0,0,0,0,0,0,2.7,12,190,1,40,40,19,37,19,40,39,38,39,-851583,8,4.863,0.015,13.442,35,0,32,0,0,35,1,1,0,0,0,1,0,0,0
21:51:32.925,186.1,10,313,25.9,2.2,0,58,52.9,0,0,1,55,50,8,0,0,0,0,0,0,0,1.8,12,190,1,40,40,19,38,19,40,39,38,39,-851583,8,4.863,0.015,13.442,35,0,32,0,0,35,1,1,0,0,0,1,0,0,0
21:51:33.025,178.4,3.8,314,28.6,1.9,0,58,52.8,0,0,1,54,50,8,0,0,0,0,0,0,0,0,12,190,1,40,40,19,19,19,40,39,38,39,-851583,8,4.863,0.015,13.429,35,0,32,0,0,35,1,1,0,0,0,1,0,0,0
21:51:33.125,135,3.1,316,0,0,0,58,52.9,0,0,1,55,49,8,0,0,0,0,0,0,0,0,12,190,1,40,40,19,38,19,40,39,38,39,-851583,8,4.863,0.015,13.456,35,0,32,0,0,35,1,1,0,0,0,1,0,0,0
21:51:33.225,142,2.5,315,0,0,0,58,52.9,0,0,1,55,49,8,0,0,0,0,0,0,0,0,12,190,1,40,40,19,38,19,40,38,38,39,-851583,8,4.863,0.015,13.483,35,0,32,0,0,35,1,1,0,0,0,1,0,0,0
21:51:33.325,131.9,2.8,315,0,0,0,58,52.9,0,0,1,55,49,8,0,0,0,0,0,0,0,0,12,190,1,40,40,19,38,19,40,38,38,39,-851583,8,4.863,0.015,13.463,35,0,32,0,0,35,1,1,0,0,0,1,0,0,0
21:51:33.425,110.9,2.3,315,0,0,0,58,52.9,0,0,1,55,49,8,0,0,0,0,0,0,0,0,12,190,1,40,40,19,37,19,40,39,38,39,-851583,8,4.863,0.015,13.463,35,0,32,0,0,35,1,1,0,0,0,1,0,0,0
21:51:33.525,100.1,1.7,316,0,0,0,58,52.9,0,0,1,55,49,8,0,0,0,0,0,0,0,0,12,190,1,40,40,19,38,19,40,38,38,39,-851583,8,4.863,0.015,13.497,35,0,32,0,0,35,1,1,0,0,0,1,0,0,0
21:51:33.625,82.9,2,315,0,0,0,58,52.9,0,0,1,52,49,8,0,0,0,0,0,0,0,0,12,190,1,40,40,19,38,19,40,39,38,39,-851583,8,4.863,0.015,13.47,35,0,32,0,0,35,1,1,0,0,0,1,0,0,0
21:51:33.725,67,1.8,315,0,0,0,58,52.9,0,0,1,55,50,8,0,0,0,0,0,0,0,0,12,190,1,40,40,19,37,19,40,39,38,39,-851583,8,4.863,0.015,13.456,35,0,32,0,0,35,1,1,0,0,0,1,0,0,0
21:51:33.825,49.6,1.3,315,0,0,0,57,52.9,0,0,1,54,49,8,0,0,0,0,0,0,0,0,12,190,1,40,40,19,39,19,40,39,38,39,-851583,8,4.863,0.015,13.463,35,0,32,0,0,35,1,1,0,0,0,1,0,0,0
21:51:33.925,30.4,0.4,315,0,0,0,57,52.9,0,0,1,52,49,8,0,0,0,0,0,0,0,0,12,190,1,40,40,19,38,19,40,39,38,39,-851583,8,4.863,0.015,13.456,35,0,32,0,0,35,1,1,0,0,0,1,0,0,0
21:51:34.025,12.2,-0.4,315,0,0,0,57,52.9,0,0,1,54,49,8,0,0,0,0,0,0,0,0,12,190,1,40,40,19,39,19,40,39,38,39,-851583,8,4.863,0.015,13.49,35,0,32,0,0,35,1,1,0,0,0,1,0,0,0
21:51:34.125,1.7,-0.6,316,0,0,0,57,52.9,0,0,1,54,49,8,0,0,0,0,0,0,0,0,12,190,1,40,40,19,39,19,40,39,38,39,-851583,8,4.863,0.015,13.463,35,0,32,0,0,35,1,1,0,0,0,1,0,0,0
21:51:34.225,0,-0.5,315,0,0,0,57,52.9,0,0,1,55,49,8,0,0,0,0,0,0,0,0,12,190,1,40,40,19,39,19,40,39,38,39,-851583,8,4.863,0.015,13.483,35,0,32,0,0,35,1,1,0,0,0,1,0,0,0
21:51:34.325,0.2,-0.6,316,0,0,0,57,52.9,0,0,1,54,49,8,0,0,0,0,0,0,0,0,12,190,1,40,40,19,39,19,40,39,38,39,-851583,8,4.863,0.015,13.49,35,0,32,0,0,35,1,1,0,0,0,1,0,0,0
21:51:34.425,0,-0.6,315,0,0,0,57,52.9,0,0,1,54,50,8,0,0,0,0,0,0,0,0,12,190,1,40,40,19,38,19,40,39,38,39,-851583,8,4.863,0.015,13.429,35,0,32,0,0,35,1,1,0,0,0,1,0,0,0
21:51:34.525,0,-0.5,315,0,0,0,57,52.9,0,0,1,52,49,8,0,0,0,0,0,0,0,0,12,190,1,40,40,19,39,19,40,38,38,39,-851583,8,4.863,0.015,13.442,35,0,32,0,0,35,1,1,0,0,0,1,0,0,0
21:51:34.625,0,-0.5,316,0,0,0,57,52.9,0,0,1,55,50,8,0,0,0,0,0,0,0,0,12,190,1,40,40,19,39,19,40,39,38,39,-851583,8,4.863,0.015,13.463,36,0,32,0,0,35,1,1,0,0,0,1,0,0,0
21:51:34.725,0,-0.4,316,0,0,0,57,52.9,0,0,1,54,49,8,0,0,0,0,0,0,0,0,12,190,1,40,40,19,38,19,40,38,38,39,-851583,8,4.863,0.015,13.497,35,0,32,0,0,35,1,1,0,0,0,1,0,0,0
21:51:34.825,0,-0.5,315,0,0,0,57,52.9,0,0,1,54,48,8,0,0,0,0,0,0,0,0,12,190,1,40,40,19,39,19,40,39,38,39,-851583,8,4.863,0.015,13.47,35,0,32,0,0,35,1,1,0,0,0,1,0,0,0
21:51:34.925,0,-0.4,315,0,0,0,57,52.9,0,0,1,55,50,8,0,0,0,0,0,0,0,0,12,190,1,40,40,19,39,19,40,39,38,39,-851583,8,4.863,0.015,13.456,35,0,32,0,0,35,1,1,0,0,0,1,0,0,0
21:51:35.025,0,-0.3,315,0,0,0,57,52.9,0,0,1,52,48,8,0,0,0,0,0,0,0,0,12,190,1,40,40,19,38,19,40,39,38,39,-851583,8,4.863,0.015,13.483,35,0,32,0,0,35,1,1,0,0,0,1,0,0,0
21:51:35.125,0,-0.5,315,0,0,0,57,52.9,0,0,1,51,48,8,0,0,0,0,0,0,0,0,12,190,1,40,40,19,38,19,40,39,38,39,-851583,8,4.863,0.015,13.463,35,0,32,0,0,35,1,1,0,0,0,1,0,0,0
21:51:35.225,0,-0.6,316,0,0,0,57,52.9,0,0,1,52,50,8,0,0,0,0,0,0,0,0,12,190,1,40,40,19,39,19,40,39,38,39,-851583,8,4.863,0.015,13.504,35,0,32,0,0,35,1,1,0,0,0,1,0,0,0
21:51:35.325,0,-0.6,315,0,0,0,57,52.9,0,0,1,52,50,8,0,0,0,0,0,0,0,0,12,190,1,40,40,19,39,19,40,39,38,39,-851583,8,4.863,0.015,13.449,35,0,32,0,0,35,1,1,0,0,0,1,0,0,0
21:51:35.425,0,-0.6,315,0,0,0,56,52.9,0,0,1,54,49,8,0,0,0,0,0,0,0,0,12,190,1,40,40,19,38,19,40,39,38,39,-851583,8,4.863,0.015,13.49,35,0,32,0,0,35,1,1,0,0,0,1,0,0,0
21:51:35.525,0,-0.5,315,0,0,0,56,52.9,0,0,1,54,50,8,0,0,0,0,0,0,0,0,12,190,1,40,40,19,38,19,40,39,38,39,-851583,8,4.863,0.015,13.49,35,0,32,0,0,35,1,1,0,0,0,1,0,0,0
21:51:35.625,0,-0.6,316,0,0,0,56,52.9,0,0,1,52,50,8,0,0,0,0,0,0,0,0,12,190,1,40,40,19,39,19,40,39,38,39,-851583,8,4.863,0.015,13.477,35,0,32,0,0,35,1,1,0,0,0,1,0,0,0
21:51:35.725,0,-0.4,315,0,0,0,56,52.9,0,0,1,52,49,8,0,0,0,0,0,0,0,0,12,190,1,40,40,19,39,19,40,39,38,39,-851583,8,4.863,0.015,13.456,35,0,32,0,0,35,1,1,0,0,0,1,0,0,0
21:51:35.825,0,-0.5,316,0,0,0,56,52.9,0,0,1,52,49,8,0,0,0,0,0,0,0,0,12,190,1,40,40,19,39,19,40,39,38,39,-851583,8,4.863,0.015,13.483,35,0,32,0,0,35,1,1,0,0,0,1,0,0,0
21:51:35.925,0,-0.4,315,0,0,0,56,52.9,0,0,1,56,50,8,0,0,0,0,0,0,0,0,12,190,1,40,40,19,39,19,40,39,38,39,-851583,8,4.863,0.015,13.477,35,0,32,0,0,35,1,1,0,0,0,1,0,0,0
21:51:36.025,0,-0.4,315,0,0,0,56,52.9,0,0,1,55,49,8,0,0,0,0,0,0,0,0,12,190,1,40,40,19,39,19,40,39,38,39,-851583,8,4.863,0.015,13.463,35,0,32,0,0,35,1,1,0,0,0,1,0,0,0
21:51:36.125,0,-0.5,316,0,0,0,56,52.9,0,0,1,56,51,8,0,0,0,0,0,0,0,0,12,190,1,40,40,19,39,19,40,39,38,39,-851583,8,4.863,0.015,13.483,35,0,32,0,0,35,1,1,0,0,0,1,0,0,0
21:51:36.225,0,-0.6,315,0,0,0,56,52.9,0,0,1,55,49,8,0,0,0,0,0,0,0,0,12,190,1,40,40,19,39,19,40,39,38,39,-851583,8,4.863,0.015,13.435,35,0,32,0,0,35,1,1,0,0,0,1,0,0,0
21:51:36.325,0,-0.4,316,0,0,0,56,52.9,0,0,1,55,50,8,0,0,0,0,0,0,0,0,12,190,1,40,40,19,38,19,40,39,38,39,-851583,8,4.863,0.015,13.483,35,0,32,0,0,35,1,1,0,0,0,1,0,0,0
21:51:36.425,0,-0.5,315,0,0,0,56,52.9,0,0,1,55,50,8,0,0,0,0,0,0,0,0,12,190,1,40,40,19,38,19,40,39,38,39,-851583,8,4.863,0.015,13.435,35,0,32,0,0,35,1,1,0,0,0,1,0,0,0
21:51:36.525,0,-0.3,315,0,0,0,56,52.9,0,0,1,54,52,8,0,0,0,0,0,0,0,0,12,190,1,40,40,19,39,19,40,39,38,39,-851583,8,4.863,0.015,13.47,35,0,32,0,0,35,1,1,0,0,0,1,0,0,0
21:51:36.625,0,-0.6,316,0,0,0,56,52.9,0,0,1,54,51,8,0,0,0,0,0,0,0,0,12,190,1,40,40,19,38,19,40,39,38,39,-851583,8,4.863,0.015,13.47,35,0,32,0,0,35,1,1,0,0,0,1,0,0,0
21:51:36.725,0,-0.6,315,0,0,0,56,52.9,0,0,1,54,51,8,0,0,0,0,0,0,0,0,12,190,1,40,40,19,38,19,40,39,38,39,-851583,8,4.863,0.015,13.524,35,0,32,0,0,35,1,1,0,0,0,1,0,0,0
21:51:36.825,0,-0.4,315,0,0,0,56,52.9,0,0,1,54,49,8,0,0,0,0,0,0,0,0,12,190,1,40,40,19,39,19,40,39,38,39,-851583,8,4.863,0.015,13.463,35,0,32,0,0,35,1,1,0,0,0,1,0,0,0
21:51:36.925,0,-0.4,316,0,0,0,56,52.9,0,0,1,54,50,8,0,0,0,0,0,0,0,0,12,190,1,40,40,19,40,19,40,39,38,39,-851583,8,4.863,0.015,13.477,35,0,32,0,0,35,1,1,0,0,0,1,0,0,0
21:51:37.025,0,-0.4,315,0,0,0,56,52.9,0,0,1,54,50,8,0,0,0,0,0,0,0,0,12,190,1,40,40,19,39,19,40,39,38,39,-851583,8,4.863,0.015,13.463,35,0,32,0,0,35,1,1,0,0,0,1,0,0,0
21:51:37.125,0,-0.4,315,0,0,0,55.9,52.9,0,0,1,54,50,8,0,0,0,0,0,0,0,0,12,190,1,40,40,19,39,19,40,39,38,39,-851583,8,4.863,0.015,13.463,35,0,32,0,0,35,1,1,0,0,0,1,0,0,0
21:51:37.225,0,-0.5,315,0,0,0,55,52.8,0,0,1,52,49,8,0,0,0,0,0,0,0,0,12,190,1,40,40,19,39,19,40,38,38,39,-851583,8,4.863,0.015,13.47,35,0,32,0,0,35,1,1,0,0,0,1,0,0,0
21:51:37.325,0,-0.5,315,0,0,0,55,52.9,0,0,1,54,50,8,0,0,0,0,0,0,0,0,12,190,1,40,40,19,39,19,40,39,38,39,-851583,8,4.863,0.015,13.49,35,0,32,0,0,35,1,1,0,0,0,1,0,0,0
21:51:37.425,0,-0.6,316,0,0,0,55,52.8,0,0,1,52,50,8,0,0,0,0,0,0,0,0,12,190,1,40,40,19,39,19,40,38,38,39,-851583,8,4.863,0.015,13.477,35,0,32,0,0,35,1,1,0,0,0,1,0,0,0
21:51:37.525,0,-0.7,314,0,0,0,55,52.7,0,0,1,52,50,8,0,0,0,0,0,0,0,0,12,190,1,40,40,19,39,19,40,39,38,39,-851583,8,4.863,0.015,13.49,35,0,32,0,0,35,1,1,0,0,0,1,0,0,0
21:51:37.625,0,-0.5,315,0,0,0,55,52.6,0,0,1,52,50,8,0,0,0,0,0,0,0,0,12,190,1,40,40,19,39,19,40,38,38,39,-851583,8,4.863,0.015,13.456,35,0,32,0,0,35,1,1,0,0,0,1,0,0,0
21:51:37.725,0,-0.5,314,0,0,0,55,52.6,0,0,1,52,50,8,0,0,0,0,0,0,0,0,12,190,1,40,40,19,39,19,40,38,38,39,-851583,8,4.863,0.015,13.497,35,0,32,0,0,35,1,1,0,0,0,1,0,0,0
21:51:37.825,0,-0.4,315,0,0,0,55,52.4,0,0,1,54,51,8,0,0,0,0,0,0,0,0,12,190,1,40,40,19,39,19,40,38,38,39,-851583,8,4.863,0.015,13.483,35,0,32,0,0,35,1,1,0,0,0,1,0,0,0
21:51:37.925,0,-0.5,315,0,0,0,55,52.3,0,0,1,52,50,8,0,0,0,0,0,0,0,0,12,190,1,40,40,19,39,19,40,38,38,39,-851583,8,4.863,0.015,13.435,35,0,32,0,0,35,1,1,0,0,0,1,0,0,0
21:51:38.025,0,0.8,314,1.7,0,0,55,52,0,0,1,52,50,8,0,0,0,0,0,0,0,0.1,12,190,1,40,40,19,38,19,40,38,38,39,-851583,8,4.863,0.015,13.456,35,0,32,0,0,35,1,1,0,0,0,1,0,0,0
21:51:38.125,14.4,7,313,20.8,1.2,0,55,52,0,0,1,52,50,8,0,0,0,0,0,0,0,0.7,12,190,1,40,40,19,39,19,40,39,38,39,-851583,8,4.863,0.015,13.429,35,0,32,0,0,35,1,1,0,0,0,1,0,0,0
21:51:38.225,14.2,6.7,314,31.2,1.5,0,55,52,0,0,1,52,50,7,0,0,0,0,0,0,0,0.8,12,190,1,40,40,19,39,19,40,39,38,39,-851583,8,4.863,0.015,13.415,35,0,32,0,0,35,1,1,0,0,0,1,0,0,0
21:51:38.325,7.2,6.9,313,50.9,2.9,0,55,52,0,0,1,52,50,8,0,0,0,0,0,0,0,1.3,12,190,1,40,40,19,38,19,40,39,38,39,-851583,8,4.863,0.015,13.415,35,0,32,0,0,35,1,1,0,0,0,1,0,0,0
21:51:38.425,9.6,7,314,68.8,3.8,0,55,52,0,0,1,52,51,8,0,0,0,0,0,0,0,1.8,12,190,1,40,40,19,39,19,40,39,38,39,-851583,8,4.863,0.015,13.449,35,0,32,0,0,35,1,1,0,0,0,1,0,0,0
21:51:38.525,18.1,7.7,312,100,7.1,0,55,52,0,0,1,54,52,7,0,0,0,0,0,0,0,3.4,12,190,1,40,40,19,38,19,40,39,38,39,-851583,8,4.863,0.015,13.429,35,0,32,0,0,35,1,1,0,0,0,1,0,0,0
21:51:38.625,26.8,8,313,94.7,6,0,55,52,0,0,1,52,51,8,0,0,0,0,0,0,0,2.8,12,190,1,40,40,19,39,19,40,39,38,39,-851583,8,4.863,0.015,13.408,35,0,32,0,0,35,1,1,0,0,0,1,0,0,0
21:51:38.725,43,8.3,313,105.3,7.1,0,55,52,0,0,1,54,51,8,0,0,0,0,0,0,0,3.3,12,190,1,40,40,19,39,19,40,38,38,39,-851583,8,4.863,0.015,13.422,35,0,32,0,0,35,1,1,0,0,0,1,0,0,0
21:51:38.825,54.9,8.3,313,102.2,7.8,0,55,52,0,0,1,54,51,8,0,0,0,0,0,0,0,4.4,12,190,1,40,40,19,37,19,40,38,38,39,-851583,8,4.863,0.015,13.429,35,0,32,0,0,35,1,1,0,0,0,1,0,0,0
21:51:38.925,70.4,8.6,314,98.8,7.8,0,55,52,0,0,1,52,51,8,0,0,0,0,0,0,0,4.3,12,190,1,40,40,19,38,19,40,39,38,39,-851583,8,4.863,0.015,13.381,35,0,32,0,0,35,1,1,0,0,0,1,0,0,0
21:51:39.025,87.5,9.1,313,122.5,8.7,0,55,52,0,0,1,52,50,8,0,0,0,0,0,0,0,4.7,12,190,1,40,40,19,19,19,40,38,38,39,-851583,8,4.863,0.015,13.422,35,0,32,0,0,35,1,1,0,0,0,1,0,0,0
21:51:39.125,103.9,9.4,313,112.3,8.7,0,55,52,0,0,1,54,51,8,0,0,0,0,0,0,0,4.7,12,190,1,40,40,19,38,19,40,39,38,39,-851583,8,4.863,0.015,13.415,35,0,32,0,0,35,1,1,0,0,0,1,0,0,0
21:51:39.225,123,10.3,312,105.4,9.3,0,55,52,0,0,1,52,50,8,0,0,0,0,0,0,0,5,12,190,1,40,40,19,38,19,40,39,38,39,-851583,8,4.863,0.015,13.415,35,0,32,0,0,35,1,1,0,0,0,1,0,0,0
21:51:39.325,141,10.7,313,108.1,8.9,0,55,52,0,0,1,54,49,8,0,0,0,0,0,0,0,5.5,12,190,1,40,40,19,38,19,40,39,38,39,-851583,8,4.863,0.015,13.422,35,0,32,0,0,35,1,1,0,0,0,1,0,0,0
21:51:39.425,157.2,10.9,312,108.8,9.8,0,55,52,0,0,1,55,51,8,0,0,0,0,0,0,0,6.1,12,190,1,40,40,19,37,19,40,39,38,39,-851583,8,4.863,0.015,13.429,35,0,32,0,0,35,1,1,0,0,0,1,0,0,0
21:51:39.525,171.9,11,313,101.9,8.7,0,55,52,0,0,1,54,51,8,0,0,0,0,0,0,0,5,12,190,1,40,40,19,38,19,40,39,38,39,-851583,8,4.863,0.015,13.435,35,0,32,0,0,35,1,1,0,0,0,1,0,0,0
21:51:39.625,181.8,10.8,312,95.2,9,0,55,52,0,0,1,52,50,8,0,0,0,0,0,0,0,5.6,12,190,1,40,40,19,38,19,40,39,38,39,-851583,8,4.863,0.015,13.429,35,0,32,0,0,35,1,1,0,0,0,1,0,0,0
21:51:39.725,193,11.5,313,96.3,9.7,0,55,52,0,0,1,56,51,8,0,0,0,0,0,0,0,6,12,190,1,40,40,19,37,19,40,39,38,39,-851583,8,4.863,0.015,13.435,35,0,32,0,0,35,1,1,0,0,0,1,0,0,0
21:51:39.825,204.5,11.2,312,109.6,9.7,0,55,52,0,0,1,55,50,8,0,0,0,0,0,0,0,5.6,12,190,1,40,40,19,39,19,40,39,38,39,-851583,8,4.863,0.015,13.435,35,0,32,0,0,35,1,1,0,0,0,1,0,0,0
21:51:39.925,219,11.8,312,105.1,9.8,0,55,52,0,0,1,55,51,8,0,0,0,0,0,0,0,5.8,12,190,1,40,40,19,38,19,40,39,38,39,-851583,8,4.863,0.015,13.429,35,0,32,0,0,35,1,1,0,0,0,1,0,0,0
21:51:40.025,232.5,12.4,313,97,9.8,0,55,51.9,0,0,1,55,51,8,0,0,0,0,0,0,0,6.7,12,190,1,40,40,19,39,19,40,38,38,39,-851583,8,4.863,0.015,13.394,35,0,32,0,0,35,1,1,0,0,0,1,0,0,0
21:51:40.125,247,12.6,312,100.2,10.8,0,55,51.9,0,0,1,57,54,8,0,0,0,0,0,0,0,6.6,12,190,1,40,40,19,39,19,40,39,38,39,-851583,8,4.863,0.015,13.429,35,0,32,0,0,35,1,1,0,0,0,1,0,0,0
21:51:40.225,255.8,12.6,312,85,8.4,0,55,51.9,0,0,1,54,52,8,0,0,0,0,0,0,0,6.4,12,190,1,40,40,19,39,19,40,38,38,39,-851583,8,4.863,0.015,13.408,35,0,32,0,0,35,1,1,0,0,0,1,0,0,0
21:51:40.325,261.9,12.3,312,79.1,8.3,0,55,51.9,0,0,1,55,52,8,0,0,0,0,0,0,0,5.9,12,190,1,40,40,19,39,19,40,39,38,39,-851583,8,4.863,0.015,13.442,35,0,32,0,0,35,1,1,0,0,0,1,0,0,0
21:51:40.425,266.6,12.8,312,80.5,7.9,0,55,51.9,0,0,1,55,52,8,0,0,0,0,0,0,0,5.4,12,190,1,40,40,19,38,19,40,39,38,39,-851583,8,4.863,0.015,13.442,35,0,32,0,0,35,1,1,0,0,0,1,0,0,0
21:51:40.525,274.1,13.1,312,82.4,8.5,0,55,51.9,0,0,1,54,54,8,0,0,0,0,0,0,0,6.4,12,190,1,40,40,19,39,19,40,39,38,39,-851583,8,4.863,0.015,13.422,35,0,32,0,0,35,1,1,0,0,0,1,0,0,0
21:51:40.625,284.2,13.9,312,104.6,11.9,0,55,51.9,0,0,1,55,52,8,0,0,0,0,0,0,0,7.6,12,190,1,40,40,19,39,19,40,39,38,39,-851583,8,4.863,0.015,13.422,35,0,32,0,0,35,1,1,0,0,0,1,0,0,0
21:51:40.725,304.5,14.1,311,116.2,12.6,0,55,51.8,0,0,1,54,51,8,0,0,0,0,0,0,0,9,12,190,1,40,40,19,38,19,40,39,38,39,-851583,8,4.863,0.015,13.442,35,0,32,0,0,35,1,1,0,0,0,1,0,0,0
21:51:40.825,316.7,14.4,312,110.2,13.5,0,55,51.8,0,0,1,54,51,8,0,0,0,0,0,0,0,8.7,12,190,1,40,40,19,39,19,40,39,38,39,-851583,8,4.863,0.015,13.408,35,0,32,0,0,35,1,1,0,0,0,1,0,0,0
21:51:40.925,328.7,14.1,312,83.1,10.4,0,55,51.5,0,0,1,55,51,8,0,0,0,0,0,0,0,7.1,12,190,1,40,40,19,39,19,40,39,38,39,-851583,8,4.863,0.015,13.408,35,0,32,0,0,35,1,1,0,0,0,1,0,0,0
21:51:41.025,333.9,13.9,311,79.9,8.8,0,55,51.8,0,0,1,55,51,8,0,0,0,0,0,0,0,6.4,12,190,1,40,40,19,38,19,40,39,38,39,-851583,8,4.863,0.015,13.435,35,0,32,0,0,35,1,1,0,0,0,1,0,0,0
21:51:41.125,342.5,14.4,312,97.1,10.9,0,55,51.6,0,0,1,56,51,8,0,0,0,0,0,0,0,8.1,12,190,1,40,40,19,38,19,40,39,38,39,-851583,8,4.863,0.015,13.429,35,0,32,0,0,35,1,1,0,0,0,1,0,0,0
21:51:41.225,353.7,14.9,312,108.9,13.9,0,55,51.7,0,0,1,55,52,8,0,0,0,0,0,0,0,9.9,12,190,1,40,40,19,39,19,40,39,38,39,-851583,8,4.863,0.015,13.381,35,0,32,0,0,35,1,1,0,0,0,1,0,0,0
21:51:41.325,374.2,15.2,311,119.1,14.9,0,55,51.6,0,0,1,55,52,8,0,0,0,0,0,0,0,10.5,12,190,1,40,40,19,39,19,40,39,38,39,-851583,8,4.863,0.015,13.401,35,0,32,0,0,35,1,1,0,0,0,1,0,0,0
21:51:41.425,381.4,14.9,311,97.6,12.2,0,55,51.6,0,0,1,55,51,8,0,0,0,0,0,0,0,8.9,12,190,1,40,40,19,38,19,40,39,38,39,-851583,8,4.863,0.015,13.401,35,0,32,0,0,35,1,1,0,0,0,1,0,0,0
21:51:41.525,380.6,14,313,54.1,6.5,0,55,51.6,0,0,1,55,51,8,0,0,0,0,0,0,0,4.7,12,190,1,40,40,19,38,19,40,39,38,39,-851583,8,4.863,0.015,13.449,35,0,32,0,0,35,1,1,0,0,0,1,0,0,0
21:51:41.625,372.9,13.9,313,37.2,4.6,0,55,51.5,0,0,1,56,51,8,0,0,0,0,0,0,0,3.2,12,190,1,40,40,19,39,19,40,39,38,39,-851583,8,4.863,0.015,13.422,35,0,32,0,0,35,1,1,0,0,0,1,0,0,0
21:51:41.725,380.7,14.2,312,61.5,7.3,0,55,51.6,0,0,1,55,51,8,0,0,0,0,0,0,0,4.8,12,190,1,40,40,19,39,19,40,39,38,39,-851583,8,4.863,0.015,13.415,35,0,32,0,0,35,1,1,0,0,0,1,0,0,0
21:51:41.825,382.3,14.5,312,67.1,7.7,0,55,51.2,0,0,1,56,52,7,0,0,0,0,0,0,0,5.6,12,190,1,40,40,19,39,19,40,39,38,39,-851583,8,4.863,0.015,13.422,35,0,32,0,0,35,1,1,0,0,0,1,0,0,0
21:51:41.925,377.3,14.4,312,61.9,7.6,0,55,51.4,0,0,1,56,51,8,0,0,0,0,0,0,0,5.3,12,190,1,40,40,19,39,19,40,39,38,39,-851583,8,4.863,0.015,13.429,35,0,32,0,0,35,1,1,0,0,0,1,0,0,0
21:51:42.025,373,14.1,313,53.7,6.2,0,55,51.4,0,0,1,55,51,8,0,0,0,0,0,0,0,4.3,12,190,1,40,40,19,39,19,40,39,38,39,-851583,8,4.863,0.015,13.401,35,0,32,0,0,35,1,1,0,0,0,1,0,0,0
21:51:42.125,368.4,14.1,311,58,6.6,0,54.7,51.4,0,0,1,54,51,8,0,0,0,0,0,0,0,5,12,190,1,40,40,19,39,19,40,39,38,39,-851583,8,4.863,0.015,13.442,35,0,32,0,0,35,1,1,0,0,0,1,0,0,0
21:51:42.225,369.7,14.2,313,51.5,5.9,0,54.1,51.3,0,0,1,55,52,8,0,0,0,0,0,0,0,4.6,12,190,1,40,40,19,39,19,40,39,38,39,-851583,8,4.863,0.015,13.422,35,0,32,0,0,35,1,1,0,0,0,1,0,0,0
21:51:42.325,369.8,14.3,312,60.7,7.1,0,54,51.2,0,0,1,54,51,8,0,0,0,0,0,0,0,5.3,12,190,1,40,40,19,38,19,40,39,38,39,-851583,8,4.863,0.015,13.367,35,0,32,0,0,35,1,1,0,0,0,1,0,0,0
21:51:42.425,368,14.3,312,53.9,6.4,0,54,51.1,0,0,1,54,52,8,0,0,0,0,0,0,0,4.9,12,190,1,40,40,19,38,19,40,39,38,39,-851583,8,4.863,0.015,13.429,35,0,32,0,0,35,1,1,0,0,0,1,0,0,0
21:51:42.525,360,14,312,59.2,6.9,0,54,51,0,0,1,55,51,8,0,0,0,0,0,0,0,4.9,12,190,1,40,40,19,39,19,40,39,38,39,-851583,8,4.863,0.015,13.381,35,0,32,0,0,35,1,1,0,0,0,1,0,0,0
21:51:42.625,355.3,13.8,313,53.3,6.3,0,54,51.1,0,0,1,55,52,8,0,0,0,0,0,0,0,4.5,12,190,1,40,40,19,38,19,40,39,38,39,-851583,8,4.863,0.015,13.408,35,0,32,0,0,35,1,1,0,0,0,1,0,0,0
21:51:42.725,357.8,13.8,314,50.3,5.6,0,54,51.1,0,0,1,55,51,8,0,0,0,0,0,0,0,4.5,12,190,1,40,40,19,38,19,40,38,38,39,-851583,8,4.863,0.015,13.422,35,0,32,0,0,35,1,1,0,0,0,1,0,0,0
21:51:42.825,357.1,13.7,312,51,5.7,0,54,51.1,0,0,1,55,51,8,0,0,0,0,0,0,0,4.2,12,190,1,40,40,19,39,19,40,39,38,39,-851583,8,4.863,0.015,13.388,35,0,32,0,0,35,1,1,0,0,0,1,0,0,0
21:51:42.925,348.9,13.6,312,49.5,5.3,0,54,51,0,0,1,55,51,8,0,0,0,0,0,0,0,3.7,12,190,1,40,40,19,40,19,40,38,38,39,-851583,8,4.863,0.015,13.415,35,0,32,0,0,35,1,1,0,0,0,1,0,0,0
21:51:43.025,339.8,13.4,313,53,5.6,0,54,51,0,0,1,55,51,8,0,0,0,0,0,0,0,4,12,190,1,40,40,19,39,19,40,39,38,39,-851583,8,4.863,0.015,13.408,35,0,32,0,0,35,1,1,0,0,0,1,0,0,0
21:51:43.125,338.5,13.4,312,51.4,5.6,0,54,51,0,0,1,55,50,8,0,0,0,0,0,0,0,4,12,190,1,40,40,19,39,19,40,38,38,39,-851583,8,4.863,0.015,13.401,35,0,32,0,0,35,1,1,0,0,0,1,0,0,0
21:51:43.225,330.7,13.3,312,48.9,5.2,0,54,51,0,0,1,55,51,8,0,0,0,0,0,0,0,3.8,12,190,1,40,40,19,39,19,40,39,38,39,-851583,8,4.863,0.015,13.374,35,0,32,0,0,35,1,1,0,0,0,1,0,0,0
21:51:43.325,327.9,13.3,312,51.7,5.4,0,54,51,0,0,1,55,52,8,0,0,0,0,0,0,0,3.7,12,190,1,40,40,19,39,19,40,38,38,39,-851583,8,4.863,0.015,13.415,35,0,32,0,0,35,1,1,0,0,0,1,0,0,0
21:51:43.425,322.1,12.9,314,47.5,5.1,0,54,51,0,0,1,58,51,8,0,0,0,0,0,0,0,3.8,12,190,1,40,40,19,39,19,40,38,38,39,-851583,8,4.863,0.015,13.388,35,0,32,0,0,35,1,1,0,0,0,1,0,0,0
21:51:43.525,313.7,12.9,312,47.9,5.4,0,54,51,0,0,1,57,51,8,0,0,0,0,0,0,0,3.9,12,190,1,40,40,19,39,19,40,38,38,39,-851583,8,4.863,0.015,13.367,35,0,32,0,0,35,1,1,0,0,0,1,0,0,0
21:51:43.625,307.9,12.6,314,48.8,5,0,54,51,0,0,1,57,50,8,0,0,0,0,0,0,0,3.9,12,190,1,40,40,19,39,19,40,39,38,39,-851583,8,4.863,0.015,13.381,35,0,32,0,0,35,1,1,0,0,0,1,0,0,0
21:51:43.725,299.3,12.7,313,50.6,5,0,54,51,0,0,1,55,52,8,0,0,0,0,0,0,0,3.6,12,190,1,40,40,19,39,19,40,39,38,39,-851583,8,4.863,0.015,13.401,35,0,32,0,0,35,1,1,0,0,0,1,0,0,0
21:51:43.825,293.9,12.1,313,55.5,5.4,0,54,51,0,0,1,57,51,8,0,0,0,0,0,0,0,3.6,12,190,1,40,40,19,39,19,40,39,38,39,-851583,8,4.863,0.015,13.381,35,0,32,0,0,35,1,1,0,0,0,1,0,0,0
21:51:43.925,281.7,12,312,41,3.8,0,54,51,0,0,1,55,51,8,0,0,0,0,0,0,0,2.8,12,190,1,40,40,19,39,19,40,39,38,39,-851583,8,4.863,0.015,13.381,35,0,32,0,0,35,1,1,0,0,0,1,0,0,0
21:51:44.025,269.8,12.2,313,27.4,2.9,0,54,51,0,0,1,55,52,8,0,0,0,0,0,0,0,2.1,12,190,1,40,40,19,38,19,40,39,38,39,-851583,8,4.863,0.015,13.394,35,0,32,0,0,35,1,1,0,0,0,1,0,0,0
21:51:44.125,267.8,11.6,313,46,4.4,0,54,51,0,0,1,55,51,8,0,0,0,0,0,0,0,2.7,12,190,1,40,40,19,39,19,40,39,38,39,-851583,8,4.863,0.015,13.422,35,0,32,0,0,35,1,1,0,0,0,1,0,0,0
21:51:44.225,257.8,11.5,312,47.5,4.5,0,54,51,0,0,1,55,52,8,0,0,0,0,0,0,0,2.8,12,190,1,40,40,19,39,19,40,38,38,39,-851583,8,4.863,0.015,13.408,35,0,32,0,0,35,1,1,0,0,0,1,0,0,0
21:51:44.325,268.9,11.3,312,46.3,4.1,0,54,51,0,0,1,55,52,8,0,0,0,0,0,0,0,3,12,190,1,40,40,19,38,19,40,38,38,39,-851583,8,4.863,0.015,13.415,35,0,32,0,0,35,1,1,0,0,0,1,0,0,0
21:51:44.425,230,10.6,313,42.5,3.6,0,54,51,0,0,1,55,51,8,0,0,0,0,0,0,0,2.3,12,190,1,40,40,19,39,19,40,39,38,39,-851583,8,4.863,0.015,13.394,35,0,32,0,0,35,1,1,0,0,0,1,0,0,0
21:51:44.525,229.6,10.7,314,40.2,3.7,0,54,51,0,0,1,55,51,8,0,0,0,0,0,0,0,2.3,12,190,1,40,40,19,38,19,40,38,38,39,-851583,8,4.868,0.015,13.374,35,0,32,0,0,35,1,1,0,0,0,1,0,0,0
21:51:44.625,217.6,10.5,314,38.2,3.6,0,54,51,0,0,1,56,54,8,0,0,0,0,0,0,0,2.4,12,190,1,40,40,19,39,19,40,38,38,39,-851583,8,4.863,0.015,13.415,35,0,32,0,0,35,1,1,0,0,0,1,0,0,0
21:51:44.725,208.2,10.2,314,29.5,2.4,0,54,51,0,0,1,56,50,8,0,0,0,0,0,0,0,2,12,190,1,40,40,19,39,19,40,39,38,39,-851583,8,4.863,0.015,13.401,35,0,32,0,0,35,1,1,0,0,0,1,0,0,0
21:51:44.825,199.5,10.1,313,29.6,2.7,0,54,51,0,0,1,56,51,8,0,0,0,0,0,0,0,1.7,12,190,1,40,40,19,37,19,40,39,38,39,-851583,8,4.863,0.015,13.415,35,0,32,0,0,35,1,1,0,0,0,1,0,0,0
21:51:44.925,183.6,9.4,313,34.5,2.8,0,54,51,0,0,1,55,52,8,0,0,0,0,0,0,0,2.1,12,190,1,40,40,19,38,19,40,39,38,39,-851583,8,4.863,0.015,13.401,35,0,32,0,0,35,1,1,0,0,0,1,0,0,0
21:51:45.025,168.3,9.1,314,32.7,2.6,0,54,51,0,0,1,55,52,8,0,0,0,0,0,0,0,1.5,12,190,1,40,40,19,19,19,40,39,38,39,-851583,8,4.863,0.015,13.435,35,0,32,0,0,35,1,1,0,0,0,1,0,0,0
21:51:45.125,155.8,9.2,312,31.5,2.2,0,54,51,0,0,1,55,52,8,0,0,0,0,0,0,0,1.3,12,190,1,40,40,19,38,19,40,39,38,39,-851583,8,4.863,0.015,13.394,35,0,32,0,0,35,1,1,0,0,0,1,0,0,0
21:51:45.225,139.8,9,313,34.7,2.2,0,54,51,0,0,1,55,50,8,0,0,0,0,0,0,0,1.7,12,190,1,40,40,19,38,19,40,39,38,39,-851583,8,4.863,0.015,13.422,35,0,32,0,0,35,1,1,0,0,0,1,0,0,0
21:51:45.325,123.4,8.2,313,40,2.8,0,54,51,0,0,1,54,52,8,0,0,0,0,0,0,0,1.5,12,190,1,40,40,19,38,19,40,39,38,39,-851583,8,4.863,0.015,13.429,35,0,32,0,0,35,1,1,0,0,0,1,0,0,0
21:51:45.425,110.8,8,315,38.7,2.5,0,54,51,0,0,1,55,52,8,0,0,0,0,0,0,0,1.5,12,190,1,40,40,19,37,19,40,39,38,39,-851583,8,4.863,0.015,13.401,35,0,32,0,0,35,1,1,0,0,0,1,0,0,0
21:51:45.525,91,7.5,313,29.1,1.7,0,54,51,0,0,1,56,52,8,0,0,0,0,0,0,0,1.1,12,190,1,40,40,19,38,19,40,38,38,39,-851583,8,4.863,0.015,13.401,35,0,32,0,0,35,1,1,0,0,0,1,0,0,0
21:51:45.625,71.2,7.3,313,40.3,2.5,0,54,51,0,0,1,55,51,8,0,0,0,0,0,0,0,1.4,12,190,1,40,40,19,38,19,40,39,38,39,-851583,8,4.863,0.015,13.408,35,0,32,0,0,35,1,1,0,0,0,1,0,0,0
21:51:45.725,76.5,8.3,313,36.5,2.5,0,54,51,0,0,1,55,51,7,0,0,0,0,0,0,0,1.6,12,190,1,40,40,19,37,19,40,38,38,39,-851583,8,4.863,0.015,13.394,35,0,32,0,0,35,1,1,0,0,0,1,0,0,0
21:51:45.825,42,6.8,314,35,2,0,54,51,0,0,1,55,52,7,0,0,0,0,0,0,0,1,12,190,1,40,40,19,39,19,40,39,38,39,-851583,8,4.863,0.015,13.381,35,0,32,0,0,35,1,1,0,0,0,1,0,0,0
21:51:45.925,30.1,6.7,313,34.8,2.1,0,54,51,0,0,1,54,49,8,0,0,0,0,0,0,0,1,12,190,1,40,40,19,38,19,40,39,38,39,-851583,8,4.863,0.015,13.394,35,0,32,0,0,35,1,1,0,0,0,1,0,0,0
21:51:46.025,18.6,6.6,313,36.1,1.9,0,54,51,0,0,1,54,51,8,0,0,0,0,0,0,0,0.9,12,190,1,40,40,19,39,19,40,39,38,39,-851583,8,4.863,0.015,13.422,35,0,32,0,0,35,1,1,0,0,0,1,0,0,0
21:51:46.125,8.5,6.5,314,32.7,1.8,0,54,51,0,0,1,54,49,8,0,0,0,0,0,0,0,0.8,12,190,1,40,40,19,39,19,40,39,38,39,-851583,8,4.863,0.015,13.401,35,0,32,0,0,35,1,1,0,0,0,1,0,0,0
21:51:46.225,2.6,6.3,314,36.7,1.8,0,54,51,0,0,1,54,51,8,0,0,0,0,0,0,0,0.8,12,190,1,40,40,19,39,19,40,39,38,39,-851583,8,4.863,0.015,13.388,35,0,32,0,0,35,1,1,0,0,0,1,0,0,0
21:51:46.325,0.3,6.2,313,34.1,1.7,0,54,51,0,0,1,55,52,8,0,0,0,0,0,0,0,0.8,12,190,1,40,40,19,39,19,40,39,38,39,-851583,8,4.863,0.015,13.408,35,0,32,0,0,35,1,1,0,0,0,1,0,0,0
21:51:46.425,0,6.3,313,33.5,1.7,0,54,51,0,0,1,55,51,8,0,0,0,0,0,0,0,0.8,12,190,1,40,40,19,38,19,40,39,38,39,-851583,8,4.863,0.015,13.388,35,0,32,0,0,35,1,1,0,0,0,1,0,0,0
21:51:46.525,0,6.2,314,34.1,1.6,0,54,51,0,0,1,54,51,8,0,0,0,0,0,0,0,0.7,12,190,1,40,40,19,39,19,40,39,38,39,-851583,8,4.863,0.015,13.401,35,0,32,0,0,35,1,1,0,0,0,1,0,0,0
21:51:46.625,-27.9,0.1,315,0,0,0,54,51.9,0,0,1,54,52,8,0,0,0,0,0,0,0,0,12,190,1,40,40,19,39,19,40,39,38,39,-851583,8,4.863,0.015,13.442,36,0,32,0,0,35,1,1,0,0,0,1,0,0,0
21:51:46.725,-3.3,0.6,315,0,0,0,54,51.9,0,0,1,55,52,7,0,0,0,0,0,0,0,0,12,190,1,40,40,19,38,19,40,39,38,39,-851583,8,4.863,0.015,13.449,35,0,32,0,0,35,1,1,0,0,0,1,0,0,0
21:51:46.825,-0.4,0.5,315,0,0,0,54,51.9,0,0,1,54,50,7,0,0,0,0,0,0,0,0,12,190,1,40,40,19,39,19,40,39,38,39,-851583,8,4.863,0.015,13.47,35,0,32,0,0,35,1,1,0,0,0,1,0,0,0
21:51:46.925,0,0.5,315,0,0,0,54,51.9,0,0,1,52,51,8,0,0,0,0,0,0,0,0,12,190,1,40,40,19,39,19,40,39,38,39,-851583,8,4.863,0.015,13.477,35,0,32,0,0,35,1,1,0,0,0,1,0,0,0
21:51:47.025,0.1,2.7,313,5.1,0,0,53.9,51.4,0,0,1,55,54,8,0,0,0,0,0,0,0,0.1,12,190,1,40,40,19,38,19,40,39,38,39,-851583,8,4.863,0.015,13.49,35,0,32,0,0,35,1,1,0,0,0,1,0,0,0
21:51:47.125,37.1,6,314,45.4,2.4,0,53,51,0,0,1,55,51,8,0,0,0,0,0,0,0,1.1,12,190,1,40,40,19,38,19,40,39,38,39,-851583,8,4.863,0.015,13.442,35,0,32,0,0,35,1,1,0,0,0,1,0,0,0
21:51:47.225,5.7,6.1,314,37.6,1.7,0,53,51,0,0,1,54,51,8,0,0,0,0,0,0,0,0.8,12,190,1,40,40,19,39,19,40,39,38,39,-851583,8,4.863,0.015,13.422,36,0,32,0,0,35,1,1,0,0,0,1,0,0,0
21:51:47.325,0.7,6.2,313,36.8,1.7,0,53,51,0,0,1,58,52,7,0,0,0,0,0,0,0,0.8,12,190,1,40,40,19,39,19,40,39,38,39,-851583,8,4.863,0.015,13.381,35,0,32,0,0,35,1,1,0,0,0,1,0,0,0
21:51:47.425,0,6.3,314,34.7,1.6,0,53,51,0,0,1,58,52,8,0,0,0,0,0,0,0,0.8,12,190,1,40,40,19,38,19,40,39,38,39,-851583,8,4.863,0.015,13.394,35,0,32,0,0,35,1,1,0,0,0,1,0,0,0
21:51:47.525,-27,-1,316,0,0,0,53,51.9,0,0,1,55,51,8,0,0,0,0,0,0,0,0,12,190,1,40,40,19,38,19,40,39,38,39,-851583,8,4.863,0.015,13.429,35,0,32,0,0,35,1,1,0,0,0,1,0,0,0
21:51:47.625,-11.5,0.4,315,0,0,0,53,51.9,0,0,1,57,52,8,0,0,0,0,0,0,0,0,12,190,1,40,40,19,39,19,40,39,38,39,-851583,8,4.863,0.015,13.449,35,0,32,0,0,35,1,1,0,0,0,1,0,0,0
21:51:47.725,-0.6,0.5,315,0,0,0,53,51.8,0,0,1,55,51,8,0,0,0,0,0,0,0,0,12,190,1,40,40,19,39,19,40,39,38,39,-851583,8,4.863,0.015,13.47,35,0,32,0,0,35,1,1,0,0,0,1,0,0,0
21:51:47.825,0,0.5,315,0,0,0,53,51.9,0,0,1,56,52,8,0,0,0,0,0,0,0,0,12,190,1,40,40,19,39,19,40,39,38,39,-851583,8,4.863,0.015,13.456,35,0,32,0,0,35,1,1,0,0,0,1,0,0,0
21:51:47.925,0,0.5,314,0,0,0,53,51.6,0,0,1,56,51,8,0,0,0,0,0,0,0,0,12,190,1,40,40,19,39,19,40,39,38,39,-851583,8,4.863,0.015,13.435,35,0,32,0,0,35,1,1,0,0,0,1,0,0,0
21:51:48.025,30.2,6.9,314,12.5,0.5,0,53,51,0,0,1,55,52,8,0,0,0,0,0,0,0,0.5,12,190,1,40,40,19,39,19,40,39,38,39,-851583,8,4.863,0.015,13.401,35,0,32,0,0,35,1,1,0,0,0,1,0,0,0
21:51:48.125,8,6,313,30,1.3,0,53,51,0,0,1,57,52,8,0,0,0,0,0,0,0,0.6,12,190,1,40,40,19,39,19,40,39,38,39,-851583,8,4.863,0.015,13.435,35,0,32,0,0,35,1,1,0,0,0,1,0,0,0
21:51:48.225,0.9,6.1,313,29.1,1.3,0,53,51,0,0,1,56,54,7,0,0,0,0,0,0,0,0.6,12,190,1,40,40,19,39,19,40,38,38,39,-851583,8,4.863,0.015,13.422,35,0,32,0,0,35,1,1,0,0,0,1,0,0,0
21:51:48.325,0.1,6.1,314,29.7,1.4,0,53,51,0,0,1,57,54,8,0,0,0,0,0,0,0,0.6,12,190,1,40,40,19,38,19,40,39,38,39,-851583,8,4.863,0.015,13.394,35,0,32,0,0,35,1,1,0,0,0,1,0,0,0
21:51:48.425,0,6.2,314,29.7,1.3,0,53,51,0,0,1,55,52,8,0,0,0,0,0,0,0,0.6,12,190,1,40,40,19,38,19,40,38,38,39,-851583,8,4.863,0.015,13.381,35,0,32,0,0,35,1,1,0,0,0,1,0,0,0
21:51:48.525,0,6.2,313,30.4,1.4,0,53,51,0,0,1,55,54,8,0,0,0,0,0,0,0,0.6,12,190,1,40,40,19,39,19,40,39,38,39,-851583,8,4.863,0.015,13.374,35,0,32,0,0,35,1,1,0,0,0,1,0,0,0
21:51:48.625,0.2,6.4,313,34.9,1.7,0,53,51,0,0,1,56,52,8,0,0,0,0,0,0,0,0.8,12,190,1,40,40,19,39,19,40,38,38,39,-851583,8,4.863,0.015,13.388,35,0,32,0,0,35,1,1,0,0,0,1,0,0,0
21:51:48.725,0.2,6.4,314,39.9,2,0,53,51,0,0,1,55,51,7,0,0,0,0,0,0,0,0.9,12,190,1,40,40,19,38,19,40,38,38,39,-851583,8,4.863,0.015,13.394,35,0,32,0,0,35,1,1,0,0,0,1,0,0,0
21:51:48.825,0,6.6,314,38.2,1.9,0,53,51,0,0,1,55,52,8,0,0,0,0,0,0,0,0.9,12,190,1,40,40,19,39,19,40,38,38,39,-851583,8,4.863,0.015,13.408,35,0,32,0,0,35,1,1,0,0,0,1,0,0,0
21:51:48.925,0,6.5,313,38.5,1.9,0,53,51,0,0,1,55,52,8,0,0,0,0,0,0,0,0.8,12,190,1,40,40,19,40,19,40,38,38,39,-851583,8,4.863,0.015,13.388,36,0,32,0,0,35,1,1,0,0,0,1,0,0,0
21:51:49.025,0,6.4,314,38.2,1.9,0,53,51,0,0,1,55,52,8,0,0,0,0,0,0,0,0.8,12,190,1,40,40,19,39,19,40,38,38,39,-851583,8,4.863,0.015,13.422,35,0,32,0,0,35,1,1,0,0,0,1,0,0,0
21:51:49.125,0,6.4,313,38.3,1.9,0,53,51,0,0,1,55,52,8,0,0,0,0,0,0,0,0.8,12,190,1,40,40,19,39,19,40,39,38,39,-851583,8,4.863,0.015,13.422,35,0,32,0,0,35,1,1,0,0,0,1,0,0,0
21:51:49.225,0,6.4,313,36.7,1.8,0,53,51,0,0,1,56,51,8,0,0,0,0,0,0,0,0.8,12,190,1,40,40,19,39,19,40,39,38,39,-851583,8,4.863,0.015,13.394,35,0,32,0,0,35,1,1,0,0,0,1,0,0,0
21:51:49.325,0,6.4,314,37,1.9,0,53,51,0,0,1,55,54,8,0,0,0,0,0,0,0,0.8,12,190,1,40,40,19,39,19,40,39,38,39,-851583,8,4.863,0,13.401,35,0,32,0,0,3,1,1,0,0,0,0,0,0,0
21:51:49.425,0,6.4,313,35.9,1.8,0,53,51,0,0,1,55,52,8,0,0,0,0,0,0,0,0.8,12,190,1,40,40,19,39,19,40,39,38,39,-851583,8,4.863,0,13.394,35,0,32,0,0,3,1,1,0,0,0,0,0,0,0
21:51:49.525,-28.5,-0.5,315,0,0,0,53,51,0,0,1,55,51,8,0,0,0,0,0,0,0,0,12,190,1,40,40,19,39,19,40,39,38,39,-851583,8,4.863,0.015,13.442,35,0,32,0,0,3,1,1,0,0,0,0,0,0,0
21:51:49.625,-3.7,0.6,315,0,0,0,53,51.1,0,0,1,55,51,8,0,0,0,0,0,0,0,0,12,190,1,40,40,19,39,19,40,39,38,39,-851583,8,4.863,0.015,13.429,35,0,32,0,0,3,1,1,0,0,0,0,0,0,0
21:51:49.725,-0.3,0.3,315,0,0,0,53,51,0,0,1,56,52,8,0,0,0,0,0,0,0,0,12,190,1,40,40,19,39,19,40,38,38,39,-851583,8,4.863,0.015,13.429,35,0,32,0,0,3,1,1,0,0,0,0,0,0,0
