Time,Motor RPM [Rpm],MC Duty Cycle [%],MC Volts [V],AC Current,DC Current [A],CellId,MC Temp [°C],Motor Temp [°C],Fault Code,MC Throttle [%],Drive Enable,RadIn_Temp [°C],RadOut_Tem [°C],Flowrate,Actual_FOC_id,Actual_FOC_iq,Actual_Brake [%],Rolling_Counter,Relay_State,CRC_Checksum,CRC_Checksum_22,Pack_Current,Pack_CCL,Pack_DCL,Pack_Open_Volta,TSB HighTemp,Pack_SOC,Cell Low,Therm1_Val [°C],Therm1_LowVal [°C],Therm1_HighVal [°C],Therm2_Val [°C],Therm2_LowVal [°C],Therm2_HighVal [°C],Therm1_ID,Therm1_ModNum,AN3 [V],AN6 [V],VBAT [V],Int Temp [°C],CAN1 Load [%],CAN1 ERRORS [hex],CAN2 ERRORS [decimal],ALARMS1 [decimal],uFLAGS1 [decimal],RTD,Energized,LV Low,Motor Temp High,MC Temp High,Logging,TSB Temp,Stop Logging,WATER T ALM
20:50:06.025,1819.4,44.7,320,89.8,31.7,0,54.9,45.5,0,0,1,54,50,7,0,0,0,0,0,0,0,29.9,12,190,1,35,35,16,16,16,35,35,34,35,-851583,8,4.863,0,13.36,38,0,16,0,0,35,1,1,0,0,0,1,0,0,0
20:50:06.125,1843.9,48.2,318,112.2,35.8,0,54.9,45.4,0,0,1,52,50,7,0,0,0,0,0,0,0,36.5,12,190,1,35,35,16,34,16,35,34,34,35,-851583,8,4.863,0.015,13.367,38,0,16,0,0,35,1,1,0,0,0,1,0,0,0
20:50:06.225,1859.4,47.4,318,106.7,36.5,0,54.9,45.5,0,0,1,52,49,7,0,0,0,0,0,0,0,35.2,12,190,1,35,35,16,35,16,35,34,34,35,-851583,8,4.863,0.015,13.401,38,0,16,0,0,35,1,1,0,0,0,1,0,0,0
20:50:06.325,1882,47.8,318,115.6,40.8,0,54.9,45.5,0,0,1,54,49,8,0,0,0,0,0,0,0,38.8,12,190,1,35,35,16,35,16,35,35,34,35,-851583,8,4.863,0.015,13.36,38,0,16,0,0,35,1,1,0,0,0,1,0,0,0
20:50:06.425,1938.3,53.1,316,125.2,42.5,0,54.9,45.4,0,0,1,52,49,7,0,0,0,0,0,0,0,44,12,190,1,35,35,16,34,16,35,34,34,35,-851583,8,4.863,0.015,13.381,38,0,16,0,0,35,1,1,0,0,0,1,0,0,0
20:50:06.525,1990.7,53.5,311,158.6,55.9,0,54.9,45.5,0,0,1,51,48,7,0,0,0,0,0,0,0,55.1,12,190,1,35,35,16,35,16,35,34,34,35,-851583,8,4.863,0.015,13.36,38,0,16,0,0,35,1,1,0,0,0,1,0,0,0
20:50:06.625,1982.3,49.5,317,111.4,43.2,0,54.9,45.6,0,0,1,51,49,7,0,0,0,0,0,0,0,40.1,12,190,1,35,35,16,35,16,35,34,34,35,-851583,8,4.863,0.015,13.401,38,0,16,0,0,35,1,1,0,0,0,1,0,0,0
20:50:06.725,2024.2,54.7,312,147.9,51.6,0,54.9,45.5,0,0,1,50,49,7,0,0,0,0,0,0,0,51.4,12,190,1,35,35,16,35,16,35,34,34,35,-851583,8,4.863,0.015,13.429,38,0,16,0,0,35,1,1,0,0,0,1,0,0,0
20:50:06.825,2084.7,61.1,308,206.9,58.7,0,54.9,45.6,0,0,1,51,50,7,0,0,0,0,0,0,0,70.7,12,190,1,35,35,16,35,16,35,34,34,35,-851583,8,4.863,0.015,13.408,38,0,16,0,0,35,1,1,0,0,0,1,0,0,0
20:50:06.925,2122.2,61.1,305,223.5,73.3,0,54.9,45.5,0,0,1,51,49,7,0,0,0,0,0,0,0,79.9,12,190,1,35,35,16,35,16,35,34,34,35,-851583,8,4.863,0.015,13.435,38,0,16,0,0,35,1,1,0,0,0,1,0,0,0
20:50:07.025,2157.6,56.5,309,155.9,61.2,0,54.9,45.5,0,0,1,50,49,7,0,0,0,0,0,0,0,63,12,190,1,35,35,16,34,16,35,34,34,35,-851583,8,4.863,0.015,13.47,38,0,16,0,0,35,1,1,0,0,0,1,0,0,0
20:50:07.125,2166.3,39,322,48.8,25.7,0,54.9,45.9,0,0,1,52,49,7,0,0,0,0,0,0,0,18.4,12,190,1,35,35,16,35,16,35,34,34,35,-851583,8,4.863,0.015,13.483,38,0,16,0,0,35,1,1,0,0,0,1,0,0,0
20:50:07.225,2129.1,41.7,329,0,0,0,54.9,45.9,0,0,1,52,50,7,0,0,0,0,0,0,0,0,12,190,1,35,35,16,34,16,35,35,34,35,-851583,8,4.863,0.015,13.579,38,0,16,0,0,35,1,1,0,0,0,1,0,0,0
20:50:07.325,2135.7,42.5,328,2.4,0.6,0,54.9,45.9,0,0,1,51,50,7,0,0,0,0,0,0,0,0.1,12,190,1,35,35,16,34,16,35,35,34,35,-851583,8,4.863,0.015,13.593,38,0,16,0,0,35,1,1,0,0,0,1,0,0,0
20:50:07.425,2158.1,50.6,325,37.7,12.3,0,54.9,45.9,0,0,1,51,49,6,0,0,0,0,0,0,0,13.6,12,190,1,35,35,16,35,16,35,34,34,35,-851583,8,4.863,0.015,13.586,38,0,16,0,0,35,1,1,0,0,0,1,0,0,0
20:50:07.525,2160.9,50.7,323,47.7,15.2,0,54.9,45.9,0,0,1,50,49,6,0,0,0,0,0,0,0,18.4,12,190,1,35,35,16,34,16,35,34,34,35,-851583,8,4.863,0.015,13.6,38,0,16,0,0,35,1,1,0,0,0,1,0,0,0
20:50:07.625,2143.1,47.8,326,31.9,12.8,0,54.9,45.9,0,0,1,51,49,5,0,0,0,0,0,0,0,11,12,190,1,35,35,16,35,16,35,34,34,35,-851583,8,4.863,0.015,13.606,38,0,16,0,0,35,1,1,0,0,0,1,0,0,0
20:50:07.725,2130.6,48.3,326,30.6,12.9,0,54.9,45.9,0,0,1,51,49,5,0,0,0,0,0,0,0,13.8,12,190,1,35,35,16,35,16,35,34,34,35,-851583,8,4.863,0.015,13.647,38,0,16,0,0,35,1,1,0,0,0,1,0,0,0
20:50:07.825,2109.9,48.3,324,35.3,15.3,0,54.9,45.9,0,0,1,51,49,5,0,0,0,0,0,0,0,11.9,12,190,1,35,35,16,34,16,35,34,34,35,-851583,8,4.863,0.015,13.661,38,0,16,0,0,35,1,1,0,0,0,1,0,0,0
20:50:07.925,2091.3,46.9,325,33.9,13.5,0,54.9,45.9,0,0,1,51,49,4,0,0,0,0,0,0,0,15.3,12,190,1,35,35,16,35,16,35,34,34,35,-851583,8,4.863,0.015,13.647,38,0,16,0,0,35,1,1,0,0,0,1,0,0,0
20:50:08.025,2050.7,44.4,327,13.8,5,0,54.9,45.9,0,0,1,50,49,4,0,0,0,0,0,0,0,4.3,12,190,1,35,35,16,35,16,35,34,34,35,-851583,8,4.863,0.015,13.668,38,0,16,0,0,35,1,1,0,0,0,1,0,0,0
20:50:08.125,2030.4,44.5,327,14.7,4.1,0,54.9,45.9,0,0,1,50,49,4,0,0,0,0,0,0,0,4.4,12,190,1,35,35,16,35,16,35,34,34,35,-851583,8,4.863,0.015,13.661,38,0,16,0,0,35,1,1,0,0,0,1,0,0,0
20:50:08.225,2008.3,44.4,327,23.6,8.5,0,54.9,45.9,0,0,1,50,49,4,0,0,0,0,0,0,0,7.6,12,190,1,35,35,16,35,16,35,35,34,35,-851583,8,4.863,0.015,13.647,38,0,16,0,0,35,1,1,0,0,0,1,0,0,0
20:50:08.325,2000.4,44.2,328,18.4,6.5,0,54.9,45.9,0,0,1,50,48,4,0,0,0,0,0,0,0,6.7,12,190,1,35,35,16,35,16,35,34,34,35,-851583,8,4.863,0.015,13.634,38,0,16,0,0,35,1,1,0,0,0,1,0,0,0
20:50:08.425,1994.3,44.5,327,15,4.7,0,54.9,45.9,0,0,1,50,49,4,0,0,0,0,0,0,0,4.1,12,190,1,35,35,16,35,16,35,34,34,35,-851583,8,4.863,0.015,13.606,38,0,16,0,0,35,1,1,0,0,0,1,0,0,0
20:50:08.525,1975.9,44.3,326,23.8,9.6,0,54.9,45.9,0,0,1,51,50,4,0,0,0,0,0,0,0,7.3,12,190,1,35,35,16,35,16,35,34,34,35,-851583,8,4.863,0.015,13.586,38,0,16,0,0,35,1,1,0,0,0,1,0,0,0
20:50:08.625,1947.5,36.5,328,-2.6,0,0,54.9,45.9,0,0,1,50,49,4,0,0,0,0,0,0,0,-1.5,12,190,1,35,35,16,35,16,35,34,34,35,-851583,8,4.863,0.015,13.606,38,0,16,0,0,35,1,1,0,0,0,1,0,0,0
20:50:08.725,1921.1,31,330,-0.5,0,0,54.9,45.9,0,0,1,51,49,4,0,0,0,0,0,0,0,-1.1,12,190,1,35,35,16,35,16,35,34,34,35,-851583,8,4.863,0.015,13.613,38,0,16,0,0,35,1,1,0,0,0,1,0,0,0
20:50:08.825,1906.6,36.3,329,-1.4,0,0,54.9,45.9,0,0,1,51,50,4,0,0,0,0,0,0,0,-1.1,12,190,1,35,35,16,35,16,35,34,34,35,-851583,8,4.863,0.015,13.641,38,0,16,0,0,35,1,1,0,0,0,1,0,0,0
20:50:08.925,1900.5,32.1,330,-0.4,0,0,54.9,45.9,0,0,1,50,50,4,0,0,0,0,0,0,0,-1.3,12,190,1,35,35,16,35,16,35,35,34,35,-851583,8,4.863,0.015,13.668,38,0,16,0,0,35,1,1,0,0,0,1,0,0,0
20:50:09.025,1858.3,35.6,330,0,0,0,54.9,45.9,0,0,1,50,50,4,0,0,0,0,0,0,0,0,12,190,1,35,35,16,35,16,35,34,34,35,-851583,8,4.863,0.015,13.688,38,0,16,0,0,35,1,1,0,0,0,1,0,0,0
20:50:09.125,1841.3,34.5,330,0,0,0,54.9,46,0,0,1,50,49,4,0,0,0,0,0,0,0,0,12,190,1,35,35,16,35,16,35,35,34,35,-851583,8,4.863,0.015,13.716,38,0,16,0,0,35,1,1,0,0,0,1,0,0,0
20:50:09.225,1774.3,33.5,330,0,0,0,54.9,46,0,0,1,49,49,4,0,0,0,0,0,0,0,0,12,190,1,35,35,16,35,16,35,34,34,35,-851583,8,4.863,0.015,13.736,38,0,16,0,0,35,1,1,0,0,0,1,0,0,0
20:50:09.325,1754.9,33.3,330,0,0,0,54,46,0,0,1,50,49,4,0,0,0,0,0,0,0,0,12,190,1,35,35,16,35,16,35,34,34,35,-851583,8,4.863,0.015,13.723,38,0,16,0,0,35,1,1,0,0,0,1,0,0,0
20:50:09.425,1724.9,31.3,330,0,0,0,54,46,0,0,1,50,49,4,0,0,0,0,0,0,0,0,12,190,1,35,35,16,35,16,35,35,34,35,-851583,8,4.863,0.015,13.729,38,0,16,0,0,35,1,1,0,0,0,1,0,0,0
20:50:09.525,1661.2,31.1,331,0,0,0,54,46,0,0,1,51,50,4,0,0,0,0,0,0,0,0,12,190,1,35,35,16,35,16,35,34,34,35,-851583,8,4.858,0.015,13.736,38,0,16,0,0,35,1,1,0,0,0,1,0,0,0
20:50:09.625,1627.1,30.9,330,0,0,0,54,46,0,0,1,50,49,4,0,0,0,0,0,0,0,0,12,190,1,35,35,16,34,16,35,34,34,35,-851583,8,4.858,0.015,13.709,38,0,16,0,0,35,1,1,0,0,0,1,0,0,0
20:50:09.725,1607.8,30.4,331,0,0,0,54,46,0,0,1,54,48,4,0,0,0,0,0,0,0,0,12,190,1,35,35,16,35,16,35,34,34,35,-851583,8,4.863,0.015,13.702,38,0,16,0,0,35,1,1,0,0,0,1,0,0,0
20:50:09.825,1609.7,29.4,330,0,0,0,54,46,0,0,1,54,49,4,0,0,0,0,0,0,0,0,12,190,1,35,35,16,34,16,35,35,34,35,-851583,8,4.863,0.015,13.668,38,0,16,0,0,35,1,1,0,0,0,1,0,0,0
20:50:09.925,1576.2,29.2,330,0,0,0,54,46,0,0,1,52,50,4,0,0,0,0,0,0,0,0,12,190,1,35,35,16,35,16,35,34,34,35,-851583,8,4.863,0.015,13.641,38,0,16,0,0,35,1,1,0,0,0,1,0,0,0
20:50:10.025,1554.7,30.5,329,2.2,0.8,0,54,46,0,0,1,52,50,3,0,0,0,0,0,0,0,0,12,190,1,35,35,16,34,16,35,34,34,35,-851583,8,4.863,0.015,13.641,38,0,16,0,0,35,1,1,0,0,0,1,0,0,0
20:50:10.125,1649.2,49.7,315,209,49.2,0,54,45.9,0,0,1,51,50,3,0,0,0,0,0,0,0,57.4,12,190,1,35,35,16,34,16,35,34,34,35,-851583,8,4.863,0.015,13.634,38,0,16,0,0,35,1,1,0,0,0,1,0,0,0
20:50:10.225,1723.6,53.7,309,257.2,73.4,0,54,45.9,0,0,1,52,51,3,0,0,0,0,0,0,0,74.1,12,190,1,35,35,16,35,16,35,34,34,35,-851583,8,4.863,0.015,13.627,38,0,16,0,0,35,1,1,0,0,0,1,0,0,0
20:50:10.325,1787.3,54.3,308,245.4,71.7,0,54,45.9,0,0,1,51,49,4,0,0,0,0,0,0,0,78.8,12,190,1,35,35,16,34,16,35,35,34,35,-851583,8,4.863,0.015,13.647,38,0,16,0,0,35,1,1,0,0,0,1,0,0,0
20:50:10.425,1883.9,60.5,305,287,78.3,0,54,45.8,0,0,1,50,49,4,0,0,0,0,0,0,0,91,12,190,1,35,35,16,34,16,35,35,34,35,-851583,8,4.863,0.015,13.641,38,0,16,0,0,35,1,1,0,0,0,1,0,0,0
20:50:10.525,1953.4,59.1,301,295.1,79.6,0,54,45.8,0,0,1,51,49,4,0,0,0,0,0,0,0,88.2,12,190,1,35,35,16,35,16,35,35,34,35,-851583,8,4.863,0.015,13.654,38,0,16,0,0,35,1,1,0,0,0,1,0,0,0
20:50:10.625,1991.5,62.1,302,297.9,87.6,0,54,45.9,0,0,1,51,50,4,0,0,0,0,0,0,0,98.9,12,190,1,35,35,16,34,16,35,34,34,35,-851583,8,4.863,0.015,13.627,38,0,16,0,0,35,1,1,0,0,0,1,0,0,0
20:50:10.725,2126.6,68.4,299,283.5,98.1,0,54,46.1,0,0,1,51,50,4,0,0,0,0,0,0,0,106.8,12,190,1,35,35,16,34,16,35,34,34,35,-851583,8,4.863,0.015,13.627,38,0,16,0,0,35,1,1,0,0,0,1,0,0,0
20:50:10.825,2250.6,70.6,295,299.9,102.8,0,54,45.9,0,0,1,50,50,4,0,0,0,0,0,0,0,110.6,12,190,1,35,35,16,34,16,35,34,34,35,-851583,8,4.863,0.015,13.641,38,0,16,0,0,35,1,1,0,0,0,1,0,0,0
20:50:10.925,2323.7,72.8,295,298.5,97.6,0,54,46.1,0,0,1,50,49,4,0,0,0,0,0,0,0,113,12,190,1,35,35,16,34,16,35,34,34,35,-851583,8,4.863,0.015,13.613,38,0,16,0,0,35,1,1,0,0,0,1,0,0,0
20:50:11.025,2296.1,68.7,295,281.9,104.3,0,54,46.1,0,0,1,51,49,4,0,0,0,0,0,0,0,110.4,12,190,1,35,35,16,34,16,35,34,34,35,-851583,8,4.863,0.015,13.62,38,0,16,0,0,35,1,1,0,0,0,1,0,0,0
20:50:11.125,2204.1,51.8,307,166.7,66.6,0,54,46,0,0,1,50,49,4,0,0,0,0,0,0,0,65.3,12,190,1,35,35,16,35,16,35,34,34,35,-851583,8,4.863,0.015,13.641,38,0,16,0,0,35,1,1,0,0,0,1,0,0,0
20:50:11.225,1969.9,37.9,328,1.7,0.3,0,54.4,46,0,0,1,51,50,4,0,0,0,0,0,0,0,-0.2,12,190,1,35,35,16,34,16,35,34,34,35,-851583,8,4.863,0.015,13.682,38,0,16,0,0,35,1,1,0,0,0,1,0,0,0
20:50:11.325,2109.2,64,311,165.4,54.3,0,54.9,46,0,0,1,50,49,4,0,0,0,0,0,0,0,58.5,12,190,1,35,35,16,35,16,35,35,34,35,-851583,8,4.863,0.015,13.702,38,0,16,0,0,35,1,1,0,0,0,1,0,0,0
20:50:11.425,2116.6,44.1,313,119,48.6,0,54.9,46,0,0,1,50,49,4,0,0,0,0,0,0,0,48.5,12,190,1,35,35,16,35,16,35,35,34,35,-851583,8,4.863,0.015,13.723,38,0,16,0,0,35,1,1,0,0,0,1,0,0,0
20:50:11.525,2023.4,29.3,327,-14.7,0,0,54.9,46,0,0,1,50,49,4,0,0,0,0,0,0,0,-5.3,12,190,1,35,35,16,35,16,35,35,34,35,-851583,8,4.863,0.015,13.695,38,0,16,0,0,35,1,1,0,0,0,1,0,0,0
20:50:11.625,2031,39.3,328,0.6,0,0,54.9,46,0,0,1,50,49,4,0,0,0,0,0,0,0,-0.7,12,190,1,35,35,16,34,16,35,34,34,35,-851583,8,4.858,0.015,13.716,38,0,16,0,0,35,1,1,0,0,0,1,0,0,0
20:50:11.725,2015.4,38.6,328,-3,0,0,54.9,46.3,0,0,1,50,49,4,0,0,0,0,0,0,0,-0.2,12,190,1,35,35,16,34,16,35,34,34,35,-851583,8,4.863,0.015,13.757,38,0,16,0,0,35,1,1,0,0,0,1,0,0,0
20:50:11.825,2041.6,50.9,322,53.5,17.1,0,54.9,46,0,0,1,49,49,3,0,0,0,0,0,0,0,18.6,12,190,1,35,35,16,35,16,35,35,34,35,-851583,8,4.863,0.015,13.723,38,0,16,0,0,35,1,1,0,0,0,1,0,0,0
20:50:11.925,2070.2,56.7,313,135.2,47.1,0,54.9,46.2,0,0,1,50,49,3,0,0,0,0,0,0,0,51.4,12,190,1,35,35,16,35,16,35,34,34,35,-851583,8,4.863,0.015,13.709,38,0,16,0,0,35,1,1,0,0,0,1,0,0,0
20:50:12.025,2137.4,48.3,318,85.8,36.1,0,54.9,46,0,0,1,50,50,4,0,0,0,0,0,0,0,35,12,190,1,35,35,16,16,16,35,34,34,35,-851583,8,4.863,0.015,13.688,38,0,16,0,0,35,1,1,0,0,0,1,0,0,0
20:50:12.125,2114.6,47,323,43.7,17.9,0,54.9,46,0,0,1,50,49,4,0,0,0,0,0,0,0,15.3,12,190,1,35,35,16,34,16,35,35,34,35,-851583,8,4.858,0.015,13.695,38,0,16,0,0,35,1,1,0,0,0,1,0,0,0
20:50:12.225,2142.9,47.6,323,38.1,14.5,0,54.9,46,0,0,1,50,49,4,0,0,0,0,0,0,0,14.2,12,190,1,35,35,16,35,16,35,34,34,35,-851583,8,4.863,0.015,13.716,38,0,16,0,0,35,1,1,0,0,0,1,0,0,0
20:50:12.325,2038,42.7,326,17,5.8,0,54.9,46,0,0,1,50,49,4,0,0,0,0,0,0,0,4.2,12,190,1,35,35,16,35,16,35,34,34,35,-851583,8,4.863,0.015,13.702,38,0,16,0,0,35,1,1,0,0,0,1,0,0,0
20:50:12.425,1993.6,41.6,327,10.6,3,0,54.9,46,0,0,1,50,49,4,0,0,0,0,0,0,0,2.8,12,190,1,35,35,16,34,16,35,34,34,35,-851583,8,4.858,0.015,13.709,38,0,16,0,0,35,1,1,0,0,0,1,0,0,0
20:50:12.525,1893.8,34.8,329,0,0,0,54.9,46.4,0,0,1,50,49,4,0,0,0,0,0,0,0,0,12,190,1,35,35,16,35,16,35,34,34,35,-851583,8,4.863,0.015,13.729,38,0,16,0,0,35,1,1,0,0,0,1,0,0,0
20:50:12.625,1820.4,33.5,329,0,0,0,54.9,46.9,0,0,1,49,49,4,0,0,0,0,0,0,0,0,12,190,1,35,35,16,35,16,35,34,34,35,-851583,8,4.863,0.015,13.757,38,0,16,0,0,35,1,1,0,0,0,1,0,0,0
20:50:12.725,1801.4,36.2,328,2.4,0,0,54.3,46.2,0,0,1,49,49,4,0,0,0,0,0,0,0,0.7,12,190,1,35,35,16,35,16,35,35,34,35,-851583,8,4.863,0.015,13.743,38,0,16,0,0,35,1,1,0,0,0,1,0,0,0
20:50:12.825,1787.6,42.5,327,29.7,9.4,0,54,46.2,0,0,1,50,49,3,0,0,0,0,0,0,0,8.4,12,190,1,35,35,16,35,16,35,35,34,35,-851583,8,4.863,0.015,13.675,38,0,16,0,0,35,1,1,0,0,0,1,0,0,0
20:50:12.925,1796.5,44.1,323,64.9,21.7,0,54,46.2,0,0,1,49,49,3,0,0,0,0,0,0,0,18.8,12,190,1,35,35,16,35,16,35,35,34,35,-851583,8,4.863,0.015,13.661,38,0,16,0,0,35,1,1,0,0,0,1,0,0,0
20:50:13.025,1826.5,53.5,312,168.9,51.1,0,54,46.3,0,0,1,50,49,3,0,0,0,0,0,0,0,55.3,12,190,1,35,35,16,34,16,35,35,34,35,-851583,8,4.863,0.015,13.688,38,0,16,0,0,35,1,1,0,0,0,1,0,0,0
20:50:13.125,1903.4,51.6,313,152,50.2,0,54,46.2,0,0,1,50,49,3,0,0,0,0,0,0,0,52.9,12,190,1,35,35,16,35,16,35,34,34,35,-851583,8,4.863,0.015,13.682,38,0,16,0,0,35,1,1,0,0,0,1,0,0,0
20:50:13.225,1916.5,52.6,313,175.6,58.8,0,54,46.3,0,0,1,49,49,3,0,0,0,0,0,0,0,58.7,12,190,1,35,35,16,34,16,35,34,34,35,-851583,8,4.863,0.015,13.668,38,0,16,0,0,35,1,1,0,0,0,1,0,0,0
20:50:13.325,1939.5,44.9,314,124.9,47.5,0,54,46.4,0,0,1,49,49,3,0,0,0,0,0,0,0,49.1,12,190,1,35,35,16,34,16,35,34,34,35,-851583,8,4.863,0.015,13.695,38,0,16,0,0,35,1,1,0,0,0,1,0,0,0
20:50:13.425,1810.9,35.2,329,0,0,0,54,46.9,0,0,1,50,49,3,0,0,0,0,0,0,0,0,12,190,1,35,35,16,35,16,35,34,34,35,-851583,8,4.863,0.015,13.723,38,0,16,0,0,35,1,1,0,0,0,1,0,0,0
20:50:13.525,1807,34.1,329,0,0,0,54,46.9,0,0,1,54,49,4,0,0,0,0,0,0,0,0,12,190,1,35,35,16,34,16,35,34,34,35,-851583,8,4.858,0.015,13.743,38,0,16,0,0,35,1,1,0,0,0,1,0,0,0
20:50:13.625,1784.8,33.8,330,0,0,0,54,46.9,0,0,1,52,49,4,0,0,0,0,0,0,0,0,12,190,1,35,35,16,35,16,35,34,34,35,-851583,8,4.863,0.015,13.736,38,0,16,0,0,35,1,1,0,0,0,1,0,0,0
20:50:13.725,1751.9,40.7,327,22.9,6.2,0,54,46.4,0,0,1,52,52,3,0,0,0,0,0,0,0,8.4,12,190,1,35,35,16,35,16,35,35,34,35,-851583,8,4.863,0.015,13.709,38,0,16,0,0,35,1,1,0,0,0,1,0,0,0
20:50:13.825,1830.2,51.3,315,142.7,45,0,54,46.4,0,0,1,51,50,3,0,0,0,0,0,0,0,45.2,12,190,1,35,35,16,34,16,35,35,34,35,-851583,8,4.863,0.015,13.716,38,0,16,0,0,35,1,1,0,0,0,1,0,0,0
20:50:13.925,1816.2,45.4,316,121,41.7,0,54,46.4,0,0,1,50,50,3,0,0,0,0,0,0,0,38.4,12,190,1,35,35,16,35,16,35,35,34,35,-851583,8,4.863,0.015,13.695,38,0,16,0,0,35,1,1,0,0,0,1,0,0,0
20:50:14.025,1806.6,45.6,317,103.4,35.6,0,54,46.4,0,0,1,51,51,3,0,0,0,0,0,0,0,34.8,12,190,1,35,35,16,35,16,35,34,34,35,-851583,8,4.863,0.015,13.675,38,0,16,0,0,35,1,1,0,0,0,1,0,0,0
20:50:14.125,1711.4,30.9,329,0,0,0,54,46.9,0,0,1,51,51,3,0,0,0,0,0,0,0,0,12,190,1,35,35,16,35,16,35,34,34,35,-851583,8,4.863,0.015,13.723,38,0,16,0,0,35,1,1,0,0,0,1,0,0,0
20:50:14.225,1713.2,33.2,328,3.3,0,0,54,46.6,0,0,1,50,50,4,0,0,0,0,0,0,0,0.7,12,190,1,35,35,16,35,16,35,34,34,35,-851583,8,4.863,0.015,13.736,38,0,16,0,0,35,1,1,0,0,0,1,0,0,0
20:50:14.325,1774.7,55.1,315,175.8,43.8,0,54,46.5,0,0,1,50,50,4,0,0,0,0,0,0,0,49.5,12,190,1,35,35,16,35,16,35,34,34,35,-851583,8,4.863,0.015,13.709,38,0,16,0,0,35,1,1,0,0,0,1,0,0,0
20:50:14.425,1884.1,56.2,302,270.6,84.2,0,54,46.5,0,0,1,50,50,3,0,0,0,0,0,0,0,86.9,12,190,1,35,35,16,35,16,35,35,34,35,-851583,8,4.863,0.015,13.716,38,0,16,0,0,35,1,1,0,0,0,1,0,0,0
20:50:14.525,1884.3,56.3,304,235.5,78.6,0,54,46.3,0,0,1,50,50,3,0,0,0,0,0,0,0,77.9,12,190,1,35,35,16,35,16,35,34,34,35,-851583,8,4.863,0.015,13.675,38,0,16,0,0,35,1,1,0,0,0,1,0,0,0
20:50:14.625,1894.3,36.9,316,104.3,43.4,0,54,46.5,0,0,1,50,50,3,0,0,0,0,0,0,0,38.6,12,190,1,35,35,16,35,16,35,35,34,35,-851583,8,4.863,0.015,13.647,38,0,16,0,0,35,1,1,0,0,0,1,0,0,0
20:50:14.725,1741.1,38.1,327,7.9,1.5,0,54,46.7,0,0,1,49,50,4,0,0,0,0,0,0,0,2.8,12,190,1,35,35,16,35,16,35,34,34,35,-851583,8,4.863,0.015,13.709,38,0,16,0,0,35,1,1,0,0,0,1,0,0,0
20:50:14.825,1855.8,57.1,307,202.5,64.1,0,54,46.4,0,0,1,50,49,4,0,0,0,0,0,0,0,66.2,12,190,1,35,35,16,35,16,35,34,34,35,-851583,8,4.858,0.015,13.682,38,0,16,0,0,35,1,1,0,0,0,1,0,0,0
20:50:14.925,1874.9,49.4,311,158.6,57.8,0,54,46.6,0,0,1,50,49,4,0,0,0,0,0,0,0,56.6,12,190,1,35,35,16,35,16,35,35,34,35,-851583,8,4.863,0.015,13.682,38,0,16,0,0,35,1,1,0,0,0,1,0,0,0
20:50:15.025,1853.4,50.9,311,167.1,53.2,0,54,46.5,0,0,1,50,50,3,0,0,0,0,0,0,0,57.4,12,190,1,35,35,16,35,16,35,35,34,35,-851583,8,4.863,0.015,13.675,38,0,16,0,0,35,1,1,0,0,0,1,0,0,0
20:50:15.125,1867.7,41.1,317,92.2,38.2,0,54,46.6,0,0,1,50,50,3,0,0,0,0,0,0,0,29.9,12,190,1,35,35,16,35,16,35,34,34,35,-851583,8,4.863,0.015,13.668,38,0,16,0,0,35,1,1,0,0,0,1,0,0,0
20:50:15.225,1768.1,34.5,329,0,0,0,54,46.9,0,0,1,49,51,3,0,0,0,0,0,0,0,0,12,190,1,35,35,16,35,16,35,35,34,35,-851583,8,4.858,0.015,13.709,38,0,16,0,0,35,1,1,0,0,0,1,0,0,0
20:50:15.325,1748.7,33.1,329,0,0,0,54,46.9,0,0,1,49,49,4,0,0,0,0,0,0,0,0,12,190,1,35,35,16,35,16,35,35,34,35,-851583,8,4.863,0.015,13.709,38,0,16,0,0,35,1,1,0,0,0,1,0,0,0
20:50:15.425,1729,37.9,327,11.5,2.5,0,54,46.9,0,0,1,48,49,3,0,0,0,0,0,0,0,3,12,190,1,35,35,16,35,16,35,34,34,35,-851583,8,4.863,0.015,13.716,38,0,16,0,0,35,1,1,0,0,0,1,0,0,0
20:50:15.525,1866.9,60.6,302,291.1,79.6,0,54,46.6,0,0,1,50,49,3,0,0,0,0,0,0,0,86.7,12,190,1,35,35,16,35,16,35,35,34,35,-851583,8,4.863,0.015,13.661,38,0,16,0,0,35,1,1,0,0,0,1,0,0,0
20:50:15.625,1952.5,56.4,307,183.3,67.1,0,54,46.6,0,0,1,49,50,3,0,0,0,0,0,0,0,68.1,12,190,1,35,35,16,34,16,35,34,34,35,-851583,8,4.863,0.015,13.661,38,0,16,0,0,35,1,1,0,0,0,1,0,0,0
20:50:15.725,1855.1,34.2,319,79.9,34.2,0,54,46.9,0,0,1,49,50,3,0,0,0,0,0,0,0,29,12,190,1,35,35,16,35,16,35,34,34,35,-851583,8,4.863,0.015,13.627,38,0,16,0,0,35,1,1,0,0,0,1,0,0,0
20:50:15.825,1728.8,34.5,328,0,0,0,54,46.9,0,0,1,49,49,3,0,0,0,0,0,0,0,0,12,190,1,35,35,16,35,16,35,35,34,35,-851583,8,4.863,0.015,13.702,38,0,16,0,0,35,1,1,0,0,0,1,0,0,0
20:50:15.925,1711.2,33.5,329,0,0,0,54,46.9,0,0,1,49,49,4,0,0,0,0,0,0,0,0,12,190,1,35,35,16,35,16,35,35,34,35,-851583,8,4.863,0.015,13.709,38,0,16,0,0,35,1,1,0,0,0,1,0,0,0
20:50:16.025,1751.5,50.2,319,89,24.6,0,54,46.8,0,0,1,49,49,4,0,0,0,0,0,0,0,27.7,12,190,1,35,35,16,34,16,35,35,34,35,-851583,8,4.863,0.015,13.654,38,0,16,0,0,35,1,1,0,0,0,1,0,0,0
20:50:16.125,1799.8,41.5,318,100.7,37.1,0,54,46.9,0,0,1,49,50,3,0,0,0,0,0,0,0,31.6,12,190,1,35,35,16,34,16,35,34,34,35,-851583,8,4.863,0.015,13.675,38,0,16,0,0,35,1,1,0,0,0,1,0,0,0
20:50:16.225,1617.8,25,330,-0.2,0,0,54,46.9,0,0,1,49,49,3,0,0,0,0,0,0,0,0,12,190,1,35,35,16,35,16,35,34,34,35,-851583,8,4.863,0.015,13.627,38,0,16,0,0,35,1,1,0,0,0,1,0,0,0
20:50:16.325,1444.4,26,328,0,0,0,54,47,0,0,1,50,49,3,0,0,0,0,0,0,0,0,12,190,1,35,35,16,34,16,35,34,34,35,-851583,8,4.863,0.015,13.675,38,0,16,0,0,35,1,1,0,0,0,1,0,0,0
20:50:16.425,1291.6,27.5,328,1.3,0,0,54,46.9,0,0,1,49,49,4,0,0,0,0,0,0,0,0.1,12,190,1,35,35,16,34,16,35,35,34,35,-851583,8,4.863,0.015,13.695,38,0,16,0,0,35,1,1,0,0,0,1,0,0,0
20:50:16.525,1399.2,45.1,321,80.9,24.7,0,54,46.9,0,0,1,50,50,3,0,0,0,0,0,0,0,24.7,12,190,1,35,35,16,35,16,35,34,34,35,-851583,8,4.863,0.015,13.641,38,0,16,0,0,35,1,1,0,0,0,1,0,0,0
20:50:16.625,1681.3,52.7,310,174.2,58.7,0,54,46.6,0,0,1,49,50,3,0,0,0,0,0,0,0,55.7,12,190,1,35,35,16,34,16,35,35,34,35,-851583,8,4.863,0.015,13.647,38,0,16,0,0,35,1,1,0,0,0,1,0,0,0
20:50:16.725,1621.8,44.1,314,166.8,50.2,0,54,46.9,0,0,1,48,49,3,0,0,0,0,0,0,0,50.8,12,190,1,35,35,16,34,16,35,35,34,35,-851583,8,4.863,0.015,13.641,38,0,16,0,0,35,1,1,0,0,0,1,0,0,0
20:50:16.825,1601.5,47.4,308,211.2,58.9,0,54,46.7,0,0,1,49,49,3,0,0,0,0,0,0,0,61.5,12,190,1,35,35,16,34,16,35,35,34,35,-851583,8,4.863,0.015,13.606,38,0,16,0,0,35,1,1,0,0,0,1,0,0,0
20:50:16.925,1644.8,47.7,309,205.1,63.2,0,54,46.8,0,0,1,49,49,4,0,0,0,0,0,0,0,62.3,12,190,1,35,35,16,34,16,35,35,34,35,-851583,8,4.863,0.015,13.688,38,0,16,0,0,35,1,1,0,0,0,1,0,0,0
20:50:17.025,1703.1,51.4,306,231.6,60.2,0,54,46.6,0,0,1,49,50,4,0,0,0,0,0,0,0,68.1,12,190,1,35,35,16,34,16,35,35,34,35,-851583,8,4.863,0.015,13.682,38,0,16,0,0,35,1,1,0,0,0,1,0,0,0
20:50:17.125,1769.6,49.6,310,179.5,57.5,0,54,46.8,0,0,1,49,49,4,0,0,0,0,0,0,0,57.9,12,190,1,35,35,16,35,16,35,34,34,35,-851583,8,4.863,0.015,13.675,38,0,16,0,0,35,1,1,0,0,0,1,0,0,0
20:50:17.225,1800.8,37.5,320,66.8,25.2,0,54,46.9,0,0,1,49,50,4,0,0,0,0,0,0,0,23.3,12,190,1,35,35,16,35,16,35,34,34,35,-851583,8,4.863,0.015,13.661,38,0,16,0,0,35,1,1,0,0,0,1,0,0,0
20:50:17.325,1731.7,32.8,325,3.6,1.1,0,54,46.9,0,0,1,49,50,4,0,0,0,0,0,0,0,0.4,12,190,1,35,35,16,35,16,35,35,34,35,-851583,8,4.863,0.015,13.647,38,0,16,0,0,35,1,1,0,0,0,1,0,0,0
20:50:17.425,1750.3,33.2,327,-2,0,0,54,46.9,0,0,1,51,50,4,0,0,0,0,0,0,0,-1,12,190,1,35,35,16,35,16,35,34,34,35,-851583,8,4.863,0.015,13.668,38,0,16,0,0,35,1,1,0,0,0,1,0,0,0
20:50:17.525,1763.9,40.4,326,15.9,4.4,0,54,46.9,0,0,1,52,50,4,0,0,0,0,0,0,0,5.5,12,190,1,35,35,16,35,16,35,34,34,35,-851583,8,4.863,0.015,13.654,38,0,16,0,0,35,1,1,0,0,0,1,0,0,0
20:50:17.625,1803.4,51.3,314,155.8,48.4,0,54,46.9,0,0,1,51,49,4,0,0,0,0,0,0,0,46.3,12,190,1,35,35,16,34,16,35,35,34,35,-851583,8,4.863,0.015,13.634,38,0,16,0,0,35,1,1,0,0,0,1,0,0,0
20:50:17.725,1811.2,51.3,312,188.6,61.6,0,54,46.9,0,0,1,51,51,4,0,0,0,0,0,0,0,57,12,190,1,35,35,16,34,16,35,34,34,35,-851583,8,4.863,0.015,13.647,38,0,16,0,0,35,1,1,0,0,0,1,0,0,0
20:50:17.825,1847.8,48,312,148.4,52.8,0,54,46.9,0,0,1,50,51,4,0,0,0,0,0,0,0,51.2,12,190,1,35,35,16,35,16,35,34,34,35,-851583,8,4.863,0.015,13.654,38,0,16,0,0,35,1,1,0,0,0,1,0,0,0
20:50:17.925,1858.9,37,324,26,10.2,0,54,46.9,0,0,1,51,51,4,0,0,0,0,0,0,0,6.4,12,190,1,35,35,16,35,16,35,34,34,35,-851583,8,4.863,0.015,13.654,38,0,16,0,0,35,1,1,0,0,0,1,0,0,0
20:50:18.025,1854.4,43.5,324,26.1,7.7,0,54,46.9,0,0,1,51,50,4,0,0,0,0,0,0,0,8.1,12,190,1,35,35,16,16,16,35,35,34,35,-851583,8,4.863,0.015,13.654,38,0,16,0,0,35,1,1,0,0,0,1,0,0,0
20:50:18.125,1874.9,44,323,41.4,14.5,0,54,46.9,0,0,1,50,51,4,0,0,0,0,0,0,0,16.7,12,190,1,35,35,16,34,16,35,34,34,35,-851583,8,4.863,0.015,13.641,38,0,16,0,0,35,1,1,0,0,0,1,0,0,0
20:50:18.225,1879.9,42.2,326,28.5,11,0,54,46.9,0,0,1,51,50,4,0,0,0,0,0,0,0,8.6,12,190,1,35,35,16,35,16,35,35,34,35,-851583,8,4.863,0.015,13.647,38,0,16,0,0,35,1,1,0,0,0,1,0,0,0
20:50:18.325,1850.9,41.9,323,31.2,10,0,54,46.9,0,0,1,50,50,4,0,0,0,0,0,0,0,8.1,12,190,1,35,35,16,35,16,35,35,34,35,-851583,8,4.863,0.015,13.661,38,0,16,0,0,35,1,1,0,0,0,1,0,0,0
20:50:18.425,1840.8,42.7,324,33.4,10.9,0,54,46.9,0,0,1,50,50,4,0,0,0,0,0,0,0,10.8,12,190,1,35,35,16,35,16,35,35,34,35,-851583,8,4.863,0.015,13.654,38,0,16,0,0,35,1,1,0,0,0,1,0,0,0
20:50:18.525,1820.1,41.4,325,27,8.5,0,54,46.9,0,0,1,50,51,4,0,0,0,0,0,0,0,6.4,12,190,1,35,35,16,35,16,35,35,34,35,-851583,8,4.863,0.015,13.641,38,0,16,0,0,35,1,1,0,0,0,1,0,0,0
20:50:18.625,1814.3,41.4,325,20.3,6.2,0,54,46.9,0,0,1,50,50,4,0,0,0,0,0,0,0,6.2,12,190,1,35,35,16,35,16,35,34,34,35,-851583,8,4.863,0.015,13.654,38,0,16,0,0,35,1,1,0,0,0,1,0,0,0
20:50:18.725,1804.4,41.6,325,25.2,8.6,0,54,46.9,0,0,1,50,51,4,0,0,0,0,0,0,0,7.2,12,190,1,35,35,16,35,16,35,34,34,35,-851583,8,4.863,0.015,13.62,38,0,16,0,0,35,1,1,0,0,0,1,0,0,0
20:50:18.825,1783.8,41.6,324,34.3,10.2,0,54,46.9,0,0,1,49,49,4,0,0,0,0,0,0,0,10.6,12,190,1,35,35,16,35,16,35,34,34,35,-851583,8,4.863,0.015,13.634,38,0,16,0,0,35,1,1,0,0,0,1,0,0,0
20:50:18.925,1710.9,39,325,42.3,12.7,0,54,46.9,0,0,1,49,50,4,0,0,0,0,0,0,0,11.7,12,190,1,35,35,16,35,16,35,34,34,35,-851583,8,4.863,0.015,13.634,38,0,16,0,0,35,1,1,0,0,0,1,0,0,0
20:50:19.025,1668.7,39.5,325,32.1,9.3,0,54,46.9,0,0,1,50,50,5,0,0,0,0,0,0,0,8.9,12,190,1,35,35,16,35,16,35,34,34,35,-851583,8,4.863,0.015,13.606,38,0,16,0,0,35,1,1,0,0,0,1,0,0,0
20:50:19.125,1611.3,37.3,325,35.4,10.1,0,54,46.9,0,0,1,50,50,5,0,0,0,0,0,0,0,8.7,12,190,1,35,35,16,35,16,35,35,34,35,-851583,8,4.863,0.015,13.586,38,0,16,0,0,35,1,1,0,0,0,1,0,0,0
20:50:19.225,1614.3,40.2,323,46.8,13.1,0,54,46.9,0,0,1,49,50,5,0,0,0,0,0,0,0,13.8,12,190,1,35,35,16,35,16,35,35,34,35,-851583,8,4.863,0.015,13.6,38,0,16,0,0,35,1,1,0,0,0,1,0,0,0
20:50:19.325,1636.4,42.2,319,102.5,31.2,0,54,46.9,0,0,1,50,51,5,0,0,0,0,0,0,0,29.6,12,190,1,35,35,16,35,16,35,35,34,35,-851583,8,4.863,0.015,13.6,38,0,16,0,0,35,1,1,0,0,0,1,0,0,0
20:50:19.425,1648.9,43.3,316,118.2,35.5,0,54,46.9,0,0,1,49,49,5,0,0,0,0,0,0,0,35.4,12,190,1,35,35,16,35,16,35,35,34,35,-851583,8,4.863,0.015,13.606,38,0,16,0,0,35,1,1,0,0,0,1,0,0,0
20:50:19.525,1637.8,31.6,326,20.9,7.8,0,54,46.9,0,0,1,50,50,5,0,0,0,0,0,0,0,4.7,12,190,1,35,35,16,35,16,35,34,34,35,-851583,8,4.863,0.015,13.62,38,0,16,0,0,35,1,1,0,0,0,1,0,0,0
20:50:19.625,1644.5,31.6,329,0,0,0,54,46.9,0,0,1,49,49,5,0,0,0,0,0,0,0,0,12,190,1,35,35,16,35,16,35,35,34,35,-851583,8,4.863,0.015,13.647,38,0,16,0,0,35,1,1,0,0,0,1,0,0,0
20:50:19.725,1630.5,31.8,329,0,0,0,54,47,0,0,1,49,49,5,0,0,0,0,0,0,0,0,12,190,1,35,35,16,35,16,35,34,34,35,-851583,8,4.863,0.015,13.675,38,0,16,0,0,35,1,1,0,0,0,1,0,0,0
20:50:19.825,1577.8,28.8,329,0,0,0,54,47,0,0,1,50,50,5,0,0,0,0,0,0,0,-1,12,190,1,35,35,16,34,16,35,35,34,35,-851583,8,4.863,0.015,13.613,38,0,16,0,0,35,1,1,0,0,0,1,0,0,0
20:50:19.925,1570,29.2,330,0,0,0,54,47,0,0,1,50,50,5,0,0,0,0,0,0,0,0,12,190,1,35,35,16,35,16,35,35,34,35,-851583,8,4.863,0.015,13.668,38,0,16,0,0,35,1,1,0,0,0,1,0,0,0
20:50:20.025,1556.3,28.7,330,0,0,0,54,47,0,0,1,50,50,5,0,0,0,0,0,0,0,0,12,190,1,35,35,16,35,16,35,34,34,35,-851583,8,4.863,0.015,13.647,38,0,16,0,0,35,1,1,0,0,0,1,0,0,0
20:50:20.125,1487.7,27,329,0,0,0,54,47,0,0,1,49,50,5,0,0,0,0,0,0,0,0,12,190,1,35,35,16,35,16,35,35,34,35,-851583,8,4.863,0.015,13.695,38,0,16,0,0,35,1,1,0,0,0,1,0,0,0
20:50:20.225,1303.6,21.6,329,0,0,0,54,47,0,0,1,50,50,5,0,0,0,0,0,0,0,0,12,190,1,35,35,16,35,16,35,34,34,35,-851583,8,4.863,0.015,13.688,38,0,16,0,0,35,1,1,0,0,0,1,0,0,0
20:50:20.325,795.8,8.2,329,0,0,0,54,46.9,0,0,1,49,50,5,0,0,0,0,0,0,0,0,12,190,1,35,35,16,35,16,35,34,34,35,-851583,8,4.863,0.015,13.675,38,0,16,0,0,35,1,1,0,0,0,1,0,0,0
20:50:20.425,663.1,12.3,329,0,0,0,54,47,0,0,1,50,50,5,0,0,0,0,0,0,0,0,12,190,1,35,35,16,35,16,35,35,34,35,-851583,8,4.863,0.015,13.675,38,0,16,0,0,35,1,1,0,0,0,1,0,0,0
20:50:20.525,1046.6,28.2,326,40.9,9.1,0,53,47,0,0,1,50,51,4,0,0,0,0,0,0,0,5.8,12,190,1,35,35,16,35,16,35,35,34,35,-851583,8,4.863,0.015,13.641,38,0,16,0,0,35,1,1,0,0,0,1,0,0,0
20:50:20.625,1083.8,29.3,324,71,16.5,0,53,47,0,0,1,49,50,5,0,0,0,0,0,0,0,14.4,12,190,1,35,35,16,35,16,35,34,34,35,-851583,8,4.863,0.015,13.634,38,0,16,0,0,35,1,1,0,0,0,1,0,0,0
20:50:20.725,1166,33.9,323,85.8,21.5,0,53,47,0,0,1,49,49,4,0,0,0,0,0,0,0,21.1,12,190,1,35,35,16,35,16,35,35,34,35,-851583,8,4.863,0.015,13.641,38,0,16,0,0,35,1,1,0,0,0,1,0,0,0
20:50:20.825,1273.7,37.9,316,176.2,46.7,0,53,46.9,0,0,1,49,49,5,0,0,0,0,0,0,0,42.7,12,190,1,35,35,16,35,16,35,35,34,35,-851583,8,4.863,0.015,13.627,38,0,16,0,0,35,1,1,0,0,0,1,0,0,0
20:50:20.925,1298.1,37.9,316,179.4,43,0,53,46.8,0,0,1,50,50,4,0,0,0,0,0,0,0,43.3,12,190,1,35,35,16,35,16,35,34,34,35,-851583,8,4.863,0.015,13.627,38,0,16,0,0,35,1,1,0,0,0,1,0,0,0
20:50:21.025,1357.6,39.5,315,173.6,48.7,0,53,46.8,0,0,1,52,50,5,0,0,0,0,0,0,0,44.2,12,190,1,35,35,16,35,16,35,34,34,35,-851583,8,4.863,0.015,13.641,38,0,16,0,0,35,1,1,0,0,0,1,0,0,0
20:50:21.125,1351.4,30.2,322,59.2,17,0,53,46.9,0,0,1,52,51,4,0,0,0,0,0,0,0,13.7,12,190,1,35,35,16,35,16,35,34,34,35,-851583,8,4.863,0.015,13.641,38,0,16,0,0,35,1,1,0,0,0,1,0,0,0
20:50:21.225,1329.5,31.6,325,37.5,10.1,0,53,46.9,0,0,1,51,50,4,0,0,0,0,0,0,0,8.8,12,190,1,35,35,16,35,16,35,35,34,35,-851583,8,4.863,0.015,13.634,38,0,16,0,0,35,1,1,0,0,0,1,0,0,0
20:50:21.325,1263.3,29,327,16.5,4,0,53,46.9,0,0,1,51,50,4,0,0,0,0,0,0,0,2.8,12,190,1,35,35,16,35,16,35,35,34,35,-851583,8,4.863,0.015,13.647,38,0,16,0,0,35,1,1,0,0,0,1,0,0,0
20:50:21.425,1247.4,27.9,329,8,1.3,0,53,46.9,0,0,1,54,50,4,0,0,0,0,0,0,0,1.6,12,190,1,35,35,16,35,16,35,35,34,35,-851583,8,4.863,0.015,13.634,38,0,16,0,0,35,1,1,0,0,0,1,0,0,0
20:50:21.525,1246.6,27.8,327,8.7,2.3,0,53,46.9,0,0,1,51,50,4,0,0,0,0,0,0,0,1.5,12,190,1,35,35,16,35,16,35,35,34,35,-851583,8,4.863,0.015,13.641,38,0,16,0,0,35,1,1,0,0,0,1,0,0,0
20:50:21.625,1099.4,25.2,328,8,1.6,0,53,46.9,0,0,1,52,51,4,0,0,0,0,0,0,0,1.5,12,190,1,35,35,16,34,16,35,34,34,35,-851583,8,4.863,0.015,13.661,38,0,16,0,0,35,1,1,0,0,0,1,0,0,0
20:50:21.725,1077,24.8,328,7.2,0.9,0,53,46.9,0,0,1,51,50,4,0,0,0,0,0,0,0,1.3,12,190,1,35,35,16,35,16,35,34,34,35,-851583,8,4.863,0.015,13.654,38,0,16,0,0,35,1,1,0,0,0,1,0,0,0
20:50:21.825,1085,25.1,327,19.8,3.8,0,53,46.9,0,0,1,51,51,4,0,0,0,0,0,0,0,3.6,12,190,1,35,35,16,35,16,35,35,34,35,-851583,8,4.863,0.015,13.647,38,0,16,0,0,35,1,1,0,0,0,1,0,0,0
20:50:21.925,968.7,18.1,330,0,0,0,53,46.9,0,0,1,51,50,4,0,0,0,0,0,0,0,0,12,190,1,35,35,16,35,16,35,35,34,35,-851583,8,4.863,0.015,13.702,38,0,16,0,0,35,1,1,0,0,0,1,0,0,0
20:50:22.025,992,19.4,329,0,0,0,53,46.9,0,0,1,51,50,4,0,0,0,0,0,0,0,0,12,190,1,35,35,16,34,16,35,34,34,35,-851583,8,4.863,0.015,13.695,38,0,16,0,0,35,1,1,0,0,0,1,0,0,0
20:50:22.125,932.3,16.8,329,0,0,0,53,46.9,0,0,1,50,50,4,0,0,0,0,0,0,0,0,12,190,1,35,35,16,34,16,35,35,34,35,-851583,8,4.863,0.015,13.702,38,0,16,0,0,35,1,1,0,0,0,1,0,0,0
20:50:22.225,920.8,17.2,330,0,0,0,53,46.9,0,0,1,51,50,4,0,0,0,0,0,0,0,0,12,190,1,35,35,16,35,16,35,35,34,35,-851583,8,4.863,0.015,13.695,38,0,16,0,0,35,1,1,0,0,0,1,0,0,0
20:50:22.325,913.8,17.9,329,0,0,0,53,46.9,0,0,1,50,49,4,0,0,0,0,0,0,0,0,12,190,1,35,35,16,34,16,35,35,34,35,-851583,8,4.863,0.015,13.661,38,0,16,0,0,35,1,1,0,0,0,1,0,0,0
20:50:22.425,911.9,17.6,329,0,0,0,53,46.9,0,0,1,50,50,4,0,0,0,0,0,0,0,0,12,190,1,35,35,16,34,16,35,35,34,35,-851583,8,4.863,0.015,13.688,38,0,16,0,0,35,1,1,0,0,0,1,0,0,0
20:50:22.525,907.5,16.9,330,0,0,0,53,46.9,0,0,1,49,49,4,0,0,0,0,0,0,0,0,12,190,1,35,35,16,35,16,35,35,34,35,-851583,8,4.863,0.015,13.675,38,0,16,0,0,35,1,1,0,0,0,1,0,0,0
20:50:22.625,898.6,17.3,328,0.3,0,0,53,46.9,0,0,1,50,50,4,0,0,0,0,0,0,0,0,12,190,1,35,35,16,34,16,35,35,34,35,-851583,8,4.863,0.015,13.647,38,0,16,0,0,35,1,1,0,0,0,1,0,0,0
20:50:22.725,879.2,17.4,330,0,0,0,53,46.9,0,0,1,50,49,4,0,0,0,0,0,0,0,0,12,190,1,35,35,16,34,16,35,35,34,35,-851583,8,4.863,0.015,13.654,38,0,16,0,0,35,1,1,0,0,0,1,0,0,0
20:50:22.825,848.6,16.8,330,0,0,0,53,46.9,0,0,1,50,50,4,0,0,0,0,0,0,0,0,12,190,1,35,35,16,35,16,35,35,34,35,-851583,8,4.863,0.015,13.647,38,0,16,0,0,35,1,1,0,0,0,1,0,0,0
20:50:22.925,813,14.7,329,0,0,0,53,46.9,0,0,1,50,49,4,0,0,0,0,0,0,0,0,12,190,1,35,35,16,34,16,35,34,34,35,-851583,8,4.863,0.015,13.661,38,0,16,0,0,35,1,1,0,0,0,1,0,0,0
20:50:23.025,792.2,15.3,330,0,0,0,53,46.9,0,0,1,49,50,5,0,0,0,0,0,0,0,0,12,190,1,35,35,16,35,16,35,34,34,35,-851583,8,4.863,0.015,13.668,38,0,16,0,0,35,1,1,0,0,0,1,0,0,0
20:50:23.125,764.4,13.9,330,0,0,0,53,46.9,0,0,1,49,49,5,0,0,0,0,0,0,0,0,12,190,1,35,35,16,35,16,35,35,34,35,-851583,8,4.863,0.015,13.654,38,0,16,0,0,35,1,1,0,0,0,1,0,0,0
20:50:23.225,748.1,14.5,330,0,0,0,52,46.9,0,0,1,50,50,5,0,0,0,0,0,0,0,0,12,190,1,35,35,16,35,16,35,34,34,35,-851583,8,4.863,0.015,13.661,38,0,16,0,0,35,1,1,0,0,0,1,0,0,0
20:50:23.325,725.6,13.8,329,0,0,0,52,46.9,0,0,1,50,49,5,0,0,0,0,0,0,0,0,12,190,1,35,35,16,35,16,35,34,34,35,-851583,8,4.863,0.015,13.654,38,0,16,0,0,35,1,1,0,0,0,1,0,0,0
20:50:23.425,708.6,13.6,330,0,0,0,52,46.9,0,0,1,51,50,5,0,0,0,0,0,0,0,0,12,190,1,35,35,16,35,16,35,34,34,35,-851583,8,4.863,0.015,13.654,38,0,16,0,0,35,1,1,0,0,0,1,0,0,0
20:50:23.525,684.2,12.4,330,0,0,0,52,46.9,0,0,1,50,50,5,0,0,0,0,0,0,0,0,12,190,1,35,35,16,35,16,35,35,34,35,-851583,8,4.863,0.015,13.661,38,0,16,0,0,35,1,1,0,0,0,1,0,0,0
20:50:23.625,652.4,11.9,330,0,0,0,52,46.9,0,0,1,50,50,5,0,0,0,0,0,0,0,0,12,190,1,35,35,16,34,16,35,34,34,35,-851583,8,4.863,0.015,13.654,38,0,16,0,0,35,1,1,0,0,0,1,0,0,0
20:50:23.725,624,11.3,329,0,0,0,52,46.9,0,0,1,50,50,4,0,0,0,0,0,0,0,0,12,190,1,35,35,16,34,16,35,35,34,35,-851583,8,4.863,0.015,13.668,38,0,16,0,0,35,1,1,0,0,0,1,0,0,0
20:50:23.825,582.8,10.4,329,0,0,0,52,46.9,0,0,1,49,49,4,0,0,0,0,0,0,0,0,12,190,1,35,35,16,35,16,35,35,34,35,-851583,8,4.863,0.015,13.654,38,0,16,0,0,35,1,1,0,0,0,1,0,0,0
20:50:23.925,530.6,9.6,330,0,0,0,52,46.9,0,0,1,50,50,4,0,0,0,0,0,0,0,0,12,190,1,35,35,16,35,16,35,35,34,35,-851583,8,4.863,0.015,13.654,38,0,16,0,0,35,1,1,0,0,0,1,0,0,0
20:50:24.025,460.4,8.8,330,0,0,0,52,46.9,0,0,1,49,49,4,0,0,0,0,0,0,0,0,12,190,1,35,35,16,16,16,35,35,34,35,-851583,8,4.863,0.015,13.647,38,0,16,0,0,35,1,1,0,0,0,1,0,0,0
20:50:24.125,403.3,7.3,330,0,0,0,52,46.9,0,0,1,50,50,4,0,0,0,0,0,0,0,0,12,190,1,35,35,16,35,16,35,34,34,35,-851583,8,4.863,0.015,13.647,38,0,16,0,0,35,1,1,0,0,0,1,0,0,0
20:50:24.225,405.5,6.6,330,0,0,0,52,46.9,0,0,1,50,49,4,0,0,0,0,0,0,0,0,12,190,1,35,35,16,35,16,35,34,34,35,-851583,8,4.863,0.015,13.688,38,0,16,0,0,35,1,1,0,0,0,1,0,0,0
20:50:24.325,388.8,7.6,331,0,0,0,52,46.9,0,0,1,50,50,4,0,0,0,0,0,0,0,0,12,190,1,35,35,16,35,16,35,34,34,35,-851583,8,4.863,0.015,13.654,38,0,16,0,0,35,1,1,0,0,0,1,0,0,0
20:50:24.425,383.5,6.8,329,0,0,0,52,46.9,0,0,1,50,49,4,0,0,0,0,0,0,0,0,12,190,1,35,35,16,35,16,35,35,34,35,-851583,8,4.863,0.015,13.661,38,0,16,0,0,35,1,1,0,0,0,1,0,0,0
20:50:24.525,376.3,6.9,329,0,0,0,52,46.9,0,0,1,54,50,4,0,0,0,0,0,0,0,0.1,12,190,1,35,35,16,35,16,35,34,34,35,-851583,8,4.863,0.015,13.641,38,0,16,0,0,35,1,1,0,0,0,1,0,0,0
20:50:24.625,369.6,12.7,329,10.2,1,0,52,46.4,0,0,1,52,49,4,0,0,0,0,0,0,0,0.8,12,190,1,35,35,16,35,16,35,35,34,35,-851583,8,4.863,0.015,13.627,38,0,16,0,0,35,1,1,0,0,0,1,0,0,0
20:50:24.725,397.5,13.6,328,41,4.1,0,52,46.2,0,0,1,52,50,4,0,0,0,0,0,0,0,3.4,12,190,1,35,35,16,35,16,35,35,34,35,-851583,8,4.863,0.015,13.627,38,0,16,0,0,35,1,1,0,0,0,1,0,0,0
20:50:24.825,369.8,13.3,329,33.5,3.5,0,52,46.2,0,0,1,52,51,4,0,0,0,0,0,0,0,2.7,12,190,1,35,35,16,35,16,35,35,34,35,-851583,8,4.863,0.015,13.613,38,0,16,0,0,35,1,1,0,0,0,1,0,0,0
20:50:24.925,377.1,14,328,35.3,4.1,0,52,46.2,0,0,1,52,51,4,0,0,0,0,0,0,0,2.9,12,190,1,35,35,16,35,16,35,35,34,35,-851583,8,4.863,0.015,13.627,38,0,16,0,0,35,1,1,0,0,0,1,0,0,0
20:50:25.025,389.5,13.7,328,36,3.9,0,52,46.1,0,0,1,52,51,4,0,0,0,0,0,0,0,3,12,190,1,35,35,16,35,16,35,34,34,35,-851583,8,4.863,0.015,13.606,38,0,16,0,0,35,1,1,0,0,0,1,0,0,0
20:50:25.125,388.4,14.1,327,30.9,3.4,0,52,46.1,0,0,1,51,51,4,0,0,0,0,0,0,0,2.7,12,190,1,35,35,16,35,16,35,35,34,35,-851583,8,4.863,0.015,13.6,38,0,16,0,0,35,1,1,0,0,0,1,0,0,0
20:50:25.225,396.8,14.1,328,36.2,4,0,51.1,46.1,0,0,1,52,50,4,0,0,0,0,0,0,0,3.2,12,190,1,35,35,16,35,16,35,34,34,35,-851583,8,4.863,0.015,13.606,38,0,16,0,0,35,1,1,0,0,0,1,0,0,0
20:50:25.325,409.7,14.3,329,34.8,4,0,51,46,0,0,1,51,50,4,0,0,0,0,0,0,0,3,12,190,1,35,35,16,35,16,35,35,34,35,-851583,8,4.863,0.015,13.606,38,0,16,0,0,35,1,1,0,0,0,1,0,0,0
20:50:25.425,417.5,13.9,329,28.1,3.5,0,51,46,0,0,1,51,49,4,0,0,0,0,0,0,0,2.5,12,190,1,35,35,16,35,16,35,35,34,35,-851583,8,4.863,0.015,13.62,38,0,16,0,0,35,1,1,0,0,0,1,0,0,0
20:50:25.525,382.2,12.4,329,8.2,0.8,0,51,46,0,0,1,51,50,4,0,0,0,0,0,0,0,0.6,12,190,1,35,35,16,35,16,35,34,34,35,-851583,8,4.863,0.015,13.627,38,0,16,0,0,35,1,1,0,0,0,1,0,0,0
20:50:25.625,319.7,10.9,329,12.1,1.1,0,51,46,0,0,1,52,50,4,0,0,0,0,0,0,0,0.8,12,190,1,35,35,16,35,16,35,35,34,35,-851583,8,4.863,0.015,13.62,38,0,16,0,0,35,1,1,0,0,0,1,0,0,0
20:50:25.725,243.1,9.2,327,10.1,0.7,0,51,46,0,0,1,52,51,4,0,0,0,0,0,0,0,0.5,12,190,1,35,35,16,35,16,35,34,34,35,-851583,8,4.863,0.015,13.613,38,0,16,0,0,35,1,1,0,0,0,1,0,0,0
20:50:25.825,161,7.4,329,10.1,0.4,0,51,46,0,0,1,51,49,4,0,0,0,0,0,0,0,0.4,12,190,1,35,35,16,34,16,35,34,34,35,-851583,8,4.863,0.015,13.62,38,0,16,0,0,35,1,1,0,0,0,1,0,0,0
20:50:25.925,77,5.4,328,7.4,0.2,0,51,46,0,0,1,51,49,4,0,0,0,0,0,0,0,0.3,12,190,1,35,35,16,35,16,35,35,34,35,-851583,8,4.863,0.015,13.62,38,0,16,0,0,35,1,1,0,0,0,1,0,0,0
20:50:26.025,12.4,4.8,328,9.1,0.2,0,51,46,0,0,1,50,50,4,0,0,0,0,0,0,0,0.2,12,190,1,35,35,16,35,16,35,35,34,35,-851583,8,4.863,0.015,13.606,38,0,16,0,0,35,1,1,0,0,0,1,0,0,0
20:50:26.125,-3.7,0.5,329,0,0,0,51,46.9,0,0,1,51,49,4,0,0,0,0,0,0,0,0,12,190,1,35,35,16,35,16,35,34,34,35,-851583,8,4.863,0.015,13.641,38,0,16,0,0,35,1,1,0,0,0,1,0,0,0
20:50:26.225,0,0.5,329,0,0,0,51,46.9,0,0,1,51,50,4,0,0,0,0,0,0,0,0,12,190,1,35,35,16,35,16,35,35,34,35,-851583,8,4.863,0.015,13.647,38,0,16,0,0,35,1,1,0,0,0,1,0,0,0
20:50:26.325,0,0.4,331,0,0,0,51,46.9,0,0,1,51,49,4,0,0,0,0,0,0,0,0,12,190,1,35,35,16,35,16,35,35,34,35,-851583,8,4.863,0.015,13.62,38,0,16,0,0,35,1,1,0,0,0,1,0,0,0
20:50:26.425,0,0.5,330,0,0,0,51,46.9,0,0,1,51,50,4,0,0,0,0,0,0,0,0,12,190,1,35,35,16,35,16,35,34,34,35,-851583,8,4.863,0.015,13.661,38,0,16,0,0,35,1,1,0,0,0,1,0,0,0
20:50:26.525,0,0.5,330,0,0,0,51,46.9,0,0,1,51,49,4,0,0,0,0,0,0,0,0,12,190,1,35,35,16,35,16,35,35,34,35,-851583,8,4.863,0.015,13.647,38,0,16,0,0,35,1,1,0,0,0,1,0,0,0
20:50:26.625,0,0.4,330,0,0,0,51,46.9,0,0,1,50,49,4,0,0,0,0,0,0,0,0,12,190,1,35,35,16,35,16,35,34,34,35,-851583,8,4.863,0.015,13.647,38,0,16,0,0,35,1,1,0,0,0,1,0,0,0
20:50:26.725,0,0.5,329,0,0,0,51,46.9,0,0,1,51,50,4,0,0,0,0,0,0,0,0,12,190,1,35,35,16,35,16,35,35,34,35,-851583,8,4.863,0.015,13.641,38,0,16,0,0,35,1,1,0,0,0,1,0,0,0
20:50:26.825,0,0.4,330,0,0,0,51,46.9,0,0,1,50,49,4,0,0,0,0,0,0,0,0,12,190,1,35,35,16,35,16,35,35,34,35,-851583,8,4.863,0.015,13.641,38,0,16,0,0,35,1,1,0,0,0,1,0,0,0
20:50:26.925,0,0.5,331,0,0,0,51,46.9,0,0,1,51,50,4,0,0,0,0,0,0,0,0,12,190,1,35,35,16,35,16,35,35,34,35,-851583,8,4.863,0.015,14.03,38,0,16,0,0,35,1,1,0,0,0,1,0,0,0
20:50:27.025,0,0.7,331,0,0,0,51,46.9,0,0,1,51,49,5,0,0,0,0,0,0,0,0,12,190,1,35,35,16,35,16,35,35,34,35,-851583,8,4.863,0.015,14.03,38,0,16,0,0,35,1,1,0,0,0,1,0,0,0
20:50:27.125,0,0.5,330,0,0,0,51,46.9,0,0,1,51,49,4,0,0,0,0,0,0,0,0,12,190,1,35,35,16,35,16,35,34,34,35,-851583,8,4.863,0.015,14.03,37,0,16,0,0,35,1,1,0,0,0,1,0,0,0
20:50:27.225,-0.1,0.6,331,0,0,0,51,46.9,0,0,1,51,49,3,0,0,0,0,0,0,0,0,12,190,1,35,35,16,35,16,35,34,34,35,-851583,8,4.863,0.015,14.03,38,0,16,0,0,35,1,1,0,0,0,1,0,0,0
20:50:27.325,0,0.7,330,0,0,0,51,46.8,0,0,1,51,49,3,0,0,0,0,0,0,0,0,12,190,1,35,35,16,35,16,35,35,34,35,-851583,8,4.863,0.015,14.03,38,0,16,0,0,35,1,1,0,0,0,1,0,0,0
20:50:27.425,0,0.6,330,0,0,0,51,46.8,0,0,1,51,49,15,0,0,0,0,0,0,0,0,12,190,1,35,35,16,35,16,35,35,34,35,-851583,8,4.863,0.015,14.03,38,0,16,0,0,35,1,1,0,0,0,1,0,0,0
20:50:27.525,0,0.5,330,0,0,0,51,46.6,0,0,1,51,49,6,0,0,0,0,0,0,0,0,12,190,1,35,35,16,35,16,35,34,34,35,-851583,8,4.863,0.015,14.03,38,0,16,0,0,35,1,1,0,0,0,1,0,0,0
20:50:27.625,0,0.6,329,0,0,0,50,46.6,0,0,1,51,49,6,0,0,0,0,0,0,0,0,12,190,1,35,35,16,35,16,35,35,34,35,-851583,8,4.863,0.015,14.03,38,0,16,0,0,35,1,1,0,0,0,1,0,0,0
20:50:27.725,0,0.7,330,0,0,0,50,46.6,0,0,1,51,49,3,0,0,0,0,0,0,0,0,12,190,1,35,35,16,35,16,35,35,34,35,-851583,8,4.858,0.015,14.03,38,0,16,0,0,35,1,1,0,0,0,1,0,0,0
20:50:27.825,0,0.5,330,0,0,0,50,46.6,0,0,1,51,49,6,0,0,0,0,0,0,0,0,12,190,1,35,35,16,35,16,35,35,34,35,-851583,8,4.863,0.015,14.03,38,0,16,0,0,35,1,1,0,0,0,1,0,0,0
20:50:27.925,0,0.4,330,0,0,0,50,46.5,0,0,1,51,49,6,0,0,0,0,0,0,0,0,12,190,1,35,35,16,35,16,35,35,34,35,-851583,8,4.863,0.015,14.03,38,0,16,0,0,35,1,1,0,0,0,1,0,0,0
20:50:28.025,0,0.5,331,0,0,0,50,46.5,0,0,1,51,49,6,0,0,0,0,0,0,0,0,12,190,1,35,35,16,34,16,35,35,34,35,-851583,8,4.863,0.015,14.03,38,0,16,0,0,35,1,1,0,0,0,1,0,0,0
20:50:28.125,0,0.6,331,0,0,0,50,46.6,0,0,1,51,49,26,0,0,0,0,0,0,0,0,12,190,1,35,35,16,35,16,35,35,34,35,-851583,8,4.863,0.015,14.03,38,0,16,0,0,35,1,1,0,0,0,1,0,0,0
20:50:28.225,0,0.5,330,0,0,0,50,46.4,0,0,1,51,49,26,0,0,0,0,0,0,0,0,12,190,1,35,35,16,35,16,35,35,34,35,-851583,8,4.863,0.015,14.03,38,0,16,0,0,35,1,1,0,0,0,1,0,0,0
20:50:28.325,0,0.5,330,0,0,0,50,46.6,0,0,1,55,50,26,0,0,0,0,0,0,0,0,12,190,1,35,35,16,35,16,35,35,34,35,-851583,8,4.863,0.015,14.03,38,0,16,0,0,35,1,1,0,0,0,1,0,0,0
20:50:28.425,0,0.5,330,0,0,0,50,46.6,0,0,1,54,49,26,0,0,0,0,0,0,0,0,12,190,1,35,35,16,34,16,35,34,34,35,-851583,8,4.863,0.015,14.03,38,0,16,0,0,35,1,1,0,0,0,1,0,0,0
20:50:28.525,0,0.3,330,0,0,0,50,46.7,0,0,1,54,49,26,0,0,0,0,0,0,0,0,12,190,1,35,35,16,35,16,35,34,34,35,-851583,8,4.863,0.015,14.03,38,0,16,0,0,35,1,1,0,0,0,1,0,0,0
20:50:28.625,0,0.5,332,0,0,0,50,46.5,0,0,1,52,50,26,0,0,0,0,0,0,0,0,12,190,1,35,35,16,34,16,35,35,34,35,-851583,8,4.863,0.015,14.03,38,0,16,0,0,35,1,1,0,0,0,1,0,0,0
20:50:28.725,0,0.6,331,0,0,0,50,46.6,0,0,1,52,50,26,0,0,0,0,0,0,0,0,12,190,1,35,35,16,34,16,35,34,34,35,-851583,8,4.863,0.015,14.03,38,0,16,0,0,35,1,1,0,0,0,1,0,0,0
20:50:28.825,0,0.5,331,0,0,0,50,46.7,0,0,1,54,50,26,0,0,0,0,0,0,0,0,12,190,1,35,35,16,35,16,35,35,34,35,-851583,8,4.863,0.015,14.03,38,0,16,0,0,35,1,1,0,0,0,1,0,0,0
20:50:28.925,0,0.5,330,0,0,0,50,46.6,0,0,1,52,50,26,0,0,0,0,0,0,0,0,12,190,1,35,35,16,34,16,35,34,34,35,-851583,8,4.863,0.015,14.03,38,0,16,0,0,35,1,1,0,0,0,1,0,0,0
20:50:29.025,0,0.4,330,0,0,0,50,46.6,0,0,1,52,50,26,0,0,0,0,0,0,0,0,12,190,1,35,35,16,35,16,35,35,34,35,-851583,8,4.863,0.015,14.03,38,0,16,0,0,35,1,1,0,0,0,1,0,0,0
20:50:29.125,0,0.5,331,0,0,0,50,46.8,0,0,1,51,50,26,0,0,0,0,0,0,0,0,12,190,1,35,35,16,35,16,35,34,34,35,-851583,8,4.863,0.015,14.03,38,0,16,0,0,35,1,1,0,0,0,1,0,0,0
20:50:29.225,0,0.6,331,0,0,0,50,46.7,0,0,1,51,49,26,0,0,0,0,0,0,0,0,12,190,1,35,35,16,35,16,35,35,34,35,-851583,8,4.863,0.015,14.03,38,0,16,0,0,35,1,1,0,0,0,1,0,0,0
20:50:29.325,0,0.5,331,0,0,0,50,46.9,0,0,1,51,50,26,0,0,0,0,0,0,0,0,12,190,1,35,35,16,35,16,35,35,34,35,-851583,8,4.863,0.015,14.037,38,0,16,0,0,35,1,1,0,0,0,1,0,0,0
20:50:29.425,0,0.6,330,0,0,0,50,46.8,0,0,1,52,49,26,0,0,0,0,0,0,0,0,12,190,1,35,35,16,35,16,35,35,34,35,-851583,8,4.863,0.015,14.037,38,0,16,0,0,35,1,1,0,0,0,1,0,0,0
20:50:29.525,0,0.5,331,0,0,0,50,46.9,0,0,1,51,49,26,0,0,0,0,0,0,0,0,12,190,1,35,35,16,35,16,35,35,34,35,-851583,8,4.863,0.015,14.03,38,0,16,0,0,35,1,1,0,0,0,1,0,0,0
20:50:29.625,0,0.5,331,0,0,0,50,46.9,0,0,1,52,50,0,0,0,0,0,0,0,0,0,12,190,1,35,35,16,34,16,35,34,34,35,-851583,8,4.863,0.015,14.03,38,0,16,0,0,35,1,1,0,0,0,1,0,0,0
20:50:29.725,0,0.4,331,0,0,0,50,46.9,0,0,1,51,49,0,0,0,0,0,0,0,0,0,12,190,1,35,35,16,34,16,35,34,34,35,-851583,8,4.863,0.015,14.03,38,0,16,0,0,35,1,1,0,0,0,1,0,0,0
20:50:29.825,0,0.6,331,0,0,0,50,46.9,0,0,1,51,49,0,0,0,0,0,0,0,0,0,12,190,1,35,35,16,35,16,35,34,34,35,-851583,8,4.863,0.015,14.037,38,0,16,0,0,35,1,1,0,0,0,1,0,0,0
20:50:29.925,0,0.5,330,0,0,0,49.1,46.9,0,0,1,51,50,0,0,0,0,0,0,0,0,0,12,190,1,35,35,16,35,16,35,35,34,35,-851583,8,4.863,0.015,14.037,38,0,16,0,0,35,1,1,0,0,0,1,0,0,0
20:50:30.025,0,0.4,330,0,0,0,49,46.9,0,0,1,52,50,0,0,0,0,0,0,0,0,0,12,190,1,35,35,16,16,16,35,34,34,35,-851583,8,4.863,0.015,14.037,38,0,16,0,0,35,1,1,0,0,0,1,0,0,0
20:50:30.125,0,0.4,331,0,0,0,49,46.9,0,0,1,51,49,0,0,0,0,0,0,0,0,0,12,190,1,35,35,16,35,16,35,35,34,35,-851583,8,4.863,0.015,14.037,38,0,16,0,0,35,1,1,0,0,0,1,0,0,0
20:50:30.225,0,0.5,331,0,0,0,49,46.9,0,0,1,51,50,0,0,0,0,0,0,0,0,0,12,190,1,35,35,16,35,16,35,35,34,35,-851583,8,4.863,0.015,14.037,38,0,16,0,0,35,1,1,0,0,0,1,0,0,0
20:50:30.325,0,0.5,331,0,0,0,49,46.9,0,0,1,51,49,0,0,0,0,0,0,0,0,0,12,190,1,35,35,16,35,16,35,35,34,35,-851583,8,4.863,0.015,14.037,38,0,16,0,0,35,1,1,0,0,0,1,0,0,0
20:50:30.425,0,0.4,331,0,0,0,49,46.9,0,0,1,51,50,0,0,0,0,0,0,0,0,0,12,190,1,35,35,16,35,16,35,35,34,35,-851583,8,4.863,0.015,14.037,38,0,16,0,0,35,1,1,0,0,0,1,0,0,0
20:50:30.525,0,0.4,331,0,0,0,49,46.9,0,0,1,51,49,0,0,0,0,0,0,0,0,0,12,190,1,35,35,16,35,16,35,34,34,35,-851583,8,4.863,0.015,14.03,38,0,16,0,0,35,1,1,0,0,0,1,0,0,0
20:50:30.625,0,0.6,332,0,0,0,49,46.9,0,0,1,51,49,0,0,0,0,0,0,0,0,0,12,190,1,35,35,16,35,16,35,35,34,35,-851583,8,4.863,0.015,14.037,38,0,16,0,0,35,1,1,0,0,0,1,0,0,0
20:50:30.725,0,0.7,330,0,0,0,49,46.9,0,0,1,51,49,0,0,0,0,0,0,0,0,0,12,190,1,35,35,16,35,16,35,34,34,35,-851583,8,4.863,0.015,14.037,38,0,16,0,0,35,1,1,0,0,0,1,0,0,0
20:50:30.825,0,0.4,330,0,0,0,49,46.9,0,0,1,51,49,0,0,0,0,0,0,0,0,0,12,190,1,35,35,16,35,16,35,35,34,35,-851583,8,4.858,0.015,14.037,38,0,16,0,0,35,1,1,0,0,0,1,0,0,0
20:50:30.925,0,0.5,331,0,0,0,49,46.9,0,0,1,51,49,0,0,0,0,0,0,0,0,0,12,190,1,35,35,16,35,16,35,35,34,35,-851583,8,4.863,0.015,14.03,38,0,16,0,0,35,1,1,0,0,0,1,0,0,0
20:50:31.025,0,0.5,332,0,0,0,49,46.9,0,0,1,51,49,0,0,0,0,0,0,0,0,0,12,190,1,35,35,16,35,16,35,34,34,35,-851583,8,4.863,0.015,14.037,38,0,16,0,0,35,1,1,0,0,0,1,0,0,0
20:50:31.125,0,0.5,330,0,0,0,49,46.9,0,0,1,51,49,0,0,0,0,0,0,0,0,0,12,190,1,35,35,16,35,16,35,35,34,35,-851583,8,4.863,0.015,14.037,38,0,16,0,0,35,1,1,0,0,0,1,0,0,0
20:50:31.225,0,0.6,331,0,0,0,49,46.9,0,0,1,51,49,0,0,0,0,0,0,0,0,0,12,190,1,35,35,16,35,16,35,34,34,35,-851583,8,4.858,0.015,14.037,38,0,16,0,0,35,1,1,0,0,0,1,0,0,0
20:50:31.325,0,0.6,332,0,0,0,49,46.9,0,0,1,51,49,0,0,0,0,0,0,0,0,0,12,190,1,35,35,16,35,16,35,34,34,35,-851583,8,4.863,0.015,14.03,38,0,16,0,0,35,1,1,0,0,0,1,0,0,0
20:50:31.425,0,0.5,331,0,0,0,49,46.9,0,0,1,50,49,0,0,0,0,0,0,0,0,0,12,190,1,35,35,16,35,16,35,35,34,35,-851583,8,4.863,0.015,14.037,38,0,16,0,0,35,1,1,0,0,0,1,0,0,0
20:50:31.525,0,0.5,331,0,0,0,49,46.9,0,0,1,50,49,0,0,0,0,0,0,0,0,0,12,190,1,35,35,16,35,16,35,35,34,35,-851583,8,4.863,0.015,14.037,38,0,16,0,0,35,1,1,0,0,0,1,0,0,0
20:50:31.625,0,0.6,331,0,0,0,49,46.9,0,0,1,51,49,0,0,0,0,0,0,0,0,0,12,190,1,35,35,16,35,16,35,34,34,35,-851583,8,4.863,0.015,14.03,38,0,16,0,0,35,1,1,0,0,0,1,0,0,0
20:50:31.725,0,0.4,330,0,0,0,49,46.9,0,0,1,51,49,0,0,0,0,0,0,0,0,0,12,190,1,35,35,16,35,16,35,35,34,35,-851583,8,4.858,0.015,14.037,38,0,16,0,0,35,1,1,0,0,0,1,0,0,0
20:50:31.825,0,0.4,330,0,0,0,49,46.9,0,0,1,50,49,0,0,0,0,0,0,0,0,0,12,190,1,35,35,16,34,16,35,35,34,35,-851583,8,4.863,0.015,14.037,38,0,16,0,0,35,1,1,0,0,0,1,0,0,0
20:50:31.925,0,0.6,330,0,0,0,49,46.9,0,0,1,51,49,0,0,0,0,0,0,0,0,0,12,190,1,35,35,16,35,16,35,34,34,35,-851583,8,4.863,0.015,14.037,38,0,16,0,0,35,1,1,0,0,0,1,0,0,0
20:50:32.025,0,0.7,330,0,0,0,49,46.9,0,0,1,51,50,0,0,0,0,0,0,0,0,0,12,190,1,35,35,16,35,16,35,35,34,35,-851583,8,4.863,0.015,14.037,38,0,16,0,0,35,1,1,0,0,0,1,0,0,0
20:50:32.125,0,0.6,331,0,0,0,49,46.9,0,0,1,54,49,0,0,0,0,0,0,0,0,0,12,190,1,35,35,16,35,16,35,34,34,35,-851583,8,4.863,0.015,14.037,38,0,16,0,0,35,1,1,0,0,0,1,0,0,0
20:50:32.225,0,0.5,330,0,0,0,49,46.9,0,0,1,54,49,0,0,0,0,0,0,0,0,0,12,190,1,35,35,16,35,16,35,35,34,35,-851583,8,4.863,0.015,14.037,38,0,16,0,0,35,1,1,0,0,0,1,0,0,0
20:50:32.325,0,0.4,331,0,0,0,49,46.9,0,0,1,54,50,0,0,0,0,0,0,0,0,0,12,190,1,35,35,16,35,16,35,35,34,35,-851583,8,4.863,0.015,14.037,38,0,16,0,0,35,1,1,0,0,0,1,0,0,0
20:50:32.425,0,0.5,331,0,0,0,49,46.9,0,0,1,52,51,0,0,0,0,0,0,0,0,0,12,190,1,35,35,16,35,16,35,35,34,35,-851583,8,4.863,0.015,14.037,38,0,16,0,0,35,1,1,0,0,0,1,0,0,0
20:50:32.525,0,0.6,331,0,0,0,49,46.9,0,0,1,52,50,0,0,0,0,0,0,0,0,0,12,190,1,35,35,16,35,16,35,35,34,35,-851583,8,4.863,0.015,14.037,38,0,16,0,0,35,1,1,0,0,0,1,0,0,0
20:50:32.625,0,0.6,330,2.3,0,0,49,46.9,0,0,1,52,50,0,0,0,0,0,0,0,0,0.1,12,190,1,35,35,16,35,16,35,35,34,35,-851583,8,4.863,0.015,14.03,38,0,16,0,0,35,1,1,0,0,0,1,0,0,0
20:50:32.725,0.3,1,329,2.8,0,0,49,46.9,0,0,1,52,50,0,0,0,0,0,0,0,0,0.1,12,190,1,35,35,16,35,16,35,34,34,35,-851583,8,4.863,0.015,13.996,38,0,16,0,0,35,1,1,0,0,0,1,0,0,0
20:50:32.825,0,1.6,330,0,0,0,49,46.9,0,0,1,52,50,0,0,0,0,0,0,0,0,0.1,12,190,1,35,35,16,35,16,35,35,34,35,-851583,8,4.863,0.015,13.996,38,0,16,0,0,35,1,1,0,0,0,1,0,0,0
20:50:32.925,-0.3,0.5,330,0,0,0,49,46.9,0,0,1,52,49,0,0,0,0,0,0,0,0,0,12,190,1,35,35,16,35,16,35,35,34,35,-851583,8,4.863,0.015,14.037,38,0,16,0,0,35,1,1,0,0,0,1,0,0,0
20:50:33.025,0,0.4,331,0,0,0,49,46.9,0,0,1,51,49,0,0,0,0,0,0,0,0,0,12,190,1,35,35,16,35,16,35,35,34,35,-851583,8,4.863,0.015,14.037,38,0,16,0,0,35,1,1,0,0,0,1,0,0,0
20:50:33.125,0,0.5,331,0,0,0,49,46.9,0,0,1,51,50,0,0,0,0,0,0,0,0,0,12,190,1,35,35,16,35,16,35,35,34,35,-851583,8,4.863,0.015,14.037,38,0,16,0,0,35,1,1,0,0,0,1,0,0,0
20:50:33.225,0,0.5,331,0,0,0,48.6,46.9,0,0,1,51,49,0,0,0,0,0,0,0,0,0,12,190,1,35,35,16,35,16,35,35,34,35,-851583,8,4.863,0.015,14.037,38,0,16,0,0,35,1,1,0,0,0,1,0,0,0
20:50:33.325,0,0.5,331,0,0,0,48,46.9,0,0,1,52,49,0,0,0,0,0,0,0,0,0,12,190,1,35,35,16,35,16,35,35,34,35,-851583,8,4.863,0.015,14.037,38,0,16,0,0,35,1,1,0,0,0,1,0,0,0
20:50:33.425,0,0.6,329,0,0,0,48,46.9,0,0,1,51,49,0,0,0,0,0,0,0,0,0,12,190,1,35,35,16,35,16,35,35,34,35,-851583,8,4.863,0.015,14.037,38,0,16,0,0,35,1,1,0,0,0,1,0,0,0
20:50:33.525,0,0.5,331,0,0,0,48,46.9,0,0,1,51,49,0,0,0,0,0,0,0,0,0,12,190,1,35,35,16,35,16,35,35,34,35,-851583,8,4.863,0.015,14.037,38,0,16,0,0,35,1,1,0,0,0,1,0,0,0
20:50:33.625,0,0.4,331,0,0,0,48,46.9,0,0,1,51,49,0,0,0,0,0,0,0,0,0,12,190,1,35,35,16,35,16,35,35,34,35,-851583,8,4.863,0.015,14.037,38,0,16,0,0,35,1,1,0,0,0,1,0,0,0
20:50:33.725,0,0.4,331,0,0,0,48,46.9,0,0,1,51,49,0,0,0,0,0,0,0,0,0,12,190,1,35,35,16,35,16,35,35,34,35,-851583,8,4.863,0.015,14.037,38,0,16,0,0,35,1,1,0,0,0,1,0,0,0
20:50:33.825,0,0.4,330,0,0,0,48,46.9,0,0,1,51,49,0,0,0,0,0,0,0,0,0,12,190,1,35,35,16,35,16,35,35,34,35,-851583,8,4.863,0.015,14.037,38,0,16,0,0,35,1,1,0,0,0,1,0,0,0
20:50:33.925,0,0.6,332,0,0,0,48,46.9,0,0,1,51,49,0,0,0,0,0,0,0,0,0,12,190,1,35,35,16,35,16,35,34,34,35,-851583,8,4.863,0.015,14.037,38,0,16,0,0,35,1,1,0,0,0,1,0,0,0
20:50:34.025,0,0.5,330,0,0,0,48,47,0,0,1,51,50,0,0,0,0,0,0,0,0,0,12,190,1,35,35,16,34,16,35,34,34,35,-851583,8,4.863,0.015,14.03,38,0,16,0,0,35,1,1,0,0,0,1,0,0,0
20:50:34.125,0,0.5,331,0,0,0,48,47,0,0,1,51,50,0,0,0,0,0,0,0,0,0,12,190,1,35,35,16,35,16,35,35,34,35,-851583,8,4.863,0.015,14.037,38,0,16,0,0,35,1,1,0,0,0,1,0,0,0
20:50:34.225,0,0.6,331,0,0,0,48,47,0,0,1,51,49,0,0,0,0,0,0,0,0,0,12,190,1,35,35,16,35,16,35,34,34,35,-851583,8,4.863,0.015,14.037,38,0,16,0,0,35,1,1,0,0,0,1,0,0,0
20:50:34.325,0.3,1.6,330,3.1,0,0,48,47,0,0,1,51,49,0,0,0,0,0,0,0,0,0.1,12,190,1,35,35,16,35,16,35,35,34,35,-851583,8,4.858,0.015,13.996,38,0,16,0,0,35,1,1,0,0,0,1,0,0,0
20:50:34.425,1.3,3.7,329,5.3,0,0,48,47,0,0,1,50,49,0,0,0,0,0,0,0,0,0.2,12,190,1,35,35,16,34,16,35,34,34,35,-851583,8,4.863,0.015,13.996,38,0,16,0,0,35,1,1,0,0,0,1,0,0,0
20:50:34.525,3.4,5.2,330,11.7,0.4,0,48,47,0,0,1,50,49,0,0,0,0,0,0,0,0,0.3,12,190,1,35,35,16,35,16,35,35,34,35,-851583,8,4.863,0.015,13.996,38,0,16,0,0,35,1,1,0,0,0,1,0,0,0
20:50:34.625,6.6,5.8,330,24.5,1.1,0,48,47,0,0,1,50,49,0,0,0,0,0,0,0,0,0.6,12,190,1,35,35,16,34,16,35,34,34,35,-851583,8,4.863,0.015,13.996,38,0,16,0,0,35,1,1,0,0,0,1,0,0,0
20:50:34.725,14.2,6.2,331,32.8,1.6,0,48,46.9,0,0,1,51,49,0,0,0,0,0,0,0,0,0.9,12,190,1,35,35,16,34,16,35,35,34,35,-851583,8,4.863,0.015,13.996,38,0,16,0,0,35,1,1,0,0,0,1,0,0,0
20:50:34.825,13.7,5.8,329,24.1,1,0,48,46.9,0,0,1,51,49,0,0,0,0,0,0,0,0,0.6,12,190,1,35,35,16,35,16,35,35,34,35,-851583,8,4.863,0.015,13.996,38,0,16,0,0,35,1,1,0,0,0,1,0,0,0
20:50:34.925,15.8,6.5,329,37,1.9,0,48,46.9,0,0,1,50,49,0,0,0,0,0,0,0,0,0.9,12,190,1,35,35,16,34,16,35,35,34,35,-851583,8,4.863,0.015,13.996,38,0,16,0,0,35,1,1,0,0,0,1,0,0,0
20:50:35.025,20.8,5.7,329,21.9,0.9,0,48,46.9,0,0,1,51,50,0,0,0,0,0,0,0,0,0.5,12,190,1,35,35,16,35,16,35,35,34,35,-851583,8,4.863,0.015,13.996,38,0,16,0,0,35,1,1,0,0,0,1,0,0,0
20:50:35.125,16.6,5.2,331,10.9,0.4,0,48,47,0,0,1,51,49,0,0,0,0,0,0,0,0,0.3,12,190,1,35,35,16,35,16,35,34,34,35,-851583,8,4.863,0.015,13.996,38,0,16,0,0,35,1,1,0,0,0,1,0,0,0
20:50:35.225,11.3,5,329,8,0.1,0,48,47,0,0,1,51,49,0,0,0,0,0,0,0,0,0.2,12,190,1,35,35,16,35,16,35,34,34,35,-851583,8,4.863,0.015,13.996,38,0,16,0,0,35,1,1,0,0,0,1,0,0,0
20:50:35.325,5.3,4.4,330,7.4,0.1,0,48,47,0,0,1,51,49,0,0,0,0,0,0,0,0,0.2,12,190,1,35,35,16,35,16,35,34,34,35,-851583,8,4.863,0.015,13.996,38,0,16,0,0,35,1,1,0,0,0,1,0,0,0
20:50:35.425,0.6,4,330,6.4,0.1,0,48,47,0,0,1,51,49,0,0,0,0,0,0,0,0,0.2,12,190,1,35,35,16,35,16,35,35,34,35,-851583,8,4.863,0.015,14.003,38,0,16,0,0,35,1,1,0,0,0,1,0,0,0
20:50:35.525,-8.2,-0.6,331,0,0,0,48,47,0,0,1,51,49,0,0,0,0,0,0,0,0,0,12,190,1,35,35,16,35,16,35,34,34,35,-851583,8,4.863,0.015,14.037,38,0,16,0,0,35,1,1,0,0,0,1,0,0,0
20:50:35.625,-0.8,-0.6,332,0,0,0,48,47,0,0,1,51,49,0,0,0,0,0,0,0,0,0,12,190,1,35,35,16,34,16,35,35,34,35,-851583,8,4.863,0.015,14.037,38,0,16,0,0,35,1,1,0,0,0,1,0,0,0
20:50:35.725,-0.1,-0.5,331,0,0,0,48,47,0,0,1,51,49,0,0,0,0,0,0,0,0,0,12,190,1,35,35,16,34,16,35,35,34,35,-851583,8,4.863,0.015,14.037,38,0,16,0,0,35,1,1,0,0,0,1,0,0,0
20:50:35.825,0,-0.5,331,0,0,0,48,47,0,0,1,54,49,0,0,0,0,0,0,0,0,0,12,190,1,35,35,16,35,16,35,35,34,35,-851583,8,4.863,0.015,14.037,38,0,16,0,0,35,1,1,0,0,0,1,0,0,0
20:50:35.925,0.1,0.8,330,1.1,0,0,48,47,0,0,1,54,49,0,0,0,0,0,0,0,0,0.1,12,190,1,35,35,16,35,16,35,35,34,35,-851583,8,4.863,0.015,13.996,38,0,16,0,0,35,1,1,0,0,0,1,0,0,0
20:50:36.025,1,2,330,3.1,0,0,48,47,0,0,1,54,49,0,0,0,0,0,0,0,0,0.1,12,190,1,35,35,16,16,16,35,34,34,35,-851583,8,4.858,0.015,13.996,38,0,16,0,0,35,1,1,0,0,0,1,0,0,0
20:50:36.125,0.9,2.9,331,4.2,0,0,48,46.9,0,0,1,52,50,0,0,0,0,0,0,0,0,0.1,12,190,1,35,35,16,35,16,35,35,34,35,-851583,8,4.863,0.015,13.996,38,0,16,0,0,35,1,1,0,0,0,1,0,0,0
20:50:36.225,0.5,3.3,329,4.6,0.1,0,48,46.9,0,0,1,52,50,0,0,0,0,0,0,0,0,0.1,12,190,1,35,35,16,35,16,35,34,34,35,-851583,8,4.858,0.015,13.996,38,0,16,0,0,35,1,1,0,0,0,1,0,0,0
20:50:36.325,0.1,3.5,330,5.1,0,0,48,46.9,0,0,1,52,50,0,0,0,0,0,0,0,0,0.2,12,190,1,35,35,16,35,16,35,35,34,35,-851583,8,4.863,0.015,14.003,38,0,16,0,0,35,1,1,0,0,0,1,0,0,0
20:50:36.425,0.1,3.6,330,4.9,0.1,0,48,46.9,0,0,1,52,50,0,0,0,0,0,0,0,0,0.2,12,190,1,35,35,16,35,16,35,35,34,35,-851583,8,4.863,0.015,13.996,38,0,16,0,0,35,1,1,0,0,0,1,0,0,0
20:50:36.525,0,3.4,330,4.9,0,0,48,46.9,0,0,1,52,49,0,0,0,0,0,0,0,0,0.1,12,190,1,35,35,16,35,16,35,34,34,35,-851583,8,4.863,0.015,13.996,38,0,16,0,0,35,1,1,0,0,0,1,0,0,0
20:50:36.625,0,3.4,329,4.7,0,0,48,46.9,0,0,1,52,50,0,0,0,0,0,0,0,0,0.1,12,190,1,35,35,16,35,16,35,35,34,35,-851583,8,4.858,0.015,14.003,38,0,16,0,0,35,1,1,0,0,0,1,0,0,0
20:50:36.725,0,3.4,330,4.8,0.1,0,48,46.9,0,0,1,52,49,0,0,0,0,0,0,0,0,0.1,12,190,1,35,35,16,35,16,35,34,34,35,-851583,8,4.863,0.015,13.996,38,0,16,0,0,35,1,1,0,0,0,1,0,0,0
20:50:36.825,0,3.5,329,4.6,0,0,48,46.9,0,0,1,51,50,0,0,0,0,0,0,0,0,0.1,12,190,1,35,35,16,35,16,35,34,34,35,-851583,8,4.863,0.015,13.996,38,0,16,0,0,35,1,1,0,0,0,1,0,0,0
20:50:36.925,0,3.6,330,4.1,0.1,0,48,47,0,0,1,51,49,0,0,0,0,0,0,0,0,0.2,12,190,1,35,35,16,35,16,35,35,34,35,-851583,8,4.863,0.015,13.996,38,0,16,0,0,35,1,1,0,0,0,1,0,0,0
20:50:37.025,0,3.6,330,4.3,0.1,0,48,47,0,0,1,51,49,0,0,0,0,0,0,0,0,0.2,12,190,1,35,35,16,35,16,35,35,34,35,-851583,8,4.863,0.015,13.996,38,0,16,0,0,35,1,1,0,0,0,1,0,0,0
20:50:37.125,0,3.6,329,4.1,0.1,0,48,47,0,0,1,51,49,0,0,0,0,0,0,0,0,0.2,12,190,1,35,35,16,35,16,35,34,34,35,-851583,8,4.863,0.015,13.996,38,0,16,0,0,35,1,1,0,0,0,1,0,0,0
20:50:37.225,0,3.5,330,5.3,0.1,0,48,47,0,0,1,51,49,0,0,0,0,0,0,0,0,0.2,12,190,1,35,35,16,35,16,35,35,34,35,-851583,8,4.863,0.015,13.996,38,0,16,0,0,35,1,1,0,0,0,1,0,0,0
20:50:37.325,0,3.6,330,5.3,0,0,48,47,0,0,1,51,49,0,0,0,0,0,0,0,0,0.1,12,190,1,35,35,16,35,16,35,35,34,35,-851583,8,4.863,0.015,13.996,38,0,16,0,0,35,1,1,0,0,0,1,0,0,0
20:50:37.425,0,3.5,330,5.7,0.1,0,48,47,0,0,1,51,49,0,0,0,0,0,0,0,0,0.2,12,190,1,35,35,16,35,16,35,34,34,35,-851583,8,4.863,0.015,14.003,38,0,16,0,0,35,1,1,0,0,0,1,0,0,0
20:50:37.525,0,3.5,330,5,0,0,48,47,0,0,1,51,49,0,0,0,0,0,0,0,0,0.2,12,190,1,35,35,16,35,16,35,35,34,35,-851583,8,4.863,0.015,13.996,38,0,16,0,0,35,1,1,0,0,0,1,0,0,0
20:50:37.625,0.2,3.6,330,5,0.1,0,48,47,0,0,1,51,49,0,0,0,0,0,0,0,0,0.1,12,190,1,35,35,16,35,16,35,34,34,35,-851583,8,4.863,0.015,13.996,38,0,16,0,0,35,1,1,0,0,0,1,0,0,0
20:50:37.725,0,3.6,329,5.2,0.1,0,48,47,0,0,1,51,49,0,0,0,0,0,0,0,0,0.2,12,190,1,35,35,16,35,16,35,35,34,35,-851583,8,4.863,0.015,13.996,38,0,16,0,0,35,1,1,0,0,0,1,0,0,0
20:50:37.825,0,3.7,330,5.1,0,0,48,47,0,0,1,50,49,0,0,0,0,0,0,0,0,0.2,12,190,1,35,35,16,34,16,35,35,34,35,-851583,8,4.858,0.015,13.996,38,0,16,0,0,35,1,1,0,0,0,1,0,0,0
20:50:37.925,0,3.7,330,5.1,0,0,48,47,0,0,1,51,49,0,0,0,0,0,0,0,0,0.2,12,190,1,35,35,16,35,16,35,35,34,35,-851583,8,4.863,0.015,13.996,38,0,16,0,0,35,1,1,0,0,0,1,0,0,0
20:50:38.025,0,3.6,329,4.8,0,0,48,47,0,0,1,50,49,0,0,0,0,0,0,0,0,0.2,12,190,1,35,35,16,35,16,35,35,34,35,-851583,8,4.863,0.015,13.996,38,0,16,0,0,35,1,1,0,0,0,1,0,0,0
20:50:38.125,0,3.6,330,5.8,0.1,0,48,47,0,0,1,51,49,0,0,0,0,0,0,0,0,0.2,12,190,1,35,35,16,35,16,35,35,34,35,-851583,8,4.863,0.015,13.996,38,0,16,0,0,35,1,1,0,0,0,1,0,0,0
20:50:38.225,0,3.5,330,4.7,0,0,48,47,0,0,1,51,49,0,0,0,0,0,0,0,0,0.2,12,190,1,35,35,16,35,16,35,34,34,35,-851583,8,4.863,0.015,13.996,38,0,16,0,0,35,1,1,0,0,0,1,0,0,0
20:50:38.325,0,3.3,330,4.2,0,0,48,47,0,0,1,51,49,0,0,0,0,0,0,0,0,0.2,12,190,1,35,35,16,35,16,35,35,34,35,-851583,8,4.863,0.015,13.996,38,0,16,0,0,35,1,1,0,0,0,1,0,0,0
20:50:38.425,0,3.4,329,4.6,0,0,48,47,0,0,1,51,49,0,0,0,0,0,0,0,0,0.2,12,190,1,35,35,16,35,16,35,35,34,35,-851583,8,4.863,0.015,13.996,38,0,16,0,0,35,1,1,0,0,0,1,0,0,0
20:50:38.525,0,3.5,330,4.9,0,0,48,47,0,0,1,51,49,0,0,0,0,0,0,0,0,0.2,12,190,1,35,35,16,35,16,35,35,34,35,-851583,8,4.863,0.015,13.996,38,0,16,0,0,35,1,1,0,0,0,1,0,0,0
20:50:38.625,0,3.9,330,5.7,0.1,0,48,47,0,0,1,50,49,0,0,0,0,0,0,0,0,0.2,12,190,1,35,35,16,35,16,35,35,34,35,-851583,8,4.863,0.015,13.996,38,0,16,0,0,35,1,1,0,0,0,1,0,0,0
20:50:38.725,4.5,4.9,330,10.6,0.3,0,48,47,0,0,1,51,49,0,0,0,0,0,0,0,0,0.3,12,190,1,35,35,16,35,16,35,35,34,35,-851583,8,4.863,0.015,13.996,38,0,16,0,0,35,1,1,0,0,0,1,0,0,0
20:50:38.825,4.2,6.1,330,18.6,0.9,0,48,47,0,0,1,50,49,0,0,0,0,0,0,0,0,0.5,12,190,1,35,35,16,35,16,35,35,34,35,-851583,8,4.863,0.015,13.996,38,0,16,0,0,35,1,1,0,0,0,1,0,0,0
20:50:38.925,11.5,6.1,329,34.5,1.6,0,48,47,0,0,1,50,49,0,0,0,0,0,0,0,0,0.7,12,190,1,35,35,16,35,16,35,35,34,35,-851583,8,4.863,0.015,13.996,38,0,16,0,0,35,1,1,0,0,0,1,0,0,0
20:50:39.025,8.8,6.3,330,26.9,1.4,0,48,47,0,0,1,51,50,0,0,0,0,0,0,0,0,0.7,12,190,1,35,35,16,35,16,35,35,34,35,-851583,8,4.863,0.015,13.996,38,0,16,0,0,35,1,1,0,0,0,1,0,0,0
20:50:39.125,19.7,7,329,57.4,3.4,0,48,47,0,0,1,51,49,0,0,0,0,0,0,0,0,1.5,12,190,1,35,35,16,35,16,35,35,34,35,-851583,8,4.863,0.015,13.996,38,0,16,0,0,35,1,1,0,0,0,1,0,0,0
20:50:39.225,34.2,7,330,70.9,4.2,0,48,47,0,0,1,51,49,0,0,0,0,0,0,0,0,1.9,12,190,1,35,35,16,35,16,35,35,34,35,-851583,8,4.863,0.015,13.996,38,0,16,0,0,35,1,1,0,0,0,1,0,0,0
20:50:39.325,49.2,7.4,329,68.8,4.3,0,48,47,0,0,1,50,49,0,0,0,0,0,0,0,0,1.9,12,190,1,35,35,16,35,16,35,35,34,35,-851583,8,4.863,0.015,13.996,38,0,16,0,0,35,1,1,0,0,0,1,0,0,0
20:50:39.425,66.6,8.3,329,60.5,4.2,0,48,47,0,0,1,50,49,0,0,0,0,0,0,0,0,2.2,12,190,1,35,35,16,35,16,35,34,34,35,-851583,8,4.863,0.015,13.996,38,0,16,0,0,35,1,1,0,0,0,1,0,0,0
20:50:39.525,90.9,9.4,329,83.4,6.7,0,48,47,0,0,1,50,49,0,0,0,0,0,0,0,0,3.7,12,190,1,35,35,16,35,16,35,34,34,35,-851583,8,4.863,0.015,13.996,38,0,16,0,0,35,1,1,0,0,0,1,0,0,0
20:50:39.625,119.1,9.9,329,100.7,8.6,0,48,47,0,0,1,54,49,0,0,0,0,0,0,0,0,4.9,12,190,1,35,35,16,35,16,35,35,34,35,-851583,8,4.858,0.015,14.003,38,0,16,0,0,35,1,1,0,0,0,1,0,0,0
20:50:39.725,150.3,10.5,328,98.2,9.1,0,48,47.3,0,0,1,54,50,0,0,0,0,0,0,0,0,5.9,12,190,1,35,35,16,35,16,35,35,34,35,-851583,8,4.863,0.015,14.003,38,0,16,0,0,35,1,1,0,0,0,1,0,0,0
20:50:39.825,183.5,11.3,328,113.2,10.1,0,48,47.3,0,0,1,54,49,0,0,0,0,0,0,0,0,6.4,12,190,1,35,35,16,35,16,35,35,34,35,-851583,8,4.858,0.015,14.003,38,0,16,0,0,35,1,1,0,0,0,1,0,0,0
20:50:39.925,216.3,11.9,329,101.3,10.6,0,48,47.3,0,0,1,52,50,0,0,0,0,0,0,0,0,7,12,190,1,35,35,16,35,16,35,34,34,35,-851583,8,4.863,0.015,13.996,38,0,16,0,0,35,1,1,0,0,0,1,0,0,0
20:50:40.025,248.5,12.4,329,101.7,11.1,0,48,47.6,0,0,1,52,50,0,0,0,0,0,0,0,0,7.3,12,190,1,35,35,16,34,16,35,35,34,35,-851583,8,4.863,0.015,14.003,38,0,16,0,0,35,1,1,0,0,0,1,0,0,0
20:50:40.125,280,13.2,328,101.6,11.6,0,48,47.2,0,0,1,54,50,0,0,0,0,0,0,0,0,7.3,12,190,1,35,35,16,35,16,35,34,34,35,-851583,8,4.863,0.015,14.003,38,0,16,0,0,35,1,1,0,0,0,1,0,0,0
20:50:40.225,314,13.9,328,109.9,11.9,0,48,47.4,0,0,1,52,50,4,0,0,0,0,0,0,0,8.3,12,190,1,35,35,16,35,16,35,35,34,35,-851583,8,4.863,0.015,14.003,38,0,16,0,0,35,1,1,0,0,0,1,0,0,0
20:50:40.325,341.2,14.5,328,106.4,11.8,0,48,47.1,0,0,1,52,50,4,0,0,0,0,0,0,0,9.3,12,190,1,35,35,16,35,16,35,35,34,35,-851583,8,4.863,0.015,14.003,38,0,16,0,0,35,1,1,0,0,0,1,0,0,0
20:50:40.425,372.3,15,327,108.3,13.6,0,48,47.4,0,0,1,52,50,4,0,0,0,0,0,0,0,9.9,12,190,1,35,35,16,34,16,35,35,34,35,-851583,8,4.863,0.015,14.003,38,0,16,0,0,35,1,1,0,0,0,1,0,0,0
20:50:40.525,409.9,16.1,326,117.6,15.4,0,48,47.3,0,0,1,51,49,4,0,0,0,0,0,0,0,11,12,190,1,35,35,16,35,16,35,35,34,35,-851583,8,4.863,0.015,14.003,38,0,16,0,0,35,1,1,0,0,0,1,0,0,0
20:50:40.625,437.8,16.4,326,111.8,15.8,0,48,47.4,0,0,1,51,49,4,0,0,0,0,0,0,0,11.5,12,190,1,35,35,16,34,16,35,34,34,35,-851583,8,4.863,0.015,14.003,38,0,16,0,0,35,1,1,0,0,0,1,0,0,0
20:50:40.725,479.9,18,327,104.4,15.3,0,48,47.5,0,0,1,51,49,4,0,0,0,0,0,0,0,11.7,12,190,1,35,35,16,35,16,35,34,34,35,-851583,8,4.863,0.015,14.003,38,0,16,0,0,35,1,1,0,0,0,1,0,0,0
20:50:40.825,507.1,17.7,326,111,16.5,0,48,47.3,0,0,1,51,49,4,0,0,0,0,0,0,0,12.6,12,190,1,35,35,16,35,16,35,34,34,35,-851583,8,4.863,0.015,14.003,38,0,16,0,0,35,1,1,0,0,0,1,0,0,0
20:50:40.925,540.9,18.3,326,107.8,16.2,0,48,47.4,0,0,1,51,49,4,0,0,0,0,0,0,0,12,12,190,1,35,35,16,34,16,35,35,34,35,-851583,8,4.863,0.015,14.003,38,0,16,0,0,35,1,1,0,0,0,1,0,0,0
20:50:41.025,562.6,19,325,106.1,16.5,0,48,47.4,0,0,1,51,49,4,0,0,0,0,0,0,0,12.9,12,190,1,35,35,16,35,16,35,34,34,35,-851583,8,4.863,0.015,14.003,38,0,16,0,0,35,1,1,0,0,0,1,0,0,0
20:50:41.125,589.2,19.4,327,105,16.2,0,48,47.6,0,0,1,51,50,4,0,0,0,0,0,0,0,12.7,12,190,1,35,35,16,35,16,35,35,34,35,-851583,8,4.863,0.015,14.003,38,0,16,0,0,35,1,1,0,0,0,1,0,0,0
20:50:41.225,616.5,20,325,103.4,17,0,48,47.5,0,0,1,51,49,4,0,0,0,0,0,0,0,13.3,12,190,1,35,35,16,35,16,35,35,34,35,-851583,8,4.863,0.015,14.003,38,0,16,0,0,35,1,1,0,0,0,1,0,0,0
20:50:41.325,650,20.8,325,110.7,18.6,0,48,47.6,0,0,1,51,49,4,0,0,0,0,0,0,0,14.3,12,190,1,35,35,16,35,16,35,35,34,35,-851583,8,4.863,0.015,14.003,38,0,16,0,0,35,1,1,0,0,0,1,0,0,0
20:50:41.425,669.7,21.1,325,107.5,18.2,0,48,47.5,0,0,1,51,50,4,0,0,0,0,0,0,0,14.7,12,190,1,35,35,16,35,16,35,35,34,35,-851583,8,4.863,0.015,14.003,38,0,16,0,0,35,1,1,0,0,0,1,0,0,0
20:50:41.525,706.6,22.5,326,104.3,18.2,0,48.1,47.7,0,0,1,51,49,4,0,0,0,0,0,0,0,14.4,12,190,1,35,35,16,35,16,35,34,34,35,-851583,8,4.863,0.015,14.01,38,0,16,0,0,35,1,1,0,0,0,1,0,0,0
20:50:41.625,726.6,22,326,94,16.2,0,48.9,47.5,0,0,1,51,49,4,0,0,0,0,0,0,0,13.5,12,190,1,35,35,16,34,16,35,35,34,35,-851583,8,4.863,0.015,14.003,38,0,16,0,0,35,1,1,0,0,0,1,0,0,0
20:50:41.725,754.2,22.7,325,89.2,16.6,0,48.9,47.5,0,0,1,51,49,0,0,0,0,0,0,0,0,13.5,12,190,1,35,35,16,34,16,35,34,34,35,-851583,8,4.863,0.015,14.01,38,0,16,0,0,35,1,1,0,0,0,1,0,0,0
20:50:41.825,778,22.9,326,92.2,16.6,0,48.9,47.5,0,0,1,51,49,0,0,0,0,0,0,0,0,14,12,190,1,35,35,16,35,16,35,35,34,35,-851583,8,4.863,0.015,14.01,38,0,16,0,0,35,1,1,0,0,0,1,0,0,0
20:50:41.925,800.4,23.9,326,88.1,16.7,0,48.9,47.7,0,0,1,51,49,0,0,0,0,0,0,0,0,13.9,12,190,1,35,35,16,35,16,35,35,34,35,-851583,8,4.863,0.015,14.017,38,0,16,0,0,35,1,1,0,0,0,1,0,0,0
20:50:42.025,827.1,24,325,92.2,16.3,0,48.9,47.6,0,0,1,50,49,0,0,0,0,0,0,0,0,14.9,12,190,1,35,35,16,16,16,35,34,34,35,-851583,8,4.863,0.015,14.01,38,0,16,0,0,35,1,1,0,0,0,1,0,0,0
20:50:42.125,847.4,24.2,325,90.9,17.2,0,48.9,47.7,0,0,1,51,49,0,0,0,0,0,0,0,0,15.4,12,190,1,35,35,16,35,16,35,35,34,35,-851583,8,4.863,0.015,14.017,38,0,16,0,0,35,1,1,0,0,0,1,0,0,0
20:50:42.225,869.9,25.1,325,90.4,17.4,0,48.9,47.8,0,0,1,50,49,0,0,0,0,0,0,0,0,15.3,12,190,1,35,35,16,35,16,35,34,34,35,-851583,8,4.863,0.015,14.01,38,0,16,0,0,35,1,1,0,0,0,1,0,0,0
20:50:42.325,890.5,25.2,325,94.1,18.1,0,48.9,47.5,0,0,1,51,50,0,0,0,0,0,0,0,0,16.3,12,190,1,35,35,16,35,16,35,34,34,35,-851583,8,4.858,0.015,14.01,38,0,16,0,0,35,1,1,0,0,0,1,0,0,0
20:50:42.425,913,25.9,325,87.6,18.3,0,48.9,47.7,0,0,1,50,49,0,0,0,0,0,0,0,0,15.8,12,190,1,35,35,16,35,16,35,35,34,35,-851583,8,4.863,0.015,14.01,38,0,16,0,0,35,1,1,0,0,0,1,0,0,0
20:50:42.525,934.9,26.6,324,96.8,19.4,0,48.9,47.7,0,0,1,51,49,0,0,0,0,0,0,0,0,17.4,12,190,1,35,35,16,35,16,35,35,34,35,-851583,8,4.863,0.015,14.01,38,0,16,0,0,35,1,1,0,0,0,1,0,0,0
20:50:42.625,959,26.5,323,89.7,18.7,0,48.9,47.8,0,0,1,50,49,0,0,0,0,0,0,0,0,16.6,12,190,1,35,35,16,35,16,35,35,34,35,-851583,8,4.863,0.015,14.003,38,0,16,0,0,35,1,1,0,0,0,1,0,0,0
20:50:42.725,952.9,24.4,327,32.3,6.9,0,48.9,47.8,0,0,1,50,49,0,0,0,0,0,0,0,0,6.2,12,190,1,35,35,16,35,16,35,35,34,35,-851583,8,4.863,0.015,14.003,38,0,16,0,0,35,1,1,0,0,0,1,0,0,0
20:50:42.825,960.6,24.7,329,22.1,4.7,0,48.9,47.9,0,0,1,50,49,0,0,0,0,0,0,0,0,3.8,12,190,1,35,35,16,35,16,35,35,34,35,-851583,8,4.863,0.015,14.003,38,0,16,0,0,35,1,1,0,0,0,1,0,0,0
20:50:42.925,969.7,25.2,329,34.1,6.9,0,48.9,47.9,0,0,1,51,49,0,0,0,0,0,0,0,0,5.9,12,190,1,35,35,16,35,16,35,34,34,35,-851583,8,4.863,0.015,14.003,38,0,16,0,0,35,1,1,0,0,0,1,0,0,0
20:50:43.025,965.3,25,328,31.6,6.3,0,48.9,47.9,0,0,1,51,49,0,0,0,0,0,0,0,0,5.6,12,190,1,35,35,16,35,16,35,35,34,35,-851583,8,4.863,0.015,14.003,38,0,16,0,0,35,1,1,0,0,0,1,0,0,0
20:50:43.125,972.5,26.8,327,49.5,10.7,0,48.9,47.9,0,0,1,50,49,0,0,0,0,0,0,0,0,9.3,12,190,1,35,35,16,35,16,35,35,34,35,-851583,8,4.863,0.015,13.996,38,0,16,0,0,35,1,1,0,0,0,1,0,0,0
20:50:43.225,979.2,26.6,326,65.6,13.8,0,48.9,47.9,0,0,1,50,48,0,0,0,0,0,0,0,0,11.8,12,190,1,35,35,16,35,16,35,35,34,35,-851583,8,4.863,0.015,14.003,38,0,16,0,0,35,1,1,0,0,0,1,0,0,0
20:50:43.325,993.3,27.3,325,77.4,17.5,0,48.9,47.9,0,0,1,50,49,0,0,0,0,0,0,0,0,14.3,12,190,1,35,35,16,35,16,35,35,34,35,-851583,8,4.863,0.015,14.003,38,0,16,0,0,35,1,1,0,0,0,1,0,0,0
20:50:43.425,1003,27,326,73.3,16,0,48.9,47.9,0,0,1,54,49,0,0,0,0,0,0,0,0,13.9,12,190,1,35,35,16,35,16,35,35,34,35,-851583,8,4.863,0.015,13.996,38,0,16,0,0,35,1,1,0,0,0,1,0,0,0
20:50:43.525,1016.8,28.1,325,72.1,15.9,0,48.9,47.9,0,0,1,54,49,0,0,0,0,0,0,0,0,13.2,12,190,1,35,35,16,35,16,35,35,34,35,-851583,8,4.863,0.015,14.003,38,0,16,0,0,35,1,1,0,0,0,1,0,0,0
20:50:43.625,1028.7,27.5,326,75,16.5,0,48.9,47.9,0,0,1,52,50,0,0,0,0,0,0,0,0,14.5,12,190,1,35,35,16,35,16,35,35,34,35,-851583,8,4.863,0.015,14.003,38,0,16,0,0,35,1,1,0,0,0,1,0,0,0
20:50:43.725,1048.2,28.1,325,69.5,16.2,0,48.9,47.9,0,0,1,52,50,0,0,0,0,0,0,0,0,13.5,12,190,1,35,35,16,35,16,35,34,34,35,-851583,8,4.863,0.015,14.003,38,0,16,0,0,35,1,1,0,0,0,1,0,0,0
20:50:43.825,1048.4,26.6,326,48.1,10.8,0,48.9,47.9,0,0,1,52,50,0,0,0,0,0,0,0,0,9.6,12,190,1,35,35,16,35,16,35,35,34,35,-851583,8,4.858,0.015,14.003,38,0,16,0,0,35,1,1,0,0,0,1,0,0,0
20:50:43.925,1058.3,28.7,326,60.3,12.5,0,48.9,47.9,0,0,1,52,50,0,0,0,0,0,0,0,0,11.8,12,190,1,35,35,16,35,16,35,35,34,35,-851583,8,4.863,0.015,13.996,38,0,16,0,0,35,1,1,0,0,0,1,0,0,0
20:50:44.025,1060.4,28.7,326,73.1,15.9,0,48.9,47.9,0,0,1,52,50,0,0,0,0,0,0,0,0,14.6,12,190,1,35,35,16,35,16,35,35,34,35,-851583,8,4.863,0.015,14.003,38,0,16,0,0,35,1,1,0,0,0,1,0,0,0
20:50:44.125,1081.9,30.1,322,107.7,25,0,48.9,47.9,0,0,1,52,49,0,0,0,0,0,0,0,0,21.3,12,190,1,35,35,16,35,16,35,35,34,35,-851583,8,4.863,0.015,14.003,38,0,16,0,0,35,1,1,0,0,0,1,0,0,0
20:50:44.225,1100.5,31,323,113.2,27.3,0,48.9,47.9,0,0,1,51,49,0,0,0,0,0,0,0,0,24.3,12,190,1,35,35,16,35,16,35,35,34,35,-851583,8,4.863,0.015,13.996,38,0,16,0,0,35,1,1,0,0,0,1,0,0,0
20:50:44.325,1124,31.3,322,116.6,28.4,0,48.9,47.9,0,0,1,51,50,6,0,0,0,0,0,0,0,26.2,12,190,1,35,35,16,35,16,35,35,34,35,-851583,8,4.863,0.015,14.003,38,0,16,0,0,35,1,1,0,0,0,1,0,0,0
20:50:44.425,1166.6,33.6,320,137.7,33.8,0,48.9,47.9,0,0,1,51,49,6,0,0,0,0,0,0,0,31.1,12,190,1,35,35,16,35,16,35,35,34,35,-851583,8,4.863,0.015,14.003,38,0,16,0,0,35,1,1,0,0,0,1,0,0,0
20:50:44.525,1254.8,35.9,320,154.2,39.9,0,48.9,47.9,0,0,1,51,50,6,0,0,0,0,0,0,0,37.8,12,190,1,35,35,16,35,16,35,35,34,35,-851583,8,4.863,0.015,14.003,38,0,16,0,0,35,1,1,0,0,0,1,0,0,0
20:50:44.625,1333.1,39.8,316,203.3,49,0,48.9,47.9,0,0,1,51,49,6,0,0,0,0,0,0,0,47,12,190,1,35,35,16,35,16,35,35,34,35,-851583,8,4.858,0.015,13.996,38,0,16,0,0,35,1,1,0,0,0,1,0,0,0
20:50:44.725,1384.3,42.6,313,218.1,59.6,0,49.9,47.9,0,0,1,51,50,6,0,0,0,0,0,0,0,57,12,190,1,35,35,16,35,16,35,35,34,35,-851583,8,4.863,0.015,14.003,38,0,16,0,0,35,1,1,0,0,0,1,0,0,0
20:50:44.825,1443.2,44.6,310,238.3,66.5,0,49.9,47.8,0,0,1,51,49,6,0,0,0,0,0,0,0,61.7,12,190,1,35,35,16,35,16,35,35,34,35,-851583,8,4.863,0.015,14.003,38,0,16,0,0,35,1,1,0,0,0,1,0,0,0
20:50:44.925,1526.9,48.2,307,276.4,67.9,0,49.9,47.7,0,0,1,51,49,6,0,0,0,0,0,0,0,72.8,12,190,1,35,35,16,35,16,35,34,34,35,-851583,8,4.863,0.015,14.003,38,0,16,0,0,35,1,1,0,0,0,1,0,0,0
20:50:45.025,1568,48.3,308,261.9,70.4,0,49.9,47.8,0,0,1,51,50,6,0,0,0,0,0,0,0,72,12,190,1,35,35,16,35,16,35,34,34,35,-851583,8,4.863,0.015,14.003,38,0,16,0,0,35,1,1,0,0,0,1,0,0,0
20:50:45.125,1638.4,50.5,309,238.2,73.3,0,49.9,47.9,0,0,1,51,49,6,0,0,0,0,0,0,0,69.8,12,190,1,35,35,16,35,16,35,35,34,35,-851583,8,4.863,0.015,14.003,38,0,16,0,0,35,1,1,0,0,0,1,0,0,0
20:50:45.225,1725,52.9,309,230.2,71.7,0,49.9,47.8,0,0,1,51,49,6,0,0,0,0,0,0,0,69.6,12,190,1,35,35,16,35,16,35,35,34,35,-851583,8,4.863,0.015,14.003,38,0,16,0,0,35,1,1,0,0,0,1,0,0,0
20:50:45.325,1771,52.6,306,251.2,64.6,0,49.9,47.9,0,0,1,51,49,6,0,0,0,0,0,0,0,76.7,12,190,1,35,35,16,35,16,35,35,34,35,-851583,8,4.858,0.015,14.003,38,0,16,0,0,35,1,1,0,0,0,1,0,0,0
20:50:45.425,1849.9,55.6,306,229.2,74,0,49.9,47.9,0,0,1,51,49,6,0,0,0,0,0,0,0,75.4,12,190,1,35,35,16,35,16,35,34,34,35,-851583,8,4.863,0.015,14.003,38,0,16,0,0,35,1,1,0,0,0,1,0,0,0
20:50:45.525,1943.6,57.7,304,245,77.9,0,49.9,47.9,0,0,1,51,49,6,0,0,0,0,0,0,0,81.8,12,190,1,35,35,16,35,16,35,35,34,35,-851583,8,4.863,0.015,14.003,38,0,16,0,0,35,1,1,0,0,0,1,0,0,0
20:50:45.625,2018.7,56.4,307,199,72,0,50.6,47.9,0,0,1,51,49,6,0,0,0,0,0,0,0,72.6,12,190,1,35,35,16,35,16,35,34,34,35,-851583,8,4.863,0.015,14.01,38,0,16,0,0,35,1,1,0,0,0,1,0,0,0
20:50:45.725,1996.4,53.9,309,168.2,62.6,0,50.9,47.9,0,0,1,51,49,6,0,0,0,0,0,0,0,60.8,12,190,1,35,35,16,35,16,35,35,34,35,-851583,8,4.863,0.015,14.003,38,0,16,0,0,35,1,1,0,0,0,1,0,0,0
20:50:45.825,1973.8,49.7,311,155.6,54,0,50.9,47.9,0,0,1,51,49,0,0,0,0,0,0,0,0,55.7,12,190,1,35,35,16,35,16,35,35,34,35,-851583,8,4.863,0.015,14.01,38,0,16,0,0,35,1,1,0,0,0,1,0,0,0
20:50:45.925,1848.8,29.2,325,19.7,10,0,50.9,47.9,0,0,1,51,49,0,0,0,0,0,0,0,0,10.2,12,190,1,35,35,16,35,16,35,35,34,35,-851583,8,4.863,0.015,13.996,38,0,16,0,0,35,1,1,0,0,0,1,0,0,0
20:50:46.025,1606.9,28.8,329,0.8,0.5,0,50.9,47.9,0,0,1,51,49,0,0,0,0,0,0,0,0,-0.1,12,190,1,35,35,16,34,16,35,35,34,35,-851583,8,4.863,0.015,14.003,38,0,16,0,0,35,1,1,0,0,0,1,0,0,0
20:50:46.125,1594.9,31.7,327,2.4,0.5,0,50.9,47.9,0,0,1,51,49,0,0,0,0,0,0,0,0,0.3,12,190,1,35,35,16,35,16,35,34,34,35,-851583,8,4.863,0.015,14.01,38,0,16,0,0,35,1,1,0,0,0,1,0,0,0
20:50:46.225,1623.9,37.1,326,15.2,4.1,0,50.9,47.9,0,0,1,51,49,0,0,0,0,0,0,0,0,3.5,12,190,1,35,35,16,35,16,35,34,34,35,-851583,8,4.863,0.015,14.003,38,0,16,0,0,35,1,1,0,0,0,1,0,0,0
20:50:46.325,1620.5,38.5,327,23.6,7.4,0,50.9,48,0,0,1,51,49,0,0,0,0,0,0,0,0,4.2,12,190,1,35,35,16,35,16,35,34,34,35,-851583,8,4.863,0.015,14.003,38,0,16,0,0,35,1,1,0,0,0,1,0,0,0
20:50:46.425,1630.7,41.7,321,79,23,0,50.9,48,0,0,1,51,49,0,0,0,0,0,0,0,0,22.6,12,190,1,35,35,16,35,16,35,35,34,35,-851583,8,4.863,0.015,14.003,38,0,16,0,0,35,1,1,0,0,0,1,0,0,0
20:50:46.525,1641.1,40.3,323,73.9,23.8,0,50.9,48,0,0,1,50,49,0,0,0,0,0,0,0,0,20.2,12,190,1,35,35,16,35,16,35,34,34,35,-851583,8,4.863,0.015,14.003,38,0,16,0,0,35,1,1,0,0,0,1,0,0,0
20:50:46.625,1651.9,39.8,323,61.1,19,0,50.9,48,0,0,1,50,49,0,0,0,0,0,0,0,0,18.4,12,190,1,35,35,16,34,16,35,35,34,35,-851583,8,4.863,0.015,14.01,38,0,16,0,0,35,1,1,0,0,0,1,0,0,0
20:50:46.725,1663.8,40.7,323,67.6,22.2,0,50.9,48,0,0,1,51,49,0,0,0,0,0,0,0,0,17.4,12,190,1,35,35,16,35,16,35,35,34,35,-851583,8,4.863,0.015,14.003,38,0,16,0,0,35,1,1,0,0,0,1,0,0,0
20:50:46.825,1680.4,41.6,323,61.4,19.9,0,50.9,48,0,0,1,50,49,0,0,0,0,0,0,0,0,18,12,190,1,35,35,16,35,16,35,35,34,35,-851583,8,4.863,0.015,14.003,38,0,16,0,0,35,1,1,0,0,0,1,0,0,0
20:50:46.925,1692.1,39.4,324,48.3,15,0,50.9,48,0,0,1,51,49,0,0,0,0,0,0,0,0,16.3,12,190,1,35,35,16,34,16,35,35,34,35,-851583,8,4.863,0.015,14.003,38,0,16,0,0,35,1,1,0,0,0,1,0,0,0
20:50:47.025,1690.7,38.8,326,28.3,9.5,0,50.9,48,0,0,1,51,49,0,0,0,0,0,0,0,0,8.1,12,190,1,35,35,16,35,16,35,34,34,35,-851583,8,4.863,0.015,14.01,38,0,16,0,0,35,1,1,0,0,0,1,0,0,0
20:50:47.125,1699.5,40.2,325,36.8,11.9,0,50.9,48,0,0,1,54,49,0,0,0,0,0,0,0,0,12.1,12,190,1,35,35,16,35,16,35,35,34,35,-851583,8,4.863,0.015,14.01,38,0,16,0,0,35,1,1,0,0,0,1,0,0,0
20:50:47.225,1699.6,39.9,325,37.3,12.2,0,50.9,48,0,0,1,55,50,0,0,0,0,0,0,0,0,11.2,12,190,1,35,35,16,35,16,35,34,34,35,-851583,8,4.858,0.015,14.01,38,0,16,0,0,35,1,1,0,0,0,1,0,0,0
20:50:47.325,1708.7,40.1,326,33.4,11,0,50.9,48,0,0,1,54,50,0,0,0,0,0,0,0,0,7.9,12,190,1,35,35,16,35,16,35,35,34,35,-851583,8,4.863,0.015,14.003,38,0,16,0,0,35,1,1,0,0,0,1,0,0,0
20:50:47.425,1703.9,40,326,25.1,8.1,0,50.9,48,0,0,1,52,50,0,0,0,0,0,0,0,0,7.1,12,190,1,35,35,16,35,16,35,35,34,35,-851583,8,4.863,0.015,14.01,38,0,16,0,0,35,1,1,0,0,0,1,0,0,0
20:50:47.525,1713.4,39.9,326,29.9,9.6,0,50.9,48,0,0,1,52,50,0,0,0,0,0,0,0,0,10.6,12,190,1,35,35,16,35,16,35,35,34,35,-851583,8,4.863,0.015,14.01,38,0,16,0,0,35,1,1,0,0,0,1,0,0,0
20:50:47.625,1695.5,37,326,11.4,2.9,0,50.9,48,0,0,1,52,50,0,0,0,0,0,0,0,0,2.9,12,190,1,35,35,16,34,16,35,35,34,35,-851583,8,4.863,0.015,14.01,38,0,16,0,0,35,1,1,0,0,0,1,0,0,0
20:50:47.725,1696.9,36,327,10.1,3.1,0,50.9,48,0,0,1,52,50,0,0,0,0,0,0,0,0,2.4,12,190,1,35,35,16,34,16,35,34,34,35,-851583,8,4.863,0.015,14.01,38,0,16,0,0,35,1,1,0,0,0,1,0,0,0
20:50:47.825,1697.8,37.1,328,12.5,4,0,50.9,48.1,0,0,1,52,49,0,0,0,0,0,0,0,0,3.2,12,190,1,35,35,16,35,16,35,35,34,35,-851583,8,4.863,0.015,14.01,38,0,16,0,0,35,1,1,0,0,0,1,0,0,0
20:50:47.925,1669.5,36,327,10.7,3.5,0,50.9,48,0,0,1,52,50,0,0,0,0,0,0,0,0,2.5,12,190,1,35,35,16,35,16,35,35,34,35,-851583,8,4.863,0.015,14.003,38,0,16,0,0,35,1,1,0,0,0,1,0,0,0
20:50:48.025,1665.8,26.7,329,-0.2,0,0,50.9,48.4,0,0,1,51,49,0,0,0,0,0,0,0,0,0,12,190,1,35,35,16,16,16,35,35,34,35,-851583,8,4.863,0.015,14.024,38,0,16,0,0,35,1,1,0,0,0,1,0,0,0
20:50:48.125,1664,32.8,329,3,0.7,0,50.9,48,0,0,1,51,49,0,0,0,0,0,0,0,0,0.4,12,190,1,35,35,16,35,16,35,35,34,35,-851583,8,4.863,0.015,14.003,38,0,16,0,0,35,1,1,0,0,0,1,0,0,0
20:50:48.225,1652.3,37.2,327,13.1,2,0,50.9,48,0,0,1,51,49,0,0,0,0,0,0,0,0,3.6,12,190,1,35,35,16,35,16,35,35,34,35,-851583,8,4.863,0.015,14.003,38,0,16,0,0,35,1,1,0,0,0,1,0,0,0
20:50:48.325,1706.7,49.3,312,183.7,49.9,0,50.9,48.4,0,0,1,51,49,0,0,0,0,0,0,0,0,52.1,12,190,1,35,35,16,35,16,35,35,34,35,-851583,8,4.863,0.015,14.01,38,0,16,0,0,35,1,1,0,0,0,1,0,0,0
20:50:48.425,1740.5,54.5,307,260.9,69,0,50.9,48.4,0,0,1,51,49,0,0,0,0,0,0,0,0,77.1,12,190,1,35,35,16,35,16,35,34,34,35,-851583,8,4.863,0.015,14.003,38,0,16,0,0,35,1,1,0,0,0,1,0,0,0
20:50:48.525,1806.3,58.3,303,302.1,86.4,0,50.9,48.4,0,0,1,51,50,0,0,0,0,0,0,0,0,89.5,12,190,1,35,35,16,35,16,35,35,34,35,-851583,8,4.863,0.015,14.003,38,0,16,0,0,35,1,1,0,0,0,1,0,0,0
20:50:48.625,1881,62,300,346.5,91.3,0,50.9,48.4,0,0,1,51,49,0,0,0,0,0,0,0,0,108.5,12,190,1,35,35,16,35,16,35,35,34,35,-851583,8,4.863,0.015,14.01,38,0,16,0,0,35,1,1,0,0,0,1,0,0,0
20:50:48.725,1969.2,63.6,295,336.3,105,0,50.9,48.4,0,0,1,51,49,0,0,0,0,0,0,0,0,110.2,12,190,1,35,35,16,35,16,35,35,34,35,-851583,8,4.863,0.015,14.01,38,0,16,0,0,35,1,1,0,0,0,1,0,0,0
20:50:48.825,2043.4,66.9,298,329.2,92.6,0,51.6,48.4,0,0,1,51,49,0,0,0,0,0,0,0,0,107.6,12,190,1,35,35,16,35,16,35,35,34,35,-851583,8,4.863,0.015,14.01,38,0,16,0,0,35,1,1,0,0,0,1,0,0,0
20:50:48.925,2119.9,68.1,290,327.6,94.6,0,51.9,48.4,0,0,1,50,50,0,0,0,0,0,0,0,0,117,12,190,1,35,35,16,35,16,35,35,34,35,-851583,8,4.863,0.015,14.01,38,0,16,0,0,35,1,1,0,0,0,1,0,0,0
20:50:49.025,2204.4,72.2,291,343.7,103.3,0,51.9,48.5,0,0,1,52,49,0,0,0,0,0,0,0,0,122.8,12,190,1,35,35,16,35,16,35,35,34,35,-851583,8,4.863,0.015,14.01,38,0,16,0,0,35,1,1,0,0,0,1,0,0,0
20:50:49.125,2282.7,74.4,294,345.4,95.2,0,51.9,48.5,0,0,1,51,49,0,0,0,0,0,0,0,0,124.5,12,190,1,35,35,16,35,16,35,35,34,35,-851583,8,4.863,0.015,14.01,38,0,16,0,0,35,1,1,0,0,0,1,0,0,0
20:50:49.225,2365.5,76.8,288,320,105.8,0,51.9,48.5,0,0,1,50,49,0,0,0,0,0,0,0,0,121.5,11,190,1,35,35,16,35,16,35,35,34,35,-851583,8,4.863,0.015,14.017,38,0,16,0,0,35,1,1,0,0,0,1,0,0,0
20:50:49.325,2424.9,78.8,291,334,99.3,0,51.9,48.5,0,0,1,51,49,0,0,0,0,0,0,0,0,129.9,11,190,1,35,35,16,35,16,35,35,34,35,-851583,8,4.863,0.015,14.017,38,0,16,0,0,35,1,1,0,0,0,1,0,0,0
20:50:49.425,2509.9,83.3,288,340.4,117.4,0,52.1,48.6,0,0,1,51,49,0,0,0,0,0,0,0,0,141.6,11,190,1,35,35,16,35,16,35,35,34,35,-851583,8,4.863,0.015,14.017,38,0,16,0,0,35,1,1,0,0,0,1,0,0,0
20:50:49.525,2595.2,84.7,285,320.2,117.4,0,52.9,48.4,0,0,1,50,49,0,0,0,0,0,0,0,0,151,11,190,1,35,35,16,35,16,35,35,34,35,-851583,8,4.863,0.015,14.01,38,0,16,0,0,35,1,1,0,0,0,1,0,0,0
20:50:49.625,2664.6,86.5,281,338.7,98.5,0,52.9,48.6,0,0,1,50,50,0,0,0,0,0,0,0,0,142.9,11,190,1,35,35,16,35,16,35,35,34,35,-851583,8,4.863,0.015,14.01,38,0,16,0,0,35,1,1,0,0,0,1,0,0,0
20:50:49.725,2733.5,90.2,280,333.6,117.1,0,52.9,48.7,0,0,1,51,49,0,0,0,0,0,0,0,0,155.5,11,190,1,35,35,16,35,16,35,35,34,35,-851583,8,4.863,0.015,14.01,38,0,16,0,0,35,1,1,0,0,0,1,0,0,0
20:50:49.825,2806.4,91.5,277,333.6,121.1,0,52.9,48.7,0,0,1,50,49,0,0,0,0,0,0,0,0,157.4,11,190,1,35,35,16,35,16,35,35,34,35,-851583,8,4.863,0.015,14.01,38,0,16,0,0,35,1,1,0,0,0,1,0,0,0
20:50:49.925,2889.1,95,281,328.6,95.8,0,52.9,48.8,0,0,1,51,49,0,0,0,0,0,0,0,0,161.1,11,190,1,35,35,16,35,16,35,35,34,35,-851583,8,4.863,0.015,14.017,38,0,16,0,0,35,1,1,0,0,0,1,0,0,0
20:50:50.025,2945.9,94.9,283,326.5,81,0,53.5,48.7,0,0,1,50,49,0,0,0,0,0,0,0,0,149.1,11,190,1,35,35,16,35,16,35,35,34,35,-851583,8,4.863,0.015,14.01,38,0,16,0,0,35,1,1,0,0,0,1,0,0,0
20:50:50.125,3031.8,94.9,286,260.1,97.9,0,53.9,49,0,0,1,51,49,0,0,0,0,0,0,0,0,133.3,11,190,1,35,35,16,35,16,35,35,34,35,-851583,8,4.863,0.015,14.01,38,0,16,0,0,35,1,1,0,0,0,1,0,0,0
20:50:50.225,3071.5,95,293,223.6,91.8,0,53.9,49.2,0,0,1,50,49,0,0,0,0,0,0,0,0,112.6,11,190,1,35,35,16,35,16,35,35,34,35,-851583,8,4.863,0.015,14.01,38,0,16,0,0,35,1,1,0,0,0,1,0,0,0
20:50:50.325,3119.4,94.9,292,213.8,91.7,0,53.9,49.2,0,0,1,51,49,0,0,0,0,0,0,0,0,106.4,11,190,1,35,35,16,35,16,35,35,34,35,-851583,8,4.858,0.015,14.01,38,0,16,0,0,35,1,1,0,0,0,1,0,0,0
20:50:50.425,3145.5,94.9,291,206.9,68.1,0,53.9,49.4,0,0,1,51,49,0,0,0,0,0,0,0,0,109.4,11,190,1,35,35,16,35,16,35,35,34,35,-851583,8,4.863,0.015,14.01,38,0,16,0,0,35,1,1,0,0,0,1,0,0,0
20:50:50.525,3206.9,94.9,292,193.6,72.3,0,53.9,49.4,0,0,1,50,48,13,0,0,0,0,0,0,0,107.6,11,190,1,35,35,16,35,16,35,34,34,35,-851583,8,4.863,0.015,14.003,38,0,16,0,0,35,1,1,0,0,0,1,0,0,0
20:50:50.625,3198.3,94.9,290,225.5,100.6,0,54,49.4,0,0,1,50,48,11,0,0,0,0,0,0,0,129.7,11,190,1,35,35,16,35,17,35,35,34,35,-851583,8,4.863,0.015,14.003,38,0,16,0,0,35,1,1,0,0,0,1,0,0,0
20:50:50.725,3211.3,94.9,287,208,94.7,0,54,49.4,0,0,1,50,49,47,0,0,0,0,0,0,0,127.7,11,190,1,35,35,16,35,16,35,35,34,35,-851583,8,4.863,0.015,14.003,38,0,16,0,0,35,1,1,0,0,0,1,0,0,0
20:50:50.825,3266.7,94.9,292,209.2,99.3,0,54.8,49.5,0,0,1,50,49,47,0,0,0,0,0,0,0,121.7,11,190,1,35,35,16,35,17,35,35,34,35,-851583,8,4.863,0.015,14.01,38,0,16,0,0,35,1,1,0,0,0,1,0,0,0
20:50:50.925,3162.7,56.1,324,0,0,0,54.9,49.9,0,0,1,54,49,47,0,0,0,0,0,0,0,0.1,11,190,1,35,35,16,35,17,35,35,34,35,-851583,8,4.863,0.015,14.003,38,0,16,0,0,35,1,1,0,0,0,1,0,0,0
20:50:51.025,2846.3,47.7,324,0,0,0,54.9,49.9,0,0,1,54,49,47,0,0,0,0,0,0,0,0,11,190,1,35,35,16,35,17,35,35,34,35,-851583,8,4.863,0.015,14.03,38,0,16,0,0,35,1,1,0,0,0,1,0,0,0
20:50:51.125,2219.5,39.3,325,0,0,0,54.9,49.9,0,0,1,54,51,47,0,0,0,0,0,0,0,0,11,190,1,35,35,16,35,17,35,34,34,35,-851583,8,4.863,0.015,14.024,38,0,16,0,0,35,1,1,0,0,0,1,0,0,0
20:50:51.225,1687.9,30.6,323,12,2.9,0,54.9,49.9,0,0,1,52,50,47,0,0,0,0,0,0,0,2.6,11,190,1,35,35,16,35,17,35,35,34,35,-851583,8,4.858,0.015,13.989,38,0,16,0,0,35,1,1,0,0,0,1,0,0,0
20:50:51.325,1070,25.8,321,58.1,12.1,0,54.9,49.9,0,0,1,52,50,47,0,0,0,0,0,0,0,10.6,11,190,1,35,35,16,35,17,35,35,34,35,-851583,8,4.863,0.015,13.894,38,0,16,0,0,35,1,1,0,0,0,1,0,0,0
20:50:51.425,972.5,27.3,320,81.2,16.1,0,54.9,49.9,0,0,1,52,50,47,0,0,0,0,0,0,0,14.1,12,190,1,35,35,17,35,17,35,35,34,35,-851583,8,4.863,0.015,13.969,38,0,16,0,0,35,1,1,0,0,0,1,0,0,0
20:50:51.525,876.2,22.8,322,62.2,11.4,0,54.9,49.9,0,0,1,52,50,47,0,0,0,0,0,0,0,10.9,12,190,1,35,35,17,35,17,35,35,34,35,-851583,8,4.858,0.015,13.969,38,0,16,0,0,35,1,1,0,0,0,1,0,0,0
20:50:51.625,786,20.3,325,14.4,2.6,0,54.9,49.9,0,0,1,52,50,47,0,0,0,0,0,0,0,2.2,12,190,1,35,35,17,35,17,35,34,34,35,-851583,8,4.863,0.015,13.955,38,0,16,0,0,35,1,1,0,0,0,1,0,0,0
20:50:51.725,680,18.7,324,9.7,1.2,0,54.9,49.9,0,0,1,51,50,47,0,0,0,0,0,0,0,1.4,12,190,1,35,35,17,35,17,35,34,34,35,-851583,8,4.863,0.015,13.921,38,0,16,0,0,35,1,1,0,0,0,1,0,0,0
20:50:51.825,749.7,14,326,-0.1,0,0,54.9,49.9,0,0,1,51,50,47,0,0,0,0,0,0,0,0,12,190,1,35,35,17,35,17,36,35,34,35,-851583,8,4.863,0.015,13.866,38,0,16,0,0,35,1,1,0,0,0,1,0,0,0
20:50:51.925,658.6,11,325,0,0,0,54.9,50,0,0,1,51,49,3,0,0,0,0,0,0,0,0,12,190,1,35,35,17,35,17,36,35,34,35,-851583,8,4.863,0.015,13.798,38,0,16,0,0,35,1,1,0,0,0,1,0,0,0
20:50:52.025,429.1,7.7,325,2,0,0,54.9,50,0,0,1,51,49,20,0,0,0,0,0,0,0,0.1,12,190,1,35,35,17,35,17,36,34,34,35,-851583,8,4.863,0.015,13.695,38,0,16,0,0,35,1,1,0,0,0,1,0,0,0
20:50:52.125,139.3,6.7,325,49.1,2.6,0,54.9,50,0,0,1,50,48,4,0,0,0,0,0,0,0,1.2,12,190,1,35,35,17,35,17,36,35,34,35,-851583,8,4.863,0.015,13.538,38,0,16,0,0,35,1,1,0,0,0,1,0,0,0
20:50:52.225,-13.1,-1.9,328,0,0,0,54.9,50.4,0,0,1,50,49,6,0,0,0,0,0,0,0,0,12,190,1,35,35,17,35,17,36,35,34,35,-851583,8,4.863,0.015,13.463,38,0,16,0,0,35,1,1,0,0,0,1,0,0,0
20:50:52.325,-346.8,-10.9,327,0,0,0,54.9,50.8,0,0,1,51,49,7,0,0,0,0,0,0,0,0,12,190,1,36,36,17,35,17,36,35,34,35,-851583,8,4.863,0.015,13.47,38,0,16,0,0,35,1,1,0,0,0,1,0,0,0
20:50:52.425,-765.2,-19.3,327,0,0,0,54.9,50.9,0,0,1,51,50,7,0,0,0,0,0,0,0,0,12,190,1,36,36,17,35,17,36,35,34,35,-851583,8,4.863,0.015,13.381,38,0,16,0,0,35,1,1,0,0,0,1,0,0,0
20:50:52.525,-1008.1,-19.5,327,0,0,0,54.9,50.9,0,0,1,50,49,8,0,0,0,0,0,0,0,0,12,190,1,36,36,17,35,17,36,34,34,35,-851583,8,4.863,0.015,13.347,38,0,16,0,0,35,1,1,0,0,0,1,0,0,0
20:50:52.625,-1014,-19.8,327,0,0,0,54.9,50.8,0,0,1,52,49,7,0,0,0,0,0,0,0,0,12,190,1,36,36,17,34,17,36,35,34,35,-851583,8,4.863,0.015,13.422,38,0,16,0,0,35,1,1,0,0,0,1,0,0,0
20:50:52.725,-991.3,-18.8,327,0,0,0,54.9,50.8,0,0,1,50,48,7,0,0,0,0,0,0,0,0,12,190,1,36,36,17,35,17,36,35,34,35,-851583,8,4.863,0.015,13.415,38,0,16,0,0,35,1,1,0,0,0,1,0,0,0
20:50:52.825,-984.5,-19.1,328,0,0,0,54.9,50.8,0,0,1,50,50,7,0,0,0,0,0,0,0,0,12,190,1,36,36,17,35,17,36,35,34,35,-851583,8,4.863,0.015,13.435,38,0,16,0,0,35,1,1,0,0,0,1,0,0,0
20:50:52.925,-967.7,-18.4,328,0,0,0,54.9,50.8,0,0,1,50,48,7,0,0,0,0,0,0,0,0,12,190,1,36,36,17,35,17,36,35,34,35,-851583,8,4.863,0.015,13.408,38,0,16,0,0,35,1,1,0,0,0,1,0,0,0
20:50:53.025,-934.4,-17.5,328,0,0,0,54.9,50.7,0,0,1,50,49,7,0,0,0,0,0,0,0,0,12,190,1,36,36,17,35,17,36,35,34,35,-851583,8,4.863,0.015,13.449,38,0,16,0,0,35,1,1,0,0,0,1,0,0,0
20:50:53.125,-838.5,-14.5,328,0,0,0,54.9,50.8,0,0,1,50,50,7,0,0,0,0,0,0,0,0,12,190,1,36,36,17,35,17,36,35,34,35,-851583,8,4.863,0.015,13.429,38,0,16,0,0,35,1,1,0,0,0,1,0,0,0
20:50:53.225,-735,-12.9,328,0,0,0,54.9,50.4,0,0,1,49,49,7,0,0,0,0,0,0,0,0,12,190,1,36,36,17,35,17,36,35,34,35,-851583,8,4.863,0.015,13.422,38,0,16,0,0,35,1,1,0,0,0,1,0,0,0
20:50:53.325,-611.1,-10.2,327,0,0,0,54.9,50.3,0,0,1,49,48,7,0,0,0,0,0,0,0,0,12,190,1,36,36,17,35,17,36,35,34,35,-851583,8,4.863,0.015,13.477,38,0,16,0,0,35,1,1,0,0,0,1,0,0,0
20:50:53.425,-503.6,-8.1,328,0,0,0,54.9,50.2,0,0,1,50,49,8,0,0,0,0,0,0,0,0,12,190,1,36,36,17,35,17,36,35,34,35,-851583,8,4.863,0.015,13.415,38,0,16,0,0,35,1,1,0,0,0,1,0,0,0
20:50:53.525,-407.1,-6.8,327,0,0,0,54.9,50.2,0,0,1,49,48,8,0,0,0,0,0,0,0,0,12,190,1,36,36,17,35,17,36,35,34,35,-851583,8,4.863,0.015,13.422,38,0,16,0,0,35,1,1,0,0,0,1,0,0,0
20:50:53.625,-337.3,-6,328,0,0,0,54.9,50,0,0,1,49,49,8,0,0,0,0,0,0,0,0,12,190,1,36,36,17,35,17,36,35,34,35,-851583,8,4.863,0.015,13.435,38,0,16,0,0,35,1,1,0,0,0,1,0,0,0
20:50:53.725,-276.9,-4.3,328,0,0,0,54.9,50,0,0,1,49,49,8,0,0,0,0,0,0,0,0,12,190,1,36,36,17,35,17,36,35,34,35,-851583,8,4.863,0.015,13.442,38,0,16,0,0,35,1,1,0,0,0,1,0,0,0
20:50:53.825,-221.9,-3.7,329,0,0,0,54.9,50,0,0,1,49,48,8,0,0,0,0,0,0,0,0,12,190,1,36,36,17,35,17,36,35,34,35,-851583,8,4.863,0.015,13.408,38,0,16,0,0,35,1,1,0,0,0,1,0,0,0
20:50:53.925,-186.4,-2.9,329,0,0,0,54.9,50,0,0,1,48,48,8,0,0,0,0,0,0,0,0,12,190,1,36,36,17,35,17,36,35,34,35,-851583,8,4.863,0.015,13.449,38,0,16,0,0,35,1,1,0,0,0,1,0,0,0
20:50:54.025,-163.7,-3.4,329,0,0,0,54.7,50,0,0,1,49,49,8,0,0,0,0,0,0,0,0,12,190,1,36,36,17,17,17,36,35,34,35,-851583,8,4.863,0.015,13.401,38,0,16,0,0,35,1,1,0,0,0,1,0,0,0
20:50:54.125,-151.5,-2.6,328,0,0,0,54,50,0,0,1,48,49,8,0,0,0,0,0,0,0,0,12,190,1,36,36,17,35,17,36,35,34,35,-851583,8,4.863,0.015,13.442,38,0,16,0,0,35,1,1,0,0,0,1,0,0,0
20:50:54.225,-139.7,-3.1,328,0,0,0,54,50,0,0,1,48,49,8,0,0,0,0,0,0,0,0,12,190,1,36,36,17,35,17,36,35,34,35,-851583,8,4.863,0.015,13.408,38,0,16,0,0,35,1,1,0,0,0,1,0,0,0
20:50:54.325,-133,-2.7,329,0,0,0,54,50,0,0,1,50,50,8,0,0,0,0,0,0,0,0,12,190,1,36,36,17,35,17,36,35,34,35,-851583,8,4.863,0.015,13.429,38,0,16,0,0,35,1,1,0,0,0,1,0,0,0
20:50:54.425,-125.2,-2.4,328,0,0,0,54,50,0,0,1,50,50,8,0,0,0,0,0,0,0,0,12,190,1,36,36,17,35,17,36,35,34,35,-851583,8,4.863,0.015,13.408,38,0,16,0,0,35,1,1,0,0,0,1,0,0,0
20:50:54.525,-122.2,-2,329,0,0,0,54,50,0,0,1,50,49,8,0,0,0,0,0,0,0,0,12,190,1,36,36,17,35,17,36,35,34,35,-851583,8,4.863,0.015,13.408,38,0,16,0,0,35,1,1,0,0,0,1,0,0,0
20:50:54.625,-115.1,-2.3,328,0,0,0,54,50,0,0,1,51,49,8,0,0,0,0,0,0,0,0,12,190,1,36,36,17,35,17,36,35,34,35,-851583,8,4.863,0.015,13.394,38,0,16,0,0,35,1,1,0,0,0,1,0,0,0
20:50:54.725,-92.5,-1.6,329,0,0,0,54,50,0,0,1,50,49,8,0,0,0,0,0,0,0,0,12,190,1,36,36,17,35,17,36,35,34,35,-851583,8,4.863,0.015,13.429,38,0,16,0,0,35,1,1,0,0,0,1,0,0,0
20:50:54.825,-35.2,0.4,327,0,0,0,54,50,0,0,1,52,49,8,0,0,0,0,0,0,0,0,12,190,1,36,36,17,35,17,36,35,34,35,-851583,8,4.863,0.015,13.408,38,0,16,0,0,35,1,1,0,0,0,1,0,0,0
20:50:54.925,-1.2,0.6,328,0,0,0,54,50,0,0,1,50,51,8,0,0,0,0,0,0,0,0,12,190,1,36,36,17,35,17,36,35,34,35,-851583,8,4.863,0.015,13.442,38,0,16,0,0,35,1,1,0,0,0,1,0,0,0
20:50:55.025,-0.2,0.4,328,0,0,0,54,50,0,0,1,50,50,8,0,0,0,0,0,0,0,0,12,190,1,36,36,17,35,17,36,35,34,35,-851583,8,4.863,0.015,13.408,38,0,16,0,0,35,1,1,0,0,0,1,0,0,0
20:50:55.125,-0.4,0.4,328,0,0,0,54,50,0,0,1,51,51,8,0,0,0,0,0,0,0,0,12,190,1,36,36,17,35,17,36,35,34,35,-851583,8,4.863,0.015,13.442,38,0,16,0,0,35,1,1,0,0,0,1,0,0,0
20:50:55.225,76.8,7.4,325,231.4,14.2,0,54,49.6,0,0,1,51,49,8,0,0,0,0,0,0,0,5.4,12,190,1,36,36,17,35,17,36,35,34,35,-851583,8,4.863,0.015,13.415,38,0,16,0,0,35,1,1,0,0,0,1,0,0,0
20:50:55.325,73.1,10.6,325,195.4,17.5,0,54,49,0,0,1,50,51,8,0,0,0,0,0,0,0,8.3,12,190,1,36,36,17,35,17,36,35,34,35,-851583,8,4.863,0.015,13.408,38,0,16,0,0,35,1,1,0,0,0,1,0,0,0
20:50:55.425,129,12.3,323,231.9,24.4,0,54,49.3,0,0,1,50,50,8,0,0,0,0,0,0,0,15.1,12,190,1,36,36,17,35,17,36,35,34,35,-851583,8,4.863,0.015,13.381,38,0,16,0,0,35,1,1,0,0,0,1,0,0,0
20:50:55.525,195.5,14.2,321,297.2,29.7,0,54,49.7,0,0,1,51,51,8,0,0,0,0,0,0,0,17.6,12,190,1,36,36,17,35,17,36,35,34,35,-851583,8,4.863,0.015,13.388,38,0,16,0,0,35,1,1,0,0,0,1,0,0,0
20:50:55.625,271.4,16.2,322,296.9,33.5,0,54,49.2,0,0,1,51,51,8,0,0,0,0,0,0,0,22.7,12,190,1,36,36,17,35,17,36,35,34,35,-851583,8,4.863,0.015,13.401,38,0,16,0,0,35,1,1,0,0,0,1,0,0,0
20:50:55.725,355.6,18,320,304.1,36,0,54,49.2,0,0,1,50,51,8,0,0,0,0,0,0,0,27.7,12,190,1,36,36,17,35,17,36,35,34,35,-851583,8,4.863,0.015,13.394,38,0,16,0,0,35,1,1,0,0,0,1,0,0,0
20:50:55.825,420.3,19.3,320,287.2,39.8,0,54,49.2,0,0,1,50,51,8,0,0,0,0,0,0,0,29.9,12,190,1,36,36,17,35,17,36,35,34,35,-851583,8,4.863,0.015,13.394,38,0,16,0,0,35,1,1,0,0,0,1,0,0,0
20:50:55.925,499.7,21.4,318,289.8,40.5,0,54,49.3,0,0,1,50,50,8,0,0,0,0,0,0,0,29.9,12,190,1,36,36,17,35,17,36,35,34,35,-851583,8,4.863,0.015,13.36,38,0,16,0,0,35,1,1,0,0,0,1,0,0,0
20:50:56.025,577.4,23.2,317,286.4,46.7,0,54,49.2,0,0,1,50,50,8,0,0,0,0,0,0,0,38.2,12,190,1,36,36,17,35,17,36,34,34,35,-851583,8,4.863,0.015,13.388,38,0,16,0,0,35,1,1,0,0,0,1,0,0,0
20:50:56.125,649.4,24.7,316,280.6,45.8,0,54,49.2,0,0,1,51,51,8,0,0,0,0,0,0,0,35.8,12,190,1,36,36,17,35,17,36,35,34,35,-851583,8,4.863,0.015,13.388,38,0,16,0,0,35,1,1,0,0,0,1,0,0,0
20:50:56.225,742.3,27,314,322.5,49.6,0,54.9,49.3,0,0,1,50,50,8,0,0,0,0,0,0,0,40.5,12,190,1,36,36,17,35,17,36,35,34,35,-851583,8,4.863,0.015,13.435,38,0,16,0,0,35,1,1,0,0,0,1,0,0,0
20:50:56.325,843.9,31.6,314,282.8,50.4,0,54.9,49.3,0,0,1,49,49,7,0,0,0,0,0,0,0,47.6,12,190,1,36,36,17,35,17,36,35,34,35,-851583,8,4.863,0.015,13.394,38,0,16,0,0,35,1,1,0,0,0,1,0,0,0
20:50:56.425,939.5,33,312,271.2,59.2,0,54.9,49.2,0,0,1,51,51,8,0,0,0,0,0,0,0,52.5,12,190,1,36,36,17,35,17,36,35,34,35,-851583,8,4.863,0.015,13.388,38,0,16,0,0,35,1,1,0,0,0,1,0,0,0
20:50:56.525,1023.2,36,312,301.2,58.1,0,54.9,49.1,0,0,1,51,51,7,0,0,0,0,0,0,0,53.8,12,190,1,36,36,17,35,17,36,35,34,35,-851583,8,4.863,0.015,13.422,38,0,16,0,0,35,1,1,0,0,0,1,0,0,0
20:50:56.625,1105.6,37.4,311,275.1,65.9,0,54.9,49.1,0,0,1,50,50,8,0,0,0,0,0,0,0,58.5,12,190,1,36,36,17,35,17,36,35,34,35,-851583,8,4.863,0.015,13.381,38,0,16,0,0,35,1,1,0,0,0,1,0,0,0
20:50:56.725,1159.5,37.9,310,298.7,61.2,0,54.9,49.1,0,0,1,50,51,7,0,0,0,0,0,0,0,60.6,12,190,1,36,36,17,35,17,36,35,34,35,-851583,8,4.863,0.015,13.429,38,0,16,0,0,35,1,1,0,0,0,1,0,0,0
20:50:56.825,1178.1,38.6,311,273.8,66.7,0,54.9,49,0,0,1,50,50,7,0,0,0,0,0,0,0,59.6,12,190,1,36,36,17,35,17,36,35,34,35,-851583,8,4.863,0.015,13.401,38,0,16,0,0,35,1,1,0,0,0,1,0,0,0
20:50:56.925,1248.2,42.3,309,289.1,70.4,0,54.9,49,0,0,1,50,50,8,0,0,0,0,0,0,0,67.3,12,190,1,36,36,17,35,17,36,35,34,35,-851583,8,4.863,0.015,13.415,38,0,16,0,0,35,1,1,0,0,0,1,0,0,0
20:50:57.025,1353.5,44.5,305,330.6,71.4,0,54.9,49,0,0,1,50,49,8,0,0,0,0,0,0,0,72.6,12,190,1,36,36,17,35,17,36,35,34,35,-851583,8,4.863,0.015,13.442,38,0,16,0,0,35,1,1,0,0,0,1,0,0,0
20:50:57.125,1379,45.2,307,288.3,67.4,0,54.9,48.9,0,0,1,51,50,8,0,0,0,0,0,0,0,69.4,12,190,1,36,36,17,36,17,36,35,34,35,-851583,8,4.863,0.015,13.456,38,0,16,0,0,35,1,1,0,0,0,1,0,0,0
20:50:57.225,1426,46.3,307,295.2,68.2,0,55.9,48.8,0,0,1,51,50,8,0,0,0,0,0,0,0,70.7,12,190,1,36,36,17,35,17,36,35,34,35,-851583,8,4.863,0.015,13.429,38,0,16,0,0,35,1,1,0,0,0,1,0,0,0
20:50:57.325,1497,48.3,303,307.6,82,0,55.9,48.8,0,0,1,50,51,8,0,0,0,0,0,0,0,80.7,12,190,1,36,36,17,36,17,36,35,34,35,-851583,8,4.863,0.015,13.408,38,0,16,0,0,35,1,1,0,0,0,1,0,0,0
20:50:57.425,1565,49.1,303,276,75.6,0,55.9,48.7,0,0,1,50,51,8,0,0,0,0,0,0,0,75.6,12,190,1,36,36,17,35,17,36,35,34,35,-851583,8,4.863,0.015,13.401,38,0,16,0,0,35,1,1,0,0,0,1,0,0,0
20:50:57.525,1618.4,50.9,304,258.3,77.7,0,55.9,48.8,0,0,1,50,51,7,0,0,0,0,0,0,0,71.5,12,190,1,36,36,17,35,17,36,35,34,35,-851583,8,4.863,0.015,13.422,38,0,16,0,0,35,1,1,0,0,0,1,0,0,0
20:50:57.625,1713,55.1,303,276.6,85.4,0,55.9,48.6,0,0,1,51,50,8,0,0,0,0,0,0,0,86.1,12,190,1,36,36,17,35,17,36,35,34,35,-851583,8,4.863,0.015,13.422,38,0,16,0,0,35,1,1,0,0,0,1,0,0,0
20:50:57.725,1766.8,54.9,300,276.4,78.5,0,55.9,48.7,0,0,1,51,51,7,0,0,0,0,0,0,0,83.9,12,190,1,36,36,17,35,17,36,35,34,35,-851583,8,4.863,0.015,13.394,38,0,16,0,0,35,1,1,0,0,0,1,0,0,0
20:50:57.825,1835.9,57.6,300,270.6,89,0,55.9,48.6,0,0,1,51,50,7,0,0,0,0,0,0,0,90.3,12,190,1,36,36,17,35,17,36,35,34,35,-851583,8,4.863,0.015,13.408,38,0,16,0,0,35,1,1,0,0,0,1,0,0,0
20:50:57.925,1904.3,56.8,300,248.7,79.4,0,55.9,48.7,0,0,1,51,51,7,0,0,0,0,0,0,0,82.4,12,190,1,36,36,17,35,17,36,35,34,35,-851583,8,4.863,0.015,13.401,38,0,16,0,0,35,1,1,0,0,0,1,0,0,0
20:50:58.025,1945.2,55.8,304,193.9,65.5,0,55.9,48.8,0,0,1,52,51,8,0,0,0,0,0,0,0,67.3,12,190,1,36,36,17,35,17,36,35,34,35,-851583,8,4.863,0.015,13.442,38,0,16,0,0,35,1,1,0,0,0,1,0,0,0
20:50:58.125,2030.5,56.7,304,201.5,70.8,0,55.9,48.8,0,0,1,51,51,8,0,0,0,0,0,0,0,76.7,12,190,1,36,36,17,35,17,36,35,34,35,-851583,8,4.863,0.015,13.381,38,0,16,0,0,35,1,1,0,0,0,1,0,0,0
20:50:58.225,2002.1,27.7,322,24.2,14.3,0,55.9,48.9,0,0,1,51,50,7,0,0,0,0,0,0,0,9.7,11,190,1,36,36,17,35,17,36,35,34,35,-851583,8,4.863,0.015,13.415,38,0,16,0,0,35,1,1,0,0,0,1,0,0,0
20:50:58.325,1957.3,32.5,327,-22.5,0,0,55.9,48.9,0,0,1,52,52,7,0,0,0,0,0,0,0,-7.5,11,190,1,36,36,17,35,17,36,35,34,35,-851583,8,4.863,0.015,13.394,38,0,16,0,0,35,1,1,0,0,0,1,0,0,0
20:50:58.425,1952.7,40.8,325,6.6,0.4,0,55.9,48.9,0,0,1,51,50,7,0,0,0,0,0,0,0,1.9,11,190,1,36,36,17,35,17,36,35,34,35,-851583,8,4.863,0.015,13.388,38,0,16,0,0,35,1,1,0,0,0,1,0,0,0
20:50:58.525,2004.6,51.6,316,80.9,28.6,0,55.9,48.9,0,0,1,55,50,7,0,0,0,0,0,0,0,27.7,11,190,1,36,36,17,35,17,36,35,34,35,-851583,8,4.863,0.015,13.367,38,0,16,0,0,35,1,1,0,0,0,1,0,0,0
20:50:58.625,2007.9,53,314,107.7,38.4,0,55.9,48.7,0,0,1,55,52,7,0,0,0,0,0,0,0,39.9,11,190,1,36,36,17,35,17,36,35,34,35,-851583,8,4.863,0.015,13.394,38,0,16,0,0,35,1,1,0,0,0,1,0,0,0
20:50:58.725,2032.2,55.8,310,163.9,55.4,0,55.9,48.7,0,0,1,54,50,7,0,0,0,0,0,0,0,52.3,11,190,1,36,36,17,35,17,36,35,34,35,-851583,8,4.863,0.015,13.333,38,0,16,0,0,35,1,1,0,0,0,1,0,0,0
20:50:58.825,2081.5,55.6,307,167.3,61.2,0,55.9,48.7,0,0,1,55,52,8,0,0,0,0,0,0,0,62.3,11,190,1,36,36,17,35,17,36,35,35,35,-851583,8,4.863,0.015,13.36,38,0,16,0,0,35,1,1,0,0,0,1,0,0,0
20:50:58.925,2094.1,52.2,311,133.4,52.5,0,55.9,48.7,0,0,1,54,52,8,0,0,0,0,0,0,0,45.7,12,190,1,36,36,17,35,17,36,35,34,35,-851583,8,4.863,0.015,13.381,38,0,16,0,0,35,1,1,0,0,0,1,0,0,0
20:50:59.025,2118.4,51.5,314,107.6,38.5,0,55.9,48.9,0,0,1,54,52,7,0,0,0,0,0,0,0,40.5,12,190,1,36,36,17,35,17,36,35,34,35,-851583,8,4.863,0.015,13.388,38,0,16,0,0,35,1,1,0,0,0,1,0,0,0
20:50:59.125,2101.4,55.2,312,124.5,47.8,0,55.9,48.6,0,0,1,54,51,8,0,0,0,0,0,0,0,41.6,12,190,1,36,36,17,35,17,36,35,35,35,-851583,8,4.863,0.015,13.388,38,0,16,0,0,35,1,1,0,0,0,1,0,0,0
20:50:59.225,2143,60.8,305,181.3,63.4,0,55.9,48.5,0,0,1,54,52,8,0,0,0,0,0,0,0,68.3,12,190,1,36,36,17,35,17,36,35,34,35,-851583,8,4.863,0.015,13.394,38,0,16,0,0,35,1,1,0,0,0,1,0,0,0
20:50:59.325,2196.8,63.2,304,204.3,74.2,0,55.9,48.5,0,0,1,54,51,8,0,0,0,0,0,0,0,79.9,12,190,1,36,36,17,35,17,36,35,35,35,-851583,8,4.863,0.015,13.388,38,0,16,0,0,35,1,1,0,0,0,1,0,0,0
20:50:59.425,2249.3,63.7,301,213,75.1,0,55.9,48.6,0,0,1,52,50,8,0,0,0,0,0,0,0,84.1,12,190,1,36,36,17,35,17,36,35,35,35,-851583,8,4.863,0.015,13.415,38,0,16,0,0,35,1,1,0,0,0,1,0,0,0
20:50:59.525,2278,68.5,300,225.1,75.3,0,55.9,48.5,0,0,1,54,51,8,0,0,0,0,0,0,0,89.5,12,190,1,36,36,17,35,17,36,35,34,35,-851583,8,4.863,0.015,13.381,38,0,16,0,0,35,1,1,0,0,0,1,0,0,0
20:50:59.625,2328.5,53.4,305,139.6,65.3,0,55.9,48.6,0,0,1,52,51,8,0,0,0,0,0,0,0,63.2,12,190,1,36,36,17,35,17,36,35,35,35,-851583,8,4.863,0.015,13.408,38,0,16,0,0,35,1,1,0,0,0,1,0,0,0
20:50:59.725,2256.1,44.7,326,0,0,0,55.9,48.9,0,0,1,52,50,8,0,0,0,0,0,0,0,0,12,190,1,36,36,17,35,17,36,35,35,35,-851583,8,4.863,0.015,13.463,38,0,16,0,0,35,1,1,0,0,0,1,0,0,0
20:50:59.825,2268.7,42.3,327,0,0,0,56,48.9,0,0,1,54,50,8,0,0,0,0,0,0,0,0,12,190,1,36,36,17,35,17,36,35,35,35,-851583,8,4.863,0.015,13.442,38,0,16,0,0,35,1,1,0,0,0,1,0,0,0
20:50:59.925,2237.4,42.2,327,0,0,0,56.2,48.9,0,0,1,52,50,8,0,0,0,0,0,0,0,0,12,190,1,36,36,17,35,17,36,35,35,35,-851583,8,4.863,0.015,13.429,38,0,16,0,0,35,1,1,0,0,0,1,0,0,0
20:51:00.025,2221.4,56.7,319,49.4,15.6,0,56.1,48.7,0,0,1,52,49,8,0,0,0,0,0,0,0,19.3,12,190,1,36,36,17,17,17,36,35,35,35,-851583,8,4.863,0.015,13.435,38,0,16,0,0,35,1,1,0,0,0,1,0,0,0
20:51:00.125,2292.3,66.2,302,200.6,72.7,0,56,48.6,0,0,1,52,50,8,0,0,0,0,0,0,0,79.7,12,190,1,36,36,17,35,17,36,35,35,35,-851583,8,4.863,0.015,13.408,38,0,16,0,0,35,1,1,0,0,0,1,0,0,0
20:51:00.225,2283.6,47.1,312,97.3,44.9,0,56,48.9,0,0,1,52,50,8,0,0,0,0,0,0,0,41.4,12,190,1,36,36,17,35,17,36,35,35,35,-851583,8,4.863,0.015,13.449,38,0,16,0,0,35,1,1,0,0,0,1,0,0,0
20:51:00.325,2260.5,48.8,322,44.3,20.7,0,56,48.9,0,0,1,52,51,8,0,0,0,0,0,0,0,10.1,12,190,1,36,36,17,35,17,36,35,35,35,-851583,8,4.863,0.015,13.408,38,0,16,0,0,35,1,1,0,0,0,1,0,0,0
20:51:00.425,2281.4,55.4,319,56.4,19.1,0,56,48.8,0,0,1,51,50,7,0,0,0,0,0,0,0,21.8,12,190,1,36,36,17,35,17,36,35,35,35,-851583,8,4.863,0.015,13.408,38,0,16,0,0,35,1,1,0,0,0,1,0,0,0
20:51:00.525,2230.4,41.2,327,0,0,0,56,48.9,0,0,1,51,50,8,0,0,0,0,0,0,0,0,12,190,1,36,36,17,35,17,36,35,35,35,-851583,8,4.863,0.015,13.408,38,0,16,0,0,35,1,1,0,0,0,1,0,0,0
20:51:00.625,2174.1,41.7,327,0,0,0,56,48.9,0,0,1,51,50,8,0,0,0,0,0,0,0,0,12,190,1,36,36,17,35,17,36,35,35,35,-851583,8,4.863,0.015,13.408,38,0,16,0,0,35,1,1,0,0,0,1,0,0,0
20:51:00.725,2019,37.1,326,0,0,0,56,48.9,0,0,1,52,50,8,0,0,0,0,0,0,0,0,12,190,1,36,36,17,35,17,36,35,35,35,-851583,8,4.863,0.015,13.394,38,0,16,0,0,35,1,1,0,0,0,1,0,0,0
20:51:00.825,2022.3,38.4,328,0,0,0,56,48.9,0,0,1,52,50,8,0,0,0,0,0,0,0,0,12,190,1,36,36,17,36,17,36,35,35,35,-851583,8,4.863,0.015,13.367,38,0,16,0,0,35,1,1,0,0,0,1,0,0,0
20:51:00.925,2023.3,38.5,327,0,0,0,56,48.9,0,0,1,51,50,8,0,0,0,0,0,0,0,0,12,190,1,36,36,17,36,17,36,35,35,35,-851583,8,4.863,0.015,13.408,38,0,16,0,0,35,1,1,0,0,0,1,0,0,0
20:51:01.025,1997.5,37.2,327,0,0,0,56,48.9,0,0,1,51,51,8,0,0,0,0,0,0,0,0,12,190,1,36,36,17,35,17,36,36,35,36,-851583,8,4.863,0.015,13.401,38,0,16,0,0,35,1,1,0,0,0,1,0,0,0
20:51:01.125,1976.6,37.1,329,0,0,0,56,48.9,0,0,1,51,51,7,0,0,0,0,0,0,0,0,12,190,1,36,36,17,35,17,36,35,35,35,-851583,8,4.863,0.015,13.442,38,0,16,0,0,35,1,1,0,0,0,1,0,0,0
20:51:01.225,1948.7,36.3,326,0,0,0,56,48.9,0,0,1,51,50,8,0,0,0,0,0,0,0,0,12,190,1,36,36,17,35,17,36,35,35,35,-851583,8,4.863,0.015,13.429,38,0,16,0,0,35,1,1,0,0,0,1,0,0,0
20:51:01.325,1845.6,34.6,327,0,0,0,56,48.9,0,0,1,51,49,7,0,0,0,0,0,0,0,0,12,190,1,36,36,17,35,17,36,35,35,35,-851583,8,4.863,0.015,13.47,38,0,16,0,0,35,1,1,0,0,0,1,0,0,0
20:51:01.425,1448.9,21.7,327,0,0,0,56,48.9,0,0,1,51,50,8,0,0,0,0,0,0,0,0,12,190,1,36,36,17,35,17,36,35,35,36,-851583,8,4.863,0.015,13.442,38,0,16,0,0,35,1,1,0,0,0,1,0,0,0
20:51:01.525,891.8,18,326,3.3,0.2,0,56,48.9,0,0,1,51,51,7,0,0,0,0,0,0,0,0.2,12,190,1,36,36,17,35,17,36,35,35,36,-851583,8,4.863,0.015,13.422,38,0,16,0,0,35,1,1,0,0,0,1,0,0,0
20:51:01.625,889,24.1,325,22.1,3.5,0,56,48.9,0,0,1,54,50,7,0,0,0,0,0,0,0,3.4,12,190,1,36,36,17,35,17,36,35,35,35,-851583,8,4.863,0.015,13.374,38,0,16,0,0,35,1,1,0,0,0,1,0,0,0
20:51:01.725,1029.5,27.8,325,16.9,3.7,0,56,48.9,0,0,1,51,50,8,0,0,0,0,0,0,0,2.9,12,190,1,36,36,17,35,17,36,35,35,36,-851583,8,4.863,0.015,13.394,38,0,16,0,0,35,1,1,0,0,0,1,0,0,0
20:51:01.825,1301.4,38.8,322,52.6,16.3,0,56,48.9,0,0,1,52,50,8,0,0,0,0,0,0,0,14.5,12,190,1,36,36,17,35,17,36,35,35,36,-851583,8,4.863,0.015,13.374,38,0,16,0,0,35,1,1,0,0,0,1,0,0,0
20:51:01.925,1600.8,46.1,313,139.3,40.8,0,56,48.7,0,0,1,51,51,7,0,0,0,0,0,0,0,44.4,12,190,1,36,36,17,35,17,36,35,35,36,-851583,8,4.863,0.015,13.415,38,0,16,0,0,35,1,1,0,0,0,1,0,0,0
20:51:02.025,1569.6,38.7,319,90.9,28.8,0,56,48.9,0,0,1,51,51,8,0,0,0,0,0,0,0,27,12,190,1,36,36,17,35,17,36,35,35,36,-851583,8,4.863,0.015,13.449,38,0,16,0,0,35,1,1,0,0,0,1,0,0,0
20:51:02.125,1570.4,41.3,317,105.1,30.8,0,56,48.9,0,0,1,51,50,8,0,0,0,0,0,0,0,28.6,12,190,1,36,36,17,35,17,36,35,35,35,-851583,8,4.863,0.015,13.497,38,0,16,0,0,35,1,1,0,0,0,1,0,0,0
20:51:02.225,1592.4,42.2,316,122.3,37,0,56,48.9,0,0,1,55,49,7,0,0,0,0,0,0,0,36.1,12,190,1,36,36,17,35,17,36,35,35,36,-851583,8,4.863,0.015,13.545,38,0,16,0,0,35,1,1,0,0,0,1,0,0,0
20:51:02.325,1623.8,44.4,315,133.5,39.9,0,56,48.7,0,0,1,54,51,7,0,0,0,0,0,0,0,39.9,12,190,1,36,36,17,35,17,36,35,35,36,-851583,8,4.863,0.015,13.565,38,0,16,0,0,35,1,1,0,0,0,1,0,0,0
20:51:02.425,1678.4,45.2,314,133.2,40.6,0,56,48.8,0,0,1,54,51,6,0,0,0,0,0,0,0,41.4,12,190,1,36,36,17,35,17,36,35,35,36,-851583,8,4.863,0.015,13.593,38,0,16,0,0,35,1,1,0,0,0,1,0,0,0
20:51:02.525,1709.5,44.1,315,118.6,39.5,0,56,48.9,0,0,1,54,52,5,0,0,0,0,0,0,0,38,12,190,1,36,36,17,35,17,36,35,35,36,-851583,8,4.863,0.015,13.606,38,0,16,0,0,35,1,1,0,0,0,1,0,0,0
20:51:02.625,1720.5,42.6,315,97.8,31.2,0,56,48.9,0,0,1,52,51,5,0,0,0,0,0,0,0,30.1,12,190,1,36,36,17,35,17,36,35,35,36,-851583,8,4.863,0.015,13.586,38,0,16,0,0,35,1,1,0,0,0,1,0,0,0
20:51:02.725,1699.9,35.9,321,48.1,16.8,0,56,48.9,0,0,1,52,50,4,0,0,0,0,0,0,0,17,12,190,1,36,36,17,35,17,36,35,35,36,-851583,8,4.863,0.015,13.606,38,0,16,0,0,35,1,1,0,0,0,1,0,0,0
20:51:02.825,1582.2,31.1,327,0,0,0,56,48.9,0,0,1,54,51,4,0,0,0,0,0,0,0,0,12,190,1,36,36,17,35,17,36,35,35,36,-851583,8,4.863,0.015,13.579,38,0,16,0,0,35,1,1,0,0,0,1,0,0,0
20:51:02.925,1609.3,43.2,320,64.1,17.3,0,56,48.9,0,0,1,52,50,4,0,0,0,0,0,0,0,16.2,12,190,1,36,36,17,35,17,36,35,35,36,-851583,8,4.863,0.015,13.579,38,0,16,0,0,35,1,1,0,0,0,1,0,0,0
20:51:03.025,1720.3,53.8,307,235.7,73.2,0,56,48.6,0,0,1,51,50,4,0,0,0,0,0,0,0,72.6,12,190,1,36,36,17,35,17,36,35,35,36,-851583,8,4.863,0.015,13.606,38,0,16,0,0,35,1,1,0,0,0,1,0,0,0
20:51:03.125,1730.9,50.3,305,241.8,70.2,0,56,48.8,0,0,1,51,51,4,0,0,0,0,0,0,0,74.5,12,190,1,36,36,17,36,17,36,35,35,36,-851583,8,4.863,0.015,13.606,38,0,16,0,0,35,1,1,0,0,0,1,0,0,0
20:51:03.225,1783.5,56.7,301,286.4,87,0,56,48.6,0,0,1,51,50,4,0,0,0,0,0,0,0,88.2,12,190,1,36,36,17,35,17,36,35,35,36,-851583,8,4.863,0.015,13.6,38,0,16,0,0,35,1,1,0,0,0,1,0,0,0
20:51:03.325,1851.2,58.8,297,294.6,94.1,0,56,48.7,0,0,1,52,51,4,0,0,0,0,0,0,0,98.5,12,190,1,36,36,17,36,17,36,35,35,36,-851583,8,4.863,0.015,13.627,38,0,16,0,0,35,1,1,0,0,0,1,0,0,0
20:51:03.425,1905.9,61.4,296,343,85.4,0,56,48.8,0,0,1,51,50,4,0,0,0,0,0,0,0,106.1,12,190,1,36,36,17,35,17,36,35,35,36,-851583,8,4.863,0.015,13.613,38,0,16,0,0,35,1,1,0,0,0,1,0,0,0
20:51:03.525,1967.4,62.4,298,292.6,94.9,0,56,48.7,0,0,1,51,51,4,0,0,0,0,0,0,0,100,12,190,1,36,36,17,35,17,36,35,35,36,-851583,8,4.863,0.015,13.586,38,0,16,0,0,35,1,1,0,0,0,1,0,0,0
20:51:03.625,1962.8,53.7,304,214.5,76.2,0,56,48.9,0,0,1,51,50,4,0,0,0,0,0,0,0,75.4,12,190,1,36,36,17,35,17,36,35,35,36,-851583,8,4.863,0.015,13.613,38,0,16,0,0,35,1,1,0,0,0,1,0,0,0
20:51:03.725,1966.8,59.2,302,223.5,75.4,0,56,48.9,0,0,1,52,50,4,0,0,0,0,0,0,0,77.5,12,190,1,36,36,17,35,17,36,35,35,36,-851583,8,4.863,0.015,13.627,38,0,16,0,0,35,1,1,0,0,0,1,0,0,0
20:51:03.825,2035.7,61.6,298,257.7,84.9,0,56,48.8,0,0,1,51,51,4,0,0,0,0,0,0,0,86.9,12,190,1,36,36,17,35,17,36,35,35,36,-851583,8,4.863,0.015,13.627,38,0,16,0,0,35,1,1,0,0,0,1,0,0,0
20:51:03.925,2111.7,61,302,201.3,71.4,0,56,48.9,0,0,1,51,50,4,0,0,0,0,0,0,0,84.4,12,190,1,36,36,17,35,17,36,35,35,36,-851583,8,4.863,0.015,13.613,38,0,16,0,0,35,1,1,0,0,0,1,0,0,0
20:51:04.025,2215.7,62.3,305,189.3,78.1,0,56,48.9,0,0,1,51,50,4,0,0,0,0,0,0,0,77.1,12,190,1,36,36,17,35,17,36,35,35,36,-851583,8,4.863,0.015,13.634,38,0,16,0,0,35,1,1,0,0,0,1,0,0,0
20:51:04.125,2276.8,67.8,300,216.7,71.8,0,56,49,0,0,1,51,50,5,0,0,0,0,0,0,0,89.5,12,190,1,36,36,17,35,17,36,35,35,36,-851583,8,4.863,0.015,13.641,38,0,16,0,0,35,1,1,0,0,0,1,0,0,0
20:51:04.225,2335.5,67.5,298,211.7,83.4,0,56,49,0,0,1,52,50,4,0,0,0,0,0,0,0,86.1,12,190,1,36,36,17,35,17,36,35,35,36,-851583,8,4.863,0.015,13.647,38,0,16,0,0,35,1,1,0,0,0,1,0,0,0
20:51:04.325,2386.4,70.2,298,236.1,77.9,0,56,49.1,0,0,1,51,50,4,0,0,0,0,0,0,0,97.8,12,190,1,36,36,17,35,17,36,35,35,36,-851583,8,4.863,0.015,13.668,38,0,16,0,0,35,1,1,0,0,0,1,0,0,0
20:51:04.425,2398.3,66.6,300,197.2,73.5,0,56,49,0,0,1,50,50,4,0,0,0,0,0,0,0,83.7,12,190,1,36,36,17,35,17,36,35,35,36,-851583,8,4.863,0.015,13.668,38,0,16,0,0,35,1,1,0,0,0,1,0,0,0
20:51:04.525,2450.8,69.2,302,182.2,63.4,0,56,49,0,0,1,51,50,4,0,0,0,0,0,0,0,79.4,12,190,1,36,36,17,35,17,36,35,35,36,-851583,8,4.863,0.015,13.654,38,0,16,0,0,35,1,1,0,0,0,1,0,0,0
20:51:04.625,2479.5,66.2,304,141,60.1,0,56,49,0,0,1,51,50,4,0,0,0,0,0,0,0,64.7,12,190,1,36,36,17,35,17,36,35,35,36,-851583,8,4.863,0.015,13.647,38,0,16,0,0,35,1,1,0,0,0,1,0,0,0
20:51:04.725,2526.7,63.3,304,147.8,66.9,0,56,49,0,0,1,51,50,4,0,0,0,0,0,0,0,62.6,12,190,1,36,36,17,35,17,36,35,35,36,-851583,8,4.863,0.015,13.661,38,0,16,0,0,35,1,1,0,0,0,1,0,0,0
20:51:04.825,2483.9,34.8,319,34.6,21.8,0,56.3,49,0,0,1,50,50,4,0,0,0,0,0,0,0,14.6,11,190,1,36,36,17,35,17,36,35,35,36,-851583,8,4.863,0.015,13.654,38,0,16,0,0,35,1,1,0,0,0,1,0,0,0
20:51:04.925,2306.4,37.3,328,-22.9,0,0,56.9,49,0,0,1,51,50,4,0,0,0,0,0,0,0,-13.5,11,190,1,36,36,17,35,17,36,35,35,36,-851583,8,4.863,0.015,13.634,38,0,16,0,0,35,1,1,0,0,0,1,0,0,0
20:51:05.025,2263.9,43.1,325,-5.9,0,0,56.9,49,0,0,1,51,50,4,0,0,0,0,0,0,0,-3.5,11,190,1,36,36,17,35,17,36,35,35,36,-851583,8,4.863,0.015,13.627,38,0,16,0,0,35,1,1,0,0,0,1,0,0,0
20:51:05.125,2240,45.3,324,6.9,1.8,0,56.9,49,0,0,1,51,50,4,0,0,0,0,0,0,0,0.7,11,190,1,36,36,17,35,17,36,35,35,36,-851583,8,4.863,0.015,13.606,38,0,16,0,0,35,1,1,0,0,0,1,0,0,0
20:51:05.225,2148.8,44.6,324,10.8,3.7,0,56.9,49,0,0,1,51,51,5,0,0,0,0,0,0,0,3.3,12,190,1,36,36,17,35,17,36,35,35,36,-851583,8,4.863,0.015,13.647,38,0,16,0,0,35,1,1,0,0,0,1,0,0,0
20:51:05.325,2064.2,47,322,26.4,11.1,0,56.9,49,0,0,1,51,51,5,0,0,0,0,0,0,0,8.3,12,190,1,36,36,17,35,17,36,35,35,36,-851583,8,4.863,0.015,13.613,38,0,16,0,0,35,1,1,0,0,0,1,0,0,0
20:51:05.425,2019.5,48.4,321,43.7,15.1,0,56,49,0,0,1,50,49,5,0,0,0,0,0,0,0,14.7,12,190,1,36,36,17,35,17,36,35,35,36,-851583,8,4.863,0.015,13.6,38,0,16,0,0,35,1,1,0,0,0,1,0,0,0
20:51:05.525,2020.9,56.6,310,137.9,44.1,0,56,49.3,0,0,1,51,50,5,0,0,0,0,0,0,0,50.6,12,190,1,36,36,17,35,17,36,35,35,36,-851583,8,4.863,0.015,13.565,38,0,16,0,0,35,1,1,0,0,0,1,0,0,0
20:51:05.625,2058.2,52.5,311,139.3,50.2,0,56,49,0,0,1,50,50,5,0,0,0,0,0,0,0,50.4,12,190,1,36,36,17,35,17,36,35,35,36,-851583,8,4.863,0.015,13.565,38,0,16,0,0,35,1,1,0,0,0,1,0,0,0
20:51:05.725,2032.9,58.8,305,191.2,63.6,0,56,49.2,0,0,1,50,50,5,0,0,0,0,0,0,0,63.8,12,190,1,36,36,17,35,17,36,35,35,36,-851583,8,4.863,0.015,13.545,38,0,16,0,0,35,1,1,0,0,0,1,0,0,0
20:51:05.825,2073.1,57.5,304,180,65.7,0,56,49.3,0,0,1,50,50,5,0,0,0,0,0,0,0,70.9,12,190,1,36,36,17,35,17,36,35,35,36,-851583,8,4.863,0.015,13.559,38,0,16,0,0,35,1,1,0,0,0,1,0,0,0
20:51:05.925,2048.4,53.4,309,148.8,56.2,0,56,49.3,0,0,1,51,50,5,0,0,0,0,0,0,0,55.3,12,190,1,36,36,17,36,17,36,35,35,36,-851583,8,4.863,0.015,13.518,38,0,16,0,0,35,1,1,0,0,0,1,0,0,0
20:51:06.025,2024.7,45.2,314,92.4,36.6,0,56,49.1,0,0,1,55,51,5,0,0,0,0,0,0,0,33.5,12,190,1,36,36,17,17,17,36,35,35,36,-851583,8,4.863,0.015,13.552,38,0,16,0,0,35,1,1,0,0,0,1,0,0,0
20:51:06.125,1924.8,42,320,47.4,18.3,0,56,49,0,0,1,52,50,5,0,0,0,0,0,0,0,13.8,12,190,1,36,36,17,35,17,36,35,35,36,-851583,8,4.863,0.015,13.504,38,0,16,0,0,35,1,1,0,0,0,1,0,0,0
20:51:06.225,1813.4,43.6,319,63.3,21.1,0,56,49.1,0,0,1,54,51,5,0,0,0,0,0,0,0,20.7,12,190,1,36,36,17,35,17,36,35,35,36,-851583,8,4.863,0.015,13.49,38,0,16,0,0,35,1,1,0,0,0,1,0,0,0
20:51:06.325,1747.7,43.3,317,80.9,26.4,0,56,49.4,0,0,1,51,51,6,0,0,0,0,0,0,0,23.9,12,190,1,36,36,17,35,17,36,35,35,36,-851583,8,4.863,0.015,13.415,38,0,16,0,0,35,1,1,0,0,0,1,0,0,0
20:51:06.425,1719.5,45.9,314,121.9,37.8,0,56,49.3,0,0,1,51,51,6,0,0,0,0,0,0,0,38.4,12,190,1,36,36,17,35,17,36,35,35,36,-851583,8,4.863,0.015,13.347,38,0,16,0,0,35,1,1,0,0,0,1,0,0,0
20:51:06.525,1705.2,46.7,311,160.1,50.2,0,56,49.4,0,0,1,51,50,6,0,0,0,0,0,0,0,50.4,12,190,1,36,36,17,35,17,36,36,35,36,-851583,8,4.863,0.015,13.388,38,0,16,0,0,35,1,1,0,0,0,1,0,0,0
20:51:06.625,1715.9,51.8,308,210.1,61.8,0,56,49.3,0,0,1,51,51,7,0,0,0,0,0,0,0,62.8,12,190,1,36,36,17,36,17,36,35,35,36,-851583,8,4.863,0.015,13.408,38,0,16,0,0,35,1,1,0,0,0,1,0,0,0
20:51:06.725,1756.5,51.4,307,199,65.6,0,56,49.4,0,0,1,52,51,7,0,0,0,0,0,0,0,63,12,190,1,36,36,17,35,17,36,35,35,36,-851583,8,4.863,0.015,13.422,38,0,16,0,0,35,1,1,0,0,0,1,0,0,0
20:51:06.825,1806.7,53.3,308,189.6,61.7,0,56,49.3,0,0,1,51,51,7,0,0,0,0,0,0,0,62.6,12,190,1,36,36,17,36,17,36,35,35,36,-851583,8,4.863,0.015,13.456,38,0,16,0,0,35,1,1,0,0,0,1,0,0,0
20:51:06.925,1808.1,52.4,306,197.5,66.2,0,56,49.3,0,0,1,51,52,7,0,0,0,0,0,0,0,63.4,12,190,1,36,36,17,36,17,36,35,35,36,-851583,8,4.863,0.015,13.442,38,0,16,0,0,35,1,1,0,0,0,1,0,0,0
20:51:07.025,1776.3,50.9,306,212.1,63.1,0,56,49.3,0,0,1,52,50,7,0,0,0,0,0,0,0,62.3,12,190,1,36,36,17,35,17,36,35,35,36,-851583,8,4.863,0.015,13.435,38,0,16,0,0,35,1,1,0,0,0,1,0,0,0
20:51:07.125,1774.1,51.3,306,205.2,61.3,0,56,49.3,0,0,1,52,52,7,0,0,0,0,0,0,0,64.9,12,190,1,36,36,17,35,17,36,35,35,36,-851583,8,4.863,0.015,13.497,38,0,16,0,0,35,1,1,0,0,0,1,0,0,0
20:51:07.225,1800.2,53.1,305,199.1,63.8,0,56,49.3,0,0,1,52,51,6,0,0,0,0,0,0,0,64.5,12,190,1,36,36,17,35,17,36,35,35,36,-851583,8,4.863,0.015,13.524,38,0,16,0,0,35,1,1,0,0,0,1,0,0,0
20:51:07.325,1839.8,54.8,303,226.5,64.3,0,56.6,49.5,0,0,1,50,50,6,0,0,0,0,0,0,0,73.5,12,190,1,36,36,17,35,17,36,35,35,36,-851583,8,4.863,0.015,13.545,38,0,16,0,0,35,1,1,0,0,0,1,0,0,0
20:51:07.425,1859.3,55.7,303,230.8,66.7,0,56.9,49.5,0,0,1,51,51,6,0,0,0,0,0,0,0,76.9,12,190,1,36,36,17,35,17,36,35,35,36,-851583,8,4.863,0.015,13.524,38,0,16,0,0,35,1,1,0,0,0,1,0,0,0
20:51:07.525,1905.3,57.6,301,238.9,75.1,0,56.9,49.5,0,0,1,50,50,6,0,0,0,0,0,0,0,80.5,12,190,1,36,36,17,35,17,36,35,35,36,-851583,8,4.863,0.015,13.518,38,0,16,0,0,35,1,1,0,0,0,1,0,0,0
20:51:07.625,1935.8,50,307,156.1,57.3,0,56.9,49.5,0,0,1,51,51,5,0,0,0,0,0,0,0,58.5,12,190,1,36,36,17,35,17,36,35,35,36,-851583,8,4.863,0.015,13.545,38,0,16,0,0,35,1,1,0,0,0,1,0,0,0
20:51:07.725,1911.1,47.5,314,107.1,39.2,0,56.9,49.6,0,0,1,51,50,5,0,0,0,0,0,0,0,35.4,11,190,1,36,36,17,36,17,36,35,35,36,-851583,8,4.863,0.015,13.552,38,0,16,0,0,35,1,1,0,0,0,1,0,0,0
20:51:07.825,1959,57,307,181.2,56.9,0,56.9,49.6,0,0,1,51,51,5,0,0,0,0,0,0,0,60.4,11,190,1,36,36,17,35,17,36,35,35,36,-851583,8,4.863,0.015,13.531,38,0,16,0,0,35,1,1,0,0,0,1,0,0,0
20:51:07.925,2012,55.9,304,194.4,66.2,0,56.9,49.4,0,0,1,50,50,6,0,0,0,0,0,0,0,66.8,11,190,1,36,36,17,35,17,36,35,35,36,-851583,8,4.863,0.015,13.538,38,0,16,0,0,35,1,1,0,0,0,1,0,0,0
20:51:08.025,2017.2,57.6,303,201.3,69.8,0,56.9,49.5,0,0,1,50,50,6,0,0,0,0,0,0,0,72.2,11,190,1,36,36,17,35,17,36,35,35,36,-851583,8,4.863,0.015,13.511,38,0,16,0,0,35,1,1,0,0,0,1,0,0,0
20:51:08.125,2076.5,53.6,307,155.9,61.2,0,56.9,49.5,0,0,1,49,50,5,0,0,0,0,0,0,0,61.1,12,190,1,36,36,17,35,17,36,35,35,36,-851583,8,4.863,0.015,13.552,38,0,16,0,0,35,1,1,0,0,0,1,0,0,0
20:51:08.225,1888.6,35.7,325,0,0,0,56.9,49.9,0,0,1,51,51,5,0,0,0,0,0,0,0,0,12,190,1,36,36,17,35,17,36,35,35,36,-851583,8,4.863,0.015,13.565,38,0,16,0,0,35,1,1,0,0,0,1,0,0,0
20:51:08.325,1531,23.6,325,0,0,0,56.9,49.9,0,0,1,51,51,5,0,0,0,0,0,0,0,0,12,190,1,36,36,17,35,17,36,35,35,36,-851583,8,4.858,0.015,13.449,38,0,16,0,0,35,1,1,0,0,0,1,0,0,0
20:51:08.425,1010.1,20.3,325,0,0,0,56.9,49.9,0,0,1,50,50,5,0,0,0,0,0,0,0,0,12,190,1,36,36,17,35,17,36,35,35,36,-851583,8,4.863,0.015,13.559,38,0,16,0,0,35,1,1,0,0,0,1,0,0,0
20:51:08.525,942.3,21.2,324,17.6,2.4,0,56.9,49.9,0,0,1,50,51,5,0,0,0,0,0,0,0,2.6,12,190,1,36,36,17,35,17,36,35,35,36,-851583,8,4.863,0.015,13.552,38,0,16,0,0,35,1,1,0,0,0,1,0,0,0
20:51:08.625,716.8,21.7,324,17.2,2.8,0,56.9,49.9,0,0,1,50,50,5,0,0,0,0,0,0,0,2.6,12,190,1,36,36,17,36,17,36,35,35,36,-851583,8,4.863,0.015,13.545,38,0,16,0,0,35,1,1,0,0,0,1,0,0,0
20:51:08.725,871.9,25.3,322,36.1,7.1,0,56.9,49.8,0,0,1,50,50,5,0,0,0,0,0,0,0,7.2,12,190,1,36,36,17,36,17,36,36,35,36,-851583,8,4.863,0.015,13.511,38,0,16,0,0,35,1,1,0,0,0,1,0,0,0
20:51:08.825,939.9,25.9,323,42.5,8.9,0,56.9,49.9,0,0,1,50,51,5,0,0,0,0,0,0,0,8,12,190,1,36,36,17,36,17,36,35,35,36,-851583,8,4.863,0.015,13.504,38,0,16,0,0,35,1,1,0,0,0,1,0,0,0
20:51:08.925,931,24.6,323,43.9,8.8,0,56.9,49.9,0,0,1,50,50,5,0,0,0,0,0,0,0,7.7,12,190,1,36,36,17,35,17,36,35,35,36,-851583,8,4.863,0.015,13.531,38,0,16,0,0,35,1,1,0,0,0,1,0,0,0
20:51:09.025,858.4,21.7,322,34.8,5.8,0,56.9,49.9,0,0,1,51,52,5,0,0,0,0,0,0,0,5.2,12,190,1,36,36,17,35,17,36,35,35,36,-851583,8,4.863,0.015,13.456,38,0,16,0,0,35,1,1,0,0,0,1,0,0,0
20:51:09.125,742,19.6,324,23.5,4.1,0,56.9,49.9,0,0,1,49,50,5,0,0,0,0,0,0,0,3.1,12,190,1,36,36,17,36,17,36,35,35,36,-851583,8,4.863,0.015,13.511,38,0,16,0,0,35,1,1,0,0,0,1,0,0,0
20:51:09.225,791.2,28.2,321,87.1,17.1,0,56.9,49.7,0,0,1,50,50,5,0,0,0,0,0,0,0,16.7,12,190,1,36,36,17,35,17,36,35,35,36,-851583,8,4.863,0.015,13.456,38,0,16,0,0,35,1,1,0,0,0,1,0,0,0
20:51:09.325,1001.6,34.3,313,238.5,52.3,0,56.6,49.6,0,0,1,51,51,6,0,0,0,0,0,0,0,47.2,12,190,1,36,36,17,36,17,36,35,35,36,-851583,8,4.863,0.015,13.456,38,0,16,0,0,35,1,1,0,0,0,1,0,0,0
20:51:09.425,1034.3,32.9,311,227.8,52.1,0,56,49.7,0,0,1,51,52,6,0,0,0,0,0,0,0,44.8,12,190,1,36,36,17,36,17,36,35,35,36,-851583,8,4.863,0.015,13.442,38,0,16,0,0,35,1,1,0,0,0,1,0,0,0
20:51:09.525,1103.2,39,309,289.7,65.5,0,56,49.6,0,0,1,50,51,6,0,0,0,0,0,0,0,55.7,12,190,1,36,36,17,35,17,36,35,35,36,-851583,8,4.863,0.015,13.408,38,0,16,0,0,35,1,1,0,0,0,1,0,0,0
20:51:09.625,1118.7,36.6,309,299.1,59.1,0,56,49.6,0,0,1,50,51,6,0,0,0,0,0,0,0,57.9,12,190,1,36,36,17,35,17,36,35,35,36,-851583,8,4.863,0.015,13.401,38,0,16,0,0,35,1,1,0,0,0,1,0,0,0
20:51:09.725,1151.1,39.5,309,288.8,67,0,56.1,49.5,0,0,1,52,50,7,0,0,0,0,0,0,0,60,12,190,1,36,36,17,35,17,36,35,35,36,-851583,8,4.863,0.015,13.367,38,0,16,0,0,35,1,1,0,0,0,1,0,0,0
20:51:09.825,1215.7,40.5,307,292.1,65.2,0,56.9,49.5,0,0,1,52,51,7,0,0,0,0,0,0,0,64.5,12,190,1,36,36,17,35,17,36,35,35,36,-851583,8,4.863,0.015,13.415,38,0,16,0,0,35,1,1,0,0,0,1,0,0,0
20:51:09.925,1294.2,42.7,305,293.6,65.3,0,56.9,49.5,0,0,1,52,51,7,0,0,0,0,0,0,0,63.8,12,190,1,36,36,17,35,17,36,35,35,36,-851583,8,4.863,0.015,13.394,38,0,16,0,0,35,1,1,0,0,0,1,0,0,0
20:51:10.025,1363.9,44,305,267.5,73.9,0,56.9,49.7,0,0,1,54,54,7,0,0,0,0,0,0,0,68.5,12,190,1,36,36,17,35,17,36,35,35,36,-851583,8,4.863,0.015,13.401,38,0,16,0,0,35,1,1,0,0,0,1,0,0,0
20:51:10.125,1435.1,43.3,309,218.1,57.6,0,56.9,49.7,0,0,1,51,51,7,0,0,0,0,0,0,0,59.6,12,190,1,36,36,17,35,17,36,35,35,36,-851583,8,4.863,0.015,13.415,38,0,16,0,0,35,1,1,0,0,0,1,0,0,0
20:51:10.225,1494.8,47.1,305,248.2,65.5,0,56.9,49.6,0,0,1,54,54,7,0,0,0,0,0,0,0,67.7,12,190,1,36,36,17,35,17,36,35,35,36,-851583,8,4.863,0.015,13.415,38,0,16,0,0,35,1,1,0,0,0,1,0,0,0
20:51:10.325,1561.7,48.5,302,255.8,70.8,0,56.9,49.5,0,0,1,51,51,7,0,0,0,0,0,0,0,72.6,12,190,1,36,36,17,35,17,36,36,35,36,-851583,8,4.863,0.015,13.415,38,0,16,0,0,35,1,1,0,0,0,1,0,0,0
20:51:10.425,1666.4,53.6,303,273.4,81.6,0,56.9,49.5,0,0,1,52,52,7,0,0,0,0,0,0,0,81.1,12,190,1,36,36,17,35,17,36,35,35,36,-851583,8,4.863,0.015,13.422,38,0,16,0,0,35,1,1,0,0,0,1,0,0,0
20:51:10.525,1718.7,53.3,300,281.5,69.9,0,56.9,49.5,0,0,1,51,52,7,0,0,0,0,0,0,0,83.1,12,190,1,36,36,17,35,17,36,35,35,36,-851583,8,4.863,0.015,13.449,38,0,16,0,0,35,1,1,0,0,0,1,0,0,0
20:51:10.625,1768.1,52.5,304,227,68.8,0,56.9,49.6,0,0,1,51,51,7,0,0,0,0,0,0,0,74.5,12,190,1,36,36,17,35,17,36,35,35,36,-851583,8,4.863,0.015,13.483,38,0,16,0,0,35,1,1,0,0,0,1,0,0,0
20:51:10.725,1817.1,51,307,184.3,60.6,0,56.9,49.6,0,0,1,52,50,7,0,0,0,0,0,0,0,64.3,12,190,1,36,36,17,35,17,36,35,35,36,-851583,8,4.863,0.015,13.538,38,0,16,0,0,35,1,1,0,0,0,1,0,0,0
20:51:10.825,1889,54.5,307,167.7,54.8,0,56.9,49.6,0,0,1,51,51,6,0,0,0,0,0,0,0,60.2,12,190,1,36,36,17,35,17,36,35,35,36,-851583,8,4.863,0.015,13.565,38,0,16,0,0,35,1,1,0,0,0,1,0,0,0
20:51:10.925,1931.2,54,305,187.6,61.3,0,56.9,49.7,0,0,1,51,50,6,0,0,0,0,0,0,0,64.9,12,190,1,36,36,17,35,17,36,36,35,36,-851583,8,4.863,0.015,13.552,38,0,16,0,0,35,1,1,0,0,0,1,0,0,0
20:51:11.025,1966.6,47,314,96.6,41.7,0,56.9,49.8,0,0,1,51,50,6,0,0,0,0,0,0,0,38.4,12,190,1,36,36,17,35,17,36,35,35,36,-851583,8,4.863,0.015,13.565,38,0,16,0,0,35,1,1,0,0,0,1,0,0,0
20:51:11.125,1893.1,34.2,325,0,0,0,56.9,49.9,0,0,1,50,50,5,0,0,0,0,0,0,0,0,12,190,1,36,36,17,35,17,36,35,35,36,-851583,8,4.863,0.015,13.579,38,0,16,0,0,35,1,1,0,0,0,1,0,0,0
20:51:11.225,1812.6,35.3,324,0,0,0,56.9,49.9,0,0,1,51,51,5,0,0,0,0,0,0,0,0,12,190,1,36,36,17,35,17,36,35,35,36,-851583,8,4.863,0.015,13.593,38,0,16,0,0,35,1,1,0,0,0,1,0,0,0
20:51:11.325,1771.4,34.9,324,2.9,0,0,56.9,49.9,0,0,1,52,51,5,0,0,0,0,0,0,0,-0.4,12,190,1,36,36,17,35,17,36,35,35,36,-851583,8,4.863,0.015,13.634,38,0,16,0,0,35,1,1,0,0,0,1,0,0,0
20:51:11.425,1831.7,54.6,310,178.5,54.7,0,56.9,49.6,0,0,1,52,51,5,0,0,0,0,0,0,0,54.2,12,190,1,36,36,17,36,17,36,35,35,36,-851583,8,4.863,0.015,13.593,38,0,16,0,0,35,1,1,0,0,0,1,0,0,0
20:51:11.525,1817.2,48.7,308,161,57,0,56.9,49.7,0,0,1,51,51,5,0,0,0,0,0,0,0,51.7,12,190,1,36,36,17,36,17,36,35,35,36,-851583,8,4.863,0.015,13.593,38,0,16,0,0,35,1,1,0,0,0,1,0,0,0
20:51:11.625,1863.6,49.4,310,138.2,49.4,0,56.9,49.9,0,0,1,51,50,5,0,0,0,0,0,0,0,47.8,12,190,1,36,36,17,35,17,36,35,35,36,-851583,8,4.863,0.015,13.634,38,0,16,0,0,35,1,1,0,0,0,1,0,0,0
20:51:11.725,1952.1,52.4,310,124.4,44.2,0,56.9,49.8,0,0,1,50,51,4,0,0,0,0,0,0,0,46.3,12,190,1,36,36,17,35,17,36,35,35,36,-851583,8,4.863,0.015,13.641,38,0,16,0,0,35,1,1,0,0,0,1,0,0,0
20:51:11.825,2040.9,61.4,305,183.4,62.2,0,56.9,49.5,0,0,1,51,51,4,0,0,0,0,0,0,0,65.3,12,190,1,36,36,17,36,17,36,36,35,36,-851583,8,4.863,0.015,13.627,38,0,16,0,0,35,1,1,0,0,0,1,0,0,0
20:51:11.925,2097.8,60.2,301,213.3,74,0,56.9,49.6,0,0,1,50,51,4,0,0,0,0,0,0,0,85.2,12,190,1,36,36,17,36,17,36,36,35,36,-851583,8,4.863,0.015,13.641,38,0,16,0,0,35,1,1,0,0,0,1,0,0,0
20:51:12.025,2130.9,59.8,305,177.6,62,0,56.9,49.6,0,0,1,51,51,4,0,0,0,0,0,0,0,66.8,12,190,1,36,36,17,17,17,36,36,35,36,-851583,8,4.863,0.015,13.647,38,0,16,0,0,35,1,1,0,0,0,1,0,0,0
20:51:12.125,2079.1,38.3,312,103.9,42.2,0,56.9,49.9,0,0,1,51,51,4,0,0,0,0,0,0,0,42.5,12,190,1,36,36,17,35,17,36,35,35,36,-851583,8,4.863,0.015,13.661,38,0,16,0,0,35,1,1,0,0,0,1,0,0,0
20:51:12.225,1622.9,25.2,325,0,0,0,56.9,49.9,0,0,1,51,51,4,0,0,0,0,0,0,0,0,12,190,1,36,36,17,36,17,36,35,35,36,-851583,8,4.863,0.015,13.661,38,0,16,0,0,35,1,1,0,0,0,1,0,0,0
20:51:12.325,1005,24.6,322,34.5,5.9,0,56.9,49.9,0,0,1,51,51,4,0,0,0,0,0,0,0,6.7,12,190,1,36,36,17,36,17,36,36,35,36,-851583,8,4.863,0.015,13.627,38,0,16,0,0,35,1,1,0,0,0,1,0,0,0
20:51:12.425,1477.2,48.4,310,193.3,53.9,0,56.9,49.6,0,0,1,50,50,4,0,0,0,0,0,0,0,51.4,12,190,1,36,36,17,35,17,36,35,35,36,-851583,8,4.863,0.015,13.654,38,0,16,0,0,35,1,1,0,0,0,1,0,0,0
20:51:12.525,1653.2,44.9,311,143.8,45.3,0,56.9,49.8,0,0,1,51,50,4,0,0,0,0,0,0,0,45.7,12,190,1,36,36,17,35,17,36,35,35,36,-851583,8,4.863,0.015,13.606,38,0,16,0,0,35,1,1,0,0,0,1,0,0,0
20:51:12.625,1634.4,43.3,313,134,41.2,0,56.9,49.9,0,0,1,51,51,4,0,0,0,0,0,0,0,40.5,12,190,1,36,36,17,36,17,36,35,35,36,-851583,8,4.863,0.015,13.6,38,0,16,0,0,35,1,1,0,0,0,1,0,0,0
20:51:12.725,1653.3,45,312,133.7,41,0,56.9,49.9,0,0,1,52,51,4,0,0,0,0,0,0,0,42,12,190,1,36,36,17,35,17,36,35,35,36,-851583,8,4.863,0.015,13.647,38,0,16,0,0,35,1,1,0,0,0,1,0,0,0
20:51:12.825,1704.2,43.2,312,124.9,40.3,0,56.9,49.9,0,0,1,52,51,4,0,0,0,0,0,0,0,38.8,12,190,1,36,36,17,36,17,36,35,35,36,-851583,8,4.863,0.015,13.634,38,0,16,0,0,35,1,1,0,0,0,1,0,0,0
20:51:12.925,1661.5,35.6,321,41.6,15.4,0,56.9,49.9,0,0,1,50,50,4,0,0,0,0,0,0,0,9.5,12,190,1,36,36,17,36,17,36,35,35,36,-851583,8,4.863,0.015,13.6,38,0,16,0,0,35,1,1,0,0,0,1,0,0,0
20:51:13.025,1600.2,37.6,322,27.9,8.3,0,56.9,49.9,0,0,1,52,51,4,0,0,0,0,0,0,0,7.6,12,190,1,36,36,17,35,17,36,35,35,36,-851583,8,4.863,0.015,13.613,38,0,16,0,0,35,1,1,0,0,0,1,0,0,0
20:51:13.125,1591.2,38.6,320,52.4,15.9,0,56.9,49.9,0,0,1,51,51,4,0,0,0,0,0,0,0,15.5,12,190,1,36,36,17,35,17,36,35,35,36,-851583,8,4.863,0.015,13.613,38,0,16,0,0,35,1,1,0,0,0,1,0,0,0
20:51:13.225,1546.6,42.3,315,114.5,32.1,0,56.9,49.9,0,0,1,51,50,4,0,0,0,0,0,0,0,32,12,190,1,36,36,17,35,17,36,35,35,36,-851583,8,4.863,0.015,13.661,38,0,16,0,0,35,1,1,0,0,0,1,0,0,0
20:51:13.325,1562.4,42.9,312,139.7,41.4,0,56.9,49.9,0,0,1,51,50,4,0,0,0,0,0,0,0,39.5,12,190,1,36,36,17,35,17,36,35,35,36,-851583,8,4.863,0.015,13.668,38,0,16,0,0,35,1,1,0,0,0,1,0,0,0
20:51:13.425,1598.6,47.4,309,185.2,50.9,0,56.9,49.8,0,0,1,52,50,4,0,0,0,0,0,0,0,54,12,190,1,36,36,17,35,17,36,35,35,36,-851583,8,4.863,0.015,13.654,38,0,16,0,0,35,1,1,0,0,0,1,0,0,0
20:51:13.525,1662.4,49.4,306,205.8,59.3,0,56.9,49.9,0,0,1,55,51,4,0,0,0,0,0,0,0,61.9,12,190,1,36,36,17,35,17,36,35,35,36,-851583,8,4.863,0.015,13.688,38,0,16,0,0,35,1,1,0,0,0,1,0,0,0
20:51:13.625,1619.1,38.3,312,134.8,44.2,0,56.9,49.9,0,0,1,54,50,4,0,0,0,0,0,0,0,40.8,12,190,1,36,36,17,36,17,36,35,35,36,-851583,8,4.863,0.015,13.688,38,0,16,0,0,35,1,1,0,0,0,1,0,0,0
20:51:13.725,1478.4,23.1,325,-5.6,0.8,0,56.9,49.9,0,0,1,55,51,4,0,0,0,0,0,0,0,-0.9,12,190,1,36,36,17,36,17,36,35,35,36,-851583,8,4.863,0.015,13.641,38,0,16,0,0,35,1,1,0,0,0,1,0,0,0
20:51:13.825,1359.8,32.7,323,19.7,4.7,0,56.9,49.9,0,0,1,54,51,4,0,0,0,0,0,0,0,4.6,12,190,1,36,36,17,35,17,36,35,35,36,-851583,8,4.863,0.015,13.709,38,0,16,0,0,35,1,1,0,0,0,1,0,0,0
20:51:13.925,1479.8,42.2,313,150.7,41.2,0,56.9,49.9,0,0,1,55,52,4,0,0,0,0,0,0,0,41.4,12,190,1,36,36,17,35,17,36,35,35,36,-851583,8,4.863,0.015,13.654,38,0,16,0,0,35,1,1,0,0,0,1,0,0,0
20:51:14.025,1492.9,41.5,313,114.7,36.1,0,56.9,49.9,0,0,1,52,51,4,0,0,0,0,0,0,0,33.7,12,190,1,36,36,17,36,17,36,35,35,36,-851583,8,4.863,0.015,13.634,38,0,16,0,0,35,1,1,0,0,0,1,0,0,0
20:51:14.125,1574.7,46.1,307,210.3,63.7,0,56.9,49.9,0,0,1,52,51,4,0,0,0,0,0,0,0,59.6,12,190,1,36,36,17,35,17,36,35,35,36,-851583,8,4.863,0.015,13.661,38,0,16,0,0,35,1,1,0,0,0,1,0,0,0
20:51:14.225,1619.6,46.6,309,184.4,53.4,0,56.9,49.9,0,0,1,52,52,3,0,0,0,0,0,0,0,51.4,12,190,1,36,36,17,36,17,36,36,35,36,-851583,8,4.863,0.015,13.675,38,0,16,0,0,35,1,1,0,0,0,1,0,0,0
20:51:14.325,1706.7,51.8,305,239.8,69.6,0,56.9,49.8,0,0,1,52,51,4,0,0,0,0,0,0,0,69.8,12,190,1,36,36,17,35,17,36,35,35,36,-851583,8,4.863,0.015,13.654,38,0,16,0,0,35,1,1,0,0,0,1,0,0,0
20:51:14.425,1771.8,52.3,304,225.7,64.9,0,56.9,49.9,0,0,1,52,51,4,0,0,0,0,0,0,0,71.3,12,190,1,36,36,17,35,17,36,35,35,36,-851583,8,4.863,0.015,13.661,38,0,16,0,0,35,1,1,0,0,0,1,0,0,0
20:51:14.525,1818.1,54.1,304,230.8,72.8,0,56.9,49.9,0,0,1,52,51,4,0,0,0,0,0,0,0,73.7,12,190,1,36,36,17,35,17,36,35,35,36,-851583,8,4.863,0.015,13.654,38,0,16,0,0,35,1,1,0,0,0,1,0,0,0
20:51:14.625,1829.2,52.4,304,223.1,66.6,0,56.9,49.9,0,0,1,54,52,4,0,0,0,0,0,0,0,72.6,12,190,1,36,36,17,36,17,36,35,35,36,-851583,8,4.863,0.015,13.647,38,0,16,0,0,35,1,1,0,0,0,1,0,0,0
20:51:14.725,1779.8,50.8,305,212.2,65.4,0,56.9,49.9,0,0,1,52,51,4,0,0,0,0,0,0,0,67.5,12,190,1,36,36,17,36,17,36,35,35,36,-851583,8,4.863,0.015,13.613,38,0,16,0,0,35,1,1,0,0,0,1,0,0,0
20:51:14.825,1781.7,54.6,302,242.2,70.2,0,56.9,50,0,0,1,52,50,4,0,0,0,0,0,0,0,75.6,12,190,1,36,36,17,36,17,36,35,35,36,-851583,8,4.863,0.015,13.647,38,0,16,0,0,35,1,1,0,0,0,1,0,0,0
20:51:14.925,1850,55.4,303,245.8,73.2,0,56.9,49.9,0,0,1,52,51,4,0,0,0,0,0,0,0,78.6,12,190,1,36,36,17,35,17,36,36,35,36,-851583,8,4.863,0.015,13.709,38,0,16,0,0,35,1,1,0,0,0,1,0,0,0
20:51:15.025,1795.1,51.7,304,212.8,63.4,0,56.9,49.9,0,0,1,52,51,4,0,0,0,0,0,0,0,69.2,12,190,1,36,36,17,35,17,36,35,35,36,-851583,8,4.863,0.015,13.675,38,0,16,0,0,35,1,1,0,0,0,1,0,0,0
20:51:15.125,1865.1,45.8,310,136.8,48.2,0,56.9,49.9,0,0,1,51,51,4,0,0,0,0,0,0,0,47.8,12,190,1,36,36,17,36,17,36,36,35,36,-851583,8,4.863,0.015,13.709,38,0,16,0,0,35,1,1,0,0,0,1,0,0,0
20:51:15.225,1772.2,34.9,321,20.9,8.8,0,57,49.9,0,0,1,51,51,4,0,0,0,0,0,0,0,6.5,12,190,1,36,36,17,35,17,36,35,35,36,-851583,8,4.863,0.015,13.702,38,0,16,0,0,35,1,1,0,0,0,1,0,0,0
20:51:15.325,1724,39.6,320,31.9,9.6,0,57.9,49.9,0,0,1,52,51,3,0,0,0,0,0,0,0,8,12,190,1,36,36,17,36,17,36,35,35,36,-851583,8,4.863,0.015,13.75,38,0,16,0,0,35,1,1,0,0,0,1,0,0,0
20:51:15.425,1664.3,38.8,322,33.9,10.3,0,57.9,49.9,0,0,1,52,50,3,0,0,0,0,0,0,0,9.3,12,190,1,36,36,17,36,17,36,36,35,36,-851583,8,4.863,0.015,13.709,38,0,16,0,0,35,1,1,0,0,0,1,0,0,0
20:51:15.525,1584.5,37.8,321,46.3,13.9,0,57.9,49.9,0,0,1,51,51,3,0,0,0,0,0,0,0,10.8,12,190,1,36,36,17,36,17,36,36,35,36,-851583,8,4.863,0.015,13.695,38,0,16,0,0,35,1,1,0,0,0,1,0,0,0
20:51:15.625,1516.7,35.6,322,34.9,9.8,0,57.9,49.9,0,0,1,51,50,3,0,0,0,0,0,0,0,9.2,12,190,1,36,36,17,35,17,36,35,35,36,-851583,8,4.863,0.015,13.695,38,0,16,0,0,35,1,1,0,0,0,1,0,0,0
20:51:15.725,1476.7,35.6,321,29.3,8.6,0,57.8,49.9,0,0,1,51,50,3,0,0,0,0,0,0,0,6.7,12,190,1,36,36,17,36,17,36,36,35,36,-851583,8,4.863,0.015,13.709,38,0,16,0,0,35,1,1,0,0,0,1,0,0,0
20:51:15.825,1460.2,34.8,323,24.1,6.9,0,57,49.9,0,0,1,51,51,3,0,0,0,0,0,0,0,5.8,12,190,1,36,36,17,35,17,36,36,35,36,-851583,8,4.863,0.015,13.709,38,0,16,0,0,35,1,1,0,0,0,1,0,0,0
20:51:15.925,1456.2,36.8,322,39.1,10.6,0,57,49.9,0,0,1,51,51,3,0,0,0,0,0,0,0,10.6,12,190,1,36,36,17,35,17,36,35,35,36,-851583,8,4.863,0.015,13.702,38,0,16,0,0,35,1,1,0,0,0,1,0,0,0
20:51:16.025,1450.4,36.7,319,64.7,18.4,0,57,49.9,0,0,1,51,50,3,0,0,0,0,0,0,0,17,12,190,1,36,36,17,35,17,36,35,35,36,-851583,8,4.863,0.015,13.709,38,0,16,0,0,35,1,1,0,0,0,1,0,0,0
20:51:16.125,1460.6,38.8,317,99.3,28.3,0,57,49.9,0,0,1,51,50,3,0,0,0,0,0,0,0,27.9,12,190,1,36,36,17,35,17,36,35,35,36,-851583,8,4.858,0.015,13.688,38,0,16,0,0,35,1,1,0,0,0,1,0,0,0
20:51:16.225,1483.3,42.2,313,144.8,40.2,0,57,49.9,0,0,1,51,50,3,0,0,0,0,0,0,0,39.9,12,190,1,36,36,17,36,17,36,35,35,36,-851583,8,4.863,0.015,13.709,38,0,16,0,0,35,1,1,0,0,0,1,0,0,0
20:51:16.325,1525.1,43.4,312,161.8,47.1,0,57,49.9,0,0,1,52,51,3,0,0,0,0,0,0,0,45.5,12,190,1,36,36,17,35,17,36,35,35,36,-851583,8,4.863,0.015,13.682,38,0,16,0,0,35,1,1,0,0,0,1,0,0,0
20:51:16.425,1563.7,43.9,312,153.7,44.7,0,57,49.9,0,0,1,51,51,3,0,0,0,0,0,0,0,46.7,12,190,1,36,36,17,35,17,36,36,35,36,-851583,8,4.863,0.015,13.675,38,0,16,0,0,35,1,1,0,0,0,1,0,0,0
20:51:16.525,1605.1,45.2,311,156.7,46.7,0,57,49.9,0,0,1,51,51,3,0,0,0,0,0,0,0,44.2,12,190,1,36,36,17,36,17,36,36,35,36,-851583,8,4.863,0.015,13.688,38,0,16,0,0,35,1,1,0,0,0,1,0,0,0
20:51:16.625,1651.5,46.1,310,158.5,50.1,0,57,50,0,0,1,50,50,3,0,0,0,0,0,0,0,49.3,12,190,1,36,36,17,35,17,36,35,35,36,-851583,8,4.863,0.015,13.688,38,0,16,0,0,35,1,1,0,0,0,1,0,0,0
20:51:16.725,1683.6,45.8,312,145,49.5,0,57,50,0,0,1,51,51,3,0,0,0,0,0,0,0,44,12,190,1,36,36,17,35,17,36,35,35,36,-851583,8,4.863,0.015,13.695,38,0,16,0,0,35,1,1,0,0,0,1,0,0,0
20:51:16.825,1720.3,47.3,311,149.8,49.3,0,57,50,0,0,1,52,51,3,0,0,0,0,0,0,0,47,12,190,1,36,36,17,35,17,36,35,35,36,-851583,8,4.863,0.015,13.682,38,0,16,0,0,35,1,1,0,0,0,1,0,0,0
20:51:16.925,1729,41,314,99.6,34,0,57,50,0,0,1,50,51,4,0,0,0,0,0,0,0,35.4,12,190,1,36,36,17,35,17,36,35,35,36,-851583,8,4.863,0.015,13.661,38,0,16,0,0,35,1,1,0,0,0,1,0,0,0
20:51:17.025,1716.8,38.4,320,42.8,14.7,0,57,50,0,0,1,51,51,4,0,0,0,0,0,0,0,12.8,12,190,1,36,36,17,35,17,36,35,35,36,-851583,8,4.863,0.015,13.682,38,0,16,0,0,35,1,1,0,0,0,1,0,0,0
20:51:17.125,1754.9,48.7,313,119.5,36.9,0,57,50,0,0,1,50,50,4,0,0,0,0,0,0,0,35.6,12,190,1,36,36,17,35,17,36,36,35,36,-851583,8,4.863,0.015,13.675,38,0,16,0,0,35,1,1,0,0,0,1,0,0,0
20:51:17.225,1775,45.9,313,125.6,42.5,0,57,50,0,0,1,50,50,4,0,0,0,0,0,0,0,41.4,12,190,1,36,36,17,35,17,36,36,35,36,-851583,8,4.863,0.015,13.661,38,0,16,0,0,35,1,1,0,0,0,1,0,0,0
20:51:17.325,1783,43.9,316,94.4,34.6,0,57,50,0,0,1,51,50,3,0,0,0,0,0,0,0,28.4,12,190,1,36,36,17,36,17,36,36,35,36,-851583,8,4.863,0.015,13.675,38,0,16,0,0,35,1,1,0,0,0,1,0,0,0
20:51:17.425,1774.2,40.6,320,39.6,14.8,0,57,50,0,0,1,54,51,4,0,0,0,0,0,0,0,13.7,12,190,1,36,36,17,36,17,36,36,35,36,-851583,8,4.863,0.015,13.647,38,0,16,0,0,35,1,1,0,0,0,1,0,0,0
20:51:17.525,1781.8,43.9,320,42,15.2,0,57,50,0,0,1,55,50,4,0,0,0,0,0,0,0,12,12,190,1,36,36,17,36,17,36,36,35,36,-851583,8,4.863,0.015,13.668,38,0,16,0,0,35,1,1,0,0,0,1,0,0,0
20:51:17.625,1791,45,319,64.8,21.8,0,57,50,0,0,1,54,52,4,0,0,0,0,0,0,0,21.4,12,190,1,36,36,17,35,17,36,35,35,36,-851583,8,4.863,0.015,13.682,38,0,16,0,0,35,1,1,0,0,0,1,0,0,0
20:51:17.725,1795.9,44.1,318,60.7,21.4,0,57,50,0,0,1,52,51,4,0,0,0,0,0,0,0,19.3,12,190,1,36,36,17,35,17,36,35,35,36,-851583,8,4.863,0.015,13.661,38,0,16,0,0,35,1,1,0,0,0,1,0,0,0
20:51:17.825,1803.5,43.7,320,55.1,19.2,0,57,50,0,0,1,54,51,4,0,0,0,0,0,0,0,18,12,190,1,36,36,17,36,17,36,36,35,36,-851583,8,4.863,0.015,13.682,38,0,16,0,0,35,1,1,0,0,0,1,0,0,0
20:51:17.925,1808.7,45.1,318,59.7,21.7,0,57,50,0,0,1,54,52,3,0,0,0,0,0,0,0,17.7,12,190,1,36,36,17,36,17,36,35,35,36,-851583,8,4.863,0.015,13.682,38,0,16,0,0,35,1,1,0,0,0,1,0,0,0
20:51:18.025,1848.6,52.6,311,153.7,50.5,0,57,50.1,0,0,1,52,51,3,0,0,0,0,0,0,0,52.3,12,190,1,36,36,17,17,17,36,35,35,36,-851583,8,4.863,0.015,13.675,38,0,16,0,0,35,1,1,0,0,0,1,0,0,0
20:51:18.125,1880.1,50.2,309,158,55.1,0,57,50.3,0,0,1,52,51,3,0,0,0,0,0,0,0,54.9,12,190,1,36,36,17,35,17,36,35,35,36,-851583,8,4.863,0.015,13.675,38,0,16,0,0,35,1,1,0,0,0,1,0,0,0
20:51:18.225,1913.9,50.8,310,138.1,49,0,57,50.1,0,0,1,51,51,3,0,0,0,0,0,0,0,47.4,12,190,1,36,36,17,36,17,36,35,35,36,-851583,8,4.863,0.015,13.647,38,0,16,0,0,35,1,1,0,0,0,1,0,0,0
20:51:18.325,1936.5,43.4,314,87.9,34.5,0,57,50,0,0,1,52,51,4,0,0,0,0,0,0,0,31.1,12,190,1,36,36,17,36,17,36,35,35,36,-851583,8,4.863,0.015,13.661,38,0,16,0,0,35,1,1,0,0,0,1,0,0,0
20:51:18.425,1919.4,38.7,321,9.5,2.3,0,57,50,0,0,1,52,52,4,0,0,0,0,0,0,0,2.7,12,190,1,36,36,17,35,17,36,35,35,36,-851583,8,4.863,0.015,13.647,38,0,16,0,0,35,1,1,0,0,0,1,0,0,0
20:51:18.525,1907.5,38.5,324,5.7,1.3,0,57,50,0,0,1,51,51,4,0,0,0,0,0,0,0,1.5,12,190,1,36,36,17,36,17,36,35,35,36,-851583,8,4.863,0.015,13.688,38,0,16,0,0,35,1,1,0,0,0,1,0,0,0
20:51:18.625,1923.5,42.7,323,13.1,4,0,57,50,0,0,1,51,51,4,0,0,0,0,0,0,0,3.9,12,190,1,36,36,17,36,17,36,35,35,36,-851583,8,4.863,0.015,13.688,38,0,16,0,0,35,1,1,0,0,0,1,0,0,0
20:51:18.725,1917.6,45.2,321,31.2,10.4,0,57,50.1,0,0,1,51,51,4,0,0,0,0,0,0,0,11.3,12,190,1,36,36,17,35,17,36,36,35,36,-851583,8,4.863,0.015,13.682,38,0,16,0,0,35,1,1,0,0,0,1,0,0,0
20:51:18.825,1905.3,43.1,323,22.7,7.9,0,57,50,0,0,1,51,51,3,0,0,0,0,0,0,0,7.3,12,190,1,36,36,17,36,17,36,36,35,36,-851583,8,4.863,0.015,13.682,38,0,16,0,0,35,1,1,0,0,0,1,0,0,0
20:51:18.925,1835.4,35.8,325,-1.7,0,0,57,50.1,0,0,1,52,51,3,0,0,0,0,0,0,0,-1,12,190,1,36,36,17,36,17,36,36,35,36,-851583,8,4.863,0.015,13.661,38,0,16,0,0,35,1,1,0,0,0,1,0,0,0
20:51:19.025,1857.2,38.4,323,7.2,0.8,0,57,50,0,0,1,51,51,3,0,0,0,0,0,0,0,1.5,12,190,1,36,36,17,35,17,36,36,35,36,-851583,8,4.863,0.015,13.695,38,0,16,0,0,35,1,1,0,0,0,1,0,0,0
20:51:19.125,1812.9,37.9,324,7.9,1.4,0,57,50,0,0,1,50,50,3,0,0,0,0,0,0,0,2.3,12,190,1,36,36,17,35,17,36,35,35,36,-851583,8,4.863,0.015,13.688,38,0,16,0,0,35,1,1,0,0,0,1,0,0,0
20:51:19.225,1790.3,37.4,324,8.8,3,0,57,50,0,0,1,51,51,3,0,0,0,0,0,0,0,2.3,12,190,1,36,36,17,35,17,36,35,35,36,-851583,8,4.863,0.015,13.695,38,0,16,0,0,35,1,1,0,0,0,1,0,0,0
20:51:19.325,1731.5,32.9,326,-0.4,0,0,57,50.3,0,0,1,50,51,3,0,0,0,0,0,0,0,0,12,190,1,36,36,17,35,17,36,35,35,36,-851583,8,4.863,0.015,13.675,38,0,16,0,0,35,1,1,0,0,0,1,0,0,0
20:51:19.425,1739.1,36.9,324,10.2,2.7,0,57,50.1,0,0,1,51,52,3,0,0,0,0,0,0,0,2.4,12,190,1,36,36,17,36,17,36,35,35,36,-851583,8,4.863,0.015,13.661,38,0,16,0,0,35,1,1,0,0,0,1,0,0,0
20:51:19.525,1724.2,42.8,321,42.3,13.3,0,57,50.1,0,0,1,50,50,3,0,0,0,0,0,0,0,14,12,190,1,36,36,17,35,17,36,35,35,36,-851583,8,4.863,0.015,13.661,38,0,16,0,0,35,1,1,0,0,0,1,0,0,0
20:51:19.625,1704.6,39.9,320,51.8,17.4,0,57,50.1,0,0,1,51,51,3,0,0,0,0,0,0,0,15.2,12,190,1,36,36,17,36,17,36,35,35,36,-851583,8,4.863,0.015,13.668,38,0,16,0,0,35,1,1,0,0,0,1,0,0,0
20:51:19.725,1674.5,37.7,323,20.6,6.7,0,57,50.1,0,0,1,50,51,3,0,0,0,0,0,0,0,4.4,12,190,1,36,36,17,36,17,36,36,35,36,-851583,8,4.863,0.015,13.675,38,0,16,0,0,35,1,1,0,0,0,1,0,0,0
20:51:19.825,1666.1,36.5,325,10.3,2.1,0,57,50,0,0,1,50,51,3,0,0,0,0,0,0,0,2.5,12,190,1,36,36,17,35,17,36,35,35,36,-851583,8,4.863,0.015,13.675,38,0,16,0,0,35,1,1,0,0,0,1,0,0,0
20:51:19.925,1593.3,34.7,324,15.6,4.5,0,57,50,0,0,1,51,51,4,0,0,0,0,0,0,0,3.9,12,190,1,36,36,17,36,17,36,35,35,36,-851583,8,4.863,0.015,13.668,38,0,16,0,0,35,1,1,0,0,0,1,0,0,0
20:51:20.025,1376.6,29.8,322,35.6,8.3,0,57,50.1,0,0,1,50,51,4,0,0,0,0,0,0,0,7.6,12,190,1,36,36,17,36,17,36,35,35,36,-851583,8,4.863,0.015,13.654,38,0,16,0,0,35,1,1,0,0,0,1,0,0,0
20:51:20.125,1108.8,25.5,324,21.3,4.8,0,57,50.3,0,0,1,51,51,4,0,0,0,0,0,0,0,4.3,12,190,1,36,36,17,36,17,36,35,35,36,-851583,8,4.863,0.015,13.661,38,0,16,0,0,35,1,1,0,0,0,1,0,0,0
20:51:20.225,1077.5,27.2,323,30,6.4,0,56.6,50.2,0,0,1,50,51,3,0,0,0,0,0,0,0,5.4,12,190,1,36,36,17,36,17,36,35,35,36,-851583,8,4.863,0.015,13.62,38,0,16,0,0,35,1,1,0,0,0,1,0,0,0
20:51:20.325,1115.8,29.3,323,28.6,6.7,0,56,50.1,0,0,1,51,50,3,0,0,0,0,0,0,0,6.2,12,190,1,36,36,17,36,17,36,36,35,36,-851583,8,4.863,0.015,13.627,38,0,16,0,0,35,1,1,0,0,0,1,0,0,0
20:51:20.425,1201.6,30.6,323,31.7,8.1,0,56,50.1,0,0,1,50,50,3,0,0,0,0,0,0,0,7,12,190,1,36,36,17,36,17,36,36,35,36,-851583,8,4.863,0.015,13.627,38,0,16,0,0,35,1,1,0,0,0,1,0,0,0
20:51:20.525,1211.5,30.2,324,34.2,8.3,0,56,50.2,0,0,1,51,50,3,0,0,0,0,0,0,0,7.7,12,190,1,36,36,17,36,17,36,35,35,36,-851583,8,4.863,0.015,13.613,38,0,16,0,0,35,1,1,0,0,0,1,0,0,0
20:51:20.625,1219,30.7,322,43.5,10.5,0,56,50.2,0,0,1,50,50,4,0,0,0,0,0,0,0,9.3,12,190,1,36,36,17,36,17,36,36,35,36,-851583,8,4.863,0.015,13.654,38,0,16,0,0,35,1,1,0,0,0,1,0,0,0
20:51:20.725,1204.8,33.9,318,98.3,24.3,0,56,50.4,0,0,1,50,51,4,0,0,0,0,0,0,0,22.2,12,190,1,36,36,17,36,17,36,35,35,36,-851583,8,4.863,0.015,13.647,38,0,16,0,0,35,1,1,0,0,0,1,0,0,0
20:51:20.825,1218.5,32.6,319,98,25.8,0,56,50.3,0,0,1,50,50,4,0,0,0,0,0,0,0,22.6,12,190,1,36,36,17,36,17,36,35,35,36,-851583,8,4.863,0.015,13.654,38,0,16,0,0,35,1,1,0,0,0,1,0,0,0
20:51:20.925,1231.3,32.9,319,96.1,24.8,0,56,50.3,0,0,1,50,51,4,0,0,0,0,0,0,0,22.4,12,190,1,36,36,17,36,17,36,36,35,36,-851583,8,4.863,0.015,13.641,38,0,16,0,0,35,1,1,0,0,0,1,0,0,0
20:51:21.025,1249.9,33.4,320,77.3,20.7,0,56,50.3,0,0,1,50,49,4,0,0,0,0,0,0,0,18.7,12,190,1,36,36,17,35,17,36,36,35,36,-851583,8,4.863,0.015,13.613,38,0,16,0,0,35,1,1,0,0,0,1,0,0,0
20:51:21.125,1243.6,33.4,319,93.1,24.2,0,56,50.3,0,0,1,50,52,4,0,0,0,0,0,0,0,21.3,12,190,1,36,36,17,36,17,36,35,35,36,-851583,8,4.863,0.015,13.613,38,0,16,0,0,35,1,1,0,0,0,1,0,0,0
20:51:21.225,1269,36.3,316,141.1,36,0,56,50.4,0,0,1,51,51,4,0,0,0,0,0,0,0,33.1,12,190,1,36,36,17,36,17,36,36,35,36,-851583,8,4.863,0.015,13.654,37,0,16,0,0,35,1,1,0,0,0,1,0,0,0
20:51:21.325,1313.6,40.2,312,184.2,45.2,0,56,50.3,0,0,1,51,50,4,0,0,0,0,0,0,0,44.8,12,190,1,36,36,17,36,17,36,36,35,36,-851583,8,4.863,0.015,13.647,38,0,16,0,0,35,1,1,0,0,0,1,0,0,0
20:51:21.425,1420.4,43.4,309,204.8,56.6,0,56,50.3,0,0,1,54,51,4,0,0,0,0,0,0,0,55.5,12,190,1,36,36,17,36,17,36,35,35,36,-851583,8,4.863,0.015,13.627,38,0,16,0,0,35,1,1,0,0,0,1,0,0,0
20:51:21.525,1444.3,41.6,310,186.8,52.2,0,56,50.2,0,0,1,50,51,4,0,0,0,0,0,0,0,48.7,12,190,1,36,36,17,36,17,36,35,35,36,-851583,8,4.863,0.015,13.647,38,0,16,0,0,35,1,1,0,0,0,1,0,0,0
20:51:21.625,1482.5,43.6,311,189.5,54.3,0,56,50.2,0,0,1,52,52,4,0,0,0,0,0,0,0,54.4,12,190,1,36,36,17,35,17,36,35,35,36,-851583,8,4.863,0.015,13.647,38,0,16,0,0,35,1,1,0,0,0,1,0,0,0
20:51:21.725,1521.7,44.1,309,207.4,57.2,0,56,50.4,0,0,1,51,51,4,0,0,0,0,0,0,0,54.2,12,190,1,36,36,17,36,17,36,35,35,36,-851583,8,4.863,0.015,13.641,38,0,16,0,0,35,1,1,0,0,0,1,0,0,0
20:51:21.825,1529.7,43.8,310,184.7,54.7,0,56,50.3,0,0,1,52,52,4,0,0,0,0,0,0,0,53.6,12,190,1,36,36,17,36,17,36,36,35,36,-851583,8,4.863,0.015,13.641,38,0,16,0,0,35,1,1,0,0,0,1,0,0,0
20:51:21.925,1574.1,45.8,308,186.4,53.9,0,56,50.2,0,0,1,52,52,4,0,0,0,0,0,0,0,54,12,190,1,36,36,17,36,17,36,36,35,36,-851583,8,4.863,0.015,13.647,38,0,16,0,0,35,1,1,0,0,0,1,0,0,0
20:51:22.025,1645.6,48,308,181,52.4,0,56,50.4,0,0,1,51,51,4,0,0,0,0,0,0,0,55.5,12,190,1,36,36,17,35,17,36,36,35,36,-851583,8,4.863,0.015,13.627,38,0,16,0,0,35,1,1,0,0,0,1,0,0,0
20:51:22.125,1700.5,48.9,308,176,59.4,0,56,50.4,0,0,1,52,52,4,0,0,0,0,0,0,0,59.6,12,190,1,36,36,17,35,17,36,35,35,36,-851583,8,4.863,0.015,13.62,38,0,16,0,0,35,1,1,0,0,0,1,0,0,0
20:51:22.225,1750.3,50,307,197.1,60,0,56,50.4,0,0,1,52,52,4,0,0,0,0,0,0,0,61.1,12,190,1,36,36,17,36,17,36,35,35,36,-851583,8,4.863,0.015,13.586,38,0,16,0,0,35,1,1,0,0,0,1,0,0,0
20:51:22.325,1808.1,51.8,309,164.4,54.2,0,56,50.3,0,0,1,52,51,4,0,0,0,0,0,0,0,60.2,12,190,1,36,36,17,35,17,36,35,35,36,-851583,8,4.863,0.015,13.579,38,0,16,0,0,35,1,1,0,0,0,1,0,0,0
20:51:22.425,1845.5,52.4,308,173.3,56.4,0,56,50.3,0,0,1,51,51,4,0,0,0,0,0,0,0,56.6,12,190,1,36,36,17,35,17,36,35,35,36,-851583,8,4.863,0.015,13.586,38,0,16,0,0,35,1,1,0,0,0,1,0,0,0
20:51:22.525,1859.9,52.4,308,181.3,60.6,0,56,50.3,0,0,1,50,52,4,0,0,0,0,0,0,0,62.6,12,190,1,36,36,17,36,17,36,35,35,36,-851583,8,4.863,0.015,13.572,38,0,16,0,0,35,1,1,0,0,0,1,0,0,0
20:51:22.625,1874.5,52.5,308,169.6,57,0,56,50.4,0,0,1,51,51,5,0,0,0,0,0,0,0,59.6,12,190,1,36,36,17,35,17,36,36,35,36,-851583,8,4.863,0.015,13.613,38,0,16,0,0,35,1,1,0,0,0,1,0,0,0
20:51:22.725,1923.6,54.3,306,180.8,59.4,0,56.9,50.5,0,0,1,51,51,5,0,0,0,0,0,0,0,64.5,12,190,1,36,36,17,35,17,36,36,35,36,-851583,8,4.863,0.015,13.6,38,0,16,0,0,35,1,1,0,0,0,1,0,0,0
20:51:22.825,1968.5,55.3,306,182.4,65.9,0,56.9,50.3,0,0,1,51,51,5,0,0,0,0,0,0,0,67.5,12,190,1,36,36,17,35,17,36,36,35,36,-851583,8,4.863,0.015,13.613,38,0,16,0,0,35,1,1,0,0,0,1,0,0,0
20:51:22.925,2019.7,57.1,306,179.7,62.2,0,56.9,50.4,0,0,1,51,51,5,0,0,0,0,0,0,0,67.5,12,190,1,36,36,17,35,17,36,36,35,36,-851583,8,4.863,0.015,13.586,38,0,16,0,0,35,1,1,0,0,0,1,0,0,0
20:51:23.025,2083.2,58.5,305,177.5,60.5,0,56.9,50.5,0,0,1,50,50,5,0,0,0,0,0,0,0,63.8,12,190,1,36,36,17,35,17,36,36,35,36,-851583,8,4.863,0.015,13.586,38,0,16,0,0,35,1,1,0,0,0,1,0,0,0
20:51:23.125,2112.8,58.9,304,173.4,67,0,56.9,50.4,0,0,1,51,52,4,0,0,0,0,0,0,0,67.9,12,190,1,36,36,17,36,17,36,35,35,36,-851583,8,4.863,0.015,13.586,38,0,16,0,0,35,1,1,0,0,0,1,0,0,0
20:51:23.225,2149.5,60.6,304,176.9,65.7,0,56.9,50.4,0,0,1,50,51,5,0,0,0,0,0,0,0,69.4,12,190,1,36,36,17,36,17,36,35,35,36,-851583,8,4.863,0.015,13.6,38,0,16,0,0,35,1,1,0,0,0,1,0,0,0
20:51:23.325,2195.5,60.7,303,175.3,69.5,0,56.9,50.5,0,0,1,51,52,5,0,0,0,0,0,0,0,70.5,12,190,1,36,36,17,36,17,36,36,35,36,-851583,8,4.863,0.015,13.565,38,0,16,0,0,35,1,1,0,0,0,1,0,0,0
20:51:23.425,2243.1,56.4,307,119,50.9,0,56.9,50.6,0,0,1,50,51,5,0,0,0,0,0,0,0,53.6,12,190,1,36,36,17,36,17,36,35,35,36,-851583,8,4.863,0.015,13.565,38,0,16,0,0,35,1,1,0,0,0,1,0,0,0
20:51:23.525,2266.9,58.6,307,134.8,52.9,0,56.9,50.6,0,0,1,51,52,5,0,0,0,0,0,0,0,52.3,12,190,1,36,36,17,36,17,36,35,35,36,-851583,8,4.863,0.015,13.579,38,0,16,0,0,35,1,1,0,0,0,1,0,0,0
20:51:23.625,2299.9,62.1,307,147.2,59.3,0,56.9,50.5,0,0,1,51,51,5,0,0,0,0,0,0,0,61.9,12,190,1,36,36,17,35,17,36,35,35,36,-851583,8,4.863,0.015,13.593,38,0,16,0,0,35,1,1,0,0,0,1,0,0,0
20:51:23.725,2305.9,56,310,107,48.1,0,56.9,50.6,0,0,1,51,51,5,0,0,0,0,0,0,0,50.4,12,190,1,36,36,17,35,17,36,36,35,36,-851583,8,4.863,0.015,13.6,38,0,16,0,0,35,1,1,0,0,0,1,0,0,0
20:51:23.825,2273,42.1,320,33,16.5,0,56.9,50.9,0,0,1,51,52,5,0,0,0,0,0,0,0,12,12,190,1,36,36,17,36,17,36,35,35,36,-851583,8,4.863,0.015,13.613,38,0,16,0,0,35,1,1,0,0,0,1,0,0,0
20:51:23.925,2200.2,47.5,321,16.1,6,0,56.9,50.9,0,0,1,51,51,4,0,0,0,0,0,0,0,5.9,12,190,1,36,36,17,36,17,36,35,35,36,-851583,8,4.863,0.015,13.613,38,0,16,0,0,35,1,1,0,0,0,1,0,0,0
20:51:24.025,2215.1,63.1,311,127.1,45.2,0,56.9,50.6,0,0,1,51,51,4,0,0,0,0,0,0,0,48.7,12,190,1,36,36,17,17,17,36,36,35,36,-851583,8,4.863,0.015,13.606,38,0,16,0,0,35,1,1,0,0,0,1,0,0,0
20:51:24.125,2231.6,57.2,307,125.6,50.9,0,56.9,50.5,0,0,1,50,51,4,0,0,0,0,0,0,0,57.6,12,190,1,36,36,17,35,17,36,35,35,36,-851583,8,4.863,0.015,13.62,38,0,16,0,0,35,1,1,0,0,0,1,0,0,0
20:51:24.225,2229.6,46.7,316,64.9,30.4,0,56.9,50.9,0,0,1,51,52,4,0,0,0,0,0,0,0,27.5,12,190,1,36,36,17,36,17,36,36,35,36,-851583,8,4.863,0.015,13.593,38,0,16,0,0,35,1,1,0,0,0,1,0,0,0
20:51:24.325,2147.4,45.7,319,39.4,17.9,0,56.9,50.7,0,0,1,50,51,4,0,0,0,0,0,0,0,9.1,12,190,1,36,36,17,36,17,36,36,35,36,-851583,8,4.863,0.015,13.627,38,0,16,0,0,35,1,1,0,0,0,1,0,0,0
20:51:24.425,2031.8,46.8,320,39.5,14.9,0,56.9,50.8,0,0,1,51,52,4,0,0,0,0,0,0,0,13.6,12,190,1,36,36,17,35,17,36,36,35,36,-851583,8,4.863,0.015,13.62,38,0,16,0,0,35,1,1,0,0,0,1,0,0,0
20:51:24.525,1940.7,41.2,322,22.4,8,0,56.9,50.9,0,0,1,51,52,4,0,0,0,0,0,0,0,7.3,12,190,1,36,36,17,36,17,36,36,35,36,-851583,8,4.863,0.015,13.606,38,0,16,0,0,35,1,1,0,0,0,1,0,0,0
20:51:24.625,1857.1,43.2,321,35.5,10.5,0,56.9,50.8,0,0,1,51,52,4,0,0,0,0,0,0,0,11.2,12,190,1,36,36,17,36,17,36,35,35,36,-851583,8,4.863,0.015,13.606,38,0,16,0,0,35,1,1,0,0,0,1,0,0,0
20:51:24.725,1754.9,41.3,319,63.1,19.9,0,56.9,50.8,0,0,1,50,51,4,0,0,0,0,0,0,0,19.7,12,190,1,36,36,17,36,17,36,35,35,36,-851583,8,4.863,0.015,13.613,38,0,16,0,0,35,1,1,0,0,0,1,0,0,0
20:51:24.825,1588.5,37.1,319,80.6,23.2,0,56.9,50.8,0,0,1,51,51,4,0,0,0,0,0,0,0,21.5,12,190,1,36,36,17,36,17,36,35,35,36,-851583,8,4.863,0.015,13.6,38,0,16,0,0,35,1,1,0,0,0,1,0,0,0
20:51:24.925,1385.7,32.8,321,52.4,14.3,0,56.9,50.9,0,0,1,50,51,4,0,0,0,0,0,0,0,12.5,12,190,1,36,36,17,36,17,36,35,35,36,-851583,8,4.863,0.015,13.538,38,0,16,0,0,35,1,1,0,0,0,1,0,0,0
20:51:25.025,1298.9,32.8,319,77.2,20.1,0,56.9,50.8,0,0,1,52,54,4,0,0,0,0,0,0,0,17.7,12,190,1,36,36,17,35,17,36,35,35,36,-851583,8,4.863,0.015,13.49,38,0,16,0,0,35,1,1,0,0,0,1,0,0,0
20:51:25.125,1296.6,34,320,59.3,15.9,0,56.9,50.8,0,0,1,54,54,4,0,0,0,0,0,0,0,14.2,12,190,1,36,36,17,36,17,36,36,35,36,-851583,8,4.863,0.015,13.545,38,0,16,0,0,35,1,1,0,0,0,1,0,0,0
20:51:25.225,1306.1,33.3,319,75.9,20.3,0,56.9,50.9,0,0,1,52,52,4,0,0,0,0,0,0,0,18.7,12,190,1,36,36,17,35,17,36,36,35,36,-851583,8,4.863,0.015,13.579,38,0,16,0,0,35,1,1,0,0,0,1,0,0,0
20:51:25.325,1279.2,31.7,320,58.4,15.3,0,56.4,50.9,0,0,1,52,54,4,0,0,0,0,0,0,0,14.3,12,190,1,36,36,17,35,17,36,35,35,36,-851583,8,4.863,0.015,13.641,38,0,16,0,0,35,1,1,0,0,0,1,0,0,0
20:51:25.425,1240.7,31.4,321,50.6,12.8,0,56,50.8,0,0,1,55,51,4,0,0,0,0,0,0,0,11.7,12,190,1,36,36,17,36,17,36,35,35,36,-851583,8,4.863,0.015,13.634,38,0,16,0,0,35,1,1,0,0,0,1,0,0,0
20:51:25.525,1214.5,32.6,319,85.6,20.6,0,56,50.8,0,0,1,52,51,4,0,0,0,0,0,0,0,19.2,12,190,1,36,36,17,35,17,36,35,35,36,-851583,8,4.863,0.015,13.641,38,0,16,0,0,35,1,1,0,0,0,1,0,0,0
20:51:25.625,1238.6,32,319,77.7,19.7,0,56,50.7,0,0,1,51,51,4,0,0,0,0,0,0,0,18,12,190,1,36,36,17,36,17,36,35,35,36,-851583,8,4.863,0.015,13.654,38,0,16,0,0,35,1,1,0,0,0,1,0,0,0
20:51:25.725,1242.3,33.3,320,77.1,20.3,0,56,50.7,0,0,1,52,52,4,0,0,0,0,0,0,0,18,12,190,1,36,36,17,36,17,36,35,35,36,-851583,8,4.863,0.015,13.627,38,0,16,0,0,35,1,1,0,0,0,1,0,0,0
20:51:25.825,1314.8,39.6,311,189.9,47,0,56,50.4,0,0,1,51,54,4,0,0,0,0,0,0,0,44.2,12,190,1,36,36,17,35,17,36,36,35,36,-851583,8,4.863,0.015,13.661,38,0,16,0,0,35,1,1,0,0,0,1,0,0,0
20:51:25.925,1337.9,40.2,311,183.1,50,0,56,50.6,0,0,1,52,52,4,0,0,0,0,0,0,0,45.9,12,190,1,36,36,17,36,17,36,36,35,36,-851583,8,4.863,0.015,13.668,38,0,16,0,0,35,1,1,0,0,0,1,0,0,0
20:51:26.025,1288.2,35.9,313,177.4,47.3,0,56,50.5,0,0,1,50,51,4,0,0,0,0,0,0,0,42.9,12,190,1,36,36,17,36,17,36,35,35,36,-851583,8,4.863,0.015,13.654,38,0,16,0,0,35,1,1,0,0,0,1,0,0,0
20:51:26.125,1275.2,37,314,159.2,42.8,0,56,50.4,0,0,1,52,54,4,0,0,0,0,0,0,0,37.8,12,190,1,36,36,17,36,17,36,36,35,36,-851583,8,4.863,0.015,13.654,38,0,16,0,0,35,1,1,0,0,0,1,0,0,0
20:51:26.225,1328.9,39,312,176.4,48.1,0,56,50.5,0,0,1,52,54,4,0,0,0,0,0,0,0,44,12,190,1,36,36,17,36,17,36,35,35,36,-851583,8,4.863,0.015,13.654,38,0,16,0,0,35,1,1,0,0,0,1,0,0,0
20:51:26.325,1375.7,38.1,315,134.5,37.8,0,56,50.5,0,0,1,51,51,4,0,0,0,0,0,0,0,36.9,12,190,1,36,36,17,36,17,36,35,35,36,-851583,8,4.863,0.015,13.647,38,0,16,0,0,35,1,1,0,0,0,1,0,0,0
20:51:26.425,1398.9,36,317,92.4,26.8,0,56,50.6,0,0,1,52,52,4,0,0,0,0,0,0,0,25.3,12,190,1,36,36,17,36,17,36,36,35,36,-851583,8,4.863,0.015,13.661,38,0,16,0,0,35,1,1,0,0,0,1,0,0,0
20:51:26.525,1413.5,35,317,95.2,25.2,0,56,50.6,0,0,1,51,51,4,0,0,0,0,0,0,0,23.9,12,190,1,36,36,17,36,17,36,36,35,36,-851583,8,4.863,0.015,13.661,38,0,16,0,0,35,1,1,0,0,0,1,0,0,0
20:51:26.625,1351.3,32.8,320,56.9,15.4,0,56,50.6,0,0,1,51,52,4,0,0,0,0,0,0,0,13.7,12,190,1,36,36,17,36,17,36,35,35,36,-851583,8,4.863,0.015,13.613,38,0,16,0,0,35,1,1,0,0,0,1,0,0,0
20:51:26.725,1326.1,33,320,45.4,11.6,0,56,50.6,0,0,1,52,51,4,0,0,0,0,0,0,0,11.1,12,190,1,36,36,17,36,17,36,36,35,36,-851583,8,4.863,0.015,13.641,38,0,16,0,0,35,1,1,0,0,0,1,0,0,0
20:51:26.825,1317.6,34.6,319,76.8,20.4,0,56,50.6,0,0,1,51,52,4,0,0,0,0,0,0,0,19.1,12,190,1,36,36,17,36,17,36,36,35,36,-851583,8,4.863,0.015,13.627,38,0,16,0,0,35,1,1,0,0,0,1,0,0,0
20:51:26.925,1331.7,36.2,316,110.6,29,0,56,50.5,0,0,1,51,52,4,0,0,0,0,0,0,0,27.9,12,190,1,36,36,17,36,17,36,35,35,36,-851583,8,4.863,0.015,13.634,38,0,16,0,0,35,1,1,0,0,0,1,0,0,0
20:51:27.025,1350.2,38.4,315,131.8,34.8,0,56,50.4,0,0,1,51,51,4,0,0,0,0,0,0,0,33.3,12,190,1,36,36,17,36,17,36,36,35,36,-851583,8,4.863,0.015,13.627,38,0,16,0,0,35,1,1,0,0,0,1,0,0,0
20:51:27.125,1375.5,37.6,315,123,34.9,0,56,50.5,0,0,1,50,51,4,0,0,0,0,0,0,0,33.3,12,190,1,36,36,17,36,17,36,35,35,36,-851583,8,4.863,0.015,13.613,38,0,16,0,0,35,1,1,0,0,0,1,0,0,0
20:51:27.225,1460,43.3,311,153.9,43.1,0,56,50.5,0,0,1,50,51,4,0,0,0,0,0,0,0,42.7,12,190,1,36,36,17,36,17,36,36,35,36,-851583,8,4.863,0.015,13.647,38,0,16,0,0,35,1,1,0,0,0,1,0,0,0
20:51:27.325,1576.2,47,307,207,59.8,0,56,50.5,0,0,1,51,51,4,0,0,0,0,0,0,0,58.7,12,190,1,36,36,17,36,17,36,36,35,36,-851583,8,4.863,0.015,13.702,38,0,16,0,0,35,1,1,0,0,0,1,0,0,0
20:51:27.425,1639,47.8,307,197.9,60.6,0,56,50.5,0,0,1,51,51,4,0,0,0,0,0,0,0,60,12,190,1,36,36,17,36,17,36,36,35,36,-851583,8,4.863,0.015,13.682,38,0,16,0,0,35,1,1,0,0,0,1,0,0,0
20:51:27.525,1672.2,47.1,309,152.5,50.1,0,56,50.5,0,0,1,50,52,4,0,0,0,0,0,0,0,51.4,12,190,1,36,36,17,36,17,36,36,35,36,-851583,8,4.863,0.015,13.675,38,0,16,0,0,35,1,1,0,0,0,1,0,0,0
20:51:27.625,1578.2,43.8,311,161.7,50.7,0,56,50.5,0,0,1,51,52,3,0,0,0,0,0,0,0,49.5,12,190,1,36,36,17,36,17,36,36,35,36,-851583,8,4.863,0.015,13.675,38,0,16,0,0,35,1,1,0,0,0,1,0,0,0
20:51:27.725,1618.5,46.8,307,189.9,51.1,0,56,50.4,0,0,1,51,51,4,0,0,0,0,0,0,0,57.2,12,190,1,36,36,17,36,17,36,35,35,36,-851583,8,4.863,0.015,13.647,38,0,16,0,0,35,1,1,0,0,0,1,0,0,0
20:51:27.825,1669.9,45.9,311,144.5,47.5,0,56,50.5,0,0,1,51,52,4,0,0,0,0,0,0,0,47.8,12,190,1,36,36,17,36,17,36,35,35,36,-851583,8,4.863,0.015,13.675,38,0,16,0,0,35,1,1,0,0,0,1,0,0,0
20:51:27.925,1695.5,44.1,312,123.2,40.9,0,56,50.6,0,0,1,50,51,4,0,0,0,0,0,0,0,41.8,12,190,1,36,36,17,36,17,36,35,35,36,-851583,8,4.863,0.015,13.675,38,0,16,0,0,35,1,1,0,0,0,1,0,0,0
20:51:28.025,1623.3,31.1,325,0,0,0,56,50.8,0,0,1,51,51,3,0,0,0,0,0,0,0,0,12,190,1,36,36,17,35,17,36,36,35,36,-851583,8,4.863,0.015,13.675,38,0,16,0,0,35,1,1,0,0,0,1,0,0,0
20:51:28.125,1578.6,29.4,325,0,0,0,56.3,50.9,0,0,1,50,51,3,0,0,0,0,0,0,0,0,12,190,1,36,36,17,35,17,36,36,35,36,-851583,8,4.863,0.015,13.716,38,0,16,0,0,35,1,1,0,0,0,1,0,0,0
20:51:28.225,1533.5,30.7,324,4.5,0.4,0,56.8,50.8,0,0,1,51,51,4,0,0,0,0,0,0,0,1.2,12,190,1,36,36,17,36,17,36,36,35,36,-851583,8,4.863,0.015,13.716,38,0,16,0,0,35,1,1,0,0,0,1,0,0,0
20:51:28.325,1610.6,47.1,313,127,34.2,0,56.5,50.5,0,0,1,51,51,3,0,0,0,0,0,0,0,36.3,12,190,1,36,36,17,36,17,36,36,35,36,-851583,8,4.863,0.015,13.647,38,0,16,0,0,35,1,1,0,0,0,1,0,0,0
20:51:28.425,1660.7,47.3,309,178.8,50.8,0,56,50.4,0,0,1,52,52,3,0,0,0,0,0,0,0,52.7,12,190,1,36,36,17,35,17,36,36,35,36,-851583,8,4.863,0.015,13.62,38,0,16,0,0,35,1,1,0,0,0,1,0,0,0
20:51:28.525,1637.9,44.9,310,169.1,48.1,0,56,50.4,0,0,1,50,51,3,0,0,0,0,0,0,0,51.9,12,190,1,36,36,17,36,17,36,36,35,36,-851583,8,4.863,0.015,13.634,38,0,16,0,0,35,1,1,0,0,0,1,0,0,0
20:51:28.625,1628.4,46.3,309,179.4,57.2,0,56,50.6,0,0,1,54,52,4,0,0,0,0,0,0,0,54,12,190,1,36,36,17,35,17,36,35,35,36,-851583,8,4.863,0.015,13.634,38,0,16,0,0,35,1,1,0,0,0,1,0,0,0
20:51:28.725,1664.9,45.5,310,147.1,45.1,0,56,50.5,0,0,1,54,51,4,0,0,0,0,0,0,0,47.2,12,190,1,36,36,17,35,17,36,35,35,36,-851583,8,4.863,0.015,13.634,38,0,16,0,0,35,1,1,0,0,0,1,0,0,0
20:51:28.825,1730.4,50.3,309,170.6,51.9,0,56,50.5,0,0,1,55,54,4,0,0,0,0,0,0,0,51.7,12,190,1,36,36,17,36,17,36,36,35,36,-851583,8,4.863,0.015,13.695,38,0,16,0,0,35,1,1,0,0,0,1,0,0,0
20:51:28.925,1793.8,54.4,305,218.5,65.8,0,56,50.5,0,0,1,52,52,4,0,0,0,0,0,0,0,71.1,12,190,1,36,36,17,35,17,36,35,35,36,-851583,8,4.863,0.015,13.702,38,0,16,0,0,35,1,1,0,0,0,1,0,0,0
20:51:29.025,1852.4,55.2,302,225.1,71.7,0,56,50.6,0,0,1,52,51,4,0,0,0,0,0,0,0,71.1,12,190,1,36,36,17,36,17,36,35,35,36,-851583,8,4.863,0.015,13.709,38,0,16,0,0,35,1,1,0,0,0,1,0,0,0
20:51:29.125,1904.6,57,305,219.2,68.5,0,56.3,50.4,0,0,1,51,51,3,0,0,0,0,0,0,0,75,12,190,1,36,36,17,36,17,36,35,35,36,-851583,8,4.858,0.015,13.723,38,0,16,0,0,35,1,1,0,0,0,1,0,0,0
20:51:29.225,1983.2,57,302,200.1,69.3,0,56.9,50.5,0,0,1,51,52,3,0,0,0,0,0,0,0,72.2,12,190,1,36,36,17,36,17,36,36,35,36,-851583,8,4.863,0.015,13.716,38,0,16,0,0,35,1,1,0,0,0,1,0,0,0
20:51:29.325,1998.1,47.5,309,125.3,48,0,56.9,50.6,0,0,1,50,51,3,0,0,0,0,0,0,0,46.5,12,190,1,36,36,17,36,17,36,35,35,36,-851583,8,4.863,0.015,13.709,38,0,16,0,0,35,1,1,0,0,0,1,0,0,0
20:51:29.425,2014.3,49.9,316,71.9,27.5,0,56.9,50.8,0,0,1,52,51,3,0,0,0,0,0,0,0,28.4,12,190,1,36,36,17,36,17,36,36,35,36,-851583,8,4.863,0.015,13.688,38,0,16,0,0,35,1,1,0,0,0,1,0,0,0
20:51:29.525,2050.2,54,311,118.9,39.5,0,56.9,50.7,0,0,1,52,52,3,0,0,0,0,0,0,0,45.7,12,190,1,36,36,17,36,17,36,36,35,36,-851583,8,4.863,0.015,13.702,38,0,16,0,0,35,1,1,0,0,0,1,0,0,0
20:51:29.625,2113.6,57.3,310,131.4,47.4,0,56.9,50.6,0,0,1,51,51,3,0,0,0,0,0,0,0,47.2,12,190,1,36,36,17,35,17,36,35,35,36,-851583,8,4.863,0.015,13.702,38,0,16,0,0,35,1,1,0,0,0,1,0,0,0
20:51:29.725,2186.8,63.6,303,186.6,64.3,0,56.9,50.4,0,0,1,52,52,4,0,0,0,0,0,0,0,71.1,12,190,1,36,36,17,35,17,36,36,35,36,-851583,8,4.863,0.015,13.675,38,0,16,0,0,35,1,1,0,0,0,1,0,0,0
20:51:29.825,2208.3,60,303,176.1,70.2,0,56.9,50.6,0,0,1,52,52,3,0,0,0,0,0,0,0,72.2,12,190,1,36,36,17,36,17,36,36,35,36,-851583,8,4.863,0.015,13.675,38,0,16,0,0,35,1,1,0,0,0,1,0,0,0
20:51:29.925,2301.7,59.7,308,134.4,57.4,0,56.9,50.6,0,0,1,52,51,4,0,0,0,0,0,0,0,54,12,190,1,36,36,17,36,17,36,36,35,36,-851583,8,4.863,0.015,13.682,38,0,16,0,0,35,1,1,0,0,0,1,0,0,0
20:51:30.025,2171.2,37.8,317,58.3,27.2,0,56.9,50.9,0,0,1,52,52,4,0,0,0,0,0,0,0,21.1,12,190,1,36,36,17,17,17,36,36,35,36,-851583,8,4.863,0.015,13.682,38,0,16,0,0,35,1,1,0,0,0,1,0,0,0
20:51:30.125,1993.6,37.7,324,-1.5,0,0,56.9,50.9,0,0,1,51,51,4,0,0,0,0,0,0,0,-0.8,12,190,1,36,36,17,36,17,36,35,35,36,-851583,8,4.858,0.015,13.709,38,0,16,0,0,35,1,1,0,0,0,1,0,0,0
20:51:30.225,1982.3,37.8,325,-0.9,0,0,56.9,50.9,0,0,1,50,51,4,0,0,0,0,0,0,0,-0.6,12,190,1,36,36,17,36,17,36,35,35,36,-851583,8,4.863,0.015,13.743,38,0,16,0,0,35,1,1,0,0,0,1,0,0,0
20:51:30.325,1918.3,44.3,321,27.7,7.7,0,56.9,50.9,0,0,1,51,50,4,0,0,0,0,0,0,0,7.8,12,190,1,36,36,17,36,17,36,35,35,36,-851583,8,4.858,0.015,13.702,38,0,16,0,0,35,1,1,0,0,0,1,0,0,0
20:51:30.425,1829.5,42.3,321,26.7,8.3,0,56.9,50.9,0,0,1,51,51,3,0,0,0,0,0,0,0,8.8,12,190,1,36,36,17,35,17,36,36,35,36,-851583,8,4.863,0.015,13.695,38,0,16,0,0,35,1,1,0,0,0,1,0,0,0
20:51:30.525,1720.6,40.3,320,43.1,13.5,0,56.9,50.9,0,0,1,52,52,3,0,0,0,0,0,0,0,13.7,12,190,1,36,36,17,36,17,36,35,35,36,-851583,8,4.863,0.015,13.716,38,0,16,0,0,35,1,1,0,0,0,1,0,0,0
20:51:30.625,1652.2,39.6,320,53.6,17.5,0,56.9,50.9,0,0,1,51,51,3,0,0,0,0,0,0,0,15.9,12,190,1,36,36,17,36,17,36,36,35,36,-851583,8,4.863,0.015,13.716,38,0,16,0,0,35,1,1,0,0,0,1,0,0,0
20:51:30.725,1639.7,40.5,319,49,15.2,0,56.9,50.9,0,0,1,50,51,3,0,0,0,0,0,0,0,15.1,12,190,1,36,36,17,36,17,36,36,35,36,-851583,8,4.863,0.015,13.675,38,0,16,0,0,35,1,1,0,0,0,1,0,0,0
20:51:30.825,1668.5,45,314,110.2,33.8,0,56.9,50.9,0,0,1,50,51,3,0,0,0,0,0,0,0,32.9,12,190,1,36,36,17,36,17,36,36,35,36,-851583,8,4.863,0.015,13.688,38,0,16,0,0,35,1,1,0,0,0,1,0,0,0
20:51:30.925,1702.7,47.7,312,132.1,41.8,0,56.9,50.8,0,0,1,51,51,3,0,0,0,0,0,0,0,41,12,190,1,36,36,17,36,17,36,36,35,36,-851583,8,4.863,0.015,13.661,38,0,16,0,0,35,1,1,0,0,0,1,0,0,0
20:51:31.025,1726.7,49.6,308,174.2,55.2,0,56.9,50.8,0,0,1,51,51,3,0,0,0,0,0,0,0,52.7,12,190,1,36,36,17,35,17,36,35,35,36,-851583,8,4.863,0.015,13.647,38,0,16,0,0,35,1,1,0,0,0,1,0,0,0
20:51:31.125,1763.3,49.3,308,160.9,53.3,0,56.7,50.8,0,0,1,51,51,3,0,0,0,0,0,0,0,55.9,12,190,1,36,36,17,36,17,36,36,35,36,-851583,8,4.863,0.015,13.641,38,0,16,0,0,35,1,1,0,0,0,1,0,0,0
20:51:31.225,1805.5,46.6,310,144.2,48.3,0,56.3,50.8,0,0,1,50,51,3,0,0,0,0,0,0,0,48.9,12,190,1,36,36,17,36,17,36,35,35,36,-851583,8,4.863,0.015,13.661,38,0,16,0,0,35,1,1,0,0,0,1,0,0,0
20:51:31.325,1787.4,42.5,315,78.4,27.8,0,56.4,50.9,0,0,1,52,51,4,0,0,0,0,0,0,0,27.9,12,190,1,36,36,17,36,17,36,36,35,36,-851583,8,4.863,0.015,13.647,38,0,16,0,0,35,1,1,0,0,0,1,0,0,0
20:51:31.425,1841.3,54.1,306,180.7,50.8,0,56.8,50.7,0,0,1,51,51,4,0,0,0,0,0,0,0,56.8,12,190,1,36,36,17,36,17,36,36,35,36,-851583,8,4.863,0.015,13.661,38,0,16,0,0,35,1,1,0,0,0,1,0,0,0
20:51:31.525,1938.6,57.7,304,221.1,71.3,0,56.9,50.7,0,0,1,51,50,4,0,0,0,0,0,0,0,73.2,12,190,1,36,36,17,36,17,36,35,35,36,-851583,8,4.863,0.015,13.682,38,0,16,0,0,35,1,1,0,0,0,1,0,0,0
20:51:31.625,1952.2,55.7,304,173.6,59.8,0,56.9,50.9,0,0,1,51,51,3,0,0,0,0,0,0,0,64.1,12,190,1,36,36,17,36,17,36,36,35,36,-851583,8,4.863,0.015,13.675,38,0,16,0,0,35,1,1,0,0,0,1,0,0,0
20:51:31.725,1981.6,52.9,303,182.7,67.6,0,56.9,50.6,0,0,1,51,51,3,0,0,0,0,0,0,0,65.3,12,190,1,36,36,17,36,17,36,35,35,36,-851583,8,4.863,0.015,13.641,38,0,16,0,0,35,1,1,0,0,0,1,0,0,0
20:51:31.825,1951.3,39.2,317,67.3,29.7,0,56.9,50.9,0,0,1,51,51,3,0,0,0,0,0,0,0,23.7,12,190,1,36,36,17,35,17,36,35,35,36,-851583,8,4.863,0.015,13.647,38,0,16,0,0,35,1,1,0,0,0,1,0,0,0
20:51:31.925,1850.9,41.5,320,33.4,11.7,0,56.9,50.9,0,0,1,50,51,3,0,0,0,0,0,0,0,9.6,12,190,1,36,36,17,36,17,36,36,35,36,-851583,8,4.863,0.015,13.641,38,0,16,0,0,35,1,1,0,0,0,1,0,0,0
20:51:32.025,1876.3,46.6,316,73.9,23.9,0,56.9,50.9,0,0,1,51,51,4,0,0,0,0,0,0,0,24.4,12,190,1,36,36,17,36,17,36,36,35,36,-851583,8,4.863,0.015,13.675,38,0,16,0,0,35,1,1,0,0,0,1,0,0,0
20:51:32.125,1867.5,49.2,313,112,34.2,0,56.9,50.9,0,0,1,51,51,4,0,0,0,0,0,0,0,38.8,12,190,1,36,36,17,36,17,36,35,35,36,-851583,8,4.863,0.015,13.661,38,0,16,0,0,35,1,1,0,0,0,1,0,0,0
20:51:32.225,1923.6,55.6,308,168.4,50,0,56.9,51,0,0,1,51,51,3,0,0,0,0,0,0,0,54.4,12,190,1,36,36,17,36,17,36,36,35,36,-851583,8,4.863,0.015,13.661,38,0,16,0,0,35,1,1,0,0,0,1,0,0,0
20:51:32.325,1948.9,53.6,304,200.1,69.7,0,56.9,50.8,0,0,1,54,50,3,0,0,0,0,0,0,0,67,12,190,1,36,36,17,36,17,36,36,35,36,-851583,8,4.863,0.015,13.654,38,0,16,0,0,35,1,1,0,0,0,1,0,0,0
20:51:32.425,1941.1,51.8,309,157.4,51,0,56.9,50.9,0,0,1,54,50,3,0,0,0,0,0,0,0,52.7,12,190,1,36,36,17,36,17,36,35,35,36,-851583,8,4.863,0.015,13.641,38,0,16,0,0,35,1,1,0,0,0,1,0,0,0
20:51:32.525,1995.3,55.8,307,154.2,53.3,0,56.9,50.9,0,0,1,50,50,4,0,0,0,0,0,0,0,56.6,12,190,1,36,36,17,36,17,36,36,35,36,-851583,8,4.863,0.015,13.668,38,0,16,0,0,35,1,1,0,0,0,1,0,0,0
20:51:32.625,1981.8,48.9,310,131.5,48.3,0,56.9,50.9,0,0,1,52,52,4,0,0,0,0,0,0,0,49.1,12,190,1,36,36,17,36,17,36,35,35,36,-851583,8,4.863,0.015,13.682,38,0,16,0,0,35,1,1,0,0,0,1,0,0,0
20:51:32.725,1888.2,41.6,315,78.7,29,0,56.9,50.9,0,0,1,51,52,4,0,0,0,0,0,0,0,26.1,12,190,1,36,36,17,36,17,36,36,35,36,-851583,8,4.863,0.015,13.641,38,0,16,0,0,35,1,1,0,0,0,1,0,0,0
20:51:32.825,1773.8,43,316,82.2,28.4,0,56.9,50.9,0,0,1,51,52,4,0,0,0,0,0,0,0,27,12,190,1,36,36,17,36,17,36,36,35,36,-851583,8,4.863,0.015,13.675,38,0,16,0,0,35,1,1,0,0,0,1,0,0,0
20:51:32.925,1658.4,38.3,318,64.4,20.2,0,56.9,50.9,0,0,1,52,52,4,0,0,0,0,0,0,0,19.2,12,190,1,36,36,17,36,17,36,36,35,36,-851583,8,4.863,0.015,13.668,38,0,16,0,0,35,1,1,0,0,0,1,0,0,0
20:51:33.025,1422.8,30.1,321,20.1,5.8,0,56.9,50.9,0,0,1,52,51,3,0,0,0,0,0,0,0,4.5,12,190,1,36,36,17,36,17,36,36,35,36,-851583,8,4.863,0.015,13.682,38,0,16,0,0,35,1,1,0,0,0,1,0,0,0
20:51:33.125,1453.6,34.3,322,12.3,2.7,0,56.9,50.9,0,0,1,52,52,3,0,0,0,0,0,0,0,3,12,190,1,36,36,17,36,17,36,36,35,36,-851583,8,4.863,0.015,13.634,38,0,16,0,0,35,1,1,0,0,0,1,0,0,0
20:51:33.225,1467.3,35.6,321,30.7,8.5,0,56.9,50.9,0,0,1,51,52,3,0,0,0,0,0,0,0,8.6,12,190,1,36,36,17,36,17,36,35,35,36,-851583,8,4.863,0.015,13.627,38,0,16,0,0,35,1,1,0,0,0,1,0,0,0
20:51:33.325,1512.5,43.6,314,146.3,39.6,0,56.9,50.9,0,0,1,51,52,3,0,0,0,0,0,0,0,37.1,12,190,1,36,36,17,36,17,36,36,35,36,-851583,8,4.863,0.015,13.647,38,0,16,0,0,35,1,1,0,0,0,1,0,0,0
20:51:33.425,1547.6,48.4,306,213.7,57.5,0,56.9,50.9,0,0,1,51,51,3,0,0,0,0,0,0,0,58.9,12,190,1,36,36,17,36,17,36,36,35,36,-851583,8,4.863,0.015,13.654,38,0,16,0,0,35,1,1,0,0,0,1,0,0,0
20:51:33.525,1637.3,51,305,203.3,58.7,0,56.9,50.8,0,0,1,50,52,3,0,0,0,0,0,0,0,64.9,12,190,1,36,36,17,36,17,36,36,35,36,-851583,8,4.863,0.015,13.647,38,0,16,0,0,35,1,1,0,0,0,1,0,0,0
20:51:33.625,1587.7,37.9,311,129.8,42.4,0,56.9,50.9,0,0,1,51,52,4,0,0,0,0,0,0,0,38.6,12,190,1,36,36,17,36,17,36,36,35,36,-851583,8,4.863,0.015,13.6,38,0,16,0,0,35,1,1,0,0,0,1,0,0,0
20:51:33.725,1520.1,28.8,322,14.4,5.3,0,56.9,50.9,0,0,1,51,51,4,0,0,0,0,0,0,0,2.8,12,190,1,36,36,17,36,17,36,36,35,36,-851583,8,4.863,0.015,13.641,38,0,16,0,0,35,1,1,0,0,0,1,0,0,0
20:51:33.825,1644,52,308,232.1,60.3,0,56.9,50.9,0,0,1,50,51,4,0,0,0,0,0,0,0,60.6,12,190,1,36,36,17,36,17,36,36,35,36,-851583,8,4.863,0.015,13.675,38,0,16,0,0,35,1,1,0,0,0,1,0,0,0
20:51:33.925,1681,45.7,309,173.9,57,0,56.9,50.9,0,0,1,51,51,4,0,0,0,0,0,0,0,54.9,12,190,1,36,36,17,36,17,36,36,35,36,-851583,8,4.863,0.015,13.688,38,0,16,0,0,35,1,1,0,0,0,1,0,0,0
20:51:34.025,1631,39.2,315,87.9,29.1,0,56.9,50.9,0,0,1,50,52,3,0,0,0,0,0,0,0,25.6,12,190,1,36,36,17,35,17,36,36,35,36,-851583,8,4.863,0.015,13.661,38,0,16,0,0,35,1,1,0,0,0,1,0,0,0
20:51:34.125,1589.3,35.6,320,54,17.4,0,56.9,50.9,0,0,1,51,52,3,0,0,0,0,0,0,0,13.6,12,190,1,36,36,17,35,17,36,36,35,36,-851583,8,4.863,0.015,13.634,38,0,16,0,0,35,1,1,0,0,0,1,0,0,0
20:51:34.225,1434.9,31,323,10.6,2.7,0,56.9,50.9,0,0,1,51,52,4,0,0,0,0,0,0,0,2.2,12,190,1,36,36,17,36,17,36,36,35,36,-851583,8,4.863,0.015,13.627,38,0,16,0,0,35,1,1,0,0,0,1,0,0,0
20:51:34.325,1321.2,23.7,323,0,0,0,56.9,51,0,0,1,51,51,4,0,0,0,0,0,0,0,0,12,190,1,36,36,17,36,17,36,36,35,36,-851583,8,4.863,0.015,13.675,38,0,16,0,0,35,1,1,0,0,0,1,0,0,0
20:51:34.425,1209.7,28.4,322,29.6,6.8,0,56.9,51,0,0,1,51,52,4,0,0,0,0,0,0,0,6,12,190,1,36,36,17,35,17,36,36,35,36,-851583,8,4.863,0.015,13.613,38,0,16,0,0,35,1,1,0,0,0,1,0,0,0
20:51:34.525,1294.9,37.6,317,111.5,27,0,56.9,51,0,0,1,51,52,3,0,0,0,0,0,0,0,26.9,12,190,1,36,36,17,36,17,36,35,35,36,-851583,8,4.863,0.015,13.606,38,0,16,0,0,35,1,1,0,0,0,1,0,0,0
20:51:34.625,1305.2,34.1,318,90.4,25.9,0,56.9,51,0,0,1,50,51,3,0,0,0,0,0,0,0,22.5,12,190,1,36,36,17,35,17,36,36,35,36,-851583,8,4.863,0.015,13.62,38,0,16,0,0,35,1,1,0,0,0,1,0,0,0
20:51:34.725,1316.1,35.3,318,95.7,25.7,0,56.9,51,0,0,1,51,51,3,0,0,0,0,0,0,0,23.6,12,190,1,36,36,17,35,17,36,36,35,36,-851583,8,4.863,0.015,13.647,38,0,16,0,0,35,1,1,0,0,0,1,0,0,0
20:51:34.825,1354,37.8,315,123.9,34.5,0,56.9,51,0,0,1,50,50,3,0,0,0,0,0,0,0,32,12,190,1,36,36,17,36,17,36,35,35,36,-851583,8,4.863,0.015,13.668,38,0,16,0,0,35,1,1,0,0,0,1,0,0,0
20:51:34.925,1467.7,45.9,309,201.5,51.5,0,56.9,51.1,0,0,1,50,52,4,0,0,0,0,0,0,0,52.3,12,190,1,36,36,17,35,17,36,36,35,36,-851583,8,4.863,0.015,13.675,38,0,16,0,0,35,1,1,0,0,0,1,0,0,0
20:51:35.025,1542.1,44.9,309,165.2,49.3,0,56.9,51,0,0,1,50,52,4,0,0,0,0,0,0,0,49.1,12,190,1,36,36,17,36,17,36,36,35,36,-851583,8,4.863,0.015,13.661,38,0,16,0,0,35,1,1,0,0,0,1,0,0,0
20:51:35.125,1590.7,46.1,308,186.6,58.8,0,56.9,51,0,0,1,50,51,3,0,0,0,0,0,0,0,53.8,12,190,1,36,36,17,36,17,36,35,35,36,-851583,8,4.863,0.015,13.654,38,0,16,0,0,35,1,1,0,0,0,1,0,0,0
20:51:35.225,1718,51.4,309,181.8,57.2,0,56.9,51,0,0,1,51,52,3,0,0,0,0,0,0,0,57.2,12,190,1,36,36,17,36,17,36,36,35,36,-851583,8,4.863,0.015,13.695,38,0,16,0,0,35,1,1,0,0,0,1,0,0,0
20:51:35.325,1710.8,47.1,307,188.1,52.3,0,56.9,51,0,0,1,50,52,4,0,0,0,0,0,0,0,57.6,12,190,1,36,36,17,36,17,36,36,35,36,-851583,8,4.863,0.015,13.668,38,0,16,0,0,35,1,1,0,0,0,1,0,0,0
20:51:35.425,1614.7,40.5,312,139,45.4,0,56.9,51,0,0,1,50,51,4,0,0,0,0,0,0,0,41.8,12,190,1,36,36,17,36,17,36,36,35,36,-851583,8,4.863,0.015,13.675,38,0,16,0,0,35,1,1,0,0,0,1,0,0,0
20:51:35.525,1585.2,44.8,311,159,46.4,0,56.9,51,0,0,1,51,51,4,0,0,0,0,0,0,0,45.5,12,190,1,36,36,17,36,17,36,36,35,36,-851583,8,4.863,0.015,13.668,38,0,16,0,0,35,1,1,0,0,0,1,0,0,0
20:51:35.625,1611.7,44.6,311,150.7,44.2,0,56.9,50.9,0,0,1,50,52,4,0,0,0,0,0,0,0,44.4,12,190,1,36,36,17,35,17,36,35,35,36,-851583,8,4.863,0.015,13.675,38,0,16,0,0,35,1,1,0,0,0,1,0,0,0
20:51:35.725,1646.6,43.1,312,125.4,40.5,0,56.9,50.9,0,0,1,51,51,4,0,0,0,0,0,0,0,37.3,12,190,1,36,36,17,35,17,36,35,35,36,-851583,8,4.863,0.015,13.688,38,0,16,0,0,35,1,1,0,0,0,1,0,0,0
20:51:35.825,1666,42.3,312,105.4,34.6,0,56.9,50.9,0,0,1,50,51,4,0,0,0,0,0,0,0,30.7,12,190,1,36,36,17,36,17,36,35,35,36,-851583,8,4.863,0.015,13.647,38,0,16,0,0,35,1,1,0,0,0,1,0,0,0
20:51:35.925,1657.6,38,319,64.2,22.1,0,56.9,50.9,0,0,1,50,51,4,0,0,0,0,0,0,0,18.3,12,190,1,36,36,17,36,17,36,36,35,36,-851583,8,4.863,0.015,13.661,38,0,16,0,0,35,1,1,0,0,0,1,0,0,0
20:51:36.025,1627.5,39.2,320,44.2,13.4,0,56.9,50.9,0,0,1,54,51,4,0,0,0,0,0,0,0,12.7,12,190,1,36,36,17,17,17,36,35,35,36,-851583,8,4.863,0.015,13.668,38,0,16,0,0,35,1,1,0,0,0,1,0,0,0
20:51:36.125,1598.6,40.5,318,70.5,21.3,0,56.9,51,0,0,1,50,50,4,0,0,0,0,0,0,0,19.5,12,190,1,36,36,17,36,17,36,36,35,36,-851583,8,4.863,0.015,13.641,38,0,16,0,0,35,1,1,0,0,0,1,0,0,0
20:51:36.225,1580.1,40.4,316,98,28.8,0,56.9,51,0,0,1,52,51,4,0,0,0,0,0,0,0,28.1,12,190,1,36,36,17,36,17,36,36,35,36,-851583,8,4.863,0.015,13.627,38,0,16,0,0,35,1,1,0,0,0,1,0,0,0
20:51:36.325,1578,41.8,315,110.8,31.9,0,56.9,51,0,0,1,54,51,4,0,0,0,0,0,0,0,32.2,12,190,1,36,36,17,36,17,36,36,35,36,-851583,8,4.863,0.015,13.627,38,0,16,0,0,35,1,1,0,0,0,1,0,0,0
20:51:36.425,1617.8,45.6,312,129.3,40.4,0,56.9,51,0,0,1,52,52,4,0,0,0,0,0,0,0,39.9,12,190,1,36,36,17,36,17,36,36,35,36,-851583,8,4.863,0.015,13.613,38,0,16,0,0,35,1,1,0,0,0,1,0,0,0
20:51:36.525,1654.5,44.8,310,150.3,46.1,0,56.9,51,0,0,1,52,51,4,0,0,0,0,0,0,0,47.4,12,190,1,36,36,17,36,17,36,35,35,36,-851583,8,4.863,0.015,13.641,38,0,16,0,0,35,1,1,0,0,0,1,0,0,0
20:51:36.625,1608.3,36.5,318,54.6,17.7,0,56.9,50.9,0,0,1,52,52,4,0,0,0,0,0,0,0,16.7,12,190,1,36,36,17,36,17,36,36,35,36,-851583,8,4.863,0.015,13.634,38,0,16,0,0,35,1,1,0,0,0,1,0,0,0
20:51:36.725,1611.5,39.4,318,53.8,17.1,0,56.9,50.9,0,0,1,52,52,4,0,0,0,0,0,0,0,14.5,12,190,1,36,36,17,36,17,36,35,35,36,-851583,8,4.863,0.015,13.62,38,0,16,0,0,35,1,1,0,0,0,1,0,0,0
20:51:36.825,1641.2,45.1,314,112.5,31.9,0,56.9,50.9,0,0,1,52,52,4,0,0,0,0,0,0,0,34.8,12,190,1,36,36,17,36,17,36,36,35,36,-851583,8,4.863,0.015,13.613,38,0,16,0,0,35,1,1,0,0,0,1,0,0,0
20:51:36.925,1692.3,47.3,309,156.4,49.5,0,56.9,50.9,0,0,1,51,51,4,0,0,0,0,0,0,0,48.2,12,190,1,36,36,17,36,17,36,36,35,36,-851583,8,4.863,0.015,13.647,38,0,16,0,0,35,1,1,0,0,0,1,0,0,0
20:51:37.025,1749.2,47.7,309,152.4,50.7,0,56.9,50.9,0,0,1,51,52,4,0,0,0,0,0,0,0,51.2,12,190,1,36,36,17,36,17,36,36,35,36,-851583,8,4.863,0.015,13.654,38,0,16,0,0,35,1,1,0,0,0,1,0,0,0
20:51:37.125,1806.9,49.2,312,123.8,45.1,0,56.9,50.9,0,0,1,50,52,4,0,0,0,0,0,0,0,38.6,12,190,1,36,36,17,36,17,36,36,35,36,-851583,8,4.863,0.015,13.647,38,0,16,0,0,35,1,1,0,0,0,1,0,0,0
20:51:37.225,1856.3,52.9,308,178.8,54.6,0,56.9,50.9,0,0,1,51,52,4,0,0,0,0,0,0,0,61.1,12,190,1,36,36,17,36,17,36,35,35,36,-851583,8,4.863,0.015,13.647,38,0,16,0,0,35,1,1,0,0,0,1,0,0,0
20:51:37.325,1852.7,48.3,309,144.1,51.8,0,56.9,50.9,0,0,1,51,51,4,0,0,0,0,0,0,0,51.9,12,190,1,36,36,17,36,17,36,35,35,36,-851583,8,4.863,0.015,13.634,38,0,16,0,0,35,1,1,0,0,0,1,0,0,0
20:51:37.425,1838,37.4,317,55,23.3,0,56.9,50.9,0,0,1,51,52,4,0,0,0,0,0,0,0,18.9,12,190,1,36,36,17,36,17,36,36,35,36,-851583,8,4.863,0.015,13.675,38,0,16,0,0,35,1,1,0,0,0,1,0,0,0
20:51:37.525,1784.8,33.4,323,-0.5,0.3,0,56.9,50.9,0,0,1,51,51,4,0,0,0,0,0,0,0,0,12,190,1,36,36,17,36,17,36,36,35,36,-851583,8,4.863,0.015,13.668,38,0,16,0,0,35,1,1,0,0,0,1,0,0,0
20:51:37.625,1819.3,49.8,318,70.2,20.7,0,56.9,50.9,0,0,1,52,51,4,0,0,0,0,0,0,0,23.9,12,190,1,36,36,17,36,17,36,36,35,36,-851583,8,4.863,0.015,13.654,38,0,16,0,0,35,1,1,0,0,0,1,0,0,0
20:51:37.725,1884.1,53.2,305,176.9,60.7,0,56.9,51,0,0,1,51,52,4,0,0,0,0,0,0,0,62.8,12,190,1,36,36,17,36,17,36,36,35,36,-851583,8,4.863,0.015,13.661,38,0,16,0,0,35,1,1,0,0,0,1,0,0,0
20:51:37.825,1900.2,47.3,311,121.8,45.2,0,56.9,51,0,0,1,51,52,4,0,0,0,0,0,0,0,44.4,12,190,1,36,36,17,35,17,36,36,35,36,-851583,8,4.863,0.015,13.675,38,0,16,0,0,35,1,1,0,0,0,1,0,0,0
20:51:37.925,1925.2,46.7,314,89,32.4,0,56.9,51,0,0,1,50,51,4,0,0,0,0,0,0,0,33.3,12,190,1,36,36,17,36,17,36,35,35,36,-851583,8,4.863,0.015,13.682,38,0,16,0,0,35,1,1,0,0,0,1,0,0,0
20:51:38.025,1925.3,44.5,318,55.7,21.9,0,56.9,50.9,0,0,1,51,51,4,0,0,0,0,0,0,0,21.2,12,190,1,36,36,17,36,17,36,36,35,36,-851583,8,4.863,0.015,13.675,38,0,16,0,0,35,1,1,0,0,0,1,0,0,0
20:51:38.125,1932.6,46.4,317,59.1,19.5,0,56.9,50.9,0,0,1,50,51,4,0,0,0,0,0,0,0,21.5,12,190,1,36,36,17,36,17,36,36,35,36,-851583,8,4.863,0.015,13.647,38,0,16,0,0,35,1,1,0,0,0,1,0,0,0
20:51:38.225,2024.1,52,316,73.9,25.4,0,56.9,51,0,0,1,50,52,4,0,0,0,0,0,0,0,27.3,12,190,1,36,36,17,36,17,36,36,35,36,-851583,8,4.863,0.015,13.668,38,0,16,0,0,35,1,1,0,0,0,1,0,0,0
20:51:38.325,2035.6,50.4,316,83.5,32.7,0,56.9,51,0,0,1,51,52,4,0,0,0,0,0,0,0,29.1,12,190,1,36,36,17,36,17,36,36,35,36,-851583,8,4.863,0.015,13.654,38,0,16,0,0,35,1,1,0,0,0,1,0,0,0
20:51:38.425,2060.2,52.8,314,85.6,32,0,56.9,51,0,0,1,50,51,4,0,0,0,0,0,0,0,31.4,12,190,1,36,36,17,36,17,36,36,35,36,-851583,8,4.863,0.015,13.647,38,0,16,0,0,35,1,1,0,0,0,1,0,0,0
20:51:38.525,2155.3,56.2,313,111.7,41.8,0,56.9,51,0,0,1,52,51,4,0,0,0,0,0,0,0,41.2,12,190,1,36,36,17,36,17,36,36,35,36,-851583,8,4.863,0.015,13.654,38,0,16,0,0,35,1,1,0,0,0,1,0,0,0
20:51:38.625,2142.1,52.4,310,123.8,45.2,0,56.9,51,0,0,1,50,51,4,0,0,0,0,0,0,0,47,12,190,1,36,36,17,36,17,36,36,35,36,-851583,8,4.863,0.015,13.647,38,0,16,0,0,35,1,1,0,0,0,1,0,0,0
20:51:38.725,2139.8,52.7,313,93,37.9,0,56.9,51,0,0,1,51,51,4,0,0,0,0,0,0,0,33.1,12,190,1,36,36,17,36,17,36,36,35,36,-851583,8,4.863,0.015,13.682,38,0,16,0,0,35,1,1,0,0,0,1,0,0,0
20:51:38.825,2043,45.3,316,77.5,31.6,0,56.9,51,0,0,1,51,52,4,0,0,0,0,0,0,0,28.8,12,190,1,36,36,17,36,17,36,36,35,36,-851583,8,4.863,0.015,13.688,38,0,16,0,0,35,1,1,0,0,0,1,0,0,0
20:51:38.925,1965.2,42.8,321,23.8,8,0,56.9,51,0,0,1,51,52,4,0,0,0,0,0,0,0,9.3,12,190,1,36,36,17,36,17,36,36,35,36,-851583,8,4.863,0.015,13.675,38,0,16,0,0,35,1,1,0,0,0,1,0,0,0
20:51:39.025,1954.5,50.4,318,77.2,25.8,0,56.9,51,0,0,1,51,50,4,0,0,0,0,0,0,0,28.9,12,190,1,36,36,17,36,17,36,36,35,36,-851583,8,4.863,0.015,13.668,38,0,16,0,0,35,1,1,0,0,0,1,0,0,0
20:51:39.125,1930.2,48.2,313,114.7,39.5,0,56.9,51,0,0,1,50,51,4,0,0,0,0,0,0,0,41.2,12,190,1,36,36,17,36,17,36,36,35,36,-851583,8,4.863,0.015,13.675,38,0,16,0,0,35,1,1,0,0,0,1,0,0,0
20:51:39.225,1933.9,50,315,87.6,31.1,0,56.5,51,0,0,1,51,52,4,0,0,0,0,0,0,0,33.3,12,190,1,36,36,17,36,17,36,36,35,36,-851583,8,4.863,0.015,13.688,38,0,16,0,0,35,1,1,0,0,0,1,0,0,0
20:51:39.325,2080.5,60,308,134.7,44.1,0,56,51,0,0,1,51,52,4,0,0,0,0,0,0,0,50.8,12,190,1,36,36,17,36,17,36,36,35,36,-851583,8,4.863,0.015,13.668,38,0,16,0,0,35,1,1,0,0,0,1,0,0,0
20:51:39.425,2187.4,62.7,297,264.3,86.1,0,56,51.1,0,0,1,50,51,4,0,0,0,0,0,0,0,96.3,12,190,1,36,36,17,36,17,36,36,35,36,-851583,8,4.863,0.015,13.668,38,0,16,0,0,35,1,1,0,0,0,1,0,0,0
20:51:39.525,2040.4,49.5,309,126.8,49.9,0,56,51,0,0,1,51,52,4,0,0,0,0,0,0,0,46.5,12,190,1,36,36,17,36,17,36,36,35,36,-851583,8,4.863,0.015,13.668,38,0,16,0,0,35,1,1,0,0,0,1,0,0,0
20:51:39.625,2109.9,61.2,304,161.9,56.7,0,56,51,0,0,1,51,52,4,0,0,0,0,0,0,0,62.3,12,190,1,36,36,17,36,17,36,36,35,36,-851583,8,4.863,0.015,13.695,38,0,16,0,0,35,1,1,0,0,0,1,0,0,0
20:51:39.725,2217.6,62.7,299,197.2,73.4,0,56,51.1,0,0,1,50,51,4,0,0,0,0,0,0,0,79.9,12,190,1,36,36,17,36,17,36,36,35,36,-851583,8,4.863,0.015,13.682,38,0,16,0,0,35,1,1,0,0,0,1,0,0,0
20:51:39.825,2333.9,64.3,302,181,71.2,0,56.4,51,0,0,1,55,51,4,0,0,0,0,0,0,0,75.2,12,190,1,36,36,17,36,17,36,36,35,36,-851583,8,4.863,0.015,13.695,38,0,16,0,0,35,1,1,0,0,0,1,0,0,0
20:51:39.925,2269,61.4,301,187.3,68.8,0,56.9,51.1,0,0,1,51,52,4,0,0,0,0,0,0,0,76.7,12,190,1,36,36,17,36,17,36,36,35,36,-851583,8,4.863,0.015,13.688,38,0,16,0,0,35,1,1,0,0,0,1,0,0,0
20:51:40.025,2091,53.1,306,162,58.9,0,56.9,51,0,0,1,52,51,4,0,0,0,0,0,0,0,60.6,12,190,1,36,36,17,36,17,36,35,35,36,-851583,8,4.863,0.015,13.688,38,0,16,0,0,35,1,1,0,0,0,1,0,0,0
20:51:40.125,1908.2,50.6,306,175.1,61.8,0,56.9,51.1,0,0,1,52,52,4,0,0,0,0,0,0,0,58.5,12,190,1,36,36,17,36,17,36,36,35,36,-851583,8,4.863,0.015,13.682,38,0,16,0,0,35,1,1,0,0,0,1,0,0,0
20:51:40.225,1764.5,47.5,306,174.6,55.1,0,56.9,51.1,0,0,1,52,52,4,0,0,0,0,0,0,0,55.5,12,190,1,36,36,17,36,17,36,36,35,36,-851583,8,4.863,0.015,13.682,38,0,16,0,0,35,1,1,0,0,0,1,0,0,0
20:51:40.325,1581.9,41.6,308,194.6,53.6,0,56.9,51.2,0,0,1,54,51,4,0,0,0,0,0,0,0,53.8,12,190,1,36,36,17,36,17,36,36,35,36,-851583,8,4.863,0.015,13.647,38,0,16,0,0,35,1,1,0,0,0,1,0,0,0
20:51:40.425,1279.3,31.1,313,157,37.7,0,56.9,51.1,0,0,1,52,52,4,0,0,0,0,0,0,0,33.7,12,190,1,36,36,17,36,17,36,36,35,36,-851583,8,4.863,0.015,13.654,38,0,16,0,0,35,1,1,0,0,0,1,0,0,0
20:51:40.525,907.4,22.5,316,141.3,25.4,0,56.9,51,0,0,1,52,52,4,0,0,0,0,0,0,0,21.7,12,190,1,36,36,17,36,17,36,36,35,36,-851583,8,4.863,0.015,13.641,38,0,16,0,0,35,1,1,0,0,0,1,0,0,0
20:51:40.625,531.1,14.8,320,141.5,17.7,0,56.9,51,0,0,1,51,51,4,0,0,0,0,0,0,0,11.8,12,190,1,36,36,17,35,17,36,35,35,36,-851583,8,4.863,0.015,13.613,38,0,16,0,0,35,1,1,0,0,0,1,0,0,0
20:51:40.725,156,5.3,322,88.6,4,0,56.9,51,0,0,1,52,51,4,0,0,0,0,0,0,0,1.4,12,190,1,36,36,17,36,17,36,36,35,36,-851583,8,4.863,0.015,13.647,38,0,16,0,0,35,1,1,0,0,0,1,0,0,0
20:51:40.825,-332.5,-8.5,324,0,0,0,56.9,51.9,0,0,1,51,51,4,0,0,0,0,0,0,0,0,12,190,1,36,36,17,36,17,36,36,35,36,-851583,8,4.863,0.015,13.675,38,0,16,0,0,35,1,1,0,0,0,1,0,0,0
20:51:40.925,-397.9,-7.3,324,0,0,0,56.9,51.9,0,0,1,52,52,4,0,0,0,0,0,0,0,0,12,190,1,36,36,17,35,17,36,36,35,36,-851583,8,4.863,0.015,13.647,38,0,16,0,0,35,1,1,0,0,0,1,0,0,0
20:51:41.025,-407,-7.7,325,0,0,0,56.9,51.9,0,0,1,52,51,4,0,0,0,0,0,0,0,0,12,190,1,36,36,17,36,17,36,36,35,36,-851583,8,4.863,0.015,13.661,38,0,16,0,0,35,1,1,0,0,0,1,0,0,0
20:51:41.125,-403.8,-8.3,325,0,0,0,56.9,51.9,0,0,1,51,51,4,0,0,0,0,0,0,0,0,12,190,1,36,36,17,36,17,36,35,35,36,-851583,8,4.863,0.015,13.634,38,0,16,0,0,35,1,1,0,0,0,1,0,0,0
20:51:41.225,-390,-7.2,325,0,0,0,56.9,51.9,0,0,1,51,52,4,0,0,0,0,0,0,0,0,12,190,1,36,36,17,36,17,36,35,35,36,-851583,8,4.863,0.015,13.634,38,0,16,0,0,35,1,1,0,0,0,1,0,0,0
20:51:41.325,-390.4,-8,325,0,0,0,56.9,51.9,0,0,1,51,51,4,0,0,0,0,0,0,0,0,12,190,1,36,36,17,36,17,36,36,35,36,-851583,8,4.863,0.015,13.634,38,0,16,0,0,35,1,1,0,0,0,1,0,0,0
20:51:41.425,-382.9,-6.9,326,0,0,0,56.9,51.9,0,0,1,51,52,4,0,0,0,0,0,0,0,0,12,190,1,36,36,17,36,17,36,36,35,36,-851583,8,4.863,0.015,13.647,38,0,16,0,0,35,1,1,0,0,0,1,0,0,0
20:51:41.525,-375.9,-6.9,326,0,0,0,56.9,51.9,0,0,1,51,52,4,0,0,0,0,0,0,0,0,12,190,1,36,36,17,36,17,36,35,35,36,-851583,8,4.863,0.015,13.661,38,0,16,0,0,35,1,1,0,0,0,1,0,0,0
20:51:41.625,-366,-6.7,325,0,0,0,56.5,51.9,0,0,1,51,51,4,0,0,0,0,0,0,0,0,12,190,1,36,36,17,36,17,36,36,35,36,-851583,8,4.863,0.015,13.682,38,0,16,0,0,35,1,1,0,0,0,1,0,0,0
20:51:41.725,-359.3,-6.5,323,0,0,0,56,51.8,0,0,1,51,52,4,0,0,0,0,0,0,0,0,12,190,1,36,36,17,35,17,36,36,35,36,-851583,8,4.863,0.015,13.668,38,0,16,0,0,35,1,1,0,0,0,1,0,0,0
20:51:41.825,-347,-5.7,326,0,0,0,56,51.9,0,0,1,52,51,4,0,0,0,0,0,0,0,0,12,190,1,36,36,17,36,17,36,36,35,36,-851583,8,4.863,0.015,13.661,38,0,16,0,0,35,1,1,0,0,0,1,0,0,0
20:51:41.925,-312.3,-5.6,325,0,0,0,56,51.8,0,0,1,51,52,4,0,0,0,0,0,0,0,0,12,190,1,36,36,17,36,17,36,36,35,36,-851583,8,4.863,0.015,13.634,38,0,16,0,0,35,1,1,0,0,0,1,0,0,0
20:51:42.025,-273.1,-4.9,324,0,0,0,56,51.9,0,0,1,51,52,4,0,0,0,0,0,0,0,0,12,190,1,36,36,17,17,17,36,35,35,36,-851583,8,4.863,0.015,13.661,38,0,16,0,0,35,1,1,0,0,0,1,0,0,0
20:51:42.125,-217.4,-4,325,0,0,0,56,51.9,0,0,1,50,51,4,0,0,0,0,0,0,0,0,12,190,1,36,36,17,36,17,36,36,35,36,-851583,8,4.863,0.015,13.661,38,0,16,0,0,35,1,1,0,0,0,1,0,0,0
20:51:42.225,-179.7,-3.5,326,0,0,0,56,51.9,0,0,1,52,52,4,0,0,0,0,0,0,0,0,12,190,1,36,36,17,36,17,36,36,35,36,-851583,8,4.863,0.015,13.668,38,0,16,0,0,35,1,1,0,0,0,1,0,0,0
20:51:42.325,-166.8,-2.6,326,0,0,0,56,51.7,0,0,1,50,51,4,0,0,0,0,0,0,0,0,12,190,1,36,36,17,36,17,36,36,35,36,-851583,8,4.863,0.015,13.641,38,0,16,0,0,35,1,1,0,0,0,1,0,0,0
20:51:42.425,-159.8,-2.9,326,0,0,0,56,51.9,0,0,1,51,52,4,0,0,0,0,0,0,0,0,12,190,1,36,36,17,36,17,36,36,35,36,-851583,8,4.863,0.015,13.675,38,0,16,0,0,35,1,1,0,0,0,1,0,0,0
20:51:42.525,-153.5,-3.1,326,0,0,0,56,51.7,0,0,1,51,51,4,0,0,0,0,0,0,0,0,12,190,1,36,36,17,36,17,36,36,35,36,-851583,8,4.863,0.015,13.654,38,0,16,0,0,35,1,1,0,0,0,1,0,0,0
20:51:42.625,-149.1,-2.5,326,0,0,0,56,51.9,0,0,1,51,51,4,0,0,0,0,0,0,0,0,12,190,1,36,36,17,36,17,36,36,35,36,-851583,8,4.863,0.015,13.682,38,0,16,0,0,35,1,1,0,0,0,1,0,0,0
20:51:42.725,-142.1,-2.5,325,0,0,0,56,51.5,0,0,1,51,52,4,0,0,0,0,0,0,0,0,12,190,1,36,36,17,36,17,36,35,35,36,-851583,8,4.863,0.015,13.682,38,0,16,0,0,35,1,1,0,0,0,1,0,0,0
20:51:42.825,-137.1,-3,326,0,0,0,56,51.8,0,0,1,51,51,4,0,0,0,0,0,0,0,0,12,190,1,36,36,17,36,17,36,36,35,36,-851583,8,4.863,0.015,13.682,38,0,16,0,0,35,1,1,0,0,0,1,0,0,0
20:51:42.925,-129,-2.8,326,0,0,0,56,51.7,0,0,1,50,52,4,0,0,0,0,0,0,0,0,12,190,1,36,36,17,36,17,36,36,35,36,-851583,8,4.863,0.015,13.682,38,0,16,0,0,35,1,1,0,0,0,1,0,0,0
20:51:43.025,-123.2,-2.4,326,0,0,0,56,51.9,0,0,1,51,51,4,0,0,0,0,0,0,0,0,12,190,1,36,36,17,36,17,36,36,35,36,-851583,8,4.863,0.015,13.695,38,0,16,0,0,35,1,1,0,0,0,1,0,0,0
20:51:43.125,-118.2,-2.3,325,0,0,0,56,51.6,0,0,1,50,50,4,0,0,0,0,0,0,0,0,12,190,1,36,36,17,36,17,36,36,35,36,-851583,8,4.863,0.015,13.682,38,0,16,0,0,35,1,1,0,0,0,1,0,0,0
20:51:43.225,-113.1,-2.6,326,0,0,0,56,51.4,0,0,1,51,51,4,0,0,0,0,0,0,0,0,12,190,1,36,36,17,36,17,36,36,35,36,-851583,8,4.863,0.015,13.675,38,0,16,0,0,35,1,1,0,0,0,1,0,0,0
20:51:43.325,-107.9,-2.3,325,0,0,0,56,51.4,0,0,1,51,52,4,0,0,0,0,0,0,0,0,12,190,1,36,36,17,36,17,36,36,35,36,-851583,8,4.863,0.015,13.668,38,0,16,0,0,35,1,1,0,0,0,1,0,0,0
20:51:43.425,-100.7,-1.4,326,0,0,0,55.7,51.5,0,0,1,51,51,4,0,0,0,0,0,0,0,0,12,190,1,36,36,17,36,17,36,35,35,36,-851583,8,4.863,0.015,13.682,38,0,16,0,0,35,1,1,0,0,0,1,0,0,0
20:51:43.525,-95.4,-2.1,325,0,0,0,55,51.5,0,0,1,51,52,4,0,0,0,0,0,0,0,0,12,190,1,36,36,17,36,17,36,36,35,36,-851583,8,4.863,0.015,13.682,38,0,16,0,0,35,1,1,0,0,0,1,0,0,0
20:51:43.625,-89,-1.3,325,0,0,0,55,51.3,0,0,1,55,51,4,0,0,0,0,0,0,0,0,12,190,1,36,36,17,36,17,36,36,35,36,-851583,8,4.863,0.015,13.682,38,0,16,0,0,35,1,1,0,0,0,1,0,0,0
20:51:43.725,-83.5,-2.1,326,0,0,0,55,51.1,0,0,1,54,52,4,0,0,0,0,0,0,0,0,12,190,1,36,36,17,36,17,36,36,35,36,-851583,8,4.863,0.015,13.709,38,0,16,0,0,35,1,1,0,0,0,1,0,0,0
20:51:43.825,-78.1,-1.3,326,0,0,0,55,51.1,0,0,1,52,54,4,0,0,0,0,0,0,0,0,12,190,1,36,36,17,36,17,36,36,35,36,-851583,8,4.863,0.015,13.695,38,0,16,0,0,35,1,1,0,0,0,1,0,0,0
20:51:43.925,-73.4,-1,326,0,0,0,55,51.1,0,0,1,54,51,4,0,0,0,0,0,0,0,0,12,190,1,36,36,17,36,17,36,36,35,36,-851583,8,4.863,0.015,13.702,38,0,16,0,0,35,1,1,0,0,0,1,0,0,0
20:51:44.025,-68.7,-1.3,326,0,0,0,55,51,0,0,1,54,52,4,0,0,0,0,0,0,0,0,12,190,1,36,36,17,36,17,36,36,35,36,-851583,8,4.863,0.015,13.688,38,0,16,0,0,35,1,1,0,0,0,1,0,0,0
20:51:44.125,-62.9,-1.2,326,0,0,0,55,51,0,0,1,52,51,4,0,0,0,0,0,0,0,0,12,190,1,36,36,17,36,17,36,36,35,36,-851583,8,4.863,0.015,13.688,38,0,16,0,0,35,1,1,0,0,0,1,0,0,0
20:51:44.225,-57.6,-0.9,325,0,0,0,55,51,0,0,1,54,52,4,0,0,0,0,0,0,0,0,12,190,1,36,36,17,36,17,36,36,35,36,-851583,8,4.858,0.015,13.702,38,0,16,0,0,35,1,1,0,0,0,1,0,0,0
20:51:44.325,-52.3,-0.6,325,0,0,0,55,51,0,0,1,54,52,4,0,0,0,0,0,0,0,0,12,190,1,36,36,17,36,17,36,36,35,36,-851583,8,4.863,0.015,13.709,38,0,16,0,0,35,1,1,0,0,0,1,0,0,0
20:51:44.425,-46.9,-0.5,326,0,0,0,55,51.1,0,0,1,52,51,4,0,0,0,0,0,0,0,0,12,190,1,36,36,17,36,17,36,36,35,36,-851583,8,4.863,0.015,13.695,38,0,16,0,0,35,1,1,0,0,0,1,0,0,0
20:51:44.525,-41.4,-1.2,325,0,0,0,55,51,0,0,1,52,51,4,0,0,0,0,0,0,0,0,12,190,1,36,36,17,36,17,36,36,35,36,-851583,8,4.863,0.015,13.709,38,0,16,0,0,35,1,1,0,0,0,1,0,0,0
20:51:44.625,-34.8,-0.4,326,0,0,0,55,51,0,0,1,52,52,4,0,0,0,0,0,0,0,0,12,190,1,36,36,17,36,17,36,36,35,36,-851583,8,4.863,0.015,13.716,38,0,16,0,0,35,1,1,0,0,0,1,0,0,0
20:51:44.725,-29.9,-1,326,0,0,0,55,51,0,0,1,52,52,4,0,0,0,0,0,0,0,0,12,190,1,36,36,17,36,17,36,36,35,36,-851583,8,4.863,0.015,13.716,38,0,16,0,0,35,1,1,0,0,0,1,0,0,0
20:51:44.825,-25.1,-0.1,326,0,0,0,55,51,0,0,1,52,51,4,0,0,0,0,0,0,0,0,12,190,1,36,36,17,36,17,36,36,35,36,-851583,8,4.863,0.015,13.716,38,0,16,0,0,35,1,1,0,0,0,1,0,0,0
20:51:44.925,-20.2,-0.6,326,0,0,0,55,51,0,0,1,52,51,4,0,0,0,0,0,0,0,0,12,190,1,36,36,17,36,17,36,36,35,36,-851583,8,4.863,0.015,13.716,38,0,16,0,0,35,1,1,0,0,0,1,0,0,0
20:51:45.025,-15.9,-0.7,326,0,0,0,55,51,0,0,1,52,51,4,0,0,0,0,0,0,0,0,12,190,1,36,36,17,36,17,36,36,35,36,-851583,8,4.858,0.015,13.709,38,0,16,0,0,35,1,1,0,0,0,1,0,0,0
20:51:45.125,-10.9,-0.5,325,0,0,0,55,51,0,0,1,52,54,3,0,0,0,0,0,0,0,0,12,190,1,36,36,17,36,17,36,36,35,36,-851583,8,4.863,0.015,13.688,38,0,16,0,0,35,1,1,0,0,0,1,0,0,0
20:51:45.225,-6.4,0.4,326,0,0,0,55,51,0,0,1,51,51,4,0,0,0,0,0,0,0,0,12,190,1,36,36,17,36,17,36,36,35,36,-851583,8,4.858,0.015,13.702,38,0,16,0,0,35,1,1,0,0,0,1,0,0,0
20:51:45.325,-2.2,0.6,326,0,0,0,54,51,0,0,1,52,52,4,0,0,0,0,0,0,0,0,12,190,1,36,36,17,36,17,36,36,35,36,-851583,8,4.863,0.015,13.695,38,0,16,0,0,35,1,1,0,0,0,1,0,0,0
20:51:45.425,-0.2,0.5,326,0,0,0,54,51,0,0,1,51,51,4,0,0,0,0,0,0,0,0,12,190,1,36,36,17,36,17,36,36,35,36,-851583,8,4.863,0.015,13.709,38,0,16,0,0,35,1,1,0,0,0,1,0,0,0
20:51:45.525,72.7,9.7,322,259.9,20.6,0,54,50.9,0,0,1,52,51,4,0,0,0,0,0,0,0,12.3,12,190,1,36,36,17,36,17,36,35,35,36,-851583,8,4.863,0.015,13.668,38,0,16,0,0,35,1,1,0,0,0,1,0,0,0
20:51:45.625,46.9,-0.3,326,0,0,0,54,50.9,0,0,1,51,51,4,0,0,0,0,0,0,0,0,12,190,1,36,36,17,36,17,36,36,35,36,-851583,8,4.863,0.015,13.654,38,0,16,0,0,35,1,1,0,0,0,1,0,0,0
20:51:45.725,102.9,15,323,99.7,11.2,0,54,50.9,0,0,1,52,51,4,0,0,0,0,0,0,0,7,12,190,1,36,36,17,36,17,36,36,35,36,-851583,8,4.863,0.015,13.654,38,0,16,0,0,35,1,1,0,0,0,1,0,0,0
20:51:45.825,163.4,11.7,320,273.1,26.6,0,54,50.9,0,0,1,52,52,4,0,0,0,0,0,0,0,16.6,12,190,1,36,36,17,36,17,36,36,35,36,-851583,8,4.863,0.015,13.668,38,0,16,0,0,35,1,1,0,0,0,1,0,0,0
20:51:45.925,210.7,15.1,320,311.2,32.4,0,54,50.7,0,0,1,51,50,4,0,0,0,0,0,0,0,19.7,12,190,1,36,36,17,36,17,36,36,35,36,-851583,8,4.863,0.015,13.661,38,0,16,0,0,35,1,1,0,0,0,1,0,0,0
20:51:46.025,308.1,16.8,319,325.1,35.3,0,54,50.8,0,0,1,52,51,4,0,0,0,0,0,0,0,25,12,190,1,36,36,17,36,17,36,36,35,36,-851583,8,4.863,0.015,13.654,38,0,16,0,0,35,1,1,0,0,0,1,0,0,0
20:51:46.125,386.8,19.8,315,289.2,43.4,0,54,50.8,0,0,1,52,51,4,0,0,0,0,0,0,0,28.1,12,190,1,36,36,17,36,17,36,35,35,36,-851583,8,4.863,0.015,13.661,38,0,16,0,0,35,1,1,0,0,0,1,0,0,0
20:51:46.225,469.6,21.1,315,288,45.3,0,54,50.7,0,0,1,52,50,4,0,0,0,0,0,0,0,31.4,12,190,1,36,36,17,36,17,36,36,35,36,-851583,8,4.863,0.015,13.647,38,0,16,0,0,35,1,1,0,0,0,1,0,0,0
20:51:46.325,560.2,22.7,314,313.9,44.7,0,54,50.6,0,0,1,51,51,4,0,0,0,0,0,0,0,36.5,12,190,1,36,36,17,36,17,36,36,35,36,-851583,8,4.863,0.015,13.668,38,0,16,0,0,35,1,1,0,0,0,1,0,0,0
20:51:46.425,650.9,24.3,313,308,53.3,0,54,50.7,0,0,1,52,52,4,0,0,0,0,0,0,0,38,12,190,1,36,36,17,36,18,36,36,35,36,-851583,8,4.863,0.015,13.675,38,0,16,0,0,35,1,1,0,0,0,1,0,0,0
20:51:46.525,732.5,27.9,312,283.4,54.2,0,54.9,50.6,0,0,1,52,51,4,0,0,0,0,0,0,0,41.2,12,190,1,36,36,17,36,17,36,36,35,36,-851583,8,4.863,0.015,13.682,38,0,16,0,0,35,1,1,0,0,0,1,0,0,0
20:51:46.625,821.1,30.7,312,286.8,57.6,0,54.9,50.7,0,0,1,52,52,4,0,0,0,0,0,0,0,51,12,190,1,36,36,17,35,17,36,35,35,36,-851583,8,4.863,0.015,13.668,38,0,16,0,0,35,1,1,0,0,0,1,0,0,0
20:51:46.725,895.4,30,314,238,47.3,0,54.9,50.7,0,0,1,52,51,4,0,0,0,0,0,0,0,41,12,190,1,36,36,17,36,17,36,35,35,36,-851583,8,4.863,0.015,13.668,38,0,16,0,0,35,1,1,0,0,0,1,0,0,0
20:51:46.825,883.6,20.2,322,51.5,10.2,0,54.9,50.9,0,0,1,54,52,4,0,0,0,0,0,0,0,7.8,12,190,1,36,36,17,36,18,36,36,35,36,-851583,8,4.863,0.015,13.682,38,0,16,0,0,35,1,1,0,0,0,1,0,0,0
20:51:46.925,820.8,16.4,325,0,0,0,54.9,50.9,0,0,1,52,51,4,0,0,0,0,0,0,0,0,12,190,1,36,36,17,36,17,36,36,35,36,-851583,8,4.863,0.015,13.716,38,0,16,0,0,35,1,1,0,0,0,1,0,0,0
20:51:47.025,839.9,29.1,320,83.7,15.7,0,54.9,50.9,0,0,1,52,51,4,0,0,0,0,0,0,0,15,12,190,1,36,36,17,36,17,36,35,35,36,-851583,8,4.863,0.015,13.668,38,0,16,0,0,35,1,1,0,0,0,1,0,0,0
20:51:47.125,871.1,27.7,317,151.1,29.2,0,54.9,50.7,0,0,1,54,52,4,0,0,0,0,0,0,0,26.5,12,190,1,36,36,17,36,17,36,36,35,36,-851583,8,4.863,0.015,13.675,38,0,16,0,0,35,1,1,0,0,0,1,0,0,0
20:51:47.225,945.1,29.7,314,180.4,39.5,0,54.9,50.7,0,0,1,54,51,4,0,0,0,0,0,0,0,34.8,12,190,1,36,36,17,36,18,36,36,35,36,-851583,8,4.863,0.015,13.688,38,0,16,0,0,35,1,1,0,0,0,1,0,0,0
20:51:47.325,1003.2,31.4,315,179.2,40.9,0,54.9,50.7,0,0,1,56,51,4,0,0,0,0,0,0,0,35.8,12,190,1,36,36,17,36,18,36,36,35,36,-851583,8,4.863,0.015,13.654,38,0,16,0,0,35,1,1,0,0,0,1,0,0,0
20:51:47.425,1053.9,33.2,315,173.5,37.5,0,54.9,50.7,0,0,1,56,52,4,0,0,0,0,0,0,0,36.1,12,190,1,36,36,18,36,17,36,36,35,36,-851583,8,4.863,0.015,13.647,38,0,16,0,0,35,1,1,0,0,0,1,0,0,0
20:51:47.525,1108.6,34,313,181.3,44.7,0,54.9,50.7,0,0,1,55,51,4,0,0,0,0,0,0,0,38.8,12,190,1,36,36,18,36,17,36,35,35,36,-851583,8,4.863,0.015,13.647,38,0,16,0,0,35,1,1,0,0,0,1,0,0,0
20:51:47.625,1133.4,24.7,320,73.9,18.5,0,54.9,50.9,0,0,1,55,52,4,0,0,0,0,0,0,0,14.7,12,190,1,36,36,18,36,18,36,36,35,36,-851583,8,4.863,0.015,13.647,38,0,16,0,0,35,1,1,0,0,0,1,0,0,0
20:51:47.725,1062.3,22.4,326,0,0,0,54.9,50.9,0,0,1,55,54,4,0,0,0,0,0,0,0,0,12,190,1,36,36,18,36,17,36,36,35,36,-851583,8,4.863,0.015,13.688,38,0,16,0,0,35,1,1,0,0,0,1,0,0,0
20:51:47.825,1044.7,19.8,325,0,0,0,54.9,50.9,0,0,1,55,54,4,0,0,0,0,0,0,0,0,12,190,1,36,36,18,36,17,36,36,35,36,-851583,8,4.863,0.015,13.695,38,0,16,0,0,35,1,1,0,0,0,1,0,0,0
20:51:47.925,1031,19.3,327,0,0,0,54.9,50.9,0,0,1,55,52,4,0,0,0,0,0,0,0,0,12,190,1,36,36,18,36,18,36,36,35,36,-851583,8,4.863,0.015,13.682,38,0,16,0,0,35,1,1,0,0,0,1,0,0,0
20:51:48.025,1009,18.9,326,0,0,0,54.9,50.9,0,0,1,55,54,4,0,0,0,0,0,0,0,0,12,190,1,36,36,18,17,17,36,36,35,36,-851583,8,4.863,0.015,13.668,38,0,16,0,0,35,1,1,0,0,0,1,0,0,0
20:51:48.125,997.7,18.5,325,0,0,0,54.9,51,0,0,1,55,52,4,0,0,0,0,0,0,0,0,12,190,1,36,36,18,36,18,36,36,35,36,-851583,8,4.863,0.015,13.661,38,0,16,0,0,35,1,1,0,0,0,1,0,0,0
20:51:48.225,976.2,18.7,325,0,0,0,54.9,51,0,0,1,55,52,4,0,0,0,0,0,0,0,0,12,190,1,36,36,18,36,18,36,36,35,36,-851583,8,4.863,0.015,13.654,38,0,16,0,0,35,1,1,0,0,0,1,0,0,0
20:51:48.325,944.6,17.1,325,0,0,0,54.9,51,0,0,1,54,52,4,0,0,0,0,0,0,0,0,12,190,1,36,36,18,36,18,36,36,35,36,-851583,8,4.863,0.015,13.647,38,0,16,0,0,35,1,1,0,0,0,1,0,0,0
20:51:48.425,926.4,17.9,326,0,0,0,54.9,51,0,0,1,54,52,5,0,0,0,0,0,0,0,0,12,190,1,36,36,18,36,18,36,36,35,36,-851583,8,4.863,0.015,13.647,38,0,16,0,0,35,1,1,0,0,0,1,0,0,0
20:51:48.525,932.7,17.5,324,0,0,0,54.9,51,0,0,1,52,52,5,0,0,0,0,0,0,0,0,12,190,1,36,36,18,36,18,36,36,35,36,-851583,8,4.863,0.015,13.641,38,0,16,0,0,35,1,1,0,0,0,1,0,0,0
20:51:48.625,906.3,17.3,326,0,0,0,54.9,51,0,0,1,55,52,5,0,0,0,0,0,0,0,0,12,190,1,36,36,18,36,18,36,36,35,36,-851583,8,4.863,0.015,13.634,38,0,16,0,0,35,1,1,0,0,0,1,0,0,0
20:51:48.725,895.2,17.1,326,0,0,0,54.9,51,0,0,1,54,54,5,0,0,0,0,0,0,0,0,12,190,1,36,36,18,36,18,36,36,35,36,-851583,8,4.863,0.015,13.634,38,0,16,0,0,35,1,1,0,0,0,1,0,0,0
20:51:48.825,890.1,17.8,326,0,0,0,54.9,51,0,0,1,54,51,5,0,0,0,0,0,0,0,0,12,190,1,36,36,18,36,18,37,36,35,36,-851583,8,4.863,0.015,13.634,38,0,16,0,0,35,1,1,0,0,0,1,0,0,0
20:51:48.925,876.7,16.9,327,0,0,0,54.9,51,0,0,1,54,51,5,0,0,0,0,0,0,0,0,12,190,1,36,36,18,36,18,36,36,35,36,-851583,8,4.863,0.015,13.627,38,0,16,0,0,35,1,1,0,0,0,1,0,0,0
20:51:49.025,862.6,17.4,325,0,0,0,54.9,51,0,0,1,54,51,5,0,0,0,0,0,0,0,0,12,190,1,36,36,18,36,18,36,36,35,36,-851583,8,4.863,0.015,13.613,38,0,16,0,0,35,1,1,0,0,0,1,0,0,0
20:51:49.125,852.4,16.4,326,0,0,0,54.9,51,0,0,1,54,52,5,0,0,0,0,0,0,0,0,12,190,1,36,36,18,36,18,37,36,35,36,-851583,8,4.863,0.015,13.634,38,0,16,0,0,35,1,1,0,0,0,1,0,0,0
20:51:49.225,845.4,16,326,0,0,0,54.9,51,0,0,1,52,51,5,0,0,0,0,0,0,0,0,12,190,1,36,36,18,36,18,36,36,35,36,-851583,8,4.863,0.015,13.634,38,0,16,0,0,35,1,1,0,0,0,1,0,0,0
20:51:49.325,843.7,16,326,0,0,0,54.9,51,0,0,1,54,52,5,0,0,0,0,0,0,0,0,12,190,1,36,36,18,36,18,37,36,35,36,-851583,8,4.863,0.015,13.647,38,0,16,0,0,35,1,1,0,0,0,1,0,0,0
20:51:49.425,826.4,16.3,327,0,0,0,54.9,51,0,0,1,54,51,5,0,0,0,0,0,0,0,0,12,190,1,37,37,18,36,18,37,36,35,36,-851583,8,4.863,0.015,13.634,38,0,16,0,0,35,1,1,0,0,0,1,0,0,0
20:51:49.525,827.1,16.1,326,0,0,0,54.7,51,0,0,1,54,51,5,0,0,0,0,0,0,0,0,12,190,1,37,37,18,36,18,37,36,35,36,-851583,8,4.863,0.015,13.634,38,0,16,0,0,35,1,1,0,0,0,1,0,0,0
20:51:49.625,813.7,15.1,327,0,0,0,54,51,0,0,1,54,52,5,0,0,0,0,0,0,0,0,12,190,1,37,37,18,36,18,37,36,35,36,-851583,8,4.863,0.015,13.62,38,0,16,0,0,35,1,1,0,0,0,1,0,0,0
20:51:49.725,813.5,15.8,326,0,0,0,54,51,0,0,1,52,51,5,0,0,0,0,0,0,0,0,12,190,1,37,37,18,36,18,37,36,35,36,-851583,8,4.863,0.015,13.62,38,0,16,0,0,35,1,1,0,0,0,1,0,0,0
20:51:49.825,801.8,14.6,327,0,0,0,54,51,0,0,1,54,51,5,0,0,0,0,0,0,0,0,12,190,1,37,37,18,36,18,37,36,35,36,-851583,8,4.863,0.015,13.641,38,0,16,0,0,35,1,1,0,0,0,1,0,0,0
20:51:49.925,798.7,15,327,0,0,0,54,51,0,0,1,52,50,5,0,0,0,0,0,0,0,0,12,190,1,37,37,18,36,18,36,36,35,36,-851583,8,4.863,0.015,13.647,38,0,16,0,0,35,1,1,0,0,0,1,0,0,0
20:51:50.025,782.1,15.3,326,0,0,0,54,51,0,0,1,54,51,5,0,0,0,0,0,0,0,0,12,190,1,37,37,18,36,18,37,36,35,36,-851583,8,4.863,0.015,13.62,38,0,16,0,0,35,1,1,0,0,0,1,0,0,0
20:51:50.125,774.2,15,326,0,0,0,54,51,0,0,1,54,51,5,0,0,0,0,0,0,0,0,12,190,1,37,37,18,36,18,37,36,35,36,-851583,8,4.863,0.015,13.627,38,0,16,0,0,35,1,1,0,0,0,1,0,0,0
20:51:50.225,763.7,13.7,327,0,0,0,54,51,0,0,1,55,51,5,0,0,0,0,0,0,0,0,12,190,1,37,37,18,36,18,37,36,35,36,-851583,8,4.863,0.015,13.634,38,0,16,0,0,35,1,1,0,0,0,1,0,0,0
20:51:50.325,748.1,14.9,327,0,0,0,54,51,0,0,1,52,51,5,0,0,0,0,0,0,0,0,12,190,1,37,37,18,36,18,37,36,35,36,-851583,8,4.863,0.015,13.634,38,0,16,0,0,35,1,1,0,0,0,1,0,0,0
20:51:50.425,750.3,14,326,0,0,0,54,51,0,0,1,54,51,5,0,0,0,0,0,0,0,0,12,190,1,37,37,18,36,18,37,36,35,36,-851583,8,4.863,0.015,13.647,37,0,16,0,0,35,1,1,0,0,0,1,0,0,0
20:51:50.525,734.3,13.8,326,0,0,0,54,51,0,0,1,54,52,5,0,0,0,0,0,0,0,0,12,190,1,37,37,18,36,18,37,36,35,36,-851583,8,4.863,0.015,13.606,38,0,16,0,0,35,1,1,0,0,0,1,0,0,0
20:51:50.625,734.4,14.2,326,0,0,0,54,51,0,0,1,54,51,5,0,0,0,0,0,0,0,0,12,190,1,37,37,18,36,18,37,36,35,36,-851583,8,4.863,0.015,13.627,38,0,16,0,0,35,1,1,0,0,0,1,0,0,0
20:51:50.725,713.8,13.8,327,0,0,0,54,51,0,0,1,54,52,5,0,0,0,0,0,0,0,0,12,190,1,37,37,18,36,18,37,36,35,36,-851583,8,4.863,0.015,13.641,38,0,16,0,0,35,1,1,0,0,0,1,0,0,0
20:51:50.825,700.8,13.2,327,0,0,0,54,51,0,0,1,54,51,5,0,0,0,0,0,0,0,0,12,190,1,37,37,18,36,18,37,36,35,36,-851583,8,4.863,0.015,13.634,38,0,16,0,0,35,1,1,0,0,0,1,0,0,0
20:51:50.925,700.2,13,327,0,0,0,54,51,0,0,1,54,51,5,0,0,0,0,0,0,0,0,12,190,1,37,37,18,36,18,37,36,35,36,-851583,8,4.863,0.015,13.654,38,0,16,0,0,35,1,1,0,0,0,1,0,0,0
20:51:51.025,686.1,12.9,326,0,0,0,54,51,0,0,1,54,51,4,0,0,0,0,0,0,0,0,12,190,1,37,37,18,36,18,37,35,35,36,-851583,8,4.863,0.015,13.668,38,0,16,0,0,35,1,1,0,0,0,1,0,0,0
20:51:51.125,679.1,14,327,0,0,0,54,51,0,0,1,56,51,4,0,0,0,0,0,0,0,0,12,190,1,37,37,18,37,18,37,36,35,36,-851583,8,4.863,0.015,13.654,38,0,16,0,0,35,1,1,0,0,0,1,0,0,0
20:51:51.225,668.9,13.2,326,0,0,0,54,51,0,0,1,56,51,4,0,0,0,0,0,0,0,0,12,190,1,37,37,18,36,18,37,36,35,36,-851583,8,4.863,0.015,13.661,38,0,16,0,0,35,1,1,0,0,0,1,0,0,0
20:51:51.325,651.6,12.7,327,0,0,0,54,51,0,0,1,55,52,4,0,0,0,0,0,0,0,0,12,190,1,37,37,18,36,18,37,36,35,36,-851583,8,4.863,0.015,13.627,38,0,16,0,0,35,1,1,0,0,0,1,0,0,0
20:51:51.425,650.3,12.7,328,0,0,0,54,51,0,0,1,55,52,4,0,0,0,0,0,0,0,0,12,190,1,37,37,18,36,18,37,36,35,36,-851583,8,4.863,0.015,13.668,38,0,16,0,0,35,1,1,0,0,0,1,0,0,0
20:51:51.525,636.2,11.9,327,0,0,0,54,51,0,0,1,55,52,4,0,0,0,0,0,0,0,0,12,190,1,37,37,18,36,18,37,36,35,36,-851583,8,4.863,0.015,13.641,38,0,16,0,0,35,1,1,0,0,0,1,0,0,0
20:51:51.625,618.9,12.2,327,0,0,0,54,51,0,0,1,55,52,4,0,0,0,0,0,0,0,0,12,190,1,37,37,18,36,18,37,36,35,36,-851583,8,4.863,0.015,13.654,38,0,16,0,0,35,1,1,0,0,0,1,0,0,0
20:51:51.725,625.1,11.6,327,0,0,0,53.8,51,0,0,1,55,51,4,0,0,0,0,0,0,0,0,12,190,1,37,37,18,36,18,37,36,35,36,-851583,8,4.863,0.015,13.654,38,0,16,0,0,35,1,1,0,0,0,1,0,0,0
20:51:51.825,606.2,11,326,0,0,0,53,51,0,0,1,55,52,4,0,0,0,0,0,0,0,0,12,190,1,37,37,18,36,18,37,36,35,36,-851583,8,4.863,0.015,13.654,38,0,16,0,0,35,1,1,0,0,0,1,0,0,0
20:51:51.925,584.3,11.2,327,0,0,0,53,51,0,0,1,54,51,4,0,0,0,0,0,0,0,0,12,190,1,37,37,18,36,18,37,36,35,36,-851583,8,4.863,0.015,13.647,38,0,16,0,0,35,1,1,0,0,0,1,0,0,0
20:51:52.025,572,10.8,328,0,0,0,53,51,0,0,1,54,51,4,0,0,0,0,0,0,0,0,12,190,1,37,37,18,36,18,37,36,35,36,-851583,8,4.863,0.015,13.627,38,0,16,0,0,35,1,1,0,0,0,1,0,0,0
20:51:52.125,545.1,10.1,327,0,0,0,53,51,0,0,1,55,52,4,0,0,0,0,0,0,0,0,12,190,1,37,37,18,36,18,37,36,35,36,-851583,8,4.863,0.015,13.654,38,0,16,0,0,35,1,1,0,0,0,1,0,0,0
20:51:52.225,518.7,8.8,327,0,0,0,53,51,0,0,1,54,51,4,0,0,0,0,0,0,0,0,12,190,1,37,37,18,36,18,37,36,35,36,-851583,8,4.863,0.015,13.668,38,0,16,0,0,35,1,1,0,0,0,1,0,0,0
20:51:52.325,505,9.6,327,0,0,0,53,51,0,0,1,55,51,4,0,0,0,0,0,0,0,0,12,190,1,37,37,18,36,18,37,36,35,36,-851583,8,4.863,0.015,13.641,38,0,16,0,0,35,1,1,0,0,0,1,0,0,0
20:51:52.425,487.3,9.7,326,0,0,0,53,51,0,0,1,54,51,4,0,0,0,0,0,0,0,0,12,190,1,37,37,18,36,18,37,36,35,36,-851583,8,4.863,0.015,13.675,38,0,16,0,0,35,1,1,0,0,0,1,0,0,0
20:51:52.525,468.5,8.7,327,0,0,0,53,51,0,0,1,54,52,4,0,0,0,0,0,0,0,0,12,190,1,37,37,18,36,18,37,35,35,36,-851583,8,4.863,0.015,13.682,38,0,16,0,0,35,1,1,0,0,0,1,0,0,0
20:51:52.625,445,8.7,327,0,0,0,53,51,0,0,1,52,51,4,0,0,0,0,0,0,0,0,12,190,1,37,37,18,36,18,37,36,35,36,-851583,8,4.863,0.015,13.647,38,0,16,0,0,35,1,1,0,0,0,1,0,0,0
20:51:52.725,438.7,7.7,326,0,0,0,53,51,0,0,1,55,52,4,0,0,0,0,0,0,0,0,12,190,1,37,37,18,36,18,37,36,35,36,-851583,8,4.863,0.015,13.647,38,0,16,0,0,35,1,1,0,0,0,1,0,0,0
20:51:52.825,425.7,7.6,326,0,0,0,53,51,0,0,1,55,52,4,0,0,0,0,0,0,0,0,12,190,1,37,37,18,36,18,37,36,35,36,-851583,8,4.863,0.015,13.647,38,0,16,0,0,35,1,1,0,0,0,1,0,0,0
20:51:52.925,409.3,7.4,326,0,0,0,53,51,0,0,1,54,51,4,0,0,0,0,0,0,0,0,12,190,1,37,37,18,36,18,37,36,35,36,-851583,8,4.863,0.015,13.661,38,0,16,0,0,35,1,1,0,0,0,1,0,0,0
20:51:53.025,390.4,7.8,328,0,0,0,53,51,0,0,1,52,50,4,0,0,0,0,0,0,0,0,12,190,1,37,37,18,36,18,37,36,35,36,-851583,8,4.863,0.015,13.661,38,0,16,0,0,35,1,1,0,0,0,1,0,0,0
20:51:53.125,382.5,7.4,326,0,0,0,53,51,0,0,1,54,51,4,0,0,0,0,0,0,0,0,12,190,1,37,37,18,36,18,37,36,35,36,-851583,8,4.863,0.015,13.682,38,0,16,0,0,35,1,1,0,0,0,1,0,0,0
20:51:53.225,372.5,6.2,327,0,0,0,53,51,0,0,1,54,51,4,0,0,0,0,0,0,0,0,12,190,1,37,37,18,36,18,37,36,35,36,-851583,8,4.863,0.015,13.682,38,0,16,0,0,35,1,1,0,0,0,1,0,0,0
20:51:53.325,356.9,6.2,327,0,0,0,53,51,0,0,1,54,51,4,0,0,0,0,0,0,0,0,12,190,1,37,37,18,36,18,37,36,35,36,-851583,8,4.863,0.015,13.668,38,0,16,0,0,35,1,1,0,0,0,1,0,0,0
20:51:53.425,345.5,6.8,327,0,0,0,53,51,0,0,1,54,52,4,0,0,0,0,0,0,0,0,12,190,1,37,37,18,36,18,37,36,35,36,-851583,8,4.863,0.015,13.682,38,0,16,0,0,35,1,1,0,0,0,1,0,0,0
20:51:53.525,328.9,5.8,327,0,0,0,53,51,0,0,1,54,51,4,0,0,0,0,0,0,0,0,12,190,1,37,37,18,36,18,37,36,35,36,-851583,8,4.863,0.015,13.647,38,0,16,0,0,35,1,1,0,0,0,1,0,0,0
20:51:53.625,321.5,6.5,327,0,0,0,53,51,0,0,1,54,51,4,0,0,0,0,0,0,0,0,12,190,1,37,37,18,36,18,37,36,35,36,-851583,8,4.863,0.015,13.654,38,0,16,0,0,35,1,1,0,0,0,1,0,0,0
20:51:53.725,310.2,6.1,327,0,0,0,53,51,0,0,1,54,52,4,0,0,0,0,0,0,0,0,12,190,1,37,37,18,36,18,37,36,35,36,-851583,8,4.863,0.015,13.668,38,0,16,0,0,35,1,1,0,0,0,1,0,0,0
20:51:53.825,299.5,5.9,328,0,0,0,53,51,0,0,1,54,51,4,0,0,0,0,0,0,0,0,12,190,1,37,37,18,36,18,37,36,35,36,-851583,8,4.863,0.015,13.654,38,0,16,0,0,35,1,1,0,0,0,1,0,0,0
20:51:53.925,286,5.9,327,0,0,0,53,51,0,0,1,54,51,4,0,0,0,0,0,0,0,0,12,190,1,37,37,18,36,18,37,36,35,36,-851583,8,4.863,0.015,13.634,38,0,16,0,0,35,1,1,0,0,0,1,0,0,0
20:51:54.025,273.6,4.4,327,0,0,0,53,51,0,0,1,55,52,4,0,0,0,0,0,0,0,0,12,190,1,37,37,18,18,18,37,36,35,36,-851583,8,4.863,0.015,13.647,38,0,16,0,0,35,1,1,0,0,0,1,0,0,0
20:51:54.125,259.9,5,328,0,0,0,52.6,51,0,0,1,55,52,4,0,0,0,0,0,0,0,0,12,190,1,37,37,18,36,18,37,36,35,36,-851583,8,4.863,0.015,13.675,38,0,16,0,0,35,1,1,0,0,0,1,0,0,0
20:51:54.225,247.5,5.2,327,0,0,0,52,51,0,0,1,54,51,4,0,0,0,0,0,0,0,0,12,190,1,37,37,18,36,18,37,36,35,36,-851583,8,4.863,0.015,13.654,38,0,16,0,0,35,1,1,0,0,0,1,0,0,0
20:51:54.325,239.4,4.9,327,0,0,0,52,51,0,0,1,54,51,4,0,0,0,0,0,0,0,0,12,190,1,37,37,18,36,18,37,36,35,36,-851583,8,4.863,0.015,13.647,38,0,16,0,0,35,1,1,0,0,0,1,0,0,0
20:51:54.425,230.6,4.4,328,0,0,0,52,51,0,0,1,52,50,4,0,0,0,0,0,0,0,0,12,190,1,37,37,18,36,18,37,36,35,36,-851583,8,4.863,0.015,13.641,38,0,16,0,0,35,1,1,0,0,0,1,0,0,0
20:51:54.525,218.3,3.6,327,0,0,0,52,51,0,0,1,54,52,4,0,0,0,0,0,0,0,0,12,190,1,37,37,18,36,18,37,36,35,36,-851583,8,4.863,0.015,13.641,38,0,16,0,0,35,1,1,0,0,0,1,0,0,0
20:51:54.625,204.8,4.1,327,0,0,0,52,51,0,0,1,54,51,4,0,0,0,0,0,0,0,0,12,190,1,37,37,18,36,18,37,36,35,36,-851583,8,4.863,0.015,13.641,38,0,16,0,0,35,1,1,0,0,0,1,0,0,0
20:51:54.725,195.2,4,328,0,0,0,52,51,0,0,1,54,51,4,0,0,0,0,0,0,0,0,12,190,1,37,37,18,36,18,37,36,35,36,-851583,8,4.863,0.015,13.627,38,0,16,0,0,35,1,1,0,0,0,1,0,0,0
20:51:54.825,182.8,3.6,327,0,0,0,52,51,0,0,1,56,51,4,0,0,0,0,0,0,0,0,12,190,1,37,37,18,36,18,37,36,35,36,-851583,8,4.863,0.015,13.641,38,0,16,0,0,35,1,1,0,0,0,1,0,0,0
20:51:54.925,169,3.5,327,0,0,0,52,51,0,0,1,56,51,4,0,0,0,0,0,0,0,0,12,190,1,37,37,18,36,18,37,36,35,36,-851583,8,4.863,0.015,13.627,38,0,16,0,0,35,1,1,0,0,0,1,0,0,0
20:51:55.025,157,2.4,327,0,0,0,52,51,0,0,1,56,52,4,0,0,0,0,0,0,0,0,12,190,1,37,37,18,36,18,37,36,35,36,-851583,8,4.863,0.015,13.627,38,0,16,0,0,35,1,1,0,0,0,1,0,0,0
20:51:55.125,147.6,3.3,328,0,0,0,52,51,0,0,1,56,52,4,0,0,0,0,0,0,0,0,12,190,1,37,37,18,36,18,37,36,35,36,-851583,8,4.863,0.015,13.634,38,0,16,0,0,35,1,1,0,0,0,1,0,0,0
20:51:55.225,138.5,2.2,328,0,0,0,52,51,0,0,1,56,52,5,0,0,0,0,0,0,0,0,12,190,1,37,37,18,36,18,37,36,35,36,-851583,8,4.863,0.015,13.62,38,0,16,0,0,35,1,1,0,0,0,1,0,0,0
20:51:55.325,129.6,1.7,327,0,0,0,52,50.9,0,0,1,55,52,5,0,0,0,0,0,0,0,0,12,190,1,37,37,18,36,18,37,36,35,36,-851583,8,4.863,0.015,13.634,38,0,16,0,0,35,1,1,0,0,0,1,0,0,0
20:51:55.425,120.1,1.6,327,0,0,0,52,50.9,0,0,1,55,54,5,0,0,0,0,0,0,0,0,12,190,1,37,37,18,36,18,37,36,35,36,-851583,8,4.863,0.015,13.627,37,0,16,0,0,35,1,1,0,0,0,1,0,0,0
20:51:55.525,112,1.6,327,0,0,0,52,50.9,0,0,1,55,54,5,0,0,0,0,0,0,0,0,12,190,1,37,37,18,36,18,37,36,35,36,-851583,8,4.863,0.015,13.613,38,0,16,0,0,35,1,1,0,0,0,1,0,0,0
20:51:55.625,103,2.5,327,0,0,0,52,50.9,0,0,1,55,51,5,0,0,0,0,0,0,0,0,12,190,1,37,37,18,36,18,37,36,35,36,-851583,8,4.863,0.015,13.634,38,0,16,0,0,35,1,1,0,0,0,1,0,0,0
20:51:55.725,93.7,1.4,326,0,0,0,52,50.9,0,0,1,55,52,5,0,0,0,0,0,0,0,0,12,190,1,37,37,18,36,18,37,36,35,36,-851583,8,4.863,0.015,13.62,38,0,16,0,0,35,1,1,0,0,0,1,0,0,0
20:51:55.825,82.8,1.9,327,0,0,0,52,50.9,0,0,1,54,52,5,0,0,0,0,0,0,0,0,12,190,1,37,37,18,36,18,37,36,35,36,-851583,8,4.863,0.015,13.627,38,0,16,0,0,35,1,1,0,0,0,1,0,0,0
20:51:55.925,72.8,1.5,328,0,0,0,52,50.9,0,0,1,55,54,5,0,0,0,0,0,0,0,0,12,190,1,37,37,18,36,18,37,36,35,36,-851583,8,4.863,0.015,13.641,38,0,16,0,0,35,1,1,0,0,0,1,0,0,0
20:51:56.025,62.9,1,327,0,0,0,52,50.9,0,0,1,55,51,5,0,0,0,0,0,0,0,0,12,190,1,37,37,18,36,18,37,36,35,36,-851583,8,4.863,0.015,13.627,38,0,16,0,0,35,1,1,0,0,0,1,0,0,0
20:51:56.125,54,1.2,327,0,0,0,52,50.9,0,0,1,55,52,5,0,0,0,0,0,0,0,0,12,190,1,37,37,18,36,18,37,36,35,36,-851583,8,4.863,0.015,13.62,38,0,16,0,0,35,1,1,0,0,0,1,0,0,0
20:51:56.225,45.9,1.4,327,0,0,0,52,50.9,0,0,1,54,51,5,0,0,0,0,0,0,0,0,12,190,1,37,37,18,36,18,37,36,35,36,-851583,8,4.863,0.015,13.627,38,0,16,0,0,35,1,1,0,0,0,1,0,0,0
20:51:56.325,37,0.1,327,0,0,0,52,50.9,0,0,1,55,52,5,0,0,0,0,0,0,0,0,12,190,1,37,37,18,36,18,37,36,35,36,-851583,8,4.863,0.015,13.62,38,0,16,0,0,35,1,1,0,0,0,1,0,0,0
20:51:56.425,26.5,0.7,327,0,0,0,52,50.9,0,0,1,54,51,5,0,0,0,0,0,0,0,0,12,190,1,37,37,18,36,18,37,36,35,36,-851583,8,4.863,0.015,13.62,38,0,16,0,0,35,1,1,0,0,0,1,0,0,0
20:51:56.525,16.4,0.5,328,0,0,0,52,50.9,0,0,1,54,52,5,0,0,0,0,0,0,0,0,12,190,1,37,37,18,36,18,37,35,35,36,-851583,8,4.863,0.015,13.613,38,0,16,0,0,35,1,1,0,0,0,1,0,0,0
20:51:56.625,6.5,-0.6,328,0,0,0,52,50.9,0,0,1,54,52,5,0,0,0,0,0,0,0,0,12,190,1,37,37,18,36,18,37,36,35,36,-851583,8,4.863,0.015,13.641,38,0,16,0,0,35,1,1,0,0,0,1,0,0,0
20:51:56.725,-0.3,-0.5,327,0,0,0,52,50.9,0,0,1,54,52,5,0,0,0,0,0,0,0,0,12,190,1,37,37,18,36,18,37,36,35,36,-851583,8,4.863,0.015,13.6,38,0,16,0,0,35,1,1,0,0,0,1,0,0,0
20:51:56.825,-1,-0.6,327,0,0,0,52,50.9,0,0,1,55,52,5,0,0,0,0,0,0,0,0,12,190,1,37,37,18,36,18,37,36,35,36,-851583,8,4.863,0.015,13.634,38,0,16,0,0,35,1,1,0,0,0,1,0,0,0
20:51:56.925,-0.1,-0.5,326,0,0,0,51.1,50.9,0,0,1,54,51,5,0,0,0,0,0,0,0,0,12,190,1,37,37,18,36,18,37,36,36,36,-851583,8,4.863,0.015,13.641,38,0,16,0,0,35,1,1,0,0,0,1,0,0,0
20:51:57.025,0,-0.5,327,0,0,0,51,50.9,0,0,1,54,51,5,0,0,0,0,0,0,0,0,12,190,1,37,37,18,36,18,37,36,35,36,-851583,8,4.863,0.015,13.641,38,0,16,0,0,35,1,1,0,0,0,1,0,0,0
20:51:57.125,0,-0.5,327,0,0,0,51,50.9,0,0,1,55,52,5,0,0,0,0,0,0,0,0,12,190,1,37,37,18,37,18,37,36,35,36,-851583,8,4.863,0.015,13.62,38,0,16,0,0,35,1,1,0,0,0,1,0,0,0
20:51:57.225,0,-0.5,327,0,0,0,51,50.9,0,0,1,55,51,5,0,0,0,0,0,0,0,0,12,190,1,37,37,18,36,18,37,36,35,36,-851583,8,4.863,0.015,13.62,38,0,16,0,0,35,1,1,0,0,0,1,0,0,0
20:51:57.325,0,-0.4,327,0,0,0,51,50.9,0,0,1,55,52,5,0,0,0,0,0,0,0,0,12,190,1,37,37,18,36,18,37,36,35,36,-851583,8,4.863,0.015,13.647,38,0,16,0,0,35,1,1,0,0,0,1,0,0,0
20:51:57.425,0,-0.6,327,0,0,0,51,50.9,0,0,1,54,51,5,0,0,0,0,0,0,0,0,12,190,1,37,37,18,36,18,37,36,35,36,-851583,8,4.863,0.015,13.627,38,0,16,0,0,35,1,1,0,0,0,1,0,0,0
20:51:57.525,0,-0.6,327,0,0,0,51,50.9,0,0,1,55,51,5,0,0,0,0,0,0,0,0,12,190,1,37,37,18,36,18,37,36,35,36,-851583,8,4.863,0.015,13.627,38,0,16,0,0,35,1,1,0,0,0,1,0,0,0
20:51:57.625,0,-0.5,327,0,0,0,51,50.9,0,0,1,54,51,5,0,0,0,0,0,0,0,0,12,190,1,37,37,18,36,18,37,36,35,36,-851583,8,4.863,0.015,13.647,38,0,16,0,0,35,1,1,0,0,0,1,0,0,0
20:51:57.725,0,-0.4,326,0,0,0,51,50.9,0,0,1,55,51,4,0,0,0,0,0,0,0,0,12,190,1,37,37,18,36,18,37,36,35,36,-851583,8,4.863,0.015,13.627,38,0,16,0,0,35,1,1,0,0,0,1,0,0,0
20:51:57.825,0,-0.6,327,0,0,0,51,50.9,0,0,1,54,51,5,0,0,0,0,0,0,0,0,12,190,1,37,37,18,36,18,37,36,35,36,-851583,8,4.863,0.015,13.654,38,0,16,0,0,35,1,1,0,0,0,1,0,0,0
20:51:57.925,0,-0.3,327,0,0,0,51,50.9,0,0,1,55,52,5,0,0,0,0,0,0,0,0,12,190,1,37,37,18,36,18,37,36,35,36,-851583,8,4.863,0.015,13.641,38,0,16,0,0,35,1,1,0,0,0,1,0,0,0
20:51:58.025,0,-0.4,327,0,0,0,51,50.9,0,0,1,55,51,5,0,0,0,0,0,0,0,0,12,190,1,37,37,18,36,18,37,36,35,36,-851583,8,4.863,0.015,13.634,38,0,16,0,0,35,1,1,0,0,0,1,0,0,0
20:51:58.125,0,-0.5,327,0,0,0,51,50.9,0,0,1,55,51,5,0,0,0,0,0,0,0,0,12,190,1,37,37,18,36,18,37,36,35,36,-851583,8,4.863,0.015,13.634,38,0,16,0,0,35,1,1,0,0,0,1,0,0,0
20:51:58.225,0,-0.4,326,0,0,0,51,50.9,0,0,1,54,51,5,0,0,0,0,0,0,0,0,12,190,1,37,37,18,36,18,37,36,36,36,-851583,8,4.863,0.015,13.647,38,0,16,0,0,35,1,1,0,0,0,1,0,0,0
20:51:58.325,0,-0.5,327,0,0,0,51,50.9,0,0,1,54,52,5,0,0,0,0,0,0,0,0,12,190,1,37,37,18,36,18,37,36,36,36,-851583,8,4.863,0.015,13.641,38,0,16,0,0,35,1,1,0,0,0,1,0,0,0
20:51:58.425,0,-0.5,327,0,0,0,51,50.9,0,0,1,55,52,5,0,0,0,0,0,0,0,0,12,190,1,37,37,18,36,18,37,36,35,36,-851583,8,4.863,0.015,13.634,38,0,16,0,0,35,1,1,0,0,0,1,0,0,0
20:51:58.525,0,-0.5,328,0,0,0,51,50.9,0,0,1,55,51,5,0,0,0,0,0,0,0,0,12,190,1,37,37,18,36,18,37,36,35,36,-851583,8,4.863,0.015,13.641,37,0,16,0,0,35,1,1,0,0,0,1,0,0,0
20:51:58.625,0,-0.6,327,0,0,0,51,50.9,0,0,1,57,51,5,0,0,0,0,0,0,0,0,12,190,1,37,37,18,36,18,37,36,36,36,-851583,8,4.863,0.015,13.62,38,0,16,0,0,35,1,1,0,0,0,1,0,0,0
20:51:58.725,0,-0.5,328,0,0,0,51,50.9,0,0,1,56,52,5,0,0,0,0,0,0,0,0,12,190,1,37,37,18,36,18,37,36,35,36,-851583,8,4.863,0.015,13.654,38,0,16,0,0,35,1,1,0,0,0,1,0,0,0
20:51:58.825,0,0.3,327,0,0,0,51,50.9,0,0,1,57,51,5,0,0,0,0,0,0,0,0,12,190,1,37,37,18,36,18,37,36,36,36,-851583,8,4.863,0.015,13.634,38,0,16,0,0,35,1,1,0,0,0,1,0,0,0
20:51:58.925,0,-0.5,329,0,0,0,51,50.9,0,0,1,55,52,5,0,0,0,0,0,0,0,0,12,190,1,37,37,18,36,18,37,36,36,36,-851583,8,4.863,0.015,13.62,38,0,16,0,0,35,1,1,0,0,0,1,0,0,0
20:51:59.025,0,-0.5,328,0,0,0,51,50.9,0,0,1,57,54,4,0,0,0,0,0,0,0,0,12,190,1,37,37,18,36,18,37,36,36,36,-851583,8,4.863,0.015,13.627,38,0,16,0,0,35,1,1,0,0,0,1,0,0,0
20:51:59.125,0,-0.4,327,0,0,0,51,50.9,0,0,1,55,52,5,0,0,0,0,0,0,0,0,12,190,1,37,37,18,36,18,37,36,35,36,-851583,8,4.863,0.015,13.654,38,0,16,0,0,35,1,1,0,0,0,1,0,0,0
20:51:59.225,0,-0.5,327,0,0,0,51,50.9,0,0,1,56,52,5,0,0,0,0,0,0,0,0,12,190,1,37,37,18,36,18,37,36,36,36,-851583,8,4.863,0.015,13.641,38,0,16,0,0,35,1,1,0,0,0,1,0,0,0
20:51:59.325,0,-0.4,328,0,0,0,51,50.9,0,0,1,55,52,5,0,0,0,0,0,0,0,0,12,190,1,37,37,18,36,18,37,36,36,36,-851583,8,4.863,0.015,13.62,38,0,16,0,0,35,1,1,0,0,0,1,0,0,0
20:51:59.425,0,-0.4,327,0,0,0,51,50.9,0,0,1,55,52,5,0,0,0,0,0,0,0,0,12,190,1,37,37,18,36,18,37,36,36,36,-851583,8,4.863,0.015,13.641,38,0,16,0,0,35,1,1,0,0,0,1,0,0,0
20:51:59.525,0,-0.5,328,0,0,0,51,50.9,0,0,1,55,51,5,0,0,0,0,0,0,0,0,12,190,1,37,37,18,36,18,37,36,36,36,-851583,8,4.863,0.015,13.62,38,0,16,0,0,35,1,1,0,0,0,1,0,0,0
20:51:59.625,0,-0.4,327,0,0,0,51,50.9,0,0,1,55,54,5,0,0,0,0,0,0,0,0,12,190,1,37,37,18,36,18,37,36,36,36,-851583,8,4.863,0.015,13.634,38,0,16,0,0,35,1,1,0,0,0,1,0,0,0
20:51:59.725,0,-0.5,327,0,0,0,51,50.9,0,0,1,55,52,5,0,0,0,0,0,0,0,0,12,190,1,37,37,18,36,18,37,36,36,36,-851583,8,4.863,0.015,13.634,38,0,16,0,0,35,1,1,0,0,0,1,0,0,0
20:51:59.825,0,-0.4,327,0,0,0,50.9,50.9,0,0,1,54,52,5,0,0,0,0,0,0,0,0,12,190,1,37,37,18,36,18,37,36,36,36,-851583,8,4.863,0.015,13.641,38,0,16,0,0,35,1,1,0,0,0,1,0,0,0
20:51:59.925,0,-0.6,327,0,0,0,50.4,50.9,0,0,1,55,51,5,0,0,0,0,0,0,0,0,12,190,1,37,37,18,36,18,37,36,36,36,-851583,8,4.863,0.015,13.634,38,0,16,0,0,35,1,1,0,0,0,1,0,0,0
20:52:00.025,0,-0.4,327,0,0,0,50,50.9,0,0,1,55,52,5,0,0,0,0,0,0,0,0,12,190,1,37,37,18,18,18,37,36,36,36,-851583,8,4.863,0.015,13.641,38,0,16,0,0,35,1,1,0,0,0,1,0,0,0
20:52:00.125,0,-0.6,328,0,0,0,50,50.9,0,0,1,54,52,5,0,0,0,0,0,0,0,0,12,190,1,37,37,18,36,18,37,36,36,36,-851583,8,4.863,0.015,13.62,38,0,16,0,0,35,1,1,0,0,0,1,0,0,0
20:52:00.225,0,-0.5,326,0,0,0,50,50.9,0,0,1,55,52,5,0,0,0,0,0,0,0,0,12,190,1,37,37,18,36,18,37,36,36,36,-851583,8,4.863,0.015,13.654,38,0,16,0,0,35,1,1,0,0,0,1,0,0,0
20:52:00.325,0,-0.4,328,0,0,0,50,50.9,0,0,1,55,52,5,0,0,0,0,0,0,0,0,12,190,1,37,37,18,36,18,37,36,36,36,-851583,8,4.863,0.015,13.647,38,0,16,0,0,35,1,1,0,0,0,1,0,0,0
20:52:00.425,0,-0.5,328,0,0,0,50,50.9,0,0,1,55,52,5,0,0,0,0,0,0,0,0,12,190,1,37,37,18,36,18,37,36,36,36,-851583,8,4.863,0.015,13.62,38,0,16,0,0,35,1,1,0,0,0,1,0,0,0
20:52:00.525,0,-0.5,327,0,0,0,50,50.9,0,0,1,55,52,5,0,0,0,0,0,0,0,0,12,190,1,37,37,18,36,18,37,36,36,36,-851583,8,4.863,0.015,13.647,38,0,16,0,0,35,1,1,0,0,0,1,0,0,0
20:52:00.625,0,-0.6,327,0,0,0,50,50.9,0,0,1,55,52,5,0,0,0,0,0,0,0,0,12,190,1,37,37,18,36,18,37,36,36,36,-851583,8,4.863,0.015,13.641,38,0,16,0,0,35,1,1,0,0,0,1,0,0,0
20:52:00.725,0,-0.5,327,0,0,0,50,50.9,0,0,1,55,52,5,0,0,0,0,0,0,0,0,12,190,1,37,37,18,36,18,37,36,36,36,-851583,8,4.863,0.015,13.647,38,0,16,0,0,35,1,1,0,0,0,1,0,0,0
20:52:00.825,0,-0.5,327,0,0,0,50,50.9,0,0,1,54,52,5,0,0,0,0,0,0,0,0,12,190,1,37,37,18,36,18,37,36,36,36,-851583,8,4.863,0.015,13.641,38,0,16,0,0,35,1,1,0,0,0,1,0,0,0
20:52:00.925,-0.3,-0.5,328,0,0,0,50,50.9,0,0,1,55,51,5,0,0,0,0,0,0,0,0,12,190,1,37,37,18,36,18,37,36,36,36,-851583,8,4.863,0.015,13.606,38,0,16,0,0,35,1,1,0,0,0,1,0,0,0
20:52:01.025,0.2,-0.5,327,0,0,0,50,50.9,0,0,1,55,52,5,0,0,0,0,0,0,0,0,12,190,1,37,37,18,36,18,37,36,36,36,-851583,8,4.863,0.015,13.641,38,0,16,0,0,35,1,1,0,0,0,1,0,0,0
20:52:01.125,0.9,-0.3,329,0,0,0,50,50.9,0,0,1,55,51,5,0,0,0,0,0,0,0,0,12,190,1,37,37,18,36,18,37,36,36,36,-851583,8,4.863,0.015,13.627,38,0,16,0,0,35,1,1,0,0,0,1,0,0,0
20:52:01.225,-1.4,-0.5,327,0,0,0,50,50.9,0,0,1,55,51,5,0,0,0,0,0,0,0,0,12,190,1,37,37,18,36,18,37,36,36,36,-851583,8,4.863,0.015,13.641,38,0,16,0,0,35,1,1,0,0,0,1,0,0,0
20:52:01.325,-3.8,-0.5,327,0,0,0,50,50.9,0,0,1,55,52,5,0,0,0,0,0,0,0,0,12,190,1,37,37,18,36,18,37,36,36,36,-851583,8,4.863,0.015,13.627,38,0,16,0,0,35,1,1,0,0,0,1,0,0,0
20:52:01.425,-3.2,0.5,328,0,0,0,50,50.9,0,0,1,54,51,5,0,0,0,0,0,0,0,0,12,190,1,37,37,18,36,18,37,36,36,36,-851583,8,4.863,0.015,13.627,38,0,16,0,0,35,1,1,0,0,0,1,0,0,0
20:52:01.525,-1.9,0.6,327,0,0,0,50,50.9,0,0,1,55,52,5,0,0,0,0,0,0,0,0,12,190,1,37,37,18,36,18,37,36,36,36,-851583,8,4.863,0.015,13.641,38,0,16,0,0,35,1,1,0,0,0,1,0,0,0
20:52:01.625,-0.3,0.4,327,0,0,0,50,50.9,0,0,1,55,52,5,0,0,0,0,0,0,0,0,12,190,1,37,37,18,36,18,37,36,36,36,-851583,8,4.863,0.015,13.641,38,0,16,0,0,35,1,1,0,0,0,1,0,0,0
20:52:01.725,0.1,0.5,328,0,0,0,50,50.9,0,0,1,55,52,5,0,0,0,0,0,0,0,0,12,190,1,37,37,18,36,18,37,36,36,36,-851583,8,4.863,0.015,13.627,38,0,16,0,0,35,1,1,0,0,0,1,0,0,0
20:52:01.825,-0.3,0.5,328,0,0,0,50,50.9,0,0,1,55,52,5,0,0,0,0,0,0,0,0,12,190,1,37,37,18,36,18,37,36,36,36,-851583,8,4.863,0.015,13.627,38,0,16,0,0,35,1,1,0,0,0,1,0,0,0
20:52:01.925,0,0.5,328,0,0,0,50,50.9,0,0,1,54,51,5,0,0,0,0,0,0,0,0,12,190,1,37,37,18,36,18,37,36,36,36,-851583,8,4.863,0.015,13.627,38,0,16,0,0,35,1,1,0,0,0,1,0,0,0
20:52:02.025,0,0.4,329,0,0,0,50,50.9,0,0,1,55,51,5,0,0,0,0,0,0,0,0,12,190,1,37,37,18,36,18,37,36,36,36,-851583,8,4.863,0.015,13.634,38,0,16,0,0,35,1,1,0,0,0,1,0,0,0
20:52:02.125,0,0.5,326,0,0,0,50,50.9,0,0,1,54,51,5,0,0,0,0,0,0,0,0,12,190,1,37,37,18,36,18,37,36,36,36,-851583,8,4.863,0.015,13.641,38,0,16,0,0,35,1,1,0,0,0,1,0,0,0
20:52:02.225,0,0.4,327,0,0,0,50,50.9,0,0,1,55,52,5,0,0,0,0,0,0,0,0,12,190,1,37,37,18,36,18,37,36,36,36,-851583,8,4.863,0.015,13.641,38,0,16,0,0,35,1,1,0,0,0,1,0,0,0
20:52:02.325,0,0.5,327,0,0,0,50,50.9,0,0,1,54,51,5,0,0,0,0,0,0,0,0,12,190,1,37,37,18,36,18,37,36,36,36,-851583,8,4.863,0.015,13.634,38,0,16,0,0,35,1,1,0,0,0,1,0,0,0
20:52:02.425,0,0.4,328,0,0,0,50,50.9,0,0,1,57,52,5,0,0,0,0,0,0,0,0,12,190,1,37,37,18,36,18,37,36,36,36,-851583,8,4.863,0.015,13.641,38,0,16,0,0,35,1,1,0,0,0,1,0,0,0
20:52:02.525,0,0.5,327,0,0,0,50,50.9,0,0,1,57,52,5,0,0,0,0,0,0,0,0,12,190,1,37,37,18,36,18,37,36,36,36,-851583,8,4.863,0.015,13.641,38,0,16,0,0,35,1,1,0,0,0,1,0,0,0
20:52:02.625,0,0.6,327,0,0,0,50,50.9,0,0,1,56,52,5,0,0,0,0,0,0,0,0,12,190,1,37,37,18,36,18,37,36,36,36,-851583,8,4.863,0.015,13.641,38,0,16,0,0,35,1,1,0,0,0,1,0,0,0
20:52:02.725,0,0.6,327,0,0,0,50,50.9,0,0,1,56,54,5,0,0,0,0,0,0,0,0,12,190,1,37,37,18,36,18,37,36,36,36,-851583,8,4.863,0.015,13.641,38,0,16,0,0,35,1,1,0,0,0,1,0,0,0
20:52:02.825,0,0.4,327,0,0,0,50,50.9,0,0,1,57,52,5,0,0,0,0,0,0,0,0,12,190,1,37,37,18,36,18,37,36,36,36,-851583,8,4.863,0.015,13.62,38,0,16,0,0,35,1,1,0,0,0,1,0,0,0
20:52:02.925,0,0.4,327,0,0,0,50,50.9,0,0,1,55,54,5,0,0,0,0,0,0,0,0,12,190,1,37,37,18,36,18,37,36,36,36,-851583,8,4.863,0.015,13.641,38,0,16,0,0,35,1,1,0,0,0,1,0,0,0
20:52:03.025,0,0.6,326,0,0,0,50,50.9,0,0,1,55,52,5,0,0,0,0,0,0,0,0,12,190,1,37,37,18,36,18,37,36,36,36,-851583,8,4.863,0.015,13.641,38,0,16,0,0,35,1,1,0,0,0,1,0,0,0
20:52:03.125,0,0.4,328,0,0,0,50,50.9,0,0,1,56,51,5,0,0,0,0,0,0,0,0,12,190,1,37,37,18,37,18,37,36,36,36,-851583,8,4.863,0.015,13.641,38,0,16,0,0,35,1,1,0,0,0,1,0,0,0
20:52:03.225,0,0.6,328,0,0,0,50,50.9,0,0,1,56,51,5,0,0,0,0,0,0,0,0,12,190,1,37,37,18,36,18,37,36,36,36,-851583,8,4.863,0.015,13.634,38,0,16,0,0,35,1,1,0,0,0,1,0,0,0
20:52:03.325,0,0.4,327,0,0,0,50,50.8,0,0,1,55,52,5,0,0,0,0,0,0,0,0,12,190,1,37,37,18,37,18,37,36,36,36,-851583,8,4.863,0.015,13.647,38,0,16,0,0,35,1,1,0,0,0,1,0,0,0
20:52:03.425,0,0.5,328,0,0,0,50,50.8,0,0,1,55,52,5,0,0,0,0,0,0,0,0,12,190,1,37,37,18,36,18,37,36,36,36,-851583,8,4.863,0.015,13.641,38,0,16,0,0,35,1,1,0,0,0,1,0,0,0
20:52:03.525,0,0.5,328,0,0,0,49.9,50.7,0,0,1,55,52,5,0,0,0,0,0,0,0,0,12,190,1,37,37,18,36,18,37,36,36,36,-851583,8,4.863,0.015,13.654,38,0,16,0,0,35,1,1,0,0,0,1,0,0,0
20:52:03.625,0,0.6,328,0,0,0,49,50.7,0,0,1,55,51,5,0,0,0,0,0,0,0,0,12,190,1,37,37,18,36,18,37,36,36,36,-851583,8,4.863,0.015,13.613,38,0,16,0,0,35,1,1,0,0,0,1,0,0,0
20:52:03.725,0,0.5,328,0,0,0,49,50.5,0,0,1,55,52,5,0,0,0,0,0,0,0,0,12,190,1,37,37,18,36,18,37,36,36,36,-851583,8,4.863,0.015,13.634,38,0,16,0,0,35,1,1,0,0,0,1,0,0,0
20:52:03.825,0,0.6,327,0,0,0,49,50.5,0,0,1,55,51,5,0,0,0,0,0,0,0,0,12,190,1,37,37,18,36,18,37,36,36,36,-851583,8,4.863,0.015,13.627,38,0,16,0,0,35,1,1,0,0,0,1,0,0,0
20:52:03.925,0,0.5,327,0,0,0,49,50.8,0,0,1,55,52,5,0,0,0,0,0,0,0,0,12,190,1,37,37,18,36,18,37,36,36,36,-851583,8,4.863,0.015,13.613,38,0,16,0,0,35,1,1,0,0,0,1,0,0,0
20:52:04.025,0,0.5,327,0,0,0,49,50.5,0,0,1,55,52,5,0,0,0,0,0,0,0,0,12,190,1,37,37,18,36,18,37,36,36,36,-851583,8,4.863,0.015,13.654,38,0,16,0,0,35,1,1,0,0,0,1,0,0,0
20:52:04.125,0,0.6,326,0,0,0,49,50.5,0,0,1,55,51,5,0,0,0,0,0,0,0,0,12,190,1,37,37,18,36,18,37,36,36,36,-851583,8,4.863,0.015,13.634,38,0,16,0,0,35,1,1,0,0,0,1,0,0,0
20:52:04.225,0,0.5,328,0,0,0,49,50.5,0,0,1,55,52,5,0,0,0,0,0,0,0,0,12,190,1,37,37,18,36,18,37,36,36,36,-851583,8,4.863,0.015,13.627,38,0,16,0,0,35,1,1,0,0,0,1,0,0,0
20:52:04.325,0,0.4,328,0,0,0,49,50.6,0,0,1,55,52,5,0,0,0,0,0,0,0,0,12,190,1,37,37,18,36,18,37,36,36,36,-851583,8,4.863,0.015,13.613,38,0,16,0,0,35,1,1,0,0,0,1,0,0,0
20:52:04.425,0,0.5,329,0,0,0,49,50.3,0,0,1,55,51,5,0,0,0,0,0,0,0,0,12,190,1,37,37,18,36,18,37,36,36,36,-851583,8,4.863,0.015,13.654,38,0,16,0,0,35,1,1,0,0,0,1,0,0,0
20:52:04.525,0,0.6,327,0,0,0,49,50.2,0,0,1,55,51,5,0,0,0,0,0,0,0,0,12,190,1,37,37,18,36,18,37,36,36,36,-851583,8,4.863,0.015,13.634,38,0,16,0,0,35,1,1,0,0,0,1,0,0,0
20:52:04.625,0,0.5,327,0,0,0,49,50.5,0,0,1,55,51,5,0,0,0,0,0,0,0,0,12,190,1,37,37,18,36,18,37,36,36,36,-851583,8,4.863,0.015,13.62,38,0,16,0,0,35,1,1,0,0,0,1,0,0,0
20:52:04.725,0,0.5,327,0,0,0,49,50.3,0,0,1,54,52,5,0,0,0,0,0,0,0,0,12,190,1,37,37,18,36,18,37,36,36,36,-851583,8,4.863,0.015,13.675,38,0,16,0,0,35,1,1,0,0,0,1,0,0,0
20:52:04.825,0,0.5,328,0,0,0,49,50.2,0,0,1,55,52,5,0,0,0,0,0,0,0,0,12,190,1,37,37,18,36,18,37,36,36,36,-851583,8,4.863,0.015,13.627,38,0,16,0,0,35,1,1,0,0,0,1,0,0,0
20:52:04.925,0,0.5,328,0,0,0,49,50.3,0,0,1,55,50,5,0,0,0,0,0,0,0,0,12,190,1,37,37,18,36,18,37,36,36,36,-851583,8,4.863,0.015,13.62,38,0,16,0,0,35,1,1,0,0,0,1,0,0,0
20:52:05.025,0,0.4,328,0,0,0,49,50.3,0,0,1,55,52,5,0,0,0,0,0,0,0,0,12,190,1,37,37,18,36,18,37,36,36,36,-851583,8,4.863,0.015,13.647,38,0,16,0,0,35,1,1,0,0,0,1,0,0,0
20:52:05.125,0,0.5,327,0,0,0,49,50.3,0,0,1,55,51,5,0,0,0,0,0,0,0,0,12,190,1,37,37,18,36,18,37,36,36,36,-851583,8,4.863,0.015,13.647,38,0,16,0,0,35,1,1,0,0,0,1,0,0,0
20:52:05.225,0,0.4,328,0,0,0,49,50.1,0,0,1,55,52,5,0,0,0,0,0,0,0,0,12,190,1,37,37,18,36,18,37,36,36,36,-851583,8,4.863,0.015,13.641,38,0,16,0,0,35,1,1,0,0,0,1,0,0,0
20:52:05.325,0,0.5,328,0,0,0,49,50.1,0,0,1,55,52,5,0,0,0,0,0,0,0,0,12,190,1,37,37,18,36,18,37,36,36,36,-851583,8,4.863,0.015,13.641,38,0,16,0,0,35,1,1,0,0,0,1,0,0,0
20:52:05.425,0,0.5,328,0,0,0,49,50.2,0,0,1,55,52,5,0,0,0,0,0,0,0,0,12,190,1,37,37,18,36,18,37,36,36,36,-851583,8,4.863,0.015,13.634,38,0,16,0,0,35,1,1,0,0,0,1,0,0,0
20:52:05.525,0,0.5,328,0,0,0,49,50.1,0,0,1,55,52,5,0,0,0,0,0,0,0,0,12,190,1,37,37,18,36,18,37,36,36,36,-851583,8,4.863,0.015,13.634,38,0,16,0,0,35,1,1,0,0,0,1,0,0,0
20:52:05.625,0,0.5,329,0,0,0,49,50.1,0,0,1,55,52,5,0,0,0,0,0,0,0,0,12,190,1,37,37,18,36,18,37,36,36,36,-851583,8,4.863,0.015,13.627,38,0,16,0,0,35,1,1,0,0,0,1,0,0,0
20:52:05.725,0,0.5,328,0,0,0,49,50,0,0,1,55,51,5,0,0,0,0,0,0,0,0,12,190,1,37,37,18,36,18,37,36,36,36,-851583,8,4.863,0.015,13.634,38,0,16,0,0,35,1,1,0,0,0,1,0,0,0
20:52:05.825,0,0.5,327,0,0,0,49,50,0,0,1,55,52,5,0,0,0,0,0,0,0,0,12,190,1,37,37,18,36,18,37,36,36,36,-851583,8,4.863,0.015,13.641,38,0,16,0,0,35,1,1,0,0,0,1,0,0,0
20:52:05.925,0,0.5,326,0,0,0,49,50,0,0,1,54,51,5,0,0,0,0,0,0,0,0,12,190,1,37,37,18,37,18,37,36,36,36,-851583,8,4.863,0.015,13.647,38,0,16,0,0,35,1,1,0,0,0,1,0,0,0
20:52:06.025,0,0.5,327,0,0,0,49,50,0,0,1,55,52,5,0,0,0,0,0,0,0,0,12,190,1,37,37,18,18,18,37,36,36,36,-851583,8,4.863,0.015,13.634,38,0,16,0,0,35,1,1,0,0,0,1,0,0,0
20:52:06.125,0,0.6,327,0,0,0,49,50,0,0,1,57,51,5,0,0,0,0,0,0,0,0,12,190,1,37,37,18,36,18,37,36,36,36,-851583,8,4.863,0.015,13.62,38,0,16,0,0,35,1,1,0,0,0,1,0,0,0
20:52:06.225,0,0.5,328,0,0,0,49,50,0,0,1,58,54,5,0,0,0,0,0,0,0,0,12,190,1,37,37,18,36,18,37,36,36,36,-851583,8,4.863,0.015,13.613,38,0,16,0,0,35,1,1,0,0,0,1,0,0,0
20:52:06.325,0,0.4,327,0,0,0,49,50,0,0,1,57,51,5,0,0,0,0,0,0,0,0,12,190,1,37,37,18,36,18,37,36,36,36,-851583,8,4.863,0.015,13.647,38,0,16,0,0,35,1,1,0,0,0,1,0,0,0
20:52:06.425,0,0.5,328,0,0,0,49,50,0,0,1,56,54,5,0,0,0,0,0,0,0,0,12,190,1,37,37,18,36,18,37,36,36,36,-851583,8,4.863,0.015,13.627,38,0,16,0,0,35,1,1,0,0,0,1,0,0,0
20:52:06.525,0,0.5,328,0,0,0,49,50,0,0,1,56,52,5,0,0,0,0,0,0,0,0,12,190,1,37,37,18,36,18,37,36,36,36,-851583,8,4.863,0.015,13.62,38,0,16,0,0,35,1,1,0,0,0,1,0,0,0
20:52:06.625,0,0.4,327,0,0,0,49,50,0,0,1,57,54,5,0,0,0,0,0,0,0,0,12,190,1,37,37,18,36,18,37,36,36,36,-851583,8,4.863,0.015,13.634,37,0,16,0,0,35,1,1,0,0,0,1,0,0,0
20:52:06.725,0,0.4,329,0,0,0,49,50,0,0,1,56,52,5,0,0,0,0,0,0,0,0,12,190,1,37,37,18,36,18,37,36,36,36,-851583,8,4.863,0.015,13.641,38,0,16,0,0,35,1,1,0,0,0,1,0,0,0
20:52:06.825,0,0.5,328,0,0,0,49,50,0,0,1,55,52,4,0,0,0,0,0,0,0,0,12,190,1,37,37,18,36,18,37,36,36,36,-851583,8,4.863,0.015,13.634,38,0,16,0,0,35,1,1,0,0,0,1,0,0,0
20:52:06.925,0,0.6,328,0,0,0,49,50,0,0,1,56,54,5,0,0,0,0,0,0,0,0,12,190,1,37,37,18,36,18,37,36,36,36,-851583,8,4.863,0.015,13.641,38,0,16,0,0,35,1,1,0,0,0,1,0,0,0
20:52:07.025,0,0.4,328,0,0,0,49,50,0,0,1,55,51,5,0,0,0,0,0,0,0,0,12,190,1,37,37,18,36,18,37,36,36,36,-851583,8,4.863,0.015,13.627,38,0,16,0,0,35,1,1,0,0,0,1,0,0,0
20:52:07.125,0,0.5,328,0,0,0,49,50,0,0,1,55,52,5,0,0,0,0,0,0,0,0,12,190,1,37,37,18,36,18,37,36,36,36,-851583,8,4.863,0.015,13.613,38,0,16,0,0,35,1,1,0,0,0,1,0,0,0
20:52:07.225,0,0.4,327,0,0,0,49,50,0,0,1,56,52,5,0,0,0,0,0,0,0,0,12,190,1,37,37,18,36,18,37,36,36,36,-851583,8,4.863,0.015,13.627,38,0,16,0,0,35,1,1,0,0,0,1,0,0,0
20:52:07.325,0,0.4,327,0,0,0,49,50,0,0,1,55,52,5,0,0,0,0,0,0,0,0,12,190,1,37,37,18,36,18,37,36,36,36,-851583,8,4.863,0.015,13.627,38,0,16,0,0,35,1,1,0,0,0,1,0,0,0
20:52:07.425,0,0.6,328,0,0,0,49,50,0,0,1,55,54,5,0,0,0,0,0,0,0,0,12,190,1,37,37,18,36,18,37,36,36,36,-851583,8,4.863,0.015,13.634,38,0,16,0,0,35,1,1,0,0,0,1,0,0,0
20:52:07.525,0,0.5,328,0,0,0,49,50,0,0,1,55,52,5,0,0,0,0,0,0,0,0,12,190,1,37,37,18,36,18,37,36,36,36,-851583,8,4.863,0.015,13.627,38,0,16,0,0,35,1,1,0,0,0,1,0,0,0
20:52:07.625,0,0.6,328,0,0,0,49,50,0,0,1,55,51,5,0,0,0,0,0,0,0,0,12,190,1,37,37,18,36,18,37,36,36,36,-851583,8,4.863,0.015,13.62,38,0,16,0,0,35,1,1,0,0,0,1,0,0,0
20:52:07.725,0,0.5,328,0,0,0,49,50,0,0,1,55,51,5,0,0,0,0,0,0,0,0,12,190,1,37,37,18,36,18,37,36,36,36,-851583,8,4.863,0.015,13.634,38,0,16,0,0,35,1,1,0,0,0,1,0,0,0
20:52:07.825,0,0.5,328,0,0,0,49,50,0,0,1,55,52,5,0,0,0,0,0,0,0,0,12,190,1,37,37,18,36,18,37,36,36,36,-851583,8,4.863,0.015,13.606,38,0,16,0,0,35,1,1,0,0,0,1,0,0,0
20:52:07.925,0,0.4,328,0,0,0,49,50,0,0,1,54,52,5,0,0,0,0,0,0,0,0,12,190,1,37,37,18,36,18,37,36,36,36,-851583,8,4.863,0.015,13.641,38,0,16,0,0,35,1,1,0,0,0,1,0,0,0
20:52:08.025,0,0.5,327,0,0,0,49,50,0,0,1,55,52,5,0,0,0,0,0,0,0,0,12,190,1,37,37,18,36,18,37,36,36,36,-851583,8,4.863,0.015,13.634,38,0,16,0,0,35,1,1,0,0,0,1,0,0,0
20:52:08.125,0,0.4,328,0,0,0,49,50,0,0,1,55,52,5,0,0,0,0,0,0,0,0,12,190,1,37,37,18,36,18,37,36,36,36,-851583,8,4.863,0.015,13.647,38,0,16,0,0,35,1,1,0,0,0,1,0,0,0
20:52:08.225,0,0.6,328,0,0,0,49,50,0,0,1,55,52,5,0,0,0,0,0,0,0,0,12,190,1,37,37,18,36,18,37,36,36,36,-851583,8,4.863,0.015,13.647,38,0,16,0,0,35,1,1,0,0,0,1,0,0,0
20:52:08.325,0,0.5,327,0,0,0,49,50,0,0,1,55,52,5,0,0,0,0,0,0,0,0,12,190,1,37,37,18,36,18,37,36,36,36,-851583,8,4.863,0.015,13.627,38,0,16,0,0,35,1,1,0,0,0,1,0,0,0
20:52:08.425,0,0.5,328,0,0,0,49,50,0,0,1,55,51,5,0,0,0,0,0,0,0,0,12,190,1,37,37,18,36,18,37,36,36,36,-851583,8,4.863,0.015,13.627,38,0,16,0,0,35,1,1,0,0,0,1,0,0,0
20:52:08.525,0,0.6,328,0,0,0,49,50,0,0,1,56,52,5,0,0,0,0,0,0,0,0,12,190,1,37,37,18,36,18,37,36,36,36,-851583,8,4.863,0.015,13.634,38,0,16,0,0,35,1,1,0,0,0,1,0,0,0
20:52:08.625,0,0.5,328,0,0,0,48.9,50,0,0,1,54,51,5,0,0,0,0,0,0,0,0,12,190,1,37,37,18,36,18,37,36,36,36,-851583,8,4.863,0.015,13.627,38,0,16,0,0,35,1,1,0,0,0,1,0,0,0
20:52:08.725,0,0.5,327,0,0,0,48.7,50,0,0,1,55,52,5,0,0,0,0,0,0,0,0,12,190,1,37,37,18,36,18,37,36,36,36,-851583,8,4.863,0.015,13.627,38,0,16,0,0,35,1,1,0,0,0,1,0,0,0
20:52:08.825,0,0.4,328,0,0,0,48.1,50,0,0,1,55,51,5,0,0,0,0,0,0,0,0,12,190,1,37,37,18,36,18,37,36,36,36,-851583,8,4.863,0.015,13.641,38,0,16,0,0,35,1,1,0,0,0,1,0,0,0
20:52:08.925,0,0.4,328,0,0,0,48,50,0,0,1,55,52,5,0,0,0,0,0,0,0,0,12,190,1,37,37,18,36,18,37,36,36,36,-851583,8,4.863,0.015,13.634,38,0,16,0,0,35,1,1,0,0,0,1,0,0,0
20:52:09.025,0,0.5,327,0,0,0,48,50,0,0,1,55,51,5,0,0,0,0,0,0,0,0,12,190,1,37,37,18,36,18,37,36,36,36,-851583,8,4.863,0.015,13.62,38,0,16,0,0,35,1,1,0,0,0,1,0,0,0
20:52:09.125,0.1,0.6,328,0,0,0,48,50,0,0,1,55,52,5,0,0,0,0,0,0,0,0,12,190,1,37,37,18,37,18,37,36,36,36,-851583,8,4.863,0.015,13.613,38,0,16,0,0,35,1,1,0,0,0,1,0,0,0
20:52:09.225,0,0.5,327,0,0,0,48,50,0,0,1,56,52,5,0,0,0,0,0,0,0,0,12,190,1,37,37,18,36,18,37,36,36,36,-851583,8,4.863,0.015,13.654,38,0,16,0,0,35,1,1,0,0,0,1,0,0,0
20:52:09.325,0,0.6,328,0,0,0,48,50,0,0,1,55,52,5,0,0,0,0,0,0,0,0,12,190,1,37,37,18,37,18,37,36,36,36,-851583,8,4.863,0.015,13.627,37,0,16,0,0,35,1,1,0,0,0,1,0,0,0
20:52:09.425,0,0.6,329,0,0,0,48,50,0,0,1,55,52,5,0,0,0,0,0,0,0,0,12,190,1,37,37,18,36,18,37,36,36,36,-851583,8,4.863,0.015,13.634,38,0,16,0,0,35,1,1,0,0,0,1,0,0,0
20:52:09.525,0,0.4,327,0,0,0,48,50,0,0,1,55,52,5,0,0,0,0,0,0,0,0,12,190,1,37,37,18,36,18,37,36,36,36,-851583,8,4.863,0.015,13.62,38,0,16,0,0,35,1,1,0,0,0,1,0,0,0
20:52:09.625,0,0.6,327,0,0,0,48,50,0,0,1,55,52,5,0,0,0,0,0,0,0,0,12,190,1,37,37,18,36,18,37,36,36,36,-851583,8,4.863,0.015,13.627,38,0,16,0,0,35,1,1,0,0,0,1,0,0,0
20:52:09.725,0,0.6,328,0,0,0,48,50,0,0,1,55,51,5,0,0,0,0,0,0,0,0,12,190,1,37,37,18,36,18,37,36,36,36,-851583,8,4.863,0.015,13.641,38,0,16,0,0,35,1,1,0,0,0,1,0,0,0
20:52:09.825,0,0.6,328,0,0,0,48,50,0,0,1,55,52,5,0,0,0,0,0,0,0,0,12,190,1,37,37,18,36,18,37,36,36,36,-851583,8,4.863,0.015,13.641,38,0,16,0,0,35,1,1,0,0,0,1,0,0,0
20:52:09.925,0,0.5,328,0,0,0,48,50,0,0,1,57,52,5,0,0,0,0,0,0,0,0,12,190,1,37,37,18,36,18,37,36,36,36,-851583,8,4.863,0.015,13.627,38,0,16,0,0,35,1,1,0,0,0,1,0,0,0
20:52:10.025,0,0.4,327,0,0,0,48,50,0,0,1,57,52,5,0,0,0,0,0,0,0,0,12,190,1,37,37,18,36,18,37,36,36,36,-851583,8,4.863,0.015,13.654,38,0,16,0,0,35,1,1,0,0,0,1,0,0,0
20:52:10.125,0,0.5,329,0,0,0,48,50,0,0,1,57,52,5,0,0,0,0,0,0,0,0,12,190,1,37,37,18,36,18,37,36,36,36,-851583,8,4.863,0.015,13.647,38,0,16,0,0,35,1,1,0,0,0,1,0,0,0
20:52:10.225,0,0.5,326,0,0,0,48,50,0,0,1,56,52,5,0,0,0,0,0,0,0,0,12,190,1,37,37,18,36,18,37,36,36,36,-851583,8,4.863,0.015,13.627,38,0,16,0,0,35,1,1,0,0,0,1,0,0,0
20:52:10.325,0,0.7,328,0,0,0,48,50,0,0,1,56,54,5,0,0,0,0,0,0,0,0,12,190,1,37,37,18,36,18,37,36,36,36,-851583,8,4.863,0.015,13.627,38,0,16,0,0,35,1,1,0,0,0,1,0,0,0
20:52:10.425,0,0.4,327,0,0,0,48,50,0,0,1,57,54,5,0,0,0,0,0,0,0,0,12,190,1,37,37,18,36,18,37,36,36,36,-851583,8,4.863,0.015,13.627,38,0,16,0,0,35,1,1,0,0,0,1,0,0,0
20:52:10.525,0,0.4,328,0,0,0,48,50,0,0,1,56,52,5,0,0,0,0,0,0,0,0,12,190,1,37,37,18,36,18,37,36,36,36,-851583,8,4.863,0.015,13.62,38,0,16,0,0,35,1,1,0,0,0,1,0,0,0
20:52:10.625,0,0.4,328,0,0,0,48,50,0,0,1,56,52,5,0,0,0,0,0,0,0,0,12,190,1,37,37,18,36,18,37,36,36,36,-851583,8,4.863,0.015,13.613,38,0,16,0,0,35,1,1,0,0,0,1,0,0,0
20:52:10.725,0,0.5,329,0,0,0,48,50,0,0,1,55,52,5,0,0,0,0,0,0,0,0,12,190,1,37,37,18,36,18,37,36,36,36,-851583,8,4.863,0.015,13.62,38,0,16,0,0,35,1,1,0,0,0,1,0,0,0
20:52:10.825,0,0.5,328,0,0,0,48,50,0,0,1,56,54,5,0,0,0,0,0,0,0,0,12,190,1,37,37,18,36,18,37,36,36,36,-851583,8,4.863,0.015,13.634,38,0,16,0,0,35,1,1,0,0,0,1,0,0,0
20:52:10.925,0,0.5,328,0,0,0,48,50,0,0,1,55,54,5,0,0,0,0,0,0,0,0,12,190,1,37,37,18,36,18,37,36,36,36,-851583,8,4.863,0.015,13.641,38,0,16,0,0,35,1,1,0,0,0,1,0,0,0
20:52:11.025,0,0.4,327,0,0,0,48,50,0,0,1,56,52,5,0,0,0,0,0,0,0,0,12,190,1,37,37,18,36,18,37,36,36,36,-851583,8,4.863,0.015,13.627,38,0,16,0,0,35,1,1,0,0,0,1,0,0,0
20:52:11.125,0,0.7,328,0,0,0,48,50,0,0,1,55,51,5,0,0,0,0,0,0,0,0,12,190,1,37,37,18,36,18,37,36,36,36,-851583,8,4.863,0.015,13.634,38,0,16,0,0,35,1,1,0,0,0,1,0,0,0
20:52:11.225,0,0.6,327,0,0,0,48,50,0,0,1,56,52,5,0,0,0,0,0,0,0,0,12,190,1,37,37,18,36,18,37,36,36,36,-851583,8,4.863,0.015,13.647,38,0,16,0,0,35,1,1,0,0,0,1,0,0,0
20:52:11.325,0,0.6,328,0,0,0,48,50,0,0,1,55,51,5,0,0,0,0,0,0,0,0,12,190,1,37,37,18,36,18,37,36,36,36,-851583,8,4.863,0.015,13.634,38,0,16,0,0,35,1,1,0,0,0,1,0,0,0
20:52:11.425,0,0.5,328,0,0,0,48,50,0,0,1,55,52,5,0,0,0,0,0,0,0,0,12,190,1,37,37,18,36,18,37,36,36,36,-851583,8,4.863,0.015,13.606,38,0,16,0,0,35,1,1,0,0,0,1,0,0,0
20:52:11.525,0,0.6,327,0,0,0,48,50,0,0,1,55,52,5,0,0,0,0,0,0,0,0,12,190,1,37,37,18,36,18,37,36,36,36,-851583,8,4.863,0.015,13.647,38,0,16,0,0,35,1,1,0,0,0,1,0,0,0
20:52:11.625,0,0.6,329,0,0,0,48,50,0,0,1,55,52,5,0,0,0,0,0,0,0,0,12,190,1,37,37,18,36,18,37,36,36,36,-851583,8,4.863,0.015,13.627,38,0,16,0,0,35,1,1,0,0,0,1,0,0,0
20:52:11.725,0,0.5,327,0,0,0,48,50,0,0,1,56,52,5,0,0,0,0,0,0,0,0,12,190,1,37,37,18,36,18,37,36,36,36,-851583,8,4.863,0.015,13.634,38,0,16,0,0,35,1,1,0,0,0,1,0,0,0
20:52:11.825,0,0.6,327,0.9,0,0,48,50,0,0,1,55,52,5,0,0,0,0,0,0,0,0.1,12,190,1,37,37,18,36,18,37,36,36,36,-851583,8,4.863,0.015,13.634,38,0,16,0,0,35,1,1,0,0,0,1,0,0,0
20:52:11.925,3.1,5.2,327,10.5,0.3,0,48,50,0,0,1,55,54,5,0,0,0,0,0,0,0,0.2,12,190,1,37,37,18,37,18,37,36,36,36,-851583,8,4.863,0.015,13.579,38,0,16,0,0,35,1,1,0,0,0,1,0,0,0
20:52:12.025,8.2,5.7,327,22.6,0.9,0,48,50,0,0,1,55,51,5,0,0,0,0,0,0,0,0.5,12,190,1,37,37,18,18,18,37,36,36,36,-851583,8,4.863,0.015,13.586,38,0,16,0,0,35,1,1,0,0,0,1,0,0,0
20:52:12.125,7.5,5.9,326,23.6,1.1,0,48,50,0,0,1,55,51,5,0,0,0,0,0,0,0,0.5,12,190,1,37,37,18,36,18,37,36,36,36,-851583,8,4.863,0.015,13.6,38,0,16,0,0,35,1,1,0,0,0,1,0,0,0
20:52:12.225,4.4,5.8,326,18,0.7,0,48,49.9,0,0,1,56,54,5,0,0,0,0,0,0,0,0.4,12,190,1,37,37,18,36,18,37,36,36,36,-851583,8,4.863,0.015,13.6,38,0,16,0,0,35,1,1,0,0,0,1,0,0,0
20:52:12.325,5.9,5.4,327,22.4,0.9,0,48,49.9,0,0,1,55,51,5,0,0,0,0,0,0,0,0.5,12,190,1,37,37,18,36,18,37,36,36,36,-851583,8,4.863,0.015,13.586,38,0,16,0,0,35,1,1,0,0,0,1,0,0,0
20:52:12.425,2.5,5.7,325,17.5,0.7,0,48,49.9,0,0,1,55,51,5,0,0,0,0,0,0,0,0.4,12,190,1,37,37,18,36,18,37,36,36,36,-851583,8,4.863,0.015,13.593,38,0,16,0,0,35,1,1,0,0,0,1,0,0,0
20:52:12.525,6,6.1,327,29.9,1.5,0,48,49.9,0,0,1,56,52,5,0,0,0,0,0,0,0,0.7,12,190,1,37,37,18,36,18,37,36,36,36,-851583,8,4.863,0.015,13.593,38,0,16,0,0,35,1,1,0,0,0,1,0,0,0
20:52:12.625,14,6.6,326,48.6,2.6,0,48,49.9,0,0,1,55,51,5,0,0,0,0,0,0,0,1.2,12,190,1,37,37,18,36,18,37,36,36,36,-851583,8,4.863,0.015,13.606,38,0,16,0,0,35,1,1,0,0,0,1,0,0,0
20:52:12.725,12.4,6.8,327,51.9,2.9,0,48,49.9,0,0,1,55,52,5,0,0,0,0,0,0,0,1.2,12,190,1,37,37,18,36,18,37,36,36,36,-851583,8,4.863,0.015,13.572,38,0,16,0,0,35,1,1,0,0,0,1,0,0,0
20:52:12.825,22.4,7,325,58.8,3.4,0,48,49.9,0,0,1,54,51,5,0,0,0,0,0,0,0,1.5,12,190,1,37,37,18,37,18,37,36,36,36,-851583,8,4.863,0.015,13.579,38,0,16,0,0,35,1,1,0,0,0,1,0,0,0
20:52:12.925,36.5,7.5,326,50.4,3,0,48,49.9,0,0,1,55,54,5,0,0,0,0,0,0,0,1.4,12,190,1,37,37,18,36,18,37,36,36,36,-851583,8,4.863,0.015,13.6,38,0,16,0,0,35,1,1,0,0,0,1,0,0,0
20:52:13.025,44.5,7.2,326,55.9,3.4,0,48,49.9,0,0,1,55,52,5,0,0,0,0,0,0,0,1.6,12,190,1,37,37,18,36,18,37,36,36,36,-851583,8,4.863,0.015,13.593,38,0,16,0,0,35,1,1,0,0,0,1,0,0,0
20:52:13.125,43.1,0.7,328,0,0,0,48,49.9,0,0,1,55,52,5,0,0,0,0,0,0,0,0,12,190,1,37,37,18,36,18,37,36,36,36,-851583,8,4.863,0.015,13.565,38,0,16,0,0,35,1,1,0,0,0,1,0,0,0
20:52:13.225,34.7,1.8,328,0,0,0,48,49.9,0,0,1,56,52,5,0,0,0,0,0,0,0,0,12,190,1,37,37,18,36,18,37,36,36,36,-851583,8,4.863,0.015,13.641,38,0,16,0,0,35,1,1,0,0,0,1,0,0,0
20:52:13.325,52.7,5.8,326,9.4,0.4,0,48,49.9,0,0,1,55,52,5,0,0,0,0,0,0,0,0.2,12,190,1,37,37,18,36,18,37,36,36,36,-851583,8,4.863,0.015,13.586,38,0,16,0,0,35,1,1,0,0,0,1,0,0,0
20:52:13.425,45.1,7.1,327,32.5,1.9,0,48,49.9,0,0,1,55,52,5,0,0,0,0,0,0,0,1,12,190,1,37,37,18,36,18,37,36,36,36,-851583,8,4.863,0.015,13.572,38,0,16,0,0,35,1,1,0,0,0,1,0,0,0
20:52:13.525,42.2,7.1,326,34.5,2,0,48,49.9,0,0,1,55,52,5,0,0,0,0,0,0,0,0.9,12,190,1,37,37,18,36,18,37,36,36,36,-851583,8,4.863,0.015,13.579,38,0,16,0,0,35,1,1,0,0,0,1,0,0,0
20:52:13.625,43.6,6.7,326,39.8,2.1,0,48,49.9,0,0,1,55,52,5,0,0,0,0,0,0,0,1,12,190,1,37,37,18,36,18,37,36,36,36,-851583,8,4.863,0.015,13.586,38,0,16,0,0,35,1,1,0,0,0,1,0,0,0
20:52:13.725,46.6,7.1,327,34.1,1.9,0,48,49.9,0,0,1,58,51,5,0,0,0,0,0,0,0,0.9,12,190,1,37,37,18,36,18,37,36,36,36,-851583,8,4.863,0.015,13.579,38,0,16,0,0,35,1,1,0,0,0,1,0,0,0
20:52:13.825,48.1,7.1,327,23.5,1.3,0,48,49.9,0,0,1,57,52,5,0,0,0,0,0,0,0,0.8,12,190,1,37,37,18,36,18,37,36,36,36,-851583,8,4.863,0.015,13.586,38,0,16,0,0,35,1,1,0,0,0,1,0,0,0
20:52:13.925,50.6,7.2,326,29.7,1.7,0,48,49.9,0,0,1,57,52,5,0,0,0,0,0,0,0,0.8,12,190,1,37,37,18,36,18,37,36,36,36,-851583,8,4.863,0.015,13.565,38,0,16,0,0,35,1,1,0,0,0,1,0,0,0
20:52:14.025,52.9,7,326,42,2.4,0,48,49.9,0,0,1,57,54,5,0,0,0,0,0,0,0,1.2,12,190,1,37,37,18,36,18,37,36,36,36,-851583,8,4.863,0.015,13.565,38,0,16,0,0,35,1,1,0,0,0,1,0,0,0
20:52:14.125,62.1,7.8,326,61.8,3.8,0,48,49.9,0,0,1,57,52,5,0,0,0,0,0,0,0,2.1,12,190,1,37,37,18,36,18,37,36,36,36,-851583,8,4.863,0.015,13.586,38,0,16,0,0,35,1,1,0,0,0,1,0,0,0
20:52:14.225,69.4,7.7,325,64.8,4,0,48,49.9,0,0,1,57,54,5,0,0,0,0,0,0,0,1.8,12,190,1,37,37,18,36,18,37,36,36,36,-851583,8,4.863,0.015,13.586,38,0,16,0,0,35,1,1,0,0,0,1,0,0,0
20:52:14.325,80,7.8,325,59.5,3.7,0,48,49.9,0,0,1,57,54,5,0,0,0,0,0,0,0,2.1,12,190,1,37,37,18,36,18,37,36,36,36,-851583,8,4.863,0.015,13.565,38,0,16,0,0,35,1,1,0,0,0,1,0,0,0
20:52:14.425,95.7,8.8,326,61.2,4.5,0,48,49.9,0,0,1,56,51,5,0,0,0,0,0,0,0,2.7,12,190,1,37,37,18,36,18,37,36,36,36,-851583,8,4.863,0.015,13.6,38,0,16,0,0,35,1,1,0,0,0,1,0,0,0
20:52:14.525,110.2,9.3,326,72.1,5.7,0,48,49.9,0,0,1,57,52,5,0,0,0,0,0,0,0,2.8,12,190,1,37,37,18,36,18,37,36,36,36,-851583,8,4.863,0.015,13.579,38,0,16,0,0,35,1,1,0,0,0,1,0,0,0
20:52:14.625,128.5,9.9,326,76,6.6,0,48,49.9,0,0,1,55,52,5,0,0,0,0,0,0,0,4.3,12,190,1,37,37,18,36,18,37,36,36,36,-851583,8,4.863,0.015,13.572,38,0,16,0,0,35,1,1,0,0,0,1,0,0,0
20:52:14.725,149.4,10.1,325,85.6,7.5,0,48,49.9,0,0,1,56,54,5,0,0,0,0,0,0,0,4.1,12,190,1,37,37,18,36,18,37,36,36,36,-851583,8,4.863,0.015,13.593,38,0,16,0,0,35,1,1,0,0,0,1,0,0,0
20:52:14.825,171.7,10.8,326,87.6,8.3,0,48,49.9,0,0,1,55,52,5,0,0,0,0,0,0,0,4.8,12,190,1,37,37,18,36,18,37,36,36,36,-851583,8,4.863,0.015,13.586,38,0,16,0,0,35,1,1,0,0,0,1,0,0,0
20:52:14.925,193.3,11,326,94.2,7.9,0,48,49.9,0,0,1,56,52,5,0,0,0,0,0,0,0,5.3,12,190,1,37,37,18,36,18,37,36,36,36,-851583,8,4.863,0.015,13.586,38,0,16,0,0,35,1,1,0,0,0,1,0,0,0
20:52:15.025,218.4,11.6,325,94.2,8.7,0,48,49.9,0,0,1,55,54,5,0,0,0,0,0,0,0,5.2,12,190,1,37,37,18,36,18,37,36,36,36,-851583,8,4.863,0.015,13.572,38,0,16,0,0,35,1,1,0,0,0,1,0,0,0
20:52:15.125,241.7,12.1,325,94.7,8.9,0,48,49.9,0,0,1,55,51,5,0,0,0,0,0,0,0,5.9,12,190,1,37,37,18,37,18,37,36,36,36,-851583,8,4.863,0.015,13.579,38,0,16,0,0,35,1,1,0,0,0,1,0,0,0
20:52:15.225,268,13,325,95.7,10,0,48,49.9,0,0,1,55,52,5,0,0,0,0,0,0,0,6.3,12,190,1,37,37,18,36,18,37,36,36,36,-851583,8,4.863,0.015,13.559,38,0,16,0,0,35,1,1,0,0,0,1,0,0,0
20:52:15.325,289.3,13.1,326,86.1,9.3,0,48,49.9,0,0,1,55,51,5,0,0,0,0,0,0,0,6,12,190,1,37,37,18,37,18,37,36,36,36,-851583,8,4.863,0.015,13.559,38,0,16,0,0,35,1,1,0,0,0,1,0,0,0
20:52:15.425,316.3,13.7,324,96.1,10.7,0,48.4,49.9,0,0,1,55,52,5,0,0,0,0,0,0,0,7.8,12,190,1,37,37,18,36,18,37,36,36,36,-851583,8,4.863,0.015,13.572,38,0,16,0,0,35,1,1,0,0,0,1,0,0,0
20:52:15.525,342.8,14.5,323,108,13.6,0,48.9,49.9,0,0,1,55,52,5,0,0,0,0,0,0,0,9.8,12,190,1,37,37,18,36,18,37,36,36,36,-851583,8,4.863,0.015,13.572,38,0,16,0,0,35,1,1,0,0,0,1,0,0,0
20:52:15.625,379.4,15.7,322,139.4,18.3,0,48.9,49.9,0,0,1,55,52,5,0,0,0,0,0,0,0,12.5,12,190,1,37,37,18,36,18,37,36,36,36,-851583,8,4.863,0.015,13.606,38,0,16,0,0,35,1,1,0,0,0,1,0,0,0
20:52:15.725,417.3,17.3,322,142.3,17.5,0,48.9,49.8,0,0,1,55,52,5,0,0,0,0,0,0,0,13,12,190,1,37,37,18,36,18,37,36,36,36,-851583,8,4.863,0.015,13.579,38,0,16,0,0,35,1,1,0,0,0,1,0,0,0
20:52:15.825,461.1,17.9,323,139.8,18,0,48.9,49.9,0,0,1,55,52,5,0,0,0,0,0,0,0,14.6,12,190,1,37,37,18,36,18,37,36,36,36,-851583,8,4.863,0.015,13.579,38,0,16,0,0,35,1,1,0,0,0,1,0,0,0
20:52:15.925,503,19,321,157,24.5,0,48.9,49.9,0,0,1,55,52,5,0,0,0,0,0,0,0,17.5,12,190,1,37,37,18,36,18,37,36,36,36,-851583,8,4.863,0.015,13.579,38,0,16,0,0,35,1,1,0,0,0,1,0,0,0
20:52:16.025,547.5,20.6,321,168.7,25.8,0,48.9,49.9,0,0,1,55,52,5,0,0,0,0,0,0,0,19.9,12,190,1,37,37,18,36,18,37,36,36,36,-851583,8,4.863,0.015,13.586,38,0,16,0,0,35,1,1,0,0,0,1,0,0,0
20:52:16.125,617.8,22,319,188.8,29.6,0,48.9,49.9,0,0,1,55,52,5,0,0,0,0,0,0,0,24.3,12,190,1,37,37,18,36,18,37,36,36,36,-851583,8,4.863,0.015,13.565,38,0,16,0,0,35,1,1,0,0,0,1,0,0,0
20:52:16.225,652.8,22.9,320,174.4,30.8,0,48.9,49.8,0,0,1,55,52,5,0,0,0,0,0,0,0,25,12,190,1,37,37,18,36,18,37,36,36,36,-851583,8,4.863,0.015,13.572,38,0,16,0,0,35,1,1,0,0,0,1,0,0,0
20:52:16.325,709.9,24.7,320,186.2,33.9,0,48.9,49.9,0,0,1,55,54,5,0,0,0,0,0,0,0,28.1,12,190,1,37,37,18,36,18,37,36,36,36,-851583,8,4.863,0.015,13.565,38,0,16,0,0,35,1,1,0,0,0,1,0,0,0
20:52:16.425,762.2,25.6,319,179.6,32.7,0,48.9,49.9,0,0,1,56,52,5,0,0,0,0,0,0,0,29.3,12,190,1,37,37,18,36,18,37,36,36,36,-851583,8,4.863,0.015,13.572,38,0,16,0,0,35,1,1,0,0,0,1,0,0,0
20:52:16.525,843.9,28.1,318,189.6,37.2,0,48.9,49.8,0,0,1,55,52,5,0,0,0,0,0,0,0,32.2,12,190,1,37,37,18,36,18,37,36,36,36,-851583,8,4.863,0.015,13.572,38,0,16,0,0,35,1,1,0,0,0,1,0,0,0
20:52:16.625,878.5,28.6,318,194.3,35.9,0,48.9,49.8,0,0,1,55,52,5,0,0,0,0,0,0,0,32,12,190,1,37,37,18,36,18,37,36,36,36,-851583,8,4.863,0.015,13.565,38,0,16,0,0,35,1,1,0,0,0,1,0,0,0
20:52:16.725,926.9,30,317,195.4,38.4,0,48.9,49.9,0,0,1,55,52,5,0,0,0,0,0,0,0,33.7,12,190,1,37,37,18,36,18,37,36,36,36,-851583,8,4.863,0.015,13.586,38,0,16,0,0,35,1,1,0,0,0,1,0,0,0
20:52:16.825,982.8,31.2,315,205.2,44.5,0,48.9,49.7,0,0,1,55,52,5,0,0,0,0,0,0,0,39.3,12,190,1,37,37,18,36,18,37,36,36,36,-851583,8,4.863,0.015,13.579,38,0,16,0,0,35,1,1,0,0,0,1,0,0,0
20:52:16.925,1044.4,33.4,316,206.7,42.8,0,49.1,49.7,0,0,1,55,54,5,0,0,0,0,0,0,0,41.6,12,190,1,37,37,18,36,18,37,36,36,36,-851583,8,4.863,0.015,13.572,38,0,16,0,0,35,1,1,0,0,0,1,0,0,0
20:52:17.025,1108.8,34.9,312,217.9,49,0,49.9,49.7,0,0,1,55,52,5,0,0,0,0,0,0,0,45.9,12,190,1,37,37,18,36,18,37,36,36,36,-851583,8,4.863,0.015,13.586,38,0,16,0,0,35,1,1,0,0,0,1,0,0,0
20:52:17.125,1177.5,35.9,313,210,48.4,0,49.9,49.8,0,0,1,55,54,5,0,0,0,0,0,0,0,44.2,12,190,1,37,37,18,36,18,37,36,36,36,-851583,8,4.863,0.015,13.593,38,0,16,0,0,35,1,1,0,0,0,1,0,0,0
20:52:17.225,1213,37.2,315,187.8,47.4,0,49.9,49.9,0,0,1,55,52,5,0,0,0,0,0,0,0,44.2,12,190,1,37,37,18,36,18,37,36,36,36,-851583,8,4.863,0.015,13.579,38,0,16,0,0,35,1,1,0,0,0,1,0,0,0
20:52:17.325,1244.9,31.5,319,102.8,27,0,49.9,49.9,0,0,1,55,52,5,0,0,0,0,0,0,0,26,12,190,1,37,37,18,36,18,37,36,36,36,-851583,8,4.863,0.015,13.593,38,0,16,0,0,35,1,1,0,0,0,1,0,0,0
20:52:17.425,1274.4,35.7,317,111.7,28.4,0,49.9,49.9,0,0,1,58,51,5,0,0,0,0,0,0,0,27.4,12,190,1,37,37,18,36,18,37,36,36,36,-851583,8,4.863,0.015,13.579,38,0,16,0,0,35,1,1,0,0,0,1,0,0,0
20:52:17.525,1312.9,36.6,316,143.2,37.5,0,49.9,49.9,0,0,1,57,52,5,0,0,0,0,0,0,0,35,12,190,1,37,37,18,36,18,37,36,36,36,-851583,8,4.863,0.015,13.552,38,0,16,0,0,35,1,1,0,0,0,1,0,0,0
20:52:17.625,1310.8,27.1,323,23.7,7.7,0,49.9,49.9,0,0,1,58,52,5,0,0,0,0,0,0,0,4.8,12,190,1,37,37,18,36,18,37,36,36,36,-851583,8,4.863,0.015,13.579,38,0,16,0,0,35,1,1,0,0,0,1,0,0,0
20:52:17.725,1262.9,24.8,327,0,0,0,49.9,49.9,0,0,1,56,54,5,0,0,0,0,0,0,0,0,12,190,1,37,37,18,36,18,37,36,36,36,-851583,8,4.863,0.015,13.647,38,0,16,0,0,35,1,1,0,0,0,1,0,0,0
20:52:17.825,1271.8,24,327,0,0,0,49.9,49.9,0,0,1,57,54,4,0,0,0,0,0,0,0,0,12,190,1,37,37,18,36,18,37,36,36,36,-851583,8,4.863,0.015,13.613,38,0,16,0,0,35,1,1,0,0,0,1,0,0,0
20:52:17.925,1270,28,325,8.2,2.1,0,49.9,49.9,0,0,1,56,52,5,0,0,0,0,0,0,0,1.5,12,190,1,37,37,18,37,18,37,36,36,36,-851583,8,4.863,0.015,13.586,38,0,16,0,0,35,1,1,0,0,0,1,0,0,0
20:52:18.025,1244.8,29.6,325,14,2.9,0,49.9,49.9,0,0,1,57,54,5,0,0,0,0,0,0,0,2.5,12,190,1,37,37,18,18,18,37,36,36,36,-851583,8,4.863,0.015,13.579,38,0,16,0,0,35,1,1,0,0,0,1,0,0,0
20:52:18.125,1187.5,22.8,328,0,0,0,49.9,49.9,0,0,1,56,52,5,0,0,0,0,0,0,0,0,12,190,1,37,37,18,36,18,37,36,36,36,-851583,8,4.863,0.015,13.627,38,0,16,0,0,35,1,1,0,0,0,1,0,0,0
20:52:18.225,1175.5,21.2,327,0,0,0,49.9,50,0,0,1,57,52,5,0,0,0,0,0,0,0,0,12,190,1,37,37,18,36,18,37,36,36,36,-851583,8,4.863,0.015,13.613,38,0,16,0,0,35,1,1,0,0,0,1,0,0,0
20:52:18.325,1164.7,29.2,325,17,4.1,0,49.9,50,0,0,1,56,52,5,0,0,0,0,0,0,0,3.2,12,190,1,37,37,18,36,18,37,36,36,36,-851583,8,4.863,0.015,13.559,38,0,16,0,0,35,1,1,0,0,0,1,0,0,0
20:52:18.425,1180.9,29.5,323,45.7,10,0,49.9,49.9,0,0,1,56,52,4,0,0,0,0,0,0,0,9.3,12,190,1,37,37,18,36,18,37,36,36,36,-851583,8,4.863,0.015,13.572,38,0,16,0,0,35,1,1,0,0,0,1,0,0,0
20:52:18.525,1146.1,28.2,325,18.1,3.7,0,49.9,49.9,0,0,1,55,51,4,0,0,0,0,0,0,0,3.4,12,190,1,37,37,18,36,18,37,36,36,36,-851583,8,4.863,0.015,13.572,38,0,16,0,0,35,1,1,0,0,0,1,0,0,0
20:52:18.625,1155.7,29.2,324,26.6,6,0,49.9,49.9,0,0,1,55,52,5,0,0,0,0,0,0,0,5.7,12,190,1,37,37,18,36,18,37,36,36,36,-851583,8,4.863,0.015,13.572,38,0,16,0,0,35,1,1,0,0,0,1,0,0,0
20:52:18.725,1159,29.2,323,30.3,6.9,0,49.9,49.9,0,0,1,56,52,5,0,0,0,0,0,0,0,6.3,12,190,1,37,37,18,36,18,37,36,36,36,-851583,8,4.863,0.015,13.572,38,0,16,0,0,35,1,1,0,0,0,1,0,0,0
20:52:18.825,1152,28.7,325,29.6,6.5,0,49.9,49.9,0,0,1,56,52,4,0,0,0,0,0,0,0,5.8,12,190,1,37,37,18,37,18,37,36,36,36,-851583,8,4.863,0.015,13.572,38,0,16,0,0,35,1,1,0,0,0,1,0,0,0
20:52:18.925,1166.1,30.8,322,48.8,12.1,0,49.9,49.9,0,0,1,56,52,5,0,0,0,0,0,0,0,11.2,12,190,1,37,37,18,36,18,37,36,36,36,-851583,8,4.863,0.015,13.579,38,0,16,0,0,35,1,1,0,0,0,1,0,0,0
20:52:19.025,1166.4,31.6,320,87.5,20.9,0,49.9,49.9,0,0,1,55,54,5,0,0,0,0,0,0,0,18.4,12,190,1,37,37,18,36,18,37,36,36,36,-851583,8,4.863,0.015,13.559,38,0,16,0,0,35,1,1,0,0,0,1,0,0,0
20:52:19.125,1220.2,37.7,315,162.3,39.6,0,49.9,49.9,0,0,1,55,52,5,0,0,0,0,0,0,0,37.8,12,190,1,37,37,18,36,18,37,36,36,36,-851583,8,4.863,0.015,13.559,38,0,16,0,0,35,1,1,0,0,0,1,0,0,0
20:52:19.225,1308.9,38.3,313,167.7,42.8,0,49.9,49.9,0,0,1,55,51,5,0,0,0,0,0,0,0,41,12,190,1,37,37,18,36,18,37,36,36,36,-851583,8,4.863,0.015,13.586,38,0,16,0,0,35,1,1,0,0,0,1,0,0,0
20:52:19.325,1351.4,39.8,311,195.1,49.3,0,49.9,49.9,0,0,1,55,54,5,0,0,0,0,0,0,0,47.6,12,190,1,37,37,18,36,18,37,36,36,36,-851583,8,4.863,0.015,13.572,38,0,16,0,0,35,1,1,0,0,0,1,0,0,0
20:52:19.425,1401.2,42,313,175.9,47.6,0,49.9,49.9,0,0,1,56,52,5,0,0,0,0,0,0,0,47.8,12,190,1,37,37,18,36,18,37,36,36,36,-851583,8,4.863,0.015,13.579,38,0,16,0,0,35,1,1,0,0,0,1,0,0,0
20:52:19.525,1461.1,43.1,309,201.6,57.9,0,49.9,49.9,0,0,1,55,52,5,0,0,0,0,0,0,0,54.2,12,190,1,37,37,18,36,18,37,36,36,36,-851583,8,4.863,0.015,13.565,38,0,16,0,0,35,1,1,0,0,0,1,0,0,0
20:52:19.625,1465,42.7,311,192.8,47.7,0,50.4,49.9,0,0,1,55,52,5,0,0,0,0,0,0,0,51.2,12,190,1,37,37,18,36,18,37,36,36,36,-851583,8,4.863,0.015,13.545,38,0,16,0,0,35,1,1,0,0,0,1,0,0,0
20:52:19.725,1452.6,42.4,310,205.9,55.6,0,50.9,49.9,0,0,1,55,52,5,0,0,0,0,0,0,0,53.4,12,190,1,37,37,18,36,18,37,36,36,36,-851583,8,4.863,0.015,13.572,38,0,16,0,0,35,1,1,0,0,0,1,0,0,0
20:52:19.825,1455.1,40.6,313,159.2,44.3,0,50.9,49.9,0,0,1,55,54,5,0,0,0,0,0,0,0,43.8,12,190,1,37,37,18,36,18,37,36,36,36,-851583,8,4.863,0.015,13.586,38,0,16,0,0,35,1,1,0,0,0,1,0,0,0
20:52:19.925,1504.8,43.1,311,175.4,51.3,0,50.9,49.9,0,0,1,55,51,5,0,0,0,0,0,0,0,49.3,12,190,1,37,37,18,36,18,37,36,36,36,-851583,8,4.863,0.015,13.559,38,0,16,0,0,35,1,1,0,0,0,1,0,0,0
20:52:20.025,1576.9,44.9,312,164.7,49.5,0,50.9,50,0,0,1,55,52,5,0,0,0,0,0,0,0,45.7,12,190,1,37,37,18,36,18,37,36,36,36,-851583,8,4.863,0.015,13.565,38,0,16,0,0,35,1,1,0,0,0,1,0,0,0
20:52:20.125,1631.1,46.1,312,162.8,51.8,0,50.9,49.9,0,0,1,55,52,5,0,0,0,0,0,0,0,48.9,12,190,1,37,37,18,36,18,37,36,36,36,-851583,8,4.863,0.015,13.565,38,0,16,0,0,35,1,1,0,0,0,1,0,0,0
20:52:20.225,1662.8,47.1,312,152.2,50.6,0,50.9,49.9,0,0,1,55,54,5,0,0,0,0,0,0,0,50,12,190,1,37,37,18,36,18,37,36,36,36,-851583,8,4.863,0.015,13.552,38,0,16,0,0,35,1,1,0,0,0,1,0,0,0
20:52:20.325,1646.7,46,311,166.7,54.8,0,50.9,49.9,0,0,1,56,54,5,0,0,0,0,0,0,0,51,12,190,1,37,37,18,36,18,37,36,36,36,-851583,8,4.863,0.015,13.579,38,0,16,0,0,35,1,1,0,0,0,1,0,0,0
20:52:20.425,1676.8,48,310,174.2,49.8,0,50.9,49.9,0,0,1,54,51,5,0,0,0,0,0,0,0,52.1,12,190,1,37,37,18,36,18,37,36,36,36,-851583,8,4.863,0.015,13.579,38,0,16,0,0,35,1,1,0,0,0,1,0,0,0
20:52:20.525,1729.8,48.9,308,183,55.2,0,50.9,49.9,0,0,1,55,51,5,0,0,0,0,0,0,0,56.8,12,190,1,37,37,18,36,18,37,36,36,36,-851583,8,4.863,0.015,13.565,38,0,16,0,0,35,1,1,0,0,0,1,0,0,0
20:52:20.625,1779.8,49.3,308,175,52.2,0,50.9,49.9,0,0,1,55,52,5,0,0,0,0,0,0,0,54.2,12,190,1,37,37,18,36,18,37,36,36,36,-851583,8,4.863,0.015,13.586,38,0,16,0,0,35,1,1,0,0,0,1,0,0,0
20:52:20.725,1836.4,51.8,308,172.6,53.7,0,50.9,49.9,0,0,1,55,54,5,0,0,0,0,0,0,0,58.1,12,190,1,37,37,18,37,18,37,36,36,36,-851583,8,4.863,0.015,13.531,38,0,16,0,0,35,1,1,0,0,0,1,0,0,0
20:52:20.825,1904.2,54,308,198.2,58.5,0,51,49.9,0,0,1,55,52,5,0,0,0,0,0,0,0,63.6,12,190,1,37,37,18,36,18,37,36,36,36,-851583,8,4.863,0.015,13.565,38,0,16,0,0,35,1,1,0,0,0,1,0,0,0
20:52:20.925,1916.3,52.2,308,156.3,57.8,0,51.9,49.9,0,0,1,55,52,5,0,0,0,0,0,0,0,55.9,12,190,1,37,37,18,36,18,37,36,36,36,-851583,8,4.863,0.015,13.559,38,0,16,0,0,35,1,1,0,0,0,1,0,0,0
20:52:21.025,1940.8,53.4,308,169.1,55.6,0,51.9,49.9,0,0,1,55,52,5,0,0,0,0,0,0,0,57.2,12,190,1,37,37,18,36,18,37,36,36,36,-851583,8,4.863,0.015,13.6,38,0,16,0,0,35,1,1,0,0,0,1,0,0,0
20:52:21.125,1979,56.5,305,186.7,63,0,51.9,49.9,0,0,1,54,52,5,0,0,0,0,0,0,0,67.5,12,190,1,37,37,18,37,18,37,36,36,36,-851583,8,4.863,0.015,13.565,38,0,16,0,0,35,1,1,0,0,0,1,0,0,0
20:52:21.225,2016.5,57.3,307,190.2,62.1,0,51.9,49.9,0,0,1,54,51,5,0,0,0,0,0,0,0,72.6,12,190,1,37,37,18,36,18,37,36,36,36,-851583,8,4.863,0.015,13.579,38,0,16,0,0,35,1,1,0,0,0,1,0,0,0
20:52:21.325,2081.6,61,303,205,69,0,51.9,49.9,0,0,1,57,52,4,0,0,0,0,0,0,0,76.7,12,190,1,37,37,18,37,18,37,36,36,36,-851583,8,4.863,0.015,13.545,38,0,16,0,0,35,1,1,0,0,0,1,0,0,0
20:52:21.425,2128.9,64.7,298,233.9,75.8,0,51.9,50,0,0,1,58,52,5,0,0,0,0,0,0,0,94.4,12,190,1,37,37,18,36,18,37,36,36,36,-851583,8,4.863,0.015,13.579,38,0,16,0,0,35,1,1,0,0,0,1,0,0,0
20:52:21.525,2192,68,295,275,90,0,51.9,50.1,0,0,1,57,54,5,0,0,0,0,0,0,0,105.3,12,190,1,37,37,18,36,18,37,36,36,36,-851583,8,4.863,0.015,13.572,38,0,16,0,0,35,1,1,0,0,0,1,0,0,0
20:52:21.625,2243.6,69.7,295,265.5,88.1,0,51.9,50,0,0,1,55,54,5,0,0,0,0,0,0,0,102.3,12,190,1,37,37,18,36,18,37,36,36,36,-851583,8,4.863,0.015,13.545,38,0,16,0,0,35,1,1,0,0,0,1,0,0,0
20:52:21.725,2332.2,74.2,293,280.6,91,0,51.9,50.2,0,0,1,57,54,5,0,0,0,0,0,0,0,117,12,190,1,37,37,18,36,18,37,36,36,36,-851583,8,4.863,0.015,13.531,38,0,16,0,0,35,1,1,0,0,0,1,0,0,0
20:52:21.825,2384.9,73.8,293,278.7,88.2,0,51.9,50.1,0,0,1,56,54,5,0,0,0,0,0,0,0,111.5,12,190,1,37,37,18,36,18,37,36,36,36,-851583,8,4.863,0.015,13.545,38,0,16,0,0,35,1,1,0,0,0,1,0,0,0
20:52:21.925,2444.4,72.2,296,234.7,78.8,0,51.9,50.2,0,0,1,55,52,5,0,0,0,0,0,0,0,102.3,11,190,1,37,37,18,36,18,37,36,36,36,-851583,8,4.863,0.015,13.552,38,0,16,0,0,35,1,1,0,0,0,1,0,0,0
20:52:22.025,2511.1,80.4,290,289.6,91.6,0,52.5,50.4,0,0,1,55,54,6,0,0,0,0,0,0,0,126.4,11,190,1,37,37,18,36,18,37,36,36,37,-851583,8,4.863,0.015,13.531,38,0,16,0,0,35,1,1,0,0,0,1,0,0,0
20:52:22.125,2583.5,80.2,285,286.1,110.9,0,52.9,50.3,0,0,1,55,52,5,0,0,0,0,0,0,0,125.8,11,190,1,37,37,18,36,18,37,36,36,36,-851583,8,4.863,0.015,13.552,38,0,16,0,0,35,1,1,0,0,0,1,0,0,0
20:52:22.225,2670.5,83.3,285,271,102.2,0,52.9,50.2,0,0,1,55,52,5,0,0,0,0,0,0,0,121.5,11,190,1,37,37,18,36,18,37,36,36,36,-851583,8,4.863,0.015,13.545,38,0,16,0,0,35,1,1,0,0,0,1,0,0,0
20:52:22.325,2727.8,87,283,311.2,112.8,0,52.9,50.4,0,0,1,55,52,5,0,0,0,0,0,0,0,144.6,11,190,1,37,37,18,36,18,37,36,36,36,-851583,8,4.863,0.015,13.545,38,0,16,0,0,35,1,1,0,0,0,1,0,0,0
20:52:22.425,2765.4,86.8,286,274.2,108.3,0,52.9,50.3,0,0,1,55,52,5,0,0,0,0,0,0,0,135,11,190,1,37,37,18,36,18,37,36,36,36,-851583,8,4.863,0.015,13.572,38,0,16,0,0,35,1,1,0,0,0,1,0,0,0
20:52:22.525,2831.6,90.7,279,304.8,108.1,0,52.9,50.2,0,0,1,54,52,5,0,0,0,0,0,0,0,149.1,11,190,1,37,37,18,36,18,37,36,36,36,-851583,8,4.863,0.015,13.559,38,0,16,0,0,35,1,1,0,0,0,1,0,0,0
20:52:22.625,2940.7,94.9,282,305.4,98.9,0,52.9,50.4,0,0,1,55,54,5,0,0,0,0,0,0,0,153.2,11,190,1,37,37,18,36,18,37,36,36,37,-851583,8,4.863,0.015,13.552,38,0,16,0,0,35,1,1,0,0,0,1,0,0,0
20:52:22.725,2974.4,94.9,279,287.7,107.5,0,53,50.5,0,0,1,54,52,5,0,0,0,0,0,0,0,144.2,11,190,1,37,37,18,36,18,37,36,36,37,-851583,8,4.863,0.015,13.552,38,0,16,0,0,35,1,1,0,0,0,1,0,0,0
20:52:22.825,3013.7,94.9,282,280.2,116,0,53.6,50.4,0,0,1,55,54,5,0,0,0,0,0,0,0,148.2,11,190,1,37,37,18,36,18,37,36,36,37,-851583,8,4.863,0.015,13.531,38,0,16,0,0,35,1,1,0,0,0,1,0,0,0
20:52:22.925,3087.8,94.9,282,247.2,108.7,0,53.9,50.4,0,0,1,55,54,5,0,0,0,0,0,0,0,139.1,11,190,1,37,37,18,36,18,37,36,36,37,-851583,8,4.863,0.015,13.524,38,0,16,0,0,35,1,1,0,0,0,1,0,0,0
20:52:23.025,3146.1,94.9,286,222,92,0,53.9,50.4,0,0,1,54,52,5,0,0,0,0,0,0,0,127.7,11,190,1,37,37,18,36,18,37,36,36,37,-851583,8,4.863,0.015,13.559,38,0,16,0,0,35,1,1,0,0,0,1,0,0,0
20:52:23.125,3158.1,94.9,289,201.2,80.8,0,53.9,50.6,0,0,1,55,54,5,0,0,0,0,0,0,0,112.1,11,190,1,37,37,18,36,18,37,36,36,37,-851583,8,4.863,0.015,13.565,38,0,16,0,0,35,1,1,0,0,0,1,0,0,0
20:52:23.225,3207,94.9,288,219.6,104.4,0,53.9,50.5,0,0,1,55,54,5,0,0,0,0,0,0,0,130.1,11,190,1,37,37,18,36,18,37,36,36,37,-851583,8,4.863,0.015,13.559,38,0,16,0,0,35,1,1,0,0,0,1,0,0,0
20:52:23.325,3093.5,61.7,321,0,0,0,53.9,51,0,0,1,54,52,5,0,0,0,0,0,0,0,0,11,190,1,37,37,18,36,18,37,36,36,37,-851583,8,4.863,0.015,13.565,38,0,16,0,0,35,1,1,0,0,0,1,0,0,0
20:52:23.425,3032.8,58.7,324,0,0,0,53.9,51,0,0,1,55,52,5,0,0,0,0,0,0,0,0,11,190,1,37,37,18,37,18,37,36,36,37,-851583,8,4.863,0.015,13.62,38,0,16,0,0,35,1,1,0,0,0,1,0,0,0
20:52:23.525,2931.8,54.6,324,0,0,0,53.9,51.2,0,0,1,55,52,5,0,0,0,0,0,0,0,0,11,190,1,37,37,18,36,18,37,37,36,37,-851583,8,4.863,0.015,13.627,38,0,16,0,0,35,1,1,0,0,0,1,0,0,0
20:52:23.625,2533.2,45.4,324,0,0,0,53.9,51.1,0,0,1,55,54,5,0,0,0,0,0,0,0,0,11,190,1,37,37,18,36,18,37,36,36,37,-851583,8,4.863,0.015,13.586,38,0,16,0,0,35,1,1,0,0,0,1,0,0,0
20:52:23.725,1692.7,26.8,323,0,0,0,53.9,51.1,0,0,1,54,54,5,0,0,0,0,0,0,0,0,12,190,1,37,37,18,36,18,37,36,36,37,-851583,8,4.863,0.015,13.552,38,0,16,0,0,35,1,1,0,0,0,1,0,0,0
20:52:23.825,1620.2,36.3,324,0,0,0,53.9,51.4,0,0,1,54,54,5,0,0,0,0,0,0,0,0,12,190,1,37,37,18,36,18,37,36,36,37,-851583,8,4.863,0.015,13.565,38,0,16,0,0,35,1,1,0,0,0,1,0,0,0
20:52:23.925,2048.8,41,324,0,0,0,53.9,51.5,0,0,1,55,52,5,0,0,0,0,0,0,0,0,12,190,1,37,37,18,37,18,37,36,36,37,-851583,8,4.863,0.015,13.531,38,0,16,0,0,35,1,1,0,0,0,1,0,0,0
20:52:24.025,2359.1,46.7,323,0,0,0,53.9,51.3,0,0,1,54,52,5,0,0,0,0,0,0,0,0,12,190,1,37,37,18,18,18,37,36,36,37,-851583,8,4.863,0.015,13.613,38,0,16,0,0,35,1,1,0,0,0,1,0,0,0
20:52:24.125,2440.3,47,323,0,0,0,53.9,51.6,0,0,1,54,52,5,0,0,0,0,0,0,0,0,12,190,1,37,37,18,36,18,37,36,36,37,-851583,8,4.863,0.015,13.634,38,0,16,0,0,35,1,1,0,0,0,1,0,0,0
20:52:24.225,2423.6,48.8,323,3.1,0,0,53.9,51,0,0,1,54,54,4,0,0,0,0,0,0,0,-0.1,12,190,1,37,37,18,36,18,37,36,36,37,-851583,8,4.863,0.015,13.586,38,0,16,0,0,35,1,1,0,0,0,1,0,0,0
20:52:24.325,2410.1,46.4,325,-0.6,0,0,53.9,51.2,0,0,1,52,52,4,0,0,0,0,0,0,0,0,12,190,1,37,37,18,36,18,37,36,36,37,-851583,8,4.863,0.015,13.627,38,0,16,0,0,35,1,1,0,0,0,1,0,0,0
20:52:24.425,2373.1,44.8,324,0,0,0,53.9,51.8,0,0,1,54,54,4,0,0,0,0,0,0,0,0,12,190,1,37,37,18,36,18,37,36,36,37,-851583,8,4.863,0.015,13.647,38,0,16,0,0,35,1,1,0,0,0,1,0,0,0
20:52:24.525,2368.5,59.5,318,46,15.9,0,53.9,51,0,0,1,52,52,4,0,0,0,0,0,0,0,17.4,12,190,1,37,37,18,36,18,37,36,36,37,-851583,8,4.863,0.015,13.613,37,0,16,0,0,35,1,1,0,0,0,1,0,0,0
20:52:24.625,2361.8,43.2,324,0,0,0,53.9,51.6,0,0,1,54,52,4,0,0,0,0,0,0,0,0,12,190,1,37,37,18,37,18,37,36,36,37,-851583,8,4.863,0.015,13.565,38,0,16,0,0,35,1,1,0,0,0,1,0,0,0
20:52:24.725,2265.6,43.4,325,-0.9,0,0,53.9,51,0,0,1,52,52,4,0,0,0,0,0,0,0,0,12,190,1,37,37,18,36,18,37,36,36,37,-851583,8,4.858,0.015,13.538,38,0,16,0,0,35,1,1,0,0,0,1,0,0,0
20:52:24.825,2213.1,45.1,323,3.3,0,0,53.9,51,0,0,1,54,54,4,0,0,0,0,0,0,0,1.3,12,190,1,37,37,18,37,18,37,36,36,37,-851583,8,4.858,0.015,13.552,38,0,16,0,0,35,1,1,0,0,0,1,0,0,0
20:52:24.925,2230.5,56.1,318,50.5,19,0,53.9,51,0,0,1,52,51,4,0,0,0,0,0,0,0,18.8,12,190,1,37,37,18,37,18,37,36,36,37,-851583,8,4.863,0.015,13.606,38,0,16,0,0,35,1,1,0,0,0,1,0,0,0
20:52:25.025,2313.1,64.2,308,135.9,51.4,0,53.9,51.2,0,0,1,54,54,4,0,0,0,0,0,0,0,59.6,12,190,1,37,37,18,36,18,37,36,36,37,-851583,8,4.863,0.015,13.518,38,0,16,0,0,35,1,1,0,0,0,1,0,0,0
20:52:25.125,2284,54.2,309,118.7,50.5,0,53.9,51.1,0,0,1,52,52,4,0,0,0,0,0,0,0,52.3,12,190,1,37,37,18,36,18,37,36,36,37,-851583,8,4.863,0.015,13.579,38,0,16,0,0,35,1,1,0,0,0,1,0,0,0
20:52:25.225,2270.4,62.5,307,145.3,58.7,0,53.9,51,0,0,1,54,54,4,0,0,0,0,0,0,0,59.8,12,190,1,37,37,18,36,18,37,36,36,37,-851583,8,4.863,0.015,13.593,38,0,16,0,0,35,1,1,0,0,0,1,0,0,0
20:52:25.325,2295.7,49.5,311,93.5,45.6,0,53.9,51,0,0,1,55,52,4,0,0,0,0,0,0,0,43.1,12,190,1,37,37,18,36,18,37,36,36,37,-851583,8,4.863,0.015,13.62,37,0,16,0,0,35,1,1,0,0,0,1,0,0,0
20:52:25.425,2259.1,34.1,323,-7.4,1.4,0,53.9,51,0,0,1,55,54,4,0,0,0,0,0,0,0,-3.7,12,190,1,37,37,18,36,18,37,36,36,37,-851583,8,4.863,0.015,13.606,38,0,16,0,0,35,1,1,0,0,0,1,0,0,0
20:52:25.525,2260.2,41.6,324,-4.6,0,0,53.9,51,0,0,1,55,52,4,0,0,0,0,0,0,0,-2.8,12,190,1,37,37,18,36,18,37,36,36,37,-851583,8,4.863,0.015,13.613,38,0,16,0,0,35,1,1,0,0,0,1,0,0,0
20:52:25.625,2236.1,45.6,323,8.4,1.8,0,53.9,51,0,0,1,55,55,4,0,0,0,0,0,0,0,2.6,12,190,1,37,37,18,37,18,37,36,36,37,-851583,8,4.863,0.015,13.6,38,0,16,0,0,35,1,1,0,0,0,1,0,0,0
20:52:25.725,2208.5,47.6,321,11,2,0,53.9,51,0,0,1,54,55,4,0,0,0,0,0,0,0,4,12,190,1,37,37,18,37,18,37,37,36,37,-851583,8,4.863,0.015,13.627,38,0,16,0,0,35,1,1,0,0,0,1,0,0,0
20:52:25.825,2186.2,50.7,321,27,9.2,0,53.9,51,0,0,1,55,54,4,0,0,0,0,0,0,0,10,12,190,1,37,37,18,36,18,37,36,36,37,-851583,8,4.863,0.015,13.627,38,0,16,0,0,35,1,1,0,0,0,1,0,0,0
20:52:25.925,2169.1,50.4,319,40.6,15,0,53.9,51,0,0,1,54,54,4,0,0,0,0,0,0,0,12.8,12,190,1,37,37,18,36,18,37,36,36,37,-851583,8,4.863,0.015,13.641,38,0,16,0,0,35,1,1,0,0,0,1,0,0,0
20:52:26.025,2156.5,48.5,319,33.7,11.6,0,53.9,51.1,0,0,1,52,54,4,0,0,0,0,0,0,0,10.5,12,190,1,37,37,18,37,18,37,36,36,37,-851583,8,4.863,0.015,13.641,38,0,16,0,0,35,1,1,0,0,0,1,0,0,0
20:52:26.125,2098.2,46.6,320,36.2,14.1,0,53.9,51,0,0,1,54,54,4,0,0,0,0,0,0,0,13.5,12,190,1,37,37,18,36,18,37,36,36,37,-851583,8,4.863,0.015,13.641,38,0,16,0,0,35,1,1,0,0,0,1,0,0,0
20:52:26.225,1990.2,44.5,320,29.9,10.9,0,53.9,51.1,0,0,1,54,54,4,0,0,0,0,0,0,0,10.1,12,190,1,37,37,18,37,18,37,36,36,37,-851583,8,4.863,0.015,13.654,38,0,16,0,0,35,1,1,0,0,0,1,0,0,0
20:52:26.325,1931.6,46.2,319,59.1,19,0,53.9,51,0,0,1,52,54,4,0,0,0,0,0,0,0,20.7,12,190,1,37,37,18,36,18,37,36,36,37,-851583,8,4.863,0.015,13.647,38,0,16,0,0,35,1,1,0,0,0,1,0,0,0
20:52:26.425,1808.7,41,319,44.6,15.9,0,53.9,51,0,0,1,52,54,4,0,0,0,0,0,0,0,12.4,12,190,1,37,37,18,36,18,37,36,36,37,-851583,8,4.863,0.015,13.654,38,0,16,0,0,35,1,1,0,0,0,1,0,0,0
20:52:26.525,1713.3,40.8,318,61.5,19.1,0,53.9,51.1,0,0,1,52,52,4,0,0,0,0,0,0,0,19.2,12,190,1,37,37,18,36,18,37,36,36,37,-851583,8,4.863,0.015,13.661,38,0,16,0,0,35,1,1,0,0,0,1,0,0,0
20:52:26.625,1693.1,39.8,320,43.8,14.4,0,53.9,51,0,0,1,54,54,4,0,0,0,0,0,0,0,13.9,12,190,1,37,37,18,37,18,37,36,36,37,-851583,8,4.863,0.015,13.682,38,0,16,0,0,35,1,1,0,0,0,1,0,0,0
20:52:26.725,1644.8,37.3,320,34.3,10.7,0,53.9,51,0,0,1,54,54,4,0,0,0,0,0,0,0,10.1,12,190,1,37,37,18,37,18,37,36,36,37,-851583,8,4.863,0.015,13.661,38,0,16,0,0,35,1,1,0,0,0,1,0,0,0
20:52:26.825,1588.5,36.3,323,12.8,2.3,0,53.9,51,0,0,1,54,54,4,0,0,0,0,0,0,0,3.2,12,190,1,37,37,18,37,18,37,36,36,37,-851583,8,4.863,0.015,13.682,38,0,16,0,0,35,1,1,0,0,0,1,0,0,0
20:52:26.925,1552.9,35.6,323,15.6,4.1,0,53.9,51.1,0,0,1,51,54,3,0,0,0,0,0,0,0,3.8,12,190,1,37,37,18,36,18,37,36,36,37,-851583,8,4.863,0.015,13.661,38,0,16,0,0,35,1,1,0,0,0,1,0,0,0
20:52:27.025,1481.7,35.1,322,18.2,5,0,53.9,51,0,0,1,52,54,3,0,0,0,0,0,0,0,4.6,12,190,1,37,37,18,36,18,37,36,36,37,-851583,8,4.863,0.015,13.647,38,0,16,0,0,35,1,1,0,0,0,1,0,0,0
20:52:27.125,1451,36.3,320,57.7,15.3,0,53.9,51.2,0,0,1,52,54,3,0,0,0,0,0,0,0,14.5,12,190,1,37,37,18,37,18,37,36,36,37,-851583,8,4.863,0.015,13.661,38,0,16,0,0,35,1,1,0,0,0,1,0,0,0
20:52:27.225,1473.8,46.3,311,185.4,47.5,0,53.9,51.4,0,0,1,52,54,3,0,0,0,0,0,0,0,48.5,12,190,1,37,37,18,36,18,37,36,36,37,-851583,8,4.863,0.015,13.613,38,0,16,0,0,35,1,1,0,0,0,1,0,0,0
20:52:27.325,1574.8,47.5,305,218.1,60.8,0,53.9,51.4,0,0,1,52,54,3,0,0,0,0,0,0,0,66.8,12,190,1,37,37,18,37,18,37,37,36,37,-851583,8,4.863,0.015,13.606,38,0,16,0,0,35,1,1,0,0,0,1,0,0,0
20:52:27.425,1615.7,50.6,301,273,69.6,0,53.9,51.4,0,0,1,54,54,4,0,0,0,0,0,0,0,75,12,190,1,37,37,18,37,18,37,36,36,37,-851583,8,4.863,0.015,13.606,38,0,16,0,0,35,1,1,0,0,0,1,0,0,0
20:52:27.525,1675.6,52.7,303,256.6,74,0,53.9,51.3,0,0,1,52,54,4,0,0,0,0,0,0,0,74.7,12,190,1,37,37,18,37,18,37,36,36,37,-851583,8,4.863,0.015,13.593,38,0,16,0,0,35,1,1,0,0,0,1,0,0,0
20:52:27.625,1750.8,54.2,299,267.5,71,0,53.9,51.3,0,0,1,52,54,4,0,0,0,0,0,0,0,79.2,12,190,1,37,37,18,36,18,37,36,36,37,-851583,8,4.863,0.015,13.6,38,0,16,0,0,35,1,1,0,0,0,1,0,0,0
20:52:27.725,1811.4,56.8,299,271.7,80.9,0,53.9,51.4,0,0,1,51,54,4,0,0,0,0,0,0,0,83.9,12,190,1,37,37,18,36,18,37,36,36,37,-851583,8,4.863,0.015,13.572,38,0,16,0,0,35,1,1,0,0,0,1,0,0,0
20:52:27.825,1855.4,56.1,300,246.8,77.5,0,53.9,51.4,0,0,1,52,54,4,0,0,0,0,0,0,0,82.9,12,190,1,37,37,18,36,18,37,36,36,37,-851583,8,4.863,0.015,13.6,38,0,16,0,0,35,1,1,0,0,0,1,0,0,0
20:52:27.925,1842.5,44.3,309,144.8,54.5,0,53.9,51.3,0,0,1,51,52,4,0,0,0,0,0,0,0,50,12,190,1,37,37,18,36,18,37,37,36,37,-851583,8,4.863,0.015,13.613,38,0,16,0,0,35,1,1,0,0,0,1,0,0,0
20:52:28.025,1671.6,29.5,324,0,0,0,53.9,51.7,0,0,1,51,54,4,0,0,0,0,0,0,0,0,12,190,1,37,37,18,36,18,37,36,36,37,-851583,8,4.863,0.015,13.593,38,0,16,0,0,35,1,1,0,0,0,1,0,0,0
20:52:28.125,1635.7,31.1,323,0,0,0,53.9,51.9,0,0,1,52,54,4,0,0,0,0,0,0,0,0,12,190,1,37,37,18,36,18,37,36,36,37,-851583,8,4.863,0.015,13.647,38,0,16,0,0,35,1,1,0,0,0,1,0,0,0
20:52:28.225,1584.6,30,325,0,0,0,54.2,51.9,0,0,1,52,52,4,0,0,0,0,0,0,0,0,12,190,1,37,37,18,37,18,37,36,36,37,-851583,8,4.863,0.015,13.675,38,0,16,0,0,35,1,1,0,0,0,1,0,0,0
20:52:28.325,1557.4,36.5,322,16.2,4.5,0,54.9,51.4,0,0,1,52,54,4,0,0,0,0,0,0,0,3.7,12,190,1,37,37,18,36,18,37,36,36,37,-851583,8,4.863,0.015,13.641,38,0,16,0,0,35,1,1,0,0,0,1,0,0,0
20:52:28.425,1523.6,37.3,320,42.1,12.2,0,54.9,51.5,0,0,1,52,52,4,0,0,0,0,0,0,0,11,12,190,1,37,37,18,36,18,37,36,36,37,-851583,8,4.863,0.015,13.641,38,0,16,0,0,35,1,1,0,0,0,1,0,0,0
20:52:28.525,1509,38,318,67.2,18.4,0,54.9,51.4,0,0,1,52,54,3,0,0,0,0,0,0,0,18.6,12,190,1,37,37,18,36,18,37,36,36,37,-851583,8,4.863,0.015,13.627,38,0,16,0,0,35,1,1,0,0,0,1,0,0,0
20:52:28.625,1461.3,35.9,318,70.8,21.1,0,54.5,51.5,0,0,1,51,52,3,0,0,0,0,0,0,0,18.5,12,190,1,37,37,18,36,18,37,36,36,37,-851583,8,4.863,0.015,13.647,38,0,16,0,0,35,1,1,0,0,0,1,0,0,0
20:52:28.725,1420.9,34.5,319,61,17.3,0,54.1,51.8,0,0,1,51,52,3,0,0,0,0,0,0,0,16.4,12,190,1,37,37,18,36,18,37,37,36,37,-851583,8,4.863,0.015,13.668,38,0,16,0,0,35,1,1,0,0,0,1,0,0,0
20:52:28.825,1322.5,31.1,323,13.5,3,0,54,51.5,0,0,1,52,55,3,0,0,0,0,0,0,0,3,12,190,1,37,37,18,36,18,37,37,36,37,-851583,8,4.863,0.015,13.668,38,0,16,0,0,35,1,1,0,0,0,1,0,0,0
20:52:28.925,1371.3,36.6,318,86,22.4,0,54,51.6,0,0,1,51,52,3,0,0,0,0,0,0,0,21.2,12,190,1,37,37,18,36,18,37,37,36,37,-851583,8,4.863,0.015,13.647,38,0,16,0,0,35,1,1,0,0,0,1,0,0,0
20:52:29.025,1371.3,42.1,309,188.8,51.2,0,54,51.5,0,0,1,52,54,3,0,0,0,0,0,0,0,48.2,12,190,1,37,37,18,36,18,37,37,36,37,-851583,8,4.863,0.015,13.62,38,0,16,0,0,35,1,1,0,0,0,1,0,0,0
20:52:29.125,1414.9,41.3,311,180.4,48.2,0,54,51.4,0,0,1,50,52,3,0,0,0,0,0,0,0,47.8,12,190,1,37,37,18,36,18,37,36,36,37,-851583,8,4.863,0.015,13.606,38,0,16,0,0,35,1,1,0,0,0,1,0,0,0
20:52:29.225,1502.6,44.3,305,204.9,58.5,0,54,51.5,0,0,1,55,54,3,0,0,0,0,0,0,0,56.8,12,190,1,37,37,18,36,18,37,36,36,37,-851583,8,4.863,0.015,13.606,38,0,16,0,0,35,1,1,0,0,0,1,0,0,0
20:52:29.325,1513.5,41.8,310,147.4,46.1,0,54,51.4,0,0,1,55,54,4,0,0,0,0,0,0,0,47,12,190,1,37,37,18,36,18,37,37,36,37,-851583,8,4.863,0.015,13.634,38,0,16,0,0,35,1,1,0,0,0,1,0,0,0
20:52:29.425,1547.6,44.1,311,145.9,42.6,0,54,51.5,0,0,1,54,54,3,0,0,0,0,0,0,0,42.3,12,190,1,37,37,18,37,18,37,36,36,37,-851583,8,4.863,0.015,13.606,38,0,16,0,0,35,1,1,0,0,0,1,0,0,0
20:52:29.525,1551.7,39.7,313,119,37.4,0,54.7,51.5,0,0,1,54,55,3,0,0,0,0,0,0,0,35.2,12,190,1,37,37,18,37,18,37,36,36,37,-851583,8,4.863,0.015,13.62,38,0,16,0,0,35,1,1,0,0,0,1,0,0,0
20:52:29.625,1530.7,42.1,311,141.9,44.2,0,54.9,51.5,0,0,1,52,54,4,0,0,0,0,0,0,0,40.5,12,190,1,37,37,18,36,18,37,36,36,37,-851583,8,4.863,0.015,13.613,38,0,16,0,0,35,1,1,0,0,0,1,0,0,0
20:52:29.725,1542.9,35.4,314,95,30.2,0,54.9,51.6,0,0,1,52,52,4,0,0,0,0,0,0,0,29.2,12,190,1,37,37,18,36,18,37,36,36,37,-851583,8,4.863,0.015,13.641,38,0,16,0,0,35,1,1,0,0,0,1,0,0,0
20:52:29.825,1447.8,32.7,321,25.9,7.3,0,54.9,51.8,0,0,1,52,55,4,0,0,0,0,0,0,0,6.5,12,190,1,37,37,18,37,18,37,36,36,37,-851583,8,4.863,0.015,13.647,38,0,16,0,0,35,1,1,0,0,0,1,0,0,0
20:52:29.925,1483.9,39.8,317,95.2,29.2,0,54.9,51.8,0,0,1,52,54,4,0,0,0,0,0,0,0,26.1,12,190,1,37,37,18,37,18,37,36,36,37,-851583,8,4.863,0.015,13.613,38,0,16,0,0,35,1,1,0,0,0,1,0,0,0
20:52:30.025,1508.1,37.6,317,91.6,26.5,0,54.9,51.5,0,0,1,51,54,4,0,0,0,0,0,0,0,24.9,12,190,1,37,37,18,18,18,37,36,36,37,-851583,8,4.863,0.015,13.613,38,0,16,0,0,35,1,1,0,0,0,1,0,0,0
20:52:30.125,1393.2,34.6,318,78.1,21.9,0,54.9,51.6,0,0,1,52,52,4,0,0,0,0,0,0,0,19.3,12,190,1,37,37,18,36,18,37,36,36,37,-851583,8,4.863,0.015,13.593,38,0,16,0,0,35,1,1,0,0,0,1,0,0,0
20:52:30.225,1311.7,33.4,317,89.8,23.8,0,54.9,51.6,0,0,1,52,54,4,0,0,0,0,0,0,0,21.6,12,190,1,37,37,18,37,18,37,37,36,37,-851583,8,4.863,0.015,13.586,38,0,16,0,0,35,1,1,0,0,0,1,0,0,0
20:52:30.325,1236.6,33,318,99.4,25.1,0,54.9,51.6,0,0,1,54,54,4,0,0,0,0,0,0,0,23.5,12,190,1,37,37,18,37,18,37,37,36,37,-851583,8,4.863,0.015,13.586,38,0,16,0,0,35,1,1,0,0,0,1,0,0,0
20:52:30.425,1222.8,35.3,314,140.5,35.1,0,54.9,51.6,0,0,1,52,54,4,0,0,0,0,0,0,0,34.4,12,190,1,37,37,18,36,18,37,36,36,37,-851583,8,4.863,0.015,13.552,38,0,16,0,0,35,1,1,0,0,0,1,0,0,0
20:52:30.525,1305.1,41.2,309,224.1,53,0,54.9,51.5,0,0,1,52,54,4,0,0,0,0,0,0,0,50.8,12,190,1,37,37,18,37,18,37,36,36,37,-851583,8,4.863,0.015,13.6,38,0,16,0,0,35,1,1,0,0,0,1,0,0,0
20:52:30.625,1332.3,42,308,238.3,59.7,0,54.9,51.5,0,0,1,52,54,4,0,0,0,0,0,0,0,59.4,12,190,1,37,37,18,37,18,37,36,36,37,-851583,8,4.863,0.015,13.586,38,0,16,0,0,35,1,1,0,0,0,1,0,0,0
20:52:30.725,1363,43.1,308,206.3,52.6,0,54.9,51.5,0,0,1,52,54,4,0,0,0,0,0,0,0,52.9,12,190,1,37,37,18,36,18,37,36,36,37,-851583,8,4.863,0.015,13.586,38,0,16,0,0,35,1,1,0,0,0,1,0,0,0
20:52:30.825,1400.7,43.3,304,236.3,64.1,0,54.9,51.5,0,0,1,52,54,4,0,0,0,0,0,0,0,60,12,190,1,37,37,18,37,18,37,36,36,37,-851583,8,4.863,0.015,13.586,37,0,16,0,0,35,1,1,0,0,0,1,0,0,0
20:52:30.925,1464.9,45.8,305,239.5,62.3,0,54.9,51.6,0,0,1,52,54,4,0,0,0,0,0,0,0,63.4,12,190,1,37,37,18,37,18,37,36,36,37,-851583,8,4.863,0.015,13.6,38,0,16,0,0,35,1,1,0,0,0,1,0,0,0
20:52:31.025,1529,47.2,304,247.7,67.6,0,54.9,51.5,0,0,1,52,54,4,0,0,0,0,0,0,0,66.6,12,190,1,37,37,18,36,18,37,36,36,37,-851583,8,4.863,0.015,13.606,38,0,16,0,0,35,1,1,0,0,0,1,0,0,0
20:52:31.125,1595,48.7,304,221.6,59.7,0,54.9,51.5,0,0,1,52,54,4,0,0,0,0,0,0,0,67,12,190,1,37,37,18,36,18,37,36,36,37,-851583,8,4.863,0.015,13.62,38,0,16,0,0,35,1,1,0,0,0,1,0,0,0
20:52:31.225,1668.9,50.5,302,239.9,66.2,0,54.9,51.5,0,0,1,52,54,4,0,0,0,0,0,0,0,69.6,12,190,1,37,37,18,36,18,37,37,36,37,-851583,8,4.863,0.015,13.627,38,0,16,0,0,35,1,1,0,0,0,1,0,0,0
20:52:31.325,1722.4,52.1,301,233.6,65.3,0,54.9,51.6,0,0,1,51,52,4,0,0,0,0,0,0,0,72.8,12,190,1,37,37,18,36,18,37,36,36,37,-851583,8,4.863,0.015,13.606,38,0,16,0,0,35,1,1,0,0,0,1,0,0,0
20:52:31.425,1769.9,51.8,305,195.6,63.9,0,54.9,51.5,0,0,1,52,55,4,0,0,0,0,0,0,0,65.8,12,190,1,37,37,18,37,18,37,36,36,37,-851583,8,4.863,0.015,13.627,38,0,16,0,0,35,1,1,0,0,0,1,0,0,0
20:52:31.525,1820.2,53.1,305,189.3,65.2,0,54.9,51.7,0,0,1,51,54,4,0,0,0,0,0,0,0,64.1,12,190,1,37,37,18,36,18,37,36,36,37,-851583,8,4.863,0.015,13.641,38,0,16,0,0,35,1,1,0,0,0,1,0,0,0
20:52:31.625,1879.5,54.9,304,192.4,64.1,0,54.9,51.5,0,0,1,51,54,4,0,0,0,0,0,0,0,67.3,12,190,1,37,37,18,37,18,37,36,36,37,-851583,8,4.863,0.015,13.62,38,0,16,0,0,35,1,1,0,0,0,1,0,0,0
20:52:31.725,1926.1,51.4,307,149.8,54.3,0,54.9,51.5,0,0,1,52,54,4,0,0,0,0,0,0,0,56.8,12,190,1,37,37,18,37,18,37,36,36,37,-851583,8,4.863,0.015,13.6,38,0,16,0,0,35,1,1,0,0,0,1,0,0,0
20:52:31.825,1919.7,36.7,318,39.6,18.6,0,54.9,51.9,0,0,1,51,54,4,0,0,0,0,0,0,0,15.4,12,190,1,37,37,18,36,18,37,36,36,37,-851583,8,4.863,0.015,13.606,38,0,16,0,0,35,1,1,0,0,0,1,0,0,0
20:52:31.925,1881.9,43.4,319,27.3,11.6,0,55.1,51.9,0,0,1,52,54,4,0,0,0,0,0,0,0,9,12,190,1,37,37,18,36,18,37,37,36,37,-851583,8,4.863,0.015,13.606,38,0,16,0,0,35,1,1,0,0,0,1,0,0,0
20:52:32.025,1940.1,52.2,314,101.6,30.9,0,55.9,51.6,0,0,1,52,52,4,0,0,0,0,0,0,0,35,12,190,1,37,37,18,37,18,37,36,36,37,-851583,8,4.863,0.015,13.579,38,0,16,0,0,35,1,1,0,0,0,1,0,0,0
20:52:32.125,1953.3,51,309,127.3,47.4,0,55.9,51.5,0,0,1,52,54,4,0,0,0,0,0,0,0,47.4,12,190,1,37,37,18,36,18,37,37,36,37,-851583,8,4.863,0.015,13.586,38,0,16,0,0,35,1,1,0,0,0,1,0,0,0
20:52:32.225,1964.9,47.3,314,79.7,31.4,0,55.9,51.8,0,0,1,52,52,4,0,0,0,0,0,0,0,32.9,12,190,1,37,37,18,37,18,37,36,36,37,-851583,8,4.863,0.015,13.586,38,0,16,0,0,35,1,1,0,0,0,1,0,0,0
20:52:32.325,1963.7,45.8,315,67,25.3,0,55.9,51.8,0,0,1,51,54,4,0,0,0,0,0,0,0,24.2,12,190,1,37,37,18,36,18,37,36,36,37,-851583,8,4.863,0.015,13.572,38,0,16,0,0,35,1,1,0,0,0,1,0,0,0
20:52:32.425,1957.7,48.5,316,68.5,25.1,0,55.9,51.8,0,0,1,51,54,5,0,0,0,0,0,0,0,26.3,12,190,1,37,37,18,37,18,37,37,36,37,-851583,8,4.863,0.015,13.586,38,0,16,0,0,35,1,1,0,0,0,1,0,0,0
20:52:32.525,2024.4,55.1,311,106.4,35.9,0,55.9,51.7,0,0,1,56,54,5,0,0,0,0,0,0,0,38.8,12,190,1,37,37,18,36,18,37,37,36,37,-851583,8,4.863,0.015,13.552,38,0,16,0,0,35,1,1,0,0,0,1,0,0,0
20:52:32.625,2067.9,54.5,307,141.4,54.6,0,55.9,51.6,0,0,1,55,54,5,0,0,0,0,0,0,0,50.6,12,190,1,37,37,18,37,18,37,36,36,37,-851583,8,4.863,0.015,13.606,38,0,16,0,0,35,1,1,0,0,0,1,0,0,0
20:52:32.725,2047.7,50.8,310,105.8,42.7,0,55.9,51.6,0,0,1,55,55,5,0,0,0,0,0,0,0,42.9,12,190,1,37,37,18,37,18,37,37,36,37,-851583,8,4.863,0.015,13.586,38,0,16,0,0,35,1,1,0,0,0,1,0,0,0
20:52:32.825,2046.9,53,309,130.5,46.2,0,55.9,51.7,0,0,1,54,54,5,0,0,0,0,0,0,0,47.4,12,190,1,37,37,18,37,18,37,37,36,37,-851583,8,4.863,0.015,13.593,38,0,16,0,0,35,1,1,0,0,0,1,0,0,0
20:52:32.925,1982.5,48.7,310,106.8,40.6,0,55.9,51.8,0,0,1,55,54,5,0,0,0,0,0,0,0,39.9,12,190,1,37,37,18,37,18,37,36,36,37,-851583,8,4.863,0.015,13.6,38,0,16,0,0,35,1,1,0,0,0,1,0,0,0
20:52:33.025,1928.1,41.3,318,41,16.3,0,55.9,51.9,0,0,1,54,52,4,0,0,0,0,0,0,0,12.6,12,190,1,37,37,18,36,18,37,36,36,37,-851583,8,4.863,0.015,13.586,38,0,16,0,0,35,1,1,0,0,0,1,0,0,0
20:52:33.125,1920.3,47.3,318,46.1,15.8,0,55.9,51.7,0,0,1,54,54,4,0,0,0,0,0,0,0,16.3,12,190,1,37,37,18,37,18,37,36,36,37,-851583,8,4.863,0.015,13.6,38,0,16,0,0,35,1,1,0,0,0,1,0,0,0
20:52:33.225,1916.4,47.5,315,80,28.6,0,55.9,51.7,0,0,1,55,55,4,0,0,0,0,0,0,0,29.9,12,190,1,37,37,18,37,18,37,36,36,37,-851583,8,4.863,0.015,13.572,38,0,16,0,0,35,1,1,0,0,0,1,0,0,0
20:52:33.325,1896.5,45,315,78.2,28.5,0,55.9,51.8,0,0,1,55,55,4,0,0,0,0,0,0,0,26.7,12,190,1,37,37,18,37,18,37,36,36,37,-851583,8,4.863,0.015,13.538,38,0,16,0,0,35,1,1,0,0,0,1,0,0,0
20:52:33.425,1864.1,44.5,317,68.2,22.9,0,55.9,51.8,0,0,1,52,54,5,0,0,0,0,0,0,0,20.5,12,190,1,37,37,18,37,18,37,37,36,37,-851583,8,4.863,0.015,13.511,37,0,16,0,0,35,1,1,0,0,0,1,0,0,0
20:52:33.525,1837.3,44.2,317,63.9,22.5,0,55.9,51.8,0,0,1,54,54,5,0,0,0,0,0,0,0,21.5,12,190,1,37,37,18,37,18,37,37,36,37,-851583,8,4.863,0.015,13.518,38,0,16,0,0,35,1,1,0,0,0,1,0,0,0
20:52:33.625,1818.2,41.6,319,48.1,17.4,0,55.9,51.7,0,0,1,52,54,4,0,0,0,0,0,0,0,15.5,12,190,1,37,37,18,36,18,37,36,36,37,-851583,8,4.863,0.015,13.545,38,0,16,0,0,35,1,1,0,0,0,1,0,0,0
20:52:33.725,1738.6,34.7,325,0,0,0,55.9,51.9,0,0,1,52,55,4,0,0,0,0,0,0,0,0,12,190,1,37,37,18,37,18,37,36,36,37,-851583,8,4.863,0.015,13.593,38,0,16,0,0,35,1,1,0,0,0,1,0,0,0
20:52:33.825,1809.5,44.5,320,41.1,11.9,0,55.9,51.7,0,0,1,54,54,4,0,0,0,0,0,0,0,12.7,12,190,1,37,37,18,37,18,37,36,36,37,-851583,8,4.863,0.015,13.613,38,0,16,0,0,35,1,1,0,0,0,1,0,0,0
20:52:33.925,1730.4,31.3,324,0,0,0,55.8,51.9,0,0,1,54,54,4,0,0,0,0,0,0,0,0,12,190,1,37,37,18,37,18,37,36,36,37,-851583,8,4.863,0.015,13.606,38,0,16,0,0,35,1,1,0,0,0,1,0,0,0
20:52:34.025,1592,26.7,323,0,0,0,55,51.9,0,0,1,54,54,4,0,0,0,0,0,0,0,0,12,190,1,37,37,18,36,18,37,36,36,37,-851583,8,4.863,0.015,13.647,38,0,16,0,0,35,1,1,0,0,0,1,0,0,0
20:52:34.125,1259.6,22.8,324,0,0,0,55,52,0,0,1,52,54,5,0,0,0,0,0,0,0,0,12,190,1,37,37,18,36,18,37,37,36,37,-851583,8,4.863,0.015,13.634,38,0,16,0,0,35,1,1,0,0,0,1,0,0,0
20:52:34.225,1219.5,25.3,323,-0.5,0,0,55,52,0,0,1,54,54,4,0,0,0,0,0,0,0,-0.3,12,190,1,37,37,18,37,18,37,37,36,37,-851583,8,4.863,0.015,13.634,38,0,16,0,0,35,1,1,0,0,0,1,0,0,0
20:52:34.325,1460.4,42.7,313,136.9,36.4,0,55,51.4,0,0,1,52,54,4,0,0,0,0,0,0,0,35.6,12,190,1,37,37,18,36,18,37,37,36,37,-851583,8,4.863,0.015,13.593,38,0,16,0,0,35,1,1,0,0,0,1,0,0,0
20:52:34.425,1555.4,48.4,307,199.2,54.8,0,55,51.5,0,0,1,54,54,4,0,0,0,0,0,0,0,58.5,12,190,1,37,37,18,36,18,37,37,36,37,-851583,8,4.863,0.015,13.613,38,0,16,0,0,35,1,1,0,0,0,1,0,0,0
20:52:34.525,1651.1,52.5,302,257.6,75,0,55,51.4,0,0,1,54,54,4,0,0,0,0,0,0,0,74.5,12,190,1,37,37,18,37,18,37,37,36,37,-851583,8,4.863,0.015,13.62,38,0,16,0,0,35,1,1,0,0,0,1,0,0,0
20:52:34.625,1737.6,55.1,301,259.2,72.7,0,55,51.4,0,0,1,54,52,4,0,0,0,0,0,0,0,81.6,12,190,1,37,37,18,36,18,37,36,36,37,-851583,8,4.863,0.015,13.62,38,0,16,0,0,35,1,1,0,0,0,1,0,0,0
20:52:34.725,1849.5,59.5,298,269.2,77.9,0,55,51.5,0,0,1,52,52,4,0,0,0,0,0,0,0,85,12,190,1,37,37,18,36,18,37,36,36,37,-851583,8,4.863,0.015,13.6,38,0,16,0,0,35,1,1,0,0,0,1,0,0,0
20:52:34.825,1982.1,63.7,295,273.9,85.6,0,55,51.5,0,0,1,54,54,5,0,0,0,0,0,0,0,98,12,190,1,37,37,18,36,18,37,37,36,37,-851583,8,4.863,0.015,13.6,38,0,16,0,0,35,1,1,0,0,0,1,0,0,0
20:52:34.925,2120.7,67.4,294,269.1,87.3,0,55,51.4,0,0,1,52,52,5,0,0,0,0,0,0,0,99.1,12,190,1,37,37,18,36,18,37,36,36,37,-851583,8,4.863,0.015,13.6,38,0,16,0,0,35,1,1,0,0,0,1,0,0,0
20:52:35.025,2249.8,72.6,290,301.3,101.3,0,55,51.4,0,0,1,52,54,5,0,0,0,0,0,0,0,110.2,12,190,1,37,37,18,36,18,37,36,36,37,-851583,8,4.863,0.015,13.586,38,0,16,0,0,35,1,1,0,0,0,1,0,0,0
20:52:35.125,2247.8,69.7,293,300.5,107.5,0,55.9,51.4,0,0,1,52,52,5,0,0,0,0,0,0,0,113.6,12,190,1,37,37,18,37,18,37,36,36,37,-851583,8,4.863,0.015,13.572,38,0,16,0,0,35,1,1,0,0,0,1,0,0,0
20:52:35.225,2287.1,74,291,286.8,84.1,0,55.9,51.4,0,0,1,54,54,5,0,0,0,0,0,0,0,107.6,11,190,1,37,37,18,37,18,37,37,36,37,-851583,8,4.863,0.015,13.579,38,0,16,0,0,35,1,1,0,0,0,1,0,0,0
20:52:35.325,2456.1,82.1,288,284.7,99.9,0,55.9,51.5,0,0,1,54,52,5,0,0,0,0,0,0,0,121.5,11,190,1,37,37,18,37,18,37,36,36,37,-851583,8,4.863,0.015,13.572,38,0,16,0,0,35,1,1,0,0,0,1,0,0,0
20:52:35.425,2431.5,41.4,322,0,0,0,55.9,51.9,4,0,1,51,52,5,0,0,0,0,0,0,0,0,11,190,1,37,37,18,37,18,37,36,36,37,-851583,8,4.863,0.015,13.62,38,0,16,0,0,35,1,1,0,0,0,1,0,0,0
20:52:35.525,1823.6,60.4,299,278.6,58.8,0,55.9,51.5,0,0,1,52,54,5,0,0,0,0,0,0,0,79.2,11,190,1,37,37,18,37,18,37,37,36,37,-851583,8,4.863,0.015,13.579,38,0,16,0,0,35,1,1,0,0,0,1,0,0,0
20:52:35.625,2271.4,82.7,288,342.9,79.8,0,55.9,51.5,0,0,1,52,54,5,0,0,0,0,0,0,0,123.5,11,190,1,37,37,18,36,18,37,36,36,37,-851583,8,4.863,0.015,13.606,38,0,16,0,0,35,1,1,0,0,0,1,0,0,0
20:52:35.725,2521.1,78.3,290,251.2,88.2,0,55.9,51.4,0,0,1,52,52,5,0,0,0,0,0,0,0,107.2,11,190,1,37,37,18,36,18,37,37,36,37,-851583,8,4.863,0.015,13.6,38,0,16,0,0,35,1,1,0,0,0,1,0,0,0
20:52:35.825,2365.9,39.9,322,0,0,0,55.9,51.9,4,0,1,52,54,4,0,0,0,0,0,0,0,0,11,190,1,37,37,18,37,18,37,37,36,37,-851583,8,4.863,0.015,13.647,38,0,16,0,0,35,1,1,0,0,0,1,0,0,0
20:52:35.925,1763.1,32.8,323,0,0,0,55.9,51.7,4,0,1,51,52,4,0,0,0,0,0,0,0,0.7,11,190,1,37,37,18,37,18,37,37,36,37,-851583,8,4.863,0.015,13.606,38,0,16,0,0,35,1,1,0,0,0,1,0,0,0
20:52:36.025,1438.5,34.7,323,54.4,18.1,0,55.9,51.9,0,0,1,52,51,4,0,0,0,0,0,0,0,19.3,11,190,1,37,37,18,18,18,37,37,36,37,-851583,8,4.863,0.015,13.668,38,0,16,0,0,35,1,1,0,0,0,1,0,0,0
20:52:36.125,1340.3,25,322,0,0,0,55.9,51.9,4,0,1,54,54,4,0,0,0,0,0,0,0,0,11,190,1,37,37,18,36,18,37,36,36,37,-851583,8,4.863,0.015,13.654,38,0,16,0,0,35,1,1,0,0,0,1,0,0,0
20:52:36.225,1130,18.9,322,0,0,0,55.9,51.9,4,0,1,55,52,4,0,0,0,0,0,0,0,0,11,190,1,37,37,18,37,18,37,36,36,37,-851583,8,4.863,0.015,13.634,38,0,16,0,0,35,1,1,0,0,0,1,0,0,0
20:52:36.325,807.7,28.7,315,169.1,33.7,0,55.9,51.8,0,0,1,55,54,4,0,0,0,0,0,0,0,24.8,11,190,1,37,37,18,37,18,37,36,36,37,-851583,8,4.863,0.015,13.668,38,0,16,0,0,35,1,1,0,0,0,1,0,0,0
20:52:36.425,1014.3,37.3,308,252.6,53.8,0,55.9,51.6,0,0,1,55,52,4,0,0,0,0,0,0,0,53.6,11,190,1,37,37,18,36,18,37,36,36,37,-851583,8,4.863,0.015,13.641,38,0,16,0,0,35,1,1,0,0,0,1,0,0,0
20:52:36.525,1126.9,36.2,308,243.9,54,0,55.9,51.7,0,0,1,54,54,4,0,0,0,0,0,0,0,50.8,11,190,1,37,37,18,37,18,37,36,36,37,-851583,8,4.863,0.015,13.641,38,0,16,0,0,35,1,1,0,0,0,1,0,0,0
20:52:36.625,932.8,20.8,316,119.8,22.8,0,55.9,51.9,0,0,1,55,55,4,0,0,0,0,0,0,0,17,11,190,1,37,37,18,37,18,37,37,36,37,-851583,8,4.863,0.015,13.613,38,0,16,0,0,35,1,1,0,0,0,1,0,0,0
20:52:36.725,153,-1.8,322,0.3,0,0,55.9,51.9,0,0,1,54,54,4,0,0,0,0,0,0,0,0.1,11,190,1,37,37,18,36,18,37,37,36,37,-851583,8,4.863,0.015,13.641,38,0,16,0,0,35,1,1,0,0,0,1,0,0,0
20:52:36.825,-197.4,-5.8,324,0,0,0,55.9,51.9,0,0,1,54,54,4,0,0,0,0,0,0,0,0,11,190,1,37,37,18,37,18,37,36,36,37,-851583,8,4.863,0.015,13.668,38,0,16,0,0,35,1,1,0,0,0,1,0,0,0
20:52:36.925,-308.8,-5.8,324,0,0,0,55.9,51.9,0,0,1,54,54,4,0,0,0,0,0,0,0,0,11,190,1,37,37,18,37,18,37,36,36,37,-851583,8,4.863,0.015,13.654,38,0,16,0,0,35,1,1,0,0,0,1,0,0,0
20:52:37.025,-323.4,-7.2,323,0,0,0,55.9,51.9,0,0,1,55,55,4,0,0,0,0,0,0,0,0,12,190,1,37,37,18,36,18,37,36,36,37,-851583,8,4.863,0.015,13.647,38,0,16,0,0,35,1,1,0,0,0,1,0,0,0
20:52:37.125,-331.5,-5.6,324,0,0,0,55.9,51.9,0,0,1,54,52,4,0,0,0,0,0,0,0,0,12,190,1,37,37,18,37,18,37,36,36,37,-851583,8,4.863,0.015,13.647,38,0,16,0,0,35,1,1,0,0,0,1,0,0,0
20:52:37.225,-316.3,-6.1,324,0,0,0,55.9,51.9,0,0,1,54,54,4,0,0,0,0,0,0,0,0,12,190,1,37,37,18,36,18,37,36,36,37,-851583,8,4.863,0.015,13.654,38,0,16,0,0,35,1,1,0,0,0,1,0,0,0
20:52:37.325,-292.6,-5.3,323,0,0,0,55.9,51.9,0,0,1,55,55,5,0,0,0,0,0,0,0,0,12,190,1,37,37,18,36,18,37,37,36,37,-851583,8,4.863,0.015,13.661,38,0,16,0,0,35,1,1,0,0,0,1,0,0,0
20:52:37.425,-277.8,-5,324,0,0,0,55.9,51.9,0,0,1,52,52,5,0,0,0,0,0,0,0,0,12,190,1,37,37,18,37,18,37,37,36,37,-851583,8,4.863,0.015,13.634,38,0,16,0,0,35,1,1,0,0,0,1,0,0,0
20:52:37.525,-273.6,-5.9,324,0,0,0,55.9,51.9,0,0,1,54,54,5,0,0,0,0,0,0,0,0,12,190,1,37,37,18,36,18,37,36,36,37,-851583,8,4.863,0.015,13.641,38,0,16,0,0,35,1,1,0,0,0,1,0,0,0
20:52:37.625,-267.6,-4.5,325,0,0,0,55.9,52,0,0,1,54,52,5,0,0,0,0,0,0,0,0,12,190,1,37,37,18,37,18,37,37,36,37,-851583,8,4.863,0.015,13.62,38,0,16,0,0,35,1,1,0,0,0,1,0,0,0
20:52:37.725,-260.9,-5,324,0,0,0,55.9,52,0,0,1,52,52,5,0,0,0,0,0,0,0,0,12,190,1,37,37,18,37,18,37,36,36,37,-851583,8,4.863,0.015,13.634,38,0,16,0,0,35,1,1,0,0,0,1,0,0,0
20:52:37.825,-255.4,-5.3,324,0,0,0,55.9,52,0,0,1,54,54,5,0,0,0,0,0,0,0,0,12,190,1,37,37,18,36,18,37,36,36,37,-851583,8,4.863,0.015,13.613,38,0,16,0,0,35,1,1,0,0,0,1,0,0,0
20:52:37.925,-244.5,-5.1,323,0,0,0,55.9,52,0,0,1,54,54,5,0,0,0,0,0,0,0,0,12,190,1,37,37,18,37,18,37,37,36,37,-851583,8,4.863,0.015,13.613,38,0,16,0,0,35,1,1,0,0,0,1,0,0,0
20:52:38.025,-236.4,-5,325,0,0,0,55.9,52,0,0,1,54,52,5,0,0,0,0,0,0,0,0,12,190,1,37,37,18,37,18,37,37,36,37,-851583,8,4.863,0.015,13.613,38,0,16,0,0,35,1,1,0,0,0,1,0,0,0
20:52:38.125,-226.3,-4.5,324,0,0,0,55.9,52,0,0,1,52,54,5,0,0,0,0,0,0,0,0,12,190,1,37,37,18,36,18,37,36,36,37,-851583,8,4.863,0.015,13.613,38,0,16,0,0,35,1,1,0,0,0,1,0,0,0
20:52:38.225,-219.6,-3.7,324,0,0,0,55.9,52,0,0,1,52,52,5,0,0,0,0,0,0,0,0,12,190,1,37,37,18,37,18,37,37,36,37,-851583,8,4.863,0.015,13.613,38,0,16,0,0,35,1,1,0,0,0,1,0,0,0
20:52:38.325,-211.9,-4.7,325,0,0,0,55.9,52,0,0,1,54,54,5,0,0,0,0,0,0,0,0,12,190,1,37,37,18,37,18,37,37,36,37,-851583,8,4.863,0.015,13.613,38,0,16,0,0,35,1,1,0,0,0,1,0,0,0
20:52:38.425,-202.9,-3.6,325,0,0,0,55.9,52,0,0,1,54,54,5,0,0,0,0,0,0,0,0,12,190,1,37,37,18,37,18,37,36,36,37,-851583,8,4.863,0.015,13.634,38,0,16,0,0,35,1,1,0,0,0,1,0,0,0
20:52:38.525,-195.6,-3.3,325,0,0,0,55.9,52,0,0,1,52,52,5,0,0,0,0,0,0,0,0,12,190,1,37,37,18,37,18,37,37,36,37,-851583,8,4.863,0.015,13.647,38,0,16,0,0,35,1,1,0,0,0,1,0,0,0
20:52:38.625,-187.3,-3.3,325,0,0,0,55.9,52,0,0,1,54,52,5,0,0,0,0,0,0,0,0,12,190,1,37,37,18,37,18,37,36,36,37,-851583,8,4.863,0.015,13.654,38,0,16,0,0,35,1,1,0,0,0,1,0,0,0
20:52:38.725,-178,-3.1,325,0,0,0,55.9,52,0,0,1,52,52,5,0,0,0,0,0,0,0,0,12,190,1,37,37,18,37,18,37,37,36,37,-851583,8,4.863,0.015,13.647,38,0,16,0,0,35,1,1,0,0,0,1,0,0,0
20:52:38.825,-168,-2.6,324,0,0,0,55.9,52,0,0,1,52,54,5,0,0,0,0,0,0,0,0,12,190,1,37,37,18,37,18,37,37,36,37,-851583,8,4.863,0.015,13.641,38,0,16,0,0,35,1,1,0,0,0,1,0,0,0
20:52:38.925,-158.5,-3.5,325,0,0,0,55.7,52,0,0,1,52,52,4,0,0,0,0,0,0,0,0,12,190,1,37,37,18,37,18,37,37,36,37,-851583,8,4.863,0.015,13.641,38,0,16,0,0,35,1,1,0,0,0,1,0,0,0
20:52:39.025,-149.9,-2.3,324,0,0,0,55,52,0,0,1,54,54,4,0,0,0,0,0,0,0,0,12,190,1,37,37,18,36,18,37,37,36,37,-851583,8,4.863,0.015,13.641,38,0,16,0,0,35,1,1,0,0,0,1,0,0,0
20:52:39.125,-139.8,-3.2,325,0,0,0,55,52,0,0,1,52,52,5,0,0,0,0,0,0,0,0,12,190,1,37,37,18,37,18,37,37,36,37,-851583,8,4.863,0.015,13.647,38,0,16,0,0,35,1,1,0,0,0,1,0,0,0
20:52:39.225,-130.4,-3.1,324,0,0,0,55,52,0,0,1,52,52,5,0,0,0,0,0,0,0,0,12,190,1,37,37,18,37,18,37,36,36,37,-851583,8,4.863,0.015,13.62,38,0,16,0,0,35,1,1,0,0,0,1,0,0,0
20:52:39.325,-122.2,-2.5,324,0,0,0,55,52,0,0,1,54,52,5,0,0,0,0,0,0,0,0,12,190,1,37,37,18,37,18,37,36,36,37,-851583,8,4.863,0.015,13.627,38,0,16,0,0,35,1,1,0,0,0,1,0,0,0
20:52:39.425,-114.2,-2.5,325,0,0,0,55,51.9,0,0,1,52,52,5,0,0,0,0,0,0,0,0,12,190,1,37,37,18,37,18,37,36,36,37,-851583,8,4.863,0.015,13.661,38,0,16,0,0,35,1,1,0,0,0,1,0,0,0
20:52:39.525,-108,-2.4,324,0,0,0,55,51.9,0,0,1,54,54,5,0,0,0,0,0,0,0,0,12,190,1,37,37,18,37,18,37,37,36,37,-851583,8,4.863,0.015,13.627,38,0,16,0,0,35,1,1,0,0,0,1,0,0,0
20:52:39.625,-97.8,-1.2,324,0,0,0,55,51.9,0,0,1,52,51,5,0,0,0,0,0,0,0,0,12,190,1,37,37,18,37,18,37,37,36,37,-851583,8,4.863,0.015,13.62,38,0,16,0,0,35,1,1,0,0,0,1,0,0,0
20:52:39.725,-88.6,-2.2,325,0,0,0,55,51.9,0,0,1,54,54,5,0,0,0,0,0,0,0,0,12,190,1,37,37,18,37,18,37,37,36,37,-851583,8,4.863,0.015,13.62,38,0,16,0,0,35,1,1,0,0,0,1,0,0,0
20:52:39.825,-80.4,-1.2,325,0,0,0,55,52,0,0,1,54,52,5,0,0,0,0,0,0,0,0,12,190,1,37,37,18,37,18,37,37,36,37,-851583,8,4.863,0.015,13.62,38,0,16,0,0,35,1,1,0,0,0,1,0,0,0
20:52:39.925,-71.6,-0.6,325,0,0,0,55,52,0,0,1,52,51,5,0,0,0,0,0,0,0,0,12,190,1,37,37,18,37,18,37,37,36,37,-851583,8,4.863,0.015,13.62,38,0,16,0,0,35,1,1,0,0,0,1,0,0,0
20:52:40.025,-62.6,-0.5,324,0,0,0,55,52,0,0,1,56,52,5,0,0,0,0,0,0,0,0,12,190,1,37,37,18,36,18,37,37,36,37,-851583,8,4.863,0.015,13.641,38,0,16,0,0,35,1,1,0,0,0,1,0,0,0
20:52:40.125,-55.6,-0.5,325,0,0,0,55,51.9,0,0,1,56,54,5,0,0,0,0,0,0,0,0,12,190,1,37,37,18,36,18,37,36,36,37,-851583,8,4.863,0.015,13.627,38,0,16,0,0,35,1,1,0,0,0,1,0,0,0
20:52:40.225,-48.1,-0.9,325,0,0,0,55,51.9,0,0,1,55,52,5,0,0,0,0,0,0,0,0,12,190,1,37,37,18,37,18,37,36,36,37,-851583,8,4.863,0.015,13.641,38,0,16,0,0,35,1,1,0,0,0,1,0,0,0
20:52:40.325,-40.7,-1.1,326,0,0,0,55,51.9,0,0,1,55,54,5,0,0,0,0,0,0,0,0,12,190,1,37,37,18,37,18,37,37,36,37,-851583,8,4.863,0.015,13.641,38,0,16,0,0,35,1,1,0,0,0,1,0,0,0
20:52:40.425,-35.1,0,325,0,0,0,55,51.9,0,0,1,55,54,5,0,0,0,0,0,0,0,0,12,190,1,37,37,18,36,18,37,36,36,37,-851583,8,4.863,0.015,13.654,38,0,16,0,0,35,1,1,0,0,0,1,0,0,0
20:52:40.525,-27.9,-1,326,0,0,0,55,51.9,0,0,1,55,54,5,0,0,0,0,0,0,0,0,12,190,1,37,37,18,37,18,37,36,36,37,-851583,8,4.863,0.015,13.641,38,0,16,0,0,35,1,1,0,0,0,1,0,0,0
20:52:40.625,-20.4,-0.4,325,0,0,0,55,51.9,0,0,1,54,52,5,0,0,0,0,0,0,0,0,12,190,1,37,37,18,36,18,37,36,36,37,-851583,8,4.863,0.015,13.627,37,0,16,0,0,35,1,1,0,0,0,1,0,0,0
20:52:40.725,-13.2,0.5,325,0,0,0,55,51.9,0,0,1,55,54,5,0,0,0,0,0,0,0,0,12,190,1,37,37,18,36,18,37,37,36,37,-851583,8,4.863,0.015,13.641,38,0,16,0,0,35,1,1,0,0,0,1,0,0,0
20:52:40.825,-6.1,0.4,324,0,0,0,55,51.9,0,0,1,55,52,5,0,0,0,0,0,0,0,0,12,190,1,37,37,18,37,18,37,36,36,37,-851583,8,4.863,0.015,13.62,38,0,16,0,0,35,1,1,0,0,0,1,0,0,0
20:52:40.925,-1.3,0.5,325,0,0,0,55,51.9,0,0,1,55,54,5,0,0,0,0,0,0,0,0,12,190,1,37,37,18,36,18,37,37,36,37,-851583,8,4.863,0.015,13.62,38,0,16,0,0,35,1,1,0,0,0,1,0,0,0
20:52:41.025,1.1,0.7,325,0.9,0,0,54.5,51.9,0,0,1,55,52,5,0,0,0,0,0,0,0,0.1,12,190,1,37,37,18,37,18,37,37,36,37,-851583,8,4.863,0.015,13.613,38,0,16,0,0,35,1,1,0,0,0,1,0,0,0
20:52:41.125,49.6,8.4,322,206.6,15.1,0,54,51.9,0,0,1,55,54,5,0,0,0,0,0,0,0,6.6,12,190,1,37,37,18,37,18,37,36,36,37,-851583,8,4.863,0.015,13.593,38,0,16,0,0,35,1,1,0,0,0,1,0,0,0
20:52:41.225,83.8,10.8,321,215,19.6,0,54,51.2,0,0,1,55,54,5,0,0,0,0,0,0,0,12.1,12,190,1,37,37,18,37,18,37,37,36,37,-851583,8,4.863,0.015,13.586,38,0,16,0,0,35,1,1,0,0,0,1,0,0,0
20:52:41.325,141.6,12.3,320,238,24.9,0,54,51.7,0,0,1,55,52,5,0,0,0,0,0,0,0,13.9,12,190,1,37,37,18,37,18,37,37,36,37,-851583,8,4.863,0.015,13.579,38,0,16,0,0,35,1,1,0,0,0,1,0,0,0
20:52:41.425,211.9,14.2,319,244.3,29.3,0,54,51.5,0,0,1,55,52,5,0,0,0,0,0,0,0,16.6,12,190,1,37,37,18,37,18,37,37,36,37,-851583,8,4.863,0.015,13.545,38,0,16,0,0,35,1,1,0,0,0,1,0,0,0
20:52:41.525,286.6,15.5,318,251.3,31.1,0,54,51.7,0,0,1,54,52,5,0,0,0,0,0,0,0,22.6,12,190,1,37,37,18,37,18,37,37,36,37,-851583,8,4.858,0.015,13.572,38,0,16,0,0,35,1,1,0,0,0,1,0,0,0
20:52:41.625,354.5,17.8,317,268,32.4,0,54,51.8,0,0,1,55,54,5,0,0,0,0,0,0,0,23.7,12,190,1,37,37,18,36,18,37,36,36,37,-851583,8,4.863,0.015,13.559,38,0,16,0,0,35,1,1,0,0,0,1,0,0,0
20:52:41.725,424.7,19.3,315,227.5,34.8,0,54.1,51.6,0,0,1,55,52,5,0,0,0,0,0,0,0,26.8,12,190,1,37,37,18,36,18,37,36,36,37,-851583,8,4.863,0.015,13.552,38,0,16,0,0,35,1,1,0,0,0,1,0,0,0
20:52:41.825,506.2,21.3,315,246.7,35.2,0,54.9,51.5,0,0,1,55,52,5,0,0,0,0,0,0,0,27.3,12,190,1,37,37,18,37,18,37,36,36,37,-851583,8,4.863,0.015,13.538,38,0,16,0,0,35,1,1,0,0,0,1,0,0,0
20:52:41.925,559.7,20.7,316,175.7,28.7,0,54.9,51.7,0,0,1,55,54,5,0,0,0,0,0,0,0,23.3,12,190,1,37,37,18,37,18,37,37,36,37,-851583,8,4.863,0.015,13.6,38,0,16,0,0,35,1,1,0,0,0,1,0,0,0
20:52:42.025,607.1,21.8,318,161.4,27.9,0,54.9,51.6,0,0,1,54,52,5,0,0,0,0,0,0,0,21,12,190,1,37,37,18,18,18,37,36,36,37,-851583,8,4.863,0.015,13.545,38,0,16,0,0,35,1,1,0,0,0,1,0,0,0
20:52:42.125,668.2,24.3,316,211.2,37.1,0,54.9,51.5,0,0,1,55,52,5,0,0,0,0,0,0,0,29.5,12,190,1,37,37,18,36,18,37,37,36,37,-851583,8,4.863,0.015,13.565,38,0,16,0,0,35,1,1,0,0,0,1,0,0,0
20:52:42.225,729.1,25.3,315,222.9,39.3,0,54.9,51.5,0,0,1,54,52,5,0,0,0,0,0,0,0,31.6,12,190,1,37,37,18,37,18,37,37,36,37,-851583,8,4.863,0.015,13.552,38,0,16,0,0,35,1,1,0,0,0,1,0,0,0
20:52:42.325,777.5,27.1,314,218,39.1,0,54.9,51.4,0,0,1,55,54,5,0,0,0,0,0,0,0,33.1,12,190,1,37,37,18,37,18,37,36,36,37,-851583,8,4.863,0.015,13.559,38,0,16,0,0,35,1,1,0,0,0,1,0,0,0
20:52:42.425,803.8,22.7,319,86.2,17.1,0,54.9,51.7,0,0,1,54,52,5,0,0,0,0,0,0,0,13.6,12,190,1,37,37,18,36,18,37,37,36,37,-851583,8,4.863,0.015,13.579,38,0,16,0,0,35,1,1,0,0,0,1,0,0,0
20:52:42.525,832,24.9,319,98.1,18.1,0,54.9,51.7,0,0,1,55,52,5,0,0,0,0,0,0,0,16.3,12,190,1,37,37,18,37,18,37,36,36,37,-851583,8,4.863,0.015,13.606,38,0,16,0,0,35,1,1,0,0,0,1,0,0,0
20:52:42.625,878.8,27.6,316,151.9,29.5,0,54.9,51.5,0,0,1,55,52,5,0,0,0,0,0,0,0,26.2,12,190,1,37,37,18,37,18,37,37,36,37,-851583,8,4.863,0.015,13.572,38,0,16,0,0,35,1,1,0,0,0,1,0,0,0
20:52:42.725,906.9,27.7,317,141,30,0,54.9,51.6,0,0,1,54,52,5,0,0,0,0,0,0,0,24.5,12,190,1,37,37,18,37,18,37,36,36,37,-851583,8,4.863,0.015,13.613,38,0,16,0,0,35,1,1,0,0,0,1,0,0,0
20:52:42.825,946.8,28.1,316,125.1,27.6,0,54.9,51.5,0,0,1,55,54,5,0,0,0,0,0,0,0,24.5,12,190,1,37,37,18,37,18,37,37,36,37,-851583,8,4.863,0.015,13.572,38,0,16,0,0,35,1,1,0,0,0,1,0,0,0
20:52:42.925,962.2,27.3,319,94.3,19.5,0,54.9,51.5,0,0,1,54,52,5,0,0,0,0,0,0,0,17.5,12,190,1,37,37,18,37,18,37,37,36,37,-851583,8,4.863,0.015,13.572,38,0,16,0,0,35,1,1,0,0,0,1,0,0,0
20:52:43.025,986.6,27.2,319,88.6,19.1,0,54.9,51.7,0,0,1,55,54,5,0,0,0,0,0,0,0,16.3,12,190,1,37,37,18,37,18,37,36,36,37,-851583,8,4.863,0.015,13.586,38,0,16,0,0,35,1,1,0,0,0,1,0,0,0
20:52:43.125,988.9,27.5,320,78.8,17.7,0,54.9,51.5,0,0,1,55,52,5,0,0,0,0,0,0,0,15.3,12,190,1,37,37,18,37,18,37,37,36,37,-851583,8,4.863,0.015,13.559,38,0,16,0,0,35,1,1,0,0,0,1,0,0,0
20:52:43.225,1008,28.1,319,79.4,18,0,54.9,51.5,0,0,1,55,52,5,0,0,0,0,0,0,0,15.5,12,190,1,37,37,18,37,18,37,36,36,37,-851583,8,4.863,0.015,13.586,38,0,16,0,0,35,1,1,0,0,0,1,0,0,0
20:52:43.325,1011.1,25.2,322,28.6,6.2,0,54.9,51.8,0,0,1,54,52,5,0,0,0,0,0,0,0,5.8,12,190,1,37,37,18,36,18,37,36,36,37,-851583,8,4.863,0.015,13.586,38,0,16,0,0,35,1,1,0,0,0,1,0,0,0
20:52:43.425,982.1,22.9,324,7.2,1.3,0,54.9,51.6,0,0,1,55,54,5,0,0,0,0,0,0,0,1,12,190,1,37,37,18,37,18,37,37,36,37,-851583,8,4.863,0.015,13.579,38,0,16,0,0,35,1,1,0,0,0,1,0,0,0
20:52:43.525,1008.7,26.1,323,18.6,3.7,0,54.9,51.7,0,0,1,54,52,5,0,0,0,0,0,0,0,3.2,12,190,1,37,37,18,37,18,37,37,36,37,-851583,8,4.863,0.015,13.565,38,0,16,0,0,35,1,1,0,0,0,1,0,0,0
20:52:43.625,1025.2,28.9,321,50.7,12,0,54.9,51.5,0,0,1,55,52,5,0,0,0,0,0,0,0,10.6,12,190,1,37,37,18,37,18,37,36,36,37,-851583,8,4.863,0.015,13.565,38,0,16,0,0,35,1,1,0,0,0,1,0,0,0
20:52:43.725,1034.1,29.5,318,103.5,23.5,0,54.9,51.5,0,0,1,52,52,5,0,0,0,0,0,0,0,21.4,12,190,1,37,37,18,37,18,37,37,36,37,-851583,8,4.863,0.015,13.579,38,0,16,0,0,35,1,1,0,0,0,1,0,0,0
20:52:43.825,1038.4,29.3,318,98.3,22.5,0,54.9,51.6,0,0,1,57,52,5,0,0,0,0,0,0,0,19.9,12,190,1,37,37,18,36,18,37,37,36,37,-851583,8,4.863,0.015,13.579,38,0,16,0,0,35,1,1,0,0,0,1,0,0,0
20:52:43.925,1065.4,29.8,318,99.5,23,0,54.9,51.6,0,0,1,57,54,5,0,0,0,0,0,0,0,21,12,190,1,37,37,18,37,18,37,36,36,37,-851583,8,4.863,0.015,13.565,38,0,16,0,0,35,1,1,0,0,0,1,0,0,0
20:52:44.025,1089.5,29.4,318,80,18.6,0,54.9,51.7,0,0,1,57,54,5,0,0,0,0,0,0,0,17.1,12,190,1,37,37,18,37,18,37,37,36,37,-851583,8,4.863,0.015,13.586,38,0,16,0,0,35,1,1,0,0,0,1,0,0,0
20:52:44.125,1105.4,29.5,320,74.5,18.1,0,54.9,51.6,0,0,1,56,54,5,0,0,0,0,0,0,0,15.7,12,190,1,37,37,18,37,18,37,36,36,37,-851583,8,4.863,0.015,13.565,38,0,16,0,0,35,1,1,0,0,0,1,0,0,0
20:52:44.225,1116.8,30.1,319,77.9,18.4,0,54.9,51.7,0,0,1,57,55,5,0,0,0,0,0,0,0,16.3,12,190,1,37,37,18,37,18,37,37,36,37,-851583,8,4.863,0.015,13.579,38,0,16,0,0,35,1,1,0,0,0,1,0,0,0
20:52:44.325,1124.4,30,319,77,18.4,0,54.9,51.6,0,0,1,56,52,5,0,0,0,0,0,0,0,16.8,12,190,1,37,37,18,37,18,37,37,36,37,-851583,8,4.863,0.015,13.572,38,0,16,0,0,35,1,1,0,0,0,1,0,0,0
20:52:44.425,1134.3,30.4,319,78.5,19.3,0,54.9,51.5,0,0,1,56,54,5,0,0,0,0,0,0,0,17.6,12,190,1,37,37,18,37,18,37,37,36,37,-851583,8,4.863,0.015,13.579,38,0,16,0,0,35,1,1,0,0,0,1,0,0,0
20:52:44.525,1144.6,30.8,320,74.5,16.7,0,54.9,51.6,0,0,1,55,54,5,0,0,0,0,0,0,0,15.6,12,190,1,37,37,18,37,18,37,37,36,37,-851583,8,4.863,0.015,13.593,38,0,16,0,0,35,1,1,0,0,0,1,0,0,0
20:52:44.625,1169.5,31,319,69.8,16.7,0,54.9,51.5,0,0,1,56,54,5,0,0,0,0,0,0,0,15.1,12,190,1,37,37,18,37,18,37,37,36,37,-851583,8,4.863,0.015,13.579,38,0,16,0,0,35,1,1,0,0,0,1,0,0,0
20:52:44.725,1166.6,32.7,318,89.5,21.2,0,54.9,51.5,0,0,1,55,54,4,0,0,0,0,0,0,0,20.1,12,190,1,37,37,18,37,18,37,36,36,37,-851583,8,4.863,0.015,13.572,38,0,16,0,0,35,1,1,0,0,0,1,0,0,0
20:52:44.825,1174,32.5,317,114.4,28.9,0,54.9,51.4,0,0,1,55,52,4,0,0,0,0,0,0,0,24.2,12,190,1,37,37,18,37,18,37,37,36,37,-851583,8,4.863,0.015,13.579,38,0,16,0,0,35,1,1,0,0,0,1,0,0,0
20:52:44.925,1183,32.4,318,99.9,25.5,0,54.9,51.4,0,0,1,55,52,5,0,0,0,0,0,0,0,23.2,12,190,1,37,37,18,37,18,37,36,36,37,-851583,8,4.863,0.015,13.572,38,0,16,0,0,35,1,1,0,0,0,1,0,0,0
20:52:45.025,1211.1,33.1,317,97.6,24.2,0,54.9,51.5,0,0,1,55,54,5,0,0,0,0,0,0,0,21.8,12,190,1,37,37,18,37,18,37,37,36,37,-851583,8,4.863,0.015,13.586,38,0,16,0,0,35,1,1,0,0,0,1,0,0,0
20:52:45.125,1228.8,32.5,319,79.8,20.3,0,54.9,51.5,0,0,1,55,52,5,0,0,0,0,0,0,0,18.7,12,190,1,37,37,18,37,18,37,37,36,37,-851583,8,4.863,0.015,13.593,38,0,16,0,0,35,1,1,0,0,0,1,0,0,0
20:52:45.225,1251.6,34.5,317,101.3,25.1,0,54.9,51.5,0,0,1,55,52,4,0,0,0,0,0,0,0,23.2,12,190,1,37,37,18,37,18,37,37,36,37,-851583,8,4.863,0.015,13.565,38,0,16,0,0,35,1,1,0,0,0,1,0,0,0
20:52:45.325,1272.5,34.2,316,98.6,26.3,0,54.9,51.5,0,0,1,55,51,4,0,0,0,0,0,0,0,23,12,190,1,37,37,18,37,18,37,37,36,37,-851583,8,4.863,0.015,13.586,38,0,16,0,0,35,1,1,0,0,0,1,0,0,0
20:52:45.425,1283.7,31.3,319,62.8,17.1,0,54.9,51.6,0,0,1,55,52,4,0,0,0,0,0,0,0,14.2,12,190,1,37,37,18,37,18,37,37,36,37,-851583,8,4.863,0.015,13.572,38,0,16,0,0,35,1,1,0,0,0,1,0,0,0
20:52:45.525,1294.5,32.3,321,42.6,11.7,0,54.9,51.7,0,0,1,55,54,4,0,0,0,0,0,0,0,10.4,12,190,1,37,37,18,37,18,37,37,36,37,-851583,8,4.863,0.015,13.586,38,0,16,0,0,35,1,1,0,0,0,1,0,0,0
20:52:45.625,1306.3,33.3,320,57.7,15.8,0,54.9,51.8,0,0,1,54,52,4,0,0,0,0,0,0,0,13.9,12,190,1,37,37,18,37,18,37,36,36,37,-851583,8,4.863,0.015,13.613,38,0,16,0,0,35,1,1,0,0,0,1,0,0,0
20:52:45.725,1316,33.8,319,63.7,17.4,0,54.9,51.7,0,0,1,55,52,5,0,0,0,0,0,0,0,15.5,12,190,1,37,37,18,37,18,37,37,36,37,-851583,8,4.863,0.015,13.565,38,0,16,0,0,35,1,1,0,0,0,1,0,0,0
20:52:45.825,1326.2,34.2,319,57.2,14.6,0,54.9,51.6,0,0,1,55,52,4,0,0,0,0,0,0,0,14.2,12,190,1,37,37,18,37,18,37,37,36,37,-851583,8,4.863,0.015,13.6,38,0,16,0,0,35,1,1,0,0,0,1,0,0,0
20:52:45.925,1312.6,24.2,325,0,0,0,54.9,51.9,0,0,1,55,54,4,0,0,0,0,0,0,0,0,12,190,1,37,37,18,37,18,37,36,36,37,-851583,8,4.863,0.015,13.572,38,0,16,0,0,35,1,1,0,0,0,1,0,0,0
20:52:46.025,1325.3,24.9,323,0,0,0,54.9,51.9,0,0,1,54,51,5,0,0,0,0,0,0,0,0,12,190,1,37,37,18,36,18,37,36,36,37,-851583,8,4.863,0.015,13.62,38,0,16,0,0,35,1,1,0,0,0,1,0,0,0
20:52:46.125,1290.8,25,325,0,0,0,54.9,51.9,0,0,1,56,54,5,0,0,0,0,0,0,0,0,12,190,1,37,37,18,36,18,37,36,36,37,-851583,8,4.863,0.015,13.606,38,0,16,0,0,35,1,1,0,0,0,1,0,0,0
20:52:46.225,1270.9,24.7,326,0,0,0,54.9,51.9,0,0,1,54,52,5,0,0,0,0,0,0,0,0,12,190,1,37,37,18,37,18,37,37,36,37,-851583,8,4.863,0.015,13.62,38,0,16,0,0,35,1,1,0,0,0,1,0,0,0
20:52:46.325,1259.6,24.9,326,0,0,0,54.9,51.9,0,0,1,55,52,5,0,0,0,0,0,0,0,0,12,190,1,37,37,18,37,18,37,36,36,37,-851583,8,4.863,0.015,13.62,38,0,16,0,0,35,1,1,0,0,0,1,0,0,0
20:52:46.425,1248,24.1,325,0,0,0,54.9,51.9,0,0,1,54,51,5,0,0,0,0,0,0,0,0,12,190,1,37,37,18,36,18,37,37,36,37,-851583,8,4.863,0.015,13.627,38,0,16,0,0,35,1,1,0,0,0,1,0,0,0
20:52:46.525,1239.8,23,326,0,0,0,54.9,51.9,0,0,1,55,52,5,0,0,0,0,0,0,0,0,12,190,1,37,37,18,37,18,37,37,36,37,-851583,8,4.863,0.015,13.654,38,0,16,0,0,35,1,1,0,0,0,1,0,0,0
20:52:46.625,1227.9,23.9,326,0,0,0,54.9,51.9,0,0,1,55,52,5,0,0,0,0,0,0,0,0,12,190,1,37,37,18,36,18,37,36,36,37,-851583,8,4.863,0.015,13.661,38,0,16,0,0,35,1,1,0,0,0,1,0,0,0
20:52:46.725,1204.6,23.8,326,0,0,0,54.9,51.9,0,0,1,55,52,5,0,0,0,0,0,0,0,0,12,190,1,37,37,18,36,18,37,37,36,37,-851583,8,4.863,0.015,13.634,38,0,16,0,0,35,1,1,0,0,0,1,0,0,0
20:52:46.825,1199.6,23.5,325,0,0,0,54.9,51.9,0,0,1,54,52,5,0,0,0,0,0,0,0,0,12,190,1,37,37,18,37,18,37,37,36,37,-851583,8,4.863,0.015,13.647,38,0,16,0,0,35,1,1,0,0,0,1,0,0,0
20:52:46.925,1196.5,23.4,326,0,0,0,54.9,51.9,0,0,1,55,52,5,0,0,0,0,0,0,0,0,12,190,1,37,37,18,36,18,37,37,36,37,-851583,8,4.863,0.015,13.613,38,0,16,0,0,35,1,1,0,0,0,1,0,0,0
20:52:47.025,1156.7,22.4,325,-0.2,0,0,54.9,51.9,0,0,1,55,51,5,0,0,0,0,0,0,0,0,12,190,1,37,37,18,37,18,37,37,36,37,-851583,8,4.863,0.015,13.627,38,0,16,0,0,35,1,1,0,0,0,1,0,0,0
20:52:47.125,1171.4,24.4,324,7,1.2,0,54.9,51.8,0,0,1,54,54,5,0,0,0,0,0,0,0,1,12,190,1,37,37,18,37,18,37,36,36,37,-851583,8,4.863,0.015,13.579,38,0,16,0,0,35,1,1,0,0,0,1,0,0,0
20:52:47.225,1171.6,32,321,49.7,12.9,0,54.9,51.7,0,0,1,55,52,5,0,0,0,0,0,0,0,11,12,190,1,37,37,18,37,18,37,36,36,37,-851583,8,4.863,0.015,13.586,38,0,16,0,0,35,1,1,0,0,0,1,0,0,0
20:52:47.325,1223.6,33.8,317,124.9,31.2,0,54.9,51.7,0,0,1,55,52,4,0,0,0,0,0,0,0,28.1,12,190,1,37,37,18,37,18,37,36,36,37,-851583,8,4.863,0.015,13.606,38,0,16,0,0,35,1,1,0,0,0,1,0,0,0
20:52:47.425,1289,39.1,314,176.6,43.5,0,54.9,51.6,0,0,1,54,51,4,0,0,0,0,0,0,0,40.8,12,190,1,37,37,18,37,18,37,37,36,37,-851583,8,4.863,0.015,13.586,38,0,16,0,0,35,1,1,0,0,0,1,0,0,0
20:52:47.525,1307.3,39.2,313,172.7,47.6,0,54.6,51.5,0,0,1,56,52,4,0,0,0,0,0,0,0,41.4,12,190,1,37,37,18,37,18,37,36,36,37,-851583,8,4.863,0.015,13.606,38,0,16,0,0,35,1,1,0,0,0,1,0,0,0
20:52:47.625,1336.3,39.6,311,190.4,52.8,0,54.4,51.6,0,0,1,58,54,4,0,0,0,0,0,0,0,49.7,12,190,1,37,37,18,36,18,37,37,36,37,-851583,8,4.863,0.015,13.613,38,0,16,0,0,35,1,1,0,0,0,1,0,0,0
20:52:47.725,1399.3,43.4,308,222,56.3,0,54.7,51.5,0,0,1,55,52,4,0,0,0,0,0,0,0,57.4,12,190,1,37,37,18,36,18,37,37,36,37,-851583,8,4.863,0.015,13.586,38,0,16,0,0,35,1,1,0,0,0,1,0,0,0
20:52:47.825,1463.8,46,305,232.3,65.4,0,54.9,51.5,0,0,1,56,55,4,0,0,0,0,0,0,0,62.1,12,190,1,37,37,18,37,18,37,37,36,37,-851583,8,4.863,0.015,13.579,38,0,16,0,0,35,1,1,0,0,0,1,0,0,0
20:52:47.925,1505.9,47.3,307,241.3,65.1,0,54.9,51.6,0,0,1,55,52,4,0,0,0,0,0,0,0,67,12,190,1,37,37,18,37,18,37,37,36,37,-851583,8,4.863,0.015,13.565,38,0,16,0,0,35,1,1,0,0,0,1,0,0,0
20:52:48.025,1554.4,49.6,301,281.9,73,0,54.9,51.6,0,0,1,55,54,4,0,0,0,0,0,0,0,79.2,12,190,1,37,37,18,18,18,37,36,36,37,-851583,8,4.863,0.015,13.579,38,0,16,0,0,35,1,1,0,0,0,1,0,0,0
20:52:48.125,1617.2,52.7,302,292.9,85.2,0,54.9,51.6,0,0,1,56,54,4,0,0,0,0,0,0,0,82.6,12,190,1,37,37,18,37,18,37,37,36,37,-851583,8,4.863,0.015,13.593,38,0,16,0,0,35,1,1,0,0,0,1,0,0,0
20:52:48.225,1751.4,58.1,296,285.5,88.6,0,54.9,51.6,0,0,1,55,52,4,0,0,0,0,0,0,0,89.1,12,190,1,37,37,18,37,18,37,36,36,37,-851583,8,4.863,0.015,13.6,38,0,16,0,0,35,1,1,0,0,0,1,0,0,0
20:52:48.325,1926.5,62.2,294,297.2,88.2,0,54.9,51.6,0,0,1,55,52,4,0,0,0,0,0,0,0,97.2,12,190,1,37,37,18,37,18,37,37,36,37,-851583,8,4.863,0.015,13.579,38,0,16,0,0,35,1,1,0,0,0,1,0,0,0
20:52:48.425,1987.6,47.3,306,160.1,58.1,0,54.9,51.8,0,0,1,54,52,4,0,0,0,0,0,0,0,57.4,12,190,1,37,37,18,36,18,37,37,36,37,-851583,8,4.863,0.015,13.593,38,0,16,0,0,35,1,1,0,0,0,1,0,0,0
20:52:48.525,1799.5,35,318,55.2,20.5,0,54.9,51.9,0,0,1,55,54,4,0,0,0,0,0,0,0,18.7,12,190,1,37,37,18,37,18,37,36,36,37,-851583,8,4.863,0.015,13.586,38,0,16,0,0,35,1,1,0,0,0,1,0,0,0
20:52:48.625,1592.7,28.2,323,0,0,0,54.9,51.9,0,0,1,55,51,4,0,0,0,0,0,0,0,0,12,190,1,37,37,18,37,18,37,37,36,37,-851583,8,4.863,0.015,13.579,38,0,16,0,0,35,1,1,0,0,0,1,0,0,0
20:52:48.725,1405.6,26.2,325,0,0,0,54.9,51.9,0,0,1,55,54,4,0,0,0,0,0,0,0,0,12,190,1,37,37,18,37,18,37,36,36,37,-851583,8,4.863,0.015,13.613,38,0,16,0,0,35,1,1,0,0,0,1,0,0,0
20:52:48.825,1444.9,46.6,308,206,48.9,0,54.9,51.8,0,0,1,54,52,4,0,0,0,0,0,0,0,51.7,12,190,1,37,37,18,37,18,37,36,36,37,-851583,8,4.863,0.015,13.572,38,0,16,0,0,35,1,1,0,0,0,1,0,0,0
20:52:48.925,1608.7,44,309,161.2,52.9,0,54.9,51.9,0,0,1,55,54,4,0,0,0,0,0,0,0,50,12,190,1,37,37,18,37,18,37,37,36,37,-851583,8,4.863,0.015,13.593,38,0,16,0,0,35,1,1,0,0,0,1,0,0,0
20:52:49.025,1418.2,20.8,322,0,2.4,0,54.9,51.9,0,0,1,54,52,4,0,0,0,0,0,0,0,0,12,190,1,37,37,18,37,18,37,37,36,37,-851583,8,4.863,0.015,13.586,38,0,16,0,0,35,1,1,0,0,0,1,0,0,0
20:52:49.125,1207,31.5,320,45.9,10.2,0,54.9,51.9,0,0,1,54,54,4,0,0,0,0,0,0,0,9.6,12,190,1,37,37,18,37,18,37,36,36,37,-851583,8,4.863,0.015,13.579,38,0,16,0,0,35,1,1,0,0,0,1,0,0,0
20:52:49.225,1348.2,44.4,308,234.6,55.7,0,54.9,51.8,0,0,1,55,52,4,0,0,0,0,0,0,0,55.5,12,190,1,37,37,18,37,18,37,37,36,37,-851583,8,4.863,0.015,13.586,38,0,16,0,0,35,1,1,0,0,0,1,0,0,0
20:52:49.325,1462,44.9,304,224.9,64.3,0,54.9,51.9,0,0,1,54,52,4,0,0,0,0,0,0,0,61.3,12,190,1,37,37,18,37,18,37,37,36,37,-851583,8,4.863,0.015,13.579,38,0,16,0,0,35,1,1,0,0,0,1,0,0,0
20:52:49.425,1397.7,39.4,308,203,53.1,0,54.9,51.9,0,0,1,52,52,4,0,0,0,0,0,0,0,51,12,190,1,37,37,18,37,18,37,36,36,37,-851583,8,4.863,0.015,13.572,38,0,16,0,0,35,1,1,0,0,0,1,0,0,0
20:52:49.525,1360.4,42.1,308,215,58.1,0,54.9,51.9,0,0,1,54,52,4,0,0,0,0,0,0,0,52.9,12,190,1,37,37,18,37,18,37,37,36,37,-851583,8,4.863,0.015,13.579,38,0,16,0,0,35,1,1,0,0,0,1,0,0,0
20:52:49.625,1397.3,44.2,305,256.8,68.7,0,54.9,51.9,0,0,1,54,52,4,0,0,0,0,0,0,0,62.8,12,190,1,37,37,18,37,18,37,36,36,37,-851583,8,4.863,0.015,13.572,38,0,16,0,0,35,1,1,0,0,0,1,0,0,0
20:52:49.725,1488.4,49.8,300,315.1,75.1,0,55.2,51.7,0,0,1,54,52,4,0,0,0,0,0,0,0,76.9,12,190,1,37,37,18,37,18,37,37,36,37,-851583,8,4.863,0.015,13.593,38,0,16,0,0,35,1,1,0,0,0,1,0,0,0
20:52:49.825,1549.6,51.2,298,310.9,85.8,0,55.9,51.9,0,0,1,54,54,4,0,0,0,0,0,0,0,81.1,12,190,1,37,37,18,36,18,37,37,36,37,-851583,8,4.863,0.015,13.572,38,0,16,0,0,35,1,1,0,0,0,1,0,0,0
20:52:49.925,1600.2,52.2,299,299.3,76.5,0,55.9,51.9,0,0,1,55,52,4,0,0,0,0,0,0,0,80.5,12,190,1,37,37,18,37,18,37,37,36,37,-851583,8,4.863,0.015,13.593,38,0,16,0,0,35,1,1,0,0,0,1,0,0,0
20:52:50.025,1604.2,40.2,308,161.3,49.4,0,55.9,51.9,0,0,1,54,52,4,0,0,0,0,0,0,0,48.5,12,190,1,37,37,18,37,18,37,37,36,37,-851583,8,4.863,0.015,13.593,38,0,16,0,0,35,1,1,0,0,0,1,0,0,0
20:52:50.125,1533.5,40.7,312,115.7,34.3,0,55.9,51.9,0,0,1,54,52,4,0,0,0,0,0,0,0,34.6,12,190,1,37,37,18,37,18,37,37,36,37,-851583,8,4.863,0.015,13.613,38,0,16,0,0,35,1,1,0,0,0,1,0,0,0
20:52:50.225,1556.8,46.2,308,174.9,47.1,0,55.9,52,0,0,1,52,52,4,0,0,0,0,0,0,0,50.4,12,190,1,37,37,18,37,18,37,36,36,37,-851583,8,4.863,0.015,13.559,38,0,16,0,0,35,1,1,0,0,0,1,0,0,0
20:52:50.325,1596.2,51.6,301,285.4,68.1,0,55.9,52.1,0,0,1,54,54,4,0,0,0,0,0,0,0,76,12,190,1,37,37,18,37,18,37,36,36,37,-851583,8,4.863,0.015,13.6,38,0,16,0,0,35,1,1,0,0,0,1,0,0,0
20:52:50.425,1694.2,56.6,296,318.9,82.1,0,55.9,52.1,0,0,1,52,52,4,0,0,0,0,0,0,0,90.1,12,190,1,37,37,18,37,18,37,37,36,37,-851583,8,4.863,0.015,13.6,38,0,16,0,0,35,1,1,0,0,0,1,0,0,0
20:52:50.525,1832.2,60.3,290,339.5,101.1,0,55.9,52.2,0,0,1,54,52,4,0,0,0,0,0,0,0,106.4,12,190,1,37,37,18,37,18,37,37,36,37,-851583,8,4.863,0.015,13.579,38,0,16,0,0,35,1,1,0,0,0,1,0,0,0
20:52:50.625,1900.5,62.5,293,337.9,85.2,0,55.9,52.1,0,0,1,54,52,4,0,0,0,0,0,0,0,105.7,12,190,1,37,37,18,37,18,37,37,36,37,-851583,8,4.863,0.015,13.593,38,0,16,0,0,35,1,1,0,0,0,1,0,0,0
20:52:50.725,1995.5,60.5,295,240.5,76.7,0,55.9,52.2,0,0,1,54,54,4,0,0,0,0,0,0,0,88.2,11,190,1,37,37,18,37,18,37,37,36,37,-851583,8,4.863,0.015,13.572,38,0,16,0,0,35,1,1,0,0,0,1,0,0,0
20:52:50.825,1941.9,41.7,307,128.8,47.8,0,55.9,52,0,0,1,54,52,4,0,0,0,0,0,0,0,43.8,11,190,1,37,37,18,37,18,37,37,36,37,-851583,8,4.863,0.015,13.586,38,0,16,0,0,35,1,1,0,0,0,1,0,0,0
20:52:50.925,1698.7,33.8,319,35.1,12.6,0,55.9,52,0,0,1,52,51,4,0,0,0,0,0,0,0,9.5,11,190,1,37,37,18,37,18,37,37,36,37,-851583,8,4.858,0.015,13.518,38,0,16,0,0,35,1,1,0,0,0,1,0,0,0
20:52:51.025,1522.1,31.7,321,9.7,3.1,0,56.9,52,0,0,1,54,52,4,0,0,0,0,0,0,0,2.3,11,190,1,37,37,18,37,18,37,37,36,37,-851583,8,4.863,0.015,13.504,38,0,16,0,0,35,1,1,0,0,0,1,0,0,0
20:52:51.125,1486.9,47.2,314,124.1,35.6,0,56.9,52,0,0,1,52,52,4,0,0,0,0,0,0,0,31.1,11,190,1,37,37,18,37,18,37,37,36,37,-851583,8,4.863,0.015,13.524,38,0,16,0,0,35,1,1,0,0,0,1,0,0,0
20:52:51.225,1711.8,57.3,291,350,85.6,0,56.9,52.2,0,0,1,55,52,4,0,0,0,0,0,0,0,92.3,11,190,1,37,37,18,37,18,37,37,36,37,-851583,8,4.863,0.015,13.579,38,0,16,0,0,35,1,1,0,0,0,1,0,0,0
20:52:51.325,1737.7,56.2,299,321,94.3,0,56.9,52.3,0,0,1,55,52,4,0,0,0,0,0,0,0,96.3,11,190,1,37,37,18,37,18,37,37,36,37,-851583,8,4.863,0.015,13.586,38,0,16,0,0,35,1,1,0,0,0,1,0,0,0
20:52:51.425,1741.7,57.2,297,305,88.2,0,56.9,52.2,0,0,1,56,54,4,0,0,0,0,0,0,0,94,11,190,1,37,37,18,37,18,37,37,36,37,-851583,8,4.863,0.015,13.586,38,0,16,0,0,35,1,1,0,0,0,1,0,0,0
20:52:51.525,1820.3,60.2,294,328.8,86.3,0,56.9,52.2,0,0,1,55,54,4,0,0,0,0,0,0,0,98.5,11,190,1,37,37,18,37,18,37,36,36,37,-851583,8,4.863,0.015,13.559,37,0,16,0,0,35,1,1,0,0,0,1,0,0,0
20:52:51.625,1819.8,57,293,326.2,76.8,0,56.9,52.3,0,0,1,55,54,4,0,0,0,0,0,0,0,93.3,11,190,1,37,37,18,37,18,37,37,36,37,-851583,8,4.863,0.015,13.572,38,0,16,0,0,35,1,1,0,0,0,1,0,0,0
20:52:51.725,1918,62,295,250.8,82.6,0,56.9,52.3,0,0,1,55,54,4,0,0,0,0,0,0,0,83.9,11,190,1,37,37,18,37,18,37,37,36,37,-851583,8,4.863,0.015,13.572,38,0,16,0,0,35,1,1,0,0,0,1,0,0,0
20:52:51.825,2124.2,51.6,304,145.5,58.3,0,56.9,52.3,0,0,1,55,54,5,0,0,0,0,0,0,0,59.4,11,190,1,37,37,18,37,18,37,37,36,37,-851583,8,4.863,0.015,13.565,38,0,16,0,0,35,1,1,0,0,0,1,0,0,0
20:52:51.925,1854.2,45.4,309,124.4,41.2,0,56.9,52.2,0,0,1,55,54,5,0,0,0,0,0,0,0,41,11,190,1,37,37,18,37,18,37,37,36,37,-851583,8,4.863,0.015,13.497,38,0,16,0,0,35,1,1,0,0,0,1,0,0,0
20:52:52.025,1903.7,61.1,299,230,78.4,0,56.9,52.3,0,0,1,55,54,4,0,0,0,0,0,0,0,76.9,11,190,1,37,37,18,36,18,37,37,36,37,-851583,8,4.863,0.015,13.572,38,0,16,0,0,35,1,1,0,0,0,1,0,0,0
20:52:52.125,2029,56.2,299,214.4,73.3,0,56.9,52.5,0,0,1,55,54,4,0,0,0,0,0,0,0,78.4,11,190,1,37,37,18,37,18,37,36,36,37,-851583,8,4.863,0.015,13.579,38,0,16,0,0,35,1,1,0,0,0,1,0,0,0
20:52:52.225,2002.8,62.3,298,214.6,71.6,0,56.9,52.4,0,0,1,54,52,4,0,0,0,0,0,0,0,80.5,11,190,1,37,37,18,37,18,37,37,36,37,-851583,8,4.863,0.015,13.572,38,0,16,0,0,35,1,1,0,0,0,1,0,0,0
20:52:52.325,2190.4,73,291,328.6,105.1,0,56.9,52.4,0,0,1,54,54,4,0,0,0,0,0,0,0,115.3,11,190,1,37,37,18,37,18,37,37,36,37,-851583,8,4.863,0.015,13.586,38,0,16,0,0,35,1,1,0,0,0,1,0,0,0
20:52:52.425,2201,67.1,292,252.7,92.5,0,56.9,52.4,0,0,1,54,52,4,0,0,0,0,0,0,0,99.1,11,190,1,37,37,18,37,18,37,37,36,37,-851583,8,4.863,0.015,13.579,38,0,16,0,0,35,1,1,0,0,0,1,0,0,0
20:52:52.525,2273.9,73.1,291,278.8,85.4,0,57.4,52.4,0,0,1,54,54,4,0,0,0,0,0,0,0,106.6,11,190,1,37,37,18,37,18,37,37,36,37,-851583,8,4.863,0.015,13.593,38,0,16,0,0,35,1,1,0,0,0,1,0,0,0
20:52:52.625,2249.8,67.6,287,278.1,91.7,0,57.9,52.4,0,0,1,54,52,4,0,0,0,0,0,0,0,103.6,11,190,1,37,37,18,36,18,37,36,36,37,-851583,8,4.863,0.015,13.572,38,0,16,0,0,35,1,1,0,0,0,1,0,0,0
20:52:52.725,2349.5,76.9,287,279.5,97.8,0,57.9,52.4,0,0,1,54,52,4,0,0,0,0,0,0,0,115.1,11,190,1,37,37,18,37,18,37,36,36,37,-851583,8,4.863,0.015,13.572,38,0,16,0,0,35,1,1,0,0,0,1,0,0,0
20:52:52.825,2550.4,83.5,286,308.9,117.8,0,57.9,52.6,0,0,1,54,54,4,0,0,0,0,0,0,0,136.9,11,190,1,37,37,18,37,18,37,37,36,37,-851583,8,4.863,0.015,13.559,38,0,16,0,0,35,1,1,0,0,0,1,0,0,0
20:52:52.925,2465.7,72.1,287,259.5,105,0,57.9,52.5,0,0,1,52,52,4,0,0,0,0,0,0,0,114.5,11,190,1,37,37,18,36,18,37,37,36,37,-851583,8,4.863,0.015,13.565,38,0,16,0,0,35,1,1,0,0,0,1,0,0,0
20:52:53.025,2389.9,74.1,290,262.2,101.7,0,57.9,52.6,0,0,1,52,52,4,0,0,0,0,0,0,0,111.3,11,190,1,37,37,18,37,18,37,36,36,37,-851583,8,4.863,0.015,13.565,38,0,16,0,0,35,1,1,0,0,0,1,0,0,0
20:52:53.125,2293.9,54.7,297,186.4,75.6,0,57.9,52.8,0,0,1,54,54,5,0,0,0,0,0,0,0,80.1,11,190,1,37,37,18,37,18,37,37,36,37,-851583,8,4.863,0.015,13.518,38,0,16,0,0,35,1,1,0,0,0,1,0,0,0
20:52:53.225,1772,28.8,317,32,10,0,57.9,52.9,0,0,1,54,54,5,0,0,0,0,0,0,0,9.4,11,190,1,37,37,18,37,18,37,37,36,37,-851583,8,4.863,0.015,13.559,38,0,16,0,0,35,1,1,0,0,0,1,0,0,0
20:52:53.325,1516.2,51.1,297,310.3,76.3,0,57.9,52.8,0,0,1,52,52,5,0,0,0,0,0,0,0,75.2,11,190,1,37,37,18,37,18,37,37,36,37,-851583,8,4.863,0.015,13.538,38,0,16,0,0,35,1,1,0,0,0,1,0,0,0
20:52:53.425,1563.5,43,304,200.7,61.2,0,57.9,52.9,0,0,1,54,54,5,0,0,0,0,0,0,0,57,11,190,1,37,37,18,37,18,37,37,36,37,-851583,8,4.863,0.015,13.565,38,0,16,0,0,35,1,1,0,0,0,1,0,0,0
20:52:53.525,1239.6,20.9,317,54.6,14,0,57.9,52.9,0,0,1,55,52,4,0,0,0,0,0,0,0,11.2,11,190,1,37,37,18,37,18,37,36,36,37,-851583,8,4.863,0.015,13.565,38,0,16,0,0,35,1,1,0,0,0,1,0,0,0
20:52:53.625,577.5,6.4,321,0,0,0,57.9,53.2,0,0,1,52,54,4,0,0,0,0,0,0,0,0,11,190,1,37,37,18,36,18,37,37,36,37,-851583,8,4.863,0.015,13.6,38,0,16,0,0,35,1,1,0,0,0,1,0,0,0
20:52:53.725,311.8,17.1,318,127.5,17.3,0,57.9,53,0,0,1,54,52,4,0,0,0,0,0,0,0,12.7,11,190,1,37,37,18,36,18,37,36,36,37,-851583,8,4.863,0.015,13.565,38,0,16,0,0,35,1,1,0,0,0,1,0,0,0
20:52:53.825,530,23.1,311,252.8,42.6,0,57.9,53.1,0,0,1,54,54,4,0,0,0,0,0,0,0,29.9,11,190,1,37,37,18,37,18,37,37,36,37,-851583,8,4.863,0.015,13.559,38,0,16,0,0,35,1,1,0,0,0,1,0,0,0
20:52:53.925,618.1,24.6,310,296.9,43.3,0,57.9,53.3,0,0,1,55,54,4,0,0,0,0,0,0,0,34.6,12,190,1,37,37,18,37,18,37,37,36,37,-851583,8,4.863,0.015,13.538,38,0,16,0,0,35,1,1,0,0,0,1,0,0,0
20:52:54.025,636.2,23.5,309,310,48.4,0,57.9,53.1,0,0,1,52,52,4,0,0,0,0,0,0,0,36.9,12,190,1,37,37,18,18,18,37,37,36,37,-851583,8,4.863,0.015,13.552,38,0,16,0,0,35,1,1,0,0,0,1,0,0,0
20:52:54.125,514.6,19,311,311.8,44.8,0,58,53.3,0,0,1,54,54,5,0,0,0,0,0,0,0,30.1,12,190,1,37,37,18,37,18,37,37,36,37,-851583,8,4.863,0.015,13.538,38,0,16,0,0,35,1,1,0,0,0,1,0,0,0
20:52:54.225,398,17.9,313,334.7,38.8,0,58.5,53.3,0,0,1,54,54,5,0,0,0,0,0,0,0,29.4,12,190,1,37,37,18,37,18,37,37,36,37,-851583,8,4.863,0.015,13.524,38,0,16,0,0,35,1,1,0,0,0,1,0,0,0
20:52:54.325,298.2,16.6,314,308,33.2,0,58.9,53.1,0,0,1,54,54,5,0,0,0,0,0,0,0,25.8,12,190,1,37,37,18,37,18,37,37,36,37,-851583,8,4.863,0.015,13.538,38,0,16,0,0,35,1,1,0,0,0,1,0,0,0
20:52:54.425,326.7,16.3,314,279.2,37.1,0,58.9,53.4,0,0,1,52,52,5,0,0,0,0,0,0,0,24.6,12,190,1,37,37,18,37,18,37,37,36,37,-851583,8,4.863,0.015,13.531,38,0,16,0,0,35,1,1,0,0,0,1,0,0,0
20:52:54.525,388.2,19.2,312,291.1,37.7,0,58.9,53.2,0,0,1,54,54,5,0,0,0,0,0,0,0,31.1,12,190,1,37,37,18,37,18,37,37,36,37,-851583,8,4.863,0.015,13.538,38,0,16,0,0,35,1,1,0,0,0,1,0,0,0
20:52:54.625,474.7,19.9,314,308.3,42.4,0,58.9,53.2,0,0,1,54,52,5,0,0,0,0,0,0,0,29.6,12,190,1,37,37,18,37,18,37,37,36,37,-851583,8,4.863,0.015,13.538,38,0,16,0,0,35,1,1,0,0,0,1,0,0,0
20:52:54.725,536.7,22.3,310,308.4,49.2,0,58.9,53.2,0,0,1,54,54,5,0,0,0,0,0,0,0,37.8,12,190,1,37,37,18,37,18,37,37,36,37,-851583,8,4.863,0.015,13.538,38,0,16,0,0,35,1,1,0,0,0,1,0,0,0
20:52:54.825,628,25.3,309,336,50.3,0,58.9,53.3,0,0,1,54,54,5,0,0,0,0,0,0,0,45,12,190,1,37,37,18,37,18,37,37,36,37,-851583,8,4.863,0.015,13.538,38,0,16,0,0,35,1,1,0,0,0,1,0,0,0
20:52:54.925,684.9,27.8,310,292.8,55.2,0,58.9,53.3,0,0,1,54,52,5,0,0,0,0,0,0,0,42.9,12,190,1,37,37,18,37,18,37,36,36,37,-851583,8,4.863,0.015,13.524,38,0,16,0,0,35,1,1,0,0,0,1,0,0,0
20:52:55.025,737.6,27.9,310,294.2,54.4,0,58.9,53.2,0,0,1,57,54,5,0,0,0,0,0,0,0,47.4,12,190,1,37,37,18,37,18,37,37,36,37,-851583,8,4.863,0.015,13.552,38,0,16,0,0,35,1,1,0,0,0,1,0,0,0
20:52:55.125,924.6,36.8,308,252,52.6,0,58.9,53.3,0,0,1,55,52,5,0,0,0,0,0,0,0,51.7,12,190,1,37,37,18,37,18,37,37,36,37,-851583,8,4.863,0.015,13.511,38,0,16,0,0,35,1,1,0,0,0,1,0,0,0
20:52:55.225,896.1,14.4,322,0,0,0,58.9,53.9,4,0,1,55,54,5,0,0,0,0,0,0,0,0,12,190,1,37,37,18,37,18,37,37,36,37,-851583,8,4.863,0.015,13.559,38,0,16,0,0,35,1,1,0,0,0,1,0,0,0
20:52:55.325,765.5,14.5,322,0,0,0,58.9,53.9,4,0,1,55,54,5,0,0,0,0,0,0,0,0,12,190,1,37,37,18,37,18,37,37,36,37,-851583,8,4.863,0.015,13.586,37,0,16,0,0,35,1,1,0,0,0,1,0,0,0
20:52:55.425,908.5,34.1,303,323.2,67.9,0,59.1,53.4,0,0,1,55,55,6,0,0,0,0,0,0,0,58.9,12,190,1,37,37,18,37,18,37,37,36,37,-851583,8,4.863,0.015,13.524,38,0,16,0,0,35,1,1,0,0,0,1,0,0,0
20:52:55.525,972.2,34.7,307,284.5,56.6,0,59.9,53.2,0,0,1,55,55,6,0,0,0,0,0,0,0,52.7,12,190,1,37,37,18,37,18,37,37,36,37,-851583,8,4.863,0.015,13.524,38,0,16,0,0,35,1,1,0,0,0,1,0,0,0
20:52:55.625,1070.1,37.4,304,278.6,64.4,0,59.9,53.2,0,0,1,55,54,6,0,0,0,0,0,0,0,58.9,12,190,1,37,37,18,37,18,37,37,36,37,-851583,8,4.863,0.015,13.524,38,0,16,0,0,35,1,1,0,0,0,1,0,0,0
20:52:55.725,1143,38.4,305,258.5,58.2,0,59.9,53.3,0,0,1,55,55,5,0,0,0,0,0,0,0,56.4,12,190,1,37,37,18,37,18,37,37,36,37,-851583,8,4.863,0.015,13.545,38,0,16,0,0,35,1,1,0,0,0,1,0,0,0
20:52:55.825,1231.8,39.8,303,276.4,60.6,0,59.9,53.4,0,0,1,54,54,6,0,0,0,0,0,0,0,57,12,190,1,37,37,18,37,18,37,37,36,37,-851583,8,4.863,0.015,13.613,38,0,16,0,0,35,1,1,0,0,0,1,0,0,0
20:52:55.925,1333.7,44,302,268.1,70.4,0,59.9,53.3,0,0,1,55,55,5,0,0,0,0,0,0,0,64.5,12,190,1,37,37,18,37,18,37,37,36,37,-851583,8,4.863,0.015,13.579,38,0,16,0,0,35,1,1,0,0,0,1,0,0,0
20:52:56.025,1477.3,49.9,300,289.9,80.7,0,59.9,53.3,0,0,1,54,54,5,0,0,0,0,0,0,0,76,12,190,1,37,37,18,37,18,38,37,36,37,-851583,8,4.863,0.015,13.593,38,0,16,0,0,35,1,1,0,0,0,1,0,0,0
20:52:56.125,1647.6,55.2,295,323.9,85.5,0,59.9,53.4,0,0,1,54,54,5,0,0,0,0,0,0,0,91.6,12,190,1,37,37,18,37,18,37,37,36,37,-851583,8,4.863,0.015,13.586,38,0,16,0,0,35,1,1,0,0,0,1,0,0,0
20:52:56.225,1699.3,54.2,299,285.7,79.6,0,59.9,53.3,0,0,1,54,54,5,0,0,0,0,0,0,0,83.1,12,190,1,37,37,18,37,18,38,37,36,37,-851583,8,4.863,0.015,13.579,38,0,16,0,0,35,1,1,0,0,0,1,0,0,0
20:52:56.325,1893.8,64.2,295,281.5,86.2,0,59.9,53.3,0,0,1,54,54,5,0,0,0,0,0,0,0,94.4,12,190,1,37,37,18,37,18,38,37,36,37,-851583,8,4.863,0.015,13.586,38,0,16,0,0,35,1,1,0,0,0,1,0,0,0
20:52:56.425,2040.8,61.6,293,260.3,87.9,0,59.9,53.3,0,0,1,55,54,5,0,0,0,0,0,0,0,92.9,12,190,1,38,38,18,37,18,38,37,36,37,-851583,8,4.863,0.015,13.572,38,0,16,0,0,35,1,1,0,0,0,1,0,0,0
20:52:56.525,2045.9,56.2,302,178.1,64.8,0,59.9,53.3,0,0,1,54,54,5,0,0,0,0,0,0,0,68.8,12,190,1,38,38,18,37,18,38,37,36,37,-851583,8,4.863,0.015,13.572,38,0,16,0,0,35,1,1,0,0,0,1,0,0,0
20:52:56.625,2019.4,54,303,168.3,62.2,0,59.9,53.4,0,0,1,55,54,5,0,0,0,0,0,0,0,64.3,12,190,1,38,38,18,37,18,38,37,36,37,-851583,8,4.863,0.015,13.586,38,0,16,0,0,35,1,1,0,0,0,1,0,0,0
20:52:56.725,1871.8,52.6,303,192.8,65.6,0,60.9,53.4,0,0,1,54,54,5,0,0,0,0,0,0,0,63.8,12,190,1,38,38,18,37,18,38,37,36,37,-851583,8,4.863,0.015,13.572,38,0,16,0,0,51,1,1,0,0,1,1,0,0,0
20:52:56.825,1819.7,52.6,300,229.5,70.5,0,60.9,53.5,0,0,1,54,54,5,0,0,0,0,0,0,0,73.2,12,190,1,38,38,18,37,18,38,37,36,37,-851583,8,4.863,0.015,13.565,38,0,16,0,0,51,1,1,0,0,1,1,0,0,0
20:52:56.925,1692,47.4,303,200.8,60.2,0,60.9,53.5,0,0,1,55,55,5,0,0,0,0,0,0,0,59.6,11,190,1,38,38,18,37,18,38,37,36,37,-851583,8,4.863,0.015,13.572,38,0,16,0,0,51,1,1,0,0,1,1,0,0,0
20:52:57.025,1350.9,33.5,307,252.5,55.1,0,60.9,53.5,0,0,1,54,52,5,0,0,0,0,0,0,0,50.8,11,190,1,38,38,18,37,18,38,36,36,37,-851583,8,4.863,0.015,13.572,38,0,16,0,0,51,1,1,0,0,1,1,0,0,0
20:52:57.125,741.1,16.1,315,152.3,20.4,0,60.9,53.8,0,0,1,54,52,5,0,0,0,0,0,0,0,14.9,11,190,1,38,38,18,38,18,38,37,36,37,-851583,8,4.863,0.015,13.545,38,0,16,0,0,51,1,1,0,0,1,1,0,0,0
20:52:57.225,269.2,10.3,317,172.9,15,0,60.9,53.9,0,0,1,55,54,5,0,0,0,0,0,0,0,9.1,11,190,1,38,38,18,37,18,38,37,36,37,-851583,8,4.863,0.015,13.538,38,0,16,0,0,51,1,1,0,0,1,1,0,0,0
20:52:57.325,49.8,8.4,318,239.5,17.1,0,60.9,53.9,0,0,1,54,54,5,0,0,0,0,0,0,0,8.3,11,190,1,38,38,18,37,18,38,37,36,37,-851583,8,4.863,0.015,13.559,38,0,16,0,0,51,1,1,0,0,1,1,0,0,0
20:52:57.425,-248.5,-3.9,321,0,0,0,60.9,53.9,0,0,1,55,54,6,0,0,0,0,0,0,0,0,11,190,1,38,38,18,37,18,38,37,36,37,-851583,8,4.863,0.015,13.586,38,0,16,0,0,51,1,1,0,0,1,1,0,0,0
20:52:57.525,-240.7,-6.1,323,0,0,0,60.9,53.9,0,0,1,55,54,5,0,0,0,0,0,0,0,0,12,190,1,38,38,18,37,18,38,37,36,37,-851583,8,4.863,0.015,13.593,38,0,16,0,0,51,1,1,0,0,1,1,0,0,0
20:52:57.625,-187.9,-3.4,322,0,0,0,60.9,53.9,0,0,1,54,54,5,0,0,0,0,0,0,0,0,12,190,1,38,38,18,37,18,38,37,36,37,-851583,8,4.863,0.015,13.62,38,0,16,0,0,51,1,1,0,0,1,1,0,0,0
20:52:57.725,-213.6,-4.2,323,0,0,0,60.9,53.9,0,0,1,55,54,5,0,0,0,0,0,0,0,0,12,190,1,38,38,18,37,18,38,37,36,37,-851583,8,4.863,0.015,13.62,38,0,16,0,0,51,1,1,0,0,1,1,0,0,0
20:52:57.825,-202.8,-3.3,322,0,0,0,60.9,53.9,0,0,1,54,54,5,0,0,0,0,0,0,0,0,12,190,1,38,38,18,37,18,38,37,36,37,-851583,8,4.863,0.015,13.586,38,0,16,0,0,51,1,1,0,0,1,1,0,0,0
20:52:57.925,-195.8,-3.2,322,0,0,0,60.9,53.9,0,0,1,55,54,5,0,0,0,0,0,0,0,0,12,190,1,38,38,18,37,18,38,37,36,37,-851583,8,4.863,0.015,13.606,38,0,16,0,0,51,1,1,0,0,1,1,0,0,0
20:52:58.025,-186.6,-3.6,322,0,0,0,60.9,53.9,0,0,1,54,54,5,0,0,0,0,0,0,0,0,12,190,1,38,38,18,37,18,38,37,36,37,-851583,8,4.863,0.015,13.62,38,0,16,0,0,51,1,1,0,0,1,1,0,0,0
20:52:58.125,-180.4,-3.8,322,0,0,0,60.9,53.9,0,0,1,55,54,5,0,0,0,0,0,0,0,0,12,190,1,38,38,18,37,18,38,37,36,37,-851583,8,4.863,0.015,13.586,38,0,16,0,0,51,1,1,0,0,1,1,0,0,0
20:52:58.225,-174.9,-3.3,322,0,0,0,60.9,53.9,0,0,1,54,54,5,0,0,0,0,0,0,0,0,12,190,1,38,38,18,37,18,38,36,36,37,-851583,8,4.863,0.015,13.613,38,0,16,0,0,51,1,1,0,0,1,1,0,0,0
20:52:58.325,-166.7,-2.5,322,0,0,0,60.9,53.9,0,0,1,54,52,5,0,0,0,0,0,0,0,0,12,190,1,38,38,18,37,18,38,37,36,37,-851583,8,4.863,0.015,13.593,38,0,16,0,0,51,1,1,0,0,1,1,0,0,0
20:52:58.425,-153.5,-3.3,322,0,0,0,60,53.9,0,0,1,54,54,5,0,0,0,0,0,0,0,0,12,190,1,38,38,18,37,18,38,37,36,37,-851583,8,4.863,0.015,13.572,38,0,16,0,0,51,1,1,0,0,1,1,0,0,0
20:52:58.525,-145.4,-2.2,323,0,0,0,60,53.9,0,0,1,54,55,5,0,0,0,0,0,0,0,0,12,190,1,38,38,18,37,18,38,36,36,37,-851583,8,4.863,0.015,13.606,38,0,16,0,0,51,1,1,0,0,1,1,0,0,0
20:52:58.625,-145.3,-3.3,323,0,0,0,60,53.9,0,0,1,54,54,5,0,0,0,0,0,0,0,0,12,190,1,38,38,18,36,18,38,37,36,37,-851583,8,4.863,0.015,13.6,38,0,16,0,0,51,1,1,0,0,1,1,0,0,0
20:52:58.725,-143,-2.4,324,0,0,0,60,53.9,0,0,1,54,52,5,0,0,0,0,0,0,0,0,12,190,1,38,38,18,37,18,38,37,36,37,-851583,8,4.863,0.015,13.62,38,0,16,0,0,51,1,1,0,0,1,1,0,0,0
20:52:58.825,-138.4,-2.4,323,0,0,0,60,53.9,0,0,1,56,54,5,0,0,0,0,0,0,0,0,12,190,1,38,38,18,37,18,38,37,36,37,-851583,8,4.863,0.015,13.627,38,0,16,0,0,51,1,1,0,0,1,1,0,0,0
20:52:58.925,-124.1,-2.4,323,0,0,0,60,53.9,0,0,1,57,54,5,0,0,0,0,0,0,0,0,12,190,1,38,38,18,37,18,38,37,36,37,-851583,8,4.863,0.015,13.634,38,0,16,0,0,51,1,1,0,0,1,1,0,0,0
20:52:59.025,-117,-2,323,0,0,0,60,53.9,0,0,1,56,54,5,0,0,0,0,0,0,0,0,12,190,1,38,38,18,37,18,38,37,36,37,-851583,8,4.863,0.015,13.634,38,0,16,0,0,51,1,1,0,0,1,1,0,0,0
20:52:59.125,-108.7,-1.3,323,0,0,0,60,53.9,0,0,1,55,55,4,0,0,0,0,0,0,0,0,12,190,1,38,38,18,37,18,38,37,36,37,-851583,8,4.863,0.015,13.647,38,0,16,0,0,51,1,1,0,0,1,1,0,0,0
20:52:59.225,-100.6,-2,323,0,0,0,60,53.9,0,0,1,55,55,4,0,0,0,0,0,0,0,0,12,190,1,38,38,18,37,18,38,37,36,37,-851583,8,4.863,0.015,13.668,38,0,16,0,0,51,1,1,0,0,1,1,0,0,0
20:52:59.325,-94.2,-1.9,323,0,0,0,60,53.9,0,0,1,56,55,4,0,0,0,0,0,0,0,0,12,190,1,38,38,18,37,18,38,37,36,37,-851583,8,4.863,0.015,13.661,38,0,16,0,0,51,1,1,0,0,1,1,0,0,0
20:52:59.425,-85.9,-1.6,324,0,0,0,60,53.9,0,0,1,55,54,4,0,0,0,0,0,0,0,0,12,190,1,38,38,18,37,18,38,37,36,37,-851583,8,4.863,0.015,13.641,38,0,16,0,0,51,1,1,0,0,1,1,0,0,0
20:52:59.525,-80.8,-1.1,324,0,0,0,60,53.9,0,0,1,55,55,4,0,0,0,0,0,0,0,0,12,190,1,38,38,18,37,18,38,37,36,37,-851583,8,4.863,0.015,13.661,38,0,16,0,0,51,1,1,0,0,1,1,0,0,0
20:52:59.625,-72.7,-1.5,323,0,0,0,60,54,0,0,1,55,55,4,0,0,0,0,0,0,0,0,12,190,1,38,38,18,37,18,38,37,36,37,-851583,8,4.863,0.015,13.661,38,0,16,0,0,51,1,1,0,0,1,1,0,0,0
20:52:59.725,-65.2,-1.6,323,0,0,0,59,54,0,0,1,55,54,4,0,0,0,0,0,0,0,0,12,190,1,38,38,18,37,18,38,37,36,37,-851583,8,4.863,0.015,13.661,38,0,16,0,0,35,1,1,0,0,0,1,0,0,0
20:52:59.825,-60,-1.6,324,0,0,0,59,54,0,0,1,55,54,4,0,0,0,0,0,0,0,0,12,190,1,38,38,18,37,18,38,37,36,37,-851583,8,4.863,0.015,13.654,38,0,16,0,0,35,1,1,0,0,0,1,0,0,0
20:52:59.925,-52.7,-1.2,323,0,0,0,59,54,0,0,1,55,54,4,0,0,0,0,0,0,0,0,12,190,1,38,38,18,38,18,38,37,36,37,-851583,8,4.863,0.015,13.641,38,0,16,0,0,35,1,1,0,0,0,1,0,0,0
20:53:00.025,-45.6,-0.4,325,0,0,0,59,54,0,0,1,56,55,4,0,0,0,0,0,0,0,0,12,190,1,38,38,18,18,18,38,37,36,37,-851583,8,4.863,0.015,13.654,38,0,16,0,0,35,1,1,0,0,0,1,0,0,0
20:53:00.125,-38.2,-0.9,324,0,0,0,59,54,0,0,1,55,54,4,0,0,0,0,0,0,0,0,12,190,1,38,38,18,37,18,38,37,36,37,-851583,8,4.863,0.015,13.661,38,0,16,0,0,35,1,1,0,0,0,1,0,0,0
20:53:00.225,-31.2,-0.7,324,0,0,0,59,54,0,0,1,55,54,4,0,0,0,0,0,0,0,0,12,190,1,38,38,18,37,18,38,37,36,37,-851583,8,4.863,0.015,13.654,38,0,16,0,0,35,1,1,0,0,0,1,0,0,0
20:53:00.325,-25.7,-0.7,323,0,0,0,59,54,0,0,1,55,55,4,0,0,0,0,0,0,0,0,12,190,1,38,38,18,37,18,38,37,36,37,-851583,8,4.863,0.015,13.675,38,0,16,0,0,35,1,1,0,0,0,1,0,0,0
20:53:00.425,-19.2,0.3,325,0,0,0,59,54,0,0,1,55,54,4,0,0,0,0,0,0,0,0,12,190,1,38,38,18,37,18,38,37,36,37,-851583,8,4.863,0.015,13.641,38,0,16,0,0,35,1,1,0,0,0,1,0,0,0
20:53:00.525,-13.1,0.5,323,0,0,0,59,54,0,0,1,55,54,4,0,0,0,0,0,0,0,0,12,190,1,38,38,18,37,18,38,37,36,37,-851583,8,4.863,0.015,13.675,38,0,16,0,0,35,1,1,0,0,0,1,0,0,0
20:53:00.625,-7.9,-0.7,323,0,0,0,59,54,0,0,1,55,54,4,0,0,0,0,0,0,0,0,12,190,1,38,38,18,37,18,38,37,36,37,-851583,8,4.863,0.015,13.668,38,0,16,0,0,35,1,1,0,0,0,1,0,0,0
20:53:00.725,-2,-0.4,323,0,0,0,59,54,0,0,1,55,52,4,0,0,0,0,0,0,0,0,12,190,1,38,38,18,37,18,38,37,36,37,-851583,8,4.863,0.015,13.654,38,0,16,0,0,35,1,1,0,0,0,1,0,0,0
20:53:00.825,35.8,12.3,321,112,12.9,0,59,54,0,0,1,55,54,4,0,0,0,0,0,0,0,8.3,12,190,1,38,38,18,37,18,38,37,36,37,-851583,8,4.863,0.015,13.634,38,0,16,0,0,35,1,1,0,0,0,1,0,0,0
20:53:00.925,63.3,10.1,321,221.4,18.7,0,59,54,0,0,1,55,52,4,0,0,0,0,0,0,0,10.2,12,190,1,38,38,18,37,18,38,37,36,37,-851583,8,4.863,0.015,13.613,38,0,16,0,0,35,1,1,0,0,0,1,0,0,0
20:53:01.025,109.8,11.8,320,205.1,20.7,0,59,53.9,0,0,1,54,54,4,0,0,0,0,0,0,0,11.2,12,190,1,38,38,18,37,18,38,37,36,37,-851583,8,4.863,0.015,13.613,38,0,16,0,0,35,1,1,0,0,0,1,0,0,0
20:53:01.125,171,12.9,318,228.9,22.6,0,59,53.9,0,0,1,55,55,4,0,0,0,0,0,0,0,15.1,12,190,1,38,38,18,37,18,38,37,36,37,-851583,8,4.863,0.015,13.6,38,0,16,0,0,35,1,1,0,0,0,1,0,0,0
20:53:01.225,241.9,14.7,319,227.8,25.3,0,59,53.9,0,0,1,55,54,4,0,0,0,0,0,0,0,17.6,12,190,1,38,38,18,37,18,38,37,36,37,-851583,8,4.863,0.015,13.6,38,0,16,0,0,35,1,1,0,0,0,1,0,0,0
20:53:01.325,300,16,318,220.7,26,0,59,53.9,0,0,1,55,54,4,0,0,0,0,0,0,0,18.4,12,190,1,38,38,18,37,18,38,37,36,37,-851583,8,4.863,0.015,13.593,38,0,16,0,0,35,1,1,0,0,0,1,0,0,0
20:53:01.425,377.9,16.1,317,220.2,25.1,0,59,53.9,0,0,1,55,55,4,0,0,0,0,0,0,0,17.2,12,190,1,38,38,18,37,19,38,37,36,37,-851583,8,4.863,0.015,13.593,38,0,16,0,0,35,1,1,0,0,0,1,0,0,0
20:53:01.525,440.3,19.3,316,197.9,30.6,0,59,53.9,0,0,1,55,54,4,0,0,0,0,0,0,0,22.1,12,190,1,38,38,18,37,18,38,37,36,37,-851583,8,4.863,0.015,13.606,38,0,16,0,0,35,1,1,0,0,0,1,0,0,0
20:53:01.625,489.3,20.1,317,207.1,29.2,0,59,53.9,0,0,1,55,54,4,0,0,0,0,0,0,0,22.7,12,190,1,38,38,18,37,18,38,37,36,37,-851583,8,4.863,0.015,13.565,38,0,16,0,0,35,1,1,0,0,0,1,0,0,0
20:53:01.725,550.1,20.4,316,202.5,32.2,0,59,53.9,0,0,1,55,55,5,0,0,0,0,0,0,0,24.2,12,190,1,38,38,18,37,18,38,37,36,37,-851583,8,4.863,0.015,13.559,38,0,16,0,0,35,1,1,0,0,0,1,0,0,0
20:53:01.825,610.9,22.2,315,205.7,32.1,0,59,53.9,0,0,1,55,54,5,0,0,0,0,0,0,0,27.9,12,190,1,38,38,18,37,18,38,37,36,37,-851583,8,4.863,0.015,13.579,38,0,16,0,0,35,1,1,0,0,0,1,0,0,0
20:53:01.925,682.3,23.6,314,226.5,35.4,0,59,53.9,0,0,1,55,54,5,0,0,0,0,0,0,0,29.5,12,190,1,38,38,18,37,18,38,37,36,37,-851583,8,4.863,0.015,13.593,38,0,16,0,0,35,1,1,0,0,0,1,0,0,0
20:53:02.025,730.6,25.1,315,189.1,35.6,0,59,53.9,0,0,1,55,52,5,0,0,0,0,0,0,0,29.1,12,190,1,38,38,18,37,18,38,37,36,37,-851583,8,4.863,0.015,13.559,38,0,16,0,0,35,1,1,0,0,0,1,0,0,0
20:53:02.125,780.7,25.5,314,171.2,32.7,0,59,53.9,0,0,1,56,55,5,0,0,0,0,0,0,0,27.1,12,190,1,38,38,18,37,18,38,37,36,37,-851583,8,4.863,0.015,13.565,38,0,16,0,0,35,1,1,0,0,0,1,0,0,0
20:53:02.225,820.4,24.6,317,124.8,24.7,0,59,53.9,0,0,1,55,54,5,0,0,0,0,0,0,0,19.9,12,190,1,38,38,18,37,18,38,37,36,37,-851583,8,4.863,0.015,13.545,38,0,16,0,0,35,1,1,0,0,0,1,0,0,0
20:53:02.325,829.5,24.1,319,78.1,15.6,0,59,53.9,0,0,1,55,52,5,0,0,0,0,0,0,0,13.4,12,190,1,38,38,18,37,18,38,37,36,37,-851583,8,4.863,0.015,13.565,38,0,16,0,0,35,1,1,0,0,0,1,0,0,0
20:53:02.425,880.2,26.8,316,114.9,23.4,0,59,53.9,0,0,1,55,54,5,0,0,0,0,0,0,0,21.8,12,190,1,38,38,18,37,18,38,37,36,37,-851583,8,4.863,0.015,13.552,38,0,16,0,0,35,1,1,0,0,0,1,0,0,0
20:53:02.525,888.7,26,316,128.5,26.2,0,59,54,0,0,1,55,54,5,0,0,0,0,0,0,0,22.1,12,190,1,38,38,18,37,18,38,37,36,37,-851583,8,4.863,0.015,13.593,38,0,16,0,0,35,1,1,0,0,0,1,0,0,0
20:53:02.625,921,27.2,316,130.1,27.1,0,59,54,0,0,1,57,54,5,0,0,0,0,0,0,0,23.2,12,190,1,38,38,18,37,18,38,37,37,37,-851583,8,4.863,0.015,13.586,38,0,16,0,0,35,1,1,0,0,0,1,0,0,0
20:53:02.725,933.8,27.6,317,114.3,23.9,0,59,54,0,0,1,58,55,5,0,0,0,0,0,0,0,21.3,12,190,1,38,38,18,37,19,38,37,36,37,-851583,8,4.863,0.015,13.572,38,0,16,0,0,35,1,1,0,0,0,1,0,0,0
20:53:02.825,971.3,28.7,317,111.4,24.4,0,59,54,0,0,1,57,55,5,0,0,0,0,0,0,0,22.5,12,190,1,38,38,18,37,19,38,37,36,37,-851583,8,4.863,0.015,13.579,38,0,16,0,0,35,1,1,0,0,0,1,0,0,0
20:53:02.925,1016.8,31.5,315,142.7,30.7,0,59,54,0,0,1,57,55,5,0,0,0,0,0,0,0,27.9,12,190,1,38,38,18,37,19,38,37,36,37,-851583,8,4.863,0.015,13.572,38,0,16,0,0,35,1,1,0,0,0,1,0,0,0
20:53:03.025,1079.1,33,311,189.8,43.7,0,59,54,0,0,1,58,55,5,0,0,0,0,0,0,0,37.1,12,190,1,38,38,18,37,19,38,37,36,37,-851583,8,4.863,0.015,13.572,38,0,16,0,0,35,1,1,0,0,0,1,0,0,0
20:53:03.125,1136.7,35.7,312,183.5,46.1,0,59,54,0,0,1,57,55,5,0,0,0,0,0,0,0,40.8,12,190,1,38,38,18,38,19,38,37,36,37,-851583,8,4.863,0.015,13.565,38,0,16,0,0,35,1,1,0,0,0,1,0,0,0
20:53:03.225,1180.7,36.6,311,195.5,48.4,0,59,54,0,0,1,57,55,5,0,0,0,0,0,0,0,44.8,12,190,1,38,38,18,37,18,38,37,36,37,-851583,8,4.863,0.015,13.565,38,0,16,0,0,35,1,1,0,0,0,1,0,0,0
20:53:03.325,1240,36.3,312,147.6,39.5,0,59,54,0,0,1,57,55,5,0,0,0,0,0,0,0,36.9,12,190,1,38,38,19,37,19,38,37,36,37,-851583,8,4.863,0.015,13.579,38,0,16,0,0,35,1,1,0,0,0,1,0,0,0
20:53:03.425,1285.2,36.2,313,147.9,37.2,0,59,54,0,0,1,55,54,5,0,0,0,0,0,0,0,33.9,12,190,1,38,38,19,37,18,38,37,37,37,-851583,8,4.858,0.015,13.593,38,0,16,0,0,35,1,1,0,0,0,1,0,0,0
20:53:03.525,1282,34.3,314,118.6,31.8,0,59,54,0,0,1,56,54,5,0,0,0,0,0,0,0,29.3,12,190,1,38,38,19,37,19,38,37,37,37,-851583,8,4.858,0.015,13.559,38,0,16,0,0,35,1,1,0,0,0,1,0,0,0
20:53:03.625,1398,41.8,312,123.6,37.3,0,59,54,0,0,1,56,54,5,0,0,0,0,0,0,0,34.4,12,190,1,38,38,19,37,19,38,37,36,37,-851583,8,4.863,0.015,13.606,38,0,16,0,0,35,1,1,0,0,0,1,0,0,0
20:53:03.725,1616,46.9,308,171.2,46.4,0,59,54,0,0,1,55,54,5,0,0,0,0,0,0,0,49.1,12,190,1,38,38,19,37,19,38,37,37,38,-851583,8,4.863,0.015,13.586,38,0,16,0,0,35,1,1,0,0,0,1,0,0,0
20:53:03.825,1438.3,35.6,312,135.3,38.7,0,59,54,0,0,1,56,55,5,0,0,0,0,0,0,0,34.4,12,190,1,38,38,19,37,19,38,37,37,37,-851583,8,4.863,0.015,13.586,38,0,16,0,0,35,1,1,0,0,0,1,0,0,0
20:53:03.925,1427.8,41.2,313,124.5,35.1,0,59,54,0,0,1,56,55,5,0,0,0,0,0,0,0,33.5,12,190,1,38,38,19,37,19,38,37,36,37,-851583,8,4.863,0.015,13.579,38,0,16,0,0,35,1,1,0,0,0,1,0,0,0
20:53:04.025,1644.8,48.3,311,127.7,44.1,0,59,54,0,0,1,55,54,5,0,0,0,0,0,0,0,41.8,12,190,1,38,38,19,37,19,38,37,37,37,-851583,8,4.863,0.015,13.586,38,0,16,0,0,35,1,1,0,0,0,1,0,0,0
20:53:04.125,1832.6,50.8,307,176.7,57.3,0,59,54,0,0,1,57,54,5,0,0,0,0,0,0,0,56.6,12,190,1,38,38,19,37,19,38,37,37,37,-851583,8,4.863,0.015,13.579,38,0,16,0,0,35,1,1,0,0,0,1,0,0,0
20:53:04.225,1664.8,41.2,311,117.5,38.7,0,59,54,0,0,1,55,54,5,0,0,0,0,0,0,0,36.1,12,190,1,38,38,19,37,19,38,37,37,37,-851583,8,4.863,0.015,13.593,38,0,16,0,0,35,1,1,0,0,0,1,0,0,0
20:53:04.325,1640.4,47.5,308,166.4,48.4,0,59,54,0,0,1,57,55,5,0,0,0,0,0,0,0,50.6,12,190,1,38,38,19,37,19,38,37,37,37,-851583,8,4.863,0.015,13.586,38,0,16,0,0,35,1,1,0,0,0,1,0,0,0
20:53:04.425,1528.8,40.5,309,169.5,48.1,0,59,54,0,0,1,55,54,5,0,0,0,0,0,0,0,44.8,12,190,1,38,38,19,37,19,38,37,37,38,-851583,8,4.863,0.015,13.586,38,0,16,0,0,35,1,1,0,0,0,1,0,0,0
20:53:04.525,1484.6,42.3,309,157.7,45.2,0,59,54,0,0,1,55,54,5,0,0,0,0,0,0,0,43.5,12,190,1,38,38,19,37,19,38,37,36,37,-851583,8,4.863,0.015,13.593,38,0,16,0,0,35,1,1,0,0,0,1,0,0,0
20:53:04.625,1506.1,41.6,310,163,45.9,0,59,54,0,0,1,55,54,5,0,0,0,0,0,0,0,42.7,12,190,1,38,38,19,37,19,38,37,37,38,-851583,8,4.863,0.015,13.6,38,0,16,0,0,35,1,1,0,0,0,1,0,0,0
20:53:04.725,1363.9,22.3,322,0,0,0,59,54.2,0,0,1,55,54,5,0,0,0,0,0,0,0,0,12,190,1,38,38,19,37,19,38,37,37,37,-851583,8,4.863,0.015,13.579,38,0,16,0,0,35,1,1,0,0,0,1,0,0,0
20:53:04.825,1056.7,19.1,322,0,0,0,59,54.4,0,0,1,56,54,5,0,0,0,0,0,0,0,0,12,190,1,38,38,19,37,19,38,37,37,38,-851583,8,4.863,0.015,13.627,38,0,16,0,0,35,1,1,0,0,0,1,0,0,0
20:53:04.925,943.9,23.9,321,0,0,0,59,54,0,0,1,57,56,5,0,0,0,0,0,0,0,3.3,12,190,1,38,38,19,37,19,38,37,37,37,-851583,8,4.863,0.015,13.593,38,0,16,0,0,35,1,1,0,0,0,1,0,0,0
20:53:05.025,847.7,13.3,322,-0.1,0,0,59,54.5,0,0,1,56,54,5,0,0,0,0,0,0,0,0.1,12,190,1,38,38,19,37,19,38,37,37,37,-851583,8,4.863,0.015,13.62,38,0,16,0,0,35,1,1,0,0,0,1,0,0,0
20:53:05.125,964.3,33.8,311,187.3,42,0,59,54.2,0,0,1,55,54,5,0,0,0,0,0,0,0,36.3,12,190,1,38,38,19,37,19,38,37,37,38,-851583,8,4.863,0.015,13.6,38,0,16,0,0,35,1,1,0,0,0,1,0,0,0
20:53:05.225,1042.9,30.2,311,203.9,44.5,0,59,54.2,0,0,1,55,55,5,0,0,0,0,0,0,0,38,12,190,1,38,38,19,37,19,38,37,37,38,-851583,8,4.863,0.015,13.579,38,0,16,0,0,35,1,1,0,0,0,1,0,0,0
20:53:05.325,985.8,32.3,311,200.6,41.4,0,59,54.3,0,0,1,55,54,5,0,0,0,0,0,0,0,40.1,12,190,1,38,38,19,37,19,38,37,37,38,-851583,8,4.863,0.015,13.6,38,0,16,0,0,35,1,1,0,0,0,1,0,0,0
20:53:05.425,976.7,24,317,99,21.3,0,59,54,0,0,1,56,54,5,0,0,0,0,0,0,0,17.7,12,190,1,38,38,19,37,19,38,37,37,38,-851583,8,4.863,0.015,13.572,38,0,16,0,0,35,1,1,0,0,0,1,0,0,0
20:53:05.525,916.6,28.7,316,123.7,24.4,0,59,54.1,0,0,1,55,55,5,0,0,0,0,0,0,0,21.9,12,190,1,38,38,19,37,19,38,37,37,38,-851583,8,4.863,0.015,13.6,38,0,16,0,0,35,1,1,0,0,0,1,0,0,0
20:53:05.625,986.2,32.3,311,236.6,46.8,0,59,54.4,0,0,1,55,54,5,0,0,0,0,0,0,0,43.3,12,190,1,38,38,19,37,19,38,37,37,37,-851583,8,4.863,0.015,13.593,38,0,16,0,0,35,1,1,0,0,0,1,0,0,0
20:53:05.725,1034.4,34.2,311,188.9,45.2,0,59,54.2,0,0,1,55,55,5,0,0,0,0,0,0,0,40.3,12,190,1,38,38,19,37,19,38,37,37,38,-851583,8,4.863,0.015,13.579,38,0,16,0,0,35,1,1,0,0,0,1,0,0,0
20:53:05.825,1112.7,35.2,313,166.3,41.8,0,59,54.3,0,0,1,56,54,4,0,0,0,0,0,0,0,40.1,12,190,1,38,38,19,37,19,38,38,37,38,-851583,8,4.863,0.015,13.593,38,0,16,0,0,35,1,1,0,0,0,1,0,0,0
20:53:05.925,1176.9,35.8,310,168.4,41.6,0,59,54.2,0,0,1,55,52,5,0,0,0,0,0,0,0,39.1,12,190,1,38,38,19,38,19,38,37,37,38,-851583,8,4.863,0.015,13.579,38,0,16,0,0,35,1,1,0,0,0,1,0,0,0
20:53:06.025,1277.6,39.6,309,200.6,52.9,0,59,54.3,0,0,1,55,55,5,0,0,0,0,0,0,0,47.2,12,190,1,38,38,19,19,19,38,37,37,38,-851583,8,4.863,0.015,13.565,38,0,16,0,0,35,1,1,0,0,0,1,0,0,0
20:53:06.125,1470.8,45,309,155.7,47.1,0,59,54.3,0,0,1,56,55,5,0,0,0,0,0,0,0,46.1,12,190,1,38,38,19,37,19,38,37,37,38,-851583,8,4.863,0.015,13.6,38,0,16,0,0,35,1,1,0,0,0,1,0,0,0
20:53:06.225,1790.1,55.2,307,156,49.2,0,59,54.1,0,0,1,55,54,5,0,0,0,0,0,0,0,57,12,190,1,38,38,19,37,19,38,37,37,38,-851583,8,4.863,0.015,13.593,38,0,16,0,0,35,1,1,0,0,0,1,0,0,0
20:53:06.325,1900.2,43.1,310,127.9,47.8,0,59,54.2,0,0,1,58,55,5,0,0,0,0,0,0,0,45.2,12,190,1,38,38,19,37,19,38,37,37,38,-851583,8,4.863,0.015,13.572,38,0,16,0,0,35,1,1,0,0,0,1,0,0,0
20:53:06.425,1767.3,36.9,319,26,9,0,59.1,54,0,0,1,57,54,5,0,0,0,0,0,0,0,6.9,12,190,1,38,38,19,37,19,38,37,37,38,-851583,8,4.863,0.015,13.606,38,0,16,0,0,35,1,1,0,0,0,1,0,0,0
20:53:06.525,1681.9,41.2,313,126.7,35.9,0,59.8,54.4,0,0,1,58,55,5,0,0,0,0,0,0,0,33.7,12,190,1,38,38,19,37,19,38,37,37,38,-851583,8,4.863,0.015,13.572,38,0,16,0,0,35,1,1,0,0,0,1,0,0,0
20:53:06.625,1343.7,32.8,315,100.3,26.2,0,59.8,54.2,0,0,1,57,55,5,0,0,0,0,0,0,0,23.4,12,190,1,38,38,19,37,19,38,37,37,38,-851583,8,4.863,0.015,13.579,38,0,16,0,0,35,1,1,0,0,0,1,0,0,0
20:53:06.725,1283.8,39.8,309,214.1,48.5,0,59.9,54.4,0,0,1,58,55,5,0,0,0,0,0,0,0,46.7,12,190,1,38,38,19,37,19,38,37,37,38,-851583,8,4.863,0.015,13.579,38,0,16,0,0,35,1,1,0,0,0,1,0,0,0
20:53:06.825,1277.7,27.8,316,63.5,19.9,0,59.9,54.2,0,0,1,56,55,5,0,0,0,0,0,0,0,16.1,12,190,1,38,38,19,38,19,38,37,37,38,-851583,8,4.863,0.015,13.572,38,0,16,0,0,35,1,1,0,0,0,1,0,0,0
20:53:06.925,1261.4,29.4,320,7.6,1.8,0,59.9,54.2,0,0,1,57,55,5,0,0,0,0,0,0,0,1.3,12,190,1,38,38,19,38,19,38,37,37,38,-851583,8,4.863,0.015,13.634,38,0,16,0,0,35,1,1,0,0,0,1,0,0,0
20:53:07.025,1354,39.2,312,142.5,38.6,0,59.9,54.3,0,0,1,56,54,5,0,0,0,0,0,0,0,34.8,12,190,1,38,38,19,37,19,38,37,37,38,-851583,8,4.863,0.015,13.579,38,0,16,0,0,35,1,1,0,0,0,1,0,0,0
20:53:07.125,1390.8,39,313,128.5,36.3,0,59.9,54.3,0,0,1,56,55,5,0,0,0,0,0,0,0,33.7,12,190,1,38,38,19,37,19,38,37,37,38,-851583,8,4.863,0.015,13.586,38,0,16,0,0,35,1,1,0,0,0,1,0,0,0
20:53:07.225,1465.4,39.4,313,114.8,36,0,59.9,54.3,0,0,1,55,55,5,0,0,0,0,0,0,0,33.7,12,190,1,38,38,19,37,19,38,37,37,38,-851583,8,4.863,0.015,13.552,38,0,16,0,0,35,1,1,0,0,0,1,0,0,0
20:53:07.325,1361.7,24.7,323,0,0,0,59.9,54.9,0,0,1,56,55,5,0,0,0,0,0,0,0,0,12,190,1,38,38,19,37,19,38,37,37,38,-851583,8,4.863,0.015,13.62,38,0,16,0,0,35,1,1,0,0,0,1,0,0,0
20:53:07.425,1385.3,26.4,323,0,0,0,59.9,54.9,0,0,1,56,54,5,0,0,0,0,0,0,0,0,12,190,1,38,38,19,37,19,38,37,37,38,-851583,8,4.863,0.015,13.62,38,0,16,0,0,35,1,1,0,0,0,1,0,0,0
20:53:07.525,1390.8,29.1,321,3.8,0.4,0,59.7,54.6,0,0,1,55,54,5,0,0,0,0,0,0,0,0.6,12,190,1,38,38,19,37,19,38,37,37,38,-851583,8,4.863,0.015,13.634,38,0,16,0,0,35,1,1,0,0,0,1,0,0,0
20:53:07.625,1494.1,43.4,315,93.7,27.9,0,59,54.4,0,0,1,56,54,5,0,0,0,0,0,0,0,28.3,12,190,1,38,38,19,37,19,38,37,37,38,-851583,8,4.863,0.015,13.579,38,0,16,0,0,35,1,1,0,0,0,1,0,0,0
20:53:07.725,1446.8,35.7,313,105.2,30.5,0,59,54.4,0,0,1,55,54,5,0,0,0,0,0,0,0,28,12,190,1,38,38,19,37,19,38,37,37,38,-851583,8,4.863,0.015,13.579,38,0,16,0,0,35,1,1,0,0,0,1,0,0,0
20:53:07.825,1454.3,38,315,70.8,20.5,0,59,54.6,0,0,1,55,55,5,0,0,0,0,0,0,0,19.2,12,190,1,38,38,19,37,19,38,37,37,38,-851583,8,4.863,0.015,13.579,38,0,16,0,0,35,1,1,0,0,0,1,0,0,0
20:53:07.925,1589,38.5,319,39.4,13.8,0,59,54.4,0,0,1,55,54,5,0,0,0,0,0,0,0,11.3,12,190,1,38,38,19,37,19,38,37,37,38,-851583,8,4.863,0.015,13.606,38,0,16,0,0,35,1,1,0,0,0,1,0,0,0
20:53:08.025,1517.1,28.7,321,0,0,0,59,54.8,0,0,1,55,55,5,0,0,0,0,0,0,0,0.1,12,190,1,38,38,19,37,19,38,37,37,38,-851583,8,4.863,0.015,13.62,38,0,16,0,0,35,1,1,0,0,0,1,0,0,0
20:53:08.125,1318.7,35.5,319,38.2,10,0,59,54.5,0,0,1,55,54,5,0,0,0,0,0,0,0,9.9,12,190,1,38,38,19,37,19,38,37,37,38,-851583,8,4.863,0.015,13.579,38,0,16,0,0,35,1,1,0,0,0,1,0,0,0
20:53:08.225,1497,43.7,314,114.9,34.5,0,59,54.5,0,0,1,55,54,5,0,0,0,0,0,0,0,34.6,12,190,1,38,38,19,37,19,38,37,37,38,-851583,8,4.863,0.015,13.572,38,0,16,0,0,35,1,1,0,0,0,1,0,0,0
20:53:08.325,1647.8,45.9,310,162.6,46.4,0,59,54.5,0,0,1,55,55,5,0,0,0,0,0,0,0,46.5,12,190,1,38,38,19,37,19,38,37,37,38,-851583,8,4.863,0.015,13.565,38,0,16,0,0,35,1,1,0,0,0,1,0,0,0
20:53:08.425,1589.4,41.4,311,113.5,36,0,59,54.6,0,0,1,55,54,5,0,0,0,0,0,0,0,34.1,12,190,1,38,38,19,37,19,38,37,37,38,-851583,8,4.863,0.015,13.579,38,0,16,0,0,35,1,1,0,0,0,1,0,0,0
20:53:08.525,1752.4,50.5,311,113.3,40.2,0,59,54.5,0,0,1,55,54,5,0,0,0,0,0,0,0,37.1,12,190,1,38,38,19,37,19,38,37,37,38,-851583,8,4.863,0.015,13.579,38,0,16,0,0,35,1,1,0,0,0,1,0,0,0
20:53:08.625,1850.4,49.5,305,182.1,55.7,0,59,54.6,0,0,1,55,55,5,0,0,0,0,0,0,0,58.1,12,190,1,38,38,19,37,19,38,37,37,38,-851583,8,4.863,0.015,13.579,38,0,16,0,0,35,1,1,0,0,0,1,0,0,0
20:53:08.725,1638.5,39.1,312,114.2,35.8,0,59,54.6,0,0,1,55,54,5,0,0,0,0,0,0,0,35,12,190,1,38,38,19,37,19,38,37,37,38,-851583,8,4.863,0.015,13.572,38,0,16,0,0,35,1,1,0,0,0,1,0,0,0
20:53:08.825,1562.8,42.3,312,124.9,35,0,59,54.5,0,0,1,55,55,5,0,0,0,0,0,0,0,36.7,12,190,1,38,38,19,37,19,38,37,37,38,-851583,8,4.863,0.015,13.572,38,0,16,0,0,35,1,1,0,0,0,1,0,0,0
20:53:08.925,1511.1,39.4,311,144.4,42.3,0,59,54.6,0,0,1,55,54,5,0,0,0,0,0,0,0,39.9,12,190,1,38,38,19,37,19,38,37,37,38,-851583,8,4.863,0.015,13.572,38,0,16,0,0,35,1,1,0,0,0,1,0,0,0
20:53:09.025,1365.3,32.6,316,83,23.1,0,59,54.8,0,0,1,55,54,5,0,0,0,0,0,0,0,19.4,12,190,1,38,38,19,37,19,38,37,37,38,-851583,8,4.863,0.015,13.565,38,0,16,0,0,35,1,1,0,0,0,1,0,0,0
20:53:09.125,1367.5,43.8,309,188.6,47.8,0,59,54.6,0,0,1,55,55,5,0,0,0,0,0,0,0,46.7,12,190,1,38,38,19,38,19,38,37,37,38,-851583,8,4.863,0.015,13.579,38,0,16,0,0,35,1,1,0,0,0,1,0,0,0
20:53:09.225,1476.3,43.4,307,221.7,57.8,0,59,54.6,0,0,1,54,54,5,0,0,0,0,0,0,0,58.1,12,190,1,38,38,19,37,19,38,37,37,38,-851583,8,4.863,0.015,13.593,38,0,16,0,0,35,1,1,0,0,0,1,0,0,0
20:53:09.325,1376.2,40.4,308,191.3,49.6,0,59,54.5,0,0,1,55,55,5,0,0,0,0,0,0,0,47.2,12,190,1,38,38,19,38,19,38,37,37,38,-851583,8,4.863,0.015,13.572,38,0,16,0,0,35,1,1,0,0,0,1,0,0,0
20:53:09.425,1350.2,40.5,309,198,50.2,0,59,54.6,0,0,1,55,55,5,0,0,0,0,0,0,0,51.9,12,190,1,38,38,19,37,19,38,37,37,38,-851583,8,4.863,0.015,13.565,38,0,16,0,0,35,1,1,0,0,0,1,0,0,0
20:53:09.525,1382.2,38.4,310,160.8,45.4,0,59,54.8,0,0,1,55,55,5,0,0,0,0,0,0,0,43.8,12,190,1,38,38,19,37,19,38,37,37,38,-851583,8,4.863,0.015,13.552,38,0,16,0,0,35,1,1,0,0,0,1,0,0,0
20:53:09.625,1362,25.6,323,0,0,0,59,54.9,0,0,1,55,55,5,0,0,0,0,0,0,0,0,12,190,1,38,38,19,37,19,38,37,37,38,-851583,8,4.863,0.015,13.545,38,0,16,0,0,35,1,1,0,0,0,1,0,0,0
20:53:09.725,1380.4,26.6,322,0,0,0,59,54.9,0,0,1,56,55,5,0,0,0,0,0,0,0,0,12,190,1,38,38,19,37,19,38,37,37,38,-851583,8,4.863,0.015,13.559,38,0,16,0,0,35,1,1,0,0,0,1,0,0,0
20:53:09.825,1358.2,27.3,323,0,0,0,59,54.9,0,0,1,55,54,6,0,0,0,0,0,0,0,0,12,190,1,38,38,19,37,19,38,37,37,38,-851583,8,4.863,0.015,13.593,38,0,16,0,0,35,1,1,0,0,0,1,0,0,0
20:53:09.925,1326.2,30.3,322,9,1.8,0,59,54.9,0,0,1,55,54,6,0,0,0,0,0,0,0,1.8,12,190,1,38,38,19,37,19,38,37,37,38,-851583,8,4.863,0.015,13.6,38,0,16,0,0,35,1,1,0,0,0,1,0,0,0
20:53:10.025,1318.5,31.8,321,15.2,3.1,0,59,54.9,0,0,1,55,54,5,0,0,0,0,0,0,0,3.4,12,190,1,38,38,19,37,19,38,37,37,38,-851583,8,4.863,0.015,13.545,38,0,16,0,0,35,1,1,0,0,0,1,0,0,0
20:53:10.125,1278.7,29.9,321,17.1,3.5,0,59,54.9,0,0,1,57,54,5,0,0,0,0,0,0,0,3.6,12,190,1,38,38,19,37,19,38,37,37,38,-851583,8,4.863,0.015,13.538,38,0,16,0,0,35,1,1,0,0,0,1,0,0,0
20:53:10.225,1287.5,33,320,36.4,9.3,0,59,54.9,0,0,1,56,54,5,0,0,0,0,0,0,0,8.1,12,190,1,38,38,19,37,19,38,37,37,38,-851583,8,4.863,0.015,13.524,38,0,16,0,0,35,1,1,0,0,0,1,0,0,0
20:53:10.325,1264.4,33.1,318,62.7,14.8,0,59,54.9,0,0,1,57,56,5,0,0,0,0,0,0,0,14.1,12,190,1,38,38,19,37,19,38,37,37,38,-851583,8,4.863,0.015,13.524,38,0,16,0,0,35,1,1,0,0,0,1,0,0,0
20:53:10.425,1242.4,32,318,57.7,14.8,0,59,54.9,0,0,1,57,55,5,0,0,0,0,0,0,0,14.3,12,190,1,38,38,19,37,19,38,37,37,38,-851583,8,4.863,0.015,13.531,38,0,16,0,0,35,1,1,0,0,0,1,0,0,0
20:53:10.525,1224.8,31.4,319,54.6,13.6,0,59,54.9,0,0,1,56,55,5,0,0,0,0,0,0,0,12.1,12,190,1,38,38,19,37,19,38,37,37,38,-851583,8,4.863,0.015,13.524,38,0,16,0,0,35,1,1,0,0,0,1,0,0,0
20:53:10.625,1213.9,31,319,55.1,14,0,59,54.9,0,0,1,55,55,5,0,0,0,0,0,0,0,12.9,12,190,1,38,38,19,37,19,38,37,37,38,-851583,8,4.863,0.015,13.49,38,0,16,0,0,35,1,1,0,0,0,1,0,0,0
20:53:10.725,1200.6,30.9,320,51.7,12.3,0,59,54.9,0,0,1,56,55,5,0,0,0,0,0,0,0,11.5,12,190,1,38,38,19,37,19,38,37,37,38,-851583,8,4.863,0.015,13.511,38,0,16,0,0,35,1,1,0,0,0,1,0,0,0
20:53:10.825,1229.2,37,313,130.5,33.6,0,59,54.9,0,0,1,55,55,5,0,0,0,0,0,0,0,31.1,12,190,1,38,38,19,37,19,38,37,37,38,-851583,8,4.863,0.015,13.497,38,0,16,0,0,35,1,1,0,0,0,1,0,0,0
20:53:10.925,1314.4,37.4,312,149.3,38.3,0,59,54.9,0,0,1,56,55,5,0,0,0,0,0,0,0,37.1,12,190,1,38,38,19,37,19,38,37,37,38,-851583,8,4.863,0.015,13.538,38,0,16,0,0,35,1,1,0,0,0,1,0,0,0
20:53:11.025,1327.5,36.9,312,145.1,39.4,0,59,54.9,0,0,1,55,55,5,0,0,0,0,0,0,0,35.8,12,190,1,38,38,19,37,19,38,37,37,38,-851583,8,4.863,0.015,13.524,38,0,16,0,0,35,1,1,0,0,0,1,0,0,0
20:53:11.125,1365,38.5,312,132,37.6,0,59,54.9,0,0,1,55,55,5,0,0,0,0,0,0,0,35,12,190,1,38,38,19,37,19,38,37,37,38,-851583,8,4.863,0.015,13.518,38,0,16,0,0,35,1,1,0,0,0,1,0,0,0
20:53:11.225,1392.2,39.1,312,134.4,38.7,0,59,54.9,0,0,1,56,55,5,0,0,0,0,0,0,0,36.9,12,190,1,38,38,19,37,19,38,37,37,38,-851583,8,4.863,0.015,13.518,38,0,16,0,0,35,1,1,0,0,0,1,0,0,0
20:53:11.325,1378.6,38.1,310,136.2,39.2,0,59,54.9,0,0,1,55,55,5,0,0,0,0,0,0,0,36.3,12,190,1,38,38,19,37,19,38,38,37,38,-851583,8,4.863,0.015,13.524,38,0,16,0,0,35,1,1,0,0,0,1,0,0,0
20:53:11.425,1380.5,33.9,315,83.4,23,0,59,54.9,0,0,1,55,55,5,0,0,0,0,0,0,0,21.2,12,190,1,38,38,19,37,19,38,37,37,38,-851583,8,4.863,0.015,13.524,38,0,16,0,0,35,1,1,0,0,0,1,0,0,0
20:53:11.525,1363.5,35.1,318,59,16.8,0,59,54.9,0,0,1,55,54,5,0,0,0,0,0,0,0,14.5,12,190,1,38,38,19,37,19,38,37,37,38,-851583,8,4.863,0.015,13.497,38,0,16,0,0,35,1,1,0,0,0,1,0,0,0
20:53:11.625,1431.5,40.2,312,120.5,31.4,0,59,54.9,0,0,1,55,55,5,0,0,0,0,0,0,0,30.7,12,190,1,38,38,19,37,19,38,37,37,38,-851583,8,4.863,0.015,13.531,38,0,16,0,0,35,1,1,0,0,0,1,0,0,0
20:53:11.725,1465.2,41.1,312,129,35.7,0,59,54.9,0,0,1,55,55,5,0,0,0,0,0,0,0,35.4,12,190,1,38,38,19,37,19,38,37,37,38,-851583,8,4.863,0.015,13.504,38,0,16,0,0,35,1,1,0,0,0,1,0,0,0
20:53:11.825,1476.2,40.3,312,130.5,37.7,0,59,54.9,0,0,1,55,54,5,0,0,0,0,0,0,0,36.3,12,190,1,38,38,19,37,19,38,37,37,38,-851583,8,4.863,0.015,13.497,38,0,16,0,0,35,1,1,0,0,0,1,0,0,0
20:53:11.925,1483.1,40.2,311,135.9,40.1,0,59,54.9,0,0,1,55,55,5,0,0,0,0,0,0,0,38,12,190,1,38,38,19,38,19,38,38,37,38,-851583,8,4.863,0.015,13.518,38,0,16,0,0,35,1,1,0,0,0,1,0,0,0
20:53:12.025,1509.5,42.9,311,138.5,39.5,0,59,54.9,0,0,1,55,55,5,0,0,0,0,0,0,0,39.7,12,190,1,38,38,19,19,19,38,37,37,38,-851583,8,4.863,0.015,13.511,38,0,16,0,0,35,1,1,0,0,0,1,0,0,0
20:53:12.125,1622.8,47.9,307,184.3,51,0,59,54.9,0,0,1,55,55,5,0,0,0,0,0,0,0,51.7,12,190,1,38,38,19,37,19,38,37,37,38,-851583,8,4.863,0.015,13.477,38,0,16,0,0,35,1,1,0,0,0,1,0,0,0
20:53:12.225,1604.4,43.8,307,172.1,54.1,0,59,54.9,0,0,1,55,54,5,0,0,0,0,0,0,0,50,12,190,1,38,38,19,37,19,38,37,37,38,-851583,8,4.863,0.015,13.477,38,0,16,0,0,35,1,1,0,0,0,1,0,0,0
20:53:12.325,1613.2,45.5,308,151.2,47,0,59,54.9,0,0,1,55,54,5,0,0,0,0,0,0,0,46.5,12,190,1,38,38,19,37,19,38,37,37,38,-851583,8,4.863,0.015,13.477,38,0,16,0,0,35,1,1,0,0,0,1,0,0,0
20:53:12.425,1611.6,40.4,313,104.5,35.2,0,59,54.9,0,0,1,55,55,5,0,0,0,0,0,0,0,34.1,12,190,1,38,38,19,37,19,38,37,37,38,-851583,8,4.863,0.015,13.477,38,0,16,0,0,35,1,1,0,0,0,1,0,0,0
20:53:12.525,1627.2,44.6,313,109.4,34.5,0,59,54.9,0,0,1,55,55,5,0,0,0,0,0,0,0,34.4,12,190,1,38,38,19,37,19,38,37,37,38,-851583,8,4.863,0.015,13.456,38,0,16,0,0,35,1,1,0,0,0,1,0,0,0
20:53:12.625,1707.2,47.8,308,154.8,48.2,0,59,54.9,0,0,1,55,55,5,0,0,0,0,0,0,0,50.2,12,190,1,38,38,19,38,19,38,37,37,38,-851583,8,4.863,0.015,13.442,38,0,16,0,0,35,1,1,0,0,0,1,0,0,0
20:53:12.725,1668.8,44,310,135.9,42.7,0,59,54.9,0,0,1,55,55,6,0,0,0,0,0,0,0,42,12,190,1,38,38,19,37,19,38,37,37,38,-851583,8,4.863,0.015,13.422,38,0,16,0,0,35,1,1,0,0,0,1,0,0,0
20:53:12.825,1690.7,45,310,139.1,45.8,0,59,54.9,0,0,1,56,56,6,0,0,0,0,0,0,0,42.7,12,190,1,38,38,19,38,19,38,38,37,38,-851583,8,4.863,0.015,13.388,38,0,16,0,0,35,1,1,0,0,0,1,0,0,0
20:53:12.925,1696.1,44.3,311,106.8,34.5,0,59,54.8,0,0,1,52,54,6,0,0,0,0,0,0,0,32.6,12,190,1,38,38,19,38,19,38,37,37,38,-851583,8,4.863,0.015,13.353,38,0,16,0,0,35,1,1,0,0,0,1,0,0,0
20:53:13.025,1714.8,46.4,311,120.1,34.6,0,59,54.9,0,0,1,55,55,6,0,0,0,0,0,0,0,36.9,12,190,1,38,38,19,37,19,38,38,37,38,-851583,8,4.863,0.015,13.34,38,0,16,0,0,35,1,1,0,0,0,1,0,0,0
20:53:13.125,1745.7,46.3,310,130.6,42.1,0,59,54.9,0,0,1,55,56,7,0,0,0,0,0,0,0,42.5,12,190,1,38,38,19,37,19,38,37,37,38,-851583,8,4.863,0.015,13.271,38,0,16,0,0,35,1,1,0,0,0,1,0,0,0
20:53:13.225,1722.3,43.6,312,107.3,36.3,0,59,54.9,0,0,1,54,54,7,0,0,0,0,0,0,0,33.3,12,190,1,38,38,19,37,19,38,37,37,38,-851583,8,4.863,0.015,13.306,38,0,16,0,0,35,1,1,0,0,0,1,0,0,0
20:53:13.325,1713.1,44.6,312,105,35.4,0,59,54.9,0,0,1,55,54,7,0,0,0,0,0,0,0,33.5,12,190,1,38,38,19,37,19,38,37,37,38,-851583,8,4.863,0.015,13.292,38,0,16,0,0,35,1,1,0,0,0,1,0,0,0
20:53:13.425,1729.6,46.5,310,120.6,38.9,0,59,54.9,0,0,1,55,55,7,0,0,0,0,0,0,0,37.1,12,190,1,38,38,19,37,19,38,37,37,38,-851583,8,4.863,0.015,13.34,38,0,16,0,0,35,1,1,0,0,0,1,0,0,0
20:53:13.525,1778.8,49.1,306,148.3,47.2,0,59,54.9,0,0,1,55,55,7,0,0,0,0,0,0,0,49.7,12,190,1,38,38,19,37,19,38,37,37,38,-851583,8,4.863,0.015,13.34,38,0,16,0,0,35,1,1,0,0,0,1,0,0,0
20:53:13.625,1807.4,48.8,307,143,50.7,0,59,54.9,0,0,1,55,55,7,0,0,0,0,0,0,0,47.4,12,190,1,38,38,19,37,19,38,37,37,38,-851583,8,4.863,0.015,13.299,38,0,16,0,0,35,1,1,0,0,0,1,0,0,0
20:53:13.725,1808.2,47,309,120.7,42.3,0,59,54.9,0,0,1,55,54,7,0,0,0,0,0,0,0,41.8,12,190,1,38,38,19,38,19,38,37,37,38,-851583,8,4.863,0.015,13.326,38,0,16,0,0,35,1,1,0,0,0,1,0,0,0
20:53:13.825,1799.2,42.7,313,81.2,29.1,0,59,54.9,0,0,1,55,54,7,0,0,0,0,0,0,0,25.4,12,190,1,38,38,19,37,19,38,37,37,38,-851583,8,4.863,0.015,13.306,37,0,16,0,0,35,1,1,0,0,0,1,0,0,0
20:53:13.925,1768.2,42.3,315,67.9,23.4,0,59,54.9,0,0,1,58,55,7,0,0,0,0,0,0,0,22.9,12,190,1,38,38,19,37,19,38,37,37,38,-851583,8,4.863,0.015,13.326,38,0,16,0,0,35,1,1,0,0,0,1,0,0,0
20:53:14.025,1726.7,40.2,316,53.2,17.8,0,59,54.9,0,0,1,57,56,8,0,0,0,0,0,0,0,15.8,12,190,1,38,38,19,37,19,38,37,37,38,-851583,8,4.863,0.015,13.271,38,0,16,0,0,35,1,1,0,0,0,1,0,0,0
20:53:14.125,1701.9,41.2,318,43.1,14.3,0,59,54.9,0,0,1,58,56,8,0,0,0,0,0,0,0,12.5,12,190,1,38,38,19,37,19,38,37,37,38,-851583,8,4.863,0.015,13.312,38,0,16,0,0,35,1,1,0,0,0,1,0,0,0
20:53:14.225,1722.3,42.2,317,36.2,12.1,0,59,54.9,0,0,1,57,56,7,0,0,0,0,0,0,0,11,12,190,1,38,38,19,37,19,38,37,37,38,-851583,8,4.863,0.015,13.306,38,0,16,0,0,35,1,1,0,0,0,1,0,0,0
20:53:14.325,1695.2,37.1,319,26.4,9.3,0,59,54.9,0,0,1,57,56,7,0,0,0,0,0,0,0,8,12,190,1,38,38,19,37,19,38,37,37,38,-851583,8,4.863,0.015,13.299,38,0,16,0,0,35,1,1,0,0,0,1,0,0,0
20:53:14.425,1620.8,32.5,323,0,0,0,59,54.9,0,0,1,56,56,7,0,0,0,0,0,0,0,0,12,190,1,38,38,19,37,19,38,37,37,38,-851583,8,4.863,0.015,13.381,38,0,16,0,0,35,1,1,0,0,0,1,0,0,0
20:53:14.525,1579.7,30.3,322,0,0,0,59,55,0,0,1,56,56,7,0,0,0,0,0,0,0,0,12,190,1,38,38,19,37,19,38,37,37,38,-851583,8,4.863,0.015,13.347,38,0,16,0,0,35,1,1,0,0,0,1,0,0,0
20:53:14.625,1569,30.1,323,0,0,0,59,55,0,0,1,55,55,7,0,0,0,0,0,0,0,-0.5,12,190,1,38,38,19,37,19,38,37,37,38,-851583,8,4.863,0.015,13.374,38,0,16,0,0,35,1,1,0,0,0,1,0,0,0
20:53:14.725,1606.6,42.5,316,51.8,15.1,0,59,55,0,0,1,55,54,7,0,0,0,0,0,0,0,15,12,190,1,38,38,19,38,19,38,37,37,38,-851583,8,4.863,0.015,13.333,38,0,16,0,0,35,1,1,0,0,0,1,0,0,0
20:53:14.825,1620.7,43.6,313,112.3,35.9,0,59,54.9,0,0,1,57,56,7,0,0,0,0,0,0,0,36.7,12,190,1,38,38,19,37,19,38,37,37,38,-851583,8,4.863,0.015,13.367,38,0,16,0,0,35,1,1,0,0,0,1,0,0,0
20:53:14.925,1609,32.8,320,25.9,9.4,0,59,54.9,0,0,1,55,56,8,0,0,0,0,0,0,0,8.8,12,190,1,38,38,19,37,19,38,37,37,38,-851583,8,4.863,0.015,13.353,38,0,16,0,0,35,1,1,0,0,0,1,0,0,0
20:53:15.025,1566.7,31.2,322,-2.8,0,0,59,54.9,0,0,1,55,55,7,0,0,0,0,0,0,0,-0.8,12,190,1,38,38,19,37,19,38,37,37,38,-851583,8,4.863,0.015,13.401,38,0,16,0,0,35,1,1,0,0,0,1,0,0,0
20:53:15.125,1588.1,41.6,318,50,14,0,59,54.9,0,0,1,56,55,7,0,0,0,0,0,0,0,13.8,12,190,1,38,38,19,38,19,38,37,37,38,-851583,8,4.863,0.015,13.381,38,0,16,0,0,35,1,1,0,0,0,1,0,0,0
20:53:15.225,1660,45.8,310,123.5,36,0,59,54.9,0,0,1,56,55,7,0,0,0,0,0,0,0,37.8,12,190,1,38,38,19,37,19,38,37,37,38,-851583,8,4.863,0.015,13.285,38,0,16,0,0,35,1,1,0,0,0,1,0,0,0
20:53:15.325,1666.1,44.1,313,106.3,35.5,0,59,54.9,0,0,1,55,55,7,0,0,0,0,0,0,0,33.1,12,190,1,38,38,19,38,19,38,37,37,38,-851583,8,4.863,0.015,13.353,38,0,16,0,0,35,1,1,0,0,0,1,0,0,0
20:53:15.425,1663.9,44.7,308,138.2,42.3,0,59,54.8,0,0,1,55,56,7,0,0,0,0,0,0,0,41,12,190,1,38,38,19,37,19,38,37,37,38,-851583,8,4.863,0.015,13.333,38,0,16,0,0,35,1,1,0,0,0,1,0,0,0
20:53:15.525,1637.7,43.3,311,116.1,36,0,59,54.9,0,0,1,55,55,7,0,0,0,0,0,0,0,35.2,12,190,1,38,38,19,37,19,38,37,37,38,-851583,8,4.863,0.015,13.347,38,0,16,0,0,35,1,1,0,0,0,1,0,0,0
20:53:15.625,1636,30.7,319,19.6,8.6,0,59,54.9,0,0,1,56,56,7,0,0,0,0,0,0,0,4.7,12,190,1,38,38,19,37,19,38,37,37,38,-851583,8,4.863,0.015,13.388,38,0,16,0,0,35,1,1,0,0,0,1,0,0,0
20:53:15.725,1613.9,32.9,323,0.1,0,0,59,54.9,0,0,1,56,55,7,0,0,0,0,0,0,0,0,12,190,1,38,38,19,37,19,38,37,37,38,-851583,8,4.863,0.015,13.429,38,0,16,0,0,35,1,1,0,0,0,1,0,0,0
20:53:15.825,1637.7,47.2,316,77.7,21.2,0,59,54.9,0,0,1,55,55,7,0,0,0,0,0,0,0,27.6,12,190,1,38,38,19,37,19,38,37,37,38,-851583,8,4.863,0.015,13.401,38,0,16,0,0,35,1,1,0,0,0,1,0,0,0
20:53:15.925,1671.1,45.1,309,151.7,41.5,0,59,54.7,0,0,1,55,56,7,0,0,0,0,0,0,0,44.8,12,190,1,38,38,19,37,19,38,37,37,38,-851583,8,4.863,0.015,13.422,38,0,16,0,0,35,1,1,0,0,0,1,0,0,0
20:53:16.025,1727.6,51.8,309,156.8,51.7,0,59,54.6,0,0,1,56,55,6,0,0,0,0,0,0,0,50.8,12,190,1,38,38,19,37,19,38,37,37,38,-851583,8,4.863,0.015,13.463,38,0,16,0,0,35,1,1,0,0,0,1,0,0,0
20:53:16.125,1809.1,51.9,303,209.8,61.8,0,59,54.6,0,0,1,55,55,6,0,0,0,0,0,0,0,66.2,12,190,1,38,38,19,37,19,38,37,37,38,-851583,8,4.863,0.015,13.504,38,0,16,0,0,35,1,1,0,0,0,1,0,0,0
20:53:16.225,1791.4,49.7,305,175.9,56,0,59,54.7,0,0,1,55,56,6,0,0,0,0,0,0,0,55.3,12,190,1,38,38,19,38,19,38,37,37,38,-851583,8,4.863,0.015,13.497,38,0,16,0,0,35,1,1,0,0,0,1,0,0,0
20:53:16.325,1858,53.9,305,181.9,55.8,0,59,54.6,0,0,1,55,55,5,0,0,0,0,0,0,0,60.8,12,190,1,38,38,19,37,19,38,37,37,38,-851583,8,4.863,0.015,13.504,38,0,16,0,0,35,1,1,0,0,0,1,0,0,0
20:53:16.425,1831.4,50.6,304,197.5,62.4,0,59,54.7,0,0,1,55,54,6,0,0,0,0,0,0,0,60.2,12,190,1,38,38,19,37,19,38,37,37,38,-851583,8,4.863,0.015,13.511,38,0,16,0,0,35,1,1,0,0,0,1,0,0,0
20:53:16.525,1862.6,47.7,308,130.9,44.6,0,59,54.7,0,0,1,55,55,5,0,0,0,0,0,0,0,45.9,12,190,1,38,38,19,37,19,38,37,37,38,-851583,8,4.863,0.015,13.511,38,0,16,0,0,35,1,1,0,0,0,1,0,0,0
20:53:16.625,1804.1,36,320,8.2,4.5,0,59,54.9,0,0,1,55,55,5,0,0,0,0,0,0,0,5.2,12,190,1,38,38,19,37,19,38,37,37,38,-851583,8,4.863,0.015,13.552,38,0,16,0,0,35,1,1,0,0,0,1,0,0,0
20:53:16.725,1831.5,50.3,312,98.7,33.5,0,59,54.7,0,0,1,55,55,5,0,0,0,0,0,0,0,30.7,12,190,1,38,38,19,37,19,38,37,37,38,-851583,8,4.863,0.015,13.559,38,0,16,0,0,35,1,1,0,0,0,1,0,0,0
20:53:16.825,1863.2,47.7,310,113.6,41.3,0,59,54.8,0,0,1,55,55,5,0,0,0,0,0,0,0,40.1,12,190,1,38,38,19,37,19,38,38,37,38,-851583,8,4.863,0.015,13.565,38,0,16,0,0,35,1,1,0,0,0,1,0,0,0
20:53:16.925,1873.8,47.1,313,98.9,36.1,0,59,54.7,0,0,1,56,55,5,0,0,0,0,0,0,0,34.4,12,190,1,38,38,19,37,19,38,37,37,38,-851583,8,4.863,0.015,13.559,38,0,16,0,0,35,1,1,0,0,0,1,0,0,0
20:53:17.025,1919.7,54.6,307,153.1,48.1,0,59,54.6,0,0,1,55,55,5,0,0,0,0,0,0,0,53.6,12,190,1,38,38,19,37,19,38,37,37,38,-851583,8,4.863,0.015,13.565,38,0,16,0,0,35,1,1,0,0,0,1,0,0,0
20:53:17.125,1956.9,51.6,307,143,50,0,59,54.5,0,0,1,55,55,5,0,0,0,0,0,0,0,53.4,12,190,1,38,38,19,37,19,38,37,37,38,-851583,8,4.863,0.015,13.586,38,0,16,0,0,35,1,1,0,0,0,1,0,0,0
20:53:17.225,1983.3,52.6,310,119.9,42.9,0,59,54.7,0,0,1,56,56,4,0,0,0,0,0,0,0,49.3,12,190,1,38,38,19,37,19,38,37,37,38,-851583,8,4.863,0.015,13.586,38,0,16,0,0,35,1,1,0,0,0,1,0,0,0
20:53:17.325,2016.4,53.7,307,134.7,49,0,59,54.8,0,0,1,55,55,4,0,0,0,0,0,0,0,50.6,12,190,1,38,38,19,37,19,38,37,37,38,-851583,8,4.863,0.015,13.593,38,0,16,0,0,35,1,1,0,0,0,1,0,0,0
20:53:17.425,2057.1,55.1,306,139.7,51,0,59,54.6,0,0,1,55,55,4,0,0,0,0,0,0,0,50,12,190,1,38,38,19,38,19,38,38,37,38,-851583,8,4.863,0.015,13.6,38,0,16,0,0,35,1,1,0,0,0,1,0,0,0
20:53:17.525,2085.1,55.3,307,121.9,49.6,0,59,54.7,0,0,1,55,55,4,0,0,0,0,0,0,0,50.6,12,190,1,38,38,19,37,19,38,37,37,38,-851583,8,4.863,0.015,13.586,38,0,16,0,0,35,1,1,0,0,0,1,0,0,0
20:53:17.625,2136.8,61,301,166.6,59.9,0,59,54.6,0,0,1,58,55,4,0,0,0,0,0,0,0,64.5,12,190,1,38,38,19,37,19,38,37,37,38,-851583,8,4.863,0.015,13.565,38,0,16,0,0,35,1,1,0,0,0,1,0,0,0
20:53:17.725,2160.3,64.5,296,235.3,73.7,0,59,54.6,0,0,1,59,55,4,0,0,0,0,0,0,0,90.3,12,190,1,38,38,19,37,19,38,37,37,38,-851583,8,4.863,0.015,13.545,38,0,16,0,0,35,1,1,0,0,0,1,0,0,0
20:53:17.825,2177.2,65.6,294,256.5,78.8,0,59,54.4,0,0,1,57,54,4,0,0,0,0,0,0,0,98.5,12,190,1,38,38,19,37,19,38,37,37,38,-851583,8,4.863,0.015,13.579,38,0,16,0,0,35,1,1,0,0,0,1,0,0,0
20:53:17.925,2218.4,69.7,290,290.9,85.1,0,59,54.4,0,0,1,57,56,4,0,0,0,0,0,0,0,108.1,12,190,1,38,38,19,38,19,38,37,37,38,-851583,8,4.863,0.015,13.593,38,0,16,0,0,35,1,1,0,0,0,1,0,0,0
20:53:18.025,2277.7,72.1,291,267.5,86.3,0,59,54.4,0,0,1,57,56,4,0,0,0,0,0,0,0,112.6,12,190,1,38,38,19,19,19,38,37,37,38,-851583,8,4.863,0.015,13.565,38,0,16,0,0,35,1,1,0,0,0,1,0,0,0
20:53:18.125,2345.4,74.3,287,290.1,104.9,0,59,54.5,0,0,1,56,55,4,0,0,0,0,0,0,0,111.7,11,190,1,38,38,19,37,19,38,37,37,38,-851583,8,4.863,0.015,13.586,38,0,16,0,0,35,1,1,0,0,0,1,0,0,0
20:53:18.225,2351.1,72.7,288,263.1,88.4,0,59,54.6,0,0,1,57,57,4,0,0,0,0,0,0,0,103.8,11,190,1,38,38,19,37,19,38,37,37,38,-851583,8,4.863,0.015,13.579,38,0,16,0,0,35,1,1,0,0,0,1,0,0,0
20:53:18.325,2377,62.9,295,180.5,79.2,0,59,54.5,0,0,1,57,55,4,0,0,0,0,0,0,0,82.9,11,190,1,38,38,19,37,19,38,38,37,38,-851583,8,4.863,0.015,13.565,38,0,16,0,0,35,1,1,0,0,0,1,0,0,0
20:53:18.425,2359.5,53,306,105.3,48.4,0,59,54.8,0,0,1,56,55,4,0,0,0,0,0,0,0,42.7,11,190,1,38,38,19,37,19,38,37,37,38,-851583,8,4.863,0.015,13.572,38,0,16,0,0,35,1,1,0,0,0,1,0,0,0
20:53:18.525,2366.1,73.8,294,225,81,0,59,54.6,0,0,1,56,55,4,0,0,0,0,0,0,0,89.3,11,190,1,38,38,19,37,19,38,38,37,38,-851583,8,4.863,0.015,13.586,38,0,16,0,0,35,1,1,0,0,0,1,0,0,0
20:53:18.625,2415.5,71.6,291,258.1,86.3,0,59,54.7,0,0,1,56,56,4,0,0,0,0,0,0,0,104.7,11,190,1,38,38,19,38,19,38,37,37,38,-851583,8,4.863,0.015,13.579,38,0,16,0,0,35,1,1,0,0,0,1,0,0,0
20:53:18.725,2407.1,67.8,294,195.4,84.7,0,59,54.8,0,0,1,56,56,4,0,0,0,0,0,0,0,88.6,11,190,1,38,38,19,37,19,38,37,37,38,-851583,8,4.863,0.015,13.565,38,0,16,0,0,35,1,1,0,0,0,1,0,0,0
20:53:18.825,2430.3,72.8,289,247,96.4,0,59,54.7,0,0,1,55,55,4,0,0,0,0,0,0,0,100,11,190,1,38,38,19,38,19,38,38,37,38,-851583,8,4.863,0.015,13.545,38,0,16,0,0,35,1,1,0,0,0,1,0,0,0
20:53:18.925,2504.3,73.2,291,226.2,85.6,0,59,54.7,0,0,1,55,55,5,0,0,0,0,0,0,0,97.8,11,190,1,38,38,19,38,19,38,37,37,38,-851583,8,4.863,0.015,13.586,38,0,16,0,0,35,1,1,0,0,0,1,0,0,0
20:53:19.025,2474.3,46.8,305,103.7,52.3,0,59,54.9,0,0,1,56,55,5,0,0,0,0,0,0,0,46.5,11,190,1,38,38,19,37,19,38,37,37,38,-851583,8,4.863,0.015,13.559,38,0,16,0,0,35,1,1,0,0,0,1,0,0,0
20:53:19.125,2287.1,26.4,322,-30,0,0,59,54.9,0,0,1,55,55,4,0,0,0,0,0,0,0,-10.9,11,190,1,38,38,19,37,19,38,37,37,38,-851583,8,4.863,0.015,13.565,38,0,16,0,0,35,1,1,0,0,0,1,0,0,0
20:53:19.225,2112.1,39,321,-15.4,0,0,59,55,0,0,1,55,54,4,0,0,0,0,0,0,0,-3.4,11,190,1,38,38,19,37,19,38,37,37,38,-851583,8,4.863,0.015,13.586,38,0,16,0,0,35,1,1,0,0,0,1,0,0,0
20:53:19.325,2166.2,54.6,317,31.5,10.4,0,59,55,0,0,1,55,56,4,0,0,0,0,0,0,0,10.7,11,190,1,38,38,19,37,19,38,37,37,38,-851583,8,4.863,0.015,13.538,38,0,16,0,0,35,1,1,0,0,0,1,0,0,0
20:53:19.425,2232.3,58.6,309,100.3,38.7,0,59,55,0,0,1,55,56,4,0,0,0,0,0,0,0,38,11,190,1,38,38,19,37,19,38,37,37,38,-851583,8,4.863,0.015,13.586,38,0,16,0,0,35,1,1,0,0,0,1,0,0,0
20:53:19.525,2242.3,59.4,308,115.3,45.7,0,59,55,0,0,1,55,55,4,0,0,0,0,0,0,0,44.6,11,190,1,38,38,19,37,19,38,37,37,38,-851583,8,4.863,0.015,13.559,38,0,16,0,0,35,1,1,0,0,0,1,0,0,0
20:53:19.625,2235.6,61.5,302,171.8,65.9,0,59,55,0,0,1,55,55,4,0,0,0,0,0,0,0,64.7,11,190,1,38,38,19,38,19,38,37,37,38,-851583,8,4.863,0.015,13.572,38,0,16,0,0,35,1,1,0,0,0,1,0,0,0
20:53:19.725,2288.3,59.3,302,150.6,56.9,0,59,55,0,0,1,55,55,4,0,0,0,0,0,0,0,61.3,11,190,1,38,38,19,38,19,38,37,37,38,-851583,8,4.863,0.015,13.572,38,0,16,0,0,35,1,1,0,0,0,1,0,0,0
20:53:19.825,2207.5,52.3,306,128.1,54.3,0,59,55,0,0,1,54,55,4,0,0,0,0,0,0,0,49.5,12,190,1,38,38,19,37,19,38,37,37,38,-851583,8,4.863,0.015,13.545,38,0,16,0,0,35,1,1,0,0,0,1,0,0,0
20:53:19.925,2151.5,45.4,315,46.1,20.2,0,59,55,0,0,1,55,54,5,0,0,0,0,0,0,0,19.6,12,190,1,38,38,19,37,19,38,37,37,38,-851583,8,4.863,0.015,13.579,38,0,16,0,0,35,1,1,0,0,0,1,0,0,0
20:53:20.025,2174.8,54.4,313,55.6,20.7,0,59,55,0,0,1,55,55,5,0,0,0,0,0,0,0,20.6,12,190,1,38,38,19,38,19,38,37,37,38,-851583,8,4.863,0.015,13.545,38,0,16,0,0,35,1,1,0,0,0,1,0,0,0
20:53:20.125,2169.7,56.9,309,113.9,44.3,0,59,55,0,0,1,55,55,5,0,0,0,0,0,0,0,42.7,12,190,1,38,38,19,37,19,38,37,37,38,-851583,8,4.863,0.015,13.531,38,0,16,0,0,35,1,1,0,0,0,1,0,0,0
20:53:20.225,2156,49.2,313,67.9,30.1,0,59,55,0,0,1,55,55,5,0,0,0,0,0,0,0,26,12,190,1,38,38,19,38,19,38,37,37,38,-851583,8,4.858,0.015,13.565,38,0,16,0,0,35,1,1,0,0,0,1,0,0,0
20:53:20.325,2162.1,53.8,311,89.8,34.4,0,59,55,0,0,1,55,55,5,0,0,0,0,0,0,0,36.1,12,190,1,38,38,19,37,19,38,37,37,38,-851583,8,4.863,0.015,13.518,38,0,16,0,0,35,1,1,0,0,0,1,0,0,0
20:53:20.425,2194.9,56.8,309,101.3,34,0,59,55,0,0,1,55,55,5,0,0,0,0,0,0,0,39.5,12,190,1,38,38,19,37,19,38,37,37,38,-851583,8,4.863,0.015,13.518,38,0,16,0,0,35,1,1,0,0,0,1,0,0,0
20:53:20.525,2174.4,54.9,309,110.4,44.4,0,59,55,0,0,1,55,55,5,0,0,0,0,0,0,0,44,12,190,1,38,38,19,37,19,38,37,37,38,-851583,8,4.863,0.015,13.524,38,0,16,0,0,35,1,1,0,0,0,1,0,0,0
20:53:20.625,2157.5,52.3,310,98.3,40.2,0,59,55,0,0,1,55,55,5,0,0,0,0,0,0,0,39.7,12,190,1,38,38,19,38,19,38,37,37,38,-851583,8,4.863,0.015,13.565,38,0,16,0,0,35,1,1,0,0,0,1,0,0,0
20:53:20.725,2239.4,60.8,309,104.3,41.5,0,59,55,0,0,1,55,55,5,0,0,0,0,0,0,0,39.9,12,190,1,38,38,19,38,19,38,38,37,38,-851583,8,4.863,0.015,13.579,38,0,16,0,0,35,1,1,0,0,0,1,0,0,0
20:53:20.825,2298.5,70.6,288,304.8,87,0,59,55.2,0,0,1,55,55,5,0,0,0,0,0,0,0,110,12,190,1,38,38,19,38,19,38,37,37,38,-851583,8,4.863,0.015,13.559,38,0,16,0,0,35,1,1,0,0,0,1,0,0,0
20:53:20.925,2238,61.5,301,186.4,71.3,0,59,55,0,0,1,54,54,5,0,0,0,0,0,0,0,77.5,12,190,1,38,38,19,37,19,38,37,37,38,-851583,8,4.863,0.015,13.552,38,0,16,0,0,35,1,1,0,0,0,1,0,0,0
20:53:21.025,2432.5,76.2,295,200.4,70.8,0,59,55.1,0,0,1,55,55,5,0,0,0,0,0,0,0,83.3,12,190,1,38,38,19,37,19,38,37,37,38,-851583,8,4.863,0.015,13.552,38,0,16,0,0,35,1,1,0,0,0,1,0,0,0
20:53:21.125,2787.7,51.9,320,0,0,0,59,55,4,0,1,55,55,5,0,0,0,0,0,0,0,1.2,11,190,1,38,38,19,38,19,38,37,37,38,-851583,8,4.863,0.015,13.552,38,0,16,0,0,35,1,1,0,0,0,1,0,0,0
20:53:21.225,2230.3,51.9,321,26.5,7.4,0,59,55.3,0,0,1,54,55,5,0,0,0,0,0,0,0,12.9,11,190,1,38,38,19,37,19,38,37,37,38,-851583,8,4.863,0.015,13.49,38,0,16,0,0,35,1,1,0,0,0,1,0,0,0
20:53:21.325,2239.9,44.6,321,0,0,0,59,55.4,4,0,1,54,55,5,0,0,0,0,0,0,0,0,11,190,1,38,38,19,38,19,38,37,37,38,-851583,8,4.863,0.015,13.545,38,0,16,0,0,35,1,1,0,0,0,1,0,0,0
20:53:21.425,2233.7,40.9,322,0,0,0,59,55.4,4,0,1,56,55,5,0,0,0,0,0,0,0,0.1,11,190,1,38,38,19,37,19,38,38,37,38,-851583,8,4.863,0.015,13.552,37,0,16,0,0,35,1,1,0,0,0,1,0,0,0
20:53:21.525,2040,49.9,317,30.6,9.2,0,59,55.1,0,0,1,56,55,4,0,0,0,0,0,0,0,10,11,190,1,38,38,19,37,19,38,37,37,38,-851583,8,4.863,0.015,13.511,38,0,16,0,0,35,1,1,0,0,0,1,0,0,0
20:53:21.625,2116.2,59.4,304,165.5,62.5,0,59,55,0,0,1,56,56,4,0,0,0,0,0,0,0,67.3,11,190,1,38,38,19,37,19,38,38,37,38,-851583,8,4.863,0.015,13.497,38,0,16,0,0,35,1,1,0,0,0,1,0,0,0
20:53:21.725,2129.1,56.1,305,137.2,53.4,0,59,55,0,0,1,56,56,4,0,0,0,0,0,0,0,54.2,11,190,1,38,38,19,37,19,38,37,37,38,-851583,8,4.863,0.015,13.531,38,0,16,0,0,35,1,1,0,0,0,1,0,0,0
20:53:21.825,2168.6,65.6,295,223.1,75.4,0,59,55.2,0,0,1,55,55,4,0,0,0,0,0,0,0,86.9,11,190,1,38,38,19,38,19,38,37,37,38,-851583,8,4.863,0.015,13.552,38,0,16,0,0,35,1,1,0,0,0,1,0,0,0
20:53:21.925,2216.4,62.4,301,181.1,68.3,0,59,55.1,0,0,1,55,56,4,0,0,0,0,0,0,0,73,11,190,1,38,38,19,37,19,38,38,37,38,-851583,8,4.863,0.015,13.531,38,0,16,0,0,35,1,1,0,0,0,1,0,0,0
20:53:22.025,2255.4,63.3,299,177.2,69.3,0,59,55.1,0,0,1,55,55,4,0,0,0,0,0,0,0,73.7,11,190,1,38,38,19,37,19,38,37,37,38,-851583,8,4.863,0.015,13.518,38,0,16,0,0,35,1,1,0,0,0,1,0,0,0
20:53:22.125,2307.2,65.4,298,178.2,66.7,0,59,55.2,0,0,1,55,55,4,0,0,0,0,0,0,0,75.2,11,190,1,38,38,19,37,19,38,37,37,38,-851583,8,4.863,0.015,13.552,38,0,16,0,0,35,1,1,0,0,0,1,0,0,0
20:53:22.225,2360.4,71.8,293,231,78.7,0,59,55.3,0,0,1,56,56,5,0,0,0,0,0,0,0,99.1,11,190,1,38,38,19,38,19,38,38,37,38,-851583,8,4.863,0.015,13.545,38,0,16,0,0,35,1,1,0,0,0,1,0,0,0
20:53:22.325,2405.7,71.2,291,221.9,88.6,0,59.6,55.2,0,0,1,55,55,4,0,0,0,0,0,0,0,94.4,11,190,1,38,38,19,37,19,38,38,37,38,-851583,8,4.863,0.015,13.518,38,0,16,0,0,35,1,1,0,0,0,1,0,0,0
20:53:22.425,2465.6,73.4,294,222.9,82.2,0,59.9,55.3,0,0,1,55,55,4,0,0,0,0,0,0,0,101.2,11,190,1,38,38,19,37,19,38,37,37,38,-851583,8,4.863,0.015,13.545,38,0,16,0,0,35,1,1,0,0,0,1,0,0,0
20:53:22.525,2514.2,73.1,291,210.6,85.1,0,59.9,55.2,0,0,1,54,55,4,0,0,0,0,0,0,0,98,11,190,1,38,38,19,37,19,38,37,37,38,-851583,8,4.863,0.015,13.552,38,0,16,0,0,35,1,1,0,0,0,1,0,0,0
20:53:22.625,2532,49,308,82.6,47.5,0,59.9,55,0,0,1,54,55,4,0,0,0,0,0,0,0,46.7,11,190,1,38,38,19,37,19,38,37,37,38,-851583,8,4.863,0.015,13.545,37,0,16,0,0,35,1,1,0,0,0,1,0,0,0
20:53:22.725,2503.4,54,316,34.2,16.3,0,59.9,55,0,0,1,54,55,4,0,0,0,0,0,0,0,14.1,11,190,1,38,38,19,37,19,38,37,37,38,-851583,8,4.863,0.015,13.538,38,0,16,0,0,35,1,1,0,0,0,1,0,0,0
20:53:22.825,2598.9,88.2,284,311.2,74.7,0,59.9,55.3,0,0,1,54,55,5,0,0,0,0,0,0,0,130.7,11,190,1,38,38,19,37,19,38,37,37,38,-851583,8,4.863,0.015,13.538,38,0,16,0,0,35,1,1,0,0,0,1,0,0,0
20:53:22.925,2665.6,74.2,292,194.3,78.7,0,59.9,55.2,0,0,1,54,55,4,0,0,0,0,0,0,0,98.7,11,190,1,38,38,19,37,19,38,38,37,38,-851583,8,4.863,0.015,13.545,38,0,16,0,0,35,1,1,0,0,0,1,0,0,0
20:53:23.025,2698.2,75.8,295,178.8,77.5,0,59.9,55.3,0,0,1,54,55,4,0,0,0,0,0,0,0,91.2,11,190,1,38,38,19,37,19,38,37,37,38,-851583,8,4.863,0.015,13.538,38,0,16,0,0,35,1,1,0,0,0,1,0,0,0
20:53:23.125,2738.2,83.5,288,229.6,86.7,0,59.9,55.4,0,0,1,54,55,4,0,0,0,0,0,0,0,107.4,11,190,1,38,38,19,37,19,38,37,37,38,-851583,8,4.863,0.015,13.531,38,0,16,0,0,35,1,1,0,0,0,1,0,0,0
20:53:23.225,2813,85.7,284,256,101.2,0,59.9,55.4,0,0,1,54,55,4,0,0,0,0,0,0,0,127.5,11,190,1,38,38,19,37,19,38,37,37,38,-851583,8,4.863,0.015,13.524,38,0,16,0,0,35,1,1,0,0,0,1,0,0,0
20:53:23.325,2885.7,89,280,254.9,108.3,0,59.9,55.4,0,0,1,55,55,4,0,0,0,0,0,0,0,126.9,11,190,1,38,38,19,38,19,38,37,37,38,-851583,8,4.863,0.015,13.538,38,0,16,0,0,35,1,1,0,0,0,1,0,0,0
20:53:23.425,2935.2,89.6,280,252.6,111,0,59.9,55.4,0,0,1,54,54,5,0,0,0,0,0,0,0,128.4,11,190,1,38,38,19,38,19,38,37,37,38,-851583,8,4.863,0.015,13.524,38,0,16,0,0,35,1,1,0,0,0,1,0,0,0
20:53:23.525,2988.3,90.8,280,247.4,107.7,0,59.9,55.5,0,0,1,54,56,5,0,0,0,0,0,0,0,130.7,11,190,1,38,38,19,38,19,38,37,37,38,-851583,8,4.863,0.015,13.504,38,0,16,0,0,35,1,1,0,0,0,1,0,0,0
20:53:23.625,3030.1,90.6,282,228.3,90.1,0,59.9,55.4,0,0,1,54,55,5,0,0,0,0,0,0,0,124.3,11,190,1,38,38,19,37,19,38,38,37,38,-851583,8,4.863,0.015,13.538,38,0,16,0,0,35,1,1,0,0,0,1,0,0,0
20:53:23.725,3080.8,93.4,285,231.1,93.8,0,59.9,55.4,0,0,1,55,55,5,0,0,0,0,0,0,0,123.9,11,190,1,38,38,19,37,19,38,38,37,38,-851583,8,4.863,0.015,13.552,38,0,16,0,0,35,1,1,0,0,0,1,0,0,0
20:53:23.825,3208.1,95,286,173.3,82.1,0,59.9,55.5,0,0,1,54,54,5,0,0,0,0,0,0,0,107.2,11,190,1,38,38,19,38,19,38,38,37,38,-851583,8,4.863,0.015,13.511,38,0,16,0,0,35,1,1,0,0,0,1,0,0,0
20:53:23.925,3224.3,95,283,211.1,77.1,0,60.1,55.5,0,0,1,54,55,5,0,0,0,0,0,0,0,116.4,11,190,1,38,38,19,38,19,38,38,37,38,-851583,8,4.863,0.015,13.552,38,0,16,0,0,35,1,1,0,0,0,1,0,0,0
20:53:24.025,3170.2,94.9,288,199,79.9,0,60.5,55.6,0,0,1,54,55,5,0,0,0,0,0,0,0,110.8,11,190,1,38,38,19,19,19,38,38,37,38,-851583,8,4.863,0.015,13.552,38,0,16,0,0,51,1,1,0,0,1,1,0,0,0
20:53:24.125,3216.5,94.9,289,178.8,82.1,0,60.9,55.6,0,0,1,54,55,4,0,0,0,0,0,0,0,95.9,11,190,1,38,38,19,37,19,38,37,37,38,-851583,8,4.863,0.015,13.559,38,0,16,0,0,51,1,1,0,0,1,1,0,0,0
20:53:24.225,3256.9,94.9,286,193.6,78.6,0,60.9,55.7,0,0,1,54,55,4,0,0,0,0,0,0,0,103.4,11,190,1,38,38,19,38,19,38,37,37,38,-851583,8,4.863,0.015,13.579,38,0,16,0,0,51,1,1,0,0,1,1,0,0,0
20:53:24.325,3289.5,94.9,290,181,73.6,0,60.9,55.5,0,0,1,55,55,4,0,0,0,0,0,0,0,100.2,11,190,1,38,38,19,38,19,38,38,37,38,-851583,8,4.863,0.015,13.559,38,0,16,0,0,51,1,1,0,0,1,1,0,0,0
20:53:24.425,3326,94.9,290,168,70,0,60.9,55.8,0,0,1,54,55,4,0,0,0,0,0,0,0,100,11,190,1,38,38,19,37,19,38,37,37,38,-851583,8,4.863,0.015,13.572,38,0,16,0,0,51,1,1,0,0,1,1,0,0,0
20:53:24.525,3301.5,60.7,318,0,0,0,60.9,55.9,0,0,1,52,55,4,0,0,0,0,0,0,0,0.1,11,190,1,38,38,19,37,19,38,37,37,38,-851583,8,4.863,0.015,13.579,38,0,16,0,0,51,1,1,0,0,1,1,0,0,0
20:53:24.625,3220.4,63.5,318,0,0,0,60.9,56,0,0,1,54,56,4,0,0,0,0,0,0,0,0,11,190,1,38,38,19,38,19,38,37,37,38,-851583,8,4.863,0.015,13.627,38,0,16,0,0,51,1,1,0,0,1,1,0,0,0
20:53:24.725,3127.4,62.1,319,0,0,0,60.9,56,0,0,1,52,55,4,0,0,0,0,0,0,0,0,11,190,1,38,38,19,37,19,38,38,37,38,-851583,8,4.863,0.015,13.634,38,0,16,0,0,51,1,1,0,0,1,1,0,0,0
20:53:24.825,3108.5,61.5,319,0,0,0,60.9,56.1,0,0,1,55,55,4,0,0,0,0,0,0,0,0,11,190,1,38,38,19,38,19,38,37,37,38,-851583,8,4.863,0.015,13.62,38,0,16,0,0,51,1,1,0,0,1,1,0,0,0
20:53:24.925,3075.7,58.8,319,0,0,0,60.9,56,0,0,1,54,55,4,0,0,0,0,0,0,0,0,11,190,1,38,38,19,38,19,38,38,37,38,-851583,8,4.863,0.015,13.606,38,0,16,0,0,51,1,1,0,0,1,1,0,0,0
20:53:25.025,3006,58.1,320,0,0,0,60.9,56.4,0,0,1,54,55,4,0,0,0,0,0,0,0,0,12,190,1,38,38,19,37,19,38,38,37,38,-851583,8,4.863,0.015,13.613,38,0,16,0,0,51,1,1,0,0,1,1,0,0,0
20:53:25.125,2953.8,56.8,321,0,0,0,60.9,56.2,0,0,1,54,55,4,0,0,0,0,0,0,0,0,12,190,1,38,38,19,37,19,38,37,37,38,-851583,8,4.863,0.015,13.6,38,0,16,0,0,51,1,1,0,0,1,1,0,0,0
20:53:25.225,2848.8,55.9,320,0,0,0,60.9,56.4,0,0,1,52,55,4,0,0,0,0,0,0,0,0,12,190,1,38,38,19,37,19,38,38,37,38,-851583,8,4.863,0.015,13.606,38,0,16,0,0,51,1,1,0,0,1,1,0,0,0
20:53:25.325,2747.3,53.8,320,0,0,0,60.1,56.3,0,0,1,56,55,4,0,0,0,0,0,0,0,0,12,190,1,38,38,19,37,19,38,38,37,38,-851583,8,4.863,0.015,13.606,38,0,16,0,0,51,1,1,0,0,1,1,0,0,0
20:53:25.425,2752.4,53.9,323,0,0,0,60,56.4,0,0,1,55,55,4,0,0,0,0,0,0,0,0,12,190,1,38,38,19,38,19,38,38,37,38,-851583,8,4.863,0.015,13.634,38,0,16,0,0,51,1,1,0,0,1,1,0,0,0
20:53:25.525,2661.9,51.5,319,0,0,0,60,56.5,0,0,1,56,56,4,0,0,0,0,0,0,0,0,12,190,1,38,38,19,37,19,38,38,37,38,-851583,8,4.863,0.015,13.613,38,0,16,0,0,51,1,1,0,0,1,1,0,0,0
20:53:25.625,2566.8,49.2,320,0,0,0,60,56.3,0,0,1,55,55,4,0,0,0,0,0,0,0,0,12,190,1,38,38,19,38,19,38,37,37,38,-851583,8,4.863,0.015,13.62,38,0,16,0,0,51,1,1,0,0,1,1,0,0,0
20:53:25.725,2560.1,42,323,0,0,0,60,56.2,0,0,1,55,56,4,0,0,0,0,0,0,0,0,12,190,1,38,38,19,38,19,38,37,37,38,-851583,8,4.863,0.015,13.627,38,0,16,0,0,51,1,1,0,0,1,1,0,0,0
20:53:25.825,2490.2,48.3,320,0,0,0,60,56.4,0,0,1,55,56,4,0,0,0,0,0,0,0,0,12,190,1,38,38,19,37,19,38,37,37,38,-851583,8,4.863,0.015,13.634,38,0,16,0,0,51,1,1,0,0,1,1,0,0,0
20:53:25.925,2430.1,46.5,322,0,0,0,60,56.4,0,0,1,54,55,4,0,0,0,0,0,0,0,0,12,190,1,38,38,19,38,19,38,37,37,38,-851583,8,4.863,0.015,13.641,38,0,16,0,0,51,1,1,0,0,1,1,0,0,0
20:53:26.025,2353.1,45.9,322,0,0,0,60,56.5,0,0,1,55,56,4,0,0,0,0,0,0,0,0,12,190,1,38,38,19,38,19,38,37,37,38,-851583,8,4.863,0.015,13.668,38,0,16,0,0,51,1,1,0,0,1,1,0,0,0
20:53:26.125,2313,43.7,321,0,0,0,60,56.4,0,0,1,55,56,4,0,0,0,0,0,0,0,0,12,190,1,38,38,19,38,19,38,38,37,38,-851583,8,4.863,0.015,13.661,38,0,16,0,0,51,1,1,0,0,1,1,0,0,0
20:53:26.225,2260.9,43.5,320,0,0,0,60,56.3,0,0,1,54,55,4,0,0,0,0,0,0,0,0,12,190,1,38,38,19,38,19,38,38,37,38,-851583,8,4.863,0.015,13.647,38,0,16,0,0,51,1,1,0,0,1,1,0,0,0
20:53:26.325,2188.6,45.9,320,6,0.9,0,60,56,0,0,1,55,56,4,0,0,0,0,0,0,0,1.3,12,190,1,38,38,19,38,19,38,37,37,38,-851583,8,4.863,0.015,13.62,38,0,16,0,0,51,1,1,0,0,1,1,0,0,0
20:53:26.425,2204.1,53.7,316,42.9,14.9,0,60,56,0,0,1,55,55,4,0,0,0,0,0,0,0,16.6,12,190,1,38,38,19,38,19,38,37,37,38,-851583,8,4.863,0.015,13.62,38,0,16,0,0,51,1,1,0,0,1,1,0,0,0
20:53:26.525,2180.8,52,313,66.4,25.1,0,59,56,0,0,1,55,55,4,0,0,0,0,0,0,0,25.5,12,190,1,38,38,19,38,19,38,37,37,38,-851583,8,4.863,0.015,13.62,38,0,16,0,0,35,1,1,0,0,0,1,0,0,0
20:53:26.625,2172.2,49.6,316,35.6,12.6,0,59,56,0,0,1,54,56,4,0,0,0,0,0,0,0,11.9,12,190,1,38,38,19,38,19,38,37,37,38,-851583,8,4.863,0.015,13.641,38,0,16,0,0,35,1,1,0,0,0,1,0,0,0
20:53:26.725,2152.8,50.1,316,39.2,14.9,0,59,56,0,0,1,52,55,4,0,0,0,0,0,0,0,14.9,12,190,1,38,38,19,38,19,38,37,37,38,-851583,8,4.863,0.015,13.613,38,0,16,0,0,35,1,1,0,0,0,1,0,0,0
20:53:26.825,2140.2,49.8,317,34.9,14.3,0,59,56,0,0,1,52,55,4,0,0,0,0,0,0,0,17.5,12,190,1,38,38,19,38,19,38,38,37,38,-851583,8,4.863,0.015,13.613,38,0,16,0,0,35,1,1,0,0,0,1,0,0,0
20:53:26.925,2109.6,45.6,318,17.2,6.9,0,59,56,0,0,1,54,55,4,0,0,0,0,0,0,0,5.6,12,190,1,38,38,19,38,19,38,38,37,38,-851583,8,4.863,0.015,13.634,38,0,16,0,0,35,1,1,0,0,0,1,0,0,0
20:53:27.025,2084.9,40.9,322,0,0,0,59,56.3,0,0,1,54,55,4,0,0,0,0,0,0,0,0,12,190,1,38,38,19,37,19,38,37,37,38,-851583,8,4.858,0.015,13.668,38,0,16,0,0,35,1,1,0,0,0,1,0,0,0
20:53:27.125,2070.9,39.9,322,0,0,0,59,56.2,0,0,1,54,55,4,0,0,0,0,0,0,0,0,12,190,1,38,38,19,38,19,38,38,37,38,-851583,8,4.863,0.015,13.675,38,0,16,0,0,35,1,1,0,0,0,1,0,0,0
20:53:27.225,2029.4,39.4,321,0,0,0,59,56.3,0,0,1,52,55,4,0,0,0,0,0,0,0,0,12,190,1,38,38,19,38,19,38,37,37,38,-851583,8,4.863,0.015,13.675,38,0,16,0,0,35,1,1,0,0,0,1,0,0,0
20:53:27.325,1985.3,38,322,0,0,0,59,56.2,0,0,1,54,55,4,0,0,0,0,0,0,0,0,12,190,1,38,38,19,38,19,38,37,37,38,-851583,8,4.863,0.015,13.668,38,0,16,0,0,35,1,1,0,0,0,1,0,0,0
20:53:27.425,1948.7,37.7,321,0,0,0,59,56.1,0,0,1,52,55,3,0,0,0,0,0,0,0,0,12,190,1,38,38,19,38,19,38,38,37,38,-851583,8,4.863,0.015,13.647,38,0,16,0,0,35,1,1,0,0,0,1,0,0,0
20:53:27.525,1879.9,35.8,322,0,0,0,59,56.1,0,0,1,52,55,3,0,0,0,0,0,0,0,0,12,190,1,38,38,19,38,19,38,38,37,38,-851583,8,4.863,0.015,13.634,38,0,16,0,0,35,1,1,0,0,0,1,0,0,0
20:53:27.625,1827.3,35.1,322,0,0,0,59,56.2,0,0,1,52,56,3,0,0,0,0,0,0,0,0,12,190,1,38,38,19,38,19,38,37,37,38,-851583,8,4.863,0.015,13.641,38,0,16,0,0,35,1,1,0,0,0,1,0,0,0
20:53:27.725,1769.1,33.1,322,0,0,0,59,56,0,0,1,52,55,3,0,0,0,0,0,0,0,0,12,190,1,38,38,19,38,19,38,38,37,38,-851583,8,4.863,0.015,13.62,38,0,16,0,0,35,1,1,0,0,0,1,0,0,0
20:53:27.825,1695.8,33.4,321,0,0,0,59,56,0,0,1,52,56,3,0,0,0,0,0,0,0,-0.7,12,190,1,38,38,19,38,19,38,38,37,38,-851583,8,4.863,0.015,13.634,38,0,16,0,0,35,1,1,0,0,0,1,0,0,0
20:53:27.925,1680.6,44.9,316,58.9,19,0,59,56,0,0,1,52,55,3,0,0,0,0,0,0,0,18.3,12,190,1,38,38,19,38,19,38,37,37,38,-851583,8,4.863,0.015,13.545,38,0,16,0,0,35,1,1,0,0,0,1,0,0,0
20:53:28.025,1784.1,51.6,305,177.3,56.6,0,59,56,0,0,1,54,56,3,0,0,0,0,0,0,0,57.4,12,190,1,38,38,19,37,19,38,38,37,38,-851583,8,4.863,0.015,13.565,38,0,16,0,0,35,1,1,0,0,0,1,0,0,0
20:53:28.125,1759.8,46.7,307,150.9,50.1,0,59,56,0,0,1,52,55,3,0,0,0,0,0,0,0,47.8,12,190,1,38,38,19,37,19,38,37,37,38,-851583,8,4.863,0.015,13.565,38,0,16,0,0,35,1,1,0,0,0,1,0,0,0
20:53:28.225,1763.3,49.5,306,165.8,48.7,0,59,56,0,0,1,54,55,3,0,0,0,0,0,0,0,56.4,12,190,1,38,38,19,38,19,38,38,37,38,-851583,8,4.863,0.015,13.579,38,0,16,0,0,35,1,1,0,0,0,1,0,0,0
20:53:28.325,1730.7,43.8,310,108.9,38.8,0,59,56,0,0,1,52,55,4,0,0,0,0,0,0,0,36.9,12,190,1,38,38,19,38,19,38,37,37,38,-851583,8,4.863,0.015,13.572,38,0,16,0,0,35,1,1,0,0,0,1,0,0,0
20:53:28.425,1699.2,39.1,314,66.3,24.5,0,59,56,0,0,1,52,55,4,0,0,0,0,0,0,0,19.4,12,190,1,38,38,19,37,19,38,38,37,38,-851583,8,4.863,0.015,13.6,38,0,16,0,0,35,1,1,0,0,0,1,0,0,0
20:53:28.525,1654.9,37.3,318,25.9,9,0,59,56,0,0,1,52,54,4,0,0,0,0,0,0,0,7.7,12,190,1,38,38,19,38,19,38,38,37,38,-851583,8,4.863,0.015,13.647,38,0,16,0,0,35,1,1,0,0,0,1,0,0,0
20:53:28.625,1619.8,38.2,318,36.6,11.9,0,59,56,0,0,1,52,55,4,0,0,0,0,0,0,0,10,12,190,1,38,38,19,37,19,38,38,37,38,-851583,8,4.863,0.015,13.613,38,0,16,0,0,35,1,1,0,0,0,1,0,0,0
20:53:28.725,1603.7,38.5,319,31.7,9,0,59,56,0,0,1,52,55,3,0,0,0,0,0,0,0,8.7,12,190,1,38,38,19,37,19,38,37,37,38,-851583,8,4.863,0.015,13.613,38,0,16,0,0,35,1,1,0,0,0,1,0,0,0
20:53:28.825,1592.2,38.9,318,38.9,11.3,0,59,56,0,0,1,51,55,3,0,0,0,0,0,0,0,13,12,190,1,38,38,19,37,19,38,37,37,38,-851583,8,4.863,0.015,13.572,38,0,16,0,0,35,1,1,0,0,0,1,0,0,0
20:53:28.925,1561,38.9,316,68.3,20.7,0,59,56,0,0,1,52,55,3,0,0,0,0,0,0,0,19.2,12,190,1,38,38,19,37,19,38,37,37,38,-851583,8,4.863,0.015,13.593,38,0,16,0,0,35,1,1,0,0,0,1,0,0,0
20:53:29.025,1572.4,42.2,315,77.5,23.3,0,59,56,0,0,1,51,55,3,0,0,0,0,0,0,0,22.9,12,190,1,38,38,19,38,19,38,38,37,38,-851583,8,4.863,0.015,13.6,38,0,16,0,0,35,1,1,0,0,0,1,0,0,0
20:53:29.125,1639.6,44.6,310,119.8,37.3,0,59,56,0,0,1,54,55,4,0,0,0,0,0,0,0,35.8,12,190,1,38,38,19,38,19,38,38,37,38,-851583,8,4.863,0.015,13.62,38,0,16,0,0,35,1,1,0,0,0,1,0,0,0
20:53:29.225,1618.7,41.6,312,123.9,38.1,0,58.2,56,0,0,1,52,56,4,0,0,0,0,0,0,0,36.1,12,190,1,38,38,19,38,19,38,38,37,38,-851583,8,4.863,0.015,13.62,38,0,16,0,0,35,1,1,0,0,0,1,0,0,0
20:53:29.325,1623.5,43,312,108.4,33.4,0,58,56,0,0,1,56,56,3,0,0,0,0,0,0,0,32,12,190,1,38,38,19,38,19,38,38,37,38,-851583,8,4.863,0.015,13.6,38,0,16,0,0,35,1,1,0,0,0,1,0,0,0
20:53:29.425,1597.9,41.6,312,112.9,33.8,0,58,56,0,0,1,55,56,3,0,0,0,0,0,0,0,34.1,12,190,1,38,38,19,38,19,38,38,37,38,-851583,8,4.863,0.015,13.613,38,0,16,0,0,35,1,1,0,0,0,1,0,0,0
20:53:29.525,1605.6,42.2,310,124.7,40.4,0,58,56,0,0,1,55,55,4,0,0,0,0,0,0,0,37.1,12,190,1,38,38,19,38,19,38,38,37,38,-851583,8,4.863,0.015,13.634,38,0,16,0,0,35,1,1,0,0,0,1,0,0,0
20:53:29.625,1614.3,43.6,310,132.4,35.7,0,58,56,0,0,1,55,56,4,0,0,0,0,0,0,0,37.6,12,190,1,38,38,19,37,19,38,37,37,38,-851583,8,4.863,0.015,13.613,38,0,16,0,0,35,1,1,0,0,0,1,0,0,0
20:53:29.725,1626.6,44.5,309,141.6,45.5,0,58,55.9,0,0,1,54,56,4,0,0,0,0,0,0,0,42.5,12,190,1,38,38,19,37,19,38,37,37,38,-851583,8,4.863,0.015,13.62,38,0,16,0,0,35,1,1,0,0,0,1,0,0,0
20:53:29.825,1655.6,46,307,143,44.9,0,58,55.9,0,0,1,55,56,4,0,0,0,0,0,0,0,42.3,12,190,1,38,38,19,38,19,38,38,37,38,-851583,8,4.863,0.015,13.613,38,0,16,0,0,35,1,1,0,0,0,1,0,0,0
20:53:29.925,1687.2,48.1,308,156.3,52.2,0,58,55.9,0,0,1,55,56,3,0,0,0,0,0,0,0,50,12,190,1,38,38,19,38,19,38,38,37,38,-851583,8,4.863,0.015,13.586,38,0,16,0,0,35,1,1,0,0,0,1,0,0,0
20:53:30.025,1711.1,48.4,307,145.4,50.2,0,58,55.9,0,0,1,54,55,3,0,0,0,0,0,0,0,51.2,12,190,1,38,38,19,19,19,38,37,37,38,-851583,8,4.863,0.015,13.579,38,0,16,0,0,35,1,1,0,0,0,1,0,0,0
20:53:30.125,1686.3,46.4,307,153.4,47.5,0,58,55.9,0,0,1,54,55,3,0,0,0,0,0,0,0,48.5,12,190,1,38,38,19,37,19,38,37,37,38,-851583,8,4.863,0.015,13.593,38,0,16,0,0,35,1,1,0,0,0,1,0,0,0
20:53:30.225,1710.5,48.2,306,161.2,52.5,0,58,55.9,0,0,1,52,55,4,0,0,0,0,0,0,0,50,12,190,1,38,38,19,38,19,38,38,37,38,-851583,8,4.863,0.015,13.613,38,0,16,0,0,35,1,1,0,0,0,1,0,0,0
20:53:30.325,1751,49.2,307,159.2,55.3,0,58,55.9,0,0,1,52,55,4,0,0,0,0,0,0,0,51.4,12,190,1,38,38,19,38,19,38,37,37,38,-851583,8,4.863,0.015,13.641,38,0,16,0,0,35,1,1,0,0,0,1,0,0,0
20:53:30.425,1797.4,50.3,307,155.9,55.1,0,58,55.9,0,0,1,54,55,4,0,0,0,0,0,0,0,51.9,12,190,1,38,38,19,37,19,38,38,37,38,-851583,8,4.863,0.015,13.647,38,0,16,0,0,35,1,1,0,0,0,1,0,0,0
20:53:30.525,1838.6,51.3,304,160.2,55.1,0,58,55.9,0,0,1,52,55,3,0,0,0,0,0,0,0,55.3,12,190,1,38,38,19,38,19,38,38,37,38,-851583,8,4.863,0.015,13.641,38,0,16,0,0,35,1,1,0,0,0,1,0,0,0
20:53:30.625,1886.2,53.5,303,172.9,58.7,0,58.1,55.9,0,0,1,52,55,3,0,0,0,0,0,0,0,57.2,12,190,1,38,38,19,38,19,38,37,37,38,-851583,8,4.863,0.015,13.634,38,0,16,0,0,35,1,1,0,0,0,1,0,0,0
20:53:30.725,1925.4,54.1,305,160.4,53,0,58.1,55.8,0,0,1,54,55,3,0,0,0,0,0,0,0,55.7,12,190,1,38,38,19,38,19,38,38,37,38,-851583,8,4.863,0.015,13.654,38,0,16,0,0,35,1,1,0,0,0,1,0,0,0
20:53:30.825,1972.5,55.2,303,174.9,59.8,0,58.6,55.9,0,0,1,52,55,3,0,0,0,0,0,0,0,62.1,12,190,1,38,38,19,38,19,38,38,37,38,-851583,8,4.863,0.015,13.647,38,0,16,0,0,35,1,1,0,0,0,1,0,0,0
20:53:30.925,2008,57,302,178.5,65,0,58.9,55.8,0,0,1,54,56,3,0,0,0,0,0,0,0,66.6,12,190,1,38,38,19,38,19,38,38,37,38,-851583,8,4.863,0.015,13.634,38,0,16,0,0,35,1,1,0,0,0,1,0,0,0
20:53:31.025,2042,57.4,302,168.4,63.3,0,58.9,55.8,0,0,1,52,55,3,0,0,0,0,0,0,0,69,12,190,1,38,38,19,38,19,38,38,37,38,-851583,8,4.863,0.015,13.647,38,0,16,0,0,35,1,1,0,0,0,1,0,0,0
20:53:31.125,2090.2,58.7,303,166.8,59.1,0,58.9,55.7,0,0,1,54,55,3,0,0,0,0,0,0,0,64.7,11,190,1,38,38,19,38,19,38,37,37,38,-851583,8,4.863,0.015,13.634,38,0,16,0,0,35,1,1,0,0,0,1,0,0,0
20:53:31.225,2142.2,59.6,303,166.7,66.4,0,58.9,55.7,0,0,1,52,55,3,0,0,0,0,0,0,0,71.1,11,190,1,38,38,19,38,19,38,37,37,38,-851583,8,4.863,0.015,13.627,38,0,16,0,0,35,1,1,0,0,0,1,0,0,0
20:53:31.325,2177.7,60.5,301,173.1,60.6,0,58.9,55.8,0,0,1,54,56,3,0,0,0,0,0,0,0,69.6,11,190,1,38,38,19,38,19,38,37,37,38,-851583,8,4.863,0.015,13.627,38,0,16,0,0,35,1,1,0,0,0,1,0,0,0
20:53:31.425,2214.6,61.6,301,174.2,66.2,0,58.9,55.9,0,0,1,51,55,3,0,0,0,0,0,0,0,67.9,11,190,1,38,38,19,38,19,38,38,37,38,-851583,8,4.863,0.015,13.593,38,0,16,0,0,35,1,1,0,0,0,1,0,0,0
20:53:31.525,2254.9,62.5,299,174.1,66.5,0,58.9,55.9,0,0,1,52,55,3,0,0,0,0,0,0,0,72,11,190,1,38,38,19,38,19,38,37,37,38,-851583,8,4.863,0.015,13.6,38,0,16,0,0,35,1,1,0,0,0,1,0,0,0
20:53:31.625,2301.6,64.1,301,155.7,62,0,58.9,55.9,0,0,1,54,55,4,0,0,0,0,0,0,0,74.5,11,190,1,38,38,19,38,19,38,38,37,38,-851583,8,4.863,0.015,13.654,38,0,16,0,0,35,1,1,0,0,0,1,0,0,0
20:53:31.725,2340.7,62.2,301,145.2,63.2,0,58.9,55.9,0,0,1,54,55,3,0,0,0,0,0,0,0,64.3,11,190,1,38,38,19,38,19,38,38,37,38,-851583,8,4.863,0.015,13.654,38,0,16,0,0,35,1,1,0,0,0,1,0,0,0
20:53:31.825,2367.4,59.9,304,121.1,48.5,0,58.9,55.9,0,0,1,52,55,3,0,0,0,0,0,0,0,49.1,11,190,1,38,38,19,37,19,38,37,37,38,-851583,8,4.863,0.015,13.613,38,0,16,0,0,35,1,1,0,0,0,1,0,0,0
20:53:31.925,2397.5,65,303,137.6,56.7,0,58.9,55.9,0,0,1,52,55,3,0,0,0,0,0,0,0,59.1,11,190,1,38,38,19,38,19,38,38,37,38,-851583,8,4.863,0.015,13.641,38,0,16,0,0,35,1,1,0,0,0,1,0,0,0
20:53:32.025,2440.2,64.8,302,132.4,52.5,0,58.9,55.9,0,0,1,54,55,3,0,0,0,0,0,0,0,61.7,11,190,1,38,38,19,38,19,38,37,37,38,-851583,8,4.863,0.015,13.627,38,0,16,0,0,35,1,1,0,0,0,1,0,0,0
20:53:32.125,2470.5,65.1,304,126.9,55.9,0,58.9,55.9,0,0,1,52,55,3,0,0,0,0,0,0,0,56.6,11,190,1,38,38,19,38,19,38,38,37,38,-851583,8,4.863,0.015,13.634,38,0,16,0,0,35,1,1,0,0,0,1,0,0,0
20:53:32.225,2505.6,66.2,301,146.1,61.8,0,58.9,55.9,0,0,1,52,55,3,0,0,0,0,0,0,0,62.6,11,190,1,38,38,19,38,19,38,37,37,38,-851583,8,4.863,0.015,13.634,38,0,16,0,0,35,1,1,0,0,0,1,0,0,0
20:53:32.325,2537.4,67.5,300,139.6,59,0,58.9,55.9,0,0,1,52,55,3,0,0,0,0,0,0,0,66.4,11,190,1,38,38,19,38,19,38,38,37,38,-851583,8,4.863,0.015,13.661,38,0,16,0,0,35,1,1,0,0,0,1,0,0,0
20:53:32.425,2554,58.9,305,106.1,51,0,58.9,55.9,0,0,1,52,56,3,0,0,0,0,0,0,0,46.3,11,190,1,38,38,19,38,19,38,38,37,38,-851583,8,4.863,0.015,13.641,38,0,16,0,0,35,1,1,0,0,0,1,0,0,0
20:53:32.525,2562.4,63.9,308,84.7,33.8,0,58.9,55.9,0,0,1,52,54,3,0,0,0,0,0,0,0,37.3,11,190,1,38,38,19,38,19,38,37,37,38,-851583,8,4.863,0.015,13.641,38,0,16,0,0,35,1,1,0,0,0,1,0,0,0
20:53:32.625,2592.5,71.7,299,155.9,62.2,0,58.9,55.9,0,0,1,52,55,3,0,0,0,0,0,0,0,66,12,190,1,38,38,19,38,19,38,38,37,38,-851583,8,4.863,0.015,13.675,38,0,16,0,0,35,1,1,0,0,0,1,0,0,0
20:53:32.725,2631.3,65.8,302,130.5,60.8,0,58.9,55.9,0,0,1,54,55,3,0,0,0,0,0,0,0,63.4,12,190,1,38,38,19,38,19,38,37,37,38,-851583,8,4.863,0.015,13.641,38,0,16,0,0,35,1,1,0,0,0,1,0,0,0
20:53:32.825,2628,56.7,309,75.5,42.1,0,58.9,55.9,0,0,1,54,55,3,0,0,0,0,0,0,0,42.9,12,190,1,38,38,19,38,19,38,37,37,38,-851583,8,4.863,0.015,13.627,38,0,16,0,0,35,1,1,0,0,0,1,0,0,0
20:53:32.925,2552.3,51,319,0,0,0,58.9,56,0,0,1,52,55,3,0,0,0,0,0,0,0,0,12,190,1,38,38,19,38,19,38,38,37,38,-851583,8,4.863,0.015,13.682,38,0,16,0,0,35,1,1,0,0,0,1,0,0,0
20:53:33.025,2566.1,49.9,319,0,0,0,58.9,56.1,0,0,1,52,55,3,0,0,0,0,0,0,0,0,12,190,1,38,38,19,38,19,38,38,37,38,-851583,8,4.863,0.015,13.709,38,0,16,0,0,35,1,1,0,0,0,1,0,0,0
20:53:33.125,2528,48.6,320,0,0,0,58.9,56,0,0,1,57,55,3,0,0,0,0,0,0,0,0,12,190,1,38,38,19,38,19,38,38,37,38,-851583,8,4.863,0.015,13.695,38,0,16,0,0,35,1,1,0,0,0,1,0,0,0
20:53:33.225,2497.6,50.3,319,0.6,0,0,58.9,56,0,0,1,55,55,3,0,0,0,0,0,0,0,0.6,12,190,1,38,38,19,38,19,38,38,37,38,-851583,8,4.863,0.015,13.647,38,0,16,0,0,35,1,1,0,0,0,1,0,0,0
20:53:33.325,2450.6,52.4,319,12,3.5,0,58.9,56,0,0,1,55,56,3,0,0,0,0,0,0,0,3.3,12,190,1,38,38,19,38,19,38,38,37,38,-851583,8,4.863,0.015,13.661,38,0,16,0,0,35,1,1,0,0,0,1,0,0,0
20:53:33.425,2390,50.9,319,11.7,4.7,0,58.9,56,0,0,1,55,56,3,0,0,0,0,0,0,0,4.1,12,190,1,38,38,19,38,19,38,37,37,38,-851583,8,4.863,0.015,13.668,38,0,16,0,0,35,1,1,0,0,0,1,0,0,0
20:53:33.525,2311.8,49.5,319,11.7,1.8,0,58.9,56,0,0,1,55,57,3,0,0,0,0,0,0,0,4,12,190,1,38,38,19,38,19,38,38,37,38,-851583,8,4.863,0.015,13.654,38,0,16,0,0,35,1,1,0,0,0,1,0,0,0
20:53:33.625,2268.4,52.1,318,22.6,8.8,0,58.9,56,0,0,1,55,55,3,0,0,0,0,0,0,0,7.5,12,190,1,38,38,19,38,19,38,37,37,38,-851583,8,4.863,0.015,13.661,38,0,16,0,0,35,1,1,0,0,0,1,0,0,0
20:53:33.725,2256.9,55.8,312,68,23,0,58.2,56,0,0,1,55,56,3,0,0,0,0,0,0,0,26.6,12,190,1,38,38,19,38,19,38,38,37,38,-851583,8,4.863,0.015,13.634,38,0,16,0,0,35,1,1,0,0,0,1,0,0,0
20:53:33.825,2209.2,51.7,313,67.7,28.7,0,58,56,0,0,1,55,55,3,0,0,0,0,0,0,0,28.8,12,190,1,38,38,19,38,19,38,38,37,38,-851583,8,4.863,0.015,13.613,38,0,16,0,0,35,1,1,0,0,0,1,0,0,0
20:53:33.925,2152,50.1,313,56.7,22.3,0,58,56,0,0,1,55,56,3,0,0,0,0,0,0,0,22.1,12,190,1,38,38,19,38,19,38,38,37,38,-851583,8,4.863,0.015,13.606,38,0,16,0,0,35,1,1,0,0,0,1,0,0,0
20:53:34.025,2106.4,52.2,311,86.5,34.3,0,58,56,0,0,1,55,56,3,0,0,0,0,0,0,0,30.5,12,190,1,38,38,19,37,19,38,38,37,38,-851583,8,4.863,0.015,13.579,38,0,16,0,0,35,1,1,0,0,0,1,0,0,0
20:53:34.125,2057.2,48.2,312,76.2,29.5,0,58,56,0,0,1,54,56,3,0,0,0,0,0,0,0,28.1,12,190,1,38,38,19,37,19,38,38,37,38,-851583,8,4.863,0.015,13.579,38,0,16,0,0,35,1,1,0,0,0,1,0,0,0
20:53:34.225,1996.5,43.7,316,35.9,13.6,0,58,56,0,0,1,52,55,3,0,0,0,0,0,0,0,16.2,12,190,1,38,38,19,38,19,38,37,37,38,-851583,8,4.863,0.015,13.586,38,0,16,0,0,35,1,1,0,0,0,1,0,0,0
20:53:34.325,1810.2,32.3,321,0,0,0,58,56,0,0,1,54,55,3,0,0,0,0,0,0,0,0,12,190,1,38,38,19,38,19,38,38,37,38,-851583,8,4.863,0.015,13.606,38,0,16,0,0,35,1,1,0,0,0,1,0,0,0
20:53:34.425,1696.6,32.5,321,0,0,0,58,56,0,0,1,52,55,3,0,0,0,0,0,0,0,0,12,190,1,38,38,19,38,19,38,37,37,38,-851583,8,4.863,0.015,13.62,38,0,16,0,0,35,1,1,0,0,0,1,0,0,0
20:53:34.525,1659.7,30,321,0,0,0,58,56,0,0,1,54,56,3,0,0,0,0,0,0,0,0,12,190,1,38,38,19,38,19,38,38,37,38,-851583,8,4.863,0.015,13.586,38,0,16,0,0,35,1,1,0,0,0,1,0,0,0
20:53:34.625,1539.2,32.3,321,-2.7,0,0,58,56,0,0,1,54,56,3,0,0,0,0,0,0,0,-0.7,12,190,1,38,38,19,37,19,38,38,37,38,-851583,8,4.863,0.015,13.613,38,0,16,0,0,35,1,1,0,0,0,1,0,0,0
20:53:34.725,1644.4,43.8,316,53.5,16.4,0,58,56,0,0,1,52,56,3,0,0,0,0,0,0,0,15.6,12,190,1,38,38,19,38,19,38,38,37,38,-851583,8,4.863,0.015,13.579,38,0,16,0,0,35,1,1,0,0,0,1,0,0,0
20:53:34.825,1655.6,40.6,314,69.5,22.2,0,58,55.9,0,0,1,52,55,3,0,0,0,0,0,0,0,19.9,12,190,1,38,38,19,38,19,38,38,37,38,-851583,8,4.863,0.015,13.524,38,0,16,0,0,35,1,1,0,0,0,1,0,0,0
20:53:34.925,1646.6,40.1,315,49.9,16.6,0,58,55.9,0,0,1,52,55,3,0,0,0,0,0,0,0,15,12,190,1,38,38,19,37,19,38,38,37,38,-851583,8,4.863,0.015,13.606,38,0,16,0,0,35,1,1,0,0,0,1,0,0,0
20:53:35.025,1571.1,30,322,0,0,0,58,56,0,0,1,52,55,4,0,0,0,0,0,0,0,0,12,190,1,38,38,19,38,19,38,38,37,38,-851583,8,4.863,0.015,13.641,37,0,16,0,0,35,1,1,0,0,0,1,0,0,0
20:53:35.125,1608.7,30.8,321,0,0,0,58,56,0,0,1,52,55,4,0,0,0,0,0,0,0,0,12,190,1,38,38,19,38,19,38,38,37,38,-851583,8,4.863,0.015,13.654,38,0,16,0,0,35,1,1,0,0,0,1,0,0,0
20:53:35.225,1605,38.8,319,26.8,7.6,0,58,56,0,0,1,52,55,4,0,0,0,0,0,0,0,7.7,12,190,1,38,38,19,38,19,38,38,37,38,-851583,8,4.863,0.015,13.579,38,0,16,0,0,35,1,1,0,0,0,1,0,0,0
20:53:35.325,1632.6,43.2,311,102,30.6,0,58,55.9,0,0,1,52,55,4,0,0,0,0,0,0,0,31.6,12,190,1,38,38,19,38,19,38,38,37,38,-851583,8,4.863,0.015,13.586,38,0,16,0,0,35,1,1,0,0,0,1,0,0,0
20:53:35.425,1638.5,43.9,312,103.6,30.7,0,58,55.9,0,0,1,52,55,4,0,0,0,0,0,0,0,31.1,12,190,1,38,38,19,38,19,38,38,37,38,-851583,8,4.863,0.015,13.627,38,0,16,0,0,35,1,1,0,0,0,1,0,0,0
20:53:35.525,1677.1,45.4,309,132.9,42.3,0,58,55.9,0,0,1,52,55,4,0,0,0,0,0,0,0,41.6,12,190,1,38,38,19,38,19,38,37,37,38,-851583,8,4.863,0.015,13.6,38,0,16,0,0,35,1,1,0,0,0,1,0,0,0
20:53:35.625,1714,45.6,310,124.4,41.3,0,58,55.9,0,0,1,52,56,4,0,0,0,0,0,0,0,39.9,12,190,1,38,38,19,37,19,38,37,37,38,-851583,8,4.863,0.015,13.647,38,0,16,0,0,35,1,1,0,0,0,1,0,0,0
20:53:35.725,1744.2,45.9,309,120.3,39.1,0,58,55.9,0,0,1,54,56,3,0,0,0,0,0,0,0,39.3,12,190,1,38,38,19,37,19,38,38,37,38,-851583,8,4.863,0.015,13.634,38,0,16,0,0,35,1,1,0,0,0,1,0,0,0
20:53:35.825,1767,46.4,309,114.5,40.4,0,58,55.9,0,0,1,52,55,3,0,0,0,0,0,0,0,38.2,12,190,1,38,38,19,38,19,38,37,37,38,-851583,8,4.863,0.015,13.62,38,0,16,0,0,35,1,1,0,0,0,1,0,0,0
20:53:35.925,1789.8,46.2,309,109.9,37.4,0,58,55.9,0,0,1,52,55,3,0,0,0,0,0,0,0,36.7,12,190,1,38,38,19,38,19,38,38,37,38,-851583,8,4.863,0.015,13.606,38,0,16,0,0,35,1,1,0,0,0,1,0,0,0
20:53:36.025,1789.3,38.4,315,44.8,17,0,58,55.9,0,0,1,51,55,3,0,0,0,0,0,0,0,13.5,12,190,1,38,38,19,19,19,38,38,37,38,-851583,8,4.863,0.015,13.606,38,0,16,0,0,35,1,1,0,0,0,1,0,0,0
20:53:36.125,1755.6,33.2,322,-2.4,0,0,58,55.9,0,0,1,52,55,3,0,0,0,0,0,0,0,-1.1,12,190,1,38,38,19,38,19,38,37,37,38,-851583,8,4.863,0.015,13.6,38,0,16,0,0,35,1,1,0,0,0,1,0,0,0
20:53:36.225,1749,33.3,322,0,0,0,58,55.9,0,0,1,52,54,3,0,0,0,0,0,0,0,0,12,190,1,38,38,19,38,19,38,38,37,38,-851583,8,4.863,0.015,13.634,38,0,16,0,0,35,1,1,0,0,0,1,0,0,0
20:53:36.325,1728.2,37,320,6.5,2.4,0,58,55.9,0,0,1,52,55,3,0,0,0,0,0,0,0,1.4,12,190,1,38,38,19,38,19,38,38,37,38,-851583,8,4.863,0.015,13.627,38,0,16,0,0,35,1,1,0,0,0,1,0,0,0
20:53:36.425,1758.7,41.8,317,29.9,8.5,0,58,55.9,0,0,1,52,55,3,0,0,0,0,0,0,0,9.7,12,190,1,38,38,19,37,19,38,38,37,38,-851583,8,4.863,0.015,13.606,38,0,16,0,0,35,1,1,0,0,0,1,0,0,0
20:53:36.525,1718.2,39.9,318,21.9,6.2,0,58,55.9,0,0,1,55,55,3,0,0,0,0,0,0,0,6.3,12,190,1,38,38,19,38,19,38,38,37,38,-851583,8,4.863,0.015,13.627,38,0,16,0,0,35,1,1,0,0,0,1,0,0,0
20:53:36.625,1633.9,30.2,323,0,0,0,58,55.9,0,0,1,55,55,3,0,0,0,0,0,0,0,0,12,190,1,38,38,19,38,19,38,37,37,38,-851583,8,4.863,0.015,13.647,38,0,16,0,0,35,1,1,0,0,0,1,0,0,0
20:53:36.725,1594.4,29,321,0,0,0,58,55.9,0,0,1,54,56,3,0,0,0,0,0,0,0,0,12,190,1,38,38,19,38,19,38,37,37,38,-851583,8,4.863,0.015,13.661,38,0,16,0,0,35,1,1,0,0,0,1,0,0,0
20:53:36.825,1396,33.6,318,39.5,11.1,0,58,55.9,0,0,1,55,56,3,0,0,0,0,0,0,0,11.1,12,190,1,38,38,19,38,19,38,38,37,38,-851583,8,4.863,0.015,13.6,38,0,16,0,0,35,1,1,0,0,0,1,0,0,0
20:53:36.925,1278.7,35.1,316,78.4,20.9,0,57.5,55.8,0,0,1,54,56,3,0,0,0,0,0,0,0,19.3,12,190,1,38,38,19,38,19,38,38,37,38,-851583,8,4.863,0.015,13.593,38,0,16,0,0,35,1,1,0,0,0,1,0,0,0
20:53:37.025,1360.8,36.5,315,75.4,21.3,0,57,55.7,0,0,1,54,55,3,0,0,0,0,0,0,0,21.1,12,190,1,38,38,19,38,19,38,37,37,38,-851583,8,4.863,0.015,13.579,38,0,16,0,0,35,1,1,0,0,0,1,0,0,0
20:53:37.125,1335.4,34.1,315,86.1,23.9,0,57,55.8,0,0,1,54,55,3,0,0,0,0,0,0,0,21.6,12,190,1,38,38,19,38,19,38,38,37,38,-851583,8,4.863,0.015,13.559,37,0,16,0,0,35,1,1,0,0,0,1,0,0,0
20:53:37.225,1416,40.9,308,186.3,46.4,0,57,55.5,0,0,1,52,55,3,0,0,0,0,0,0,0,48.7,12,190,1,38,38,19,38,19,38,38,37,38,-851583,8,4.863,0.015,13.593,38,0,16,0,0,35,1,1,0,0,0,1,0,0,0
20:53:37.325,1321,34,314,103.1,27.2,0,57,55.6,0,0,1,54,56,3,0,0,0,0,0,0,0,26.4,12,190,1,38,38,19,38,19,38,38,37,38,-851583,8,4.863,0.015,13.559,38,0,16,0,0,35,1,1,0,0,0,1,0,0,0
20:53:37.425,1301.4,34.7,315,81,20,0,57,55.5,0,0,1,54,55,3,0,0,0,0,0,0,0,19.9,12,190,1,38,38,19,38,19,38,38,37,38,-851583,8,4.863,0.015,13.593,38,0,16,0,0,35,1,1,0,0,0,1,0,0,0
20:53:37.525,1311.8,35.4,314,97.4,27.2,0,57,55.5,0,0,1,54,55,4,0,0,0,0,0,0,0,24.6,12,190,1,38,38,19,38,19,38,37,37,38,-851583,8,4.863,0.015,13.572,38,0,16,0,0,35,1,1,0,0,0,1,0,0,0
20:53:37.625,1313.2,32.6,315,68.8,18.9,0,57,55.7,0,0,1,52,54,4,0,0,0,0,0,0,0,15.9,12,190,1,38,38,19,38,19,38,38,37,38,-851583,8,4.863,0.015,13.593,38,0,16,0,0,35,1,1,0,0,0,1,0,0,0
20:53:37.725,1313.8,33.5,317,54.2,15.1,0,57,55.6,0,0,1,52,55,4,0,0,0,0,0,0,0,13.2,12,190,1,38,38,19,38,19,38,37,37,38,-851583,8,4.863,0.015,13.62,38,0,16,0,0,35,1,1,0,0,0,1,0,0,0
20:53:37.825,1319.9,35.3,315,84.8,21.5,0,57,55.7,0,0,1,54,55,3,0,0,0,0,0,0,0,20.9,12,190,1,38,38,19,37,19,38,38,37,38,-851583,8,4.863,0.015,13.586,38,0,16,0,0,35,1,1,0,0,0,1,0,0,0
20:53:37.925,1327.1,34.9,315,79.9,20.9,0,57,55.5,0,0,1,52,55,4,0,0,0,0,0,0,0,19.5,12,190,1,38,38,19,38,19,38,38,37,38,-851583,8,4.863,0.015,13.593,38,0,16,0,0,35,1,1,0,0,0,1,0,0,0
20:53:38.025,1341.8,36.7,314,107.4,28.8,0,57,55.4,0,0,1,52,55,3,0,0,0,0,0,0,0,28.1,12,190,1,38,38,19,38,19,38,38,37,38,-851583,8,4.863,0.015,13.593,38,0,16,0,0,35,1,1,0,0,0,1,0,0,0
20:53:38.125,1376.7,39.4,310,141.3,40.1,0,57,55.4,0,0,1,52,55,4,0,0,0,0,0,0,0,37.1,12,190,1,38,38,19,38,19,38,38,37,38,-851583,8,4.863,0.015,13.593,38,0,16,0,0,35,1,1,0,0,0,1,0,0,0
20:53:38.225,1401.1,38.9,311,130.8,37.7,0,57,55.4,0,0,1,52,55,4,0,0,0,0,0,0,0,34.1,12,190,1,38,38,19,38,19,38,37,37,38,-851583,8,4.863,0.015,13.586,38,0,16,0,0,35,1,1,0,0,0,1,0,0,0
20:53:38.325,1425.3,39.2,310,132.7,39.4,0,57,55.5,0,0,1,52,55,4,0,0,0,0,0,0,0,36.5,12,190,1,38,38,19,38,19,38,37,37,38,-851583,8,4.863,0.015,13.559,38,0,16,0,0,35,1,1,0,0,0,1,0,0,0
20:53:38.425,1457,39.9,310,127,38.4,0,57,55.5,0,0,1,51,54,4,0,0,0,0,0,0,0,36.3,12,190,1,38,38,19,38,19,38,38,37,38,-851583,8,4.863,0.015,13.6,38,0,16,0,0,35,1,1,0,0,0,1,0,0,0
20:53:38.525,1491,40.4,312,122.6,37.5,0,57,55.4,0,0,1,51,55,4,0,0,0,0,0,0,0,34.4,12,190,1,38,38,19,38,19,38,38,37,38,-851583,8,4.863,0.015,13.565,38,0,16,0,0,35,1,1,0,0,0,1,0,0,0
20:53:38.625,1507.4,39,313,93.5,29,0,57,55.5,0,0,1,52,55,4,0,0,0,0,0,0,0,27.7,12,190,1,38,38,19,38,19,38,38,37,38,-851583,8,4.863,0.015,13.62,38,0,16,0,0,35,1,1,0,0,0,1,0,0,0
20:53:38.725,1506.4,38.8,314,83.5,26.2,0,57,55.5,0,0,1,52,56,4,0,0,0,0,0,0,0,23.7,12,190,1,38,38,19,38,19,38,38,37,38,-851583,8,4.863,0.015,13.6,38,0,16,0,0,35,1,1,0,0,0,1,0,0,0
20:53:38.825,1523.9,39.7,314,90.1,28.5,0,57,55.4,0,0,1,52,55,4,0,0,0,0,0,0,0,26.2,12,190,1,38,38,19,38,19,38,38,37,38,-851583,8,4.863,0.015,13.579,38,0,16,0,0,35,1,1,0,0,0,1,0,0,0
20:53:38.925,1520.9,39.8,312,95.8,29.7,0,57,55.4,0,0,1,52,55,3,0,0,0,0,0,0,0,27.7,12,190,1,38,38,19,38,19,38,37,37,38,-851583,8,4.863,0.015,13.593,38,0,16,0,0,35,1,1,0,0,0,1,0,0,0
20:53:39.025,1551.5,40.4,312,105,32.6,0,57,55.3,0,0,1,51,55,3,0,0,0,0,0,0,0,29,12,190,1,38,38,19,38,19,38,38,37,38,-851583,8,4.863,0.015,13.613,38,0,16,0,0,35,1,1,0,0,0,1,0,0,0
20:53:39.125,1521.1,38.6,312,98,30.8,0,57,55.3,0,0,1,52,54,4,0,0,0,0,0,0,0,28.3,12,190,1,38,38,19,38,19,38,38,37,38,-851583,8,4.863,0.015,13.62,38,0,16,0,0,35,1,1,0,0,0,1,0,0,0
20:53:39.225,1516.5,39.3,313,85.4,24.9,0,57,55.3,0,0,1,52,55,3,0,0,0,0,0,0,0,23.1,12,190,1,38,38,19,38,19,38,38,37,38,-851583,8,4.863,0.015,13.62,38,0,16,0,0,35,1,1,0,0,0,1,0,0,0
20:53:39.325,1535.7,40.1,312,97.6,30.1,0,57,55.3,0,0,1,52,55,3,0,0,0,0,0,0,0,28.1,12,190,1,38,38,19,38,19,38,38,37,38,-851583,8,4.863,0.015,13.641,38,0,16,0,0,35,1,1,0,0,0,1,0,0,0
20:53:39.425,1551.8,40.4,314,82.1,25.6,0,57,55.3,0,0,1,51,54,3,0,0,0,0,0,0,0,24.6,12,190,1,38,38,19,38,19,38,38,37,38,-851583,8,4.863,0.015,13.641,37,0,16,0,0,35,1,1,0,0,0,1,0,0,0
20:53:39.525,1561.9,40.5,313,85.3,26.2,0,57,55.3,0,0,1,52,55,3,0,0,0,0,0,0,0,24.7,12,190,1,38,38,19,38,19,38,38,37,38,-851583,8,4.863,0.015,13.613,38,0,16,0,0,35,1,1,0,0,0,1,0,0,0
20:53:39.625,1568.7,40.4,313,100,29.6,0,57,55.3,0,0,1,52,55,3,0,0,0,0,0,0,0,29.3,12,190,1,38,38,19,38,19,38,38,37,38,-851583,8,4.863,0.015,13.606,38,0,16,0,0,35,1,1,0,0,0,1,0,0,0
20:53:39.725,1587.8,42.4,312,95.6,31,0,57,55.2,0,0,1,51,54,3,0,0,0,0,0,0,0,28.7,12,190,1,38,38,19,38,19,38,38,37,38,-851583,8,4.863,0.015,13.606,38,0,16,0,0,35,1,1,0,0,0,1,0,0,0
20:53:39.825,1609.1,42.3,312,104.6,33.3,0,57,55.3,0,0,1,52,55,3,0,0,0,0,0,0,0,33.9,12,190,1,38,38,19,38,19,38,38,37,38,-851583,8,4.863,0.015,13.593,38,0,16,0,0,35,1,1,0,0,0,1,0,0,0
20:53:39.925,1589,40.1,313,93.9,29.1,0,57,55.1,0,0,1,51,55,3,0,0,0,0,0,0,0,27.8,12,190,1,38,38,19,38,19,38,38,37,38,-851583,8,4.863,0.015,13.6,38,0,16,0,0,35,1,1,0,0,0,1,0,0,0
20:53:40.025,1603.6,42.2,312,95.4,30.3,0,57,55.1,0,0,1,52,55,3,0,0,0,0,0,0,0,26.9,12,190,1,38,38,19,38,19,38,38,37,38,-851583,8,4.863,0.015,13.627,38,0,16,0,0,35,1,1,0,0,0,1,0,0,0
20:53:40.125,1655.2,40.6,315,71.9,25.5,0,57,55.3,0,0,1,54,55,4,0,0,0,0,0,0,0,22.6,12,190,1,38,38,19,38,19,38,38,37,38,-851583,8,4.863,0.015,13.62,38,0,16,0,0,35,1,1,0,0,0,1,0,0,0
20:53:40.225,1529.4,29.1,322,0,0,0,57,55.9,0,0,1,55,55,3,0,0,0,0,0,0,0,0,12,190,1,38,38,19,38,19,38,38,37,38,-851583,8,4.863,0.015,13.627,38,0,16,0,0,35,1,1,0,0,0,1,0,0,0
20:53:40.325,1602.5,43.7,315,66.6,17.1,0,57,55.2,0,0,1,55,55,3,0,0,0,0,0,0,0,18.7,12,190,1,38,38,19,38,19,38,38,37,38,-851583,8,4.863,0.015,13.586,38,0,16,0,0,35,1,1,0,0,0,1,0,0,0
20:53:40.425,1625.2,42.6,311,108.7,35.9,0,57,55.3,0,0,1,55,55,3,0,0,0,0,0,0,0,33.9,12,190,1,38,38,19,38,19,38,38,37,38,-851583,8,4.863,0.015,13.6,38,0,16,0,0,35,1,1,0,0,0,1,0,0,0
20:53:40.525,1632.2,41.7,314,78.9,26.3,0,57,55,0,0,1,54,55,3,0,0,0,0,0,0,0,24.9,12,190,1,38,38,19,38,19,38,38,37,38,-851583,8,4.863,0.015,13.579,38,0,16,0,0,35,1,1,0,0,0,1,0,0,0
20:53:40.625,1697.9,42.9,315,85,29.5,0,57,55.1,0,0,1,54,56,3,0,0,0,0,0,0,0,29.3,12,190,1,38,38,19,37,19,38,38,37,38,-851583,8,4.863,0.015,13.62,38,0,16,0,0,35,1,1,0,0,0,1,0,0,0
20:53:40.725,1602.7,34.6,319,29.1,10.1,0,57,55,0,0,1,55,56,4,0,0,0,0,0,0,0,8.5,12,190,1,38,38,19,38,19,38,38,37,38,-851583,8,4.863,0.015,13.579,38,0,16,0,0,35,1,1,0,0,0,1,0,0,0
20:53:40.825,1563.2,36.6,318,25.1,7.2,0,57,55,0,0,1,55,56,3,0,0,0,0,0,0,0,5.2,12,190,1,38,38,19,38,19,38,38,37,38,-851583,8,4.863,0.015,13.579,38,0,16,0,0,35,1,1,0,0,0,1,0,0,0
20:53:40.925,1545.6,36.2,319,13.9,3.2,0,57,55,0,0,1,52,55,3,0,0,0,0,0,0,0,3.4,12,190,1,38,38,19,37,19,38,38,37,38,-851583,8,4.863,0.015,13.62,38,0,16,0,0,35,1,1,0,0,0,1,0,0,0
20:53:41.025,1525.3,37,319,30.5,8.5,0,57,55,0,0,1,54,55,3,0,0,0,0,0,0,0,8.8,12,190,1,38,38,19,38,19,38,37,37,38,-851583,8,4.863,0.015,13.606,38,0,16,0,0,35,1,1,0,0,0,1,0,0,0
20:53:41.125,1520.8,37.4,319,33.1,9.4,0,57,55,0,0,1,52,54,3,0,0,0,0,0,0,0,8.5,12,190,1,38,38,19,38,19,38,38,37,38,-851583,8,4.863,0.015,13.6,37,0,16,0,0,35,1,1,0,0,0,1,0,0,0
20:53:41.225,1509.1,37.5,316,52.1,15.5,0,57,55.1,0,0,1,54,55,3,0,0,0,0,0,0,0,15,12,190,1,38,38,19,38,19,38,38,37,38,-851583,8,4.863,0.015,13.593,38,0,16,0,0,35,1,1,0,0,0,1,0,0,0
20:53:41.325,1495.6,37.1,318,42.8,12.7,0,57,55,0,0,1,54,55,3,0,0,0,0,0,0,0,11.5,12,190,1,38,38,19,38,19,38,38,37,38,-851583,8,4.863,0.015,13.634,38,0,16,0,0,35,1,1,0,0,0,1,0,0,0
20:53:41.425,1509.1,40.5,314,86.4,26.2,0,57,55,0,0,1,54,55,4,0,0,0,0,0,0,0,26.4,12,190,1,38,38,19,38,19,38,38,37,38,-851583,8,4.863,0.015,13.641,38,0,16,0,0,35,1,1,0,0,0,1,0,0,0
20:53:41.525,1547.5,41,312,115.2,37.5,0,57,55,0,0,1,52,55,3,0,0,0,0,0,0,0,33.3,12,190,1,38,38,19,38,19,38,38,37,38,-851583,8,4.863,0.015,13.634,38,0,16,0,0,35,1,1,0,0,0,1,0,0,0
20:53:41.625,1542.8,40.2,313,104.1,31.6,0,57,55,0,0,1,54,55,3,0,0,0,0,0,0,0,27.9,12,190,1,38,38,19,38,19,38,37,37,38,-851583,8,4.863,0.015,13.634,38,0,16,0,0,35,1,1,0,0,0,1,0,0,0
20:53:41.725,1557.2,41.9,310,124.7,38.1,0,57,55.1,0,0,1,52,55,3,0,0,0,0,0,0,0,36.7,12,190,1,38,38,19,37,19,38,38,37,38,-851583,8,4.863,0.015,13.613,38,0,16,0,0,35,1,1,0,0,0,1,0,0,0
20:53:41.825,1590.7,42.7,312,110.3,34.5,0,57,55,0,0,1,54,55,3,0,0,0,0,0,0,0,34.8,12,190,1,38,38,19,38,19,38,38,37,38,-851583,8,4.863,0.015,13.6,38,0,16,0,0,35,1,1,0,0,0,1,0,0,0
20:53:41.925,1596.2,41.6,312,105.4,34.1,0,57,55,0,0,1,54,54,4,0,0,0,0,0,0,0,32.4,12,190,1,38,38,19,38,19,38,38,37,38,-851583,8,4.863,0.015,13.593,38,0,16,0,0,35,1,1,0,0,0,1,0,0,0
20:53:42.025,1618.1,42.7,311,110.3,36.9,0,57,55,0,0,1,52,55,4,0,0,0,0,0,0,0,32,12,190,1,38,38,19,19,19,38,38,37,38,-851583,8,4.863,0.015,13.565,38,0,16,0,0,35,1,1,0,0,0,1,0,0,0
20:53:42.125,1645.5,43.1,313,100.8,32.3,0,57,55,0,0,1,52,54,4,0,0,0,0,0,0,0,30.5,12,190,1,38,38,19,38,19,38,38,37,38,-851583,8,4.863,0.015,13.579,38,0,16,0,0,35,1,1,0,0,0,1,0,0,0
20:53:42.225,1654,41.7,313,85.1,26.9,0,57,55,0,0,1,54,55,4,0,0,0,0,0,0,0,24.3,12,190,1,38,38,19,38,19,38,37,37,38,-851583,8,4.863,0.015,13.593,38,0,16,0,0,35,1,1,0,0,0,1,0,0,0
20:53:42.325,1665.9,42.3,315,75.4,25.2,0,57,55,0,0,1,52,54,4,0,0,0,0,0,0,0,23.2,12,190,1,38,38,19,38,19,38,38,37,38,-851583,8,4.863,0.015,13.579,38,0,16,0,0,35,1,1,0,0,0,1,0,0,0
20:53:42.425,1679.6,40.2,315,67.3,23.1,0,57,55,0,0,1,52,55,4,0,0,0,0,0,0,0,18.6,12,190,1,38,38,19,37,19,38,38,37,38,-851583,8,4.863,0.015,13.593,38,0,16,0,0,35,1,1,0,0,0,1,0,0,0
20:53:42.525,1624.1,31.3,321,0,0,0,57,55.1,0,0,1,52,55,4,0,0,0,0,0,0,0,0.4,12,190,1,38,38,19,38,19,38,37,37,38,-851583,8,4.863,0.015,13.586,38,0,16,0,0,35,1,1,0,0,0,1,0,0,0
20:53:42.625,1646,31.7,322,0,0,0,57,55.6,0,0,1,52,55,4,0,0,0,0,0,0,0,0,12,190,1,38,38,19,38,19,38,38,37,38,-851583,8,4.863,0.015,13.627,38,0,16,0,0,35,1,1,0,0,0,1,0,0,0
20:53:42.725,1627.7,34.2,321,3.8,0.9,0,57,55,0,0,1,52,55,4,0,0,0,0,0,0,0,0.5,12,190,1,38,38,19,38,19,38,38,37,38,-851583,8,4.863,0.015,13.593,38,0,16,0,0,35,1,1,0,0,0,1,0,0,0
20:53:42.825,1633.7,39.3,317,35.6,11.3,0,57,55,0,0,1,54,54,4,0,0,0,0,0,0,0,9.1,12,190,1,38,38,19,38,19,38,38,37,38,-851583,8,4.863,0.015,13.579,38,0,16,0,0,35,1,1,0,0,0,1,0,0,0
20:53:42.925,1586.1,31.2,321,0,0,0,57,55.4,0,0,1,52,55,4,0,0,0,0,0,0,0,0,12,190,1,38,38,19,38,19,38,38,37,38,-851583,8,4.863,0.015,13.613,38,0,16,0,0,35,1,1,0,0,0,1,0,0,0
20:53:43.025,1606.6,38.7,320,22.4,5.3,0,57,55,0,0,1,52,54,4,0,0,0,0,0,0,0,6.1,12,190,1,38,38,19,38,19,38,37,37,38,-851583,8,4.863,0.015,13.586,38,0,16,0,0,35,1,1,0,0,0,1,0,0,0
20:53:43.125,1616.5,38.8,317,45.3,13.8,0,57,55,0,0,1,52,55,4,0,0,0,0,0,0,0,13.3,12,190,1,38,38,19,38,19,38,38,37,38,-851583,8,4.863,0.015,13.531,38,0,16,0,0,35,1,1,0,0,0,1,0,0,0
20:53:43.225,1575.4,35.4,319,10,2.1,0,57,55,0,0,1,52,55,4,0,0,0,0,0,0,0,2.4,12,190,1,38,38,19,38,19,38,38,37,38,-851583,8,4.863,0.015,13.565,38,0,16,0,0,35,1,1,0,0,0,1,0,0,0
20:53:43.325,1582.5,36.8,320,15.4,4.7,0,57,55,0,0,1,52,54,4,0,0,0,0,0,0,0,3.8,12,190,1,38,38,19,38,19,38,38,37,38,-851583,8,4.863,0.015,13.552,38,0,16,0,0,35,1,1,0,0,0,1,0,0,0
20:53:43.425,1620.1,42,315,72.1,21.3,0,56.9,55,0,0,1,52,54,4,0,0,0,0,0,0,0,21.3,12,190,1,38,38,19,38,19,38,38,37,38,-851583,8,4.863,0.015,13.552,38,0,16,0,0,35,1,1,0,0,0,1,0,0,0
20:53:43.525,1606.1,40.4,315,65,20,0,56,55,0,0,1,52,55,4,0,0,0,0,0,0,0,19,12,190,1,38,38,19,38,19,38,38,37,38,-851583,8,4.863,0.015,13.552,38,0,16,0,0,35,1,1,0,0,0,1,0,0,0
20:53:43.625,1616.2,40.2,315,65.2,20.4,0,56,55,0,0,1,54,56,4,0,0,0,0,0,0,0,19.4,12,190,1,38,38,19,38,19,38,38,37,38,-851583,8,4.863,0.015,13.545,38,0,16,0,0,35,1,1,0,0,0,1,0,0,0
20:53:43.725,1617.6,40,315,73,22.6,0,56,55,0,0,1,54,55,4,0,0,0,0,0,0,0,21.6,12,190,1,38,38,19,38,19,38,38,37,38,-851583,8,4.863,0.015,13.545,38,0,16,0,0,35,1,1,0,0,0,1,0,0,0
20:53:43.825,1612.4,40.4,316,59,17.8,0,56,55,0,0,1,52,54,5,0,0,0,0,0,0,0,20.7,12,190,1,38,38,19,37,19,38,38,37,38,-851583,8,4.863,0.015,13.593,38,0,16,0,0,35,1,1,0,0,0,1,0,0,0
20:53:43.925,1616.2,38.7,316,53.4,17.1,0,56,55,0,0,1,54,55,5,0,0,0,0,0,0,0,16.2,12,190,1,38,38,19,38,19,38,38,37,38,-851583,8,4.863,0.015,13.559,38,0,16,0,0,35,1,1,0,0,0,1,0,0,0
20:53:44.025,1556.6,29.6,322,0,0,0,56,55,0,0,1,56,55,4,0,0,0,0,0,0,0,0,12,190,1,38,38,19,38,19,38,38,37,38,-851583,8,4.863,0.015,13.552,37,0,16,0,0,35,1,1,0,0,0,1,0,0,0
20:53:44.125,1585.4,30.7,322,0,0,0,56,55,0,0,1,56,55,4,0,0,0,0,0,0,0,0,12,190,1,38,38,19,38,19,38,38,37,38,-851583,8,4.863,0.015,13.593,37,0,16,0,0,35,1,1,0,0,0,1,0,0,0
20:53:44.225,1537.1,30.3,322,0,0,0,56,55.1,0,0,1,55,55,4,0,0,0,0,0,0,0,0,12,190,1,38,38,19,38,19,38,38,37,38,-851583,8,4.863,0.015,13.593,38,0,16,0,0,35,1,1,0,0,0,1,0,0,0
20:53:44.325,1518.8,28.8,323,0,0,0,56,55,0,0,1,55,55,5,0,0,0,0,0,0,0,0,12,190,1,38,38,19,38,19,38,38,37,38,-851583,8,4.863,0.015,13.606,38,0,16,0,0,35,1,1,0,0,0,1,0,0,0
20:53:44.425,1498.1,28.4,322,0,0,0,56,55,0,0,1,55,55,4,0,0,0,0,0,0,0,0,12,190,1,38,38,19,38,19,38,37,37,38,-851583,8,4.863,0.015,13.579,38,0,16,0,0,35,1,1,0,0,0,1,0,0,0
20:53:44.525,1467.6,28.4,321,0,0,0,56,55,0,0,1,55,56,4,0,0,0,0,0,0,0,0,12,190,1,38,38,19,38,19,38,38,37,38,-851583,8,4.863,0.015,13.613,38,0,16,0,0,35,1,1,0,0,0,1,0,0,0
20:53:44.625,1449.3,27.1,323,0,0,0,56,55,0,0,1,54,55,4,0,0,0,0,0,0,0,0,12,190,1,38,38,19,38,19,38,38,37,38,-851583,8,4.863,0.015,13.593,38,0,16,0,0,35,1,1,0,0,0,1,0,0,0
20:53:44.725,1436.5,27.5,322,0,0,0,56,55,0,0,1,55,55,4,0,0,0,0,0,0,0,0,12,190,1,38,38,19,38,19,38,38,37,38,-851583,8,4.863,0.015,13.593,38,0,16,0,0,35,1,1,0,0,0,1,0,0,0
20:53:44.825,1432.2,32.9,321,10.1,2.6,0,56,55,0,0,1,54,55,4,0,0,0,0,0,0,0,2.3,12,190,1,38,38,19,38,19,38,38,37,38,-851583,8,4.863,0.015,13.572,38,0,16,0,0,35,1,1,0,0,0,1,0,0,0
20:53:44.925,1449.5,36.9,316,63.3,17.3,0,56,55,0,0,1,54,55,4,0,0,0,0,0,0,0,16.5,12,190,1,38,38,19,38,19,38,38,37,38,-851583,8,4.863,0.015,13.579,38,0,16,0,0,35,1,1,0,0,0,1,0,0,0
20:53:45.025,1431,35.8,318,43.8,12.1,0,56,55,0,0,1,55,56,4,0,0,0,0,0,0,0,12.7,12,190,1,38,38,19,38,19,38,38,37,38,-851583,8,4.863,0.015,13.552,38,0,16,0,0,35,1,1,0,0,0,1,0,0,0
20:53:45.125,1438,37.4,316,70.3,21,0,56,55,0,0,1,54,54,4,0,0,0,0,0,0,0,19,12,190,1,38,38,19,38,19,38,38,37,38,-851583,8,4.863,0.015,13.586,38,0,16,0,0,35,1,1,0,0,0,1,0,0,0
20:53:45.225,1455,38.5,315,88.2,24.4,0,56,55,0,0,1,54,55,4,0,0,0,0,0,0,0,22.3,12,190,1,38,38,19,38,19,38,38,37,38,-851583,8,4.863,0.015,13.579,38,0,16,0,0,35,1,1,0,0,0,1,0,0,0
20:53:45.325,1473.4,38.7,313,94.1,28.4,0,56,55,0,0,1,54,55,4,0,0,0,0,0,0,0,26.6,12,190,1,38,38,19,38,19,38,38,37,38,-851583,8,4.863,0.015,13.552,38,0,16,0,0,35,1,1,0,0,0,1,0,0,0
20:53:45.425,1488.9,38.7,313,94.9,28.6,0,56,54.9,0,0,1,54,55,4,0,0,0,0,0,0,0,25.4,12,190,1,38,38,19,38,19,38,38,37,38,-851583,8,4.863,0.015,13.579,38,0,16,0,0,35,1,1,0,0,0,1,0,0,0
20:53:45.525,1498.7,39,314,100.2,30.2,0,56,54.9,0,0,1,54,55,4,0,0,0,0,0,0,0,28.1,12,190,1,38,38,19,38,19,38,38,37,38,-851583,8,4.863,0.015,13.552,38,0,16,0,0,35,1,1,0,0,0,1,0,0,0
20:53:45.625,1513.7,39.1,314,90.3,28.3,0,56,54.9,0,0,1,52,55,4,0,0,0,0,0,0,0,24.4,12,190,1,38,38,19,38,19,38,38,37,38,-851583,8,4.863,0.015,13.579,38,0,16,0,0,35,1,1,0,0,0,1,0,0,0
20:53:45.725,1525.7,39.3,314,88.9,26.5,0,56,54.9,0,0,1,54,55,4,0,0,0,0,0,0,0,25.8,12,190,1,38,38,19,38,19,38,38,37,38,-851583,8,4.863,0.015,13.572,38,0,16,0,0,35,1,1,0,0,0,1,0,0,0
20:53:45.825,1541.5,40,315,83.5,25.3,0,56,54.9,0,0,1,54,55,4,0,0,0,0,0,0,0,24.2,12,190,1,38,38,19,38,19,38,38,37,38,-851583,8,4.863,0.015,13.565,38,0,16,0,0,35,1,1,0,0,0,1,0,0,0
20:53:45.925,1582.7,42.1,312,101,32.4,0,56,54.9,0,0,1,54,55,4,0,0,0,0,0,0,0,30.3,12,190,1,38,38,19,38,19,38,38,37,38,-851583,8,4.863,0.015,13.552,38,0,16,0,0,35,1,1,0,0,0,1,0,0,0
20:53:46.025,1613.2,41.9,312,117.3,37.5,0,56,54.9,0,0,1,54,54,4,0,0,0,0,0,0,0,34.1,12,190,1,38,38,19,38,19,38,38,37,38,-851583,8,4.863,0.015,13.572,38,0,16,0,0,35,1,1,0,0,0,1,0,0,0
20:53:46.125,1652.4,47.3,309,144.9,41.4,0,56,54.6,0,0,1,52,55,4,0,0,0,0,0,0,0,42,12,190,1,38,38,19,38,19,38,38,37,38,-851583,8,4.863,0.015,13.579,38,0,16,0,0,35,1,1,0,0,0,1,0,0,0
20:53:46.225,1750.1,53.4,302,221.1,54.5,0,56,54.6,0,0,1,52,54,4,0,0,0,0,0,0,0,63.8,12,190,1,38,38,19,38,19,38,38,37,38,-851583,8,4.863,0.015,13.559,38,0,16,0,0,35,1,1,0,0,0,1,0,0,0
20:53:46.325,1847.5,55.7,300,224.2,65.1,0,56,54.5,0,0,1,52,54,4,0,0,0,0,0,0,0,71.1,12,190,1,38,38,19,38,19,38,38,37,38,-851583,8,4.863,0.015,13.552,38,0,16,0,0,35,1,1,0,0,0,1,0,0,0
20:53:46.425,1889.1,55.6,300,218.1,73.6,0,56,54.6,0,0,1,54,55,4,0,0,0,0,0,0,0,76.9,12,190,1,38,38,19,38,19,38,38,37,38,-851583,8,4.863,0.015,13.572,38,0,16,0,0,35,1,1,0,0,0,1,0,0,0
20:53:46.525,1941.8,58.6,299,214.2,64.6,0,56,54.6,0,0,1,52,54,4,0,0,0,0,0,0,0,75.2,12,190,1,38,38,19,38,19,38,37,37,38,-851583,8,4.863,0.015,13.559,38,0,16,0,0,35,1,1,0,0,0,1,0,0,0
20:53:46.625,2163.1,72.3,292,262.3,92.4,0,56,54.6,0,0,1,52,54,4,0,0,0,0,0,0,0,102.9,12,190,1,38,38,19,37,19,38,38,37,38,-851583,8,4.863,0.015,13.586,38,0,16,0,0,35,1,1,0,0,0,1,0,0,0
20:53:46.725,2314.7,70.1,287,331.7,96.3,0,56,54.4,0,0,1,54,55,4,0,0,0,0,0,0,0,123.9,12,190,1,38,38,19,38,19,38,38,37,38,-851583,8,4.863,0.015,13.586,38,0,16,0,0,35,1,1,0,0,0,1,0,0,0
20:53:46.825,2190.3,62.7,298,202.9,79.7,0,56,54.5,0,0,1,52,54,4,0,0,0,0,0,0,0,83.5,12,190,1,38,38,19,38,19,38,38,37,38,-851583,8,4.863,0.015,13.586,37,0,16,0,0,35,1,1,0,0,0,1,0,0,0
20:53:46.925,2376.8,78.8,288,274.1,94.8,0,56,54.5,0,0,1,54,54,4,0,0,0,0,0,0,0,111.9,12,190,1,38,38,19,38,19,38,38,37,38,-851583,8,4.863,0.015,13.6,38,0,16,0,0,35,1,1,0,0,0,1,0,0,0
20:53:47.025,2472.3,74.6,290,267.3,99.3,0,56,54.6,0,0,1,54,54,4,0,0,0,0,0,0,0,117.7,12,190,1,38,38,19,38,19,38,38,37,38,-851583,8,4.863,0.015,13.579,38,0,16,0,0,35,1,1,0,0,0,1,0,0,0
20:53:47.125,2299.1,63.2,292,250.4,82.2,0,56,54.6,0,0,1,54,55,4,0,0,0,0,0,0,0,94.2,12,190,1,38,38,19,38,19,38,38,37,38,-851583,8,4.863,0.015,13.6,38,0,16,0,0,35,1,1,0,0,0,1,0,0,0
20:53:47.225,1930.1,38.4,308,120.1,44.9,0,56,54.8,0,0,1,52,54,4,0,0,0,0,0,0,0,38,12,190,1,38,38,19,38,19,38,38,37,38,-851583,8,4.863,0.015,13.579,38,0,16,0,0,35,1,1,0,0,0,1,0,0,0
20:53:47.325,1481.4,30.4,315,91.2,24.8,0,56,54.9,0,0,1,52,55,4,0,0,0,0,0,0,0,21.8,12,190,1,38,38,19,38,19,38,38,37,38,-851583,8,4.863,0.015,13.565,38,0,16,0,0,35,1,1,0,0,0,1,0,0,0
20:53:47.425,856.3,16.3,317,57.5,8.1,0,56,54.9,0,0,1,54,55,4,0,0,0,0,0,0,0,6.2,12,190,1,38,38,19,38,19,38,38,37,38,-851583,8,4.863,0.015,13.606,38,0,16,0,0,35,1,1,0,0,0,1,0,0,0
20:53:47.525,230.2,5.6,320,46.4,2.1,0,56,54.9,0,0,1,54,55,4,0,0,0,0,0,0,0,0.8,12,190,1,38,38,19,38,19,38,38,37,38,-851583,8,4.863,0.015,13.606,38,0,16,0,0,35,1,1,0,0,0,1,0,0,0
20:53:47.625,-124.2,-5.7,321,0,0,0,56,54.9,0,0,1,54,55,4,0,0,0,0,0,0,0,0,12,190,1,38,38,19,38,19,39,38,37,38,-851583,8,4.863,0.015,13.647,38,0,16,0,0,35,1,1,0,0,0,1,0,0,0
20:53:47.725,-516.9,-12.2,320,0,0,0,56,54.9,0,0,1,55,55,4,0,0,0,0,0,0,0,0,12,190,1,38,38,19,38,19,38,38,37,38,-851583,8,4.863,0.015,13.654,38,0,16,0,0,35,1,1,0,0,0,1,0,0,0
20:53:47.825,-638.6,-12.2,322,0,0,0,56,54.9,0,0,1,57,55,4,0,0,0,0,0,0,0,0,12,190,1,38,38,19,38,19,38,38,37,38,-851583,8,4.863,0.015,13.661,37,0,16,0,0,35,1,1,0,0,0,1,0,0,0
20:53:47.925,-652.4,-12.3,321,0,0,0,56,54.9,0,0,1,55,55,4,0,0,0,0,0,0,0,0,12,190,1,38,38,19,38,19,39,38,37,38,-851583,8,4.863,0.015,13.634,38,0,16,0,0,35,1,1,0,0,0,1,0,0,0
20:53:48.025,-642.9,-12.6,320,0,0,0,56,54.9,0,0,1,55,55,4,0,0,0,0,0,0,0,0,12,190,1,38,38,19,19,19,39,37,37,38,-851583,8,4.863,0.015,13.661,38,0,16,0,0,35,1,1,0,0,0,1,0,0,0
20:53:48.125,-633.4,-12.2,321,0,0,0,56,54.9,0,0,1,55,55,3,0,0,0,0,0,0,0,0,12,190,1,38,38,19,38,19,39,38,37,38,-851583,8,4.863,0.015,13.654,38,0,16,0,0,35,1,1,0,0,0,1,0,0,0
20:53:48.225,-608.9,-11.7,321,0,0,0,56,54.9,0,0,1,55,55,4,0,0,0,0,0,0,0,0,12,190,1,38,38,19,38,19,39,38,37,38,-851583,8,4.863,0.015,13.661,38,0,16,0,0,35,1,1,0,0,0,1,0,0,0
20:53:48.325,-595.2,-11.8,322,0,0,0,56,54.9,0,0,1,55,55,4,0,0,0,0,0,0,0,0,12,190,1,39,39,19,38,19,39,38,37,38,-851583,8,4.863,0.015,13.668,37,0,16,0,0,35,1,1,0,0,0,1,0,0,0
20:53:48.425,-560.4,-10.7,321,0,0,0,56,54.9,0,0,1,55,55,3,0,0,0,0,0,0,0,0,12,190,1,39,39,19,38,19,39,38,37,38,-851583,8,4.863,0.015,13.668,38,0,16,0,0,35,1,1,0,0,0,1,0,0,0
20:53:48.525,-532.4,-10.1,322,0,0,0,56,54.9,0,0,1,55,55,3,0,0,0,0,0,0,0,0,12,190,1,39,39,19,38,19,39,38,37,38,-851583,8,4.863,0.015,13.661,38,0,16,0,0,35,1,1,0,0,0,1,0,0,0
20:53:48.625,-490.3,-9.2,322,0,0,0,56,54.9,0,0,1,54,54,4,0,0,0,0,0,0,0,0,12,190,1,39,39,19,38,19,39,38,37,38,-851583,8,4.863,0.015,13.661,38,0,16,0,0,35,1,1,0,0,0,1,0,0,0
20:53:48.725,-450.7,-8.5,321,0,0,0,56,54.9,0,0,1,55,55,3,0,0,0,0,0,0,0,0,12,190,1,39,39,19,38,19,39,38,37,38,-851583,8,4.863,0.015,13.668,38,0,16,0,0,35,1,1,0,0,0,1,0,0,0
20:53:48.825,-397.8,-6.7,322,0,0,0,56,54.9,0,0,1,54,55,3,0,0,0,0,0,0,0,0,12,190,1,39,39,19,38,19,39,38,37,38,-851583,8,4.863,0.015,13.675,38,0,16,0,0,35,1,1,0,0,0,1,0,0,0
20:53:48.925,-358,-6,322,0,0,0,56,54.9,0,0,1,55,55,3,0,0,0,0,0,0,0,0,12,190,1,39,39,19,38,19,39,38,37,38,-851583,8,4.863,0.015,13.675,38,0,16,0,0,35,1,1,0,0,0,1,0,0,0
20:53:49.025,-306.3,-5,322,0,0,0,56,54.9,0,0,1,54,55,3,0,0,0,0,0,0,0,0,12,190,1,39,39,19,38,19,39,38,37,38,-851583,8,4.863,0.015,13.695,38,0,16,0,0,35,1,1,0,0,0,1,0,0,0
20:53:49.125,-278.1,-5.3,323,0,0,0,56,54.9,0,0,1,52,54,3,0,0,0,0,0,0,0,0,12,190,1,39,39,19,38,19,39,38,37,38,-851583,8,4.863,0.015,13.695,38,0,16,0,0,35,1,1,0,0,0,1,0,0,0
20:53:49.225,-242.7,-4.4,323,0,0,0,56,54.9,0,0,1,54,55,3,0,0,0,0,0,0,0,0,12,190,1,39,39,19,38,19,39,38,37,38,-851583,8,4.863,0.015,13.675,38,0,16,0,0,35,1,1,0,0,0,1,0,0,0
20:53:49.325,-201.8,-3,322,0,0,0,56,54.9,0,0,1,52,54,3,0,0,0,0,0,0,0,0,12,190,1,39,39,19,38,19,39,38,37,38,-851583,8,4.863,0.015,13.675,38,0,16,0,0,35,1,1,0,0,0,1,0,0,0
20:53:49.425,-159.1,-2.8,324,0,0,0,56,54.9,0,0,1,55,55,3,0,0,0,0,0,0,0,0,12,190,1,39,39,19,38,19,39,38,37,38,-851583,8,4.863,0.015,13.675,38,0,16,0,0,35,1,1,0,0,0,1,0,0,0
20:53:49.525,-118.4,-2.1,322,0,0,0,56,54.9,0,0,1,54,54,3,0,0,0,0,0,0,0,0,12,190,1,39,39,19,38,19,39,38,37,38,-851583,8,4.863,0.015,13.682,38,0,16,0,0,35,1,1,0,0,0,1,0,0,0
20:53:49.625,-83.4,-0.8,323,0,0,0,56,54.9,0,0,1,54,54,3,0,0,0,0,0,0,0,0,12,190,1,39,39,19,38,19,39,38,37,38,-851583,8,4.863,0.015,13.675,38,0,16,0,0,35,1,1,0,0,0,1,0,0,0
20:53:49.725,-46.8,-0.4,322,0,0,0,55.6,54.9,0,0,1,52,54,3,0,0,0,0,0,0,0,0,12,190,1,39,39,19,38,19,39,38,37,38,-851583,8,4.858,0.015,13.688,38,0,16,0,0,35,1,1,0,0,0,1,0,0,0
20:53:49.825,-13.9,0.5,322,0,0,0,55,54.9,0,0,1,52,54,3,0,0,0,0,0,0,0,0,12,190,1,39,39,19,38,19,39,38,37,38,-851583,8,4.863,0.015,13.682,38,0,16,0,0,35,1,1,0,0,0,1,0,0,0
20:53:49.925,-0.2,0.3,322,0,0,0,55,54.9,0,0,1,54,54,3,0,0,0,0,0,0,0,0,12,190,1,39,39,19,38,19,39,38,37,38,-851583,8,4.863,0.015,13.682,38,0,16,0,0,35,1,1,0,0,0,1,0,0,0
20:53:50.025,0,0.6,322,0,0,0,55,54.9,0,0,1,54,54,3,0,0,0,0,0,0,0,0,12,190,1,39,39,19,38,19,39,38,37,38,-851583,8,4.863,0.015,13.675,38,0,16,0,0,35,1,1,0,0,0,1,0,0,0
20:53:50.125,0,0.5,322,0,0,0,55,54.9,0,0,1,55,55,3,0,0,0,0,0,0,0,0,12,190,1,39,39,19,38,19,39,38,37,38,-851583,8,4.863,0.015,13.675,38,0,16,0,0,35,1,1,0,0,0,1,0,0,0
20:53:50.225,0,0.5,323,0,0,0,55,54.9,0,0,1,52,54,3,0,0,0,0,0,0,0,0,12,190,1,39,39,19,38,19,39,38,37,38,-851583,8,4.863,0.015,13.688,38,0,16,0,0,35,1,1,0,0,0,1,0,0,0
20:53:50.325,0,0.5,322,0,0,0,55,54.9,0,0,1,54,55,3,0,0,0,0,0,0,0,0,12,190,1,39,39,19,38,19,39,38,37,38,-851583,8,4.863,0.015,13.668,38,0,16,0,0,35,1,1,0,0,0,1,0,0,0
20:53:50.425,0,0.4,322,0,0,0,55,54.9,0,0,1,52,54,3,0,0,0,0,0,0,0,0,12,190,1,39,39,19,38,19,39,38,37,38,-851583,8,4.863,0.015,13.668,38,0,16,0,0,35,1,1,0,0,0,1,0,0,0
20:53:50.525,-0.1,0.6,322,0,0,0,55,54.9,0,0,1,54,55,3,0,0,0,0,0,0,0,0,12,190,1,39,39,19,38,19,39,38,37,38,-851583,8,4.863,0.015,13.675,38,0,16,0,0,35,1,1,0,0,0,1,0,0,0
20:53:50.625,0.2,0.6,281,0,0,0,55,54.9,0,0,1,54,54,3,0,0,0,0,0,0,0,0,12,190,1,39,39,19,38,19,39,38,37,38,-851583,8,4.863,0.015,13.771,38,0,16,0,0,35,1,1,0,0,0,1,0,0,0
20:53:50.725,0,0.7,233,0,0,0,55,54.9,0,0,1,55,54,3,0,0,0,0,0,0,0,0,12,190,1,39,39,19,38,19,39,38,37,38,-851583,8,4.863,0.015,13.75,38,0,16,0,0,35,1,1,0,0,0,1,0,0,0
20:53:50.825,0,0.7,192,0,0,0,55,54.9,0,0,1,54,54,3,0,0,0,0,0,0,0,0,12,190,1,39,39,19,38,19,39,38,37,38,-851583,8,4.863,0.015,13.757,38,0,16,0,0,35,1,1,0,0,0,1,0,0,0
20:53:50.925,0,0.8,158,0,0,0,55,54.9,0,0,1,55,55,3,0,0,0,0,0,0,0,0,12,190,1,39,39,19,38,19,39,38,37,38,-851583,8,4.863,0.015,13.764,38,0,16,0,0,35,1,1,0,0,0,1,0,0,0
20:53:51.025,0,1.5,132,0,0,0,55,54.9,0,0,1,54,54,3,0,0,0,0,0,0,0,0,12,190,1,39,39,19,38,19,39,38,37,38,-851583,8,4.863,0.015,13.757,38,0,16,0,0,35,1,1,0,0,0,1,0,0,0
20:53:51.125,0,1.4,109,0,0,0,55,54.9,0,0,1,54,54,3,0,0,0,0,0,0,0,0,12,190,1,39,39,19,39,19,39,38,37,38,-851583,8,4.863,0.015,13.743,38,0,16,0,0,35,1,1,0,0,0,1,0,0,0
20:53:51.225,0,2.1,90,0,0,0,55,54.9,2,0,1,54,54,3,0,0,0,0,0,0,0,0,12,190,1,39,39,19,38,19,39,38,37,38,-851583,8,4.863,0.015,13.764,38,0,16,0,0,35,1,1,0,0,0,1,0,0,0
20:53:51.325,0,1,73,0,0,0,55,54.9,2,0,1,54,52,3,0,0,0,0,0,0,0,0,12,190,1,39,39,19,38,19,39,38,37,38,-851583,8,4.863,0.015,13.75,38,0,16,0,0,35,1,1,0,0,0,1,0,0,0
20:53:51.425,0,2.3,62,0,0,0,55,54.9,2,0,1,54,54,3,0,0,0,0,0,0,0,0,12,190,1,39,39,19,38,19,39,38,37,38,-851583,8,4.863,0.015,13.764,38,0,16,0,0,35,1,1,0,0,0,1,0,0,0
20:53:51.525,0,4,52,0,0,0,55,54.9,2,0,0,57,54,3,0,0,0,0,0,0,0,0,12,190,1,39,39,19,38,19,39,38,37,38,-851583,8,4.863,0.015,13.743,38,0,16,0,0,32,0,0,0,0,0,1,0,0,0
20:53:51.625,0,3.8,42,0,0,0,55,54.9,2,0,0,56,55,3,0,0,0,0,0,0,0,0,12,190,1,39,39,19,38,19,39,38,37,38,-851583,8,4.863,0.015,13.757,38,0,16,0,0,32,0,0,0,0,0,1,0,0,0
20:53:51.725,0,4.5,35,0,0,0,55,54.9,2,0,0,55,54,3,0,0,0,0,0,0,0,0,12,190,1,39,39,19,38,19,39,38,37,38,-851583,8,4.863,0.015,13.75,38,0,16,0,0,32,0,0,0,0,0,1,0,0,0
20:53:51.825,0,5.7,29,0,0,0,55,54.9,2,0,0,56,55,3,0,0,0,0,0,0,0,0,12,190,1,39,39,19,38,19,39,38,37,38,-851583,8,4.863,0.015,13.743,38,0,16,0,0,32,0,0,0,0,0,1,0,0,0
20:53:51.925,0,6.6,25,0,0,0,54.7,54.9,2,0,0,56,55,3,0,0,0,0,0,0,0,0,12,190,1,39,39,19,38,19,39,38,37,38,-851583,8,4.863,0.015,13.764,38,0,16,0,0,32,0,0,0,0,0,1,0,0,0
20:53:52.025,0,8,20,0,0,0,54,54.9,2,0,0,55,55,3,0,0,0,0,0,0,0,0,12,190,1,39,39,19,38,19,39,38,37,38,-851583,8,4.863,0.015,13.764,37,0,16,0,0,32,0,0,0,0,0,1,0,0,0
20:53:52.125,0,8.9,18,0,0,0,54,54.9,2,0,0,55,55,3,0,0,0,0,0,0,0,0,12,190,1,39,39,19,38,19,39,38,37,38,-851583,8,4.863,0.015,13.729,38,0,16,0,0,32,0,0,0,0,0,1,0,0,0
20:53:52.225,0,11.1,15,0,0,0,54,54.9,2,0,0,55,54,3,0,0,0,0,0,0,0,0,12,190,1,39,39,19,38,19,39,38,37,38,-851583,8,4.863,0.015,13.75,38,0,16,0,0,32,0,0,0,0,0,1,0,0,0
20:53:52.325,0,11.4,12,0,0,0,54,54.9,2,0,0,55,55,3,0,0,0,0,0,0,0,0,12,190,1,39,39,19,38,19,39,38,37,38,-851583,8,4.863,0.015,13.743,38,0,16,0,0,32,0,0,0,0,0,1,0,0,0
20:53:52.425,0,18,10,0,0,0,54,54.9,2,0,0,55,54,3,0,0,0,0,0,0,0,0,12,190,1,39,39,19,38,19,39,38,37,38,-851583,8,4.863,0.015,13.75,38,0,16,0,0,32,0,0,0,0,0,1,0,0,0
20:53:52.525,0,21.4,8,0,0,0,54,54.9,2,0,0,55,55,3,0,0,0,0,0,0,0,0,12,190,1,39,39,19,38,19,39,38,37,38,-851583,8,4.863,0.015,13.75,38,0,16,0,0,32,0,0,0,0,0,1,0,0,0
20:53:52.625,0,18.6,7,0,0,0,54,54.9,2,0,0,55,54,3,0,0,0,0,0,0,0,0,12,190,1,39,39,19,38,19,39,38,37,38,-851583,8,4.863,0.015,13.743,38,0,16,0,0,32,0,0,0,0,0,1,0,0,0
20:53:52.725,0,26.1,6,0,0,0,54,54.9,2,0,0,55,54,3,0,0,0,0,0,0,0,0,12,190,1,39,39,19,38,19,39,38,37,38,-851583,8,4.863,0.015,13.75,38,0,16,0,0,32,0,0,0,0,0,1,0,0,0
20:53:52.825,0,26.6,5,0,0,0,54,54.9,2,0,0,55,54,3,0,0,0,0,0,0,0,0,12,190,1,39,39,19,38,19,39,38,37,38,-851583,8,4.863,0.015,13.743,38,0,16,0,0,32,0,0,0,0,0,1,0,0,0
20:53:52.925,0,44.2,4,0,0,0,54,54.9,2,0,0,55,54,3,0,0,0,0,0,0,0,0,12,190,1,39,39,19,38,19,39,38,37,38,-851583,8,4.863,0.015,13.736,38,0,16,0,0,32,0,0,0,0,0,1,0,0,0
20:53:53.025,0,36.6,3,0,0,0,54,54.9,2,0,0,54,54,3,0,0,0,0,0,0,0,0,12,190,1,39,39,19,38,19,39,38,37,38,-851583,8,4.863,0.015,13.743,38,0,16,0,0,32,0,0,0,0,0,1,0,0,0
20:53:53.125,0,38.1,4,0,0,0,54,54.9,2,0,0,55,54,3,0,0,0,0,0,0,0,0,12,190,1,39,39,19,38,19,39,38,37,38,-851583,8,4.863,0.015,13.75,38,0,16,0,0,32,0,0,0,0,0,1,0,0,0
20:53:53.225,0,27.4,3,0,0,0,54,54.9,2,0,0,54,54,3,0,0,0,0,0,0,0,0,12,190,1,39,39,19,38,19,39,38,37,38,-851583,8,4.863,0.015,13.75,38,0,16,0,0,32,0,0,0,0,0,1,0,0,0
20:53:53.325,0,30.1,3,0,0,0,54,54.9,2,0,0,55,54,3,0,0,0,0,0,0,0,0,12,190,1,39,39,19,38,19,39,38,37,38,-851583,8,4.863,0.015,13.771,38,0,16,0,0,32,0,0,0,0,0,1,0,0,0
20:53:53.425,0,25.7,2,0,0,0,54,54.9,2,0,0,55,55,3,0,0,0,0,0,0,0,0,12,190,1,39,39,19,38,19,39,38,37,38,-851583,8,4.863,0.015,13.743,38,0,16,0,0,32,0,0,0,0,0,1,0,0,0
20:53:53.525,0,27.8,3,0,0,0,54,54.9,2,0,0,55,52,3,0,0,0,0,0,0,0,0,12,190,1,39,39,19,38,19,39,37,37,38,-851583,8,4.863,0.015,13.757,38,0,16,0,0,32,0,0,0,0,0,1,0,0,0
20:53:53.625,0,26,2,0,0,0,54,54.9,2,0,0,55,54,3,0,0,0,0,0,0,0,0,12,190,1,39,39,19,38,19,39,38,37,38,-851583,8,4.863,0.015,13.771,38,0,16,0,0,32,0,0,0,0,0,1,0,0,0
20:53:53.725,0,27,2,0,0,0,54,54.9,2,0,0,55,54,3,0,0,0,0,0,0,0,0,12,190,1,39,39,19,38,19,39,38,37,38,-851583,8,4.863,0.015,13.743,38,0,16,0,0,32,0,0,0,0,0,1,0,0,0
20:53:53.825,0,25.4,1,0,0,0,54,54.9,2,0,0,55,54,3,0,0,0,0,0,0,0,0,12,190,1,39,39,19,38,19,39,38,37,38,-851583,8,4.863,0.015,13.757,38,0,16,0,0,32,0,0,0,0,0,1,0,0,0
20:53:53.925,0,26,2,0,0,0,54,54.9,2,0,0,55,54,3,0,0,0,0,0,0,0,0,12,190,1,39,39,19,39,19,39,38,37,38,-851583,8,4.863,0.015,13.743,38,0,16,0,0,32,0,0,0,0,0,1,0,0,0
20:53:54.025,0,14.1,2,0,0,0,54,54.9,2,0,0,55,54,3,0,0,0,0,0,0,0,0,12,190,1,39,39,19,19,19,39,38,37,38,-851583,8,4.863,0.015,13.743,38,0,16,0,0,32,0,0,0,0,0,1,0,0,0
20:53:54.125,0,17.9,1,0,0,0,54,54.9,2,0,0,55,54,3,0,0,0,0,0,0,0,0,12,190,1,39,39,19,38,19,39,38,37,38,-851583,8,4.863,0.015,13.757,38,0,16,0,0,32,0,0,0,0,0,1,0,0,0
20:53:54.225,0,12,1,0,0,0,54,54.9,2,0,0,54,54,3,0,0,0,0,0,0,0,0,12,190,1,39,39,19,38,19,39,38,37,39,-851583,8,4.863,0.015,13.771,38,0,16,0,0,32,0,0,0,0,0,1,0,0,0
20:53:54.325,0,12.2,1,0,0,0,53.6,54.9,2,0,0,55,54,3,0,0,0,0,0,0,0,0,12,190,1,39,39,19,38,19,39,38,37,39,-851583,8,4.863,0.015,13.757,38,0,16,0,0,32,0,0,0,0,0,1,0,0,0
20:53:54.425,0,5.8,1,0,0,0,53,54.9,2,0,0,55,54,3,0,0,0,0,0,0,0,0,12,190,1,39,39,19,38,19,39,38,37,38,-851583,8,4.863,0.015,13.777,38,0,16,0,0,32,0,0,0,0,0,1,0,0,0
20:53:54.525,0,9.6,1,0,0,0,53,54.9,2,0,0,55,54,3,0,0,0,0,0,0,0,0,12,190,1,39,39,19,38,19,39,38,37,38,-851583,8,4.863,0.015,13.764,38,0,16,0,0,32,0,0,0,0,0,1,0,0,0
20:53:54.625,0,9.4,1,0,0,0,53,54.9,2,0,0,55,54,3,0,0,0,0,0,0,0,0,12,190,1,39,39,19,38,19,39,38,37,38,-851583,8,4.863,0.015,13.743,38,0,16,0,0,32,0,0,0,0,0,1,0,0,0
20:53:54.725,0,7.1,1,0,0,0,53,54.9,2,0,0,55,54,3,0,0,0,0,0,0,0,0,12,190,1,39,39,19,38,19,39,38,37,39,-851583,8,4.863,0.015,13.757,38,0,16,0,0,32,0,0,0,0,0,1,0,0,0
20:53:54.825,0,5.8,1,0,0,0,53,54.9,2,0,0,55,54,3,0,0,0,0,0,0,0,0,12,190,1,39,39,19,38,19,39,38,37,38,-851583,8,4.863,0.015,13.764,38,0,16,0,0,32,0,0,0,0,0,1,0,0,0
20:53:54.925,0,5.7,1,0,0,0,53,54.9,2,0,0,55,55,3,0,0,0,0,0,0,0,0,12,190,1,39,39,19,38,19,39,38,37,39,-851583,8,4.863,0.015,13.757,38,0,16,0,0,32,0,0,0,0,0,1,0,0,0
20:53:55.025,0,4.6,1,0,0,0,53,54.9,2,0,0,55,54,3,0,0,0,0,0,0,0,0,12,190,1,39,39,19,38,19,39,38,37,38,-851583,8,4.863,0.015,13.75,38,0,16,0,0,32,0,0,0,0,0,1,0,0,0
20:53:55.125,0,1.7,1,0,0,0,53,54.9,2,0,0,55,54,3,0,0,0,0,0,0,0,0,12,190,1,39,39,19,38,19,39,38,37,39,-851583,8,4.863,0.015,13.743,38,0,16,0,0,32,0,0,0,0,0,1,0,0,0
