Time,Motor RPM [Rpm],MC Duty Cycle [%],MC Volts [V],AC Current,DC Current [A],CellId,MC Temp [°C],Motor Temp [°C],Fault Code,MC Throttle [%],Drive Enable,RadIn_Temp [°C],RadOut_Tem [°C],Flowrate,Actual_FOC_id,Actual_FOC_iq,Actual_Brake [%],Rolling_Counter,Relay_State,CRC_Checksum,CRC_Checksum_22,Pack_Current,Pack_CCL,Pack_DCL,Pack_Open_Volta,TSB HighTemp,Pack_SOC,Cell Low,Therm1_Val [°C],Therm1_LowVal [°C],Therm1_HighVal [°C],Therm2_Val [°C],Therm2_LowVal [°C],Therm2_HighVal [°C],Therm1_ID,Therm1_ModNum,AN3 [V],AN6 [V],VBAT [V],Int Temp [°C],CAN1 Load [%],CAN1 ERRORS [hex],CAN2 ERRORS [decimal],ALARMS1 [decimal],uFLAGS1 [decimal],RTD,Energized,LV Low,Motor Temp High,MC Temp High,Logging,TSB Temp,Stop Logging,WATER T ALM
20:10:00.025,1235.2,22.9,337,0,0,0,48,46.9,0,0,1,51,48,0,0,0,0,0,0,0,0,0,13,190,1,34,34,15,33,15,34,33,33,34,-851583,8,4.863,0,14.488,40,0,32,0,0,35,1,1,0,0,0,1,0,0,0
20:10:00.125,1227.3,22,336,0,0,0,48,46.9,0,0,1,51,48,0,0,0,0,0,0,0,0,0,13,190,1,34,34,15,33,15,34,33,33,34,-851583,8,4.863,0.015,14.488,40,0,32,0,0,35,1,1,0,0,0,1,0,0,0
20:10:00.225,1223.3,23.1,337,0,0,0,48,46.9,0,0,1,51,48,0,0,0,0,0,0,0,0,0,13,190,1,34,34,15,34,15,34,33,33,34,-851583,8,4.863,0.015,14.488,40,0,32,0,0,35,1,1,0,0,0,1,0,0,0
20:10:00.325,1205.5,23.6,336,0,0,0,48,46.9,0,0,1,51,48,0,0,0,0,0,0,0,0,0,13,190,1,34,34,15,33,15,34,33,33,34,-851583,8,4.863,0.015,14.488,40,0,32,0,0,35,1,1,0,0,0,1,0,0,0
20:10:00.425,1216.7,23.2,336,0,0,0,48,46.9,0,0,1,51,48,0,0,0,0,0,0,0,0,0,13,190,1,34,34,15,34,15,34,33,33,34,-851583,8,4.863,0.015,14.488,40,0,32,0,0,35,1,1,0,0,0,1,0,0,0
20:10:00.525,1211.5,22.5,336,0,0,0,48,46.9,0,0,1,51,48,0,0,0,0,0,0,0,0,0,13,190,1,34,34,15,34,15,34,33,33,34,-851583,8,4.863,0.015,14.488,40,0,32,0,0,35,1,1,0,0,0,1,0,0,0
20:10:00.625,1187.8,22.5,336,0,0,0,48,46.9,0,0,1,51,48,0,0,0,0,0,0,0,0,0,13,190,1,34,34,15,34,15,34,33,33,34,-851583,8,4.863,0.015,14.488,40,0,32,0,0,35,1,1,0,0,0,1,0,0,0
20:10:00.725,1181.1,22.4,337,0,0,0,48,46.9,0,0,1,50,48,0,0,0,0,0,0,0,0,0,13,190,1,34,34,15,33,15,34,33,33,34,-851583,8,4.863,0.015,14.488,40,0,32,0,0,35,1,1,0,0,0,1,0,0,0
20:10:00.825,1177.7,21.5,336,0,0,0,48,46.9,0,0,1,51,48,0,0,0,0,0,0,0,0,0,13,190,1,34,34,15,33,15,34,34,33,34,-851583,8,4.863,0.015,14.488,40,0,32,0,0,35,1,1,0,0,0,1,0,0,0
20:10:00.925,1160.5,21.3,335,0,0,0,48,46.9,0,0,1,51,48,0,0,0,0,0,0,0,0,0,13,190,1,34,34,15,33,15,34,33,33,34,-851583,8,4.863,0.015,14.495,40,0,32,0,0,35,1,1,0,0,0,1,0,0,0
20:10:01.025,1154.3,22.2,337,0,0,0,48,46.9,0,0,1,51,48,0,0,0,0,0,0,0,0,0,13,190,1,34,34,15,33,15,34,33,33,34,-851583,8,4.863,0.015,14.488,40,0,32,0,0,35,1,1,0,0,0,1,0,0,0
20:10:01.125,1151.7,22.1,337,0,0,0,48,46.9,0,0,1,51,48,0,0,0,0,0,0,0,0,0,13,190,1,34,34,15,33,15,34,33,33,34,-851583,8,4.863,0.015,14.495,40,0,32,0,0,35,1,1,0,0,0,1,0,0,0
20:10:01.225,1136.5,20.8,336,0,0,0,48,46.9,0,0,1,51,48,0,0,0,0,0,0,0,0,0,13,190,1,34,34,15,33,15,34,33,33,34,-851583,8,4.863,0.015,14.495,40,0,32,0,0,35,1,1,0,0,0,1,0,0,0
20:10:01.325,1129.1,21.1,337,0,0,0,48,46.9,0,0,1,50,48,0,0,0,0,0,0,0,0,0,13,190,1,34,34,15,33,15,34,33,33,34,-851583,8,4.863,0.015,14.488,40,0,32,0,0,35,1,1,0,0,0,1,0,0,0
20:10:01.425,1119,20.8,337,0,0,0,48,46.9,0,0,1,51,48,0,0,0,0,0,0,0,0,0,13,190,1,34,34,15,33,15,34,33,33,34,-851583,8,4.863,0.015,14.488,40,0,32,0,0,35,1,1,0,0,0,1,0,0,0
20:10:01.525,1113.1,20.9,337,0,0,0,48,46.9,0,0,1,51,48,0,0,0,0,0,0,0,0,0,13,190,1,34,34,15,33,15,34,33,33,34,-851583,8,4.858,0.015,14.488,40,0,32,0,0,35,1,1,0,0,0,1,0,0,0
20:10:01.625,1108.4,18.9,336,0,0,0,48,46.9,0,0,1,51,48,0,0,0,0,0,0,0,0,-0.4,13,190,1,34,34,15,34,15,34,33,33,34,-851583,8,4.858,0.015,14.488,40,0,32,0,0,35,1,1,0,0,0,1,0,0,0
20:10:01.725,1088.3,24.1,337,0,0,0,48,46.9,0,0,1,51,48,0,0,0,0,0,0,0,0,-0.1,13,190,1,34,34,15,33,15,34,34,33,34,-851583,8,4.863,0.015,14.488,40,0,32,0,0,35,1,1,0,0,0,1,0,0,0
20:10:01.825,1088.1,21.5,335,4,0.8,0,48,46.9,0,0,1,51,48,0,0,0,0,0,0,0,0,0.4,13,190,1,34,34,15,33,15,34,33,33,34,-851583,8,4.863,0.015,14.447,40,0,32,0,0,35,1,1,0,0,0,1,0,0,0
20:10:01.925,1084.7,24.4,335,7.3,1.1,0,48,46.8,0,0,1,50,48,0,0,0,0,0,0,0,0,1.2,13,190,1,34,34,15,33,15,34,33,33,34,-851583,8,4.863,0.015,14.454,40,0,32,0,0,35,1,1,0,0,0,1,0,0,0
20:10:02.025,1112.8,29.2,333,53.3,11.7,0,48,46.8,0,0,1,51,48,0,0,0,0,0,0,0,0,11.5,13,190,1,34,34,15,33,15,34,34,33,34,-851583,8,4.863,0.015,14.454,40,0,32,0,0,35,1,1,0,0,0,1,0,0,0
20:10:02.125,1093.3,27.8,334,43.4,9.4,0,48,46.8,0,0,1,51,48,0,0,0,0,0,0,0,0,8.6,13,190,1,34,34,15,33,15,34,33,33,34,-851583,8,4.863,0.015,14.447,40,0,32,0,0,35,1,1,0,0,0,1,0,0,0
20:10:02.225,1100.4,27.8,334,44.4,9.9,0,48,46.9,0,0,1,51,48,0,0,0,0,0,0,0,0,8.3,13,190,1,34,34,15,33,15,34,33,33,34,-851583,8,4.863,0.015,14.447,40,0,32,0,0,35,1,1,0,0,0,1,0,0,0
20:10:02.325,1108.1,27.9,333,42.8,9.8,0,48,46.9,0,0,1,54,48,0,0,0,0,0,0,0,0,8.5,13,190,1,34,34,15,33,15,34,33,33,34,-851583,8,4.863,0.015,14.447,40,0,32,0,0,35,1,1,0,0,0,1,0,0,0
20:10:02.425,1118.6,28.2,333,42.9,10,0,48,46.9,0,0,1,54,48,0,0,0,0,0,0,0,0,8.3,13,190,1,34,34,15,33,15,34,33,33,34,-851583,8,4.863,0.015,14.454,40,0,32,0,0,35,1,1,0,0,0,1,0,0,0
20:10:02.525,1120.9,27.9,334,38.7,9,0,48,46.9,0,0,1,52,48,0,0,0,0,0,0,0,0,7.9,13,190,1,34,34,15,34,15,34,33,33,34,-851583,8,4.863,0.015,14.447,40,0,32,0,0,35,1,1,0,0,0,1,0,0,0
20:10:02.625,1127.5,28.3,333,40,9.5,0,48,46.9,0,0,1,54,49,0,0,0,0,0,0,0,0,8.1,13,190,1,34,34,15,33,15,34,33,33,34,-851583,8,4.863,0.015,14.454,40,0,32,0,0,35,1,1,0,0,0,1,0,0,0
20:10:02.725,1132.9,28.2,334,28.9,6.6,0,48,46.9,0,0,1,52,49,0,0,0,0,0,0,0,0,5.8,13,190,1,34,34,15,33,15,34,33,33,34,-851583,8,4.863,0.015,14.454,40,0,32,0,0,35,1,1,0,0,0,1,0,0,0
20:10:02.825,1136.4,28.1,333,30,7.2,0,48,46.9,0,0,1,52,49,0,0,0,0,0,0,0,0,5.9,13,190,1,34,34,15,33,15,34,33,33,34,-851583,8,4.863,0.015,14.454,40,0,32,0,0,35,1,1,0,0,0,1,0,0,0
20:10:02.925,1140.9,28.2,333,30.5,7.2,0,48,46.9,0,0,1,52,49,0,0,0,0,0,0,0,0,6.1,13,190,1,34,34,15,34,15,34,34,33,34,-851583,8,4.863,0.015,14.447,40,0,32,0,0,35,1,1,0,0,0,1,0,0,0
20:10:03.025,1142.5,28.2,333,28.7,6.4,0,48,46.9,0,0,1,52,48,0,0,0,0,0,0,0,0,5.4,13,190,1,34,34,15,34,15,34,33,33,34,-851583,8,4.863,0.015,14.454,40,0,32,0,0,35,1,1,0,0,0,1,0,0,0
20:10:03.125,1144,28.2,334,31.8,7.6,0,48,46.9,0,0,1,52,48,0,0,0,0,0,0,0,0,6.4,13,190,1,34,34,15,15,15,34,34,33,34,-851583,8,4.863,0.015,14.447,40,0,32,0,0,35,1,1,0,0,0,1,0,0,0
20:10:03.225,1147.9,28.4,332,29.9,7.2,0,48,46.9,0,0,1,51,48,0,0,0,0,0,0,0,0,6.6,13,190,1,34,34,15,33,15,34,33,33,34,-851583,8,4.863,0.015,14.454,40,0,32,0,0,35,1,1,0,0,0,1,0,0,0
20:10:03.325,1151.9,28.5,333,27.6,6.5,0,48,46.9,0,0,1,52,48,0,0,0,0,0,0,0,0,5.7,13,190,1,34,34,15,34,15,34,33,33,34,-851583,8,4.863,0.015,14.447,40,0,32,0,0,35,1,1,0,0,0,1,0,0,0
20:10:03.425,1156.5,28.6,333,31.2,7.2,0,48,46.9,0,0,1,51,48,0,0,0,0,0,0,0,0,6,13,190,1,34,34,15,34,15,34,33,33,34,-851583,8,4.863,0.015,14.447,40,0,32,0,0,35,1,1,0,0,0,1,0,0,0
20:10:03.525,1161.1,28.6,333,32.4,7.4,0,48,46.9,0,0,1,51,48,0,0,0,0,0,0,0,0,6.6,13,190,1,34,34,15,34,15,34,33,33,34,-851583,8,4.863,0.015,14.447,40,0,32,0,0,35,1,1,0,0,0,1,0,0,0
20:10:03.625,1159.9,28.6,334,32.5,7.5,0,48,46.9,0,0,1,51,48,0,0,0,0,0,0,0,0,6.2,13,190,1,34,34,15,34,15,34,33,33,34,-851583,8,4.863,0.015,14.447,40,0,32,0,0,35,1,1,0,0,0,1,0,0,0
20:10:03.725,1163.9,28.6,333,34.9,8.3,0,48,46.9,0,0,1,51,48,0,0,0,0,0,0,0,0,7.1,13,190,1,34,34,15,34,15,34,33,33,34,-851583,8,4.863,0.015,14.454,40,0,32,0,0,35,1,1,0,0,0,1,0,0,0
20:10:03.825,1168,28.8,334,33,7.8,0,48,46.9,0,0,1,51,48,0,0,0,0,0,0,0,0,6.2,13,190,1,34,34,15,34,15,34,33,33,34,-851583,8,4.863,0.015,14.454,40,0,32,0,0,35,1,1,0,0,0,1,0,0,0
20:10:03.925,1168.3,28.9,334,31.5,7.2,0,48,46.9,0,0,1,51,48,0,0,0,0,0,0,0,0,6.6,13,190,1,34,34,15,34,15,34,34,33,34,-851583,8,4.863,0.015,14.447,40,0,32,0,0,35,1,1,0,0,0,1,0,0,0
20:10:04.025,1174,29,333,30.6,7.3,0,48.2,46.9,0,0,1,51,48,0,0,0,0,0,0,0,0,7.2,13,190,1,34,34,15,34,15,34,34,33,34,-851583,8,4.863,0.015,14.447,40,0,32,0,0,35,1,1,0,0,0,1,0,0,0
20:10:04.125,1181,29.2,333,27.9,6.4,0,48.6,46.9,0,0,1,51,48,0,0,0,0,0,0,0,0,5.6,13,190,1,34,34,15,33,15,34,34,33,34,-851583,8,4.863,0.015,14.447,40,0,32,0,0,35,1,1,0,0,0,1,0,0,0
20:10:04.225,1181.8,29.2,334,28.3,6.3,0,48.9,46.9,0,0,1,51,48,0,0,0,0,0,0,0,0,6.5,13,190,1,34,34,15,33,15,34,33,33,34,-851583,8,4.858,0.015,14.454,40,0,32,0,0,35,1,1,0,0,0,1,0,0,0
20:10:04.325,1181.1,29.1,334,28.5,6.6,0,48.9,46.9,0,0,1,50,48,0,0,0,0,0,0,0,0,5.7,13,190,1,34,34,15,33,15,34,33,33,34,-851583,8,4.858,0.015,14.454,40,0,32,0,0,35,1,1,0,0,0,1,0,0,0
20:10:04.425,1183.7,29.1,334,27.7,6.2,0,48.9,46.9,0,0,1,51,48,0,0,0,0,0,0,0,0,5.5,13,190,1,34,34,15,34,15,34,33,33,34,-851583,8,4.863,0.015,14.447,40,0,32,0,0,35,1,1,0,0,0,1,0,0,0
20:10:04.525,1185.5,29.1,334,26.4,6.3,0,48.9,46.9,0,0,1,50,48,0,0,0,0,0,0,0,0,5.2,13,190,1,34,34,15,34,15,34,33,33,34,-851583,8,4.863,0.015,14.454,40,0,32,0,0,35,1,1,0,0,0,1,0,0,0
20:10:04.625,1188.6,29.1,333,27.1,6.1,0,48.9,46.9,0,0,1,50,48,0,0,0,0,0,0,0,0,5.3,13,190,1,34,34,15,33,15,34,33,33,34,-851583,8,4.863,0.015,14.447,40,0,32,0,0,35,1,1,0,0,0,1,0,0,0
20:10:04.725,1194.2,29.2,333,25.7,5.5,0,48.9,46.9,0,0,1,51,48,0,0,0,0,0,0,0,0,5.2,13,190,1,34,34,15,34,15,34,33,33,34,-851583,8,4.863,0.015,14.447,40,0,32,0,0,35,1,1,0,0,0,1,0,0,0
20:10:04.825,1196.4,29.2,333,26.5,6,0,48.9,46.9,0,0,1,51,48,0,0,0,0,0,0,0,0,4.9,13,190,1,34,34,15,34,15,34,33,33,34,-851583,8,4.863,0.015,14.447,40,0,32,0,0,35,1,1,0,0,0,1,0,0,0
20:10:04.925,1198,29,334,23.3,5.5,0,48.9,46.9,0,0,1,51,48,0,0,0,0,0,0,0,0,4.6,13,190,1,34,34,15,33,15,34,33,33,34,-851583,8,4.863,0.015,14.447,40,0,32,0,0,35,1,1,0,0,0,1,0,0,0
20:10:05.025,1201.6,29.2,334,22.4,5.1,0,48.9,46.9,0,0,1,51,48,0,0,0,0,0,0,0,0,4.1,13,190,1,34,34,15,33,15,34,33,33,34,-851583,8,4.863,0.015,14.447,40,0,32,0,0,35,1,1,0,0,0,1,0,0,0
20:10:05.125,1202.3,29.2,334,21.9,4.2,0,48.9,46.9,0,0,1,51,48,0,0,0,0,0,0,0,0,4.5,13,190,1,34,34,15,33,15,34,33,33,34,-851583,8,4.858,0.015,14.447,40,0,32,0,0,35,1,1,0,0,0,1,0,0,0
20:10:05.225,1203.9,29.3,334,22.7,5.2,0,48.9,46.9,0,0,1,51,48,0,0,0,0,0,0,0,0,4.7,13,190,1,34,34,15,34,15,34,33,33,34,-851583,8,4.863,0.015,14.447,40,0,32,0,0,35,1,1,0,0,0,1,0,0,0
20:10:05.325,1197.5,28.5,334,13.2,2.9,0,48.9,46.9,0,0,1,51,48,0,0,0,0,0,0,0,0,2.4,13,190,1,34,34,15,34,15,34,34,33,34,-851583,8,4.863,0.015,14.454,40,0,32,0,0,35,1,1,0,0,0,1,0,0,0
20:10:05.425,1197.8,28.6,335,12.7,2.5,0,48.9,46.9,0,0,1,50,48,0,0,0,0,0,0,0,0,2.5,13,190,1,34,34,15,33,15,34,34,33,34,-851583,8,4.858,0.015,14.447,40,0,32,0,0,35,1,1,0,0,0,1,0,0,0
20:10:05.525,1199.1,28.6,334,14,2.8,0,48.9,46.9,0,0,1,50,48,0,0,0,0,0,0,0,0,2.9,13,190,1,34,34,15,33,15,34,33,33,34,-851583,8,4.863,0.015,14.454,40,0,32,0,0,35,1,1,0,0,0,1,0,0,0
20:10:05.625,1199.2,28.7,334,14.2,3,0,48.9,46.9,0,0,1,50,48,0,0,0,0,0,0,0,0,2.7,13,190,1,34,34,15,34,15,34,33,33,34,-851583,8,4.863,0.015,14.447,40,0,32,0,0,35,1,1,0,0,0,1,0,0,0
20:10:05.725,1214.9,32.5,333,52.4,14,0,48.9,46.9,0,0,1,51,48,0,0,0,0,0,0,0,0,10.4,13,190,1,34,34,15,33,15,34,33,33,34,-851583,8,4.863,0.015,14.454,40,0,32,0,0,35,1,1,0,0,0,1,0,0,0
20:10:05.825,1212.1,29.6,333,31.5,7.8,0,48.9,46.9,0,0,1,51,48,0,0,0,0,0,0,0,0,8.6,13,190,1,34,34,15,34,15,34,33,33,34,-851583,8,4.863,0.015,14.447,40,0,32,0,0,35,1,1,0,0,0,1,0,0,0
20:10:05.925,1211.4,28.1,334,12.2,2.6,0,48.9,46.9,0,0,1,50,49,0,0,0,0,0,0,0,0,2.6,13,190,1,34,34,15,34,15,34,33,33,34,-851583,8,4.863,0.015,14.447,40,0,32,0,0,35,1,1,0,0,0,1,0,0,0
20:10:06.025,1211.5,28.3,335,10,2.3,0,48.9,46.9,0,0,1,54,48,0,0,0,0,0,0,0,0,2.5,13,190,1,34,34,15,33,15,34,33,33,34,-851583,8,4.863,0.015,14.447,40,0,32,0,0,35,1,1,0,0,0,1,0,0,0
20:10:06.125,1210.6,28.8,334,11.9,2.8,0,48.9,46.9,0,0,1,54,48,0,0,0,0,0,0,0,0,2.3,13,190,1,34,34,15,33,15,34,33,33,34,-851583,8,4.858,0.015,14.447,40,0,32,0,0,35,1,1,0,0,0,1,0,0,0
20:10:06.225,1210.5,28.8,336,14.1,3.2,0,48.9,46.9,0,0,1,54,48,0,0,0,0,0,0,0,0,3.4,13,190,1,34,34,15,34,15,34,33,33,34,-851583,8,4.863,0.015,14.447,40,0,32,0,0,35,1,1,0,0,0,1,0,0,0
20:10:06.325,1208.7,29,334,14.7,3.4,0,48.9,46.9,0,0,1,52,49,0,0,0,0,0,0,0,0,2.8,13,190,1,34,34,15,33,15,34,34,33,34,-851583,8,4.863,0.015,14.454,40,0,32,0,0,35,1,1,0,0,0,1,0,0,0
20:10:06.425,1204.1,28.8,335,15.1,2.9,0,48.9,46.9,0,0,1,52,49,0,0,0,0,0,0,0,0,2.8,13,190,1,34,34,15,34,15,34,33,33,34,-851583,8,4.863,0.015,14.447,40,0,32,0,0,35,1,1,0,0,0,1,0,0,0
20:10:06.525,1203.9,28.9,335,15.4,3.3,0,48.9,46.9,0,0,1,52,49,0,0,0,0,0,0,0,0,3.2,13,190,1,34,34,15,34,15,34,33,33,34,-851583,8,4.863,0.015,14.447,40,0,32,0,0,35,1,1,0,0,0,1,0,0,0
20:10:06.625,1204.9,28.9,334,15.5,3.1,0,48.9,46.9,0,0,1,52,49,0,0,0,0,0,0,0,0,3.6,13,190,1,34,34,15,34,15,34,33,33,34,-851583,8,4.863,0.015,14.454,40,0,32,0,0,35,1,1,0,0,0,1,0,0,0
20:10:06.725,1202.5,29,334,18.5,4.3,0,48.9,46.9,0,0,1,52,48,0,0,0,0,0,0,0,0,3.8,13,190,1,34,34,15,33,15,34,33,33,34,-851583,8,4.863,0.015,14.447,40,0,32,0,0,35,1,1,0,0,0,1,0,0,0
20:10:06.825,1200,28.9,334,19,4.5,0,48.9,46.9,0,0,1,52,48,0,0,0,0,0,0,0,0,4.3,13,190,1,34,34,15,33,15,34,33,33,34,-851583,8,4.863,0.015,14.454,40,0,32,0,0,35,1,1,0,0,0,1,0,0,0
20:10:06.925,1197.5,28.8,336,18.5,4.6,0,48.9,46.9,0,0,1,52,48,0,0,0,0,0,0,0,0,3.7,13,190,1,34,34,15,33,15,34,33,33,34,-851583,8,4.863,0.015,14.447,40,0,32,0,0,35,1,1,0,0,0,1,0,0,0
20:10:07.025,1196.4,29.1,334,22.9,5.5,0,48.9,46.9,0,0,1,51,49,0,0,0,0,0,0,0,0,5.1,13,190,1,34,34,15,33,15,34,33,33,34,-851583,8,4.863,0.015,14.447,40,0,32,0,0,35,1,1,0,0,0,1,0,0,0
20:10:07.125,1197.2,29.1,335,22.5,5,0,48.9,46.9,0,0,1,51,48,0,0,0,0,0,0,0,0,4.8,13,190,1,34,34,15,33,15,34,33,33,34,-851583,8,4.863,0.015,14.447,40,0,32,0,0,35,1,1,0,0,0,1,0,0,0
20:10:07.225,1193.2,29.1,335,23.2,5.6,0,48.9,46.9,0,0,1,51,48,0,0,0,0,0,0,0,0,5.3,13,190,1,34,34,15,33,15,34,34,33,34,-851583,8,4.863,0.015,14.447,40,0,32,0,0,35,1,1,0,0,0,1,0,0,0
20:10:07.325,1197.4,29.7,333,33.1,8.3,0,48.9,46.9,0,0,1,51,48,0,0,0,0,0,0,0,0,7.4,13,190,1,34,34,15,33,15,34,33,33,34,-851583,8,4.863,0.015,14.447,40,0,32,0,0,35,1,1,0,0,0,1,0,0,0
20:10:07.425,1208.8,29.2,334,34.9,8.8,0,48.9,46.9,0,0,1,51,48,0,0,0,0,0,0,0,0,7.6,13,190,1,34,34,15,33,15,34,33,33,34,-851583,8,4.863,0.015,14.447,40,0,32,0,0,35,1,1,0,0,0,1,0,0,0
20:10:07.525,1202.6,29.4,333,31.8,7,0,48.9,46.9,0,0,1,51,48,0,0,0,0,0,0,0,0,6.9,13,190,1,34,34,15,33,15,34,34,33,34,-851583,8,4.863,0.015,14.454,40,0,32,0,0,35,1,1,0,0,0,1,0,0,0
20:10:07.625,1204,29.5,334,32.1,8,0,48.9,46.9,0,0,1,51,48,0,0,0,0,0,0,0,0,7.1,13,190,1,34,34,15,34,15,34,33,33,34,-851583,8,4.858,0.015,14.447,40,0,32,0,0,35,1,1,0,0,0,1,0,0,0
20:10:07.725,1211.8,29.6,333,33.2,8.2,0,48.9,46.9,0,0,1,51,48,0,0,0,0,0,0,0,0,7.2,13,190,1,34,34,15,33,15,34,33,33,34,-851583,8,4.863,0.015,14.447,40,0,32,0,0,35,1,1,0,0,0,1,0,0,0
20:10:07.825,1215.7,29.6,333,34.6,8.3,0,48.9,46.9,0,0,1,50,48,0,0,0,0,0,0,0,0,7,13,190,1,34,34,15,33,15,34,33,33,34,-851583,8,4.863,0.015,14.447,40,0,32,0,0,35,1,1,0,0,0,1,0,0,0
20:10:07.925,1215.9,29.6,333,34.1,7.8,0,48.9,46.9,0,0,1,50,48,0,0,0,0,0,0,0,0,7.1,13,190,1,34,34,15,33,15,34,33,33,34,-851583,8,4.863,0.015,14.447,40,0,32,0,0,35,1,1,0,0,0,1,0,0,0
20:10:08.025,1219.8,29.8,333,36,8.3,0,48.9,46.9,0,0,1,51,48,0,0,0,0,0,0,0,0,7.6,13,190,1,34,34,15,33,15,34,33,33,34,-851583,8,4.863,0.015,14.447,40,0,32,0,0,35,1,1,0,0,0,1,0,0,0
20:10:08.125,1224.5,30.2,334,40.4,9.9,0,48.9,46.9,0,0,1,51,48,0,0,0,0,0,0,0,0,8.8,13,190,1,34,34,15,33,15,34,33,33,34,-851583,8,4.863,0.015,14.447,40,0,32,0,0,35,1,1,0,0,0,1,0,0,0
20:10:08.225,1233.8,31.3,332,56.3,14.2,0,48.9,46.9,0,0,1,50,48,0,0,0,0,0,0,0,0,11.9,13,190,1,34,34,15,33,15,34,33,33,34,-851583,8,4.858,0.015,14.447,40,0,32,0,0,35,1,1,0,0,0,1,0,0,0
20:10:08.325,1248.6,31.6,331,63.4,16.2,0,48.9,46.9,0,0,1,51,47,0,0,0,0,0,0,0,0,13.9,13,190,1,34,34,15,33,15,34,33,33,34,-851583,8,4.863,0.015,14.447,40,0,32,0,0,35,1,1,0,0,0,1,0,0,0
20:10:08.425,1282.1,35.3,327,120.2,28.8,0,48.9,46.9,0,0,1,51,49,0,0,0,0,0,0,0,0,27.6,12,190,1,34,34,15,33,15,34,34,33,34,-851583,8,4.863,0.015,14.447,40,0,32,0,0,35,1,1,0,0,0,1,0,0,0
20:10:08.525,1284.6,31.5,332,60.3,15.7,0,48.9,46.9,0,0,1,51,48,0,0,0,0,0,0,0,0,14.2,12,190,1,34,34,15,34,15,34,34,33,34,-851583,8,4.863,0.015,14.447,40,0,32,0,0,35,1,1,0,0,0,1,0,0,0
20:10:08.625,1305.4,33.2,331,70.7,18.8,0,48.9,46.9,0,0,1,51,47,0,0,0,0,0,0,0,0,15.8,12,190,1,34,34,15,33,15,34,34,33,34,-851583,8,4.863,0.015,14.447,40,0,32,0,0,35,1,1,0,0,0,1,0,0,0
20:10:08.725,1327.7,33.2,331,75.3,20.2,0,48.9,46.9,0,0,1,50,48,0,0,0,0,0,0,0,0,18.3,12,190,1,34,34,15,33,15,34,33,33,34,-851583,8,4.863,0.015,14.447,40,0,32,0,0,35,1,1,0,0,0,1,0,0,0
20:10:08.825,1339.6,33.2,330,65.6,18.3,0,48.9,46.9,0,0,1,51,48,0,0,0,0,0,0,0,0,15.1,12,190,1,34,34,15,33,15,34,33,33,34,-851583,8,4.863,0.015,14.447,40,0,32,0,0,35,1,1,0,0,0,1,0,0,0
20:10:08.925,1354,33,332,51.7,14.4,0,48.9,46.9,0,0,1,50,48,0,0,0,0,0,0,0,0,12.7,12,190,1,34,34,15,34,15,34,33,33,34,-851583,8,4.863,0.015,14.447,40,0,32,0,0,35,1,1,0,0,0,1,0,0,0
20:10:09.025,1362.8,32.8,332,41.2,11.2,0,48.9,46.9,0,0,1,50,47,0,0,0,0,0,0,0,0,9.5,12,190,1,34,34,15,34,15,34,33,33,34,-851583,8,4.863,0.015,14.447,40,0,32,0,0,35,1,1,0,0,0,1,0,0,0
20:10:09.125,1370.7,33,332,41.2,11.8,0,48.9,46.9,0,0,1,50,48,0,0,0,0,0,0,0,0,10,12,190,1,34,34,15,15,15,34,33,33,34,-851583,8,4.863,0.015,14.454,40,0,32,0,0,35,1,1,0,0,0,1,0,0,0
20:10:09.225,1374.9,33.1,333,40.5,11.3,0,48.9,46.9,0,0,1,50,47,0,0,0,0,0,0,0,0,8.9,13,190,1,34,34,15,33,15,34,33,33,34,-851583,8,4.863,0.015,14.447,40,0,32,0,0,35,1,1,0,0,0,1,0,0,0
20:10:09.325,1396.6,34.1,331,50.3,13.6,0,48.9,46.9,0,0,1,51,47,0,0,0,0,0,0,0,0,12.1,13,190,1,34,34,15,34,15,34,33,33,34,-851583,8,4.863,0.015,14.447,40,0,32,0,0,35,1,1,0,0,0,1,0,0,0
20:10:09.425,1391.1,33.9,332,44,12.4,0,48.9,46.9,0,0,1,50,48,0,0,0,0,0,0,0,0,12.5,13,190,1,34,34,15,34,15,34,34,33,34,-851583,8,4.863,0.015,14.447,40,0,32,0,0,35,1,1,0,0,0,1,0,0,0
20:10:09.525,1407.2,34.1,331,49.7,13.4,0,48.9,46.9,0,0,1,51,48,0,0,0,0,0,0,0,0,12.3,13,190,1,34,34,15,34,15,34,34,33,34,-851583,8,4.863,0.015,14.447,40,0,32,0,0,35,1,1,0,0,0,1,0,0,0
20:10:09.625,1415.6,35.4,330,58.5,16.9,0,48.9,46.9,0,0,1,51,48,0,0,0,0,0,0,0,0,16.2,13,190,1,34,34,15,34,15,34,34,33,34,-851583,8,4.863,0.015,14.441,40,0,32,0,0,35,1,1,0,0,0,1,0,0,0
20:10:09.725,1502,44,319,218.3,60,0,48.9,47.1,0,0,1,50,48,0,0,0,0,0,0,0,0,55.3,13,190,1,34,34,15,34,15,34,33,33,34,-851583,8,4.863,0.015,14.441,40,0,32,0,0,35,1,1,0,0,0,1,0,0,0
20:10:09.825,1532.1,42.4,320,182.8,48.5,0,48.9,47,0,0,1,54,47,0,0,0,0,0,0,0,0,50.8,13,190,1,34,34,15,34,15,34,33,33,34,-851583,8,4.863,0.015,14.441,40,0,32,0,0,35,1,1,0,0,0,1,0,0,0
20:10:09.925,1573.7,43.8,320,164.4,49.9,0,48.9,47,0,0,1,54,48,0,0,0,0,0,0,0,0,47.4,13,190,1,34,34,15,34,15,34,33,33,34,-851583,8,4.863,0.015,14.447,40,0,32,0,0,35,1,1,0,0,0,1,0,0,0
20:10:10.025,1627.2,44,320,163.6,52.8,0,48.9,47,0,0,1,54,48,0,0,0,0,0,0,0,0,48,12,190,1,34,34,15,34,15,34,33,33,34,-851583,8,4.858,0.015,14.441,40,0,32,0,0,35,1,1,0,0,0,1,0,0,0
20:10:10.125,1663.1,44.3,322,134.6,43.1,0,48.9,47,0,0,1,52,49,0,0,0,0,0,0,0,0,41,12,190,1,34,34,15,33,15,34,33,33,34,-851583,8,4.858,0.015,14.447,40,0,32,0,0,35,1,1,0,0,0,1,0,0,0
20:10:10.225,1726.1,47.3,319,161.1,50.9,0,49.9,47,0,0,1,52,49,0,0,0,0,0,0,0,0,50,12,190,1,34,34,15,33,15,34,33,33,34,-851583,8,4.863,0.015,14.447,40,0,32,0,0,35,1,1,0,0,0,1,0,0,0
20:10:10.325,1766.2,47.3,319,172,53.5,0,49.9,47,0,0,1,52,49,0,0,0,0,0,0,0,0,52.9,12,190,1,34,34,15,33,15,34,33,33,34,-851583,8,4.863,0.015,14.447,40,0,32,0,0,35,1,1,0,0,0,1,0,0,0
20:10:10.425,1786.9,44.4,322,128.7,44.2,0,49.9,47,0,0,1,52,48,0,0,0,0,0,0,0,0,39.1,12,190,1,34,34,15,34,15,34,33,33,34,-851583,8,4.858,0.015,14.447,40,0,32,0,0,35,1,1,0,0,0,1,0,0,0
20:10:10.525,1807.2,41.9,326,75.8,26.5,0,49.9,47,0,0,1,52,48,0,0,0,0,0,0,0,0,24.1,12,190,1,34,34,15,34,15,34,33,33,34,-851583,8,4.863,0.015,14.447,40,0,32,0,0,35,1,1,0,0,0,1,0,0,0
20:10:10.625,1813.4,42.9,327,75.8,25.7,0,49.9,47,0,0,1,51,48,0,0,0,0,0,0,0,0,21,12,190,1,34,34,15,33,15,34,33,33,34,-851583,8,4.863,0.015,14.447,40,0,32,0,0,35,1,1,0,0,0,1,0,0,0
20:10:10.725,1744.8,32.9,336,0,0,0,49.9,47.7,0,0,1,51,48,0,0,0,0,0,0,0,0,0,12,190,1,34,34,15,34,15,34,33,33,34,-851583,8,4.863,0.015,14.488,40,0,32,0,0,35,1,1,0,0,0,1,0,0,0
20:10:10.825,1775.4,33,335,0.2,0.6,0,49.9,47.6,0,0,1,51,48,0,0,0,0,0,0,0,0,0,12,190,1,34,34,15,34,15,34,34,33,34,-851583,8,4.863,0.015,14.488,40,0,32,0,0,35,1,1,0,0,0,1,0,0,0
20:10:10.925,1789.2,33.5,336,0,0,0,49.9,47.5,0,0,1,51,48,0,0,0,0,0,0,0,0,0,12,190,1,34,34,15,33,15,34,34,33,34,-851583,8,4.863,0.015,14.468,40,0,32,0,0,35,1,1,0,0,0,1,0,0,0
20:10:11.025,1756.6,33.5,336,0,0,0,49.9,47.8,0,0,1,50,48,0,0,0,0,0,0,0,0,0,12,190,1,34,34,15,33,15,34,33,33,34,-851583,8,4.863,0.015,14.495,40,0,32,0,0,35,1,1,0,0,0,1,0,0,0
20:10:11.125,1741.6,33.1,335,0,0,0,49.9,47.4,0,0,1,51,48,0,0,0,0,0,0,0,0,0,12,190,1,34,34,15,33,15,34,33,33,34,-851583,8,4.863,0.015,14.454,40,0,32,0,0,35,1,1,0,0,0,1,0,0,0
20:10:11.225,1723.1,32.1,336,0,0,0,49.9,47.8,0,0,1,51,47,0,0,0,0,0,0,0,0,0,13,190,1,34,34,15,34,15,34,33,33,34,-851583,8,4.863,0.015,14.488,40,0,32,0,0,35,1,1,0,0,0,1,0,0,0
20:10:11.325,1707.9,31.7,335,0,0,0,49.9,47.8,0,0,1,51,48,0,0,0,0,0,0,0,0,0,13,190,1,34,34,15,34,15,34,33,33,34,-851583,8,4.863,0.015,14.488,40,0,32,0,0,35,1,1,0,0,0,1,0,0,0
20:10:11.425,1696.7,31.5,336,0,0,0,49.9,47.8,0,0,1,50,48,0,0,0,0,0,0,0,0,0,13,190,1,34,34,15,33,15,34,33,33,34,-851583,8,4.863,0.015,14.495,40,0,32,0,0,35,1,1,0,0,0,1,0,0,0
20:10:11.525,1684.9,31.3,336,0,0,0,49.9,47.8,0,0,1,50,48,0,0,0,0,0,0,0,0,0,13,190,1,34,34,15,33,15,34,33,33,34,-851583,8,4.863,0.015,14.495,40,0,32,0,0,35,1,1,0,0,0,1,0,0,0
20:10:11.625,1680.9,31.5,336,0,0,0,49.9,47.8,0,0,1,51,48,0,0,0,0,0,0,0,0,0,13,190,1,34,34,15,34,15,34,33,33,34,-851583,8,4.863,0.015,14.488,40,0,32,0,0,35,1,1,0,0,0,1,0,0,0
20:10:11.725,1669.9,30.9,337,0,0,0,49.9,47.9,0,0,1,51,48,0,0,0,0,0,0,0,0,0,13,190,1,34,34,15,33,15,34,33,33,34,-851583,8,4.863,0.015,14.488,40,0,32,0,0,35,1,1,0,0,0,1,0,0,0
20:10:11.825,1653.2,29.9,337,0,0,0,49.9,47.9,0,0,1,51,48,0,0,0,0,0,0,0,0,0,13,190,1,34,34,15,34,15,34,34,33,34,-851583,8,4.863,0.015,14.488,40,0,32,0,0,35,1,1,0,0,0,1,0,0,0
20:10:11.925,1637.5,30.1,337,0,0,0,49.9,47.9,0,0,1,51,48,0,0,0,0,0,0,0,0,0,13,190,1,34,34,15,34,15,34,33,33,34,-851583,8,4.863,0.015,14.488,40,0,32,0,0,35,1,1,0,0,0,1,0,0,0
20:10:12.025,1611,28.9,336,0,0,0,49.9,47.9,0,0,1,50,48,0,0,0,0,0,0,0,0,0,13,190,1,34,34,15,33,15,34,33,33,34,-851583,8,4.863,0.015,14.488,40,0,32,0,0,35,1,1,0,0,0,1,0,0,0
20:10:12.125,1590.4,30.4,337,0,0,0,49.9,47.9,0,0,1,50,48,0,0,0,0,0,0,0,0,0,13,190,1,34,34,15,33,15,34,33,33,34,-851583,8,4.863,0.015,14.488,40,0,32,0,0,35,1,1,0,0,0,1,0,0,0
20:10:12.225,1550.9,29.7,337,0,0,0,49.9,47.9,0,0,1,51,47,0,0,0,0,0,0,0,0,0,13,190,1,34,34,15,34,15,34,33,33,34,-851583,8,4.858,0.015,14.488,40,0,32,0,0,35,1,1,0,0,0,1,0,0,0
20:10:12.325,1509.8,28.6,336,0,0,0,49.9,47.9,0,0,1,50,48,0,0,0,0,0,0,0,0,0,13,190,1,34,34,15,33,15,34,33,33,34,-851583,8,4.858,0.015,14.488,40,0,32,0,0,35,1,1,0,0,0,1,0,0,0
20:10:12.425,1485,27.8,337,0,0,0,49.9,47.9,0,0,1,50,48,0,0,0,0,0,0,0,0,0,13,190,1,34,34,15,34,15,34,33,33,34,-851583,8,4.863,0.015,14.488,40,0,32,0,0,35,1,1,0,0,0,1,0,0,0
20:10:12.525,1461.3,26.5,336,0,0,0,49.9,47.9,0,0,1,50,48,0,0,0,0,0,0,0,0,0,13,190,1,34,34,15,34,15,34,33,33,34,-851583,8,4.858,0.015,14.482,40,0,32,0,0,35,1,1,0,0,0,1,0,0,0
20:10:12.625,1432.1,26.5,336,0,0,0,49.9,47.9,0,0,1,50,48,0,0,0,0,0,0,0,0,0,13,190,1,34,34,15,34,15,34,33,33,34,-851583,8,4.863,0.015,14.482,40,0,32,0,0,35,1,1,0,0,0,1,0,0,0
20:10:12.725,1404.6,25.6,336,0,0,0,49.9,47.9,0,0,1,50,48,0,0,0,0,0,0,0,0,0,13,190,1,34,34,15,33,15,34,34,33,34,-851583,8,4.863,0.015,14.482,40,0,32,0,0,35,1,1,0,0,0,1,0,0,0
20:10:12.825,1381.2,25.3,337,0,0,0,49.9,47.9,0,0,1,50,48,0,0,0,0,0,0,0,0,0,13,190,1,34,34,15,34,15,34,33,33,34,-851583,8,4.863,0.015,14.482,40,0,32,0,0,35,1,1,0,0,0,1,0,0,0
20:10:12.925,1349.9,26.2,336,0,0,0,49.9,47.9,0,0,1,50,48,0,0,0,0,0,0,0,0,0,13,190,1,34,34,15,33,15,34,33,33,34,-851583,8,4.863,0.015,14.482,40,0,32,0,0,35,1,1,0,0,0,1,0,0,0
20:10:13.025,1347.2,24.6,336,0,0,0,49.9,47.9,0,0,1,51,48,0,0,0,0,0,0,0,0,0,13,190,1,34,34,15,33,15,34,34,33,34,-851583,8,4.858,0.015,14.482,40,0,32,0,0,35,1,1,0,0,0,1,0,0,0
20:10:13.125,1336.9,25,335,0,0,0,49.9,47.9,0,0,1,50,47,0,0,0,0,0,0,0,0,0,13,190,1,34,34,15,33,15,34,34,33,34,-851583,8,4.858,0.015,14.488,40,0,32,0,0,35,1,1,0,0,0,1,0,0,0
20:10:13.225,1320,24.9,337,0,0,0,49.9,47.9,0,0,1,50,48,0,0,0,0,0,0,0,0,0,13,190,1,34,34,15,33,15,34,33,33,34,-851583,8,4.863,0.015,14.482,40,0,32,0,0,35,1,1,0,0,0,1,0,0,0
20:10:13.325,1312,24.7,337,0,0,0,49.9,47.9,0,0,1,50,48,0,0,0,0,0,0,0,0,0,13,190,1,34,34,15,33,15,34,33,33,34,-851583,8,4.863,0.015,14.482,40,0,32,0,0,35,1,1,0,0,0,1,0,0,0
20:10:13.425,1303.3,24,336,0,0,0,49.9,47.9,0,0,1,51,48,0,0,0,0,0,0,0,0,0,13,190,1,34,34,15,33,15,34,33,33,34,-851583,8,4.863,0.015,14.482,40,0,32,0,0,35,1,1,0,0,0,1,0,0,0
20:10:13.525,1297.5,24.4,336,0,0,0,49.9,47.9,0,0,1,54,48,0,0,0,0,0,0,0,0,0,13,190,1,34,34,15,33,15,34,33,33,34,-851583,8,4.863,0.015,14.488,40,0,32,0,0,35,1,1,0,0,0,1,0,0,0
20:10:13.625,1292.4,27.1,335,6.2,1.1,0,49.9,47.3,0,0,1,54,47,0,0,0,0,0,0,0,0,1.4,13,190,1,34,34,15,34,15,34,33,33,34,-851583,8,4.863,0.015,14.441,40,0,32,0,0,35,1,1,0,0,0,1,0,0,0
20:10:13.725,1297.2,31.6,333,20.9,4.9,0,49.9,47,0,0,1,54,48,0,0,0,0,0,0,0,0,4.6,13,190,1,34,34,15,33,15,34,33,33,34,-851583,8,4.863,0.015,14.441,40,0,32,0,0,35,1,1,0,0,0,1,0,0,0
20:10:13.825,1278,30.9,334,35.2,8.7,0,49.9,47.1,0,0,1,52,49,0,0,0,0,0,0,0,0,7.1,13,190,1,34,34,15,33,15,34,33,33,34,-851583,8,4.863,0.015,14.441,40,0,32,0,0,35,1,1,0,0,0,1,0,0,0
20:10:13.925,1285.7,31.3,333,37.7,9.4,0,49.9,47.1,0,0,1,52,48,0,0,0,0,0,0,0,0,8.5,13,190,1,34,34,15,33,15,34,34,33,34,-851583,8,4.858,0.015,14.447,40,0,32,0,0,35,1,1,0,0,0,1,0,0,0
20:10:14.025,1291,32,332,37.4,9.9,0,49.9,47.1,0,0,1,52,49,0,0,0,0,0,0,0,0,10.9,13,190,1,34,34,15,33,15,34,33,33,34,-851583,8,4.863,0.015,14.447,40,0,32,0,0,35,1,1,0,0,0,1,0,0,0
20:10:14.125,1311,31.6,332,47.1,12.7,0,49.9,47.1,0,0,1,52,48,0,0,0,0,0,0,0,0,10.7,13,190,1,34,34,15,33,15,34,34,33,34,-851583,8,4.858,0.015,14.447,40,0,32,0,0,35,1,1,0,0,0,1,0,0,0
20:10:14.225,1302.9,31.7,332,39.6,10,0,49.9,47.2,0,0,1,51,48,4,0,0,0,0,0,0,0,8.7,13,190,1,34,34,15,33,15,34,33,33,34,-851583,8,4.863,0.015,14.447,40,0,32,0,0,35,1,1,0,0,0,1,0,0,0
20:10:14.325,1312.6,32.3,332,44.7,11.9,0,49.9,47.3,0,0,1,51,49,4,0,0,0,0,0,0,0,10.8,12,190,1,34,34,15,33,15,34,33,33,34,-851583,8,4.863,0.015,14.447,40,0,32,0,0,35,1,1,0,0,0,1,0,0,0
20:10:14.425,1321.5,32.2,332,45.9,12.3,0,49.9,47.2,0,0,1,51,48,4,0,0,0,0,0,0,0,10.1,12,190,1,34,34,15,33,15,34,33,33,34,-851583,8,4.863,0.015,14.447,40,0,32,0,0,35,1,1,0,0,0,1,0,0,0
20:10:14.525,1328.2,33,332,43.7,11.2,0,49.9,47.2,0,0,1,51,48,4,0,0,0,0,0,0,0,10.1,13,190,1,34,34,15,34,15,34,33,33,34,-851583,8,4.863,0.015,14.447,40,0,32,0,0,35,1,1,0,0,0,1,0,0,0
20:10:14.625,1354.9,35.2,329,89.5,22.2,0,49.9,47.3,0,0,1,52,48,4,0,0,0,0,0,0,0,22.5,13,190,1,34,34,15,33,15,34,33,33,34,-851583,8,4.863,0.015,14.441,40,0,32,0,0,35,1,1,0,0,0,1,0,0,0
20:10:14.725,1377.3,36.6,326,138.2,38.1,0,49.9,47.3,0,0,1,51,48,4,0,0,0,0,0,0,0,34.8,12,190,1,34,34,15,33,15,34,33,33,34,-851583,8,4.863,0.015,14.447,40,0,32,0,0,35,1,1,0,0,0,1,0,0,0
20:10:14.825,1372.3,30.5,331,36.7,10.7,0,49.9,47.3,0,0,1,51,48,4,0,0,0,0,0,0,0,7.6,12,190,1,34,34,15,33,15,34,33,33,34,-851583,8,4.858,0.015,14.441,40,0,32,0,0,35,1,1,0,0,0,1,0,0,0
20:10:14.925,1366.5,31.1,333,21.7,6.1,0,49.9,47.1,0,0,1,51,48,4,0,0,0,0,0,0,0,5,12,190,1,34,34,15,34,15,34,34,33,34,-851583,8,4.863,0.015,14.447,40,0,32,0,0,35,1,1,0,0,0,1,0,0,0
20:10:15.025,1368.3,32.8,333,26.2,6.8,0,49.9,47.2,0,0,1,51,48,4,0,0,0,0,0,0,0,6.5,12,190,1,34,34,15,34,15,34,34,33,34,-851583,8,4.863,0.015,14.447,40,0,32,0,0,35,1,1,0,0,0,1,0,0,0
20:10:15.125,1391.7,34.7,331,50.1,13.7,0,49.9,47.3,0,0,1,51,48,4,0,0,0,0,0,0,0,12.4,13,190,1,34,34,15,15,15,34,34,33,34,-851583,8,4.863,0.015,14.454,40,0,32,0,0,35,1,1,0,0,0,1,0,0,0
20:10:15.225,1398,34,332,52,14.8,0,49.9,47.3,0,0,1,51,48,4,0,0,0,0,0,0,0,13.5,13,190,1,34,34,15,33,15,34,33,33,34,-851583,8,4.863,0.015,14.447,40,0,32,0,0,35,1,1,0,0,0,1,0,0,0
20:10:15.325,1397.4,34,332,48,12.1,0,49.9,47.2,0,0,1,51,48,4,0,0,0,0,0,0,0,11.3,13,190,1,34,34,15,34,15,34,33,33,34,-851583,8,4.863,0.015,14.454,40,0,32,0,0,35,1,1,0,0,0,1,0,0,0
20:10:15.425,1403.6,34,331,54.3,15.5,0,49.9,47.3,0,0,1,50,48,4,0,0,0,0,0,0,0,13.8,13,190,1,34,34,15,34,15,34,33,33,34,-851583,8,4.863,0.015,14.447,40,0,32,0,0,35,1,1,0,0,0,1,0,0,0
20:10:15.525,1414,34.4,331,53.8,14.5,0,49.9,47.4,0,0,1,50,48,4,0,0,0,0,0,0,0,13.4,13,190,1,34,34,15,34,15,34,33,33,34,-851583,8,4.863,0.015,14.454,40,0,32,0,0,35,1,1,0,0,0,1,0,0,0
20:10:15.625,1425.9,34.8,331,47.3,12.6,0,49.9,47.5,0,0,1,51,48,4,0,0,0,0,0,0,0,13.4,13,190,1,34,34,15,34,15,34,33,33,34,-851583,8,4.863,0.015,14.447,40,0,32,0,0,35,1,1,0,0,0,1,0,0,0
20:10:15.725,1431.8,34.6,331,52.5,15.1,0,49.9,47.5,0,0,1,51,48,0,0,0,0,0,0,0,0,13.3,13,190,1,34,34,15,34,15,34,33,33,34,-851583,8,4.863,0.015,14.454,40,0,32,0,0,35,1,1,0,0,0,1,0,0,0
20:10:15.825,1436.8,34.5,332,45.8,12.9,0,49.9,47.3,0,0,1,51,48,0,0,0,0,0,0,0,0,10.8,12,190,1,34,34,15,34,15,34,33,33,34,-851583,8,4.863,0.015,14.454,40,0,32,0,0,35,1,1,0,0,0,1,0,0,0
20:10:15.925,1435.8,34.4,332,48.7,14,0,49.9,47.3,0,0,1,50,48,0,0,0,0,0,0,0,0,12.4,12,190,1,34,34,15,34,15,34,33,33,34,-851583,8,4.863,0.015,14.454,40,0,32,0,0,35,1,1,0,0,0,1,0,0,0
20:10:16.025,1448.6,34.7,333,41.9,11.7,0,49.9,47.4,0,0,1,51,48,0,0,0,0,0,0,0,0,11.4,12,190,1,34,34,15,34,15,34,33,33,34,-851583,8,4.863,0.015,14.447,40,0,32,0,0,35,1,1,0,0,0,1,0,0,0
20:10:16.125,1453.7,34.1,333,24.2,6.3,0,49.9,47.3,0,0,1,50,48,0,0,0,0,0,0,0,0,5.9,12,190,1,34,34,15,33,15,34,33,33,34,-851583,8,4.863,0.015,14.454,40,0,32,0,0,35,1,1,0,0,0,1,0,0,0
20:10:16.225,1444.1,33.9,332,28.4,7.8,0,49.9,47.4,0,0,1,50,47,0,0,0,0,0,0,0,0,6.1,13,190,1,34,34,15,33,15,34,33,33,34,-851583,8,4.863,0.015,14.454,40,0,32,0,0,35,1,1,0,0,0,1,0,0,0
20:10:16.325,1449.4,34.5,332,31,8.9,0,49.9,47.6,0,0,1,50,48,0,0,0,0,0,0,0,0,7.8,13,190,1,34,34,15,33,15,34,34,33,34,-851583,8,4.863,0.015,14.454,40,0,32,0,0,35,1,1,0,0,0,1,0,0,0
20:10:16.425,1450.4,34.3,331,40.7,11.2,0,49.9,47.5,0,0,1,50,47,0,0,0,0,0,0,0,0,9.1,13,190,1,34,34,15,34,15,34,34,33,34,-851583,8,4.863,0.015,14.447,40,0,32,0,0,35,1,1,0,0,0,1,0,0,0
20:10:16.525,1459.8,35.1,333,42.1,12.1,0,49.9,47.3,0,0,1,50,48,0,0,0,0,0,0,0,0,10.8,13,190,1,34,34,15,34,15,34,33,33,34,-851583,8,4.863,0.015,14.447,40,0,32,0,0,35,1,1,0,0,0,1,0,0,0
20:10:16.625,1471.5,34.6,332,35.4,10.7,0,49.9,47.5,0,0,1,50,48,0,0,0,0,0,0,0,0,7.8,13,190,1,34,34,15,33,15,34,33,33,34,-851583,8,4.863,0.015,14.447,40,0,32,0,0,35,1,1,0,0,0,1,0,0,0
20:10:16.725,1477.1,33.9,333,35.7,10.6,0,49.9,47.6,0,0,1,50,48,0,0,0,0,0,0,0,0,9.1,13,190,1,34,34,15,34,15,34,33,33,34,-851583,8,4.863,0.015,14.447,40,0,32,0,0,35,1,1,0,0,0,1,0,0,0
20:10:16.825,1449.5,30.2,334,0,0,0,49.9,47.9,0,0,1,50,48,0,0,0,0,0,0,0,0,0,13,190,1,34,34,15,34,15,34,33,33,34,-851583,8,4.863,0.015,14.447,40,0,32,0,0,35,1,1,0,0,0,1,0,0,0
20:10:16.925,1435.9,27.5,336,0,0,0,49.9,47.9,0,0,1,51,48,0,0,0,0,0,0,0,0,0,13,190,1,34,34,15,33,15,34,33,33,34,-851583,8,4.863,0.015,14.488,40,0,32,0,0,35,1,1,0,0,0,1,0,0,0
20:10:17.025,1442.1,27.3,335,-1.3,0,0,49.9,47.7,0,0,1,50,47,0,0,0,0,0,0,0,0,-0.5,13,190,1,34,34,15,33,15,34,33,33,34,-851583,8,4.863,0.015,14.454,40,0,32,0,0,35,1,1,0,0,0,1,0,0,0
20:10:17.125,1452.8,28.3,335,0,0,0,49.9,47.8,0,0,1,50,47,0,0,0,0,0,0,0,0,0,13,190,1,34,34,15,33,15,34,33,33,34,-851583,8,4.863,0.015,14.454,40,0,32,0,0,35,1,1,0,0,0,1,0,0,0
20:10:17.225,1477.6,40.5,329,68.3,18.2,0,49.9,47.5,0,0,1,50,47,0,0,0,0,0,0,0,0,18.6,13,190,1,34,34,15,34,15,34,33,33,34,-851583,8,4.858,0.015,14.454,40,0,32,0,0,35,1,1,0,0,0,1,0,0,0
20:10:17.325,1383.6,26.7,336,-1.5,0,0,49.9,47.6,0,0,1,54,47,0,0,0,0,0,0,0,0,-0.7,13,190,1,34,34,15,34,15,34,34,33,34,-851583,8,4.863,0.015,14.488,40,0,32,0,0,35,1,1,0,0,0,1,0,0,0
20:10:17.425,1431.9,27.9,335,2.8,0.4,0,49.9,47.5,0,0,1,54,48,0,0,0,0,0,0,0,0,0.3,13,190,1,34,34,15,33,15,34,33,33,34,-851583,8,4.863,0.015,14.454,40,0,32,0,0,35,1,1,0,0,0,1,0,0,0
20:10:17.525,1428.8,26.8,335,0,0,0,49.9,47.9,0,0,1,52,47,0,0,0,0,0,0,0,0,0,13,190,1,34,34,15,33,15,34,33,33,34,-851583,8,4.863,0.015,14.475,40,0,32,0,0,35,1,1,0,0,0,1,0,0,0
20:10:17.625,1487,42.7,326,130.8,37.3,0,49.9,47.5,0,0,1,52,49,0,0,0,0,0,0,0,0,38.2,13,190,1,34,34,15,34,15,34,33,33,34,-851583,8,4.863,0.015,14.454,40,0,32,0,0,35,1,1,0,0,0,1,0,0,0
20:10:17.725,1474.9,38.9,324,138.5,41,0,49.9,47.4,0,0,1,52,48,0,0,0,0,0,0,0,0,37.1,13,190,1,34,34,15,33,15,34,33,33,34,-851583,8,4.863,0.015,14.447,40,0,32,0,0,35,1,1,0,0,0,1,0,0,0
20:10:17.825,1504.4,39.9,324,133.8,38.8,0,49.9,47.5,0,0,1,52,48,0,0,0,0,0,0,0,0,36.7,13,190,1,34,34,15,34,15,34,33,33,34,-851583,8,4.863,0.015,14.447,40,0,32,0,0,35,1,1,0,0,0,1,0,0,0
20:10:17.925,1545.2,34.6,327,80.6,25.5,0,50,47.7,0,0,1,52,48,0,0,0,0,0,0,0,0,21.9,13,190,1,34,34,15,34,15,34,33,33,34,-851583,8,4.863,0.015,14.454,40,0,32,0,0,35,1,1,0,0,0,1,0,0,0
20:10:18.025,1480.4,30.9,334,4.6,1.4,0,50.9,47.6,0,0,1,51,48,0,0,0,0,0,0,0,0,1.2,13,190,1,34,34,15,33,15,34,33,33,34,-851583,8,4.863,0.015,14.488,40,0,32,0,0,35,1,1,0,0,0,1,0,0,0
20:10:18.125,1561.9,38.5,329,70.4,20,0,50.9,47.4,0,0,1,51,48,0,0,0,0,0,0,0,0,18.6,13,190,1,34,34,15,33,15,34,33,33,34,-851583,8,4.863,0.015,14.447,40,0,32,0,0,35,1,1,0,0,0,1,0,0,0
20:10:18.225,1539.4,34,332,28.5,10.1,0,50.9,47.6,0,0,1,51,48,0,0,0,0,0,0,0,0,6,12,190,1,34,34,15,34,15,34,34,33,34,-851583,8,4.863,0.015,14.447,40,0,16,0,0,35,1,1,0,0,0,1,0,0,0
20:10:18.325,1518.7,28.3,336,0,0,0,50.9,47.9,0,0,1,51,48,0,0,0,0,0,0,0,0,0,13,190,1,34,34,15,33,15,34,33,33,34,-851583,8,4.863,0.015,14.454,40,0,16,0,0,35,1,1,0,0,0,1,0,0,0
20:10:18.425,1492.4,29,336,0,0,0,50.9,47.9,0,0,1,51,48,0,0,0,0,0,0,0,0,0,13,190,1,34,34,15,34,15,34,33,33,34,-851583,8,4.863,0.015,14.447,40,0,16,0,0,35,1,1,0,0,0,1,0,0,0
20:10:18.525,1514,28.7,336,0,0,0,50.9,47.9,0,0,1,51,48,0,0,0,0,0,0,0,0,0,13,190,1,34,34,15,34,15,34,34,33,34,-851583,8,4.863,0.015,14.488,40,0,16,0,0,35,1,1,0,0,0,1,0,0,0
20:10:18.625,1508.3,27.9,336,0,0,0,50.9,47.9,0,0,1,51,48,0,0,0,0,0,0,0,0,0,13,190,1,34,34,15,34,15,34,34,33,34,-851583,8,4.863,0.015,14.488,40,0,16,0,0,35,1,1,0,0,0,1,0,0,0
20:10:18.725,1497.4,27.6,336,0,0,0,50.9,47.9,0,0,1,51,48,0,0,0,0,0,0,0,0,0,13,190,1,34,34,15,33,15,34,33,33,34,-851583,8,4.863,0.015,14.488,40,0,16,0,0,35,1,1,0,0,0,1,0,0,0
20:10:18.825,1484.7,28.1,336,0,0,0,50.9,47.9,0,0,1,50,48,0,0,0,0,0,0,0,0,0,13,190,1,34,34,15,34,15,34,33,33,34,-851583,8,4.863,0.015,14.488,40,0,16,0,0,35,1,1,0,0,0,1,0,0,0
20:10:18.925,1468.4,26.8,335,0,0,0,50.9,47.9,0,0,1,51,48,0,0,0,0,0,0,0,0,0,13,190,1,34,34,15,33,15,34,33,33,34,-851583,8,4.863,0.015,14.488,40,0,16,0,0,35,1,1,0,0,0,1,0,0,0
20:10:19.025,1459.9,27.4,336,0,0,0,50.9,47.9,0,0,1,51,47,0,0,0,0,0,0,0,0,0,13,190,1,34,34,15,34,15,34,33,33,34,-851583,8,4.863,0.015,14.488,40,0,16,0,0,35,1,1,0,0,0,1,0,0,0
20:10:19.125,1454.1,27.4,337,0,0,0,50.9,47.9,0,0,1,51,47,0,0,0,0,0,0,0,0,0,13,190,1,34,34,15,33,15,34,33,33,34,-851583,8,4.863,0.015,14.488,40,0,16,0,0,35,1,1,0,0,0,1,0,0,0
20:10:19.225,1448.4,27.3,335,0,0,0,50.9,47.9,0,0,1,51,48,0,0,0,0,0,0,0,0,0,13,190,1,34,34,15,33,15,34,33,33,34,-851583,8,4.863,0.015,14.488,40,0,16,0,0,35,1,1,0,0,0,1,0,0,0
20:10:19.325,1418.2,26.9,337,0,0,0,50.9,47.9,0,0,1,51,48,0,0,0,0,0,0,0,0,0,13,190,1,34,34,15,33,15,34,33,33,34,-851583,8,4.863,0.015,14.488,40,0,16,0,0,35,1,1,0,0,0,1,0,0,0
20:10:19.425,1387.7,26.2,336,0,0,0,50.9,47.9,0,0,1,50,48,0,0,0,0,0,0,0,0,0,13,190,1,34,34,15,33,15,34,34,33,34,-851583,8,4.863,0.015,14.488,40,0,16,0,0,35,1,1,0,0,0,1,0,0,0
20:10:19.525,1357.3,24.4,337,0,0,0,50.9,47.9,0,0,1,50,48,0,0,0,0,0,0,0,0,0,13,190,1,34,34,15,33,15,34,34,33,34,-851583,8,4.863,0.015,14.482,40,0,16,0,0,35,1,1,0,0,0,1,0,0,0
20:10:19.625,1318.3,24,336,0,0,0,50.9,47.9,0,0,1,50,48,0,0,0,0,0,0,0,0,0,13,190,1,34,34,15,34,15,34,34,33,34,-851583,8,4.863,0.015,14.482,40,0,16,0,0,35,1,1,0,0,0,1,0,0,0
20:10:19.725,1293.3,24.7,335,0,0,0,50.9,47.9,0,0,1,50,47,0,0,0,0,0,0,0,0,0,13,190,1,34,34,15,33,15,34,33,33,34,-851583,8,4.863,0.015,14.482,40,0,16,0,0,35,1,1,0,0,0,1,0,0,0
20:10:19.825,1235.5,22.4,336,0,0,0,50.9,47.9,0,0,1,50,48,0,0,0,0,0,0,0,0,0,13,190,1,34,34,15,33,15,34,33,33,34,-851583,8,4.863,0.015,14.482,40,0,16,0,0,35,1,1,0,0,0,1,0,0,0
20:10:19.925,1195.4,21.2,336,0,0,0,50.9,47.9,0,0,1,50,47,0,0,0,0,0,0,0,0,0,13,190,1,34,34,15,33,15,34,33,33,34,-851583,8,4.863,0.015,14.482,40,0,16,0,0,35,1,1,0,0,0,1,0,0,0
20:10:20.025,1150.7,20.6,337,0,0,0,50.9,47.9,0,0,1,50,47,0,0,0,0,0,0,0,0,0,13,190,1,34,34,15,33,15,34,33,33,34,-851583,8,4.863,0.015,14.482,40,0,16,0,0,35,1,1,0,0,0,1,0,0,0
20:10:20.125,1096.5,20.2,336,0,0,0,50.9,47.9,0,0,1,50,47,0,0,0,0,0,0,0,0,0,13,190,1,34,34,15,33,15,34,33,33,34,-851583,8,4.863,0.015,14.482,40,0,16,0,0,35,1,1,0,0,0,1,0,0,0
20:10:20.225,1059.7,18.5,336,0,0,0,50.9,47.9,0,0,1,50,48,0,0,0,0,0,0,0,0,0,13,190,1,34,34,15,34,15,34,33,33,34,-851583,8,4.863,0.015,14.482,40,0,16,0,0,35,1,1,0,0,0,1,0,0,0
20:10:20.325,1011.2,17.9,337,0,0,0,50.9,47.9,0,0,1,50,48,0,0,0,0,0,0,0,0,0,13,190,1,34,34,15,33,15,34,33,33,34,-851583,8,4.863,0.015,14.482,40,0,16,0,0,35,1,1,0,0,0,1,0,0,0
20:10:20.425,973.3,17.5,336,0,0,0,50.9,47.9,0,0,1,51,47,0,0,0,0,0,0,0,0,0,13,190,1,34,34,15,33,15,34,34,33,34,-851583,8,4.863,0.015,14.488,40,0,16,0,0,35,1,1,0,0,0,1,0,0,0
20:10:20.525,930.5,17,335,0,0,0,50.9,47.9,0,0,1,50,48,0,0,0,0,0,0,0,0,0,13,190,1,34,34,15,34,15,34,34,33,34,-851583,8,4.863,0.015,14.488,40,0,16,0,0,35,1,1,0,0,0,1,0,0,0
20:10:20.625,899.2,16.1,337,0,0,0,50.9,47.9,0,0,1,50,48,0,0,0,0,0,0,0,0,0,13,190,1,34,34,15,33,15,34,34,33,34,-851583,8,4.863,0.015,14.488,40,0,16,0,0,35,1,1,0,0,0,1,0,0,0
20:10:20.725,863,16.1,336,0,0,0,50.9,47.9,0,0,1,50,47,0,0,0,0,0,0,0,0,0,13,190,1,34,34,15,33,15,34,33,33,34,-851583,8,4.863,0.015,14.488,40,0,16,0,0,35,1,1,0,0,0,1,0,0,0
20:10:20.825,827.1,14.8,337,0,0,0,50.9,47.9,0,0,1,50,48,0,0,0,0,0,0,0,0,0,13,190,1,34,34,15,33,15,34,33,33,34,-851583,8,4.863,0.015,14.488,40,0,16,0,0,35,1,1,0,0,0,1,0,0,0
20:10:20.925,787.3,14.5,337,0,0,0,50.9,47.9,0,0,1,50,48,0,0,0,0,0,0,0,0,0,13,190,1,34,34,15,34,15,34,33,33,34,-851583,8,4.863,0.015,14.482,40,0,16,0,0,35,1,1,0,0,0,1,0,0,0
20:10:21.025,763.6,13.6,337,0,0,0,50.8,48,0,0,1,50,47,0,0,0,0,0,0,0,0,0,13,190,1,34,34,15,34,15,34,33,33,34,-851583,8,4.863,0.015,14.488,40,0,16,0,0,35,1,1,0,0,0,1,0,0,0
20:10:21.125,722.1,12.5,337,0,0,0,50.4,48,0,0,1,54,48,0,0,0,0,0,0,0,0,0,13,190,1,34,34,15,15,15,34,33,33,34,-851583,8,4.863,0.015,14.488,40,0,16,0,0,35,1,1,0,0,0,1,0,0,0
20:10:21.225,695.2,12.7,336,0,0,0,50.2,48,0,0,1,52,48,0,0,0,0,0,0,0,0,0,13,190,1,34,34,15,33,15,34,33,33,34,-851583,8,4.863,0.015,14.482,40,0,16,0,0,35,1,1,0,0,0,1,0,0,0
20:10:21.325,655.2,12.4,336,0,0,0,50,48,0,0,1,52,48,0,0,0,0,0,0,0,0,0,13,190,1,34,34,15,34,15,34,33,33,34,-851583,8,4.863,0.015,14.488,40,0,16,0,0,35,1,1,0,0,0,1,0,0,0
20:10:21.425,611.8,11.2,336,0,0,0,50.1,48,0,0,1,52,49,0,0,0,0,0,0,0,0,0,13,190,1,34,34,15,34,15,34,33,33,34,-851583,8,4.858,0.015,14.488,40,0,16,0,0,35,1,1,0,0,0,1,0,0,0
20:10:21.525,576.9,10.9,336,0,0,0,50,48,0,0,1,51,48,0,0,0,0,0,0,0,0,0,13,190,1,34,34,15,34,15,34,33,33,34,-851583,8,4.863,0.015,14.488,40,0,16,0,0,35,1,1,0,0,0,1,0,0,0
20:10:21.625,533.1,9.4,336,0,0,0,50,48,0,0,1,52,48,0,0,0,0,0,0,0,0,0,13,190,1,34,34,15,34,15,34,33,33,34,-851583,8,4.863,0.015,14.488,40,0,16,0,0,35,1,1,0,0,0,1,0,0,0
20:10:21.725,489.9,9.2,337,0,0,0,50,48,0,0,1,51,48,0,0,0,0,0,0,0,0,0,13,190,1,34,34,15,34,15,34,33,33,34,-851583,8,4.863,0.015,14.488,40,0,16,0,0,35,1,1,0,0,0,1,0,0,0
20:10:21.825,460.3,7.7,336,0,0,0,50,48,0,0,1,51,48,0,0,0,0,0,0,0,0,0,13,190,1,34,34,15,34,15,34,34,33,34,-851583,8,4.863,0.015,14.488,40,0,16,0,0,35,1,1,0,0,0,1,0,0,0
20:10:21.925,432.9,7.9,336,0,0,0,50,48,0,0,1,51,48,0,0,0,0,0,0,0,0,0,13,190,1,34,34,15,34,15,34,34,33,34,-851583,8,4.863,0.015,14.488,40,0,16,0,0,35,1,1,0,0,0,1,0,0,0
20:10:22.025,398.5,6.5,337,0,0,0,50,48,0,0,1,51,48,0,0,0,0,0,0,0,0,0,13,190,1,34,34,15,34,15,34,33,33,34,-851583,8,4.863,0.015,14.488,40,0,16,0,0,35,1,1,0,0,0,1,0,0,0
20:10:22.125,375.6,6.7,337,0,0,0,50,48,0,0,1,51,48,0,0,0,0,0,0,0,0,0,13,190,1,34,34,15,33,15,34,33,33,34,-851583,8,4.863,0.015,14.488,40,0,16,0,0,35,1,1,0,0,0,1,0,0,0
20:10:22.225,355.2,6,336,0,0,0,50,48,0,0,1,51,48,0,0,0,0,0,0,0,0,0,13,190,1,34,34,15,33,15,34,33,33,34,-851583,8,4.863,0.015,14.488,40,0,16,0,0,35,1,1,0,0,0,1,0,0,0
20:10:22.325,341.9,5.9,337,0,0,0,50,48,0,0,1,50,48,0,0,0,0,0,0,0,0,0,13,190,1,34,34,15,33,15,34,33,33,34,-851583,8,4.858,0.015,14.488,40,0,16,0,0,35,1,1,0,0,0,1,0,0,0
20:10:22.425,328.8,6.1,336,0,0,0,50,48,0,0,1,50,47,0,0,0,0,0,0,0,0,0,13,190,1,34,34,15,34,15,34,33,33,34,-851583,8,4.863,0.015,14.488,40,0,16,0,0,35,1,1,0,0,0,1,0,0,0
20:10:22.525,303.8,5.8,337,0,0,0,50,48,0,0,1,50,47,0,0,0,0,0,0,0,0,0,13,190,1,34,34,15,34,15,34,33,33,34,-851583,8,4.858,0.015,14.488,40,0,16,0,0,35,1,1,0,0,0,1,0,0,0
20:10:22.625,284.1,4.7,337,0,0,0,50,48,0,0,1,50,48,0,0,0,0,0,0,0,0,0,13,190,1,34,34,15,33,15,34,33,33,34,-851583,8,4.863,0.015,14.488,40,0,16,0,0,35,1,1,0,0,0,1,0,0,0
20:10:22.725,264.4,5.4,336,0,0,0,50,48,0,0,1,50,47,0,0,0,0,0,0,0,0,0,13,190,1,34,34,15,34,15,34,33,33,34,-851583,8,4.863,0.015,14.488,40,0,16,0,0,35,1,1,0,0,0,1,0,0,0
20:10:22.825,244.7,4.9,336,0,0,0,50,48,0,0,1,50,48,0,0,0,0,0,0,0,0,0,13,190,1,34,34,15,34,15,34,34,33,34,-851583,8,4.863,0.015,14.488,40,0,16,0,0,35,1,1,0,0,0,1,0,0,0
20:10:22.925,226.4,4.7,336,0,0,0,50,48,0,0,1,50,48,0,0,0,0,0,0,0,0,0,13,190,1,34,34,15,33,15,34,33,33,34,-851583,8,4.863,0.015,14.488,40,0,16,0,0,35,1,1,0,0,0,1,0,0,0
20:10:23.025,203.8,3.4,337,0,0,0,50,48,0,0,1,50,47,0,0,0,0,0,0,0,0,0,13,190,1,34,34,15,33,15,34,33,33,34,-851583,8,4.863,0.015,14.488,40,0,16,0,0,35,1,1,0,0,0,1,0,0,0
20:10:23.125,180.5,2.8,337,0,0,0,50,48,0,0,1,50,48,0,0,0,0,0,0,0,0,0,13,190,1,34,34,15,33,15,34,33,33,34,-851583,8,4.863,0.015,14.495,40,0,16,0,0,35,1,1,0,0,0,1,0,0,0
20:10:23.225,147.8,2.5,337,0,0,0,50,47.9,0,0,1,50,47,0,0,0,0,0,0,0,0,0,13,190,1,34,34,15,34,15,34,33,33,34,-851583,8,4.863,0.015,14.488,40,0,16,0,0,35,1,1,0,0,0,1,0,0,0
20:10:23.325,113.7,1.9,336,0,0,0,50,47.9,0,0,1,50,48,0,0,0,0,0,0,0,0,0,13,190,1,34,34,15,34,15,34,33,33,34,-851583,8,4.863,0.015,14.488,40,0,16,0,0,35,1,1,0,0,0,1,0,0,0
20:10:23.425,82.6,1.9,337,0,0,0,50,48,0,0,1,50,48,0,0,0,0,0,0,0,0,0,13,190,1,34,34,15,33,15,34,33,33,34,-851583,8,4.863,0.015,14.488,40,0,16,0,0,35,1,1,0,0,0,1,0,0,0
20:10:23.525,57.2,1.3,337,0,0,0,50,48,0,0,1,50,47,0,0,0,0,0,0,0,0,0,13,190,1,34,34,15,34,15,34,33,33,34,-851583,8,4.863,0.015,14.495,40,0,16,0,0,35,1,1,0,0,0,1,0,0,0
20:10:23.625,35.5,0.4,336,0,0,0,50,48,0,0,1,50,47,0,0,0,0,0,0,0,0,0,13,190,1,34,34,15,34,15,34,33,33,34,-851583,8,4.863,0.015,14.495,40,0,16,0,0,35,1,1,0,0,0,1,0,0,0
20:10:23.725,14.3,0.5,337,0,0,0,50,48,0,0,1,50,48,0,0,0,0,0,0,0,0,0,13,190,1,34,34,15,33,15,34,34,33,34,-851583,8,4.863,0.015,14.488,40,0,16,0,0,35,1,1,0,0,0,1,0,0,0
20:10:23.825,1,0.6,337,0,0,0,50,48,0,0,1,50,48,0,0,0,0,0,0,0,0,0,13,190,1,34,34,15,34,15,34,33,33,34,-851583,8,4.858,0.015,14.488,40,0,16,0,0,35,1,1,0,0,0,1,0,0,0
20:10:23.925,0,0.5,337,0,0,0,50,48,0,0,1,50,47,0,0,0,0,0,0,0,0,0,13,190,1,34,34,15,34,15,34,33,33,34,-851583,8,4.863,0.015,14.488,40,0,16,0,0,35,1,1,0,0,0,1,0,0,0
20:10:24.025,0,0.5,337,0,0,0,50,48,0,0,1,50,48,0,0,0,0,0,0,0,0,0,13,190,1,34,34,15,33,15,34,34,33,34,-851583,8,4.863,0.015,14.488,40,0,16,0,0,35,1,1,0,0,0,1,0,0,0
20:10:24.125,0,0.6,337,0,0,0,50,48,0,0,1,51,47,0,0,0,0,0,0,0,0,0,13,190,1,34,34,15,33,15,34,34,33,34,-851583,8,4.863,0.015,14.495,40,0,16,0,0,35,1,1,0,0,0,1,0,0,0
20:10:24.225,0,0.5,337,0,0,0,50,48,0,0,1,50,47,0,0,0,0,0,0,0,0,0,13,190,1,34,34,15,34,15,34,33,33,34,-851583,8,4.863,0.015,14.488,40,0,16,0,0,35,1,1,0,0,0,1,0,0,0
20:10:24.325,0,0.6,337,0,0,0,50,48,0,0,1,49,47,0,0,0,0,0,0,0,0,0,13,190,1,34,34,15,33,15,34,33,33,34,-851583,8,4.863,0.015,14.495,40,0,16,0,0,35,1,1,0,0,0,1,0,0,0
20:10:24.425,0,0.5,337,0,0,0,50,48,0,0,1,50,47,0,0,0,0,0,0,0,0,0,13,190,1,34,34,15,34,15,34,33,33,34,-851583,8,4.863,0.015,14.488,40,0,16,0,0,35,1,1,0,0,0,1,0,0,0
20:10:24.525,0,0.5,337,0,0,0,50,47.9,0,0,1,50,47,0,0,0,0,0,0,0,0,0,13,190,1,34,34,15,34,15,34,33,33,34,-851583,8,4.863,0.015,14.488,40,0,16,0,0,35,1,1,0,0,0,1,0,0,0
20:10:24.625,0,0.6,336,0,0,0,50,47.9,0,0,1,50,47,0,0,0,0,0,0,0,0,0,13,190,1,34,34,15,34,15,34,33,33,34,-851583,8,4.863,0.015,14.488,40,0,16,0,0,35,1,1,0,0,0,1,0,0,0
20:10:24.725,0,0.5,337,0,0,0,50,47.9,0,0,1,50,48,0,0,0,0,0,0,0,0,0,13,190,1,34,34,15,33,15,34,33,33,34,-851583,8,4.863,0.015,14.495,40,0,16,0,0,35,1,1,0,0,0,1,0,0,0
20:10:24.825,0,0.6,336,0,0,0,50,47.9,0,0,1,50,47,0,0,0,0,0,0,0,0,0,13,190,1,34,34,15,34,15,34,33,33,34,-851583,8,4.863,0.015,14.495,40,0,16,0,0,35,1,1,0,0,0,1,0,0,0
20:10:24.925,0,0.4,337,0,0,0,50,47.9,0,0,1,54,47,0,0,0,0,0,0,0,0,0,13,190,1,34,34,15,33,15,34,34,33,34,-851583,8,4.863,0.015,14.495,40,0,16,0,0,35,1,1,0,0,0,1,0,0,0
20:10:25.025,0,0.5,337,0,0,0,50,47.9,0,0,1,52,48,0,0,0,0,0,0,0,0,0,13,190,1,34,34,15,34,15,34,33,33,34,-851583,8,4.863,0.015,14.488,40,0,16,0,0,35,1,1,0,0,0,1,0,0,0
20:10:25.125,0,0.5,338,0,0,0,50,47.9,0,0,1,52,47,0,0,0,0,0,0,0,0,0,13,190,1,34,34,15,33,15,34,34,33,34,-851583,8,4.863,0.015,14.488,40,0,16,0,0,35,1,1,0,0,0,1,0,0,0
20:10:25.225,0,0.5,336,0,0,0,50,47.9,0,0,1,52,48,0,0,0,0,0,0,0,0,0,13,190,1,34,34,15,33,15,34,33,33,34,-851583,8,4.863,0.015,14.488,40,0,16,0,0,35,1,1,0,0,0,1,0,0,0
20:10:25.325,0,0.5,338,0,0,0,50,47.9,0,0,1,51,48,0,0,0,0,0,0,0,0,0,13,190,1,34,34,15,33,15,34,33,33,34,-851583,8,4.863,0.015,14.488,40,0,16,0,0,35,1,1,0,0,0,1,0,0,0
20:10:25.425,0,0.5,337,0,0,0,50,47.9,0,0,1,52,48,0,0,0,0,0,0,0,0,0,13,190,1,34,34,15,33,15,34,33,33,34,-851583,8,4.858,0.015,14.488,40,0,16,0,0,35,1,1,0,0,0,1,0,0,0
20:10:25.525,0,0.6,335,0,0,0,50,47.9,0,0,1,51,48,0,0,0,0,0,0,0,0,0,13,190,1,34,34,15,33,15,34,33,33,34,-851583,8,4.863,0.015,14.495,40,0,16,0,0,35,1,1,0,0,0,1,0,0,0
20:10:25.625,0,0.3,337,0,0,0,50,47.9,0,0,1,51,48,0,0,0,0,0,0,0,0,0,13,190,1,34,34,15,34,15,34,33,33,34,-851583,8,4.863,0.015,14.488,40,0,16,0,0,35,1,1,0,0,0,1,0,0,0
20:10:25.725,0,0.5,337,0,0,0,50,47.9,0,0,1,51,48,0,0,0,0,0,0,0,0,0,13,190,1,34,34,15,33,15,34,33,33,34,-851583,8,4.863,0.015,14.495,40,0,16,0,0,35,1,1,0,0,0,1,0,0,0
20:10:25.825,0,0.5,337,0,0,0,50,47.9,0,0,1,51,48,0,0,0,0,0,0,0,0,0,13,190,1,34,34,15,33,15,34,33,33,34,-851583,8,4.863,0.015,14.488,40,0,16,0,0,35,1,1,0,0,0,1,0,0,0
20:10:25.925,0,0.7,337,0,0,0,50,47.9,0,0,1,50,48,0,0,0,0,0,0,0,0,0,13,190,1,34,34,15,33,15,34,34,33,34,-851583,8,4.863,0.015,14.488,40,0,16,0,0,35,1,1,0,0,0,1,0,0,0
20:10:26.025,0,0.5,336,0,0,0,50,47.9,0,0,1,51,49,0,0,0,0,0,0,0,0,0,13,190,1,34,34,15,33,15,34,34,33,34,-851583,8,4.863,0.015,14.488,40,0,16,0,0,35,1,1,0,0,0,1,0,0,0
20:10:26.125,0,0.5,337,0,0,0,50,47.9,0,0,1,51,47,0,0,0,0,0,0,0,0,0,13,190,1,34,34,15,33,15,34,34,33,34,-851583,8,4.863,0.015,14.495,40,0,16,0,0,35,1,1,0,0,0,1,0,0,0
20:10:26.225,0,0.5,337,0,0,0,50,47.9,0,0,1,50,48,0,0,0,0,0,0,0,0,0,13,190,1,34,34,15,34,15,34,33,33,34,-851583,8,4.858,0.015,14.488,40,0,16,0,0,35,1,1,0,0,0,1,0,0,0
20:10:26.325,0,0.5,336,0,0,0,50,47.9,0,0,1,50,48,0,0,0,0,0,0,0,0,0,13,190,1,34,34,15,33,15,34,33,33,34,-851583,8,4.863,0.015,14.488,40,0,16,0,0,35,1,1,0,0,0,1,0,0,0
20:10:26.425,0,0.5,337,0,0,0,50,47.9,0,0,1,50,48,0,0,0,0,0,0,0,0,0,13,190,1,34,34,15,33,15,34,33,33,34,-851583,8,4.863,0.015,14.488,40,0,16,0,0,35,1,1,0,0,0,1,0,0,0
20:10:26.525,0,0.5,337,0,0,0,50,47.9,0,0,1,50,47,0,0,0,0,0,0,0,0,0,13,190,1,34,34,15,34,15,34,33,33,34,-851583,8,4.863,0.015,14.488,40,0,16,0,0,35,1,1,0,0,0,1,0,0,0
20:10:26.625,0,0.5,337,0,0,0,50,47.9,0,0,1,50,48,0,0,0,0,0,0,0,0,0,13,190,1,34,34,15,33,15,34,33,33,34,-851583,8,4.863,0.015,14.488,40,0,16,0,0,35,1,1,0,0,0,1,0,0,0
20:10:26.725,0,0.5,337,0,0,0,50,47.9,0,0,1,50,47,0,0,0,0,0,0,0,0,0,13,190,1,34,34,15,33,15,34,33,33,34,-851583,8,4.863,0.015,14.495,40,0,16,0,0,35,1,1,0,0,0,1,0,0,0
20:10:26.825,0,0.5,337,0,0,0,50,47.9,0,0,1,50,48,0,0,0,0,0,0,0,0,0,13,190,1,34,34,15,33,15,34,33,33,34,-851583,8,4.863,0.015,14.488,40,0,16,0,0,35,1,1,0,0,0,1,0,0,0
20:10:26.925,0,0.5,337,0,0,0,50,47.9,0,0,1,51,47,0,0,0,0,0,0,0,0,0,13,190,1,34,34,15,34,15,34,33,33,34,-851583,8,4.863,0.015,14.495,40,0,16,0,0,35,1,1,0,0,0,1,0,0,0
20:10:27.025,0,0.6,337,0,0,0,50,47.9,0,0,1,50,48,0,0,0,0,0,0,0,0,0,13,190,1,34,34,15,34,15,34,33,33,34,-851583,8,4.863,0.015,14.488,40,0,16,0,0,35,1,1,0,0,0,1,0,0,0
20:10:27.125,0,0.5,337,0,0,0,50,47.9,0,0,1,50,47,0,0,0,0,0,0,0,0,0,13,190,1,34,34,15,15,15,34,33,33,34,-851583,8,4.863,0.015,14.488,40,0,16,0,0,35,1,1,0,0,0,1,0,0,0
20:10:27.225,0,0.5,337,0,0,0,50,47.9,0,0,1,50,47,0,0,0,0,0,0,0,0,0,13,190,1,34,34,15,33,15,34,33,33,34,-851583,8,4.863,0.015,14.488,40,0,16,0,0,35,1,1,0,0,0,1,0,0,0
20:10:27.325,0,0.5,337,0,0,0,50,47.9,0,0,1,50,47,0,0,0,0,0,0,0,0,0,13,190,1,34,34,15,34,15,34,34,33,34,-851583,8,4.863,0.015,14.488,40,0,16,0,0,35,1,1,0,0,0,1,0,0,0
20:10:27.425,0,0.5,337,0,0,0,50,47.9,0,0,1,50,47,0,0,0,0,0,0,0,0,0,13,190,1,34,34,15,34,15,34,34,33,34,-851583,8,4.863,0.015,14.495,40,0,16,0,0,35,1,1,0,0,0,1,0,0,0
20:10:27.525,0,0.4,337,0,0,0,50,47.9,0,0,1,50,47,0,0,0,0,0,0,0,0,0,13,190,1,34,34,15,34,15,34,33,33,34,-851583,8,4.863,0.015,14.488,40,0,16,0,0,35,1,1,0,0,0,1,0,0,0
20:10:27.625,0,0.4,336,0,0,0,50,47.9,0,0,1,50,47,0,0,0,0,0,0,0,0,0,13,190,1,34,34,15,34,15,34,33,33,34,-851583,8,4.858,0.015,14.488,40,0,16,0,0,35,1,1,0,0,0,1,0,0,0
20:10:27.725,0,0.4,337,0,0,0,50,47.9,0,0,1,50,47,0,0,0,0,0,0,0,0,0,13,190,1,34,34,15,34,15,34,33,33,34,-851583,8,4.858,0.015,14.488,40,0,16,0,0,35,1,1,0,0,0,1,0,0,0
20:10:27.825,0,0.5,337,0,0,0,50,47.9,0,0,1,50,47,0,0,0,0,0,0,0,0,0,13,190,1,34,34,15,34,15,34,33,33,34,-851583,8,4.863,0.015,14.488,40,0,16,0,0,35,1,1,0,0,0,1,0,0,0
20:10:27.925,0,0.4,337,0,0,0,50,47.9,0,0,1,50,47,0,0,0,0,0,0,0,0,0,13,190,1,34,34,15,34,15,34,33,33,34,-851583,8,4.863,0.015,14.488,40,0,16,0,0,35,1,1,0,0,0,1,0,0,0
20:10:28.025,0,0.6,337,0,0,0,50,47.9,0,0,1,50,47,0,0,0,0,0,0,0,0,0,13,190,1,34,34,15,34,15,34,33,33,34,-851583,8,4.858,0.015,14.495,40,0,16,0,0,35,1,1,0,0,0,1,0,0,0
20:10:28.125,0,0.5,336,0,0,0,50,47.9,0,0,1,50,48,0,0,0,0,0,0,0,0,0,13,190,1,34,34,15,33,15,34,33,33,34,-851583,8,4.863,0.015,14.488,40,0,16,0,0,35,1,1,0,0,0,1,0,0,0
20:10:28.225,0,0.5,337,0,0,0,50,47.9,0,0,1,50,47,0,0,0,0,0,0,0,0,0,13,190,1,34,34,15,33,15,34,33,33,34,-851583,8,4.863,0.015,14.488,40,0,16,0,0,35,1,1,0,0,0,1,0,0,0
20:10:28.325,0,0.6,336,0,0,0,50,47.9,0,0,1,50,47,0,0,0,0,0,0,0,0,0,13,190,1,34,34,15,33,15,34,34,33,34,-851583,8,4.863,0.015,14.488,40,0,16,0,0,35,1,1,0,0,0,1,0,0,0
20:10:28.425,0,0.6,338,0,0,0,50,48,0,0,1,50,47,0,0,0,0,0,0,0,0,0,13,190,1,34,34,15,34,15,34,33,33,34,-851583,8,4.863,0.015,14.488,40,0,16,0,0,35,1,1,0,0,0,1,0,0,0
20:10:28.525,0,0.6,337,0,0,0,50,48,0,0,1,50,47,0,0,0,0,0,0,0,0,0,13,190,1,34,34,15,34,15,34,33,33,34,-851583,8,4.863,0.015,14.495,40,0,16,0,0,35,1,1,0,0,0,1,0,0,0
20:10:28.625,0,0.5,337,0,0,0,50,48,0,0,1,50,47,0,0,0,0,0,0,0,0,0,13,190,1,34,34,15,33,15,34,33,33,34,-851583,8,4.863,0.015,14.488,40,0,16,0,0,35,1,1,0,0,0,1,0,0,0
20:10:28.725,0,0.5,337,0,0,0,50,48,0,0,1,49,47,0,0,0,0,0,0,0,0,0,13,190,1,34,34,15,34,15,34,33,33,34,-851583,8,4.863,0.015,14.488,40,0,16,0,0,35,1,1,0,0,0,1,0,0,0
20:10:28.825,0,0.4,337,0,0,0,50,48,0,0,1,54,47,0,0,0,0,0,0,0,0,0,13,190,1,34,34,15,34,15,34,33,33,34,-851583,8,4.863,0.015,14.488,40,0,16,0,0,35,1,1,0,0,0,1,0,0,0
20:10:28.925,0,0.6,337,0,0,0,50,48,0,0,1,54,47,0,0,0,0,0,0,0,0,0,13,190,1,34,34,15,33,15,34,33,33,34,-851583,8,4.858,0.015,14.488,40,0,16,0,0,35,1,1,0,0,0,1,0,0,0
20:10:29.025,0,0.6,337,0,0,0,50,48,0,0,1,52,47,0,0,0,0,0,0,0,0,0,13,190,1,34,34,15,33,15,34,33,33,34,-851583,8,4.863,0.015,14.488,40,0,16,0,0,35,1,1,0,0,0,1,0,0,0
20:10:29.125,0,0.4,337,0,0,0,50,48,0,0,1,52,48,0,0,0,0,0,0,0,0,0,13,190,1,34,34,15,33,15,34,33,33,34,-851583,8,4.863,0.015,14.488,40,0,16,0,0,35,1,1,0,0,0,1,0,0,0
20:10:29.225,0,0.5,337,0,0,0,50,48,0,0,1,52,48,0,0,0,0,0,0,0,0,0,13,190,1,34,34,15,34,15,34,34,33,34,-851583,8,4.863,0.015,14.488,40,0,16,0,0,35,1,1,0,0,0,1,0,0,0
20:10:29.325,0,0.6,337,0,0,0,50,48,0,0,1,51,49,0,0,0,0,0,0,0,0,0,13,190,1,34,34,15,34,15,34,33,33,34,-851583,8,4.863,0.015,14.488,40,0,16,0,0,35,1,1,0,0,0,1,0,0,0
20:10:29.425,0,0.6,337,0,0,0,50,48,0,0,1,51,48,0,0,0,0,0,0,0,0,0,13,190,1,34,34,15,33,15,34,33,33,34,-851583,8,4.863,0.015,14.495,40,0,16,0,0,35,1,1,0,0,0,1,0,0,0
20:10:29.525,0,0.5,337,0,0,0,50,48,0,0,1,51,47,0,0,0,0,0,0,0,0,0,13,190,1,34,34,15,34,15,34,34,33,34,-851583,8,4.863,0.015,14.488,40,0,16,0,0,35,1,1,0,0,0,1,0,0,0
20:10:29.625,0,0.5,337,0,0,0,50,48,0,0,1,51,48,0,0,0,0,0,0,0,0,0,13,190,1,34,34,15,34,15,34,34,33,34,-851583,8,4.863,0.015,14.488,40,0,16,0,0,35,1,1,0,0,0,1,0,0,0
20:10:29.725,0,0.5,336,0,0,0,50,48,0,0,1,51,48,0,0,0,0,0,0,0,0,0,13,190,1,34,34,15,33,15,34,33,33,34,-851583,8,4.863,0.015,14.488,40,0,16,0,0,35,1,1,0,0,0,1,0,0,0
20:10:29.825,0,0.5,337,0,0,0,50,48,0,0,1,51,48,0,0,0,0,0,0,0,0,0,13,190,1,34,34,15,34,15,34,33,33,34,-851583,8,4.863,0.015,14.488,40,0,16,0,0,35,1,1,0,0,0,1,0,0,0
20:10:29.925,0,0.4,337,0,0,0,50,48,0,0,1,51,47,0,0,0,0,0,0,0,0,0,13,190,1,34,34,15,34,15,34,33,33,34,-851583,8,4.863,0.015,14.488,40,0,16,0,0,35,1,1,0,0,0,1,0,0,0
20:10:30.025,0,0.6,337,0,0,0,50,48,0,0,1,50,48,0,0,0,0,0,0,0,0,0,13,190,1,34,34,15,33,15,34,33,33,34,-851583,8,4.863,0.015,14.488,40,0,16,0,0,35,1,1,0,0,0,1,0,0,0
20:10:30.125,0,0.4,337,0,0,0,50,48,0,0,1,51,47,0,0,0,0,0,0,0,0,0,13,190,1,34,34,15,33,15,34,33,33,34,-851583,8,4.863,0.015,14.488,40,0,16,0,0,35,1,1,0,0,0,1,0,0,0
20:10:30.225,0,0.5,336,0,0,0,50,48,0,0,1,50,48,0,0,0,0,0,0,0,0,0,13,190,1,34,34,15,34,15,34,33,33,34,-851583,8,4.863,0.015,14.488,40,0,16,0,0,35,1,1,0,0,0,1,0,0,0
20:10:30.325,0,0.5,336,0,0,0,50,48,0,0,1,50,47,0,0,0,0,0,0,0,0,0,13,190,1,34,34,15,33,15,34,33,33,34,-851583,8,4.858,0.015,14.488,40,0,16,0,0,35,1,1,0,0,0,1,0,0,0
20:10:30.425,0,0.5,337,0,0,0,50,48,0,0,1,50,47,0,0,0,0,0,0,0,0,0,13,190,1,34,34,15,34,15,34,34,33,34,-851583,8,4.863,0.015,14.488,40,0,16,0,0,35,1,1,0,0,0,1,0,0,0
20:10:30.525,0,0.5,337,0,0,0,50,48,0,0,1,50,48,0,0,0,0,0,0,0,0,0,13,190,1,34,34,15,34,15,34,34,33,34,-851583,8,4.863,0.015,14.495,40,0,16,0,0,35,1,1,0,0,0,1,0,0,0
20:10:30.625,0,0.5,336,0,0,0,50,48,0,0,1,50,47,0,0,0,0,0,0,0,0,0,13,190,1,34,34,15,34,15,34,34,33,34,-851583,8,4.863,0.015,14.488,40,0,16,0,0,35,1,1,0,0,0,1,0,0,0
20:10:30.725,0,0.4,337,0,0,0,50,48,0,0,1,50,48,0,0,0,0,0,0,0,0,0,13,190,1,34,34,15,33,15,34,33,33,34,-851583,8,4.863,0.015,14.488,40,0,16,0,0,35,1,1,0,0,0,1,0,0,0
20:10:30.825,0,0.4,337,0,0,0,50,48,0,0,1,50,47,0,0,0,0,0,0,0,0,0,13,190,1,34,34,15,34,15,34,33,33,34,-851583,8,4.863,0.015,14.488,40,0,16,0,0,35,1,1,0,0,0,1,0,0,0
20:10:30.925,0,0.4,337,0,0,0,50,48,0,0,1,50,47,0,0,0,0,0,0,0,0,0,13,190,1,34,34,15,33,15,34,33,33,34,-851583,8,4.863,0.015,14.495,40,0,16,0,0,35,1,1,0,0,0,1,0,0,0
20:10:31.025,0,0.5,337,0,0,0,50,48,0,0,1,50,48,0,0,0,0,0,0,0,0,0,13,190,1,34,34,15,34,15,34,33,33,34,-851583,8,4.863,0.015,14.495,40,0,16,0,0,35,1,1,0,0,0,1,0,0,0
20:10:31.125,0,0.5,338,0,0,0,50,48,0,0,1,50,47,0,0,0,0,0,0,0,0,0,13,190,1,34,34,15,33,15,34,33,33,34,-851583,8,4.863,0.015,14.488,40,0,16,0,0,35,1,1,0,0,0,1,0,0,0
20:10:31.225,0,0.4,337,0,0,0,50,48,0,0,1,50,47,0,0,0,0,0,0,0,0,0,13,190,1,34,34,15,33,15,34,33,33,34,-851583,8,4.863,0.015,14.488,40,0,16,0,0,35,1,1,0,0,0,1,0,0,0
20:10:31.325,0,0.5,337,0,0,0,50,48,0,0,1,51,47,0,0,0,0,0,0,0,0,0,13,190,1,34,34,15,33,15,34,33,33,34,-851583,8,4.863,0.015,14.488,40,0,16,0,0,35,1,1,0,0,0,1,0,0,0
20:10:31.425,0,0.5,337,0,0,0,50,48,0,0,1,50,47,0,0,0,0,0,0,0,0,0,13,190,1,34,34,15,33,15,34,34,33,34,-851583,8,4.863,0.015,14.488,40,0,16,0,0,35,1,1,0,0,0,1,0,0,0
20:10:31.525,0,0.6,338,0,0,0,50,48,0,0,1,49,47,0,0,0,0,0,0,0,0,0,13,190,1,34,34,15,33,15,34,34,33,34,-851583,8,4.863,0.015,14.495,40,0,16,0,0,35,1,1,0,0,0,1,0,0,0
20:10:31.625,0,0.6,338,0,0,0,50,48,0,0,1,50,47,0,0,0,0,0,0,0,0,0,13,190,1,34,34,15,34,15,34,34,33,34,-851583,8,4.863,0.015,14.488,40,0,16,0,0,35,1,1,0,0,0,1,0,0,0
20:10:31.725,0,0.6,337,0,0,0,50,48,0,0,1,50,47,0,0,0,0,0,0,0,0,0,13,190,1,34,34,15,33,15,34,33,33,34,-851583,8,4.863,0.015,14.495,40,0,16,0,0,35,1,1,0,0,0,1,0,0,0
20:10:31.825,0,0.5,337,0,0,0,50,48,0,0,1,50,47,0,0,0,0,0,0,0,0,0,13,190,1,34,34,15,33,15,34,33,33,34,-851583,8,4.863,0.015,14.488,40,0,16,0,0,35,1,1,0,0,0,1,0,0,0
20:10:31.925,0,0.5,337,0,0,0,50,48,0,0,1,49,47,0,0,0,0,0,0,0,0,0,13,190,1,34,34,15,33,15,34,33,33,34,-851583,8,4.863,0.015,14.495,40,0,16,0,0,35,1,1,0,0,0,1,0,0,0
20:10:32.025,0,0.5,338,0,0,0,50,47.9,0,0,1,50,48,0,0,0,0,0,0,0,0,0,13,190,1,34,34,15,33,15,34,33,33,34,-851583,8,4.863,0.015,14.488,40,0,16,0,0,35,1,1,0,0,0,1,0,0,0
20:10:32.125,0,0.4,337,0,0,0,50,47.9,0,0,1,50,47,0,0,0,0,0,0,0,0,0,13,190,1,34,34,15,33,15,34,33,33,34,-851583,8,4.863,0.015,14.495,40,0,16,0,0,35,1,1,0,0,0,1,0,0,0
20:10:32.225,0,0.6,337,0,0,0,50,47.9,0,0,1,50,48,0,0,0,0,0,0,0,0,0,13,190,1,34,34,15,34,15,34,33,33,34,-851583,8,4.863,0.015,14.488,40,0,16,0,0,35,1,1,0,0,0,1,0,0,0
20:10:32.325,0,0.5,337,0,0,0,50,47.9,0,0,1,50,47,0,0,0,0,0,0,0,0,0,13,190,1,34,34,15,33,15,34,33,33,34,-851583,8,4.863,0.015,14.488,40,0,16,0,0,35,1,1,0,0,0,1,0,0,0
20:10:32.425,0,0.7,338,0,0,0,50,47.8,0,0,1,50,47,0,0,0,0,0,0,0,0,0,13,190,1,34,34,15,33,15,34,33,33,34,-851583,8,4.863,0.015,14.488,40,0,16,0,0,35,1,1,0,0,0,1,0,0,0
20:10:32.525,0,0.5,338,0,0,0,50,47.9,0,0,1,50,47,0,0,0,0,0,0,0,0,0,13,190,1,34,34,15,34,15,34,33,33,34,-851583,8,4.863,0.015,14.495,40,0,16,0,0,35,1,1,0,0,0,1,0,0,0
20:10:32.625,0,0.5,337,0,0,0,50,47.9,0,0,1,50,47,0,0,0,0,0,0,0,0,0,13,190,1,34,34,15,33,15,34,33,33,34,-851583,8,4.863,0.015,14.488,40,0,16,0,0,35,1,1,0,0,0,1,0,0,0
20:10:32.725,0,0.5,337,0,0,0,50,47.9,0,0,1,50,47,0,0,0,0,0,0,0,0,0,13,190,1,34,34,15,33,15,34,33,33,34,-851583,8,4.863,0.015,14.488,40,0,16,0,0,35,1,1,0,0,0,1,0,0,0
20:10:32.825,0,0.5,337,0,0,0,50,47.9,0,0,1,50,47,0,0,0,0,0,0,0,0,0,13,190,1,34,34,15,33,15,34,34,33,34,-851583,8,4.863,0.015,14.488,40,0,16,0,0,35,1,1,0,0,0,1,0,0,0
20:10:32.925,0,0.5,337,0,0,0,50,47.9,0,0,1,54,47,0,0,0,0,0,0,0,0,0,13,190,1,34,34,15,34,15,34,34,33,34,-851583,8,4.863,0.015,14.495,40,0,16,0,0,35,1,1,0,0,0,1,0,0,0
20:10:33.025,0,0.6,337,0,0,0,50,47.9,0,0,1,52,48,0,0,0,0,0,0,0,0,0,13,190,1,34,34,15,34,15,34,33,33,34,-851583,8,4.863,0.015,14.488,40,0,16,0,0,35,1,1,0,0,0,1,0,0,0
20:10:33.125,0,0.5,337,0,0,0,50,47.9,0,0,1,52,47,0,0,0,0,0,0,0,0,0,13,190,1,34,34,15,15,15,34,33,33,34,-851583,8,4.863,0.015,14.488,40,0,16,0,0,35,1,1,0,0,0,1,0,0,0
20:10:33.225,0,0.3,338,0,0,0,50,47.9,0,0,1,52,48,0,0,0,0,0,0,0,0,0,13,190,1,34,34,15,33,15,34,33,33,34,-851583,8,4.863,0.015,14.488,40,0,16,0,0,35,1,1,0,0,0,1,0,0,0
20:10:33.325,0,0.6,337,0,0,0,50,48,0,0,1,52,48,0,0,0,0,0,0,0,0,0,13,190,1,34,34,15,34,15,34,33,33,34,-851583,8,4.863,0.015,14.495,40,0,16,0,0,35,1,1,0,0,0,1,0,0,0
20:10:33.425,0,0.7,337,0,0,0,50,48,0,0,1,51,48,0,0,0,0,0,0,0,0,0,13,190,1,34,34,15,34,15,34,33,33,34,-851583,8,4.863,0.015,14.488,40,0,16,0,0,35,1,1,0,0,0,1,0,0,0
20:10:33.525,0,0.6,336,0,0,0,50,48,0,0,1,51,47,0,0,0,0,0,0,0,0,0,13,190,1,34,34,15,34,15,34,33,33,34,-851583,8,4.863,0.015,14.488,40,0,16,0,0,35,1,1,0,0,0,1,0,0,0
20:10:33.625,0,0.4,337,0,0,0,50,48,0,0,1,51,48,0,0,0,0,0,0,0,0,0,13,190,1,34,34,15,34,15,34,33,33,34,-851583,8,4.863,0.015,14.488,40,0,16,0,0,35,1,1,0,0,0,1,0,0,0
20:10:33.725,0,0.5,336,0,0,0,50,48,0,0,1,51,48,0,0,0,0,0,0,0,0,0,13,190,1,34,34,15,34,15,34,33,33,34,-851583,8,4.863,0.015,14.488,40,0,16,0,0,35,1,1,0,0,0,1,0,0,0
20:10:33.825,0,0.6,337,0,0,0,50,48,0,0,1,51,48,0,0,0,0,0,0,0,0,0,13,190,1,34,34,15,34,15,34,34,33,34,-851583,8,4.863,0.015,14.488,40,0,16,0,0,35,1,1,0,0,0,1,0,0,0
20:10:33.925,0,0.3,337,0,0,0,50,48,0,0,1,51,48,0,0,0,0,0,0,0,0,0,13,190,1,34,34,15,34,15,34,33,33,34,-851583,8,4.863,0.015,14.488,40,0,16,0,0,35,1,1,0,0,0,1,0,0,0
20:10:34.025,0,0.4,337,0,0,0,50,48,0,0,1,50,48,0,0,0,0,0,0,0,0,0,13,190,1,34,34,15,34,15,34,33,33,34,-851583,8,4.863,0.015,14.488,40,0,16,0,0,35,1,1,0,0,0,1,0,0,0
20:10:34.125,0,0.6,337,0,0,0,50,48,0,0,1,50,47,0,0,0,0,0,0,0,0,0,13,190,1,34,34,15,33,15,34,33,33,34,-851583,8,4.863,0.015,14.488,40,0,16,0,0,35,1,1,0,0,0,1,0,0,0
20:10:34.225,0,0.5,338,0,0,0,50,48,0,0,1,50,47,0,0,0,0,0,0,0,0,0,13,190,1,34,34,15,33,15,34,33,33,34,-851583,8,4.863,0.015,14.488,40,0,16,0,0,35,1,1,0,0,0,1,0,0,0
20:10:34.325,0,0.5,337,0,0,0,50,48,0,0,1,50,47,0,0,0,0,0,0,0,0,0,13,190,1,34,34,15,33,15,34,33,33,34,-851583,8,4.863,0.015,14.488,40,0,16,0,0,35,1,1,0,0,0,1,0,0,0
20:10:34.425,0,0.4,337,0,0,0,50,48,0,0,1,51,47,0,0,0,0,0,0,0,0,0,13,190,1,34,34,15,34,15,34,33,33,34,-851583,8,4.863,0.015,14.488,40,0,16,0,0,35,1,1,0,0,0,1,0,0,0
20:10:34.525,0,0.5,337,0,0,0,50,48,0,0,1,50,47,0,0,0,0,0,0,0,0,0,13,190,1,34,34,15,34,15,34,33,33,34,-851583,8,4.858,0.015,14.495,40,0,16,0,0,35,1,1,0,0,0,1,0,0,0
20:10:34.625,0,0.3,338,0,0,0,50,48,0,0,1,50,48,0,0,0,0,0,0,0,0,0,13,190,1,34,34,15,33,15,34,33,33,34,-851583,8,4.863,0.015,14.488,40,0,16,0,0,35,1,1,0,0,0,1,0,0,0
20:10:34.725,0,0.5,337,0,0,0,50,48,0,0,1,50,48,0,0,0,0,0,0,0,0,0,13,190,1,34,34,15,34,15,34,34,33,34,-851583,8,4.863,0.015,14.488,40,0,16,0,0,35,1,1,0,0,0,1,0,0,0
20:10:34.825,0,0.4,337,0,0,0,50,48,0,0,1,50,48,0,0,0,0,0,0,0,0,0,13,190,1,34,34,15,34,15,34,33,33,34,-851583,8,4.863,0.015,14.488,40,0,16,0,0,35,1,1,0,0,0,1,0,0,0
20:10:34.925,0,0.5,337,0,0,0,50,48,0,0,1,50,47,0,0,0,0,0,0,0,0,0,13,190,1,34,34,15,33,15,34,33,33,34,-851583,8,4.863,0.015,14.488,40,0,16,0,0,35,1,1,0,0,0,1,0,0,0
20:10:35.025,0,0.6,337,0,0,0,50,48,0,0,1,50,47,0,0,0,0,0,0,0,0,0,13,190,1,34,34,15,33,15,34,34,33,34,-851583,8,4.863,0.015,14.488,40,0,16,0,0,35,1,1,0,0,0,1,0,0,0
20:10:35.125,0,0.6,337,0,0,0,50,47.9,0,0,1,50,47,0,0,0,0,0,0,0,0,0,13,190,1,34,34,15,33,15,34,34,33,34,-851583,8,4.863,0.015,14.488,40,0,16,0,0,35,1,1,0,0,0,1,0,0,0
20:10:35.225,0,0.5,337,0,0,0,50,47.9,0,0,1,50,47,0,0,0,0,0,0,0,0,0,13,190,1,34,34,15,34,15,34,33,33,34,-851583,8,4.863,0.015,14.495,40,0,16,0,0,35,1,1,0,0,0,1,0,0,0
20:10:35.325,0,0.4,336,0,0,0,50,47.9,0,0,1,50,47,0,0,0,0,0,0,0,0,0,13,190,1,34,34,15,34,15,34,33,33,34,-851583,8,4.863,0.015,14.495,40,0,16,0,0,35,1,1,0,0,0,1,0,0,0
20:10:35.425,0,0.5,337,0,0,0,49.9,47.9,0,0,1,49,47,0,0,0,0,0,0,0,0,0,13,190,1,34,34,15,33,15,34,33,33,34,-851583,8,4.863,0.015,14.495,40,0,16,0,0,35,1,1,0,0,0,1,0,0,0
20:10:35.525,0,0.6,337,0,0,0,49.8,47.9,0,0,1,50,47,0,0,0,0,0,0,0,0,0,13,190,1,34,34,15,34,15,34,33,33,34,-851583,8,4.863,0.015,14.488,40,0,16,0,0,35,1,1,0,0,0,1,0,0,0
20:10:35.625,0,0.6,337,0,0,0,49.8,47.9,0,0,1,50,47,0,0,0,0,0,0,0,0,0,13,190,1,34,34,15,34,15,34,33,33,34,-851583,8,4.863,0.015,14.488,40,0,16,0,0,35,1,1,0,0,0,1,0,0,0
20:10:35.725,0,0.5,337,0,0,0,49.5,47.9,0,0,1,50,47,0,0,0,0,0,0,0,0,0,13,190,1,34,34,15,33,15,34,33,33,34,-851583,8,4.863,0.015,14.488,40,0,16,0,0,35,1,1,0,0,0,1,0,0,0
20:10:35.825,0,0.5,337,0,0,0,49.2,47.9,0,0,1,50,47,0,0,0,0,0,0,0,0,0,13,190,1,34,34,15,34,15,34,33,33,34,-851583,8,4.863,0.015,14.495,40,0,16,0,0,35,1,1,0,0,0,1,0,0,0
20:10:35.925,0,0.5,337,0,0,0,49.1,47.9,0,0,1,50,47,0,0,0,0,0,0,0,0,0,13,190,1,34,34,15,34,15,34,34,33,34,-851583,8,4.863,0.015,14.495,40,0,16,0,0,35,1,1,0,0,0,1,0,0,0
20:10:36.025,0,0.6,338,0,0,0,49,47.9,0,0,1,50,47,0,0,0,0,0,0,0,0,0,13,190,1,34,34,15,33,15,34,33,33,34,-851583,8,4.863,0.015,14.488,40,0,16,0,0,35,1,1,0,0,0,1,0,0,0
20:10:36.125,0,0.4,336,0,0,0,49,47.9,0,0,1,52,47,0,0,0,0,0,0,0,0,0,13,190,1,34,34,15,33,15,34,34,33,34,-851583,8,4.863,0.015,14.488,40,0,16,0,0,35,1,1,0,0,0,1,0,0,0
20:10:36.225,0,0.4,337,0,0,0,49,47.9,0,0,1,50,47,0,0,0,0,0,0,0,0,0,13,190,1,34,34,15,34,15,34,33,33,34,-851583,8,4.863,0.015,14.488,40,0,16,0,0,35,1,1,0,0,0,1,0,0,0
20:10:36.325,0,0.5,337,0,0,0,49,47.9,0,0,1,50,47,0,0,0,0,0,0,0,0,0,13,190,1,34,34,15,33,15,34,33,33,34,-851583,8,4.863,0.015,14.488,40,0,16,0,0,35,1,1,0,0,0,1,0,0,0
20:10:36.425,0,0.6,337,0,0,0,49,47.9,0,0,1,50,47,0,0,0,0,0,0,0,0,0,13,190,1,34,34,15,34,15,34,33,33,34,-851583,8,4.863,0.015,14.488,40,0,16,0,0,35,1,1,0,0,0,1,0,0,0
20:10:36.525,0,0.5,338,0,0,0,49,47.9,0,0,1,51,48,0,0,0,0,0,0,0,0,0,13,190,1,34,34,15,34,15,34,33,33,34,-851583,8,4.863,0.015,14.495,40,0,16,0,0,35,1,1,0,0,0,1,0,0,0
20:10:36.625,0,0.5,336,0,0,0,49,47.9,0,0,1,50,47,0,0,0,0,0,0,0,0,0,13,190,1,34,34,15,34,15,34,33,33,34,-851583,8,4.863,0.015,14.488,40,0,16,0,0,35,1,1,0,0,0,1,0,0,0
20:10:36.725,0,0.6,337,0,0,0,49,47.9,0,0,1,51,48,0,0,0,0,0,0,0,0,0,13,190,1,34,34,15,33,15,34,33,33,34,-851583,8,4.863,0.015,14.488,40,0,16,0,0,35,1,1,0,0,0,1,0,0,0
20:10:36.825,0,0.4,337,0,0,0,49,47.9,0,0,1,52,47,0,0,0,0,0,0,0,0,0,13,190,1,34,34,15,34,15,34,33,33,34,-851583,8,4.863,0.015,14.488,40,0,16,0,0,35,1,1,0,0,0,1,0,0,0
20:10:36.925,0,0.5,337,0,0,0,49,47.9,0,0,1,51,48,0,0,0,0,0,0,0,0,0,13,190,1,34,34,15,34,15,34,33,33,34,-851583,8,4.858,0.015,14.495,40,0,16,0,0,35,1,1,0,0,0,1,0,0,0
20:10:37.025,0,0.5,337,0,0,0,49,47.9,0,0,1,51,48,0,0,0,0,0,0,0,0,0,13,190,1,34,34,15,34,15,34,34,33,34,-851583,8,4.863,0.015,14.488,40,0,16,0,0,35,1,1,0,0,0,1,0,0,0
20:10:37.125,0,0.5,337,0,0,0,49,47.9,0,0,1,52,48,0,0,0,0,0,0,0,0,0,13,190,1,34,34,15,33,15,34,34,33,34,-851583,8,4.858,0.015,14.488,40,0,16,0,0,35,1,1,0,0,0,1,0,0,0
20:10:37.225,0,0.5,338,0,0,0,49,47.9,0,0,1,51,48,0,0,0,0,0,0,0,0,0,13,190,1,34,34,15,33,15,34,33,33,34,-851583,8,4.863,0.015,14.495,40,0,16,0,0,35,1,1,0,0,0,1,0,0,0
20:10:37.325,0,0.5,337,0,0,0,49,47.9,0,0,1,51,48,0,0,0,0,0,0,0,0,0,13,190,1,34,34,15,33,15,34,33,33,34,-851583,8,4.863,0.015,14.488,40,0,16,0,0,35,1,1,0,0,0,1,0,0,0
20:10:37.425,0,0.5,337,0,0,0,49,47.9,0,0,1,51,47,0,0,0,0,0,0,0,0,0,13,190,1,34,34,15,33,15,34,33,33,34,-851583,8,4.863,0.015,14.488,40,0,16,0,0,35,1,1,0,0,0,1,0,0,0
20:10:37.525,0,0.4,337,0,0,0,49,47.9,0,0,1,51,48,0,0,0,0,0,0,0,0,0,13,190,1,34,34,15,33,15,34,33,33,34,-851583,8,4.863,0.015,14.488,40,0,16,0,0,35,1,1,0,0,0,1,0,0,0
20:10:37.625,0,0.4,337,0,0,0,49,47.9,0,0,1,50,47,0,0,0,0,0,0,0,0,0,13,190,1,34,34,15,34,15,34,33,33,34,-851583,8,4.863,0.015,14.488,40,0,16,0,0,35,1,1,0,0,0,1,0,0,0
20:10:37.725,0,0.5,337,0,0,0,49,47.9,0,0,1,50,47,0,0,0,0,0,0,0,0,0,13,190,1,34,34,15,33,15,34,33,33,34,-851583,8,4.863,0.015,14.495,40,0,16,0,0,35,1,1,0,0,0,1,0,0,0
20:10:37.825,0,0.4,336,0,0,0,49,47.9,0,0,1,50,47,0,0,0,0,0,0,0,0,0,13,190,1,34,34,15,33,15,34,33,33,34,-851583,8,4.863,0.015,14.488,40,0,16,0,0,35,1,1,0,0,0,1,0,0,0
20:10:37.925,0,0.5,338,0,0,0,49,47.9,0,0,1,50,47,0,0,0,0,0,0,0,0,0,13,190,1,34,34,15,33,15,34,33,33,34,-851583,8,4.863,0.015,14.488,40,0,16,0,0,35,1,1,0,0,0,1,0,0,0
20:10:38.025,0,0.4,336,1.4,0,0,49,48,0,0,1,50,47,0,0,0,0,0,0,0,0,0.1,13,190,1,34,34,15,33,15,34,33,33,34,-851583,8,4.863,0.015,14.488,40,0,16,0,0,35,1,1,0,0,0,1,0,0,0
20:10:38.125,0.7,4.3,335,6.4,0.1,0,49,47.9,0,0,1,50,47,0,0,0,0,0,0,0,0,0.1,13,190,1,34,34,15,33,15,34,33,33,34,-851583,8,4.863,0.015,14.447,40,0,16,0,0,35,1,1,0,0,0,1,0,0,0
20:10:38.225,6.5,5.5,336,16.4,0.6,0,49,47.9,0,0,1,50,48,0,0,0,0,0,0,0,0,0.4,13,190,1,34,34,15,34,15,34,33,33,34,-851583,8,4.858,0.015,14.447,40,0,16,0,0,35,1,1,0,0,0,1,0,0,0
20:10:38.325,5.1,5.6,336,19.2,0.8,0,49,47.9,0,0,1,50,47,0,0,0,0,0,0,0,0,0.4,13,190,1,34,34,15,33,15,34,34,33,34,-851583,8,4.863,0.015,14.454,40,0,16,0,0,35,1,1,0,0,0,1,0,0,0
20:10:38.425,5.7,5.6,336,14.1,0.6,0,49,47.9,0,0,1,50,48,0,0,0,0,0,0,0,0,0.4,13,190,1,34,34,15,33,15,34,34,33,34,-851583,8,4.863,0.015,14.454,40,0,16,0,0,35,1,1,0,0,0,1,0,0,0
20:10:38.525,27,7.3,334,37.5,2.3,0,49,47.9,0,0,1,50,47,0,0,0,0,0,0,0,0,1.3,13,190,1,34,34,15,34,15,34,33,33,34,-851583,8,4.863,0.015,14.454,40,0,16,0,0,35,1,1,0,0,0,1,0,0,0
20:10:38.625,32.5,8.6,336,95.2,7.3,0,49,47.9,0,0,1,51,47,0,0,0,0,0,0,0,0,4.8,13,190,1,34,34,15,33,15,34,33,33,34,-851583,8,4.863,0.015,14.447,40,0,16,0,0,35,1,1,0,0,0,1,0,0,0
20:10:38.725,69.9,9,333,198.1,14.6,0,49,47.7,0,0,1,50,47,0,0,0,0,0,0,0,0,7.4,13,190,1,34,34,15,33,15,34,33,33,34,-851583,8,4.863,0.015,14.447,40,0,16,0,0,35,1,1,0,0,0,1,0,0,0
20:10:38.825,119.3,10.9,333,199.1,16.8,0,49,47.7,0,0,1,50,48,0,0,0,0,0,0,0,0,10.2,13,190,1,34,34,15,33,15,34,33,33,34,-851583,8,4.863,0.015,14.447,40,0,16,0,0,35,1,1,0,0,0,1,0,0,0
20:10:38.925,176.4,12.1,333,172.8,18.3,0,49,47.3,0,0,1,50,47,0,0,0,0,0,0,0,0,11.9,13,190,1,34,34,15,34,15,34,33,33,34,-851583,8,4.863,0.015,14.447,40,0,16,0,0,35,1,1,0,0,0,1,0,0,0
20:10:39.025,235.3,13.4,333,189.4,19,0,49.7,47.5,0,0,1,50,47,0,0,0,0,0,0,0,0,13.2,13,190,1,34,34,15,34,15,34,33,33,34,-851583,8,4.863,0.015,14.447,40,0,16,0,0,35,1,1,0,0,0,1,0,0,0
20:10:39.125,295.4,14.8,332,183.4,21.8,0,49.9,47.5,0,0,1,50,48,0,0,0,0,0,0,0,0,13.6,13,190,1,34,34,15,15,15,34,33,33,34,-851583,8,4.863,0.015,14.447,40,0,16,0,0,35,1,1,0,0,0,1,0,0,0
20:10:39.225,355.8,15.7,332,177.3,23.1,0,49.9,47.7,0,0,1,50,47,0,0,0,0,0,0,0,0,15.4,13,190,1,34,34,15,33,15,34,33,33,34,-851583,8,4.863,0.015,14.447,40,0,16,0,0,35,1,1,0,0,0,1,0,0,0
20:10:39.325,418,17.7,330,184.7,23.6,0,49.9,47.6,0,0,1,51,47,0,0,0,0,0,0,0,0,18.8,12,190,1,34,34,15,34,15,34,34,33,34,-851583,8,4.863,0.015,14.447,40,0,16,0,0,35,1,1,0,0,0,1,0,0,0
20:10:39.425,483,18.7,329,181.1,27.3,0,49.9,47.6,0,0,1,50,47,0,0,0,0,0,0,0,0,19.4,12,190,1,34,34,15,34,15,34,33,33,34,-851583,8,4.863,0.015,14.447,40,0,16,0,0,35,1,1,0,0,0,1,0,0,0
20:10:39.525,544.4,20,329,184.6,28.5,0,49.9,47.6,0,0,1,50,47,0,0,0,0,0,0,0,0,21.4,12,190,1,34,34,15,34,15,34,33,33,34,-851583,8,4.863,0.015,14.447,40,0,16,0,0,35,1,1,0,0,0,1,0,0,0
20:10:39.625,604.8,21.1,329,176.4,27.1,0,49.9,47.6,0,0,1,50,47,0,0,0,0,0,0,0,0,21.1,12,190,1,34,34,15,34,15,34,33,33,34,-851583,8,4.863,0.015,14.441,40,0,16,0,0,35,1,1,0,0,0,1,0,0,0
20:10:39.725,653.8,21.9,329,173.9,28.6,0,49.9,47.6,0,0,1,50,47,0,0,0,0,0,0,0,0,23.7,12,190,1,34,34,15,34,15,34,33,33,34,-851583,8,4.863,0.015,14.447,40,0,16,0,0,35,1,1,0,0,0,1,0,0,0
20:10:39.825,721.1,23.9,327,172.2,30,0,49.9,47.8,0,0,1,50,47,0,0,0,0,0,0,0,0,24.2,12,190,1,34,34,15,34,15,34,33,33,34,-851583,8,4.863,0.015,14.447,40,0,16,0,0,35,1,1,0,0,0,1,0,0,0
20:10:39.925,768.6,24.6,329,154.2,27.6,0,49.9,47.7,0,0,1,52,47,0,0,0,0,0,0,0,0,24.2,12,190,1,34,34,15,34,15,34,33,33,34,-851583,8,4.863,0.015,14.447,40,0,16,0,0,35,1,1,0,0,0,1,0,0,0
20:10:40.025,819.8,24.9,327,172,29.9,0,49.9,47.7,0,0,1,52,47,0,0,0,0,0,0,0,0,24.6,12,190,1,34,34,15,34,15,34,33,33,34,-851583,8,4.863,0.015,14.447,40,0,16,0,0,35,1,1,0,0,0,1,0,0,0
20:10:40.125,862.8,27,328,155.1,28.1,0,50,47.7,0,0,1,52,47,0,0,0,0,0,0,0,0,25.3,12,190,1,34,34,15,33,15,34,33,33,34,-851583,8,4.863,0.015,14.447,40,0,16,0,0,35,1,1,0,0,0,1,0,0,0
20:10:40.225,916.2,28.4,327,170.5,35.4,0,50.9,47.7,0,0,1,51,48,0,0,0,0,0,0,0,0,29.9,12,190,1,34,34,15,33,15,34,34,33,34,-851583,8,4.863,0.015,14.447,40,0,16,0,0,35,1,1,0,0,0,1,0,0,0
20:10:40.325,972.2,29.3,325,195.3,40.1,0,50.9,47.8,0,0,1,52,48,0,0,0,0,0,0,0,0,35.2,12,190,1,34,34,15,33,15,34,33,33,34,-851583,8,4.863,0.015,14.447,40,0,16,0,0,35,1,1,0,0,0,1,0,0,0
20:10:40.425,1000.5,30.2,326,172,35.7,0,50.9,47.6,0,0,1,51,48,0,0,0,0,0,0,0,0,30.9,12,190,1,34,34,15,33,15,34,33,33,34,-851583,8,4.863,0.015,14.447,40,0,16,0,0,35,1,1,0,0,0,1,0,0,0
20:10:40.525,1044.8,30,326,147.1,32.4,0,50.9,47.8,0,0,1,51,48,0,0,0,0,0,0,0,0,28.8,12,190,1,34,34,15,34,15,34,34,33,34,-851583,8,4.863,0.015,14.447,40,0,16,0,0,35,1,1,0,0,0,1,0,0,0
20:10:40.625,1090.7,31.9,326,161,37.7,0,50.9,47.9,0,0,1,51,48,0,0,0,0,0,0,0,0,32.2,12,190,1,34,34,15,33,15,34,34,33,34,-851583,8,4.863,0.015,14.447,40,0,16,0,0,35,1,1,0,0,0,1,0,0,0
20:10:40.725,1135.9,33.3,324,173.3,42.1,0,50.9,47.8,0,0,1,51,48,0,0,0,0,0,0,0,0,37.3,12,190,1,34,34,15,34,15,34,33,33,34,-851583,8,4.863,0.015,14.447,40,0,16,0,0,35,1,1,0,0,0,1,0,0,0
20:10:40.825,1183.8,33.9,324,159.9,39.3,0,50.9,47.7,0,0,1,51,48,0,0,0,0,0,0,0,0,36.1,12,190,1,34,34,15,34,15,34,33,33,34,-851583,8,4.863,0.015,14.447,40,0,16,0,0,35,1,1,0,0,0,1,0,0,0
20:10:40.925,1232.9,35.3,322,165.2,43.7,0,50.9,47.7,0,0,1,51,48,0,0,0,0,0,0,0,0,37.3,12,190,1,34,34,15,33,15,34,33,33,34,-851583,8,4.863,0.015,14.454,40,0,16,0,0,35,1,1,0,0,0,1,0,0,0
20:10:41.025,1289.3,37,324,158.3,43.4,0,50.9,47.8,0,0,1,50,48,0,0,0,0,0,0,0,0,37.6,12,190,1,34,34,15,33,15,34,33,33,34,-851583,8,4.863,0.015,14.447,40,0,16,0,0,35,1,1,0,0,0,1,0,0,0
20:10:41.125,1340.4,37.3,323,165.1,40.8,0,50.9,47.9,0,0,1,50,47,0,0,0,0,0,0,0,0,40.5,12,190,1,34,34,15,33,15,34,33,33,34,-851583,8,4.863,0.015,14.447,40,0,16,0,0,35,1,1,0,0,0,1,0,0,0
20:10:41.225,1374.6,38.4,321,149.9,41,0,50.9,47.8,0,0,1,50,47,0,0,0,0,0,0,0,0,38.6,12,190,1,34,34,15,34,15,34,33,33,34,-851583,8,4.863,0.015,14.447,40,0,16,0,0,35,1,1,0,0,0,1,0,0,0
20:10:41.325,1423.2,39.6,322,165.7,44.7,0,50.9,47.8,0,0,1,50,47,0,0,0,0,0,0,0,0,43.3,12,190,1,34,34,15,34,15,34,33,33,34,-851583,8,4.863,0.015,14.447,40,0,16,0,0,35,1,1,0,0,0,1,0,0,0
20:10:41.425,1469.2,40.6,322,158.3,42.8,0,51.3,47.8,0,0,1,51,47,0,0,0,0,0,0,0,0,41.8,12,190,1,34,34,15,33,15,34,34,33,34,-851583,8,4.863,0.015,14.454,40,0,16,0,0,35,1,1,0,0,0,1,0,0,0
20:10:41.525,1511.1,40.6,323,153.2,44.2,0,51.9,47.9,0,0,1,50,47,0,0,0,0,0,0,0,0,42.9,12,190,1,34,34,15,34,15,34,34,33,34,-851583,8,4.863,0.015,14.454,40,0,16,0,0,35,1,1,0,0,0,1,0,0,0
20:10:41.625,1557.7,42.5,321,150.5,41.1,0,51.9,47.8,0,0,1,50,47,0,0,0,0,0,0,0,0,39.5,12,190,1,34,34,15,34,15,34,34,33,34,-851583,8,4.863,0.015,14.447,40,0,16,0,0,35,1,1,0,0,0,1,0,0,0
20:10:41.725,1603.8,45,320,160.5,48,0,51.9,47.9,0,0,1,50,47,0,0,0,0,0,0,0,0,46.5,12,190,1,34,34,15,33,15,34,33,33,34,-851583,8,4.863,0.015,14.454,40,0,16,0,0,35,1,1,0,0,0,1,0,0,0
20:10:41.825,1665.5,47.4,316,202.7,58.5,0,51.9,47.8,0,0,1,50,47,0,0,0,0,0,0,0,0,57.4,12,190,1,34,34,15,34,15,34,33,33,34,-851583,8,4.863,0.015,14.447,40,0,16,0,0,35,1,1,0,0,0,1,0,0,0
20:10:41.925,1717.4,47.6,317,187.4,55.5,0,51.9,47.9,0,0,1,50,47,17,0,0,0,0,0,0,0,58.7,12,190,1,34,34,15,34,15,34,33,33,34,-851583,8,4.863,0.015,14.447,40,0,16,0,0,35,1,1,0,0,0,1,0,0,0
20:10:42.025,1767.5,49.5,317,186.4,58.3,0,51.9,47.8,0,0,1,50,47,17,0,0,0,0,0,0,0,58.7,12,190,1,34,34,15,33,15,34,33,33,34,-851583,8,4.863,0.015,14.447,40,0,16,0,0,35,1,1,0,0,0,1,0,0,0
20:10:42.125,1820.1,50.8,315,191.2,58.4,0,51.9,47.9,0,0,1,50,47,17,0,0,0,0,0,0,0,61.9,12,190,1,34,34,15,33,15,34,33,33,34,-851583,8,4.863,0.015,14.447,40,0,16,0,0,35,1,1,0,0,0,1,0,0,0
20:10:42.225,1875.6,52.6,315,192,61,0,51.9,47.8,0,0,1,50,47,17,0,0,0,0,0,0,0,60.8,12,190,1,34,34,15,34,15,34,33,33,34,-851583,8,4.863,0.015,14.447,40,0,16,0,0,35,1,1,0,0,0,1,0,0,0
20:10:42.325,1925.2,50.3,319,151.8,52.6,0,51.9,47.9,0,0,1,50,48,17,0,0,0,0,0,0,0,52.3,12,190,1,34,34,15,33,15,34,33,33,34,-851583,8,4.863,0.015,14.454,40,0,16,0,0,35,1,1,0,0,0,1,0,0,0
20:10:42.425,1956,44,323,87.3,33.7,0,51.9,47.9,0,0,1,50,48,17,0,0,0,0,0,0,0,27.4,12,190,1,34,34,15,34,15,34,34,33,34,-851583,8,4.863,0.015,14.447,40,0,16,0,0,35,1,1,0,0,0,1,0,0,0
20:10:42.525,1973.2,47,327,65.1,25,0,51.9,47.9,0,0,1,50,47,17,0,0,0,0,0,0,0,24.7,12,190,1,34,34,15,34,15,34,34,33,34,-851583,8,4.863,0.015,14.454,40,0,16,0,0,35,1,1,0,0,0,1,0,0,0
20:10:42.625,1995.6,46,326,75.3,28.7,0,51.9,47.9,0,0,1,50,47,17,0,0,0,0,0,0,0,23.9,12,190,1,34,34,15,34,15,34,34,33,34,-851583,8,4.858,0.015,14.447,40,0,16,0,0,35,1,1,0,0,0,1,0,0,0
20:10:42.725,1967.5,36,335,0,0,0,52,47.9,0,0,1,50,47,17,0,0,0,0,0,0,0,0,12,190,1,34,34,15,33,15,34,33,33,34,-851583,8,4.858,0.015,14.454,40,0,16,0,0,35,1,1,0,0,0,1,0,0,0
20:10:42.825,1981.9,37.3,335,0,0,0,52.9,48,0,0,1,50,47,17,0,0,0,0,0,0,0,0,12,190,1,34,34,15,34,15,34,33,33,34,-851583,8,4.858,0.015,14.488,40,0,16,0,0,35,1,1,0,0,0,1,0,0,0
20:10:42.925,1918.9,34.8,336,0,0,0,52.9,48,0,0,1,50,47,17,0,0,0,0,0,0,0,0,12,190,1,34,34,15,33,15,34,33,33,34,-851583,8,4.863,0.015,14.482,40,0,16,0,0,35,1,1,0,0,0,1,0,0,0
20:10:43.025,1784,31.4,335,0,0,0,52.9,48.1,0,0,1,50,47,17,0,0,0,0,0,0,0,0,12,190,1,34,34,15,34,15,34,33,33,34,-851583,8,4.863,0.015,14.475,40,0,16,0,0,35,1,1,0,0,0,1,0,0,0
20:10:43.125,1592.9,25.9,334,0,0,0,52.9,48,0,0,1,50,47,17,0,0,0,0,0,0,0,0,12,190,1,34,34,15,33,15,34,33,33,34,-851583,8,4.858,0.015,14.475,40,0,16,0,0,35,1,1,0,0,0,1,0,0,0
20:10:43.225,1446.7,24.1,336,0,0,0,52.9,48,0,0,1,50,47,17,0,0,0,0,0,0,0,0,13,190,1,34,34,15,33,15,34,33,33,34,-851583,8,4.863,0.015,14.468,40,0,16,0,0,35,1,1,0,0,0,1,0,0,0
20:10:43.325,1245.9,20.5,335,0,0,0,52.9,48.1,0,0,1,50,47,17,0,0,0,0,0,0,0,0,13,190,1,34,34,15,33,15,34,33,33,34,-851583,8,4.863,0.015,14.468,40,0,16,0,0,35,1,1,0,0,0,1,0,0,0
20:10:43.425,1104.3,19.1,336,0,0,0,52.9,48,0,0,1,50,47,0,0,0,0,0,0,0,0,0,13,190,1,34,34,15,33,15,34,33,33,34,-851583,8,4.863,0.015,14.461,40,0,16,0,0,35,1,1,0,0,0,1,0,0,0
20:10:43.525,885.1,14.3,335,0,0,0,52.9,48,0,0,1,49,47,0,0,0,0,0,0,0,0,0,13,190,1,34,34,15,33,15,34,33,33,34,-851583,8,4.863,0.015,14.461,40,0,16,0,0,35,1,1,0,0,0,1,0,0,0
20:10:43.625,653.6,9.8,335,0,0,0,52.9,48,0,0,1,52,47,0,0,0,0,0,0,0,0,0,13,190,1,34,34,15,34,15,34,33,33,34,-851583,8,4.858,0.015,14.468,40,0,16,0,0,35,1,1,0,0,0,1,0,0,0
20:10:43.725,489.4,7.7,335,0,0,0,52.9,48,0,0,1,54,47,0,0,0,0,0,0,0,0,0,13,190,1,34,34,15,33,15,34,33,33,34,-851583,8,4.863,0.015,14.468,40,0,16,0,0,35,1,1,0,0,0,1,0,0,0
20:10:43.825,395.8,6.6,336,0,0,0,52.9,48,0,0,1,52,47,0,0,0,0,0,0,0,0,0,13,190,1,34,34,15,33,15,34,34,33,34,-851583,8,4.863,0.015,14.468,40,0,16,0,0,35,1,1,0,0,0,1,0,0,0
20:10:43.925,262.1,3,335,0,0,0,52.9,48,0,0,1,52,47,0,0,0,0,0,0,0,0,0,13,190,1,34,34,15,33,15,34,34,33,34,-851583,8,4.863,0.015,14.468,40,0,16,0,0,35,1,1,0,0,0,1,0,0,0
20:10:44.025,159.8,1.4,335,0,0,0,52.9,48,0,0,1,51,48,0,0,0,0,0,0,0,0,0,13,190,1,34,34,15,33,15,34,33,33,34,-851583,8,4.863,0.015,14.468,40,0,16,0,0,35,1,1,0,0,0,1,0,0,0
20:10:44.125,63.4,1.6,335,0,0,0,52.9,48,0,0,1,51,48,0,0,0,0,0,0,0,0,0,13,190,1,34,34,15,33,15,34,33,33,34,-851583,8,4.863,0.015,14.468,40,0,16,0,0,35,1,1,0,0,0,1,0,0,0
20:10:44.225,49.3,0.6,336,0,0,0,52.9,48,0,0,1,51,48,0,0,0,0,0,0,0,0,0,13,190,1,34,34,15,34,15,34,33,33,34,-851583,8,4.863,0.015,14.468,40,0,16,0,0,35,1,1,0,0,0,1,0,0,0
20:10:44.325,8.6,0.6,335,0,0,0,52.8,48,0,0,1,51,48,0,0,0,0,0,0,0,0,0,13,190,1,34,34,15,33,15,34,33,33,34,-851583,8,4.858,0.015,14.468,40,0,16,0,0,35,1,1,0,0,0,1,0,0,0
20:10:44.425,-10.7,-0.9,336,0,0,0,52.5,48,0,0,1,51,48,0,0,0,0,0,0,0,0,0,13,190,1,34,34,15,33,15,34,33,33,34,-851583,8,4.863,0.015,14.475,40,0,16,0,0,35,1,1,0,0,0,1,0,0,0
20:10:44.525,-45.7,-0.8,335,0,0,0,52.1,48,0,0,1,50,48,0,0,0,0,0,0,0,0,0,13,190,1,34,34,15,34,15,34,33,33,34,-851583,8,4.863,0.015,14.468,40,0,16,0,0,35,1,1,0,0,0,1,0,0,0
20:10:44.625,-50.1,-0.4,336,0,0,0,52.1,48,0,0,1,50,47,0,0,0,0,0,0,0,0,0,13,190,1,34,34,15,33,15,34,33,33,34,-851583,8,4.863,0.015,14.475,40,0,16,0,0,35,1,1,0,0,0,1,0,0,0
20:10:44.725,-41.7,-1.1,336,0,0,0,52,48,0,0,1,51,48,0,0,0,0,0,0,0,0,0,13,190,1,34,34,15,33,15,34,33,33,34,-851583,8,4.858,0.015,14.475,40,0,16,0,0,35,1,1,0,0,0,1,0,0,0
20:10:44.825,-41.2,-1,337,0,0,0,52,48,0,0,1,50,47,0,0,0,0,0,0,0,0,0,13,190,1,34,34,15,33,15,34,34,33,34,-851583,8,4.858,0.015,14.475,40,0,16,0,0,35,1,1,0,0,0,1,0,0,0
20:10:44.925,-36.1,-0.1,336,0,0,0,52,48.1,0,0,1,50,47,0,0,0,0,0,0,0,0,0,13,190,1,34,34,15,34,15,34,33,33,34,-851583,8,4.858,0.015,14.482,40,0,16,0,0,35,1,1,0,0,0,1,0,0,0
20:10:45.025,-30.6,-0.9,336,0,0,0,52,48.2,0,0,1,50,47,0,0,0,0,0,0,0,0,0,13,190,1,34,34,15,34,15,34,33,33,34,-851583,8,4.863,0.015,14.482,40,0,16,0,0,35,1,1,0,0,0,1,0,0,0
20:10:45.125,-25.6,0.2,335,0,0,0,52,48.3,0,0,1,50,47,0,0,0,0,0,0,0,0,0,13,190,1,34,34,15,15,15,34,33,33,34,-851583,8,4.858,0.015,14.475,40,0,16,0,0,35,1,1,0,0,0,1,0,0,0
20:10:45.225,-20.1,-0.5,335,0,0,0,52,48,0,0,1,50,47,0,0,0,0,0,0,0,0,0,13,190,1,34,34,15,33,15,34,33,33,34,-851583,8,4.863,0.015,14.482,40,0,16,0,0,35,1,1,0,0,0,1,0,0,0
20:10:45.325,-15.8,-0.7,336,0,0,0,52,48.1,0,0,1,50,47,0,0,0,0,0,0,0,0,0,13,190,1,34,34,15,34,15,34,33,33,34,-851583,8,4.863,0.015,14.475,40,0,16,0,0,35,1,1,0,0,0,1,0,0,0
20:10:45.425,-11.9,-0.7,336,0,0,0,52,48.2,0,0,1,50,47,0,0,0,0,0,0,0,0,0,13,190,1,34,34,15,34,15,34,33,33,34,-851583,8,4.863,0.015,14.475,40,0,16,0,0,35,1,1,0,0,0,1,0,0,0
20:10:45.525,-8,0.6,335,0,0,0,52,48.1,0,0,1,50,47,0,0,0,0,0,0,0,0,0,13,190,1,34,34,15,34,15,34,33,33,34,-851583,8,4.863,0.015,14.482,40,0,16,0,0,35,1,1,0,0,0,1,0,0,0
20:10:45.625,-4.3,0.4,337,0,0,0,52,48.1,0,0,1,50,47,0,0,0,0,0,0,0,0,0,13,190,1,34,34,15,34,15,34,33,33,34,-851583,8,4.863,0.015,14.475,40,0,16,0,0,35,1,1,0,0,0,1,0,0,0
20:10:45.725,-1.9,0.4,336,0,0,0,52,48.2,0,0,1,50,47,0,0,0,0,0,0,0,0,0,13,190,1,34,34,15,34,15,34,34,33,34,-851583,8,4.863,0.015,14.475,40,0,16,0,0,35,1,1,0,0,0,1,0,0,0
20:10:45.825,-0.2,0.4,336,0,0,0,52,48.3,0,0,1,50,47,0,0,0,0,0,0,0,0,0,13,190,1,34,34,15,34,15,34,33,33,34,-851583,8,4.863,0.015,14.482,40,0,16,0,0,35,1,1,0,0,0,1,0,0,0
20:10:45.925,0,0.5,336,0,0,0,52,48.3,0,0,1,50,47,0,0,0,0,0,0,0,0,0,13,190,1,34,34,15,34,15,34,33,33,34,-851583,8,4.863,0.015,14.475,40,0,16,0,0,35,1,1,0,0,0,1,0,0,0
20:10:46.025,82.9,8.9,332,303.4,22.5,0,52,48,0,0,1,50,48,0,0,0,0,0,0,0,0,9.1,13,190,1,34,34,15,34,15,34,34,33,34,-851583,8,4.863,0.015,14.482,40,0,16,0,0,35,1,1,0,0,0,1,0,0,0
20:10:46.125,76.3,10.9,331,248.5,22.9,0,52,48,0,0,1,50,47,0,0,0,0,0,0,0,0,12.8,13,190,1,34,34,15,33,15,34,34,33,34,-851583,8,4.863,0.015,14.434,40,0,16,0,0,35,1,1,0,0,0,1,0,0,0
20:10:46.225,132.9,11.2,332,221,19.2,0,52,48,0,0,1,50,47,0,0,0,0,0,0,0,0,11.8,13,190,1,34,34,15,34,15,34,33,33,34,-851583,8,4.863,0.015,14.441,40,0,16,0,0,35,1,1,0,0,0,1,0,0,0
20:10:46.325,197.5,12.8,332,184.3,18.6,0,52,48,0,0,1,49,47,0,0,0,0,0,0,0,0,10.6,13,190,1,34,34,15,33,15,34,33,33,34,-851583,8,4.863,0.015,14.441,40,0,16,0,0,35,1,1,0,0,0,1,0,0,0
20:10:46.425,252.7,13.8,331,177.1,18,0,52.1,48,0,0,1,50,47,0,0,0,0,0,0,0,0,12,12,190,1,34,34,15,33,15,34,33,33,34,-851583,8,4.863,0.015,14.441,40,0,16,0,0,35,1,1,0,0,0,1,0,0,0
20:10:46.525,292.7,13.2,332,97.9,10.7,0,52.9,48,0,0,1,50,47,0,0,0,0,0,0,0,0,7.9,12,190,1,34,34,15,34,15,34,33,33,34,-851583,8,4.863,0.015,14.441,40,0,16,0,0,35,1,1,0,0,0,1,0,0,0
20:10:46.625,331.1,13.9,332,97.9,12,0,52.9,48,0,0,1,50,47,0,0,0,0,0,0,0,0,8,12,190,1,34,34,15,33,15,34,33,33,34,-851583,8,4.863,0.015,14.441,40,0,16,0,0,35,1,1,0,0,0,1,0,0,0
20:10:46.725,366.2,14.7,332,104.3,12.1,0,52.9,48,0,0,1,50,47,0,0,0,0,0,0,0,0,9.1,12,190,1,34,34,15,34,15,34,33,33,34,-851583,8,4.863,0.015,14.441,40,0,16,0,0,35,1,1,0,0,0,1,0,0,0
20:10:46.825,395.4,15.4,332,101.3,13.1,0,52.9,48,0,0,1,50,48,0,0,0,0,0,0,0,0,9.4,13,190,1,34,34,15,34,15,34,33,33,34,-851583,8,4.863,0.015,14.441,40,0,16,0,0,35,1,1,0,0,0,1,0,0,0
20:10:46.925,427.3,15.9,332,98.6,13.4,0,52.9,48,0,0,1,50,47,0,0,0,0,0,0,0,0,9.5,13,190,1,34,34,15,33,15,34,34,33,34,-851583,8,4.863,0.015,14.441,40,0,16,0,0,35,1,1,0,0,0,1,0,0,0
20:10:47.025,457.4,16.6,332,104.4,14.3,0,52.9,48,0,0,1,50,47,0,0,0,0,0,0,0,0,11,13,190,1,34,34,15,33,15,34,34,33,34,-851583,8,4.863,0.015,14.441,40,0,16,0,0,35,1,1,0,0,0,1,0,0,0
20:10:47.125,490,17.4,331,105.6,15.3,0,52.9,48,0,0,1,50,47,0,0,0,0,0,0,0,0,11.5,12,190,1,34,34,15,33,15,34,34,33,34,-851583,8,4.863,0.015,14.441,40,0,16,0,0,35,1,1,0,0,0,1,0,0,0
20:10:47.225,513.5,17.2,332,80.6,11.5,0,52.9,48,0,0,1,50,47,0,0,0,0,0,0,0,0,8.9,12,190,1,34,34,15,34,15,34,33,33,34,-851583,8,4.863,0.015,14.441,40,0,16,0,0,35,1,1,0,0,0,1,0,0,0
20:10:47.325,532.1,17.2,333,62.7,8.9,0,52.9,48,0,0,1,50,47,0,0,0,0,0,0,0,0,6.9,12,190,1,34,34,15,34,15,34,33,33,34,-851583,8,4.863,0.015,14.441,40,0,16,0,0,35,1,1,0,0,0,1,0,0,0
20:10:47.425,547.3,17.5,333,57.4,7.8,0,52.9,48,0,0,1,52,47,0,0,0,0,0,0,0,0,6.3,12,190,1,34,34,15,33,15,34,33,33,34,-851583,8,4.863,0.015,14.441,40,0,16,0,0,35,1,1,0,0,0,1,0,0,0
20:10:47.525,562.6,17.9,333,57.8,8.9,0,52.9,48,0,0,1,52,47,0,0,0,0,0,0,0,0,6.6,13,190,1,34,34,15,34,15,34,33,33,34,-851583,8,4.863,0.015,14.441,40,0,16,0,0,35,1,1,0,0,0,1,0,0,0
20:10:47.625,584.7,18.4,332,80.2,11.4,0,52.9,48,0,0,1,54,47,0,0,0,0,0,0,0,0,8.9,13,190,1,34,34,15,34,15,34,33,33,34,-851583,8,4.863,0.015,14.441,40,0,16,0,0,35,1,1,0,0,0,1,0,0,0
20:10:47.725,591.9,18.7,332,68.5,10.6,0,52.9,48,0,0,1,52,48,0,0,0,0,0,0,0,0,8.3,13,190,1,34,34,15,33,15,34,33,33,34,-851583,8,4.863,0.015,14.441,40,0,16,0,0,35,1,1,0,0,0,1,0,0,0
20:10:47.825,609,19,332,65,10.1,0,52.9,48,0,0,1,51,48,0,0,0,0,0,0,0,0,8.5,13,190,1,34,34,15,34,15,34,33,33,34,-851583,8,4.863,0.015,14.447,40,0,16,0,0,35,1,1,0,0,0,1,0,0,0
20:10:47.925,623.4,19.3,333,71.7,11.1,0,52.9,48,0,0,1,51,48,0,0,0,0,0,0,0,0,9.1,13,190,1,34,34,15,34,15,34,34,33,34,-851583,8,4.863,0.015,14.447,40,0,16,0,0,35,1,1,0,0,0,1,0,0,0
20:10:48.025,631.7,19.3,333,66.1,9.6,0,52.9,48,0,0,1,51,48,0,0,0,0,0,0,0,0,8.2,13,190,1,34,34,15,33,15,34,34,33,34,-851583,8,4.863,0.015,14.441,40,0,16,0,0,35,1,1,0,0,0,1,0,0,0
20:10:48.125,648.4,19.7,332,66.9,10,0,52.9,48,0,0,1,51,47,0,0,0,0,0,0,0,0,8.7,13,190,1,34,34,15,33,15,34,34,33,34,-851583,8,4.863,0.015,14.441,40,0,16,0,0,35,1,1,0,0,0,1,0,0,0
20:10:48.225,661.9,20.1,333,67.2,10.9,0,52.9,48,0,0,1,50,47,0,0,0,0,0,0,0,0,9.1,13,190,1,34,34,15,34,15,34,33,33,34,-851583,8,4.863,0.015,14.441,40,0,16,0,0,35,1,1,0,0,0,1,0,0,0
20:10:48.325,678.3,20.2,331,75.8,12.4,0,52.9,48,0,0,1,50,47,0,0,0,0,0,0,0,0,10,13,190,1,34,34,15,33,15,34,33,33,34,-851583,8,4.863,0.015,14.441,40,0,16,0,0,35,1,1,0,0,0,1,0,0,0
20:10:48.425,702.3,20.4,333,64.4,10.9,0,52.9,48,0,0,1,50,47,0,0,0,0,0,0,0,0,8.9,13,190,1,34,34,15,34,15,34,34,33,34,-851583,8,4.858,0.015,14.441,40,0,16,0,0,35,1,1,0,0,0,1,0,0,0
20:10:48.525,699.1,19.6,333,40.2,6.7,0,52.9,48,0,0,1,50,48,0,0,0,0,0,0,0,0,5.3,12,190,1,34,34,15,34,15,34,33,33,34,-851583,8,4.863,0.015,14.447,40,0,16,0,0,35,1,1,0,0,0,1,0,0,0
20:10:48.625,705.7,20,334,36.5,5.9,0,52.9,48,0,0,1,50,48,0,0,0,0,0,0,0,0,5,12,190,1,34,34,15,34,15,34,33,33,34,-851583,8,4.863,0.015,14.447,40,0,16,0,0,35,1,1,0,0,0,1,0,0,0
20:10:48.725,711.8,20.2,333,38.3,6,0,52.9,48,0,0,1,50,47,0,0,0,0,0,0,0,0,5.2,13,190,1,34,34,15,33,15,34,34,33,34,-851583,8,4.863,0.015,14.447,40,0,16,0,0,35,1,1,0,0,0,1,0,0,0
20:10:48.825,714.8,20.5,332,42.8,7.4,0,53,48,0,0,1,50,47,0,0,0,0,0,0,0,0,6.2,13,190,1,34,34,15,34,15,34,33,33,34,-851583,8,4.863,0.015,14.447,40,0,16,0,0,35,1,1,0,0,0,1,0,0,0
20:10:48.925,726.6,20.7,332,52.8,9.2,0,53.6,48,0,0,1,50,47,0,0,0,0,0,0,0,0,7.4,13,190,1,34,34,15,33,15,34,33,33,34,-851583,8,4.863,0.015,14.447,40,0,16,0,0,35,1,1,0,0,0,1,0,0,0
20:10:49.025,734.2,21,333,54.8,9.6,0,53.9,48,0,0,1,50,47,0,0,0,0,0,0,0,0,7.9,13,190,1,34,34,15,34,15,34,33,33,34,-851583,8,4.863,0.015,14.441,40,0,16,0,0,35,1,1,0,0,0,1,0,0,0
20:10:49.125,742.9,21.1,333,54,8.9,0,53.9,48,0,0,1,50,47,0,0,0,0,0,0,0,0,7.5,13,190,1,34,34,15,33,15,34,33,33,34,-851583,8,4.863,0.015,14.447,40,0,16,0,0,35,1,1,0,0,0,1,0,0,0
20:10:49.225,753.3,22.3,332,63.2,11.5,0,53.9,48,0,0,1,50,47,0,0,0,0,0,0,0,0,10.2,13,190,1,34,34,15,33,15,34,33,33,34,-851583,8,4.863,0.015,14.447,40,0,16,0,0,35,1,1,0,0,0,1,0,0,0
20:10:49.325,773.4,22.4,331,78.3,13.7,0,53.9,48,0,0,1,50,47,0,0,0,0,0,0,0,0,11.5,13,190,1,34,34,15,33,15,34,34,33,34,-851583,8,4.863,0.015,14.447,40,0,16,0,0,35,1,1,0,0,0,1,0,0,0
20:10:49.425,795.6,23.4,329,95.1,18,0,53.9,48,0,0,1,50,47,0,0,0,0,0,0,0,0,14.7,13,190,1,34,34,15,33,15,34,34,33,34,-851583,8,4.863,0.015,14.447,40,0,16,0,0,35,1,1,0,0,0,1,0,0,0
20:10:49.525,827.9,26,328,132,24.1,0,53.9,48,0,0,1,50,47,0,0,0,0,0,0,0,0,21.3,12,190,1,34,34,15,33,15,34,33,33,34,-851583,8,4.858,0.015,14.447,40,0,16,0,0,35,1,1,0,0,0,1,0,0,0
20:10:49.625,871.8,26.5,328,149,29,0,53.9,48.3,0,0,1,50,47,0,0,0,0,0,0,0,0,24.5,12,190,1,34,34,15,34,15,34,33,33,34,-851583,8,4.863,0.015,14.447,40,0,16,0,0,35,1,1,0,0,0,1,0,0,0
20:10:49.725,912.8,28,328,136.5,27.4,0,53.9,48.2,0,0,1,50,47,0,0,0,0,0,0,0,0,23.9,12,190,1,34,34,15,33,15,34,33,33,34,-851583,8,4.863,0.015,14.447,40,0,16,0,0,35,1,1,0,0,0,1,0,0,0
20:10:49.825,952.5,27.9,327,143.2,30.6,0,53.9,48.2,0,0,1,50,47,0,0,0,0,0,0,0,0,25,12,190,1,34,34,15,33,15,34,33,33,34,-851583,8,4.863,0.015,14.447,40,0,16,0,0,35,1,1,0,0,0,1,0,0,0
20:10:49.925,990,28.9,326,138.5,30.5,0,53.9,48.1,0,0,1,49,47,0,0,0,0,0,0,0,0,27,12,190,1,34,34,15,33,15,34,33,33,34,-851583,8,4.863,0.015,14.447,40,0,16,0,0,35,1,1,0,0,0,1,0,0,0
20:10:50.025,1028.1,29.9,326,133.2,29.6,0,53.9,48.2,0,0,1,49,47,0,0,0,0,0,0,0,0,26.6,12,190,1,34,34,15,33,15,34,33,33,34,-851583,8,4.863,0.015,14.441,40,0,16,0,0,35,1,1,0,0,0,1,0,0,0
20:10:50.125,1078.6,31.3,325,158.3,35.4,0,53.9,48.2,0,0,1,49,47,0,0,0,0,0,0,0,0,31.8,12,190,1,34,34,15,33,15,34,33,33,34,-851583,8,4.863,0.015,14.447,40,0,16,0,0,35,1,1,0,0,0,1,0,0,0
20:10:50.225,1141.6,35.2,322,213.9,48.1,0,53.9,48.3,0,0,1,50,47,0,0,0,0,0,0,0,0,43.1,12,190,1,34,34,15,34,15,34,33,33,34,-851583,8,4.863,0.015,14.447,40,0,16,0,0,35,1,1,0,0,0,1,0,0,0
20:10:50.325,1208.3,36.8,321,213.3,53,0,53.9,48.4,0,0,1,49,47,0,0,0,0,0,0,0,0,45.7,12,190,1,34,34,15,33,15,34,34,33,34,-851583,8,4.863,0.015,14.447,40,0,16,0,0,35,1,1,0,0,0,1,0,0,0
20:10:50.425,1241.2,31.9,325,133.4,33.5,0,53.9,48.1,0,0,1,50,46,0,0,0,0,0,0,0,0,32.6,12,190,1,34,34,15,33,15,34,33,33,34,-851583,8,4.863,0.015,14.441,40,0,16,0,0,35,1,1,0,0,0,1,0,0,0
20:10:50.525,1238.6,29.4,332,45.1,11.4,0,53.9,48.2,0,0,1,50,47,0,0,0,0,0,0,0,0,9.8,12,190,1,34,34,15,34,15,34,33,33,34,-851583,8,4.858,0.015,14.447,40,0,16,0,0,35,1,1,0,0,0,1,0,0,0
20:10:50.625,1185.3,27.1,333,17.4,3.6,0,53.9,48.1,0,0,1,50,47,0,0,0,0,0,0,0,0,3,12,190,1,34,34,15,33,15,34,33,33,34,-851583,8,4.858,0.015,14.441,40,0,16,0,0,35,1,1,0,0,0,1,0,0,0
20:10:50.725,1061.1,23.7,333,20.8,4.1,0,53.9,48.1,0,0,1,50,47,0,0,0,0,0,0,0,0,3.6,12,190,1,34,34,15,33,15,34,33,33,34,-851583,8,4.863,0.015,14.447,40,0,16,0,0,35,1,1,0,0,0,1,0,0,0
20:10:50.825,777.3,13.2,338,2.4,0,0,53.9,48.2,0,0,1,50,47,0,0,0,0,0,0,0,0,0.1,12,190,1,34,34,15,33,15,34,33,33,34,-851583,8,4.863,0.015,14.482,40,0,16,0,0,35,1,1,0,0,0,1,0,0,0
20:10:50.925,558.9,10,336,0,0,0,53.9,48.9,0,0,1,50,47,0,0,0,0,0,0,0,0,0,13,190,1,34,34,15,34,15,34,33,33,34,-851583,8,4.863,0.015,14.468,40,0,16,0,0,35,1,1,0,0,0,1,0,0,0
20:10:51.025,496.3,9.2,332,0.7,0.1,0,53.9,48.5,0,0,1,50,47,0,0,0,0,0,0,0,0,0,13,190,1,34,34,15,34,15,34,33,33,34,-851583,8,4.863,0.015,14.461,40,0,16,0,0,35,1,1,0,0,0,1,0,0,0
20:10:51.125,666.6,23.6,331,85.6,15.8,0,53.9,48.4,0,0,1,50,47,0,0,0,0,0,0,0,0,13.2,13,190,1,34,34,15,15,15,34,33,33,34,-851583,8,4.863,0.015,14.441,40,0,16,0,0,35,1,1,0,0,0,1,0,0,0
20:10:51.225,787.1,24.1,329,104.2,19.5,0,53.9,48.4,0,0,1,52,47,0,0,0,0,0,0,0,0,15.9,13,190,1,34,34,15,33,15,34,34,33,34,-851583,8,4.863,0.015,14.441,40,0,16,0,0,35,1,1,0,0,0,1,0,0,0
20:10:51.325,875.4,29.5,326,152.2,30.1,0,53.9,48.4,0,0,1,52,47,0,0,0,0,0,0,0,0,27.1,13,190,1,34,34,15,34,15,34,33,33,34,-851583,8,4.863,0.015,14.447,40,0,16,0,0,35,1,1,0,0,0,1,0,0,0
20:10:51.425,965.8,30.5,322,200.8,43.9,0,53.9,48.5,0,0,1,52,48,0,0,0,0,0,0,0,0,38.4,13,190,1,34,34,15,34,15,34,33,33,34,-851583,8,4.863,0.015,14.447,40,0,16,0,0,35,1,1,0,0,0,1,0,0,0
20:10:51.525,1044.8,32.6,323,204.9,42.5,0,54,48.2,0,0,1,51,48,0,0,0,0,0,0,0,0,39.7,12,190,1,34,34,15,34,15,34,34,33,34,-851583,8,4.863,0.015,14.447,40,0,16,0,0,35,1,1,0,0,0,1,0,0,0
20:10:51.625,1054.2,27.7,327,119.2,26.9,0,54.9,48.4,0,0,1,51,48,0,0,0,0,0,0,0,0,24.8,12,190,1,34,34,15,34,15,34,34,33,34,-851583,8,4.863,0.015,14.441,40,0,16,0,0,35,1,1,0,0,0,1,0,0,0
20:10:51.725,1037.9,29.1,327,116,26.1,0,54.9,48.4,0,0,1,51,48,0,0,0,0,0,0,0,0,23.4,12,190,1,34,34,15,34,15,34,33,33,34,-851583,8,4.863,0.015,14.447,40,0,16,0,0,35,1,1,0,0,0,1,0,0,0
20:10:51.825,1068.8,30.9,326,138.2,30.6,0,54.9,48.4,0,0,1,51,48,0,0,0,0,0,0,0,0,28.6,12,190,1,34,34,15,34,15,34,33,33,34,-851583,8,4.863,0.015,14.447,40,0,16,0,0,35,1,1,0,0,0,1,0,0,0
20:10:51.925,1097,31.4,326,134.2,29.1,0,54.9,48.4,0,0,1,51,47,0,0,0,0,0,0,0,0,26.5,12,190,1,34,34,15,34,15,34,33,33,34,-851583,8,4.863,0.015,14.447,40,0,16,0,0,35,1,1,0,0,0,1,0,0,0
20:10:52.025,1152,33.2,325,150.4,35.4,0,54.9,48.4,0,0,1,51,47,0,0,0,0,0,0,0,0,31.6,12,190,1,34,34,15,34,15,34,33,33,34,-851583,8,4.863,0.015,14.447,40,0,16,0,0,35,1,1,0,0,0,1,0,0,0
20:10:52.125,1191.5,33.6,323,142.8,34.8,0,54.9,48.4,0,0,1,50,48,31,0,0,0,0,0,0,0,29.8,12,190,1,34,34,15,33,15,34,33,33,34,-851583,8,4.863,0.015,14.447,40,0,16,0,0,35,1,1,0,0,0,1,0,0,0
20:10:52.225,1236.4,35,324,142.7,36.8,0,54.9,48.5,0,0,1,51,47,31,0,0,0,0,0,0,0,32,12,190,1,34,34,15,34,15,34,33,33,34,-851583,8,4.863,0.015,14.447,40,0,16,0,0,35,1,1,0,0,0,1,0,0,0
20:10:52.325,1280.4,35.9,324,154.4,37.5,0,54.9,48.5,0,0,1,50,47,31,0,0,0,0,0,0,0,37.6,12,190,1,34,34,15,33,15,34,33,33,34,-851583,8,4.863,0.015,14.447,40,0,16,0,0,35,1,1,0,0,0,1,0,0,0
20:10:52.425,1321.7,36.6,323,145.6,39.2,0,54.9,48.5,0,0,1,50,48,31,0,0,0,0,0,0,0,35.8,12,190,1,34,34,15,34,15,34,34,33,34,-851583,8,4.863,0.015,14.447,40,0,16,0,0,35,1,1,0,0,0,1,0,0,0
20:10:52.525,1378,38.5,322,146.4,41.2,0,54.9,48.6,0,0,1,50,48,31,0,0,0,0,0,0,0,37.8,12,190,1,34,34,15,34,15,34,34,33,34,-851583,8,4.863,0.015,14.447,40,0,16,0,0,35,1,1,0,0,0,1,0,0,0
20:10:52.625,1424.1,39.6,323,121.7,35.6,0,54.9,48.4,0,0,1,50,47,31,0,0,0,0,0,0,0,34.6,12,190,1,34,34,15,33,15,34,34,33,34,-851583,8,4.863,0.015,14.441,40,0,16,0,0,35,1,1,0,0,0,1,0,0,0
20:10:52.725,1456.4,39.1,323,142.8,40.1,0,54.9,48.5,0,0,1,50,48,31,0,0,0,0,0,0,0,38.2,12,190,1,34,34,15,34,15,34,33,33,34,-851583,8,4.863,0.015,14.441,40,0,16,0,0,35,1,1,0,0,0,1,0,0,0
20:10:52.825,1416.9,25.2,333,6.3,2.3,0,54.9,48.8,0,0,1,50,47,31,0,0,0,0,0,0,0,2.3,12,190,1,34,34,15,34,15,34,33,33,34,-851583,8,4.863,0.015,14.447,40,0,16,0,0,35,1,1,0,0,0,1,0,0,0
20:10:52.925,1445.8,29,333,5.6,1.3,0,54.9,48.8,0,0,1,50,47,31,0,0,0,0,0,0,0,1.2,12,190,1,34,34,15,33,15,34,33,33,34,-851583,8,4.863,0.015,14.441,40,0,16,0,0,35,1,1,0,0,0,1,0,0,0
20:10:53.025,1436.3,33.4,333,15.6,3.8,0,54.9,48.7,0,0,1,50,47,31,0,0,0,0,0,0,0,4.4,12,190,1,34,34,15,33,15,34,33,33,34,-851583,8,4.863,0.015,14.434,40,0,16,0,0,35,1,1,0,0,0,1,0,0,0
20:10:53.125,1408.8,33.2,332,23.9,5.6,0,54.9,48.8,0,0,1,50,47,31,0,0,0,0,0,0,0,5.3,12,190,1,34,34,15,33,15,34,33,33,34,-851583,8,4.863,0.015,14.441,40,0,16,0,0,35,1,1,0,0,0,1,0,0,0
20:10:53.225,1399.2,32.9,332,24.6,6.3,0,54.9,48.8,0,0,1,51,47,31,0,0,0,0,0,0,0,4.7,12,190,1,34,34,15,34,15,34,33,33,34,-851583,8,4.863,0.015,14.434,40,0,16,0,0,35,1,1,0,0,0,1,0,0,0
20:10:53.325,1392.8,32.7,331,26.4,7.3,0,54.9,48.8,0,0,1,50,47,31,0,0,0,0,0,0,0,6.6,12,190,1,34,34,15,34,15,34,33,33,34,-851583,8,4.863,0.015,14.441,40,0,16,0,0,35,1,1,0,0,0,1,0,0,0
20:10:53.425,1372.8,32.3,332,19.9,4.9,0,54.9,48.9,0,0,1,50,47,31,0,0,0,0,0,0,0,4.8,12,190,1,34,34,15,33,15,34,34,33,34,-851583,8,4.858,0.015,14.441,40,0,16,0,0,35,1,1,0,0,0,1,0,0,0
20:10:53.525,1435.9,42.1,319,206.7,53.9,0,55.3,48.6,0,0,1,50,47,31,0,0,0,0,0,0,0,48.2,12,190,1,34,34,15,34,15,34,34,33,34,-851583,8,4.863,0.015,14.441,40,0,16,0,0,35,1,1,0,0,0,1,0,0,0
20:10:53.625,1436.6,37.4,325,131.2,36.8,0,55.5,48.8,0,0,1,50,47,0,0,0,0,0,0,0,0,33.5,12,190,1,34,34,15,34,15,34,34,33,34,-851583,8,4.863,0.015,14.441,40,0,16,0,0,35,1,1,0,0,0,1,0,0,0
20:10:53.725,1503.9,41.1,322,137.3,41.9,0,55.8,48.7,0,0,1,50,47,0,0,0,0,0,0,0,0,39.5,12,190,1,34,34,15,33,15,34,33,33,34,-851583,8,4.863,0.015,14.447,40,0,16,0,0,35,1,1,0,0,0,1,0,0,0
20:10:53.825,1508.3,29.3,331,26.9,9.8,0,55.9,48.9,0,0,1,50,47,0,0,0,0,0,0,0,0,5.5,12,190,1,34,34,15,34,15,34,33,33,34,-851583,8,4.863,0.015,14.447,40,0,16,0,0,35,1,1,0,0,0,1,0,0,0
20:10:53.925,1462.8,27.8,334,0,0,0,55.9,48.9,0,0,1,50,47,0,0,0,0,0,0,0,0,0,12,190,1,34,34,15,34,15,34,34,33,34,-851583,8,4.863,0.015,14.468,40,0,16,0,0,35,1,1,0,0,0,1,0,0,0
20:10:54.025,1452.5,28.6,335,0,0,0,55.9,48.9,0,0,1,50,47,0,0,0,0,0,0,0,0,0,12,190,1,34,34,15,33,15,34,33,33,34,-851583,8,4.863,0.015,14.488,40,0,16,0,0,35,1,1,0,0,0,1,0,0,0
20:10:54.125,1462.3,31.4,332,10.2,2.4,0,55.9,48.9,0,0,1,50,46,0,0,0,0,0,0,0,0,2.2,12,190,1,34,34,15,33,15,34,33,33,34,-851583,8,4.863,0.015,14.447,40,0,16,0,0,35,1,1,0,0,0,1,0,0,0
20:10:54.225,1423,26.8,333,4.8,0.3,0,55.9,48.9,0,0,1,50,48,0,0,0,0,0,0,0,0,1,13,190,1,34,34,15,34,15,34,34,33,34,-851583,8,4.863,0.015,14.447,40,0,16,0,0,35,1,1,0,0,0,1,0,0,0
20:10:54.325,1376.1,29.7,332,9,1.8,0,55.9,48.9,0,0,1,50,47,0,0,0,0,0,0,0,0,1.7,13,190,1,34,34,15,33,15,34,33,33,34,-851583,8,4.863,0.015,14.447,40,0,16,0,0,35,1,1,0,0,0,1,0,0,0
20:10:54.425,1358.5,29.1,333,8.5,1.6,0,55.9,48.9,0,0,1,50,47,0,0,0,0,0,0,0,0,1.6,13,190,1,34,34,15,34,15,34,33,33,34,-851583,8,4.863,0.015,14.441,40,0,16,0,0,35,1,1,0,0,0,1,0,0,0
20:10:54.525,1322,24.3,334,0,0,0,55.9,48.9,0,0,1,50,47,0,0,0,0,0,0,0,0,0,13,190,1,34,34,15,34,15,34,33,33,34,-851583,8,4.863,0.015,14.482,40,0,16,0,0,35,1,1,0,0,0,1,0,0,0
20:10:54.625,1331.8,24.5,335,0,0,0,55.9,48.9,0,0,1,50,47,0,0,0,0,0,0,0,0,0,13,190,1,34,34,15,34,15,34,33,33,34,-851583,8,4.863,0.015,14.482,40,0,16,0,0,35,1,1,0,0,0,1,0,0,0
20:10:54.725,1303.9,24,335,0,0,0,55.9,48.9,0,0,1,50,47,0,0,0,0,0,0,0,0,0,13,190,1,34,34,15,33,15,34,33,33,34,-851583,8,4.863,0.015,14.482,40,0,16,0,0,35,1,1,0,0,0,1,0,0,0
20:10:54.825,1279.3,23.7,336,0,0,0,55.9,48.9,0,0,1,49,47,0,0,0,0,0,0,0,0,0,13,190,1,34,34,15,34,15,34,34,33,34,-851583,8,4.863,0.015,14.475,40,0,16,0,0,35,1,1,0,0,0,1,0,0,0
20:10:54.925,1263.4,23.1,336,0,0,0,55.9,48.9,0,0,1,54,47,0,0,0,0,0,0,0,0,0,13,190,1,34,34,15,33,15,34,34,33,34,-851583,8,4.863,0.015,14.475,40,0,16,0,0,35,1,1,0,0,0,1,0,0,0
20:10:55.025,1234.9,23.3,334,0,0,0,55.9,48.9,0,0,1,52,47,0,0,0,0,0,0,0,0,0,13,190,1,34,34,15,34,15,34,34,33,34,-851583,8,4.863,0.015,14.475,40,0,16,0,0,35,1,1,0,0,0,1,0,0,0
20:10:55.125,1214.6,22,335,0,0,0,55.9,48.9,0,0,1,52,47,0,0,0,0,0,0,0,0,0,13,190,1,34,34,15,33,15,34,33,33,34,-851583,8,4.858,0.015,14.475,40,0,16,0,0,35,1,1,0,0,0,1,0,0,0
20:10:55.225,1193,22,335,0,0,0,55.9,48.9,0,0,1,51,48,0,0,0,0,0,0,0,0,0,13,190,1,34,34,15,33,15,34,33,33,34,-851583,8,4.863,0.015,14.475,40,0,16,0,0,35,1,1,0,0,0,1,0,0,0
20:10:55.325,1165.7,21.4,336,0,0,0,55.9,48.9,0,0,1,51,48,0,0,0,0,0,0,0,0,0,13,190,1,34,34,15,33,15,34,33,33,34,-851583,8,4.863,0.015,14.475,40,0,16,0,0,35,1,1,0,0,0,1,0,0,0
20:10:55.425,1158.3,21.9,335,0,0,0,55.9,48.9,0,0,1,51,48,0,0,0,0,0,0,0,0,0,13,190,1,34,34,15,33,15,34,33,33,34,-851583,8,4.863,0.015,14.482,40,0,16,0,0,35,1,1,0,0,0,1,0,0,0
20:10:55.525,1154.5,21.4,335,0,0,0,55.9,48.9,0,0,1,51,49,0,0,0,0,0,0,0,0,0,13,190,1,34,34,15,33,15,34,33,33,34,-851583,8,4.863,0.015,14.482,40,0,16,0,0,35,1,1,0,0,0,1,0,0,0
20:10:55.625,1139,20.7,335,0,0,0,55.9,48.9,0,0,1,51,48,0,0,0,0,0,0,0,0,0,13,190,1,34,34,15,34,15,34,33,33,34,-851583,8,4.863,0.015,14.482,40,0,16,0,0,35,1,1,0,0,0,1,0,0,0
20:10:55.725,1136.2,21,335,0,0,0,55.9,48.9,0,0,1,51,47,0,0,0,0,0,0,0,0,0,13,190,1,34,34,15,33,15,34,33,33,34,-851583,8,4.863,0.015,14.488,40,0,16,0,0,35,1,1,0,0,0,1,0,0,0
20:10:55.825,1112.9,21.1,335,0,0,0,55.9,48.9,0,0,1,51,48,0,0,0,0,0,0,0,0,0,13,190,1,34,34,15,33,15,34,34,33,34,-851583,8,4.863,0.015,14.488,40,0,16,0,0,35,1,1,0,0,0,1,0,0,0
20:10:55.925,1137.9,21.7,336,0,0,0,55.9,48.9,0,0,1,50,47,0,0,0,0,0,0,0,0,0,13,190,1,34,34,15,33,15,34,33,33,34,-851583,8,4.863,0.015,14.482,40,0,16,0,0,35,1,1,0,0,0,1,0,0,0
20:10:56.025,1121.1,26.3,334,13.2,2.3,0,55.9,48.9,0,0,1,50,48,0,0,0,0,0,0,0,0,2,13,190,1,34,34,15,33,15,34,33,33,34,-851583,8,4.863,0.015,14.488,40,0,16,0,0,35,1,1,0,0,0,1,0,0,0
20:10:56.125,1138,29.7,330,66,14.5,0,55.9,48.9,0,0,1,50,47,0,0,0,0,0,0,0,0,12.8,13,190,1,34,34,15,33,15,34,33,33,34,-851583,8,4.863,0.015,14.447,40,0,16,0,0,35,1,1,0,0,0,1,0,0,0
20:10:56.225,1135.6,28.9,331,57.2,13.4,0,55.5,48.9,0,0,1,50,48,0,0,0,0,0,0,0,0,12.2,13,190,1,34,34,15,34,15,34,33,33,34,-851583,8,4.863,0.015,14.447,40,0,16,0,0,35,1,1,0,0,0,1,0,0,0
20:10:56.325,1145.3,29.2,330,59.2,13.7,0,55.5,48.9,0,0,1,50,47,0,0,0,0,0,0,0,0,12.3,12,190,1,34,34,15,33,15,34,33,33,34,-851583,8,4.863,0.015,14.447,40,0,16,0,0,35,1,1,0,0,0,1,0,0,0
20:10:56.425,1156.4,29.8,331,56.2,13.6,0,55.9,48.9,0,0,1,50,47,0,0,0,0,0,0,0,0,12,12,190,1,34,34,15,33,15,34,33,33,34,-851583,8,4.863,0.015,14.447,40,0,16,0,0,35,1,1,0,0,0,1,0,0,0
20:10:56.525,1164,28.9,332,37.5,8.8,0,55.9,48.9,0,0,1,50,48,0,0,0,0,0,0,0,0,7.7,12,190,1,34,34,15,34,15,34,33,33,34,-851583,8,4.863,0.015,14.454,40,0,16,0,0,35,1,1,0,0,0,1,0,0,0
20:10:56.625,1171.1,29.2,332,37.2,9.4,0,55.9,49,0,0,1,50,47,0,0,0,0,0,0,0,0,8.2,12,190,1,34,34,15,33,15,34,33,33,34,-851583,8,4.863,0.015,14.447,40,0,16,0,0,35,1,1,0,0,0,1,0,0,0
20:10:56.725,1178.4,29.2,332,41.4,10.3,0,55.9,49,0,0,1,50,47,0,0,0,0,0,0,0,0,8.2,12,190,1,34,34,15,33,15,34,34,33,34,-851583,8,4.863,0.015,14.447,40,0,16,0,0,35,1,1,0,0,0,1,0,0,0
20:10:56.825,1186.6,29.5,331,40.1,9.8,0,55.9,49,0,0,1,51,48,0,0,0,0,0,0,0,0,9,12,190,1,34,34,15,33,15,34,33,33,34,-851583,8,4.863,0.015,14.447,40,0,16,0,0,35,1,1,0,0,0,1,0,0,0
20:10:56.925,1138.4,23.2,335,0,0,0,55.9,49,0,0,1,50,47,0,0,0,0,0,0,0,0,0,12,190,1,34,34,15,34,15,34,33,33,34,-851583,8,4.863,0.015,14.488,40,0,16,0,0,35,1,1,0,0,0,1,0,0,0
20:10:57.025,1155,21.7,336,0,0,0,55.9,49,0,0,1,50,48,0,0,0,0,0,0,0,0,0,13,190,1,34,34,15,34,15,34,34,33,34,-851583,8,4.863,0.015,14.488,40,0,16,0,0,35,1,1,0,0,0,1,0,0,0
20:10:57.125,1162.9,21.9,335,0,0,0,55.9,49,0,0,1,50,47,0,0,0,0,0,0,0,0,0,13,190,1,34,34,15,34,15,34,34,33,34,-851583,8,4.863,0.015,14.488,40,0,16,0,0,35,1,1,0,0,0,1,0,0,0
20:10:57.225,1155.2,21.4,335,0,0,0,55.9,49,0,0,1,50,47,0,0,0,0,0,0,0,0,0,13,190,1,34,34,15,33,15,34,33,33,34,-851583,8,4.863,0.015,14.488,40,0,16,0,0,35,1,1,0,0,0,1,0,0,0
20:10:57.325,1148.4,21.6,335,0,0,0,55.9,49,0,0,1,50,48,0,0,0,0,0,0,0,0,0,13,190,1,34,34,15,34,15,34,33,33,34,-851583,8,4.863,0.015,14.488,40,0,16,0,0,35,1,1,0,0,0,1,0,0,0
20:10:57.425,1144.9,21.5,336,0,0,0,55.9,49,0,0,1,50,47,0,0,0,0,0,0,0,0,0,13,190,1,34,34,15,34,15,34,34,33,34,-851583,8,4.863,0.015,14.488,40,0,16,0,0,35,1,1,0,0,0,1,0,0,0
20:10:57.525,1120.9,21.1,336,0,0,0,55.9,49,0,0,1,50,47,0,0,0,0,0,0,0,0,0,13,190,1,34,34,15,34,15,34,33,33,34,-851583,8,4.863,0.015,14.488,40,0,16,0,0,35,1,1,0,0,0,1,0,0,0
20:10:57.625,1117.8,21.4,335,0,0,0,55.9,49,0,0,1,50,47,0,0,0,0,0,0,0,0,0,13,190,1,34,34,15,34,15,34,33,33,34,-851583,8,4.863,0.015,14.488,40,0,16,0,0,35,1,1,0,0,0,1,0,0,0
20:10:57.725,1114.9,20.8,336,0,0,0,55.9,49,0,0,1,50,48,0,0,0,0,0,0,0,0,0,13,190,1,34,34,15,34,15,34,33,33,34,-851583,8,4.863,0.015,14.488,40,0,16,0,0,35,1,1,0,0,0,1,0,0,0
20:10:57.825,1100.4,21,336,0,0,0,55.9,49,0,0,1,49,47,0,0,0,0,0,0,0,0,0,13,190,1,34,34,15,34,15,34,33,33,34,-851583,8,4.863,0.015,14.488,40,0,16,0,0,35,1,1,0,0,0,1,0,0,0
20:10:57.925,1085.4,21,336,0,0,0,55.9,49,0,0,1,50,47,0,0,0,0,0,0,0,0,0,13,190,1,34,34,15,34,15,34,34,33,34,-851583,8,4.863,0.015,14.488,40,0,16,0,0,35,1,1,0,0,0,1,0,0,0
20:10:58.025,1054.8,19.3,335,0,0,0,55.9,49,0,0,1,50,47,0,0,0,0,0,0,0,0,0,13,190,1,34,34,15,34,15,34,34,33,34,-851583,8,4.863,0.015,14.488,40,0,16,0,0,35,1,1,0,0,0,1,0,0,0
20:10:58.125,1039.5,20.2,336,0,0,0,55.9,49,0,0,1,50,47,0,0,0,0,0,0,0,0,0,13,190,1,34,34,15,33,15,34,34,33,34,-851583,8,4.863,0.015,14.495,40,0,16,0,0,35,1,1,0,0,0,1,0,0,0
20:10:58.225,1016.5,19.6,335,0,0,0,55.9,49,0,0,1,49,47,0,0,0,0,0,0,0,0,0,13,190,1,34,34,15,34,15,34,33,33,34,-851583,8,4.863,0.015,14.488,40,0,16,0,0,35,1,1,0,0,0,1,0,0,0
20:10:58.325,986,17.8,336,0,0,0,55.3,49,0,0,1,50,47,0,0,0,0,0,0,0,0,0,13,190,1,34,34,15,33,15,34,33,33,34,-851583,8,4.863,0.015,14.488,40,0,16,0,0,35,1,1,0,0,0,1,0,0,0
20:10:58.425,965.8,17.1,335,0,0,0,55,49,0,0,1,50,48,0,0,0,0,0,0,0,0,0,13,190,1,34,34,15,34,15,34,33,33,34,-851583,8,4.863,0.015,14.488,40,0,16,0,0,35,1,1,0,0,0,1,0,0,0
20:10:58.525,935.7,17.7,336,0,0,0,55,49,0,0,1,50,47,0,0,0,0,0,0,0,0,0,13,190,1,34,34,15,34,15,34,33,33,34,-851583,8,4.858,0.015,14.495,40,0,16,0,0,35,1,1,0,0,0,1,0,0,0
20:10:58.625,914.6,16.9,335,0,0,0,55,49,0,0,1,50,47,0,0,0,0,0,0,0,0,0,13,190,1,34,34,15,33,15,34,33,33,34,-851583,8,4.863,0.015,14.488,40,0,16,0,0,35,1,1,0,0,0,1,0,0,0
20:10:58.725,886.1,16.5,336,0,0,0,55.1,49,0,0,1,54,47,0,0,0,0,0,0,0,0,0,13,190,1,34,34,15,34,15,34,33,33,34,-851583,8,4.863,0.015,14.488,40,0,16,0,0,35,1,1,0,0,0,1,0,0,0
20:10:58.825,864.2,15.5,336,0,0,0,55,49,0,0,1,52,47,0,0,0,0,0,0,0,0,0,13,190,1,34,34,15,34,15,34,33,33,34,-851583,8,4.863,0.015,14.488,40,0,16,0,0,35,1,1,0,0,0,1,0,0,0
20:10:58.925,835,15.1,335,0,0,0,55,49,0,0,1,52,47,0,0,0,0,0,0,0,0,0,13,190,1,34,34,15,33,15,34,34,33,34,-851583,8,4.863,0.015,14.488,40,0,16,0,0,35,1,1,0,0,0,1,0,0,0
20:10:59.025,818.1,15.5,336,0,0,0,55,49,0,0,1,51,48,0,0,0,0,0,0,0,0,0,13,190,1,34,34,15,33,15,34,34,33,34,-851583,8,4.858,0.015,14.488,40,0,16,0,0,35,1,1,0,0,0,1,0,0,0
20:10:59.125,796.4,15.1,334,0,0,0,55,49,0,0,1,51,48,0,0,0,0,0,0,0,0,0,13,190,1,34,34,15,33,15,34,34,33,34,-851583,8,4.863,0.015,14.488,40,0,16,0,0,35,1,1,0,0,0,1,0,0,0
20:10:59.225,778.6,11.9,336,0,0,0,55,49,0,0,1,51,48,0,0,0,0,0,0,0,0,0,13,190,1,34,34,15,34,15,34,33,33,34,-851583,8,4.863,0.015,14.488,40,0,16,0,0,35,1,1,0,0,0,1,0,0,0
20:10:59.325,763.4,20.5,334,14.4,2.2,0,55,49,0,0,1,51,48,0,0,0,0,0,0,0,0,2.1,13,190,1,34,34,15,34,15,34,33,33,34,-851583,8,4.863,0.015,14.454,40,0,16,0,0,35,1,1,0,0,0,1,0,0,0
20:10:59.425,788.6,21.8,332,43.9,7.9,0,55,49,0,0,1,51,48,0,0,0,0,0,0,0,0,7.3,13,190,1,34,34,15,33,15,34,34,33,34,-851583,8,4.863,0.015,14.447,40,0,16,0,0,35,1,1,0,0,0,1,0,0,0
20:10:59.525,757.5,20.8,334,37.4,6.6,0,55,49,0,0,1,50,48,0,0,0,0,0,0,0,0,5.4,13,190,1,34,34,15,34,15,34,33,33,34,-851583,8,4.863,0.015,14.447,40,0,16,0,0,35,1,1,0,0,0,1,0,0,0
20:10:59.625,767.9,21.5,333,42.7,7.4,0,55,49,0,0,1,51,48,0,0,0,0,0,0,0,0,6.4,13,190,1,34,34,15,34,15,34,33,33,34,-851583,8,4.863,0.015,14.447,40,0,16,0,0,35,1,1,0,0,0,1,0,0,0
20:10:59.725,765,20.9,333,40.6,6.8,0,55,48.9,0,0,1,50,47,0,0,0,0,0,0,0,0,5.8,13,190,1,34,34,15,33,15,34,34,33,34,-851583,8,4.858,0.015,14.454,40,0,16,0,0,35,1,1,0,0,0,1,0,0,0
20:10:59.825,750,20.7,333,39.3,6.6,0,55,48.9,0,0,1,50,47,0,0,0,0,0,0,0,0,5.6,13,190,1,34,34,15,34,15,34,33,33,34,-851583,8,4.863,0.015,14.447,40,0,16,0,0,35,1,1,0,0,0,1,0,0,0
20:10:59.925,804.7,22.6,331,67.8,11.2,0,55,48.9,0,0,1,50,48,0,0,0,0,0,0,0,0,9.8,13,190,1,34,34,15,34,15,34,33,33,34,-851583,8,4.863,0.015,14.454,40,0,16,0,0,35,1,1,0,0,0,1,0,0,0
20:11:00.025,781.8,21.5,332,41.4,7.3,0,55,48.9,0,0,1,50,47,0,0,0,0,0,0,0,0,5.8,13,190,1,34,34,15,33,15,34,33,33,34,-851583,8,4.863,0.015,14.447,40,0,16,0,0,35,1,1,0,0,0,1,0,0,0
20:11:00.125,792.6,21.6,333,40.5,7,0,55,48.9,0,0,1,50,47,0,0,0,0,0,0,0,0,6.1,13,190,1,34,34,15,33,15,34,33,33,34,-851583,8,4.863,0.015,14.454,40,0,16,0,0,35,1,1,0,0,0,1,0,0,0
20:11:00.225,785.1,21.5,333,36.8,6.7,0,55,48.8,0,0,1,50,47,0,0,0,0,0,0,0,0,5.4,13,190,1,34,34,15,34,15,34,33,33,34,-851583,8,4.863,0.015,14.447,40,0,16,0,0,35,1,1,0,0,0,1,0,0,0
20:11:00.325,792.2,21.7,333,40.4,6.9,0,55,48.9,0,0,1,50,48,0,0,0,0,0,0,0,0,5.9,13,190,1,34,34,15,33,15,34,34,33,34,-851583,8,4.863,0.015,14.454,40,0,16,0,0,35,1,1,0,0,0,1,0,0,0
20:11:00.425,805.5,21.9,333,36.5,7,0,55,48.9,0,0,1,50,47,0,0,0,0,0,0,0,0,5.9,13,190,1,34,34,15,34,15,34,34,33,34,-851583,8,4.863,0.015,14.454,40,0,16,0,0,35,1,1,0,0,0,1,0,0,0
20:11:00.525,828.1,23.7,332,73.1,13.6,0,55,48.9,0,0,1,50,47,0,0,0,0,0,0,0,0,11.6,13,190,1,34,34,15,34,15,34,34,33,34,-851583,8,4.863,0.015,14.447,40,0,16,0,0,35,1,1,0,0,0,1,0,0,0
20:11:00.625,827.3,22.6,332,57.3,10.5,0,55,48.9,0,0,1,51,47,0,0,0,0,0,0,0,0,9.2,13,190,1,34,34,15,34,15,34,33,33,34,-851583,8,4.863,0.015,14.447,40,0,16,0,0,35,1,1,0,0,0,1,0,0,0
20:11:00.725,840.6,22.8,332,55.5,10,0,55,48.9,0,0,1,49,47,0,0,0,0,0,0,0,0,8.3,13,190,1,34,34,15,33,15,34,33,33,34,-851583,8,4.863,0.015,14.454,40,0,16,0,0,35,1,1,0,0,0,1,0,0,0
20:11:00.825,796.9,19.4,334,6,0.8,0,55,48.9,0,0,1,50,47,0,0,0,0,0,0,0,0,0.9,13,190,1,34,34,15,34,15,34,33,33,34,-851583,8,4.863,0.015,14.447,40,0,16,0,0,35,1,1,0,0,0,1,0,0,0
20:11:00.925,847.3,23.1,334,29.7,5.9,0,55.7,48.9,0,0,1,50,47,0,0,0,0,0,0,0,0,5.3,13,190,1,34,34,15,33,15,34,33,33,34,-851583,8,4.863,0.015,14.447,40,0,16,0,0,35,1,1,0,0,0,1,0,0,0
20:11:01.025,859.8,22.9,334,50,8.4,0,55.8,48.9,0,0,1,50,47,0,0,0,0,0,0,0,0,7.1,13,190,1,34,34,15,34,15,34,33,33,34,-851583,8,4.863,0.015,14.447,40,0,16,0,0,35,1,1,0,0,0,1,0,0,0
20:11:01.125,848,22.9,332,42.8,8.1,0,55.9,48.9,0,0,1,51,47,0,0,0,0,0,0,0,0,6.9,13,190,1,34,34,15,33,15,34,33,33,34,-851583,8,4.863,0.015,14.454,40,0,16,0,0,35,1,1,0,0,0,1,0,0,0
20:11:01.225,865,24.1,331,71.2,13.8,0,55.9,48.9,0,0,1,50,47,0,0,0,0,0,0,0,0,11.4,13,190,1,34,34,15,33,15,34,33,33,34,-851583,8,4.863,0.015,14.454,40,0,16,0,0,35,1,1,0,0,0,1,0,0,0
20:11:01.325,878.1,24.3,331,67.2,13.2,0,55.9,48.9,0,0,1,49,48,0,0,0,0,0,0,0,0,11.2,13,190,1,34,34,15,33,15,34,34,33,34,-851583,8,4.863,0.015,14.454,40,0,16,0,0,35,1,1,0,0,0,1,0,0,0
20:11:01.425,894.8,24.3,331,65.8,13,0,55.9,48.9,0,0,1,50,47,0,0,0,0,0,0,0,0,10.6,13,190,1,34,34,15,33,15,34,33,33,34,-851583,8,4.863,0.015,14.447,40,0,16,0,0,35,1,1,0,0,0,1,0,0,0
20:11:01.525,908.4,24.8,332,66.1,13.3,0,55.9,48.9,0,0,1,50,47,0,0,0,0,0,0,0,0,11.5,12,190,1,34,34,15,33,15,34,33,33,34,-851583,8,4.863,0.015,14.447,40,0,16,0,0,35,1,1,0,0,0,1,0,0,0
20:11:01.625,923.8,25,331,63.6,13.5,0,55.9,48.9,0,0,1,50,47,0,0,0,0,0,0,0,0,10.8,12,190,1,34,34,15,34,15,34,33,33,34,-851583,8,4.863,0.015,14.454,40,0,16,0,0,35,1,1,0,0,0,1,0,0,0
20:11:01.725,941.1,25.2,331,61.9,12.8,0,55.9,48.9,0,0,1,50,47,0,0,0,0,0,0,0,0,10.8,12,190,1,34,34,15,33,15,34,33,33,34,-851583,8,4.863,0.015,14.454,40,0,16,0,0,35,1,1,0,0,0,1,0,0,0
20:11:01.825,957,25.9,331,57.9,11.7,0,55.9,48.9,0,0,1,49,47,0,0,0,0,0,0,0,0,10.3,12,190,1,34,34,15,33,15,34,33,33,34,-851583,8,4.863,0.015,14.447,40,0,16,0,0,35,1,1,0,0,0,1,0,0,0
20:11:01.925,971,25.9,331,59.9,12.8,0,55.9,48.9,0,0,1,50,47,0,0,0,0,0,0,0,0,11.2,12,190,1,34,34,15,33,15,34,33,33,34,-851583,8,4.863,0.015,14.454,40,0,16,0,0,35,1,1,0,0,0,1,0,0,0
20:11:02.025,986.9,26.5,330,67.2,13.9,0,55.9,48.9,0,0,1,50,47,0,0,0,0,0,0,0,0,12.4,12,190,1,34,34,15,33,15,34,34,33,34,-851583,8,4.863,0.015,14.447,40,0,16,0,0,35,1,1,0,0,0,1,0,0,0
20:11:02.125,999.9,26.6,330,60.5,12,0,55.9,48.9,0,0,1,50,48,0,0,0,0,0,0,0,0,11.2,12,190,1,34,34,15,33,15,34,33,33,34,-851583,8,4.863,0.015,14.454,40,0,16,0,0,35,1,1,0,0,0,1,0,0,0
20:11:02.225,1016.2,26.8,331,64.2,14.3,0,55.9,48.9,0,0,1,50,47,0,0,0,0,0,0,0,0,12.2,12,190,1,34,34,15,34,15,34,34,33,34,-851583,8,4.863,0.015,14.447,40,0,16,0,0,35,1,1,0,0,0,1,0,0,0
20:11:02.325,1031.3,27,331,63.5,14.6,0,55.9,48.9,0,0,1,50,47,0,0,0,0,0,0,0,0,12,12,190,1,34,34,15,33,15,34,33,33,34,-851583,8,4.863,0.015,14.447,40,0,16,0,0,35,1,1,0,0,0,1,0,0,0
20:11:02.425,1042,27.5,332,55.6,11.3,0,55.9,48.9,0,0,1,50,47,0,0,0,0,0,0,0,0,11.9,12,190,1,34,34,15,33,15,34,33,33,34,-851583,8,4.863,0.015,14.447,40,0,16,0,0,35,1,1,0,0,0,1,0,0,0
20:11:02.525,1061.2,27.6,331,60.2,13.4,0,55.9,48.9,0,0,1,54,47,0,0,0,0,0,0,0,0,11.8,12,190,1,34,34,15,34,15,34,34,33,34,-851583,8,4.863,0.015,14.454,40,0,16,0,0,35,1,1,0,0,0,1,0,0,0
20:11:02.625,1075.3,28,331,59.6,13.7,0,55.9,48.9,0,0,1,52,48,0,0,0,0,0,0,0,0,12.5,12,190,1,34,34,15,33,15,34,34,33,34,-851583,8,4.863,0.015,14.454,40,0,16,0,0,35,1,1,0,0,0,1,0,0,0
20:11:02.725,1089.9,28.1,332,58.8,13.6,0,55.9,48.9,0,0,1,52,48,0,0,0,0,0,0,0,0,11.8,12,190,1,34,34,15,33,15,34,33,33,34,-851583,8,4.863,0.015,14.454,40,0,16,0,0,35,1,1,0,0,0,1,0,0,0
20:11:02.825,1099.6,28.4,330,62.7,14.6,0,55.9,48.9,0,0,1,51,48,0,0,0,0,0,0,0,0,12.4,12,190,1,34,34,15,33,15,34,33,33,34,-851583,8,4.863,0.015,14.447,40,0,16,0,0,35,1,1,0,0,0,1,0,0,0
20:11:02.925,1111.3,29,330,58.6,13.1,0,55.9,48.9,0,0,1,51,48,0,0,0,0,0,0,0,0,12.5,12,190,1,34,34,15,34,15,34,34,33,34,-851583,8,4.863,0.015,14.454,40,0,16,0,0,35,1,1,0,0,0,1,0,0,0
20:11:03.025,1127.2,29.2,331,58.9,12.9,0,55.9,49,0,0,1,50,48,0,0,0,0,0,0,0,0,11.9,12,190,1,34,34,15,34,15,34,33,33,34,-851583,8,4.863,0.015,14.447,40,0,16,0,0,35,1,1,0,0,0,1,0,0,0
20:11:03.125,1139.3,29.2,331,56.7,11.9,0,55.9,49,0,0,1,51,48,0,0,0,0,0,0,0,0,11.7,12,190,1,34,34,15,15,15,34,33,33,34,-851583,8,4.863,0.015,14.454,40,0,16,0,0,35,1,1,0,0,0,1,0,0,0
20:11:03.225,1150.9,29.2,330,57.9,13.2,0,55.9,49,0,0,1,51,47,0,0,0,0,0,0,0,0,11.2,12,190,1,34,34,15,33,15,34,33,33,34,-851583,8,4.863,0.015,14.447,40,0,16,0,0,35,1,1,0,0,0,1,0,0,0
20:11:03.325,1163.6,29.5,331,55,12.9,0,55.9,49,0,0,1,51,47,0,0,0,0,0,0,0,0,11.6,12,190,1,34,34,15,34,15,34,34,33,34,-851583,8,4.863,0.015,14.447,40,0,16,0,0,35,1,1,0,0,0,1,0,0,0
20:11:03.425,1175.1,29.6,330,56.6,14.5,0,55.9,49,0,0,1,50,48,0,0,0,0,0,0,0,0,12,12,190,1,34,34,15,34,15,34,34,33,34,-851583,8,4.863,0.015,14.447,40,0,16,0,0,35,1,1,0,0,0,1,0,0,0
20:11:03.525,1184.5,30.3,330,64.8,15.1,0,55.9,49,0,0,1,51,47,0,0,0,0,0,0,0,0,14.4,12,190,1,34,34,15,34,15,34,34,33,34,-851583,8,4.863,0.015,14.447,40,0,16,0,0,35,1,1,0,0,0,1,0,0,0
20:11:03.625,1176.1,26.4,333,9.9,2.5,0,55.9,49,0,0,1,50,47,0,0,0,0,0,0,0,0,0,12,190,1,34,34,15,34,15,34,34,33,34,-851583,8,4.863,0.015,14.447,40,0,16,0,0,35,1,1,0,0,0,1,0,0,0
20:11:03.725,1162.6,22.4,335,0,0,0,55.9,49.3,0,0,1,50,47,0,0,0,0,0,0,0,0,0,12,190,1,34,34,15,34,15,34,33,33,34,-851583,8,4.863,0.015,14.488,40,0,16,0,0,35,1,1,0,0,0,1,0,0,0
20:11:03.825,1170.7,22.8,336,0,0,0,55.9,49.3,0,0,1,50,47,0,0,0,0,0,0,0,0,0,12,190,1,34,34,15,34,15,34,33,33,34,-851583,8,4.863,0.015,14.468,40,0,16,0,0,35,1,1,0,0,0,1,0,0,0
20:11:03.925,1159.3,21.4,336,0,0,0,55.9,49.4,0,0,1,50,47,0,0,0,0,0,0,0,0,0,13,190,1,34,34,15,34,15,34,33,33,34,-851583,8,4.863,0.015,14.488,40,0,16,0,0,35,1,1,0,0,0,1,0,0,0
20:11:04.025,1154.2,20.8,336,0,0,0,55.9,49.3,0,0,1,50,47,0,0,0,0,0,0,0,0,0,13,190,1,34,34,15,34,15,34,33,33,34,-851583,8,4.863,0.015,14.488,40,0,16,0,0,35,1,1,0,0,0,1,0,0,0
20:11:04.125,1145.4,21.4,336,0,0,0,55.9,49.5,0,0,1,50,47,0,0,0,0,0,0,0,0,0,13,190,1,34,34,15,33,15,34,33,33,34,-851583,8,4.863,0.015,14.488,40,0,16,0,0,35,1,1,0,0,0,1,0,0,0
20:11:04.225,1135.2,20.6,336,0,0,0,55.9,49.4,0,0,1,50,47,0,0,0,0,0,0,0,0,0,13,190,1,34,34,15,34,15,34,33,33,34,-851583,8,4.863,0.015,14.488,40,0,16,0,0,35,1,1,0,0,0,1,0,0,0
20:11:04.325,1129.1,20.5,335,0,0,0,55.9,49.3,0,0,1,50,47,0,0,0,0,0,0,0,0,0,13,190,1,34,34,15,33,15,34,33,33,34,-851583,8,4.863,0.015,14.488,40,0,16,0,0,35,1,1,0,0,0,1,0,0,0
20:11:04.425,1113.6,21.5,336,0,0,0,55.9,49.3,0,0,1,50,48,0,0,0,0,0,0,0,0,0,13,190,1,34,34,15,34,15,34,34,33,34,-851583,8,4.863,0.015,14.488,40,0,16,0,0,35,1,1,0,0,0,1,0,0,0
20:11:04.525,1108.8,20.4,335,0,0,0,55.9,49.4,0,0,1,50,47,0,0,0,0,0,0,0,0,0,13,190,1,34,34,15,34,16,34,34,33,34,-851583,8,4.863,0.015,14.488,40,0,16,0,0,35,1,1,0,0,0,1,0,0,0
20:11:04.625,1103.6,21,337,0,0,0,55.9,49.1,0,0,1,50,47,0,0,0,0,0,0,0,0,0,13,190,1,34,34,15,33,15,34,34,33,34,-851583,8,4.863,0.015,14.488,40,0,16,0,0,35,1,1,0,0,0,1,0,0,0
20:11:04.725,1097.9,24.7,334,7.7,0.8,0,55.9,49,0,0,1,50,47,0,0,0,0,0,0,0,0,1.3,13,190,1,34,34,15,34,15,34,33,33,34,-851583,8,4.863,0.015,14.447,40,0,16,0,0,35,1,1,0,0,0,1,0,0,0
20:11:04.825,1090.8,26.3,334,10.5,1.9,0,55.9,49,0,0,1,50,47,0,0,0,0,0,0,0,0,2,13,190,1,34,34,15,34,15,34,33,33,34,-851583,8,4.863,0.015,14.447,40,0,16,0,0,35,1,1,0,0,0,1,0,0,0
20:11:04.925,1085.4,26.6,333,17,3.9,0,55.9,49,0,0,1,50,47,0,0,0,0,0,0,0,0,2.8,13,190,1,34,34,15,33,15,34,34,33,34,-851583,8,4.863,0.015,14.447,40,0,16,0,0,35,1,1,0,0,0,1,0,0,0
20:11:05.025,1081,26.5,333,15.5,3.3,0,55.9,49,0,0,1,50,47,0,0,0,0,0,0,0,0,2.6,13,190,1,34,34,15,33,15,34,33,33,34,-851583,8,4.863,0.015,14.447,40,0,16,0,0,35,1,1,0,0,0,1,0,0,0
20:11:05.125,1074.1,26,334,12.5,2.1,0,55.9,49,0,0,1,50,47,0,0,0,0,0,0,0,0,2,13,190,1,34,34,15,33,15,34,33,33,34,-851583,8,4.863,0.015,14.447,40,0,16,0,0,35,1,1,0,0,0,1,0,0,0
20:11:05.225,1069.8,25.9,333,10.9,2.1,0,55.9,49,0,0,1,50,47,0,0,0,0,0,0,0,0,2,13,190,1,34,34,15,34,16,34,34,33,34,-851583,8,4.863,0.015,14.447,40,0,16,0,0,35,1,1,0,0,0,1,0,0,0
20:11:05.325,1064.6,26.3,333,17.8,3.7,0,55.9,49,0,0,1,50,47,0,0,0,0,0,0,0,0,3.3,13,190,1,34,34,15,34,15,34,33,33,34,-851583,8,4.863,0.015,14.447,40,0,16,0,0,35,1,1,0,0,0,1,0,0,0
20:11:05.425,1066.7,26.4,332,18.2,3.5,0,55.9,49,0,0,1,49,47,0,0,0,0,0,0,0,0,3.3,13,190,1,34,34,15,33,15,34,33,33,34,-851583,8,4.863,0.015,14.447,40,0,16,0,0,35,1,1,0,0,0,1,0,0,0
20:11:05.525,1066.1,26.4,333,20.6,4,0,55.9,49,0,0,1,50,47,0,0,0,0,0,0,0,0,3.8,13,190,1,34,34,15,34,15,34,33,33,34,-851583,8,4.863,0.015,14.447,40,0,16,0,0,35,1,1,0,0,0,1,0,0,0
20:11:05.625,1049.1,20.2,336,0,0,0,55.9,49.5,0,0,1,49,47,0,0,0,0,0,0,0,0,0,13,190,1,34,34,15,34,15,34,33,33,34,-851583,8,4.858,0.015,14.488,40,0,16,0,0,35,1,1,0,0,0,1,0,0,0
20:11:05.725,1043.2,19.9,335,0,0,0,55.9,49.5,0,0,1,49,47,0,0,0,0,0,0,0,0,0,13,190,1,34,34,15,33,15,34,33,33,34,-851583,8,4.858,0.015,14.488,40,0,16,0,0,35,1,1,0,0,0,1,0,0,0
20:11:05.825,1041.9,18.9,337,0,0,0,55.9,49.5,0,0,1,50,48,0,0,0,0,0,0,0,0,0,13,190,1,34,34,15,34,15,34,34,33,34,-851583,8,4.863,0.015,14.488,40,0,16,0,0,35,1,1,0,0,0,1,0,0,0
20:11:05.925,1031,19.5,336,0,0,0,55.9,49.4,0,0,1,50,47,0,0,0,0,0,0,0,0,0,13,190,1,34,34,15,34,15,34,34,33,34,-851583,8,4.863,0.015,14.488,40,0,16,0,0,35,1,1,0,0,0,1,0,0,0
20:11:06.025,1026.2,19.6,336,0,0,0,55.9,49.5,0,0,1,49,47,0,0,0,0,0,0,0,0,0,13,190,1,34,34,15,33,15,34,34,33,34,-851583,8,4.863,0.015,14.488,40,0,16,0,0,35,1,1,0,0,0,1,0,0,0
20:11:06.125,1019.2,19.6,336,0,0,0,55.9,49.5,0,0,1,49,47,0,0,0,0,0,0,0,0,0,13,190,1,34,34,15,33,15,34,33,33,34,-851583,8,4.863,0.015,14.488,40,0,16,0,0,35,1,1,0,0,0,1,0,0,0
20:11:06.225,1015.7,19.3,336,0,0,0,55.9,49.6,0,0,1,52,47,0,0,0,0,0,0,0,0,0,13,190,1,34,34,15,34,15,34,33,33,34,-851583,8,4.863,0.015,14.488,40,0,16,0,0,35,1,1,0,0,0,1,0,0,0
20:11:06.325,1009.7,19.2,337,0,0,0,55.9,49.6,0,0,1,52,47,0,0,0,0,0,0,0,0,0,13,190,1,34,34,15,33,15,34,33,33,34,-851583,8,4.863,0.015,14.488,40,0,16,0,0,35,1,1,0,0,0,1,0,0,0
20:11:06.425,1002.4,18.5,335,0,0,0,55.9,49.7,0,0,1,52,47,0,0,0,0,0,0,0,0,0,13,190,1,34,34,15,34,15,34,33,33,34,-851583,8,4.863,0.015,14.488,40,0,16,0,0,35,1,1,0,0,0,1,0,0,0
20:11:06.525,998.1,18.9,336,0,0,0,55.9,49.5,0,0,1,51,48,0,0,0,0,0,0,0,0,0,13,190,1,34,34,15,34,15,34,33,33,34,-851583,8,4.863,0.015,14.488,40,0,16,0,0,35,1,1,0,0,0,1,0,0,0
20:11:06.625,986.4,18,336,0,0,0,55.9,49.7,0,0,1,51,48,0,0,0,0,0,0,0,0,0,13,190,1,34,34,15,34,15,34,33,33,34,-851583,8,4.858,0.015,14.488,40,0,16,0,0,35,1,1,0,0,0,1,0,0,0
20:11:06.725,982.7,18.1,337,0,0,0,55.9,49.7,0,0,1,51,48,0,0,0,0,0,0,0,0,0,13,190,1,34,34,15,33,15,34,33,33,34,-851583,8,4.863,0.015,14.488,40,0,16,0,0,35,1,1,0,0,0,1,0,0,0
20:11:06.825,970.8,18.3,336,0,0,0,55.9,49.7,0,0,1,51,48,0,0,0,0,0,0,0,0,0,13,190,1,34,34,15,34,15,34,34,33,34,-851583,8,4.863,0.015,14.488,40,0,16,0,0,35,1,1,0,0,0,1,0,0,0
20:11:06.925,965.5,18,335,0,0,0,55.9,49.6,0,0,1,51,47,0,0,0,0,0,0,0,0,0,13,190,1,34,34,15,33,15,34,33,33,34,-851583,8,4.863,0.015,14.488,40,0,16,0,0,35,1,1,0,0,0,1,0,0,0
20:11:07.025,949.9,18.1,336,0,0,0,55.9,49.7,0,0,1,51,47,0,0,0,0,0,0,0,0,0,13,190,1,34,34,15,34,15,34,33,33,34,-851583,8,4.863,0.015,14.488,40,0,16,0,0,35,1,1,0,0,0,1,0,0,0
20:11:07.125,941.1,17.7,336,0,0,0,55.9,49.7,0,0,1,50,47,0,0,0,0,0,0,0,0,0,13,190,1,34,34,15,33,15,34,33,33,34,-851583,8,4.863,0.015,14.488,40,0,16,0,0,35,1,1,0,0,0,1,0,0,0
20:11:07.225,925.4,17.7,335,0,0,0,55.9,49.6,0,0,1,50,47,0,0,0,0,0,0,0,0,0,13,190,1,34,34,15,33,16,34,33,33,34,-851583,8,4.863,0.015,14.488,40,0,16,0,0,35,1,1,0,0,0,1,0,0,0
20:11:07.325,917.6,16.3,336,0,0,0,55.9,49.6,0,0,1,50,48,0,0,0,0,0,0,0,0,0,13,190,1,34,34,15,33,15,34,33,33,34,-851583,8,4.863,0.015,14.488,40,0,16,0,0,35,1,1,0,0,0,1,0,0,0
20:11:07.425,903.2,16.4,336,0,0,0,55.9,49.8,0,0,1,50,47,0,0,0,0,0,0,0,0,0,13,190,1,34,34,15,33,15,34,33,33,34,-851583,8,4.863,0.015,14.488,40,0,16,0,0,35,1,1,0,0,0,1,0,0,0
20:11:07.525,892.8,16.3,337,0,0,0,55.9,49.8,0,0,1,50,47,0,0,0,0,0,0,0,0,0,13,190,1,34,34,15,33,15,34,34,33,34,-851583,8,4.863,0.015,14.488,40,0,16,0,0,35,1,1,0,0,0,1,0,0,0
20:11:07.625,882.7,16.9,336,0,0,0,55.9,49.7,0,0,1,50,47,0,0,0,0,0,0,0,0,0,13,190,1,34,34,15,34,15,34,33,33,34,-851583,8,4.863,0.015,14.488,40,0,16,0,0,35,1,1,0,0,0,1,0,0,0
20:11:07.725,873.3,16,336,0,0,0,55.9,49.6,0,0,1,50,47,0,0,0,0,0,0,0,0,0,13,190,1,34,34,15,33,15,34,34,33,34,-851583,8,4.863,0.015,14.488,40,0,16,0,0,35,1,1,0,0,0,1,0,0,0
20:11:07.825,862.7,16.7,336,0,0,0,55.9,49.5,0,0,1,50,47,0,0,0,0,0,0,0,0,0,13,190,1,34,34,15,33,15,34,33,33,34,-851583,8,4.863,0.015,14.488,40,0,16,0,0,35,1,1,0,0,0,1,0,0,0
20:11:07.925,848.9,16,335,0,0,0,55.9,49.7,0,0,1,50,47,0,0,0,0,0,0,0,0,0,13,190,1,34,34,15,33,15,34,33,33,34,-851583,8,4.863,0.015,14.488,40,0,16,0,0,35,1,1,0,0,0,1,0,0,0
20:11:08.025,834,16.4,335,0,0,0,55.9,49.6,0,0,1,50,47,0,0,0,0,0,0,0,0,0,13,190,1,34,34,15,33,15,34,34,33,34,-851583,8,4.863,0.015,14.488,40,0,16,0,0,35,1,1,0,0,0,1,0,0,0
20:11:08.125,827,16,336,0,0,0,55.9,49.9,0,0,1,50,47,0,0,0,0,0,0,0,0,0,13,190,1,34,34,15,33,15,34,34,33,34,-851583,8,4.863,0.015,14.488,40,0,16,0,0,35,1,1,0,0,0,1,0,0,0
20:11:08.225,811.8,14.5,336,0,0,0,55.9,49.7,0,0,1,50,47,0,0,0,0,0,0,0,0,0,13,190,1,34,34,15,34,15,34,33,33,34,-851583,8,4.858,0.015,14.488,40,0,16,0,0,35,1,1,0,0,0,1,0,0,0
20:11:08.325,810.1,15.2,335,0,0,0,55.9,49.8,0,0,1,50,48,0,0,0,0,0,0,0,0,0,13,190,1,34,34,15,33,15,34,33,33,34,-851583,8,4.858,0.015,14.488,40,0,16,0,0,35,1,1,0,0,0,1,0,0,0
20:11:08.425,804.9,14.5,336,0,0,0,55.9,49.8,0,0,1,50,47,0,0,0,0,0,0,0,0,0,13,190,1,34,34,15,33,15,34,34,33,34,-851583,8,4.863,0.015,14.488,40,0,16,0,0,35,1,1,0,0,0,1,0,0,0
20:11:08.525,796.6,14.1,336,0,0,0,55.9,49.9,0,0,1,50,47,0,0,0,0,0,0,0,0,0,13,190,1,34,34,15,34,15,34,33,33,34,-851583,8,4.863,0.015,14.488,40,0,16,0,0,35,1,1,0,0,0,1,0,0,0
20:11:08.625,782.7,14,336,0,0,0,55.9,49.8,0,0,1,50,47,0,0,0,0,0,0,0,0,0,13,190,1,34,34,15,33,15,34,33,33,34,-851583,8,4.863,0.015,14.488,40,0,16,0,0,35,1,1,0,0,0,1,0,0,0
20:11:08.725,774.1,13.7,336,0,0,0,55.9,49.8,0,0,1,49,47,0,0,0,0,0,0,0,0,0,13,190,1,34,34,15,33,15,34,33,33,34,-851583,8,4.863,0.015,14.488,40,0,16,0,0,35,1,1,0,0,0,1,0,0,0
20:11:08.825,764.5,14.4,336,0,0,0,55.9,49.8,0,0,1,50,47,0,0,0,0,0,0,0,0,0,13,190,1,34,34,15,33,15,34,34,33,34,-851583,8,4.863,0.015,14.488,40,0,16,0,0,35,1,1,0,0,0,1,0,0,0
20:11:08.925,749.5,13.9,335,0,0,0,55.9,49.9,0,0,1,50,47,0,0,0,0,0,0,0,0,0,13,190,1,34,34,15,34,15,34,34,33,34,-851583,8,4.863,0.015,14.488,40,0,16,0,0,35,1,1,0,0,0,1,0,0,0
20:11:09.025,747,14.4,335,0,0,0,55.9,49.8,0,0,1,50,47,0,0,0,0,0,0,0,0,0,13,190,1,34,34,15,34,15,34,34,33,34,-851583,8,4.858,0.015,14.488,40,0,16,0,0,35,1,1,0,0,0,1,0,0,0
20:11:09.125,756.9,14.2,336,0,0,0,55.9,49.9,0,0,1,49,47,0,0,0,0,0,0,0,0,0,13,190,1,34,34,15,15,15,34,34,33,34,-851583,8,4.858,0.015,14.488,40,0,16,0,0,35,1,1,0,0,0,1,0,0,0
20:11:09.225,757.1,13.4,336,0,0,0,55.9,49.9,0,0,1,50,48,0,0,0,0,0,0,0,0,0,13,190,1,34,34,15,33,15,34,33,33,34,-851583,8,4.863,0.015,14.488,40,0,16,0,0,35,1,1,0,0,0,1,0,0,0
20:11:09.325,743.5,13.8,335,0,0,0,55.9,49.9,0,0,1,49,47,0,0,0,0,0,0,0,0,0,13,190,1,34,34,15,34,15,34,33,33,34,-851583,8,4.863,0.015,14.488,40,0,16,0,0,35,1,1,0,0,0,1,0,0,0
20:11:09.425,737.5,14.6,336,0,0,0,55.9,49.9,0,0,1,49,46,0,0,0,0,0,0,0,0,0,13,190,1,34,34,15,34,15,34,33,33,34,-851583,8,4.863,0.015,14.488,40,0,16,0,0,35,1,1,0,0,0,1,0,0,0
20:11:09.525,734.6,13.4,336,0,0,0,55.9,49.8,0,0,1,50,47,0,0,0,0,0,0,0,0,0,13,190,1,34,34,15,34,15,34,33,33,34,-851583,8,4.863,0.015,14.488,40,0,16,0,0,35,1,1,0,0,0,1,0,0,0
20:11:09.625,726,13.3,336,0,0,0,55.9,49.8,0,0,1,50,47,0,0,0,0,0,0,0,0,0,13,190,1,34,34,15,34,15,34,33,33,34,-851583,8,4.863,0.015,14.488,40,0,16,0,0,35,1,1,0,0,0,1,0,0,0
20:11:09.725,719.1,12.8,336,0,0,0,55.9,49.9,0,0,1,49,47,0,0,0,0,0,0,0,0,0,13,190,1,34,34,15,34,15,34,33,33,34,-851583,8,4.863,0.015,14.488,40,0,16,0,0,35,1,1,0,0,0,1,0,0,0
20:11:09.825,707,13.6,336,0,0,0,55.9,49.8,0,0,1,49,47,0,0,0,0,0,0,0,0,0,13,190,1,34,34,15,34,16,34,33,33,34,-851583,8,4.863,0.015,14.488,40,0,16,0,0,35,1,1,0,0,0,1,0,0,0
20:11:09.925,694.8,13,336,0,0,0,55.9,49.9,0,0,1,49,47,0,0,0,0,0,0,0,0,0,13,190,1,34,34,15,34,15,34,34,33,34,-851583,8,4.858,0.015,14.488,40,0,16,0,0,35,1,1,0,0,0,1,0,0,0
20:11:10.025,686.2,13.1,335,0,0,0,55.9,49.9,0,0,1,52,47,0,0,0,0,0,0,0,0,0,13,190,1,34,34,15,34,15,34,34,33,34,-851583,8,4.863,0.015,14.488,40,0,16,0,0,35,1,1,0,0,0,1,0,0,0
20:11:10.125,684.8,12.1,336,0,0,0,55.9,49.9,0,0,1,52,47,0,0,0,0,0,0,0,0,0,13,190,1,34,34,15,33,15,34,34,33,34,-851583,8,4.863,0.015,14.488,40,0,16,0,0,35,1,1,0,0,0,1,0,0,0
20:11:10.225,675.3,12.5,337,0,0,0,55.9,49.9,0,0,1,51,47,0,0,0,0,0,0,0,0,0,13,190,1,34,34,15,34,15,34,33,33,34,-851583,8,4.863,0.015,14.488,40,0,16,0,0,35,1,1,0,0,0,1,0,0,0
20:11:10.325,668,12.9,337,0,0,0,55.9,49.9,0,0,1,51,48,0,0,0,0,0,0,0,0,0,13,190,1,34,34,15,33,15,34,33,33,34,-851583,8,4.863,0.015,14.488,40,0,16,0,0,35,1,1,0,0,0,1,0,0,0
20:11:10.425,652,11.9,337,0,0,0,55.9,49.9,0,0,1,51,48,0,0,0,0,0,0,0,0,0,13,190,1,34,34,15,34,15,34,34,33,34,-851583,8,4.863,0.015,14.488,40,0,16,0,0,35,1,1,0,0,0,1,0,0,0
20:11:10.525,639.2,11.1,336,0,0,0,55.5,49.8,0,0,1,50,47,0,0,0,0,0,0,0,0,0,13,190,1,34,34,15,34,15,34,33,33,34,-851583,8,4.863,0.015,14.488,40,0,16,0,0,35,1,1,0,0,0,1,0,0,0
20:11:10.625,625.1,11.8,336,0,0,0,55.2,49.9,0,0,1,51,47,0,0,0,0,0,0,0,0,0,13,190,1,34,34,15,33,15,34,33,33,34,-851583,8,4.863,0.015,14.488,40,0,16,0,0,35,1,1,0,0,0,1,0,0,0
20:11:10.725,605,11.4,336,0,0,0,55.1,49.8,0,0,1,51,47,0,0,0,0,0,0,0,0,0,13,190,1,34,34,15,34,15,34,34,33,34,-851583,8,4.863,0.015,14.488,40,0,16,0,0,35,1,1,0,0,0,1,0,0,0
20:11:10.825,595.3,11.6,337,0,0,0,55,49.9,0,0,1,50,47,0,0,0,0,0,0,0,0,0,13,190,1,34,34,15,34,15,34,33,33,34,-851583,8,4.863,0.015,14.488,40,0,16,0,0,35,1,1,0,0,0,1,0,0,0
20:11:10.925,582.1,10.3,337,0,0,0,55,49.9,0,0,1,50,47,0,0,0,0,0,0,0,0,0,13,190,1,34,34,15,33,15,34,33,33,34,-851583,8,4.863,0.015,14.488,40,0,16,0,0,35,1,1,0,0,0,1,0,0,0
20:11:11.025,564.4,11.2,336,0,0,0,55,49.9,0,0,1,50,47,0,0,0,0,0,0,0,0,0,13,190,1,34,34,15,33,15,34,33,33,34,-851583,8,4.863,0.015,14.488,40,0,16,0,0,35,1,1,0,0,0,1,0,0,0
20:11:11.125,545.5,10.2,336,0,0,0,55,49.9,0,0,1,50,48,0,0,0,0,0,0,0,0,0,13,190,1,34,34,15,33,15,34,33,33,34,-851583,8,4.863,0.015,14.488,40,0,16,0,0,35,1,1,0,0,0,1,0,0,0
20:11:11.225,526.4,10,336,0,0,0,55,49.9,0,0,1,50,47,0,0,0,0,0,0,0,0,0,13,190,1,34,34,15,34,15,34,33,33,34,-851583,8,4.863,0.015,14.488,40,0,16,0,0,35,1,1,0,0,0,1,0,0,0
20:11:11.325,516.9,9.2,336,0,0,0,55,49.8,0,0,1,50,47,0,0,0,0,0,0,0,0,0,13,190,1,34,34,15,34,15,34,34,33,34,-851583,8,4.863,0.015,14.488,40,0,16,0,0,35,1,1,0,0,0,1,0,0,0
20:11:11.425,520.3,8.9,336,0,0,0,55,49.9,0,0,1,50,47,0,0,0,0,0,0,0,0,0,13,190,1,34,34,15,33,15,34,34,33,34,-851583,8,4.863,0.015,14.488,40,0,16,0,0,35,1,1,0,0,0,1,0,0,0
20:11:11.525,494.6,8.2,336,0,0,0,55,49.9,0,0,1,50,47,0,0,0,0,0,0,0,0,0,13,190,1,34,34,15,34,15,34,34,33,34,-851583,8,4.863,0.015,14.488,40,0,16,0,0,35,1,1,0,0,0,1,0,0,0
20:11:11.625,478.8,8.2,337,0,0,0,55,49.8,0,0,1,50,47,0,0,0,0,0,0,0,0,0,13,190,1,34,34,15,34,15,34,33,33,34,-851583,8,4.863,0.015,14.488,40,0,16,0,0,35,1,1,0,0,0,1,0,0,0
20:11:11.725,462.4,8.7,336,0,0,0,55,49.8,0,0,1,50,47,0,0,0,0,0,0,0,0,0,13,190,1,34,34,15,33,15,34,33,33,34,-851583,8,4.863,0.015,14.488,40,0,16,0,0,35,1,1,0,0,0,1,0,0,0
20:11:11.825,448.4,8,336,0,0,0,55,49.9,0,0,1,49,47,0,0,0,0,0,0,0,0,0,13,190,1,34,34,15,34,15,34,33,33,34,-851583,8,4.863,0.015,14.488,40,0,16,0,0,35,1,1,0,0,0,1,0,0,0
20:11:11.925,437.8,8.5,336,0,0,0,55,49.7,0,0,1,49,47,0,0,0,0,0,0,0,0,0,13,190,1,34,34,15,34,15,34,33,33,34,-851583,8,4.863,0.015,14.447,40,0,16,0,0,35,1,1,0,0,0,1,0,0,0
20:11:12.025,427.9,8.2,335,1.4,0,0,55,49.1,0,0,1,49,47,0,0,0,0,0,0,0,0,0.1,13,190,1,34,34,15,33,15,34,33,33,34,-851583,8,4.863,0.015,14.468,40,0,16,0,0,35,1,1,0,0,0,1,0,0,0
20:11:12.125,414.7,12.2,334,3.6,0.1,0,55,49,0,0,1,49,47,0,0,0,0,0,0,0,0,0.3,13,190,1,34,34,15,33,16,34,33,33,34,-851583,8,4.858,0.015,14.447,40,0,16,0,0,35,1,1,0,0,0,1,0,0,0
20:11:12.225,429.5,14,334,32,3.3,0,55,49,0,0,1,49,47,0,0,0,0,0,0,0,0,2.6,13,190,1,34,34,15,34,15,34,33,33,34,-851583,8,4.863,0.015,14.447,40,0,16,0,0,35,1,1,0,0,0,1,0,0,0
20:11:12.325,406.5,13.8,334,29.3,3.2,0,55,49,0,0,1,49,47,0,0,0,0,0,0,0,0,2.6,13,190,1,34,34,15,33,15,34,34,33,34,-851583,8,4.863,0.015,14.454,40,0,16,0,0,35,1,1,0,0,0,1,0,0,0
20:11:12.425,405.9,13.7,334,25.2,2.8,0,55,49,0,0,1,49,47,0,0,0,0,0,0,0,0,2.2,13,190,1,34,34,15,34,15,34,33,33,34,-851583,8,4.863,0.015,14.447,40,0,16,0,0,35,1,1,0,0,0,1,0,0,0
20:11:12.525,436.6,14.6,332,77.7,9.6,0,55,49,0,0,1,49,47,0,0,0,0,0,0,0,0,6.3,13,190,1,34,34,15,34,16,34,33,33,34,-851583,8,4.863,0.015,14.447,40,0,16,0,0,35,1,1,0,0,0,1,0,0,0
20:11:12.625,424.2,14.6,334,45.4,5.8,0,55,49,0,0,1,50,47,0,0,0,0,0,0,0,0,4.4,13,190,1,34,34,15,34,15,34,33,33,34,-851583,8,4.858,0.015,14.447,40,0,16,0,0,35,1,1,0,0,0,1,0,0,0
20:11:12.725,391.9,6.4,336,0,0,0,55,49.3,0,0,1,49,47,0,0,0,0,0,0,0,0,0,13,190,1,34,34,15,33,16,34,33,33,34,-851583,8,4.863,0.015,14.447,40,0,16,0,0,35,1,1,0,0,0,1,0,0,0
20:11:12.825,416.3,6.9,334,0,0,0,55,49.9,0,0,1,49,46,0,0,0,0,0,0,0,0,0,13,190,1,34,34,15,34,15,34,33,33,34,-851583,8,4.863,0.015,14.461,40,0,16,0,0,35,1,1,0,0,0,1,0,0,0
20:11:12.925,411.5,7.7,336,0,0,0,55,49.8,0,0,1,49,47,0,0,0,0,0,0,0,0,0,13,190,1,34,34,15,33,15,34,33,33,34,-851583,8,4.863,0.015,14.488,40,0,16,0,0,35,1,1,0,0,0,1,0,0,0
20:11:13.025,399.1,7.5,337,0,0,0,55,49.9,0,0,1,49,47,0,0,0,0,0,0,0,0,0,13,190,1,34,34,15,34,15,34,34,33,34,-851583,8,4.863,0.015,14.488,40,0,16,0,0,35,1,1,0,0,0,1,0,0,0
20:11:13.125,392.6,6.8,336,0,0,0,55,49.9,0,0,1,49,47,0,0,0,0,0,0,0,0,0,13,190,1,34,34,15,33,15,34,33,33,34,-851583,8,4.863,0.015,14.488,40,0,16,0,0,35,1,1,0,0,0,1,0,0,0
20:11:13.225,384.8,7.3,337,0,0,0,55,49.9,0,0,1,49,47,0,0,0,0,0,0,0,0,0,13,190,1,34,34,15,33,15,34,34,33,34,-851583,8,4.863,0.015,14.488,40,0,16,0,0,35,1,1,0,0,0,1,0,0,0
20:11:13.325,376,7.5,336,0,0,0,55,49.9,0,0,1,49,47,0,0,0,0,0,0,0,0,0,13,190,1,34,34,15,33,15,34,33,33,34,-851583,8,4.863,0.015,14.488,40,0,16,0,0,35,1,1,0,0,0,1,0,0,0
20:11:13.425,365.5,7,336,0,0,0,55,49.9,0,0,1,49,47,0,0,0,0,0,0,0,0,0,13,190,1,34,34,15,33,15,34,33,33,34,-851583,8,4.863,0.015,14.488,40,0,16,0,0,35,1,1,0,0,0,1,0,0,0
20:11:13.525,360.2,6.9,336,0,0,0,55,49.9,0,0,1,49,46,0,0,0,0,0,0,0,0,0,13,190,1,34,34,15,33,15,34,34,33,34,-851583,8,4.858,0.015,14.488,40,0,16,0,0,35,1,1,0,0,0,1,0,0,0
20:11:13.625,352.3,7.2,336,0,0,0,55,49.9,0,0,1,49,47,0,0,0,0,0,0,0,0,0,13,190,1,34,34,15,34,15,34,34,33,34,-851583,8,4.863,0.015,14.488,40,0,16,0,0,35,1,1,0,0,0,1,0,0,0
20:11:13.725,345.1,6.5,336,0,0,0,55,49.9,0,0,1,52,47,0,0,0,0,0,0,0,0,0,13,190,1,34,34,15,33,15,34,33,33,34,-851583,8,4.863,0.015,14.488,40,0,16,0,0,35,1,1,0,0,0,1,0,0,0
20:11:13.825,337.2,5.7,335,0,0,0,55,49.9,0,0,1,52,46,0,0,0,0,0,0,0,0,0,13,190,1,34,34,15,33,15,34,33,33,34,-851583,8,4.863,0.015,14.488,40,0,16,0,0,35,1,1,0,0,0,1,0,0,0
20:11:13.925,327.6,6.5,336,0,0,0,55,49.9,0,0,1,51,47,0,0,0,0,0,0,0,0,0,13,190,1,34,34,15,33,16,34,34,33,34,-851583,8,4.863,0.015,14.488,40,0,16,0,0,35,1,1,0,0,0,1,0,0,0
20:11:14.025,320.9,6.1,336,0,0,0,55,49.9,0,0,1,51,48,0,0,0,0,0,0,0,0,0,13,190,1,34,34,15,33,15,34,33,33,34,-851583,8,4.863,0.015,14.488,40,0,16,0,0,35,1,1,0,0,0,1,0,0,0
20:11:14.125,317.2,5.5,336,0,0,0,55,49.9,0,0,1,52,47,0,0,0,0,0,0,0,0,0,13,190,1,34,34,15,33,16,34,33,33,34,-851583,8,4.863,0.015,14.488,40,0,16,0,0,35,1,1,0,0,0,1,0,0,0
20:11:14.225,312.5,5.8,337,0,0,0,55,49.9,0,0,1,50,48,0,0,0,0,0,0,0,0,0,13,190,1,34,34,15,34,15,34,33,33,34,-851583,8,4.863,0.015,14.488,40,0,16,0,0,35,1,1,0,0,0,1,0,0,0
20:11:14.325,303.3,5.8,337,0,0,0,55,49.9,0,0,1,51,47,0,0,0,0,0,0,0,0,0,13,190,1,34,34,15,33,15,34,34,33,34,-851583,8,4.863,0.015,14.488,40,0,16,0,0,35,1,1,0,0,0,1,0,0,0
20:11:14.425,296.4,5.6,336,0,0,0,55,49.9,0,0,1,50,47,0,0,0,0,0,0,0,0,0,13,190,1,34,34,15,33,15,34,34,33,34,-851583,8,4.863,0.015,14.488,40,0,16,0,0,35,1,1,0,0,0,1,0,0,0
20:11:14.525,288.5,4.9,337,0,0,0,55,49.9,0,0,1,50,47,0,0,0,0,0,0,0,0,0,13,190,1,34,34,15,34,15,34,34,33,34,-851583,8,4.858,0.015,14.488,40,0,16,0,0,35,1,1,0,0,0,1,0,0,0
20:11:14.625,275,5.4,336,0,0,0,55,49.9,0,0,1,50,47,0,0,0,0,0,0,0,0,0,13,190,1,34,34,15,33,15,34,34,33,34,-851583,8,4.863,0.015,14.488,40,0,16,0,0,35,1,1,0,0,0,1,0,0,0
20:11:14.725,264.3,4.4,337,0,0,0,55,49.9,0,0,1,51,47,0,0,0,0,0,0,0,0,0,13,190,1,34,34,15,33,15,34,33,33,34,-851583,8,4.863,0.015,14.488,40,0,16,0,0,35,1,1,0,0,0,1,0,0,0
20:11:14.825,247.3,4.2,336,0,0,0,55,49.9,0,0,1,50,47,0,0,0,0,0,0,0,0,0,13,190,1,34,34,15,33,15,34,33,33,34,-851583,8,4.863,0.015,14.488,40,0,16,0,0,35,1,1,0,0,0,1,0,0,0
20:11:14.925,222.1,3.5,336,0,0,0,55,49.9,0,0,1,50,47,0,0,0,0,0,0,0,0,0,13,190,1,34,34,15,34,15,34,33,33,34,-851583,8,4.863,0.015,14.488,40,0,16,0,0,35,1,1,0,0,0,1,0,0,0
20:11:15.025,195.7,3.2,336,0,0,0,55,49.9,0,0,1,50,46,0,0,0,0,0,0,0,0,0,13,190,1,34,34,15,34,16,34,33,33,34,-851583,8,4.863,0.015,14.488,40,0,16,0,0,35,1,1,0,0,0,1,0,0,0
20:11:15.125,174.2,2.8,336,0,0,0,55,49.9,0,0,1,49,47,0,0,0,0,0,0,0,0,0,13,190,1,34,34,15,15,15,34,33,33,34,-851583,8,4.863,0.015,14.488,40,0,16,0,0,35,1,1,0,0,0,1,0,0,0
20:11:15.225,155.6,3.1,336,0,0,0,55,49.9,0,0,1,50,47,0,0,0,0,0,0,0,0,0,13,190,1,34,34,15,33,15,34,33,33,34,-851583,8,4.863,0.015,14.488,40,0,16,0,0,35,1,1,0,0,0,1,0,0,0
20:11:15.325,138.6,2,337,0,0,0,55,49.9,0,0,1,49,46,0,0,0,0,0,0,0,0,0,13,190,1,34,34,15,34,15,34,33,33,34,-851583,8,4.863,0.015,14.488,40,0,16,0,0,35,1,1,0,0,0,1,0,0,0
20:11:15.425,120.7,1.4,334,0,0,0,55,49.9,0,0,1,49,47,0,0,0,0,0,0,0,0,0,13,190,1,34,34,15,34,15,34,34,33,34,-851583,8,4.863,0.015,14.488,40,0,16,0,0,35,1,1,0,0,0,1,0,0,0
20:11:15.525,101.3,2.1,336,0,0,0,55,49.9,0,0,1,50,47,0,0,0,0,0,0,0,0,0,13,190,1,34,34,15,34,15,34,34,33,34,-851583,8,4.863,0.015,14.488,40,0,16,0,0,35,1,1,0,0,0,1,0,0,0
20:11:15.625,84.2,0.8,337,0,0,0,55,49.9,0,0,1,49,47,0,0,0,0,0,0,0,0,0,13,190,1,34,34,15,34,15,34,34,33,34,-851583,8,4.858,0.015,14.488,40,0,16,0,0,35,1,1,0,0,0,1,0,0,0
20:11:15.725,68.7,1.1,337,0,0,0,55,49.9,0,0,1,50,47,0,0,0,0,0,0,0,0,0,13,190,1,34,34,15,34,15,34,33,33,34,-851583,8,4.863,0.015,14.488,40,0,16,0,0,35,1,1,0,0,0,1,0,0,0
20:11:15.825,54.2,0.7,336,0,0,0,55,49.9,0,0,1,49,47,0,0,0,0,0,0,0,0,0,13,190,1,34,34,15,34,15,34,33,33,34,-851583,8,4.863,0.015,14.488,40,0,16,0,0,35,1,1,0,0,0,1,0,0,0
20:11:15.925,39.4,0.6,336,0,0,0,55,49.9,0,0,1,49,46,0,0,0,0,0,0,0,0,0,13,190,1,34,34,15,34,15,34,34,33,34,-851583,8,4.863,0.015,14.488,40,0,16,0,0,35,1,1,0,0,0,1,0,0,0
20:11:16.025,23.4,-0.5,336,0,0,0,55,49.9,0,0,1,49,47,0,0,0,0,0,0,0,0,0,13,190,1,34,34,15,34,15,34,33,33,34,-851583,8,4.863,0.015,14.488,40,0,16,0,0,35,1,1,0,0,0,1,0,0,0
20:11:16.125,7.1,0.6,336,0,0,0,55,49.9,0,0,1,49,46,0,0,0,0,0,0,0,0,0,13,190,1,34,34,15,33,16,34,33,33,34,-851583,8,4.863,0.015,14.488,40,0,16,0,0,35,1,1,0,0,0,1,0,0,0
20:11:16.225,-0.3,-0.3,336,0,0,0,55,49.9,0,0,1,50,46,0,0,0,0,0,0,0,0,0,13,190,1,34,34,15,34,16,34,34,33,34,-851583,8,4.863,0.015,14.488,40,0,16,0,0,35,1,1,0,0,0,1,0,0,0
20:11:16.325,0,-0.4,336,0,0,0,55,49.9,0,0,1,49,47,0,0,0,0,0,0,0,0,0,13,190,1,34,34,15,33,15,34,33,33,34,-851583,8,4.863,0.015,14.488,40,0,16,0,0,35,1,1,0,0,0,1,0,0,0
20:11:16.425,0,0.6,336,0,0,0,55,49.9,0,0,1,49,47,0,0,0,0,0,0,0,0,0,13,190,1,34,34,15,34,15,34,33,33,34,-851583,8,4.863,0.015,14.488,40,0,16,0,0,35,1,1,0,0,0,1,0,0,0
20:11:16.525,0,0.4,336,0,0,0,55,49.9,0,0,1,49,47,0,0,0,0,0,0,0,0,0,13,190,1,34,34,15,34,15,34,33,33,34,-851583,8,4.863,0.015,14.488,40,0,16,0,0,35,1,1,0,0,0,1,0,0,0
20:11:16.625,0,-0.4,336,0,0,0,55,49.9,0,0,1,49,46,0,0,0,0,0,0,0,0,0,13,190,1,34,34,15,33,15,34,33,33,34,-851583,8,4.863,0.015,14.488,40,0,16,0,0,35,1,1,0,0,0,1,0,0,0
20:11:16.725,0,0.5,336,0,0,0,55,49.9,0,0,1,50,46,0,0,0,0,0,0,0,0,0,13,190,1,34,34,15,34,15,34,33,33,34,-851583,8,4.863,0.015,14.488,40,0,16,0,0,35,1,1,0,0,0,1,0,0,0
20:11:16.825,0,-0.5,336,0,0,0,55,49.9,0,0,1,49,47,0,0,0,0,0,0,0,0,0,13,190,1,34,34,15,34,15,34,34,33,34,-851583,8,4.863,0.015,14.488,40,0,16,0,0,35,1,1,0,0,0,1,0,0,0
20:11:16.925,0,-0.6,337,0,0,0,55,49.9,0,0,1,49,47,0,0,0,0,0,0,0,0,0,13,190,1,34,34,15,33,15,34,34,33,34,-851583,8,4.863,0.015,14.482,39,0,16,0,0,35,1,1,0,0,0,1,0,0,0
20:11:17.025,0,-0.7,336,0,0,0,55,49.9,0,0,0,49,47,0,0,0,0,0,0,0,0,0,13,190,1,34,34,15,33,15,34,34,33,34,-851583,8,4.863,0.015,14.488,40,0,16,0,0,34,0,1,0,0,0,1,0,0,0
20:11:17.125,0,0.3,337,0,0,0,55,49.9,0,0,0,49,47,0,0,0,0,0,0,0,0,0,13,190,1,34,34,15,33,16,34,34,33,34,-851583,8,4.863,0.015,14.488,40,0,16,0,0,34,0,1,0,0,0,1,0,0,0
20:11:17.225,0,-0.5,336,0,0,0,55,49.9,0,0,0,49,46,0,0,0,0,0,0,0,0,0,13,190,1,34,34,15,34,15,34,33,33,34,-851583,8,4.863,0.015,14.488,40,0,16,0,0,34,0,1,0,0,0,1,0,0,0
20:11:17.325,0,-0.4,336,0,0,0,55,49.9,0,0,0,49,46,0,0,0,0,0,0,0,0,0,13,190,1,34,34,15,34,15,34,33,33,34,-851583,8,4.863,0.015,14.482,40,0,16,0,0,34,0,1,0,0,0,1,0,0,0
20:11:17.425,0,-0.5,336,0,0,0,55,49.9,0,0,0,49,46,0,0,0,0,0,0,0,0,0,13,190,1,34,34,15,33,16,34,33,33,34,-851583,8,4.863,0.015,14.488,40,0,16,0,0,34,0,1,0,0,0,1,0,0,0
20:11:17.525,0,0.5,336,0,0,0,55,49.9,0,0,0,52,47,0,0,0,0,0,0,0,0,0,13,190,1,34,34,16,34,15,34,33,33,34,-851583,8,4.863,0.015,14.482,40,0,16,0,0,34,0,1,0,0,0,1,0,0,0
20:11:17.625,0,-0.5,336,0,0,0,55,49.9,0,0,0,52,47,0,0,0,0,0,0,0,0,0,13,190,1,34,34,16,34,15,34,33,33,34,-851583,8,4.863,0.015,14.482,40,0,16,0,0,34,0,1,0,0,0,1,0,0,0
20:11:17.725,0,-0.4,301,0,0,0,55,49.9,0,0,0,52,47,0,0,0,0,0,0,0,0,0,13,190,1,34,34,16,33,15,34,33,33,34,-851583,8,4.863,0.015,14.564,40,0,16,0,0,34,0,1,0,0,0,1,0,0,0
20:11:17.825,0,0.8,249,0,0,0,55,49.9,0,0,0,51,48,0,0,0,0,0,0,0,0,0,13,190,1,34,34,16,34,16,34,34,33,34,-851583,8,4.863,0.015,14.564,40,0,16,0,0,34,0,1,0,0,0,1,0,0,0
20:11:17.925,0,1,205,0,0,0,55,49.9,0,0,0,51,47,0,0,0,0,0,0,0,0,0,13,190,1,34,34,16,34,15,34,34,33,34,-851583,8,4.863,0.015,14.564,40,0,16,0,0,34,0,1,0,0,0,1,0,0,0
20:11:18.025,0,-0.9,169,0,0,0,55,49.9,0,0,0,51,47,0,0,0,0,0,0,0,0,0,13,190,1,34,34,16,33,15,34,33,33,34,-851583,8,4.863,0.015,14.564,40,0,16,0,0,34,0,1,0,0,0,1,0,0,0
20:11:18.125,0,1.5,140,0,0,0,55,49.9,0,0,0,50,47,0,0,0,0,0,0,0,0,0,13,190,1,34,34,16,33,15,34,33,33,34,-851583,8,4.858,0.015,14.564,40,0,16,0,0,34,0,1,0,0,0,1,0,0,0
20:11:18.225,0,-1.4,117,0,0,0,55,49.9,0,0,0,50,47,0,0,0,0,0,0,0,0,0,13,190,1,34,34,16,34,15,34,33,33,34,-851583,8,4.863,0.015,14.564,40,0,16,0,0,34,0,1,0,0,0,1,0,0,0
20:11:18.325,0,-1.1,96,0,0,0,55,49.9,2,0,0,50,47,0,0,0,0,0,0,0,0,0,13,190,1,34,34,16,33,15,34,33,33,34,-851583,8,4.863,0.015,14.564,40,0,16,0,0,34,0,1,0,0,0,1,0,0,0
20:11:18.425,0,2.4,79,0,0,0,55,49.9,2,0,0,49,47,0,0,0,0,0,0,0,0,0,13,190,1,34,34,16,34,15,34,33,33,34,-851583,8,4.863,0.015,14.564,40,0,16,0,0,34,0,1,0,0,0,1,0,0,0
20:11:18.525,0,-2.2,66,0,0,0,55,49.9,2,0,0,50,47,0,0,0,0,0,0,0,0,0,13,190,1,34,34,15,34,15,34,34,33,34,-851583,8,4.863,0.015,14.564,40,0,16,0,0,34,0,1,0,0,0,1,0,0,0
20:11:18.625,0,3.6,54,0,0,0,55,49.9,2,0,0,50,46,0,0,0,0,0,0,0,0,0,13,190,1,34,34,15,34,15,34,33,33,34,-851583,8,4.863,0.015,14.564,40,0,16,0,0,32,0,0,0,0,0,1,0,0,0
20:11:18.725,0,2,46,0,0,0,55,49.9,2,0,0,50,47,0,0,0,0,0,0,0,0,0,13,190,1,34,34,15,33,15,34,34,33,34,-851583,8,4.863,0.015,14.564,40,0,16,0,0,32,0,0,0,0,0,1,0,0,0
20:11:18.825,0,-2.7,37,0,0,0,55,49.9,2,0,0,50,47,0,0,0,0,0,0,0,0,0,13,190,1,34,34,15,34,15,34,33,33,34,-851583,8,4.863,0.015,14.564,40,0,16,0,0,32,0,0,0,0,0,1,0,0,0
20:11:18.925,0,4.8,31,0,0,0,55,49.9,2,0,0,50,47,0,0,0,0,0,0,0,0,0,13,190,1,34,34,15,33,15,34,33,33,34,-851583,8,4.863,0.015,14.564,40,0,16,0,0,32,0,0,0,0,0,1,0,0,0
20:11:19.025,0,5.7,26,0,0,0,55,49.9,2,0,0,50,47,0,0,0,0,0,0,0,0,0,13,190,1,34,34,15,34,16,34,34,33,34,-851583,8,4.863,0.015,14.564,40,0,16,0,0,32,0,0,0,0,0,1,0,0,0
20:11:19.125,0,6.9,22,0,0,0,55,49.9,2,0,0,49,47,0,0,0,0,0,0,0,0,0,13,190,1,34,34,15,33,15,34,34,33,34,-851583,8,4.863,0.015,14.564,40,0,16,0,0,32,0,0,0,0,0,1,0,0,0
20:11:19.225,0,11,18,0,0,0,55,49.9,2,0,0,50,47,0,0,0,0,0,0,0,0,0,13,190,1,34,34,15,33,15,34,33,33,34,-851583,8,4.863,0.015,14.564,40,0,16,0,0,32,0,0,0,0,0,1,0,0,0
20:11:19.325,0,9.2,14,0,0,0,55,49.9,2,0,0,49,47,0,0,0,0,0,0,0,0,0,13,190,1,34,34,15,33,16,34,33,33,34,-851583,8,4.863,0.015,14.564,40,0,16,0,0,32,0,0,0,0,0,1,0,0,0
20:11:19.425,0,12.3,12,0,0,0,55,49.9,2,0,0,49,47,0,0,0,0,0,0,0,0,0,13,190,1,34,34,15,33,15,34,34,33,34,-851583,8,4.863,0.015,14.564,40,0,16,0,0,32,0,0,0,0,0,1,0,0,0
20:11:19.525,0,12.8,11,0,0,0,55,49.9,2,0,0,49,46,0,0,0,0,0,0,0,0,0,13,190,1,34,34,15,33,15,34,33,33,34,-851583,8,4.863,0.015,14.564,40,0,16,0,0,32,0,0,0,0,0,1,0,0,0
20:11:19.625,0,16.6,10,0,0,0,55,49.9,2,0,0,49,46,0,0,0,0,0,0,0,0,0,13,190,1,34,34,15,34,15,34,33,33,34,-851583,8,4.863,0.015,14.564,40,0,16,0,0,32,0,0,0,0,0,1,0,0,0
20:11:19.725,0,-30.2,7,0,0,0,55,49.9,2,0,0,49,47,0,0,0,0,0,0,0,0,0,13,190,1,34,34,15,33,15,34,33,33,34,-851583,8,4.863,0.015,14.564,40,0,16,0,0,32,0,0,0,0,0,1,0,0,0
20:11:19.825,0,22.1,8,0,0,0,55,49.9,2,0,0,49,46,0,0,0,0,0,0,0,0,0,13,190,1,34,34,15,33,15,34,33,33,34,-851583,8,4.863,0.015,14.564,40,0,16,0,0,32,0,0,0,0,0,1,0,0,0
20:11:19.925,0,24.1,5,0,0,0,55,49.9,2,0,0,50,46,0,0,0,0,0,0,0,0,0,13,190,1,34,34,15,33,15,34,34,33,34,-851583,8,4.863,0.015,14.564,40,0,16,0,0,32,0,0,0,0,0,1,0,0,0
20:11:20.025,0,22.5,4,0,0,0,55,49.9,2,0,0,49,46,0,0,0,0,0,0,0,0,0,13,190,1,34,34,15,33,15,34,34,33,34,-851583,8,4.863,0.015,14.564,40,0,16,0,0,32,0,0,0,0,0,1,0,0,0
20:11:20.125,0,23.8,3,0,0,0,55,49.9,2,0,0,49,46,0,0,0,0,0,0,0,0,0,13,190,1,34,34,15,33,15,34,34,33,34,-851583,8,4.863,0.015,14.564,40,0,16,0,0,32,0,0,0,0,0,1,0,0,0
20:11:20.225,0,19,3,0,0,0,55,49.9,2,0,0,49,46,0,0,0,0,0,0,0,0,0,13,190,1,34,34,15,34,15,34,33,33,34,-851583,8,4.863,0.015,14.564,40,0,16,0,0,32,0,0,0,0,0,1,0,0,0
20:11:20.325,0,-10.6,4,0,0,0,55,49.9,2,0,0,49,47,0,0,0,0,0,0,0,0,0,13,190,1,34,34,15,33,15,34,33,33,34,-851583,8,4.863,0.015,14.564,40,0,16,0,0,32,0,0,0,0,0,1,0,0,0
20:11:20.425,0,10.9,4,0,0,0,55,49.9,2,0,0,49,46,0,0,0,0,0,0,0,0,0,13,190,1,34,34,15,33,15,34,33,33,34,-851583,8,4.863,0.015,14.564,40,0,16,0,0,32,0,0,0,0,0,1,0,0,0
20:11:20.525,0,7.7,4,0,0,0,55,49.9,2,0,0,49,47,0,0,0,0,0,0,0,0,0,13,190,1,34,34,15,34,16,34,33,33,34,-851583,8,4.863,0.015,14.564,40,0,16,0,0,32,0,0,0,0,0,1,0,0,0
20:11:20.625,0,11.2,2,0,0,0,55,49.9,2,0,0,49,47,0,0,0,0,0,0,0,0,0,13,190,1,34,34,15,33,15,34,33,33,34,-851583,8,4.863,0.015,14.564,40,0,16,0,0,32,0,0,0,0,0,1,0,0,0
20:11:20.725,0,6.9,2,0,0,0,55,49.9,2,0,0,49,47,0,0,0,0,0,0,0,0,0,13,190,1,34,34,15,33,15,34,33,33,34,-851583,8,4.863,0.015,14.564,40,0,16,0,0,32,0,0,0,0,0,1,0,0,0
20:11:20.825,0,5.6,2,0,0,0,55,49.9,2,0,0,49,47,0,0,0,0,0,0,0,0,0,13,190,1,34,34,15,33,15,34,33,33,34,-851583,8,4.863,0.015,14.564,40,0,16,0,0,32,0,0,0,0,0,1,0,0,0
20:11:20.925,0,3,1,0,0,0,55,49.9,2,0,0,49,47,0,0,0,0,0,0,0,0,0,13,190,1,34,34,15,34,15,34,34,33,34,-851583,8,4.863,0.015,14.564,40,0,16,0,0,32,0,0,0,0,0,1,0,0,0
20:11:21.025,0,0.8,1,0,0,0,55,49.9,2,0,0,49,46,0,0,0,0,0,0,0,0,0,13,190,1,34,34,15,34,15,34,34,33,34,-851583,8,4.863,0.015,14.564,40,0,16,0,0,32,0,0,0,0,0,1,0,0,0
20:11:21.125,0,5.3,2,0,0,0,55,49.9,2,0,0,49,46,0,0,0,0,0,0,0,0,0,13,190,1,34,34,15,16,16,34,34,33,34,-851583,8,4.863,0.015,14.564,40,0,16,0,0,32,0,0,0,0,0,1,0,0,0
20:11:21.225,0,7.2,1,0,0,0,55,49.9,2,0,0,49,46,0,0,0,0,0,0,0,0,0,13,190,1,34,34,15,33,15,34,33,33,34,-851583,8,4.863,0.015,14.564,40,0,16,0,0,32,0,0,0,0,0,1,0,0,0
20:11:21.325,0,6.5,1,0,0,0,55,49.9,2,0,0,52,46,0,0,0,0,0,0,0,0,0,13,190,1,34,34,15,34,15,34,33,33,34,-851583,8,4.863,0.015,14.564,40,0,16,0,0,32,0,0,0,0,0,1,0,0,0
20:11:21.425,0,6.2,1,0,0,0,55,49.9,2,0,0,51,47,0,0,0,0,0,0,0,0,0,13,190,1,34,34,15,34,15,34,34,33,34,-851583,8,4.863,0.015,14.564,40,0,16,0,0,32,0,0,0,0,0,1,0,0,0
20:11:21.525,0,1.8,1,0,0,0,55,49.9,2,0,0,51,48,0,0,0,0,0,0,0,0,0,13,190,1,34,34,15,34,15,34,33,33,34,-851583,8,4.863,0.015,14.564,40,0,16,0,0,32,0,0,0,0,0,1,0,0,0
20:11:21.625,0,3.2,1,0,0,0,55,49.9,2,0,0,51,47,0,0,0,0,0,0,0,0,0,13,190,1,34,34,15,34,15,34,33,33,34,-851583,8,4.863,0.015,14.564,40,0,16,0,0,32,0,0,0,0,0,1,0,0,0
20:11:21.725,0,3.3,1,0,0,0,55,49.9,2,0,0,51,47,0,0,0,0,0,0,0,0,0,13,190,1,34,34,15,34,15,34,34,33,34,-851583,8,4.863,0.015,14.564,40,0,16,0,0,32,0,0,0,0,0,1,0,0,0
20:11:21.825,0,3.6,1,0,0,0,55,49.9,2,0,0,50,47,0,0,0,0,0,0,0,0,0,13,190,1,34,34,15,34,15,34,33,33,34,-851583,8,4.863,0.015,14.564,40,0,16,0,0,32,0,0,0,0,0,1,0,0,0
20:11:21.925,0,2.8,1,0,0,0,55,49.9,2,0,0,50,47,0,0,0,0,0,0,0,0,0,13,190,1,34,34,15,34,15,34,33,33,34,-851583,8,4.863,0.015,14.564,40,0,16,0,0,32,0,0,0,0,0,1,0,0,0
20:11:22.025,0,6.4,1,0,0,0,55,49.9,2,0,0,50,47,0,0,0,0,0,0,0,0,0,13,190,1,34,34,15,34,15,34,33,33,34,-851583,8,4.863,0.015,14.564,40,0,16,0,0,32,0,0,0,0,0,1,0,0,0
20:11:22.125,0,6,1,0,0,0,55,49.9,2,0,0,50,47,0,0,0,0,0,0,0,0,0,13,190,1,34,34,15,33,16,34,33,33,34,-851583,8,4.863,0.015,14.564,40,0,16,0,0,32,0,0,0,0,0,1,0,0,0
20:11:22.225,0,0.9,1,0,0,0,55,49.9,2,0,0,49,47,0,0,0,0,0,0,0,0,0,13,190,1,34,34,15,34,16,34,33,33,34,-851583,8,4.863,0.015,14.564,40,0,16,0,0,32,0,0,0,0,0,1,0,0,0
20:11:22.325,0,8.3,1,0,0,0,55,49.9,2,0,0,50,47,0,0,0,0,0,0,0,0,0,13,190,1,34,34,15,33,15,34,34,33,34,-851583,8,4.863,0.015,14.564,40,0,16,0,0,32,0,0,0,0,0,1,0,0,0
20:11:22.425,0,7.7,1,0,0,0,55,49.9,2,0,0,50,47,0,0,0,0,0,0,0,0,0,13,190,1,34,34,15,34,16,34,34,33,34,-851583,8,4.863,0.015,14.564,40,0,16,0,0,32,0,0,0,0,0,1,0,0,0
20:11:22.525,0,7.8,1,0,0,0,55,49.9,2,0,0,50,47,0,0,0,0,0,0,0,0,0,13,190,1,34,34,16,34,15,34,34,33,34,-851583,8,4.863,0.015,14.564,40,0,16,0,0,32,0,0,0,0,0,1,0,0,0
20:11:22.625,0,8.2,1,0,0,0,55,49.9,2,0,0,50,47,0,0,0,0,0,0,0,0,0,13,190,1,34,34,16,33,16,34,34,33,34,-851583,8,4.863,0.015,14.571,40,0,16,0,0,32,0,0,0,0,0,1,0,0,0
20:11:22.725,0,-1.8,1,0,0,0,55,49.9,2,0,0,50,47,0,0,0,0,0,0,0,0,0,13,190,1,34,34,16,34,15,34,33,33,34,-851583,8,4.863,0.015,14.564,40,0,16,0,0,32,0,0,0,0,0,1,0,0,0
20:11:22.825,0,7.1,1,0,0,0,55,49.9,2,0,0,50,47,0,0,0,0,0,0,0,0,0,13,190,1,34,34,16,34,16,34,33,33,34,-851583,8,4.863,0.015,14.564,40,0,16,0,0,32,0,0,0,0,0,1,0,0,0
20:11:22.925,0,5.7,1,0,0,0,55,49.9,2,0,0,49,47,0,0,0,0,0,0,0,0,0,13,190,1,34,34,16,33,16,34,33,33,34,-851583,8,4.863,0.015,14.564,40,0,16,0,0,32,0,0,0,0,0,1,0,0,0
20:11:23.025,0,1.9,1,0,0,0,55,49.9,2,0,0,50,46,0,0,0,0,0,0,0,0,0,13,190,1,34,34,16,33,15,34,33,33,34,-851583,8,4.863,0.015,14.564,40,0,16,0,0,32,0,0,0,0,0,1,0,0,0
20:11:23.125,0,4.7,1,0,0,0,55,49.9,2,0,0,49,46,0,0,0,0,0,0,0,0,0,13,190,1,34,34,16,33,15,34,33,33,34,-851583,8,4.863,0.015,14.564,40,0,16,0,0,32,0,0,0,0,0,1,0,0,0
20:11:23.225,0,8.8,1,0,0,0,55,49.9,2,0,0,49,47,0,0,0,0,0,0,0,0,0,13,190,1,34,34,16,34,15,34,33,33,34,-851583,8,4.863,0.015,14.564,40,0,16,0,0,32,0,0,0,0,0,1,0,0,0
20:11:23.325,0,1.9,1,0,0,0,55,49.9,2,0,0,49,46,0,0,0,0,0,0,0,0,0,13,190,1,34,34,16,34,15,34,34,33,34,-851583,8,4.863,0.015,14.564,40,0,16,0,0,32,0,0,0,0,0,1,0,0,0
20:11:23.425,0,7.8,1,0,0,0,55,49.9,2,0,0,50,47,0,0,0,0,0,0,0,0,0,13,190,1,34,34,16,33,15,34,33,33,34,-851583,8,4.863,0.015,14.564,40,0,16,0,0,32,0,0,0,0,0,1,0,0,0
20:11:23.525,0,8.3,1,0,0,0,55,49.9,2,0,0,48,47,0,0,0,0,0,0,0,0,0,13,190,1,34,34,15,34,15,34,33,33,34,-851583,8,4.863,0.015,14.564,40,0,16,0,0,32,0,0,0,0,0,1,0,0,0
20:11:23.625,0,-2.1,1,0,0,0,55,49.9,2,0,0,49,46,0,0,0,0,0,0,0,0,0,13,190,1,34,34,15,34,15,34,33,33,34,-851583,8,4.863,0.015,14.564,40,0,16,0,0,32,0,0,0,0,0,1,0,0,0
20:11:23.725,0,7,1,0,0,0,55,49.8,2,0,0,49,46,0,0,0,0,0,0,0,0,0,13,190,1,34,34,15,33,16,34,33,33,34,-851583,8,4.863,0.015,14.564,40,0,16,0,0,32,0,0,0,0,0,1,0,0,0
20:11:23.825,0,5.9,1,0,0,0,55,49.9,2,0,0,49,46,0,0,0,0,0,0,0,0,0,13,190,1,34,34,15,34,16,34,33,33,34,-851583,8,4.863,0.015,14.564,40,0,16,0,0,32,0,0,0,0,0,1,0,0,0
20:11:23.925,0,-1.7,1,0,0,0,55,49.9,2,0,0,49,47,0,0,0,0,0,0,0,0,0,13,190,1,34,34,15,34,15,34,33,33,34,-851583,8,4.863,0.015,14.564,40,0,16,0,0,32,0,0,0,0,0,1,0,0,0
20:11:24.025,0,4.1,1,0,0,0,54.9,49.9,2,0,0,49,47,0,0,0,0,0,0,0,0,0,13,190,1,34,34,15,33,16,34,34,33,34,-851583,8,4.858,0.015,14.564,40,0,16,0,0,32,0,0,0,0,0,1,0,0,0
20:11:24.125,0,4.2,1,0,0,0,54.8,49.9,2,0,0,49,47,0,0,0,0,0,0,0,0,0,13,190,1,34,34,15,33,15,34,33,33,34,-851583,8,4.863,0.015,14.564,40,0,16,0,0,32,0,0,0,0,0,1,0,0,0
20:11:24.225,0,7.2,1,0,0,0,54.5,49.9,2,0,0,49,47,0,0,0,0,0,0,0,0,0,13,190,1,34,34,15,34,16,34,34,33,34,-851583,8,4.863,0.015,14.564,40,0,16,0,0,32,0,0,0,0,0,1,0,0,0
20:11:24.325,0,1.3,1,0,0,0,54.3,49.9,2,0,0,49,47,0,0,0,0,0,0,0,0,0,13,190,1,34,34,15,33,15,34,33,33,34,-851583,8,4.863,0.015,14.571,40,0,16,0,0,32,0,0,0,0,0,1,0,0,0
20:11:24.425,0,2.1,1,0,0,0,54,49.9,2,0,0,49,47,0,0,0,0,0,0,0,0,0,13,190,1,34,34,15,34,15,34,33,33,34,-851583,8,4.863,0.015,14.564,40,0,16,0,0,32,0,0,0,0,0,1,0,0,0
20:11:24.525,0,6.4,1,0,0,0,54,49.9,2,0,0,49,47,0,0,0,0,0,0,0,0,0,13,190,1,34,34,15,34,15,34,34,33,34,-851583,8,4.863,0.015,14.564,39,0,16,0,0,32,0,0,0,0,0,1,0,0,0
20:11:24.625,0,2.6,1,0,0,0,54,49.9,2,0,0,49,47,0,0,0,0,0,0,0,0,0,13,190,1,34,34,15,34,16,34,34,33,34,-851583,8,4.863,0.015,14.564,40,0,16,0,0,32,0,0,0,0,0,1,0,0,0
20:11:24.725,0,4.8,1,0,0,0,54,49.9,2,0,0,49,46,0,0,0,0,0,0,0,0,0,13,190,1,34,34,15,33,16,34,33,33,34,-851583,8,4.863,0.015,14.564,40,0,16,0,0,32,0,0,0,0,0,1,0,0,0
20:11:24.825,0,-5.4,1,0,0,0,54,49.9,2,0,0,49,47,0,0,0,0,0,0,0,0,0,13,190,1,34,34,15,34,16,34,33,33,34,-851583,8,4.863,0.015,14.564,40,0,16,0,0,32,0,0,0,0,0,1,0,0,0
20:11:24.925,0,1.8,1,0,0,0,54,49.9,2,0,0,49,46,0,0,0,0,0,0,0,0,0,13,190,1,34,34,15,33,15,34,34,33,34,-851583,8,4.863,0.015,14.564,40,0,16,0,0,32,0,0,0,0,0,1,0,0,0
20:11:25.025,0,4.9,1,0,0,0,54,49.9,2,0,0,51,46,0,0,0,0,0,0,0,0,0,13,190,1,34,34,15,34,15,34,33,33,34,-851583,8,4.863,0.015,14.564,40,0,16,0,0,32,0,0,0,0,0,1,0,0,0
20:11:25.125,0,5.4,1,0,0,0,54,49.9,2,0,0,52,47,0,0,0,0,0,0,0,0,0,13,190,1,34,34,15,33,15,34,33,33,34,-851583,8,4.863,0.015,14.564,40,0,16,0,0,32,0,0,0,0,0,1,0,0,0
20:11:25.225,0,-0.4,1,0,0,0,54,49.9,2,0,0,51,46,0,0,0,0,0,0,0,0,0,13,190,1,34,34,15,33,15,34,33,33,34,-851583,8,4.863,0.015,14.564,40,0,16,0,0,32,0,0,0,0,0,1,0,0,0
20:11:25.325,0,7.5,1,0,0,0,54,49.9,2,0,0,51,46,0,0,0,0,0,0,0,0,0,13,190,1,34,34,15,33,15,34,34,33,34,-851583,8,4.863,0.015,14.564,40,0,16,0,0,32,0,0,0,0,0,1,0,0,0
20:11:25.425,0,6.3,1,0,0,0,54,49.9,2,0,0,51,47,0,0,0,0,0,0,0,0,0,13,190,1,34,34,15,33,16,34,34,33,34,-851583,8,4.863,0.015,14.564,40,0,16,0,0,32,0,0,0,0,0,1,0,0,0
20:11:25.525,0,7.4,1,0,0,0,54,49.9,2,0,0,50,47,0,0,0,0,0,0,0,0,0,13,190,1,34,34,16,33,15,34,34,33,34,-851583,8,4.863,0.015,14.564,40,0,16,0,0,32,0,0,0,0,0,1,0,0,0
20:11:25.625,0,8.9,1,0,0,0,54,49.9,2,0,0,51,47,0,0,0,0,0,0,0,0,0,13,190,1,34,34,16,34,15,34,34,33,34,-851583,8,4.863,0.015,14.564,40,0,16,0,0,32,0,0,0,0,0,1,0,0,0
20:11:25.725,0,9.2,1,0,0,0,54,49.9,2,0,0,50,47,0,0,0,0,0,0,0,0,0,13,190,1,34,34,16,33,15,34,33,33,34,-851583,8,4.863,0.015,14.564,40,0,16,0,0,32,0,0,0,0,0,1,0,0,0
