recording_id,segment_id,start_s,end_s,prediction_kind,score,label_status,neighbor_recording_id,neighbor_start_s,temporal_separation_s
18385fe48224fbfa0cd6d17705d9305f857d70ef07b47b55502d04ff71359269,window_0,0.0,10.0,masked_prediction_embedding_neighbor,0.9999853906184913,provisional_unverified,4975a35d789765b9299480af66d6a5af5166fef074cef80facbac97409b84d07,0.0,0.0
18385fe48224fbfa0cd6d17705d9305f857d70ef07b47b55502d04ff71359269,window_1,2.0,12.0,masked_prediction_embedding_neighbor,0.999749833492681,provisional_unverified,18385fe48224fbfa0cd6d17705d9305f857d70ef07b47b55502d04ff71359269,116.0,114.0
18385fe48224fbfa0cd6d17705d9305f857d70ef07b47b55502d04ff71359269,window_2,4.0,14.0,masked_prediction_embedding_neighbor,0.999999064342615,provisional_unverified,18385fe48224fbfa0cd6d17705d9305f857d70ef07b47b55502d04ff71359269,82.0,78.0
18385fe48224fbfa0cd6d17705d9305f857d70ef07b47b55502d04ff71359269,window_3,6.0,16.0,masked_prediction_embedding_neighbor,0.9999942496299817,provisional_unverified,18385fe48224fbfa0cd6d17705d9305f857d70ef07b47b55502d04ff71359269,72.0,66.0
18385fe48224fbfa0cd6d17705d9305f857d70ef07b47b55502d04ff71359269,window_4,8.0,18.0,masked_prediction_embedding_neighbor,0.9999936340982627,provisional_unverified,18385fe48224fbfa0cd6d17705d9305f857d70ef07b47b55502d04ff71359269,72.0,64.0
18385fe48224fbfa0cd6d17705d9305f857d70ef07b47b55502d04ff71359269,window_5,10.0,20.0,masked_prediction_embedding_neighbor,0.9999923800394168,provisional_unverified,18385fe48224fbfa0cd6d17705d9305f857d70ef07b47b55502d04ff71359269,72.0,62.0
18385fe48224fbfa0cd6d17705d9305f857d70ef07b47b55502d04ff71359269,window_6,12.0,22.0,masked_prediction_embedding_neighbor,0.9999987964423716,provisional_unverified,18385fe48224fbfa0cd6d17705d9305f857d70ef07b47b55502d04ff71359269,96.0,84.0
18385fe48224fbfa0cd6d17705d9305f857d70ef07b47b55502d04ff71359269,window_7,14.0,24.0,masked_prediction_embedding_neighbor,0.9999932126471931,provisional_unverified,18385fe48224fbfa0cd6d17705d9305f857d70ef07b47b55502d04ff71359269,100.0,86.0
18385fe48224fbfa0cd6d17705d9305f857d70ef07b47b55502d04ff71359269,window_8,16.0,26.0,masked_prediction_embedding_neighbor,0.999996272066205,provisional_unverified,18385fe48224fbfa0cd6d17705d9305f857d70ef07b47b55502d04ff71359269,100.0,84.0
18385fe48224fbfa0cd6d17705d9305f857d70ef07b47b55502d04ff71359269,window_9,18.0,28.0,masked_prediction_embedding_neighbor,0.9999894949957049,provisional_unverified,18385fe48224fbfa0cd6d17705d9305f857d70ef07b47b55502d04ff71359269,100.0,82.0
18385fe48224fbfa0cd6d17705d9305f857d70ef07b47b55502d04ff71359269,window_10,20.0,30.0,masked_prediction_embedding_neighbor,0.999993408641047,provisional_unverified,18385fe48224fbfa0cd6d17705d9305f857d70ef07b47b55502d04ff71359269,100.0,80.0
18385fe48224fbfa0cd6d17705d9305f857d70ef07b47b55502d04ff71359269,window_11,22.0,32.0,masked_prediction_embedding_neighbor,0.9999915304845873,provisional_unverified,18385fe48224fbfa0cd6d17705d9305f857d70ef07b47b55502d04ff71359269,100.0,78.0
18385fe48224fbfa0cd6d17705d9305f857d70ef07b47b55502d04ff71359269,window_12,24.0,34.0,masked_prediction_embedding_neighbor,0.9999975337951903,provisional_unverified,18385fe48224fbfa0cd6d17705d9305f857d70ef07b47b55502d04ff71359269,98.0,74.0
18385fe48224fbfa0cd6d17705d9305f857d70ef07b47b55502d04ff71359269,window_13,26.0,36.0,masked_prediction_embedding_neighbor,0.9999968606682255,provisional_unverified,18385fe48224fbfa0cd6d17705d9305f857d70ef07b47b55502d04ff71359269,100.0,74.0
18385fe48224fbfa0cd6d17705d9305f857d70ef07b47b55502d04ff71359269,window_14,28.0,38.0,masked_prediction_embedding_neighbor,0.9999817998132684,provisional_unverified,4975a35d789765b9299480af66d6a5af5166fef074cef80facbac97409b84d07,26.0,2.0
18385fe48224fbfa0cd6d17705d9305f857d70ef07b47b55502d04ff71359269,window_15,30.0,40.0,masked_prediction_embedding_neighbor,0.9999106792942397,provisional_unverified,dc8bf44eb4cc0becf1c5ebe252a515c98193744c2031498501de80e036899758,6.0,24.0
18385fe48224fbfa0cd6d17705d9305f857d70ef07b47b55502d04ff71359269,window_16,32.0,42.0,masked_prediction_embedding_neighbor,0.9940868873190425,provisional_unverified,4975a35d789765b9299480af66d6a5af5166fef074cef80facbac97409b84d07,14.0,18.0
18385fe48224fbfa0cd6d17705d9305f857d70ef07b47b55502d04ff71359269,window_17,34.0,44.0,masked_prediction_embedding_neighbor,0.9952889124184654,provisional_unverified,27937681c8199780c6cbce603f217d5a4457c351e84fa3cd7cfc62bfd270c550,10.0,24.0
18385fe48224fbfa0cd6d17705d9305f857d70ef07b47b55502d04ff71359269,window_18,36.0,46.0,masked_prediction_embedding_neighbor,0.9939011040181035,provisional_unverified,9116cbf4be063f5be851f65778ddfb91d60bdd5aa52e7211426769a6b2ce6f86,258.0,222.0
18385fe48224fbfa0cd6d17705d9305f857d70ef07b47b55502d04ff71359269,window_19,38.0,48.0,masked_prediction_embedding_neighbor,0.9961769686789009,provisional_unverified,9116cbf4be063f5be851f65778ddfb91d60bdd5aa52e7211426769a6b2ce6f86,258.0,220.0
18385fe48224fbfa0cd6d17705d9305f857d70ef07b47b55502d04ff71359269,window_20,40.0,50.0,masked_prediction_embedding_neighbor,0.9901819647426483,provisional_unverified,27937681c8199780c6cbce603f217d5a4457c351e84fa3cd7cfc62bfd270c550,16.0,24.0
18385fe48224fbfa0cd6d17705d9305f857d70ef07b47b55502d04ff71359269,window_21,42.0,52.0,masked_prediction_embedding_neighbor,0.9952115080260029,provisional_unverified,18385fe48224fbfa0cd6d17705d9305f857d70ef07b47b55502d04ff71359269,60.0,18.0
18385fe48224fbfa0cd6d17705d9305f857d70ef07b47b55502d04ff71359269,window_22,44.0,54.0,masked_prediction_embedding_neighbor,0.9998112631140542,provisional_unverified,4975a35d789765b9299480af66d6a5af5166fef074cef80facbac97409b84d07,12.0,32.0
18385fe48224fbfa0cd6d17705d9305f857d70ef07b47b55502d04ff71359269,window_23,46.0,56.0,masked_prediction_embedding_neighbor,0.9999932896981654,provisional_unverified,18385fe48224fbfa0cd6d17705d9305f857d70ef07b47b55502d04ff71359269,72.0,26.0
18385fe48224fbfa0cd6d17705d9305f857d70ef07b47b55502d04ff71359269,window_24,48.0,58.0,masked_prediction_embedding_neighbor,0.9999894151836448,provisional_unverified,18385fe48224fbfa0cd6d17705d9305f857d70ef07b47b55502d04ff71359269,72.0,24.0
18385fe48224fbfa0cd6d17705d9305f857d70ef07b47b55502d04ff71359269,window_25,50.0,60.0,masked_prediction_embedding_neighbor,0.9999931949776332,provisional_unverified,18385fe48224fbfa0cd6d17705d9305f857d70ef07b47b55502d04ff71359269,76.0,26.0
18385fe48224fbfa0cd6d17705d9305f857d70ef07b47b55502d04ff71359269,window_26,52.0,62.0,masked_prediction_embedding_neighbor,0.9999927984408122,provisional_unverified,18385fe48224fbfa0cd6d17705d9305f857d70ef07b47b55502d04ff71359269,76.0,24.0
18385fe48224fbfa0cd6d17705d9305f857d70ef07b47b55502d04ff71359269,window_27,54.0,64.0,masked_prediction_embedding_neighbor,0.9999942874450576,provisional_unverified,18385fe48224fbfa0cd6d17705d9305f857d70ef07b47b55502d04ff71359269,76.0,22.0
18385fe48224fbfa0cd6d17705d9305f857d70ef07b47b55502d04ff71359269,window_28,56.0,66.0,masked_prediction_embedding_neighbor,0.9999368239007762,provisional_unverified,dc8bf44eb4cc0becf1c5ebe252a515c98193744c2031498501de80e036899758,4.0,52.0
18385fe48224fbfa0cd6d17705d9305f857d70ef07b47b55502d04ff71359269,window_29,58.0,68.0,masked_prediction_embedding_neighbor,0.9974573417204424,provisional_unverified,27937681c8199780c6cbce603f217d5a4457c351e84fa3cd7cfc62bfd270c550,18.0,40.0
18385fe48224fbfa0cd6d17705d9305f857d70ef07b47b55502d04ff71359269,window_30,60.0,70.0,masked_prediction_embedding_neighbor,0.9952115080260029,provisional_unverified,18385fe48224fbfa0cd6d17705d9305f857d70ef07b47b55502d04ff71359269,42.0,18.0
18385fe48224fbfa0cd6d17705d9305f857d70ef07b47b55502d04ff71359269,window_31,62.0,72.0,masked_prediction_embedding_neighbor,0.9937988708357288,provisional_unverified,27937681c8199780c6cbce603f217d5a4457c351e84fa3cd7cfc62bfd270c550,118.0,56.0
18385fe48224fbfa0cd6d17705d9305f857d70ef07b47b55502d04ff71359269,window_32,64.0,74.0,masked_prediction_embedding_neighbor,0.9942576843897888,provisional_unverified,27937681c8199780c6cbce603f217d5a4457c351e84fa3cd7cfc62bfd270c550,118.0,54.0
18385fe48224fbfa0cd6d17705d9305f857d70ef07b47b55502d04ff71359269,window_33,66.0,76.0,masked_prediction_embedding_neighbor,0.9932201752286828,provisional_unverified,27937681c8199780c6cbce603f217d5a4457c351e84fa3cd7cfc62bfd270c550,18.0,48.0
18385fe48224fbfa0cd6d17705d9305f857d70ef07b47b55502d04ff71359269,window_34,68.0,78.0,masked_prediction_embedding_neighbor,0.9998247883082976,provisional_unverified,18385fe48224fbfa0cd6d17705d9305f857d70ef07b47b55502d04ff71359269,118.0,50.0
18385fe48224fbfa0cd6d17705d9305f857d70ef07b47b55502d04ff71359269,window_35,70.0,80.0,masked_prediction_embedding_neighbor,0.9999903919530516,provisional_unverified,18385fe48224fbfa0cd6d17705d9305f857d70ef07b47b55502d04ff71359269,94.0,24.0
18385fe48224fbfa0cd6d17705d9305f857d70ef07b47b55502d04ff71359269,window_36,72.0,82.0,masked_prediction_embedding_neighbor,0.9999942496299817,provisional_unverified,18385fe48224fbfa0cd6d17705d9305f857d70ef07b47b55502d04ff71359269,6.0,66.0
18385fe48224fbfa0cd6d17705d9305f857d70ef07b47b55502d04ff71359269,window_37,74.0,84.0,masked_prediction_embedding_neighbor,0.9999917012434462,provisional_unverified,18385fe48224fbfa0cd6d17705d9305f857d70ef07b47b55502d04ff71359269,54.0,20.0
18385fe48224fbfa0cd6d17705d9305f857d70ef07b47b55502d04ff71359269,window_38,76.0,86.0,masked_prediction_embedding_neighbor,0.9999942874450576,provisional_unverified,18385fe48224fbfa0cd6d17705d9305f857d70ef07b47b55502d04ff71359269,54.0,22.0
18385fe48224fbfa0cd6d17705d9305f857d70ef07b47b55502d04ff71359269,window_39,78.0,88.0,masked_prediction_embedding_neighbor,0.99999435779989,provisional_unverified,18385fe48224fbfa0cd6d17705d9305f857d70ef07b47b55502d04ff71359269,4.0,74.0
18385fe48224fbfa0cd6d17705d9305f857d70ef07b47b55502d04ff71359269,window_40,80.0,90.0,masked_prediction_embedding_neighbor,0.999998552772029,provisional_unverified,18385fe48224fbfa0cd6d17705d9305f857d70ef07b47b55502d04ff71359269,4.0,76.0
18385fe48224fbfa0cd6d17705d9305f857d70ef07b47b55502d04ff71359269,window_41,82.0,92.0,masked_prediction_embedding_neighbor,0.999999064342615,provisional_unverified,18385fe48224fbfa0cd6d17705d9305f857d70ef07b47b55502d04ff71359269,4.0,78.0
18385fe48224fbfa0cd6d17705d9305f857d70ef07b47b55502d04ff71359269,window_42,84.0,94.0,masked_prediction_embedding_neighbor,0.9999923553247855,provisional_unverified,18385fe48224fbfa0cd6d17705d9305f857d70ef07b47b55502d04ff71359269,4.0,80.0
18385fe48224fbfa0cd6d17705d9305f857d70ef07b47b55502d04ff71359269,window_43,86.0,96.0,masked_prediction_embedding_neighbor,0.9999916172113965,provisional_unverified,18385fe48224fbfa0cd6d17705d9305f857d70ef07b47b55502d04ff71359269,4.0,82.0
18385fe48224fbfa0cd6d17705d9305f857d70ef07b47b55502d04ff71359269,window_44,88.0,98.0,masked_prediction_embedding_neighbor,0.9999923428198585,provisional_unverified,18385fe48224fbfa0cd6d17705d9305f857d70ef07b47b55502d04ff71359269,6.0,82.0
18385fe48224fbfa0cd6d17705d9305f857d70ef07b47b55502d04ff71359269,window_45,90.0,100.0,masked_prediction_embedding_neighbor,0.999986718427707,provisional_unverified,18385fe48224fbfa0cd6d17705d9305f857d70ef07b47b55502d04ff71359269,70.0,20.0
18385fe48224fbfa0cd6d17705d9305f857d70ef07b47b55502d04ff71359269,window_46,92.0,102.0,masked_prediction_embedding_neighbor,0.9999921853791744,provisional_unverified,18385fe48224fbfa0cd6d17705d9305f857d70ef07b47b55502d04ff71359269,12.0,80.0
18385fe48224fbfa0cd6d17705d9305f857d70ef07b47b55502d04ff71359269,window_47,94.0,104.0,masked_prediction_embedding_neighbor,0.9999903919530516,provisional_unverified,18385fe48224fbfa0cd6d17705d9305f857d70ef07b47b55502d04ff71359269,70.0,24.0
18385fe48224fbfa0cd6d17705d9305f857d70ef07b47b55502d04ff71359269,window_48,96.0,106.0,masked_prediction_embedding_neighbor,0.9999987964423716,provisional_unverified,18385fe48224fbfa0cd6d17705d9305f857d70ef07b47b55502d04ff71359269,12.0,84.0
18385fe48224fbfa0cd6d17705d9305f857d70ef07b47b55502d04ff71359269,window_49,98.0,108.0,masked_prediction_embedding_neighbor,0.9999984508763302,provisional_unverified,18385fe48224fbfa0cd6d17705d9305f857d70ef07b47b55502d04ff71359269,12.0,86.0
18385fe48224fbfa0cd6d17705d9305f857d70ef07b47b55502d04ff71359269,window_50,100.0,110.0,masked_prediction_embedding_neighbor,0.9999968606682255,provisional_unverified,18385fe48224fbfa0cd6d17705d9305f857d70ef07b47b55502d04ff71359269,26.0,74.0
18385fe48224fbfa0cd6d17705d9305f857d70ef07b47b55502d04ff71359269,window_51,102.0,112.0,masked_prediction_embedding_neighbor,0.9999879345162579,provisional_unverified,18385fe48224fbfa0cd6d17705d9305f857d70ef07b47b55502d04ff71359269,14.0,88.0
18385fe48224fbfa0cd6d17705d9305f857d70ef07b47b55502d04ff71359269,window_52,104.0,114.0,masked_prediction_embedding_neighbor,0.9999192891767493,provisional_unverified,8f799d59c9b5348ece1e5671692ea783d6d5e450ccebe31b6db9ad4f9510f8c5,86.0,18.0
18385fe48224fbfa0cd6d17705d9305f857d70ef07b47b55502d04ff71359269,window_53,106.0,116.0,masked_prediction_embedding_neighbor,0.9999577950118883,provisional_unverified,4975a35d789765b9299480af66d6a5af5166fef074cef80facbac97409b84d07,44.0,62.0
18385fe48224fbfa0cd6d17705d9305f857d70ef07b47b55502d04ff71359269,window_54,108.0,118.0,masked_prediction_embedding_neighbor,0.9984190345818864,provisional_unverified,5c12d7b5eff374be805bae6c5e2906f6c02b6bc3ad6ba70d3674bafd4f16fc15,42.0,66.0
18385fe48224fbfa0cd6d17705d9305f857d70ef07b47b55502d04ff71359269,window_55,110.0,120.0,masked_prediction_embedding_neighbor,0.9992062559418953,provisional_unverified,4975a35d789765b9299480af66d6a5af5166fef074cef80facbac97409b84d07,46.0,64.0
18385fe48224fbfa0cd6d17705d9305f857d70ef07b47b55502d04ff71359269,window_56,112.0,122.0,masked_prediction_embedding_neighbor,0.9992304176026242,provisional_unverified,4975a35d789765b9299480af66d6a5af5166fef074cef80facbac97409b84d07,46.0,66.0
18385fe48224fbfa0cd6d17705d9305f857d70ef07b47b55502d04ff71359269,window_57,114.0,124.0,masked_prediction_embedding_neighbor,0.9852003597432206,provisional_unverified,27937681c8199780c6cbce603f217d5a4457c351e84fa3cd7cfc62bfd270c550,114.0,0.0
18385fe48224fbfa0cd6d17705d9305f857d70ef07b47b55502d04ff71359269,window_58,116.0,126.0,masked_prediction_embedding_neighbor,0.999749833492681,provisional_unverified,18385fe48224fbfa0cd6d17705d9305f857d70ef07b47b55502d04ff71359269,2.0,114.0
18385fe48224fbfa0cd6d17705d9305f857d70ef07b47b55502d04ff71359269,window_59,118.0,128.0,masked_prediction_embedding_neighbor,0.9998247883082976,provisional_unverified,18385fe48224fbfa0cd6d17705d9305f857d70ef07b47b55502d04ff71359269,68.0,50.0
18385fe48224fbfa0cd6d17705d9305f857d70ef07b47b55502d04ff71359269,window_60,120.0,130.0,masked_prediction_embedding_neighbor,0.9999923813326399,provisional_unverified,4975a35d789765b9299480af66d6a5af5166fef074cef80facbac97409b84d07,62.0,58.0
18385fe48224fbfa0cd6d17705d9305f857d70ef07b47b55502d04ff71359269,window_61,122.0,132.0,masked_prediction_embedding_neighbor,0.9999959490977369,provisional_unverified,4975a35d789765b9299480af66d6a5af5166fef074cef80facbac97409b84d07,62.0,60.0
18385fe48224fbfa0cd6d17705d9305f857d70ef07b47b55502d04ff71359269,window_62,124.0,134.0,masked_prediction_embedding_neighbor,0.9999951195343905,provisional_unverified,4975a35d789765b9299480af66d6a5af5166fef074cef80facbac97409b84d07,64.0,60.0
18385fe48224fbfa0cd6d17705d9305f857d70ef07b47b55502d04ff71359269,window_63,126.0,136.0,masked_prediction_embedding_neighbor,0.999893847509169,provisional_unverified,bace0e92b25324e8afbd0e5f6698b01a921780a2385e02419965fa97e3e796c4,132.0,6.0
18385fe48224fbfa0cd6d17705d9305f857d70ef07b47b55502d04ff71359269,window_64,128.0,138.0,masked_prediction_embedding_neighbor,0.9996106230962101,provisional_unverified,b185f43818b8ff3aba325752922bbbf37fd094f1e282887487651e0a5c8f6c7a,12.0,116.0
18385fe48224fbfa0cd6d17705d9305f857d70ef07b47b55502d04ff71359269,window_65,130.0,140.0,masked_prediction_embedding_neighbor,0.9998422857234153,provisional_unverified,9116cbf4be063f5be851f65778ddfb91d60bdd5aa52e7211426769a6b2ce6f86,154.0,24.0
18385fe48224fbfa0cd6d17705d9305f857d70ef07b47b55502d04ff71359269,window_66,132.0,142.0,masked_prediction_embedding_neighbor,0.999992828658157,provisional_unverified,bace0e92b25324e8afbd0e5f6698b01a921780a2385e02419965fa97e3e796c4,140.0,8.0
18385fe48224fbfa0cd6d17705d9305f857d70ef07b47b55502d04ff71359269,window_67,134.0,144.0,masked_prediction_embedding_neighbor,0.9999883707165734,provisional_unverified,9116cbf4be063f5be851f65778ddfb91d60bdd5aa52e7211426769a6b2ce6f86,336.0,202.0
18385fe48224fbfa0cd6d17705d9305f857d70ef07b47b55502d04ff71359269,window_68,136.0,146.0,masked_prediction_embedding_neighbor,0.9999882188374548,provisional_unverified,8f799d59c9b5348ece1e5671692ea783d6d5e450ccebe31b6db9ad4f9510f8c5,26.0,110.0
18385fe48224fbfa0cd6d17705d9305f857d70ef07b47b55502d04ff71359269,window_69,138.0,148.0,masked_prediction_embedding_neighbor,0.9997304972234317,provisional_unverified,4975a35d789765b9299480af66d6a5af5166fef074cef80facbac97409b84d07,120.0,18.0
18385fe48224fbfa0cd6d17705d9305f857d70ef07b47b55502d04ff71359269,window_70,140.0,150.0,masked_prediction_embedding_neighbor,0.9998880423951456,provisional_unverified,9116cbf4be063f5be851f65778ddfb91d60bdd5aa52e7211426769a6b2ce6f86,386.0,246.0
18385fe48224fbfa0cd6d17705d9305f857d70ef07b47b55502d04ff71359269,window_71,142.0,152.0,masked_prediction_embedding_neighbor,0.9999990617913784,provisional_unverified,bace0e92b25324e8afbd0e5f6698b01a921780a2385e02419965fa97e3e796c4,206.0,64.0
18385fe48224fbfa0cd6d17705d9305f857d70ef07b47b55502d04ff71359269,window_72,144.0,154.0,masked_prediction_embedding_neighbor,0.9999947241826477,provisional_unverified,b185f43818b8ff3aba325752922bbbf37fd094f1e282887487651e0a5c8f6c7a,26.0,118.0
18385fe48224fbfa0cd6d17705d9305f857d70ef07b47b55502d04ff71359269,window_73,146.0,156.0,masked_prediction_embedding_neighbor,0.9999966499333754,provisional_unverified,4975a35d789765b9299480af66d6a5af5166fef074cef80facbac97409b84d07,88.0,58.0
18385fe48224fbfa0cd6d17705d9305f857d70ef07b47b55502d04ff71359269,window_74,148.0,158.0,masked_prediction_embedding_neighbor,0.998950550279046,provisional_unverified,bace0e92b25324e8afbd0e5f6698b01a921780a2385e02419965fa97e3e796c4,176.0,28.0
18385fe48224fbfa0cd6d17705d9305f857d70ef07b47b55502d04ff71359269,window_75,150.0,160.0,masked_prediction_embedding_neighbor,0.9998814975347174,provisional_unverified,4975a35d789765b9299480af66d6a5af5166fef074cef80facbac97409b84d07,80.0,70.0
18385fe48224fbfa0cd6d17705d9305f857d70ef07b47b55502d04ff71359269,window_76,152.0,162.0,masked_prediction_embedding_neighbor,0.9999481975401688,provisional_unverified,8f799d59c9b5348ece1e5671692ea783d6d5e450ccebe31b6db9ad4f9510f8c5,42.0,110.0
18385fe48224fbfa0cd6d17705d9305f857d70ef07b47b55502d04ff71359269,window_77,154.0,164.0,masked_prediction_embedding_neighbor,0.9999863178322633,provisional_unverified,9116cbf4be063f5be851f65778ddfb91d60bdd5aa52e7211426769a6b2ce6f86,360.0,206.0
18385fe48224fbfa0cd6d17705d9305f857d70ef07b47b55502d04ff71359269,window_78,156.0,166.0,masked_prediction_embedding_neighbor,0.9999907306373202,provisional_unverified,bace0e92b25324e8afbd0e5f6698b01a921780a2385e02419965fa97e3e796c4,194.0,38.0
18385fe48224fbfa0cd6d17705d9305f857d70ef07b47b55502d04ff71359269,window_79,158.0,168.0,masked_prediction_embedding_neighbor,0.9999764550627009,provisional_unverified,9116cbf4be063f5be851f65778ddfb91d60bdd5aa52e7211426769a6b2ce6f86,372.0,214.0
18385fe48224fbfa0cd6d17705d9305f857d70ef07b47b55502d04ff71359269,window_80,160.0,170.0,masked_prediction_embedding_neighbor,0.9999981184630893,provisional_unverified,9116cbf4be063f5be851f65778ddfb91d60bdd5aa52e7211426769a6b2ce6f86,360.0,200.0
18385fe48224fbfa0cd6d17705d9305f857d70ef07b47b55502d04ff71359269,window_81,162.0,172.0,masked_prediction_embedding_neighbor,0.9997480365285271,provisional_unverified,9116cbf4be063f5be851f65778ddfb91d60bdd5aa52e7211426769a6b2ce6f86,366.0,204.0
18385fe48224fbfa0cd6d17705d9305f857d70ef07b47b55502d04ff71359269,window_82,164.0,174.0,masked_prediction_embedding_neighbor,0.9998381817941445,provisional_unverified,4975a35d789765b9299480af66d6a5af5166fef074cef80facbac97409b84d07,120.0,44.0
18385fe48224fbfa0cd6d17705d9305f857d70ef07b47b55502d04ff71359269,window_83,166.0,176.0,masked_prediction_embedding_neighbor,0.9950399918342956,provisional_unverified,4975a35d789765b9299480af66d6a5af5166fef074cef80facbac97409b84d07,106.0,60.0
18385fe48224fbfa0cd6d17705d9305f857d70ef07b47b55502d04ff71359269,window_84,168.0,178.0,masked_prediction_embedding_neighbor,0.9999953206321883,provisional_unverified,b185f43818b8ff3aba325752922bbbf37fd094f1e282887487651e0a5c8f6c7a,46.0,122.0
18385fe48224fbfa0cd6d17705d9305f857d70ef07b47b55502d04ff71359269,window_85,170.0,180.0,masked_prediction_embedding_neighbor,0.9999950413301941,provisional_unverified,9116cbf4be063f5be851f65778ddfb91d60bdd5aa52e7211426769a6b2ce6f86,80.0,90.0
18385fe48224fbfa0cd6d17705d9305f857d70ef07b47b55502d04ff71359269,window_86,172.0,182.0,masked_prediction_embedding_neighbor,0.9999968868548484,provisional_unverified,9116cbf4be063f5be851f65778ddfb91d60bdd5aa52e7211426769a6b2ce6f86,370.0,198.0
18385fe48224fbfa0cd6d17705d9305f857d70ef07b47b55502d04ff71359269,window_87,174.0,184.0,masked_prediction_embedding_neighbor,0.9990065805134547,provisional_unverified,4975a35d789765b9299480af66d6a5af5166fef074cef80facbac97409b84d07,108.0,66.0
18385fe48224fbfa0cd6d17705d9305f857d70ef07b47b55502d04ff71359269,window_88,176.0,186.0,masked_prediction_embedding_neighbor,0.9994289656767459,provisional_unverified,bace0e92b25324e8afbd0e5f6698b01a921780a2385e02419965fa97e3e796c4,186.0,10.0
18385fe48224fbfa0cd6d17705d9305f857d70ef07b47b55502d04ff71359269,window_89,178.0,188.0,masked_prediction_embedding_neighbor,0.9851812360185388,provisional_unverified,27937681c8199780c6cbce603f217d5a4457c351e84fa3cd7cfc62bfd270c550,196.0,18.0
18385fe48224fbfa0cd6d17705d9305f857d70ef07b47b55502d04ff71359269,window_90,180.0,190.0,masked_prediction_embedding_neighbor,0.9999670386898166,provisional_unverified,bace0e92b25324e8afbd0e5f6698b01a921780a2385e02419965fa97e3e796c4,162.0,18.0
18385fe48224fbfa0cd6d17705d9305f857d70ef07b47b55502d04ff71359269,window_91,182.0,192.0,masked_prediction_embedding_neighbor,0.99999015153196,provisional_unverified,bace0e92b25324e8afbd0e5f6698b01a921780a2385e02419965fa97e3e796c4,194.0,12.0
18385fe48224fbfa0cd6d17705d9305f857d70ef07b47b55502d04ff71359269,window_92,184.0,194.0,masked_prediction_embedding_neighbor,0.9999942903107177,provisional_unverified,b185f43818b8ff3aba325752922bbbf37fd094f1e282887487651e0a5c8f6c7a,56.0,128.0
18385fe48224fbfa0cd6d17705d9305f857d70ef07b47b55502d04ff71359269,window_93,186.0,196.0,masked_prediction_embedding_neighbor,0.9995727553661241,provisional_unverified,18385fe48224fbfa0cd6d17705d9305f857d70ef07b47b55502d04ff71359269,164.0,22.0
18385fe48224fbfa0cd6d17705d9305f857d70ef07b47b55502d04ff71359269,window_94,188.0,198.0,masked_prediction_embedding_neighbor,0.999991527651248,provisional_unverified,18385fe48224fbfa0cd6d17705d9305f857d70ef07b47b55502d04ff71359269,146.0,42.0
18385fe48224fbfa0cd6d17705d9305f857d70ef07b47b55502d04ff71359269,window_95,190.0,200.0,masked_prediction_embedding_neighbor,0.9999967431144816,provisional_unverified,9116cbf4be063f5be851f65778ddfb91d60bdd5aa52e7211426769a6b2ce6f86,388.0,198.0
18385fe48224fbfa0cd6d17705d9305f857d70ef07b47b55502d04ff71359269,window_96,192.0,202.0,masked_prediction_embedding_neighbor,0.9999986922338908,provisional_unverified,9116cbf4be063f5be851f65778ddfb91d60bdd5aa52e7211426769a6b2ce6f86,148.0,44.0
18385fe48224fbfa0cd6d17705d9305f857d70ef07b47b55502d04ff71359269,window_97,194.0,204.0,masked_prediction_embedding_neighbor,0.9999944483764643,provisional_unverified,18385fe48224fbfa0cd6d17705d9305f857d70ef07b47b55502d04ff71359269,144.0,50.0
18385fe48224fbfa0cd6d17705d9305f857d70ef07b47b55502d04ff71359269,window_98,196.0,206.0,masked_prediction_embedding_neighbor,0.9971262490294848,provisional_unverified,27937681c8199780c6cbce603f217d5a4457c351e84fa3cd7cfc62bfd270c550,196.0,0.0
18385fe48224fbfa0cd6d17705d9305f857d70ef07b47b55502d04ff71359269,window_99,198.0,208.0,masked_prediction_embedding_neighbor,0.99998024301615,provisional_unverified,9116cbf4be063f5be851f65778ddfb91d60bdd5aa52e7211426769a6b2ce6f86,396.0,198.0
18385fe48224fbfa0cd6d17705d9305f857d70ef07b47b55502d04ff71359269,window_100,200.0,210.0,masked_prediction_embedding_neighbor,0.9999937125436837,provisional_unverified,4975a35d789765b9299480af66d6a5af5166fef074cef80facbac97409b84d07,140.0,60.0
18385fe48224fbfa0cd6d17705d9305f857d70ef07b47b55502d04ff71359269,window_101,202.0,212.0,masked_prediction_embedding_neighbor,0.9999889060165285,provisional_unverified,8f799d59c9b5348ece1e5671692ea783d6d5e450ccebe31b6db9ad4f9510f8c5,66.0,136.0
18385fe48224fbfa0cd6d17705d9305f857d70ef07b47b55502d04ff71359269,window_102,204.0,214.0,masked_prediction_embedding_neighbor,0.9999851499434509,provisional_unverified,9116cbf4be063f5be851f65778ddfb91d60bdd5aa52e7211426769a6b2ce6f86,160.0,44.0
18385fe48224fbfa0cd6d17705d9305f857d70ef07b47b55502d04ff71359269,window_103,206.0,216.0,masked_prediction_embedding_neighbor,0.9999093026113077,provisional_unverified,4975a35d789765b9299480af66d6a5af5166fef074cef80facbac97409b84d07,142.0,64.0
18385fe48224fbfa0cd6d17705d9305f857d70ef07b47b55502d04ff71359269,window_104,208.0,218.0,masked_prediction_embedding_neighbor,0.98951886785955,provisional_unverified,9116cbf4be063f5be851f65778ddfb91d60bdd5aa52e7211426769a6b2ce6f86,116.0,92.0
18385fe48224fbfa0cd6d17705d9305f857d70ef07b47b55502d04ff71359269,window_105,210.0,220.0,masked_prediction_embedding_neighbor,0.999868288662981,provisional_unverified,8f799d59c9b5348ece1e5671692ea783d6d5e450ccebe31b6db9ad4f9510f8c5,72.0,138.0
18385fe48224fbfa0cd6d17705d9305f857d70ef07b47b55502d04ff71359269,window_106,212.0,222.0,masked_prediction_embedding_neighbor,0.9999932104978616,provisional_unverified,8f799d59c9b5348ece1e5671692ea783d6d5e450ccebe31b6db9ad4f9510f8c5,74.0,138.0
18385fe48224fbfa0cd6d17705d9305f857d70ef07b47b55502d04ff71359269,window_107,214.0,224.0,masked_prediction_embedding_neighbor,0.9999914073750511,provisional_unverified,bace0e92b25324e8afbd0e5f6698b01a921780a2385e02419965fa97e3e796c4,228.0,14.0
18385fe48224fbfa0cd6d17705d9305f857d70ef07b47b55502d04ff71359269,window_108,216.0,226.0,masked_prediction_embedding_neighbor,0.9999966455767056,provisional_unverified,5c12d7b5eff374be805bae6c5e2906f6c02b6bc3ad6ba70d3674bafd4f16fc15,14.0,202.0
18385fe48224fbfa0cd6d17705d9305f857d70ef07b47b55502d04ff71359269,window_109,218.0,228.0,masked_prediction_embedding_neighbor,0.9999427465345939,provisional_unverified,5c12d7b5eff374be805bae6c5e2906f6c02b6bc3ad6ba70d3674bafd4f16fc15,12.0,206.0
27937681c8199780c6cbce603f217d5a4457c351e84fa3cd7cfc62bfd270c550,window_110,0.0,10.0,masked_prediction_embedding_neighbor,0.9998990101642106,provisional_unverified,9116cbf4be063f5be851f65778ddfb91d60bdd5aa52e7211426769a6b2ce6f86,230.0,230.0
27937681c8199780c6cbce603f217d5a4457c351e84fa3cd7cfc62bfd270c550,window_111,2.0,12.0,masked_prediction_embedding_neighbor,0.9573627080844698,provisional_unverified,27937681c8199780c6cbce603f217d5a4457c351e84fa3cd7cfc62bfd270c550,52.0,50.0
27937681c8199780c6cbce603f217d5a4457c351e84fa3cd7cfc62bfd270c550,window_112,4.0,14.0,masked_prediction_embedding_neighbor,0.9999832046158796,provisional_unverified,27937681c8199780c6cbce603f217d5a4457c351e84fa3cd7cfc62bfd270c550,32.0,28.0
27937681c8199780c6cbce603f217d5a4457c351e84fa3cd7cfc62bfd270c550,window_113,6.0,16.0,masked_prediction_embedding_neighbor,0.9998849810985498,provisional_unverified,27937681c8199780c6cbce603f217d5a4457c351e84fa3cd7cfc62bfd270c550,48.0,42.0
27937681c8199780c6cbce603f217d5a4457c351e84fa3cd7cfc62bfd270c550,window_114,8.0,18.0,masked_prediction_embedding_neighbor,0.9949802261391024,provisional_unverified,18385fe48224fbfa0cd6d17705d9305f857d70ef07b47b55502d04ff71359269,34.0,26.0
27937681c8199780c6cbce603f217d5a4457c351e84fa3cd7cfc62bfd270c550,window_115,10.0,20.0,masked_prediction_embedding_neighbor,0.9952889124184654,provisional_unverified,18385fe48224fbfa0cd6d17705d9305f857d70ef07b47b55502d04ff71359269,34.0,24.0
27937681c8199780c6cbce603f217d5a4457c351e84fa3cd7cfc62bfd270c550,window_116,12.0,22.0,masked_prediction_embedding_neighbor,0.9962934370290402,provisional_unverified,db4d46d3c8abd3b8d2327e52a99599c63e7bd8ed5f1b122d3047d731fc6d2684,8.0,4.0
27937681c8199780c6cbce603f217d5a4457c351e84fa3cd7cfc62bfd270c550,window_117,14.0,24.0,masked_prediction_embedding_neighbor,0.9967721989093162,provisional_unverified,db4d46d3c8abd3b8d2327e52a99599c63e7bd8ed5f1b122d3047d731fc6d2684,8.0,6.0
27937681c8199780c6cbce603f217d5a4457c351e84fa3cd7cfc62bfd270c550,window_118,16.0,26.0,masked_prediction_embedding_neighbor,0.9982386030970162,provisional_unverified,db4d46d3c8abd3b8d2327e52a99599c63e7bd8ed5f1b122d3047d731fc6d2684,8.0,8.0
27937681c8199780c6cbce603f217d5a4457c351e84fa3cd7cfc62bfd270c550,window_119,18.0,28.0,masked_prediction_embedding_neighbor,0.999230093741877,provisional_unverified,27937681c8199780c6cbce603f217d5a4457c351e84fa3cd7cfc62bfd270c550,82.0,64.0
27937681c8199780c6cbce603f217d5a4457c351e84fa3cd7cfc62bfd270c550,window_120,20.0,30.0,masked_prediction_embedding_neighbor,0.999869582165084,provisional_unverified,27937681c8199780c6cbce603f217d5a4457c351e84fa3cd7cfc62bfd270c550,82.0,62.0
27937681c8199780c6cbce603f217d5a4457c351e84fa3cd7cfc62bfd270c550,window_121,22.0,32.0,masked_prediction_embedding_neighbor,0.9999354516322182,provisional_unverified,27937681c8199780c6cbce603f217d5a4457c351e84fa3cd7cfc62bfd270c550,90.0,68.0
27937681c8199780c6cbce603f217d5a4457c351e84fa3cd7cfc62bfd270c550,window_122,24.0,34.0,masked_prediction_embedding_neighbor,0.9999666874036182,provisional_unverified,27937681c8199780c6cbce603f217d5a4457c351e84fa3cd7cfc62bfd270c550,78.0,54.0
27937681c8199780c6cbce603f217d5a4457c351e84fa3cd7cfc62bfd270c550,window_123,26.0,36.0,masked_prediction_embedding_neighbor,0.9999423549392967,provisional_unverified,27937681c8199780c6cbce603f217d5a4457c351e84fa3cd7cfc62bfd270c550,68.0,42.0
27937681c8199780c6cbce603f217d5a4457c351e84fa3cd7cfc62bfd270c550,window_124,28.0,38.0,masked_prediction_embedding_neighbor,0.9999564644033965,provisional_unverified,27937681c8199780c6cbce603f217d5a4457c351e84fa3cd7cfc62bfd270c550,68.0,40.0
27937681c8199780c6cbce603f217d5a4457c351e84fa3cd7cfc62bfd270c550,window_125,30.0,40.0,masked_prediction_embedding_neighbor,0.999977777274208,provisional_unverified,27937681c8199780c6cbce603f217d5a4457c351e84fa3cd7cfc62bfd270c550,68.0,38.0
27937681c8199780c6cbce603f217d5a4457c351e84fa3cd7cfc62bfd270c550,window_126,32.0,42.0,masked_prediction_embedding_neighbor,0.9999891341999918,provisional_unverified,27937681c8199780c6cbce603f217d5a4457c351e84fa3cd7cfc62bfd270c550,86.0,54.0
27937681c8199780c6cbce603f217d5a4457c351e84fa3cd7cfc62bfd270c550,window_127,34.0,44.0,masked_prediction_embedding_neighbor,0.9999855881007034,provisional_unverified,27937681c8199780c6cbce603f217d5a4457c351e84fa3cd7cfc62bfd270c550,72.0,38.0
27937681c8199780c6cbce603f217d5a4457c351e84fa3cd7cfc62bfd270c550,window_128,36.0,46.0,masked_prediction_embedding_neighbor,0.9999752437957828,provisional_unverified,27937681c8199780c6cbce603f217d5a4457c351e84fa3cd7cfc62bfd270c550,72.0,36.0
27937681c8199780c6cbce603f217d5a4457c351e84fa3cd7cfc62bfd270c550,window_129,38.0,48.0,masked_prediction_embedding_neighbor,0.999970634987717,provisional_unverified,27937681c8199780c6cbce603f217d5a4457c351e84fa3cd7cfc62bfd270c550,86.0,48.0
27937681c8199780c6cbce603f217d5a4457c351e84fa3cd7cfc62bfd270c550,window_130,40.0,50.0,masked_prediction_embedding_neighbor,0.9999728396460773,provisional_unverified,27937681c8199780c6cbce603f217d5a4457c351e84fa3cd7cfc62bfd270c550,70.0,30.0
27937681c8199780c6cbce603f217d5a4457c351e84fa3cd7cfc62bfd270c550,window_131,42.0,52.0,masked_prediction_embedding_neighbor,0.9999519981145061,provisional_unverified,27937681c8199780c6cbce603f217d5a4457c351e84fa3cd7cfc62bfd270c550,86.0,44.0
27937681c8199780c6cbce603f217d5a4457c351e84fa3cd7cfc62bfd270c550,window_132,44.0,54.0,masked_prediction_embedding_neighbor,0.9999929435688919,provisional_unverified,27937681c8199780c6cbce603f217d5a4457c351e84fa3cd7cfc62bfd270c550,70.0,26.0
27937681c8199780c6cbce603f217d5a4457c351e84fa3cd7cfc62bfd270c550,window_133,46.0,56.0,masked_prediction_embedding_neighbor,0.9999933435697063,provisional_unverified,27937681c8199780c6cbce603f217d5a4457c351e84fa3cd7cfc62bfd270c550,68.0,22.0
27937681c8199780c6cbce603f217d5a4457c351e84fa3cd7cfc62bfd270c550,window_134,48.0,58.0,masked_prediction_embedding_neighbor,0.9999509908944338,provisional_unverified,27937681c8199780c6cbce603f217d5a4457c351e84fa3cd7cfc62bfd270c550,68.0,20.0
27937681c8199780c6cbce603f217d5a4457c351e84fa3cd7cfc62bfd270c550,window_135,50.0,60.0,masked_prediction_embedding_neighbor,0.9770120913749964,provisional_unverified,db4d46d3c8abd3b8d2327e52a99599c63e7bd8ed5f1b122d3047d731fc6d2684,10.0,40.0
27937681c8199780c6cbce603f217d5a4457c351e84fa3cd7cfc62bfd270c550,window_136,52.0,62.0,masked_prediction_embedding_neighbor,0.9691899249610578,provisional_unverified,5790cd1534b1de5ac4693367fe5d8ca6951cd36a7abcd3c778cee8923a932a75,14.0,38.0
27937681c8199780c6cbce603f217d5a4457c351e84fa3cd7cfc62bfd270c550,window_137,54.0,64.0,masked_prediction_embedding_neighbor,0.9701274205350003,provisional_unverified,5790cd1534b1de5ac4693367fe5d8ca6951cd36a7abcd3c778cee8923a932a75,14.0,40.0
27937681c8199780c6cbce603f217d5a4457c351e84fa3cd7cfc62bfd270c550,window_138,56.0,66.0,masked_prediction_embedding_neighbor,0.9700746566828742,provisional_unverified,5790cd1534b1de5ac4693367fe5d8ca6951cd36a7abcd3c778cee8923a932a75,14.0,42.0
27937681c8199780c6cbce603f217d5a4457c351e84fa3cd7cfc62bfd270c550,window_139,58.0,68.0,masked_prediction_embedding_neighbor,0.9668919604958911,provisional_unverified,5790cd1534b1de5ac4693367fe5d8ca6951cd36a7abcd3c778cee8923a932a75,14.0,44.0
27937681c8199780c6cbce603f217d5a4457c351e84fa3cd7cfc62bfd270c550,window_140,60.0,70.0,masked_prediction_embedding_neighbor,0.9996829267171014,provisional_unverified,27937681c8199780c6cbce603f217d5a4457c351e84fa3cd7cfc62bfd270c550,86.0,26.0
27937681c8199780c6cbce603f217d5a4457c351e84fa3cd7cfc62bfd270c550,window_141,62.0,72.0,masked_prediction_embedding_neighbor,0.9999720910679333,provisional_unverified,27937681c8199780c6cbce603f217d5a4457c351e84fa3cd7cfc62bfd270c550,98.0,36.0
27937681c8199780c6cbce603f217d5a4457c351e84fa3cd7cfc62bfd270c550,window_142,64.0,74.0,masked_prediction_embedding_neighbor,0.9999656688199469,provisional_unverified,27937681c8199780c6cbce603f217d5a4457c351e84fa3cd7cfc62bfd270c550,90.0,26.0
27937681c8199780c6cbce603f217d5a4457c351e84fa3cd7cfc62bfd270c550,window_143,66.0,76.0,masked_prediction_embedding_neighbor,0.9999608427128622,provisional_unverified,27937681c8199780c6cbce603f217d5a4457c351e84fa3cd7cfc62bfd270c550,90.0,24.0
27937681c8199780c6cbce603f217d5a4457c351e84fa3cd7cfc62bfd270c550,window_144,68.0,78.0,masked_prediction_embedding_neighbor,0.9999933435697063,provisional_unverified,27937681c8199780c6cbce603f217d5a4457c351e84fa3cd7cfc62bfd270c550,46.0,22.0
27937681c8199780c6cbce603f217d5a4457c351e84fa3cd7cfc62bfd270c550,window_145,70.0,80.0,masked_prediction_embedding_neighbor,0.9999929435688919,provisional_unverified,27937681c8199780c6cbce603f217d5a4457c351e84fa3cd7cfc62bfd270c550,44.0,26.0
27937681c8199780c6cbce603f217d5a4457c351e84fa3cd7cfc62bfd270c550,window_146,72.0,82.0,masked_prediction_embedding_neighbor,0.9999855881007034,provisional_unverified,27937681c8199780c6cbce603f217d5a4457c351e84fa3cd7cfc62bfd270c550,34.0,38.0
27937681c8199780c6cbce603f217d5a4457c351e84fa3cd7cfc62bfd270c550,window_147,74.0,84.0,masked_prediction_embedding_neighbor,0.9999787973736504,provisional_unverified,27937681c8199780c6cbce603f217d5a4457c351e84fa3cd7cfc62bfd270c550,34.0,40.0
27937681c8199780c6cbce603f217d5a4457c351e84fa3cd7cfc62bfd270c550,window_148,76.0,86.0,masked_prediction_embedding_neighbor,0.9999381165476849,provisional_unverified,27937681c8199780c6cbce603f217d5a4457c351e84fa3cd7cfc62bfd270c550,34.0,42.0
27937681c8199780c6cbce603f217d5a4457c351e84fa3cd7cfc62bfd270c550,window_149,78.0,88.0,masked_prediction_embedding_neighbor,0.9999666874036182,provisional_unverified,27937681c8199780c6cbce603f217d5a4457c351e84fa3cd7cfc62bfd270c550,24.0,54.0
27937681c8199780c6cbce603f217d5a4457c351e84fa3cd7cfc62bfd270c550,window_150,80.0,90.0,masked_prediction_embedding_neighbor,0.9999581372596084,provisional_unverified,27937681c8199780c6cbce603f217d5a4457c351e84fa3cd7cfc62bfd270c550,34.0,46.0
27937681c8199780c6cbce603f217d5a4457c351e84fa3cd7cfc62bfd270c550,window_151,82.0,92.0,masked_prediction_embedding_neighbor,0.9998888847267539,provisional_unverified,27937681c8199780c6cbce603f217d5a4457c351e84fa3cd7cfc62bfd270c550,34.0,48.0
27937681c8199780c6cbce603f217d5a4457c351e84fa3cd7cfc62bfd270c550,window_152,84.0,94.0,masked_prediction_embedding_neighbor,0.9999680176616369,provisional_unverified,27937681c8199780c6cbce603f217d5a4457c351e84fa3cd7cfc62bfd270c550,34.0,50.0
27937681c8199780c6cbce603f217d5a4457c351e84fa3cd7cfc62bfd270c550,window_153,86.0,96.0,masked_prediction_embedding_neighbor,0.9999891341999918,provisional_unverified,27937681c8199780c6cbce603f217d5a4457c351e84fa3cd7cfc62bfd270c550,32.0,54.0
27937681c8199780c6cbce603f217d5a4457c351e84fa3cd7cfc62bfd270c550,window_154,88.0,98.0,masked_prediction_embedding_neighbor,0.9999722214854281,provisional_unverified,27937681c8199780c6cbce603f217d5a4457c351e84fa3cd7cfc62bfd270c550,70.0,18.0
27937681c8199780c6cbce603f217d5a4457c351e84fa3cd7cfc62bfd270c550,window_155,90.0,100.0,masked_prediction_embedding_neighbor,0.9999656688199469,provisional_unverified,27937681c8199780c6cbce603f217d5a4457c351e84fa3cd7cfc62bfd270c550,64.0,26.0
27937681c8199780c6cbce603f217d5a4457c351e84fa3cd7cfc62bfd270c550,window_156,92.0,102.0,masked_prediction_embedding_neighbor,0.9999331872493867,provisional_unverified,27937681c8199780c6cbce603f217d5a4457c351e84fa3cd7cfc62bfd270c550,62.0,30.0
27937681c8199780c6cbce603f217d5a4457c351e84fa3cd7cfc62bfd270c550,window_157,94.0,104.0,masked_prediction_embedding_neighbor,0.9999069751154636,provisional_unverified,27937681c8199780c6cbce603f217d5a4457c351e84fa3cd7cfc62bfd270c550,62.0,32.0
27937681c8199780c6cbce603f217d5a4457c351e84fa3cd7cfc62bfd270c550,window_158,96.0,106.0,masked_prediction_embedding_neighbor,0.9999240466956876,provisional_unverified,27937681c8199780c6cbce603f217d5a4457c351e84fa3cd7cfc62bfd270c550,62.0,34.0
27937681c8199780c6cbce603f217d5a4457c351e84fa3cd7cfc62bfd270c550,window_159,98.0,108.0,masked_prediction_embedding_neighbor,0.9999720910679333,provisional_unverified,27937681c8199780c6cbce603f217d5a4457c351e84fa3cd7cfc62bfd270c550,62.0,36.0
27937681c8199780c6cbce603f217d5a4457c351e84fa3cd7cfc62bfd270c550,window_160,100.0,110.0,masked_prediction_embedding_neighbor,0.9999218777508456,provisional_unverified,27937681c8199780c6cbce603f217d5a4457c351e84fa3cd7cfc62bfd270c550,62.0,38.0
27937681c8199780c6cbce603f217d5a4457c351e84fa3cd7cfc62bfd270c550,window_161,102.0,112.0,masked_prediction_embedding_neighbor,0.9999608349641979,provisional_unverified,27937681c8199780c6cbce603f217d5a4457c351e84fa3cd7cfc62bfd270c550,64.0,38.0
27937681c8199780c6cbce603f217d5a4457c351e84fa3cd7cfc62bfd270c550,window_162,104.0,114.0,masked_prediction_embedding_neighbor,0.999630693080844,provisional_unverified,6732a35a8f6343dcf041f1a3ad40d6760331513a2556c4fae4eea6cd59da89b2,8.0,96.0
27937681c8199780c6cbce603f217d5a4457c351e84fa3cd7cfc62bfd270c550,window_163,106.0,116.0,masked_prediction_embedding_neighbor,0.9999006604161419,provisional_unverified,18385fe48224fbfa0cd6d17705d9305f857d70ef07b47b55502d04ff71359269,106.0,0.0
27937681c8199780c6cbce603f217d5a4457c351e84fa3cd7cfc62bfd270c550,window_164,108.0,118.0,masked_prediction_embedding_neighbor,0.9994078096377055,provisional_unverified,4975a35d789765b9299480af66d6a5af5166fef074cef80facbac97409b84d07,48.0,60.0
27937681c8199780c6cbce603f217d5a4457c351e84fa3cd7cfc62bfd270c550,window_165,110.0,120.0,masked_prediction_embedding_neighbor,0.9822663905086881,provisional_unverified,4975a35d789765b9299480af66d6a5af5166fef074cef80facbac97409b84d07,52.0,58.0
27937681c8199780c6cbce603f217d5a4457c351e84fa3cd7cfc62bfd270c550,window_166,112.0,122.0,masked_prediction_embedding_neighbor,0.9891733167047136,provisional_unverified,4975a35d789765b9299480af66d6a5af5166fef074cef80facbac97409b84d07,52.0,60.0
27937681c8199780c6cbce603f217d5a4457c351e84fa3cd7cfc62bfd270c550,window_167,114.0,124.0,masked_prediction_embedding_neighbor,0.9877609351266041,provisional_unverified,5c12d7b5eff374be805bae6c5e2906f6c02b6bc3ad6ba70d3674bafd4f16fc15,46.0,68.0
27937681c8199780c6cbce603f217d5a4457c351e84fa3cd7cfc62bfd270c550,window_168,116.0,126.0,masked_prediction_embedding_neighbor,0.9999326341139273,provisional_unverified,4975a35d789765b9299480af66d6a5af5166fef074cef80facbac97409b84d07,2.0,114.0
27937681c8199780c6cbce603f217d5a4457c351e84fa3cd7cfc62bfd270c550,window_169,118.0,128.0,masked_prediction_embedding_neighbor,0.9942576843897888,provisional_unverified,18385fe48224fbfa0cd6d17705d9305f857d70ef07b47b55502d04ff71359269,64.0,54.0
27937681c8199780c6cbce603f217d5a4457c351e84fa3cd7cfc62bfd270c550,window_170,120.0,130.0,masked_prediction_embedding_neighbor,0.9987052993220542,provisional_unverified,18385fe48224fbfa0cd6d17705d9305f857d70ef07b47b55502d04ff71359269,44.0,76.0
27937681c8199780c6cbce603f217d5a4457c351e84fa3cd7cfc62bfd270c550,window_171,122.0,132.0,masked_prediction_embedding_neighbor,0.9986276288772895,provisional_unverified,18385fe48224fbfa0cd6d17705d9305f857d70ef07b47b55502d04ff71359269,44.0,78.0
27937681c8199780c6cbce603f217d5a4457c351e84fa3cd7cfc62bfd270c550,window_172,124.0,134.0,masked_prediction_embedding_neighbor,0.9984657121667999,provisional_unverified,dc8bf44eb4cc0becf1c5ebe252a515c98193744c2031498501de80e036899758,0.0,124.0
27937681c8199780c6cbce603f217d5a4457c351e84fa3cd7cfc62bfd270c550,window_173,126.0,136.0,masked_prediction_embedding_neighbor,0.9958384260951907,provisional_unverified,9116cbf4be063f5be851f65778ddfb91d60bdd5aa52e7211426769a6b2ce6f86,24.0,102.0
27937681c8199780c6cbce603f217d5a4457c351e84fa3cd7cfc62bfd270c550,window_174,128.0,138.0,masked_prediction_embedding_neighbor,0.9955819251339925,provisional_unverified,bace0e92b25324e8afbd0e5f6698b01a921780a2385e02419965fa97e3e796c4,138.0,10.0
27937681c8199780c6cbce603f217d5a4457c351e84fa3cd7cfc62bfd270c550,window_175,130.0,140.0,masked_prediction_embedding_neighbor,0.9999869086195128,provisional_unverified,b185f43818b8ff3aba325752922bbbf37fd094f1e282887487651e0a5c8f6c7a,16.0,114.0
27937681c8199780c6cbce603f217d5a4457c351e84fa3cd7cfc62bfd270c550,window_176,132.0,142.0,masked_prediction_embedding_neighbor,0.9999887384319662,provisional_unverified,4975a35d789765b9299480af66d6a5af5166fef074cef80facbac97409b84d07,140.0,8.0
27937681c8199780c6cbce603f217d5a4457c351e84fa3cd7cfc62bfd270c550,window_177,134.0,144.0,masked_prediction_embedding_neighbor,0.9999901425794404,provisional_unverified,b185f43818b8ff3aba325752922bbbf37fd094f1e282887487651e0a5c8f6c7a,58.0,76.0
27937681c8199780c6cbce603f217d5a4457c351e84fa3cd7cfc62bfd270c550,window_178,136.0,146.0,masked_prediction_embedding_neighbor,0.9968769554379002,provisional_unverified,bace0e92b25324e8afbd0e5f6698b01a921780a2385e02419965fa97e3e796c4,174.0,38.0
27937681c8199780c6cbce603f217d5a4457c351e84fa3cd7cfc62bfd270c550,window_179,138.0,148.0,masked_prediction_embedding_neighbor,0.9999472289958291,provisional_unverified,b185f43818b8ff3aba325752922bbbf37fd094f1e282887487651e0a5c8f6c7a,24.0,114.0
27937681c8199780c6cbce603f217d5a4457c351e84fa3cd7cfc62bfd270c550,window_180,140.0,150.0,masked_prediction_embedding_neighbor,0.9999952885058185,provisional_unverified,b185f43818b8ff3aba325752922bbbf37fd094f1e282887487651e0a5c8f6c7a,74.0,66.0
27937681c8199780c6cbce603f217d5a4457c351e84fa3cd7cfc62bfd270c550,window_181,142.0,152.0,masked_prediction_embedding_neighbor,0.9999772279460015,provisional_unverified,4975a35d789765b9299480af66d6a5af5166fef074cef80facbac97409b84d07,128.0,14.0
27937681c8199780c6cbce603f217d5a4457c351e84fa3cd7cfc62bfd270c550,window_182,144.0,154.0,masked_prediction_embedding_neighbor,0.9999838562300266,provisional_unverified,18385fe48224fbfa0cd6d17705d9305f857d70ef07b47b55502d04ff71359269,146.0,2.0
27937681c8199780c6cbce603f217d5a4457c351e84fa3cd7cfc62bfd270c550,window_183,146.0,156.0,masked_prediction_embedding_neighbor,0.9988132920393488,provisional_unverified,4975a35d789765b9299480af66d6a5af5166fef074cef80facbac97409b84d07,108.0,38.0
27937681c8199780c6cbce603f217d5a4457c351e84fa3cd7cfc62bfd270c550,window_184,148.0,158.0,masked_prediction_embedding_neighbor,0.998642066408292,provisional_unverified,8f799d59c9b5348ece1e5671692ea783d6d5e450ccebe31b6db9ad4f9510f8c5,30.0,118.0
27937681c8199780c6cbce603f217d5a4457c351e84fa3cd7cfc62bfd270c550,window_185,150.0,160.0,masked_prediction_embedding_neighbor,0.9999926846056684,provisional_unverified,4975a35d789765b9299480af66d6a5af5166fef074cef80facbac97409b84d07,110.0,40.0
27937681c8199780c6cbce603f217d5a4457c351e84fa3cd7cfc62bfd270c550,window_186,152.0,162.0,masked_prediction_embedding_neighbor,0.9999916656985562,provisional_unverified,8f799d59c9b5348ece1e5671692ea783d6d5e450ccebe31b6db9ad4f9510f8c5,20.0,132.0
27937681c8199780c6cbce603f217d5a4457c351e84fa3cd7cfc62bfd270c550,window_187,154.0,164.0,masked_prediction_embedding_neighbor,0.9999953781265378,provisional_unverified,27937681c8199780c6cbce603f217d5a4457c351e84fa3cd7cfc62bfd270c550,178.0,24.0
27937681c8199780c6cbce603f217d5a4457c351e84fa3cd7cfc62bfd270c550,window_188,156.0,166.0,masked_prediction_embedding_neighbor,0.9999272457035283,provisional_unverified,4975a35d789765b9299480af66d6a5af5166fef074cef80facbac97409b84d07,104.0,52.0
27937681c8199780c6cbce603f217d5a4457c351e84fa3cd7cfc62bfd270c550,window_189,158.0,168.0,masked_prediction_embedding_neighbor,0.9999117312378105,provisional_unverified,4975a35d789765b9299480af66d6a5af5166fef074cef80facbac97409b84d07,80.0,78.0
27937681c8199780c6cbce603f217d5a4457c351e84fa3cd7cfc62bfd270c550,window_190,160.0,170.0,masked_prediction_embedding_neighbor,0.9999084322673981,provisional_unverified,8f799d59c9b5348ece1e5671692ea783d6d5e450ccebe31b6db9ad4f9510f8c5,28.0,132.0
27937681c8199780c6cbce603f217d5a4457c351e84fa3cd7cfc62bfd270c550,window_191,162.0,172.0,masked_prediction_embedding_neighbor,0.9998894181314327,provisional_unverified,9116cbf4be063f5be851f65778ddfb91d60bdd5aa52e7211426769a6b2ce6f86,378.0,216.0
27937681c8199780c6cbce603f217d5a4457c351e84fa3cd7cfc62bfd270c550,window_192,164.0,174.0,masked_prediction_embedding_neighbor,0.9999877327779249,provisional_unverified,9116cbf4be063f5be851f65778ddfb91d60bdd5aa52e7211426769a6b2ce6f86,368.0,204.0
27937681c8199780c6cbce603f217d5a4457c351e84fa3cd7cfc62bfd270c550,window_193,166.0,176.0,masked_prediction_embedding_neighbor,0.9999863001961224,provisional_unverified,8f799d59c9b5348ece1e5671692ea783d6d5e450ccebe31b6db9ad4f9510f8c5,0.0,166.0
27937681c8199780c6cbce603f217d5a4457c351e84fa3cd7cfc62bfd270c550,window_194,168.0,178.0,masked_prediction_embedding_neighbor,0.9999940033697199,provisional_unverified,8f799d59c9b5348ece1e5671692ea783d6d5e450ccebe31b6db9ad4f9510f8c5,46.0,122.0
27937681c8199780c6cbce603f217d5a4457c351e84fa3cd7cfc62bfd270c550,window_195,170.0,180.0,masked_prediction_embedding_neighbor,0.9987314756182162,provisional_unverified,18385fe48224fbfa0cd6d17705d9305f857d70ef07b47b55502d04ff71359269,176.0,6.0
27937681c8199780c6cbce603f217d5a4457c351e84fa3cd7cfc62bfd270c550,window_196,172.0,182.0,masked_prediction_embedding_neighbor,0.999988746457324,provisional_unverified,8f799d59c9b5348ece1e5671692ea783d6d5e450ccebe31b6db9ad4f9510f8c5,28.0,144.0
27937681c8199780c6cbce603f217d5a4457c351e84fa3cd7cfc62bfd270c550,window_197,174.0,184.0,masked_prediction_embedding_neighbor,0.9996886811010514,provisional_unverified,18385fe48224fbfa0cd6d17705d9305f857d70ef07b47b55502d04ff71359269,164.0,10.0
27937681c8199780c6cbce603f217d5a4457c351e84fa3cd7cfc62bfd270c550,window_198,176.0,186.0,masked_prediction_embedding_neighbor,0.9999821026194056,provisional_unverified,4975a35d789765b9299480af66d6a5af5166fef074cef80facbac97409b84d07,94.0,82.0
27937681c8199780c6cbce603f217d5a4457c351e84fa3cd7cfc62bfd270c550,window_199,178.0,188.0,masked_prediction_embedding_neighbor,0.9999975623418371,provisional_unverified,9116cbf4be063f5be851f65778ddfb91d60bdd5aa52e7211426769a6b2ce6f86,380.0,202.0
27937681c8199780c6cbce603f217d5a4457c351e84fa3cd7cfc62bfd270c550,window_200,180.0,190.0,masked_prediction_embedding_neighbor,0.9999786253090173,provisional_unverified,4975a35d789765b9299480af66d6a5af5166fef074cef80facbac97409b84d07,94.0,86.0
27937681c8199780c6cbce603f217d5a4457c351e84fa3cd7cfc62bfd270c550,window_201,182.0,192.0,masked_prediction_embedding_neighbor,0.9999777310156508,provisional_unverified,9116cbf4be063f5be851f65778ddfb91d60bdd5aa52e7211426769a6b2ce6f86,386.0,204.0
27937681c8199780c6cbce603f217d5a4457c351e84fa3cd7cfc62bfd270c550,window_202,184.0,194.0,masked_prediction_embedding_neighbor,0.9999951792591203,provisional_unverified,27937681c8199780c6cbce603f217d5a4457c351e84fa3cd7cfc62bfd270c550,140.0,44.0
27937681c8199780c6cbce603f217d5a4457c351e84fa3cd7cfc62bfd270c550,window_203,186.0,196.0,masked_prediction_embedding_neighbor,0.9999950576397474,provisional_unverified,9116cbf4be063f5be851f65778ddfb91d60bdd5aa52e7211426769a6b2ce6f86,392.0,206.0
27937681c8199780c6cbce603f217d5a4457c351e84fa3cd7cfc62bfd270c550,window_204,188.0,198.0,masked_prediction_embedding_neighbor,0.9999889047732252,provisional_unverified,8f799d59c9b5348ece1e5671692ea783d6d5e450ccebe31b6db9ad4f9510f8c5,12.0,176.0
27937681c8199780c6cbce603f217d5a4457c351e84fa3cd7cfc62bfd270c550,window_205,190.0,200.0,masked_prediction_embedding_neighbor,0.9987137018831531,provisional_unverified,27937681c8199780c6cbce603f217d5a4457c351e84fa3cd7cfc62bfd270c550,146.0,44.0
27937681c8199780c6cbce603f217d5a4457c351e84fa3cd7cfc62bfd270c550,window_206,192.0,202.0,masked_prediction_embedding_neighbor,0.9999949056883268,provisional_unverified,8f799d59c9b5348ece1e5671692ea783d6d5e450ccebe31b6db9ad4f9510f8c5,62.0,130.0
27937681c8199780c6cbce603f217d5a4457c351e84fa3cd7cfc62bfd270c550,window_207,194.0,204.0,masked_prediction_embedding_neighbor,0.9998960852917462,provisional_unverified,4975a35d789765b9299480af66d6a5af5166fef074cef80facbac97409b84d07,94.0,100.0
27937681c8199780c6cbce603f217d5a4457c351e84fa3cd7cfc62bfd270c550,window_208,196.0,206.0,masked_prediction_embedding_neighbor,0.9971262490294848,provisional_unverified,18385fe48224fbfa0cd6d17705d9305f857d70ef07b47b55502d04ff71359269,196.0,0.0
27937681c8199780c6cbce603f217d5a4457c351e84fa3cd7cfc62bfd270c550,window_209,198.0,208.0,masked_prediction_embedding_neighbor,0.9997021214856983,provisional_unverified,bace0e92b25324e8afbd0e5f6698b01a921780a2385e02419965fa97e3e796c4,190.0,8.0
27937681c8199780c6cbce603f217d5a4457c351e84fa3cd7cfc62bfd270c550,window_210,200.0,210.0,masked_prediction_embedding_neighbor,0.9999891636599995,provisional_unverified,4975a35d789765b9299480af66d6a5af5166fef074cef80facbac97409b84d07,88.0,112.0
27937681c8199780c6cbce603f217d5a4457c351e84fa3cd7cfc62bfd270c550,window_211,202.0,212.0,masked_prediction_embedding_neighbor,0.99998658836035,provisional_unverified,4975a35d789765b9299480af66d6a5af5166fef074cef80facbac97409b84d07,132.0,70.0
27937681c8199780c6cbce603f217d5a4457c351e84fa3cd7cfc62bfd270c550,window_212,204.0,214.0,masked_prediction_embedding_neighbor,0.999977237661158,provisional_unverified,4975a35d789765b9299480af66d6a5af5166fef074cef80facbac97409b84d07,152.0,52.0
27937681c8199780c6cbce603f217d5a4457c351e84fa3cd7cfc62bfd270c550,window_213,206.0,216.0,masked_prediction_embedding_neighbor,0.9999510487447898,provisional_unverified,9116cbf4be063f5be851f65778ddfb91d60bdd5aa52e7211426769a6b2ce6f86,86.0,120.0
27937681c8199780c6cbce603f217d5a4457c351e84fa3cd7cfc62bfd270c550,window_214,208.0,218.0,masked_prediction_embedding_neighbor,0.9999668416416606,provisional_unverified,4975a35d789765b9299480af66d6a5af5166fef074cef80facbac97409b84d07,152.0,56.0
4975a35d789765b9299480af66d6a5af5166fef074cef80facbac97409b84d07,window_215,0.0,10.0,masked_prediction_embedding_neighbor,0.9999853906184913,provisional_unverified,18385fe48224fbfa0cd6d17705d9305f857d70ef07b47b55502d04ff71359269,0.0,0.0
4975a35d789765b9299480af66d6a5af5166fef074cef80facbac97409b84d07,window_216,2.0,12.0,masked_prediction_embedding_neighbor,0.9999326341139273,provisional_unverified,27937681c8199780c6cbce603f217d5a4457c351e84fa3cd7cfc62bfd270c550,116.0,114.0
4975a35d789765b9299480af66d6a5af5166fef074cef80facbac97409b84d07,window_217,4.0,14.0,masked_prediction_embedding_neighbor,0.9976028935956772,provisional_unverified,18385fe48224fbfa0cd6d17705d9305f857d70ef07b47b55502d04ff71359269,44.0,40.0
4975a35d789765b9299480af66d6a5af5166fef074cef80facbac97409b84d07,window_218,6.0,16.0,masked_prediction_embedding_neighbor,0.999943005397177,provisional_unverified,18385fe48224fbfa0cd6d17705d9305f857d70ef07b47b55502d04ff71359269,94.0,88.0
4975a35d789765b9299480af66d6a5af5166fef074cef80facbac97409b84d07,window_219,8.0,18.0,masked_prediction_embedding_neighbor,0.9999416124359003,provisional_unverified,18385fe48224fbfa0cd6d17705d9305f857d70ef07b47b55502d04ff71359269,48.0,40.0
4975a35d789765b9299480af66d6a5af5166fef074cef80facbac97409b84d07,window_220,10.0,20.0,masked_prediction_embedding_neighbor,0.9999589388575258,provisional_unverified,18385fe48224fbfa0cd6d17705d9305f857d70ef07b47b55502d04ff71359269,24.0,14.0
4975a35d789765b9299480af66d6a5af5166fef074cef80facbac97409b84d07,window_221,12.0,22.0,masked_prediction_embedding_neighbor,0.9998112631140542,provisional_unverified,18385fe48224fbfa0cd6d17705d9305f857d70ef07b47b55502d04ff71359269,44.0,32.0
4975a35d789765b9299480af66d6a5af5166fef074cef80facbac97409b84d07,window_222,14.0,24.0,masked_prediction_embedding_neighbor,0.9943019221187653,provisional_unverified,18385fe48224fbfa0cd6d17705d9305f857d70ef07b47b55502d04ff71359269,42.0,28.0
4975a35d789765b9299480af66d6a5af5166fef074cef80facbac97409b84d07,window_223,16.0,26.0,masked_prediction_embedding_neighbor,0.9990067394002347,provisional_unverified,8f799d59c9b5348ece1e5671692ea783d6d5e450ccebe31b6db9ad4f9510f8c5,84.0,68.0
4975a35d789765b9299480af66d6a5af5166fef074cef80facbac97409b84d07,window_224,18.0,28.0,masked_prediction_embedding_neighbor,0.998942089911944,provisional_unverified,8f799d59c9b5348ece1e5671692ea783d6d5e450ccebe31b6db9ad4f9510f8c5,84.0,66.0
4975a35d789765b9299480af66d6a5af5166fef074cef80facbac97409b84d07,window_225,20.0,30.0,masked_prediction_embedding_neighbor,0.99875238933102,provisional_unverified,8f799d59c9b5348ece1e5671692ea783d6d5e450ccebe31b6db9ad4f9510f8c5,84.0,64.0
4975a35d789765b9299480af66d6a5af5166fef074cef80facbac97409b84d07,window_226,22.0,32.0,masked_prediction_embedding_neighbor,0.9994862481450238,provisional_unverified,5c12d7b5eff374be805bae6c5e2906f6c02b6bc3ad6ba70d3674bafd4f16fc15,70.0,48.0
4975a35d789765b9299480af66d6a5af5166fef074cef80facbac97409b84d07,window_227,24.0,34.0,masked_prediction_embedding_neighbor,0.999807631960293,provisional_unverified,4975a35d789765b9299480af66d6a5af5166fef074cef80facbac97409b84d07,42.0,18.0
4975a35d789765b9299480af66d6a5af5166fef074cef80facbac97409b84d07,window_228,26.0,36.0,masked_prediction_embedding_neighbor,0.9999817998132684,provisional_unverified,18385fe48224fbfa0cd6d17705d9305f857d70ef07b47b55502d04ff71359269,28.0,2.0
4975a35d789765b9299480af66d6a5af5166fef074cef80facbac97409b84d07,window_229,28.0,38.0,masked_prediction_embedding_neighbor,0.999920348068186,provisional_unverified,18385fe48224fbfa0cd6d17705d9305f857d70ef07b47b55502d04ff71359269,28.0,0.0
4975a35d789765b9299480af66d6a5af5166fef074cef80facbac97409b84d07,window_230,30.0,40.0,masked_prediction_embedding_neighbor,0.9998374689961499,provisional_unverified,4975a35d789765b9299480af66d6a5af5166fef074cef80facbac97409b84d07,62.0,32.0
4975a35d789765b9299480af66d6a5af5166fef074cef80facbac97409b84d07,window_231,32.0,42.0,masked_prediction_embedding_neighbor,0.9999147349822745,provisional_unverified,4975a35d789765b9299480af66d6a5af5166fef074cef80facbac97409b84d07,66.0,34.0
4975a35d789765b9299480af66d6a5af5166fef074cef80facbac97409b84d07,window_232,34.0,44.0,masked_prediction_embedding_neighbor,0.999831630355783,provisional_unverified,4975a35d789765b9299480af66d6a5af5166fef074cef80facbac97409b84d07,58.0,24.0
4975a35d789765b9299480af66d6a5af5166fef074cef80facbac97409b84d07,window_233,36.0,46.0,masked_prediction_embedding_neighbor,0.9997773731613125,provisional_unverified,5c8af6b8a89a449144e0ddf74414040b433d630e1fd3d3ddc138ec3c4284d97b,0.0,36.0
4975a35d789765b9299480af66d6a5af5166fef074cef80facbac97409b84d07,window_234,38.0,48.0,masked_prediction_embedding_neighbor,0.9997635892844826,provisional_unverified,4975a35d789765b9299480af66d6a5af5166fef074cef80facbac97409b84d07,58.0,20.0
4975a35d789765b9299480af66d6a5af5166fef074cef80facbac97409b84d07,window_235,40.0,50.0,masked_prediction_embedding_neighbor,0.9998381822740366,provisional_unverified,4975a35d789765b9299480af66d6a5af5166fef074cef80facbac97409b84d07,58.0,18.0
4975a35d789765b9299480af66d6a5af5166fef074cef80facbac97409b84d07,window_236,42.0,52.0,masked_prediction_embedding_neighbor,0.9999456423364768,provisional_unverified,5c8af6b8a89a449144e0ddf74414040b433d630e1fd3d3ddc138ec3c4284d97b,0.0,42.0
4975a35d789765b9299480af66d6a5af5166fef074cef80facbac97409b84d07,window_237,44.0,54.0,masked_prediction_embedding_neighbor,0.9999577950118883,provisional_unverified,18385fe48224fbfa0cd6d17705d9305f857d70ef07b47b55502d04ff71359269,106.0,62.0
4975a35d789765b9299480af66d6a5af5166fef074cef80facbac97409b84d07,window_238,46.0,56.0,masked_prediction_embedding_neighbor,0.9992304176026242,provisional_unverified,18385fe48224fbfa0cd6d17705d9305f857d70ef07b47b55502d04ff71359269,112.0,66.0
4975a35d789765b9299480af66d6a5af5166fef074cef80facbac97409b84d07,window_239,48.0,58.0,masked_prediction_embedding_neighbor,0.9994078096377055,provisional_unverified,27937681c8199780c6cbce603f217d5a4457c351e84fa3cd7cfc62bfd270c550,108.0,60.0
4975a35d789765b9299480af66d6a5af5166fef074cef80facbac97409b84d07,window_240,50.0,60.0,masked_prediction_embedding_neighbor,0.999253099163057,provisional_unverified,27937681c8199780c6cbce603f217d5a4457c351e84fa3cd7cfc62bfd270c550,108.0,58.0
4975a35d789765b9299480af66d6a5af5166fef074cef80facbac97409b84d07,window_241,52.0,62.0,masked_prediction_embedding_neighbor,0.9976068035004787,provisional_unverified,27937681c8199780c6cbce603f217d5a4457c351e84fa3cd7cfc62bfd270c550,108.0,56.0
4975a35d789765b9299480af66d6a5af5166fef074cef80facbac97409b84d07,window_242,54.0,64.0,masked_prediction_embedding_neighbor,0.999890561610455,provisional_unverified,4975a35d789765b9299480af66d6a5af5166fef074cef80facbac97409b84d07,2.0,52.0
4975a35d789765b9299480af66d6a5af5166fef074cef80facbac97409b84d07,window_243,56.0,66.0,masked_prediction_embedding_neighbor,0.9999716835849696,provisional_unverified,18385fe48224fbfa0cd6d17705d9305f857d70ef07b47b55502d04ff71359269,120.0,64.0
4975a35d789765b9299480af66d6a5af5166fef074cef80facbac97409b84d07,window_244,58.0,68.0,masked_prediction_embedding_neighbor,0.9999869123513281,provisional_unverified,18385fe48224fbfa0cd6d17705d9305f857d70ef07b47b55502d04ff71359269,124.0,66.0
4975a35d789765b9299480af66d6a5af5166fef074cef80facbac97409b84d07,window_245,60.0,70.0,masked_prediction_embedding_neighbor,0.9999958037810839,provisional_unverified,18385fe48224fbfa0cd6d17705d9305f857d70ef07b47b55502d04ff71359269,122.0,62.0
4975a35d789765b9299480af66d6a5af5166fef074cef80facbac97409b84d07,window_246,62.0,72.0,masked_prediction_embedding_neighbor,0.9999959490977369,provisional_unverified,18385fe48224fbfa0cd6d17705d9305f857d70ef07b47b55502d04ff71359269,122.0,60.0
4975a35d789765b9299480af66d6a5af5166fef074cef80facbac97409b84d07,window_247,64.0,74.0,masked_prediction_embedding_neighbor,0.9999951195343905,provisional_unverified,18385fe48224fbfa0cd6d17705d9305f857d70ef07b47b55502d04ff71359269,124.0,60.0
4975a35d789765b9299480af66d6a5af5166fef074cef80facbac97409b84d07,window_248,66.0,76.0,masked_prediction_embedding_neighbor,0.9999942436067905,provisional_unverified,18385fe48224fbfa0cd6d17705d9305f857d70ef07b47b55502d04ff71359269,124.0,58.0
4975a35d789765b9299480af66d6a5af5166fef074cef80facbac97409b84d07,window_249,68.0,78.0,masked_prediction_embedding_neighbor,0.9999902692773807,provisional_unverified,18385fe48224fbfa0cd6d17705d9305f857d70ef07b47b55502d04ff71359269,124.0,56.0
4975a35d789765b9299480af66d6a5af5166fef074cef80facbac97409b84d07,window_250,70.0,80.0,masked_prediction_embedding_neighbor,0.9988362401059351,provisional_unverified,5c8af6b8a89a449144e0ddf74414040b433d630e1fd3d3ddc138ec3c4284d97b,10.0,60.0
4975a35d789765b9299480af66d6a5af5166fef074cef80facbac97409b84d07,window_251,72.0,82.0,masked_prediction_embedding_neighbor,0.9990397056663424,provisional_unverified,b185f43818b8ff3aba325752922bbbf37fd094f1e282887487651e0a5c8f6c7a,14.0,58.0
4975a35d789765b9299480af66d6a5af5166fef074cef80facbac97409b84d07,window_252,74.0,84.0,masked_prediction_embedding_neighbor,0.999995606697311,provisional_unverified,9116cbf4be063f5be851f65778ddfb91d60bdd5aa52e7211426769a6b2ce6f86,332.0,258.0
4975a35d789765b9299480af66d6a5af5166fef074cef80facbac97409b84d07,window_253,76.0,86.0,masked_prediction_embedding_neighbor,0.9999891274900566,provisional_unverified,18385fe48224fbfa0cd6d17705d9305f857d70ef07b47b55502d04ff71359269,200.0,124.0
4975a35d789765b9299480af66d6a5af5166fef074cef80facbac97409b84d07,window_254,78.0,88.0,masked_prediction_embedding_neighbor,0.999991426748051,provisional_unverified,4975a35d789765b9299480af66d6a5af5166fef074cef80facbac97409b84d07,122.0,44.0
4975a35d789765b9299480af66d6a5af5166fef074cef80facbac97409b84d07,window_255,80.0,90.0,masked_prediction_embedding_neighbor,0.9999578719148271,provisional_unverified,18385fe48224fbfa0cd6d17705d9305f857d70ef07b47b55502d04ff71359269,158.0,78.0
4975a35d789765b9299480af66d6a5af5166fef074cef80facbac97409b84d07,window_256,82.0,92.0,masked_prediction_embedding_neighbor,0.9999386593863463,provisional_unverified,b185f43818b8ff3aba325752922bbbf37fd094f1e282887487651e0a5c8f6c7a,24.0,58.0
4975a35d789765b9299480af66d6a5af5166fef074cef80facbac97409b84d07,window_257,84.0,94.0,masked_prediction_embedding_neighbor,0.9999989329105894,provisional_unverified,9116cbf4be063f5be851f65778ddfb91d60bdd5aa52e7211426769a6b2ce6f86,86.0,2.0
4975a35d789765b9299480af66d6a5af5166fef074cef80facbac97409b84d07,window_258,86.0,96.0,masked_prediction_embedding_neighbor,0.9999861904305091,provisional_unverified,9116cbf4be063f5be851f65778ddfb91d60bdd5aa52e7211426769a6b2ce6f86,92.0,6.0
4975a35d789765b9299480af66d6a5af5166fef074cef80facbac97409b84d07,window_259,88.0,98.0,masked_prediction_embedding_neighbor,0.9999966499333754,provisional_unverified,18385fe48224fbfa0cd6d17705d9305f857d70ef07b47b55502d04ff71359269,146.0,58.0
4975a35d789765b9299480af66d6a5af5166fef074cef80facbac97409b84d07,window_260,90.0,100.0,masked_prediction_embedding_neighbor,0.9976243038175376,provisional_unverified,8f799d59c9b5348ece1e5671692ea783d6d5e450ccebe31b6db9ad4f9510f8c5,50.0,40.0
4975a35d789765b9299480af66d6a5af5166fef074cef80facbac97409b84d07,window_261,92.0,102.0,masked_prediction_embedding_neighbor,0.9910225402057972,provisional_unverified,9116cbf4be063f5be851f65778ddfb91d60bdd5aa52e7211426769a6b2ce6f86,102.0,10.0
4975a35d789765b9299480af66d6a5af5166fef074cef80facbac97409b84d07,window_262,94.0,104.0,masked_prediction_embedding_neighbor,0.9999821026194056,provisional_unverified,27937681c8199780c6cbce603f217d5a4457c351e84fa3cd7cfc62bfd270c550,176.0,82.0
4975a35d789765b9299480af66d6a5af5166fef074cef80facbac97409b84d07,window_263,96.0,106.0,masked_prediction_embedding_neighbor,0.9999957230547504,provisional_unverified,9116cbf4be063f5be851f65778ddfb91d60bdd5aa52e7211426769a6b2ce6f86,336.0,240.0
4975a35d789765b9299480af66d6a5af5166fef074cef80facbac97409b84d07,window_264,98.0,108.0,masked_prediction_embedding_neighbor,0.9999962681199084,provisional_unverified,9116cbf4be063f5be851f65778ddfb91d60bdd5aa52e7211426769a6b2ce6f86,356.0,258.0
4975a35d789765b9299480af66d6a5af5166fef074cef80facbac97409b84d07,window_265,100.0,110.0,masked_prediction_embedding_neighbor,0.9999822249742164,provisional_unverified,9116cbf4be063f5be851f65778ddfb91d60bdd5aa52e7211426769a6b2ce6f86,384.0,284.0
4975a35d789765b9299480af66d6a5af5166fef074cef80facbac97409b84d07,window_266,102.0,112.0,masked_prediction_embedding_neighbor,0.9999707510962252,provisional_unverified,27937681c8199780c6cbce603f217d5a4457c351e84fa3cd7cfc62bfd270c550,176.0,74.0
4975a35d789765b9299480af66d6a5af5166fef074cef80facbac97409b84d07,window_267,104.0,114.0,masked_prediction_embedding_neighbor,0.9999954937334395,provisional_unverified,9116cbf4be063f5be851f65778ddfb91d60bdd5aa52e7211426769a6b2ce6f86,362.0,258.0
4975a35d789765b9299480af66d6a5af5166fef074cef80facbac97409b84d07,window_268,106.0,116.0,masked_prediction_embedding_neighbor,0.9980276252444343,provisional_unverified,8f799d59c9b5348ece1e5671692ea783d6d5e450ccebe31b6db9ad4f9510f8c5,30.0,76.0
4975a35d789765b9299480af66d6a5af5166fef074cef80facbac97409b84d07,window_269,108.0,118.0,masked_prediction_embedding_neighbor,0.9990065805134547,provisional_unverified,18385fe48224fbfa0cd6d17705d9305f857d70ef07b47b55502d04ff71359269,174.0,66.0
4975a35d789765b9299480af66d6a5af5166fef074cef80facbac97409b84d07,window_270,110.0,120.0,masked_prediction_embedding_neighbor,0.9999926846056684,provisional_unverified,27937681c8199780c6cbce603f217d5a4457c351e84fa3cd7cfc62bfd270c550,150.0,40.0
4975a35d789765b9299480af66d6a5af5166fef074cef80facbac97409b84d07,window_271,112.0,122.0,masked_prediction_embedding_neighbor,0.9999969581253103,provisional_unverified,b185f43818b8ff3aba325752922bbbf37fd094f1e282887487651e0a5c8f6c7a,68.0,44.0
4975a35d789765b9299480af66d6a5af5166fef074cef80facbac97409b84d07,window_272,114.0,124.0,masked_prediction_embedding_neighbor,0.9999209666765906,provisional_unverified,9116cbf4be063f5be851f65778ddfb91d60bdd5aa52e7211426769a6b2ce6f86,376.0,262.0
4975a35d789765b9299480af66d6a5af5166fef074cef80facbac97409b84d07,window_273,116.0,126.0,masked_prediction_embedding_neighbor,0.9999414098112998,provisional_unverified,9116cbf4be063f5be851f65778ddfb91d60bdd5aa52e7211426769a6b2ce6f86,366.0,250.0
4975a35d789765b9299480af66d6a5af5166fef074cef80facbac97409b84d07,window_274,118.0,128.0,masked_prediction_embedding_neighbor,0.9996399935019633,provisional_unverified,18385fe48224fbfa0cd6d17705d9305f857d70ef07b47b55502d04ff71359269,138.0,20.0
4975a35d789765b9299480af66d6a5af5166fef074cef80facbac97409b84d07,window_275,120.0,130.0,masked_prediction_embedding_neighbor,0.9998381817941445,provisional_unverified,18385fe48224fbfa0cd6d17705d9305f857d70ef07b47b55502d04ff71359269,164.0,44.0
4975a35d789765b9299480af66d6a5af5166fef074cef80facbac97409b84d07,window_276,122.0,132.0,masked_prediction_embedding_neighbor,0.999991426748051,provisional_unverified,4975a35d789765b9299480af66d6a5af5166fef074cef80facbac97409b84d07,78.0,44.0
4975a35d789765b9299480af66d6a5af5166fef074cef80facbac97409b84d07,window_277,124.0,134.0,masked_prediction_embedding_neighbor,0.9999922162952615,provisional_unverified,9116cbf4be063f5be851f65778ddfb91d60bdd5aa52e7211426769a6b2ce6f86,80.0,44.0
4975a35d789765b9299480af66d6a5af5166fef074cef80facbac97409b84d07,window_278,126.0,136.0,masked_prediction_embedding_neighbor,0.9998303903945878,provisional_unverified,b185f43818b8ff3aba325752922bbbf37fd094f1e282887487651e0a5c8f6c7a,48.0,78.0
4975a35d789765b9299480af66d6a5af5166fef074cef80facbac97409b84d07,window_279,128.0,138.0,masked_prediction_embedding_neighbor,0.9999772279460015,provisional_unverified,27937681c8199780c6cbce603f217d5a4457c351e84fa3cd7cfc62bfd270c550,142.0,14.0
4975a35d789765b9299480af66d6a5af5166fef074cef80facbac97409b84d07,window_280,130.0,140.0,masked_prediction_embedding_neighbor,0.9999981304313783,provisional_unverified,8f799d59c9b5348ece1e5671692ea783d6d5e450ccebe31b6db9ad4f9510f8c5,56.0,74.0
4975a35d789765b9299480af66d6a5af5166fef074cef80facbac97409b84d07,window_281,132.0,142.0,masked_prediction_embedding_neighbor,0.9999967210388953,provisional_unverified,9116cbf4be063f5be851f65778ddfb91d60bdd5aa52e7211426769a6b2ce6f86,88.0,44.0
4975a35d789765b9299480af66d6a5af5166fef074cef80facbac97409b84d07,window_282,134.0,144.0,masked_prediction_embedding_neighbor,0.9999962453608298,provisional_unverified,4975a35d789765b9299480af66d6a5af5166fef074cef80facbac97409b84d07,84.0,50.0
4975a35d789765b9299480af66d6a5af5166fef074cef80facbac97409b84d07,window_283,136.0,146.0,masked_prediction_embedding_neighbor,0.9974499040227659,provisional_unverified,b185f43818b8ff3aba325752922bbbf37fd094f1e282887487651e0a5c8f6c7a,72.0,64.0
4975a35d789765b9299480af66d6a5af5166fef074cef80facbac97409b84d07,window_284,138.0,148.0,masked_prediction_embedding_neighbor,0.9999936098445605,provisional_unverified,8f799d59c9b5348ece1e5671692ea783d6d5e450ccebe31b6db9ad4f9510f8c5,64.0,74.0
4975a35d789765b9299480af66d6a5af5166fef074cef80facbac97409b84d07,window_285,140.0,150.0,masked_prediction_embedding_neighbor,0.9999937125436837,provisional_unverified,18385fe48224fbfa0cd6d17705d9305f857d70ef07b47b55502d04ff71359269,200.0,60.0
4975a35d789765b9299480af66d6a5af5166fef074cef80facbac97409b84d07,window_286,142.0,152.0,masked_prediction_embedding_neighbor,0.9999719079012538,provisional_unverified,b185f43818b8ff3aba325752922bbbf37fd094f1e282887487651e0a5c8f6c7a,86.0,56.0
4975a35d789765b9299480af66d6a5af5166fef074cef80facbac97409b84d07,window_287,144.0,154.0,masked_prediction_embedding_neighbor,0.9985194318469928,provisional_unverified,bace0e92b25324e8afbd0e5f6698b01a921780a2385e02419965fa97e3e796c4,188.0,44.0
4975a35d789765b9299480af66d6a5af5166fef074cef80facbac97409b84d07,window_288,146.0,156.0,masked_prediction_embedding_neighbor,0.9999652214768049,provisional_unverified,27937681c8199780c6cbce603f217d5a4457c351e84fa3cd7cfc62bfd270c550,200.0,54.0
4975a35d789765b9299480af66d6a5af5166fef074cef80facbac97409b84d07,window_289,148.0,158.0,masked_prediction_embedding_neighbor,0.9999822074099222,provisional_unverified,9116cbf4be063f5be851f65778ddfb91d60bdd5aa52e7211426769a6b2ce6f86,90.0,58.0
4975a35d789765b9299480af66d6a5af5166fef074cef80facbac97409b84d07,window_290,150.0,160.0,masked_prediction_embedding_neighbor,0.9999692543872991,provisional_unverified,dc8bf44eb4cc0becf1c5ebe252a515c98193744c2031498501de80e036899758,166.0,16.0
4975a35d789765b9299480af66d6a5af5166fef074cef80facbac97409b84d07,window_291,152.0,162.0,masked_prediction_embedding_neighbor,0.999977237661158,provisional_unverified,27937681c8199780c6cbce603f217d5a4457c351e84fa3cd7cfc62bfd270c550,204.0,52.0
4975a35d789765b9299480af66d6a5af5166fef074cef80facbac97409b84d07,window_292,154.0,164.0,masked_prediction_embedding_neighbor,0.9963352591176851,provisional_unverified,bace0e92b25324e8afbd0e5f6698b01a921780a2385e02419965fa97e3e796c4,190.0,36.0
4975a35d789765b9299480af66d6a5af5166fef074cef80facbac97409b84d07,window_293,156.0,166.0,masked_prediction_embedding_neighbor,0.9990727064551879,provisional_unverified,18385fe48224fbfa0cd6d17705d9305f857d70ef07b47b55502d04ff71359269,140.0,16.0
4975a35d789765b9299480af66d6a5af5166fef074cef80facbac97409b84d07,window_294,158.0,168.0,masked_prediction_embedding_neighbor,0.9996753541024068,provisional_unverified,27937681c8199780c6cbce603f217d5a4457c351e84fa3cd7cfc62bfd270c550,200.0,42.0
4975a35d789765b9299480af66d6a5af5166fef074cef80facbac97409b84d07,window_295,160.0,170.0,masked_prediction_embedding_neighbor,0.9997905140106284,provisional_unverified,27937681c8199780c6cbce603f217d5a4457c351e84fa3cd7cfc62bfd270c550,206.0,46.0
4975a35d789765b9299480af66d6a5af5166fef074cef80facbac97409b84d07,window_296,162.0,172.0,masked_prediction_embedding_neighbor,0.9999438748651672,provisional_unverified,27937681c8199780c6cbce603f217d5a4457c351e84fa3cd7cfc62bfd270c550,208.0,46.0
4975a35d789765b9299480af66d6a5af5166fef074cef80facbac97409b84d07,window_297,164.0,174.0,masked_prediction_embedding_neighbor,0.999989686136596,provisional_unverified,dc8bf44eb4cc0becf1c5ebe252a515c98193744c2031498501de80e036899758,164.0,0.0
4975a35d789765b9299480af66d6a5af5166fef074cef80facbac97409b84d07,window_298,166.0,176.0,masked_prediction_embedding_neighbor,0.9999739026556521,provisional_unverified,dc8bf44eb4cc0becf1c5ebe252a515c98193744c2031498501de80e036899758,160.0,6.0
4975a35d789765b9299480af66d6a5af5166fef074cef80facbac97409b84d07,window_299,168.0,178.0,masked_prediction_embedding_neighbor,0.9998758423140761,provisional_unverified,4975a35d789765b9299480af66d6a5af5166fef074cef80facbac97409b84d07,198.0,30.0
4975a35d789765b9299480af66d6a5af5166fef074cef80facbac97409b84d07,window_300,170.0,180.0,masked_prediction_embedding_neighbor,0.9997293002943268,provisional_unverified,bace0e92b25324e8afbd0e5f6698b01a921780a2385e02419965fa97e3e796c4,114.0,56.0
4975a35d789765b9299480af66d6a5af5166fef074cef80facbac97409b84d07,window_301,172.0,182.0,masked_prediction_embedding_neighbor,0.9997562529742707,provisional_unverified,bace0e92b25324e8afbd0e5f6698b01a921780a2385e02419965fa97e3e796c4,116.0,56.0
4975a35d789765b9299480af66d6a5af5166fef074cef80facbac97409b84d07,window_302,174.0,184.0,masked_prediction_embedding_neighbor,0.9997708859834247,provisional_unverified,bace0e92b25324e8afbd0e5f6698b01a921780a2385e02419965fa97e3e796c4,116.0,58.0
4975a35d789765b9299480af66d6a5af5166fef074cef80facbac97409b84d07,window_303,176.0,186.0,masked_prediction_embedding_neighbor,0.999768808028587,provisional_unverified,bace0e92b25324e8afbd0e5f6698b01a921780a2385e02419965fa97e3e796c4,116.0,60.0
4975a35d789765b9299480af66d6a5af5166fef074cef80facbac97409b84d07,window_304,178.0,188.0,masked_prediction_embedding_neighbor,0.9996891502291798,provisional_unverified,bace0e92b25324e8afbd0e5f6698b01a921780a2385e02419965fa97e3e796c4,116.0,62.0
4975a35d789765b9299480af66d6a5af5166fef074cef80facbac97409b84d07,window_305,180.0,190.0,masked_prediction_embedding_neighbor,0.9999100302087792,provisional_unverified,bace0e92b25324e8afbd0e5f6698b01a921780a2385e02419965fa97e3e796c4,114.0,66.0
4975a35d789765b9299480af66d6a5af5166fef074cef80facbac97409b84d07,window_306,182.0,192.0,masked_prediction_embedding_neighbor,0.9998468528155036,provisional_unverified,4975a35d789765b9299480af66d6a5af5166fef074cef80facbac97409b84d07,44.0,138.0
4975a35d789765b9299480af66d6a5af5166fef074cef80facbac97409b84d07,window_307,184.0,194.0,masked_prediction_embedding_neighbor,0.9999001250737874,provisional_unverified,5c8af6b8a89a449144e0ddf74414040b433d630e1fd3d3ddc138ec3c4284d97b,12.0,172.0
4975a35d789765b9299480af66d6a5af5166fef074cef80facbac97409b84d07,window_308,186.0,196.0,masked_prediction_embedding_neighbor,0.9999836308672925,provisional_unverified,5c8af6b8a89a449144e0ddf74414040b433d630e1fd3d3ddc138ec3c4284d97b,18.0,168.0
4975a35d789765b9299480af66d6a5af5166fef074cef80facbac97409b84d07,window_309,188.0,198.0,masked_prediction_embedding_neighbor,0.9999864669990619,provisional_unverified,5c8af6b8a89a449144e0ddf74414040b433d630e1fd3d3ddc138ec3c4284d97b,24.0,164.0
4975a35d789765b9299480af66d6a5af5166fef074cef80facbac97409b84d07,window_310,190.0,200.0,masked_prediction_embedding_neighbor,0.9999833629703883,provisional_unverified,5c8af6b8a89a449144e0ddf74414040b433d630e1fd3d3ddc138ec3c4284d97b,24.0,166.0
4975a35d789765b9299480af66d6a5af5166fef074cef80facbac97409b84d07,window_311,192.0,202.0,masked_prediction_embedding_neighbor,0.99998792460212,provisional_unverified,5c8af6b8a89a449144e0ddf74414040b433d630e1fd3d3ddc138ec3c4284d97b,18.0,174.0
4975a35d789765b9299480af66d6a5af5166fef074cef80facbac97409b84d07,window_312,194.0,204.0,masked_prediction_embedding_neighbor,0.9999843938736525,provisional_unverified,5c8af6b8a89a449144e0ddf74414040b433d630e1fd3d3ddc138ec3c4284d97b,14.0,180.0
4975a35d789765b9299480af66d6a5af5166fef074cef80facbac97409b84d07,window_313,196.0,206.0,masked_prediction_embedding_neighbor,0.999908670799986,provisional_unverified,4975a35d789765b9299480af66d6a5af5166fef074cef80facbac97409b84d07,44.0,152.0
4975a35d789765b9299480af66d6a5af5166fef074cef80facbac97409b84d07,window_314,198.0,208.0,masked_prediction_embedding_neighbor,0.999944149521857,provisional_unverified,5c8af6b8a89a449144e0ddf74414040b433d630e1fd3d3ddc138ec3c4284d97b,10.0,188.0
4975a35d789765b9299480af66d6a5af5166fef074cef80facbac97409b84d07,window_315,200.0,210.0,masked_prediction_embedding_neighbor,0.9998558243294648,provisional_unverified,bace0e92b25324e8afbd0e5f6698b01a921780a2385e02419965fa97e3e796c4,116.0,84.0
5790cd1534b1de5ac4693367fe5d8ca6951cd36a7abcd3c778cee8923a932a75,window_316,0.0,10.0,masked_prediction_embedding_neighbor,0.9906091888939096,provisional_unverified,27937681c8199780c6cbce603f217d5a4457c351e84fa3cd7cfc62bfd270c550,8.0,8.0
5790cd1534b1de5ac4693367fe5d8ca6951cd36a7abcd3c778cee8923a932a75,window_317,2.0,12.0,masked_prediction_embedding_neighbor,0.9994347058849128,provisional_unverified,9116cbf4be063f5be851f65778ddfb91d60bdd5aa52e7211426769a6b2ce6f86,256.0,254.0
5790cd1534b1de5ac4693367fe5d8ca6951cd36a7abcd3c778cee8923a932a75,window_318,4.0,14.0,masked_prediction_embedding_neighbor,0.9998588518616142,provisional_unverified,9116cbf4be063f5be851f65778ddfb91d60bdd5aa52e7211426769a6b2ce6f86,6.0,2.0
5790cd1534b1de5ac4693367fe5d8ca6951cd36a7abcd3c778cee8923a932a75,window_319,6.0,16.0,masked_prediction_embedding_neighbor,0.9995818833229144,provisional_unverified,9116cbf4be063f5be851f65778ddfb91d60bdd5aa52e7211426769a6b2ce6f86,270.0,264.0
5790cd1534b1de5ac4693367fe5d8ca6951cd36a7abcd3c778cee8923a932a75,window_320,8.0,18.0,masked_prediction_embedding_neighbor,0.999544915782026,provisional_unverified,9116cbf4be063f5be851f65778ddfb91d60bdd5aa52e7211426769a6b2ce6f86,280.0,272.0
5790cd1534b1de5ac4693367fe5d8ca6951cd36a7abcd3c778cee8923a932a75,window_321,10.0,20.0,masked_prediction_embedding_neighbor,0.9996501962419385,provisional_unverified,9116cbf4be063f5be851f65778ddfb91d60bdd5aa52e7211426769a6b2ce6f86,68.0,58.0
5790cd1534b1de5ac4693367fe5d8ca6951cd36a7abcd3c778cee8923a932a75,window_322,12.0,22.0,masked_prediction_embedding_neighbor,0.9915755138301654,provisional_unverified,27937681c8199780c6cbce603f217d5a4457c351e84fa3cd7cfc62bfd270c550,10.0,2.0
5790cd1534b1de5ac4693367fe5d8ca6951cd36a7abcd3c778cee8923a932a75,window_323,14.0,24.0,masked_prediction_embedding_neighbor,0.9701274205350003,provisional_unverified,27937681c8199780c6cbce603f217d5a4457c351e84fa3cd7cfc62bfd270c550,54.0,40.0
5790cd1534b1de5ac4693367fe5d8ca6951cd36a7abcd3c778cee8923a932a75,window_324,16.0,26.0,masked_prediction_embedding_neighbor,0.9612212530640528,provisional_unverified,27937681c8199780c6cbce603f217d5a4457c351e84fa3cd7cfc62bfd270c550,52.0,36.0
5c12d7b5eff374be805bae6c5e2906f6c02b6bc3ad6ba70d3674bafd4f16fc15,window_325,0.0,10.0,masked_prediction_embedding_neighbor,0.9992026186304436,provisional_unverified,5c12d7b5eff374be805bae6c5e2906f6c02b6bc3ad6ba70d3674bafd4f16fc15,76.0,76.0
5c12d7b5eff374be805bae6c5e2906f6c02b6bc3ad6ba70d3674bafd4f16fc15,window_326,2.0,12.0,masked_prediction_embedding_neighbor,0.9992120847908478,provisional_unverified,5c12d7b5eff374be805bae6c5e2906f6c02b6bc3ad6ba70d3674bafd4f16fc15,76.0,74.0
5c12d7b5eff374be805bae6c5e2906f6c02b6bc3ad6ba70d3674bafd4f16fc15,window_327,4.0,14.0,masked_prediction_embedding_neighbor,0.9993019414735503,provisional_unverified,5c12d7b5eff374be805bae6c5e2906f6c02b6bc3ad6ba70d3674bafd4f16fc15,76.0,72.0
5c12d7b5eff374be805bae6c5e2906f6c02b6bc3ad6ba70d3674bafd4f16fc15,window_328,6.0,16.0,masked_prediction_embedding_neighbor,0.9997571666489268,provisional_unverified,c3c503093a73b359d513d025d9185c7ada423099650828cbd4fdba12d1d7aafc,0.0,6.0
5c12d7b5eff374be805bae6c5e2906f6c02b6bc3ad6ba70d3674bafd4f16fc15,window_329,8.0,18.0,masked_prediction_embedding_neighbor,0.9999573708922572,provisional_unverified,5c12d7b5eff374be805bae6c5e2906f6c02b6bc3ad6ba70d3674bafd4f16fc15,50.0,42.0
5c12d7b5eff374be805bae6c5e2906f6c02b6bc3ad6ba70d3674bafd4f16fc15,window_330,10.0,20.0,masked_prediction_embedding_neighbor,0.9999756660170143,provisional_unverified,5c12d7b5eff374be805bae6c5e2906f6c02b6bc3ad6ba70d3674bafd4f16fc15,80.0,70.0
5c12d7b5eff374be805bae6c5e2906f6c02b6bc3ad6ba70d3674bafd4f16fc15,window_331,12.0,22.0,masked_prediction_embedding_neighbor,0.9999930182065982,provisional_unverified,5c12d7b5eff374be805bae6c5e2906f6c02b6bc3ad6ba70d3674bafd4f16fc15,80.0,68.0
5c12d7b5eff374be805bae6c5e2906f6c02b6bc3ad6ba70d3674bafd4f16fc15,window_332,14.0,24.0,masked_prediction_embedding_neighbor,0.9999967809416238,provisional_unverified,bace0e92b25324e8afbd0e5f6698b01a921780a2385e02419965fa97e3e796c4,230.0,216.0
5c12d7b5eff374be805bae6c5e2906f6c02b6bc3ad6ba70d3674bafd4f16fc15,window_333,16.0,26.0,masked_prediction_embedding_neighbor,0.9999947599007177,provisional_unverified,bace0e92b25324e8afbd0e5f6698b01a921780a2385e02419965fa97e3e796c4,230.0,214.0
5c12d7b5eff374be805bae6c5e2906f6c02b6bc3ad6ba70d3674bafd4f16fc15,window_334,18.0,28.0,masked_prediction_embedding_neighbor,0.999993733809337,provisional_unverified,9116cbf4be063f5be851f65778ddfb91d60bdd5aa52e7211426769a6b2ce6f86,194.0,176.0
5c12d7b5eff374be805bae6c5e2906f6c02b6bc3ad6ba70d3674bafd4f16fc15,window_335,20.0,30.0,masked_prediction_embedding_neighbor,0.9999930979447275,provisional_unverified,8f799d59c9b5348ece1e5671692ea783d6d5e450ccebe31b6db9ad4f9510f8c5,78.0,58.0
5c12d7b5eff374be805bae6c5e2906f6c02b6bc3ad6ba70d3674bafd4f16fc15,window_336,22.0,32.0,masked_prediction_embedding_neighbor,0.9999731123048603,provisional_unverified,b185f43818b8ff3aba325752922bbbf37fd094f1e282887487651e0a5c8f6c7a,114.0,92.0
5c12d7b5eff374be805bae6c5e2906f6c02b6bc3ad6ba70d3674bafd4f16fc15,window_337,24.0,34.0,masked_prediction_embedding_neighbor,0.9996900345722332,provisional_unverified,b185f43818b8ff3aba325752922bbbf37fd094f1e282887487651e0a5c8f6c7a,104.0,80.0
5c12d7b5eff374be805bae6c5e2906f6c02b6bc3ad6ba70d3674bafd4f16fc15,window_338,26.0,36.0,masked_prediction_embedding_neighbor,0.9982140997291382,provisional_unverified,27937681c8199780c6cbce603f217d5a4457c351e84fa3cd7cfc62bfd270c550,108.0,82.0
5c12d7b5eff374be805bae6c5e2906f6c02b6bc3ad6ba70d3674bafd4f16fc15,window_339,28.0,38.0,masked_prediction_embedding_neighbor,0.9994744797824161,provisional_unverified,6732a35a8f6343dcf041f1a3ad40d6760331513a2556c4fae4eea6cd59da89b2,0.0,28.0
5c12d7b5eff374be805bae6c5e2906f6c02b6bc3ad6ba70d3674bafd4f16fc15,window_340,30.0,40.0,masked_prediction_embedding_neighbor,0.9991282220672898,provisional_unverified,6732a35a8f6343dcf041f1a3ad40d6760331513a2556c4fae4eea6cd59da89b2,0.0,30.0
5c12d7b5eff374be805bae6c5e2906f6c02b6bc3ad6ba70d3674bafd4f16fc15,window_341,32.0,42.0,masked_prediction_embedding_neighbor,0.9828862147987335,provisional_unverified,18385fe48224fbfa0cd6d17705d9305f857d70ef07b47b55502d04ff71359269,64.0,32.0
5c12d7b5eff374be805bae6c5e2906f6c02b6bc3ad6ba70d3674bafd4f16fc15,window_342,34.0,44.0,masked_prediction_embedding_neighbor,0.999957676090909,provisional_unverified,9116cbf4be063f5be851f65778ddfb91d60bdd5aa52e7211426769a6b2ce6f86,308.0,274.0
5c12d7b5eff374be805bae6c5e2906f6c02b6bc3ad6ba70d3674bafd4f16fc15,window_343,36.0,46.0,masked_prediction_embedding_neighbor,0.998728167609272,provisional_unverified,5c12d7b5eff374be805bae6c5e2906f6c02b6bc3ad6ba70d3674bafd4f16fc15,0.0,36.0
5c12d7b5eff374be805bae6c5e2906f6c02b6bc3ad6ba70d3674bafd4f16fc15,window_344,38.0,48.0,masked_prediction_embedding_neighbor,0.9966047623579782,provisional_unverified,18385fe48224fbfa0cd6d17705d9305f857d70ef07b47b55502d04ff71359269,108.0,70.0
5c12d7b5eff374be805bae6c5e2906f6c02b6bc3ad6ba70d3674bafd4f16fc15,window_345,40.0,50.0,masked_prediction_embedding_neighbor,0.998822637665678,provisional_unverified,6732a35a8f6343dcf041f1a3ad40d6760331513a2556c4fae4eea6cd59da89b2,0.0,40.0
5c12d7b5eff374be805bae6c5e2906f6c02b6bc3ad6ba70d3674bafd4f16fc15,window_346,42.0,52.0,masked_prediction_embedding_neighbor,0.9984190345818864,provisional_unverified,18385fe48224fbfa0cd6d17705d9305f857d70ef07b47b55502d04ff71359269,108.0,66.0
5c12d7b5eff374be805bae6c5e2906f6c02b6bc3ad6ba70d3674bafd4f16fc15,window_347,44.0,54.0,masked_prediction_embedding_neighbor,0.9996940859549599,provisional_unverified,27937681c8199780c6cbce603f217d5a4457c351e84fa3cd7cfc62bfd270c550,106.0,62.0
5c12d7b5eff374be805bae6c5e2906f6c02b6bc3ad6ba70d3674bafd4f16fc15,window_348,46.0,56.0,masked_prediction_embedding_neighbor,0.9877609351266041,provisional_unverified,27937681c8199780c6cbce603f217d5a4457c351e84fa3cd7cfc62bfd270c550,114.0,68.0
5c12d7b5eff374be805bae6c5e2906f6c02b6bc3ad6ba70d3674bafd4f16fc15,window_349,48.0,58.0,masked_prediction_embedding_neighbor,0.9999604877045961,provisional_unverified,9116cbf4be063f5be851f65778ddfb91d60bdd5aa52e7211426769a6b2ce6f86,306.0,258.0
5c12d7b5eff374be805bae6c5e2906f6c02b6bc3ad6ba70d3674bafd4f16fc15,window_350,50.0,60.0,masked_prediction_embedding_neighbor,0.9999573708922572,provisional_unverified,5c12d7b5eff374be805bae6c5e2906f6c02b6bc3ad6ba70d3674bafd4f16fc15,8.0,42.0
5c12d7b5eff374be805bae6c5e2906f6c02b6bc3ad6ba70d3674bafd4f16fc15,window_351,52.0,62.0,masked_prediction_embedding_neighbor,0.999990796696392,provisional_unverified,c3c503093a73b359d513d025d9185c7ada423099650828cbd4fdba12d1d7aafc,4.0,48.0
5c12d7b5eff374be805bae6c5e2906f6c02b6bc3ad6ba70d3674bafd4f16fc15,window_352,54.0,64.0,masked_prediction_embedding_neighbor,0.9999947557952547,provisional_unverified,c3c503093a73b359d513d025d9185c7ada423099650828cbd4fdba12d1d7aafc,4.0,50.0
5c12d7b5eff374be805bae6c5e2906f6c02b6bc3ad6ba70d3674bafd4f16fc15,window_353,56.0,66.0,masked_prediction_embedding_neighbor,0.9999890951870491,provisional_unverified,c3c503093a73b359d513d025d9185c7ada423099650828cbd4fdba12d1d7aafc,4.0,52.0
5c12d7b5eff374be805bae6c5e2906f6c02b6bc3ad6ba70d3674bafd4f16fc15,window_354,58.0,68.0,masked_prediction_embedding_neighbor,0.9999832896502789,provisional_unverified,c3c503093a73b359d513d025d9185c7ada423099650828cbd4fdba12d1d7aafc,8.0,50.0
5c12d7b5eff374be805bae6c5e2906f6c02b6bc3ad6ba70d3674bafd4f16fc15,window_355,60.0,70.0,masked_prediction_embedding_neighbor,0.9999815625255346,provisional_unverified,c3c503093a73b359d513d025d9185c7ada423099650828cbd4fdba12d1d7aafc,4.0,56.0
5c12d7b5eff374be805bae6c5e2906f6c02b6bc3ad6ba70d3674bafd4f16fc15,window_356,62.0,72.0,masked_prediction_embedding_neighbor,0.9999625193915136,provisional_unverified,c3c503093a73b359d513d025d9185c7ada423099650828cbd4fdba12d1d7aafc,4.0,58.0
5c12d7b5eff374be805bae6c5e2906f6c02b6bc3ad6ba70d3674bafd4f16fc15,window_357,64.0,74.0,masked_prediction_embedding_neighbor,0.9994474913189347,provisional_unverified,c3c503093a73b359d513d025d9185c7ada423099650828cbd4fdba12d1d7aafc,0.0,64.0
5c12d7b5eff374be805bae6c5e2906f6c02b6bc3ad6ba70d3674bafd4f16fc15,window_358,66.0,76.0,masked_prediction_embedding_neighbor,0.9753339293814969,provisional_unverified,5c12d7b5eff374be805bae6c5e2906f6c02b6bc3ad6ba70d3674bafd4f16fc15,32.0,34.0
5c12d7b5eff374be805bae6c5e2906f6c02b6bc3ad6ba70d3674bafd4f16fc15,window_359,68.0,78.0,masked_prediction_embedding_neighbor,0.9994870453219928,provisional_unverified,8f799d59c9b5348ece1e5671692ea783d6d5e450ccebe31b6db9ad4f9510f8c5,84.0,16.0
5c12d7b5eff374be805bae6c5e2906f6c02b6bc3ad6ba70d3674bafd4f16fc15,window_360,70.0,80.0,masked_prediction_embedding_neighbor,0.9994862481450238,provisional_unverified,4975a35d789765b9299480af66d6a5af5166fef074cef80facbac97409b84d07,22.0,48.0
5c12d7b5eff374be805bae6c5e2906f6c02b6bc3ad6ba70d3674bafd4f16fc15,window_361,72.0,82.0,masked_prediction_embedding_neighbor,0.9992604031879528,provisional_unverified,27937681c8199780c6cbce603f217d5a4457c351e84fa3cd7cfc62bfd270c550,104.0,32.0
5c12d7b5eff374be805bae6c5e2906f6c02b6bc3ad6ba70d3674bafd4f16fc15,window_362,74.0,84.0,masked_prediction_embedding_neighbor,0.9924866199128811,provisional_unverified,27937681c8199780c6cbce603f217d5a4457c351e84fa3cd7cfc62bfd270c550,16.0,58.0
5c12d7b5eff374be805bae6c5e2906f6c02b6bc3ad6ba70d3674bafd4f16fc15,window_363,76.0,86.0,masked_prediction_embedding_neighbor,0.9996290241637064,provisional_unverified,5c12d7b5eff374be805bae6c5e2906f6c02b6bc3ad6ba70d3674bafd4f16fc15,6.0,70.0
5c12d7b5eff374be805bae6c5e2906f6c02b6bc3ad6ba70d3674bafd4f16fc15,window_364,78.0,88.0,masked_prediction_embedding_neighbor,0.9999504565906043,provisional_unverified,5c12d7b5eff374be805bae6c5e2906f6c02b6bc3ad6ba70d3674bafd4f16fc15,8.0,70.0
5c12d7b5eff374be805bae6c5e2906f6c02b6bc3ad6ba70d3674bafd4f16fc15,window_365,80.0,90.0,masked_prediction_embedding_neighbor,0.9999930182065982,provisional_unverified,5c12d7b5eff374be805bae6c5e2906f6c02b6bc3ad6ba70d3674bafd4f16fc15,12.0,68.0
5c8af6b8a89a449144e0ddf74414040b433d630e1fd3d3ddc138ec3c4284d97b,window_366,0.0,10.0,masked_prediction_embedding_neighbor,0.9999456423364768,provisional_unverified,4975a35d789765b9299480af66d6a5af5166fef074cef80facbac97409b84d07,42.0,42.0
5c8af6b8a89a449144e0ddf74414040b433d630e1fd3d3ddc138ec3c4284d97b,window_367,2.0,12.0,masked_prediction_embedding_neighbor,0.9999186674900483,provisional_unverified,4975a35d789765b9299480af66d6a5af5166fef074cef80facbac97409b84d07,42.0,40.0
5c8af6b8a89a449144e0ddf74414040b433d630e1fd3d3ddc138ec3c4284d97b,window_368,4.0,14.0,masked_prediction_embedding_neighbor,0.9999078704952413,provisional_unverified,4975a35d789765b9299480af66d6a5af5166fef074cef80facbac97409b84d07,42.0,38.0
5c8af6b8a89a449144e0ddf74414040b433d630e1fd3d3ddc138ec3c4284d97b,window_369,6.0,16.0,masked_prediction_embedding_neighbor,0.9998398813929767,provisional_unverified,bace0e92b25324e8afbd0e5f6698b01a921780a2385e02419965fa97e3e796c4,6.0,0.0
5c8af6b8a89a449144e0ddf74414040b433d630e1fd3d3ddc138ec3c4284d97b,window_370,8.0,18.0,masked_prediction_embedding_neighbor,0.9998901321657483,provisional_unverified,4975a35d789765b9299480af66d6a5af5166fef074cef80facbac97409b84d07,42.0,34.0
5c8af6b8a89a449144e0ddf74414040b433d630e1fd3d3ddc138ec3c4284d97b,window_371,10.0,20.0,masked_prediction_embedding_neighbor,0.999944149521857,provisional_unverified,4975a35d789765b9299480af66d6a5af5166fef074cef80facbac97409b84d07,198.0,188.0
5c8af6b8a89a449144e0ddf74414040b433d630e1fd3d3ddc138ec3c4284d97b,window_372,12.0,22.0,masked_prediction_embedding_neighbor,0.9999828426811278,provisional_unverified,4975a35d789765b9299480af66d6a5af5166fef074cef80facbac97409b84d07,194.0,182.0
5c8af6b8a89a449144e0ddf74414040b433d630e1fd3d3ddc138ec3c4284d97b,window_373,14.0,24.0,masked_prediction_embedding_neighbor,0.9999843938736525,provisional_unverified,4975a35d789765b9299480af66d6a5af5166fef074cef80facbac97409b84d07,194.0,180.0
5c8af6b8a89a449144e0ddf74414040b433d630e1fd3d3ddc138ec3c4284d97b,window_374,16.0,26.0,masked_prediction_embedding_neighbor,0.9999763900728439,provisional_unverified,dc8bf44eb4cc0becf1c5ebe252a515c98193744c2031498501de80e036899758,160.0,144.0
5c8af6b8a89a449144e0ddf74414040b433d630e1fd3d3ddc138ec3c4284d97b,window_375,18.0,28.0,masked_prediction_embedding_neighbor,0.9999912687957424,provisional_unverified,dc8bf44eb4cc0becf1c5ebe252a515c98193744c2031498501de80e036899758,160.0,142.0
5c8af6b8a89a449144e0ddf74414040b433d630e1fd3d3ddc138ec3c4284d97b,window_376,20.0,30.0,masked_prediction_embedding_neighbor,0.9999939056260893,provisional_unverified,dc8bf44eb4cc0becf1c5ebe252a515c98193744c2031498501de80e036899758,160.0,140.0
5c8af6b8a89a449144e0ddf74414040b433d630e1fd3d3ddc138ec3c4284d97b,window_377,22.0,32.0,masked_prediction_embedding_neighbor,0.9999887723197827,provisional_unverified,dc8bf44eb4cc0becf1c5ebe252a515c98193744c2031498501de80e036899758,160.0,138.0
5c8af6b8a89a449144e0ddf74414040b433d630e1fd3d3ddc138ec3c4284d97b,window_378,24.0,34.0,masked_prediction_embedding_neighbor,0.9999864669990619,provisional_unverified,4975a35d789765b9299480af66d6a5af5166fef074cef80facbac97409b84d07,188.0,164.0
6732a35a8f6343dcf041f1a3ad40d6760331513a2556c4fae4eea6cd59da89b2,window_379,0.0,10.0,masked_prediction_embedding_neighbor,0.9997782351394751,provisional_unverified,18385fe48224fbfa0cd6d17705d9305f857d70ef07b47b55502d04ff71359269,104.0,104.0
6732a35a8f6343dcf041f1a3ad40d6760331513a2556c4fae4eea6cd59da89b2,window_380,2.0,12.0,masked_prediction_embedding_neighbor,0.9982562316012112,provisional_unverified,18385fe48224fbfa0cd6d17705d9305f857d70ef07b47b55502d04ff71359269,56.0,54.0
6732a35a8f6343dcf041f1a3ad40d6760331513a2556c4fae4eea6cd59da89b2,window_381,4.0,14.0,masked_prediction_embedding_neighbor,0.9956668462159995,provisional_unverified,27937681c8199780c6cbce603f217d5a4457c351e84fa3cd7cfc62bfd270c550,20.0,16.0
6732a35a8f6343dcf041f1a3ad40d6760331513a2556c4fae4eea6cd59da89b2,window_382,6.0,16.0,masked_prediction_embedding_neighbor,0.9963836733200214,provisional_unverified,27937681c8199780c6cbce603f217d5a4457c351e84fa3cd7cfc62bfd270c550,94.0,88.0
6732a35a8f6343dcf041f1a3ad40d6760331513a2556c4fae4eea6cd59da89b2,window_383,8.0,18.0,masked_prediction_embedding_neighbor,0.999630693080844,provisional_unverified,27937681c8199780c6cbce603f217d5a4457c351e84fa3cd7cfc62bfd270c550,104.0,96.0
6732a35a8f6343dcf041f1a3ad40d6760331513a2556c4fae4eea6cd59da89b2,window_384,10.0,20.0,masked_prediction_embedding_neighbor,0.9995630865928972,provisional_unverified,27937681c8199780c6cbce603f217d5a4457c351e84fa3cd7cfc62bfd270c550,104.0,94.0
6732a35a8f6343dcf041f1a3ad40d6760331513a2556c4fae4eea6cd59da89b2,window_385,12.0,22.0,masked_prediction_embedding_neighbor,0.9795083106808921,provisional_unverified,4975a35d789765b9299480af66d6a5af5166fef074cef80facbac97409b84d07,14.0,2.0
7208a43e77536a72e401c00f01a793130fb6688d28fb8080941e14cc5752b0ca,window_386,0.0,10.0,masked_prediction_embedding_neighbor,0.9999524261705929,provisional_unverified,9116cbf4be063f5be851f65778ddfb91d60bdd5aa52e7211426769a6b2ce6f86,312.0,312.0
73093667f33a7f710fc20059989a002071359119e1e9c0a4128b67729755da33,window_387,0.0,10.0,masked_prediction_embedding_neighbor,0.9997651643872596,provisional_unverified,c3c503093a73b359d513d025d9185c7ada423099650828cbd4fdba12d1d7aafc,2.0,2.0
8f799d59c9b5348ece1e5671692ea783d6d5e450ccebe31b6db9ad4f9510f8c5,window_388,0.0,10.0,masked_prediction_embedding_neighbor,0.9999954201777571,provisional_unverified,8f799d59c9b5348ece1e5671692ea783d6d5e450ccebe31b6db9ad4f9510f8c5,36.0,36.0
8f799d59c9b5348ece1e5671692ea783d6d5e450ccebe31b6db9ad4f9510f8c5,window_389,2.0,12.0,masked_prediction_embedding_neighbor,0.9999931314957776,provisional_unverified,8f799d59c9b5348ece1e5671692ea783d6d5e450ccebe31b6db9ad4f9510f8c5,24.0,22.0
8f799d59c9b5348ece1e5671692ea783d6d5e450ccebe31b6db9ad4f9510f8c5,window_390,4.0,14.0,masked_prediction_embedding_neighbor,0.9993268433432672,provisional_unverified,9116cbf4be063f5be851f65778ddfb91d60bdd5aa52e7211426769a6b2ce6f86,364.0,360.0
8f799d59c9b5348ece1e5671692ea783d6d5e450ccebe31b6db9ad4f9510f8c5,window_391,6.0,16.0,masked_prediction_embedding_neighbor,0.9999943486482235,provisional_unverified,8f799d59c9b5348ece1e5671692ea783d6d5e450ccebe31b6db9ad4f9510f8c5,52.0,46.0
8f799d59c9b5348ece1e5671692ea783d6d5e450ccebe31b6db9ad4f9510f8c5,window_392,8.0,18.0,masked_prediction_embedding_neighbor,0.9999836485103043,provisional_unverified,b185f43818b8ff3aba325752922bbbf37fd094f1e282887487651e0a5c8f6c7a,28.0,20.0
8f799d59c9b5348ece1e5671692ea783d6d5e450ccebe31b6db9ad4f9510f8c5,window_393,10.0,20.0,masked_prediction_embedding_neighbor,0.9999867294912501,provisional_unverified,8f799d59c9b5348ece1e5671692ea783d6d5e450ccebe31b6db9ad4f9510f8c5,52.0,42.0
8f799d59c9b5348ece1e5671692ea783d6d5e450ccebe31b6db9ad4f9510f8c5,window_394,12.0,22.0,masked_prediction_embedding_neighbor,0.9999889047732252,provisional_unverified,27937681c8199780c6cbce603f217d5a4457c351e84fa3cd7cfc62bfd270c550,188.0,176.0
8f799d59c9b5348ece1e5671692ea783d6d5e450ccebe31b6db9ad4f9510f8c5,window_395,14.0,24.0,masked_prediction_embedding_neighbor,0.9997564217005389,provisional_unverified,18385fe48224fbfa0cd6d17705d9305f857d70ef07b47b55502d04ff71359269,150.0,136.0
8f799d59c9b5348ece1e5671692ea783d6d5e450ccebe31b6db9ad4f9510f8c5,window_396,16.0,26.0,masked_prediction_embedding_neighbor,0.9981283808144793,provisional_unverified,9116cbf4be063f5be851f65778ddfb91d60bdd5aa52e7211426769a6b2ce6f86,364.0,348.0
8f799d59c9b5348ece1e5671692ea783d6d5e450ccebe31b6db9ad4f9510f8c5,window_397,18.0,28.0,masked_prediction_embedding_neighbor,0.9999880626030516,provisional_unverified,b185f43818b8ff3aba325752922bbbf37fd094f1e282887487651e0a5c8f6c7a,38.0,20.0
8f799d59c9b5348ece1e5671692ea783d6d5e450ccebe31b6db9ad4f9510f8c5,window_398,20.0,30.0,masked_prediction_embedding_neighbor,0.9999916656985562,provisional_unverified,27937681c8199780c6cbce603f217d5a4457c351e84fa3cd7cfc62bfd270c550,152.0,132.0
8f799d59c9b5348ece1e5671692ea783d6d5e450ccebe31b6db9ad4f9510f8c5,window_399,22.0,32.0,masked_prediction_embedding_neighbor,0.9999990704579395,provisional_unverified,b185f43818b8ff3aba325752922bbbf37fd094f1e282887487651e0a5c8f6c7a,42.0,20.0
8f799d59c9b5348ece1e5671692ea783d6d5e450ccebe31b6db9ad4f9510f8c5,window_400,24.0,34.0,masked_prediction_embedding_neighbor,0.9999931314957776,provisional_unverified,8f799d59c9b5348ece1e5671692ea783d6d5e450ccebe31b6db9ad4f9510f8c5,2.0,22.0
8f799d59c9b5348ece1e5671692ea783d6d5e450ccebe31b6db9ad4f9510f8c5,window_401,26.0,36.0,masked_prediction_embedding_neighbor,0.9999932728809928,provisional_unverified,9116cbf4be063f5be851f65778ddfb91d60bdd5aa52e7211426769a6b2ce6f86,352.0,326.0
8f799d59c9b5348ece1e5671692ea783d6d5e450ccebe31b6db9ad4f9510f8c5,window_402,28.0,38.0,masked_prediction_embedding_neighbor,0.999988746457324,provisional_unverified,27937681c8199780c6cbce603f217d5a4457c351e84fa3cd7cfc62bfd270c550,172.0,144.0
8f799d59c9b5348ece1e5671692ea783d6d5e450ccebe31b6db9ad4f9510f8c5,window_403,30.0,40.0,masked_prediction_embedding_neighbor,0.998642066408292,provisional_unverified,27937681c8199780c6cbce603f217d5a4457c351e84fa3cd7cfc62bfd270c550,148.0,118.0
8f799d59c9b5348ece1e5671692ea783d6d5e450ccebe31b6db9ad4f9510f8c5,window_404,32.0,42.0,masked_prediction_embedding_neighbor,0.9999218494881964,provisional_unverified,b185f43818b8ff3aba325752922bbbf37fd094f1e282887487651e0a5c8f6c7a,48.0,16.0
8f799d59c9b5348ece1e5671692ea783d6d5e450ccebe31b6db9ad4f9510f8c5,window_405,34.0,44.0,masked_prediction_embedding_neighbor,0.9999926610110534,provisional_unverified,b185f43818b8ff3aba325752922bbbf37fd094f1e282887487651e0a5c8f6c7a,58.0,24.0
8f799d59c9b5348ece1e5671692ea783d6d5e450ccebe31b6db9ad4f9510f8c5,window_406,36.0,46.0,masked_prediction_embedding_neighbor,0.9999954201777571,provisional_unverified,8f799d59c9b5348ece1e5671692ea783d6d5e450ccebe31b6db9ad4f9510f8c5,0.0,36.0
8f799d59c9b5348ece1e5671692ea783d6d5e450ccebe31b6db9ad4f9510f8c5,window_407,38.0,48.0,masked_prediction_embedding_neighbor,0.9997345571230805,provisional_unverified,9116cbf4be063f5be851f65778ddfb91d60bdd5aa52e7211426769a6b2ce6f86,376.0,338.0
8f799d59c9b5348ece1e5671692ea783d6d5e450ccebe31b6db9ad4f9510f8c5,window_408,40.0,50.0,masked_prediction_embedding_neighbor,0.9999705282087852,provisional_unverified,27937681c8199780c6cbce603f217d5a4457c351e84fa3cd7cfc62bfd270c550,172.0,132.0
8f799d59c9b5348ece1e5671692ea783d6d5e450ccebe31b6db9ad4f9510f8c5,window_409,42.0,52.0,masked_prediction_embedding_neighbor,0.9999677367946271,provisional_unverified,27937681c8199780c6cbce603f217d5a4457c351e84fa3cd7cfc62bfd270c550,172.0,130.0
8f799d59c9b5348ece1e5671692ea783d6d5e450ccebe31b6db9ad4f9510f8c5,window_410,44.0,54.0,masked_prediction_embedding_neighbor,0.9999153894453269,provisional_unverified,9116cbf4be063f5be851f65778ddfb91d60bdd5aa52e7211426769a6b2ce6f86,374.0,330.0
8f799d59c9b5348ece1e5671692ea783d6d5e450ccebe31b6db9ad4f9510f8c5,window_411,46.0,56.0,masked_prediction_embedding_neighbor,0.9999940033697199,provisional_unverified,27937681c8199780c6cbce603f217d5a4457c351e84fa3cd7cfc62bfd270c550,168.0,122.0
8f799d59c9b5348ece1e5671692ea783d6d5e450ccebe31b6db9ad4f9510f8c5,window_412,48.0,58.0,masked_prediction_embedding_neighbor,0.9999855905136906,provisional_unverified,18385fe48224fbfa0cd6d17705d9305f857d70ef07b47b55502d04ff71359269,182.0,134.0
8f799d59c9b5348ece1e5671692ea783d6d5e450ccebe31b6db9ad4f9510f8c5,window_413,50.0,60.0,masked_prediction_embedding_neighbor,0.9976243038175376,provisional_unverified,4975a35d789765b9299480af66d6a5af5166fef074cef80facbac97409b84d07,90.0,40.0
8f799d59c9b5348ece1e5671692ea783d6d5e450ccebe31b6db9ad4f9510f8c5,window_414,52.0,62.0,masked_prediction_embedding_neighbor,0.9999943486482235,provisional_unverified,8f799d59c9b5348ece1e5671692ea783d6d5e450ccebe31b6db9ad4f9510f8c5,6.0,46.0
8f799d59c9b5348ece1e5671692ea783d6d5e450ccebe31b6db9ad4f9510f8c5,window_415,54.0,64.0,masked_prediction_embedding_neighbor,0.9999961308947899,provisional_unverified,9116cbf4be063f5be851f65778ddfb91d60bdd5aa52e7211426769a6b2ce6f86,344.0,290.0
8f799d59c9b5348ece1e5671692ea783d6d5e450ccebe31b6db9ad4f9510f8c5,window_416,56.0,66.0,masked_prediction_embedding_neighbor,0.9999981304313783,provisional_unverified,4975a35d789765b9299480af66d6a5af5166fef074cef80facbac97409b84d07,130.0,74.0
8f799d59c9b5348ece1e5671692ea783d6d5e450ccebe31b6db9ad4f9510f8c5,window_417,58.0,68.0,masked_prediction_embedding_neighbor,0.9999390970114574,provisional_unverified,27937681c8199780c6cbce603f217d5a4457c351e84fa3cd7cfc62bfd270c550,142.0,84.0
8f799d59c9b5348ece1e5671692ea783d6d5e450ccebe31b6db9ad4f9510f8c5,window_418,60.0,70.0,masked_prediction_embedding_neighbor,0.99996797669729,provisional_unverified,4975a35d789765b9299480af66d6a5af5166fef074cef80facbac97409b84d07,100.0,40.0
8f799d59c9b5348ece1e5671692ea783d6d5e450ccebe31b6db9ad4f9510f8c5,window_419,62.0,72.0,masked_prediction_embedding_neighbor,0.9999949770288743,provisional_unverified,b185f43818b8ff3aba325752922bbbf37fd094f1e282887487651e0a5c8f6c7a,84.0,22.0
8f799d59c9b5348ece1e5671692ea783d6d5e450ccebe31b6db9ad4f9510f8c5,window_420,64.0,74.0,masked_prediction_embedding_neighbor,0.9999936098445605,provisional_unverified,4975a35d789765b9299480af66d6a5af5166fef074cef80facbac97409b84d07,138.0,74.0
8f799d59c9b5348ece1e5671692ea783d6d5e450ccebe31b6db9ad4f9510f8c5,window_421,66.0,76.0,masked_prediction_embedding_neighbor,0.9999889060165285,provisional_unverified,18385fe48224fbfa0cd6d17705d9305f857d70ef07b47b55502d04ff71359269,202.0,136.0
8f799d59c9b5348ece1e5671692ea783d6d5e450ccebe31b6db9ad4f9510f8c5,window_422,68.0,78.0,masked_prediction_embedding_neighbor,0.9999717019884243,provisional_unverified,4975a35d789765b9299480af66d6a5af5166fef074cef80facbac97409b84d07,140.0,72.0
8f799d59c9b5348ece1e5671692ea783d6d5e450ccebe31b6db9ad4f9510f8c5,window_423,70.0,80.0,masked_prediction_embedding_neighbor,0.9969911429493169,provisional_unverified,9116cbf4be063f5be851f65778ddfb91d60bdd5aa52e7211426769a6b2ce6f86,152.0,82.0
8f799d59c9b5348ece1e5671692ea783d6d5e450ccebe31b6db9ad4f9510f8c5,window_424,72.0,82.0,masked_prediction_embedding_neighbor,0.9999843447000929,provisional_unverified,9116cbf4be063f5be851f65778ddfb91d60bdd5aa52e7211426769a6b2ce6f86,408.0,336.0
8f799d59c9b5348ece1e5671692ea783d6d5e450ccebe31b6db9ad4f9510f8c5,window_425,74.0,84.0,masked_prediction_embedding_neighbor,0.9999932104978616,provisional_unverified,18385fe48224fbfa0cd6d17705d9305f857d70ef07b47b55502d04ff71359269,212.0,138.0
8f799d59c9b5348ece1e5671692ea783d6d5e450ccebe31b6db9ad4f9510f8c5,window_426,76.0,86.0,masked_prediction_embedding_neighbor,0.9999911739681455,provisional_unverified,9116cbf4be063f5be851f65778ddfb91d60bdd5aa52e7211426769a6b2ce6f86,196.0,120.0
8f799d59c9b5348ece1e5671692ea783d6d5e450ccebe31b6db9ad4f9510f8c5,window_427,78.0,88.0,masked_prediction_embedding_neighbor,0.9999941589262522,provisional_unverified,b185f43818b8ff3aba325752922bbbf37fd094f1e282887487651e0a5c8f6c7a,102.0,24.0
8f799d59c9b5348ece1e5671692ea783d6d5e450ccebe31b6db9ad4f9510f8c5,window_428,80.0,90.0,masked_prediction_embedding_neighbor,0.9999829221082158,provisional_unverified,9116cbf4be063f5be851f65778ddfb91d60bdd5aa52e7211426769a6b2ce6f86,230.0,150.0
8f799d59c9b5348ece1e5671692ea783d6d5e450ccebe31b6db9ad4f9510f8c5,window_429,82.0,92.0,masked_prediction_embedding_neighbor,0.9853365183165844,provisional_unverified,18385fe48224fbfa0cd6d17705d9305f857d70ef07b47b55502d04ff71359269,66.0,16.0
8f799d59c9b5348ece1e5671692ea783d6d5e450ccebe31b6db9ad4f9510f8c5,window_430,84.0,94.0,masked_prediction_embedding_neighbor,0.9994870453219928,provisional_unverified,5c12d7b5eff374be805bae6c5e2906f6c02b6bc3ad6ba70d3674bafd4f16fc15,68.0,16.0
8f799d59c9b5348ece1e5671692ea783d6d5e450ccebe31b6db9ad4f9510f8c5,window_431,86.0,96.0,masked_prediction_embedding_neighbor,0.9999192891767493,provisional_unverified,18385fe48224fbfa0cd6d17705d9305f857d70ef07b47b55502d04ff71359269,104.0,18.0
8f799d59c9b5348ece1e5671692ea783d6d5e450ccebe31b6db9ad4f9510f8c5,window_432,88.0,98.0,masked_prediction_embedding_neighbor,0.9525019409918686,provisional_unverified,27937681c8199780c6cbce603f217d5a4457c351e84fa3cd7cfc62bfd270c550,110.0,22.0
8f799d59c9b5348ece1e5671692ea783d6d5e450ccebe31b6db9ad4f9510f8c5,window_433,90.0,100.0,masked_prediction_embedding_neighbor,0.9995316962491557,provisional_unverified,5c12d7b5eff374be805bae6c5e2906f6c02b6bc3ad6ba70d3674bafd4f16fc15,24.0,66.0
8f799d59c9b5348ece1e5671692ea783d6d5e450ccebe31b6db9ad4f9510f8c5,window_434,92.0,102.0,masked_prediction_embedding_neighbor,0.9998760208907179,provisional_unverified,18385fe48224fbfa0cd6d17705d9305f857d70ef07b47b55502d04ff71359269,218.0,126.0
8f799d59c9b5348ece1e5671692ea783d6d5e450ccebe31b6db9ad4f9510f8c5,window_435,94.0,104.0,masked_prediction_embedding_neighbor,0.9999275058949321,provisional_unverified,c3c503093a73b359d513d025d9185c7ada423099650828cbd4fdba12d1d7aafc,6.0,88.0
8f799d59c9b5348ece1e5671692ea783d6d5e450ccebe31b6db9ad4f9510f8c5,window_436,96.0,106.0,masked_prediction_embedding_neighbor,0.9999302526082229,provisional_unverified,5c12d7b5eff374be805bae6c5e2906f6c02b6bc3ad6ba70d3674bafd4f16fc15,80.0,16.0
8f799d59c9b5348ece1e5671692ea783d6d5e450ccebe31b6db9ad4f9510f8c5,window_437,98.0,108.0,masked_prediction_embedding_neighbor,0.9999746837130232,provisional_unverified,bace0e92b25324e8afbd0e5f6698b01a921780a2385e02419965fa97e3e796c4,232.0,134.0
9116cbf4be063f5be851f65778ddfb91d60bdd5aa52e7211426769a6b2ce6f86,window_438,0.0,10.0,masked_prediction_embedding_neighbor,0.9998709704994679,provisional_unverified,9116cbf4be063f5be851f65778ddfb91d60bdd5aa52e7211426769a6b2ce6f86,52.0,52.0
9116cbf4be063f5be851f65778ddfb91d60bdd5aa52e7211426769a6b2ce6f86,window_439,2.0,12.0,masked_prediction_embedding_neighbor,0.9999039863098846,provisional_unverified,9116cbf4be063f5be851f65778ddfb91d60bdd5aa52e7211426769a6b2ce6f86,38.0,36.0
9116cbf4be063f5be851f65778ddfb91d60bdd5aa52e7211426769a6b2ce6f86,window_440,4.0,14.0,masked_prediction_embedding_neighbor,0.9998718571437819,provisional_unverified,9116cbf4be063f5be851f65778ddfb91d60bdd5aa52e7211426769a6b2ce6f86,220.0,216.0
9116cbf4be063f5be851f65778ddfb91d60bdd5aa52e7211426769a6b2ce6f86,window_441,6.0,16.0,masked_prediction_embedding_neighbor,0.9998617731631044,provisional_unverified,9116cbf4be063f5be851f65778ddfb91d60bdd5aa52e7211426769a6b2ce6f86,220.0,214.0
9116cbf4be063f5be851f65778ddfb91d60bdd5aa52e7211426769a6b2ce6f86,window_442,8.0,18.0,masked_prediction_embedding_neighbor,0.9997273733708136,provisional_unverified,5790cd1534b1de5ac4693367fe5d8ca6951cd36a7abcd3c778cee8923a932a75,4.0,4.0
9116cbf4be063f5be851f65778ddfb91d60bdd5aa52e7211426769a6b2ce6f86,window_443,10.0,20.0,masked_prediction_embedding_neighbor,0.9999327559079592,provisional_unverified,9116cbf4be063f5be851f65778ddfb91d60bdd5aa52e7211426769a6b2ce6f86,38.0,28.0
9116cbf4be063f5be851f65778ddfb91d60bdd5aa52e7211426769a6b2ce6f86,window_444,12.0,22.0,masked_prediction_embedding_neighbor,0.9999408934867479,provisional_unverified,9116cbf4be063f5be851f65778ddfb91d60bdd5aa52e7211426769a6b2ce6f86,38.0,26.0
9116cbf4be063f5be851f65778ddfb91d60bdd5aa52e7211426769a6b2ce6f86,window_445,14.0,24.0,masked_prediction_embedding_neighbor,0.9999017020842518,provisional_unverified,9116cbf4be063f5be851f65778ddfb91d60bdd5aa52e7211426769a6b2ce6f86,38.0,24.0
9116cbf4be063f5be851f65778ddfb91d60bdd5aa52e7211426769a6b2ce6f86,window_446,16.0,26.0,masked_prediction_embedding_neighbor,0.9998670296966484,provisional_unverified,9116cbf4be063f5be851f65778ddfb91d60bdd5aa52e7211426769a6b2ce6f86,36.0,20.0
9116cbf4be063f5be851f65778ddfb91d60bdd5aa52e7211426769a6b2ce6f86,window_447,18.0,28.0,masked_prediction_embedding_neighbor,0.999856374901959,provisional_unverified,9116cbf4be063f5be851f65778ddfb91d60bdd5aa52e7211426769a6b2ce6f86,36.0,18.0
9116cbf4be063f5be851f65778ddfb91d60bdd5aa52e7211426769a6b2ce6f86,window_448,20.0,30.0,masked_prediction_embedding_neighbor,0.9998550294535291,provisional_unverified,9116cbf4be063f5be851f65778ddfb91d60bdd5aa52e7211426769a6b2ce6f86,36.0,16.0
9116cbf4be063f5be851f65778ddfb91d60bdd5aa52e7211426769a6b2ce6f86,window_449,22.0,32.0,masked_prediction_embedding_neighbor,0.9997472512217564,provisional_unverified,9116cbf4be063f5be851f65778ddfb91d60bdd5aa52e7211426769a6b2ce6f86,54.0,32.0
9116cbf4be063f5be851f65778ddfb91d60bdd5aa52e7211426769a6b2ce6f86,window_450,24.0,34.0,masked_prediction_embedding_neighbor,0.9995399289641191,provisional_unverified,9116cbf4be063f5be851f65778ddfb91d60bdd5aa52e7211426769a6b2ce6f86,54.0,30.0
9116cbf4be063f5be851f65778ddfb91d60bdd5aa52e7211426769a6b2ce6f86,window_451,26.0,36.0,masked_prediction_embedding_neighbor,0.9997320210240872,provisional_unverified,9116cbf4be063f5be851f65778ddfb91d60bdd5aa52e7211426769a6b2ce6f86,54.0,28.0
9116cbf4be063f5be851f65778ddfb91d60bdd5aa52e7211426769a6b2ce6f86,window_452,28.0,38.0,masked_prediction_embedding_neighbor,0.9998896567278275,provisional_unverified,9116cbf4be063f5be851f65778ddfb91d60bdd5aa52e7211426769a6b2ce6f86,54.0,26.0
9116cbf4be063f5be851f65778ddfb91d60bdd5aa52e7211426769a6b2ce6f86,window_453,30.0,40.0,masked_prediction_embedding_neighbor,0.9999224307869965,provisional_unverified,9116cbf4be063f5be851f65778ddfb91d60bdd5aa52e7211426769a6b2ce6f86,58.0,28.0
9116cbf4be063f5be851f65778ddfb91d60bdd5aa52e7211426769a6b2ce6f86,window_454,32.0,42.0,masked_prediction_embedding_neighbor,0.9999210110415157,provisional_unverified,9116cbf4be063f5be851f65778ddfb91d60bdd5aa52e7211426769a6b2ce6f86,58.0,26.0
9116cbf4be063f5be851f65778ddfb91d60bdd5aa52e7211426769a6b2ce6f86,window_455,34.0,44.0,masked_prediction_embedding_neighbor,0.9999670204578298,provisional_unverified,9116cbf4be063f5be851f65778ddfb91d60bdd5aa52e7211426769a6b2ce6f86,54.0,20.0
9116cbf4be063f5be851f65778ddfb91d60bdd5aa52e7211426769a6b2ce6f86,window_456,36.0,46.0,masked_prediction_embedding_neighbor,0.9999539580424014,provisional_unverified,9116cbf4be063f5be851f65778ddfb91d60bdd5aa52e7211426769a6b2ce6f86,54.0,18.0
9116cbf4be063f5be851f65778ddfb91d60bdd5aa52e7211426769a6b2ce6f86,window_457,38.0,48.0,masked_prediction_embedding_neighbor,0.9999408934867479,provisional_unverified,9116cbf4be063f5be851f65778ddfb91d60bdd5aa52e7211426769a6b2ce6f86,12.0,26.0
9116cbf4be063f5be851f65778ddfb91d60bdd5aa52e7211426769a6b2ce6f86,window_458,40.0,50.0,masked_prediction_embedding_neighbor,0.9996603518565028,provisional_unverified,9116cbf4be063f5be851f65778ddfb91d60bdd5aa52e7211426769a6b2ce6f86,70.0,30.0
9116cbf4be063f5be851f65778ddfb91d60bdd5aa52e7211426769a6b2ce6f86,window_459,42.0,52.0,masked_prediction_embedding_neighbor,0.999751967231811,provisional_unverified,9116cbf4be063f5be851f65778ddfb91d60bdd5aa52e7211426769a6b2ce6f86,70.0,28.0
9116cbf4be063f5be851f65778ddfb91d60bdd5aa52e7211426769a6b2ce6f86,window_460,44.0,54.0,masked_prediction_embedding_neighbor,0.9995382789577242,provisional_unverified,9116cbf4be063f5be851f65778ddfb91d60bdd5aa52e7211426769a6b2ce6f86,70.0,26.0
9116cbf4be063f5be851f65778ddfb91d60bdd5aa52e7211426769a6b2ce6f86,window_461,46.0,56.0,masked_prediction_embedding_neighbor,0.9995375933420525,provisional_unverified,9116cbf4be063f5be851f65778ddfb91d60bdd5aa52e7211426769a6b2ce6f86,8.0,38.0
9116cbf4be063f5be851f65778ddfb91d60bdd5aa52e7211426769a6b2ce6f86,window_462,48.0,58.0,masked_prediction_embedding_neighbor,0.9997816080544902,provisional_unverified,9116cbf4be063f5be851f65778ddfb91d60bdd5aa52e7211426769a6b2ce6f86,12.0,36.0
9116cbf4be063f5be851f65778ddfb91d60bdd5aa52e7211426769a6b2ce6f86,window_463,50.0,60.0,masked_prediction_embedding_neighbor,0.9998225861572929,provisional_unverified,9116cbf4be063f5be851f65778ddfb91d60bdd5aa52e7211426769a6b2ce6f86,34.0,16.0
9116cbf4be063f5be851f65778ddfb91d60bdd5aa52e7211426769a6b2ce6f86,window_464,52.0,62.0,masked_prediction_embedding_neighbor,0.9999301487813598,provisional_unverified,9116cbf4be063f5be851f65778ddfb91d60bdd5aa52e7211426769a6b2ce6f86,68.0,16.0
9116cbf4be063f5be851f65778ddfb91d60bdd5aa52e7211426769a6b2ce6f86,window_465,54.0,64.0,masked_prediction_embedding_neighbor,0.9999670204578298,provisional_unverified,9116cbf4be063f5be851f65778ddfb91d60bdd5aa52e7211426769a6b2ce6f86,34.0,20.0
9116cbf4be063f5be851f65778ddfb91d60bdd5aa52e7211426769a6b2ce6f86,window_466,56.0,66.0,masked_prediction_embedding_neighbor,0.9999650426683097,provisional_unverified,9116cbf4be063f5be851f65778ddfb91d60bdd5aa52e7211426769a6b2ce6f86,34.0,22.0
9116cbf4be063f5be851f65778ddfb91d60bdd5aa52e7211426769a6b2ce6f86,window_467,58.0,68.0,masked_prediction_embedding_neighbor,0.9999572283879685,provisional_unverified,9116cbf4be063f5be851f65778ddfb91d60bdd5aa52e7211426769a6b2ce6f86,34.0,24.0
9116cbf4be063f5be851f65778ddfb91d60bdd5aa52e7211426769a6b2ce6f86,window_468,60.0,70.0,masked_prediction_embedding_neighbor,0.9999260130589193,provisional_unverified,9116cbf4be063f5be851f65778ddfb91d60bdd5aa52e7211426769a6b2ce6f86,34.0,26.0
9116cbf4be063f5be851f65778ddfb91d60bdd5aa52e7211426769a6b2ce6f86,window_469,62.0,72.0,masked_prediction_embedding_neighbor,0.9999346025829037,provisional_unverified,9116cbf4be063f5be851f65778ddfb91d60bdd5aa52e7211426769a6b2ce6f86,250.0,188.0
9116cbf4be063f5be851f65778ddfb91d60bdd5aa52e7211426769a6b2ce6f86,window_470,64.0,74.0,masked_prediction_embedding_neighbor,0.9999221785139136,provisional_unverified,9116cbf4be063f5be851f65778ddfb91d60bdd5aa52e7211426769a6b2ce6f86,250.0,186.0
9116cbf4be063f5be851f65778ddfb91d60bdd5aa52e7211426769a6b2ce6f86,window_471,66.0,76.0,masked_prediction_embedding_neighbor,0.9999281014037239,provisional_unverified,9116cbf4be063f5be851f65778ddfb91d60bdd5aa52e7211426769a6b2ce6f86,250.0,184.0
9116cbf4be063f5be851f65778ddfb91d60bdd5aa52e7211426769a6b2ce6f86,window_472,68.0,78.0,masked_prediction_embedding_neighbor,0.9999301487813598,provisional_unverified,9116cbf4be063f5be851f65778ddfb91d60bdd5aa52e7211426769a6b2ce6f86,52.0,16.0
9116cbf4be063f5be851f65778ddfb91d60bdd5aa52e7211426769a6b2ce6f86,window_473,70.0,80.0,masked_prediction_embedding_neighbor,0.999751967231811,provisional_unverified,9116cbf4be063f5be851f65778ddfb91d60bdd5aa52e7211426769a6b2ce6f86,42.0,28.0
9116cbf4be063f5be851f65778ddfb91d60bdd5aa52e7211426769a6b2ce6f86,window_474,72.0,82.0,masked_prediction_embedding_neighbor,0.8653875802610766,provisional_unverified,9116cbf4be063f5be851f65778ddfb91d60bdd5aa52e7211426769a6b2ce6f86,178.0,106.0
9116cbf4be063f5be851f65778ddfb91d60bdd5aa52e7211426769a6b2ce6f86,window_475,74.0,84.0,masked_prediction_embedding_neighbor,0.9999020233917058,provisional_unverified,9116cbf4be063f5be851f65778ddfb91d60bdd5aa52e7211426769a6b2ce6f86,330.0,256.0
9116cbf4be063f5be851f65778ddfb91d60bdd5aa52e7211426769a6b2ce6f86,window_476,76.0,86.0,masked_prediction_embedding_neighbor,0.9999956677760422,provisional_unverified,9116cbf4be063f5be851f65778ddfb91d60bdd5aa52e7211426769a6b2ce6f86,332.0,256.0
9116cbf4be063f5be851f65778ddfb91d60bdd5aa52e7211426769a6b2ce6f86,window_477,78.0,88.0,masked_prediction_embedding_neighbor,0.9999928630690381,provisional_unverified,b185f43818b8ff3aba325752922bbbf37fd094f1e282887487651e0a5c8f6c7a,18.0,60.0
9116cbf4be063f5be851f65778ddfb91d60bdd5aa52e7211426769a6b2ce6f86,window_478,80.0,90.0,masked_prediction_embedding_neighbor,0.9999950413301941,provisional_unverified,18385fe48224fbfa0cd6d17705d9305f857d70ef07b47b55502d04ff71359269,170.0,90.0
9116cbf4be063f5be851f65778ddfb91d60bdd5aa52e7211426769a6b2ce6f86,window_479,82.0,92.0,masked_prediction_embedding_neighbor,0.999985676467763,provisional_unverified,18385fe48224fbfa0cd6d17705d9305f857d70ef07b47b55502d04ff71359269,156.0,74.0
9116cbf4be063f5be851f65778ddfb91d60bdd5aa52e7211426769a6b2ce6f86,window_480,84.0,94.0,masked_prediction_embedding_neighbor,0.999739778431495,provisional_unverified,9116cbf4be063f5be851f65778ddfb91d60bdd5aa52e7211426769a6b2ce6f86,130.0,46.0
9116cbf4be063f5be851f65778ddfb91d60bdd5aa52e7211426769a6b2ce6f86,window_481,86.0,96.0,masked_prediction_embedding_neighbor,0.9999989329105894,provisional_unverified,4975a35d789765b9299480af66d6a5af5166fef074cef80facbac97409b84d07,84.0,2.0
9116cbf4be063f5be851f65778ddfb91d60bdd5aa52e7211426769a6b2ce6f86,window_482,88.0,98.0,masked_prediction_embedding_neighbor,0.9999974792969994,provisional_unverified,bace0e92b25324e8afbd0e5f6698b01a921780a2385e02419965fa97e3e796c4,154.0,66.0
9116cbf4be063f5be851f65778ddfb91d60bdd5aa52e7211426769a6b2ce6f86,window_483,90.0,100.0,masked_prediction_embedding_neighbor,0.9999856817511552,provisional_unverified,9116cbf4be063f5be851f65778ddfb91d60bdd5aa52e7211426769a6b2ce6f86,146.0,56.0
9116cbf4be063f5be851f65778ddfb91d60bdd5aa52e7211426769a6b2ce6f86,window_484,92.0,102.0,masked_prediction_embedding_neighbor,0.9999941019515914,provisional_unverified,bace0e92b25324e8afbd0e5f6698b01a921780a2385e02419965fa97e3e796c4,150.0,58.0
9116cbf4be063f5be851f65778ddfb91d60bdd5aa52e7211426769a6b2ce6f86,window_485,94.0,104.0,masked_prediction_embedding_neighbor,0.9940932514233923,provisional_unverified,18385fe48224fbfa0cd6d17705d9305f857d70ef07b47b55502d04ff71359269,166.0,72.0
9116cbf4be063f5be851f65778ddfb91d60bdd5aa52e7211426769a6b2ce6f86,window_486,96.0,106.0,masked_prediction_embedding_neighbor,0.9999876330477891,provisional_unverified,9116cbf4be063f5be851f65778ddfb91d60bdd5aa52e7211426769a6b2ce6f86,80.0,16.0
9116cbf4be063f5be851f65778ddfb91d60bdd5aa52e7211426769a6b2ce6f86,window_487,98.0,108.0,masked_prediction_embedding_neighbor,0.999990577552539,provisional_unverified,9116cbf4be063f5be851f65778ddfb91d60bdd5aa52e7211426769a6b2ce6f86,136.0,38.0
9116cbf4be063f5be851f65778ddfb91d60bdd5aa52e7211426769a6b2ce6f86,window_488,100.0,110.0,masked_prediction_embedding_neighbor,0.9999316859181492,provisional_unverified,9116cbf4be063f5be851f65778ddfb91d60bdd5aa52e7211426769a6b2ce6f86,134.0,34.0
9116cbf4be063f5be851f65778ddfb91d60bdd5aa52e7211426769a6b2ce6f86,window_489,102.0,112.0,masked_prediction_embedding_neighbor,0.9977927090361214,provisional_unverified,9116cbf4be063f5be851f65778ddfb91d60bdd5aa52e7211426769a6b2ce6f86,364.0,262.0
9116cbf4be063f5be851f65778ddfb91d60bdd5aa52e7211426769a6b2ce6f86,window_490,104.0,114.0,masked_prediction_embedding_neighbor,0.9999748842168908,provisional_unverified,bace0e92b25324e8afbd0e5f6698b01a921780a2385e02419965fa97e3e796c4,168.0,64.0
9116cbf4be063f5be851f65778ddfb91d60bdd5aa52e7211426769a6b2ce6f86,window_491,106.0,116.0,masked_prediction_embedding_neighbor,0.9999939483072537,provisional_unverified,9116cbf4be063f5be851f65778ddfb91d60bdd5aa52e7211426769a6b2ce6f86,126.0,20.0
9116cbf4be063f5be851f65778ddfb91d60bdd5aa52e7211426769a6b2ce6f86,window_492,108.0,118.0,masked_prediction_embedding_neighbor,0.9999908510221754,provisional_unverified,bace0e92b25324e8afbd0e5f6698b01a921780a2385e02419965fa97e3e796c4,170.0,62.0
9116cbf4be063f5be851f65778ddfb91d60bdd5aa52e7211426769a6b2ce6f86,window_493,110.0,120.0,masked_prediction_embedding_neighbor,0.9999859366744956,provisional_unverified,18385fe48224fbfa0cd6d17705d9305f857d70ef07b47b55502d04ff71359269,184.0,74.0
9116cbf4be063f5be851f65778ddfb91d60bdd5aa52e7211426769a6b2ce6f86,window_494,112.0,122.0,masked_prediction_embedding_neighbor,0.9999687527720731,provisional_unverified,bace0e92b25324e8afbd0e5f6698b01a921780a2385e02419965fa97e3e796c4,172.0,60.0
9116cbf4be063f5be851f65778ddfb91d60bdd5aa52e7211426769a6b2ce6f86,window_495,114.0,124.0,masked_prediction_embedding_neighbor,0.9996412867561751,provisional_unverified,bace0e92b25324e8afbd0e5f6698b01a921780a2385e02419965fa97e3e796c4,188.0,74.0
9116cbf4be063f5be851f65778ddfb91d60bdd5aa52e7211426769a6b2ce6f86,window_496,116.0,126.0,masked_prediction_embedding_neighbor,0.9997351772259915,provisional_unverified,bace0e92b25324e8afbd0e5f6698b01a921780a2385e02419965fa97e3e796c4,148.0,32.0
9116cbf4be063f5be851f65778ddfb91d60bdd5aa52e7211426769a6b2ce6f86,window_497,118.0,128.0,masked_prediction_embedding_neighbor,0.999698751602518,provisional_unverified,9116cbf4be063f5be851f65778ddfb91d60bdd5aa52e7211426769a6b2ce6f86,338.0,220.0
9116cbf4be063f5be851f65778ddfb91d60bdd5aa52e7211426769a6b2ce6f86,window_498,120.0,130.0,masked_prediction_embedding_neighbor,0.9998493953873401,provisional_unverified,9116cbf4be063f5be851f65778ddfb91d60bdd5aa52e7211426769a6b2ce6f86,362.0,242.0
9116cbf4be063f5be851f65778ddfb91d60bdd5aa52e7211426769a6b2ce6f86,window_499,122.0,132.0,masked_prediction_embedding_neighbor,0.9999873400521574,provisional_unverified,bace0e92b25324e8afbd0e5f6698b01a921780a2385e02419965fa97e3e796c4,182.0,60.0
9116cbf4be063f5be851f65778ddfb91d60bdd5aa52e7211426769a6b2ce6f86,window_500,124.0,134.0,masked_prediction_embedding_neighbor,0.999981195942534,provisional_unverified,9116cbf4be063f5be851f65778ddfb91d60bdd5aa52e7211426769a6b2ce6f86,332.0,208.0
9116cbf4be063f5be851f65778ddfb91d60bdd5aa52e7211426769a6b2ce6f86,window_501,126.0,136.0,masked_prediction_embedding_neighbor,0.9999939483072537,provisional_unverified,9116cbf4be063f5be851f65778ddfb91d60bdd5aa52e7211426769a6b2ce6f86,106.0,20.0
9116cbf4be063f5be851f65778ddfb91d60bdd5aa52e7211426769a6b2ce6f86,window_502,128.0,138.0,masked_prediction_embedding_neighbor,0.9869037654491775,provisional_unverified,b185f43818b8ff3aba325752922bbbf37fd094f1e282887487651e0a5c8f6c7a,50.0,78.0
9116cbf4be063f5be851f65778ddfb91d60bdd5aa52e7211426769a6b2ce6f86,window_503,130.0,140.0,masked_prediction_embedding_neighbor,0.999963532929283,provisional_unverified,bace0e92b25324e8afbd0e5f6698b01a921780a2385e02419965fa97e3e796c4,190.0,60.0
9116cbf4be063f5be851f65778ddfb91d60bdd5aa52e7211426769a6b2ce6f86,window_504,132.0,142.0,masked_prediction_embedding_neighbor,0.9995526782263061,provisional_unverified,27937681c8199780c6cbce603f217d5a4457c351e84fa3cd7cfc62bfd270c550,198.0,66.0
9116cbf4be063f5be851f65778ddfb91d60bdd5aa52e7211426769a6b2ce6f86,window_505,134.0,144.0,masked_prediction_embedding_neighbor,0.9999316859181492,provisional_unverified,9116cbf4be063f5be851f65778ddfb91d60bdd5aa52e7211426769a6b2ce6f86,100.0,34.0
9116cbf4be063f5be851f65778ddfb91d60bdd5aa52e7211426769a6b2ce6f86,window_506,136.0,146.0,masked_prediction_embedding_neighbor,0.999990577552539,provisional_unverified,9116cbf4be063f5be851f65778ddfb91d60bdd5aa52e7211426769a6b2ce6f86,98.0,38.0
9116cbf4be063f5be851f65778ddfb91d60bdd5aa52e7211426769a6b2ce6f86,window_507,138.0,148.0,masked_prediction_embedding_neighbor,0.9999833096612458,provisional_unverified,9116cbf4be063f5be851f65778ddfb91d60bdd5aa52e7211426769a6b2ce6f86,122.0,16.0
9116cbf4be063f5be851f65778ddfb91d60bdd5aa52e7211426769a6b2ce6f86,window_508,140.0,150.0,masked_prediction_embedding_neighbor,0.99999027476691,provisional_unverified,9116cbf4be063f5be851f65778ddfb91d60bdd5aa52e7211426769a6b2ce6f86,356.0,216.0
9116cbf4be063f5be851f65778ddfb91d60bdd5aa52e7211426769a6b2ce6f86,window_509,142.0,152.0,masked_prediction_embedding_neighbor,0.9998510502741206,provisional_unverified,bace0e92b25324e8afbd0e5f6698b01a921780a2385e02419965fa97e3e796c4,200.0,58.0
9116cbf4be063f5be851f65778ddfb91d60bdd5aa52e7211426769a6b2ce6f86,window_510,144.0,154.0,masked_prediction_embedding_neighbor,0.9999957790056563,provisional_unverified,4975a35d789765b9299480af66d6a5af5166fef074cef80facbac97409b84d07,132.0,12.0
9116cbf4be063f5be851f65778ddfb91d60bdd5aa52e7211426769a6b2ce6f86,window_511,146.0,156.0,masked_prediction_embedding_neighbor,0.999993107664834,provisional_unverified,18385fe48224fbfa0cd6d17705d9305f857d70ef07b47b55502d04ff71359269,192.0,46.0
9116cbf4be063f5be851f65778ddfb91d60bdd5aa52e7211426769a6b2ce6f86,window_512,148.0,158.0,masked_prediction_embedding_neighbor,0.9999986922338908,provisional_unverified,18385fe48224fbfa0cd6d17705d9305f857d70ef07b47b55502d04ff71359269,192.0,44.0
9116cbf4be063f5be851f65778ddfb91d60bdd5aa52e7211426769a6b2ce6f86,window_513,150.0,160.0,masked_prediction_embedding_neighbor,0.9999942731156675,provisional_unverified,18385fe48224fbfa0cd6d17705d9305f857d70ef07b47b55502d04ff71359269,194.0,44.0
9116cbf4be063f5be851f65778ddfb91d60bdd5aa52e7211426769a6b2ce6f86,window_514,152.0,162.0,masked_prediction_embedding_neighbor,0.999474734475182,provisional_unverified,9116cbf4be063f5be851f65778ddfb91d60bdd5aa52e7211426769a6b2ce6f86,84.0,68.0
9116cbf4be063f5be851f65778ddfb91d60bdd5aa52e7211426769a6b2ce6f86,window_515,154.0,164.0,masked_prediction_embedding_neighbor,0.9999680818059964,provisional_unverified,b185f43818b8ff3aba325752922bbbf37fd094f1e282887487651e0a5c8f6c7a,88.0,66.0
9116cbf4be063f5be851f65778ddfb91d60bdd5aa52e7211426769a6b2ce6f86,window_516,156.0,166.0,masked_prediction_embedding_neighbor,0.9999948342539225,provisional_unverified,bace0e92b25324e8afbd0e5f6698b01a921780a2385e02419965fa97e3e796c4,196.0,40.0
9116cbf4be063f5be851f65778ddfb91d60bdd5aa52e7211426769a6b2ce6f86,window_517,158.0,168.0,masked_prediction_embedding_neighbor,0.9999910053634552,provisional_unverified,18385fe48224fbfa0cd6d17705d9305f857d70ef07b47b55502d04ff71359269,132.0,26.0
9116cbf4be063f5be851f65778ddfb91d60bdd5aa52e7211426769a6b2ce6f86,window_518,160.0,170.0,masked_prediction_embedding_neighbor,0.9999876278796382,provisional_unverified,bace0e92b25324e8afbd0e5f6698b01a921780a2385e02419965fa97e3e796c4,218.0,58.0
9116cbf4be063f5be851f65778ddfb91d60bdd5aa52e7211426769a6b2ce6f86,window_519,162.0,172.0,masked_prediction_embedding_neighbor,0.9999883100308106,provisional_unverified,9116cbf4be063f5be851f65778ddfb91d60bdd5aa52e7211426769a6b2ce6f86,140.0,22.0
9116cbf4be063f5be851f65778ddfb91d60bdd5aa52e7211426769a6b2ce6f86,window_520,164.0,174.0,masked_prediction_embedding_neighbor,0.9999901699129309,provisional_unverified,9116cbf4be063f5be851f65778ddfb91d60bdd5aa52e7211426769a6b2ce6f86,98.0,66.0
9116cbf4be063f5be851f65778ddfb91d60bdd5aa52e7211426769a6b2ce6f86,window_521,166.0,176.0,masked_prediction_embedding_neighbor,0.9994124739123748,provisional_unverified,b185f43818b8ff3aba325752922bbbf37fd094f1e282887487651e0a5c8f6c7a,92.0,74.0
9116cbf4be063f5be851f65778ddfb91d60bdd5aa52e7211426769a6b2ce6f86,window_522,168.0,178.0,masked_prediction_embedding_neighbor,0.9999301860082883,provisional_unverified,9116cbf4be063f5be851f65778ddfb91d60bdd5aa52e7211426769a6b2ce6f86,408.0,240.0
9116cbf4be063f5be851f65778ddfb91d60bdd5aa52e7211426769a6b2ce6f86,window_523,170.0,180.0,masked_prediction_embedding_neighbor,0.9999803210827655,provisional_unverified,b185f43818b8ff3aba325752922bbbf37fd094f1e282887487651e0a5c8f6c7a,100.0,70.0
9116cbf4be063f5be851f65778ddfb91d60bdd5aa52e7211426769a6b2ce6f86,window_524,172.0,182.0,masked_prediction_embedding_neighbor,0.999986175932303,provisional_unverified,b185f43818b8ff3aba325752922bbbf37fd094f1e282887487651e0a5c8f6c7a,102.0,70.0
9116cbf4be063f5be851f65778ddfb91d60bdd5aa52e7211426769a6b2ce6f86,window_525,174.0,184.0,masked_prediction_embedding_neighbor,0.9998044701436349,provisional_unverified,5c12d7b5eff374be805bae6c5e2906f6c02b6bc3ad6ba70d3674bafd4f16fc15,56.0,118.0
9116cbf4be063f5be851f65778ddfb91d60bdd5aa52e7211426769a6b2ce6f86,window_526,176.0,186.0,masked_prediction_embedding_neighbor,0.99780321940057,provisional_unverified,5c12d7b5eff374be805bae6c5e2906f6c02b6bc3ad6ba70d3674bafd4f16fc15,4.0,172.0
9116cbf4be063f5be851f65778ddfb91d60bdd5aa52e7211426769a6b2ce6f86,window_527,178.0,188.0,masked_prediction_embedding_neighbor,0.9914781805624399,provisional_unverified,9116cbf4be063f5be851f65778ddfb91d60bdd5aa52e7211426769a6b2ce6f86,304.0,126.0
9116cbf4be063f5be851f65778ddfb91d60bdd5aa52e7211426769a6b2ce6f86,window_528,180.0,190.0,masked_prediction_embedding_neighbor,0.9996876993616804,provisional_unverified,c3c503093a73b359d513d025d9185c7ada423099650828cbd4fdba12d1d7aafc,2.0,178.0
9116cbf4be063f5be851f65778ddfb91d60bdd5aa52e7211426769a6b2ce6f86,window_529,182.0,192.0,masked_prediction_embedding_neighbor,0.9999164069718315,provisional_unverified,9116cbf4be063f5be851f65778ddfb91d60bdd5aa52e7211426769a6b2ce6f86,432.0,250.0
9116cbf4be063f5be851f65778ddfb91d60bdd5aa52e7211426769a6b2ce6f86,window_530,184.0,194.0,masked_prediction_embedding_neighbor,0.9999214724168123,provisional_unverified,5c12d7b5eff374be805bae6c5e2906f6c02b6bc3ad6ba70d3674bafd4f16fc15,80.0,104.0
9116cbf4be063f5be851f65778ddfb91d60bdd5aa52e7211426769a6b2ce6f86,window_531,186.0,196.0,masked_prediction_embedding_neighbor,0.9999865317804961,provisional_unverified,b185f43818b8ff3aba325752922bbbf37fd094f1e282887487651e0a5c8f6c7a,102.0,84.0
9116cbf4be063f5be851f65778ddfb91d60bdd5aa52e7211426769a6b2ce6f86,window_532,188.0,198.0,masked_prediction_embedding_neighbor,0.9999918764830042,provisional_unverified,973ef84ffaa4e83d002ed655331eb305b340c0f3f25b57795f97a151bcc3490b,2.0,186.0
9116cbf4be063f5be851f65778ddfb91d60bdd5aa52e7211426769a6b2ce6f86,window_533,190.0,200.0,masked_prediction_embedding_neighbor,0.9999928123886839,provisional_unverified,973ef84ffaa4e83d002ed655331eb305b340c0f3f25b57795f97a151bcc3490b,2.0,188.0
9116cbf4be063f5be851f65778ddfb91d60bdd5aa52e7211426769a6b2ce6f86,window_534,192.0,202.0,masked_prediction_embedding_neighbor,0.9999927482513365,provisional_unverified,b185f43818b8ff3aba325752922bbbf37fd094f1e282887487651e0a5c8f6c7a,100.0,92.0
9116cbf4be063f5be851f65778ddfb91d60bdd5aa52e7211426769a6b2ce6f86,window_535,194.0,204.0,masked_prediction_embedding_neighbor,0.9999941207256628,provisional_unverified,5c12d7b5eff374be805bae6c5e2906f6c02b6bc3ad6ba70d3674bafd4f16fc15,16.0,178.0
9116cbf4be063f5be851f65778ddfb91d60bdd5aa52e7211426769a6b2ce6f86,window_536,196.0,206.0,masked_prediction_embedding_neighbor,0.9999912768900835,provisional_unverified,5c12d7b5eff374be805bae6c5e2906f6c02b6bc3ad6ba70d3674bafd4f16fc15,20.0,176.0
9116cbf4be063f5be851f65778ddfb91d60bdd5aa52e7211426769a6b2ce6f86,window_537,198.0,208.0,masked_prediction_embedding_neighbor,0.9999283066750786,provisional_unverified,9116cbf4be063f5be851f65778ddfb91d60bdd5aa52e7211426769a6b2ce6f86,222.0,24.0
9116cbf4be063f5be851f65778ddfb91d60bdd5aa52e7211426769a6b2ce6f86,window_538,200.0,210.0,masked_prediction_embedding_neighbor,0.9999771359247548,provisional_unverified,9116cbf4be063f5be851f65778ddfb91d60bdd5aa52e7211426769a6b2ce6f86,290.0,90.0
9116cbf4be063f5be851f65778ddfb91d60bdd5aa52e7211426769a6b2ce6f86,window_539,202.0,212.0,masked_prediction_embedding_neighbor,0.9999667834237999,provisional_unverified,9116cbf4be063f5be851f65778ddfb91d60bdd5aa52e7211426769a6b2ce6f86,292.0,90.0
9116cbf4be063f5be851f65778ddfb91d60bdd5aa52e7211426769a6b2ce6f86,window_540,204.0,214.0,masked_prediction_embedding_neighbor,0.9999641882128845,provisional_unverified,9116cbf4be063f5be851f65778ddfb91d60bdd5aa52e7211426769a6b2ce6f86,292.0,88.0
9116cbf4be063f5be851f65778ddfb91d60bdd5aa52e7211426769a6b2ce6f86,window_541,206.0,216.0,masked_prediction_embedding_neighbor,0.9999684715572066,provisional_unverified,9116cbf4be063f5be851f65778ddfb91d60bdd5aa52e7211426769a6b2ce6f86,292.0,86.0
9116cbf4be063f5be851f65778ddfb91d60bdd5aa52e7211426769a6b2ce6f86,window_542,208.0,218.0,masked_prediction_embedding_neighbor,0.9999556674687706,provisional_unverified,9116cbf4be063f5be851f65778ddfb91d60bdd5aa52e7211426769a6b2ce6f86,292.0,84.0
9116cbf4be063f5be851f65778ddfb91d60bdd5aa52e7211426769a6b2ce6f86,window_543,210.0,220.0,masked_prediction_embedding_neighbor,0.9999639848668394,provisional_unverified,9116cbf4be063f5be851f65778ddfb91d60bdd5aa52e7211426769a6b2ce6f86,292.0,82.0
9116cbf4be063f5be851f65778ddfb91d60bdd5aa52e7211426769a6b2ce6f86,window_544,212.0,222.0,masked_prediction_embedding_neighbor,0.9999701437927632,provisional_unverified,9116cbf4be063f5be851f65778ddfb91d60bdd5aa52e7211426769a6b2ce6f86,292.0,80.0
9116cbf4be063f5be851f65778ddfb91d60bdd5aa52e7211426769a6b2ce6f86,window_545,214.0,224.0,masked_prediction_embedding_neighbor,0.9999620391121837,provisional_unverified,9116cbf4be063f5be851f65778ddfb91d60bdd5aa52e7211426769a6b2ce6f86,292.0,78.0
9116cbf4be063f5be851f65778ddfb91d60bdd5aa52e7211426769a6b2ce6f86,window_546,216.0,226.0,masked_prediction_embedding_neighbor,0.9999509299238453,provisional_unverified,9116cbf4be063f5be851f65778ddfb91d60bdd5aa52e7211426769a6b2ce6f86,316.0,100.0
9116cbf4be063f5be851f65778ddfb91d60bdd5aa52e7211426769a6b2ce6f86,window_547,218.0,228.0,masked_prediction_embedding_neighbor,0.9999658166310987,provisional_unverified,9116cbf4be063f5be851f65778ddfb91d60bdd5aa52e7211426769a6b2ce6f86,202.0,16.0
9116cbf4be063f5be851f65778ddfb91d60bdd5aa52e7211426769a6b2ce6f86,window_548,220.0,230.0,masked_prediction_embedding_neighbor,0.9998810531002099,provisional_unverified,9116cbf4be063f5be851f65778ddfb91d60bdd5aa52e7211426769a6b2ce6f86,246.0,26.0
9116cbf4be063f5be851f65778ddfb91d60bdd5aa52e7211426769a6b2ce6f86,window_549,222.0,232.0,masked_prediction_embedding_neighbor,0.9999283066750786,provisional_unverified,9116cbf4be063f5be851f65778ddfb91d60bdd5aa52e7211426769a6b2ce6f86,198.0,24.0
9116cbf4be063f5be851f65778ddfb91d60bdd5aa52e7211426769a6b2ce6f86,window_550,224.0,234.0,masked_prediction_embedding_neighbor,0.9999765502576539,provisional_unverified,8f799d59c9b5348ece1e5671692ea783d6d5e450ccebe31b6db9ad4f9510f8c5,80.0,144.0
9116cbf4be063f5be851f65778ddfb91d60bdd5aa52e7211426769a6b2ce6f86,window_551,226.0,236.0,masked_prediction_embedding_neighbor,0.9999776427331972,provisional_unverified,8f799d59c9b5348ece1e5671692ea783d6d5e450ccebe31b6db9ad4f9510f8c5,80.0,146.0
9116cbf4be063f5be851f65778ddfb91d60bdd5aa52e7211426769a6b2ce6f86,window_552,228.0,238.0,masked_prediction_embedding_neighbor,0.9999804418888962,provisional_unverified,8f799d59c9b5348ece1e5671692ea783d6d5e450ccebe31b6db9ad4f9510f8c5,80.0,148.0
9116cbf4be063f5be851f65778ddfb91d60bdd5aa52e7211426769a6b2ce6f86,window_553,230.0,240.0,masked_prediction_embedding_neighbor,0.9999829221082158,provisional_unverified,8f799d59c9b5348ece1e5671692ea783d6d5e450ccebe31b6db9ad4f9510f8c5,80.0,150.0
9116cbf4be063f5be851f65778ddfb91d60bdd5aa52e7211426769a6b2ce6f86,window_554,232.0,242.0,masked_prediction_embedding_neighbor,0.9999733916603973,provisional_unverified,9116cbf4be063f5be851f65778ddfb91d60bdd5aa52e7211426769a6b2ce6f86,310.0,78.0
9116cbf4be063f5be851f65778ddfb91d60bdd5aa52e7211426769a6b2ce6f86,window_555,234.0,244.0,masked_prediction_embedding_neighbor,0.9999909850235579,provisional_unverified,9116cbf4be063f5be851f65778ddfb91d60bdd5aa52e7211426769a6b2ce6f86,264.0,30.0
9116cbf4be063f5be851f65778ddfb91d60bdd5aa52e7211426769a6b2ce6f86,window_556,236.0,246.0,masked_prediction_embedding_neighbor,0.9999920315698534,provisional_unverified,9116cbf4be063f5be851f65778ddfb91d60bdd5aa52e7211426769a6b2ce6f86,266.0,30.0
9116cbf4be063f5be851f65778ddfb91d60bdd5aa52e7211426769a6b2ce6f86,window_557,238.0,248.0,masked_prediction_embedding_neighbor,0.9999910165541361,provisional_unverified,9116cbf4be063f5be851f65778ddfb91d60bdd5aa52e7211426769a6b2ce6f86,268.0,30.0
9116cbf4be063f5be851f65778ddfb91d60bdd5aa52e7211426769a6b2ce6f86,window_558,240.0,250.0,masked_prediction_embedding_neighbor,0.9999943205464411,provisional_unverified,9116cbf4be063f5be851f65778ddfb91d60bdd5aa52e7211426769a6b2ce6f86,270.0,30.0
9116cbf4be063f5be851f65778ddfb91d60bdd5aa52e7211426769a6b2ce6f86,window_559,242.0,252.0,masked_prediction_embedding_neighbor,0.9999942734900669,provisional_unverified,9116cbf4be063f5be851f65778ddfb91d60bdd5aa52e7211426769a6b2ce6f86,272.0,30.0
9116cbf4be063f5be851f65778ddfb91d60bdd5aa52e7211426769a6b2ce6f86,window_560,244.0,254.0,masked_prediction_embedding_neighbor,0.9999946067567173,provisional_unverified,9116cbf4be063f5be851f65778ddfb91d60bdd5aa52e7211426769a6b2ce6f86,272.0,28.0
9116cbf4be063f5be851f65778ddfb91d60bdd5aa52e7211426769a6b2ce6f86,window_561,246.0,256.0,masked_prediction_embedding_neighbor,0.9999591965328977,provisional_unverified,9116cbf4be063f5be851f65778ddfb91d60bdd5aa52e7211426769a6b2ce6f86,274.0,28.0
9116cbf4be063f5be851f65778ddfb91d60bdd5aa52e7211426769a6b2ce6f86,window_562,248.0,258.0,masked_prediction_embedding_neighbor,0.9998448403320419,provisional_unverified,9116cbf4be063f5be851f65778ddfb91d60bdd5aa52e7211426769a6b2ce6f86,220.0,28.0
9116cbf4be063f5be851f65778ddfb91d60bdd5aa52e7211426769a6b2ce6f86,window_563,250.0,260.0,masked_prediction_embedding_neighbor,0.9999346025829037,provisional_unverified,9116cbf4be063f5be851f65778ddfb91d60bdd5aa52e7211426769a6b2ce6f86,62.0,188.0
9116cbf4be063f5be851f65778ddfb91d60bdd5aa52e7211426769a6b2ce6f86,window_564,252.0,262.0,masked_prediction_embedding_neighbor,0.9999127514567961,provisional_unverified,9116cbf4be063f5be851f65778ddfb91d60bdd5aa52e7211426769a6b2ce6f86,62.0,190.0
9116cbf4be063f5be851f65778ddfb91d60bdd5aa52e7211426769a6b2ce6f86,window_565,254.0,264.0,masked_prediction_embedding_neighbor,0.9998695536276816,provisional_unverified,9116cbf4be063f5be851f65778ddfb91d60bdd5aa52e7211426769a6b2ce6f86,60.0,194.0
9116cbf4be063f5be851f65778ddfb91d60bdd5aa52e7211426769a6b2ce6f86,window_566,256.0,266.0,masked_prediction_embedding_neighbor,0.9998800118050738,provisional_unverified,9116cbf4be063f5be851f65778ddfb91d60bdd5aa52e7211426769a6b2ce6f86,320.0,64.0
9116cbf4be063f5be851f65778ddfb91d60bdd5aa52e7211426769a6b2ce6f86,window_567,258.0,268.0,masked_prediction_embedding_neighbor,0.9998171940965545,provisional_unverified,9116cbf4be063f5be851f65778ddfb91d60bdd5aa52e7211426769a6b2ce6f86,316.0,58.0
9116cbf4be063f5be851f65778ddfb91d60bdd5aa52e7211426769a6b2ce6f86,window_568,260.0,270.0,masked_prediction_embedding_neighbor,0.9999994435239601,provisional_unverified,9116cbf4be063f5be851f65778ddfb91d60bdd5aa52e7211426769a6b2ce6f86,298.0,38.0
9116cbf4be063f5be851f65778ddfb91d60bdd5aa52e7211426769a6b2ce6f86,window_569,262.0,272.0,masked_prediction_embedding_neighbor,0.999999416563181,provisional_unverified,9116cbf4be063f5be851f65778ddfb91d60bdd5aa52e7211426769a6b2ce6f86,286.0,24.0
9116cbf4be063f5be851f65778ddfb91d60bdd5aa52e7211426769a6b2ce6f86,window_570,264.0,274.0,masked_prediction_embedding_neighbor,0.999999709970901,provisional_unverified,9116cbf4be063f5be851f65778ddfb91d60bdd5aa52e7211426769a6b2ce6f86,288.0,24.0
9116cbf4be063f5be851f65778ddfb91d60bdd5aa52e7211426769a6b2ce6f86,window_571,266.0,276.0,masked_prediction_embedding_neighbor,0.9999995790740409,provisional_unverified,9116cbf4be063f5be851f65778ddfb91d60bdd5aa52e7211426769a6b2ce6f86,296.0,30.0
9116cbf4be063f5be851f65778ddfb91d60bdd5aa52e7211426769a6b2ce6f86,window_572,268.0,278.0,masked_prediction_embedding_neighbor,0.9999994754104424,provisional_unverified,9116cbf4be063f5be851f65778ddfb91d60bdd5aa52e7211426769a6b2ce6f86,298.0,30.0
9116cbf4be063f5be851f65778ddfb91d60bdd5aa52e7211426769a6b2ce6f86,window_573,270.0,280.0,masked_prediction_embedding_neighbor,0.9999943205464411,provisional_unverified,9116cbf4be063f5be851f65778ddfb91d60bdd5aa52e7211426769a6b2ce6f86,240.0,30.0
9116cbf4be063f5be851f65778ddfb91d60bdd5aa52e7211426769a6b2ce6f86,window_574,272.0,282.0,masked_prediction_embedding_neighbor,0.9999946067567173,provisional_unverified,9116cbf4be063f5be851f65778ddfb91d60bdd5aa52e7211426769a6b2ce6f86,244.0,28.0
9116cbf4be063f5be851f65778ddfb91d60bdd5aa52e7211426769a6b2ce6f86,window_575,274.0,284.0,masked_prediction_embedding_neighbor,0.9999878887285364,provisional_unverified,9116cbf4be063f5be851f65778ddfb91d60bdd5aa52e7211426769a6b2ce6f86,244.0,30.0
9116cbf4be063f5be851f65778ddfb91d60bdd5aa52e7211426769a6b2ce6f86,window_576,276.0,286.0,masked_prediction_embedding_neighbor,0.999993439092146,provisional_unverified,9116cbf4be063f5be851f65778ddfb91d60bdd5aa52e7211426769a6b2ce6f86,244.0,32.0
9116cbf4be063f5be851f65778ddfb91d60bdd5aa52e7211426769a6b2ce6f86,window_577,278.0,288.0,masked_prediction_embedding_neighbor,0.9999895945327117,provisional_unverified,9116cbf4be063f5be851f65778ddfb91d60bdd5aa52e7211426769a6b2ce6f86,242.0,36.0
9116cbf4be063f5be851f65778ddfb91d60bdd5aa52e7211426769a6b2ce6f86,window_578,280.0,290.0,masked_prediction_embedding_neighbor,0.9999991406121336,provisional_unverified,9116cbf4be063f5be851f65778ddfb91d60bdd5aa52e7211426769a6b2ce6f86,300.0,20.0
9116cbf4be063f5be851f65778ddfb91d60bdd5aa52e7211426769a6b2ce6f86,window_579,282.0,292.0,masked_prediction_embedding_neighbor,0.9999977870585515,provisional_unverified,9116cbf4be063f5be851f65778ddfb91d60bdd5aa52e7211426769a6b2ce6f86,300.0,18.0
9116cbf4be063f5be851f65778ddfb91d60bdd5aa52e7211426769a6b2ce6f86,window_580,284.0,294.0,masked_prediction_embedding_neighbor,0.9999990205396145,provisional_unverified,9116cbf4be063f5be851f65778ddfb91d60bdd5aa52e7211426769a6b2ce6f86,260.0,24.0
9116cbf4be063f5be851f65778ddfb91d60bdd5aa52e7211426769a6b2ce6f86,window_581,286.0,296.0,masked_prediction_embedding_neighbor,0.999999416563181,provisional_unverified,9116cbf4be063f5be851f65778ddfb91d60bdd5aa52e7211426769a6b2ce6f86,262.0,24.0
9116cbf4be063f5be851f65778ddfb91d60bdd5aa52e7211426769a6b2ce6f86,window_582,288.0,298.0,masked_prediction_embedding_neighbor,0.999999709970901,provisional_unverified,9116cbf4be063f5be851f65778ddfb91d60bdd5aa52e7211426769a6b2ce6f86,264.0,24.0
9116cbf4be063f5be851f65778ddfb91d60bdd5aa52e7211426769a6b2ce6f86,window_583,290.0,300.0,masked_prediction_embedding_neighbor,0.9999970375323465,provisional_unverified,9116cbf4be063f5be851f65778ddfb91d60bdd5aa52e7211426769a6b2ce6f86,264.0,26.0
9116cbf4be063f5be851f65778ddfb91d60bdd5aa52e7211426769a6b2ce6f86,window_584,292.0,302.0,masked_prediction_embedding_neighbor,0.9999865223343732,provisional_unverified,9116cbf4be063f5be851f65778ddfb91d60bdd5aa52e7211426769a6b2ce6f86,264.0,28.0
9116cbf4be063f5be851f65778ddfb91d60bdd5aa52e7211426769a6b2ce6f86,window_585,294.0,304.0,masked_prediction_embedding_neighbor,0.9999978630912648,provisional_unverified,9116cbf4be063f5be851f65778ddfb91d60bdd5aa52e7211426769a6b2ce6f86,264.0,30.0
9116cbf4be063f5be851f65778ddfb91d60bdd5aa52e7211426769a6b2ce6f86,window_586,296.0,306.0,masked_prediction_embedding_neighbor,0.9999995790740409,provisional_unverified,9116cbf4be063f5be851f65778ddfb91d60bdd5aa52e7211426769a6b2ce6f86,266.0,30.0
9116cbf4be063f5be851f65778ddfb91d60bdd5aa52e7211426769a6b2ce6f86,window_587,298.0,308.0,masked_prediction_embedding_neighbor,0.9999994754104424,provisional_unverified,9116cbf4be063f5be851f65778ddfb91d60bdd5aa52e7211426769a6b2ce6f86,268.0,30.0
9116cbf4be063f5be851f65778ddfb91d60bdd5aa52e7211426769a6b2ce6f86,window_588,300.0,310.0,masked_prediction_embedding_neighbor,0.9999991406121336,provisional_unverified,9116cbf4be063f5be851f65778ddfb91d60bdd5aa52e7211426769a6b2ce6f86,280.0,20.0
9116cbf4be063f5be851f65778ddfb91d60bdd5aa52e7211426769a6b2ce6f86,window_589,302.0,312.0,masked_prediction_embedding_neighbor,0.9998491927022604,provisional_unverified,9116cbf4be063f5be851f65778ddfb91d60bdd5aa52e7211426769a6b2ce6f86,252.0,50.0
9116cbf4be063f5be851f65778ddfb91d60bdd5aa52e7211426769a6b2ce6f86,window_590,304.0,314.0,masked_prediction_embedding_neighbor,0.998965872941508,provisional_unverified,9116cbf4be063f5be851f65778ddfb91d60bdd5aa52e7211426769a6b2ce6f86,234.0,70.0
9116cbf4be063f5be851f65778ddfb91d60bdd5aa52e7211426769a6b2ce6f86,window_591,306.0,316.0,masked_prediction_embedding_neighbor,0.9999627704286288,provisional_unverified,9116cbf4be063f5be851f65778ddfb91d60bdd5aa52e7211426769a6b2ce6f86,232.0,74.0
9116cbf4be063f5be851f65778ddfb91d60bdd5aa52e7211426769a6b2ce6f86,window_592,308.0,318.0,masked_prediction_embedding_neighbor,0.9999691132316573,provisional_unverified,9116cbf4be063f5be851f65778ddfb91d60bdd5aa52e7211426769a6b2ce6f86,232.0,76.0
9116cbf4be063f5be851f65778ddfb91d60bdd5aa52e7211426769a6b2ce6f86,window_593,310.0,320.0,masked_prediction_embedding_neighbor,0.9999733916603973,provisional_unverified,9116cbf4be063f5be851f65778ddfb91d60bdd5aa52e7211426769a6b2ce6f86,232.0,78.0
9116cbf4be063f5be851f65778ddfb91d60bdd5aa52e7211426769a6b2ce6f86,window_594,312.0,322.0,masked_prediction_embedding_neighbor,0.9999524261705929,provisional_unverified,7208a43e77536a72e401c00f01a793130fb6688d28fb8080941e14cc5752b0ca,0.0,312.0
9116cbf4be063f5be851f65778ddfb91d60bdd5aa52e7211426769a6b2ce6f86,window_595,314.0,324.0,masked_prediction_embedding_neighbor,0.9998485596518383,provisional_unverified,9116cbf4be063f5be851f65778ddfb91d60bdd5aa52e7211426769a6b2ce6f86,232.0,82.0
9116cbf4be063f5be851f65778ddfb91d60bdd5aa52e7211426769a6b2ce6f86,window_596,316.0,326.0,masked_prediction_embedding_neighbor,0.9999580240746687,provisional_unverified,9116cbf4be063f5be851f65778ddfb91d60bdd5aa52e7211426769a6b2ce6f86,218.0,98.0
9116cbf4be063f5be851f65778ddfb91d60bdd5aa52e7211426769a6b2ce6f86,window_597,318.0,328.0,masked_prediction_embedding_neighbor,0.9999216214685217,provisional_unverified,9116cbf4be063f5be851f65778ddfb91d60bdd5aa52e7211426769a6b2ce6f86,218.0,100.0
9116cbf4be063f5be851f65778ddfb91d60bdd5aa52e7211426769a6b2ce6f86,window_598,320.0,330.0,masked_prediction_embedding_neighbor,0.9999089728993658,provisional_unverified,9116cbf4be063f5be851f65778ddfb91d60bdd5aa52e7211426769a6b2ce6f86,218.0,102.0
9116cbf4be063f5be851f65778ddfb91d60bdd5aa52e7211426769a6b2ce6f86,window_599,322.0,332.0,masked_prediction_embedding_neighbor,0.9998786575505915,provisional_unverified,9116cbf4be063f5be851f65778ddfb91d60bdd5aa52e7211426769a6b2ce6f86,256.0,66.0
9116cbf4be063f5be851f65778ddfb91d60bdd5aa52e7211426769a6b2ce6f86,window_600,324.0,334.0,masked_prediction_embedding_neighbor,0.999874137204463,provisional_unverified,9116cbf4be063f5be851f65778ddfb91d60bdd5aa52e7211426769a6b2ce6f86,256.0,68.0
9116cbf4be063f5be851f65778ddfb91d60bdd5aa52e7211426769a6b2ce6f86,window_601,326.0,336.0,masked_prediction_embedding_neighbor,0.9995679562931826,provisional_unverified,9116cbf4be063f5be851f65778ddfb91d60bdd5aa52e7211426769a6b2ce6f86,40.0,286.0
9116cbf4be063f5be851f65778ddfb91d60bdd5aa52e7211426769a6b2ce6f86,window_602,328.0,338.0,masked_prediction_embedding_neighbor,0.821037617866023,provisional_unverified,9116cbf4be063f5be851f65778ddfb91d60bdd5aa52e7211426769a6b2ce6f86,72.0,256.0
9116cbf4be063f5be851f65778ddfb91d60bdd5aa52e7211426769a6b2ce6f86,window_603,330.0,340.0,masked_prediction_embedding_neighbor,0.9999812729277955,provisional_unverified,27937681c8199780c6cbce603f217d5a4457c351e84fa3cd7cfc62bfd270c550,130.0,200.0
9116cbf4be063f5be851f65778ddfb91d60bdd5aa52e7211426769a6b2ce6f86,window_604,332.0,342.0,masked_prediction_embedding_neighbor,0.9999956677760422,provisional_unverified,9116cbf4be063f5be851f65778ddfb91d60bdd5aa52e7211426769a6b2ce6f86,76.0,256.0
9116cbf4be063f5be851f65778ddfb91d60bdd5aa52e7211426769a6b2ce6f86,window_605,334.0,344.0,masked_prediction_embedding_neighbor,0.9999926616048227,provisional_unverified,4975a35d789765b9299480af66d6a5af5166fef074cef80facbac97409b84d07,112.0,222.0
9116cbf4be063f5be851f65778ddfb91d60bdd5aa52e7211426769a6b2ce6f86,window_606,336.0,346.0,masked_prediction_embedding_neighbor,0.9999957230547504,provisional_unverified,4975a35d789765b9299480af66d6a5af5166fef074cef80facbac97409b84d07,96.0,240.0
9116cbf4be063f5be851f65778ddfb91d60bdd5aa52e7211426769a6b2ce6f86,window_607,338.0,348.0,masked_prediction_embedding_neighbor,0.999698751602518,provisional_unverified,9116cbf4be063f5be851f65778ddfb91d60bdd5aa52e7211426769a6b2ce6f86,118.0,220.0
9116cbf4be063f5be851f65778ddfb91d60bdd5aa52e7211426769a6b2ce6f86,window_608,340.0,350.0,masked_prediction_embedding_neighbor,0.9999965337539886,provisional_unverified,bace0e92b25324e8afbd0e5f6698b01a921780a2385e02419965fa97e3e796c4,156.0,184.0
9116cbf4be063f5be851f65778ddfb91d60bdd5aa52e7211426769a6b2ce6f86,window_609,342.0,352.0,masked_prediction_embedding_neighbor,0.9999929517402789,provisional_unverified,18385fe48224fbfa0cd6d17705d9305f857d70ef07b47b55502d04ff71359269,190.0,152.0
9116cbf4be063f5be851f65778ddfb91d60bdd5aa52e7211426769a6b2ce6f86,window_610,344.0,354.0,masked_prediction_embedding_neighbor,0.9999965722889006,provisional_unverified,b185f43818b8ff3aba325752922bbbf37fd094f1e282887487651e0a5c8f6c7a,78.0,266.0
9116cbf4be063f5be851f65778ddfb91d60bdd5aa52e7211426769a6b2ce6f86,window_611,346.0,356.0,masked_prediction_embedding_neighbor,0.9999889962429085,provisional_unverified,8f799d59c9b5348ece1e5671692ea783d6d5e450ccebe31b6db9ad4f9510f8c5,6.0,340.0
9116cbf4be063f5be851f65778ddfb91d60bdd5aa52e7211426769a6b2ce6f86,window_612,348.0,358.0,masked_prediction_embedding_neighbor,0.9999915769108256,provisional_unverified,27937681c8199780c6cbce603f217d5a4457c351e84fa3cd7cfc62bfd270c550,192.0,156.0
9116cbf4be063f5be851f65778ddfb91d60bdd5aa52e7211426769a6b2ce6f86,window_613,350.0,360.0,masked_prediction_embedding_neighbor,0.9988687772297626,provisional_unverified,b185f43818b8ff3aba325752922bbbf37fd094f1e282887487651e0a5c8f6c7a,36.0,314.0
9116cbf4be063f5be851f65778ddfb91d60bdd5aa52e7211426769a6b2ce6f86,window_614,352.0,362.0,masked_prediction_embedding_neighbor,0.9999932728809928,provisional_unverified,8f799d59c9b5348ece1e5671692ea783d6d5e450ccebe31b6db9ad4f9510f8c5,26.0,326.0
9116cbf4be063f5be851f65778ddfb91d60bdd5aa52e7211426769a6b2ce6f86,window_615,354.0,364.0,masked_prediction_embedding_neighbor,0.9999937899513287,provisional_unverified,9116cbf4be063f5be851f65778ddfb91d60bdd5aa52e7211426769a6b2ce6f86,336.0,18.0
9116cbf4be063f5be851f65778ddfb91d60bdd5aa52e7211426769a6b2ce6f86,window_616,356.0,366.0,masked_prediction_embedding_neighbor,0.9999962681199084,provisional_unverified,4975a35d789765b9299480af66d6a5af5166fef074cef80facbac97409b84d07,98.0,258.0
9116cbf4be063f5be851f65778ddfb91d60bdd5aa52e7211426769a6b2ce6f86,window_617,358.0,368.0,masked_prediction_embedding_neighbor,0.9999963529238323,provisional_unverified,b185f43818b8ff3aba325752922bbbf37fd094f1e282887487651e0a5c8f6c7a,46.0,312.0
9116cbf4be063f5be851f65778ddfb91d60bdd5aa52e7211426769a6b2ce6f86,window_618,360.0,370.0,masked_prediction_embedding_neighbor,0.9999981184630893,provisional_unverified,18385fe48224fbfa0cd6d17705d9305f857d70ef07b47b55502d04ff71359269,160.0,200.0
9116cbf4be063f5be851f65778ddfb91d60bdd5aa52e7211426769a6b2ce6f86,window_619,362.0,372.0,masked_prediction_embedding_neighbor,0.9999954937334395,provisional_unverified,4975a35d789765b9299480af66d6a5af5166fef074cef80facbac97409b84d07,104.0,258.0
9116cbf4be063f5be851f65778ddfb91d60bdd5aa52e7211426769a6b2ce6f86,window_620,364.0,374.0,masked_prediction_embedding_neighbor,0.9993268433432672,provisional_unverified,8f799d59c9b5348ece1e5671692ea783d6d5e450ccebe31b6db9ad4f9510f8c5,4.0,360.0
9116cbf4be063f5be851f65778ddfb91d60bdd5aa52e7211426769a6b2ce6f86,window_621,366.0,376.0,masked_prediction_embedding_neighbor,0.9999414098112998,provisional_unverified,4975a35d789765b9299480af66d6a5af5166fef074cef80facbac97409b84d07,116.0,250.0
9116cbf4be063f5be851f65778ddfb91d60bdd5aa52e7211426769a6b2ce6f86,window_622,368.0,378.0,masked_prediction_embedding_neighbor,0.9999879800490522,provisional_unverified,18385fe48224fbfa0cd6d17705d9305f857d70ef07b47b55502d04ff71359269,156.0,212.0
9116cbf4be063f5be851f65778ddfb91d60bdd5aa52e7211426769a6b2ce6f86,window_623,370.0,380.0,masked_prediction_embedding_neighbor,0.9999968868548484,provisional_unverified,18385fe48224fbfa0cd6d17705d9305f857d70ef07b47b55502d04ff71359269,172.0,198.0
9116cbf4be063f5be851f65778ddfb91d60bdd5aa52e7211426769a6b2ce6f86,window_624,372.0,382.0,masked_prediction_embedding_neighbor,0.9999790258763708,provisional_unverified,bace0e92b25324e8afbd0e5f6698b01a921780a2385e02419965fa97e3e796c4,164.0,208.0
9116cbf4be063f5be851f65778ddfb91d60bdd5aa52e7211426769a6b2ce6f86,window_625,374.0,384.0,masked_prediction_embedding_neighbor,0.999949298635739,provisional_unverified,18385fe48224fbfa0cd6d17705d9305f857d70ef07b47b55502d04ff71359269,180.0,194.0
9116cbf4be063f5be851f65778ddfb91d60bdd5aa52e7211426769a6b2ce6f86,window_626,376.0,386.0,masked_prediction_embedding_neighbor,0.9999209666765906,provisional_unverified,4975a35d789765b9299480af66d6a5af5166fef074cef80facbac97409b84d07,114.0,262.0
9116cbf4be063f5be851f65778ddfb91d60bdd5aa52e7211426769a6b2ce6f86,window_627,378.0,388.0,masked_prediction_embedding_neighbor,0.9999300395218765,provisional_unverified,4975a35d789765b9299480af66d6a5af5166fef074cef80facbac97409b84d07,116.0,262.0
9116cbf4be063f5be851f65778ddfb91d60bdd5aa52e7211426769a6b2ce6f86,window_628,380.0,390.0,masked_prediction_embedding_neighbor,0.9999975623418371,provisional_unverified,27937681c8199780c6cbce603f217d5a4457c351e84fa3cd7cfc62bfd270c550,178.0,202.0
9116cbf4be063f5be851f65778ddfb91d60bdd5aa52e7211426769a6b2ce6f86,window_629,382.0,392.0,masked_prediction_embedding_neighbor,0.9999982711736293,provisional_unverified,bace0e92b25324e8afbd0e5f6698b01a921780a2385e02419965fa97e3e796c4,196.0,186.0
9116cbf4be063f5be851f65778ddfb91d60bdd5aa52e7211426769a6b2ce6f86,window_630,384.0,394.0,masked_prediction_embedding_neighbor,0.9999822249742164,provisional_unverified,4975a35d789765b9299480af66d6a5af5166fef074cef80facbac97409b84d07,100.0,284.0
9116cbf4be063f5be851f65778ddfb91d60bdd5aa52e7211426769a6b2ce6f86,window_631,386.0,396.0,masked_prediction_embedding_neighbor,0.9999777310156508,provisional_unverified,27937681c8199780c6cbce603f217d5a4457c351e84fa3cd7cfc62bfd270c550,182.0,204.0
9116cbf4be063f5be851f65778ddfb91d60bdd5aa52e7211426769a6b2ce6f86,window_632,388.0,398.0,masked_prediction_embedding_neighbor,0.9999967431144816,provisional_unverified,18385fe48224fbfa0cd6d17705d9305f857d70ef07b47b55502d04ff71359269,190.0,198.0
9116cbf4be063f5be851f65778ddfb91d60bdd5aa52e7211426769a6b2ce6f86,window_633,390.0,400.0,masked_prediction_embedding_neighbor,0.9999966812620894,provisional_unverified,18385fe48224fbfa0cd6d17705d9305f857d70ef07b47b55502d04ff71359269,190.0,200.0
9116cbf4be063f5be851f65778ddfb91d60bdd5aa52e7211426769a6b2ce6f86,window_634,392.0,402.0,masked_prediction_embedding_neighbor,0.9999983275256821,provisional_unverified,b185f43818b8ff3aba325752922bbbf37fd094f1e282887487651e0a5c8f6c7a,78.0,314.0
9116cbf4be063f5be851f65778ddfb91d60bdd5aa52e7211426769a6b2ce6f86,window_635,394.0,404.0,masked_prediction_embedding_neighbor,0.9994364309527659,provisional_unverified,9116cbf4be063f5be851f65778ddfb91d60bdd5aa52e7211426769a6b2ce6f86,152.0,242.0
9116cbf4be063f5be851f65778ddfb91d60bdd5aa52e7211426769a6b2ce6f86,window_636,396.0,406.0,masked_prediction_embedding_neighbor,0.999985051856285,provisional_unverified,9116cbf4be063f5be851f65778ddfb91d60bdd5aa52e7211426769a6b2ce6f86,354.0,42.0
9116cbf4be063f5be851f65778ddfb91d60bdd5aa52e7211426769a6b2ce6f86,window_637,398.0,408.0,masked_prediction_embedding_neighbor,0.9999961302824589,provisional_unverified,b185f43818b8ff3aba325752922bbbf37fd094f1e282887487651e0a5c8f6c7a,42.0,356.0
9116cbf4be063f5be851f65778ddfb91d60bdd5aa52e7211426769a6b2ce6f86,window_638,400.0,410.0,masked_prediction_embedding_neighbor,0.9999845127095026,provisional_unverified,9116cbf4be063f5be851f65778ddfb91d60bdd5aa52e7211426769a6b2ce6f86,334.0,66.0
9116cbf4be063f5be851f65778ddfb91d60bdd5aa52e7211426769a6b2ce6f86,window_639,402.0,412.0,masked_prediction_embedding_neighbor,0.9999924491591844,provisional_unverified,bace0e92b25324e8afbd0e5f6698b01a921780a2385e02419965fa97e3e796c4,214.0,188.0
9116cbf4be063f5be851f65778ddfb91d60bdd5aa52e7211426769a6b2ce6f86,window_640,404.0,414.0,masked_prediction_embedding_neighbor,0.999988735078476,provisional_unverified,bace0e92b25324e8afbd0e5f6698b01a921780a2385e02419965fa97e3e796c4,216.0,188.0
9116cbf4be063f5be851f65778ddfb91d60bdd5aa52e7211426769a6b2ce6f86,window_641,406.0,416.0,masked_prediction_embedding_neighbor,0.9997159532321315,provisional_unverified,bace0e92b25324e8afbd0e5f6698b01a921780a2385e02419965fa97e3e796c4,160.0,246.0
9116cbf4be063f5be851f65778ddfb91d60bdd5aa52e7211426769a6b2ce6f86,window_642,408.0,418.0,masked_prediction_embedding_neighbor,0.9999843447000929,provisional_unverified,8f799d59c9b5348ece1e5671692ea783d6d5e450ccebe31b6db9ad4f9510f8c5,72.0,336.0
9116cbf4be063f5be851f65778ddfb91d60bdd5aa52e7211426769a6b2ce6f86,window_643,410.0,420.0,masked_prediction_embedding_neighbor,0.9999402274033179,provisional_unverified,b185f43818b8ff3aba325752922bbbf37fd094f1e282887487651e0a5c8f6c7a,96.0,314.0
9116cbf4be063f5be851f65778ddfb91d60bdd5aa52e7211426769a6b2ce6f86,window_644,412.0,422.0,masked_prediction_embedding_neighbor,0.999980491572655,provisional_unverified,bace0e92b25324e8afbd0e5f6698b01a921780a2385e02419965fa97e3e796c4,226.0,186.0
9116cbf4be063f5be851f65778ddfb91d60bdd5aa52e7211426769a6b2ce6f86,window_645,414.0,424.0,masked_prediction_embedding_neighbor,0.9999434387317435,provisional_unverified,5c12d7b5eff374be805bae6c5e2906f6c02b6bc3ad6ba70d3674bafd4f16fc15,22.0,392.0
9116cbf4be063f5be851f65778ddfb91d60bdd5aa52e7211426769a6b2ce6f86,window_646,416.0,426.0,masked_prediction_embedding_neighbor,0.9996598778519113,provisional_unverified,b185f43818b8ff3aba325752922bbbf37fd094f1e282887487651e0a5c8f6c7a,104.0,312.0
9116cbf4be063f5be851f65778ddfb91d60bdd5aa52e7211426769a6b2ce6f86,window_647,418.0,428.0,masked_prediction_embedding_neighbor,0.9919566679965572,provisional_unverified,5c12d7b5eff374be805bae6c5e2906f6c02b6bc3ad6ba70d3674bafd4f16fc15,36.0,382.0
9116cbf4be063f5be851f65778ddfb91d60bdd5aa52e7211426769a6b2ce6f86,window_648,420.0,430.0,masked_prediction_embedding_neighbor,0.9999318566846654,provisional_unverified,5c12d7b5eff374be805bae6c5e2906f6c02b6bc3ad6ba70d3674bafd4f16fc15,8.0,412.0
9116cbf4be063f5be851f65778ddfb91d60bdd5aa52e7211426769a6b2ce6f86,window_649,422.0,432.0,masked_prediction_embedding_neighbor,0.9997284294564092,provisional_unverified,73093667f33a7f710fc20059989a002071359119e1e9c0a4128b67729755da33,0.0,422.0
9116cbf4be063f5be851f65778ddfb91d60bdd5aa52e7211426769a6b2ce6f86,window_650,424.0,434.0,masked_prediction_embedding_neighbor,0.9997233931932727,provisional_unverified,73093667f33a7f710fc20059989a002071359119e1e9c0a4128b67729755da33,0.0,424.0
9116cbf4be063f5be851f65778ddfb91d60bdd5aa52e7211426769a6b2ce6f86,window_651,426.0,436.0,masked_prediction_embedding_neighbor,0.9997213375679704,provisional_unverified,73093667f33a7f710fc20059989a002071359119e1e9c0a4128b67729755da33,0.0,426.0
9116cbf4be063f5be851f65778ddfb91d60bdd5aa52e7211426769a6b2ce6f86,window_652,428.0,438.0,masked_prediction_embedding_neighbor,0.9997155615596769,provisional_unverified,73093667f33a7f710fc20059989a002071359119e1e9c0a4128b67729755da33,0.0,428.0
9116cbf4be063f5be851f65778ddfb91d60bdd5aa52e7211426769a6b2ce6f86,window_653,430.0,440.0,masked_prediction_embedding_neighbor,0.9997179182197414,provisional_unverified,73093667f33a7f710fc20059989a002071359119e1e9c0a4128b67729755da33,0.0,430.0
9116cbf4be063f5be851f65778ddfb91d60bdd5aa52e7211426769a6b2ce6f86,window_654,432.0,442.0,masked_prediction_embedding_neighbor,0.9999263294392446,provisional_unverified,8f799d59c9b5348ece1e5671692ea783d6d5e450ccebe31b6db9ad4f9510f8c5,96.0,336.0
9116cbf4be063f5be851f65778ddfb91d60bdd5aa52e7211426769a6b2ce6f86,window_655,434.0,444.0,masked_prediction_embedding_neighbor,0.999978559708458,provisional_unverified,9116cbf4be063f5be851f65778ddfb91d60bdd5aa52e7211426769a6b2ce6f86,190.0,244.0
9116cbf4be063f5be851f65778ddfb91d60bdd5aa52e7211426769a6b2ce6f86,window_656,436.0,446.0,masked_prediction_embedding_neighbor,0.9999882679708144,provisional_unverified,9116cbf4be063f5be851f65778ddfb91d60bdd5aa52e7211426769a6b2ce6f86,190.0,246.0
9116cbf4be063f5be851f65778ddfb91d60bdd5aa52e7211426769a6b2ce6f86,window_657,438.0,448.0,masked_prediction_embedding_neighbor,0.9999835252036101,provisional_unverified,9116cbf4be063f5be851f65778ddfb91d60bdd5aa52e7211426769a6b2ce6f86,190.0,248.0
9116cbf4be063f5be851f65778ddfb91d60bdd5aa52e7211426769a6b2ce6f86,window_658,440.0,450.0,masked_prediction_embedding_neighbor,0.9999743508910212,provisional_unverified,9116cbf4be063f5be851f65778ddfb91d60bdd5aa52e7211426769a6b2ce6f86,190.0,250.0
9116cbf4be063f5be851f65778ddfb91d60bdd5aa52e7211426769a6b2ce6f86,window_659,442.0,452.0,masked_prediction_embedding_neighbor,0.9999768661654816,provisional_unverified,973ef84ffaa4e83d002ed655331eb305b340c0f3f25b57795f97a151bcc3490b,2.0,440.0
9116cbf4be063f5be851f65778ddfb91d60bdd5aa52e7211426769a6b2ce6f86,window_660,444.0,454.0,masked_prediction_embedding_neighbor,0.9999759891975087,provisional_unverified,973ef84ffaa4e83d002ed655331eb305b340c0f3f25b57795f97a151bcc3490b,2.0,442.0
9116cbf4be063f5be851f65778ddfb91d60bdd5aa52e7211426769a6b2ce6f86,window_661,446.0,456.0,masked_prediction_embedding_neighbor,0.9999642530020252,provisional_unverified,5c12d7b5eff374be805bae6c5e2906f6c02b6bc3ad6ba70d3674bafd4f16fc15,18.0,428.0
973ef84ffaa4e83d002ed655331eb305b340c0f3f25b57795f97a151bcc3490b,window_662,0.0,10.0,masked_prediction_embedding_neighbor,0.9999788875113935,provisional_unverified,9116cbf4be063f5be851f65778ddfb91d60bdd5aa52e7211426769a6b2ce6f86,412.0,412.0
973ef84ffaa4e83d002ed655331eb305b340c0f3f25b57795f97a151bcc3490b,window_663,2.0,12.0,masked_prediction_embedding_neighbor,0.9999928123886839,provisional_unverified,9116cbf4be063f5be851f65778ddfb91d60bdd5aa52e7211426769a6b2ce6f86,190.0,188.0
b185f43818b8ff3aba325752922bbbf37fd094f1e282887487651e0a5c8f6c7a,window_664,0.0,10.0,masked_prediction_embedding_neighbor,0.9747233446553896,provisional_unverified,27937681c8199780c6cbce603f217d5a4457c351e84fa3cd7cfc62bfd270c550,18.0,18.0
b185f43818b8ff3aba325752922bbbf37fd094f1e282887487651e0a5c8f6c7a,window_665,2.0,12.0,masked_prediction_embedding_neighbor,0.9710422498257278,provisional_unverified,18385fe48224fbfa0cd6d17705d9305f857d70ef07b47b55502d04ff71359269,58.0,56.0
b185f43818b8ff3aba325752922bbbf37fd094f1e282887487651e0a5c8f6c7a,window_666,4.0,14.0,masked_prediction_embedding_neighbor,0.9824127307022745,provisional_unverified,27937681c8199780c6cbce603f217d5a4457c351e84fa3cd7cfc62bfd270c550,6.0,2.0
b185f43818b8ff3aba325752922bbbf37fd094f1e282887487651e0a5c8f6c7a,window_667,6.0,16.0,masked_prediction_embedding_neighbor,0.9830372562226575,provisional_unverified,27937681c8199780c6cbce603f217d5a4457c351e84fa3cd7cfc62bfd270c550,18.0,12.0
b185f43818b8ff3aba325752922bbbf37fd094f1e282887487651e0a5c8f6c7a,window_668,8.0,18.0,masked_prediction_embedding_neighbor,0.959882007149228,provisional_unverified,27937681c8199780c6cbce603f217d5a4457c351e84fa3cd7cfc62bfd270c550,118.0,110.0
b185f43818b8ff3aba325752922bbbf37fd094f1e282887487651e0a5c8f6c7a,window_669,10.0,20.0,masked_prediction_embedding_neighbor,0.9352296457742301,provisional_unverified,5790cd1534b1de5ac4693367fe5d8ca6951cd36a7abcd3c778cee8923a932a75,16.0,6.0
b185f43818b8ff3aba325752922bbbf37fd094f1e282887487651e0a5c8f6c7a,window_670,12.0,22.0,masked_prediction_embedding_neighbor,0.9996106230962101,provisional_unverified,18385fe48224fbfa0cd6d17705d9305f857d70ef07b47b55502d04ff71359269,128.0,116.0
b185f43818b8ff3aba325752922bbbf37fd094f1e282887487651e0a5c8f6c7a,window_671,14.0,24.0,masked_prediction_embedding_neighbor,0.9998807392867037,provisional_unverified,9116cbf4be063f5be851f65778ddfb91d60bdd5aa52e7211426769a6b2ce6f86,74.0,60.0
b185f43818b8ff3aba325752922bbbf37fd094f1e282887487651e0a5c8f6c7a,window_672,16.0,26.0,masked_prediction_embedding_neighbor,0.9999916997302702,provisional_unverified,9116cbf4be063f5be851f65778ddfb91d60bdd5aa52e7211426769a6b2ce6f86,332.0,316.0
b185f43818b8ff3aba325752922bbbf37fd094f1e282887487651e0a5c8f6c7a,window_673,18.0,28.0,masked_prediction_embedding_neighbor,0.9999928630690381,provisional_unverified,9116cbf4be063f5be851f65778ddfb91d60bdd5aa52e7211426769a6b2ce6f86,78.0,60.0
b185f43818b8ff3aba325752922bbbf37fd094f1e282887487651e0a5c8f6c7a,window_674,20.0,30.0,masked_prediction_embedding_neighbor,0.9999932817016097,provisional_unverified,b185f43818b8ff3aba325752922bbbf37fd094f1e282887487651e0a5c8f6c7a,42.0,22.0
b185f43818b8ff3aba325752922bbbf37fd094f1e282887487651e0a5c8f6c7a,window_675,22.0,32.0,masked_prediction_embedding_neighbor,0.9999673104796534,provisional_unverified,27937681c8199780c6cbce603f217d5a4457c351e84fa3cd7cfc62bfd270c550,176.0,154.0
b185f43818b8ff3aba325752922bbbf37fd094f1e282887487651e0a5c8f6c7a,window_676,24.0,34.0,masked_prediction_embedding_neighbor,0.9999472289958291,provisional_unverified,27937681c8199780c6cbce603f217d5a4457c351e84fa3cd7cfc62bfd270c550,138.0,114.0
b185f43818b8ff3aba325752922bbbf37fd094f1e282887487651e0a5c8f6c7a,window_677,26.0,36.0,masked_prediction_embedding_neighbor,0.9999947241826477,provisional_unverified,18385fe48224fbfa0cd6d17705d9305f857d70ef07b47b55502d04ff71359269,144.0,118.0
b185f43818b8ff3aba325752922bbbf37fd094f1e282887487651e0a5c8f6c7a,window_678,28.0,38.0,masked_prediction_embedding_neighbor,0.9999901169242514,provisional_unverified,27937681c8199780c6cbce603f217d5a4457c351e84fa3cd7cfc62bfd270c550,186.0,158.0
b185f43818b8ff3aba325752922bbbf37fd094f1e282887487651e0a5c8f6c7a,window_679,30.0,40.0,masked_prediction_embedding_neighbor,0.9999818660031391,provisional_unverified,27937681c8199780c6cbce603f217d5a4457c351e84fa3cd7cfc62bfd270c550,144.0,114.0
b185f43818b8ff3aba325752922bbbf37fd094f1e282887487651e0a5c8f6c7a,window_680,32.0,42.0,masked_prediction_embedding_neighbor,0.9999362549260804,provisional_unverified,8f799d59c9b5348ece1e5671692ea783d6d5e450ccebe31b6db9ad4f9510f8c5,58.0,26.0
b185f43818b8ff3aba325752922bbbf37fd094f1e282887487651e0a5c8f6c7a,window_681,34.0,44.0,masked_prediction_embedding_neighbor,0.9999637685277682,provisional_unverified,27937681c8199780c6cbce603f217d5a4457c351e84fa3cd7cfc62bfd270c550,164.0,130.0
b185f43818b8ff3aba325752922bbbf37fd094f1e282887487651e0a5c8f6c7a,window_682,36.0,46.0,masked_prediction_embedding_neighbor,0.9990099177644226,provisional_unverified,b185f43818b8ff3aba325752922bbbf37fd094f1e282887487651e0a5c8f6c7a,60.0,24.0
b185f43818b8ff3aba325752922bbbf37fd094f1e282887487651e0a5c8f6c7a,window_683,38.0,48.0,masked_prediction_embedding_neighbor,0.9999880626030516,provisional_unverified,8f799d59c9b5348ece1e5671692ea783d6d5e450ccebe31b6db9ad4f9510f8c5,18.0,20.0
b185f43818b8ff3aba325752922bbbf37fd094f1e282887487651e0a5c8f6c7a,window_684,40.0,50.0,masked_prediction_embedding_neighbor,0.9999848764303338,provisional_unverified,8f799d59c9b5348ece1e5671692ea783d6d5e450ccebe31b6db9ad4f9510f8c5,18.0,22.0
b185f43818b8ff3aba325752922bbbf37fd094f1e282887487651e0a5c8f6c7a,window_685,42.0,52.0,masked_prediction_embedding_neighbor,0.9999990704579395,provisional_unverified,8f799d59c9b5348ece1e5671692ea783d6d5e450ccebe31b6db9ad4f9510f8c5,22.0,20.0
b185f43818b8ff3aba325752922bbbf37fd094f1e282887487651e0a5c8f6c7a,window_686,44.0,54.0,masked_prediction_embedding_neighbor,0.9999943095111531,provisional_unverified,18385fe48224fbfa0cd6d17705d9305f857d70ef07b47b55502d04ff71359269,168.0,124.0
b185f43818b8ff3aba325752922bbbf37fd094f1e282887487651e0a5c8f6c7a,window_687,46.0,56.0,masked_prediction_embedding_neighbor,0.9999963529238323,provisional_unverified,9116cbf4be063f5be851f65778ddfb91d60bdd5aa52e7211426769a6b2ce6f86,358.0,312.0
b185f43818b8ff3aba325752922bbbf37fd094f1e282887487651e0a5c8f6c7a,window_688,48.0,58.0,masked_prediction_embedding_neighbor,0.9999218494881964,provisional_unverified,8f799d59c9b5348ece1e5671692ea783d6d5e450ccebe31b6db9ad4f9510f8c5,32.0,16.0
b185f43818b8ff3aba325752922bbbf37fd094f1e282887487651e0a5c8f6c7a,window_689,50.0,60.0,masked_prediction_embedding_neighbor,0.9946632534836835,provisional_unverified,18385fe48224fbfa0cd6d17705d9305f857d70ef07b47b55502d04ff71359269,166.0,116.0
b185f43818b8ff3aba325752922bbbf37fd094f1e282887487651e0a5c8f6c7a,window_690,52.0,62.0,masked_prediction_embedding_neighbor,0.9986986404498188,provisional_unverified,27937681c8199780c6cbce603f217d5a4457c351e84fa3cd7cfc62bfd270c550,170.0,118.0
b185f43818b8ff3aba325752922bbbf37fd094f1e282887487651e0a5c8f6c7a,window_691,54.0,64.0,masked_prediction_embedding_neighbor,0.9999870020440735,provisional_unverified,18385fe48224fbfa0cd6d17705d9305f857d70ef07b47b55502d04ff71359269,168.0,114.0
b185f43818b8ff3aba325752922bbbf37fd094f1e282887487651e0a5c8f6c7a,window_692,56.0,66.0,masked_prediction_embedding_neighbor,0.9999942903107177,provisional_unverified,18385fe48224fbfa0cd6d17705d9305f857d70ef07b47b55502d04ff71359269,184.0,128.0
b185f43818b8ff3aba325752922bbbf37fd094f1e282887487651e0a5c8f6c7a,window_693,58.0,68.0,masked_prediction_embedding_neighbor,0.9999926654683767,provisional_unverified,9116cbf4be063f5be851f65778ddfb91d60bdd5aa52e7211426769a6b2ce6f86,354.0,296.0
b185f43818b8ff3aba325752922bbbf37fd094f1e282887487651e0a5c8f6c7a,window_694,60.0,70.0,masked_prediction_embedding_neighbor,0.9990099177644226,provisional_unverified,b185f43818b8ff3aba325752922bbbf37fd094f1e282887487651e0a5c8f6c7a,36.0,24.0
b185f43818b8ff3aba325752922bbbf37fd094f1e282887487651e0a5c8f6c7a,window_695,62.0,72.0,masked_prediction_embedding_neighbor,0.999848150425363,provisional_unverified,9116cbf4be063f5be851f65778ddfb91d60bdd5aa52e7211426769a6b2ce6f86,366.0,304.0
b185f43818b8ff3aba325752922bbbf37fd094f1e282887487651e0a5c8f6c7a,window_696,64.0,74.0,masked_prediction_embedding_neighbor,0.9998606177394724,provisional_unverified,4975a35d789765b9299480af66d6a5af5166fef074cef80facbac97409b84d07,114.0,50.0
b185f43818b8ff3aba325752922bbbf37fd094f1e282887487651e0a5c8f6c7a,window_697,66.0,76.0,masked_prediction_embedding_neighbor,0.9999913130536533,provisional_unverified,27937681c8199780c6cbce603f217d5a4457c351e84fa3cd7cfc62bfd270c550,150.0,84.0
b185f43818b8ff3aba325752922bbbf37fd094f1e282887487651e0a5c8f6c7a,window_698,68.0,78.0,masked_prediction_embedding_neighbor,0.9999969581253103,provisional_unverified,4975a35d789765b9299480af66d6a5af5166fef074cef80facbac97409b84d07,112.0,44.0
b185f43818b8ff3aba325752922bbbf37fd094f1e282887487651e0a5c8f6c7a,window_699,70.0,80.0,masked_prediction_embedding_neighbor,0.9999953734697038,provisional_unverified,8f799d59c9b5348ece1e5671692ea783d6d5e450ccebe31b6db9ad4f9510f8c5,36.0,34.0
b185f43818b8ff3aba325752922bbbf37fd094f1e282887487651e0a5c8f6c7a,window_700,72.0,82.0,masked_prediction_embedding_neighbor,0.9977458803483776,provisional_unverified,bace0e92b25324e8afbd0e5f6698b01a921780a2385e02419965fa97e3e796c4,188.0,116.0
b185f43818b8ff3aba325752922bbbf37fd094f1e282887487651e0a5c8f6c7a,window_701,74.0,84.0,masked_prediction_embedding_neighbor,0.9999952885058185,provisional_unverified,27937681c8199780c6cbce603f217d5a4457c351e84fa3cd7cfc62bfd270c550,140.0,66.0
b185f43818b8ff3aba325752922bbbf37fd094f1e282887487651e0a5c8f6c7a,window_702,76.0,86.0,masked_prediction_embedding_neighbor,0.9999924758276153,provisional_unverified,9116cbf4be063f5be851f65778ddfb91d60bdd5aa52e7211426769a6b2ce6f86,388.0,312.0
b185f43818b8ff3aba325752922bbbf37fd094f1e282887487651e0a5c8f6c7a,window_703,78.0,88.0,masked_prediction_embedding_neighbor,0.9999983275256821,provisional_unverified,9116cbf4be063f5be851f65778ddfb91d60bdd5aa52e7211426769a6b2ce6f86,392.0,314.0
b185f43818b8ff3aba325752922bbbf37fd094f1e282887487651e0a5c8f6c7a,window_704,80.0,90.0,masked_prediction_embedding_neighbor,0.9999739625738624,provisional_unverified,27937681c8199780c6cbce603f217d5a4457c351e84fa3cd7cfc62bfd270c550,144.0,64.0
b185f43818b8ff3aba325752922bbbf37fd094f1e282887487651e0a5c8f6c7a,window_705,82.0,92.0,masked_prediction_embedding_neighbor,0.9997131957423122,provisional_unverified,8f799d59c9b5348ece1e5671692ea783d6d5e450ccebe31b6db9ad4f9510f8c5,38.0,44.0
b185f43818b8ff3aba325752922bbbf37fd094f1e282887487651e0a5c8f6c7a,window_706,84.0,94.0,masked_prediction_embedding_neighbor,0.9999949770288743,provisional_unverified,8f799d59c9b5348ece1e5671692ea783d6d5e450ccebe31b6db9ad4f9510f8c5,62.0,22.0
b185f43818b8ff3aba325752922bbbf37fd094f1e282887487651e0a5c8f6c7a,window_707,86.0,96.0,masked_prediction_embedding_neighbor,0.9999822984172755,provisional_unverified,27937681c8199780c6cbce603f217d5a4457c351e84fa3cd7cfc62bfd270c550,134.0,48.0
b185f43818b8ff3aba325752922bbbf37fd094f1e282887487651e0a5c8f6c7a,window_708,88.0,98.0,masked_prediction_embedding_neighbor,0.9999787902419434,provisional_unverified,18385fe48224fbfa0cd6d17705d9305f857d70ef07b47b55502d04ff71359269,198.0,110.0
b185f43818b8ff3aba325752922bbbf37fd094f1e282887487651e0a5c8f6c7a,window_709,90.0,100.0,masked_prediction_embedding_neighbor,0.999961446545645,provisional_unverified,8f799d59c9b5348ece1e5671692ea783d6d5e450ccebe31b6db9ad4f9510f8c5,68.0,22.0
b185f43818b8ff3aba325752922bbbf37fd094f1e282887487651e0a5c8f6c7a,window_710,92.0,102.0,masked_prediction_embedding_neighbor,0.9994124739123748,provisional_unverified,9116cbf4be063f5be851f65778ddfb91d60bdd5aa52e7211426769a6b2ce6f86,166.0,74.0
b185f43818b8ff3aba325752922bbbf37fd094f1e282887487651e0a5c8f6c7a,window_711,94.0,104.0,masked_prediction_embedding_neighbor,0.9269765148045569,provisional_unverified,bace0e92b25324e8afbd0e5f6698b01a921780a2385e02419965fa97e3e796c4,178.0,84.0
b185f43818b8ff3aba325752922bbbf37fd094f1e282887487651e0a5c8f6c7a,window_712,96.0,106.0,masked_prediction_embedding_neighbor,0.9999402274033179,provisional_unverified,9116cbf4be063f5be851f65778ddfb91d60bdd5aa52e7211426769a6b2ce6f86,410.0,314.0
b185f43818b8ff3aba325752922bbbf37fd094f1e282887487651e0a5c8f6c7a,window_713,98.0,108.0,masked_prediction_embedding_neighbor,0.999990691745613,provisional_unverified,18385fe48224fbfa0cd6d17705d9305f857d70ef07b47b55502d04ff71359269,212.0,114.0
b185f43818b8ff3aba325752922bbbf37fd094f1e282887487651e0a5c8f6c7a,window_714,100.0,110.0,masked_prediction_embedding_neighbor,0.9999928098794897,provisional_unverified,9116cbf4be063f5be851f65778ddfb91d60bdd5aa52e7211426769a6b2ce6f86,194.0,94.0
b185f43818b8ff3aba325752922bbbf37fd094f1e282887487651e0a5c8f6c7a,window_715,102.0,112.0,masked_prediction_embedding_neighbor,0.9999962995905571,provisional_unverified,18385fe48224fbfa0cd6d17705d9305f857d70ef07b47b55502d04ff71359269,216.0,114.0
b185f43818b8ff3aba325752922bbbf37fd094f1e282887487651e0a5c8f6c7a,window_716,104.0,114.0,masked_prediction_embedding_neighbor,0.9996900345722332,provisional_unverified,5c12d7b5eff374be805bae6c5e2906f6c02b6bc3ad6ba70d3674bafd4f16fc15,24.0,80.0
b185f43818b8ff3aba325752922bbbf37fd094f1e282887487651e0a5c8f6c7a,window_717,106.0,116.0,masked_prediction_embedding_neighbor,0.6847497916257427,provisional_unverified,9116cbf4be063f5be851f65778ddfb91d60bdd5aa52e7211426769a6b2ce6f86,94.0,12.0
b185f43818b8ff3aba325752922bbbf37fd094f1e282887487651e0a5c8f6c7a,window_718,108.0,118.0,masked_prediction_embedding_neighbor,0.9642600643027367,provisional_unverified,27937681c8199780c6cbce603f217d5a4457c351e84fa3cd7cfc62bfd270c550,110.0,2.0
b185f43818b8ff3aba325752922bbbf37fd094f1e282887487651e0a5c8f6c7a,window_719,110.0,120.0,masked_prediction_embedding_neighbor,0.9810722213307941,provisional_unverified,27937681c8199780c6cbce603f217d5a4457c351e84fa3cd7cfc62bfd270c550,114.0,4.0
b185f43818b8ff3aba325752922bbbf37fd094f1e282887487651e0a5c8f6c7a,window_720,112.0,122.0,masked_prediction_embedding_neighbor,0.9998026600843936,provisional_unverified,8f799d59c9b5348ece1e5671692ea783d6d5e450ccebe31b6db9ad4f9510f8c5,92.0,20.0
b185f43818b8ff3aba325752922bbbf37fd094f1e282887487651e0a5c8f6c7a,window_721,114.0,124.0,masked_prediction_embedding_neighbor,0.999990573446169,provisional_unverified,5c12d7b5eff374be805bae6c5e2906f6c02b6bc3ad6ba70d3674bafd4f16fc15,14.0,100.0
b439fc5983a3a0db22239d5dcf8cbebf9104a8b71a93c2afd75e75fe87301e46,window_722,0.0,10.0,masked_prediction_embedding_neighbor,0.9998989816759202,provisional_unverified,9116cbf4be063f5be851f65778ddfb91d60bdd5aa52e7211426769a6b2ce6f86,312.0,312.0
bace0e92b25324e8afbd0e5f6698b01a921780a2385e02419965fa97e3e796c4,window_723,0.0,10.0,masked_prediction_embedding_neighbor,0.9999765330393829,provisional_unverified,bace0e92b25324e8afbd0e5f6698b01a921780a2385e02419965fa97e3e796c4,118.0,118.0
bace0e92b25324e8afbd0e5f6698b01a921780a2385e02419965fa97e3e796c4,window_724,2.0,12.0,masked_prediction_embedding_neighbor,0.9999637765530149,provisional_unverified,bace0e92b25324e8afbd0e5f6698b01a921780a2385e02419965fa97e3e796c4,54.0,52.0
bace0e92b25324e8afbd0e5f6698b01a921780a2385e02419965fa97e3e796c4,window_725,4.0,14.0,masked_prediction_embedding_neighbor,0.999984343638407,provisional_unverified,bace0e92b25324e8afbd0e5f6698b01a921780a2385e02419965fa97e3e796c4,54.0,50.0
bace0e92b25324e8afbd0e5f6698b01a921780a2385e02419965fa97e3e796c4,window_726,6.0,16.0,masked_prediction_embedding_neighbor,0.9999458648237562,provisional_unverified,bace0e92b25324e8afbd0e5f6698b01a921780a2385e02419965fa97e3e796c4,68.0,62.0
bace0e92b25324e8afbd0e5f6698b01a921780a2385e02419965fa97e3e796c4,window_727,8.0,18.0,masked_prediction_embedding_neighbor,0.9999639581280784,provisional_unverified,bace0e92b25324e8afbd0e5f6698b01a921780a2385e02419965fa97e3e796c4,68.0,60.0
bace0e92b25324e8afbd0e5f6698b01a921780a2385e02419965fa97e3e796c4,window_728,10.0,20.0,masked_prediction_embedding_neighbor,0.9999833587850926,provisional_unverified,bace0e92b25324e8afbd0e5f6698b01a921780a2385e02419965fa97e3e796c4,68.0,58.0
bace0e92b25324e8afbd0e5f6698b01a921780a2385e02419965fa97e3e796c4,window_729,12.0,22.0,masked_prediction_embedding_neighbor,0.9999756790646074,provisional_unverified,bace0e92b25324e8afbd0e5f6698b01a921780a2385e02419965fa97e3e796c4,68.0,56.0
bace0e92b25324e8afbd0e5f6698b01a921780a2385e02419965fa97e3e796c4,window_730,14.0,24.0,masked_prediction_embedding_neighbor,0.9999953228717199,provisional_unverified,bace0e92b25324e8afbd0e5f6698b01a921780a2385e02419965fa97e3e796c4,68.0,54.0
bace0e92b25324e8afbd0e5f6698b01a921780a2385e02419965fa97e3e796c4,window_731,16.0,26.0,masked_prediction_embedding_neighbor,0.9999991902504718,provisional_unverified,bace0e92b25324e8afbd0e5f6698b01a921780a2385e02419965fa97e3e796c4,74.0,58.0
bace0e92b25324e8afbd0e5f6698b01a921780a2385e02419965fa97e3e796c4,window_732,18.0,28.0,masked_prediction_embedding_neighbor,0.9999977170830807,provisional_unverified,bace0e92b25324e8afbd0e5f6698b01a921780a2385e02419965fa97e3e796c4,58.0,40.0
bace0e92b25324e8afbd0e5f6698b01a921780a2385e02419965fa97e3e796c4,window_733,20.0,30.0,masked_prediction_embedding_neighbor,0.9999976670576406,provisional_unverified,bace0e92b25324e8afbd0e5f6698b01a921780a2385e02419965fa97e3e796c4,46.0,26.0
bace0e92b25324e8afbd0e5f6698b01a921780a2385e02419965fa97e3e796c4,window_734,22.0,32.0,masked_prediction_embedding_neighbor,0.9999807169899819,provisional_unverified,bace0e92b25324e8afbd0e5f6698b01a921780a2385e02419965fa97e3e796c4,132.0,110.0
bace0e92b25324e8afbd0e5f6698b01a921780a2385e02419965fa97e3e796c4,window_735,24.0,34.0,masked_prediction_embedding_neighbor,0.9998308485249915,provisional_unverified,dc8bf44eb4cc0becf1c5ebe252a515c98193744c2031498501de80e036899758,134.0,110.0
bace0e92b25324e8afbd0e5f6698b01a921780a2385e02419965fa97e3e796c4,window_736,26.0,36.0,masked_prediction_embedding_neighbor,0.9999389737969896,provisional_unverified,dc8bf44eb4cc0becf1c5ebe252a515c98193744c2031498501de80e036899758,156.0,130.0
bace0e92b25324e8afbd0e5f6698b01a921780a2385e02419965fa97e3e796c4,window_737,28.0,38.0,masked_prediction_embedding_neighbor,0.9999475406726201,provisional_unverified,dc8bf44eb4cc0becf1c5ebe252a515c98193744c2031498501de80e036899758,86.0,58.0
bace0e92b25324e8afbd0e5f6698b01a921780a2385e02419965fa97e3e796c4,window_738,30.0,40.0,masked_prediction_embedding_neighbor,0.9999642694418911,provisional_unverified,dc8bf44eb4cc0becf1c5ebe252a515c98193744c2031498501de80e036899758,56.0,26.0
bace0e92b25324e8afbd0e5f6698b01a921780a2385e02419965fa97e3e796c4,window_739,32.0,42.0,masked_prediction_embedding_neighbor,0.999967130662904,provisional_unverified,dc8bf44eb4cc0becf1c5ebe252a515c98193744c2031498501de80e036899758,132.0,100.0
bace0e92b25324e8afbd0e5f6698b01a921780a2385e02419965fa97e3e796c4,window_740,34.0,44.0,masked_prediction_embedding_neighbor,0.9999698265395242,provisional_unverified,bace0e92b25324e8afbd0e5f6698b01a921780a2385e02419965fa97e3e796c4,126.0,92.0
bace0e92b25324e8afbd0e5f6698b01a921780a2385e02419965fa97e3e796c4,window_741,36.0,46.0,masked_prediction_embedding_neighbor,0.999953775812638,provisional_unverified,bace0e92b25324e8afbd0e5f6698b01a921780a2385e02419965fa97e3e796c4,120.0,84.0
bace0e92b25324e8afbd0e5f6698b01a921780a2385e02419965fa97e3e796c4,window_742,38.0,48.0,masked_prediction_embedding_neighbor,0.9999868397674033,provisional_unverified,bace0e92b25324e8afbd0e5f6698b01a921780a2385e02419965fa97e3e796c4,102.0,64.0
bace0e92b25324e8afbd0e5f6698b01a921780a2385e02419965fa97e3e796c4,window_743,40.0,50.0,masked_prediction_embedding_neighbor,0.9999937687722681,provisional_unverified,bace0e92b25324e8afbd0e5f6698b01a921780a2385e02419965fa97e3e796c4,102.0,62.0
bace0e92b25324e8afbd0e5f6698b01a921780a2385e02419965fa97e3e796c4,window_744,42.0,52.0,masked_prediction_embedding_neighbor,0.9999838984917582,provisional_unverified,bace0e92b25324e8afbd0e5f6698b01a921780a2385e02419965fa97e3e796c4,102.0,60.0
bace0e92b25324e8afbd0e5f6698b01a921780a2385e02419965fa97e3e796c4,window_745,44.0,54.0,masked_prediction_embedding_neighbor,0.9999944132663018,provisional_unverified,bace0e92b25324e8afbd0e5f6698b01a921780a2385e02419965fa97e3e796c4,20.0,24.0
bace0e92b25324e8afbd0e5f6698b01a921780a2385e02419965fa97e3e796c4,window_746,46.0,56.0,masked_prediction_embedding_neighbor,0.9999976670576406,provisional_unverified,bace0e92b25324e8afbd0e5f6698b01a921780a2385e02419965fa97e3e796c4,20.0,26.0
bace0e92b25324e8afbd0e5f6698b01a921780a2385e02419965fa97e3e796c4,window_747,48.0,58.0,masked_prediction_embedding_neighbor,0.9999971410332396,provisional_unverified,bace0e92b25324e8afbd0e5f6698b01a921780a2385e02419965fa97e3e796c4,20.0,28.0
bace0e92b25324e8afbd0e5f6698b01a921780a2385e02419965fa97e3e796c4,window_748,50.0,60.0,masked_prediction_embedding_neighbor,0.9999986545437032,provisional_unverified,bace0e92b25324e8afbd0e5f6698b01a921780a2385e02419965fa97e3e796c4,66.0,16.0
bace0e92b25324e8afbd0e5f6698b01a921780a2385e02419965fa97e3e796c4,window_749,52.0,62.0,masked_prediction_embedding_neighbor,0.9999959912712046,provisional_unverified,bace0e92b25324e8afbd0e5f6698b01a921780a2385e02419965fa97e3e796c4,16.0,36.0
bace0e92b25324e8afbd0e5f6698b01a921780a2385e02419965fa97e3e796c4,window_750,54.0,64.0,masked_prediction_embedding_neighbor,0.9999992641999724,provisional_unverified,bace0e92b25324e8afbd0e5f6698b01a921780a2385e02419965fa97e3e796c4,70.0,16.0
bace0e92b25324e8afbd0e5f6698b01a921780a2385e02419965fa97e3e796c4,window_751,56.0,66.0,masked_prediction_embedding_neighbor,0.9999972819907427,provisional_unverified,bace0e92b25324e8afbd0e5f6698b01a921780a2385e02419965fa97e3e796c4,16.0,40.0
bace0e92b25324e8afbd0e5f6698b01a921780a2385e02419965fa97e3e796c4,window_752,58.0,68.0,masked_prediction_embedding_neighbor,0.9999977170830807,provisional_unverified,bace0e92b25324e8afbd0e5f6698b01a921780a2385e02419965fa97e3e796c4,18.0,40.0
bace0e92b25324e8afbd0e5f6698b01a921780a2385e02419965fa97e3e796c4,window_753,60.0,70.0,masked_prediction_embedding_neighbor,0.9999968464012102,provisional_unverified,bace0e92b25324e8afbd0e5f6698b01a921780a2385e02419965fa97e3e796c4,18.0,42.0
bace0e92b25324e8afbd0e5f6698b01a921780a2385e02419965fa97e3e796c4,window_754,62.0,72.0,masked_prediction_embedding_neighbor,0.9999983554572841,provisional_unverified,bace0e92b25324e8afbd0e5f6698b01a921780a2385e02419965fa97e3e796c4,84.0,22.0
bace0e92b25324e8afbd0e5f6698b01a921780a2385e02419965fa97e3e796c4,window_755,64.0,74.0,masked_prediction_embedding_neighbor,0.9999954033245945,provisional_unverified,bace0e92b25324e8afbd0e5f6698b01a921780a2385e02419965fa97e3e796c4,18.0,46.0
bace0e92b25324e8afbd0e5f6698b01a921780a2385e02419965fa97e3e796c4,window_756,66.0,76.0,masked_prediction_embedding_neighbor,0.9999986545437032,provisional_unverified,bace0e92b25324e8afbd0e5f6698b01a921780a2385e02419965fa97e3e796c4,50.0,16.0
bace0e92b25324e8afbd0e5f6698b01a921780a2385e02419965fa97e3e796c4,window_757,68.0,78.0,masked_prediction_embedding_neighbor,0.9999953228717199,provisional_unverified,bace0e92b25324e8afbd0e5f6698b01a921780a2385e02419965fa97e3e796c4,14.0,54.0
bace0e92b25324e8afbd0e5f6698b01a921780a2385e02419965fa97e3e796c4,window_758,70.0,80.0,masked_prediction_embedding_neighbor,0.9999992641999724,provisional_unverified,bace0e92b25324e8afbd0e5f6698b01a921780a2385e02419965fa97e3e796c4,54.0,16.0
bace0e92b25324e8afbd0e5f6698b01a921780a2385e02419965fa97e3e796c4,window_759,72.0,82.0,masked_prediction_embedding_neighbor,0.9999983275313461,provisional_unverified,bace0e92b25324e8afbd0e5f6698b01a921780a2385e02419965fa97e3e796c4,92.0,20.0
bace0e92b25324e8afbd0e5f6698b01a921780a2385e02419965fa97e3e796c4,window_760,74.0,84.0,masked_prediction_embedding_neighbor,0.9999991902504718,provisional_unverified,bace0e92b25324e8afbd0e5f6698b01a921780a2385e02419965fa97e3e796c4,16.0,58.0
bace0e92b25324e8afbd0e5f6698b01a921780a2385e02419965fa97e3e796c4,window_761,76.0,86.0,masked_prediction_embedding_neighbor,0.9999987878862535,provisional_unverified,bace0e92b25324e8afbd0e5f6698b01a921780a2385e02419965fa97e3e796c4,16.0,60.0
bace0e92b25324e8afbd0e5f6698b01a921780a2385e02419965fa97e3e796c4,window_762,78.0,88.0,masked_prediction_embedding_neighbor,0.9999997829382486,provisional_unverified,bace0e92b25324e8afbd0e5f6698b01a921780a2385e02419965fa97e3e796c4,98.0,20.0
bace0e92b25324e8afbd0e5f6698b01a921780a2385e02419965fa97e3e796c4,window_763,80.0,90.0,masked_prediction_embedding_neighbor,0.9999979131312834,provisional_unverified,bace0e92b25324e8afbd0e5f6698b01a921780a2385e02419965fa97e3e796c4,100.0,20.0
bace0e92b25324e8afbd0e5f6698b01a921780a2385e02419965fa97e3e796c4,window_764,82.0,92.0,masked_prediction_embedding_neighbor,0.9999966749650305,provisional_unverified,bace0e92b25324e8afbd0e5f6698b01a921780a2385e02419965fa97e3e796c4,62.0,20.0
bace0e92b25324e8afbd0e5f6698b01a921780a2385e02419965fa97e3e796c4,window_765,84.0,94.0,masked_prediction_embedding_neighbor,0.9999983554572841,provisional_unverified,bace0e92b25324e8afbd0e5f6698b01a921780a2385e02419965fa97e3e796c4,62.0,22.0
bace0e92b25324e8afbd0e5f6698b01a921780a2385e02419965fa97e3e796c4,window_766,86.0,96.0,masked_prediction_embedding_neighbor,0.9999923085699729,provisional_unverified,bace0e92b25324e8afbd0e5f6698b01a921780a2385e02419965fa97e3e796c4,62.0,24.0
bace0e92b25324e8afbd0e5f6698b01a921780a2385e02419965fa97e3e796c4,window_767,88.0,98.0,masked_prediction_embedding_neighbor,0.9999945450339291,provisional_unverified,bace0e92b25324e8afbd0e5f6698b01a921780a2385e02419965fa97e3e796c4,62.0,26.0
bace0e92b25324e8afbd0e5f6698b01a921780a2385e02419965fa97e3e796c4,window_768,90.0,100.0,masked_prediction_embedding_neighbor,0.9999973157771964,provisional_unverified,bace0e92b25324e8afbd0e5f6698b01a921780a2385e02419965fa97e3e796c4,20.0,70.0
bace0e92b25324e8afbd0e5f6698b01a921780a2385e02419965fa97e3e796c4,window_769,92.0,102.0,masked_prediction_embedding_neighbor,0.9999983275313461,provisional_unverified,bace0e92b25324e8afbd0e5f6698b01a921780a2385e02419965fa97e3e796c4,72.0,20.0
bace0e92b25324e8afbd0e5f6698b01a921780a2385e02419965fa97e3e796c4,window_770,94.0,104.0,masked_prediction_embedding_neighbor,0.9999974361766331,provisional_unverified,bace0e92b25324e8afbd0e5f6698b01a921780a2385e02419965fa97e3e796c4,72.0,22.0
bace0e92b25324e8afbd0e5f6698b01a921780a2385e02419965fa97e3e796c4,window_771,96.0,106.0,masked_prediction_embedding_neighbor,0.9999966518053328,provisional_unverified,bace0e92b25324e8afbd0e5f6698b01a921780a2385e02419965fa97e3e796c4,72.0,24.0
bace0e92b25324e8afbd0e5f6698b01a921780a2385e02419965fa97e3e796c4,window_772,98.0,108.0,masked_prediction_embedding_neighbor,0.9999997829382486,provisional_unverified,bace0e92b25324e8afbd0e5f6698b01a921780a2385e02419965fa97e3e796c4,78.0,20.0
bace0e92b25324e8afbd0e5f6698b01a921780a2385e02419965fa97e3e796c4,window_773,100.0,110.0,masked_prediction_embedding_neighbor,0.9999979131312834,provisional_unverified,bace0e92b25324e8afbd0e5f6698b01a921780a2385e02419965fa97e3e796c4,80.0,20.0
bace0e92b25324e8afbd0e5f6698b01a921780a2385e02419965fa97e3e796c4,window_774,102.0,112.0,masked_prediction_embedding_neighbor,0.9999937687722681,provisional_unverified,bace0e92b25324e8afbd0e5f6698b01a921780a2385e02419965fa97e3e796c4,40.0,62.0
bace0e92b25324e8afbd0e5f6698b01a921780a2385e02419965fa97e3e796c4,window_775,104.0,114.0,masked_prediction_embedding_neighbor,0.9999628037715056,provisional_unverified,bace0e92b25324e8afbd0e5f6698b01a921780a2385e02419965fa97e3e796c4,86.0,18.0
bace0e92b25324e8afbd0e5f6698b01a921780a2385e02419965fa97e3e796c4,window_776,106.0,116.0,masked_prediction_embedding_neighbor,0.9999501258195063,provisional_unverified,bace0e92b25324e8afbd0e5f6698b01a921780a2385e02419965fa97e3e796c4,62.0,44.0
bace0e92b25324e8afbd0e5f6698b01a921780a2385e02419965fa97e3e796c4,window_777,108.0,118.0,masked_prediction_embedding_neighbor,0.9997498321996355,provisional_unverified,4975a35d789765b9299480af66d6a5af5166fef074cef80facbac97409b84d07,200.0,92.0
bace0e92b25324e8afbd0e5f6698b01a921780a2385e02419965fa97e3e796c4,window_778,110.0,120.0,masked_prediction_embedding_neighbor,0.999890119079738,provisional_unverified,4975a35d789765b9299480af66d6a5af5166fef074cef80facbac97409b84d07,180.0,70.0
bace0e92b25324e8afbd0e5f6698b01a921780a2385e02419965fa97e3e796c4,window_779,112.0,122.0,masked_prediction_embedding_neighbor,0.9998768422747121,provisional_unverified,4975a35d789765b9299480af66d6a5af5166fef074cef80facbac97409b84d07,180.0,68.0
bace0e92b25324e8afbd0e5f6698b01a921780a2385e02419965fa97e3e796c4,window_780,114.0,124.0,masked_prediction_embedding_neighbor,0.9999100302087792,provisional_unverified,4975a35d789765b9299480af66d6a5af5166fef074cef80facbac97409b84d07,180.0,66.0
bace0e92b25324e8afbd0e5f6698b01a921780a2385e02419965fa97e3e796c4,window_781,116.0,126.0,masked_prediction_embedding_neighbor,0.9998558243294648,provisional_unverified,4975a35d789765b9299480af66d6a5af5166fef074cef80facbac97409b84d07,200.0,84.0
bace0e92b25324e8afbd0e5f6698b01a921780a2385e02419965fa97e3e796c4,window_782,118.0,128.0,masked_prediction_embedding_neighbor,0.9999818378196617,provisional_unverified,bace0e92b25324e8afbd0e5f6698b01a921780a2385e02419965fa97e3e796c4,42.0,76.0
bace0e92b25324e8afbd0e5f6698b01a921780a2385e02419965fa97e3e796c4,window_783,120.0,130.0,masked_prediction_embedding_neighbor,0.999953775812638,provisional_unverified,bace0e92b25324e8afbd0e5f6698b01a921780a2385e02419965fa97e3e796c4,36.0,84.0
bace0e92b25324e8afbd0e5f6698b01a921780a2385e02419965fa97e3e796c4,window_784,122.0,132.0,masked_prediction_embedding_neighbor,0.9999512991335947,provisional_unverified,bace0e92b25324e8afbd0e5f6698b01a921780a2385e02419965fa97e3e796c4,34.0,88.0
bace0e92b25324e8afbd0e5f6698b01a921780a2385e02419965fa97e3e796c4,window_785,124.0,134.0,masked_prediction_embedding_neighbor,0.9999658429487486,provisional_unverified,bace0e92b25324e8afbd0e5f6698b01a921780a2385e02419965fa97e3e796c4,34.0,90.0
bace0e92b25324e8afbd0e5f6698b01a921780a2385e02419965fa97e3e796c4,window_786,126.0,136.0,masked_prediction_embedding_neighbor,0.9999698265395242,provisional_unverified,bace0e92b25324e8afbd0e5f6698b01a921780a2385e02419965fa97e3e796c4,34.0,92.0
bace0e92b25324e8afbd0e5f6698b01a921780a2385e02419965fa97e3e796c4,window_787,128.0,138.0,masked_prediction_embedding_neighbor,0.9999380938690525,provisional_unverified,bace0e92b25324e8afbd0e5f6698b01a921780a2385e02419965fa97e3e796c4,22.0,106.0
bace0e92b25324e8afbd0e5f6698b01a921780a2385e02419965fa97e3e796c4,window_788,130.0,140.0,masked_prediction_embedding_neighbor,0.9999354907413605,provisional_unverified,bace0e92b25324e8afbd0e5f6698b01a921780a2385e02419965fa97e3e796c4,22.0,108.0
bace0e92b25324e8afbd0e5f6698b01a921780a2385e02419965fa97e3e796c4,window_789,132.0,142.0,masked_prediction_embedding_neighbor,0.9999807169899819,provisional_unverified,bace0e92b25324e8afbd0e5f6698b01a921780a2385e02419965fa97e3e796c4,22.0,110.0
bace0e92b25324e8afbd0e5f6698b01a921780a2385e02419965fa97e3e796c4,window_790,134.0,144.0,masked_prediction_embedding_neighbor,0.9958600107538065,provisional_unverified,bace0e92b25324e8afbd0e5f6698b01a921780a2385e02419965fa97e3e796c4,24.0,110.0
bace0e92b25324e8afbd0e5f6698b01a921780a2385e02419965fa97e3e796c4,window_791,136.0,146.0,masked_prediction_embedding_neighbor,0.9969371226661116,provisional_unverified,9116cbf4be063f5be851f65778ddfb91d60bdd5aa52e7211426769a6b2ce6f86,176.0,40.0
bace0e92b25324e8afbd0e5f6698b01a921780a2385e02419965fa97e3e796c4,window_792,138.0,148.0,masked_prediction_embedding_neighbor,0.9981824273344312,provisional_unverified,b185f43818b8ff3aba325752922bbbf37fd094f1e282887487651e0a5c8f6c7a,92.0,46.0
bace0e92b25324e8afbd0e5f6698b01a921780a2385e02419965fa97e3e796c4,window_793,140.0,150.0,masked_prediction_embedding_neighbor,0.999992828658157,provisional_unverified,18385fe48224fbfa0cd6d17705d9305f857d70ef07b47b55502d04ff71359269,132.0,8.0
bace0e92b25324e8afbd0e5f6698b01a921780a2385e02419965fa97e3e796c4,window_794,142.0,152.0,masked_prediction_embedding_neighbor,0.999993984676891,provisional_unverified,bace0e92b25324e8afbd0e5f6698b01a921780a2385e02419965fa97e3e796c4,184.0,42.0
bace0e92b25324e8afbd0e5f6698b01a921780a2385e02419965fa97e3e796c4,window_795,144.0,154.0,masked_prediction_embedding_neighbor,0.9999821443523429,provisional_unverified,b185f43818b8ff3aba325752922bbbf37fd094f1e282887487651e0a5c8f6c7a,70.0,74.0
bace0e92b25324e8afbd0e5f6698b01a921780a2385e02419965fa97e3e796c4,window_796,146.0,156.0,masked_prediction_embedding_neighbor,0.9999468393588226,provisional_unverified,b185f43818b8ff3aba325752922bbbf37fd094f1e282887487651e0a5c8f6c7a,22.0,124.0
bace0e92b25324e8afbd0e5f6698b01a921780a2385e02419965fa97e3e796c4,window_797,148.0,158.0,masked_prediction_embedding_neighbor,0.9998362086173391,provisional_unverified,bace0e92b25324e8afbd0e5f6698b01a921780a2385e02419965fa97e3e796c4,176.0,28.0
bace0e92b25324e8afbd0e5f6698b01a921780a2385e02419965fa97e3e796c4,window_798,150.0,160.0,masked_prediction_embedding_neighbor,0.9999941019515914,provisional_unverified,9116cbf4be063f5be851f65778ddfb91d60bdd5aa52e7211426769a6b2ce6f86,92.0,58.0
bace0e92b25324e8afbd0e5f6698b01a921780a2385e02419965fa97e3e796c4,window_799,152.0,162.0,masked_prediction_embedding_neighbor,0.9999954338922149,provisional_unverified,8f799d59c9b5348ece1e5671692ea783d6d5e450ccebe31b6db9ad4f9510f8c5,56.0,96.0
bace0e92b25324e8afbd0e5f6698b01a921780a2385e02419965fa97e3e796c4,window_800,154.0,164.0,masked_prediction_embedding_neighbor,0.9999974792969994,provisional_unverified,9116cbf4be063f5be851f65778ddfb91d60bdd5aa52e7211426769a6b2ce6f86,88.0,66.0
bace0e92b25324e8afbd0e5f6698b01a921780a2385e02419965fa97e3e796c4,window_801,156.0,166.0,masked_prediction_embedding_neighbor,0.9999965337539886,provisional_unverified,9116cbf4be063f5be851f65778ddfb91d60bdd5aa52e7211426769a6b2ce6f86,340.0,184.0
bace0e92b25324e8afbd0e5f6698b01a921780a2385e02419965fa97e3e796c4,window_802,158.0,168.0,masked_prediction_embedding_neighbor,0.9998087109845006,provisional_unverified,8f799d59c9b5348ece1e5671692ea783d6d5e450ccebe31b6db9ad4f9510f8c5,32.0,126.0
bace0e92b25324e8afbd0e5f6698b01a921780a2385e02419965fa97e3e796c4,window_803,160.0,170.0,masked_prediction_embedding_neighbor,0.999958012554812,provisional_unverified,8f799d59c9b5348ece1e5671692ea783d6d5e450ccebe31b6db9ad4f9510f8c5,60.0,100.0
bace0e92b25324e8afbd0e5f6698b01a921780a2385e02419965fa97e3e796c4,window_804,162.0,172.0,masked_prediction_embedding_neighbor,0.9999670386898166,provisional_unverified,18385fe48224fbfa0cd6d17705d9305f857d70ef07b47b55502d04ff71359269,180.0,18.0
bace0e92b25324e8afbd0e5f6698b01a921780a2385e02419965fa97e3e796c4,window_805,164.0,174.0,masked_prediction_embedding_neighbor,0.9999790258763708,provisional_unverified,9116cbf4be063f5be851f65778ddfb91d60bdd5aa52e7211426769a6b2ce6f86,372.0,208.0
bace0e92b25324e8afbd0e5f6698b01a921780a2385e02419965fa97e3e796c4,window_806,166.0,176.0,masked_prediction_embedding_neighbor,0.9999843038784115,provisional_unverified,18385fe48224fbfa0cd6d17705d9305f857d70ef07b47b55502d04ff71359269,182.0,16.0
bace0e92b25324e8afbd0e5f6698b01a921780a2385e02419965fa97e3e796c4,window_807,168.0,178.0,masked_prediction_embedding_neighbor,0.9999797580787948,provisional_unverified,9116cbf4be063f5be851f65778ddfb91d60bdd5aa52e7211426769a6b2ce6f86,106.0,62.0
bace0e92b25324e8afbd0e5f6698b01a921780a2385e02419965fa97e3e796c4,window_808,170.0,180.0,masked_prediction_embedding_neighbor,0.9999908510221754,provisional_unverified,9116cbf4be063f5be851f65778ddfb91d60bdd5aa52e7211426769a6b2ce6f86,108.0,62.0
bace0e92b25324e8afbd0e5f6698b01a921780a2385e02419965fa97e3e796c4,window_809,172.0,182.0,masked_prediction_embedding_neighbor,0.9999687527720731,provisional_unverified,9116cbf4be063f5be851f65778ddfb91d60bdd5aa52e7211426769a6b2ce6f86,112.0,60.0
bace0e92b25324e8afbd0e5f6698b01a921780a2385e02419965fa97e3e796c4,window_810,174.0,184.0,masked_prediction_embedding_neighbor,0.9968769554379002,provisional_unverified,27937681c8199780c6cbce603f217d5a4457c351e84fa3cd7cfc62bfd270c550,136.0,38.0
bace0e92b25324e8afbd0e5f6698b01a921780a2385e02419965fa97e3e796c4,window_811,176.0,186.0,masked_prediction_embedding_neighbor,0.9998362086173391,provisional_unverified,bace0e92b25324e8afbd0e5f6698b01a921780a2385e02419965fa97e3e796c4,148.0,28.0
bace0e92b25324e8afbd0e5f6698b01a921780a2385e02419965fa97e3e796c4,window_812,178.0,188.0,masked_prediction_embedding_neighbor,0.9907740185015297,provisional_unverified,8f799d59c9b5348ece1e5671692ea783d6d5e450ccebe31b6db9ad4f9510f8c5,30.0,148.0
bace0e92b25324e8afbd0e5f6698b01a921780a2385e02419965fa97e3e796c4,window_813,180.0,190.0,masked_prediction_embedding_neighbor,0.9999751636189741,provisional_unverified,9116cbf4be063f5be851f65778ddfb91d60bdd5aa52e7211426769a6b2ce6f86,360.0,180.0
bace0e92b25324e8afbd0e5f6698b01a921780a2385e02419965fa97e3e796c4,window_814,182.0,192.0,masked_prediction_embedding_neighbor,0.9999980327420206,provisional_unverified,9116cbf4be063f5be851f65778ddfb91d60bdd5aa52e7211426769a6b2ce6f86,382.0,200.0
bace0e92b25324e8afbd0e5f6698b01a921780a2385e02419965fa97e3e796c4,window_815,184.0,194.0,masked_prediction_embedding_neighbor,0.999993984676891,provisional_unverified,bace0e92b25324e8afbd0e5f6698b01a921780a2385e02419965fa97e3e796c4,142.0,42.0
bace0e92b25324e8afbd0e5f6698b01a921780a2385e02419965fa97e3e796c4,window_816,186.0,196.0,masked_prediction_embedding_neighbor,0.9994289656767459,provisional_unverified,18385fe48224fbfa0cd6d17705d9305f857d70ef07b47b55502d04ff71359269,176.0,10.0
bace0e92b25324e8afbd0e5f6698b01a921780a2385e02419965fa97e3e796c4,window_817,188.0,198.0,masked_prediction_embedding_neighbor,0.9996412867561751,provisional_unverified,9116cbf4be063f5be851f65778ddfb91d60bdd5aa52e7211426769a6b2ce6f86,114.0,74.0
bace0e92b25324e8afbd0e5f6698b01a921780a2385e02419965fa97e3e796c4,window_818,190.0,200.0,masked_prediction_embedding_neighbor,0.999963532929283,provisional_unverified,9116cbf4be063f5be851f65778ddfb91d60bdd5aa52e7211426769a6b2ce6f86,130.0,60.0
bace0e92b25324e8afbd0e5f6698b01a921780a2385e02419965fa97e3e796c4,window_819,192.0,202.0,masked_prediction_embedding_neighbor,0.9996830607482704,provisional_unverified,9116cbf4be063f5be851f65778ddfb91d60bdd5aa52e7211426769a6b2ce6f86,376.0,184.0
bace0e92b25324e8afbd0e5f6698b01a921780a2385e02419965fa97e3e796c4,window_820,194.0,204.0,masked_prediction_embedding_neighbor,0.9999907306373202,provisional_unverified,18385fe48224fbfa0cd6d17705d9305f857d70ef07b47b55502d04ff71359269,156.0,38.0
bace0e92b25324e8afbd0e5f6698b01a921780a2385e02419965fa97e3e796c4,window_821,196.0,206.0,masked_prediction_embedding_neighbor,0.9999982711736293,provisional_unverified,9116cbf4be063f5be851f65778ddfb91d60bdd5aa52e7211426769a6b2ce6f86,382.0,186.0
bace0e92b25324e8afbd0e5f6698b01a921780a2385e02419965fa97e3e796c4,window_822,198.0,208.0,masked_prediction_embedding_neighbor,0.9999750237113479,provisional_unverified,18385fe48224fbfa0cd6d17705d9305f857d70ef07b47b55502d04ff71359269,136.0,62.0
bace0e92b25324e8afbd0e5f6698b01a921780a2385e02419965fa97e3e796c4,window_823,200.0,210.0,masked_prediction_embedding_neighbor,0.9999355187961109,provisional_unverified,4975a35d789765b9299480af66d6a5af5166fef074cef80facbac97409b84d07,82.0,118.0
bace0e92b25324e8afbd0e5f6698b01a921780a2385e02419965fa97e3e796c4,window_824,202.0,212.0,masked_prediction_embedding_neighbor,0.9999980116804525,provisional_unverified,4975a35d789765b9299480af66d6a5af5166fef074cef80facbac97409b84d07,130.0,72.0
bace0e92b25324e8afbd0e5f6698b01a921780a2385e02419965fa97e3e796c4,window_825,204.0,214.0,masked_prediction_embedding_neighbor,0.9999944395450069,provisional_unverified,4975a35d789765b9299480af66d6a5af5166fef074cef80facbac97409b84d07,130.0,74.0
bace0e92b25324e8afbd0e5f6698b01a921780a2385e02419965fa97e3e796c4,window_826,206.0,216.0,masked_prediction_embedding_neighbor,0.9999990617913784,provisional_unverified,18385fe48224fbfa0cd6d17705d9305f857d70ef07b47b55502d04ff71359269,142.0,64.0
bace0e92b25324e8afbd0e5f6698b01a921780a2385e02419965fa97e3e796c4,window_827,208.0,218.0,masked_prediction_embedding_neighbor,0.9999736131234263,provisional_unverified,b185f43818b8ff3aba325752922bbbf37fd094f1e282887487651e0a5c8f6c7a,80.0,128.0
bace0e92b25324e8afbd0e5f6698b01a921780a2385e02419965fa97e3e796c4,window_828,210.0,220.0,masked_prediction_embedding_neighbor,0.9995508308862749,provisional_unverified,27937681c8199780c6cbce603f217d5a4457c351e84fa3cd7cfc62bfd270c550,174.0,36.0
bace0e92b25324e8afbd0e5f6698b01a921780a2385e02419965fa97e3e796c4,window_829,212.0,222.0,masked_prediction_embedding_neighbor,0.9999907551517437,provisional_unverified,9116cbf4be063f5be851f65778ddfb91d60bdd5aa52e7211426769a6b2ce6f86,402.0,190.0
bace0e92b25324e8afbd0e5f6698b01a921780a2385e02419965fa97e3e796c4,window_830,214.0,224.0,masked_prediction_embedding_neighbor,0.9999924491591844,provisional_unverified,9116cbf4be063f5be851f65778ddfb91d60bdd5aa52e7211426769a6b2ce6f86,402.0,188.0
bace0e92b25324e8afbd0e5f6698b01a921780a2385e02419965fa97e3e796c4,window_831,216.0,226.0,masked_prediction_embedding_neighbor,0.9999890531877161,provisional_unverified,9116cbf4be063f5be851f65778ddfb91d60bdd5aa52e7211426769a6b2ce6f86,402.0,186.0
bace0e92b25324e8afbd0e5f6698b01a921780a2385e02419965fa97e3e796c4,window_832,218.0,228.0,masked_prediction_embedding_neighbor,0.9999876278796382,provisional_unverified,9116cbf4be063f5be851f65778ddfb91d60bdd5aa52e7211426769a6b2ce6f86,160.0,58.0
bace0e92b25324e8afbd0e5f6698b01a921780a2385e02419965fa97e3e796c4,window_833,220.0,230.0,masked_prediction_embedding_neighbor,0.9992174056100243,provisional_unverified,9116cbf4be063f5be851f65778ddfb91d60bdd5aa52e7211426769a6b2ce6f86,406.0,186.0
bace0e92b25324e8afbd0e5f6698b01a921780a2385e02419965fa97e3e796c4,window_834,222.0,232.0,masked_prediction_embedding_neighbor,0.9996135634022807,provisional_unverified,4975a35d789765b9299480af66d6a5af5166fef074cef80facbac97409b84d07,160.0,62.0
bace0e92b25324e8afbd0e5f6698b01a921780a2385e02419965fa97e3e796c4,window_835,224.0,234.0,masked_prediction_embedding_neighbor,0.9991452401485144,provisional_unverified,b185f43818b8ff3aba325752922bbbf37fd094f1e282887487651e0a5c8f6c7a,104.0,120.0
bace0e92b25324e8afbd0e5f6698b01a921780a2385e02419965fa97e3e796c4,window_836,226.0,236.0,masked_prediction_embedding_neighbor,0.9999827244001542,provisional_unverified,18385fe48224fbfa0cd6d17705d9305f857d70ef07b47b55502d04ff71359269,214.0,12.0
bace0e92b25324e8afbd0e5f6698b01a921780a2385e02419965fa97e3e796c4,window_837,228.0,238.0,masked_prediction_embedding_neighbor,0.9999947172755671,provisional_unverified,5c12d7b5eff374be805bae6c5e2906f6c02b6bc3ad6ba70d3674bafd4f16fc15,16.0,212.0
bace0e92b25324e8afbd0e5f6698b01a921780a2385e02419965fa97e3e796c4,window_838,230.0,240.0,masked_prediction_embedding_neighbor,0.9999967809416238,provisional_unverified,5c12d7b5eff374be805bae6c5e2906f6c02b6bc3ad6ba70d3674bafd4f16fc15,14.0,216.0
bace0e92b25324e8afbd0e5f6698b01a921780a2385e02419965fa97e3e796c4,window_839,232.0,242.0,masked_prediction_embedding_neighbor,0.9999861462034358,provisional_unverified,b185f43818b8ff3aba325752922bbbf37fd094f1e282887487651e0a5c8f6c7a,102.0,130.0
c3c503093a73b359d513d025d9185c7ada423099650828cbd4fdba12d1d7aafc,window_840,0.0,10.0,masked_prediction_embedding_neighbor,0.9997571666489268,provisional_unverified,5c12d7b5eff374be805bae6c5e2906f6c02b6bc3ad6ba70d3674bafd4f16fc15,6.0,6.0
c3c503093a73b359d513d025d9185c7ada423099650828cbd4fdba12d1d7aafc,window_841,2.0,12.0,masked_prediction_embedding_neighbor,0.9998454354540632,provisional_unverified,5c12d7b5eff374be805bae6c5e2906f6c02b6bc3ad6ba70d3674bafd4f16fc15,50.0,48.0
c3c503093a73b359d513d025d9185c7ada423099650828cbd4fdba12d1d7aafc,window_842,4.0,14.0,masked_prediction_embedding_neighbor,0.9999947557952547,provisional_unverified,5c12d7b5eff374be805bae6c5e2906f6c02b6bc3ad6ba70d3674bafd4f16fc15,54.0,50.0
c3c503093a73b359d513d025d9185c7ada423099650828cbd4fdba12d1d7aafc,window_843,6.0,16.0,masked_prediction_embedding_neighbor,0.9999808064861159,provisional_unverified,5c12d7b5eff374be805bae6c5e2906f6c02b6bc3ad6ba70d3674bafd4f16fc15,58.0,52.0
c3c503093a73b359d513d025d9185c7ada423099650828cbd4fdba12d1d7aafc,window_844,8.0,18.0,masked_prediction_embedding_neighbor,0.9999832896502789,provisional_unverified,5c12d7b5eff374be805bae6c5e2906f6c02b6bc3ad6ba70d3674bafd4f16fc15,58.0,50.0
c3c503093a73b359d513d025d9185c7ada423099650828cbd4fdba12d1d7aafc,window_845,10.0,20.0,masked_prediction_embedding_neighbor,0.9999829499907472,provisional_unverified,5c12d7b5eff374be805bae6c5e2906f6c02b6bc3ad6ba70d3674bafd4f16fc15,54.0,44.0
db4d46d3c8abd3b8d2327e52a99599c63e7bd8ed5f1b122d3047d731fc6d2684,window_846,0.0,10.0,masked_prediction_embedding_neighbor,0.9999404795238873,provisional_unverified,5c12d7b5eff374be805bae6c5e2906f6c02b6bc3ad6ba70d3674bafd4f16fc15,50.0,50.0
db4d46d3c8abd3b8d2327e52a99599c63e7bd8ed5f1b122d3047d731fc6d2684,window_847,2.0,12.0,masked_prediction_embedding_neighbor,0.9998746684804094,provisional_unverified,7208a43e77536a72e401c00f01a793130fb6688d28fb8080941e14cc5752b0ca,0.0,2.0
db4d46d3c8abd3b8d2327e52a99599c63e7bd8ed5f1b122d3047d731fc6d2684,window_848,4.0,14.0,masked_prediction_embedding_neighbor,0.9999055776936572,provisional_unverified,7208a43e77536a72e401c00f01a793130fb6688d28fb8080941e14cc5752b0ca,0.0,4.0
db4d46d3c8abd3b8d2327e52a99599c63e7bd8ed5f1b122d3047d731fc6d2684,window_849,6.0,16.0,masked_prediction_embedding_neighbor,0.9997710402640628,provisional_unverified,7208a43e77536a72e401c00f01a793130fb6688d28fb8080941e14cc5752b0ca,0.0,6.0
db4d46d3c8abd3b8d2327e52a99599c63e7bd8ed5f1b122d3047d731fc6d2684,window_850,8.0,18.0,masked_prediction_embedding_neighbor,0.9982386030970162,provisional_unverified,27937681c8199780c6cbce603f217d5a4457c351e84fa3cd7cfc62bfd270c550,16.0,8.0
db4d46d3c8abd3b8d2327e52a99599c63e7bd8ed5f1b122d3047d731fc6d2684,window_851,10.0,20.0,masked_prediction_embedding_neighbor,0.9883581772812681,provisional_unverified,18385fe48224fbfa0cd6d17705d9305f857d70ef07b47b55502d04ff71359269,42.0,32.0
dc8bf44eb4cc0becf1c5ebe252a515c98193744c2031498501de80e036899758,window_852,0.0,10.0,masked_prediction_embedding_neighbor,0.9998840510411175,provisional_unverified,dc8bf44eb4cc0becf1c5ebe252a515c98193744c2031498501de80e036899758,46.0,46.0
dc8bf44eb4cc0becf1c5ebe252a515c98193744c2031498501de80e036899758,window_853,2.0,12.0,masked_prediction_embedding_neighbor,0.9999493640967371,provisional_unverified,dc8bf44eb4cc0becf1c5ebe252a515c98193744c2031498501de80e036899758,18.0,16.0
dc8bf44eb4cc0becf1c5ebe252a515c98193744c2031498501de80e036899758,window_854,4.0,14.0,masked_prediction_embedding_neighbor,0.9999447168580762,provisional_unverified,dc8bf44eb4cc0becf1c5ebe252a515c98193744c2031498501de80e036899758,20.0,16.0
dc8bf44eb4cc0becf1c5ebe252a515c98193744c2031498501de80e036899758,window_855,6.0,16.0,masked_prediction_embedding_neighbor,0.9999805826884289,provisional_unverified,18385fe48224fbfa0cd6d17705d9305f857d70ef07b47b55502d04ff71359269,84.0,78.0
dc8bf44eb4cc0becf1c5ebe252a515c98193744c2031498501de80e036899758,window_856,8.0,18.0,masked_prediction_embedding_neighbor,0.9999720822471079,provisional_unverified,18385fe48224fbfa0cd6d17705d9305f857d70ef07b47b55502d04ff71359269,86.0,78.0
dc8bf44eb4cc0becf1c5ebe252a515c98193744c2031498501de80e036899758,window_857,10.0,20.0,masked_prediction_embedding_neighbor,0.9999592731071447,provisional_unverified,18385fe48224fbfa0cd6d17705d9305f857d70ef07b47b55502d04ff71359269,88.0,78.0
dc8bf44eb4cc0becf1c5ebe252a515c98193744c2031498501de80e036899758,window_858,12.0,22.0,masked_prediction_embedding_neighbor,0.999964084439358,provisional_unverified,18385fe48224fbfa0cd6d17705d9305f857d70ef07b47b55502d04ff71359269,84.0,72.0
dc8bf44eb4cc0becf1c5ebe252a515c98193744c2031498501de80e036899758,window_859,14.0,24.0,masked_prediction_embedding_neighbor,0.9999721428021313,provisional_unverified,dc8bf44eb4cc0becf1c5ebe252a515c98193744c2031498501de80e036899758,42.0,28.0
dc8bf44eb4cc0becf1c5ebe252a515c98193744c2031498501de80e036899758,window_860,16.0,26.0,masked_prediction_embedding_neighbor,0.9999803070660725,provisional_unverified,dc8bf44eb4cc0becf1c5ebe252a515c98193744c2031498501de80e036899758,42.0,26.0
dc8bf44eb4cc0becf1c5ebe252a515c98193744c2031498501de80e036899758,window_861,18.0,28.0,masked_prediction_embedding_neighbor,0.9999866004763643,provisional_unverified,dc8bf44eb4cc0becf1c5ebe252a515c98193744c2031498501de80e036899758,48.0,30.0
dc8bf44eb4cc0becf1c5ebe252a515c98193744c2031498501de80e036899758,window_862,20.0,30.0,masked_prediction_embedding_neighbor,0.9999935343313002,provisional_unverified,dc8bf44eb4cc0becf1c5ebe252a515c98193744c2031498501de80e036899758,48.0,28.0
dc8bf44eb4cc0becf1c5ebe252a515c98193744c2031498501de80e036899758,window_863,22.0,32.0,masked_prediction_embedding_neighbor,0.9999990383699843,provisional_unverified,dc8bf44eb4cc0becf1c5ebe252a515c98193744c2031498501de80e036899758,48.0,26.0
dc8bf44eb4cc0becf1c5ebe252a515c98193744c2031498501de80e036899758,window_864,24.0,34.0,masked_prediction_embedding_neighbor,0.9999989727358654,provisional_unverified,dc8bf44eb4cc0becf1c5ebe252a515c98193744c2031498501de80e036899758,44.0,20.0
dc8bf44eb4cc0becf1c5ebe252a515c98193744c2031498501de80e036899758,window_865,26.0,36.0,masked_prediction_embedding_neighbor,0.9999985786236071,provisional_unverified,dc8bf44eb4cc0becf1c5ebe252a515c98193744c2031498501de80e036899758,52.0,26.0
dc8bf44eb4cc0becf1c5ebe252a515c98193744c2031498501de80e036899758,window_866,28.0,38.0,masked_prediction_embedding_neighbor,0.9999988847661141,provisional_unverified,dc8bf44eb4cc0becf1c5ebe252a515c98193744c2031498501de80e036899758,50.0,22.0
dc8bf44eb4cc0becf1c5ebe252a515c98193744c2031498501de80e036899758,window_867,30.0,40.0,masked_prediction_embedding_neighbor,0.999998471228379,provisional_unverified,dc8bf44eb4cc0becf1c5ebe252a515c98193744c2031498501de80e036899758,50.0,20.0
dc8bf44eb4cc0becf1c5ebe252a515c98193744c2031498501de80e036899758,window_868,32.0,42.0,masked_prediction_embedding_neighbor,0.9999994759226968,provisional_unverified,dc8bf44eb4cc0becf1c5ebe252a515c98193744c2031498501de80e036899758,52.0,20.0
dc8bf44eb4cc0becf1c5ebe252a515c98193744c2031498501de80e036899758,window_869,34.0,44.0,masked_prediction_embedding_neighbor,0.9999972093385173,provisional_unverified,dc8bf44eb4cc0becf1c5ebe252a515c98193744c2031498501de80e036899758,50.0,16.0
dc8bf44eb4cc0becf1c5ebe252a515c98193744c2031498501de80e036899758,window_870,36.0,46.0,masked_prediction_embedding_neighbor,0.9999867786096315,provisional_unverified,dc8bf44eb4cc0becf1c5ebe252a515c98193744c2031498501de80e036899758,52.0,16.0
dc8bf44eb4cc0becf1c5ebe252a515c98193744c2031498501de80e036899758,window_871,38.0,48.0,masked_prediction_embedding_neighbor,0.9999866944327532,provisional_unverified,dc8bf44eb4cc0becf1c5ebe252a515c98193744c2031498501de80e036899758,76.0,38.0
dc8bf44eb4cc0becf1c5ebe252a515c98193744c2031498501de80e036899758,window_872,40.0,50.0,masked_prediction_embedding_neighbor,0.9999877507745952,provisional_unverified,dc8bf44eb4cc0becf1c5ebe252a515c98193744c2031498501de80e036899758,20.0,20.0
dc8bf44eb4cc0becf1c5ebe252a515c98193744c2031498501de80e036899758,window_873,42.0,52.0,masked_prediction_embedding_neighbor,0.9999931903773098,provisional_unverified,dc8bf44eb4cc0becf1c5ebe252a515c98193744c2031498501de80e036899758,26.0,16.0
dc8bf44eb4cc0becf1c5ebe252a515c98193744c2031498501de80e036899758,window_874,44.0,54.0,masked_prediction_embedding_neighbor,0.9999989727358654,provisional_unverified,dc8bf44eb4cc0becf1c5ebe252a515c98193744c2031498501de80e036899758,24.0,20.0
dc8bf44eb4cc0becf1c5ebe252a515c98193744c2031498501de80e036899758,window_875,46.0,56.0,masked_prediction_embedding_neighbor,0.9999952647530743,provisional_unverified,dc8bf44eb4cc0becf1c5ebe252a515c98193744c2031498501de80e036899758,28.0,18.0
dc8bf44eb4cc0becf1c5ebe252a515c98193744c2031498501de80e036899758,window_876,48.0,58.0,masked_prediction_embedding_neighbor,0.9999990383699843,provisional_unverified,dc8bf44eb4cc0becf1c5ebe252a515c98193744c2031498501de80e036899758,22.0,26.0
dc8bf44eb4cc0becf1c5ebe252a515c98193744c2031498501de80e036899758,window_877,50.0,60.0,masked_prediction_embedding_neighbor,0.9999988847661141,provisional_unverified,dc8bf44eb4cc0becf1c5ebe252a515c98193744c2031498501de80e036899758,28.0,22.0
dc8bf44eb4cc0becf1c5ebe252a515c98193744c2031498501de80e036899758,window_878,52.0,62.0,masked_prediction_embedding_neighbor,0.9999994759226968,provisional_unverified,dc8bf44eb4cc0becf1c5ebe252a515c98193744c2031498501de80e036899758,32.0,20.0
dc8bf44eb4cc0becf1c5ebe252a515c98193744c2031498501de80e036899758,window_879,54.0,64.0,masked_prediction_embedding_neighbor,0.9999970993165193,provisional_unverified,dc8bf44eb4cc0becf1c5ebe252a515c98193744c2031498501de80e036899758,74.0,20.0
dc8bf44eb4cc0becf1c5ebe252a515c98193744c2031498501de80e036899758,window_880,56.0,66.0,masked_prediction_embedding_neighbor,0.9999912694939719,provisional_unverified,dc8bf44eb4cc0becf1c5ebe252a515c98193744c2031498501de80e036899758,76.0,20.0
dc8bf44eb4cc0becf1c5ebe252a515c98193744c2031498501de80e036899758,window_881,58.0,68.0,masked_prediction_embedding_neighbor,0.9999979713397139,provisional_unverified,dc8bf44eb4cc0becf1c5ebe252a515c98193744c2031498501de80e036899758,92.0,34.0
dc8bf44eb4cc0becf1c5ebe252a515c98193744c2031498501de80e036899758,window_882,60.0,70.0,masked_prediction_embedding_neighbor,0.9999980734377013,provisional_unverified,dc8bf44eb4cc0becf1c5ebe252a515c98193744c2031498501de80e036899758,92.0,32.0
dc8bf44eb4cc0becf1c5ebe252a515c98193744c2031498501de80e036899758,window_883,62.0,72.0,masked_prediction_embedding_neighbor,0.9999955562102588,provisional_unverified,dc8bf44eb4cc0becf1c5ebe252a515c98193744c2031498501de80e036899758,96.0,34.0
dc8bf44eb4cc0becf1c5ebe252a515c98193744c2031498501de80e036899758,window_884,64.0,74.0,masked_prediction_embedding_neighbor,0.9999969068017317,provisional_unverified,dc8bf44eb4cc0becf1c5ebe252a515c98193744c2031498501de80e036899758,92.0,28.0
dc8bf44eb4cc0becf1c5ebe252a515c98193744c2031498501de80e036899758,window_885,66.0,76.0,masked_prediction_embedding_neighbor,0.9999875059460088,provisional_unverified,dc8bf44eb4cc0becf1c5ebe252a515c98193744c2031498501de80e036899758,96.0,30.0
dc8bf44eb4cc0becf1c5ebe252a515c98193744c2031498501de80e036899758,window_886,68.0,78.0,masked_prediction_embedding_neighbor,0.9999770049690361,provisional_unverified,dc8bf44eb4cc0becf1c5ebe252a515c98193744c2031498501de80e036899758,28.0,40.0
dc8bf44eb4cc0becf1c5ebe252a515c98193744c2031498501de80e036899758,window_887,70.0,80.0,masked_prediction_embedding_neighbor,0.9999481527391683,provisional_unverified,dc8bf44eb4cc0becf1c5ebe252a515c98193744c2031498501de80e036899758,34.0,36.0
dc8bf44eb4cc0becf1c5ebe252a515c98193744c2031498501de80e036899758,window_888,72.0,82.0,masked_prediction_embedding_neighbor,0.9999806906769131,provisional_unverified,dc8bf44eb4cc0becf1c5ebe252a515c98193744c2031498501de80e036899758,54.0,18.0
dc8bf44eb4cc0becf1c5ebe252a515c98193744c2031498501de80e036899758,window_889,74.0,84.0,masked_prediction_embedding_neighbor,0.9999970993165193,provisional_unverified,dc8bf44eb4cc0becf1c5ebe252a515c98193744c2031498501de80e036899758,54.0,20.0
dc8bf44eb4cc0becf1c5ebe252a515c98193744c2031498501de80e036899758,window_890,76.0,86.0,masked_prediction_embedding_neighbor,0.9999938158131171,provisional_unverified,dc8bf44eb4cc0becf1c5ebe252a515c98193744c2031498501de80e036899758,96.0,20.0
dc8bf44eb4cc0becf1c5ebe252a515c98193744c2031498501de80e036899758,window_891,78.0,88.0,masked_prediction_embedding_neighbor,0.9999967609156087,provisional_unverified,dc8bf44eb4cc0becf1c5ebe252a515c98193744c2031498501de80e036899758,112.0,34.0
dc8bf44eb4cc0becf1c5ebe252a515c98193744c2031498501de80e036899758,window_892,80.0,90.0,masked_prediction_embedding_neighbor,0.9999928796082788,provisional_unverified,dc8bf44eb4cc0becf1c5ebe252a515c98193744c2031498501de80e036899758,124.0,44.0
dc8bf44eb4cc0becf1c5ebe252a515c98193744c2031498501de80e036899758,window_893,82.0,92.0,masked_prediction_embedding_neighbor,0.9999951742687673,provisional_unverified,dc8bf44eb4cc0becf1c5ebe252a515c98193744c2031498501de80e036899758,114.0,32.0
dc8bf44eb4cc0becf1c5ebe252a515c98193744c2031498501de80e036899758,window_894,84.0,94.0,masked_prediction_embedding_neighbor,0.9999963928836072,provisional_unverified,dc8bf44eb4cc0becf1c5ebe252a515c98193744c2031498501de80e036899758,118.0,34.0
dc8bf44eb4cc0becf1c5ebe252a515c98193744c2031498501de80e036899758,window_895,86.0,96.0,masked_prediction_embedding_neighbor,0.9999988999518786,provisional_unverified,dc8bf44eb4cc0becf1c5ebe252a515c98193744c2031498501de80e036899758,118.0,32.0
dc8bf44eb4cc0becf1c5ebe252a515c98193744c2031498501de80e036899758,window_896,88.0,98.0,masked_prediction_embedding_neighbor,0.9999977384133514,provisional_unverified,dc8bf44eb4cc0becf1c5ebe252a515c98193744c2031498501de80e036899758,104.0,16.0
dc8bf44eb4cc0becf1c5ebe252a515c98193744c2031498501de80e036899758,window_897,90.0,100.0,masked_prediction_embedding_neighbor,0.9999985817653512,provisional_unverified,dc8bf44eb4cc0becf1c5ebe252a515c98193744c2031498501de80e036899758,108.0,18.0
dc8bf44eb4cc0becf1c5ebe252a515c98193744c2031498501de80e036899758,window_898,92.0,102.0,masked_prediction_embedding_neighbor,0.9999980734377013,provisional_unverified,dc8bf44eb4cc0becf1c5ebe252a515c98193744c2031498501de80e036899758,60.0,32.0
dc8bf44eb4cc0becf1c5ebe252a515c98193744c2031498501de80e036899758,window_899,94.0,104.0,masked_prediction_embedding_neighbor,0.999997492323916,provisional_unverified,dc8bf44eb4cc0becf1c5ebe252a515c98193744c2031498501de80e036899758,60.0,34.0
dc8bf44eb4cc0becf1c5ebe252a515c98193744c2031498501de80e036899758,window_900,96.0,106.0,masked_prediction_embedding_neighbor,0.9999955562102588,provisional_unverified,dc8bf44eb4cc0becf1c5ebe252a515c98193744c2031498501de80e036899758,62.0,34.0
dc8bf44eb4cc0becf1c5ebe252a515c98193744c2031498501de80e036899758,window_901,98.0,108.0,masked_prediction_embedding_neighbor,0.9999916231096252,provisional_unverified,dc8bf44eb4cc0becf1c5ebe252a515c98193744c2031498501de80e036899758,58.0,40.0
dc8bf44eb4cc0becf1c5ebe252a515c98193744c2031498501de80e036899758,window_902,100.0,110.0,masked_prediction_embedding_neighbor,0.9999932517793824,provisional_unverified,dc8bf44eb4cc0becf1c5ebe252a515c98193744c2031498501de80e036899758,118.0,18.0
dc8bf44eb4cc0becf1c5ebe252a515c98193744c2031498501de80e036899758,window_903,102.0,112.0,masked_prediction_embedding_neighbor,0.9999927810718373,provisional_unverified,dc8bf44eb4cc0becf1c5ebe252a515c98193744c2031498501de80e036899758,118.0,16.0
dc8bf44eb4cc0becf1c5ebe252a515c98193744c2031498501de80e036899758,window_904,104.0,114.0,masked_prediction_embedding_neighbor,0.9999977384133514,provisional_unverified,dc8bf44eb4cc0becf1c5ebe252a515c98193744c2031498501de80e036899758,88.0,16.0
dc8bf44eb4cc0becf1c5ebe252a515c98193744c2031498501de80e036899758,window_905,106.0,116.0,masked_prediction_embedding_neighbor,0.9999983985601149,provisional_unverified,dc8bf44eb4cc0becf1c5ebe252a515c98193744c2031498501de80e036899758,90.0,16.0
dc8bf44eb4cc0becf1c5ebe252a515c98193744c2031498501de80e036899758,window_906,108.0,118.0,masked_prediction_embedding_neighbor,0.9999985817653512,provisional_unverified,dc8bf44eb4cc0becf1c5ebe252a515c98193744c2031498501de80e036899758,90.0,18.0
dc8bf44eb4cc0becf1c5ebe252a515c98193744c2031498501de80e036899758,window_907,110.0,120.0,masked_prediction_embedding_neighbor,0.9999975271086629,provisional_unverified,dc8bf44eb4cc0becf1c5ebe252a515c98193744c2031498501de80e036899758,90.0,20.0
dc8bf44eb4cc0becf1c5ebe252a515c98193744c2031498501de80e036899758,window_908,112.0,122.0,masked_prediction_embedding_neighbor,0.9999967609156087,provisional_unverified,dc8bf44eb4cc0becf1c5ebe252a515c98193744c2031498501de80e036899758,78.0,34.0
dc8bf44eb4cc0becf1c5ebe252a515c98193744c2031498501de80e036899758,window_909,114.0,124.0,masked_prediction_embedding_neighbor,0.9999959955500112,provisional_unverified,dc8bf44eb4cc0becf1c5ebe252a515c98193744c2031498501de80e036899758,86.0,28.0
dc8bf44eb4cc0becf1c5ebe252a515c98193744c2031498501de80e036899758,window_910,116.0,126.0,masked_prediction_embedding_neighbor,0.9999985510581256,provisional_unverified,dc8bf44eb4cc0becf1c5ebe252a515c98193744c2031498501de80e036899758,86.0,30.0
dc8bf44eb4cc0becf1c5ebe252a515c98193744c2031498501de80e036899758,window_911,118.0,128.0,masked_prediction_embedding_neighbor,0.9999988999518786,provisional_unverified,dc8bf44eb4cc0becf1c5ebe252a515c98193744c2031498501de80e036899758,86.0,32.0
dc8bf44eb4cc0becf1c5ebe252a515c98193744c2031498501de80e036899758,window_912,120.0,130.0,masked_prediction_embedding_neighbor,0.9999977466475928,provisional_unverified,dc8bf44eb4cc0becf1c5ebe252a515c98193744c2031498501de80e036899758,86.0,34.0
dc8bf44eb4cc0becf1c5ebe252a515c98193744c2031498501de80e036899758,window_913,122.0,132.0,masked_prediction_embedding_neighbor,0.9999874290991083,provisional_unverified,dc8bf44eb4cc0becf1c5ebe252a515c98193744c2031498501de80e036899758,86.0,36.0
dc8bf44eb4cc0becf1c5ebe252a515c98193744c2031498501de80e036899758,window_914,124.0,134.0,masked_prediction_embedding_neighbor,0.9999928796082788,provisional_unverified,dc8bf44eb4cc0becf1c5ebe252a515c98193744c2031498501de80e036899758,80.0,44.0
dc8bf44eb4cc0becf1c5ebe252a515c98193744c2031498501de80e036899758,window_915,126.0,136.0,masked_prediction_embedding_neighbor,0.9999753110327829,provisional_unverified,dc8bf44eb4cc0becf1c5ebe252a515c98193744c2031498501de80e036899758,80.0,46.0
dc8bf44eb4cc0becf1c5ebe252a515c98193744c2031498501de80e036899758,window_916,128.0,138.0,masked_prediction_embedding_neighbor,0.9999626349682927,provisional_unverified,dc8bf44eb4cc0becf1c5ebe252a515c98193744c2031498501de80e036899758,144.0,16.0
dc8bf44eb4cc0becf1c5ebe252a515c98193744c2031498501de80e036899758,window_917,130.0,140.0,masked_prediction_embedding_neighbor,0.9999733258543281,provisional_unverified,dc8bf44eb4cc0becf1c5ebe252a515c98193744c2031498501de80e036899758,146.0,16.0
dc8bf44eb4cc0becf1c5ebe252a515c98193744c2031498501de80e036899758,window_918,132.0,142.0,masked_prediction_embedding_neighbor,0.999967130662904,provisional_unverified,bace0e92b25324e8afbd0e5f6698b01a921780a2385e02419965fa97e3e796c4,32.0,100.0
dc8bf44eb4cc0becf1c5ebe252a515c98193744c2031498501de80e036899758,window_919,134.0,144.0,masked_prediction_embedding_neighbor,0.9999457837338875,provisional_unverified,bace0e92b25324e8afbd0e5f6698b01a921780a2385e02419965fa97e3e796c4,32.0,102.0
dc8bf44eb4cc0becf1c5ebe252a515c98193744c2031498501de80e036899758,window_920,136.0,146.0,masked_prediction_embedding_neighbor,0.9999610578812221,provisional_unverified,bace0e92b25324e8afbd0e5f6698b01a921780a2385e02419965fa97e3e796c4,32.0,104.0
dc8bf44eb4cc0becf1c5ebe252a515c98193744c2031498501de80e036899758,window_921,138.0,148.0,masked_prediction_embedding_neighbor,0.9999302100658763,provisional_unverified,bace0e92b25324e8afbd0e5f6698b01a921780a2385e02419965fa97e3e796c4,32.0,106.0
dc8bf44eb4cc0becf1c5ebe252a515c98193744c2031498501de80e036899758,window_922,140.0,150.0,masked_prediction_embedding_neighbor,0.9998868180160955,provisional_unverified,bace0e92b25324e8afbd0e5f6698b01a921780a2385e02419965fa97e3e796c4,32.0,108.0
dc8bf44eb4cc0becf1c5ebe252a515c98193744c2031498501de80e036899758,window_923,142.0,152.0,masked_prediction_embedding_neighbor,0.9999605778350669,provisional_unverified,bace0e92b25324e8afbd0e5f6698b01a921780a2385e02419965fa97e3e796c4,32.0,110.0
dc8bf44eb4cc0becf1c5ebe252a515c98193744c2031498501de80e036899758,window_924,144.0,154.0,masked_prediction_embedding_neighbor,0.9999626349682927,provisional_unverified,dc8bf44eb4cc0becf1c5ebe252a515c98193744c2031498501de80e036899758,128.0,16.0
dc8bf44eb4cc0becf1c5ebe252a515c98193744c2031498501de80e036899758,window_925,146.0,156.0,masked_prediction_embedding_neighbor,0.9999733258543281,provisional_unverified,dc8bf44eb4cc0becf1c5ebe252a515c98193744c2031498501de80e036899758,130.0,16.0
dc8bf44eb4cc0becf1c5ebe252a515c98193744c2031498501de80e036899758,window_926,148.0,158.0,masked_prediction_embedding_neighbor,0.9999337780313943,provisional_unverified,dc8bf44eb4cc0becf1c5ebe252a515c98193744c2031498501de80e036899758,130.0,18.0
dc8bf44eb4cc0becf1c5ebe252a515c98193744c2031498501de80e036899758,window_927,150.0,160.0,masked_prediction_embedding_neighbor,0.9999333179704873,provisional_unverified,bace0e92b25324e8afbd0e5f6698b01a921780a2385e02419965fa97e3e796c4,26.0,124.0
dc8bf44eb4cc0becf1c5ebe252a515c98193744c2031498501de80e036899758,window_928,152.0,162.0,masked_prediction_embedding_neighbor,0.9998939695754949,provisional_unverified,bace0e92b25324e8afbd0e5f6698b01a921780a2385e02419965fa97e3e796c4,26.0,126.0
dc8bf44eb4cc0becf1c5ebe252a515c98193744c2031498501de80e036899758,window_929,154.0,164.0,masked_prediction_embedding_neighbor,0.9999257481631981,provisional_unverified,dc8bf44eb4cc0becf1c5ebe252a515c98193744c2031498501de80e036899758,128.0,26.0
dc8bf44eb4cc0becf1c5ebe252a515c98193744c2031498501de80e036899758,window_930,156.0,166.0,masked_prediction_embedding_neighbor,0.9999389737969896,provisional_unverified,bace0e92b25324e8afbd0e5f6698b01a921780a2385e02419965fa97e3e796c4,26.0,130.0
dc8bf44eb4cc0becf1c5ebe252a515c98193744c2031498501de80e036899758,window_931,158.0,168.0,masked_prediction_embedding_neighbor,0.9998909842358756,provisional_unverified,4975a35d789765b9299480af66d6a5af5166fef074cef80facbac97409b84d07,198.0,40.0
dc8bf44eb4cc0becf1c5ebe252a515c98193744c2031498501de80e036899758,window_932,160.0,170.0,masked_prediction_embedding_neighbor,0.9999939056260893,provisional_unverified,5c8af6b8a89a449144e0ddf74414040b433d630e1fd3d3ddc138ec3c4284d97b,20.0,140.0
dc8bf44eb4cc0becf1c5ebe252a515c98193744c2031498501de80e036899758,window_933,162.0,172.0,masked_prediction_embedding_neighbor,0.9999892686174777,provisional_unverified,4975a35d789765b9299480af66d6a5af5166fef074cef80facbac97409b84d07,164.0,2.0
dc8bf44eb4cc0becf1c5ebe252a515c98193744c2031498501de80e036899758,window_934,164.0,174.0,masked_prediction_embedding_neighbor,0.999989686136596,provisional_unverified,4975a35d789765b9299480af66d6a5af5166fef074cef80facbac97409b84d07,164.0,0.0
dc8bf44eb4cc0becf1c5ebe252a515c98193744c2031498501de80e036899758,window_935,166.0,176.0,masked_prediction_embedding_neighbor,0.9999861640695862,provisional_unverified,4975a35d789765b9299480af66d6a5af5166fef074cef80facbac97409b84d07,164.0,2.0
